{"type":"Feature","properties":{"speciesId":10,"category":"LC","source":"IUCN Red List","simplifyTol":0.01,"clippedToSubcontinent":true},"geometry":{"type":"MultiPolygon","coordinates":[[[[94.6636,16.2541],[94.6983,16.2493],[94.7093,16.2641],[94.7014,16.2464],[94.6636,16.2472],[94.6748,16.2152],[94.7192,16.2091],[94.7262,16.2305],[94.7496,16.2377],[94.7336,16.2564],[94.76,16.2809],[94.7395,16.2574],[94.7563,16.2316],[94.7305,16.2248],[94.7209,16.2029],[94.6806,16.2026],[94.6846,16.1148],[94.5608,15.9567],[94.5501,15.966],[94.5696,15.9289],[94.6841,16.0],[94.7196,16.0669],[94.7516,16.0937],[94.7554,16.1316],[94.7764,16.1448],[94.8035,16.2062],[94.8529,16.2398],[94.8374,16.2115],[94.8071,16.1998],[94.7876,16.1316],[94.763,16.1241],[94.7845,16.0965],[94.7362,16.0636],[94.7184,16.0],[94.6697,15.9557],[94.6005,15.9202],[94.634,15.8613],[94.6856,15.8371],[94.7194,15.8504],[94.7996,15.9677],[94.7987,15.989],[94.8395,16.0663],[94.8497,16.0723],[94.8388,16.1108],[94.8726,16.1872],[94.9522,16.211],[95.0165,16.2669],[95.0505,16.3334],[95.0509,16.3127],[95.0649,16.3114],[95.0421,16.3097],[95.0257,16.2628],[94.9573,16.1962],[94.8888,16.1817],[94.8656,16.1351],[94.8785,16.0115],[94.8918,16.0061],[94.9154,16.0299],[94.9029,16.083],[94.9304,16.0942],[94.9529,16.1388],[95.0162,16.1437],[95.0137,16.1616],[95.0479,16.1971],[95.0432,16.2457],[95.0652,16.2477],[95.0713,16.2743],[95.1006,16.3006],[95.0693,16.2458],[95.0465,16.2391],[95.0557,16.1994],[95.0225,16.1603],[95.0226,16.1351],[94.9556,16.131],[94.9333,16.0861],[94.9054,16.0748],[94.9218,16.0306],[94.9145,16.0],[94.8619,16.0],[94.8241,15.9493],[94.8501,15.8762],[94.8373,15.8467],[94.845,15.8298],[94.873,15.8249],[94.8637,15.8968],[94.9443,15.9536],[94.9508,15.9456],[94.8713,15.8954],[94.8893,15.8274],[94.832,15.7955],[94.8428,15.7733],[94.9391,15.7409],[94.9821,15.76],[94.9805,15.8406],[94.9843,15.8484],[94.9868,15.7848],[95.0011,15.7788],[95.0369,15.8038],[95.0701,15.9441],[95.0561,16.0354],[95.0867,16.0923],[95.1198,16.1153],[95.1323,16.1672],[95.1236,16.2066],[95.1408,16.2315],[95.1293,16.2051],[95.1442,16.168],[95.1328,16.1239],[95.165,16.1263],[95.1526,16.1389],[95.1799,16.1374],[95.1869,16.1608],[95.2079,16.1777],[95.1911,16.1138],[95.2671,16.1495],[95.1927,16.0799],[95.1896,16.0246],[95.1415,16.0256],[95.1257,15.9908],[95.1123,15.8061],[95.1768,15.7679],[95.2245,15.7932],[95.2101,15.8565],[95.2352,15.9326],[95.2792,16.0394],[95.3096,16.0806],[95.3266,16.0873],[95.3053,16.143],[95.3144,16.1801],[95.3907,16.2396],[95.3706,16.1492],[95.3368,16.0993],[95.3628,16.0583],[95.3962,16.0616],[95.364,16.0503],[95.3477,15.9473],[95.2984,15.8701],[95.3225,15.8868],[95.3356,15.8829],[95.3315,15.8981],[95.3388,15.9054],[95.3497,15.9044],[95.3534,15.8849],[95.3647,15.8895],[95.3871,15.8768],[95.4126,15.9056],[95.3989,15.8768],[95.3809,15.8721],[95.3479,15.8805],[95.3404,15.9023],[95.3399,15.88],[95.3195,15.8808],[95.2973,15.8621],[95.3045,15.8527],[95.2791,15.8463],[95.2704,15.8008],[95.2868,15.7187],[95.358,15.7039],[95.4264,15.7213],[95.5158,15.7881],[95.6483,15.9258],[95.693,15.9992],[95.6966,16.046],[95.7382,16.113],[95.7163,16.2339],[95.7229,16.2566],[95.7096,16.2731],[95.7269,16.264],[95.7404,16.1452],[95.7544,16.1266],[95.7786,16.1291],[95.8912,16.2446],[95.9059,16.3295],[95.9275,16.385],[95.9121,16.4109],[95.9964,16.4107],[96.0173,16.3845],[96.0771,16.3572],[96.1628,16.4177],[96.1417,16.4537],[96.1754,16.4635],[96.1804,16.4874],[96.1926,16.4892],[96.1736,16.5163],[96.1735,16.5831],[96.2094,16.6032],[96.2366,16.6077],[96.2461,16.636],[96.2158,16.6707],[96.1921,16.7409],[96.119,16.7566],[96.1319,16.7589],[96.119,16.7729],[96.1155,16.8122],[96.1288,16.7711],[96.1973,16.7597],[96.1802,16.7768],[96.1917,16.8059],[96.2203,16.8109],[96.2089,16.8458],[96.2246,16.8111],[96.1915,16.7999],[96.1848,16.7765],[96.2035,16.7632],[96.3037,16.8261],[96.288,16.842],[96.2776,16.8693],[96.298,16.8408],[96.3007,16.8638],[96.3477,16.9059],[96.32,16.869],[96.3244,16.8384],[96.3948,16.864],[96.4839,16.8731],[96.5119,16.8882],[96.4861,16.8699],[96.3156,16.8334],[96.2228,16.7542],[96.2348,16.6789],[96.2637,16.6474],[96.2777,16.5775],[96.2874,16.6001],[96.3313,16.6287],[96.3712,16.6279],[96.4031,16.6143],[96.4699,16.6127],[96.4269,16.6076],[96.3336,16.6234],[96.2867,16.5918],[96.2847,16.5537],[96.3837,16.4966],[96.4938,16.5046],[96.5964,16.5366],[96.7713,16.6916],[96.8013,16.7397],[96.7746,16.7731],[96.7808,16.7817],[96.8078,16.7555],[96.8531,16.8372],[96.8333,16.8788],[96.7968,16.9065],[96.8251,16.8937],[96.8359,16.9046],[96.8552,16.8876],[96.8316,16.9194],[96.8346,16.9511],[96.8509,16.9591],[96.8383,16.9272],[96.8737,16.911],[96.9121,17.0177],[96.9001,17.0889],[96.8771,17.1122],[96.8487,17.2008],[96.8335,17.2052],[96.9024,17.2717],[96.9129,17.3049],[96.8907,17.3119],[96.9111,17.3214],[96.863,17.3527],[96.856,17.3431],[96.8597,17.3614],[96.8443,17.3762],[96.8401,17.3648],[96.8366,17.3809],[96.7251,17.3382],[96.6854,17.3453],[96.6769,17.2675],[96.7086,17.2545],[96.6962,17.2479],[96.6683,17.2691],[96.6498,17.3383],[96.6924,17.3664],[96.7225,17.3474],[96.7735,17.3764],[96.7344,17.4353],[96.7671,17.4792],[96.7859,17.4899],[96.7944,17.4883],[96.8209,17.4331],[96.849,17.4134],[96.8434,17.3893],[96.8649,17.3961],[96.8832,17.4541],[96.9116,17.357],[97.0091,17.3],[97.0003,17.2668],[97.0592,17.2533],[97.0833,17.1817],[97.1067,17.1878],[97.0887,17.1652],[97.1143,17.0778],[97.1343,17.0806],[97.1365,17.1162],[97.1791,17.1294],[97.2063,17.1338],[97.2278,17.1029],[97.2646,17.1036],[97.2134,17.0874],[97.1909,17.1169],[97.1533,17.0952],[97.1547,17.0679],[97.2072,17.008],[97.1693,16.9107],[97.1749,16.8905],[97.1906,16.8911],[97.2191,16.9379],[97.2181,16.9017],[97.1998,16.8823],[97.2092,16.8129],[97.2228,16.8672],[97.265,16.8481],[97.2659,16.8701],[97.2781,16.8505],[97.2664,16.8441],[97.227,16.8573],[97.2226,16.8417],[97.2349,16.8088],[97.2498,16.8225],[97.2398,16.7684],[97.2772,16.6862],[97.3185,16.6679],[97.3207,16.7102],[97.3402,16.7096],[97.3419,16.7341],[97.3439,16.6953],[97.3301,16.6963],[97.328,16.6669],[97.3476,16.6786],[97.3578,16.6694],[97.3406,16.6666],[97.3457,16.6544],[97.3831,16.6559],[97.3928,16.6437],[97.4241,16.6584],[97.3939,16.64],[97.3284,16.6589],[97.3629,16.479],[97.3928,16.5251],[97.481,16.5218],[97.4886,16.5387],[97.5325,16.5376],[97.6215,16.5187],[97.6264,16.5585],[97.6076,16.581],[97.6214,16.6432],[97.6441,16.6134],[97.6685,16.5549],[97.7089,16.5706],[97.7465,16.5616],[97.6684,16.5455],[97.6755,16.5007],[97.6641,16.48],[97.7023,16.474],[97.7068,16.4536],[97.7259,16.4541],[97.7289,16.4247],[97.7578,16.4177],[97.7372,16.386],[97.7614,16.386],[97.7905,16.3703],[97.8031,16.3534],[97.7924,16.3327],[97.8441,16.3234],[97.8521,16.3024],[97.8887,16.2862],[97.8601,16.2918],[97.8346,16.3236],[97.7874,16.3327],[97.7974,16.354],[97.7784,16.3746],[97.7334,16.3833],[97.7539,16.4141],[97.7199,16.4268],[97.7232,16.4502],[97.7044,16.4501],[97.7025,16.4706],[97.6624,16.4765],[97.6621,16.5123],[97.6486,16.4984],[97.6253,16.5],[97.6284,16.4532],[97.6141,16.4256],[97.6294,16.3873],[97.6155,16.3556],[97.6438,16.27],[97.5978,16.097],[97.6072,16.1036],[97.6202,16.0587],[97.6673,16.0521],[97.6969,16.0274],[97.6772,16.0283],[97.6654,16.0486],[97.6277,16.0504],[97.6143,16.0611],[97.5967,16.0851],[97.5582,16.0726],[97.5713,16.0108],[97.6035,15.9803],[97.6103,15.949],[97.6754,15.9144],[97.7179,15.8434],[97.7217,15.7717],[97.6994,15.7541],[97.762,15.5281],[97.7408,15.4871],[97.7828,15.397],[97.7465,15.3837],[97.7469,15.3561],[97.7274,15.3548],[97.7215,15.3328],[97.7417,15.295],[97.7387,15.2445],[97.7653,15.1971],[97.7951,15.1903],[97.787,15.1795],[97.8063,15.1503],[97.7958,15.0271],[97.7707,15.0183],[97.791,14.9984],[97.8244,15.0243],[97.7969,14.9972],[97.8083,14.9501],[97.7917,14.8683],[97.8392,14.7188],[97.8678,14.7078],[97.8855,14.7229],[97.8944,14.7054],[97.8728,14.671],[97.9047,14.6107],[97.9134,14.6195],[97.9058,14.5783],[97.9408,14.5262],[97.9654,14.4261],[97.9669,14.4417],[97.9851,14.4713],[98.0,14.4825],[97.9679,14.3954],[98.0,14.2877],[98.0,13.5779],[97.8193,13.7936],[97.7156,13.993],[97.6689,14.1491],[97.66,14.299],[97.7307,14.4822],[97.7486,14.5909],[97.7145,14.6978],[97.6182,14.857],[97.5796,15.0207],[97.5693,15.2593],[97.5914,15.6408],[97.5645,15.8403],[97.4635,16.0837],[97.2996,16.2962],[97.2258,16.4308],[97.1921,16.5402],[97.136,16.8689],[97.097,16.9543],[97.0343,17.0272],[96.975,16.9568],[96.9453,16.7169],[96.8673,16.5704],[96.7492,16.5068],[96.505,16.4275],[96.2107,16.2138],[95.8819,16.0642],[95.7464,15.9342],[95.5984,15.705],[95.4479,15.5949],[95.2727,15.5526],[95.1099,15.5527],[94.9158,15.6154],[94.6288,15.7635],[94.4939,15.7739],[94.3397,15.7138],[94.2734,15.7348],[94.1999,15.8058],[94.1241,15.9318],[94.0761,16.0562],[94.0515,16.1921],[94.0537,16.3272],[94.1048,16.494],[94.2271,16.6203],[94.2836,16.7315],[94.3131,17.0316],[94.4221,17.3193],[94.4463,17.5592],[94.4232,17.7666],[94.364,17.9607],[94.3146,18.0652],[94.2271,18.1258],[94.1904,18.1837],[94.1967,18.3599],[94.1587,18.5154],[94.1116,18.605],[94.0389,18.6335],[93.9833,18.6191],[93.8347,18.5306],[93.7,18.5335],[93.475,18.6835],[93.3793,18.7789],[93.3444,18.8446],[93.3586,18.8814],[93.4979,18.9496],[93.5419,19.0135],[93.5052,19.0899],[93.4004,19.1975],[93.3489,19.2812],[93.3491,19.364],[93.3933,19.4965],[93.3663,19.6018],[93.317,19.6678],[93.2481,19.7091],[93.0664,19.6741],[92.9756,19.6941],[92.9321,19.7653],[92.8797,19.925],[92.6767,20.1037],[92.5427,20.3939],[92.4569,20.4587],[92.3041,20.4809],[92.2234,20.5347],[92.1935,20.6921],[92.1441,20.8345],[92.071,20.9519],[91.9332,21.0752],[91.8813,21.3054],[91.7592,21.5403],[91.7269,21.6942],[91.733,21.9709],[91.687,22.1073],[91.6092,22.2067],[91.5169,22.2338],[91.3944,22.2246],[91.3093,22.1762],[91.2587,22.0668],[91.1972,22.0128],[90.9309,21.9999],[90.8767,21.9434],[90.8649,21.8301],[90.8093,21.7535],[90.6934,21.6915],[90.5204,21.6507],[90.2908,21.6367],[90.075,21.7081],[89.959,21.7239],[89.8673,21.6855],[89.6936,21.5542],[89.432,21.472],[89.1838,21.4357],[88.5059,21.3932],[88.3033,21.3983],[88.1494,21.4285],[88.0806,21.4622],[87.9287,21.5781],[87.8062,21.6171],[87.7111,21.5787],[87.5333,21.4549],[87.2928,21.4284],[87.1747,21.3878],[87.0892,21.3347],[87.0121,21.2625],[86.955,21.1865],[86.9342,21.1156],[86.9947,20.9874],[87.1614,20.7935],[87.1907,20.7222],[87.18,20.6546],[87.1438,20.6086],[86.9937,20.4946],[86.9432,20.3291],[86.8928,20.2496],[86.6556,20.0989],[86.5739,19.9227],[86.5094,19.8406],[86.3393,19.7636],[86.0041,19.7203],[85.7476,19.6329],[85.4152,19.4726],[85.1284,19.2711],[84.8341,18.9782],[84.495,18.4995],[84.281,18.2541],[84.1242,18.1549],[83.8906,18.0812],[83.759,18.0183],[83.6554,17.9133],[83.5357,17.6843],[83.4156,17.5514],[83.2256,17.4449],[82.866,17.3031],[82.6985,17.1965],[82.5867,17.1011],[82.5104,17.0081],[82.4816,16.9172],[82.5005,16.6674],[82.4907,16.5505],[82.4429,16.4676],[82.3633,16.3987],[82.1257,16.2931],[81.8833,16.228],[81.742,16.2151],[81.486,16.2416],[81.3462,16.2232],[81.2869,16.1364],[81.2807,15.9497],[81.1421,15.8312],[81.1142,15.6706],[81.0648,15.6114],[80.9588,15.566],[80.7938,15.568],[80.6976,15.6169],[80.6377,15.7186],[80.5591,15.7319],[80.4514,15.6672],[80.3747,15.5946],[80.3039,15.4986],[80.2491,15.3782],[80.1734,15.1109],[80.1625,14.9998],[80.1942,14.8718],[80.3032,14.6403],[80.3185,14.5488],[80.3048,14.4403],[80.2376,14.2527],[80.2227,14.132],[80.258,14.0295],[80.3776,13.8537],[80.3816,13.7691],[80.3482,13.6069],[80.4459,13.3992],[80.454,13.1842],[80.4186,12.929],[80.3334,12.656],[80.2387,12.4466],[80.0963,12.2691],[80.0027,12.0997],[79.9204,11.897],[79.8626,11.6758],[79.8725,11.4925],[79.9585,11.1901],[79.9569,10.7483],[80.0232,10.4471],[80.0352,10.2932],[79.9827,10.2126],[79.858,10.1766],[79.6511,10.1731],[79.4655,10.2114],[79.3519,10.1711],[79.3046,10.1023],[79.3821,10.0301],[79.3769,9.9466],[79.3411,9.9038],[79.2073,9.8171],[79.1551,9.7624],[79.0738,9.639],[79.0342,9.5118],[79.0805,9.4411],[79.1578,9.3976],[79.3038,9.426],[79.3714,9.4129],[79.4437,9.2573],[79.5499,9.1829],[79.6795,9.1528],[79.9127,9.1456],[79.9511,9.1857],[79.9632,9.2343],[79.9619,9.3526],[79.9338,9.4585],[79.9076,9.4804],[79.8687,9.4708],[79.7391,9.3721],[79.6549,9.3492],[79.6096,9.4028],[79.5806,9.4818],[79.5714,9.5459],[79.5842,9.6143],[79.6875,9.7611],[79.8256,9.8664],[79.9966,9.9324],[80.1835,9.9522],[80.2716,9.9348],[80.3443,9.8901],[80.5097,9.648],[80.7679,9.465],[80.8788,9.3557],[80.9934,9.1983],[81.1945,8.7889],[81.4421,8.4911],[81.5524,8.1019],[81.8015,7.7518],[81.9385,7.4465],[81.9726,7.2132],[81.9458,6.9231],[81.8757,6.6191],[81.782,6.4301],[81.6469,6.2823],[81.4631,6.1482],[81.2912,6.0811],[80.9692,6.0042],[80.7314,5.8661],[80.6078,5.8246],[80.4867,5.8213],[80.3208,5.866],[80.1567,5.9532],[80.0494,6.0519],[79.9496,6.2235],[79.8457,6.4952],[79.7855,6.7036],[79.7458,6.9415],[79.7465,7.232],[79.7119,7.5431],[79.6727,7.7569],[79.5833,8.0665],[79.5901,8.2167],[79.6704,8.4209],[79.6862,8.5525],[79.7281,8.5987],[79.8225,8.6263],[79.8453,8.6837],[79.8456,8.736],[79.8138,8.8518],[79.7672,8.9387],[79.6905,9.0215],[79.6079,9.0719],[79.551,9.0883],[79.4337,9.0912],[79.27,9.1335],[79.1122,9.1407],[78.9949,9.1261],[78.8194,9.0745],[78.5735,9.0646],[78.417,9.0124],[78.316,8.9527],[78.2678,8.8857],[78.2691,8.7546],[78.2237,8.5934],[78.226,8.451],[78.172,8.3342],[78.1074,8.2724],[77.9875,8.2009],[77.9252,8.1253],[77.8889,8.1038],[77.7911,8.1018],[77.6817,8.1566],[77.7525,8.1763],[77.804,8.2336],[78.0697,8.3666],[78.0647,8.4057],[78.133,8.4883],[78.1322,8.6694],[78.1629,8.7296],[78.196,8.7407],[78.2055,8.7605],[78.2012,8.7785],[78.1952,8.7499],[78.1786,8.7594],[78.159,8.7451],[78.1539,8.7474],[78.1703,8.8671],[78.1937,8.9249],[78.2681,8.9925],[78.2658,9.0126],[78.2767,8.9995],[78.4198,9.1097],[78.4912,9.136],[78.492,9.1252],[78.5829,9.1271],[78.6619,9.1519],[78.6449,9.1654],[78.6512,9.1917],[78.7216,9.183],[78.7299,9.2009],[78.8105,9.2313],[78.8733,9.2526],[78.9115,9.2451],[78.9626,9.2688],[79.0889,9.2567],[79.2086,9.2757],[79.2237,9.2513],[79.3151,9.2377],[79.4423,9.1539],[79.3223,9.2665],[79.3367,9.3084],[79.3255,9.3206],[79.2922,9.3161],[79.2686,9.29],[79.1615,9.283],[79.0751,9.2923],[78.9908,9.3522],[78.9046,9.4673],[78.9314,9.5843],[79.0095,9.7178],[79.1204,9.8444],[79.1178,9.8639],[79.155,9.9211],[79.2669,10.0338],[79.2319,10.0843],[79.2299,10.1396],[79.2469,10.1844],[79.2771,10.2105],[79.271,10.2303],[79.3055,10.2651],[79.3983,10.3201],[79.5304,10.3131],[79.7578,10.2712],[79.8726,10.2847],[79.8497,10.8824],[79.8598,11.1777],[79.8497,11.2283],[79.8252,11.2306],[79.8483,11.2505],[79.8186,11.4263],[79.7719,11.4914],[79.7601,11.5391],[79.7589,11.6076],[79.7932,11.7502],[79.794,11.7695],[79.7762,11.7694],[79.7983,11.7882],[79.8333,11.902],[79.8187,11.9071],[79.8342,11.9097],[79.8819,12.0511],[80.0576,12.351],[80.0463,12.3104],[80.1454,12.4454],[80.1353,12.4587],[80.1569,12.4775],[80.1868,12.5753],[80.1758,12.5813],[80.2476,12.7533],[80.2429,12.8158],[80.2741,13.0056],[80.261,13.0127],[80.3049,13.0927],[80.2956,13.1211],[80.3465,13.304],[80.3233,13.4439],[80.2329,13.6455],[80.2339,13.7186],[80.2558,13.78],[80.1383,14.0834],[80.1263,14.2069],[80.1695,14.3491],[80.1961,14.5712],[80.0872,14.8059],[80.0453,15.0673],[80.0736,15.1742],[80.0646,15.1906],[80.091,15.2043],[80.0826,15.2577],[80.0957,15.329],[80.1996,15.4623],[80.2494,15.6334],[80.2936,15.7047],[80.3757,15.774],[80.5329,15.8542],[80.6936,15.8811],[80.7695,15.8685],[80.8111,15.837],[80.8093,15.7779],[80.7824,15.8485],[80.815,15.6995],[80.8948,15.7157],[80.9388,15.7079],[81.0318,15.7592],[81.0029,15.7705],[80.9927,15.8316],[81.0499,15.9049],[81.1551,15.9707],[81.1483,16.0],[81.2069,16.1316],[81.2125,16.176],[81.1974,16.1438],[81.1882,16.1455],[81.2018,16.179],[81.2538,16.2596],[81.3307,16.3152],[81.4535,16.3547],[81.5325,16.359],[81.7322,16.3135],[81.842,16.3691],[81.9554,16.3972],[82.3175,16.5846],[82.3019,16.6042],[82.3214,16.6135],[82.3226,16.6489],[82.3559,16.7128],[82.3466,16.7157],[82.3792,16.831],[82.3799,16.9037],[82.3717,16.953],[82.3489,16.9698],[82.3749,16.9175],[82.3744,16.8302],[82.3656,16.8116],[82.3691,16.8561],[82.3419,16.8605],[82.3205,16.8373],[82.3193,16.8678],[82.3044,16.8567],[82.2921,16.8749],[82.276,16.8548],[82.2721,16.8873],[82.2571,16.864],[82.2666,16.8866],[82.2529,16.9186],[82.2777,16.9443],[82.2794,17.0015],[82.3045,17.0442],[82.4936,17.2121],[82.6197,17.2943],[82.8655,17.4155],[82.8832,17.4381],[82.8843,17.4241],[82.9939,17.4732],[83.0229,17.5088],[83.2152,17.5903],[83.2456,17.637],[83.3009,17.6774],[83.2944,17.6912],[83.3507,17.7279],[83.3542,17.7525],[83.4172,17.8083],[83.4135,17.8402],[83.4673,17.8865],[83.449,17.9081],[83.4438,17.934],[83.4679,17.9212],[83.4722,17.8985],[83.5411,17.9497],[83.5755,18.0095],[83.6734,18.085],[83.8113,18.1604],[83.9453,18.21],[83.9344,18.2254],[83.9623,18.2157],[84.1411,18.3142],[84.1375,18.3434],[84.1666,18.3787],[84.3651,18.5534],[84.3818,18.5947],[84.4484,18.6543],[84.4572,18.6851],[84.5635,18.7904],[84.6006,18.8682],[84.6929,18.9579],[84.8041,19.1159],[84.8096,19.1478],[84.9609,19.2916],[85.0869,19.3687],[85.1224,19.4197],[85.3281,19.5669],[85.6052,19.7074],[85.8202,19.7902],[86.2504,19.9028],[86.4181,19.9776],[86.4288,19.9947],[86.4012,20.0047],[86.4185,20.038],[86.4299,20.0505],[86.4254,20.0257],[86.5418,20.1847],[86.7649,20.3146],[86.6943,20.2819],[86.683,20.2911],[86.6865,20.3181],[86.7191,20.2992],[86.8074,20.3638],[86.8079,20.3953],[86.8031,20.3666],[86.7636,20.3353],[86.7859,20.3717],[86.7709,20.3651],[86.7785,20.3974],[86.7285,20.3612],[86.7414,20.3757],[86.7226,20.3935],[86.7409,20.4177],[86.7358,20.4491],[86.7655,20.5046],[87.052,20.7035],[87.0246,20.6897],[86.996,20.6992],[87.0139,20.7253],[87.0013,20.7584],[86.9758,20.768],[86.9701,20.8491],[86.9296,20.9008],[86.8168,21.1382],[86.8946,21.3136],[87.0644,21.4708],[87.1955,21.5494],[87.366,21.5609],[87.3726,21.5781],[87.6369,21.6472],[87.6499,21.6646],[87.6786,21.6537],[87.7498,21.6855],[87.7551,21.7008],[87.8286,21.7222],[87.8924,21.7812],[87.8866,21.803],[87.9519,21.8235],[87.9805,21.8551],[88.067,22.0155],[88.1618,22.0645],[88.1961,22.1048],[88.1902,22.133],[88.1438,22.1871],[88.0321,22.2018],[88.0342,22.2183],[88.0826,22.2206],[88.1788,22.195],[88.2142,22.1574],[88.2351,22.0789],[88.1863,21.9934],[88.1487,21.9596],[88.1748,21.9239],[88.166,21.888],[88.2035,21.8456],[88.2115,21.8029],[88.2396,21.7811],[88.2381,21.7647],[88.2186,21.7919],[88.2308,21.6996],[88.2115,21.6855],[88.2411,21.6786],[88.2493,21.6474],[88.2265,21.6188],[88.2626,21.5575],[88.3064,21.5615],[88.3254,21.5806],[88.3004,21.5918],[88.3067,21.6718],[88.2833,21.7309],[88.2892,21.7581],[88.2587,21.7956],[88.3175,21.8502],[88.2686,21.865],[88.311,21.8646],[88.3238,21.8496],[88.2765,21.8073],[88.2816,21.7969],[88.3146,21.7988],[88.298,21.7928],[88.3091,21.7865],[88.3445,21.8041],[88.3642,21.8014],[88.3643,21.8527],[88.3717,21.8007],[88.3953,21.7943],[88.3976,21.8749],[88.4077,21.8854],[88.3979,21.8949],[88.396,21.9071],[88.4114,21.9216],[88.3873,21.9675],[88.4124,21.9947],[88.3903,21.9667],[88.4164,21.9231],[88.3996,21.8993],[88.4213,21.8892],[88.4001,21.8346],[88.4082,21.7984],[88.3915,21.7795],[88.4075,21.7646],[88.3991,21.7368],[88.3795,21.7303],[88.4121,21.717],[88.3891,21.6672],[88.4045,21.6198],[88.3929,21.6083],[88.4177,21.5818],[88.4216,21.6097],[88.4412,21.6244],[88.4183,21.6661],[88.4196,21.6881],[88.4363,21.7042],[88.4292,21.7659],[88.4479,21.8015],[88.469,21.7932],[88.4548,21.8117],[88.4583,21.8201],[88.5001,21.8489],[88.4841,21.8913],[88.4633,21.8965],[88.4534,21.9068],[88.4597,21.9382],[88.4687,21.9487],[88.4664,21.9],[88.485,21.8966],[88.4898,21.9084],[88.5103,21.9217],[88.5049,21.973],[88.52,21.9864],[88.5449,21.9865],[88.5653,22.0228],[88.5525,21.9851],[88.5095,21.9704],[88.5314,21.9303],[88.5031,21.8849],[88.5618,21.814],[88.5833,21.8856],[88.6096,21.9095],[88.611,21.9322],[88.5792,21.9633],[88.5852,21.9852],[88.6202,21.9377],[88.6084,21.972],[88.6438,22.0459],[88.6214,22.105],[88.631,22.1198],[88.6445,22.118],[88.6685,22.0226],[88.735,22.007],[88.7415,22.0282],[88.7157,22.0484],[88.7486,22.0659],[88.7747,22.0519],[88.7594,22.0502],[88.7667,22.0237],[88.7903,22.0183],[88.7291,21.976],[88.7311,21.9353],[88.6998,21.8403],[88.7229,21.8073],[88.6993,21.7411],[88.7242,21.6805],[88.7594,21.6566],[88.8229,21.6604],[88.8139,21.631],[88.8529,21.6161],[88.8692,21.6433],[88.8496,21.7251],[88.8799,21.7675],[88.8754,21.701],[88.8989,21.6496],[88.928,21.6302],[88.9519,21.6408],[88.9947,21.6095],[88.9943,21.6465],[89.0167,21.6008],[89.043,21.6175],[89.0291,21.6349],[89.0292,21.6541],[89.0119,21.6501],[89.0061,21.6549],[89.028,21.6634],[89.0595,21.6115],[89.0968,21.6249],[89.1033,21.645],[89.0801,21.7081],[89.0356,21.7544],[89.0246,21.8014],[89.0372,21.8577],[88.9972,21.8895],[89.001,21.9031],[89.0397,21.9077],[89.0648,21.8682],[89.0518,21.7859],[89.1154,21.7204],[89.1374,21.7198],[89.1522,21.7414],[89.0866,21.8134],[89.0904,21.8542],[89.0634,21.9272],[89.0836,21.9386],[89.0948,21.9381],[89.0887,21.908],[89.1121,21.8547],[89.1079,21.8105],[89.1643,21.79],[89.197,21.8047],[89.2193,21.7572],[89.2312,21.7683],[89.2927,21.7564],[89.2867,21.8053],[89.3072,21.8207],[89.3181,21.8611],[89.3671,21.9046],[89.3899,21.9021],[89.3557,21.8089],[89.3654,21.7459],[89.3906,21.7084],[89.4257,21.7147],[89.4783,21.7724],[89.4796,21.8006],[89.4581,21.8139],[89.4712,21.8204],[89.4627,21.8461],[89.4337,21.8477],[89.4607,21.8522],[89.4971,21.9081],[89.5123,21.8993],[89.5251,21.9563],[89.5152,21.9904],[89.5603,21.9911],[89.5607,21.9692],[89.5901,21.9386],[89.5627,21.8637],[89.6137,21.8111],[89.619,21.7806],[89.6067,21.7601],[89.6548,21.765],[89.6592,21.7511],[89.7124,21.7662],[89.7121,21.7853],[89.6339,21.8679],[89.6554,21.9134],[89.6795,21.9049],[89.6586,21.8922],[89.6756,21.8377],[89.7023,21.8494],[89.7143,21.8341],[89.7493,21.8346],[89.7334,21.8909],[89.7542,21.8561],[89.7896,21.879],[89.7715,21.8311],[89.8408,21.856],[89.8456,21.8859],[89.8584,21.8784],[89.8854,21.9055],[89.8534,22.0483],[89.8188,22.066],[89.8528,22.0679],[89.8905,22.1211],[89.8448,22.2487],[89.8987,22.3721],[89.8774,22.4139],[89.8834,22.4302],[89.8834,22.4052],[89.9057,22.3863],[89.9782,22.4521],[89.9855,22.4867],[89.9546,22.5055],[90.0179,22.4944],[90.0307,22.5814],[90.0132,22.5988],[90.028,22.6463],[90.0038,22.6772],[90.0327,22.6527],[90.0268,22.599],[90.0571,22.6225],[90.065,22.6087],[90.033,22.5719],[90.025,22.4901],[90.0,22.4869],[89.9847,22.4388],[89.9197,22.3718],[89.8787,22.2524],[89.9175,22.136],[89.9092,22.0731],[89.9644,21.9769],[89.9896,21.991],[89.9809,22.0416],[90.0183,22.0663],[90.0153,22.1191],[90.0632,22.1618],[90.0234,22.1724],[90.025,22.1966],[90.0669,22.2145],[90.1048,22.3039],[90.095,22.3491],[90.1724,22.4297],[90.1714,22.4528],[90.1936,22.4802],[90.1989,22.509],[90.1819,22.5223],[90.1975,22.5676],[90.183,22.5937],[90.181,22.6276],[90.2487,22.6279],[90.2942,22.6556],[90.2832,22.6302],[90.2519,22.6212],[90.1858,22.6255],[90.2028,22.5725],[90.1876,22.5224],[90.206,22.5118],[90.2018,22.4859],[90.176,22.4215],[90.1016,22.3424],[90.1116,22.2858],[90.081,22.2209],[90.0257,22.189],[90.0801,22.1586],[90.1399,22.1551],[90.0717,22.1533],[90.0436,22.1336],[90.0307,22.0628],[89.993,22.0361],[90.0,21.9882],[90.0275,21.9782],[90.0298,21.9971],[90.0515,21.9702],[90.0879,22.0556],[90.1608,22.1241],[90.2032,22.1238],[90.2298,22.1915],[90.2097,22.2143],[90.1991,22.3026],[90.2223,22.3421],[90.2548,22.3443],[90.2586,22.3754],[90.3148,22.4741],[90.3405,22.4664],[90.3619,22.4905],[90.3413,22.4589],[90.3137,22.4635],[90.2809,22.4069],[90.2657,22.3711],[90.2696,22.3586],[90.2973,22.3714],[90.2896,22.3505],[90.2801,22.3407],[90.2269,22.3379],[90.2077,22.3093],[90.2206,22.219],[90.2401,22.1932],[90.229,22.1724],[90.2588,22.1722],[90.2723,22.2089],[90.2864,22.2071],[90.2717,22.1772],[90.2542,22.1638],[90.2283,22.1641],[90.2134,22.1143],[90.1633,22.1145],[90.0992,22.0506],[90.0725,22.0004],[90.0991,21.9412],[90.0988,21.8944],[90.1114,21.9219],[90.1418,21.9247],[90.128,21.9914],[90.1406,21.9702],[90.1685,21.9805],[90.1372,21.9485],[90.15,21.9227],[90.1162,21.9159],[90.1158,21.8993],[90.144,21.8906],[90.1588,21.9103],[90.1886,21.9228],[90.1519,21.8956],[90.1728,21.8697],[90.1589,21.8603],[90.1543,21.8854],[90.1103,21.884],[90.1003,21.8554],[90.1222,21.8485],[90.0824,21.841],[90.092,21.8147],[90.1319,21.7907],[90.1756,21.7891],[90.2116,21.8183],[90.2556,21.8273],[90.2163,21.8373],[90.2478,21.8376],[90.2631,21.8583],[90.2199,21.8528],[90.1969,21.8906],[90.2189,21.9229],[90.2401,21.9344],[90.2042,21.8874],[90.2241,21.8543],[90.2549,21.8666],[90.2606,21.8846],[90.2409,21.8994],[90.2685,21.9463],[90.2176,21.9508],[90.2343,21.9583],[90.2287,21.9716],[90.1962,21.9784],[90.2135,22.0022],[90.211,21.9826],[90.2568,21.9557],[90.278,21.9971],[90.2707,22.0141],[90.2751,22.0358],[90.2616,22.0404],[90.3331,22.1088],[90.3751,22.1053],[90.3784,22.1309],[90.3338,22.1633],[90.3498,22.1792],[90.3438,22.1957],[90.3562,22.1794],[90.3873,22.2114],[90.3872,22.1955],[90.3408,22.1621],[90.3831,22.1366],[90.3986,22.1722],[90.4179,22.1836],[90.395,22.204],[90.4059,22.2709],[90.3641,22.2952],[90.4149,22.3388],[90.3788,22.2931],[90.4191,22.2895],[90.4035,22.2838],[90.4165,22.2649],[90.3999,22.2179],[90.4261,22.1813],[90.4039,22.1682],[90.3847,22.1054],[90.3882,22.0901],[90.4192,22.0904],[90.4192,22.1262],[90.4269,22.1517],[90.4427,22.1513],[90.4221,22.1192],[90.4373,22.0668],[90.5066,22.1851],[90.5212,22.184],[90.5587,22.2382],[90.5912,22.2573],[90.6132,22.3275],[90.5798,22.5261],[90.5187,22.5991],[90.5042,22.5879],[90.5133,22.6529],[90.4961,22.6723],[90.4769,22.6561],[90.4832,22.7098],[90.4366,22.761],[90.3825,22.7586],[90.378,22.7401],[90.4193,22.7453],[90.4297,22.7305],[90.4204,22.7086],[90.4003,22.7234],[90.3831,22.7054],[90.3964,22.729],[90.4167,22.7138],[90.4195,22.7331],[90.3682,22.7366],[90.3726,22.7652],[90.3213,22.8502],[90.3205,22.8726],[90.3456,22.884],[90.3537,22.9212],[90.2991,22.9434],[90.2739,22.9687],[90.3206,22.9865],[90.3072,23.0209],[90.2726,23.0254],[90.2678,23.0431],[90.3167,23.0671],[90.3091,23.1128],[90.2645,23.1126],[90.2452,23.1232],[90.2336,23.1421],[90.2485,23.1621],[90.219,23.1829],[90.1774,23.1665],[90.1681,23.2041],[90.1987,23.2096],[90.2023,23.2256],[90.1287,23.2416],[90.1217,23.2487],[90.1245,23.2685],[90.0871,23.2728],[90.093,23.3005],[90.1189,23.3041],[90.1208,23.3473],[90.0995,23.359],[90.1279,23.351],[90.1445,23.3786],[90.1205,23.3356],[90.1253,23.3055],[90.1408,23.3229],[90.1665,23.3332],[90.1608,23.3676],[90.1862,23.3591],[90.1639,23.3639],[90.17,23.3466],[90.2067,23.3338],[90.1557,23.431],[90.1529,23.4988],[90.0954,23.567],[90.0179,23.5823],[90.0246,23.5566],[89.9485,23.6357],[89.8567,23.6605],[89.7017,23.7769],[89.6397,23.7768],[89.5929,23.7975],[89.4996,23.7788],[89.4384,23.8386],[89.4078,23.8978],[89.3047,23.8696],[89.2341,23.9194],[89.1671,23.9259],[89.1241,23.9541],[89.1272,23.9183],[89.0936,23.9665],[89.0608,23.9839],[89.0914,23.9991],[89.1733,24.0],[89.2414,23.9813],[89.2889,23.9467],[89.3161,23.9479],[89.2808,23.9875],[89.3288,23.9487],[89.3865,23.9431],[89.4256,23.9133],[89.4497,23.8706],[89.5468,23.8241],[89.6297,23.8456],[89.7179,23.8319],[89.6802,23.8626],[89.7242,23.8344],[89.7571,23.8473],[89.7708,23.8359],[89.7513,23.8659],[89.7033,23.8749],[89.6557,23.9361],[89.6707,24.0],[89.7051,23.9991],[89.6983,23.9645],[89.7153,23.9718],[89.7208,24.0],[89.7275,23.9776],[89.7046,23.9579],[89.7688,23.8876],[89.7742,23.8995],[89.7915,23.8077],[89.8638,23.7451],[89.9179,23.7216],[89.97,23.6581],[90.1103,23.6129],[90.1641,23.5242],[90.2542,23.4608],[90.4204,23.4161],[90.4858,23.4204],[90.5281,23.3907],[90.5539,23.4263],[90.5339,23.4659],[90.538,23.4837],[90.5701,23.4832],[90.5302,23.5669],[90.5054,23.5721],[90.4635,23.5452],[90.4377,23.5451],[90.4098,23.5802],[90.3951,23.5661],[90.3789,23.5678],[90.4018,23.5883],[90.3797,23.6165],[90.276,23.6548],[90.2477,23.7076],[90.2205,23.7031],[90.1739,23.7165],[90.1497,23.7043],[90.1335,23.7111],[90.1205,23.7334],[90.1068,23.7323],[90.0195,23.7627],[90.0021,23.816],[90.0245,23.7952],[90.0232,23.7635],[90.1219,23.7371],[90.1492,23.7107],[90.1626,23.7198],[90.1924,23.7203],[90.1813,23.7401],[90.2208,23.7081],[90.2383,23.7112],[90.2557,23.7074],[90.2746,23.6862],[90.2524,23.721],[90.221,23.7216],[90.2059,23.7537],[90.2415,23.8149],[90.2226,23.8004],[90.2068,23.8157],[90.1837,23.8023],[90.1247,23.8071],[90.0887,23.83],[90.0691,23.8163],[90.0466,23.8174],[90.0409,23.8278],[90.0547,23.8732],[90.0144,23.8769],[90.0192,23.8936],[89.9378,23.9554],[89.9487,23.9598],[89.9328,23.9846],[89.9523,23.9846],[89.9481,23.9709],[90.0227,23.9072],[90.0262,23.8817],[90.0468,23.8894],[90.0625,23.8769],[90.047,23.8255],[90.0572,23.8201],[90.0916,23.8514],[90.1104,23.8573],[90.1117,23.8736],[90.1319,23.8674],[90.1518,23.8291],[90.194,23.8405],[90.2396,23.827],[90.2298,23.8877],[90.2571,23.7757],[90.2548,23.7303],[90.2817,23.7366],[90.2986,23.7644],[90.3128,23.7642],[90.3176,23.735],[90.3421,23.7401],[90.3552,23.7288],[90.3658,23.7034],[90.3837,23.7022],[90.368,23.7186],[90.4427,23.6684],[90.4703,23.6298],[90.4539,23.6149],[90.469,23.6087],[90.4839,23.5866],[90.505,23.6033],[90.5147,23.5814],[90.5531,23.5715],[90.5628,23.5929],[90.6324,23.6392],[90.6429,23.6899],[90.6818,23.6867],[90.7156,23.7414],[90.7315,23.7102],[90.7403,23.7242],[90.7425,23.6938],[90.7578,23.721],[90.7414,23.6621],[90.7639,23.6432],[90.7646,23.629],[90.7392,23.6216],[90.732,23.5912],[90.7057,23.5618],[90.7084,23.5386],[90.7254,23.5534],[90.7443,23.5443],[90.7178,23.5428],[90.7039,23.4901],[90.6817,23.4821],[90.6303,23.4903],[90.5856,23.4669],[90.6007,23.4314],[90.5796,23.3948],[90.5987,23.3393],[90.6738,23.3213],[90.6616,23.3375],[90.6733,23.3642],[90.695,23.3777],[90.6796,23.3628],[90.6978,23.3457],[90.6754,23.3407],[90.6776,23.3183],[90.6389,23.3166],[90.6524,23.2423],[90.598,23.1778],[90.5663,23.1036],[90.6294,22.9981],[90.6896,22.9783],[90.7333,22.8875],[90.7954,22.8634],[90.7958,22.898],[90.7578,22.9387],[90.8016,22.9088],[90.8246,22.8647],[90.9375,22.8561],[91.0287,22.7996],[91.0831,22.8],[91.1127,22.8262],[91.1164,22.8119],[91.1869,22.7977],[91.2963,22.8102],[91.3451,22.7758],[91.3525,22.7861],[91.3158,22.8394],[91.3427,22.8832],[91.3506,22.8515],[91.3301,22.8335],[91.4086,22.7609],[91.4204,22.8087],[91.4647,22.869],[91.464,22.8832],[91.441,22.8836],[91.4452,22.9007],[91.4922,22.9007],[91.4566,22.8989],[91.4836,22.8741],[91.4356,22.8048],[91.4746,22.8241],[91.4369,22.7772],[91.4547,22.7602],[91.4778,22.7633],[91.4692,22.7787],[91.4859,22.7668],[91.4576,22.7511],[91.5811,22.6536],[91.7001,22.4841],[91.7519,22.3866],[91.7693,22.2784],[91.798,22.2196],[91.829,22.2566],[91.7952,22.2778],[91.7955,22.2927],[91.8723,22.3498],[91.8964,22.4094],[91.9541,22.421],[92.0029,22.4124],[92.0331,22.4505],[92.0873,22.4443],[92.1439,22.4703],[92.0815,22.4371],[92.0349,22.4459],[92.0019,22.4046],[91.9451,22.4162],[91.9008,22.4007],[91.8666,22.3221],[91.8147,22.3049],[91.842,22.2605],[91.8351,22.2151],[91.8118,22.1905],[91.8345,22.1221],[91.8548,22.1276],[91.8949,21.9689],[91.9274,21.9345],[91.9095,21.9079],[91.9199,21.8473],[91.8912,21.7773],[91.9308,21.7855],[91.9424,21.8042],[91.9706,21.7862],[91.9545,21.7539],[91.9716,21.7472],[91.9924,21.7678],[91.9764,21.7418],[91.9481,21.7453],[91.9667,21.6781],[91.9796,21.7042],[91.9818,21.656],[92.0192,21.6685],[92.0181,21.7165],[92.0352,21.7006],[92.0251,21.6822],[92.0405,21.6722],[92.0389,21.6476],[91.9954,21.5518],[92.0221,21.4864],[91.9993,21.5054],[91.9535,21.4502],[92.0289,21.3402],[92.0496,21.2642],[92.0533,21.1632],[92.1847,21.0139],[92.2117,20.9253],[92.2996,20.7607],[92.3261,20.7433],[92.3408,20.7524],[92.313,20.8469],[92.2611,20.9362],[92.2494,21.026],[92.255,21.0615],[92.1976,21.1198],[92.198,21.1546],[92.2243,21.1365],[92.2298,21.1046],[92.2734,21.0458],[92.3122,21.0703],[92.3128,21.0579],[92.2646,21.0357],[92.2887,21.0225],[92.2694,21.0182],[92.2798,20.9694],[92.2933,20.9801],[92.283,20.9929],[92.2891,21.0036],[92.2968,20.9872],[92.3313,20.9978],[92.3477,20.9871],[92.3619,20.9419],[92.334,20.9103],[92.3164,20.901],[92.3146,20.8826],[92.3366,20.8509],[92.3602,20.8647],[92.3353,20.8433],[92.3584,20.7833],[92.3787,20.8246],[92.3901,20.8168],[92.3611,20.7723],[92.3877,20.7048],[92.3774,20.6957],[92.4661,20.6597],[92.4597,20.649],[92.5133,20.5993],[92.5281,20.5435],[92.638,20.4332],[92.7284,20.26],[92.747,20.2559],[92.7299,20.2954],[92.7478,20.4143],[92.72,20.4706],[92.7292,20.5496],[92.6954,20.5825],[92.6395,20.6883],[92.607,20.6776],[92.591,20.6851],[92.5441,20.7431],[92.5466,20.7631],[92.5713,20.7516],[92.5449,20.8118],[92.5494,20.8493],[92.5649,20.7864],[92.581,20.8017],[92.6024,20.8064],[92.5697,20.7796],[92.591,20.732],[92.5832,20.7199],[92.6451,20.7277],[92.6456,20.6891],[92.6844,20.6278],[92.7311,20.5792],[92.7482,20.5876],[92.7281,20.6063],[92.7266,20.6168],[92.7467,20.5986],[92.7524,20.5868],[92.7486,20.5782],[92.7322,20.5696],[92.7523,20.4794],[92.7639,20.4734],[92.7961,20.5101],[92.8108,20.4924],[92.8275,20.4968],[92.8487,20.4591],[92.8383,20.4688],[92.8337,20.4407],[92.8166,20.4429],[92.8418,20.4017],[92.8637,20.4051],[92.8571,20.4195],[92.8866,20.4039],[92.8867,20.4218],[92.9063,20.3787],[92.9174,20.3833],[92.9072,20.421],[92.9285,20.4299],[92.9133,20.4363],[92.8983,20.4822],[92.9326,20.4327],[92.9127,20.414],[92.9508,20.3739],[92.9417,20.3522],[92.9315,20.3863],[92.9108,20.3717],[92.8393,20.3808],[92.8982,20.3078],[92.9446,20.3156],[92.7988,20.2582],[92.799,20.2141],[92.8458,20.1823],[92.7969,20.2102],[92.7873,20.2401],[92.7649,20.2],[92.8531,20.1232],[92.8966,20.1094],[92.9203,20.1809],[92.8862,20.2095],[92.9146,20.2122],[92.915,20.2419],[92.9449,20.2674],[92.963,20.2257],[93.0091,20.2869],[93.0243,20.3894],[93.0135,20.4606],[93.0386,20.4686],[93.0333,20.4857],[93.0196,20.4791],[93.0556,20.5207],[93.0351,20.5378],[93.055,20.5337],[93.063,20.5208],[93.0402,20.4931],[93.0427,20.4633],[93.0173,20.454],[93.0258,20.4274],[93.0583,20.4764],[93.0816,20.5517],[93.0757,20.5791],[93.0178,20.6122],[93.0056,20.6398],[93.0277,20.6439],[93.0218,20.6219],[93.0483,20.5976],[93.0701,20.602],[93.0919,20.53],[93.1051,20.5307],[93.087,20.5198],[93.107,20.5041],[93.1167,20.4272],[93.1111,20.4138],[93.0884,20.4013],[93.0939,20.3797],[93.1195,20.3786],[93.1475,20.4043],[93.1681,20.4002],[93.1647,20.422],[93.1742,20.3994],[93.1292,20.3762],[93.1748,20.3741],[93.1564,20.3591],[93.1321,20.3693],[93.1374,20.3425],[93.1243,20.3281],[93.203,20.3226],[93.2235,20.376],[93.198,20.3871],[93.2252,20.3917],[93.2372,20.416],[93.2512,20.4261],[93.2124,20.3278],[93.2259,20.3076],[93.2165,20.2861],[93.117,20.1857],[93.1825,20.1969],[93.2099,20.2347],[93.2464,20.2454],[93.2306,20.2739],[93.2398,20.306],[93.2801,20.3282],[93.2805,20.3482],[93.3254,20.4036],[93.2966,20.33],[93.3234,20.3298],[93.3398,20.2996],[93.343,20.2772],[93.3623,20.2736],[93.4126,20.1727],[93.4329,20.1052],[93.4148,20.1121],[93.4167,20.0799],[93.3841,20.0801],[93.3807,20.0659],[93.416,19.9708],[93.4567,19.95],[93.4392,19.9925],[93.4542,19.9959],[93.4661,19.9825],[93.4762,20.0065],[93.4548,20.0552],[93.4583,20.0626],[93.4762,20.0609],[93.4584,20.0541],[93.4674,20.0443],[93.4818,19.9914],[93.5401,19.9909],[93.5071,19.9748],[93.5085,19.9613],[93.5365,19.9552],[93.5121,19.9438],[93.5161,19.9234],[93.546,19.9363],[93.5416,19.924],[93.5688,19.9212],[93.5867,19.9378],[93.5754,19.9201],[93.5419,19.9036],[93.5518,19.8885],[93.6219,19.9171],[93.702,19.9144],[93.7091,19.9673],[93.7085,19.9375],[93.7457,19.9152],[93.7145,19.9079],[93.7386,19.8852],[93.7937,19.873],[93.7872,19.8835],[93.7933,19.916],[93.8012,19.891],[93.7979,19.8666],[93.7862,19.8628],[93.7976,19.8329],[93.7914,19.7691],[93.7208,19.7482],[93.7059,19.7028],[93.727,19.6711],[93.7986,19.7014],[93.8066,19.7392],[93.8181,19.7292],[93.8193,19.7111],[93.7882,19.6815],[93.7943,19.6598],[93.7476,19.6525],[93.722,19.6265],[93.7602,19.5991],[93.7935,19.614],[93.8164,19.6042],[93.7768,19.5911],[93.9024,19.4885],[93.9324,19.4985],[93.9419,19.5259],[93.9326,19.5584],[93.9383,19.564],[93.9484,19.5081],[93.9046,19.4681],[93.9536,19.4479],[93.9766,19.4629],[93.9971,19.4526],[93.9764,19.4188],[93.877,19.473],[93.8585,19.4404],[93.8567,19.4843],[93.8187,19.4643],[93.7933,19.5003],[93.7758,19.5037],[93.7688,19.4853],[93.7462,19.5422],[93.6875,19.5654],[93.6468,19.5122],[93.6546,19.4919],[93.6372,19.4889],[93.6516,19.4445],[93.7393,19.4088],[93.7121,19.4014],[93.7319,19.3826],[93.7323,19.3566],[93.7533,19.3576],[93.7704,19.3446],[93.78,19.3542],[93.7753,19.3404],[93.7463,19.3542],[93.7392,19.3449],[93.7751,19.3011],[93.8087,19.3077],[93.8434,19.2959],[93.8692,19.3068],[93.8824,19.3531],[93.8589,19.3878],[93.8889,19.3534],[93.8842,19.3196],[93.9111,19.3353],[93.9114,19.3702],[93.9218,19.3773],[93.9191,19.3345],[93.8818,19.3076],[93.8921,19.2916],[93.9663,19.3584],[93.9834,19.4055],[94.0108,19.381],[93.9817,19.3851],[93.9722,19.3514],[93.9498,19.3369],[93.9559,19.3061],[93.8733,19.2466],[93.809,19.2263],[93.739,19.2567],[93.7207,19.2445],[93.7269,19.2754],[93.6948,19.2819],[93.7215,19.2926],[93.6815,19.3001],[93.6446,19.2238],[93.6672,19.3022],[93.6214,19.3411],[93.6001,19.3227],[93.6172,19.3482],[93.6342,19.3399],[93.6374,19.3542],[93.6041,19.4144],[93.5682,19.4046],[93.5514,19.4101],[93.568,19.4163],[93.5509,19.4324],[93.5135,19.4341],[93.4841,19.4091],[93.4722,19.3669],[93.5699,19.2256],[93.5993,19.1513],[93.6393,19.1378],[93.6629,19.0763],[93.6897,19.0961],[93.6942,19.1196],[93.7476,19.1213],[93.6976,19.1146],[93.6901,19.0844],[93.6659,19.0664],[93.6742,19.0103],[93.7151,19.0075],[93.7448,18.9689],[93.7728,18.9664],[93.8923,18.8923],[93.9324,18.8475],[93.9858,18.9614],[93.9557,19.0208],[93.9534,19.0885],[93.9677,19.1238],[93.9092,19.1995],[93.9453,19.1934],[93.9439,19.1562],[93.9663,19.1394],[94.0,19.1502],[93.9914,19.2229],[94.0163,19.1814],[94.0354,19.2177],[94.0315,19.3281],[94.0394,19.3453],[94.0687,19.3706],[94.0686,19.3853],[94.0762,19.3746],[94.0435,19.3119],[94.0469,19.2483],[94.0711,19.2339],[94.0492,19.2206],[94.0329,19.1296],[94.0568,19.1255],[94.0624,19.1881],[94.0735,19.165],[94.0648,19.1263],[94.0911,19.1484],[94.0927,19.1822],[94.1075,19.1513],[94.1295,19.1561],[94.1357,19.1796],[94.1385,19.1514],[94.0375,19.1067],[94.0272,19.0792],[94.0545,19.0754],[94.1161,19.1204],[94.1466,19.1191],[94.109,19.1051],[94.1228,19.0846],[94.097,19.0986],[94.0897,19.0849],[94.1021,19.0766],[94.0586,19.0598],[94.0632,19.0376],[94.0364,18.9913],[94.0552,18.9352],[94.031,18.9005],[94.0596,18.8898],[94.0718,18.8743],[94.0864,18.8797],[94.113,18.9662],[94.1086,18.9296],[94.1353,18.8919],[94.1057,18.8997],[94.0906,18.8806],[94.0738,18.8676],[94.0439,18.8846],[94.0309,18.8633],[94.0553,18.8461],[94.1287,18.8786],[94.1169,18.8566],[94.127,18.8567],[94.1467,18.8848],[94.1696,18.89],[94.1523,18.8795],[94.1458,18.8353],[94.1762,18.8347],[94.1466,18.8144],[94.1831,18.7796],[94.1994,18.7931],[94.1916,18.7712],[94.2039,18.7527],[94.2094,18.7741],[94.2243,18.7812],[94.2064,18.7431],[94.2169,18.731],[94.2388,18.7347],[94.2492,18.7552],[94.253,18.7341],[94.28,18.7351],[94.2197,18.7182],[94.1745,18.7283],[94.1743,18.7141],[94.1409,18.736],[94.2402,18.6458],[94.2579,18.6085],[94.2513,18.5468],[94.2626,18.5486],[94.2492,18.5245],[94.3225,18.4359],[94.3376,18.3662],[94.3816,18.3656],[94.4023,18.3463],[94.4074,18.3107],[94.3911,18.2835],[94.3284,18.302],[94.3221,18.2642],[94.3372,18.2416],[94.4075,18.2462],[94.4268,18.2197],[94.4208,18.1909],[94.4469,18.1691],[94.4847,18.0557],[94.4777,18.0065],[94.4375,17.9956],[94.4815,17.9029],[94.4898,17.7824],[94.5448,17.7349],[94.5416,17.6813],[94.5588,17.6362],[94.5693,17.6453],[94.5884,17.6192],[94.5769,17.5914],[94.6111,17.5501],[94.6099,17.5365],[94.563,17.5931],[94.5416,17.5488],[94.5654,17.4983],[94.5715,17.3171],[94.5917,17.3042],[94.5815,17.2885],[94.5409,17.319],[94.5464,17.2903],[94.5264,17.2768],[94.5083,17.2999],[94.5014,17.2162],[94.5363,17.1869],[94.5216,17.1687],[94.4993,17.1568],[94.4644,17.1882],[94.4447,17.179],[94.4558,17.1417],[94.4896,17.1177],[94.4567,17.0673],[94.4582,16.9806],[94.443,16.9481],[94.4782,16.9576],[94.484,16.9432],[94.4434,16.9306],[94.4106,16.8895],[94.3885,16.907],[94.3788,16.8748],[94.4039,16.7884],[94.3759,16.7572],[94.3563,16.6903],[94.3679,16.6149],[94.3508,16.6207],[94.3234,16.6004],[94.3503,16.5688],[94.3149,16.5196],[94.2897,16.5191],[94.2907,16.5386],[94.2615,16.5308],[94.2771,16.4963],[94.2643,16.3968],[94.2309,16.3217],[94.2433,16.2647],[94.2285,16.2519],[94.1985,16.0335],[94.2457,15.9528],[94.2827,16.0],[94.3419,16.0163],[94.3681,16.0546],[94.4218,16.0595],[94.5109,16.1802],[94.5119,16.2832],[94.5464,16.308],[94.5311,16.2921],[94.5624,16.2586],[94.5997,16.2809],[94.6062,16.3372],[94.6403,16.3836],[94.6233,16.338],[94.6529,16.3403],[94.6796,16.3932],[94.6644,16.5184],[94.6924,16.5549],[94.7012,16.6217],[94.6913,16.6391],[94.6581,16.6276],[94.6743,16.6497],[94.6557,16.6579],[94.6511,16.6702],[94.6688,16.6524],[94.6823,16.6714],[94.6754,16.6933],[94.6936,16.6767],[94.6847,16.6929],[94.6889,16.7396],[94.6989,16.6798],[94.6784,16.6436],[94.733,16.629],[94.7097,16.6537],[94.7173,16.6913],[94.7361,16.7004],[94.738,16.7245],[94.7218,16.7336],[94.7416,16.7301],[94.7447,16.6957],[94.7216,16.6873],[94.7423,16.6328],[94.7103,16.6135],[94.7012,16.5517],[94.6782,16.5132],[94.6898,16.4927],[94.7281,16.5145],[94.7465,16.5768],[94.8004,16.5907],[94.7463,16.569],[94.7322,16.5056],[94.6965,16.4844],[94.7126,16.3942],[94.7478,16.4265],[94.7588,16.4137],[94.7839,16.4261],[94.7705,16.4093],[94.7586,16.4096],[94.75,16.4194],[94.7116,16.376],[94.7347,16.3608],[94.7519,16.3905],[94.7948,16.3601],[94.8254,16.3704],[94.7858,16.3564],[94.7548,16.3841],[94.7371,16.354],[94.7048,16.3606],[94.6881,16.3066],[94.6636,16.2541]],[[96.1831,16.4835],[96.1804,16.4603],[96.1488,16.4548],[96.1689,16.4176],[96.0914,16.3535],[96.1044,16.3223],[96.155,16.322],[96.3069,16.408],[96.336,16.4437],[96.3211,16.447],[96.3266,16.4653],[96.2944,16.4457],[96.3026,16.4722],[96.2628,16.5187],[96.2296,16.6002],[96.1782,16.581],[96.1788,16.5142],[96.1985,16.4841],[96.1831,16.4835]],[[89.1733,23.9947],[89.1568,23.9991],[89.1391,23.9934],[89.154,23.9895],[89.1733,23.9947]],[[94.6779,16.2989],[94.6843,16.31],[94.6812,16.3123],[94.6779,16.2989]],[[90.5523,22.0016],[90.548,21.9916],[90.5577,22.0054],[90.5523,22.0016]],[[90.5512,22.0073],[90.5618,22.0205],[90.558,22.0227],[90.5512,22.0073]],[[94.6864,16.3779],[94.6499,16.3302],[94.6139,16.3189],[94.6086,16.2773],[94.5746,16.2472],[94.5788,16.2248],[94.6279,16.2577],[94.6864,16.3779]],[[94.6579,16.2763],[94.6576,16.2671],[94.6624,16.2782],[94.6579,16.2763]],[[94.5669,16.1738],[94.4535,16.0189],[94.3863,16.0],[94.3929,15.9017],[94.4109,15.8631],[94.3974,15.8322],[94.4469,15.9199],[94.5131,15.9889],[94.5938,16.0155],[94.5966,16.0307],[94.573,16.0451],[94.5718,16.0745],[94.5922,16.0997],[94.5788,16.0516],[94.5953,16.038],[94.6476,16.1113],[94.6728,16.2033],[94.6513,16.2467],[94.5669,16.1738]],[[94.665,16.1337],[94.6615,16.1222],[94.6629,16.1192],[94.6684,16.1227],[94.665,16.1337]],[[94.6513,16.0928],[94.6182,16.0528],[94.6173,16.0416],[94.6425,16.0649],[94.6513,16.0928]],[[94.5225,15.9426],[94.5155,15.9292],[94.515,15.9145],[94.5213,15.9207],[94.5225,15.9426]],[[94.4557,15.9113],[94.4544,15.9197],[94.4509,15.9176],[94.4557,15.9113]],[[94.7431,15.7928],[94.8108,15.7875],[94.8402,15.869],[94.8121,15.9418],[94.7332,15.8221],[94.7431,15.7928]],[[94.8309,15.9006],[94.8422,15.884],[94.8309,15.9062],[94.8309,15.9006]],[[94.2838,15.8652],[94.2738,15.8646],[94.2777,15.8603],[94.2838,15.8652]],[[94.3503,16.0084],[94.2811,15.9873],[94.3218,15.978],[94.3503,16.0084]],[[94.5203,16.1307],[94.5345,16.1377],[94.5448,16.1502],[94.5276,16.1457],[94.5203,16.1307]],[[94.5233,16.2828],[94.5185,16.2316],[94.5404,16.2011],[94.5602,16.2407],[94.5233,16.2828]],[[94.7034,16.387],[94.695,16.3713],[94.6979,16.3684],[94.7034,16.387]],[[94.234,16.3846],[94.227,16.3781],[94.2308,16.3756],[94.234,16.3846]],[[94.2422,16.5182],[94.253,16.5291],[94.2493,16.5399],[94.2422,16.5182]],[[94.5871,17.5687],[94.5929,17.5688],[94.588,17.5735],[94.5871,17.5687]],[[94.4471,18.1291],[94.4503,18.1388],[94.4417,18.1332],[94.4471,18.1291]],[[94.3768,18.3426],[94.3767,18.3504],[94.371,18.3442],[94.3768,18.3426]],[[94.2436,18.5307],[94.242,18.5408],[94.2341,18.5377],[94.2436,18.5307]],[[93.7935,18.6657],[93.7754,18.6206],[93.7859,18.6024],[93.8024,18.6113],[93.7935,18.6657]],[[93.7529,18.7488],[93.7356,18.8791],[93.7103,18.8666],[93.6532,18.873],[93.6152,18.9146],[93.5766,18.8837],[93.4829,18.8705],[93.5448,18.7668],[93.664,18.6693],[93.7201,18.6758],[93.7529,18.7488]],[[93.5366,18.8949],[93.5278,18.9017],[93.5226,18.8981],[93.5253,18.8954],[93.5366,18.8949]],[[94.1227,18.8084],[94.1376,18.8564],[94.1131,18.8492],[94.1155,18.8697],[94.0678,18.8476],[94.0733,18.8313],[94.1227,18.8084]],[[93.9393,18.8167],[93.9608,18.78],[93.9923,18.7854],[93.975,18.8024],[93.9726,18.8367],[93.9393,18.8167]],[[93.9961,18.7476],[93.9915,18.7312],[94.0091,18.7307],[93.9961,18.7476]],[[93.811,18.7247],[93.8182,18.7147],[93.8158,18.7253],[93.811,18.7247]],[[94.0314,19.028],[94.0559,19.0356],[94.0542,19.0382],[94.0314,19.028]],[[94.0186,19.0454],[94.0346,19.0444],[94.0409,19.0594],[94.0346,19.0609],[94.0186,19.0454]],[[94.0031,19.0962],[94.0101,19.1091],[93.9972,19.103],[94.0031,19.0962]],[[94.0403,19.3418],[94.0555,19.3461],[94.0545,19.3488],[94.0403,19.3418]],[[93.614,19.4516],[93.5999,19.442],[93.6089,19.4347],[93.6173,19.439],[93.614,19.4516]],[[93.6273,19.4906],[93.6021,19.4703],[93.6441,19.4497],[93.6273,19.4906]],[[93.5827,19.4751],[93.5967,19.4615],[93.5981,19.4617],[93.5946,19.4729],[93.5827,19.4751]],[[93.5372,19.4683],[93.5522,19.4705],[93.5311,19.4769],[93.5372,19.4683]],[[93.5338,19.4866],[93.5116,19.4978],[93.5197,19.4767],[93.5338,19.4866]],[[93.5768,19.4794],[93.5387,19.4995],[93.5182,19.5238],[93.5489,19.4801],[93.5768,19.4794]],[[93.6429,19.4154],[93.6262,19.4294],[93.6363,19.4039],[93.6429,19.4154]],[[93.666,19.4254],[93.6529,19.4245],[93.6665,19.4201],[93.666,19.4254]],[[93.6776,19.3885],[93.6891,19.3979],[93.6631,19.4074],[93.6776,19.3885]],[[93.6445,19.3665],[93.6571,19.3361],[93.6879,19.3625],[93.6746,19.377],[93.6445,19.3665]],[[93.8002,19.2673],[93.8326,19.2758],[93.8275,19.295],[93.7766,19.2976],[93.8002,19.2673]],[[93.8654,19.2833],[93.8502,19.296],[93.8486,19.2721],[93.8532,19.2712],[93.8654,19.2833]],[[93.8351,19.2743],[93.8432,19.2897],[93.8367,19.2933],[93.8351,19.2743]],[[93.7518,19.2755],[93.7538,19.2865],[93.7439,19.2818],[93.7518,19.2755]],[[93.8354,19.2629],[93.8263,19.2521],[93.8359,19.2586],[93.8354,19.2629]],[[93.5319,19.5332],[93.531,19.5284],[93.5334,19.5293],[93.5319,19.5332]],[[93.6621,19.5474],[93.6662,19.5656],[93.654,19.5672],[93.6303,19.546],[93.6621,19.5474]],[[93.4938,19.5531],[93.4999,19.5532],[93.4902,19.5639],[93.4938,19.5531]],[[93.5995,19.5517],[93.5987,19.5569],[93.5878,19.5576],[93.5995,19.5517]],[[93.8359,19.4826],[93.8577,19.5027],[93.7689,19.5315],[93.8177,19.4877],[93.8359,19.4826]],[[93.6681,19.5679],[93.6597,19.5781],[93.659,19.5754],[93.6681,19.5679]],[[93.7067,19.5966],[93.7184,19.5938],[93.7034,19.6042],[93.7067,19.5966]],[[93.635,19.6109],[93.6156,19.6299],[93.5988,19.612],[93.6225,19.6185],[93.635,19.6109]],[[93.6514,19.6341],[93.6614,19.6301],[93.6549,19.6392],[93.6514,19.6341]],[[93.5469,19.649],[93.5373,19.6578],[93.5394,19.6491],[93.5469,19.649]],[[93.5894,19.6599],[93.5801,19.6701],[93.5628,19.6584],[93.5746,19.648],[93.5894,19.6599]],[[93.6973,19.6616],[93.6953,19.653],[93.7,19.6579],[93.6973,19.6616]],[[93.814,19.7108],[93.8104,19.7264],[93.8111,19.7096],[93.814,19.7108]],[[93.4904,19.7165],[93.4406,19.7464],[93.4078,19.7406],[93.457,19.6908],[93.5017,19.6741],[93.4904,19.7165]],[[93.5095,19.7344],[93.499,19.8213],[93.4692,19.8297],[93.5081,19.8392],[93.4978,19.8995],[93.4602,19.9091],[93.4274,19.9541],[93.3982,19.9606],[93.3966,19.9247],[93.4313,19.8676],[93.4446,19.7876],[93.4997,19.7554],[93.5095,19.7344]],[[93.175,19.7877],[93.103,19.9467],[93.1133,19.9816],[93.14,19.9983],[93.1218,20.0396],[93.074,20.0766],[93.0872,20.0864],[93.0682,20.116],[92.9967,20.1116],[92.9746,20.1264],[92.9792,20.0713],[93.0421,20.0089],[93.0568,19.9513],[93.175,19.7877]],[[92.9146,20.0592],[93.0134,19.8954],[93.0291,19.8189],[93.0358,19.8746],[92.9602,20.0616],[92.926,20.0833],[92.9146,20.0592]],[[93.0863,20.1643],[93.0674,20.1456],[93.0665,20.1258],[93.0895,20.1485],[93.0863,20.1643]],[[93.131,20.2243],[93.1272,20.2428],[93.143,20.2188],[93.2152,20.3051],[93.1755,20.3243],[93.1334,20.3059],[93.1403,20.3166],[93.1199,20.3296],[93.1322,20.3447],[93.1134,20.3746],[93.04,20.3263],[93.0399,20.2773],[93.0221,20.2687],[93.0012,20.2153],[92.9977,20.1385],[93.0187,20.1333],[93.0613,20.1595],[93.131,20.2243]],[[92.965,20.1694],[92.978,20.1795],[92.9752,20.2112],[92.9516,20.1975],[92.965,20.1694]],[[92.9426,20.2506],[92.9252,20.2444],[92.9238,20.1903],[92.9504,20.2119],[92.9426,20.2506]],[[92.9608,20.2151],[92.9744,20.2179],[92.9804,20.2315],[92.9763,20.2319],[92.9608,20.2151]],[[93.1093,20.4186],[93.0851,20.5053],[93.038,20.423],[93.0435,20.3504],[93.0778,20.3641],[93.0785,20.4073],[93.1093,20.4186]],[[93.1036,20.1616],[93.1329,20.0846],[93.1836,20.0634],[93.2035,20.0935],[93.2312,20.113],[93.2242,20.1518],[93.1898,20.168],[93.1717,20.1884],[93.1036,20.1616]],[[93.2317,20.1537],[93.2411,20.1024],[93.2016,20.0806],[93.2057,20.0497],[93.275,20.0333],[93.2911,20.0604],[93.2744,20.0854],[93.2845,20.1445],[93.251,20.146],[93.2837,20.1579],[93.3004,20.1904],[93.26,20.2626],[93.2486,20.2613],[93.2528,20.2428],[93.2167,20.2346],[93.1829,20.1916],[93.2317,20.1537]],[[93.3287,20.1248],[93.3764,20.0191],[93.3666,20.084],[93.3959,20.1024],[93.3796,20.1669],[93.3839,20.1859],[93.4012,20.1103],[93.4112,20.1214],[93.3906,20.2092],[93.3577,20.27],[93.3364,20.2789],[93.3206,20.3269],[93.2906,20.3237],[93.2677,20.2972],[93.2776,20.2882],[93.2713,20.2575],[93.3067,20.2079],[93.3143,20.1414],[93.3287,20.1248]],[[93.2347,20.2758],[93.2728,20.2683],[93.2636,20.2969],[93.2708,20.3147],[93.2444,20.3054],[93.2347,20.2758]],[[93.1238,20.0477],[93.2272,19.8161],[93.2507,19.8162],[93.1339,20.0545],[93.1238,20.0477]],[[93.1752,20.0428],[93.1618,20.0616],[93.1373,20.0718],[93.1752,20.0428]],[[93.1259,20.0572],[93.1264,20.0691],[93.1188,20.0584],[93.1259,20.0572]],[[93.1267,20.079],[93.0954,20.1426],[93.0736,20.1239],[93.0909,20.0952],[93.1195,20.0869],[93.0949,20.0879],[93.1119,20.0615],[93.1267,20.079]],[[93.3109,20.1152],[93.3,20.1704],[93.2862,20.0946],[93.2991,20.0481],[93.3309,20.0821],[93.3109,20.1152]],[[93.3118,20.1313],[93.328,20.1069],[93.3129,20.1366],[93.3118,20.1313]],[[93.3416,20.066],[93.3316,20.0642],[93.3333,20.0521],[93.3416,20.066]],[[93.0985,20.1618],[93.1024,20.1719],[93.113,20.179],[93.095,20.1789],[93.0985,20.1618]],[[93.3997,19.8053],[93.4054,19.7978],[93.4035,19.8074],[93.3997,19.8053]],[[93.4711,19.9623],[93.4612,19.9413],[93.4629,19.939],[93.4875,19.9522],[93.4711,19.9623]],[[93.4543,19.9927],[93.4496,19.9708],[93.4609,19.9581],[93.4543,19.9927]],[[93.4747,19.9909],[93.4747,19.9808],[93.4864,19.9612],[93.497,19.9809],[93.4747,19.9909]],[[93.4994,19.9347],[93.4991,19.9572],[93.4678,19.9349],[93.4842,19.9297],[93.4994,19.9347]],[[93.498,19.9161],[93.5036,19.9304],[93.4897,19.9217],[93.498,19.9161]],[[93.524,19.867],[93.531,19.9023],[93.5199,19.9157],[93.5011,19.9039],[93.524,19.867]],[[93.5936,19.9044],[93.5699,19.8837],[93.6032,19.8948],[93.5936,19.9044]],[[93.6141,19.9016],[93.5941,19.8746],[93.5471,19.8669],[93.5459,19.8272],[93.5996,19.843],[93.6607,19.9012],[93.6141,19.9016]],[[93.6902,19.8775],[93.7236,19.8673],[93.739,19.8765],[93.6831,19.8949],[93.6521,19.8729],[93.6744,19.8587],[93.6902,19.8775]],[[93.7113,19.8909],[93.7206,19.8914],[93.7106,19.8934],[93.7113,19.8909]],[[93.753,19.8302],[93.7388,19.7827],[93.7041,19.7837],[93.7124,19.7645],[93.7771,19.7662],[93.7925,19.8314],[93.7818,19.8542],[93.7634,19.8635],[93.7442,19.8485],[93.753,19.8302]],[[93.6624,19.7622],[93.6559,19.7784],[93.6318,19.7184],[93.69,19.7132],[93.7046,19.7612],[93.6934,19.7879],[93.6624,19.7622]],[[93.6742,19.7998],[93.6735,19.8221],[93.7012,19.8521],[93.6464,19.8622],[93.6301,19.8135],[93.5916,19.7776],[93.5996,19.7099],[93.6318,19.7618],[93.6742,19.7998]],[[93.5825,19.7697],[93.5139,19.7164],[93.5246,19.6804],[93.5539,19.687],[93.5452,19.7002],[93.572,19.7093],[93.5891,19.7461],[93.5825,19.7697]],[[93.4829,19.7251],[93.5042,19.7178],[93.4726,19.7381],[93.4829,19.7251]],[[93.5667,19.8012],[93.5456,19.7889],[93.5518,19.7607],[93.5815,19.789],[93.5667,19.8012]],[[93.5964,19.8282],[93.5665,19.8315],[93.5446,19.8059],[93.5822,19.8034],[93.5964,19.8282]],[[93.6753,19.7916],[93.734,19.8509],[93.7134,19.8481],[93.6827,19.8216],[93.6753,19.7916]],[[93.7368,19.7887],[93.7452,19.8097],[93.7435,19.8326],[93.6991,19.7962],[93.7368,19.7887]],[[93.7264,19.9232],[93.7142,19.9279],[93.7097,19.9207],[93.7112,19.9182],[93.7264,19.9232]],[[93.2912,20.3532],[93.2847,20.3436],[93.286,20.3375],[93.2882,20.3403],[93.2912,20.3532]],[[92.7343,20.2213],[92.7365,20.2369],[92.7337,20.2383],[92.7343,20.2213]],[[92.8663,20.3192],[92.8122,20.4063],[92.8202,20.4236],[92.7639,20.4341],[92.7758,20.2801],[92.8143,20.3141],[92.8128,20.3389],[92.8357,20.3129],[92.8025,20.3036],[92.7948,20.2773],[92.8411,20.2875],[92.8663,20.3192]],[[92.7418,20.3584],[92.7527,20.3521],[92.7522,20.3624],[92.7418,20.3584]],[[92.8278,20.4109],[92.8255,20.3996],[92.8326,20.402],[92.8278,20.4109]],[[92.8454,20.3947],[92.8916,20.3885],[92.8766,20.4023],[92.8454,20.3947]],[[92.7842,20.4676],[92.8037,20.4826],[92.7972,20.4995],[92.7683,20.4705],[92.7559,20.4701],[92.7636,20.4417],[92.7891,20.4417],[92.7842,20.4676]],[[92.701,20.6049],[92.7161,20.5691],[92.7207,20.5712],[92.701,20.6049]],[[92.6389,20.72],[92.5844,20.7087],[92.6086,20.6838],[92.6335,20.6965],[92.6389,20.72]],[[92.5806,20.749],[92.5627,20.7432],[92.5546,20.7582],[92.547,20.747],[92.5754,20.7211],[92.5806,20.749]],[[92.3262,20.5853],[92.3296,20.5991],[92.3212,20.6346],[92.3129,20.627],[92.3262,20.5853]],[[92.3431,20.7244],[92.3512,20.7131],[92.3599,20.7178],[92.3431,20.7244]],[[92.3381,20.9892],[92.3067,20.9822],[92.3159,20.9543],[92.3036,20.9269],[92.3145,20.9072],[92.3552,20.9436],[92.3381,20.9892]],[[92.2969,20.9277],[92.3098,20.9528],[92.3007,20.9774],[92.2813,20.9476],[92.2969,20.9277]],[[92.2638,21.0272],[92.2566,21.0234],[92.2606,21.0182],[92.2638,21.0272]],[[92.2195,21.103],[92.2168,21.1148],[92.211,21.1081],[92.2195,21.103]],[[92.2178,21.1235],[92.2102,21.1334],[92.2076,21.1318],[92.2178,21.1235]],[[91.9017,21.5093],[91.9479,21.4896],[91.9727,21.5058],[91.989,21.6196],[91.9399,21.735],[91.8851,21.6807],[91.8913,21.6376],[91.8742,21.6069],[91.8821,21.557],[91.8587,21.5221],[91.8684,21.4885],[91.8969,21.4671],[91.9114,21.4757],[91.9017,21.5093]],[[91.8859,21.7611],[91.8524,21.6604],[91.8806,21.6342],[91.8799,21.6822],[91.9045,21.7087],[91.9121,21.7467],[91.8859,21.7611]],[[91.872,21.7962],[91.8586,21.8774],[91.8714,21.8878],[91.8783,21.8216],[91.894,21.8587],[91.868,21.9222],[91.8409,21.8963],[91.8467,21.8128],[91.8311,21.7169],[91.872,21.7962]],[[91.9417,21.7736],[91.9173,21.7749],[91.8934,21.7677],[91.9399,21.7579],[91.9417,21.7736]],[[91.9207,21.7299],[91.9416,21.7483],[91.9145,21.7585],[91.9187,21.7478],[91.9207,21.7299]],[[92.0321,21.6658],[92.0021,21.6463],[92.0072,21.6281],[92.0347,21.6491],[92.0321,21.6658]],[[92.0041,21.6176],[92.0082,21.6005],[92.0109,21.5983],[92.0135,21.6135],[92.0041,21.6176]],[[91.8145,22.2101],[91.8241,22.2213],[91.8227,22.2236],[91.8145,22.2101]],[[91.7995,22.2839],[91.8201,22.2775],[91.806,22.2983],[91.7995,22.2839]],[[91.1768,22.3226],[91.1369,22.3951],[91.1223,22.492],[91.0408,22.508],[91.0269,22.4766],[91.0519,22.4201],[91.0505,22.1794],[91.1115,22.1597],[91.1011,22.2106],[91.1222,22.1649],[91.1556,22.1843],[91.1828,22.2711],[91.1768,22.3226]],[[91.0443,22.128],[91.0677,22.1422],[91.0912,22.133],[91.1061,22.1524],[91.0462,22.1754],[91.0443,22.128]],[[91.0838,22.1321],[91.0693,22.1388],[91.0611,22.1333],[91.0838,22.1321]],[[90.9521,22.213],[90.9211,22.1356],[90.9512,22.1168],[90.9521,22.213]],[[91.0429,22.1007],[91.0775,22.1133],[91.0842,22.128],[91.043,22.1195],[91.0429,22.1007]],[[91.0627,22.106],[91.0694,22.1018],[91.0757,22.1064],[91.0627,22.106]],[[90.783,22.1074],[90.7993,22.1448],[90.7946,22.1077],[90.8251,22.1481],[90.8194,22.1776],[90.7995,22.1745],[90.7784,22.186],[90.8209,22.1843],[90.7981,22.2038],[90.7906,22.2383],[90.796,22.246],[90.8024,22.2081],[90.8254,22.1984],[90.8082,22.2193],[90.8319,22.2192],[90.8462,22.2419],[90.8889,22.445],[90.8828,22.482],[90.778,22.6269],[90.7309,22.7736],[90.6594,22.7846],[90.5792,22.7219],[90.539,22.641],[90.5439,22.6283],[90.5546,22.6477],[90.5796,22.6542],[90.5889,22.6338],[90.5634,22.6408],[90.5746,22.6194],[90.5729,22.5947],[90.6186,22.5467],[90.5888,22.6067],[90.6066,22.6012],[90.6714,22.4739],[90.6706,22.2784],[90.6111,22.1582],[90.6198,22.1325],[90.6334,22.1324],[90.6338,22.1481],[90.6597,22.1332],[90.6957,22.1379],[90.6703,22.1264],[90.6991,22.1114],[90.6781,22.1053],[90.6749,22.0707],[90.7058,22.0721],[90.7168,22.1117],[90.7371,22.132],[90.7086,22.0646],[90.7168,22.0527],[90.7622,22.1112],[90.783,22.1074]],[[90.7648,22.0919],[90.7527,22.0551],[90.7763,22.0943],[90.7648,22.0919]],[[91.0367,22.0863],[91.0414,22.0781],[91.0491,22.0834],[91.0367,22.0863]],[[90.6795,22.0196],[90.6938,22.0191],[90.6992,22.0657],[90.6691,22.0671],[90.6795,22.0196]],[[90.6115,21.9988],[90.6221,21.9849],[90.6374,21.997],[90.6455,22.0513],[90.6115,21.9988]],[[90.6793,22.0038],[90.6773,21.9916],[90.6851,21.9927],[90.6793,22.0038]],[[90.4475,22.0343],[90.4129,22.0321],[90.4216,22.016],[90.4001,21.8996],[90.4579,21.9207],[90.4715,21.9969],[90.4475,22.0343]],[[90.5186,21.9792],[90.4898,21.9609],[90.5012,21.9562],[90.4932,21.9323],[90.5186,21.9792]],[[90.7154,21.9695],[90.7036,21.9613],[90.7172,21.9585],[90.7154,21.9695]],[[90.5223,21.9293],[90.5046,21.88],[90.5431,21.8757],[90.5667,21.9568],[90.5223,21.9293]],[[90.654,21.9222],[90.6457,21.95],[90.6288,21.9403],[90.654,21.9222]],[[90.623,21.9063],[90.6427,21.8991],[90.6555,21.9128],[90.6282,21.9359],[90.623,21.9063]],[[90.5688,21.9167],[90.5781,21.9243],[90.5681,21.9286],[90.5688,21.9167]],[[90.5542,21.8824],[90.5626,21.8832],[90.5613,21.8976],[90.5542,21.8824]],[[90.3851,21.9977],[90.3716,21.9963],[90.3496,21.9564],[90.3366,21.9548],[90.3036,21.8658],[90.3128,21.8557],[90.3573,21.8707],[90.3851,21.9977]],[[90.5382,21.8629],[90.5028,21.868],[90.4981,21.8612],[90.51,21.8506],[90.5382,21.8629]],[[90.3036,21.9223],[90.2946,21.9806],[90.2728,21.9762],[90.2753,21.9426],[90.2479,21.896],[90.2744,21.8846],[90.3036,21.9223]],[[90.3076,21.9737],[90.379,22.0859],[90.3701,22.0992],[90.3372,22.1034],[90.3473,22.0893],[90.2936,22.069],[90.2763,22.0244],[90.2821,21.985],[90.2981,21.9849],[90.3076,21.9737]],[[90.3402,21.9625],[90.3673,21.9989],[90.3863,22.0048],[90.3974,22.0387],[90.4087,22.0466],[90.3958,22.0706],[90.3518,22.0194],[90.3402,21.9625]],[[90.5202,22.1038],[90.4821,22.0755],[90.4844,22.0437],[90.523,22.0807],[90.5202,22.1038]],[[90.5056,22.0443],[90.5522,22.1054],[90.542,22.1173],[90.5252,22.1097],[90.531,22.0858],[90.5056,22.0443]],[[90.5849,22.1308],[90.5848,22.117],[90.5954,22.1267],[90.5849,22.1308]],[[90.5951,22.0693],[90.5929,22.041],[90.613,22.0195],[90.6228,22.0354],[90.6057,22.0544],[90.6108,22.07],[90.6312,22.0947],[90.612,22.0583],[90.633,22.0481],[90.6315,22.0708],[90.6614,22.0905],[90.6683,22.1204],[90.6341,22.1265],[90.5951,22.0693]],[[90.6646,22.067],[90.6674,22.0801],[90.6561,22.0573],[90.6646,22.067]],[[90.5554,22.0977],[90.5314,22.0515],[90.4936,22.0072],[90.5201,22.0312],[90.5491,22.0314],[90.5394,22.007],[90.5496,22.0163],[90.5554,22.0977]],[[90.5031,21.9946],[90.5221,21.992],[90.5409,22.027],[90.5159,22.0226],[90.5031,21.9946]],[[90.4142,22.0383],[90.4316,22.0338],[90.4457,22.0377],[90.4401,22.0439],[90.4142,22.0383]],[[90.5977,22.1139],[90.5852,22.1],[90.5862,22.098],[90.5977,22.1139]],[[90.4014,22.0152],[90.4074,22.0266],[90.4015,22.0338],[90.3995,22.0273],[90.4014,22.0152]],[[90.3234,21.9739],[90.3303,21.9661],[90.3317,21.9815],[90.3234,21.9739]],[[90.3961,21.958],[90.3883,21.9603],[90.3882,21.9514],[90.3961,21.958]],[[90.3869,21.9302],[90.3954,21.9266],[90.3941,21.9377],[90.3869,21.9302]],[[90.6579,22.0479],[90.6602,22.0237],[90.6637,22.0212],[90.6579,22.0479]],[[90.5064,22.1709],[90.5107,22.1361],[90.5463,22.1707],[90.5243,22.1797],[90.5064,22.1709]],[[90.6139,22.1819],[90.6152,22.1726],[90.6161,22.1831],[90.6139,22.1819]],[[90.5654,22.2313],[90.5387,22.1893],[90.5677,22.2145],[90.5654,22.2313]],[[90.5772,22.2481],[90.575,22.2311],[90.5825,22.2508],[90.5772,22.2481]],[[90.6322,22.3575],[90.6258,22.4422],[90.6059,22.463],[90.5965,22.4487],[90.6322,22.3575]],[[90.6566,22.4803],[90.6136,22.5392],[90.6556,22.4599],[90.6566,22.4803]],[[90.6436,22.5073],[90.6512,22.5029],[90.6452,22.5117],[90.6436,22.5073]],[[90.6476,22.4201],[90.6393,22.4252],[90.6445,22.415],[90.6476,22.4201]],[[90.6487,22.4076],[90.6512,22.3998],[90.6505,22.4138],[90.6487,22.4076]],[[90.632,22.4123],[90.6456,22.3686],[90.6486,22.3674],[90.632,22.4123]],[[90.5695,22.6148],[90.5575,22.628],[90.5632,22.6057],[90.5695,22.6148]],[[90.509,22.7926],[90.4885,22.7697],[90.5288,22.6841],[90.5502,22.7612],[90.509,22.7926]],[[90.4893,22.7245],[90.4833,22.7413],[90.4747,22.7461],[90.4786,22.7281],[90.4893,22.7245]],[[90.4346,22.7747],[90.4796,22.7568],[90.4604,22.7881],[90.4346,22.7747]],[[90.3894,22.7928],[90.4151,22.7819],[90.3951,22.7999],[90.3845,22.856],[90.4173,22.9163],[90.4218,22.8989],[90.3898,22.839],[90.3951,22.8281],[90.4278,22.8417],[90.4274,22.8167],[90.4491,22.8052],[90.4447,22.8264],[90.4671,22.8659],[90.515,22.8747],[90.5431,22.8996],[90.5389,22.9578],[90.4551,23.0016],[90.4512,22.9721],[90.4309,22.9917],[90.3533,22.9932],[90.3807,22.9076],[90.3323,22.8477],[90.3923,22.7672],[90.42,22.7752],[90.3987,22.7759],[90.3894,22.7928]],[[90.3223,22.9661],[90.3518,22.9514],[90.368,22.9212],[90.3564,22.9623],[90.3223,22.9661]],[[90.2932,22.9627],[90.3391,22.9405],[90.3494,22.9431],[90.3078,22.9705],[90.2932,22.9627]],[[90.4459,23.0225],[90.4338,23.1001],[90.4659,23.1672],[90.4512,23.1977],[90.4857,23.2465],[90.4839,23.2994],[90.4122,23.3025],[90.393,23.3396],[90.3339,23.3674],[90.3026,23.3547],[90.2866,23.3161],[90.24,23.2931],[90.2526,23.2882],[90.233,23.2607],[90.2124,23.2553],[90.1721,23.262],[90.2108,23.224],[90.2071,23.2097],[90.1781,23.1892],[90.1842,23.1708],[90.2142,23.1915],[90.2657,23.1601],[90.2444,23.1379],[90.2538,23.1253],[90.2905,23.1207],[90.267,23.1328],[90.2729,23.1468],[90.3229,23.1024],[90.3326,23.1087],[90.3259,23.0679],[90.3087,23.0538],[90.326,22.9816],[90.3426,22.9819],[90.3609,23.0111],[90.4459,23.0225]],[[90.2751,23.039],[90.3062,23.0351],[90.3079,23.0375],[90.2918,23.0496],[90.2751,23.039]],[[90.2286,23.2652],[90.2334,23.2961],[90.2557,23.3117],[90.1807,23.3378],[90.0892,23.2811],[90.1245,23.2738],[90.1328,23.2442],[90.1826,23.2415],[90.1662,23.2687],[90.2286,23.2652]],[[90.2488,23.3252],[90.2139,23.3613],[90.2708,23.3264],[90.2958,23.3708],[90.286,23.3796],[90.3337,23.3859],[90.1836,23.4498],[90.2056,23.3503],[90.2488,23.3252]],[[90.1896,23.386],[90.1914,23.373],[90.1966,23.3718],[90.1896,23.386]],[[90.1793,23.4057],[90.1682,23.4225],[90.1817,23.3936],[90.1793,23.4057]],[[90.167,23.4337],[90.1768,23.4246],[90.1686,23.4386],[90.167,23.4337]],[[90.4177,23.394],[90.3924,23.4059],[90.3923,23.4031],[90.4177,23.394]],[[90.4904,23.3804],[90.4948,23.3982],[90.4506,23.3978],[90.4904,23.3804]],[[90.5719,23.3743],[90.5714,23.3878],[90.5851,23.43],[90.5656,23.4056],[90.5719,23.3743]],[[90.5443,23.3824],[90.5602,23.3673],[90.5529,23.3901],[90.5443,23.3824]],[[90.4857,23.3672],[90.4238,23.3903],[90.4378,23.3786],[90.4857,23.3672]],[[90.4776,23.3424],[90.4683,23.3604],[90.4464,23.3699],[90.4776,23.3424]],[[90.5275,23.3583],[90.542,23.3558],[90.5293,23.3648],[90.5275,23.3583]],[[90.5829,23.3499],[90.591,23.3393],[90.5857,23.3557],[90.5829,23.3499]],[[90.4804,23.3138],[90.5004,23.2449],[90.4761,23.1948],[90.5004,23.1797],[90.5409,23.2371],[90.552,23.2822],[90.5188,23.3285],[90.4511,23.3395],[90.4804,23.3138]],[[90.5526,23.3295],[90.5583,23.3138],[90.5608,23.3132],[90.5526,23.3295]],[[90.5699,23.3181],[90.5699,23.308],[90.5748,23.3061],[90.5699,23.3181]],[[90.6334,23.2534],[90.6198,23.2581],[90.6232,23.2389],[90.6334,23.2534]],[[90.5704,23.2357],[90.5631,23.2392],[90.5578,23.2282],[90.5704,23.2357]],[[90.5923,23.2221],[90.5835,23.218],[90.5899,23.2108],[90.5923,23.2221]],[[90.6138,23.2315],[90.6188,23.2298],[90.6161,23.2364],[90.6138,23.2315]],[[90.5661,23.2048],[90.5569,23.2114],[90.5566,23.1903],[90.5661,23.2048]],[[90.5338,23.169],[90.5371,23.1973],[90.5317,23.2004],[90.5221,23.1767],[90.5412,23.1433],[90.5449,23.1982],[90.5338,23.169]],[[90.5726,23.2083],[90.5541,23.1765],[90.5569,23.1601],[90.5761,23.1787],[90.5726,23.2083]],[[90.4687,23.2012],[90.4907,23.1312],[90.4435,23.1068],[90.4477,23.0556],[90.4684,23.097],[90.4922,23.0819],[90.5079,23.1439],[90.5053,23.1688],[90.4687,23.2012]],[[90.5131,23.0812],[90.5223,23.128],[90.5168,23.1384],[90.5003,23.1001],[90.5131,23.0812]],[[90.5266,23.0634],[90.5192,23.06],[90.5237,23.0524],[90.5266,23.0634]],[[90.491,23.0532],[90.4968,23.0355],[90.5048,23.0334],[90.5083,23.062],[90.491,23.0532]],[[90.5661,23.0015],[90.5612,23.0441],[90.5551,23.048],[90.5357,23.0213],[90.5661,23.0015]],[[90.4224,22.9963],[90.4343,23.0095],[90.4177,23.0005],[90.4224,22.9963]],[[90.3975,23.0051],[90.4172,23.0099],[90.3919,23.0089],[90.3975,23.0051]],[[90.48,23.0407],[90.4733,23.0279],[90.4929,23.0117],[90.496,23.0157],[90.48,23.0407]],[[90.5003,23.0214],[90.5034,23.0104],[90.5044,23.0251],[90.5003,23.0214]],[[90.479,23.1329],[90.4645,23.1499],[90.4571,23.1226],[90.479,23.1329]],[[90.586,23.2534],[90.5713,23.2467],[90.5803,23.239],[90.586,23.2534]],[[90.4311,23.3598],[90.3478,23.3944],[90.4206,23.3182],[90.4532,23.3159],[90.4311,23.3598]],[[90.3463,23.3767],[90.306,23.3773],[90.2989,23.3679],[90.3463,23.3767]],[[90.6803,22.9808],[90.6485,22.9847],[90.6481,22.9807],[90.6935,22.9571],[90.6803,22.9808]],[[90.6432,22.9568],[90.6311,22.9633],[90.6418,22.9551],[90.6432,22.9568]],[[90.4754,22.8618],[90.4624,22.8375],[90.4846,22.8396],[90.5568,22.7903],[90.6438,22.8594],[90.6496,22.8941],[90.5483,22.9438],[90.5521,22.9054],[90.5329,22.8745],[90.4754,22.8618]],[[90.6521,22.8487],[90.6724,22.8819],[90.6554,22.8821],[90.6521,22.8487]],[[90.6745,22.8379],[90.6912,22.8563],[90.6692,22.8416],[90.6745,22.8379]],[[90.6322,22.838],[90.6453,22.8443],[90.6454,22.8492],[90.639,22.8478],[90.6322,22.838]],[[90.6815,22.8128],[90.7021,22.8276],[90.6665,22.8261],[90.6815,22.8128]],[[90.5967,22.7911],[90.6197,22.783],[90.6628,22.8097],[90.6362,22.8136],[90.5967,22.7911]],[[90.8018,22.7834],[90.8618,22.6339],[90.9144,22.5899],[90.9401,22.5911],[90.9256,22.5787],[90.955,22.5481],[90.9943,22.5409],[91.0438,22.5696],[91.0248,22.5766],[91.048,22.5926],[91.0553,22.5807],[91.0534,22.6162],[91.0292,22.6419],[91.0357,22.6706],[90.9658,22.7155],[91.0079,22.7052],[91.0202,22.7154],[90.9414,22.8032],[90.9095,22.8108],[90.8018,22.7834]],[[91.3389,22.7194],[91.3544,22.7304],[91.3474,22.7548],[91.3124,22.7514],[91.3389,22.7194]],[[91.1311,22.7361],[91.2122,22.7042],[91.2357,22.7099],[91.2165,22.7007],[91.2707,22.6674],[91.2996,22.7012],[91.2876,22.7209],[91.228,22.7451],[91.1311,22.7361]],[[91.2933,22.6646],[91.2851,22.6791],[91.2806,22.6642],[91.2933,22.6646]],[[91.389,22.577],[91.3798,22.4944],[91.4007,22.4361],[91.4551,22.3987],[91.476,22.3492],[91.5161,22.3469],[91.5582,22.4111],[91.5454,22.4693],[91.4389,22.6389],[91.3567,22.66],[91.389,22.577]],[[91.1715,22.4341],[91.1923,22.4062],[91.2028,22.4248],[91.1715,22.4341]],[[91.1388,22.5159],[91.1641,22.4814],[91.1942,22.4744],[91.1756,22.5187],[91.1388,22.5159]],[[91.1976,22.5092],[91.2079,22.4964],[91.2106,22.4958],[91.2093,22.5065],[91.1976,22.5092]],[[91.3048,22.5574],[91.2663,22.6246],[91.2173,22.6408],[91.2151,22.6068],[91.2417,22.5466],[91.2704,22.5356],[91.3048,22.5574]],[[91.0278,22.5595],[91.0238,22.553],[91.0326,22.5576],[91.0278,22.5595]],[[91.0886,22.5983],[91.1284,22.6708],[91.1122,22.7],[91.0663,22.7043],[91.0449,22.6359],[91.0582,22.6391],[91.0658,22.569],[91.0853,22.553],[91.0886,22.5983]],[[91.0344,22.6788],[91.0483,22.7024],[91.0372,22.709],[91.0146,22.698],[91.0344,22.6788]],[[91.1656,22.5866],[91.1644,22.6325],[91.138,22.6637],[91.0918,22.5984],[91.0996,22.5702],[91.1199,22.5624],[91.1656,22.5866]],[[90.7979,22.6567],[90.8217,22.6601],[90.8039,22.6905],[90.7931,22.6879],[90.7979,22.6567]],[[90.799,22.7097],[90.8021,22.7146],[90.7923,22.7182],[90.799,22.7097]],[[90.4579,22.8101],[90.4912,22.8191],[90.4876,22.8323],[90.4547,22.8299],[90.4579,22.8101]],[[90.6003,22.7771],[90.5676,22.7785],[90.571,22.7444],[90.5747,22.7445],[90.6003,22.7771]],[[91.0327,22.4988],[91.0105,22.4957],[91.0252,22.4846],[91.0327,22.4988]],[[90.9955,22.4486],[90.9984,22.4666],[90.9838,22.4754],[90.9757,22.458],[90.9955,22.4486]],[[91.0338,22.4077],[91.0254,22.4465],[91.0183,22.4451],[91.018,22.4086],[91.0338,22.4077]],[[90.9577,22.2223],[90.9881,22.3451],[90.9681,22.3788],[90.9352,22.2185],[90.9577,22.2223]],[[90.9913,22.2609],[90.9827,22.251],[90.9792,22.2365],[90.989,22.2459],[90.9913,22.2609]],[[90.9751,22.2175],[90.9819,22.1761],[90.9954,22.2463],[90.9751,22.2175]],[[91.0382,22.2043],[91.0396,22.1839],[91.0461,22.1954],[91.0382,22.2043]],[[90.9306,22.1986],[90.9272,22.2134],[90.9265,22.1974],[90.9306,22.1986]],[[90.8316,22.2133],[90.8322,22.1853],[90.8394,22.2206],[90.8316,22.2133]],[[90.6783,23.3582],[90.6734,23.3486],[90.6816,23.3461],[90.6783,23.3582]],[[90.5686,23.4417],[90.5754,23.4453],[90.5742,23.4501],[90.5686,23.4417]],[[90.5401,23.475],[90.544,23.4543],[90.5557,23.4454],[90.5615,23.4807],[90.5401,23.475]],[[90.6669,23.5232],[90.6961,23.522],[90.6517,23.606],[90.5632,23.583],[90.58,23.5629],[90.5851,23.4883],[90.6669,23.5232]],[[90.5726,23.5117],[90.5756,23.5199],[90.5573,23.5384],[90.5726,23.5117]],[[90.5668,23.5437],[90.5566,23.5649],[90.5521,23.5666],[90.5542,23.5553],[90.5668,23.5437]],[[90.6019,23.6062],[90.6195,23.6099],[90.6261,23.6259],[90.6019,23.6062]],[[90.6554,23.6582],[90.6428,23.6569],[90.637,23.6141],[90.6474,23.6139],[90.6554,23.6582]],[[90.6841,23.6613],[90.6694,23.6628],[90.6797,23.6534],[90.6841,23.6613]],[[90.7287,23.6768],[90.6989,23.6808],[90.6919,23.6689],[90.7168,23.6597],[90.7287,23.6768]],[[90.6529,23.6724],[90.6641,23.6736],[90.6474,23.6798],[90.6529,23.6724]],[[90.6614,23.6579],[90.6536,23.6235],[90.6684,23.59],[90.6956,23.5734],[90.7284,23.5956],[90.7358,23.6271],[90.7598,23.6309],[90.7322,23.6524],[90.6769,23.6476],[90.6614,23.6579]],[[90.6789,23.5747],[90.6905,23.5679],[90.6804,23.5794],[90.6789,23.5747]],[[90.6949,23.5552],[90.6936,23.5641],[90.6892,23.5562],[90.6949,23.5552]],[[90.6906,23.5452],[90.7019,23.5256],[90.7032,23.5522],[90.6906,23.5452]],[[90.658,23.4934],[90.6821,23.4877],[90.6905,23.495],[90.6637,23.5167],[90.6436,23.5019],[90.6691,23.4955],[90.658,23.4934]],[[90.6987,23.5035],[90.7056,23.4991],[90.702,23.5148],[90.6987,23.5035]],[[90.6184,23.4883],[90.6132,23.4946],[90.6087,23.4896],[90.6184,23.4883]],[[90.7319,23.6849],[90.7146,23.7266],[90.6946,23.6848],[90.7319,23.6849]],[[90.4244,23.6027],[90.4309,23.5885],[90.4335,23.558],[90.4432,23.5992],[90.4244,23.6027]],[[90.4398,23.5559],[90.4697,23.5534],[90.4731,23.5702],[90.4398,23.5559]],[[90.408,23.5882],[90.4285,23.5723],[90.4039,23.6053],[90.408,23.5882]],[[90.4997,23.5828],[90.4791,23.5844],[90.4477,23.6043],[90.4538,23.5754],[90.4997,23.5828]],[[90.4177,23.611],[90.3909,23.6159],[90.3893,23.6113],[90.3979,23.6086],[90.4177,23.611]],[[90.4646,23.6349],[90.3979,23.6982],[90.3713,23.6956],[90.313,23.7323],[90.3085,23.7608],[90.2876,23.7327],[90.2617,23.7243],[90.288,23.6726],[90.3645,23.63],[90.3978,23.6253],[90.3878,23.6461],[90.415,23.624],[90.429,23.6419],[90.4239,23.6183],[90.4381,23.6157],[90.4646,23.6349]],[[90.2416,23.792],[90.2118,23.7551],[90.2259,23.725],[90.2522,23.7467],[90.2416,23.792]],[[90.351,23.728],[90.3291,23.7271],[90.3547,23.715],[90.351,23.728]],[[90.2026,23.8355],[90.1436,23.827],[90.1171,23.8704],[90.1157,23.8541],[90.0872,23.8364],[90.1342,23.812],[90.1823,23.8071],[90.2054,23.8221],[90.2236,23.8068],[90.2338,23.8213],[90.2026,23.8355]],[[90.2303,23.4706],[90.2263,23.4785],[90.2255,23.4789],[90.2303,23.4706]],[[90.2035,23.4881],[90.199,23.4973],[90.1838,23.5031],[90.1865,23.4972],[90.2035,23.4881]],[[90.1143,23.5944],[90.0918,23.6166],[90.0878,23.6174],[90.1143,23.5944]],[[89.928,23.6854],[89.9318,23.6995],[89.8987,23.7073],[89.902,23.7014],[89.928,23.6854]],[[89.8651,23.7143],[89.8706,23.7082],[89.8759,23.7073],[89.8651,23.7143]],[[89.8686,23.7271],[89.8652,23.7226],[89.8746,23.7189],[89.8686,23.7271]],[[89.8515,23.7281],[89.8568,23.7306],[89.8513,23.7308],[89.8515,23.7281]],[[89.7825,23.7541],[89.8007,23.7336],[89.7868,23.7639],[89.7825,23.7541]],[[89.7758,23.7887],[89.7426,23.8008],[89.7791,23.7421],[89.7758,23.7887]],[[89.6826,23.8011],[89.741,23.7775],[89.7424,23.7792],[89.718,23.8016],[89.6826,23.8011]],[[89.6341,23.7937],[89.6412,23.7843],[89.6763,23.7912],[89.6716,23.8044],[89.6341,23.7937]],[[89.62,23.8056],[89.5704,23.8117],[89.5465,23.7973],[89.62,23.8056]],[[89.4901,23.8208],[89.4921,23.8079],[89.5155,23.7856],[89.5325,23.8154],[89.4901,23.8208]],[[89.6912,23.932],[89.6953,23.9025],[89.7311,23.8789],[89.7101,23.9194],[89.6912,23.932]],[[89.6775,23.9107],[89.6726,23.9407],[89.6645,23.9423],[89.6775,23.9107]],[[89.3709,23.9404],[89.3189,23.9428],[89.2905,23.9349],[89.3149,23.8989],[89.3518,23.8926],[89.3757,23.9191],[89.3709,23.9404]],[[89.328,23.8813],[89.3448,23.8902],[89.3139,23.8911],[89.328,23.8813]],[[89.2448,23.934],[89.2314,23.9586],[89.1825,23.9548],[89.2241,23.9316],[89.2358,23.9322],[89.2298,23.9463],[89.2448,23.934]],[[89.3758,23.9121],[89.4094,23.9158],[89.4108,23.9196],[89.3758,23.9121]],[[90.3152,21.8232],[90.3173,21.8476],[90.2964,21.835],[90.3152,21.8232]],[[90.4244,21.8179],[90.4438,21.8237],[90.4388,21.8346],[90.4182,21.8319],[90.4244,21.8179]],[[89.783,21.8145],[89.7806,21.8233],[89.7733,21.8198],[89.783,21.8145]],[[90.0904,21.8955],[90.0953,21.9352],[90.077,21.972],[90.0309,21.9602],[90.0198,21.904],[90.0414,21.8442],[90.0215,21.8445],[90.0593,21.8322],[90.1036,21.8865],[90.0904,21.8955]],[[89.9604,21.915],[89.9725,21.9238],[89.9606,21.9471],[89.9434,21.9296],[89.9604,21.915]],[[90.2713,22.3515],[90.2892,22.3548],[90.2864,22.3644],[90.2713,22.3515]],[[89.8716,22.2411],[89.8656,22.2576],[89.8619,22.258],[89.8616,22.2442],[89.8716,22.2411]],[[89.768,21.8485],[89.7771,21.856],[89.7553,21.8507],[89.768,21.8485]],[[89.6547,21.8592],[89.6633,21.8709],[89.6541,21.8891],[89.6452,21.8736],[89.6547,21.8592]],[[90.4467,21.7712],[90.4497,21.7657],[90.4519,21.7673],[90.4467,21.7712]],[[89.612,21.7854],[89.5511,21.8496],[89.5315,21.8307],[89.5646,21.7513],[89.5581,21.7187],[89.581,21.7062],[89.6231,21.7109],[89.593,21.7477],[89.612,21.7854]],[[90.3554,21.7449],[90.3603,21.7406],[90.3622,21.7465],[90.3554,21.7449]],[[89.3448,21.6914],[89.3532,21.7075],[89.3397,21.7212],[89.3353,21.6995],[89.3448,21.6914]],[[89.2629,21.6943],[89.2843,21.7036],[89.2939,21.7417],[89.2729,21.7581],[89.2401,21.7552],[89.2199,21.7399],[89.2319,21.7014],[89.1998,21.6592],[89.2517,21.6457],[89.2953,21.6711],[89.2926,21.6939],[89.2629,21.6943]],[[89.5495,21.9638],[89.5431,21.868],[89.565,21.9289],[89.5495,21.9638]],[[89.3202,21.8415],[89.329,21.8185],[89.3284,21.8442],[89.3377,21.8368],[89.3482,21.7823],[89.3747,21.8824],[89.3202,21.8415]],[[88.8365,21.6017],[88.8383,21.5541],[88.8767,21.5332],[88.9119,21.5463],[88.8959,21.5858],[88.8365,21.6017]],[[88.5417,21.5772],[88.4997,21.5997],[88.4864,21.5467],[88.5403,21.5249],[88.5417,21.5772]],[[88.214,21.5284],[88.1999,21.57],[88.1919,21.5548],[88.1738,21.5858],[88.1994,21.5328],[88.214,21.5284]],[[88.5654,21.556],[88.5955,21.5862],[88.5929,21.607],[88.5266,21.6569],[88.5161,21.6059],[88.5654,21.556]],[[88.483,21.6798],[88.4587,21.7307],[88.4865,21.7932],[88.4564,21.7929],[88.432,21.7436],[88.4436,21.7026],[88.4273,21.6899],[88.427,21.6599],[88.4483,21.6233],[88.4295,21.6003],[88.4526,21.6002],[88.483,21.6798]],[[88.5208,21.7721],[88.5298,21.7965],[88.5144,21.7732],[88.5208,21.7721]],[[88.5077,21.7601],[88.5469,21.7055],[88.5699,21.7091],[88.5808,21.6629],[88.5642,21.6419],[88.6125,21.6055],[88.6017,21.6541],[88.6154,21.679],[88.58,21.7201],[88.5666,21.7684],[88.5779,21.7923],[88.5469,21.8165],[88.5331,21.7746],[88.5077,21.7601]],[[88.4879,21.8349],[88.46,21.812],[88.4987,21.7993],[88.5072,21.8212],[88.4879,21.8349]],[[88.6124,21.8141],[88.622,21.8302],[88.6002,21.8509],[88.5834,21.8142],[88.6216,21.7992],[88.6124,21.8141]],[[88.6451,21.7857],[88.6618,21.87],[88.6384,21.8686],[88.6242,21.8974],[88.601,21.8612],[88.627,21.8319],[88.6272,21.7976],[88.6451,21.7857]],[[88.6598,21.8763],[88.6735,21.917],[88.6414,21.9225],[88.6271,21.9038],[88.6434,21.8737],[88.6598,21.8763]],[[88.5942,21.7781],[88.5968,21.7582],[88.6277,21.7412],[88.6302,21.7314],[88.6055,21.7109],[88.6178,21.7021],[88.6374,21.7259],[88.6329,21.7736],[88.6205,21.7879],[88.5942,21.7781]],[[88.6902,21.6844],[88.7252,21.6306],[88.7166,21.5718],[88.7445,21.5602],[88.7996,21.5749],[88.804,21.5975],[88.782,21.6162],[88.7787,21.6526],[88.7542,21.6466],[88.7156,21.6773],[88.6971,21.7184],[88.6902,21.6844]],[[88.6403,21.6806],[88.6459,21.6462],[88.6509,21.6829],[88.6403,21.6806]],[[88.6158,21.7249],[88.6224,21.7421],[88.5909,21.7566],[88.587,21.7766],[88.5729,21.7718],[88.5867,21.7213],[88.6158,21.7249]],[[88.5721,21.6764],[88.5671,21.6982],[88.5494,21.6979],[88.5229,21.7156],[88.5332,21.6558],[88.5514,21.6386],[88.5721,21.6764]],[[88.7183,22.0018],[88.6571,22.0123],[88.6377,21.9547],[88.6871,21.9454],[88.7183,22.0018]],[[88.6836,22.0086],[88.6743,22.0171],[88.6732,22.0152],[88.6836,22.0086]],[[88.4961,21.9076],[88.4991,21.8985],[88.5039,21.9058],[88.4961,21.9076]],[[88.3508,21.6151],[88.3518,21.6872],[88.3233,21.7035],[88.316,21.615],[88.3264,21.6021],[88.3508,21.6151]],[[88.3649,21.688],[88.4047,21.7167],[88.3714,21.7272],[88.3936,21.7418],[88.3928,21.7648],[88.353,21.7483],[88.3579,21.7201],[88.3486,21.7126],[88.3649,21.688]],[[88.3528,21.7212],[88.3493,21.7566],[88.3867,21.768],[88.3864,21.7918],[88.3467,21.7984],[88.3104,21.7792],[88.3143,21.7168],[88.3345,21.7054],[88.3365,21.7285],[88.3528,21.7212]],[[88.3078,21.7303],[88.3015,21.7348],[88.3061,21.7207],[88.3078,21.7303]],[[88.224,21.6078],[88.2218,21.6272],[88.2393,21.647],[88.2331,21.6742],[88.2144,21.6747],[88.2026,21.6903],[88.2211,21.7034],[88.2151,21.7158],[88.1876,21.6808],[88.224,21.6078]],[[88.1315,21.7347],[88.1454,21.7562],[88.1331,21.7753],[88.1075,21.7943],[88.0901,21.7851],[88.0604,21.721],[88.0576,21.6411],[88.1486,21.6257],[88.1315,21.7347]],[[88.1138,21.7999],[88.1523,21.7597],[88.1386,21.7341],[88.1438,21.6876],[88.1616,21.683],[88.1833,21.8056],[88.1506,21.8808],[88.1297,21.8712],[88.0944,21.7905],[88.1138,21.7999]],[[88.0923,21.8982],[88.0821,21.8751],[88.0934,21.8569],[88.1093,21.8728],[88.0923,21.8982]],[[88.1298,21.8925],[88.1172,21.9101],[88.0937,21.9267],[88.1162,21.8816],[88.1298,21.8925]],[[88.099,21.9318],[88.1422,21.8975],[88.1557,21.9241],[88.1176,21.9629],[88.099,21.9318]],[[88.1971,21.8345],[88.1917,21.8544],[88.1811,21.8622],[88.1971,21.8345]],[[88.2088,21.7409],[88.2156,21.7564],[88.21,21.7763],[88.2088,21.7409]],[[88.2011,21.7083],[88.2152,21.722],[88.2145,21.7307],[88.212,21.7319],[88.2011,21.7083]],[[88.1302,22.0228],[88.0965,21.9751],[88.1163,21.9723],[88.1418,22.0135],[88.1302,22.0228]],[[86.7961,20.3897],[86.8161,20.4409],[86.8043,20.4822],[86.7908,20.4204],[86.7961,20.3897]],[[86.7002,20.2874],[86.6889,20.2951],[86.6879,20.2919],[86.7002,20.2874]],[[83.4556,17.9161],[83.4612,17.9044],[83.4662,17.9166],[83.4556,17.9161]],[[82.3479,16.6034],[82.3466,16.6111],[82.3413,16.607],[82.3479,16.6034]],[[78.824,9.1593],[78.8271,9.1532],[78.8333,9.1667],[78.824,9.1593]],[[78.9463,9.1779],[78.9116,9.1797],[78.9002,9.172],[78.9362,9.1745],[78.9463,9.1779]],[[79.0938,9.1926],[79.0712,9.2024],[79.0642,9.1945],[79.0888,9.1881],[79.0938,9.1926]],[[79.2048,9.2328],[79.1847,9.2426],[79.1907,9.2307],[79.1987,9.2283],[79.2048,9.2328]],[[79.2282,9.2423],[79.2167,9.2457],[79.2097,9.2387],[79.2163,9.2428],[79.2282,9.2423]],[[80.1173,9.2072],[80.0751,9.1047],[80.0857,9.0999],[80.0403,9.0133],[79.9122,8.9299],[79.9358,8.8913],[79.919,8.8188],[79.9307,8.8147],[79.9184,8.8083],[79.9401,8.8068],[79.9248,8.7907],[79.9558,8.7174],[79.9414,8.6155],[79.9193,8.5846],[79.9263,8.559],[79.8709,8.5352],[79.8632,8.4496],[79.8445,8.4289],[79.8362,8.3011],[79.8584,8.2846],[79.8476,8.2742],[79.8342,8.2919],[79.8101,8.2374],[79.7897,8.2301],[79.8095,8.2174],[79.7946,8.2203],[79.8154,8.2037],[79.8338,8.1396],[79.7948,8.0793],[79.8086,8.0611],[79.7896,8.0682],[79.834,8.0071],[79.8265,7.9206],[79.8082,7.8839],[79.8186,7.9719],[79.7426,8.0],[79.7541,8.0582],[79.7316,8.0868],[79.7492,8.1829],[79.7404,8.2008],[79.7688,8.2156],[79.7766,8.2541],[79.7573,8.2571],[79.7655,8.2739],[79.7511,8.2617],[79.7563,8.3071],[79.7812,8.3497],[79.7381,8.28],[79.7179,8.2167],[79.6984,8.2138],[79.7064,8.0445],[79.7513,7.9316],[79.7977,7.7275],[79.8027,7.4826],[79.8445,7.2761],[79.8592,7.2756],[79.819,7.1934],[79.869,7.0027],[79.8712,6.9756],[79.8431,6.9333],[79.8687,6.8057],[79.9796,6.5149],[79.9866,6.4771],[79.9746,6.464],[80.0252,6.3364],[80.0314,6.2656],[80.0986,6.1289],[80.2186,6.022],[80.2372,6.0297],[80.2442,6.0069],[80.3828,5.9595],[80.4179,5.955],[80.4357,5.969],[80.4711,5.9359],[80.5532,5.9411],[80.5868,5.9168],[80.6641,5.9575],[80.7202,5.9607],[80.8255,6.0415],[80.8659,6.0408],[81.0167,6.1071],[81.1336,6.1174],[81.178,6.1441],[81.197,6.1776],[81.1946,6.1576],[81.2222,6.1589],[81.3285,6.1945],[81.4869,6.3055],[81.522,6.3525],[81.56,6.3612],[81.6135,6.4056],[81.5973,6.4241],[81.6518,6.4367],[81.7003,6.482],[81.7324,6.5669],[81.7664,6.592],[81.7759,6.6639],[81.8279,6.7586],[81.8084,6.7647],[81.8249,6.7653],[81.8233,6.8088],[81.8444,6.8344],[81.8211,6.8621],[81.8397,6.8542],[81.8483,6.8675],[81.8518,6.8884],[81.8364,6.8853],[81.8729,6.9669],[81.8578,6.9672],[81.8489,6.9896],[81.8704,6.9789],[81.8813,7.0267],[81.8586,7.0907],[81.8718,7.3159],[81.7713,7.6448],[81.6999,7.7536],[81.6544,7.7729],[81.6268,7.8247],[81.593,7.83],[81.5671,7.8981],[81.5874,7.921],[81.5686,7.9227],[81.4769,8.0343],[81.4078,8.2419],[81.3937,8.3567],[81.353,8.4909],[81.3222,8.5224],[81.2831,8.5032],[81.2809,8.4568],[81.2958,8.4465],[81.304,8.4583],[81.304,8.4326],[81.2624,8.4569],[81.1977,8.4615],[81.1896,8.5018],[81.2119,8.5077],[81.1927,8.5665],[81.2261,8.5695],[81.2257,8.5323],[81.2471,8.5458],[81.2451,8.5793],[81.2298,8.581],[81.2208,8.6062],[81.2267,8.6475],[81.1048,8.8126],[81.0875,8.8584],[81.0589,8.8595],[81.021,8.9048],[81.013,8.8911],[81.0102,8.929],[80.993,8.918],[81.0005,8.9388],[80.8841,9.122],[80.8117,9.2909],[80.3657,9.6603],[80.2534,9.8191],[80.2147,9.8314],[80.1056,9.8059],[79.9772,9.8033],[79.9099,9.7587],[79.948,9.6871],[79.971,9.7077],[80.0176,9.6509],[80.0876,9.6249],[80.054,9.5979],[80.1461,9.5361],[80.1861,9.4827],[80.1466,9.4347],[80.0549,9.3914],[80.0676,9.3287],[80.0914,9.3239],[80.1278,9.2906],[80.1116,9.2768],[80.1173,9.2072]],[[80.0006,9.2666],[80.0067,9.2814],[80.0026,9.2875],[79.9981,9.2817],[80.0006,9.2666]],[[79.9843,9.3061],[79.9709,9.2916],[79.9758,9.2788],[79.9918,9.2845],[79.9843,9.3061]],[[80.0843,9.3181],[80.0761,9.3176],[80.0916,9.3117],[80.0843,9.3181]],[[80.0553,9.3316],[80.0581,9.3448],[80.0579,9.3456],[80.0553,9.3316]],[[80.0154,9.4668],[80.0174,9.4802],[80.0059,9.4858],[80.0054,9.4812],[80.0154,9.4668]],[[79.7251,9.5226],[79.6884,9.5211],[79.6746,9.5498],[79.653,9.5535],[79.6583,9.5031],[79.7176,9.475],[79.7251,9.5226]],[[79.8639,9.6054],[79.8325,9.5865],[79.8148,9.6248],[79.8055,9.5805],[79.8582,9.568],[79.8639,9.6054]],[[79.7958,9.5809],[79.7995,9.5898],[79.7955,9.5892],[79.7958,9.5809]],[[79.7754,9.6198],[79.7637,9.5927],[79.7733,9.5849],[79.7754,9.6198]],[[79.8543,9.6348],[79.8559,9.6243],[79.8632,9.6188],[79.8648,9.6259],[79.8543,9.6348]],[[79.9196,9.6311],[79.9701,9.6115],[79.9842,9.6281],[79.9358,9.6525],[79.9334,9.6776],[79.9084,9.6712],[79.9108,9.6559],[79.8868,9.6968],[79.8435,9.7013],[79.8611,9.6581],[79.8766,9.6666],[79.8743,9.6348],[79.9068,9.6135],[79.9196,9.6311]],[[79.7752,9.6794],[79.7643,9.6596],[79.7759,9.6457],[79.7856,9.6697],[79.7752,9.6794]],[[79.7918,9.6851],[79.7937,9.68],[79.7943,9.687],[79.7918,9.6851]],[[79.8158,9.7103],[79.8091,9.6937],[79.8128,9.6842],[79.8158,9.7103]],[[79.8922,9.7076],[79.8977,9.7621],[79.8644,9.7594],[79.8538,9.7135],[79.8922,9.7076]],[[80.0135,9.6387],[80.009,9.6453],[80.0065,9.645],[80.0135,9.6387]],[[80.0,9.6437],[79.9936,9.6407],[80.0064,9.6328],[80.0,9.6437]],[[79.9663,9.6074],[79.9864,9.5962],[79.9989,9.6005],[80.0061,9.6272],[79.9663,9.6074]],[[79.8431,9.6077],[79.8466,9.6175],[79.8414,9.613],[79.8431,9.6077]],[[79.8336,9.6055],[79.8273,9.6121],[79.8256,9.6075],[79.8336,9.6055]],[[81.2077,8.5364],[81.2108,8.5453],[81.2059,8.54],[81.2077,8.5364]],[[79.8009,8.3335],[79.8083,8.3215],[79.8028,8.3366],[79.8009,8.3335]],[[79.8009,8.2925],[79.7926,8.2999],[79.7975,8.2909],[79.8009,8.2925]],[[79.7777,8.261],[79.7844,8.2605],[79.7791,8.2723],[79.7777,8.261]],[[79.8027,8.1732],[79.8083,8.166],[79.8053,8.174],[79.8027,8.1732]],[[79.8199,7.9542],[79.8229,7.9447],[79.822,7.9553],[79.8199,7.9542]],[[79.7939,8.368],[79.7958,8.3849],[79.7887,8.3867],[79.7939,8.368]],[[79.7756,8.4782],[79.7932,8.4172],[79.7801,8.526],[79.7756,8.4782]],[[79.8849,8.9512],[79.9178,8.902],[79.923,8.8973],[79.8849,8.9512]],[[79.901,8.9405],[79.8959,8.9545],[79.891,8.9493],[79.901,8.9405]],[[79.9039,8.9383],[79.9145,8.9439],[79.9106,8.9483],[79.9039,8.9383]],[[79.8567,9.0549],[79.8808,9.0304],[79.9171,9.008],[79.9283,9.0085],[79.8444,9.0816],[79.7305,9.1063],[79.6953,9.0992],[79.7063,9.0763],[79.8163,9.0326],[79.889,8.9579],[79.9232,8.9722],[79.8567,9.0549]],[[79.6883,9.071],[79.689,9.075],[79.6856,9.0729],[79.6883,9.071]],[[78.5892,9.0978],[78.5825,9.1049],[78.5753,9.0966],[78.5892,9.0978]],[[95.0568,15.7419],[95.0263,15.7323],[95.0196,15.7162],[95.0606,15.7203],[95.0568,15.7419]],[[95.1831,15.6708],[95.2005,15.6672],[95.2075,15.6737],[95.2044,15.6826],[95.1831,15.6708]],[[95.2708,15.6782],[95.2634,15.6823],[95.2641,15.6731],[95.2708,15.6782]],[[95.1104,15.6706],[95.1155,15.6605],[95.119,15.6651],[95.1104,15.6706]],[[95.0564,15.6728],[95.0567,15.6656],[95.0717,15.6793],[95.0564,15.6728]],[[95.9519,16.2719],[95.9563,16.3263],[95.9399,16.3786],[95.913,16.3313],[95.9178,16.273],[95.8912,16.2219],[95.871,16.2021],[95.9064,16.2095],[95.9519,16.2719]],[[95.8727,16.2216],[95.8876,16.2228],[95.8943,16.2393],[95.8727,16.2216]],[[95.9104,16.2657],[95.9078,16.2866],[95.9016,16.2554],[95.9104,16.2657]],[[95.9291,16.3683],[95.9334,16.3835],[95.9277,16.3687],[95.9291,16.3683]],[[95.9437,16.3836],[95.9515,16.3792],[95.9477,16.39],[95.9437,16.3836]],[[95.9325,16.3958],[95.9399,16.3965],[95.9327,16.3981],[95.9325,16.3958]],[[95.9658,16.3464],[95.9924,16.3898],[95.9586,16.4063],[95.9522,16.3705],[95.9658,16.3464]],[[95.9967,16.3988],[96.0038,16.385],[96.0071,16.3859],[95.9967,16.3988]],[[95.9703,16.3017],[95.927,16.2097],[95.9833,16.2221],[96.0412,16.2625],[96.0819,16.3101],[96.0736,16.3414],[95.9938,16.382],[95.971,16.3446],[95.9703,16.3017]],[[96.0721,16.3487],[96.0805,16.3436],[96.0648,16.3563],[96.0721,16.3487]],[[95.9615,16.2951],[95.9672,16.3175],[95.9577,16.3487],[95.9577,16.3129],[95.9615,16.2951]],[[96.3095,16.4759],[96.3118,16.4667],[96.3192,16.4688],[96.3095,16.4759]],[[97.1989,16.8658],[97.183,16.8705],[97.1871,16.8463],[97.1989,16.8658]],[[97.4623,16.4779],[97.4635,16.4543],[97.4418,16.4469],[97.482,16.3525],[97.4565,16.3187],[97.5084,16.2396],[97.5591,16.2244],[97.5721,16.2436],[97.5683,16.3141],[97.5904,16.3597],[97.5794,16.3995],[97.6115,16.4467],[97.6134,16.4781],[97.6081,16.4883],[97.5793,16.4835],[97.5023,16.5124],[97.4465,16.4702],[97.4623,16.4779]],[[97.5339,16.514],[97.5467,16.5019],[97.5553,16.5053],[97.5449,16.512],[97.5339,16.514]],[[97.5998,16.5168],[97.5554,16.5234],[97.6083,16.5084],[97.5998,16.5168]],[[97.5076,16.5229],[97.5211,16.5336],[97.4991,16.5271],[97.5076,16.5229]],[[97.651,16.5202],[97.6492,16.5078],[97.6558,16.5234],[97.651,16.5202]],[[97.5718,16.4957],[97.5739,16.4879],[97.5905,16.4882],[97.5718,16.4957]],[[97.6051,16.4101],[97.601,16.3972],[97.6046,16.3789],[97.6131,16.3953],[97.6051,16.4101]],[[97.6124,16.2905],[97.5912,16.331],[97.5769,16.2936],[97.5936,16.2399],[97.6124,16.2905]],[[97.6552,15.494],[97.6608,15.5668],[97.6504,15.5634],[97.6462,15.5884],[97.6552,15.494]],[[97.7301,15.2004],[97.7408,15.2026],[97.7351,15.2072],[97.7301,15.2004]],[[97.7371,15.088],[97.744,15.0871],[97.7381,15.0962],[97.7371,15.088]],[[97.7274,15.0641],[97.7359,15.0584],[97.739,15.0756],[97.7274,15.0641]],[[97.7657,14.4339],[97.777,14.4412],[97.7657,14.4376],[97.7657,14.4339]],[[97.7746,14.4127],[97.7677,14.3957],[97.7802,14.389],[97.7871,14.4064],[97.7746,14.4127]],[[97.8067,14.2813],[97.8002,14.2718],[97.8071,14.2613],[97.8171,14.2704],[97.8067,14.2813]],[[97.8243,14.1837],[97.7883,14.176],[97.7792,14.1517],[97.7919,14.1344],[97.8243,14.1837]],[[97.8085,14.1093],[97.8244,14.1246],[97.8044,14.1357],[97.7987,14.1267],[97.8085,14.1093]],[[97.9111,13.9417],[97.9021,13.9267],[97.9173,13.8862],[97.919,13.911],[97.9111,13.9417]],[[97.9167,13.8682],[97.9026,13.797],[97.9134,13.7836],[97.9272,13.8188],[97.9167,13.8682]],[[97.6435,16.5772],[97.6276,16.5296],[97.6425,16.5286],[97.6647,16.5554],[97.6435,16.5772]],[[97.6261,16.6184],[97.6122,16.58],[97.6325,16.5706],[97.6445,16.6024],[97.6261,16.6184]],[[97.6515,16.5872],[97.6508,16.5698],[97.6534,16.5681],[97.6515,16.5872]],[[97.7111,16.5602],[97.7045,16.5644],[97.7036,16.5633],[97.7111,16.5602]],[[96.8356,17.4048],[96.792,17.4828],[96.7385,17.4383],[96.7884,17.3795],[96.819,17.3837],[96.8356,17.4048]],[[96.7677,17.3663],[96.778,17.3694],[96.7776,17.3754],[96.7677,17.3663]],[[96.6653,17.3236],[96.6759,17.3463],[96.655,17.3371],[96.6653,17.3236]],[[96.3047,16.8419],[96.3085,16.8575],[96.3033,16.8612],[96.3047,16.8419]],[[95.2606,15.8575],[95.3489,16.0],[95.3264,16.0786],[95.2842,16.0323],[95.273,15.9563],[95.2366,15.8652],[95.2606,15.8575]],[[95.2598,15.9769],[95.241,15.9118],[95.2678,15.9852],[95.2598,15.9769]],[[95.3453,15.9714],[95.3384,15.9631],[95.3396,15.9546],[95.3453,15.9583],[95.3453,15.9714]],[[95.313,15.9345],[95.3321,15.9424],[95.3327,15.9568],[95.313,15.9345]],[[95.3131,16.1581],[95.3263,16.1146],[95.3641,16.1565],[95.3666,16.2017],[95.3251,16.1811],[95.3131,16.1581]],[[95.0637,15.8104],[95.0697,15.8263],[95.0646,15.8444],[95.0534,15.8195],[95.0637,15.8104]],[[95.0649,15.8676],[95.0651,15.8834],[95.0628,15.8664],[95.0649,15.8676]],[[95.1207,15.9944],[95.104,15.939],[95.1186,15.9526],[95.1207,15.9944]],[[95.1026,15.9778],[95.1377,16.0363],[95.1854,16.028],[95.1806,16.075],[95.2087,16.1057],[95.1719,16.1117],[95.1202,16.0802],[95.0962,16.0279],[95.1026,15.9778]],[[95.0846,16.0328],[95.0752,16.0156],[95.0807,16.0085],[95.0846,16.0328]],[[95.1454,16.1152],[95.1617,16.1199],[95.1399,16.1177],[95.1454,16.1152]],[[95.1362,16.1514],[95.1272,16.1448],[95.1277,16.1379],[95.1362,16.1514]],[[94.8599,16.0582],[94.8423,16.0604],[94.8099,15.9774],[94.8491,16.0],[94.8599,16.0582]],[[94.6647,15.9598],[94.6672,15.9685],[94.6578,15.9625],[94.6647,15.9598]],[[94.6923,16.0023],[94.7214,16.0352],[94.7171,16.0504],[94.6923,16.0023]]],[[[96.1629,4.0011],[96.0758,4.0936],[95.9344,4.205],[95.5473,4.4573],[95.4013,4.592],[95.3217,4.6995],[95.1838,5.0113],[95.0874,5.3894],[94.8934,5.6841],[94.8966,5.7373],[94.9195,5.7819],[94.9805,5.8513],[95.0578,5.9073],[95.2172,5.9658],[95.3785,5.9602],[95.4465,5.9019],[95.5148,5.7796],[95.5734,5.7149],[95.6529,5.6918],[95.7979,5.7027],[95.8915,5.6825],[95.9815,5.608],[96.1233,5.4323],[96.211,5.3864],[96.3332,5.3504],[96.5478,5.3375],[96.7964,5.3981],[96.9375,5.4127],[97.032,5.3928],[97.1407,5.3244],[97.2185,5.3043],[97.3066,5.3276],[97.4619,5.4052],[97.5868,5.3981],[97.6919,5.3487],[97.7904,5.2716],[97.8948,5.1607],[97.9791,5.0354],[98.0,4.9963],[97.9994,4.6036],[97.9946,4.6349],[97.9615,4.668],[97.9619,4.7262],[97.9036,4.8846],[97.806,4.9341],[97.648,5.0751],[97.6525,5.1197],[97.611,5.1139],[97.6018,5.1419],[97.5722,5.1386],[97.57,5.1904],[97.5273,5.2057],[97.5468,5.2151],[97.5013,5.2528],[97.1981,5.1461],[97.1432,5.1623],[97.1448,5.2004],[97.0818,5.2327],[96.9753,5.2665],[96.8998,5.2516],[96.8303,5.2714],[96.8552,5.2774],[96.5318,5.2027],[96.4908,5.2046],[96.465,5.2376],[96.3883,5.2149],[96.2587,5.2634],[96.1823,5.2636],[96.0735,5.2928],[96.049,5.327],[95.9043,5.427],[95.879,5.5068],[95.6729,5.5857],[95.6132,5.6266],[95.5107,5.5957],[95.4651,5.6437],[95.4314,5.6564],[95.3527,5.5887],[95.3247,5.5899],[95.2806,5.5506],[95.2424,5.5512],[95.2202,5.5705],[95.1897,5.5228],[95.2295,5.4922],[95.2409,5.4467],[95.2286,5.4272],[95.2483,5.3663],[95.2389,5.3385],[95.2331,5.3582],[95.2223,5.3417],[95.2336,5.3195],[95.2156,5.3179],[95.2113,5.2699],[95.2385,5.2724],[95.2336,5.2472],[95.2503,5.2266],[95.2367,5.2204],[95.3055,5.1652],[95.3067,5.1271],[95.2825,5.1073],[95.3041,5.1067],[95.3152,5.0834],[95.3045,5.0793],[95.3623,5.0193],[95.3555,4.9992],[95.3817,4.9568],[95.3694,4.9459],[95.3756,4.9197],[95.4252,4.8339],[95.4119,4.8179],[95.4818,4.7609],[95.5387,4.6473],[95.5723,4.6567],[95.5834,4.6462],[95.5654,4.6262],[95.6081,4.6162],[95.7128,4.5268],[96.0229,4.196],[96.0536,4.206],[96.1249,4.128],[96.1485,4.1406],[96.2775,4.0],[96.1629,4.0011]],[[95.3773,4.8558],[95.387,4.8735],[95.3642,4.8746],[95.3663,4.862],[95.3773,4.8558]],[[95.1456,5.5516],[95.1651,5.5484],[95.1662,5.5611],[95.1456,5.5516]],[[95.1899,5.5783],[95.1773,5.5691],[95.2094,5.5765],[95.1899,5.5783]],[[95.1411,5.5871],[95.1864,5.6057],[95.151,5.639],[95.157,5.6496],[95.1349,5.6565],[95.139,5.6369],[95.1144,5.6003],[95.125,5.5914],[95.1356,5.6045],[95.1411,5.5871]],[[95.0781,5.6323],[95.0502,5.6374],[95.0461,5.6207],[95.0781,5.6323]],[[95.0728,5.6668],[95.1356,5.6678],[95.0694,5.7448],[95.0293,5.7484],[95.0093,5.725],[95.0456,5.7323],[95.0581,5.7165],[95.0399,5.7078],[95.0586,5.6868],[95.0418,5.6688],[95.0602,5.6681],[95.0494,5.6444],[95.0728,5.6668]],[[97.5765,5.1603],[97.5884,5.1511],[97.5769,5.1653],[97.5765,5.1603]],[[95.3634,5.8035],[95.3762,5.8079],[95.3736,5.8469],[95.3331,5.8926],[95.313,5.8913],[95.3217,5.8814],[95.2997,5.8668],[95.2949,5.837],[95.2152,5.9044],[95.218,5.8746],[95.2549,5.8439],[95.2859,5.778],[95.3354,5.7729],[95.3454,5.8252],[95.3634,5.8035]]],[[[97.9994,8.0828],[97.9101,8.1684],[97.711,8.2951],[97.6384,8.3681],[97.5208,8.5457],[97.4808,8.696],[97.5204,8.8836],[97.6652,9.1775],[97.7566,9.4266],[97.8568,9.8303],[97.8551,9.9544],[97.821,10.0656],[97.6529,10.2519],[97.5922,10.3607],[97.6201,10.4655],[97.7354,10.5802],[97.7829,10.6638],[97.7691,10.7322],[97.6944,10.827],[97.6745,10.8935],[97.7812,10.9692],[98.0,11.022],[98.0,10.5605],[97.9812,10.5704],[97.9451,10.5591],[98.0,10.5407],[98.0,10.3565],[97.9882,10.3267],[98.0,10.3201],[97.9994,8.0828]],[[97.9915,10.8362],[97.9957,10.8498],[97.9913,10.8487],[97.9915,10.8362]],[[97.8877,10.8414],[97.9448,10.867],[97.9541,10.9303],[97.9267,10.9327],[97.9043,10.9151],[97.8944,10.8946],[97.9101,10.8674],[97.8927,10.8661],[97.8877,10.8414]],[[97.8963,10.4812],[97.8986,10.3965],[97.9155,10.3923],[97.9425,10.4116],[97.9133,10.4151],[97.9207,10.4268],[97.9458,10.4198],[97.9474,10.4528],[97.9352,10.4563],[97.9494,10.4738],[97.909,10.4651],[97.9124,10.4938],[97.8963,10.4812]],[[97.9674,10.4091],[97.9637,10.4326],[97.96,10.4338],[97.9551,10.4138],[97.9674,10.4091]],[[97.9507,10.3959],[97.9396,10.4023],[97.9491,10.3912],[97.9507,10.3959]],[[97.685,10.4575],[97.6889,10.4663],[97.6794,10.4619],[97.685,10.4575]],[[97.9178,10.5166],[97.8968,10.5042],[97.8979,10.4959],[97.9126,10.4991],[97.9178,10.5166]],[[97.9521,10.3678],[97.9419,10.3598],[97.9397,10.3457],[97.9439,10.3462],[97.9521,10.3678]],[[97.9702,10.3617],[97.9676,10.347],[97.9723,10.3615],[97.9702,10.3617]],[[97.8851,10.192],[97.8737,10.2003],[97.876,10.1897],[97.8851,10.192]],[[97.9923,10.0489],[97.9857,10.0312],[97.9924,10.0227],[97.9923,10.0489]],[[97.9745,10.0747],[97.9898,10.0531],[97.9935,10.0701],[97.9745,10.0747]],[[97.9777,10.1297],[97.9885,10.1502],[97.9814,10.1764],[97.9601,10.1236],[97.9771,10.1426],[97.9777,10.1297]],[[97.9161,10.1553],[97.9269,10.147],[97.9333,10.1536],[97.9161,10.1553]],[[97.9063,9.6786],[97.9119,9.6751],[97.911,9.6816],[97.9063,9.6786]],[[97.9762,9.6376],[97.9537,9.6324],[97.9799,9.6017],[97.9762,9.6376]],[[97.8528,9.4724],[97.8604,9.4531],[97.8463,9.4465],[97.8839,9.4289],[97.8783,9.4595],[97.9106,9.4382],[97.8952,9.4815],[97.8528,9.4724]],[[97.8416,9.4253],[97.8778,9.3829],[97.8894,9.3844],[97.8645,9.4351],[97.8416,9.4253]],[[97.8266,9.4371],[97.8293,9.4279],[97.83,9.4362],[97.8266,9.4371]],[[97.875,9.3762],[97.8694,9.365],[97.8759,9.3673],[97.875,9.3762]],[[97.8194,9.0489],[97.8233,9.062],[97.8151,9.0784],[97.8101,9.0609],[97.8194,9.0489]],[[97.8006,8.8182],[97.8076,8.8264],[97.7981,8.82],[97.8006,8.8182]],[[97.6354,8.6725],[97.6391,8.6656],[97.6446,8.6708],[97.6354,8.6725]],[[97.645,8.6529],[97.6279,8.6523],[97.6449,8.615],[97.6422,8.6407],[97.645,8.6529]],[[97.6308,8.5955],[97.6375,8.5899],[97.6331,8.5957],[97.6308,8.5955]],[[97.6272,8.5645],[97.6298,8.5527],[97.6349,8.5638],[97.6272,8.5645]],[[97.6334,8.5134],[97.6336,8.5047],[97.6444,8.5005],[97.6334,8.5134]],[[97.6352,8.4879],[97.6391,8.4771],[97.6504,8.4805],[97.6352,8.4879]]],[[[97.9998,11.0961],[97.8571,11.1199],[97.7845,11.1778],[97.8074,11.2704],[97.9021,11.4136],[97.9409,11.5191],[97.9253,11.6204],[97.8572,11.764],[97.81,11.7918],[97.7501,11.7657],[97.5936,11.5938],[97.4853,11.5339],[97.4396,11.5563],[97.3828,11.613],[97.3193,11.7158],[97.2995,11.787],[97.3069,11.8583],[97.3654,11.9643],[97.5496,12.1702],[97.6383,12.3079],[97.6815,12.4741],[97.7079,12.7173],[97.7381,12.8487],[97.7599,12.8965],[97.8035,12.9297],[97.8908,12.905],[98.0,12.796],[98.0,12.3864],[97.9765,12.3649],[97.9769,12.386],[97.9567,12.3773],[97.9419,12.3454],[97.9453,12.3292],[97.9686,12.3623],[97.9786,12.3388],[97.9453,12.3129],[97.9605,12.3213],[97.9813,12.3091],[98.0,12.2737],[98.0,12.1081],[97.9887,12.1039],[98.0,12.0909],[98.0,11.9659],[97.9697,11.9569],[98.0,11.9564],[98.0,11.4487],[97.9723,11.4422],[98.0,11.4351],[97.9998,11.0961]],[[97.869,12.8005],[97.8456,12.8203],[97.8556,12.8092],[97.8349,12.7875],[97.8452,12.7713],[97.8794,12.7659],[97.869,12.8005]],[[97.5283,11.813],[97.4982,11.806],[97.4977,11.8179],[97.4772,11.8106],[97.4993,11.7818],[97.5285,11.7808],[97.5283,11.813]],[[97.4402,11.7976],[97.4818,11.7641],[97.4988,11.7733],[97.4764,11.7938],[97.4402,11.7976]],[[97.4681,11.8164],[97.4753,11.8233],[97.4739,11.826],[97.4681,11.8164]],[[97.6684,11.8048],[97.6691,11.8226],[97.6479,11.8162],[97.6684,11.8048]],[[97.6819,11.893],[97.6422,11.8705],[97.6752,11.8304],[97.6905,11.8764],[97.6819,11.893]],[[97.9231,12.0011],[97.9226,11.9877],[97.9265,11.9851],[97.9311,11.9989],[97.9231,12.0011]],[[97.7415,11.9906],[97.7537,11.9989],[97.7355,12.0086],[97.7415,11.9906]],[[97.6528,12.0075],[97.6875,12.0546],[97.6522,12.0374],[97.6528,12.0075]],[[97.6354,12.057],[97.6463,12.036],[97.6468,12.0623],[97.6354,12.057]],[[97.9658,12.0301],[97.9626,12.0469],[97.9829,12.0531],[97.9613,12.0674],[97.9532,12.058],[97.9658,12.0301]],[[97.788,12.0423],[97.762,12.0486],[97.7632,12.038],[97.788,12.0423]],[[97.9432,12.0516],[97.9443,12.0419],[97.9451,12.0527],[97.9432,12.0516]],[[97.9935,12.0019],[97.9849,12.0243],[97.9683,12.014],[97.9935,12.0019]],[[97.9756,12.0814],[97.9849,12.0936],[97.9808,12.103],[97.9737,12.0957],[97.9756,12.0814]],[[97.7271,12.1024],[97.7452,12.146],[97.7141,12.1348],[97.7271,12.1024]],[[97.9748,12.1337],[97.9797,12.1237],[97.9779,12.1339],[97.9748,12.1337]],[[97.9682,12.1183],[97.9746,12.1048],[97.9735,12.1183],[97.9682,12.1183]],[[97.927,12.2312],[97.9393,12.2075],[97.9324,12.2427],[97.927,12.2312]],[[97.8679,12.2421],[97.877,12.2434],[97.8756,12.2469],[97.8679,12.2421]],[[97.7985,12.2759],[97.8035,12.3017],[97.7722,12.2629],[97.7985,12.2759]],[[97.8371,12.4348],[97.8255,12.4728],[97.824,12.4268],[97.8371,12.4348]],[[97.7966,12.5111],[97.8027,12.4964],[97.8109,12.5042],[97.7966,12.5111]],[[97.8811,12.5642],[97.8491,12.6001],[97.8444,12.5842],[97.8266,12.5836],[97.8529,12.539],[97.8811,12.5642]],[[97.9512,12.2735],[97.9445,12.2841],[97.9431,12.2818],[97.9512,12.2735]],[[97.8839,12.2866],[97.8671,12.2991],[97.8635,12.28],[97.8839,12.2866]],[[97.9674,12.2969],[97.9704,12.2819],[97.9698,12.2971],[97.9674,12.2969]],[[97.8533,12.6005],[97.8555,12.6136],[97.8517,12.6097],[97.8533,12.6005]],[[97.8675,12.6274],[97.8803,12.6204],[97.882,12.622],[97.8675,12.6274]],[[97.5053,11.6436],[97.5034,11.6356],[97.5098,11.645],[97.5053,11.6436]],[[97.9279,11.2775],[97.929,11.2676],[97.9334,11.2752],[97.9279,11.2775]]],[[[98.0,12.3337],[97.9896,12.3398],[98.0,12.3529],[98.0,12.3337]]],[[[97.9993,4.5257],[97.9823,4.5447],[97.9604,4.5316],[98.0,4.5929],[97.9993,4.5257]]],[[[93.9409,6.7419],[93.8362,6.6991],[93.7458,6.7086],[93.7974,6.8258],[93.7882,6.8509],[93.8052,6.8429],[93.7974,6.8258],[93.8136,6.8031],[93.8267,6.8034],[93.8204,6.7543],[93.8478,6.7474],[93.8708,6.8064],[93.8934,6.7908],[93.9137,6.8025],[93.9191,6.8288],[93.9004,6.8466],[93.9074,6.8998],[93.924,6.9097],[93.9282,6.9466],[93.9492,6.9493],[93.979,6.8418],[93.9409,6.7419]]],[[[93.7998,6.8743],[93.7854,6.8588],[93.7578,6.9042],[93.773,6.9125],[93.7998,6.8743]]],[[[93.7552,6.9098],[93.756,6.9073],[93.7512,6.9152],[93.7552,6.9098]]],[[[93.9496,6.9525],[93.9206,6.9981],[93.9367,7.0076],[93.9542,6.9936],[93.9496,6.9525]]],[[[93.9498,7.0034],[93.9251,7.0201],[93.897,7.0791],[93.8923,7.1475],[93.96,7.0846],[93.9498,7.0034]]],[[[93.8795,7.2024],[93.8348,7.2369],[93.8043,7.2255],[93.8033,7.1959],[93.7622,7.2069],[93.7573,7.1904],[93.6723,7.1738],[93.678,7.1442],[93.6536,7.12],[93.6718,7.1098],[93.6573,7.0934],[93.6711,7.0319],[93.6598,7.0112],[93.6883,7.0176],[93.7013,6.9956],[93.7231,6.9941],[93.7527,6.9469],[93.7512,6.9152],[93.6649,6.9513],[93.6598,7.0112],[93.5935,7.0655],[93.5935,7.1321],[93.6238,7.2634],[93.5697,7.4129],[93.722,7.4938],[93.9362,7.2416],[93.8923,7.1475],[93.8795,7.2024]],[[93.7339,7.3215],[93.746,7.3621],[93.7108,7.3892],[93.6946,7.4414],[93.702,7.3899],[93.6613,7.3675],[93.6236,7.3688],[93.6238,7.2634],[93.6453,7.2408],[93.6705,7.2797],[93.7339,7.3215]],[[93.7057,7.2258],[93.7113,7.2013],[93.7206,7.2031],[93.7057,7.2258]]],[[[93.2854,7.771],[92.7359,8.5779],[92.7946,8.8454],[92.8851,8.9001],[93.7131,8.5574],[93.7137,7.9257],[93.5947,7.771],[93.4557,7.8654],[93.2854,7.771]],[[92.8607,8.8302],[92.8485,8.8282],[92.8519,8.8165],[92.8607,8.8302]],[[93.6052,8.4193],[93.6118,8.4665],[93.6254,8.4637],[93.5951,8.5693],[93.6052,8.4193]],[[93.0229,8.4578],[93.0432,8.4447],[93.0327,8.471],[93.0229,8.4578]],[[93.6378,8.391],[93.6287,8.3867],[93.6384,8.3857],[93.6378,8.391]],[[93.0871,8.3417],[93.0722,8.3017],[93.0894,8.2477],[93.1364,8.2118],[93.1834,8.201],[93.1821,8.2281],[93.1148,8.275],[93.1273,8.3494],[93.1143,8.3577],[93.0871,8.3417]],[[93.2118,8.2632],[93.1975,8.2471],[93.221,8.2279],[93.2216,8.249],[93.2118,8.2632]],[[93.4942,8.222],[93.4513,8.1697],[93.4564,8.1165],[93.4713,8.1206],[93.4623,8.1053],[93.4839,8.0886],[93.484,8.0109],[93.4994,7.9923],[93.5052,8.0296],[93.5269,8.047],[93.5445,8.0392],[93.5465,8.0824],[93.4996,8.1446],[93.513,8.1811],[93.5349,8.1763],[93.5382,8.2269],[93.4942,8.222]],[[93.5735,8.1087],[93.5845,8.0634],[93.5712,8.0722],[93.5698,8.0591],[93.5871,8.0374],[93.5817,8.1185],[93.558,8.1157],[93.5735,8.1087]],[[93.5078,7.9871],[93.5769,7.9306],[93.5755,7.9936],[93.5585,8.0212],[93.5413,8.0197],[93.5415,7.9984],[93.5262,8.0229],[93.5078,7.9871]],[[93.4036,8.0],[93.3777,8.0186],[93.3343,8.0054],[93.3151,7.9387],[93.3299,7.9121],[93.3457,7.943],[93.3617,7.9295],[93.3456,7.9032],[93.3568,7.8827],[93.382,7.8756],[93.4193,7.899],[93.464,7.8666],[93.4593,7.93],[93.4055,7.9631],[93.4036,8.0]]],[[[92.6249,9.2992],[92.7365,9.3058],[92.8176,9.3492],[92.9247,9.2421],[92.8747,9.1065],[92.6963,9.0851],[92.5963,9.1422],[92.6249,9.2992]],[[92.7605,9.2171],[92.7122,9.2109],[92.7142,9.1414],[92.7278,9.1193],[92.7737,9.1384],[92.7825,9.1266],[92.768,9.1213],[92.7964,9.1204],[92.8221,9.1389],[92.8118,9.2036],[92.7668,9.2593],[92.7605,9.2171]]],[[[92.6043,10.4328],[92.6203,10.4323],[92.5989,10.418],[92.6043,10.4328]]],[[[92.4204,11.967],[92.5204,12.0313],[92.6132,12.3025],[92.606,12.4953],[92.6274,12.6452],[92.5703,12.8522],[92.6846,13.4447],[92.7559,13.5946],[92.863,13.7231],[93.0914,13.7659],[93.2128,13.6802],[93.2556,13.5018],[93.277,12.8093],[93.2628,12.6237],[93.2199,12.4239],[93.2128,11.9884],[93.0964,11.7747],[92.6043,10.4328],[92.4204,10.4394],[92.2063,10.5251],[92.1563,11.089],[92.2063,11.6672],[92.4204,11.967]],[[93.0964,11.7747],[93.0876,11.7865],[93.0892,11.7753],[93.0964,11.7747]],[[92.7975,11.8847],[92.7887,11.9361],[92.7249,11.9246],[92.7282,11.9525],[92.7453,11.964],[92.7344,11.9874],[92.7649,11.997],[92.7412,12.0183],[92.7489,12.035],[92.7888,12.0238],[92.793,12.0403],[92.7686,12.048],[92.77,12.0633],[92.8001,12.0811],[92.8049,12.1042],[92.8178,12.1007],[92.8124,12.1299],[92.8281,12.1586],[92.8575,12.1639],[92.8597,12.2015],[92.8892,12.1885],[92.8665,12.2446],[92.8963,12.2556],[92.8931,12.2807],[92.8681,12.3118],[92.9099,12.3203],[92.8886,12.3331],[92.9081,12.329],[92.8989,12.3484],[92.8818,12.3519],[92.8901,12.3769],[92.9264,12.4034],[92.9267,12.4451],[92.9643,12.4645],[92.9618,12.4752],[92.9428,12.4639],[92.9429,12.4768],[92.9547,12.4977],[92.9701,12.4848],[92.9782,12.4943],[92.9828,12.5308],[92.963,12.6164],[92.972,12.7042],[92.9867,12.7118],[92.9701,12.7532],[92.9438,12.7715],[92.9607,12.8039],[92.9492,12.8533],[92.9347,12.8837],[92.9119,12.8845],[92.93,12.9108],[92.9053,12.9217],[92.9045,12.8971],[92.8818,12.8933],[92.8832,12.9081],[92.8621,12.9101],[92.8622,12.9326],[92.8815,12.9386],[92.9054,12.9924],[92.9166,12.947],[92.9392,12.9574],[92.943,12.9855],[92.9283,12.9817],[92.9073,13.0177],[92.9259,13.0594],[92.9494,13.0607],[92.9476,13.0372],[92.9736,13.0111],[92.9744,13.0348],[93.0155,13.0284],[93.0383,13.0637],[93.0423,13.1752],[93.0699,13.2607],[93.0538,13.2552],[93.0525,13.2773],[93.0187,13.2773],[93.0298,13.2917],[93.0174,13.3157],[93.0011,13.3111],[92.9983,13.3366],[93.0492,13.3458],[93.0489,13.3622],[93.0551,13.3434],[93.0493,13.3207],[93.0674,13.3212],[93.0743,13.2994],[93.0973,13.3308],[93.068,13.3762],[93.057,13.3699],[93.0776,13.3959],[93.071,13.4117],[93.0571,13.3998],[93.0313,13.4264],[93.0418,13.4316],[93.0294,13.4602],[93.0525,13.5012],[93.0372,13.5733],[93.0176,13.5421],[92.9952,13.5646],[92.9934,13.5246],[92.9711,13.5387],[92.9194,13.5235],[92.9334,13.5173],[92.9209,13.5042],[92.9314,13.494],[92.8836,13.4678],[92.8906,13.4258],[92.8746,13.3986],[92.8488,13.396],[92.8737,13.38],[92.8402,13.3567],[92.8321,13.3037],[92.8475,13.2967],[92.8296,13.2811],[92.8585,13.2366],[92.8337,13.2316],[92.8251,13.1786],[92.8417,13.1687],[92.8222,13.1689],[92.8196,13.152],[92.8524,13.1401],[92.8489,13.1246],[92.8172,13.1249],[92.8299,13.0949],[92.8121,13.0953],[92.8178,13.0731],[92.8049,13.089],[92.7973,13.0152],[92.8338,13.0086],[92.8105,12.9954],[92.8246,12.9816],[92.8071,12.9891],[92.8015,12.9766],[92.816,12.8983],[92.7997,12.8622],[92.7786,12.8607],[92.7846,12.8392],[92.7711,12.8597],[92.7534,12.8242],[92.7462,12.8332],[92.7466,12.8117],[92.7318,12.8278],[92.7403,12.7338],[92.7549,12.7161],[92.7429,12.7012],[92.7531,12.6944],[92.7359,12.6872],[92.756,12.6641],[92.7426,12.6303],[92.7287,12.6197],[92.7252,12.6362],[92.7153,12.6075],[92.6939,12.5978],[92.7174,12.5638],[92.7026,12.5079],[92.7149,12.4894],[92.7085,12.3295],[92.7243,12.307],[92.6872,12.1956],[92.6836,12.2184],[92.662,12.1797],[92.6696,12.2162],[92.6529,12.1793],[92.6309,12.0922],[92.6383,12.0382],[92.6201,12.0029],[92.6244,11.9203],[92.6025,11.8786],[92.5741,11.9336],[92.5374,11.89],[92.526,11.8449],[92.5342,11.8264],[92.5571,11.829],[92.5723,11.6971],[92.5993,11.7157],[92.6221,11.633],[92.6397,11.6289],[92.6455,11.6596],[92.6494,11.6366],[92.6588,11.6434],[92.6512,11.6092],[92.6201,11.615],[92.634,11.5638],[92.6411,11.5863],[92.6571,11.578],[92.6599,11.5182],[92.6837,11.5027],[92.7099,11.5102],[92.7214,11.4793],[92.764,11.6181],[92.7675,11.666],[92.7444,11.6818],[92.7534,11.7164],[92.7702,11.7022],[92.7975,11.8847]],[[92.7737,11.6698],[92.7687,11.6757],[92.7721,11.6688],[92.7737,11.6698]],[[92.633,11.4927],[92.6359,11.4002],[92.6072,11.3984],[92.5979,11.3683],[92.6151,11.3453],[92.6781,11.3536],[92.7041,11.374],[92.7013,11.3901],[92.6624,11.4038],[92.6961,11.4248],[92.6874,11.4719],[92.6472,11.5116],[92.633,11.4927]],[[92.5782,11.522],[92.562,11.5284],[92.5744,11.5125],[92.5782,11.522]],[[92.2786,11.5755],[92.2173,11.5828],[92.23,11.5263],[92.2843,11.5171],[92.2786,11.5755]],[[92.5406,11.5518],[92.5638,11.56],[92.5802,11.5851],[92.5466,11.6005],[92.5406,11.5518]],[[92.6263,11.5607],[92.6148,11.5824],[92.6237,11.56],[92.6263,11.5607]],[[92.5989,11.57],[92.607,11.5278],[92.6014,11.5723],[92.5989,11.57]],[[92.6173,11.5249],[92.6127,11.5205],[92.6142,11.5168],[92.6173,11.5249]],[[92.6313,11.5518],[92.6174,11.547],[92.6231,11.5301],[92.6313,11.5518]],[[92.6181,11.9423],[92.6001,11.9685],[92.6142,11.9227],[92.6181,11.9423]],[[92.616,11.9121],[92.6079,11.9095],[92.61,11.9049],[92.616,11.9121]],[[92.6899,12.5157],[92.6825,12.5357],[92.6806,12.5209],[92.6899,12.5157]],[[92.7316,12.7532],[92.722,12.7793],[92.7203,12.8309],[92.7034,12.7966],[92.7185,12.7176],[92.7316,12.7532]],[[92.6855,12.8366],[92.7016,12.8373],[92.7264,12.8742],[92.7287,12.9772],[92.7045,12.995],[92.6758,12.9594],[92.6862,12.9395],[92.6596,12.8587],[92.6762,12.7865],[92.6952,12.8158],[92.6855,12.8366]],[[92.7792,12.9305],[92.7841,12.929],[92.7805,12.9337],[92.7792,12.9305]],[[92.7977,12.9149],[92.7941,12.8911],[92.8076,12.9003],[92.7977,12.9149]],[[92.761,12.8966],[92.7636,12.8946],[92.764,12.9096],[92.761,12.8966]],[[92.7354,12.864],[92.7145,12.837],[92.7223,12.8341],[92.7354,12.864]],[[92.7298,12.7839],[92.7289,12.7694],[92.7319,12.7664],[92.7298,12.7839]],[[92.7339,13.0992],[92.7051,13.0931],[92.7121,13.0669],[92.7339,13.0992]],[[92.8227,13.411],[92.8168,13.3987],[92.8196,13.3983],[92.8227,13.411]],[[92.8483,13.4385],[92.8275,13.4177],[92.8497,13.4268],[92.8483,13.4385]],[[92.8751,13.5027],[92.8815,13.5004],[92.8783,13.5108],[92.8751,13.5027]],[[92.9088,13.5906],[92.8902,13.5767],[92.8928,13.5729],[92.9088,13.5906]],[[93.1128,13.4275],[93.1044,13.4276],[93.1131,13.4226],[93.1128,13.4275]],[[93.0826,13.4199],[93.0766,13.4155],[93.0809,13.4061],[93.0826,13.4199]],[[93.0991,13.4148],[93.0957,13.4058],[93.0996,13.4013],[93.0991,13.4148]],[[93.0246,13.3064],[93.0326,13.3235],[93.0272,13.327],[93.0246,13.3064]],[[92.9311,13.0277],[92.9308,12.999],[92.9513,12.9965],[92.9448,13.0226],[92.9311,13.0277]],[[92.9796,12.9702],[92.9669,12.9868],[92.9593,12.9616],[92.9818,12.9499],[92.986,12.9332],[92.9874,12.9643],[93.0111,12.9971],[92.9796,12.9702]],[[92.8708,12.9226],[92.8958,12.9299],[92.868,12.9338],[92.8708,12.9226]],[[92.9668,12.9465],[92.959,12.9365],[92.9765,12.9434],[92.9668,12.9465]],[[92.9665,12.4313],[92.9256,12.3656],[92.943,12.3576],[92.9665,12.4313]],[[92.9286,12.3495],[92.917,12.3404],[92.9204,12.3319],[92.9286,12.3495]],[[92.9141,12.2851],[92.912,12.2706],[92.9315,12.2658],[92.9349,12.2276],[92.9511,12.2681],[92.9443,12.3033],[92.9385,12.2811],[92.9141,12.2851]],[[93.037,12.2788],[93.0318,12.2699],[93.0397,12.2753],[93.037,12.2788]],[[93.1008,12.2209],[93.1097,12.2038],[93.1132,12.2517],[93.095,12.233],[93.0807,12.2561],[93.0715,12.224],[93.1008,12.2209]],[[93.0465,12.1297],[93.0803,12.0827],[93.0986,12.095],[93.1068,12.1434],[93.0823,12.2048],[93.0465,12.1297]],[[93.1209,12.1379],[93.1275,12.1239],[93.1316,12.1435],[93.1209,12.1379]],[[93.0371,12.1643],[93.0136,12.1251],[93.0199,12.0787],[93.0531,12.0439],[93.0594,12.0767],[93.0437,12.0958],[93.0371,12.1643]],[[92.9744,12.1006],[92.9728,12.0863],[92.9842,12.0893],[92.9723,12.0691],[93.0059,12.0424],[93.012,12.1021],[92.9744,12.1006]],[[92.9734,12.0447],[92.9368,11.9903],[92.9709,11.976],[92.987,11.9429],[93.0172,11.9428],[93.0067,11.9381],[93.0508,11.8777],[93.0625,11.8912],[93.0139,12.0238],[92.9734,12.0447]],[[92.7362,11.9478],[92.7388,11.9356],[92.7436,11.9543],[92.7362,11.9478]],[[92.7713,11.9617],[92.7499,11.9551],[92.7481,11.95],[92.7595,11.9398],[92.7713,11.9617]],[[92.7655,11.9855],[92.7453,11.9802],[92.7454,11.9756],[92.7632,11.9731],[92.7655,11.9855]],[[92.78,11.991],[92.7786,12.0034],[92.7732,12.0045],[92.7686,11.9989],[92.78,11.991]],[[92.9562,12.0859],[92.9649,12.0961],[92.9584,12.1064],[92.9562,12.0859]],[[93.0129,12.1221],[92.9963,12.141],[92.9656,12.1413],[92.9899,12.1094],[93.0129,12.1221]],[[92.9495,12.2223],[92.9395,12.2028],[92.9508,12.1922],[92.9495,12.2223]],[[92.9141,12.2259],[92.9118,12.2512],[92.8957,12.2347],[92.8811,12.2404],[92.8875,12.2058],[92.8975,12.2275],[92.9141,12.2259]],[[92.8699,12.2417],[92.8771,12.2441],[92.8752,12.2468],[92.8699,12.2417]],[[93.0712,11.8116],[93.0815,11.8387],[93.0198,11.8443],[93.0214,11.8266],[93.0712,11.8116]],[[93.0638,13.6514],[93.0581,13.6186],[93.0745,13.6552],[93.0638,13.6514]],[[93.0262,13.679],[92.979,13.6571],[92.9938,13.6427],[93.018,13.6466],[93.0331,13.6254],[93.0262,13.679]],[[93.0425,13.6389],[93.0445,13.6493],[93.0417,13.6506],[93.0425,13.6389]],[[92.7326,11.3128],[92.7263,11.3115],[92.7275,11.3095],[92.7326,11.3128]],[[92.7197,11.2866],[92.7047,11.281],[92.7034,11.2435],[92.718,11.261],[92.7197,11.2866]],[[92.6797,11.1812],[92.6905,11.1738],[92.6836,11.1852],[92.6797,11.1812]],[[92.6794,10.9812],[92.6691,10.9785],[92.6734,10.9746],[92.6794,10.9812]],[[92.2292,10.9837],[92.2274,10.9692],[92.244,10.9779],[92.2292,10.9837]],[[92.6257,10.9272],[92.6153,10.9263],[92.6253,10.9226],[92.6257,10.9272]],[[92.4477,10.8549],[92.3972,10.7866],[92.36,10.7812],[92.3643,10.6685],[92.3897,10.6486],[92.4001,10.6138],[92.3593,10.5358],[92.3769,10.5278],[92.4121,10.5461],[92.4776,10.5082],[92.5103,10.5127],[92.5511,10.5747],[92.5228,10.5895],[92.5231,10.6121],[92.5655,10.6512],[92.5642,10.6748],[92.5809,10.6763],[92.5764,10.7793],[92.5491,10.8035],[92.5439,10.8619],[92.5064,10.8952],[92.4477,10.8549]]]]}}