{"type":"Feature","properties":{"speciesId":1022,"category":"LC","source":"IUCN Red List","simplifyTol":0.01,"clippedToSubcontinent":true},"geometry":{"type":"MultiPolygon","coordinates":[[[[98.0,14.3507],[97.9824,14.4111],[98.0,14.4789],[98.0,14.3507]]],[[[97.9995,14.482],[97.993,14.4948],[97.9644,14.4747],[97.9216,14.5771],[97.9577,14.6209],[97.9396,14.6638],[97.9475,14.6906],[98.0,14.6376],[97.9995,14.482]],[[97.9915,14.6153],[97.9839,14.609],[97.9917,14.6083],[97.9915,14.6153]]],[[[98.0,14.7596],[97.9251,14.9681],[97.9215,14.9161],[97.8693,14.8608],[97.8798,14.7401],[97.8675,14.7231],[97.8317,14.7589],[97.8009,14.9056],[97.8473,15.0145],[97.8303,15.1068],[97.864,15.1318],[97.9147,15.1003],[97.928,15.1234],[97.9048,15.1772],[97.9053,15.2184],[97.922,15.242],[97.9946,15.2764],[98.0,14.7596]],[[97.9202,14.9949],[97.9406,15.0055],[97.9297,15.0237],[97.9181,15.0205],[97.9202,14.9949]],[[97.9582,15.1153],[97.9505,15.109],[97.9583,15.1083],[97.9582,15.1153]],[[97.9165,15.207],[97.9089,15.2007],[97.9167,15.2],[97.9165,15.207]],[[97.9592,15.2473],[97.975,15.2333],[97.9733,15.2569],[97.9592,15.2473]]],[[[98.0,15.3163],[97.9467,15.324],[97.9197,15.359],[97.9505,15.2885],[97.9104,15.2682],[97.8989,15.3032],[97.9,15.3417],[97.8965,15.3544],[97.9048,15.4272],[97.874,15.4276],[97.863,15.4645],[97.8681,15.4751],[97.8833,15.475],[97.9007,15.4892],[97.9321,15.5485],[97.939,15.5772],[97.9072,15.6306],[97.8547,15.6246],[97.8175,15.661],[97.847,15.7272],[97.8169,15.798],[97.8449,15.8007],[97.8036,15.9181],[97.7604,15.9558],[97.7865,16.0427],[97.7804,16.0841],[97.7657,16.0937],[97.7728,16.2586],[97.8163,16.1766],[97.8586,16.1213],[97.9,15.92],[97.8885,15.7795],[98.0,15.6696],[98.0,15.3163]],[[97.9083,15.4583],[97.8998,15.4583],[97.9044,15.4499],[97.9083,15.4583]],[[97.9167,15.4917],[97.9244,15.484],[97.9245,15.491],[97.9167,15.4917]],[[97.8832,15.9487],[97.8755,15.9424],[97.8833,15.9417],[97.8832,15.9487]],[[97.8167,16.05],[97.8008,16.0573],[97.8008,16.0511],[97.8167,16.05]],[[97.7998,16.0737],[97.7922,16.0674],[97.8,16.0667],[97.7998,16.0737]]],[[[98.0,17.0853],[97.9362,17.1136],[97.9471,17.0754],[97.9112,17.0761],[97.8923,17.1684],[97.8169,17.233],[97.8328,17.2913],[97.8212,17.3151],[97.7712,17.3314],[97.7305,17.3891],[97.6452,17.4345],[97.6802,17.4723],[97.6693,17.5342],[97.5759,17.6195],[97.5783,17.6497],[97.5376,17.6976],[97.4706,17.7448],[97.5002,17.6581],[97.4666,17.6573],[97.5158,17.5532],[97.56,17.545],[97.5997,17.4829],[97.5932,17.4155],[97.6,17.35],[97.6208,17.2641],[97.6178,17.2238],[97.6139,17.2174],[97.605,17.216],[97.59,17.2436],[97.5913,17.3051],[97.5679,17.3009],[97.549,17.2734],[97.5262,17.3341],[97.4794,17.3915],[97.4461,17.5524],[97.4785,17.5897],[97.4487,17.6038],[97.3533,17.6044],[97.4255,17.5489],[97.4269,17.5372],[97.4207,17.5284],[97.3522,17.5084],[97.3481,17.4847],[97.3583,17.45],[97.3883,17.4003],[97.4583,17.3412],[97.4667,17.325],[97.48,17.3035],[97.4766,17.2874],[97.4392,17.2913],[97.4871,17.2233],[97.4747,17.1749],[97.475,17.1667],[97.4887,17.1452],[97.4816,17.1344],[97.447,17.1434],[97.4013,17.208],[97.3723,17.2003],[97.3363,17.2226],[97.3728,17.1466],[97.3287,17.1762],[97.2767,17.2484],[97.2521,17.3723],[97.2177,17.3597],[97.22,17.2942],[97.1992,17.2718],[97.1976,17.2505],[97.1897,17.2495],[97.1694,17.3047],[97.1282,17.3674],[97.0986,17.3586],[97.1467,17.2999],[97.0833,17.348],[97.0717,17.3943],[97.0637,17.4064],[97.0398,17.4252],[97.0068,17.4374],[96.9991,17.5038],[96.9684,17.5319],[96.9263,17.5279],[96.9399,17.5808],[96.9965,17.6051],[96.9563,17.6394],[96.9198,17.6331],[96.9188,17.6554],[96.9491,17.6942],[96.9548,17.7431],[96.9334,17.8135],[96.8968,17.8135],[96.8924,17.8632],[96.9085,17.8771],[96.9821,17.8375],[97.0396,17.8529],[96.9811,17.858],[96.9263,17.8934],[96.9481,17.9399],[96.943,17.9969],[96.9256,17.9471],[96.8982,17.9388],[96.9022,18.011],[96.8604,18.1398],[96.8784,18.196],[96.8419,18.2357],[96.7957,18.3328],[96.7732,18.3929],[96.7765,18.4269],[96.7485,18.4497],[96.7078,18.5255],[96.7099,18.5494],[96.6641,18.591],[96.6914,18.6844],[96.6795,18.6978],[96.665,18.7077],[96.5998,18.7338],[96.5992,18.8244],[96.5264,18.8838],[96.5851,18.877],[96.5899,18.9035],[96.5502,18.964],[96.4905,19.0071],[96.449,19.0882],[96.3969,19.2293],[96.3386,19.265],[96.3196,19.2566],[96.3156,19.2257],[96.3443,19.0146],[96.3108,18.9719],[96.3389,18.9447],[96.3364,18.8296],[96.3835,18.7083],[96.4191,18.4915],[96.4083,18.4583],[96.411,18.4328],[96.4388,18.2864],[96.4812,18.1717],[96.4768,18.1395],[96.5249,18.0484],[96.5111,18.0266],[96.4917,17.9417],[96.5051,17.579],[96.4712,17.5515],[96.4605,17.5084],[96.4319,17.5082],[96.3861,17.5557],[96.3824,17.5925],[96.3485,17.5832],[96.327,17.5973],[96.3294,17.6566],[96.3016,17.6381],[96.2707,17.6435],[96.2492,17.692],[96.1942,17.7511],[96.1893,17.7056],[96.2073,17.6776],[96.1948,17.6517],[96.1904,17.6268],[96.1917,17.6167],[96.2316,17.5518],[96.2534,17.5517],[96.2417,17.5167],[96.2707,17.477],[96.3338,17.4273],[96.3509,17.3881],[96.4086,17.3948],[96.3978,17.3407],[96.3651,17.3118],[96.3018,17.3717],[96.275,17.3095],[96.2548,17.3272],[96.2642,17.3539],[96.2416,17.4024],[96.2105,17.3928],[96.1804,17.4087],[96.1716,17.4478],[96.1537,17.4142],[96.1281,17.4662],[96.1066,17.452],[96.1217,17.4172],[96.1234,17.3122],[96.1538,17.2901],[96.1438,17.2542],[96.1075,17.2472],[96.0364,17.2969],[96.0314,17.376],[95.9677,17.5254],[95.9786,17.6038],[95.9317,17.5967],[95.9213,17.6122],[95.95,17.7167],[95.9492,17.7356],[95.9455,17.754],[95.9189,17.7237],[95.8954,17.7386],[95.9002,17.8317],[95.884,17.8514],[95.8578,17.8375],[95.8334,17.8811],[95.8674,17.9033],[95.8761,17.9479],[95.8528,17.9533],[95.8473,17.9885],[95.8005,17.9891],[95.7998,18.1036],[95.8201,18.1588],[95.7884,18.3073],[95.7432,18.3414],[95.7369,18.4021],[95.723,18.4202],[95.6966,18.4426],[95.686,18.4585],[95.6421,18.5772],[95.6356,18.6349],[95.6673,18.7472],[95.6542,18.8003],[95.5821,18.9347],[95.4396,19.0934],[95.3692,19.2686],[95.204,19.3733],[95.1558,19.2598],[95.1013,19.0049],[95.0442,18.9894],[95.074,18.9748],[95.0863,18.9435],[95.1219,18.9556],[95.1071,18.9042],[95.1846,18.8571],[95.1924,18.8018],[95.1788,18.7791],[95.1532,18.7822],[95.0896,18.705],[95.0488,18.7033],[95.032,18.7492],[95.0158,18.7513],[95.0106,18.7507],[95.001,18.7009],[95.0159,18.6364],[95.0591,18.6155],[95.0554,18.6025],[95.0235,18.6004],[95.0105,18.5709],[95.036,18.4397],[95.0605,18.417],[95.0829,18.4774],[95.1128,18.4951],[95.1437,18.4526],[95.1754,18.3523],[95.171,18.3213],[95.097,18.3235],[95.089,18.2989],[95.1207,18.2587],[95.1333,18.1899],[95.15,18.1917],[95.1841,18.2434],[95.1996,18.2442],[95.2483,18.1258],[95.2496,18.062],[95.2338,18.0434],[95.2162,18.0517],[95.1882,18.136],[95.1638,18.1617],[95.1266,18.0809],[95.1259,18.0079],[95.1029,17.9821],[95.1394,17.902],[95.082,17.8672],[95.0484,17.8139],[95.0249,17.7544],[95.0476,17.7411],[95.0227,17.7054],[95.0255,17.6688],[94.9876,17.6281],[94.9878,17.5809],[94.9467,17.5391],[94.9013,17.3923],[94.8289,17.2953],[94.8144,17.2005],[94.7185,17.1063],[94.6311,16.9678],[94.6032,16.9561],[94.6111,16.8929],[94.5708,16.8825],[94.541,16.8166],[94.5466,16.7864],[94.5188,16.7806],[94.5175,16.7256],[94.5602,16.6618],[94.5322,16.613],[94.5727,16.5827],[94.5793,16.5451],[94.5288,16.4045],[94.4698,16.3698],[94.4683,16.4623],[94.407,16.3348],[94.3833,16.3283],[94.3834,16.2151],[94.3973,16.2109],[94.4277,16.2433],[94.4397,16.2269],[94.4096,16.087],[94.3764,16.079],[94.3264,16.0999],[94.2577,16.0382],[94.221,16.063],[94.2103,16.0961],[94.2232,16.125],[94.2578,16.1279],[94.2625,16.1611],[94.2952,16.1733],[94.2477,16.2063],[94.2404,16.2284],[94.2702,16.2736],[94.2508,16.3158],[94.2775,16.3499],[94.2963,16.4508],[94.3347,16.4781],[94.3576,16.509],[94.3856,16.6045],[94.4576,16.5804],[94.3904,16.636],[94.3794,16.6941],[94.4225,16.7076],[94.436,16.7549],[94.4298,16.7945],[94.4799,16.8965],[94.5591,16.9383],[94.5232,16.9669],[94.4972,17.0214],[94.525,17.05],[94.532,17.0683],[94.5435,17.1332],[94.5488,17.1826],[94.5445,17.2594],[94.5675,17.2605],[94.6027,17.2175],[94.663,17.2493],[94.6452,17.3071],[94.6576,17.3423],[94.6122,17.3334],[94.5909,17.3908],[94.587,17.4985],[94.6181,17.4555],[94.664,17.4423],[94.6622,17.4737],[94.69,17.478],[94.6956,17.4962],[94.6722,17.5137],[94.6375,17.5087],[94.6406,17.577],[94.6103,17.5911],[94.6268,17.6519],[94.5921,17.7065],[94.5755,17.7958],[94.5493,17.7529],[94.5196,17.8281],[94.5179,17.8816],[94.5257,17.9023],[94.5437,17.9217],[94.5456,17.9417],[94.491,18.1291],[94.5122,18.1569],[94.4949,18.2741],[94.4276,18.3255],[94.4444,18.3652],[94.4043,18.4167],[94.4125,18.4382],[94.439,18.4457],[94.4282,18.4964],[94.375,18.5163],[94.3989,18.5618],[94.2913,18.6368],[94.261,18.6767],[94.2712,18.7028],[94.3593,18.6904],[94.2889,18.7999],[94.2823,18.8547],[94.3015,18.8688],[94.2701,18.8938],[94.2343,18.8886],[94.2147,18.9108],[94.1991,18.9263],[94.1596,18.9552],[94.2651,18.9366],[94.2606,18.9724],[94.3149,18.9836],[94.2814,19.0134],[94.2529,18.9946],[94.2152,19.0182],[94.2319,19.0803],[94.1908,19.1708],[94.205,19.2235],[94.1841,19.2503],[94.1941,19.3173],[94.1498,19.4177],[94.0965,19.4888],[94.0409,19.539],[94.0171,19.5861],[94.0208,19.622],[94.047,19.6113],[94.0554,19.6268],[94.0584,19.6867],[94.0541,19.6954],[94.0475,19.7022],[94.0462,19.71],[94.0659,19.7713],[94.0795,19.7756],[94.0627,19.8181],[94.0724,19.8532],[94.0207,19.8593],[94.0309,19.8056],[93.9771,19.7941],[93.9841,19.7339],[94.0099,19.7234],[93.9966,19.6328],[93.9415,19.6078],[93.8894,19.6477],[93.807,19.8452],[93.814,19.8714],[93.8519,19.8379],[93.885,19.8685],[93.8198,19.8969],[93.8089,19.9357],[93.8208,19.9588],[93.8331,19.9615],[93.8597,19.9502],[93.8819,19.9487],[93.9042,19.9579],[93.8444,19.9924],[93.829,19.9935],[93.8213,19.9918],[93.8158,19.9894],[93.8058,19.9791],[93.7992,19.9651],[93.7839,19.8944],[93.7236,19.972],[93.6762,19.9343],[93.6215,19.9666],[93.5509,20.0533],[93.5304,20.0454],[93.5118,20.0618],[93.5015,20.0874],[93.5175,20.0957],[93.4758,20.1217],[93.4516,20.182],[93.4333,20.2836],[93.3158,20.6495],[93.2038,20.7536],[93.1849,20.7415],[93.1664,20.7526],[93.1245,20.9028],[93.13,20.8234],[93.1087,20.8342],[92.9911,21.0774],[93.0171,21.1144],[92.9894,21.1457],[92.9729,21.1579],[92.951,21.1706],[92.9463,21.1755],[92.9403,21.2259],[92.9194,21.224],[92.906,21.1904],[92.91,21.1777],[92.9141,21.1694],[92.9427,21.1272],[92.9613,21.0743],[92.9654,20.9971],[92.9433,20.9895],[92.9123,21.1019],[92.8803,21.0967],[92.8867,21.0532],[92.8576,20.9888],[92.8869,20.8805],[92.9098,20.8562],[92.9143,20.8035],[92.8888,20.7119],[92.8394,20.7315],[92.9896,20.512],[93.0046,20.4572],[92.9713,20.4779],[92.9419,20.5242],[92.9618,20.4232],[92.9292,20.4522],[92.8993,20.5348],[92.8835,20.4872],[92.8942,20.4459],[92.8695,20.4561],[92.7859,20.6092],[92.639,20.7867],[92.6343,20.8512],[92.5992,20.843],[92.5777,20.9571],[92.575,20.9667],[92.5566,21.0093],[92.5409,21.0527],[92.5079,21.1087],[92.5075,21.0635],[92.4718,21.0666],[92.4814,21.1338],[92.4381,21.1715],[92.4039,21.2566],[92.3944,21.2369],[92.4218,21.0829],[92.4483,21.0223],[92.4431,20.9665],[92.451,20.9457],[92.4708,20.9599],[92.491,20.8042],[92.6209,20.5862],[92.7001,20.3966],[92.7157,20.3278],[92.7042,20.3321],[92.6059,20.5382],[92.5432,20.5808],[92.4205,20.8643],[92.3787,20.983],[92.3651,21.1174],[92.2993,21.3291],[92.2858,21.3466],[92.2751,21.3151],[92.231,21.352],[92.23,21.3666],[92.2464,21.4324],[92.2359,21.4668],[92.2223,21.4945],[92.2167,21.5107],[92.2165,21.5153],[92.1939,21.547],[92.1915,21.573],[92.1982,21.5988],[92.1641,21.6179],[92.1303,21.6829],[92.1577,21.7441],[92.108,21.8174],[92.0871,21.8707],[92.0859,21.911],[92.1091,21.9253],[92.1875,21.8918],[92.1702,21.8338],[92.1805,21.7783],[92.285,21.6354],[92.329,21.6164],[92.3607,21.6573],[92.3465,21.6958],[92.293,21.7071],[92.3336,21.7363],[92.2916,21.7659],[92.3096,21.7943],[92.2401,21.7989],[92.2304,21.8802],[92.2109,21.9222],[92.2115,21.9654],[92.2618,21.9762],[92.2122,21.9982],[92.1864,22.0349],[92.1554,22.1978],[92.1373,22.2078],[92.1133,22.177],[92.0868,22.1873],[92.0192,22.3217],[92.0187,22.3685],[92.0506,22.3999],[92.1055,22.3336],[92.1447,22.3295],[92.1315,22.4039],[92.1548,22.4484],[92.1488,22.4957],[92.1119,22.523],[92.0505,22.6381],[92.0357,22.6257],[92.0224,22.5033],[91.9841,22.4845],[91.9574,22.5446],[91.9193,22.5878],[91.9524,22.6145],[91.9364,22.6751],[91.8951,22.6848],[91.8814,22.7014],[91.8833,22.7206],[91.9186,22.8069],[91.8817,22.7792],[91.8487,22.7872],[91.8534,22.8517],[91.8187,22.8458],[91.819,22.8651],[91.7914,22.891],[91.7409,22.8434],[91.7238,22.8987],[91.7286,22.9527],[91.7802,23.0313],[91.78,23.0469],[91.774,23.06],[91.775,23.0626],[91.8027,23.0618],[91.8177,23.0787],[91.8116,23.0524],[91.8317,23.0627],[91.8283,23.0943],[91.8138,23.1011],[91.8321,23.1229],[91.8132,23.1162],[91.7963,23.1874],[91.809,23.2221],[91.7961,23.2292],[91.7888,23.2081],[91.772,23.2448],[91.7966,23.2449],[91.8061,23.2625],[91.7729,23.2495],[91.7781,23.29],[91.8031,23.3376],[91.828,23.3638],[91.8422,23.4],[91.9016,23.4346],[91.9358,23.4298],[91.9416,23.463],[91.9666,23.4872],[91.9388,23.6542],[91.949,23.7195],[91.9796,23.7216],[92.0298,23.6395],[92.0741,23.6453],[92.0846,23.6742],[92.1605,23.7336],[92.2115,23.6964],[92.2129,23.6503],[92.2426,23.7181],[92.2672,23.7176],[92.29,23.6943],[92.2732,23.6266],[92.3021,23.5804],[92.3274,23.4231],[92.3406,23.425],[92.3766,23.3484],[92.367,23.3232],[92.3856,23.2653],[92.3484,23.2343],[92.3584,23.1038],[92.3882,23.0498],[92.375,22.9286],[92.4439,22.8833],[92.4746,22.7451],[92.5088,22.7302],[92.5285,22.655],[92.5367,22.5751],[92.5253,22.554],[92.5456,22.517],[92.5768,22.2712],[92.609,22.1642],[92.604,22.126],[92.5644,22.1293],[92.5963,22.0583],[92.6088,21.9759],[92.6436,22.0117],[92.6775,22.0156],[92.6919,22.1382],[92.7066,22.1507],[92.8653,22.059],[92.8978,21.9495],[92.9268,22.0117],[92.9496,22.0274],[92.9993,21.9821],[93.0084,22.0058],[92.9961,22.0679],[93.0038,22.052],[93.025,22.0583],[93.0141,22.089],[93.0041,22.0836],[93.008,22.1028],[93.0595,22.1077],[93.0456,22.1963],[93.0685,22.2118],[93.0965,22.204],[93.1352,22.0992],[93.1663,22.0793],[93.1299,22.1792],[93.1681,22.1851],[93.1473,22.2463],[93.186,22.2458],[93.1988,22.26],[93.179,22.4224],[93.1667,22.4443],[93.1367,22.4521],[93.1362,22.4934],[93.1108,22.5373],[93.1387,22.5905],[93.1008,22.6647],[93.1,22.7795],[93.1214,22.8665],[93.1449,22.8788],[93.139,22.9065],[93.1644,22.9096],[93.1271,23.0022],[93.1313,23.044],[93.143,23.0568],[93.1608,23.0435],[93.1991,23.0524],[93.2401,23.0037],[93.2859,23.0025],[93.3511,23.0723],[93.3599,23.1142],[93.3878,23.1359],[93.37,23.1469],[93.3847,23.2184],[93.3588,23.3476],[93.4026,23.3865],[93.3949,23.4775],[93.4183,23.5348],[93.4214,23.65],[93.4376,23.6805],[93.4098,23.7181],[93.4301,23.722],[93.4633,23.677],[93.4627,23.6047],[93.4828,23.6364],[93.4742,23.7193],[93.3999,23.7769],[93.3924,23.9221],[93.3653,23.9328],[93.3313,23.9832],[93.3312,24.0798],[93.4029,24.0778],[93.4667,24.0],[93.4694,23.9696],[93.5003,23.9527],[93.5469,23.959],[93.5652,23.984],[93.594,23.9628],[93.6157,23.9964],[93.537,23.7209],[93.5095,23.8149],[93.461,23.8304],[93.4959,23.7758],[93.5084,23.6726],[93.5354,23.6488],[93.4816,23.5819],[93.4994,23.5289],[93.4907,23.4716],[93.4586,23.3489],[93.427,23.3068],[93.4515,23.2593],[93.4141,23.257],[93.4419,23.2062],[93.4294,23.1648],[93.455,23.0823],[93.4698,23.0675],[93.4748,23.1145],[93.4998,23.0684],[93.4609,22.9153],[93.4329,23.034],[93.4038,23.0687],[93.4253,22.9947],[93.4245,22.8891],[93.4611,22.8188],[93.4348,22.738],[93.4345,22.7009],[93.4299,22.6771],[93.3967,22.7338],[93.3739,22.7405],[93.3081,22.8195],[93.2546,22.8138],[93.2178,22.8288],[93.1825,22.7938],[93.2102,22.745],[93.1829,22.7142],[93.181,22.6635],[93.1982,22.6268],[93.2566,22.6358],[93.2912,22.5958],[93.2992,22.6427],[93.2552,22.7186],[93.2989,22.7477],[93.3264,22.7093],[93.3753,22.6925],[93.4024,22.6317],[93.4403,22.5993],[93.4251,22.5603],[93.3349,22.5937],[93.2961,22.5007],[93.2299,22.4466],[93.2383,22.3516],[93.2625,22.3128],[93.2437,22.2483],[93.25,22.1833],[93.2643,22.1578],[93.2974,22.1412],[93.3321,22.1708],[93.3172,22.2678],[93.3544,22.2773],[93.3127,22.3536],[93.3676,22.4661],[93.3797,22.3967],[93.4011,22.3691],[93.4005,22.4912],[93.4162,22.516],[93.4308,22.337],[93.4511,22.2893],[93.4121,22.2638],[93.4161,22.2293],[93.4621,22.2064],[93.5,22.1579],[93.5696,22.1592],[93.6033,22.2327],[93.601,22.3133],[93.6375,22.233],[93.612,22.1775],[93.6309,22.1116],[93.5978,22.1248],[93.5851,22.1262],[93.5737,22.126],[93.511,22.099],[93.4838,22.115],[93.4294,22.0996],[93.3861,22.1649],[93.4126,22.0517],[93.4412,22.0101],[93.4554,21.919],[93.3918,22.0137],[93.3376,22.0562],[93.3272,22.0],[93.3518,21.9262],[93.3466,21.8536],[93.3667,21.8283],[93.4164,21.8898],[93.4248,21.8435],[93.4704,21.81],[93.4607,21.7895],[93.408,21.7735],[93.3976,21.7407],[93.4064,21.7219],[93.4718,21.6888],[93.491,21.5972],[93.5628,21.5967],[93.5318,21.5374],[93.4789,21.5243],[93.596,21.3768],[93.5459,21.3623],[93.5429,21.3406],[93.5864,21.3259],[93.604,21.2792],[93.6956,21.202],[93.6878,21.1225],[93.6258,21.1859],[93.6012,21.1904],[93.6304,21.1081],[93.5841,21.0911],[93.6499,21.053],[93.6997,21.0769],[93.7091,21.0182],[93.7828,20.9919],[93.7457,21.1505],[93.7505,21.2447],[93.7302,21.2728],[93.6919,21.2695],[93.6703,21.2883],[93.7047,21.336],[93.6572,21.444],[93.7039,21.4039],[93.7341,21.31],[93.7663,21.2943],[93.8063,21.192],[93.8577,21.1746],[93.8285,21.0934],[93.9453,20.8697],[93.9624,20.9556],[94.0005,20.9644],[93.9548,21.0009],[93.9262,21.0742],[93.9721,21.0616],[93.9792,21.0896],[94.0341,21.0806],[94.0298,21.1022],[94.0552,21.1421],[94.0206,21.1737],[94.0703,21.2134],[93.994,21.2698],[94.019,21.2878],[94.0124,21.3027],[93.9589,21.3275],[93.9023,21.3175],[93.8695,21.3447],[93.9424,21.3715],[93.8928,21.4295],[93.9583,21.4214],[93.8947,21.5069],[93.96,21.4882],[93.9784,21.4945],[93.9772,21.5113],[93.8688,21.5942],[93.8912,21.636],[93.877,21.7089],[93.8439,21.7083],[93.8248,21.7325],[93.8142,21.6522],[93.7769,21.6674],[93.7615,21.6979],[93.7143,21.6559],[93.7285,21.7339],[93.6728,21.7086],[93.6645,21.7292],[93.6428,21.7244],[93.6481,21.7585],[93.6949,21.7752],[93.6959,21.8072],[93.736,21.8481],[93.6262,21.8438],[93.6544,21.88],[93.7227,21.9161],[93.6395,21.9177],[93.5889,21.8821],[93.5616,21.9428],[93.6894,21.9611],[93.7143,21.9847],[93.7027,22.039],[93.7385,22.0529],[93.6712,22.1713],[93.7155,22.2508],[93.7121,22.2764],[93.7566,22.3041],[93.7316,22.3179],[93.7366,22.3397],[93.662,22.3248],[93.6387,22.3931],[93.6507,22.4464],[93.71,22.4293],[93.7119,22.4828],[93.7412,22.4875],[93.7885,22.4433],[93.7997,22.5106],[93.8533,22.5581],[93.8961,22.6584],[93.8907,22.6713],[93.8657,22.616],[93.8109,22.555],[93.7592,22.5173],[93.7302,22.5192],[93.7257,22.5592],[93.6783,22.5434],[93.6699,22.5835],[93.7072,22.59],[93.7349,22.6253],[93.776,22.6117],[93.7948,22.633],[93.7864,22.663],[93.733,22.6791],[93.7161,22.7009],[93.6755,22.6714],[93.6369,22.6732],[93.6617,22.7009],[93.6616,22.7397],[93.7231,22.7411],[93.7401,22.7651],[93.5938,22.7779],[93.5835,22.7973],[93.6148,22.8425],[93.7045,22.8124],[93.7665,22.8331],[93.6715,22.8756],[93.6934,22.9166],[93.6472,22.9193],[93.6247,22.9639],[93.5887,22.9098],[93.559,22.9526],[93.5736,23.0049],[93.6036,23.0263],[93.5818,23.0508],[93.6112,23.0634],[93.6158,23.0831],[93.6055,23.1259],[93.5726,23.159],[93.5929,23.1949],[93.563,23.2162],[93.5783,23.2359],[93.5761,23.2987],[93.5277,23.331],[93.5678,23.3539],[93.5789,23.4042],[93.5672,23.4156],[93.5167,23.4062],[93.5295,23.4796],[93.5194,23.5603],[93.6249,23.4809],[93.641,23.4865],[93.6335,23.561],[93.591,23.5919],[93.6122,23.6491],[93.578,23.7082],[93.577,23.7484],[93.5942,23.7772],[93.6268,23.6965],[93.6561,23.6719],[93.6718,23.6786],[93.6828,23.7125],[93.6728,23.7666],[93.6892,23.8088],[93.6491,23.9374],[93.6669,23.9472],[93.6933,23.9344],[93.7197,23.8867],[93.7212,24.0],[93.7611,24.0],[93.8193,23.9277],[93.8026,23.8385],[93.7633,23.8103],[93.785,23.7803],[93.7781,23.7392],[93.7405,23.7415],[93.7443,23.686],[93.7762,23.6673],[93.7812,23.6465],[93.7467,23.6321],[93.7499,23.603],[93.6689,23.6132],[93.7339,23.5414],[93.7136,23.5221],[93.722,23.505],[93.7036,23.4627],[93.7724,23.4277],[93.6925,23.3626],[93.6591,23.4149],[93.6456,23.3961],[93.6483,23.3091],[93.6862,23.3],[93.6818,23.253],[93.7184,23.2569],[93.7242,23.2305],[93.7544,23.2107],[93.7353,23.1914],[93.6663,23.1966],[93.6895,23.1385],[93.6811,23.0827],[93.7143,23.0693],[93.6854,23.013],[93.6976,23.0063],[93.7498,23.0339],[93.7584,23.005],[93.788,22.9949],[93.7871,22.9599],[93.8892,22.8672],[93.858,23.0003],[93.8616,23.0395],[93.8903,23.0462],[93.8845,23.0817],[93.8006,23.1141],[93.8263,23.1842],[93.8548,23.2161],[93.8099,23.2838],[93.8662,23.2944],[93.8713,23.323],[93.8265,23.3556],[93.823,23.4246],[93.8736,23.4838],[93.8334,23.5264],[93.846,23.5861],[93.8896,23.6466],[93.9439,23.6628],[93.892,23.7115],[93.9113,23.7437],[93.9109,23.7801],[93.951,23.7744],[94.0051,23.7288],[93.9961,23.7697],[93.9161,23.828],[93.8699,23.8389],[93.879,23.8757],[93.9191,23.9095],[93.9825,23.8867],[93.9535,23.9413],[94.0238,23.9223],[94.0548,23.8897],[94.0989,23.8864],[94.1296,23.8372],[94.1607,23.8555],[94.1678,23.9342],[94.1916,23.9406],[94.2289,24.0506],[94.2518,24.0683],[94.2558,24.1525],[94.2768,24.1702],[94.3118,24.2563],[94.3223,24.319],[94.3748,24.3705],[94.362,24.3957],[94.3901,24.4059],[94.3975,24.4708],[94.4505,24.557],[94.5136,24.6012],[94.5519,24.7056],[94.6029,24.7084],[94.6448,24.8372],[94.702,24.9228],[94.695,24.9689],[94.7078,24.9814],[94.704,24.9316],[94.7186,24.9197],[94.7793,25.0304],[94.7659,25.0669],[94.8099,25.1097],[94.7896,25.1238],[94.7597,25.2044],[94.8764,25.1724],[94.8916,25.2253],[94.9339,25.2568],[94.9684,25.3612],[94.9654,25.3807],[94.9441,25.3745],[94.8491,25.2871],[94.7795,25.2609],[94.7374,25.3239],[94.6913,25.3208],[94.7288,25.4004],[94.7641,25.3551],[94.7961,25.3406],[94.8428,25.4155],[95.0025,25.4588],[95.0022,25.4699],[94.8643,25.4893],[94.8876,25.5292],[94.8751,25.5631],[94.8922,25.5738],[94.8781,25.5818],[94.9076,25.6042],[94.9583,25.5415],[94.9976,25.6672],[95.0475,25.5957],[95.0946,25.5968],[95.1643,25.6552],[95.172,25.7042],[95.3665,25.8402],[95.3871,25.9378],[95.3711,25.9559],[95.3034,25.9478],[95.1948,25.8956],[95.1571,25.8989],[95.222,25.9551],[95.2399,25.9991],[95.2865,26.0046],[95.3211,26.0278],[95.3292,26.0612],[95.2822,26.1497],[95.3628,26.2131],[95.3982,26.2649],[95.4,26.2893],[95.3654,26.3156],[95.4454,26.3502],[95.4787,26.3992],[95.2963,26.3627],[95.1562,26.2588],[95.1208,26.2583],[95.1166,26.3065],[95.1753,26.3701],[95.1893,26.4203],[95.2529,26.4213],[95.2954,26.4392],[95.3314,26.532],[95.3189,26.5691],[95.2007,26.6401],[95.2408,26.6804],[95.268,26.6426],[95.3021,26.659],[95.3049,26.629],[95.3962,26.6489],[95.4082,26.5183],[95.4351,26.5089],[95.4688,26.5837],[95.5074,26.584],[95.5271,26.6048],[95.5211,26.69],[95.58,26.6782],[95.6205,26.7038],[95.673,26.8338],[95.7273,26.8361],[95.9124,27.0085],[95.9251,26.9507],[95.9945,26.9976],[95.988,27.0572],[96.0506,27.0948],[96.015,27.1161],[96.0941,27.2243],[96.3,27.2905],[96.3369,27.2836],[96.3511,27.2917],[96.4026,27.2897],[96.3939,27.2781],[96.4117,27.2747],[96.4333,27.2917],[96.4258,27.301],[96.4889,27.298],[96.5228,27.2594],[96.4682,27.2316],[96.4562,27.1661],[96.5846,27.1856],[96.6037,27.1378],[96.6985,27.1934],[96.701,27.2156],[96.6723,27.2599],[96.6779,27.2799],[96.7567,27.3223],[96.7784,27.32],[96.8616,27.2474],[96.8006,27.1646],[96.926,27.1352],[96.9669,27.1051],[96.8181,27.1129],[96.794,27.0966],[96.7437,27.1219],[96.7211,27.0858],[96.6801,27.0871],[96.6905,27.0376],[96.6293,27.0752],[96.6164,27.043],[96.5795,27.0166],[96.4092,26.9931],[96.5861,26.9587],[96.8234,26.9594],[96.9307,26.9294],[96.9389,26.9073],[96.8992,26.8846],[96.5332,26.8949],[96.6271,26.8629],[96.8093,26.8385],[96.922,26.8454],[97.0172,26.8229],[97.0094,26.8853],[97.111,26.9331],[97.124,27.0203],[97.1536,26.9963],[97.1687,26.9346],[97.1549,26.8772],[97.1908,26.8731],[97.2252,26.8307],[97.158,26.7255],[97.1846,26.5923],[97.1559,26.5397],[97.1873,26.4632],[97.1903,26.3689],[97.1668,26.1874],[97.1085,26.0706],[97.1104,26.002],[97.0699,25.9672],[97.0698,25.9051],[97.0152,25.7803],[96.9607,25.7842],[96.9465,25.7673],[97.0076,25.6601],[96.9946,25.5538],[96.9728,25.5125],[96.9877,25.5045],[97.0139,25.5252],[97.1497,25.6955],[97.1502,25.7426],[97.1118,25.7872],[97.1648,25.9882],[97.154,26.0527],[97.2204,26.1401],[97.2816,26.3826],[97.2633,26.4549],[97.2712,26.5286],[97.2301,26.5932],[97.3027,26.5869],[97.3323,26.6159],[97.3735,26.8363],[97.3576,26.9385],[97.4141,26.9743],[97.4389,27.0258],[97.4123,27.0774],[97.3265,27.146],[97.2235,27.1907],[97.1736,27.258],[97.1569,27.3105],[97.1002,27.3579],[97.1092,27.3908],[97.1471,27.4312],[97.0904,27.5735],[97.16,27.5416],[97.1932,27.5632],[97.2105,27.5508],[97.2071,27.3709],[97.2361,27.3003],[97.2864,27.2399],[97.2415,27.4347],[97.2698,27.6136],[97.2074,27.7034],[97.221,27.7193],[97.2605,27.7106],[97.259,27.7642],[97.3389,27.7043],[97.366,27.717],[97.3776,27.7535],[97.4297,27.7476],[97.501,27.7831],[97.502,27.7619],[97.444,27.6814],[97.445,27.6306],[97.5124,27.6056],[97.5246,27.5475],[97.5597,27.5279],[97.6019,27.4688],[97.7007,27.4168],[97.7699,27.3182],[97.8287,27.3172],[97.8491,27.3601],[97.809,27.4152],[97.68,27.4909],[97.6847,27.5572],[97.6174,27.5912],[97.6191,27.6765],[97.6637,27.7303],[97.7066,27.7179],[97.7279,27.6534],[97.759,27.6517],[97.8069,27.619],[97.8364,27.5581],[97.8863,27.5154],[97.9059,27.5196],[97.9073,27.543],[97.8422,27.6458],[97.8442,27.6639],[97.9203,27.6589],[97.9592,27.6091],[97.9726,27.5507],[98.0,27.5424],[98.0,27.3003],[97.9616,27.3338],[97.9376,27.3345],[97.9007,27.1994],[97.9246,27.1584],[98.0,27.1409],[98.0,27.0912],[97.9284,27.0615],[97.9493,26.9935],[97.8607,26.9781],[97.843,26.9262],[97.8561,26.8844],[97.9101,26.8563],[97.9379,26.8174],[98.0,26.8125],[98.0,26.3101],[97.9591,26.2643],[97.9747,26.233],[98.0,26.265],[98.0,26.0553],[97.9787,26.0823],[97.9597,26.0793],[97.9818,25.9707],[97.9439,25.9261],[97.9412,25.8754],[97.9585,25.8443],[98.0,25.8478],[98.0,25.5914],[97.9632,25.5684],[98.0,25.5352],[98.0,25.4197],[97.9567,25.4375],[97.9274,25.4301],[97.8804,25.3566],[97.7415,25.2817],[97.7066,25.2141],[97.7094,25.1882],[97.7446,25.1639],[97.8072,25.1792],[97.7561,25.0833],[97.7314,25.0701],[97.7233,24.9592],[97.7037,24.9091],[97.6434,24.8421],[97.6448,24.7791],[97.5759,24.7634],[97.5545,24.7413],[97.5734,24.7101],[97.5728,24.64],[97.4651,24.5139],[97.2749,24.3717],[97.1,24.2938],[96.9832,24.2761],[96.8519,24.285],[96.6818,24.3689],[96.5173,24.3652],[96.4105,24.3093],[96.3175,24.2089],[96.2726,24.1404],[96.2109,23.9851],[96.1727,23.9479],[96.0506,23.9203],[95.7333,23.9604],[95.482,23.8427],[95.4037,23.7874],[95.3093,23.5838],[94.8497,22.783],[94.8193,22.4838],[94.4939,21.6906],[94.4773,21.4849],[94.5598,21.3062],[94.5804,21.1419],[94.5732,21.0731],[94.5121,20.8827],[94.509,20.6668],[94.5682,20.3722],[94.658,20.1436],[94.7872,20.0166],[95.1113,19.7737],[95.1605,19.6445],[95.1581,19.5484],[95.1744,19.4756],[95.1972,19.5403],[95.2029,19.6425],[95.1851,19.715],[95.5332,19.5952],[95.5561,19.5554],[95.5859,19.3716],[95.6665,19.3058],[95.7168,19.2956],[95.717,19.7345],[95.6887,19.8453],[95.5891,20.0018],[95.5777,20.0674],[95.6037,20.2506],[95.6495,20.2788],[95.7231,20.2915],[95.8954,20.2198],[96.0266,20.0895],[96.0778,19.9586],[96.0204,19.7654],[96.0431,19.6649],[96.0777,19.6268],[96.1952,19.5658],[96.2877,19.4309],[96.3429,19.4219],[96.3531,19.5477],[96.2775,20.15],[96.257,20.633],[96.1754,20.9629],[96.1676,21.0501],[96.1893,21.2645],[96.3091,21.4607],[96.3414,21.6111],[96.4157,21.7982],[96.3022,21.9577],[96.2615,22.0497],[96.243,22.1254],[96.2304,22.3317],[96.1083,22.4773],[96.0549,22.5764],[96.05,22.7832],[96.0769,23.4164],[96.1285,23.5529],[96.2121,23.6835],[96.493,24.0209],[96.6333,24.0916],[96.8296,24.159],[96.9261,24.1767],[97.0837,24.1701],[97.2214,24.2047],[97.345,24.317],[97.4536,24.4831],[97.5129,24.5422],[97.5282,24.5223],[97.5644,24.5358],[97.5366,24.4359],[97.6736,24.4532],[97.6877,24.4158],[97.6533,24.3943],[97.6527,24.3762],[97.59,24.3961],[97.5932,24.3603],[97.5399,24.328],[97.4775,24.2564],[97.5249,24.1918],[97.4949,24.1398],[97.5998,24.124],[97.6232,24.0889],[97.6635,24.0988],[97.6506,24.139],[97.6858,24.1503],[97.6631,24.1831],[97.6873,24.2075],[97.6982,24.2954],[97.7615,24.2788],[97.7637,24.2588],[97.7285,24.2039],[97.7579,24.17],[97.7305,24.1122],[97.6452,24.0399],[97.6325,24.0],[97.5853,23.9935],[97.5351,23.9378],[97.6287,23.8909],[97.6497,23.8452],[97.6582,23.8673],[97.716,23.8744],[97.737,23.9094],[97.7655,23.9149],[97.7952,23.9477],[97.8546,23.9536],[97.8595,23.976],[97.8881,23.9879],[97.8853,24.0103],[98.0,24.0559],[98.0,23.7204],[97.9521,23.7342],[97.8877,23.6888],[97.8776,23.6746],[97.8714,23.6456],[97.8806,23.6149],[97.9015,23.6049],[98.0,23.6516],[98.0,23.5789],[97.9316,23.5809],[97.8737,23.5582],[97.8299,23.516],[97.8564,23.5174],[97.8605,23.5044],[97.8028,23.4193],[97.8131,23.3919],[97.8629,23.3549],[98.0,23.3642],[98.0,23.1214],[97.9712,23.0985],[98.0,23.0864],[98.0,22.9328],[97.9575,22.9211],[97.9317,22.8928],[97.9577,22.8833],[98.0,22.901],[98.0,22.6212],[97.9827,22.5878],[98.0,22.5524],[98.0,20.7085],[97.9869,20.7051],[98.0,20.6958],[98.0,20.6175],[97.9863,20.5943],[98.0,20.5814],[98.0,20.1848],[97.9753,20.1526],[98.0,20.1609],[98.0,17.0853]],[[94.3327,16.1173],[94.325,16.125],[94.3257,16.1172],[94.3327,16.1173]],[[94.35,16.1333],[94.3577,16.1256],[94.3578,16.1326],[94.35,16.1333]],[[94.3083,16.2],[94.316,16.1923],[94.3161,16.1993],[94.3083,16.2]],[[94.2667,16.3083],[94.2797,16.3],[94.2832,16.306],[94.2667,16.3083]],[[94.3,16.35],[94.3131,16.3417],[94.3166,16.3477],[94.3,16.35]],[[94.4,16.3833],[94.4077,16.3756],[94.4078,16.3826],[94.4,16.3833]],[[94.35,16.4667],[94.3577,16.459],[94.3578,16.466],[94.35,16.4667]],[[94.475,16.85],[94.4827,16.8423],[94.4828,16.8493],[94.475,16.85]],[[94.6,16.9917],[94.6077,16.984],[94.6078,16.991],[94.6,16.9917]],[[94.6583,17.0833],[94.666,17.0756],[94.6661,17.0826],[94.6583,17.0833]],[[94.65,17.0833],[94.6423,17.091],[94.6422,17.084],[94.65,17.0833]],[[94.6895,17.0992],[94.6939,17.0846],[94.6989,17.0847],[94.6895,17.0992]],[[94.6358,17.1209],[94.6854,17.1226],[94.6637,17.2108],[94.6393,17.1735],[94.6358,17.1209]],[[97.9946,17.1378],[97.9722,17.1739],[97.9546,17.1804],[97.9946,17.1378]],[[97.9081,17.1487],[97.9005,17.1424],[97.9083,17.1417],[97.9081,17.1487]],[[97.9173,17.1827],[97.925,17.175],[97.9243,17.1828],[97.9173,17.1827]],[[97.9582,17.1987],[97.9505,17.1924],[97.9583,17.1917],[97.9582,17.1987]],[[97.4237,17.2226],[97.4188,17.2107],[97.4319,17.2017],[97.4237,17.2226]],[[97.9748,17.2237],[97.9672,17.2174],[97.975,17.2167],[97.9748,17.2237]],[[97.3083,17.2583],[97.3214,17.25],[97.3249,17.256],[97.3083,17.2583]],[[97.284,17.3066],[97.2911,17.2931],[97.2896,17.3081],[97.284,17.3066]],[[96.0812,17.3075],[96.0856,17.2929],[96.0906,17.293],[96.0812,17.3075]],[[97.1785,17.333],[97.1761,17.3181],[97.1917,17.3167],[97.1905,17.3227],[97.1785,17.333]],[[97.8512,17.3235],[97.8646,17.3179],[97.8647,17.3321],[97.8512,17.3235]],[[97.2083,17.3333],[97.2156,17.3175],[97.2156,17.3324],[97.2083,17.3333]],[[97.9805,17.3338],[97.9719,17.3493],[97.9674,17.348],[97.9805,17.3338]],[[97.275,17.3583],[97.2827,17.3506],[97.2828,17.3576],[97.275,17.3583]],[[96.35,17.3583],[96.3577,17.3506],[96.3578,17.3576],[96.35,17.3583]],[[96.1,17.3583],[96.1077,17.3506],[96.1078,17.3576],[96.1,17.3583]],[[96.3333,17.3667],[96.341,17.359],[96.3411,17.366],[96.3333,17.3667]],[[97.5196,17.382],[97.5137,17.3604],[97.5319,17.3725],[97.5196,17.382]],[[94.6417,17.375],[94.6494,17.3673],[94.6495,17.3743],[94.6417,17.375]],[[97.1748,17.4021],[97.1401,17.3948],[97.1463,17.3799],[97.1721,17.3735],[97.1748,17.4021]],[[97.7833,17.3787],[97.8279,17.3903],[97.7769,17.4207],[97.7518,17.4618],[97.7587,17.3996],[97.7833,17.3787]],[[96.0917,17.3917],[96.0994,17.384],[96.0995,17.391],[96.0917,17.3917]],[[96.2673,17.3985],[96.2743,17.385],[96.2726,17.3999],[96.2673,17.3985]],[[97.8709,17.405],[97.8528,17.4055],[97.8529,17.3859],[97.8647,17.3931],[97.8709,17.405]],[[96.325,17.4],[96.3327,17.3923],[96.3328,17.3993],[96.325,17.4]],[[97.3249,17.432],[97.2811,17.4734],[97.2948,17.4834],[97.2829,17.5118],[97.25,17.5339],[97.2458,17.4936],[97.2559,17.456],[97.302,17.4015],[97.3334,17.3954],[97.3382,17.404],[97.325,17.4286],[97.3249,17.432]],[[97.2422,17.435],[97.2566,17.4026],[97.2459,17.4401],[97.2422,17.435]],[[97.8994,17.409],[97.8917,17.4167],[97.8924,17.4089],[97.8994,17.409]],[[97.5083,17.4167],[97.516,17.409],[97.5161,17.416],[97.5083,17.4167]],[[94.675,17.4167],[94.6827,17.409],[94.6828,17.416],[94.675,17.4167]],[[97.8667,17.425],[97.8744,17.4173],[97.8745,17.4243],[97.8667,17.425]],[[97.8,17.4167],[97.7842,17.4239],[97.7841,17.4178],[97.8,17.4167]],[[97.6667,17.4417],[97.6581,17.4417],[97.6627,17.4332],[97.6667,17.4417]],[[97.8077,17.4423],[97.8,17.45],[97.8007,17.4422],[97.8077,17.4423]],[[96.1917,17.475],[96.1994,17.4673],[96.1995,17.4743],[96.1917,17.475]],[[94.725,17.5],[94.7103,17.4887],[94.7124,17.4766],[94.7219,17.4779],[94.725,17.5]],[[97.7715,17.4778],[97.7546,17.5142],[97.745,17.5144],[97.7715,17.4778]],[[96.1,17.5167],[96.1077,17.509],[96.1078,17.516],[96.1,17.5167]],[[97.1998,17.5237],[97.1922,17.5174],[97.2,17.5167],[97.1998,17.5237]],[[97.7478,17.5411],[97.744,17.5262],[97.75,17.525],[97.7478,17.5411]],[[97.2224,17.5472],[97.2118,17.5285],[97.2308,17.5279],[97.2224,17.5472]],[[97.55,17.5417],[97.5577,17.534],[97.5578,17.541],[97.55,17.5417]],[[94.6674,17.5483],[94.6744,17.5348],[94.6729,17.5498],[94.6674,17.5483]],[[97.4167,17.55],[97.4244,17.5423],[97.4245,17.5493],[97.4167,17.55]],[[95.9833,17.55],[95.991,17.5423],[95.9911,17.5493],[95.9833,17.55]],[[97.4,17.5583],[97.4077,17.5506],[97.4078,17.5576],[97.4,17.5583]],[[97.659,17.5577],[97.6667,17.55],[97.666,17.5578],[97.659,17.5577]],[[97.7302,17.566],[97.7355,17.5508],[97.7408,17.5517],[97.7302,17.566]],[[96.2,17.5667],[96.2077,17.559],[96.2078,17.566],[96.2,17.5667]],[[97.2757,17.5816],[97.2828,17.5681],[97.2812,17.5831],[97.2757,17.5816]],[[97.0173,17.5744],[97.025,17.5667],[97.0243,17.5745],[97.0173,17.5744]],[[97.2893,17.6552],[97.2613,17.6074],[97.2566,17.5706],[97.3212,17.6379],[97.2893,17.6552]],[[96.45,17.5833],[96.4577,17.5756],[96.4578,17.5826],[96.45,17.5833]],[[97.725,17.575],[97.7173,17.5827],[97.7172,17.5757],[97.725,17.575]],[[96.4818,17.5987],[96.4856,17.5846],[96.4906,17.5847],[96.4818,17.5987]],[[94.6583,17.6],[94.666,17.5923],[94.6661,17.5993],[94.6583,17.6]],[[94.6575,17.6094],[94.6417,17.6167],[94.6427,17.6094],[94.6575,17.6094]],[[96.3856,17.6237],[96.3764,17.6094],[96.3906,17.6236],[96.3856,17.6237]],[[96.025,17.625],[96.0327,17.6173],[96.0328,17.6243],[96.025,17.625]],[[94.675,17.625],[94.6827,17.6173],[94.6828,17.6243],[94.675,17.625]],[[97.709,17.632],[97.7167,17.6167],[97.7143,17.6332],[97.709,17.632]],[[96.3506,17.6244],[96.3583,17.6167],[96.3576,17.6245],[96.3506,17.6244]],[[96.4667,17.65],[96.4744,17.6347],[96.4739,17.649],[96.4667,17.65]],[[97.7083,17.6583],[97.6998,17.6583],[97.7044,17.6499],[97.7083,17.6583]],[[96.35,17.6667],[96.3577,17.659],[96.3578,17.666],[96.35,17.6667]],[[96.9599,17.6615],[96.9808,17.67],[96.9889,17.6807],[96.9599,17.6615]],[[97.3252,17.6767],[97.3165,17.6728],[97.3213,17.6666],[97.3252,17.6767]],[[97.275,17.6833],[97.2827,17.6756],[97.2828,17.6826],[97.275,17.6833]],[[96.475,17.6833],[96.4827,17.6756],[96.4828,17.6826],[96.475,17.6833]],[[97.3417,17.6917],[97.3331,17.6917],[97.3377,17.6832],[97.3417,17.6917]],[[97.4577,17.704],[97.45,17.7083],[97.4558,17.6847],[97.4577,17.704]],[[96.2864,17.7243],[96.2707,17.6857],[96.2818,17.6954],[96.2864,17.7243]],[[97.299,17.694],[97.2764,17.7066],[97.2862,17.6926],[97.299,17.694]],[[97.7077,17.7006],[97.7,17.7083],[97.7007,17.7005],[97.7077,17.7006]],[[97.5522,17.7047],[97.5453,17.7406],[97.5295,17.7542],[97.5292,17.7275],[97.5522,17.7047]],[[97.2977,17.7238],[97.2939,17.7089],[97.3076,17.7103],[97.2977,17.7238]],[[96.9744,17.7256],[96.9667,17.7333],[96.9674,17.7255],[96.9744,17.7256]],[[97.2917,17.7417],[97.2994,17.734],[97.2995,17.741],[97.2917,17.7417]],[[96.225,17.75],[96.2327,17.7423],[96.2328,17.7493],[96.225,17.75]],[[97.6833,17.7583],[97.691,17.7431],[97.6906,17.7574],[97.6833,17.7583]],[[97.5165,17.7487],[97.5089,17.7424],[97.5167,17.7417],[97.5165,17.7487]],[[94.6,17.7583],[94.6077,17.7506],[94.6078,17.7576],[94.6,17.7583]],[[96.25,17.7667],[96.2577,17.759],[96.2578,17.766],[96.25,17.7667]],[[96.1667,17.7667],[96.1744,17.759],[96.1745,17.766],[96.1667,17.7667]],[[97.3173,17.766],[97.325,17.7583],[97.3243,17.7661],[97.3173,17.766]],[[97.2923,17.766],[97.3,17.7583],[97.2993,17.7661],[97.2923,17.766]],[[96.2326,17.7661],[96.2255,17.759],[96.2333,17.7583],[96.2326,17.7661]],[[97.4923,17.7744],[97.5,17.7667],[97.4993,17.7745],[97.4923,17.7744]],[[97.6833,17.7833],[97.691,17.7756],[97.6911,17.7826],[97.6833,17.7833]],[[95.9752,17.7851],[95.9665,17.7812],[95.9713,17.7749],[95.9752,17.7851]],[[97.3006,17.7827],[97.3083,17.775],[97.3076,17.7828],[97.3006,17.7827]],[[97.484,17.791],[97.4917,17.7833],[97.491,17.7911],[97.484,17.791]],[[96.1667,17.8],[96.1744,17.7923],[96.1745,17.7993],[96.1667,17.8]],[[95.9667,17.8083],[95.9744,17.8006],[95.9745,17.8076],[95.9667,17.8083]],[[96.959,17.8077],[96.9667,17.8],[96.966,17.8078],[96.959,17.8077]],[[96.9885,17.816],[96.9939,17.8008],[96.9991,17.8017],[96.9885,17.816]],[[97.4766,17.8399],[97.4866,17.804],[97.4899,17.8029],[97.4951,17.8145],[97.4766,17.8399]],[[97.675,17.8167],[97.6665,17.8167],[97.6711,17.8082],[97.675,17.8167]],[[97.1585,17.8151],[97.1876,17.8287],[97.1714,17.8542],[97.1591,17.8364],[97.1585,17.8151]],[[97.3077,17.8173],[97.3,17.825],[97.3007,17.8172],[97.3077,17.8173]],[[97.45,17.8333],[97.4577,17.8256],[97.4578,17.8326],[97.45,17.8333]],[[97.6924,17.84],[97.6994,17.8265],[97.6979,17.8415],[97.6924,17.84]],[[97.2006,17.8327],[97.2083,17.825],[97.2076,17.8328],[97.2006,17.8327]],[[97.5802,17.866],[97.5855,17.8508],[97.5908,17.8517],[97.5802,17.866]],[[97.2923,17.866],[97.3,17.8583],[97.2993,17.8661],[97.2923,17.866]],[[97.4644,17.8816],[97.4768,17.8603],[97.4811,17.8602],[97.4644,17.8816]],[[97.5667,17.8833],[97.5744,17.8756],[97.5745,17.8826],[97.5667,17.8833]],[[95.8917,17.8833],[95.8994,17.8756],[95.8995,17.8826],[95.8917,17.8833]],[[94.65,17.9],[94.6573,17.8842],[94.6573,17.899],[94.65,17.9]],[[97.55,17.9],[97.5577,17.8923],[97.5578,17.8993],[97.55,17.9]],[[94.5256,17.8994],[94.5333,17.8917],[94.5326,17.8995],[94.5256,17.8994]],[[97.457,17.8928],[97.4478,17.9071],[97.4428,17.907],[97.457,17.8928]],[[94.5679,17.9487],[94.5917,17.925],[94.5974,17.9132],[94.5891,17.9394],[94.5679,17.9487]],[[97.5498,17.9237],[97.5422,17.9174],[97.55,17.9167],[97.5498,17.9237]],[[97.441,17.934],[97.4333,17.9417],[97.4341,17.9339],[97.441,17.934]],[[97.0083,17.9333],[96.9957,17.9567],[96.9767,17.9459],[97.0083,17.9333]],[[97.7327,17.9423],[97.725,17.95],[97.7257,17.9422],[97.7327,17.9423]],[[95.9272,17.9654],[95.9181,17.9511],[95.9322,17.9653],[95.9272,17.9654]],[[97.4256,17.966],[97.4333,17.9583],[97.4326,17.9661],[97.4256,17.966]],[[95.9006,17.966],[95.9083,17.9583],[95.9076,17.9661],[95.9006,17.966]],[[97.1176,17.9899],[97.125,17.9667],[97.1229,17.9911],[97.1176,17.9899]],[[95.941,17.9756],[95.9333,17.9833],[95.9341,17.9755],[95.941,17.9756]],[[96.9723,17.9763],[96.9651,18.005],[96.9607,18.0068],[96.9723,17.9763]],[[97.4376,18.0143],[97.4259,17.9803],[97.4299,17.9773],[97.4376,18.0143]],[[96.4833,17.9917],[96.491,17.984],[96.4911,17.991],[96.4833,17.9917]],[[97.3748,17.9987],[97.3672,17.9924],[97.375,17.9917],[97.3748,17.9987]],[[97.725,18.0083],[97.7327,18.0006],[97.7328,18.0076],[97.725,18.0083]],[[95.8424,18.0316],[95.8494,18.0181],[95.8479,18.0331],[95.8424,18.0316]],[[97.15,18.0167],[97.1423,18.0244],[97.1422,18.0174],[97.15,18.0167]],[[97.16,18.1121],[97.1728,18.0253],[97.1848,18.0924],[97.16,18.1121]],[[97.7167,18.0333],[97.7244,18.0256],[97.7245,18.0326],[97.7167,18.0333]],[[96.9256,18.0826],[96.956,18.0298],[96.9933,18.05],[96.975,18.0583],[96.9909,18.0801],[96.9668,18.0828],[96.9611,18.1041],[96.9256,18.0826]],[[97.7083,18.05],[97.716,18.0423],[97.7161,18.0493],[97.7083,18.05]],[[97.0256,18.0494],[97.0333,18.0417],[97.0326,18.0495],[97.0256,18.0494]],[[97.4454,18.0738],[97.4341,18.0539],[97.4366,18.0428],[97.4488,18.0639],[97.4454,18.0738]],[[95.8333,18.075],[95.841,18.0597],[95.8406,18.074],[95.8333,18.075]],[[97.6833,18.075],[97.691,18.0673],[97.6911,18.0743],[97.6833,18.075]],[[95.1,18.1],[95.1077,18.0847],[95.1073,18.099],[95.1,18.1]],[[97.4417,18.1018],[97.4332,18.0903],[97.4378,18.0835],[97.4417,18.1018]],[[97.2331,18.0987],[97.2255,18.0924],[97.2333,18.0917],[97.2331,18.0987]],[[97.6833,18.1083],[97.691,18.1006],[97.6911,18.1076],[97.6833,18.1083]],[[94.5513,18.1116],[94.5695,18.1011],[94.5746,18.1034],[94.5709,18.1163],[94.5513,18.1116]],[[95.8417,18.125],[95.8494,18.1173],[95.8495,18.1243],[95.8417,18.125]],[[94.5522,18.1335],[94.5483,18.1248],[94.5584,18.1287],[94.5522,18.1335]],[[96.9667,18.125],[96.959,18.1327],[96.9589,18.1257],[96.9667,18.125]],[[97.4167,18.1417],[97.4244,18.134],[97.4245,18.141],[97.4167,18.1417]],[[94.525,18.1417],[94.5327,18.134],[94.5328,18.141],[94.525,18.1417]],[[96.9566,18.1468],[96.9798,18.1396],[96.9852,18.1569],[96.9488,18.1782],[96.9566,18.1468]],[[96.9331,18.1737],[96.9255,18.1674],[96.9333,18.1667],[96.9331,18.1737]],[[97.3135,18.1987],[97.3181,18.1696],[97.3231,18.1684],[97.3135,18.1987]],[[97.1644,18.1831],[97.1535,18.1751],[97.1667,18.175],[97.1644,18.1831]],[[95.825,18.2],[95.8327,18.1923],[95.8328,18.1993],[95.825,18.2]],[[96.9007,18.207],[96.9083,18.1917],[96.906,18.2082],[96.9007,18.207]],[[97.1165,18.1987],[97.1089,18.1924],[97.1167,18.1917],[97.1165,18.1987]],[[97.13,18.2159],[97.1358,18.1937],[97.1402,18.1933],[97.13,18.2159]],[[96.4417,18.2167],[96.4494,18.209],[96.4495,18.216],[96.4417,18.2167]],[[96.8798,18.2195],[96.8644,18.2484],[96.8528,18.2555],[96.8798,18.2195]],[[95.8167,18.2333],[95.8244,18.2256],[95.8245,18.2326],[95.8167,18.2333]],[[97.2095,18.2503],[97.2675,18.2302],[97.2867,18.2367],[97.2583,18.2417],[97.2209,18.2804],[97.2095,18.2503]],[[95.0833,18.2417],[95.091,18.234],[95.0911,18.241],[95.0833,18.2417]],[[95.8387,18.2659],[95.8268,18.243],[95.8407,18.2527],[95.8387,18.2659]],[[94.5083,18.2583],[94.5214,18.25],[94.5249,18.256],[94.5083,18.2583]],[[94.525,18.275],[94.5327,18.2673],[94.5328,18.2743],[94.525,18.275]],[[95.8487,18.2899],[95.8288,18.2826],[95.8258,18.2779],[95.839,18.276],[95.8487,18.2899]],[[97.159,18.2827],[97.1667,18.275],[97.166,18.2828],[97.159,18.2827]],[[95.8165,18.282],[95.8089,18.2757],[95.8167,18.275],[95.8165,18.282]],[[97.2673,18.2976],[97.2746,18.2778],[97.2722,18.2997],[97.2673,18.2976]],[[97.291,18.284],[97.2833,18.2917],[97.2841,18.2839],[97.291,18.284]],[[97.2583,18.2917],[97.2506,18.2994],[97.2505,18.2924],[97.2583,18.2917]],[[95.0583,18.3083],[95.066,18.3006],[95.0661,18.3076],[95.0583,18.3083]],[[97.0583,18.3417],[97.066,18.334],[97.0661,18.341],[97.0583,18.3417]],[[95.7667,18.3417],[95.7744,18.334],[95.7745,18.341],[95.7667,18.3417]],[[95.075,18.3417],[95.0827,18.334],[95.0828,18.341],[95.075,18.3417]],[[97.2512,18.3491],[97.2574,18.3342],[97.2574,18.3491],[97.2512,18.3491]],[[96.8832,18.3403],[96.8755,18.334],[96.8833,18.3333],[96.8832,18.3403]],[[95.775,18.3583],[95.7827,18.3506],[95.7828,18.3576],[95.775,18.3583]],[[95.0667,18.3583],[95.0744,18.3506],[95.0745,18.3576],[95.0667,18.3583]],[[94.5055,18.3794],[94.4875,18.3691],[94.5136,18.3529],[94.5137,18.3729],[94.5055,18.3794]],[[97.0083,18.3667],[96.9925,18.3739],[96.9924,18.3678],[97.0083,18.3667]],[[95.7833,18.3833],[95.791,18.3756],[95.7911,18.3826],[95.7833,18.3833]],[[97.1477,18.3831],[97.1368,18.3751],[97.15,18.375],[97.1477,18.3831]],[[95.0583,18.3917],[95.066,18.384],[95.0661,18.391],[95.0583,18.3917]],[[94.4833,18.4],[94.4906,18.3842],[94.4906,18.399],[94.4833,18.4]],[[94.5173,18.391],[94.525,18.3833],[94.5243,18.3911],[94.5173,18.391]],[[94.4583,18.4083],[94.4714,18.4],[94.4749,18.406],[94.4583,18.4083]],[[96.9733,18.6327],[96.9473,18.6162],[96.9657,18.5677],[96.9609,18.4314],[96.9733,18.4116],[97.001,18.4263],[97.0159,18.4829],[97.073,18.5364],[97.0633,18.5603],[97.0239,18.5755],[97.0039,18.6158],[96.982,18.6332],[96.9733,18.6327]],[[94.4583,18.425],[94.466,18.4173],[94.4661,18.4243],[94.4583,18.425]],[[97.0833,18.4333],[97.091,18.4256],[97.0911,18.4326],[97.0833,18.4333]],[[94.4167,18.4333],[94.4244,18.4256],[94.4245,18.4326],[94.4167,18.4333]],[[96.3917,18.4917],[96.4047,18.4834],[96.4082,18.4893],[96.3917,18.4917]],[[94.4583,18.4917],[94.466,18.484],[94.4661,18.491],[94.4583,18.4917]],[[96.7605,18.4992],[96.7561,18.4846],[96.7653,18.4989],[96.7605,18.4992]],[[96.775,18.5],[96.7827,18.4923],[96.7828,18.4993],[96.775,18.5]],[[96.734,18.507],[96.7417,18.4917],[96.7393,18.5082],[96.734,18.507]],[[95.6767,18.5028],[95.7047,18.5182],[95.7061,18.5229],[95.6945,18.5218],[95.6767,18.5028]],[[97.0996,18.5231],[97.0919,18.5106],[97.1,18.5083],[97.0996,18.5231]],[[95.0,18.5333],[95.0077,18.5256],[95.0078,18.5326],[95.0,18.5333]],[[97.2006,18.5494],[97.2083,18.5417],[97.2076,18.5495],[97.2006,18.5494]],[[94.9833,18.5583],[94.991,18.5506],[94.9911,18.5576],[94.9833,18.5583]],[[96.7582,18.557],[96.7505,18.5507],[96.7583,18.55],[96.7582,18.557]],[[97.1917,18.5667],[97.1994,18.559],[97.1995,18.566],[97.1917,18.5667]],[[95.7667,18.5667],[95.7744,18.559],[95.7745,18.566],[95.7667,18.5667]],[[95.7484,18.5727],[95.7356,18.5605],[95.7569,18.5611],[95.7484,18.5727]],[[97.1846,18.5763],[97.2,18.5833],[97.198,18.5905],[97.1845,18.5903],[97.1846,18.5763]],[[94.3577,18.609],[94.35,18.6167],[94.3507,18.6089],[94.3577,18.609]],[[97.1062,18.8667],[97.0461,18.8869],[97.0396,18.9123],[96.9996,18.8894],[96.9983,18.8467],[96.976,18.8295],[96.9841,18.8081],[96.9643,18.8031],[96.9664,18.7175],[97.0016,18.6799],[97.0781,18.6431],[97.1169,18.6494],[97.1679,18.6133],[97.1147,18.7293],[97.1045,18.8242],[97.1126,18.8415],[97.1354,18.844],[97.1172,18.8627],[97.1062,18.8667]],[[94.5,18.625],[94.5077,18.6173],[94.5078,18.6243],[94.5,18.625]],[[94.3703,18.6173],[94.3821,18.6359],[94.3812,18.6405],[94.3674,18.6285],[94.3703,18.6173]],[[97.7673,18.6327],[97.775,18.625],[97.7743,18.6328],[97.7673,18.6327]],[[94.4307,18.6495],[94.4208,18.6335],[94.433,18.6363],[94.4307,18.6495]],[[94.4006,18.641],[94.4083,18.6333],[94.4076,18.6411],[94.4006,18.641]],[[96.934,18.6494],[96.9417,18.6417],[96.941,18.6495],[96.934,18.6494]],[[94.4772,18.6585],[94.4733,18.6498],[94.4834,18.6537],[94.4772,18.6585]],[[96.9501,18.6591],[96.9538,18.6875],[96.9219,18.6828],[96.9226,18.6692],[96.9501,18.6591]],[[94.45,18.6667],[94.4577,18.659],[94.4578,18.666],[94.45,18.6667]],[[96.8998,18.6737],[96.8922,18.6674],[96.9,18.6667],[96.8998,18.6737]],[[95.0333,18.775],[95.041,18.7673],[95.0411,18.7743],[95.0333,18.775]],[[97.1498,18.782],[97.1422,18.7757],[97.15,18.775],[97.1498,18.782]],[[94.4244,18.7923],[94.4167,18.8],[94.4174,18.7922],[94.4244,18.7923]],[[95.1167,18.8083],[95.1244,18.8006],[95.1245,18.8076],[95.1167,18.8083]],[[96.9022,18.8008],[96.8978,18.8154],[96.8928,18.8153],[96.9022,18.8008]],[[94.3895,18.8242],[94.3939,18.8096],[94.3989,18.8097],[94.3895,18.8242]],[[94.3493,18.8245],[94.3422,18.8174],[94.35,18.8167],[94.3493,18.8245]],[[94.3083,18.8333],[94.316,18.8256],[94.3161,18.8326],[94.3083,18.8333]],[[94.3224,18.8844],[94.3417,18.875],[94.3494,18.841],[94.3754,18.8357],[94.3516,18.8721],[94.3224,18.8844]],[[97.1352,18.88],[97.1209,18.9303],[97.1077,18.9384],[97.1168,18.8941],[97.1352,18.88]],[[97.0998,18.8903],[97.0922,18.884],[97.1,18.8833],[97.0998,18.8903]],[[96.6299,18.9135],[96.6113,18.8962],[96.6165,18.8875],[96.6392,18.8961],[96.6299,18.9135]],[[97.0915,18.9237],[97.0839,18.9174],[97.0917,18.9167],[97.0915,18.9237]],[[96.9826,18.9263],[96.9829,18.9658],[96.9527,19.0086],[96.9647,18.9413],[96.9826,18.9263]],[[94.3287,18.9488],[94.3347,18.9285],[94.3393,18.9265],[94.3484,18.9388],[94.3287,18.9488]],[[97.1583,18.9417],[97.166,18.934],[97.1661,18.941],[97.1583,18.9417]],[[94.7,18.95],[94.7077,18.9423],[94.7078,18.9493],[94.7,18.95]],[[94.3333,18.9667],[94.341,18.959],[94.3411,18.966],[94.3333,18.9667]],[[97.0804,19.0073],[97.116,18.9601],[97.1419,18.9761],[97.1061,19.0266],[97.0804,19.0073]],[[97.4009,19.0795],[97.4141,18.9897],[97.4211,19.0236],[97.4009,19.0795]],[[94.284,19.04],[94.2911,19.0265],[94.2896,19.0415],[94.284,19.04]],[[97.1248,19.057],[97.1172,19.0507],[97.125,19.05],[97.1248,19.057]],[[96.684,19.0736],[96.6917,19.0583],[96.6893,19.0749],[96.684,19.0736]],[[96.9203,19.0891],[96.9382,19.0682],[96.9569,19.0628],[96.9203,19.0891]],[[97.0595,19.0861],[97.0685,19.0683],[97.0733,19.0681],[97.0731,19.0808],[97.0595,19.0861]],[[96.6748,19.107],[96.6672,19.1007],[96.675,19.1],[96.6748,19.107]],[[95.0568,19.1143],[95.0439,19.1022],[95.0652,19.1028],[95.0568,19.1143]],[[96.9248,19.132],[96.9172,19.1257],[96.925,19.125],[96.9248,19.132]],[[96.434,19.1486],[96.4417,19.1333],[96.4393,19.1499],[96.434,19.1486]],[[96.891,19.1423],[96.8833,19.15],[96.8841,19.1422],[96.891,19.1423]],[[96.8619,19.1646],[96.848,19.2517],[96.8259,19.2584],[96.8162,19.2296],[96.8619,19.1646]],[[94.257,19.1735],[94.2429,19.1772],[94.2566,19.1676],[94.257,19.1735]],[[94.2923,19.1902],[94.2993,19.1767],[94.2976,19.1916],[94.2923,19.1902]],[[94.9833,19.2],[94.9689,19.1888],[94.9716,19.1765],[94.9968,19.1848],[94.9833,19.2]],[[94.2827,19.184],[94.275,19.1917],[94.2757,19.1839],[94.2827,19.184]],[[94.9428,19.1991],[94.949,19.1842],[94.949,19.1991],[94.9428,19.1991]],[[94.2236,19.1844],[94.2145,19.1987],[94.2095,19.1986],[94.2236,19.1844]],[[97.1577,19.2006],[97.15,19.2083],[97.1507,19.2005],[97.1577,19.2006]],[[94.9408,19.2094],[94.925,19.2167],[94.926,19.2094],[94.9408,19.2094]],[[94.95,19.225],[94.9577,19.2173],[94.9578,19.2243],[94.95,19.225]],[[96.55,20.9563],[96.5583,20.8355],[96.5772,20.8084],[96.5732,20.777],[96.6122,20.7214],[96.5759,20.7097],[96.5427,20.6428],[96.5184,20.6159],[96.5328,20.5435],[96.5113,20.5467],[96.5119,20.4511],[96.5345,20.4048],[96.5832,20.3854],[96.5952,20.2776],[96.7349,20.072],[96.7603,19.9032],[96.8015,19.7882],[96.7836,19.7676],[96.7437,19.8021],[96.766,19.7486],[96.7365,19.728],[96.7669,19.6932],[96.7654,19.6516],[96.7923,19.6244],[96.8041,19.6257],[96.8164,19.6891],[96.8328,19.679],[96.8738,19.5865],[96.8643,19.5716],[96.8501,19.5724],[96.8482,19.5743],[96.8338,19.5709],[96.825,19.575],[96.825,19.55],[96.9404,19.4734],[96.892,19.479],[96.884,19.463],[96.9306,19.3385],[96.9585,19.3075],[96.9579,19.3406],[96.9778,19.3549],[97.0251,19.3077],[97.061,19.3234],[97.1342,19.2245],[97.1257,19.2644],[97.0802,19.3138],[97.1125,19.3143],[97.0481,19.4918],[96.9465,19.5864],[96.9524,19.6107],[96.9708,19.6167],[96.975,19.7],[96.9427,19.7453],[96.937,19.8603],[96.857,20.1046],[96.8452,20.1694],[96.8667,20.2],[96.8673,20.2074],[96.8661,20.2132],[96.8555,20.2276],[96.8579,20.2869],[96.7627,20.4868],[96.7962,20.5029],[96.7905,20.5344],[96.7504,20.5635],[96.7558,20.6396],[96.7453,20.7504],[96.7866,20.7982],[96.825,20.75],[96.8411,20.7558],[96.8276,20.8651],[96.8165,20.873],[96.7848,20.861],[96.7559,20.8881],[96.8371,20.9486],[96.8453,21.0087],[96.813,21.0209],[96.7746,21.0071],[96.7024,20.8919],[96.6902,20.8919],[96.6891,20.9],[96.6832,20.8942],[96.6687,20.9092],[96.651,20.9832],[96.6613,21.1434],[96.709,21.2553],[96.7406,21.3577],[96.7428,21.3706],[96.7444,21.4076],[96.766,21.4634],[96.6576,21.346],[96.6496,21.2591],[96.6164,21.2428],[96.5783,21.1801],[96.5486,21.1745],[96.5605,21.2662],[96.5439,21.2849],[96.4905,21.2732],[96.3857,21.289],[96.4356,21.2053],[96.4939,21.1905],[96.5199,21.1677],[96.5607,20.9935],[96.55,20.9563]],[[97.4614,19.2711],[97.4583,19.225],[97.478,19.2659],[97.4614,19.2711]],[[94.8417,19.25],[94.8494,19.2423],[94.8495,19.2493],[94.8417,19.25]],[[96.975,19.2738],[96.9947,19.2602],[97.0061,19.2614],[96.9882,19.2819],[96.975,19.2738]],[[96.8305,19.2978],[96.8333,19.2833],[96.848,19.2786],[96.8305,19.2978]],[[94.2288,19.3144],[94.225,19.2922],[94.2203,19.2778],[94.2391,19.3053],[94.2288,19.3144]],[[97.4589,19.3255],[97.4644,19.2865],[97.47,19.3324],[97.4589,19.3255]],[[96.8328,19.3178],[96.8459,19.3509],[96.8216,19.3685],[96.837,19.3368],[96.8328,19.3178]],[[97.135,19.3741],[97.1439,19.3592],[97.1491,19.36],[97.135,19.3741]],[[97.4507,19.3665],[97.4648,19.3632],[97.4718,19.4055],[97.4685,19.4041],[97.4507,19.3665]],[[94.2186,19.389],[94.2481,19.3701],[94.2377,19.3903],[94.2186,19.389]],[[96.7998,19.382],[96.7922,19.3757],[96.8,19.375],[96.7998,19.382]],[[97.2686,19.3969],[97.237,19.4391],[97.2131,19.4453],[97.2686,19.3969]],[[96.7936,19.3994],[96.7583,19.4667],[96.7986,19.4923],[96.7298,19.5454],[96.723,19.5371],[96.7572,19.5065],[96.7328,19.4994],[96.7594,19.4287],[96.7936,19.3994]],[[95.1867,19.4441],[95.1963,19.4172],[95.2125,19.4119],[95.1979,19.4514],[95.1867,19.4441]],[[94.2082,19.4237],[94.2005,19.4174],[94.2083,19.4167],[94.2082,19.4237]],[[97.4667,19.4333],[97.4744,19.4256],[97.4745,19.4326],[97.4667,19.4333]],[[94.2082,19.4403],[94.2005,19.434],[94.2083,19.4333],[94.2082,19.4403]],[[97.475,19.45],[97.4827,19.4423],[97.4828,19.4493],[97.475,19.45]],[[96.8167,19.4583],[96.8244,19.4506],[96.8245,19.4576],[96.8167,19.4583]],[[97.9128,19.4512],[97.925,19.4667],[97.9182,19.4744],[97.9014,19.4639],[97.9128,19.4512]],[[97.1915,19.4653],[97.1839,19.459],[97.1917,19.4583],[97.1915,19.4653]],[[96.6748,19.5153],[96.6672,19.509],[96.675,19.5083],[96.6748,19.5153]],[[97.8083,19.525],[97.8214,19.5167],[97.8249,19.5227],[97.8083,19.525]],[[97.4748,19.5237],[97.4672,19.5174],[97.475,19.5167],[97.4748,19.5237]],[[97.8356,19.6304],[97.8536,19.5328],[97.8752,19.521],[97.927,19.6384],[97.8701,19.6813],[97.8525,19.7157],[97.8356,19.6304]],[[94.502,19.5405],[94.5155,19.5264],[94.5155,19.5403],[94.502,19.5405]],[[97.4922,19.5335],[97.4991,19.5524],[97.4875,19.5647],[97.4835,19.5425],[97.4922,19.5335]],[[97.475,19.55],[97.4665,19.55],[97.4711,19.5416],[97.475,19.55]],[[97.8417,19.575],[97.8331,19.575],[97.8377,19.5666],[97.8417,19.575]],[[97.9746,19.5974],[97.9589,19.5855],[97.975,19.5833],[97.9746,19.5974]],[[95.2331,19.5903],[95.2255,19.584],[95.2333,19.5833],[95.2331,19.5903]],[[94.4754,19.6393],[94.4653,19.5941],[94.4952,19.5978],[94.4754,19.6393]],[[96.857,19.6011],[96.8478,19.6154],[96.8428,19.6153],[96.857,19.6011]],[[97.9799,19.6101],[97.9916,19.6321],[97.9875,19.6483],[97.9757,19.6279],[97.9799,19.6101]],[[96.9915,19.632],[96.9839,19.6257],[96.9917,19.625],[96.9915,19.632]],[[96.8333,19.6417],[96.8175,19.6489],[96.8174,19.6428],[96.8333,19.6417]],[[94.4667,19.675],[94.4744,19.6673],[94.4745,19.6743],[94.4667,19.675]],[[93.9833,19.675],[93.991,19.6673],[93.9911,19.6743],[93.9833,19.675]],[[96.7331,19.6737],[96.7255,19.6674],[96.7333,19.6667],[96.7331,19.6737]],[[97.0238,19.7049],[96.9812,19.7267],[97.0268,19.6724],[97.0238,19.7049]],[[94.45,19.6833],[94.4577,19.6756],[94.4578,19.6826],[94.45,19.6833]],[[97.9544,19.6937],[97.9675,19.6808],[97.9868,19.681],[97.972,19.7135],[97.9544,19.6937]],[[94.45,19.7],[94.4577,19.6923],[94.4578,19.6993],[94.45,19.7]],[[96.7498,19.6987],[96.7422,19.6924],[96.75,19.6917],[96.7498,19.6987]],[[93.9583,19.7083],[93.966,19.7006],[93.9661,19.7076],[93.9583,19.7083]],[[94.4667,19.7167],[94.4744,19.709],[94.4745,19.716],[94.4667,19.7167]],[[94.4244,19.734],[94.4167,19.7417],[94.4174,19.7339],[94.4244,19.734]],[[94.1248,19.7403],[94.1172,19.734],[94.125,19.7333],[94.1248,19.7403]],[[94.45,19.75],[94.4577,19.7423],[94.4578,19.7493],[94.45,19.75]],[[94.0923,19.7494],[94.1,19.7417],[94.0993,19.7495],[94.0923,19.7494]],[[96.9554,19.7504],[97.0076,19.7507],[97.0168,19.7656],[96.9488,19.8162],[96.9554,19.7504]],[[97.9665,19.7653],[97.9589,19.759],[97.9667,19.7583],[97.9665,19.7653]],[[94.4408,19.7689],[94.4257,19.7635],[94.427,19.759],[94.4408,19.7689]],[[96.7083,19.775],[96.6998,19.775],[96.7044,19.7666],[96.7083,19.775]],[[97.9582,19.782],[97.9505,19.7757],[97.9583,19.775],[97.9582,19.782]],[[93.9333,19.8],[93.941,19.7923],[93.9411,19.7993],[93.9333,19.8]],[[96.7833,19.8083],[96.791,19.8006],[96.7911,19.8076],[96.7833,19.8083]],[[97.5083,19.8083],[97.492,19.8137],[97.4943,19.8005],[97.5083,19.8083]],[[97.1751,19.8137],[97.1862,19.8535],[97.1529,19.8712],[97.1464,19.8614],[97.1751,19.8137]],[[93.966,19.8173],[93.9583,19.825],[93.9591,19.8172],[93.966,19.8173]],[[97.5193,19.8285],[97.515,19.8604],[97.5021,19.8715],[97.4946,19.8337],[97.5193,19.8285]],[[93.9833,19.8333],[93.991,19.8256],[93.9911,19.8326],[93.9833,19.8333]],[[97.1581,19.832],[97.1505,19.8257],[97.1583,19.825],[97.1581,19.832]],[[93.9299,19.8615],[93.9049,19.8468],[93.9301,19.8295],[93.9299,19.8615]],[[93.8171,19.8555],[93.8244,19.8357],[93.822,19.8578],[93.8171,19.8555]],[[93.8756,19.8494],[93.8833,19.8417],[93.8826,19.8495],[93.8756,19.8494]],[[94.3498,19.857],[94.3422,19.8507],[94.35,19.85],[94.3498,19.857]],[[94.3236,19.8511],[94.3145,19.8654],[94.3095,19.8653],[94.3236,19.8511]],[[94.423,19.8695],[94.3846,19.8621],[94.387,19.8517],[94.423,19.8695]],[[96.6673,19.9034],[96.675,19.8667],[96.6722,19.9071],[96.6673,19.9034]],[[97.9004,19.8954],[97.9079,19.8705],[97.9052,19.8994],[97.9004,19.8954]],[[94.075,19.8833],[94.0827,19.8756],[94.0828,19.8826],[94.075,19.8833]],[[96.7235,19.8984],[96.7269,19.8764],[96.7319,19.8767],[96.7235,19.8984]],[[94.075,19.9],[94.0827,19.8923],[94.0828,19.8993],[94.075,19.9]],[[97.4852,19.9004],[97.4865,19.9476],[97.4754,19.9334],[97.4852,19.9004]],[[94.3155,19.9428],[94.294,19.9163],[94.3046,19.9016],[94.3146,19.9061],[94.3155,19.9428]],[[93.8833,19.9083],[93.8756,19.916],[93.8755,19.909],[93.8833,19.9083]],[[97.466,19.9173],[97.4583,19.925],[97.4591,19.9172],[97.466,19.9173]],[[94.0673,19.9244],[94.075,19.9167],[94.0743,19.9245],[94.0673,19.9244]],[[97.146,19.9327],[97.1762,19.9246],[97.1104,20.0635],[97.1212,19.969],[97.146,19.9327]],[[93.8423,19.9327],[93.85,19.925],[93.8493,19.9328],[93.8423,19.9327]],[[96.7331,19.9403],[96.7255,19.934],[96.7333,19.9333],[96.7331,19.9403]],[[97.5417,19.9528],[97.5336,19.9373],[97.5417,19.9333],[97.5417,19.9528]],[[94.3812,19.9492],[94.3856,19.9346],[94.3906,19.9347],[94.3812,19.9492]],[[94.2736,19.9344],[94.2645,19.9487],[94.2595,19.9486],[94.2736,19.9344]],[[94.3573,19.9635],[94.3356,19.9432],[94.3563,19.9435],[94.3573,19.9635]],[[93.775,19.95],[93.7827,19.9423],[93.7828,19.9493],[93.775,19.95]],[[97.4725,19.9641],[97.5041,19.9858],[97.4643,20.0047],[97.4725,19.9641]],[[93.95,19.975],[93.9577,19.9673],[93.9578,19.9743],[93.95,19.975]],[[96.4748,19.9737],[96.4672,19.9674],[96.475,19.9667],[96.4748,19.9737]],[[93.9222,19.9911],[93.9197,19.9756],[93.9326,19.977],[93.9222,19.9911]],[[96.4506,19.9827],[96.4583,19.975],[96.4576,19.9828],[96.4506,19.9827]],[[93.6494,19.984],[93.6417,19.9917],[93.6424,19.9839],[93.6494,19.984]],[[96.6673,19.9985],[96.6743,19.985],[96.6726,19.9999],[96.6673,19.9985]],[[97.5173,19.9986],[97.525,19.9833],[97.5227,19.9999],[97.5173,19.9986]],[[97.5492,19.9895],[97.5346,19.9939],[97.5483,19.9842],[97.5492,19.9895]],[[93.675,20.0],[93.6827,19.9923],[93.6828,19.9993],[93.675,20.0]],[[96.4096,20.0116],[96.4426,20.0018],[96.4488,20.0394],[96.4258,20.0315],[96.3928,20.049],[96.4096,20.0116]],[[93.623,20.0195],[93.5965,20.0631],[93.6209,20.0115],[93.623,20.0195]],[[94.2154,20.0643],[94.2103,20.0526],[94.2236,20.0433],[94.2154,20.0643]],[[97.4739,20.0855],[97.525,20.05],[97.5609,20.1142],[97.5702,20.1873],[97.5098,20.255],[97.4819,20.2436],[97.4654,20.2073],[97.4739,20.0855]],[[96.8939,20.0592],[96.8895,20.0737],[96.8845,20.0736],[96.8939,20.0592]],[[96.7082,20.082],[96.7005,20.0757],[96.7083,20.075],[96.7082,20.082]],[[93.6224,20.0767],[93.6116,20.0893],[93.6022,20.0772],[93.6224,20.0767]],[[94.2316,20.1068],[94.2483,20.0849],[94.2713,20.0838],[94.2696,20.0895],[94.2316,20.1068]],[[94.2833,20.0917],[94.2964,20.0834],[94.2999,20.0893],[94.2833,20.0917]],[[96.459,20.091],[96.4667,20.0833],[96.466,20.0911],[96.459,20.091]],[[93.6345,20.0856],[93.656,20.093],[93.6574,20.0976],[93.6457,20.099],[93.6345,20.0856]],[[96.7006,20.0994],[96.7083,20.0917],[96.7076,20.0995],[96.7006,20.0994]],[[93.884,20.0994],[93.8917,20.0917],[93.891,20.0995],[93.884,20.0994]],[[94.2802,20.1238],[94.2769,20.1013],[94.29,20.1015],[94.2802,20.1238]],[[94.2083,20.1083],[94.216,20.1006],[94.2161,20.1076],[94.2083,20.1083]],[[96.6756,20.1077],[96.6833,20.1],[96.6826,20.1078],[96.6756,20.1077]],[[93.626,20.1025],[93.6396,20.1107],[93.64,20.1236],[93.6347,20.1226],[93.626,20.1025]],[[93.6245,20.1615],[93.5965,20.104],[93.6304,20.1359],[93.6245,20.1615]],[[94.0244,20.109],[94.0167,20.1167],[94.0174,20.1089],[94.0244,20.109]],[[93.8998,20.1153],[93.8922,20.109],[93.9,20.1083],[93.8998,20.1153]],[[94.168,20.1187],[94.1833,20.1167],[94.1908,20.1109],[94.1792,20.1246],[94.168,20.1187]],[[93.575,20.125],[93.5665,20.125],[93.5711,20.1166],[93.575,20.125]],[[96.4403,20.1378],[96.4433,20.1195],[96.4561,20.1182],[96.456,20.1236],[96.4403,20.1378]],[[93.8917,20.1333],[93.8994,20.1256],[93.8995,20.1326],[93.8917,20.1333]],[[93.4831,20.132],[93.4755,20.1257],[93.4833,20.125],[93.4831,20.132]],[[97.0912,20.1379],[97.1169,20.1397],[97.1033,20.2215],[97.0719,20.3623],[97.0453,20.3808],[97.03,20.3528],[97.0313,20.2369],[97.0912,20.1379]],[[96.6133,20.1884],[96.6276,20.1444],[96.6364,20.1373],[96.6133,20.1884]],[[97.287,20.1731],[97.285,20.1454],[97.3041,20.1429],[97.3056,20.1543],[97.287,20.1731]],[[97.3475,20.2588],[97.3879,20.1724],[97.4337,20.4407],[97.3762,20.543],[97.3814,20.6656],[97.411,20.7687],[97.3732,20.8033],[97.3253,20.8142],[97.3493,20.9222],[97.3238,21.0093],[97.3421,21.0321],[97.3365,21.0896],[97.3012,21.1086],[97.2376,20.9688],[97.2771,20.7835],[97.2604,20.5757],[97.32,20.4865],[97.3475,20.2588]],[[93.6249,20.1876],[93.6088,20.1776],[93.622,20.1753],[93.6249,20.1876]],[[96.9833,20.1945],[96.9753,20.1789],[96.9833,20.175],[96.9833,20.1945]],[[93.5917,20.2],[93.5994,20.1923],[93.5995,20.1993],[93.5917,20.2]],[[96.9537,20.2322],[96.9499,20.2104],[96.9583,20.2],[96.9654,20.2217],[96.9537,20.2322]],[[96.6081,20.2153],[96.6005,20.209],[96.6083,20.2083],[96.6081,20.2153]],[[94.219,20.2656],[94.2353,20.2376],[94.2418,20.2372],[94.2464,20.2471],[94.219,20.2656]],[[96.5915,20.2487],[96.5839,20.2424],[96.5917,20.2417],[96.5915,20.2487]],[[97.4742,20.2594],[97.4583,20.2667],[97.4593,20.2594],[97.4742,20.2594]],[[94.1927,20.3132],[94.1316,20.2764],[94.1287,20.2667],[94.2051,20.2872],[94.2127,20.3018],[94.1927,20.3132]],[[93.591,20.2673],[93.5833,20.275],[93.5841,20.2672],[93.591,20.2673]],[[93.5498,20.2737],[93.5422,20.2674],[93.55,20.2667],[93.5498,20.2737]],[[94.1161,20.291],[94.1091,20.2839],[94.116,20.284],[94.1161,20.291]],[[93.5333,20.2917],[93.541,20.284],[93.5411,20.291],[93.5333,20.2917]],[[96.975,20.2917],[96.9665,20.2917],[96.9711,20.2832],[96.975,20.2917]],[[93.4748,20.2903],[93.4672,20.284],[93.475,20.2833],[93.4748,20.2903]],[[97.4657,20.3126],[97.4512,20.3194],[97.4643,20.301],[97.4657,20.3126]],[[93.5223,20.324],[93.5273,20.3022],[93.5319,20.3017],[93.5223,20.324]],[[93.4506,20.3235],[93.4577,20.31],[93.4559,20.3249],[93.4506,20.3235]],[[93.466,20.3444],[93.4435,20.3637],[93.4637,20.3351],[93.466,20.3444]],[[97.7925,20.3556],[97.825,20.3417],[97.8442,20.3841],[97.8036,20.4049],[97.7874,20.3825],[97.7925,20.3556]],[[94.0742,20.3975],[94.063,20.3606],[94.1049,20.3697],[94.0973,20.3951],[94.0742,20.3975]],[[96.5748,20.3653],[96.5672,20.359],[96.575,20.3583],[96.5748,20.3653]],[[93.4756,20.366],[93.4833,20.3583],[93.4826,20.3661],[93.4756,20.366]],[[93.4194,20.3981],[93.4267,20.3849],[93.44,20.377],[93.4397,20.3892],[93.4194,20.3981]],[[97.5269,20.4117],[97.5667,20.4083],[97.5699,20.4624],[97.5215,20.4377],[97.5269,20.4117]],[[93.4331,20.4153],[93.4255,20.409],[93.4333,20.4083],[93.4331,20.4153]],[[94.0442,20.489],[93.9945,20.4755],[94.0198,20.4102],[94.0644,20.472],[94.0442,20.489]],[[97.1423,20.9426],[97.0514,20.9025],[96.9832,20.609],[96.9747,20.4932],[97.0293,20.4197],[97.0504,20.4321],[97.0611,20.4713],[97.0601,20.692],[97.1079,20.8011],[97.186,20.9148],[97.1779,20.9324],[97.1423,20.9426]],[[96.9998,20.432],[96.9922,20.4257],[97.0,20.425],[96.9998,20.432]],[[92.9363,20.4619],[92.945,20.4427],[92.9561,20.4355],[92.948,20.4562],[92.9363,20.4619]],[[96.7998,20.457],[96.7922,20.4507],[96.8,20.45],[96.7998,20.457]],[[93.7077,20.459],[93.7,20.4667],[93.7007,20.4589],[93.7077,20.459]],[[93.3881,20.4904],[93.3874,20.467],[93.3992,20.4698],[93.3881,20.4904]],[[92.925,20.4833],[92.9327,20.4756],[92.9328,20.4826],[92.925,20.4833]],[[93.6767,20.4939],[93.694,20.478],[93.6986,20.4778],[93.6893,20.4981],[93.6767,20.4939]],[[96.8165,20.507],[96.8089,20.5007],[96.8167,20.5],[96.8165,20.507]],[[97.5492,21.1086],[97.4978,21.2299],[97.4484,21.2544],[97.4861,21.289],[97.4952,21.3531],[97.5221,21.3516],[97.559,21.3111],[97.5752,21.3888],[97.6083,21.425],[97.6073,21.4566],[97.49,21.5005],[97.456,21.5426],[97.4432,21.691],[97.4626,21.738],[97.5055,21.7337],[97.5409,21.7953],[97.5409,21.8293],[97.5335,21.8525],[97.5115,21.8269],[97.466,21.8298],[97.4247,21.8747],[97.4275,21.8448],[97.3716,21.7031],[97.3575,21.6172],[97.3608,21.5508],[97.4237,21.408],[97.421,21.3033],[97.3977,21.2578],[97.336,21.2544],[97.3166,21.2322],[97.3665,21.2374],[97.4027,21.2184],[97.3822,21.1345],[97.3997,20.9456],[97.4189,20.8622],[97.4617,20.8803],[97.4852,20.8373],[97.4708,20.7133],[97.423,20.5598],[97.4454,20.5029],[97.4746,20.5152],[97.5134,20.5758],[97.5522,20.8729],[97.5946,20.9906],[97.6451,21.0207],[97.661,21.0674],[97.6381,21.1444],[97.5941,21.2032],[97.5756,21.1899],[97.5502,21.2686],[97.5492,21.1086]],[[92.9167,20.5167],[92.9244,20.509],[92.9245,20.516],[92.9167,20.5167]],[[93.684,20.516],[93.6917,20.5083],[93.691,20.5161],[93.684,20.516]],[[94.0356,20.5237],[94.0264,20.5094],[94.0406,20.5236],[94.0356,20.5237]],[[93.9143,20.5542],[93.9509,20.5238],[93.9792,20.5149],[93.9759,20.5471],[93.9524,20.543],[93.9219,20.5789],[93.9143,20.5542]],[[96.9748,20.5237],[96.9672,20.5174],[96.975,20.5167],[96.9748,20.5237]],[[92.8235,20.6099],[92.8727,20.5347],[92.8705,20.5862],[92.8496,20.6034],[92.8235,20.6099]],[[94.037,20.5571],[94.0551,20.5378],[94.0311,20.5712],[94.037,20.5571]],[[97.6066,20.5445],[97.6333,20.55],[97.6191,20.6065],[97.5933,20.5911],[97.6066,20.5445]],[[96.8085,20.5676],[96.8553,20.615],[96.864,20.6638],[96.8447,20.6622],[96.8167,20.6195],[96.7802,20.6217],[96.8085,20.5676]],[[97.6777,20.5938],[97.7135,20.5668],[97.7815,20.6127],[97.7247,20.718],[97.6777,20.5938]],[[96.4915,20.5737],[96.4839,20.5674],[96.4917,20.5667],[96.4915,20.5737]],[[92.9087,20.5795],[92.9183,20.5678],[92.9242,20.5686],[92.9239,20.5819],[92.9087,20.5795]],[[94.0167,20.5917],[94.0244,20.584],[94.0245,20.591],[94.0167,20.5917]],[[93.9811,20.5914],[93.9702,20.5834],[93.9833,20.5833],[93.9811,20.5914]],[[92.9083,20.6],[92.916,20.5923],[92.9161,20.5993],[92.9083,20.6]],[[92.5902,20.607],[92.5939,20.5929],[92.5989,20.593],[92.5902,20.607]],[[94.0167,20.6083],[94.0244,20.6006],[94.0245,20.6076],[94.0167,20.6083]],[[93.3315,20.623],[93.3432,20.6024],[93.3482,20.6019],[93.3315,20.623]],[[96.8667,20.625],[96.8744,20.6173],[96.8745,20.6243],[96.8667,20.625]],[[92.8435,20.6501],[92.8572,20.6173],[92.8822,20.6309],[92.8435,20.6501]],[[93.8917,20.6333],[93.8994,20.6256],[93.8995,20.6326],[93.8917,20.6333]],[[92.8244,20.6256],[92.8167,20.6333],[92.8174,20.6255],[92.8244,20.6256]],[[92.7998,20.632],[92.7922,20.6257],[92.8,20.625],[92.7998,20.632]],[[93.3934,20.6408],[93.4022,20.6258],[93.4075,20.6267],[93.3934,20.6408]],[[93.8585,20.6579],[93.8502,20.6425],[93.8529,20.6269],[93.8732,20.653],[93.8585,20.6579]],[[92.5333,20.6417],[92.541,20.634],[92.5411,20.641],[92.5333,20.6417]],[[93.3417,20.6333],[93.334,20.641],[93.3339,20.634],[93.3417,20.6333]],[[92.8148,20.648],[92.7947,20.6607],[92.8149,20.6436],[92.8148,20.648]],[[92.525,20.6583],[92.5327,20.6506],[92.5328,20.6576],[92.525,20.6583]],[[96.5415,20.657],[96.5339,20.6507],[96.5417,20.65],[96.5415,20.657]],[[93.3917,20.6667],[93.3994,20.659],[93.3995,20.666],[93.3917,20.6667]],[[92.8417,20.6667],[92.8494,20.659],[92.8495,20.666],[92.8417,20.6667]],[[92.7583,20.6833],[92.766,20.6756],[92.7661,20.6826],[92.7583,20.6833]],[[93.3081,20.682],[93.3005,20.6757],[93.3083,20.675],[93.3081,20.682]],[[93.8038,20.7726],[93.8531,20.6803],[93.9578,20.698],[93.9221,20.7299],[93.859,20.7215],[93.8341,20.8012],[93.8038,20.7726]],[[92.7333,20.6917],[92.741,20.684],[92.7411,20.691],[92.7333,20.6917]],[[93.3986,20.6844],[93.3895,20.6987],[93.3845,20.6986],[93.3986,20.6844]],[[93.6299,20.7624],[93.637,20.6976],[93.6465,20.7212],[93.6299,20.7624]],[[93.375,20.725],[93.3827,20.7173],[93.3828,20.7243],[93.375,20.725]],[[93.4311,20.7321],[93.4355,20.7175],[93.4408,20.7184],[93.4311,20.7321]],[[93.3025,20.7216],[93.303,20.746],[93.2551,20.7459],[93.3025,20.7216]],[[92.7917,20.7417],[92.7994,20.734],[92.7995,20.741],[92.7917,20.7417]],[[92.704,20.7572],[92.7,20.7417],[92.6945,20.7348],[92.7151,20.7445],[92.704,20.7572]],[[92.4757,20.7566],[92.4828,20.7431],[92.4812,20.7581],[92.4757,20.7566]],[[96.5748,20.7487],[96.5672,20.7424],[96.575,20.7417],[96.5748,20.7487]],[[93.925,20.7583],[93.9327,20.7506],[93.9328,20.7576],[93.925,20.7583]],[[93.4244,20.7506],[93.4167,20.7583],[93.4174,20.7505],[93.4244,20.7506]],[[92.8276,20.7509],[92.8407,20.761],[92.8394,20.774],[92.8347,20.7729],[92.8276,20.7509]],[[93.2417,20.7583],[93.2541,20.7735],[93.2428,20.8078],[93.2547,20.836],[93.2807,20.8465],[93.3155,20.8228],[93.2932,20.8509],[93.2647,20.8554],[93.2424,20.8364],[93.2417,20.7583]],[[93.3,20.7583],[93.2923,20.766],[93.2922,20.759],[93.3,20.7583]],[[92.7923,20.766],[92.8,20.7583],[92.7993,20.7661],[92.7923,20.766]],[[93.3742,20.7645],[93.3596,20.7689],[93.3733,20.7592],[93.3742,20.7645]],[[92.8652,20.7737],[92.8689,20.7596],[92.8739,20.7597],[92.8652,20.7737]],[[93.7591,20.8396],[93.7273,20.9218],[93.7682,20.9406],[93.7405,20.9697],[93.6859,20.9666],[93.675,20.9162],[93.6987,20.8772],[93.6955,20.8508],[93.7277,20.8353],[93.7642,20.7613],[93.7591,20.8396]],[[93.7083,20.775],[93.716,20.7673],[93.7161,20.7743],[93.7083,20.775]],[[93.8744,20.7756],[93.8667,20.7833],[93.8674,20.7755],[93.8744,20.7756]],[[93.9083,20.7917],[93.9214,20.7834],[93.9249,20.7893],[93.9083,20.7917]],[[92.834,20.7983],[92.8411,20.7848],[92.8396,20.7998],[92.834,20.7983]],[[97.8929,20.7955],[97.9167,20.7927],[97.9034,20.8071],[97.8929,20.7955]],[[93.3494,20.7923],[93.3417,20.8],[93.3424,20.7922],[93.3494,20.7923]],[[93.1913,20.8064],[93.1836,20.794],[93.1917,20.7917],[93.1913,20.8064]],[[96.55,20.7917],[96.5423,20.7994],[96.5422,20.7924],[96.55,20.7917]],[[93.4406,20.8014],[93.4167,20.8083],[93.4172,20.8032],[93.4406,20.8014]],[[96.5673,20.8077],[96.575,20.8],[96.5743,20.8078],[96.5673,20.8077]],[[93.4577,20.809],[93.45,20.8167],[93.4507,20.8089],[93.4577,20.809]],[[92.8333,20.8167],[92.841,20.809],[92.8411,20.816],[92.8333,20.8167]],[[93.4006,20.816],[93.4083,20.8083],[93.4076,20.8161],[93.4006,20.816]],[[92.6423,20.816],[92.65,20.8083],[92.6493,20.8161],[92.6423,20.816]],[[93.4667,20.825],[93.4744,20.8173],[93.4745,20.8243],[93.4667,20.825]],[[93.1833,20.825],[93.1748,20.825],[93.1794,20.8166],[93.1833,20.825]],[[93.2506,20.8244],[93.2583,20.8167],[93.2576,20.8245],[93.2506,20.8244]],[[93.3917,20.8333],[93.3994,20.8256],[93.3995,20.8326],[93.3917,20.8333]],[[92.8257,20.84],[92.8328,20.8265],[92.8312,20.8415],[92.8257,20.84]],[[93.3734,20.8543],[93.3449,20.8472],[93.3437,20.8357],[93.3734,20.8543]],[[93.2331,20.8487],[93.2255,20.8424],[93.2333,20.8417],[93.2331,20.8487]],[[93.3112,20.8653],[93.3265,20.844],[93.3315,20.8436],[93.3112,20.8653]],[[93.7833,20.8583],[93.791,20.8506],[93.7911,20.8576],[93.7833,20.8583]],[[92.6083,20.8583],[92.616,20.8506],[92.6161,20.8576],[92.6083,20.8583]],[[96.5412,20.8641],[96.5262,20.86],[96.5417,20.85],[96.5412,20.8641]],[[93.3333,20.8667],[93.341,20.859],[93.3411,20.866],[93.3333,20.8667]],[[93.217,20.8797],[93.2246,20.8626],[93.2211,20.8832],[93.217,20.8797]],[[93.3667,20.8833],[93.3744,20.8756],[93.3745,20.8826],[93.3667,20.8833]],[[96.5331,20.882],[96.5255,20.8757],[96.5333,20.875],[96.5331,20.882]],[[93.259,20.8827],[93.2667,20.875],[93.266,20.8828],[93.259,20.8827]],[[93.1931,20.8861],[93.2148,20.894],[93.2147,20.9066],[93.2023,20.9065],[93.1931,20.8861]],[[92.45,20.9083],[92.4577,20.8931],[92.4573,20.9074],[92.45,20.9083]],[[96.7,20.9083],[96.7077,20.9006],[96.7078,20.9076],[96.7,20.9083]],[[96.5248,20.907],[96.5172,20.9007],[96.525,20.9],[96.5248,20.907]],[[93.484,20.9226],[93.4912,20.9028],[93.4889,20.9247],[93.484,20.9226]],[[93.5167,20.9167],[93.5244,20.909],[93.5245,20.916],[93.5167,20.9167]],[[93.1956,20.9389],[93.2023,20.9217],[93.2054,20.9204],[93.1966,20.9472],[93.186,20.9393],[93.1846,20.9226],[93.1956,20.9389]],[[96.7083,20.9333],[96.716,20.9256],[96.7161,20.9326],[96.7083,20.9333]],[[93.7917,20.9333],[93.7994,20.9256],[93.7995,20.9326],[93.7917,20.9333]],[[93.375,20.9333],[93.3827,20.9256],[93.3828,20.9326],[93.375,20.9333]],[[92.675,20.9417],[92.6827,20.934],[92.6828,20.941],[92.675,20.9417]],[[93.116,20.935],[93.1089,20.9485],[93.1105,20.9335],[93.116,20.935]],[[93.6076,20.9502],[93.5978,20.9416],[93.6165,20.9462],[93.6076,20.9502]],[[93.0589,20.9569],[93.066,20.9434],[93.0642,20.9582],[93.0589,20.9569]],[[93.5243,20.9495],[93.5172,20.9424],[93.525,20.9417],[93.5243,20.9495]],[[93.3756,20.9494],[93.3833,20.9417],[93.3826,20.9495],[93.3756,20.9494]],[[93.184,20.9736],[93.1917,20.9583],[93.1893,20.9749],[93.184,20.9736]],[[93.5972,20.9903],[93.5945,20.969],[93.6063,20.9604],[93.5972,20.9903]],[[93.3667,20.975],[93.3744,20.9673],[93.3745,20.9743],[93.3667,20.975]],[[92.6667,20.9833],[92.6744,20.9681],[92.6739,20.9824],[92.6667,20.9833]],[[93.1081,20.9737],[93.1005,20.9674],[93.1083,20.9667],[93.1081,20.9737]],[[93.1748,20.9987],[93.1672,20.9924],[93.175,20.9917],[93.1748,20.9987]],[[92.6583,21.0083],[92.666,21.0006],[92.6661,21.0076],[92.6583,21.0083]],[[97.3415,21.0153],[97.3339,21.009],[97.3417,21.0083],[97.3415,21.0153]],[[92.6583,21.0417],[92.6657,21.0184],[92.6611,21.0417],[92.6583,21.0417]],[[92.6089,21.0402],[92.616,21.0267],[92.6142,21.0416],[92.6089,21.0402]],[[92.4253,21.0527],[92.4331,21.0301],[92.4303,21.0577],[92.4253,21.0527]],[[97.9243,21.0368],[97.9098,21.0483],[97.9218,21.0257],[97.9243,21.0368]],[[92.8562,21.0645],[92.844,21.0516],[92.8556,21.0431],[92.8562,21.0645]],[[92.5829,21.0647],[92.5753,21.0523],[92.5833,21.05],[92.5829,21.0647]],[[93.0248,21.0653],[93.0172,21.059],[93.025,21.0583],[93.0248,21.0653]],[[92.8333,21.075],[92.841,21.0673],[92.8411,21.0743],[92.8333,21.075]],[[97.2665,21.082],[97.2589,21.0757],[97.2667,21.075],[97.2665,21.082]],[[96.4223,21.0846],[96.4151,21.1133],[96.4107,21.1152],[96.4223,21.0846]],[[92.8417,21.1417],[92.8471,21.1217],[92.8562,21.1029],[92.8553,21.1321],[92.8417,21.1417]],[[92.8415,21.1153],[92.8339,21.109],[92.8417,21.1083],[92.8415,21.1153]],[[96.3756,21.1327],[96.3833,21.125],[96.3826,21.1328],[96.3756,21.1327]],[[96.4048,21.1493],[96.404,21.126],[96.4156,21.1273],[96.4048,21.1493]],[[93.0827,21.134],[93.075,21.1417],[93.0757,21.1339],[93.0827,21.134]],[[93.0415,21.1403],[93.0339,21.134],[93.0417,21.1333],[93.0415,21.1403]],[[93.7519,21.1645],[93.7646,21.153],[93.7728,21.1645],[93.7519,21.1645]],[[92.8333,21.175],[92.841,21.1597],[92.8406,21.174],[92.8333,21.175]],[[93.0827,21.171],[93.0767,21.1985],[93.0772,21.1678],[93.0827,21.171]],[[96.4122,21.1945],[96.3805,21.221],[96.3694,21.2137],[96.3711,21.193],[96.4,21.1722],[96.4122,21.1945]],[[92.3833,21.1917],[92.391,21.184],[92.3911,21.191],[92.3833,21.1917]],[[96.8998,21.1903],[96.8922,21.184],[96.9,21.1833],[96.8998,21.1903]],[[92.4522,21.1987],[92.4431,21.1844],[92.4572,21.1986],[92.4522,21.1987]],[[92.375,21.2167],[92.3827,21.209],[92.3828,21.216],[92.375,21.2167]],[[92.8006,21.216],[92.8083,21.2083],[92.8076,21.2161],[92.8006,21.216]],[[93.0756,21.2319],[93.0827,21.2184],[93.0809,21.2332],[93.0756,21.2319]],[[92.858,21.3108],[92.8859,21.226],[92.8756,21.2893],[92.9109,21.2698],[92.9152,21.2814],[92.875,21.34],[92.858,21.3108]],[[93.4227,21.2483],[93.4351,21.227],[93.4395,21.2269],[93.4227,21.2483]],[[92.7917,21.2417],[92.7831,21.2417],[92.7877,21.2332],[92.7917,21.2417]],[[97.5755,21.2415],[97.5902,21.254],[97.5894,21.2878],[97.5761,21.2603],[97.5755,21.2415]],[[93.075,21.25],[93.0827,21.2423],[93.0828,21.2493],[93.075,21.25]],[[92.4256,21.2577],[92.4333,21.25],[92.4326,21.2578],[92.4256,21.2577]],[[93.0917,21.2667],[93.0831,21.2667],[93.0877,21.2582],[93.0917,21.2667]],[[93.4083,21.2833],[93.4183,21.2609],[93.4224,21.2597],[93.4239,21.2887],[93.4083,21.2833]],[[92.8332,21.282],[92.8255,21.2757],[92.8333,21.275],[92.8332,21.282]],[[92.3644,21.2914],[92.3535,21.2834],[92.3667,21.2833],[92.3644,21.2914]],[[93.1,21.3],[93.1062,21.2841],[93.116,21.2979],[93.1,21.3]],[[93.05,21.2917],[93.0423,21.2994],[93.0422,21.2924],[93.05,21.2917]],[[93.0855,21.3085],[93.0816,21.2998],[93.0918,21.3037],[93.0855,21.3085]],[[92.8332,21.307],[92.8255,21.3007],[92.8333,21.3],[92.8332,21.307]],[[93.0583,21.3167],[93.066,21.309],[93.0661,21.316],[93.0583,21.3167]],[[92.3605,21.3242],[92.3561,21.3096],[92.3653,21.3239],[92.3605,21.3242]],[[96.7415,21.3237],[96.7339,21.3174],[96.7417,21.3167],[96.7415,21.3237]],[[93.0827,21.3256],[93.075,21.3333],[93.0757,21.3255],[93.0827,21.3256]],[[92.8415,21.332],[92.8339,21.3257],[92.8417,21.325],[92.8415,21.332]],[[96.6201,21.3571],[96.6184,21.3355],[96.6417,21.3333],[96.6271,21.3442],[96.6201,21.3571]],[[93.3005,21.3361],[93.3146,21.3346],[93.3155,21.3479],[93.3097,21.3486],[93.3005,21.3361]],[[93.3421,21.4192],[93.3618,21.3656],[93.3926,21.3406],[93.3817,21.3975],[93.3914,21.4705],[93.4164,21.509],[93.4308,21.5774],[93.3957,21.5739],[93.3795,21.5205],[93.3466,21.5058],[93.3599,21.4494],[93.3421,21.4192]],[[92.3006,21.3438],[92.3167,21.3417],[92.3158,21.3567],[92.3098,21.3571],[92.3006,21.3438]],[[97.5082,21.3487],[97.5005,21.3424],[97.5083,21.3417],[97.5082,21.3487]],[[96.9748,21.3487],[96.9672,21.3424],[96.975,21.3417],[96.9748,21.3487]],[[96.5748,21.3487],[96.5672,21.3424],[96.575,21.3417],[96.5748,21.3487]],[[92.825,21.3417],[92.8173,21.3494],[92.8172,21.3424],[92.825,21.3417]],[[92.8566,21.3426],[92.8478,21.3575],[92.8426,21.3566],[92.8566,21.3426]],[[97.9498,21.357],[97.9422,21.3507],[97.95,21.35],[97.9498,21.357]],[[93.1243,21.3578],[93.1172,21.3507],[93.125,21.35],[93.1243,21.3578]],[[92.241,21.359],[92.2333,21.3667],[92.2341,21.3589],[92.241,21.359]],[[97.584,21.366],[97.5917,21.3583],[97.591,21.3661],[97.584,21.366]],[[92.334,21.366],[92.3417,21.3583],[92.341,21.3661],[92.334,21.366]],[[92.7954,21.4188],[92.8082,21.3696],[92.8076,21.3627],[92.8143,21.379],[92.7954,21.4188]],[[93.975,21.375],[93.9881,21.3667],[93.9916,21.3727],[93.975,21.375]],[[92.8594,21.3825],[92.8667,21.3667],[92.8656,21.3826],[92.8594,21.3825]],[[92.309,21.3744],[92.3167,21.3667],[92.316,21.3745],[92.309,21.3744]],[[97.5756,21.3771],[97.5917,21.375],[97.5908,21.39],[97.5848,21.3904],[97.5756,21.3771]],[[92.834,21.3827],[92.8417,21.375],[92.841,21.3828],[92.834,21.3827]],[[93.4379,21.4725],[93.464,21.389],[93.4726,21.383],[93.4707,21.4214],[93.4379,21.4725]],[[92.2839,21.3918],[92.283,21.4238],[92.279,21.4314],[92.275,21.4025],[92.2839,21.3918]],[[93.0667,21.4083],[93.0744,21.4006],[93.0745,21.4076],[93.0667,21.4083]],[[92.2583,21.4],[92.2425,21.4073],[92.2424,21.4011],[92.2583,21.4]],[[96.7582,21.407],[96.7505,21.4007],[96.7583,21.4],[96.7582,21.407]],[[92.8506,21.4077],[92.8583,21.4],[92.8576,21.4078],[92.8506,21.4077]],[[93.0743,21.4245],[93.0672,21.4174],[93.075,21.4167],[93.0743,21.4245]],[[92.85,21.4333],[92.8577,21.4256],[92.8578,21.4326],[92.85,21.4333]],[[92.3,21.4333],[92.3077,21.4256],[92.3078,21.4326],[92.3,21.4333]],[[92.7924,21.4417],[92.7884,21.455],[92.7699,21.4799],[92.7693,21.47],[92.7924,21.4417]],[[92.2603,21.4562],[92.2729,21.4447],[92.2811,21.4562],[92.2603,21.4562]],[[93.0667,21.475],[93.0744,21.4673],[93.0745,21.4743],[93.0667,21.475]],[[97.6028,21.4883],[97.6167,21.4833],[97.628,21.5218],[97.624,21.5707],[97.6048,21.5418],[97.6028,21.4883]],[[92.2384,21.4928],[92.2542,21.4868],[92.2859,21.4908],[92.2476,21.5114],[92.2384,21.4928]],[[93.0667,21.5083],[93.0744,21.4931],[93.0739,21.5074],[93.0667,21.5083]],[[96.786,21.5526],[96.7495,21.5405],[96.7667,21.5237],[96.8216,21.5191],[96.786,21.5526]],[[93.1994,21.5256],[93.1917,21.5333],[93.1924,21.5255],[93.1994,21.5256]],[[92.234,21.5327],[92.2417,21.525],[92.241,21.5328],[92.234,21.5327]],[[92.747,21.5559],[92.7346,21.5366],[92.7469,21.5267],[92.747,21.5559]],[[92.259,21.5486],[92.2667,21.5333],[92.2643,21.5499],[92.259,21.5486]],[[93.1939,21.5502],[93.19,21.5415],[93.2001,21.5454],[93.1939,21.5502]],[[92.409,21.5577],[92.4167,21.55],[92.416,21.5578],[92.409,21.5577]],[[92.207,21.5594],[92.1978,21.5737],[92.1928,21.5736],[92.207,21.5594]],[[97.984,21.5893],[97.9912,21.5695],[97.9889,21.5913],[97.984,21.5893]],[[92.7287,21.582],[92.7253,21.5751],[92.7405,21.5714],[92.7287,21.582]],[[97.6506,21.5827],[97.6583,21.575],[97.6576,21.5828],[97.6506,21.5827]],[[96.5331,21.582],[96.5255,21.5757],[96.5333,21.575],[96.5331,21.582]],[[92.3833,21.575],[92.3756,21.5827],[92.3755,21.5757],[92.3833,21.575]],[[97.7855,21.5938],[97.8021,21.577],[97.8135,21.5772],[97.7973,21.5984],[97.7855,21.5938]],[[92.5494,21.6006],[92.5417,21.6083],[92.5424,21.6005],[92.5494,21.6006]],[[92.3581,21.607],[92.3505,21.6007],[92.3583,21.6],[92.3581,21.607]],[[97.9506,21.616],[97.9583,21.6083],[97.9576,21.6161],[97.9506,21.616]],[[92.5583,21.6167],[92.5425,21.6239],[92.5424,21.6178],[92.5583,21.6167]],[[93.3333,21.6333],[93.341,21.6256],[93.3411,21.6326],[93.3333,21.6333]],[[97.8415,21.632],[97.8339,21.6257],[97.8417,21.625],[97.8415,21.632]],[[92.3884,21.6315],[92.4192,21.6538],[92.4066,21.6769],[92.4037,21.6543],[92.3884,21.6315]],[[97.8892,21.6729],[97.9246,21.6404],[97.9107,21.7413],[97.8697,21.7814],[97.8624,21.7424],[97.8892,21.6729]],[[92.5327,21.6423],[92.525,21.65],[92.5257,21.6422],[92.5327,21.6423]],[[92.1998,21.6487],[92.1922,21.6424],[92.2,21.6417],[92.1998,21.6487]],[[93.9,21.6583],[93.9131,21.65],[93.9166,21.656],[93.9,21.6583]],[[93.325,21.6583],[93.3327,21.6506],[93.3328,21.6576],[93.325,21.6583]],[[97.8915,21.657],[97.8839,21.6507],[97.8917,21.65],[97.8915,21.657]],[[92.5186,21.682],[92.5234,21.6601],[92.5316,21.6819],[92.5186,21.682]],[[93.4,21.675],[93.4077,21.6673],[93.4078,21.6743],[93.4,21.675]],[[93.3256,21.6864],[93.3364,21.6756],[93.341,21.6771],[93.3397,21.6909],[93.3256,21.6864]],[[92.559,21.6994],[92.5667,21.6917],[92.566,21.6995],[92.559,21.6994]],[[92.525,21.7083],[92.5327,21.7006],[92.5328,21.7076],[92.525,21.7083]],[[92.4593,21.7232],[92.4667,21.7],[92.4645,21.7244],[92.4593,21.7232]],[[93.9236,21.7233],[93.909,21.7118],[93.9109,21.7009],[93.9236,21.7233]],[[93.3355,21.7168],[93.3316,21.7081],[93.3418,21.7121],[93.3355,21.7168]],[[92.5417,21.725],[92.5494,21.7173],[92.5495,21.7243],[92.5417,21.725]],[[96.7333,21.7167],[96.7101,21.7241],[96.7089,21.7188],[96.7333,21.7167]],[[97.7333,21.725],[97.7108,21.7631],[97.7185,21.7303],[97.7333,21.725]],[[97.4833,21.725],[97.4756,21.7327],[97.4755,21.7257],[97.4833,21.725]],[[93.3387,21.7481],[93.3271,21.7373],[93.3372,21.7262],[93.3351,21.7379],[93.3387,21.7481]],[[96.9056,21.7381],[96.8925,21.752],[96.8955,21.7276],[96.9056,21.7381]],[[93.2346,21.7726],[93.2542,21.7413],[93.2529,21.8509],[93.2891,22.0221],[93.2675,22.0423],[93.1591,22.0429],[93.1288,22.0067],[93.1465,21.9766],[93.1763,21.9649],[93.2052,22.0069],[93.2327,21.989],[93.2346,21.7726]],[[92.4577,21.7423],[92.45,21.75],[92.4507,21.7422],[92.4577,21.7423]],[[93.2667,21.7583],[93.2744,21.7506],[93.2745,21.7576],[93.2667,21.7583]],[[92.3506,21.7577],[92.3583,21.75],[92.3576,21.7578],[92.3506,21.7577]],[[92.4833,21.7583],[92.4974,21.7615],[92.4876,21.7896],[92.4833,21.7583]],[[97.7833,21.7667],[97.791,21.759],[97.7911,21.766],[97.7833,21.7667]],[[92.3423,21.7744],[92.35,21.7667],[92.3493,21.7745],[92.3423,21.7744]],[[92.3912,21.8459],[92.4474,21.7731],[92.4442,21.8882],[92.4107,21.9201],[92.3725,21.9294],[92.3423,21.951],[92.3912,21.8459]],[[97.8429,21.7776],[97.8493,21.7868],[97.8356,21.7989],[97.8345,21.7944],[97.8429,21.7776]],[[93.775,21.7917],[93.7827,21.784],[93.7828,21.791],[93.775,21.7917]],[[97.7099,21.7888],[97.73,21.811],[97.7144,21.8367],[97.7035,21.8043],[97.7099,21.7888]],[[92.3,21.8083],[92.2858,21.8239],[92.2757,21.8116],[92.3,21.8083]],[[92.3182,21.832],[92.3145,21.8179],[92.3236,21.8322],[92.3182,21.832]],[[96.8665,21.832],[96.8589,21.8257],[96.8667,21.825],[96.8665,21.832]],[[92.1165,21.832],[92.1089,21.8257],[92.1167,21.825],[92.1165,21.832]],[[93.7677,21.8473],[93.7737,21.8356],[93.7816,21.857],[93.7677,21.8473]],[[92.3002,21.85],[92.2917,21.85],[92.2956,21.8416],[92.3002,21.85]],[[93.8063,21.8571],[93.7929,21.8515],[93.8064,21.8429],[93.8063,21.8571]],[[92.2743,21.8554],[92.2518,21.8453],[92.2811,21.8438],[92.2743,21.8554]],[[93.8167,21.8583],[93.8244,21.8506],[93.8245,21.8576],[93.8167,21.8583]],[[92.4753,21.8782],[92.4819,21.8516],[92.4798,21.8828],[92.4753,21.8782]],[[92.1165,21.8653],[92.1089,21.859],[92.1167,21.8583],[92.1165,21.8653]],[[93.775,21.875],[93.7827,21.8673],[93.7828,21.8743],[93.775,21.875]],[[96.8447,21.8905],[96.8583,21.8667],[96.8651,21.8893],[96.8447,21.8905]],[[97.5915,21.882],[97.5839,21.8757],[97.5917,21.875],[97.5915,21.882]],[[92.276,21.9169],[92.2532,21.8852],[92.2552,21.8791],[92.2962,21.8811],[92.276,21.9169]],[[93.1884,21.9356],[93.1638,21.8971],[93.186,21.8953],[93.1884,21.9356]],[[92.4915,21.907],[92.4839,21.9007],[92.4917,21.9],[92.4915,21.907]],[[97.6648,21.9239],[97.6891,21.9179],[97.7095,21.9592],[97.6648,21.9697],[97.6648,21.9239]],[[92.4582,21.9237],[92.4505,21.9174],[92.4583,21.9167],[92.4582,21.9237]],[[92.2173,21.9244],[92.225,21.9167],[92.2243,21.9245],[92.2173,21.9244]],[[92.2601,21.9398],[92.2645,21.9183],[92.2721,21.9487],[92.2601,21.9398]],[[97.6155,21.9381],[97.593,21.9466],[97.6167,21.925],[97.6155,21.9381]],[[92.3811,21.9414],[92.3702,21.9334],[92.3833,21.9333],[92.3811,21.9414]],[[97.5832,21.9403],[97.5755,21.934],[97.5833,21.9333],[97.5832,21.9403]],[[93.1192,21.9515],[93.1335,21.934],[93.1495,21.9498],[93.1453,21.9561],[93.1192,21.9515]],[[97.625,21.95],[97.6327,21.9423],[97.6328,21.9493],[97.625,21.95]],[[92.4583,21.95],[92.466,21.9423],[92.4661,21.9493],[92.4583,21.95]],[[92.3838,21.9531],[92.394,21.9429],[92.4,21.9417],[92.3986,21.9572],[92.3838,21.9531]],[[93.3083,21.9583],[93.316,21.9506],[93.3161,21.9576],[93.3083,21.9583]],[[92.3673,21.9577],[92.375,21.95],[92.3743,21.9578],[92.3673,21.9577]],[[97.7846,21.9605],[97.799,21.9693],[97.7977,21.9823],[97.793,21.981],[97.7846,21.9605]],[[92.3919,21.9683],[92.4027,21.9875],[92.4129,21.9981],[92.3779,21.9817],[92.3919,21.9683]],[[92.4301,21.9988],[92.4179,21.9778],[92.4194,21.968],[92.4326,21.9878],[92.4301,21.9988]],[[92.3733,21.9938],[92.3512,21.989],[92.355,21.9756],[92.3733,21.9938]],[[92.3417,21.9833],[92.3258,21.9906],[92.3258,21.9845],[92.3417,21.9833]],[[96.6181,21.9988],[96.625,21.9833],[96.632,21.9988],[96.6181,21.9988]],[[97.525,21.9992],[97.5478,21.9907],[97.5888,22.0178],[97.5697,22.0208],[97.525,21.9992]],[[97.6102,22.0163],[97.6152,22.0018],[97.6394,21.9994],[97.6663,22.0335],[97.666,22.0601],[97.6337,22.0848],[97.6348,22.0493],[97.6102,22.0163]],[[96.8506,22.0077],[96.8583,22.0],[96.8576,22.0078],[96.8506,22.0077]],[[93.7834,22.0305],[93.7981,22.0258],[93.7993,22.0397],[93.7933,22.0406],[93.7834,22.0305]],[[97.6153,22.0428],[97.6061,22.0571],[97.6011,22.057],[97.6153,22.0428]],[[97.8291,22.0697],[97.8632,22.0956],[97.8647,22.1119],[97.8604,22.1112],[97.8291,22.0697]],[[97.6006,22.0994],[97.6083,22.0917],[97.6076,22.0995],[97.6006,22.0994]],[[92.3415,22.0987],[92.3339,22.0924],[92.3417,22.0917],[92.3415,22.0987]],[[92.2896,22.1325],[92.3028,22.1107],[92.314,22.11],[92.314,22.1152],[92.2896,22.1325]],[[97.6558,22.1501],[97.6923,22.1158],[97.7297,22.2005],[97.7245,22.2485],[97.7005,22.2692],[97.6396,22.2446],[97.6908,22.218],[97.6558,22.1501]],[[96.8266,22.1413],[96.8102,22.1311],[96.8117,22.1182],[96.8227,22.1191],[96.8266,22.1413]],[[92.2667,22.125],[92.259,22.1327],[92.2589,22.1257],[92.2667,22.125]],[[96.4495,22.1493],[96.4424,22.1422],[96.4494,22.1423],[96.4495,22.1493]],[[96.425,22.15],[96.4327,22.1423],[96.4328,22.1493],[96.425,22.15]],[[96.4165,22.1487],[96.4089,22.1424],[96.4167,22.1417],[96.4165,22.1487]],[[92.1979,22.2044],[92.25,22.1583],[92.2267,22.2192],[92.205,22.2204],[92.1979,22.2044]],[[92.2729,22.1896],[92.2773,22.1605],[92.281,22.1598],[92.2729,22.1896]],[[93.0827,22.1673],[93.075,22.175],[93.0757,22.1672],[93.0827,22.1673]],[[97.6581,22.1737],[97.6505,22.1674],[97.6583,22.1667],[97.6581,22.1737]],[[93.4469,22.1902],[93.428,22.2026],[93.446,22.1706],[93.4469,22.1902]],[[97.7701,22.199],[97.7676,22.186],[97.781,22.176],[97.7824,22.1877],[97.7701,22.199]],[[92.1,22.1917],[92.1077,22.184],[92.1078,22.191],[92.1,22.1917]],[[96.7915,22.1903],[96.7839,22.184],[96.7917,22.1833],[96.7915,22.1903]],[[92.2417,22.225],[92.2494,22.2173],[92.2495,22.2243],[92.2417,22.225]],[[92.1423,22.2327],[92.15,22.225],[92.1493,22.2328],[92.1423,22.2327]],[[93.7917,22.2917],[93.7991,22.2684],[93.7945,22.2917],[93.7917,22.2917]],[[92.416,22.3423],[92.4083,22.35],[92.4091,22.3422],[92.416,22.3423]],[[92.2671,22.3513],[92.2696,22.3621],[92.2449,22.3953],[92.244,22.3646],[92.2671,22.3513]],[[92.2833,22.3667],[92.291,22.359],[92.2911,22.366],[92.2833,22.3667]],[[93.6583,22.3833],[93.666,22.3756],[93.6661,22.3826],[93.6583,22.3833]],[[92.3917,22.3833],[92.3994,22.3756],[92.3995,22.3826],[92.3917,22.3833]],[[92.3882,22.4156],[92.378,22.3846],[92.3906,22.3949],[92.3882,22.4156]],[[93.7387,22.4242],[93.7268,22.4014],[93.7407,22.411],[93.7387,22.4242]],[[92.3577,22.4173],[92.35,22.425],[92.3507,22.4172],[92.3577,22.4173]],[[91.9917,23.0417],[92.0121,23.0138],[92.0591,22.88],[92.0611,22.8378],[92.1522,22.6728],[92.151,22.6128],[92.2345,22.4315],[92.2734,22.5007],[92.3414,22.4443],[92.336,22.5154],[92.3111,22.54],[92.2701,22.5436],[92.2512,22.5756],[92.2769,22.638],[92.2629,22.6802],[92.3165,22.6777],[92.3687,22.6341],[92.3892,22.653],[92.3223,22.718],[92.3305,22.75],[92.2793,22.8372],[92.2441,23.1221],[92.206,23.1438],[92.2199,23.0651],[92.1714,23.0143],[92.1616,22.9515],[92.1817,22.8717],[92.1959,22.8354],[92.2493,22.7242],[92.2403,22.7067],[92.1936,22.7171],[92.1614,22.7597],[92.0711,22.9209],[91.9951,23.1151],[91.979,23.0978],[91.9917,23.0417]],[[93.825,22.4583],[93.8327,22.4506],[93.8328,22.4576],[93.825,22.4583]],[[97.8505,22.4528],[97.8646,22.4512],[97.8655,22.4646],[97.8597,22.4653],[97.8505,22.4528]],[[97.8832,22.457],[97.8755,22.4507],[97.8833,22.45],[97.8832,22.457]],[[92.1748,22.4987],[92.1672,22.4924],[92.175,22.4917],[92.1748,22.4987]],[[92.0,22.5167],[92.0131,22.5084],[92.0166,22.5143],[92.0,22.5167]],[[93.2116,22.5959],[93.1898,22.5902],[93.1942,22.5086],[93.2135,22.5472],[93.2116,22.5959]],[[97.8875,22.5322],[97.885,22.5187],[97.9062,22.5099],[97.8917,22.5167],[97.8875,22.5322]],[[92.1332,22.532],[92.1255,22.5257],[92.1333,22.525],[92.1332,22.532]],[[92.3917,22.5583],[92.3994,22.5506],[92.3995,22.5576],[92.3917,22.5583]],[[97.9582,22.5987],[97.9505,22.5924],[97.9583,22.5917],[97.9582,22.5987]],[[91.9878,22.6189],[91.9867,22.6036],[92.0061,22.5955],[92.005,22.6069],[91.9878,22.6189]],[[92.3673,22.6077],[92.375,22.6],[92.3743,22.6078],[92.3673,22.6077]],[[96.9294,22.633],[96.9314,22.6126],[96.9645,22.6213],[96.9484,22.6462],[96.9294,22.633]],[[96.5833,22.6167],[96.5681,22.6243],[96.5668,22.619],[96.5833,22.6167]],[[96.778,22.6839],[96.7655,22.6671],[96.8207,22.6229],[96.8201,22.6314],[96.778,22.6839]],[[96.8744,22.6256],[96.8667,22.6333],[96.8674,22.6255],[96.8744,22.6256]],[[96.8417,22.6445],[96.8336,22.6289],[96.8417,22.625],[96.8417,22.6445]],[[96.709,22.6486],[96.7167,22.6333],[96.7143,22.6499],[96.709,22.6486]],[[93.3583,22.6417],[93.342,22.647],[93.3443,22.6338],[93.3583,22.6417]],[[93.8322,22.6486],[93.8179,22.6394],[93.8181,22.6344],[93.8322,22.6486]],[[92.0077,22.6423],[92.0,22.65],[92.0007,22.6422],[92.0077,22.6423]],[[96.7507,22.6566],[96.7578,22.6431],[96.7562,22.6581],[96.7507,22.6566]],[[97.1648,22.6579],[97.1523,22.6503],[97.1665,22.6523],[97.1648,22.6579]],[[96.5682,22.6654],[96.5645,22.6513],[96.5736,22.6656],[96.5682,22.6654]],[[92.0581,22.6653],[92.0505,22.659],[92.0583,22.6583],[92.0581,22.6653]],[[97.0333,23.275],[97.0823,23.2437],[97.0678,23.1832],[97.0742,23.1417],[97.1059,23.0952],[97.0983,23.0432],[97.064,23.0601],[97.0311,23.0553],[97.0274,23.0105],[97.0614,22.9903],[97.0508,22.9512],[97.0194,22.9297],[96.9676,22.9413],[96.871,22.867],[96.8557,22.9068],[96.8396,22.8523],[96.9297,22.8474],[96.9776,22.8798],[96.9945,22.858],[97.0236,22.8709],[97.0473,22.9138],[97.0934,22.9183],[97.1141,22.886],[97.1167,22.8333],[97.1253,22.8078],[97.0811,22.7235],[97.1839,22.6696],[97.1685,22.7287],[97.2154,22.7244],[97.2383,22.754],[97.1751,22.8242],[97.1775,22.8253],[97.1749,22.832],[97.1534,22.8644],[97.1512,22.8852],[97.1787,22.9183],[97.2361,22.8487],[97.2706,22.8455],[97.1905,22.9736],[97.2125,22.9745],[97.2802,22.9074],[97.2921,22.967],[97.2633,23.0234],[97.2036,23.0832],[97.1475,23.102],[97.1174,23.2429],[97.1341,23.2481],[97.2016,23.1825],[97.3124,23.2773],[97.3243,23.3366],[97.3552,23.3452],[97.3809,23.3066],[97.3943,23.3345],[97.3871,23.3839],[97.5076,23.4147],[97.5333,23.425],[97.6354,23.482],[97.6925,23.5671],[97.7004,23.6056],[97.7422,23.6122],[97.7889,23.7064],[97.8267,23.7324],[97.8511,23.7782],[97.8315,23.8072],[97.8469,23.8527],[97.8088,23.8654],[97.7796,23.8552],[97.7369,23.8031],[97.5767,23.6885],[97.5732,23.5922],[97.5403,23.5216],[97.5479,23.4812],[97.4441,23.462],[97.3967,23.4706],[97.4435,23.6122],[97.421,23.6125],[97.4023,23.5987],[97.3835,23.5325],[97.3345,23.5308],[97.3114,23.5079],[97.3292,23.4477],[97.1399,23.3843],[97.0739,23.3783],[97.0256,23.3055],[97.0333,23.275]],[[93.148,22.7211],[93.142,22.6868],[93.1452,22.6707],[93.163,22.7054],[93.148,22.7211]],[[93.8243,22.6835],[93.8145,22.6749],[93.8332,22.6796],[93.8243,22.6835]],[[91.9244,22.684],[91.9167,22.6917],[91.9174,22.6839],[91.9244,22.684]],[[97.2424,22.6983],[97.2494,22.6848],[97.2479,22.6998],[97.2424,22.6983]],[[97.0311,22.6987],[97.0355,22.6842],[97.0408,22.685],[97.0311,22.6987]],[[93.425,22.7083],[93.4327,22.7006],[93.4328,22.7076],[93.425,22.7083]],[[93.925,22.7167],[93.9327,22.7014],[93.9323,22.7157],[93.925,22.7167]],[[96.7917,22.7],[96.784,22.7077],[96.7839,22.7007],[96.7917,22.7]],[[91.9415,22.707],[91.9339,22.7007],[91.9417,22.7],[91.9415,22.707]],[[91.8977,22.7164],[91.8868,22.7084],[91.9,22.7083],[91.8977,22.7164]],[[97.0173,22.716],[97.025,22.7083],[97.0243,22.7161],[97.0173,22.716]],[[92.0893,22.7248],[92.0785,22.7167],[92.0917,22.7167],[92.0893,22.7248]],[[93.8244,22.734],[93.8167,22.7417],[93.8174,22.7339],[93.8244,22.734]],[[92.0994,22.734],[92.0917,22.7417],[92.0924,22.7339],[92.0994,22.734]],[[91.9257,22.7486],[91.9333,22.7333],[91.931,22.7499],[91.9257,22.7486]],[[93.85,22.75],[93.8577,22.7423],[93.8578,22.7493],[93.85,22.75]],[[92.0744,22.759],[92.0667,22.7667],[92.0674,22.7589],[92.0744,22.759]],[[91.9173,22.7736],[91.925,22.7583],[91.9227,22.7749],[91.9173,22.7736]],[[93.375,22.775],[93.3827,22.7673],[93.3828,22.7743],[93.375,22.775]],[[96.8165,22.782],[96.8089,22.7757],[96.8167,22.775],[96.8165,22.782]],[[91.8836,22.8],[91.875,22.8],[91.879,22.7916],[91.8836,22.8]],[[93.2583,22.825],[93.266,22.8173],[93.2661,22.8243],[93.2583,22.825]],[[96.9498,22.8237],[96.9422,22.8174],[96.95,22.8167],[96.9498,22.8237]],[[93.9083,22.8417],[93.916,22.834],[93.9161,22.841],[93.9083,22.8417]],[[91.9245,22.8474],[91.9095,22.8433],[91.925,22.8333],[91.9245,22.8474]],[[96.5005,22.847],[96.5225,22.8597],[96.5149,22.8729],[96.502,22.8647],[96.5005,22.847]],[[96.8,22.8583],[96.8077,22.8506],[96.8078,22.8576],[96.8,22.8583]],[[96.2831,22.857],[96.2755,22.8507],[96.2833,22.85],[96.2831,22.857]],[[93.2379,22.8722],[93.2573,22.8505],[93.2665,22.8581],[93.2379,22.8722]],[[93.3275,22.9048],[93.3534,22.8511],[93.3624,22.8913],[93.3255,22.9834],[93.3275,22.9048]],[[97.7813,22.8597],[97.7685,22.8651],[97.7597,22.8518],[97.7813,22.8597]],[[91.8832,22.8653],[91.8755,22.859],[91.8833,22.8583],[91.8832,22.8653]],[[96.4084,22.8731],[96.4347,22.8781],[96.4859,22.9321],[96.5301,22.9046],[96.6506,22.9234],[96.686,22.9797],[96.5553,22.9939],[96.4771,23.0293],[96.4436,23.0278],[96.4112,22.9748],[96.4084,22.8731]],[[91.85,22.875],[91.8342,22.8823],[91.8341,22.8761],[91.85,22.875]],[[96.625,22.8917],[96.6327,22.884],[96.6328,22.891],[96.625,22.8917]],[[93.2265,22.8987],[93.2228,22.8846],[93.232,22.8989],[93.2265,22.8987]],[[97.0581,22.8987],[97.0505,22.8924],[97.0583,22.8917],[97.0581,22.8987]],[[96.7333,22.9083],[96.741,22.9006],[96.7411,22.9076],[96.7333,22.9083]],[[91.8415,22.907],[91.8339,22.9007],[91.8417,22.9],[91.8415,22.907]],[[93.2327,22.909],[93.225,22.9167],[93.2257,22.9089],[93.2327,22.909]],[[91.7417,22.9167],[91.734,22.9244],[91.7339,22.9174],[91.7417,22.9167]],[[91.7923,22.9327],[91.8,22.925],[91.7993,22.9328],[91.7923,22.9327]],[[96.925,22.95],[96.9327,22.9347],[96.9323,22.949],[96.925,22.95]],[[93.2785,22.9656],[93.2753,22.9389],[93.2831,22.9334],[93.2915,22.9437],[93.2785,22.9656]],[[97.3388,22.9347],[97.3309,22.9564],[97.3187,22.9566],[97.3388,22.9347]],[[93.1881,22.9393],[93.201,22.9922],[93.1638,23.0107],[93.1584,23.0077],[93.1881,22.9393]],[[96.7468,22.9793],[96.7679,22.9587],[96.7894,22.9697],[96.7468,22.9793]],[[96.1998,22.9737],[96.1922,22.9674],[96.2,22.9667],[96.1998,22.9737]],[[91.8498,22.9737],[91.8422,22.9674],[91.85,22.9667],[91.8498,22.9737]],[[97.3064,22.9912],[97.3438,22.9734],[97.2966,23.0426],[97.2957,23.019],[97.3064,22.9912]],[[91.8328,22.9826],[91.8257,22.9755],[91.8327,22.9756],[91.8328,22.9826]],[[91.8083,22.9833],[91.816,22.9756],[91.8161,22.9826],[91.8083,22.9833]],[[91.7924,22.9834],[91.7858,22.9994],[91.7912,23.0156],[91.7764,23.0004],[91.7924,22.9834]],[[96.2051,23.0322],[96.2126,22.9824],[96.2922,22.9993],[96.2867,23.0088],[96.2051,23.0322]],[[93.8667,22.9917],[93.8744,22.984],[93.8745,22.991],[93.8667,22.9917]],[[93.3333,23.0],[93.341,22.9923],[93.3411,22.9993],[93.3333,23.0]],[[91.8701,22.9942],[91.881,23.0021],[91.8813,23.0123],[91.875,23.0],[91.8445,23.0047],[91.8701,22.9942]],[[96.625,23.0083],[96.6327,23.0006],[96.6328,23.0076],[96.625,23.0083]],[[92.0,23.0083],[92.0077,23.0006],[92.0078,23.0076],[92.0,23.0083]],[[91.8333,23.0],[91.8256,23.0077],[91.8255,23.0007],[91.8333,23.0]],[[91.9,23.0167],[91.9077,23.009],[91.9078,23.016],[91.9,23.0167]],[[93.9217,23.041],[93.9221,23.0202],[93.9772,23.0152],[93.9679,23.0454],[93.9412,23.0535],[93.9217,23.041]],[[91.85,23.025],[91.8423,23.0327],[91.8422,23.0257],[91.85,23.025]],[[91.9077,23.034],[91.9,23.0417],[91.9007,23.0339],[91.9077,23.034]],[[91.8827,23.034],[91.875,23.0417],[91.8757,23.0339],[91.8827,23.034]],[[91.8256,23.041],[91.8333,23.0333],[91.8326,23.0411],[91.8256,23.041]],[[91.8433,23.0435],[91.8609,23.0346],[91.8655,23.0354],[91.8527,23.0496],[91.8433,23.0435]],[[91.9167,23.05],[91.9244,23.0423],[91.9245,23.0493],[91.9167,23.05]],[[97.7417,23.0583],[97.7264,23.066],[97.7251,23.0607],[97.7417,23.0583]],[[97.7506,23.0744],[97.7583,23.0667],[97.7576,23.0745],[97.7506,23.0744]],[[97.0138,23.0763],[96.9985,23.0976],[96.9935,23.0981],[97.0138,23.0763]],[[91.841,23.084],[91.8333,23.0917],[91.8341,23.0839],[91.841,23.084]],[[91.891,23.1006],[91.8833,23.1083],[91.8841,23.1005],[91.891,23.1006]],[[91.8581,23.107],[91.8505,23.1007],[91.8583,23.1],[91.8581,23.107]],[[97.282,23.1094],[97.2728,23.1237],[97.2678,23.1236],[97.282,23.1094]],[[91.8752,23.125],[91.8667,23.125],[91.8706,23.1166],[91.8752,23.125]],[[97.0494,23.1635],[97.0341,23.1606],[97.0472,23.1507],[97.0494,23.1635]],[[91.809,23.1736],[91.8167,23.1583],[91.8143,23.1749],[91.809,23.1736]],[[91.841,23.1752],[91.8312,23.1666],[91.8499,23.1712],[91.841,23.1752]],[[92.1995,23.1743],[92.1924,23.1672],[92.1994,23.1673],[92.1995,23.1743]],[[91.941,23.1673],[91.9333,23.175],[91.9341,23.1672],[91.941,23.1673]],[[92.1994,23.184],[92.1917,23.1917],[92.1924,23.1839],[92.1994,23.184]],[[91.8333,23.1833],[91.8175,23.1906],[91.8174,23.1845],[91.8333,23.1833]],[[96.8905,23.2691],[96.8642,23.2331],[96.8901,23.2061],[96.8988,23.2513],[96.8905,23.2691]],[[96.8506,23.216],[96.8583,23.2083],[96.8576,23.2161],[96.8506,23.216]],[[97.3167,23.2417],[97.3008,23.2489],[97.3008,23.2428],[97.3167,23.2417]],[[91.8248,23.2487],[91.8172,23.2424],[91.825,23.2417],[91.8248,23.2487]],[[97.3833,23.2667],[97.3675,23.2739],[97.3674,23.2678],[97.3833,23.2667]],[[96.8506,23.2827],[96.8583,23.275],[96.8576,23.2828],[96.8506,23.2827]],[[91.791,23.2923],[91.7833,23.3],[91.7841,23.2922],[91.791,23.2923]],[[96.8599,23.307],[96.8561,23.2929],[96.8653,23.3072],[96.8599,23.307]],[[97.7831,23.332],[97.7755,23.3257],[97.7833,23.325],[97.7831,23.332]],[[91.9165,23.3403],[91.9089,23.334],[91.9167,23.3333],[91.9165,23.3403]],[[97.8,23.375],[97.8148,23.3516],[97.8235,23.3729],[97.8,23.375]],[[97.7735,23.4067],[97.7602,23.3846],[97.7734,23.3849],[97.7735,23.4067]],[[93.4138,23.4393],[93.4088,23.4228],[93.4306,23.4025],[93.4317,23.4292],[93.4138,23.4393]],[[97.1332,23.4153],[97.1255,23.409],[97.1333,23.4083],[97.1332,23.4153]],[[97.788,23.5105],[97.763,23.4383],[97.7873,23.4536],[97.788,23.5105]],[[93.591,23.4684],[93.5839,23.4819],[93.5855,23.4669],[93.591,23.4684]],[[93.941,23.5002],[93.9312,23.4916],[93.9499,23.4962],[93.941,23.5002]],[[93.4244,23.4923],[93.4167,23.5],[93.4174,23.4922],[93.4244,23.4923]],[[93.5917,23.4917],[93.5758,23.4989],[93.5758,23.4928],[93.5917,23.4917]],[[93.8993,23.5168],[93.8895,23.5083],[93.9082,23.5129],[93.8993,23.5168]],[[93.4462,23.5566],[93.4334,23.5406],[93.4505,23.5171],[93.4585,23.5391],[93.4462,23.5566]],[[97.784,23.565],[97.7911,23.5515],[97.7896,23.5665],[97.784,23.565]],[[97.8622,23.6162],[97.8512,23.5939],[97.8638,23.5924],[97.8622,23.6162]],[[97.5331,23.682],[97.5255,23.6757],[97.5333,23.675],[97.5331,23.682]],[[94.4333,23.7],[94.441,23.6923],[94.4411,23.6993],[94.4333,23.7]],[[97.2415,23.6987],[97.2339,23.6924],[97.2417,23.6917],[97.2415,23.6987]],[[97.4524,23.7047],[97.5276,23.7673],[97.4503,23.7975],[97.4282,23.8424],[97.4468,23.8956],[97.4108,23.9122],[97.3903,23.859],[97.4085,23.7838],[97.3647,23.7416],[97.4524,23.7047]],[[97.3081,23.7737],[97.3005,23.7674],[97.3083,23.7667],[97.3081,23.7737]],[[94.0002,23.8601],[93.9915,23.8562],[93.9963,23.8499],[94.0002,23.8601]],[[97.4667,23.8667],[97.4744,23.859],[97.4745,23.866],[97.4667,23.8667]],[[93.4336,23.8607],[93.4692,23.9125],[93.4661,23.9418],[93.4349,23.9301],[93.4336,23.8607]],[[97.866,23.884],[97.8583,23.8917],[97.8591,23.8839],[97.866,23.884]],[[93.5674,23.9316],[93.5744,23.9181],[93.5729,23.9331],[93.5674,23.9316]],[[93.7799,23.9474],[93.7684,23.9214],[93.7719,23.9172],[93.791,23.9298],[93.7799,23.9474]],[[97.5192,24.0328],[97.4388,23.9991],[97.4482,23.9442],[97.4965,23.9619],[97.5403,24.0279],[97.5192,24.0328]],[[93.4333,23.9583],[93.441,23.9506],[93.4411,23.9576],[93.4333,23.9583]],[[93.3947,24.0538],[93.3712,24.0149],[93.3879,23.9697],[93.4192,24.009],[93.3947,24.0538]],[[97.5,24.0667],[97.4837,24.072],[97.486,24.0588],[97.5,24.0667]],[[97.5195,24.0902],[97.531,24.0782],[97.5462,24.1057],[97.5195,24.0902]],[[95.6635,24.1433],[95.6953,24.1365],[95.7319,24.1551],[95.7358,24.176],[95.725,24.1833],[95.6635,24.1433]],[[97.4704,24.1664],[97.4596,24.1569],[97.4594,24.1514],[97.475,24.15],[97.4704,24.1664]],[[96.3333,24.5583],[96.341,24.5506],[96.3411,24.5576],[96.3333,24.5583]],[[94.6815,24.8228],[94.6607,24.8068],[94.6603,24.8018],[94.6815,24.8228]],[[94.6924,24.8483],[94.6994,24.8348],[94.6979,24.8498],[94.6924,24.8483]],[[96.2667,24.883],[96.2812,24.8767],[96.2901,24.8976],[96.275,24.9083],[96.2667,24.883]],[[95.7916,24.9427],[95.8134,24.9344],[95.8245,24.9532],[95.7917,24.9583],[95.7916,24.9427]],[[97.7,25.0417],[97.7077,25.034],[97.7078,25.041],[97.7,25.0417]],[[94.8894,25.3656],[94.8768,25.343],[94.8907,25.3527],[94.8894,25.3656]],[[94.9917,25.3583],[94.9994,25.3506],[94.9995,25.3576],[94.9917,25.3583]],[[95.1988,25.625],[95.1916,25.6072],[95.2032,25.6004],[95.2155,25.6131],[95.1988,25.625]],[[97.4016,25.6363],[97.4145,25.6255],[97.4333,25.6333],[97.418,25.6496],[97.4016,25.6363]],[[97.434,25.7327],[97.4417,25.725],[97.441,25.7328],[97.434,25.7327]],[[96.1647,25.7639],[96.1436,25.806],[96.1167,25.8],[96.1441,25.7457],[96.1647,25.7639]],[[96.4923,25.8569],[96.4993,25.8434],[96.4976,25.8582],[96.4923,25.8569]],[[96.7933,25.861],[96.8053,25.8505],[96.8246,25.8563],[96.8072,25.8748],[96.7933,25.861]],[[96.1089,25.8955],[96.0724,25.9971],[96.0408,25.9906],[96.0449,25.9569],[96.0989,25.8803],[96.1089,25.8955]],[[96.4417,25.95],[96.4494,25.9423],[96.4495,25.9493],[96.4417,25.95]],[[97.6455,26.0629],[97.6269,26.032],[97.6583,25.9917],[97.6569,26.0497],[97.6455,26.0629]],[[96.441,26.009],[96.4333,26.0167],[96.4341,26.0089],[96.441,26.009]],[[96.9653,26.0482],[96.9429,26.0364],[96.9643,26.0344],[96.9653,26.0482]],[[97.7665,26.1237],[97.7589,26.1174],[97.7667,26.1167],[97.7665,26.1237]],[[95.4721,26.1778],[95.3757,26.1624],[95.3643,26.1439],[95.4292,26.1309],[95.4776,26.159],[95.4721,26.1778]],[[95.7244,26.3312],[95.7088,26.3192],[95.723,26.3174],[95.7244,26.3312]],[[95.8712,26.4691],[95.9542,26.6385],[95.9705,26.7114],[95.9557,26.7775],[96.075,26.8272],[96.0578,26.8792],[96.0838,26.9478],[95.9869,26.9289],[95.9348,26.8572],[95.9001,26.836],[95.8773,26.7708],[95.8777,26.7138],[95.8346,26.6732],[95.8076,26.6153],[95.814,26.5705],[95.7742,26.5042],[95.767,26.4103],[95.8072,26.3827],[95.8712,26.4691]],[[95.516,26.4173],[95.5083,26.425],[95.5091,26.4172],[95.516,26.4173]],[[95.541,26.434],[95.5333,26.4417],[95.5341,26.4339],[95.541,26.434]],[[95.6245,26.599],[95.6029,26.573],[95.6096,26.5615],[95.6404,26.5752],[95.6245,26.599]],[[96.1417,26.5833],[96.1547,26.575],[96.1582,26.581],[96.1417,26.5833]],[[97.5599,26.6081],[97.5502,26.5821],[97.5667,26.575],[97.5743,26.5954],[97.5599,26.6081]],[[96.0504,26.6165],[96.0606,26.6014],[96.0739,26.6029],[96.0723,26.6238],[96.0504,26.6165]],[[95.6994,26.6135],[95.6841,26.6106],[95.6972,26.6007],[95.6994,26.6135]],[[96.0759,26.6802],[96.0935,26.6542],[96.0979,26.6536],[96.0967,26.6909],[96.0853,26.6972],[96.0759,26.6802]],[[97.0832,26.7084],[97.1055,26.7012],[97.1074,26.7219],[97.0833,26.725],[97.0832,26.7084]],[[97.9151,26.71],[97.95,26.7167],[97.9183,26.7648],[97.9078,26.7476],[97.9151,26.71]],[[96.2417,26.8417],[96.2494,26.834],[96.2495,26.841],[96.2417,26.8417]],[[96.1628,26.9003],[96.1512,26.8794],[96.1803,26.8765],[96.1818,26.8895],[96.1628,26.9003]],[[96.4172,26.9134],[96.4336,26.9001],[96.449,26.912],[96.4407,26.9168],[96.4172,26.9134]],[[96.0667,27.0167],[96.0744,27.009],[96.0745,27.016],[96.0667,27.0167]],[[96.459,27.0316],[96.4661,27.0181],[96.4646,27.0331],[96.459,27.0316]],[[96.0784,27.0279],[96.0917,27.0277],[96.1756,27.094],[96.1083,27.075],[96.0784,27.0279]],[[96.559,27.0566],[96.5661,27.0431],[96.5646,27.0581],[96.559,27.0566]],[[96.0917,27.1083],[96.0986,27.0778],[96.1047,27.1073],[96.0917,27.1083]],[[96.4865,27.1174],[96.4812,27.1325],[96.4759,27.1316],[96.4865,27.1174]],[[96.3917,27.1417],[96.3994,27.134],[96.3995,27.141],[96.3917,27.1417]],[[96.2934,27.1482],[96.3155,27.1369],[96.3131,27.1565],[96.2934,27.1482]],[[96.6583,27.1417],[96.6425,27.1489],[96.6424,27.1428],[96.6583,27.1417]],[[96.4239,27.157],[96.4096,27.1478],[96.4097,27.1428],[96.4239,27.157]],[[96.3833,27.1583],[96.391,27.1506],[96.3911,27.1576],[96.3833,27.1583]],[[96.4327,27.1673],[96.425,27.175],[96.4257,27.1672],[96.4327,27.1673]],[[96.416,27.209],[96.4083,27.2167],[96.4091,27.2089],[96.416,27.209]],[[96.1006,27.2244],[96.1083,27.2167],[96.1076,27.2245],[96.1006,27.2244]],[[96.4366,27.248],[96.4307,27.219],[96.4478,27.239],[96.4366,27.248]],[[96.775,27.2333],[96.7592,27.2406],[96.7591,27.2345],[96.775,27.2333]],[[96.3832,27.282],[96.3755,27.2757],[96.3833,27.275],[96.3832,27.282]],[[96.3515,27.2904],[96.3478,27.2763],[96.357,27.2906],[96.3515,27.2904]]],[[[97.9998,27.6942],[97.8413,27.7363],[97.8088,27.7803],[97.8699,27.7432],[97.9798,27.735],[97.9967,27.749],[98.0,27.8155],[97.9998,27.6942]]],[[[95.35,18.3833],[95.1873,18.5251],[95.2052,18.6071],[95.2489,18.6167],[95.2542,18.7028],[95.2399,18.7432],[95.2513,18.7627],[95.2509,18.7956],[95.2809,18.7724],[95.3153,18.6871],[95.35,18.3833]]],[[[91.6083,22.9294],[91.6311,22.8748],[91.6604,22.8664],[91.6635,22.7821],[91.7642,22.5786],[91.8,22.3718],[91.5698,22.8418],[91.5681,22.8819],[91.5919,22.9221],[91.6083,22.9294]],[[91.775,22.4417],[91.7827,22.434],[91.7828,22.441],[91.775,22.4417]]],[[[91.9625,25.1749],[91.6322,25.0643],[91.4493,25.1246],[91.3976,25.1624],[91.4922,25.1337],[91.5948,25.1672],[91.6015,25.1378],[91.6324,25.1227],[91.6827,25.1266],[91.7008,25.1555],[91.7417,25.1454],[91.76,25.1688],[91.9625,25.1749]]],[[[91.0838,25.1965],[91.2615,25.2024],[91.3064,25.1835],[91.1803,25.1186],[91.0978,25.102],[91.0381,25.1131],[90.9984,25.1657],[90.9734,25.173],[91.0838,25.1965]]],[[[97.4054,16.8791],[97.4865,16.7467],[97.5275,16.7228],[97.5143,16.7019],[97.5227,16.6665],[97.5695,16.59],[97.4871,16.6022],[97.4615,16.6265],[97.4267,16.7242],[97.4632,16.7467],[97.4054,16.8791]]],[[[92.2079,21.3657],[92.2083,21.3438],[92.2323,21.2887],[92.2947,21.1921],[92.2912,21.1223],[92.2794,21.13],[92.2657,21.1642],[92.2667,21.1667],[92.2471,21.1954],[92.2036,21.2399],[92.1759,21.3025],[92.1537,21.3753],[92.1556,21.401],[92.1675,21.4157],[92.2079,21.3657]],[[92.2833,21.1917],[92.291,21.184],[92.2911,21.191],[92.2833,21.1917]],[[92.1665,21.3903],[92.1589,21.384],[92.1667,21.3833],[92.1665,21.3903]]],[[[91.9925,21.9423],[91.9966,21.9932],[91.9712,22.0582],[91.98,22.0705],[92.0118,22.0462],[92.0457,21.9598],[92.0499,21.9067],[92.0333,21.86],[91.9925,21.9423]]],[[[95.1644,18.9109],[95.1327,19.017],[95.162,19.0516],[95.2296,18.8838],[95.1644,18.9109]],[[95.1998,18.9153],[95.1922,18.909],[95.2,18.9083],[95.1998,18.9153]],[[95.1748,18.9987],[95.1672,18.9924],[95.175,18.9917],[95.1748,18.9987]]],[[[96.6562,20.439],[96.7063,20.5192],[96.7266,20.5089],[96.7184,20.4796],[96.7163,20.4124],[96.7185,20.3727],[96.6999,20.38],[96.6725,20.3525],[96.6562,20.439]],[[96.7,20.4583],[96.7077,20.4506],[96.7078,20.4576],[96.7,20.4583]],[[96.6833,20.4667],[96.691,20.459],[96.6911,20.466],[96.6833,20.4667]],[[96.6883,20.4492],[96.694,20.4272],[96.6986,20.4267],[96.6883,20.4492]]],[[[96.7167,20.7083],[96.697,20.6404],[96.7159,20.6119],[96.6705,20.5911],[96.6528,20.6332],[96.6782,20.7565],[96.7167,20.7083]],[[96.6667,20.625],[96.6797,20.6167],[96.6832,20.6227],[96.6667,20.625]]],[[[93.4083,19.9417],[93.4876,19.8649],[93.4893,19.8413],[93.4692,19.8298],[93.4968,19.7921],[93.4881,19.7729],[93.4481,19.8021],[93.4083,19.9417]]],[[[92.175,21.0917],[92.2116,21.0528],[92.2809,20.8839],[92.2262,20.9389],[92.1732,21.0636],[92.175,21.0917]]],[[[93.3452,20.2425],[93.3505,20.2035],[93.3848,20.1409],[93.3767,20.1016],[93.3545,20.1147],[93.348,20.1448],[93.35,20.15],[93.2986,20.2539],[93.3259,20.2624],[93.3452,20.2425]],[[93.3667,20.1167],[93.3744,20.109],[93.3745,20.116],[93.3667,20.1167]],[[93.3083,20.25],[93.316,20.2423],[93.3161,20.2493],[93.3083,20.25]],[[93.3583,20.1333],[93.366,20.1256],[93.3661,20.1326],[93.3583,20.1333]]],[[[92.0645,24.4544],[92.1182,24.4392],[92.1057,24.3746],[92.0417,24.3797],[92.0645,24.4544]],[[92.0756,24.441],[92.0833,24.4333],[92.0826,24.4411],[92.0756,24.441]]],[[[92.0673,21.1745],[92.0771,21.2502],[92.1453,21.2038],[92.0921,21.155],[92.0673,21.1745]],[[92.075,21.1917],[92.0827,21.184],[92.0828,21.191],[92.075,21.1917]],[[92.109,21.2077],[92.1167,21.2],[92.116,21.2078],[92.109,21.2077]],[[92.0915,21.2237],[92.0839,21.2174],[92.0917,21.2167],[92.0915,21.2237]]],[[[91.8937,24.141],[91.8763,24.1491],[91.8924,24.1972],[91.9054,24.2857],[91.9203,24.3261],[91.9282,24.2386],[91.9101,24.1552],[91.8937,24.141]]],[[[97.3511,17.0795],[97.3748,17.0596],[97.4013,16.939],[97.3934,16.9189],[97.3355,17.0531],[97.3511,17.0795]]],[[[97.8521,16.9018],[97.8025,16.9191],[97.7828,16.9588],[97.825,16.9667],[97.8424,16.953],[97.872,16.9212],[97.8521,16.9018]]],[[[91.4692,24.1449],[91.4895,24.1201],[91.5062,24.0847],[91.4372,24.0981],[91.4336,24.1394],[91.4692,24.1449]]],[[[92.9417,20.0417],[93.0157,19.9275],[93.0294,19.8476],[93.0049,19.9164],[92.9417,20.0417]]],[[[97.7809,15.225],[97.7396,15.262],[97.7555,15.3268],[97.7729,15.2886],[97.7809,15.225]]],[[[92.1316,21.5594],[92.1586,21.5172],[92.1155,21.4901],[92.1011,21.552],[92.1316,21.5594]]],[[[89.9026,25.306],[89.9523,25.3021],[90.0039,25.2759],[89.9672,25.2622],[89.9151,25.2824],[89.9026,25.306]]],[[[91.9333,24.925],[91.8689,24.9341],[91.9972,24.9684],[91.9333,24.925]]],[[[91.7101,24.1557],[91.7323,24.1929],[91.7441,24.2236],[91.758,24.1444],[91.734,24.1358],[91.7101,24.1557]]],[[[97.7163,16.7416],[97.6575,16.8199],[97.6577,16.8273],[97.71,16.812],[97.7163,16.7416]]],[[[93.9663,19.6052],[94.0083,19.5833],[94.0044,19.5477],[93.9631,19.568],[93.9663,19.6052]]],[[[92.0207,21.3991],[92.0595,21.3695],[92.05,21.3167],[92.0058,21.3922],[92.0207,21.3991]]],[[[93.108,19.8833],[93.0645,19.9527],[93.0654,19.9929],[93.0894,19.9549],[93.108,19.8833]]],[[[97.5965,15.9959],[97.5954,16.0187],[97.6145,16.0255],[97.6417,15.99],[97.6348,15.9644],[97.6191,15.9618],[97.6134,15.986],[97.5965,15.9959]]],[[[95.2041,18.0262],[95.242,17.9778],[95.2437,17.9661],[95.1725,17.988],[95.2041,18.0262]]],[[[97.7539,16.2729],[97.7207,16.3181],[97.7221,16.3365],[97.7555,16.3151],[97.7667,16.275],[97.7539,16.2729]]],[[[92.1618,21.4414],[92.1522,21.4757],[92.1456,21.5001],[92.1612,21.5108],[92.1806,21.4618],[92.1618,21.4414]]],[[[91.7976,24.3272],[91.8179,24.2697],[91.8021,24.2635],[91.7815,24.3085],[91.7976,24.3272]]],[[[92.8892,20.9906],[92.8974,20.9252],[92.8924,20.9171],[92.875,20.925],[92.8735,21.0024],[92.8892,20.9906]]],[[[97.5137,17.1895],[97.5618,17.1553],[97.5667,17.1333],[97.5182,17.1606],[97.5137,17.1895]]],[[[93.8417,19.3082],[93.8176,19.325],[93.8313,19.361],[93.8571,19.3277],[93.8417,19.3082]]],[[[97.738,17.2968],[97.686,17.333],[97.6815,17.3531],[97.737,17.3249],[97.738,17.2968]]],[[[97.8583,15.5917],[97.8484,15.5506],[97.8366,15.5457],[97.8201,15.5877],[97.8583,15.5917]]],[[[93.9254,19.3941],[93.9092,19.4051],[93.889,19.4138],[93.9333,19.4333],[93.9464,19.4139],[93.9254,19.3941]]],[[[96.1362,17.2126],[96.0865,17.2059],[96.0878,17.2283],[96.1242,17.2345],[96.1362,17.2126]]],[[[97.0798,17.2344],[97.1293,17.2108],[97.129,17.197],[97.0802,17.2059],[97.0798,17.2344]]],[[[93.3925,20.3085],[93.4231,20.28],[93.4273,20.2456],[93.3971,20.2749],[93.3925,20.3085]]],[[[97.7702,16.794],[97.7488,16.8088],[97.7446,16.8292],[97.7297,16.8523],[97.7292,16.8607],[97.7686,16.8307],[97.7702,16.794]]],[[[90.1063,25.2272],[90.0273,25.2457],[90.0194,25.2694],[90.1063,25.2272]]],[[[97.584,17.0025],[97.5533,17.0226],[97.5639,17.0531],[97.5948,17.0125],[97.584,17.0025]]],[[[93.05,20.0333],[93.0336,20.0259],[93.005,20.0847],[93.0349,20.0553],[93.05,20.0333]]],[[[91.9583,24.5917],[91.9698,24.568],[91.936,24.5549],[91.9331,24.5905],[91.9583,24.5917]]],[[[91.9661,21.5917],[91.9472,21.6127],[91.9466,21.6597],[91.9715,21.6235],[91.9661,21.5917]]],[[[93.8917,19.575],[93.9144,19.5546],[93.9178,19.5269],[93.8806,19.562],[93.8917,19.575]]],[[[93.1991,20.672],[93.1827,20.7128],[93.1996,20.7277],[93.2109,20.681],[93.1991,20.672]]],[[[97.4461,17.0382],[97.4258,17.0643],[97.4276,17.0824],[97.4619,17.0632],[97.4461,17.0382]]],[[[91.7604,24.2347],[91.8057,24.2389],[91.8095,24.2115],[91.7604,24.2347]]],[[[97.6772,16.3903],[97.6605,16.4098],[97.6712,16.4372],[97.6893,16.4172],[97.6772,16.3903]]],[[[97.9833,15.7917],[98.0,15.8024],[98.0,15.7694],[97.9947,15.7804],[97.9833,15.7917]]],[[[96.6333,20.4083],[96.6326,20.366],[96.628,20.355],[96.6104,20.4163],[96.6333,20.4083]]],[[[91.6027,24.344],[91.6307,24.3111],[91.6256,24.2915],[91.621,24.3014],[91.6017,24.3069],[91.6027,24.344]]],[[[94.3935,16.2582],[94.3926,16.2856],[94.4142,16.2967],[94.421,16.2854],[94.3935,16.2582]]],[[[94.6194,17.2637],[94.6334,17.2601],[94.6221,17.2362],[94.5955,17.2289],[94.6194,17.2637]]],[[[97.5245,21.0582],[97.4956,21.0972],[97.5046,21.1142],[97.5147,21.1102],[97.5245,21.0582]]],[[[93.4417,20.05],[93.4643,20.0387],[93.4703,20.002],[93.4598,20.0058],[93.4417,20.05]]],[[[94.1417,19.025],[94.1748,19.0041],[94.187,18.9866],[94.1626,18.9863],[94.1417,19.025]]],[[[94.4421,18.2675],[94.4204,18.2849],[94.4208,18.3023],[94.4569,18.2868],[94.4421,18.2675]]],[[[93.8917,19.575],[93.8782,19.595],[93.9204,19.6136],[93.9153,19.5976],[93.8939,19.5759],[93.8921,19.5749],[93.8917,19.575]]],[[[91.625,24.275],[91.6288,24.251],[91.6139,24.2212],[91.6058,24.2686],[91.625,24.275]]],[[[92.1385,21.3953],[92.15,21.3583],[92.1445,21.3396],[92.1284,21.3617],[92.1385,21.3953]]],[[[97.9753,15.7426],[97.9545,15.7767],[97.9578,15.7817],[97.982,15.7698],[97.9753,15.7426]]],[[[97.8832,14.677],[97.8881,14.6892],[97.9054,14.7047],[97.9053,14.6618],[97.8832,14.677]]],[[[92.1287,21.1488],[92.1193,21.1181],[92.1034,21.1276],[92.1129,21.1561],[92.1287,21.1488]]],[[[97.7706,16.7723],[97.8042,16.762],[97.8042,16.7528],[97.7777,16.7525],[97.7706,16.7723]]],[[[97.3839,17.1334],[97.4065,17.1193],[97.4121,17.0939],[97.3871,17.1094],[97.3839,17.1334]]],[[[97.6952,17.2616],[97.6847,17.2763],[97.6975,17.3034],[97.7133,17.2792],[97.6952,17.2616]]],[[[91.9448,22.1301],[91.9667,22.1167],[91.954,22.0869],[91.9367,22.1197],[91.9448,22.1301]]],[[[94.3396,18.432],[94.3667,18.425],[94.3641,18.3946],[94.3526,18.4023],[94.3396,18.432]]],[[[92.9295,20.7127],[92.9097,20.7483],[92.9132,20.7695],[92.9319,20.7359],[92.9295,20.7127]]],[[[93.3854,20.0703],[93.4153,20.0345],[93.4128,20.0279],[93.3854,20.0703]]],[[[91.8218,24.3373],[91.7861,24.3465],[91.7999,24.3657],[91.8218,24.3373]]],[[[96.7495,20.4416],[96.7272,20.4699],[96.7283,20.4965],[96.7473,20.4628],[96.7495,20.4416]]],[[[94.0893,19.4876],[94.0665,19.4766],[94.0435,19.4938],[94.059,19.4991],[94.0893,19.4876]]],[[[97.8122,15.0125],[97.8028,15.0207],[97.8186,15.0575],[97.8245,15.0408],[97.8122,15.0125]]],[[[97.5755,17.1249],[97.6034,17.1251],[97.6055,17.0961],[97.5789,17.1139],[97.5755,17.1249]]],[[[96.509,18.9081],[96.4942,18.9209],[96.5131,18.9471],[96.5223,18.9383],[96.509,18.9081]]],[[[94.8333,16.5333],[94.8405,16.5114],[94.8216,16.5007],[94.8176,16.5211],[94.8333,16.5333]]],[[[93.775,19.3263],[93.7872,19.3408],[93.8077,19.3367],[93.7954,19.3174],[93.775,19.3263]]],[[[97.0836,17.33],[97.1052,17.3158],[97.0969,17.3024],[97.0767,17.3122],[97.0836,17.33]]],[[[97.2333,17.2417],[97.2395,17.2281],[97.2217,17.2089],[97.2173,17.2364],[97.2333,17.2417]]],[[[97.9926,14.6968],[98.0,14.7077],[98.0,14.6836],[97.9926,14.6968]]],[[[93.0083,20.4333],[93.0234,20.3945],[93.021,20.3787],[93.0031,20.4039],[93.0083,20.4333]]],[[[93.1414,20.751],[93.1258,20.7722],[93.1313,20.7911],[93.1409,20.7842],[93.1414,20.751]]],[[[93.4611,19.7048],[93.4975,19.7034],[93.5028,19.6953],[93.4858,19.6866],[93.4611,19.7048]]],[[[94.8571,16.0355],[94.8314,16.0343],[94.8449,16.0629],[94.8571,16.0355]]],[[[93.775,19.368],[93.7972,19.3828],[93.8161,19.3783],[93.8106,19.3673],[93.775,19.368]]],[[[91.9583,24.6],[91.9507,24.6268],[91.9709,24.6393],[91.9735,24.6293],[91.9583,24.6]]],[[[93.3476,20.1466],[93.3314,20.1341],[93.319,20.1544],[93.3285,20.1643],[93.3476,20.1466]]],[[[92.9818,21.1302],[92.9616,21.1274],[92.9602,21.1475],[92.9833,21.15],[92.9818,21.1302]]],[[[97.5422,16.4249],[97.5266,16.455],[97.5292,16.4638],[97.5554,16.4389],[97.5422,16.4249]]],[[[96.898,19.9166],[96.8775,19.9294],[96.8949,19.9498],[96.9051,19.9471],[96.898,19.9166]]],[[[94.011,19.6499],[94.0099,19.6602],[94.0304,19.6892],[94.0314,19.6609],[94.011,19.6499]]],[[[92.17,21.9713],[92.2,21.9667],[92.1883,21.9367],[92.17,21.9713]]],[[[92.2033,25.126],[92.2393,25.0956],[92.2684,25.0785],[92.2142,25.0984],[92.2033,25.126]]],[[[93.5199,19.7113],[93.5397,19.6962],[93.547,19.6872],[93.5246,19.6805],[93.5199,19.7113]]],[[[97.7065,16.365],[97.7155,16.3549],[97.7167,16.3417],[97.6926,16.3448],[97.7065,16.365]]],[[[94.4475,18.2399],[94.4366,18.2107],[94.4272,18.2395],[94.4475,18.2399]]],[[[91.6379,24.1053],[91.6193,24.1209],[91.6374,24.1312],[91.6379,24.1053]]],[[[94.0221,19.7691],[94.0006,19.7889],[94.0029,19.7982],[94.0246,19.7849],[94.0221,19.7691]]],[[[97.9979,15.7041],[97.9767,15.7029],[97.9773,15.7227],[97.9905,15.7225],[97.9979,15.7041]]],[[[97.5571,16.9639],[97.5731,16.9469],[97.575,16.9333],[97.5512,16.9457],[97.5571,16.9639]]],[[[92.8092,20.3779],[92.8328,20.3591],[92.8304,20.344],[92.8092,20.3779]]],[[[96.6515,18.6955],[96.675,18.7],[96.6625,18.6692],[96.6515,18.6955]]],[[[94.2083,18.9167],[94.1855,18.9108],[94.1783,18.931],[94.2083,18.9167]]],[[[93.132,19.85],[93.112,19.8676],[93.1118,19.882],[93.1231,19.8803],[93.132,19.85]]],[[[93.7,21.425],[93.703,21.4477],[93.7392,21.4376],[93.7136,21.4319],[93.7,21.425]]],[[[94.3543,18.2517],[94.335,18.2707],[94.3458,18.2857],[94.3579,18.2695],[94.3543,18.2517]]],[[[97.5543,24.5886],[97.5705,24.6049],[97.5661,24.5612],[97.5591,24.5673],[97.5543,24.5886]]],[[[97.8726,15.3372],[97.8365,15.3428],[97.8375,15.3607],[97.8726,15.3372]]],[[[92.1065,24.4665],[92.1004,24.4876],[92.1128,24.4914],[92.1165,24.4714],[92.1065,24.4665]]],[[[97.4177,21.2166],[97.41,21.2393],[97.4304,21.2405],[97.432,21.2272],[97.4177,21.2166]]],[[[96.6333,20.4094],[96.6476,20.4236],[96.6581,20.4055],[96.6464,20.4004],[96.6333,20.4094]]],[[[97.875,16.725],[97.861,16.7178],[97.8512,16.7388],[97.8632,16.7408],[97.875,16.725]]],[[[94.3608,18.4475],[94.3833,18.4417],[94.3812,18.4268],[94.3687,18.4269],[94.3608,18.4475]]],[[[96.6186,18.6964],[96.6321,18.6777],[96.6109,18.6775],[96.6186,18.6964]]],[[[91.6422,22.9165],[91.6271,22.9377],[91.6458,22.9484],[91.6499,22.9274],[91.6422,22.9165]]],[[[94.1197,19.3174],[94.1126,19.3328],[94.1404,19.3293],[94.1197,19.3174]]],[[[90.7419,25.1648],[90.7818,25.178],[90.7958,25.169],[90.7419,25.1648]]],[[[97.7167,15.9417],[97.6928,15.9458],[97.7126,15.9656],[97.7167,15.9417]]],[[[94.3863,18.3751],[94.4135,18.3648],[94.4138,18.3525],[94.394,18.3602],[94.3863,18.3751]]],[[[97.5937,16.545],[97.607,16.5522],[97.6113,16.5263],[97.5937,16.545]]],[[[93.7336,19.4342],[93.7183,19.4433],[93.7109,19.455],[93.725,19.4583],[93.7336,19.4342]]],[[[97.6544,17.3938],[97.6355,17.4104],[97.6375,17.4273],[97.6574,17.4036],[97.6544,17.3938]]],[[[93.7825,19.4201],[93.7595,19.4222],[93.7804,19.4323],[93.7825,19.4201]]],[[[94.1855,19.08],[94.2126,19.081],[94.2167,19.0667],[94.1945,19.0682],[94.1855,19.08]]],[[[97.4626,17.0767],[97.4436,17.095],[97.4527,17.1051],[97.4654,17.0879],[97.4626,17.0767]]],[[[93.346,20.3268],[93.3338,20.3483],[93.3374,20.3636],[93.3494,20.3444],[93.346,20.3268]]],[[[97.5422,17.0706],[97.5578,17.0882],[97.5545,17.067],[97.5422,17.0706]]],[[[96.7417,20.5833],[96.7249,20.593],[96.7384,20.6076],[96.7417,20.5833]]],[[[96.9087,17.7788],[96.8915,17.7746],[96.9013,17.7917],[96.9087,17.7788]]],[[[98.0,17.0416],[97.9923,17.0464],[98.0,17.0548],[98.0,17.0416]]],[[[97.8741,17.1166],[97.8591,17.1278],[97.861,17.1409],[97.8739,17.1394],[97.8741,17.1166]]],[[[93.3917,20.3083],[93.3845,20.3223],[93.4053,20.3323],[93.4066,20.3272],[93.3917,20.3083]]],[[[94.2245,16.0373],[94.2006,16.0457],[94.2167,16.05],[94.2245,16.0373]]],[[[97.5042,17.6173],[97.4926,17.6274],[97.4938,17.6406],[97.5083,17.6417],[97.5042,17.6173]]],[[[96.2833,17.275],[96.2822,17.2606],[96.2701,17.2509],[96.2675,17.2725],[96.2833,17.275]]],[[[94.5083,17.2583],[94.525,17.2536],[94.5125,17.2339],[94.5088,17.2411],[94.5083,17.2583]]],[[[96.6489,20.7082],[96.6417,20.7185],[96.6454,20.749],[96.6498,20.7423],[96.6489,20.7082]]],[[[97.6406,17.1],[97.6261,17.1122],[97.639,17.1244],[97.6487,17.1213],[97.6406,17.1]]],[[[94.1791,19.0648],[94.1769,19.0438],[94.1605,19.0548],[94.1791,19.0648]]],[[[96.7833,20.8083],[96.768,20.8209],[96.7882,20.8321],[96.7913,20.8214],[96.7833,20.8083]]],[[[91.6981,22.9353],[91.7083,22.925],[91.6857,22.9193],[91.6849,22.9214],[91.6981,22.9353]]],[[[94.969,17.5528],[94.9819,17.5648],[94.9886,17.5435],[94.969,17.5528]]],[[[97.5205,17.2929],[97.5092,17.3027],[97.5127,17.3165],[97.5244,17.3134],[97.5205,17.2929]]],[[[96.6295,20.6734],[96.65,20.6583],[96.6477,20.6526],[96.6268,20.6521],[96.6295,20.6734]]],[[[97.5965,16.0496],[97.5813,16.0344],[97.5756,16.0375],[97.5965,16.0496]]],[[[97.6417,17.1],[97.656,17.1081],[97.6737,17.1043],[97.653,17.0921],[97.6417,17.1]]],[[[94.1564,19.2438],[94.1433,19.2569],[94.1658,19.2549],[94.1564,19.2438]]],[[[93.175,20.6667],[93.1905,20.6466],[93.1877,20.6346],[93.1759,20.6454],[93.175,20.6667]]],[[[96.75,20.4417],[96.7655,20.4216],[96.7627,20.4096],[96.7509,20.4204],[96.75,20.4417]]],[[[96.7878,19.8847],[96.777,19.893],[96.7667,19.9083],[96.7893,19.8987],[96.7878,19.8847]]],[[[97.6848,16.9866],[97.6982,16.9963],[97.7058,16.9774],[97.6848,16.9866]]],[[[97.8083,15.625],[97.8238,15.6209],[97.811,15.6005],[97.8013,15.6037],[97.8083,15.625]]],[[[93.1627,20.6929],[93.151,20.7126],[93.1542,20.7273],[93.1662,20.7122],[93.1627,20.6929]]],[[[93.4222,19.7192],[93.4221,19.741],[93.4324,19.7189],[93.4222,19.7192]]],[[[95.1068,17.8306],[95.1018,17.812],[95.0943,17.831],[95.1068,17.8306]]],[[[92.4329,21.8808],[92.4173,21.8688],[92.4187,21.8826],[92.4329,21.8808]]],[[[93.3079,20.6141],[93.2923,20.6022],[93.2937,20.6159],[93.3079,20.6141]]],[[[96.3167,17.45],[96.3047,17.4527],[96.2993,17.4594],[96.3142,17.4658],[96.3167,17.45]]],[[[97.5426,17.1061],[97.55,17.0917],[97.5366,17.0841],[97.5342,17.0972],[97.5426,17.1061]]],[[[96.9108,19.8407],[96.9296,19.8406],[96.9333,19.8333],[96.9198,19.8259],[96.9108,19.8407]]],[[[97.6572,15.5332],[97.6498,15.547],[97.6557,15.5662],[97.6605,15.5657],[97.6572,15.5332]]],[[[94.4249,16.8208],[94.4088,16.8306],[94.4221,16.8331],[94.4249,16.8208]]],[[[93.8163,19.439],[93.8001,19.4291],[93.8029,19.4414],[93.8163,19.439]]],[[[97.8579,15.2806],[97.8418,15.2708],[97.8446,15.2831],[97.8579,15.2806]]],[[[97.0658,19.3416],[97.0509,19.3528],[97.0524,19.3656],[97.0655,19.356],[97.0658,19.3416]]],[[[97.5904,16.9083],[97.5766,16.927],[97.5775,16.9325],[97.5905,16.931],[97.5904,16.9083]]],[[[93.5298,19.8837],[93.5177,19.8949],[93.5205,19.9077],[93.53,19.9057],[93.5298,19.8837]]],[[[97.8038,16.3353],[97.8,16.3477],[97.8041,16.3656],[97.8155,16.3544],[97.8038,16.3353]]],[[[97.8743,15.5543],[97.8585,15.5476],[97.8615,15.566],[97.8743,15.5543]]],[[[97.7583,17.175],[97.7436,17.1845],[97.7433,17.1902],[97.7658,17.1883],[97.7583,17.175]]],[[[96.5831,20.8393],[96.5675,20.8469],[96.5793,20.8577],[96.5831,20.8393]]],[[[93.8774,19.6062],[93.8683,19.6152],[93.8909,19.6132],[93.8774,19.6062]]],[[[97.7189,17.069],[97.7098,17.0599],[97.7118,17.0825],[97.7189,17.069]]],[[[97.5228,16.406],[97.5319,16.4151],[97.5299,16.3925],[97.5228,16.406]]],[[[98.0,26.8585],[97.9921,26.8463],[97.9951,26.8579],[98.0,26.8585]]],[[[96.9238,17.7553],[96.9038,17.7425],[96.9009,17.7557],[96.9238,17.7553]]],[[[97.6731,17.0083],[97.6593,17.029],[97.6617,17.0316],[97.6738,17.0312],[97.6731,17.0083]]],[[[92.2167,22.6833],[92.2311,22.6822],[92.2407,22.6701],[92.2269,22.6681],[92.2167,22.6833]]],[[[93.5908,22.3249],[93.5759,22.3361],[93.5784,22.3491],[93.5905,22.3394],[93.5908,22.3249]]],[[[96.9407,19.6249],[96.9252,19.6379],[96.9283,19.6487],[96.9406,19.6394],[96.9407,19.6249]]],[[[93.7093,21.4499],[93.7087,21.4742],[93.7125,21.4828],[93.7167,21.4572],[93.7093,21.4499]]],[[[97.759,15.5124],[97.7751,15.5176],[97.7709,15.5006],[97.759,15.5124]]],[[[97.8327,15.2793],[97.8168,15.2726],[97.8208,15.2911],[97.8327,15.2793]]],[[[93.3555,20.2009],[93.3609,20.224],[93.3656,20.2226],[93.3555,20.2009]]],[[[97.55,21.1083],[97.5672,21.1078],[97.5744,21.1042],[97.5626,21.0924],[97.55,21.1083]]],[[[97.5751,17.1759],[97.5506,17.1791],[97.5624,17.191],[97.5751,17.1759]]],[[[97.9711,16.3423],[97.959,16.3532],[97.9625,16.369],[97.9742,16.3556],[97.9711,16.3423]]],[[[97.9377,15.7673],[97.9257,15.7782],[97.9292,15.794],[97.9408,15.7806],[97.9377,15.7673]]],[[[93.5779,19.6656],[93.5792,19.65],[93.5678,19.65],[93.5779,19.6656]]],[[[93.4997,22.0675],[93.484,22.0793],[93.5,22.0833],[93.4997,22.0675]]],[[[92.1091,21.4452],[92.1241,21.4603],[92.125,21.4417],[92.1091,21.4452]]],[[[94.569,17.7042],[94.5528,17.702],[94.5425,17.7133],[94.569,17.7042]]],[[[93.7232,19.4902],[93.7185,19.4771],[93.7092,19.4883],[93.7232,19.4902]]],[[[94.6705,25.2928],[94.6591,25.3128],[94.6664,25.3163],[94.6749,25.3104],[94.6705,25.2928]]],[[[96.6371,20.3094],[96.6257,20.3295],[96.633,20.333],[96.6416,20.3271],[96.6371,20.3094]]],[[[93.55,22.3667],[93.5416,22.3766],[93.5458,22.3913],[93.55,22.3667]]],[[[97.6583,16.9417],[97.6499,16.9516],[97.6541,16.9663],[97.6583,16.9417]]],[[[93.3821,20.2711],[93.3666,20.2741],[93.3708,20.2911],[93.3821,20.2711]]],[[[94.383,18.5543],[94.356,18.5512],[94.3504,18.5543],[94.383,18.5543]]],[[[97.7917,15.4583],[97.7757,15.4625],[97.7875,15.4745],[97.7917,15.4583]]],[[[93.8083,19.3917],[93.7977,19.3928],[93.7922,19.3958],[93.8041,19.4077],[93.8083,19.3917]]],[[[97.9583,16.6417],[97.9423,16.6459],[97.9542,16.6579],[97.9583,16.6417]]],[[[97.7083,17.0333],[97.6923,17.0375],[97.7042,17.0495],[97.7083,17.0333]]],[[[93.5117,19.7355],[93.5082,19.752],[93.5125,19.7656],[93.5209,19.7574],[93.5117,19.7355]]],[[[97.7285,17.1836],[97.7262,17.1986],[97.7397,17.1988],[97.7417,17.1917],[97.7285,17.1836]]],[[[97.1201,18.967],[97.1179,18.982],[97.1313,18.9821],[97.1333,18.975],[97.1201,18.967]]],[[[92.4285,21.1253],[92.4262,21.1403],[92.4397,21.1405],[92.4417,21.1333],[92.4285,21.1253]]],[[[97.5201,17.5753],[97.5179,17.5903],[97.5313,17.5905],[97.5333,17.5833],[97.5201,17.5753]]],[[[93.3587,20.1963],[93.3681,20.2071],[93.3736,20.2073],[93.375,20.1917],[93.3587,20.1963]]],[[[92.3162,25.074],[92.3409,25.0729],[92.3387,25.0659],[92.3162,25.074]]],[[[97.5988,16.5644],[97.584,16.5605],[97.5853,16.5742],[97.5988,16.5644]]],[[[97.54,21.0417],[97.5262,21.0516],[97.5263,21.0571],[97.5402,21.0572],[97.54,21.0417]]],[[[97.6586,16.8372],[97.6663,16.8549],[97.6667,16.8333],[97.6586,16.8372]]],[[[97.3209,17.0759],[97.3168,17.0877],[97.3207,17.0995],[97.3323,17.088],[97.3209,17.0759]]],[[[94.4709,16.9926],[94.4668,17.0044],[94.4707,17.0161],[94.4823,17.0047],[94.4709,16.9926]]],[[[94.4833,16.9294],[94.4667,16.9207],[94.4696,16.933],[94.4833,16.9294]]],[[[91.95,24.5459],[91.9334,24.5373],[91.9417,24.55],[91.95,24.5459]]],[[[92.0917,21.5873],[92.1083,21.5959],[92.1054,21.5837],[92.0917,21.5873]]],[[[97.9417,16.6793],[97.9583,16.6706],[97.9446,16.667],[97.9417,16.6793]]],[[[97.5416,17.1294],[97.5251,17.1207],[97.5279,17.133],[97.5416,17.1294]]],[[[97.975,16.4206],[97.9916,16.4293],[97.9888,16.417],[97.975,16.4206]]],[[[91.975,21.575],[91.9675,21.5898],[91.9825,21.5887],[91.975,21.575]]],[[[92.4916,21.0459],[92.475,21.0373],[92.4833,21.05],[92.4916,21.0459]]],[[[92.2294,21.8417],[92.2167,21.85],[92.2187,21.8572],[92.2322,21.857],[92.2294,21.8417]]],[[[92.1706,21.5834],[92.1679,21.5987],[92.1813,21.5989],[92.1833,21.5917],[92.1706,21.5834]]],[[[94.4454,17.976],[94.4383,17.9897],[94.4396,17.998],[94.4493,17.9901],[94.4454,17.976]]],[[[97.8833,23.6667],[97.8838,23.6809],[97.8888,23.6829],[97.8998,23.6703],[97.8833,23.6667]]],[[[97.5,21.475],[97.5163,21.4696],[97.5036,21.4585],[97.5,21.475]]],[[[97.207,22.9323],[97.2022,22.9179],[97.192,22.9298],[97.207,22.9323]]],[[[92.2079,21.4942],[92.1918,21.4956],[92.2083,21.5083],[92.2079,21.4942]]],[[[92.182,21.5573],[92.1772,21.5429],[92.167,21.5548],[92.182,21.5573]]],[[[96.771,19.9668],[96.7596,19.9772],[96.7583,19.9833],[96.7739,19.982],[96.771,19.9668]]],[[[91.8161,22.4021],[91.8003,22.404],[91.8127,22.4166],[91.8161,22.4021]]],[[[91.9583,24.5917],[91.9596,24.5978],[91.9715,24.608],[91.9739,24.5931],[91.966,24.5915],[91.9583,24.5917]]],[[[97.7914,15.804],[97.7756,15.8021],[97.779,15.8166],[97.7914,15.804]]],[[[93.5249,23.0206],[93.5088,23.0192],[93.5083,23.0333],[93.5249,23.0206]]],[[[96.6736,20.4989],[96.6688,20.4846],[96.6587,20.4965],[96.6736,20.4989]]],[[[93.4123,20.1916],[93.4209,20.1751],[93.4085,20.1817],[93.4123,20.1916]]],[[[93.4417,20.0622],[93.4334,20.055],[93.4375,20.0751],[93.4417,20.0622]]],[[[97.7917,15.72],[97.7996,15.7079],[97.7958,15.6999],[97.7917,15.72]]],[[[96.5671,20.6163],[96.575,20.6283],[96.5709,20.6083],[96.5671,20.6163]]],[[[92.2112,25.0761],[92.1928,25.0813],[92.2168,25.0792],[92.2112,25.0761]]],[[[97.5421,16.3996],[97.55,16.4117],[97.5459,16.3916],[97.5421,16.3996]]],[[[91.8001,22.8038],[91.7917,22.7967],[91.7958,22.8167],[91.8001,22.8038]]],[[[97.3751,16.8455],[97.3667,16.8383],[97.3708,16.8584],[97.3751,16.8455]]],[[[93.4066,19.9416],[93.394,19.9524],[93.3953,19.9567],[93.4079,19.9557],[93.4066,19.9416]]],[[[97.9871,23.5583],[97.9833,23.575],[97.9984,23.5741],[97.9988,23.5681],[97.9871,23.5583]]],[[[96.7238,21.3745],[96.7405,21.373],[96.7417,21.3667],[96.7238,21.3745]]],[[[94.3171,18.4866],[94.3301,18.4996],[94.3333,18.4833],[94.3171,18.4866]]],[[[92.1171,21.6199],[92.1301,21.6329],[92.1333,21.6167],[92.1171,21.6199]]],[[[92.3755,25.0116],[92.3884,25.0246],[92.3917,25.0083],[92.3755,25.0116]]],[[[96.8666,20.2037],[96.85,20.2041],[96.8626,20.2167],[96.8666,20.2037]]],[[[97.5822,17.2148],[97.574,17.2075],[97.5668,17.2131],[97.5822,17.2148]]],[[[95.1583,17.4958],[95.1418,17.4957],[95.1457,17.5083],[95.1583,17.4958]]],[[[96.65,20.5624],[96.6335,20.5624],[96.6374,20.575],[96.65,20.5624]]],[[[94.2738,18.7982],[94.2656,18.7908],[94.2585,18.7964],[94.2738,18.7982]]],[[[97.575,16.8374],[97.5585,16.8374],[97.5624,16.85],[97.575,16.8374]]],[[[91.625,24.3791],[91.6085,24.3791],[91.6124,24.3917],[91.625,24.3791]]],[[[95.1458,17.9253],[95.1339,17.9368],[95.1338,17.9385],[95.1524,17.9375],[95.1458,17.9253]]],[[[92.1583,21.1167],[92.15,21.1215],[92.1541,21.1335],[92.1583,21.1167]]],[[[98.0,16.3583],[97.9917,16.3632],[97.9958,16.3752],[98.0,16.3583]]],[[[96.625,20.275],[96.6167,20.2799],[96.6208,20.2919],[96.625,20.275]]],[[[94.4,18.4881],[94.3809,18.4843],[94.3748,18.4876],[94.4,18.4881]]],[[[97.5583,16.325],[97.55,16.3299],[97.5541,16.3419],[97.5583,16.325]]],[[[97.5333,17.2417],[97.525,17.2465],[97.5291,17.2585],[97.5333,17.2417]]],[[[96.8,20.9833],[96.7917,20.9882],[96.7958,21.0002],[96.8,20.9833]]],[[[97.7917,17.2917],[97.7834,17.2965],[97.7874,17.3085],[97.7917,17.2917]]],[[[93.7166,19.5381],[93.6976,19.5343],[93.6915,19.5376],[93.7166,19.5381]]],[[[92.9917,20.2833],[92.9834,20.2882],[92.9874,20.3002],[92.9917,20.2833]]],[[[97.2583,17.4833],[97.25,17.4882],[97.2541,17.5002],[97.2583,17.4833]]],[[[95.7583,18.2917],[95.75,18.2965],[95.7541,18.3085],[95.7583,18.2917]]],[[[94.3524,18.4458],[94.3343,18.4479],[94.3373,18.4584],[94.3524,18.4458]]],[[[92.9583,20.9417],[92.9512,20.9488],[92.9665,20.9465],[92.9583,20.9417]]],[[[94.4667,17.95],[94.4834,17.9459],[94.4704,17.9332],[94.4667,17.95]]],[[[93.8214,19.9918],[93.825,19.975],[93.8088,19.9783],[93.809,19.98],[93.8214,19.9918]]],[[[94.3583,16.6083],[94.35,16.6132],[94.3548,16.6217],[94.3583,16.6083]]],[[[92.0141,25.1817],[92.0554,25.1851],[92.0726,25.1802],[92.0141,25.1817]]],[[[95.3083,18.113],[95.2998,18.107],[95.3037,18.1168],[95.3083,18.113]]],[[[96.9273,17.7419],[96.9398,17.7496],[96.9415,17.7439],[96.9273,17.7419]]],[[[93.4335,20.0022],[93.4248,19.9983],[93.4287,20.0084],[93.4335,20.0022]]],[[[92.0585,21.3105],[92.0498,21.3066],[92.0537,21.3168],[92.0585,21.3105]]],[[[91.6355,22.9082],[91.6316,22.9169],[91.6418,22.9129],[91.6355,22.9082]]],[[[97.6917,17.0],[97.6758,17.0073],[97.6907,17.0073],[97.6917,17.0]]],[[[92.4583,21.125],[92.4425,21.1323],[92.4574,21.1323],[92.4583,21.125]]],[[[96.6833,20.5667],[96.6906,20.5825],[96.6906,20.5676],[96.6833,20.5667]]],[[[96.975,19.45],[96.9592,19.4573],[96.974,19.4573],[96.975,19.45]]],[[[93.5168,23.6105],[93.5082,23.6066],[93.5121,23.6168],[93.5168,23.6105]]],[[[96.6908,18.5511],[96.675,18.5583],[96.6909,18.5572],[96.6908,18.5511]]],[[[97.575,16.6917],[97.5592,16.6989],[97.574,16.6989],[97.575,16.6917]]],[[[92.1502,22.4522],[92.1415,22.4483],[92.1454,22.4584],[92.1502,22.4522]]],[[[92.05,22.4167],[92.0342,22.4239],[92.049,22.4239],[92.05,22.4167]]],[[[95.2356,18.7669],[95.2481,18.7746],[95.2498,18.7689],[95.2356,18.7669]]],[[[97.6333,17.35],[97.6175,17.3573],[97.6324,17.3573],[97.6333,17.35]]],[[[96.8918,17.9522],[96.8832,17.9483],[96.8871,17.9584],[96.8918,17.9522]]],[[[92.3085,22.515],[92.3001,22.5215],[92.3046,22.5251],[92.3085,22.515]]],[[[97.3835,16.8272],[97.3748,16.8233],[97.3787,16.8334],[97.3835,16.8272]]],[[[93.3752,20.3439],[93.3665,20.34],[93.3704,20.3501],[93.3752,20.3439]]],[[[92.9333,21.1917],[92.9175,21.1989],[92.9324,21.1989],[92.9333,21.1917]]],[[[96.7335,20.39],[96.7249,20.3939],[96.7296,20.4001],[96.7335,20.39]]],[[[97.9583,16.4833],[97.9425,16.4906],[97.9574,16.4906],[97.9583,16.4833]]],[[[96.4668,17.4855],[96.4582,17.4816],[96.4621,17.4918],[96.4668,17.4855]]],[[[97.9833,17.0583],[97.9675,17.0656],[97.9824,17.0656],[97.9833,17.0583]]],[[[96.7502,20.0522],[96.7415,20.0483],[96.7454,20.0584],[96.7502,20.0522]]],[[[97.8083,15.7917],[97.7925,15.7989],[97.8074,15.7989],[97.8083,15.7917]]],[[[92.4583,21.1083],[92.4656,21.1242],[92.4656,21.1093],[92.4583,21.1083]]],[[[93.4252,20.0189],[93.4165,20.015],[93.4204,20.0251],[93.4252,20.0189]]],[[[97.175,17.275],[97.1592,17.2823],[97.174,17.2823],[97.175,17.275]]],[[[93.5917,22.1083],[93.599,22.1241],[93.5989,22.1093],[93.5917,22.1083]]],[[[94.0431,19.691],[94.0568,19.6833],[94.0418,19.6857],[94.0431,19.691]]],[[[95.3588,18.0985],[95.3649,18.086],[95.3598,18.0838],[95.3588,18.0985]]],[[[93.4418,19.9819],[93.4332,19.9816],[93.4371,19.9918],[93.4418,19.9819]]],[[[92.825,20.3958],[92.8169,20.3856],[92.818,20.3993],[92.825,20.3958]]],[[[96.7001,20.7607],[96.7084,20.761],[96.7042,20.7494],[96.7001,20.7607]]],[[[97.0411,17.3988],[97.0336,17.4061],[97.0417,17.4083],[97.0411,17.3988]]],[[[91.7751,22.7774],[91.7834,22.7777],[91.7792,22.766],[91.7751,22.7774]]],[[[94.0989,19.3161],[94.1061,19.3085],[94.091,19.3125],[94.0989,19.3161]]],[[[93.7871,23.593],[93.775,23.6],[93.7923,23.5958],[93.7871,23.593]]],[[[93.2661,20.3678],[93.2586,20.3606],[93.2625,20.3757],[93.2661,20.3678]]],[[[92.9824,20.9676],[92.9764,20.979],[92.9792,20.984],[92.9824,20.9676]]],[[[97.3078,17.1345],[97.3002,17.1272],[97.3042,17.1423],[97.3078,17.1345]]],[[[95.8333,17.9417],[95.8212,17.9347],[95.816,17.9375],[95.8333,17.9417]]],[[[96.9178,19.4172],[96.9106,19.4248],[96.9257,19.4209],[96.9178,19.4172]]],[[[97.3834,16.8107],[97.3917,16.811],[97.3875,16.7994],[97.3834,16.8107]]],[[[93.0273,20.2002],[93.0345,20.2078],[93.0423,20.2041],[93.0273,20.2002]]],[[[96.3328,17.4928],[96.3252,17.4856],[96.3292,17.5007],[96.3328,17.4928]]],[[[95.1417,25.8833],[95.1295,25.8763],[95.1244,25.8791],[95.1417,25.8833]]],[[[92.5501,20.9524],[92.5584,20.9527],[92.5542,20.941],[92.5501,20.9524]]],[[[96.6584,20.7857],[96.6667,20.786],[96.6625,20.7744],[96.6584,20.7857]]],[[[89.9583,25.2583],[89.9462,25.2513],[89.941,25.2541],[89.9583,25.2583]]],[[[95.2081,18.7978],[95.2006,18.7905],[95.2,18.8],[95.2081,18.7978]]],[[[97.7428,17.0755],[97.7356,17.0831],[97.7507,17.0792],[97.7428,17.0755]]],[[[97.8643,15.5917],[97.864,15.6],[97.8757,15.5959],[97.8643,15.5917]]],[[[97.956,16.6834],[97.9557,16.6917],[97.9673,16.6875],[97.956,16.6834]]],[[[95.2331,18.4811],[95.2256,18.4738],[95.225,18.4833],[95.2331,18.4811]]],[[[96.3334,17.4774],[96.3417,17.4777],[96.3375,17.466],[96.3334,17.4774]]],[[[97.8322,15.1422],[97.8394,15.1498],[97.8417,15.1417],[97.8322,15.1422]]],[[[93.1745,20.6762],[93.1669,20.6689],[93.1708,20.684],[93.1745,20.6762]]],[[[97.8356,15.4669],[97.8428,15.4745],[97.8507,15.4708],[97.8356,15.4669]]],[[[94.5072,17.9995],[94.5144,17.9919],[94.4994,17.9958],[94.5072,17.9995]]],[[[91.8226,22.8084],[91.8223,22.8167],[91.834,22.8125],[91.8226,22.8084]]],[[[97.9356,16.7002],[97.9428,16.7078],[97.9507,16.7041],[97.9356,16.7002]]],[[[92.15,21.6083],[92.1379,21.6013],[92.1327,21.6041],[92.15,21.6083]]],[[[94.4919,16.9189],[94.4986,16.929],[94.5,16.9167],[94.4919,16.9189]]],[[[94.2252,16.1522],[94.2319,16.1623],[94.2333,16.15],[94.2252,16.1522]]],[[[96.8822,17.9922],[96.8894,17.9998],[96.8917,17.9917],[96.8822,17.9922]]],[[[92.9498,20.9728],[92.9422,20.9655],[92.9417,20.975],[92.9498,20.9728]]],[[[97.8072,15.8422],[97.8144,15.8498],[97.8167,15.8417],[97.8072,15.8422]]],[[[96.4415,18.4811],[96.4339,18.4738],[96.4333,18.4833],[96.4415,18.4811]]],[[[94.6669,25.3439],[94.6736,25.354],[94.675,25.3417],[94.6669,25.3439]]],[[[96.9501,19.494],[96.9584,19.4944],[96.9542,19.4827],[96.9501,19.494]]],[[[95.2822,18.1255],[95.2894,18.1331],[95.2917,18.125],[95.2822,18.1255]]],[[[95.7911,18.2322],[95.7836,18.2394],[95.7917,18.2417],[95.7911,18.2322]]],[[[96.6836,20.7772],[96.6903,20.7873],[96.6917,20.775],[96.6836,20.7772]]],[[[92.4415,21.1228],[92.4339,21.1155],[92.4333,21.125],[92.4415,21.1228]]],[[[93.5419,21.9522],[93.5486,21.9623],[93.55,21.95],[93.5419,21.9522]]],[[[92.275,21.7667],[92.2629,21.7597],[92.2577,21.7625],[92.275,21.7667]]],[[[97.7356,16.9169],[97.7428,16.9245],[97.7507,16.9208],[97.7356,16.9169]]],[[[97.8169,15.6856],[97.8236,15.6956],[97.825,15.6833],[97.8169,15.6856]]],[[[93.7655,19.3661],[93.7728,19.3585],[93.7577,19.3625],[93.7655,19.3661]]],[[[97.6905,16.3672],[97.6978,16.3748],[97.7,16.3667],[97.6905,16.3672]]],[[[97.7745,15.8678],[97.7669,15.8606],[97.7708,15.8757],[97.7745,15.8678]]],[[[96.4324,17.4907],[96.4211,17.4848],[96.416,17.4875],[96.4324,17.4907]]],[[[94.3251,16.4806],[94.3167,16.481],[94.3209,16.4923],[94.3251,16.4806]]],[[[93.7083,22.5167],[93.6962,22.5097],[93.691,22.5125],[93.7083,22.5167]]],[[[92.2157,21.3676],[92.2098,21.379],[92.2125,21.384],[92.2157,21.3676]]],[[[94.1523,18.9252],[94.1595,18.9328],[94.1673,18.9291],[94.1523,18.9252]]],[[[92.0995,21.5322],[92.0919,21.5394],[92.1,21.5417],[92.0995,21.5322]]],[[[96.0245,17.2738],[96.0169,17.2811],[96.025,17.2833],[96.0245,17.2738]]],[[[92.1989,21.8411],[92.2061,21.8335],[92.191,21.8375],[92.1989,21.8411]]],[[[96.6491,20.5907],[96.6377,20.5848],[96.6327,20.5875],[96.6491,20.5907]]],[[[93.7739,19.7255],[93.7811,19.7331],[93.7833,19.725],[93.7739,19.7255]]],[[[97.2748,17.5144],[97.2672,17.5072],[97.2667,17.5167],[97.2748,17.5144]]],[[[90.1705,25.193],[90.1583,25.2],[90.1757,25.1958],[90.1705,25.193]]],[[[97.7202,15.9417],[97.7251,15.936],[97.7209,15.9244],[97.7167,15.9357],[97.7167,15.9417],[97.7202,15.9417]]],[[[97.875,16.725],[97.8764,16.7373],[97.8792,16.7423],[97.8824,16.7259],[97.8807,16.7252],[97.8785,16.7249],[97.875,16.725]]],[[[93.9,21.3083],[93.8879,21.3013],[93.8827,21.3041],[93.9,21.3083]]],[[[96.8828,18.0238],[96.8752,18.0311],[96.8833,18.0333],[96.8828,18.0238]]],[[[97.8586,15.5311],[97.8661,15.5238],[97.8625,15.516],[97.8586,15.5311]]],[[[93.7773,19.4419],[93.7845,19.4495],[93.7923,19.4458],[93.7773,19.4419]]],[[[97.1165,17.3061],[97.1089,17.2988],[97.1083,17.3083],[97.1165,17.3061]]],[[[92.9905,20.4422],[92.9978,20.4498],[93.0,20.4417],[92.9905,20.4422]]],[[[91.7745,22.7928],[91.7669,22.7856],[91.7708,22.8007],[91.7745,22.7928]]],[[[93.6328,22.0822],[93.6252,22.0894],[93.6333,22.0917],[93.6328,22.0822]]],[[[93.2669,22.7689],[93.2736,22.779],[93.275,22.7667],[93.2669,22.7689]]],[[[98.0,15.939],[98.0,15.9392],[98.0,15.9386],[98.0,15.939]]],[[[96.6328,20.7405],[96.6252,20.7478],[96.6333,20.75],[96.6328,20.7405]]],[[[93.5084,21.639],[93.5001,21.6393],[93.5042,21.6507],[93.5084,21.639]]],[[[92.2407,22.7593],[92.2348,22.7706],[92.2375,22.7757],[92.2407,22.7593]]],[[[97.5333,23.431],[97.525,23.4306],[97.5292,23.4423],[97.5333,23.431]]],[[[94.5657,17.2926],[94.5609,17.3068],[94.5639,17.3074],[94.5657,17.2926]]],[[[91.6046,22.9675],[91.601,22.9605],[91.5925,22.9693],[91.6046,22.9675]]],[[[90.4909,25.1666],[90.5118,25.1729],[90.5372,25.1729],[90.5264,25.1708],[90.4909,25.1666]]],[[[97.6583,15.5333],[97.665,15.5236],[97.6615,15.5091],[97.6588,15.5163],[97.6583,15.5333]]],[[[96.9417,17.45],[96.9371,17.4627],[96.9393,17.4665],[96.9503,17.4627],[96.9417,17.45]]],[[[91.8333,22.7667],[91.8241,22.7767],[91.8326,22.782],[91.8333,22.7667]]],[[[91.813,22.3437],[91.8205,22.3523],[91.824,22.343],[91.813,22.3437]]],[[[97.0641,17.3268],[97.0573,17.3366],[97.0667,17.3417],[97.0641,17.3268]]],[[[92.1482,22.7308],[92.1384,22.724],[92.1333,22.7333],[92.1482,22.7308]]],[[[95.0771,18.5755],[95.0667,18.5833],[95.0842,18.5797],[95.0771,18.5755]]],[[[94.6018,17.2692],[94.6116,17.2761],[94.6167,17.2667],[94.6018,17.2692]]],[[[92.252,21.1642],[92.2615,21.1571],[92.2494,21.163],[92.252,21.1642]]],[[[97.106,23.0667],[97.1057,23.075],[97.1173,23.0709],[97.106,23.0667]]],[[[96.969,19.6999],[96.9694,19.6916],[96.9577,19.6958],[96.969,19.6999]]],[[[96.9783,19.5013],[96.9661,19.5045],[96.9857,19.5042],[96.9783,19.5013]]],[[[95.7283,18.3929],[95.7161,18.3962],[95.7357,18.3958],[95.7283,18.3929]]],[[[98.0,16.87],[97.9994,16.8712],[98.0,16.8716],[98.0,16.87]]],[[[98.0,26.9867],[97.9994,26.9878],[98.0,26.9883],[98.0,26.9867]]],[[[97.1533,17.2596],[97.1411,17.2628],[97.1607,17.2625],[97.1533,17.2596]]],[[[96.3866,17.5096],[96.3744,17.5128],[96.394,17.5125],[96.3866,17.5096]]],[[[97.7033,15.9929],[97.6911,15.9962],[97.7107,15.9958],[97.7033,15.9929]]],[[[96.4866,17.5346],[96.4744,17.5378],[96.494,17.5375],[96.4866,17.5346]]],[[[93.0033,20.3513],[92.9911,20.3545],[93.0107,20.3542],[93.0033,20.3513]]],[[[96.8533,19.5429],[96.8411,19.5462],[96.8607,19.5458],[96.8533,19.5429]]],[[[97.02,17.4013],[97.0078,17.4045],[97.0274,17.4042],[97.02,17.4013]]],[[[92.3116,21.0846],[92.2994,21.0878],[92.319,21.0875],[92.3116,21.0846]]],[[[94.3616,18.5679],[94.3494,18.5712],[94.369,18.5708],[94.3616,18.5679]]],[[[93.27,20.6179],[93.2578,20.6212],[93.2774,20.6208],[93.27,20.6179]]],[[[97.9116,15.5346],[97.8994,15.5378],[97.919,15.5375],[97.9116,15.5346]]],[[[94.42,16.7346],[94.4078,16.7378],[94.4274,16.7375],[94.42,16.7346]]],[[[97.82,16.8179],[97.8078,16.8212],[97.8274,16.8208],[97.82,16.8179]]],[[[96.645,20.2929],[96.6328,20.2962],[96.6524,20.2958],[96.645,20.2929]]],[[[94.395,18.4679],[94.3828,18.4712],[94.4024,18.4708],[94.395,18.4679]]],[[[92.3366,21.6679],[92.3244,21.6712],[92.344,21.6708],[92.3366,21.6679]]],[[[96.5533,18.9346],[96.5411,18.9378],[96.5607,18.9375],[96.5533,18.9346]]],[[[95.1917,18.575],[95.184,18.575],[95.1874,18.5841],[95.1917,18.575]]],[[[92.2417,22.5167],[92.234,22.5167],[92.2374,22.5258],[92.2417,22.5167]]],[[[91.5833,22.925],[91.5756,22.925],[91.5791,22.9341],[91.5833,22.925]]],[[[97.9833,16.0167],[97.9756,16.0167],[97.9791,16.0258],[97.9833,16.0167]]],[[[96.1,17.1833],[96.0923,17.1833],[96.0958,17.1924],[96.1,17.1833]]],[[[94.6917,17.4917],[94.684,17.4917],[94.6874,17.5008],[94.6917,17.4917]]],[[[97.9417,15.9167],[97.934,15.9167],[97.9374,15.9258],[97.9417,15.9167]]],[[[92.475,20.7083],[92.4673,20.7083],[92.4708,20.7174],[92.475,20.7083]]],[[[92.225,24.7083],[92.2173,24.7083],[92.2208,24.7174],[92.225,24.7083]]],[[[94.8583,16.1583],[94.8506,16.1583],[94.8541,16.1674],[94.8583,16.1583]]],[[[92.9833,20.3417],[92.9756,20.3417],[92.9791,20.3508],[92.9833,20.3417]]],[[[92.1083,24.5583],[92.1006,24.5583],[92.1041,24.5674],[92.1083,24.5583]]],[[[92.2417,24.7417],[92.234,24.7417],[92.2374,24.7508],[92.2417,24.7417]]],[[[97.5667,16.2583],[97.559,16.2583],[97.5624,16.2674],[97.5667,16.2583]]],[[[95.125,18.2917],[95.1173,18.2917],[95.1208,18.3008],[95.125,18.2917]]],[[[95.1083,18.975],[95.1006,18.975],[95.1041,18.9841],[95.1083,18.975]]],[[[97.0,19.5083],[96.9923,19.5083],[96.9958,19.5174],[97.0,19.5083]]],[[[95.1583,18.0],[95.1506,18.0],[95.1541,18.0091],[95.1583,18.0]]],[[[92.9417,20.675],[92.934,20.675],[92.9374,20.6841],[92.9417,20.675]]],[[[95.175,18.0333],[95.1673,18.0333],[95.1708,18.0424],[95.175,18.0333]]],[[[93.825,19.625],[93.8173,19.625],[93.8208,19.6341],[93.825,19.625]]],[[[93.7,19.5167],[93.6923,19.5167],[93.6958,19.5258],[93.7,19.5167]]],[[[93.4083,20.225],[93.4006,20.225],[93.4041,20.2341],[93.4083,20.225]]],[[[97.925,16.6833],[97.9173,16.6833],[97.9208,16.6924],[97.925,16.6833]]],[[[94.7917,16.5],[94.784,16.5],[94.7874,16.5091],[94.7917,16.5]]],[[[96.525,18.2],[96.5173,18.2],[96.5208,18.2091],[96.525,18.2]]],[[[97.825,16.8417],[97.8173,16.8417],[97.8208,16.8508],[97.825,16.8417]]],[[[94.2917,16.0333],[94.284,16.0333],[94.2874,16.0424],[94.2917,16.0333]]],[[[92.0417,22.4667],[92.034,22.4667],[92.0374,22.4758],[92.0417,22.4667]]],[[[97.5417,17.625],[97.534,17.625],[97.5374,17.6341],[97.5417,17.625]]],[[[97.775,15.6083],[97.7673,15.6083],[97.7708,15.6174],[97.775,15.6083]]],[[[93.45,19.725],[93.4423,19.725],[93.4458,19.7341],[93.45,19.725]]],[[[97.95,16.225],[97.9423,16.225],[97.9458,16.2341],[97.95,16.225]]],[[[97.55,21.0083],[97.5423,21.0083],[97.5458,21.0174],[97.55,21.0083]]],[[[91.775,24.3417],[91.7673,24.3417],[91.7708,24.3508],[91.775,24.3417]]],[[[97.6167,16.9083],[97.609,16.9083],[97.6124,16.9174],[97.6167,16.9083]]],[[[97.6167,16.9667],[97.609,16.9667],[97.6124,16.9758],[97.6167,16.9667]]],[[[97.6333,17.3167],[97.6256,17.3167],[97.6291,17.3258],[97.6333,17.3167]]],[[[96.8833,19.9],[96.8756,19.9],[96.8791,19.9091],[96.8833,19.9]]],[[[97.4333,21.0083],[97.4256,21.0083],[97.4291,21.0174],[97.4333,21.0083]]],[[[96.9917,17.3833],[96.984,17.3833],[96.9874,17.3924],[96.9917,17.3833]]],[[[94.2833,16.4917],[94.2756,16.4917],[94.2791,16.5008],[94.2833,16.4917]]],[[[93.575,19.7917],[93.5673,19.7917],[93.57,19.8],[93.575,19.7917]]],[[[92.4998,20.8006],[92.5015,20.8076],[92.5107,20.8042],[92.4998,20.8006]]],[[[94.245,16.2929],[94.235,16.2975],[94.2524,16.2958],[94.245,16.2929]]],[[[93.1824,19.944],[93.1756,19.9417],[93.1791,19.9508],[93.1824,19.944]]],[[[96.5575,18.8568],[96.5532,18.8433],[96.55,18.8583],[96.5575,18.8568]]],[[[92.907,20.4202],[92.9006,20.4167],[92.9041,20.4258],[92.907,20.4202]]],[[[93.0077,21.1244],[93.0,21.1167],[93.0007,21.1245],[93.0077,21.1244]]],[[[96.6917,20.35],[96.684,20.3577],[96.691,20.3578],[96.6917,20.35]]],[[[95.9667,17.4917],[95.9744,17.4994],[95.9745,17.4924],[95.9667,17.4917]]],[[[94.5083,18.3667],[94.5006,18.3744],[94.5076,18.3745],[94.5083,18.3667]]],[[[97.5244,21.4827],[97.5167,21.475],[97.5174,21.4828],[97.5244,21.4827]]],[[[96.9417,19.5083],[96.934,19.516],[96.941,19.5161],[96.9417,19.5083]]],[[[97.0667,17.3917],[97.059,17.3994],[97.066,17.3995],[97.0667,17.3917]]],[[[97.05,19.3667],[97.0423,19.3744],[97.0493,19.3745],[97.05,19.3667]]],[[[95.3,18.1167],[95.2923,18.1244],[95.2993,18.1245],[95.3,18.1167]]],[[[96.441,17.4994],[96.4333,17.4917],[96.4341,17.4995],[96.441,17.4994]]],[[[95.15,18.0833],[95.1423,18.091],[95.1493,18.0911],[95.15,18.0833]]],[[[97.8833,15.4917],[97.8756,15.4994],[97.8826,15.4995],[97.8833,15.4917]]],[[[97.9917,17.05],[97.984,17.0577],[97.991,17.0578],[97.9917,17.05]]],[[[97.775,16.0667],[97.7673,16.0744],[97.7743,16.0745],[97.775,16.0667]]],[[[92.9917,20.1083],[92.984,20.116],[92.991,20.1161],[92.9917,20.1083]]],[[[96.9917,20.5],[96.984,20.5077],[96.991,20.5078],[96.9917,20.5]]],[[[94.5167,18.0],[94.5244,18.0077],[94.5245,18.0007],[94.5167,18.0]]],[[[92.1333,22.7333],[92.1256,22.741],[92.1326,22.7411],[92.1333,22.7333]]],[[[97.8,27.8],[97.7923,27.8077],[97.7993,27.8078],[97.8,27.8]]],[[[97.5333,17.5667],[97.5256,17.5744],[97.5326,17.5745],[97.5333,17.5667]]],[[[97.8,15.8167],[97.7923,15.8244],[97.7993,15.8245],[97.8,15.8167]]],[[[92.975,20.3917],[92.9673,20.3994],[92.9743,20.3995],[92.975,20.3917]]],[[[94.2577,16.1494],[94.25,16.1417],[94.2507,16.1495],[94.2577,16.1494]]],[[[96.7417,20.8917],[96.734,20.8994],[96.741,20.8995],[96.7417,20.8917]]],[[[94.225,16.1417],[94.2173,16.1494],[94.2243,16.1495],[94.225,16.1417]]],[[[92.2244,21.341],[92.2167,21.3333],[92.2174,21.3411],[92.2244,21.341]]],[[[97.575,17.125],[97.5673,17.1327],[97.5743,17.1328],[97.575,17.125]]],[[[96.95,19.5],[96.9423,19.5077],[96.9493,19.5078],[96.95,19.5]]],[[[96.7,20.7667],[96.6923,20.7744],[96.6993,20.7745],[96.7,20.7667]]],[[[97.5417,16.4167],[97.534,16.4244],[97.541,16.4245],[97.5417,16.4167]]],[[[97.05,17.4083],[97.0423,17.416],[97.0493,17.4161],[97.05,17.4083]]],[[[97.0583,17.4],[97.0506,17.4077],[97.0576,17.4078],[97.0583,17.4]]],[[[96.9333,19.7583],[96.9256,19.766],[96.9326,19.7661],[96.9333,19.7583]]],[[[96.9494,17.5244],[96.9417,17.5167],[96.9424,17.5245],[96.9494,17.5244]]],[[[96.925,19.7667],[96.9173,19.7744],[96.9243,19.7745],[96.925,19.7667]]],[[[97.8827,17.116],[97.875,17.1083],[97.8757,17.1161],[97.8827,17.116]]],[[[92.4583,21.0583],[92.4506,21.066],[92.4576,21.0661],[92.4583,21.0583]]],[[[95.125,18.4917],[95.1173,18.4994],[95.1243,18.4995],[95.125,18.4917]]],[[[97.4833,17.2417],[97.4756,17.2494],[97.4826,17.2495],[97.4833,17.2417]]],[[[97.5417,17.1083],[97.534,17.116],[97.541,17.1161],[97.5417,17.1083]]],[[[92.85,20.5917],[92.8423,20.5994],[92.8493,20.5995],[92.85,20.5917]]],[[[93.0083,20.4333],[93.0006,20.441],[93.0076,20.4411],[93.0083,20.4333]]],[[[97.725,17.0667],[97.7327,17.0744],[97.7328,17.0674],[97.725,17.0667]]],[[[92.8667,20.5583],[92.859,20.566],[92.866,20.5661],[92.8667,20.5583]]],[[[97.7333,15.6917],[97.7256,15.6994],[97.7326,15.6995],[97.7333,15.6917]]],[[[94.4,18.4333],[94.3923,18.441],[94.3993,18.4411],[94.4,18.4333]]],[[[96.525,20.45],[96.5173,20.4577],[96.5243,20.4578],[96.525,20.45]]],[[[93.3833,20.325],[93.3756,20.3327],[93.3826,20.3328],[93.3833,20.325]]],[[[92.0,21.4083],[91.9923,21.416],[91.9993,21.4161],[92.0,21.4083]]],[[[91.6167,24.2917],[91.609,24.2994],[91.616,24.2995],[91.6167,24.2917]]],[[[96.625,18.7],[96.6327,18.7077],[96.6328,18.7007],[96.625,18.7]]],[[[91.625,24.2833],[91.6173,24.291],[91.6243,24.2911],[91.625,24.2833]]],[[[92.916,21.191],[92.9083,21.1833],[92.9091,21.1911],[92.916,21.191]]],[[[93.416,20.316],[93.4083,20.3083],[93.4091,20.3161],[93.416,20.316]]],[[[92.2083,21.8417],[92.216,21.8494],[92.2161,21.8424],[92.2083,21.8417]]],[[[93.2333,20.65],[93.2256,20.6577],[93.2326,20.6578],[93.2333,20.65]]],[[[96.7333,20.6083],[96.7256,20.616],[96.7326,20.6161],[96.7333,20.6083]]],[[[91.7167,22.9167],[91.709,22.9244],[91.716,22.9245],[91.7167,22.9167]]],[[[96.8583,19.9],[96.8506,19.9077],[96.8576,19.9078],[96.8583,19.9]]],[[[93.2833,22.7583],[93.2756,22.766],[93.2826,22.7661],[93.2833,22.7583]]],[[[96.75,20.65],[96.7423,20.6577],[96.7493,20.6578],[96.75,20.65]]],[[[97.5417,17.5583],[97.534,17.566],[97.541,17.5661],[97.5417,17.5583]]],[[[95.141,19.041],[95.1333,19.0333],[95.1341,19.0411],[95.141,19.041]]],[[[97.8083,15.8083],[97.8006,15.816],[97.8076,15.8161],[97.8083,15.8083]]],[[[97.8917,15.4833],[97.884,15.491],[97.891,15.4911],[97.8917,15.4833]]],[[[97.125,18.7],[97.1173,18.7077],[97.1243,18.7078],[97.125,18.7]]],[[[92.2631,24.7649],[92.2523,24.7605],[92.2494,24.7628],[92.2631,24.7649]]],[[[97.739,15.0667],[97.7337,15.0668],[97.7381,15.0748],[97.739,15.0667]]],[[[95.7923,18.016],[95.7998,18.0083],[95.7922,18.009],[95.7923,18.016]]],[[[95.0167,18.75],[95.0288,18.7434],[95.0251,18.7398],[95.0167,18.75]]],[[[97.1005,18.859],[97.108,18.8656],[97.1083,18.8583],[97.1005,18.859]]],[[[92.2138,21.5167],[92.2097,21.5085],[92.2084,21.5147],[92.2138,21.5167]]],[[[96.5611,20.8333],[96.566,20.8411],[96.5667,20.8333],[96.5611,20.8333]]],[[[97.8834,15.4773],[97.8756,15.4827],[97.8826,15.4828],[97.8834,15.4773]]],[[[95.9477,17.7167],[95.9423,17.7244],[95.9492,17.7245],[95.9477,17.7167]]],[[[93.5499,19.4897],[93.5417,19.4894],[93.5437,19.4917],[93.5499,19.4897]]],[[[97.6023,17.35],[97.6077,17.3577],[97.6078,17.3507],[97.6023,17.35]]],[[[93.4866,19.9679],[93.4801,19.9738],[93.494,19.9708],[93.4866,19.9679]]],[[[92.212,21.3416],[92.216,21.3495],[92.2167,21.3417],[92.212,21.3416]]],[[[92.2911,21.6426],[92.2835,21.6466],[92.2888,21.6518],[92.2911,21.6426]]],[[[97.6494,17.501],[97.6418,17.5049],[97.6472,17.5102],[97.6494,17.501]]],[[[96.6661,20.2843],[96.6585,20.2883],[96.6638,20.2935],[96.6661,20.2843]]],[[[94.2911,16.526],[94.2835,16.5299],[94.2888,16.5352],[94.2911,16.526]]],[[[91.9161,24.526],[91.9085,24.5299],[91.9138,24.5352],[91.9161,24.526]]],[[[97.5244,16.4343],[97.5168,16.4383],[97.5222,16.4435],[97.5244,16.4343]]],[[[96.3994,17.4343],[96.3918,17.4383],[96.3972,17.4435],[96.3994,17.4343]]],[[[93.2911,20.6343],[93.2835,20.6383],[93.2888,20.6435],[93.2911,20.6343]]],[[[91.6661,22.901],[91.6585,22.9049],[91.6638,22.9102],[91.6661,22.901]]],[[[92.1661,21.2926],[92.1585,21.2966],[92.1638,21.3018],[92.1661,21.2926]]],[[[97.3994,17.1843],[97.3918,17.1883],[97.3972,17.1935],[97.3994,17.1843]]],[[[93.5411,22.4176],[93.5335,22.4216],[93.5388,22.4268],[93.5411,22.4176]]],[[[96.7744,20.3843],[96.7668,20.3883],[96.7722,20.3935],[96.7744,20.3843]]],[[[97.3994,16.776],[97.3918,16.7799],[97.3972,16.7852],[97.3994,16.776]]],[[[91.6827,22.951],[91.6751,22.9549],[91.6805,22.9602],[91.6827,22.951]]],[[[97.5411,16.4843],[97.5335,16.4883],[97.5388,16.4935],[97.5411,16.4843]]],[[[97.5411,16.301],[97.5335,16.3049],[97.5388,16.3102],[97.5411,16.301]]],[[[92.1994,21.4093],[92.1918,21.4133],[92.1972,21.4185],[92.1994,21.4093]]],[[[91.6827,22.776],[91.6751,22.7799],[91.6805,22.7852],[91.6827,22.776]]],[[[96.9161,17.6843],[96.9085,17.6883],[96.9138,17.6935],[96.9161,17.6843]]],[[[97.9161,15.5593],[97.9085,15.5633],[97.9138,15.5685],[97.9161,15.5593]]],[[[97.2911,17.1843],[97.2835,17.1883],[97.2888,17.1935],[97.2911,17.1843]]],[[[97.5411,21.3676],[97.5335,21.3716],[97.5388,21.3768],[97.5411,21.3676]]],[[[97.6661,15.9926],[97.6585,15.9966],[97.6638,16.0018],[97.6661,15.9926]]],[[[92.4327,21.8343],[92.4251,21.8383],[92.4305,21.8435],[92.4327,21.8343]]],[[[97.5411,21.3843],[97.5335,21.3883],[97.5388,21.3935],[97.5411,21.3843]]],[[[97.5577,16.2343],[97.5501,16.2383],[97.5555,16.2435],[97.5577,16.2343]]],[[[94.4327,18.3593],[94.4251,18.3633],[94.4305,18.3685],[94.4327,18.3593]]],[[[97.5577,17.626],[97.5501,17.6299],[97.5555,17.6352],[97.5577,17.626]]],[[[93.4494,22.2343],[93.4418,22.2383],[93.4472,22.2435],[93.4494,22.2343]]],[[[93.8077,19.4676],[93.8001,19.4716],[93.8055,19.4768],[93.8077,19.4676]]],[[[92.9661,20.9093],[92.9585,20.9133],[92.9638,20.9185],[92.9661,20.9093]]],[[[96.0744,17.1926],[96.0668,17.1966],[96.0722,17.2018],[96.0744,17.1926]]],[[[93.6827,19.476],[93.6751,19.4799],[93.6805,19.4852],[93.6827,19.476]]],[[[96.3077,17.5593],[96.3001,17.5633],[96.3055,17.5685],[96.3077,17.5593]]],[[[91.9494,21.5843],[91.9418,21.5883],[91.9472,21.5935],[91.9494,21.5843]]],[[[94.5577,17.6843],[94.5501,17.6883],[94.5555,17.6935],[94.5577,17.6843]]],[[[95.0577,18.651],[95.0501,18.6549],[95.0555,18.6602],[95.0577,18.651]]],[[[96.8077,19.901],[96.8001,19.9049],[96.8055,19.9102],[96.8077,19.901]]],[[[97.6827,16.5093],[97.6751,16.5133],[97.6805,16.5185],[97.6827,16.5093]]],[[[97.6827,24.3676],[97.6751,24.3716],[97.6805,24.3768],[97.6827,24.3676]]],[[[91.8411,22.3426],[91.8335,22.3466],[91.8388,22.3518],[91.8411,22.3426]]],[[[93.4661,22.2343],[93.4585,22.2383],[93.4638,22.2435],[93.4661,22.2343]]],[[[96.8244,20.8426],[96.8168,20.8466],[96.8222,20.8518],[96.8244,20.8426]]],[[[96.5744,20.5926],[96.5668,20.5966],[96.5722,20.6018],[96.5744,20.5926]]],[[[97.0577,19.451],[97.0501,19.4549],[97.0555,19.4602],[97.0577,19.451]]],[[[95.3244,18.076],[95.3168,18.0799],[95.3222,18.0852],[95.3244,18.076]]],[[[93.6827,19.451],[93.6751,19.4549],[93.6805,19.4602],[93.6827,19.451]]],[[[95.1994,18.326],[95.1918,18.3299],[95.1972,18.3352],[95.1994,18.326]]],[[[92.9494,20.0593],[92.9418,20.0633],[92.9472,20.0685],[92.9494,20.0593]]],[[[96.6827,20.3093],[96.6751,20.3133],[96.6805,20.3185],[96.6827,20.3093]]],[[[94.1661,19.0676],[94.1585,19.0716],[94.1638,19.0768],[94.1661,19.0676]]],[[[93.5577,21.451],[93.5501,21.4549],[93.5555,21.4602],[93.5577,21.451]]],[[[94.3411,18.5093],[94.3335,18.5133],[94.3388,18.5185],[94.3411,18.5093]]],[[[96.9494,19.6843],[96.9418,19.6883],[96.9472,19.6935],[96.9494,19.6843]]],[[[94.3411,16.5093],[94.3335,16.5133],[94.3388,16.5185],[94.3411,16.5093]]],[[[97.6994,17.0593],[97.6918,17.0633],[97.6972,17.0685],[97.6994,17.0593]]],[[[93.2161,19.8676],[93.2085,19.8716],[93.2138,19.8768],[93.2161,19.8676]]],[[[96.8092,19.7552],[96.8022,19.7505],[96.8,19.7583],[96.8092,19.7552]]],[[[94.3411,16.5926],[94.3335,16.5966],[94.3388,16.6018],[94.3411,16.5926]]],[[[97.2079,22.7443],[97.2138,22.7507],[97.2167,22.7417],[97.2079,22.7443]]],[[[92.9327,21.001],[92.9251,21.0049],[92.9305,21.0102],[92.9327,21.001]]],[[[96.1661,17.2676],[96.1585,17.2716],[96.1638,17.2768],[96.1661,17.2676]]],[[[93.2077,20.6426],[93.2002,20.6466],[93.2055,20.6518],[93.2077,20.6426]]],[[[92.1911,21.5176],[92.1835,21.5216],[92.1888,21.5268],[92.1911,21.5176]]],[[[97.3161,17.4093],[97.3085,17.4133],[97.3138,17.4185],[97.3161,17.4093]]],[[[97.8161,17.1593],[97.8085,17.1633],[97.8138,17.1685],[97.8161,17.1593]]],[[[92.2744,22.5176],[92.2668,22.5216],[92.2722,22.5268],[92.2744,22.5176]]],[[[95.1661,17.9593],[95.1585,17.9633],[95.1638,17.9685],[95.1661,17.9593]]],[[[97.1494,19.9426],[97.1418,19.9466],[97.1472,19.9518],[97.1494,19.9426]]],[[[92.5327,20.7676],[92.5252,20.7716],[92.5305,20.7768],[92.5327,20.7676]]],[[[93.1577,22.0176],[93.1502,22.0216],[93.1555,22.0268],[93.1577,22.0176]]],[[[97.7994,17.1926],[97.7918,17.1966],[97.7972,17.2018],[97.7994,17.1926]]],[[[94.3411,18.5676],[94.3335,18.5716],[94.3388,18.5768],[94.3411,18.5676]]],[[[91.9661,22.0343],[91.9585,22.0383],[91.9638,22.0435],[91.9661,22.0343]]],[[[91.9312,22.6246],[91.9242,22.6198],[91.9299,22.6258],[91.9312,22.6246]]],[[[97.5228,21.1255],[97.5158,21.1302],[97.525,21.1333],[97.5228,21.1255]]],[[[97.5411,17.2093],[97.5335,17.2133],[97.5388,17.2185],[97.5411,17.2093]]],[[[94.5244,17.9426],[94.5168,17.9466],[94.5222,17.9518],[94.5244,17.9426]]],[[[97.9992,16.8197],[98.0,16.8214],[98.0,16.8191],[97.9992,16.8197]]],[[[92.5244,20.7843],[92.5168,20.7883],[92.5222,20.7935],[92.5244,20.7843]]],[[[92.5244,21.0343],[92.5168,21.0383],[92.5222,21.0435],[92.5244,21.0343]]],[[[97.8917,16.0833],[97.8963,16.0918],[97.9009,16.0865],[97.8917,16.0833]]],[[[97.5742,17.5885],[97.5812,17.5838],[97.5799,17.5825],[97.5742,17.5885]]],[[[96.1895,17.2162],[96.1825,17.2115],[96.1882,17.2175],[96.1895,17.2162]]],[[[91.8167,24.3],[91.8213,24.3084],[91.8258,24.3032],[91.8167,24.3]]],[[[94.9663,25.6443],[94.9721,25.6507],[94.975,25.6417],[94.9663,25.6443]]],[[[93.2333,20.65],[93.2418,20.6453],[93.2365,20.6408],[93.2333,20.65]]],[[[97.8312,15.4829],[97.8242,15.4782],[97.8299,15.4842],[97.8312,15.4829]]],[[[97.9395,16.4755],[97.9325,16.4802],[97.9417,16.4833],[97.9395,16.4755]]],[[[94.0005,19.7728],[94.0052,19.7658],[93.9992,19.7715],[94.0005,19.7728]]],[[[96.9658,18.0552],[96.9728,18.0505],[96.9715,18.0492],[96.9658,18.0552]]],[[[94.5425,16.7282],[94.5355,16.7329],[94.5368,16.7342],[94.5425,16.7282]]],[[[97.7228,17.1755],[97.7158,17.1802],[97.725,17.1833],[97.7228,17.1755]]],[[[91.9417,24.5167],[91.9463,24.5251],[91.9508,24.5198],[91.9417,24.5167]]],[[[97.8,15.725],[97.8047,15.7334],[97.8092,15.7282],[97.8,15.725]]],[[[95.0742,17.8385],[95.0812,17.8338],[95.0799,17.8325],[95.0742,17.8385]]],[[[97.9083,16.275],[97.9171,16.2708],[97.9112,16.266],[97.9083,16.275]]],[[[97.9342,17.0552],[97.9272,17.0505],[97.925,17.0583],[97.9342,17.0552]]],[[[93.0814,20.876],[93.0743,20.8805],[93.0833,20.8833],[93.0814,20.876]]],[[[96.75,20.0417],[96.7584,20.037],[96.7532,20.0325],[96.75,20.0417]]],[[[96.9329,17.6026],[96.9388,17.609],[96.9417,17.6],[96.9329,17.6026]]],[[[95.7228,18.4088],[95.7158,18.4135],[95.725,18.4167],[95.7228,18.4088]]],[[[92.0968,21.6092],[92.0921,21.6022],[92.0909,21.6035],[92.0968,21.6092]]],[[[93.3588,20.3812],[93.3635,20.3742],[93.3575,20.3798],[93.3588,20.3812]]],[[[91.8,22.7917],[91.8088,22.7874],[91.8029,22.7826],[91.8,22.7917]]],[[[93.3588,20.3522],[93.3635,20.3592],[93.3667,20.35],[93.3588,20.3522]]],[[[97.9838,27.8355],[97.9885,27.8425],[97.9917,27.8333],[97.9838,27.8355]]],[[[93.7005,22.4605],[93.7052,22.4675],[93.7083,22.4583],[93.7005,22.4605]]],[[[91.9728,22.0171],[91.9658,22.0218],[91.975,22.025],[91.9728,22.0171]]],[[[96.8246,20.1943],[96.8305,20.2007],[96.8333,20.1917],[96.8246,20.1943]]],[[[97.8092,16.8865],[97.8022,16.8912],[97.8035,16.8925],[97.8092,16.8865]]],[[[93.7577,19.8926],[93.7502,19.8966],[93.7555,19.9018],[93.7577,19.8926]]],[[[94.4411,18.251],[94.4335,18.2549],[94.4388,18.2602],[94.4411,18.251]]],[[[95.1911,18.5926],[95.1835,18.5966],[95.1888,18.6018],[95.1911,18.5926]]],[[[92.4577,20.7343],[92.4502,20.7383],[92.4555,20.7435],[92.4577,20.7343]]],[[[96.2994,17.6093],[96.2918,17.6133],[96.2972,17.6185],[96.2994,17.6093]]],[[[93.9244,19.501],[93.9168,19.5049],[93.9222,19.5102],[93.9244,19.501]]],[[[97.7994,17.251],[97.7918,17.2549],[97.7972,17.2602],[97.7994,17.251]]],[[[97.6577,17.4843],[97.6502,17.4883],[97.6555,17.4935],[97.6577,17.4843]]],[[[97.7827,16.3593],[97.7752,16.3633],[97.7805,16.3685],[97.7827,16.3593]]],[[[94.3994,18.251],[94.3918,18.2549],[94.3972,18.2602],[94.3994,18.251]]],[[[93.6494,21.4843],[93.6418,21.4883],[93.6472,21.4935],[93.6494,21.4843]]],[[[97.7577,16.3593],[97.7502,16.3633],[97.7555,16.3685],[97.7577,16.3593]]],[[[97.9992,15.8614],[98.0,15.8631],[98.0,15.8608],[97.9992,15.8614]]],[[[97.9992,16.1114],[98.0,16.1131],[98.0,16.1108],[97.9992,16.1114]]],[[[94.7744,16.501],[94.7668,16.5049],[94.7722,16.5102],[94.7744,16.501]]],[[[94.2744,18.501],[94.2668,18.5049],[94.2722,18.5102],[94.2744,18.501]]],[[[97.9992,26.9697],[98.0,26.9714],[98.0,26.9691],[97.9992,26.9697]]],[[[97.775,15.8583],[97.7838,15.8541],[97.7779,15.8493],[97.775,15.8583]]],[[[96.9077,17.7176],[96.9002,17.7216],[96.9055,17.7268],[96.9077,17.7176]]],[[[97.8062,17.2088],[97.7992,17.2135],[97.8083,17.2167],[97.8062,17.2088]]],[[[97.9312,16.7162],[97.9242,16.7115],[97.9299,16.7175],[97.9312,16.7162]]],[[[95.1925,18.3052],[95.1855,18.3005],[95.1833,18.3083],[95.1925,18.3052]]],[[[96.9478,19.5505],[96.9408,19.5552],[96.95,19.5583],[96.9478,19.5505]]],[[[93.6647,22.526],[93.6577,22.5305],[93.6667,22.5333],[93.6647,22.526]]],[[[92.259,21.7805],[92.252,21.776],[92.25,21.7833],[92.259,21.7805]]],[[[93.3417,20.25],[93.3459,20.2587],[93.3507,20.2529],[93.3417,20.25]]],[[[93.6421,22.4688],[93.6469,22.4758],[93.65,22.4667],[93.6421,22.4688]]],[[[91.6913,22.9443],[91.6971,22.9507],[91.7,22.9417],[91.6913,22.9443]]],[[[91.7145,22.8921],[91.7075,22.8968],[91.7167,22.9],[91.7145,22.8921]]],[[[95.1833,17.9],[95.1921,17.8958],[95.1862,17.891],[95.1833,17.9]]],[[[97.65,17.075],[97.6588,17.0707],[97.6529,17.066],[97.65,17.075]]],[[[93.5257,23.3888],[93.5187,23.3843],[93.5167,23.3917],[93.5257,23.3888]]],[[[92.175,21.0917],[92.1793,21.1004],[92.184,21.0945],[92.175,21.0917]]],[[[95.2244,18.801],[95.2168,18.8049],[95.2222,18.8102],[95.2244,18.801]]],[[[94.5827,17.551],[94.5752,17.5549],[94.5805,17.5602],[94.5827,17.551]]],[[[93.7077,19.426],[93.7002,19.4299],[93.7055,19.4352],[93.7077,19.426]]],[[[94.3161,18.551],[94.3085,18.5549],[94.3138,18.5602],[94.3161,18.551]]],[[[97.7994,16.801],[97.7918,16.8049],[97.7972,16.8102],[97.7994,16.801]]],[[[92.0911,24.4843],[92.0835,24.4883],[92.0888,24.4935],[92.0911,24.4843]]],[[[93.3411,20.376],[93.3335,20.3799],[93.3388,20.3852],[93.3411,20.376]]],[[[91.9812,22.0005],[91.9742,22.0052],[91.9833,22.0083],[91.9812,22.0005]]],[[[93.3244,20.176],[93.3168,20.1799],[93.3222,20.1852],[93.3244,20.176]]],[[[97.5577,21.051],[97.5501,21.0549],[97.5555,21.0602],[97.5577,21.051]]],[[[97.0577,17.351],[97.0501,17.3549],[97.0555,17.3602],[97.0577,17.351]]],[[[94.4327,16.851],[94.4251,16.8549],[94.4305,16.8602],[94.4327,16.851]]],[[[93.3244,20.426],[93.3168,20.4299],[93.3222,20.4352],[93.3244,20.426]]],[[[94.6244,17.2843],[94.6168,17.2883],[94.6222,17.2935],[94.6244,17.2843]]],[[[94.8911,16.0343],[94.8835,16.0383],[94.8888,16.0435],[94.8911,16.0343]]],[[[95.8744,17.7843],[95.8668,17.7883],[95.8722,17.7935],[95.8744,17.7843]]],[[[91.7494,22.6426],[91.7418,22.6466],[91.7472,22.6518],[91.7494,22.6426]]],[[[94.1577,19.2843],[94.1502,19.2883],[94.1555,19.2935],[94.1577,19.2843]]],[[[94.3494,18.3676],[94.3418,18.3716],[94.3472,18.3768],[94.3494,18.3676]]],[[[93.4411,21.901],[93.4335,21.9049],[93.4388,21.9102],[93.4411,21.901]]],[[[97.1744,23.2426],[97.1668,23.2466],[97.1722,23.2518],[97.1744,23.2426]]],[[[94.9577,16.326],[94.9502,16.3299],[94.9555,16.3352],[94.9577,16.326]]],[[[97.7994,15.651],[97.7918,15.6549],[97.7972,15.6602],[97.7994,15.651]]],[[[97.2077,22.726],[97.2002,22.7299],[97.2055,22.7352],[97.2077,22.726]]],[[[97.5827,16.8676],[97.5752,16.8716],[97.5805,16.8768],[97.5827,16.8676]]],[[[91.9744,24.976],[91.9668,24.9799],[91.9722,24.9852],[91.9744,24.976]]],[[[92.3494,25.026],[92.3418,25.0299],[92.3472,25.0352],[92.3494,25.026]]],[[[97.5827,17.151],[97.5752,17.1549],[97.5805,17.1602],[97.5827,17.151]]],[[[97.8327,15.4176],[97.8252,15.4216],[97.8305,15.4268],[97.8327,15.4176]]],[[[97.0827,22.9426],[97.0752,22.9466],[97.0805,22.9518],[97.0827,22.9426]]],[[[93.4744,21.9926],[93.4668,21.9966],[93.4722,22.0018],[93.4744,21.9926]]],[[[93.1911,19.9176],[93.1835,19.9216],[93.1888,19.9268],[93.1911,19.9176]]],[[[94.5661,17.6676],[94.5585,17.6716],[94.5638,17.6768],[94.5661,17.6676]]],[[[97.7827,15.5593],[97.7752,15.5633],[97.7805,15.5685],[97.7827,15.5593]]],[[[93.6744,19.4343],[93.6668,19.4383],[93.6722,19.4435],[93.6744,19.4343]]],[[[97.6744,17.3843],[97.6668,17.3883],[97.6722,17.3935],[97.6744,17.3843]]],[[[94.4244,18.2593],[94.4168,18.2633],[94.4222,18.2685],[94.4244,18.2593]]],[[[94.7244,17.0426],[94.7168,17.0466],[94.7222,17.0518],[94.7244,17.0426]]],[[[96.8327,19.901],[96.8252,19.9049],[96.8305,19.9102],[96.8327,19.901]]],[[[97.5494,16.8676],[97.5418,16.8716],[97.5472,16.8768],[97.5494,16.8676]]],[[[96.1744,17.2426],[96.1668,17.2466],[96.1722,17.2518],[96.1744,17.2426]]],[[[92.2244,24.6676],[92.2168,24.6716],[92.2222,24.6768],[92.2244,24.6676]]],[[[97.8327,17.1843],[97.8252,17.1883],[97.8305,17.1935],[97.8327,17.1843]]],[[[97.8327,15.1676],[97.8252,15.1716],[97.8305,15.1768],[97.8327,15.1676]]],[[[97.4244,17.1176],[97.4168,17.1216],[97.4222,17.1268],[97.4244,17.1176]]],[[[93.3329,22.7272],[93.3282,22.7342],[93.3342,22.7285],[93.3329,22.7272]]],[[[91.8258,22.3782],[91.8189,22.3829],[91.8202,22.3842],[91.8258,22.3782]]],[[[92.6007,20.6471],[92.5937,20.6426],[92.5917,20.65],[92.6007,20.6471]]],[[[94.2228,18.8671],[94.2158,18.8718],[94.225,18.875],[94.2228,18.8671]]],[[[93.5671,23.6188],[93.5719,23.6258],[93.575,23.6167],[93.5671,23.6188]]],[[[96.6829,20.5193],[96.6888,20.5257],[96.6917,20.5167],[96.6829,20.5193]]],[[[97.8162,23.7272],[97.8115,23.7342],[97.8175,23.7285],[97.8162,23.7272]]],[[[93.5564,21.9093],[93.5493,21.9138],[93.5583,21.9167],[93.5564,21.9093]]],[[[96.7329,20.661],[96.7388,20.6674],[96.7417,20.6583],[96.7329,20.661]]],[[[96.3742,17.4635],[96.3812,17.4588],[96.3799,17.4575],[96.3742,17.4635]]],[[[94.1312,19.2912],[94.1242,19.2865],[94.1299,19.2925],[94.1312,19.2912]]],[[[96.648,20.6926],[96.641,20.6971],[96.65,20.7],[96.648,20.6926]]],[[[93.0219,20.2175],[93.0171,20.2105],[93.0159,20.2118],[93.0219,20.2175]]],[[[96.1075,17.1968],[96.1145,17.1921],[96.1132,17.1909],[96.1075,17.1968]]],[[[96.8583,19.9],[96.8671,19.8958],[96.8612,19.891],[96.8583,19.9]]],[[[97.2333,17.2417],[97.238,17.2501],[97.2425,17.2448],[97.2333,17.2417]]],[[[96.634,20.6971],[96.627,20.6926],[96.625,20.7],[96.634,20.6971]]],[[[93.6147,21.8176],[93.6077,21.8221],[93.6167,21.825],[93.6147,21.8176]]],[[[91.9885,22.4508],[91.9838,22.4438],[91.9825,22.4452],[91.9885,22.4508]]],[[[96.6342,20.2448],[96.6272,20.2496],[96.6285,20.2508],[96.6342,20.2448]]],[[[97.8827,16.1176],[97.8752,16.1216],[97.8805,16.1268],[97.8827,16.1176]]],[[[97.7577,16.901],[97.7502,16.9049],[97.7555,16.9102],[97.7577,16.901]]],[[[92.8994,21.026],[92.8918,21.0299],[92.8972,21.0352],[92.8994,21.026]]],[[[97.8827,15.3843],[97.8752,15.3883],[97.8805,15.3935],[97.8827,15.3843]]],[[[97.6327,24.1176],[97.6252,24.1216],[97.6305,24.1268],[97.6327,24.1176]]],[[[97.6327,16.901],[97.6252,16.9049],[97.6305,16.9102],[97.6327,16.901]]],[[[97.8827,17.151],[97.8752,17.1549],[97.8805,17.1602],[97.8827,17.151]]],[[[97.7577,15.901],[97.7502,15.9049],[97.7555,15.9102],[97.7577,15.901]]],[[[93.0244,20.226],[93.0168,20.2299],[93.0222,20.2352],[93.0244,20.226]]],[[[96.5645,20.6412],[96.5575,20.6365],[96.5632,20.6425],[96.5645,20.6412]]],[[[93.298,20.2676],[93.291,20.2721],[93.3,20.275],[93.298,20.2676]]],[[[91.7163,22.511],[91.7221,22.5174],[91.725,22.5083],[91.7163,22.511]]],[[[96.1895,17.3755],[96.1825,17.3802],[96.1917,17.3833],[96.1895,17.3755]]],[[[92.5469,20.9675],[92.5421,20.9605],[92.5409,20.9618],[92.5469,20.9675]]],[[[97.0913,18.6693],[97.0971,18.6757],[97.1,18.6667],[97.0913,18.6693]]],[[[96.2833,17.275],[96.288,17.2834],[96.2925,17.2782],[96.2833,17.275]]],[[[94.2062,19.0921],[94.1992,19.0968],[94.2083,19.1],[94.2062,19.0921]]],[[[92.1577,21.3176],[92.1502,21.3216],[92.1555,21.3268],[92.1577,21.3176]]],[[[96.0327,16.576],[96.0252,16.5799],[96.0305,16.5852],[96.0327,16.576]]],[[[92.0494,22.5093],[92.0418,22.5133],[92.0472,22.5185],[92.0494,22.5093]]],[[[91.7994,24.3843],[91.7918,24.3883],[91.7972,24.3935],[91.7994,24.3843]]],[[[96.9077,19.4343],[96.9002,19.4383],[96.9055,19.4435],[96.9077,19.4343]]],[[[91.7994,24.4593],[91.7918,24.4633],[91.7972,24.4685],[91.7994,24.4593]]],[[[96.5077,18.1926],[96.5002,18.1966],[96.5055,18.2018],[96.5077,18.1926]]],[[[93.9911,19.7843],[93.9835,19.7883],[93.9888,19.7935],[93.9911,19.7843]]],[[[97.5077,17.6926],[97.5002,17.6966],[97.5055,17.7018],[97.5077,17.6926]]],[[[92.2577,24.7843],[92.2502,24.7883],[92.2555,24.7935],[92.2577,24.7843]]],[[[94.3161,18.576],[94.3085,18.5799],[94.3138,18.5852],[94.3161,18.576]]],[[[97.9244,15.8426],[97.9168,15.8466],[97.9222,15.8518],[97.9244,15.8426]]],[[[96.7,20.1417],[96.7084,20.137],[96.7032,20.1325],[96.7,20.1417]]],[[[96.6978,20.1496],[96.6908,20.1448],[96.6965,20.1508],[96.6978,20.1496]]],[[[97.5417,16.375],[97.5504,16.3707],[97.5445,16.366],[97.5417,16.375]]],[[[93.6921,22.6105],[93.6969,22.6175],[93.7,22.6083],[93.6921,22.6105]]],[[[96.9996,18.586],[97.0055,18.5924],[97.0083,18.5833],[96.9996,18.586]]],[[[93.4505,23.9105],[93.4552,23.9175],[93.4583,23.9083],[93.4505,23.9105]]],[[[93.425,20.0917],[93.4334,20.087],[93.4282,20.0825],[93.425,20.0917]]],[[[91.125,23.4167],[91.1338,23.4124],[91.1279,23.4076],[91.125,23.4167]]],[[[93.3647,22.5676],[93.3577,22.5721],[93.3667,22.575],[93.3647,22.5676]]],[[[98.0,16.287],[97.9992,16.2885],[98.0,16.2892],[98.0,16.287]]],[[[93.2921,22.3605],[93.2969,22.3675],[93.3,22.3583],[93.2921,22.3605]]],[[[95.3083,18.1],[95.3171,18.0958],[95.3112,18.091],[95.3083,18.1]]],[[[95.1913,19.636],[95.1971,19.6424],[95.2,19.6333],[95.1913,19.636]]],[[[97.9246,15.5609],[97.9305,15.5674],[97.9333,15.5583],[97.9246,15.5609]]],[[[97.8163,17.2776],[97.8221,17.284],[97.825,17.275],[97.8163,17.2776]]],[[[96.4258,17.4032],[96.4189,17.4079],[96.4202,17.4092],[96.4258,17.4032]]],[[[95.9575,17.4885],[95.9645,17.4838],[95.9632,17.4825],[95.9575,17.4885]]],[[[92.2244,21.1843],[92.2168,21.1883],[92.2222,21.1935],[92.2244,21.1843]]],[[[93.4507,22.7388],[93.4437,22.7343],[93.4417,22.7417],[93.4507,22.7388]]],[[[97.1161,19.001],[97.1085,19.0049],[97.1138,19.0102],[97.1161,19.001]]],[[[97.2244,17.251],[97.2168,17.2549],[97.2222,17.2602],[97.2244,17.251]]],[[[96.5994,20.6093],[96.5918,20.6133],[96.5972,20.6185],[96.5994,20.6093]]],[[[93.3827,20.3593],[93.3752,20.3633],[93.3805,20.3685],[93.3827,20.3593]]],[[[97.9911,16.626],[97.9835,16.6299],[97.9888,16.6352],[97.9911,16.626]]],[[[93.6327,23.701],[93.6252,23.7049],[93.6305,23.7102],[93.6327,23.701]]],[[[96.9494,17.726],[96.9418,17.7299],[96.9472,17.7352],[96.9494,17.726]]],[[[97.4494,16.9593],[97.4418,16.9633],[97.4472,16.9685],[97.4494,16.9593]]],[[[94.5911,16.601],[94.5835,16.6049],[94.5888,16.6102],[94.5911,16.601]]],[[[97.9911,16.176],[97.9835,16.1799],[97.9888,16.1852],[97.9911,16.176]]],[[[97.6161,17.551],[97.6085,17.5549],[97.6138,17.5602],[97.6161,17.551]]],[[[94.8827,16.551],[94.8752,16.5549],[94.8805,16.5602],[94.8827,16.551]]],[[[93.8411,19.6176],[93.8335,19.6216],[93.8388,19.6268],[93.8411,19.6176]]],[[[91.9411,21.701],[91.9335,21.7049],[91.9388,21.7102],[91.9411,21.701]]],[[[97.5661,21.076],[97.5585,21.0799],[97.5638,21.0852],[97.5661,21.076]]],[[[96.7167,20.7083],[96.7209,20.7171],[96.7257,20.7112],[96.7167,20.7083]]],[[[97.5911,16.8176],[97.5835,16.8216],[97.5888,16.8268],[97.5911,16.8176]]],[[[96.6079,20.3776],[96.6138,20.384],[96.6167,20.375],[96.6079,20.3776]]],[[[96.5583,20.95],[96.5668,20.9453],[96.5615,20.9408],[96.5583,20.95]]],[[[93.2744,22.1843],[93.2668,22.1883],[93.2722,22.1935],[93.2744,22.1843]]],[[[97.7577,17.0926],[97.7502,17.0966],[97.7555,17.1018],[97.7577,17.0926]]],[[[95.1342,17.9885],[95.1272,17.9838],[95.125,17.9917],[95.1342,17.9885]]],[[[96.5421,27.1938],[96.5469,27.2008],[96.55,27.1917],[96.5421,27.1938]]],[[[96.8246,20.9438],[96.8198,20.9508],[96.8258,20.9452],[96.8246,20.9438]]],[[[97.5092,17.6698],[97.5022,17.6746],[97.5035,17.6758],[97.5092,17.6698]]],[[[97.6342,17.2948],[97.6272,17.2996],[97.6285,17.3008],[97.6342,17.2948]]],[[[97.7411,15.326],[97.7335,15.3299],[97.7388,15.3352],[97.7411,15.326]]],[[[94.3661,18.3676],[94.3585,18.3716],[94.3638,18.3768],[94.3661,18.3676]]],[[[92.2577,22.5093],[92.2502,22.5133],[92.2555,22.5185],[92.2577,22.5093]]],[[[93.8661,23.651],[93.8585,23.6549],[93.8638,23.6602],[93.8661,23.651]]],[[[97.5077,16.4926],[97.5002,16.4966],[97.5055,16.5018],[97.5077,16.4926]]],[[[94.8827,16.326],[94.8752,16.3299],[94.8805,16.3352],[94.8827,16.326]]],[[[94.8661,16.5426],[94.8585,16.5466],[94.8638,16.5518],[94.8661,16.5426]]],[[[92.9911,20.3676],[92.9835,20.3716],[92.9888,20.3768],[92.9911,20.3676]]],[[[91.7577,24.2593],[91.7502,24.2633],[91.7555,24.2685],[91.7577,24.2593]]],[[[97.1327,17.2426],[97.1252,17.2466],[97.1305,17.2518],[97.1327,17.2426]]],[[[96.1161,17.0426],[96.1085,17.0466],[96.1138,17.0518],[96.1161,17.0426]]],[[[94.2494,16.001],[94.2418,16.0049],[94.2472,16.0102],[94.2494,16.001]]],[[[91.1244,23.451],[91.1168,23.4549],[91.1222,23.4602],[91.1244,23.451]]],[[[91.9827,21.9843],[91.9752,21.9883],[91.9805,21.9935],[91.9827,21.9843]]],[[[93.6077,19.7176],[93.6002,19.7216],[93.6055,19.7268],[93.6077,19.7176]]],[[[92.7661,20.4843],[92.7585,20.4883],[92.7638,20.4935],[92.7661,20.4843]]],[[[97.9661,16.8593],[97.9585,16.8633],[97.9638,16.8685],[97.9661,16.8593]]],[[[95.8411,17.8593],[95.8335,17.8633],[95.8388,17.8685],[95.8411,17.8593]]],[[[93.484,22.8971],[93.477,22.8926],[93.475,22.9],[93.484,22.8971]]],[[[96.6505,20.4772],[96.6552,20.4842],[96.6583,20.475],[96.6505,20.4772]]],[[[97.2755,22.9605],[97.2802,22.9675],[97.2833,22.9583],[97.2755,22.9605]]],[[[92.0314,22.4093],[92.0243,22.4138],[92.0333,22.4167],[92.0314,22.4093]]],[[[97.7163,15.7026],[97.7221,15.709],[97.725,15.7],[97.7163,15.7026]]],[[[92.8424,20.3388],[92.8353,20.3343],[92.8333,20.3417],[92.8424,20.3388]]],[[[92.3147,25.051],[92.3077,25.0555],[92.3167,25.0583],[92.3147,25.051]]],[[[95.0228,18.7171],[95.0158,18.7218],[95.025,18.725],[95.0228,18.7171]]],[[[97.8812,19.5921],[97.8742,19.5968],[97.8833,19.6],[97.8812,19.5921]]],[[[93.7327,19.5343],[93.7252,19.5383],[93.7305,19.5435],[93.7327,19.5343]]],[[[94.0161,19.676],[94.0085,19.6799],[94.0138,19.6852],[94.0161,19.676]]],[[[97.7661,15.551],[97.7585,15.5549],[97.7638,15.5602],[97.7661,15.551]]],[[[94.1577,19.301],[94.1502,19.3049],[94.1555,19.3102],[94.1577,19.301]]],[[[97.9661,15.801],[97.9585,15.8049],[97.9638,15.8102],[97.9661,15.801]]],[[[91.6244,24.1426],[91.6168,24.1466],[91.6222,24.1518],[91.6244,24.1426]]],[[[94.3577,16.051],[94.3502,16.0549],[94.3555,16.0602],[94.3577,16.051]]],[[[97.8577,16.801],[97.8502,16.8049],[97.8555,16.8102],[97.8577,16.801]]],[[[93.7412,23.2689],[93.7365,23.2758],[93.7425,23.2702],[93.7412,23.2689]]],[[[94.8661,16.4676],[94.8585,16.4716],[94.8638,16.4768],[94.8661,16.4676]]],[[[96.9911,18.451],[96.9835,18.4549],[96.9888,18.4602],[96.9911,18.451]]],[[[96.6008,20.7865],[96.5939,20.7912],[96.5952,20.7925],[96.6008,20.7865]]],[[[93.759,23.5888],[93.752,23.5843],[93.75,23.5917],[93.759,23.5888]]],[[[96.2411,17.326],[96.2335,17.3299],[96.2388,17.3352],[96.2411,17.326]]],[[[97.5994,16.9676],[97.5918,16.9716],[97.5972,16.9768],[97.5994,16.9676]]],[[[96.6008,20.3385],[96.5939,20.3338],[96.5917,20.3417],[96.6008,20.3385]]],[[[97.7411,15.8426],[97.7335,15.8466],[97.7388,15.8518],[97.7411,15.8426]]],[[[94.4758,17.9615],[94.4689,17.9662],[94.4702,17.9675],[94.4758,17.9615]]],[[[92.2505,22.6439],[92.2552,22.6508],[92.2583,22.6417],[92.2505,22.6439]]],[[[92.4505,21.1062],[92.4552,21.0992],[92.4492,21.1048],[92.4505,21.1062]]],[[[91.9246,24.961],[91.9305,24.9674],[91.9333,24.9583],[91.9246,24.961]]],[[[93.2667,20.3583],[93.2751,20.3537],[93.2698,20.3492],[93.2667,20.3583]]],[[[97.0755,27.3772],[97.0802,27.3842],[97.0833,27.375],[97.0755,27.3772]]],[[[91.9242,24.9135],[91.9312,24.9088],[91.9299,24.9075],[91.9242,24.9135]]],[[[96.8421,19.9105],[96.8468,19.9175],[96.85,19.9083],[96.8421,19.9105]]],[[[92.9671,20.9645],[92.9718,20.9575],[92.9659,20.9632],[92.9671,20.9645]]],[[[91.9897,21.9593],[91.9827,21.9638],[91.9917,21.9667],[91.9897,21.9593]]],[[[93.2924,22.4805],[93.2853,22.476],[93.2833,22.4833],[93.2924,22.4805]]],[[[94.5492,17.2885],[94.5562,17.2838],[94.5549,17.2825],[94.5492,17.2885]]],[[[95.1575,18.8968],[95.1645,18.8921],[95.1632,18.8909],[95.1575,18.8968]]],[[[97.4145,17.1588],[97.4075,17.1635],[97.4167,17.1667],[97.4145,17.1588]]],[[[93.05,20.0333],[93.0543,20.0421],[93.059,20.0362],[93.05,20.0333]]],[[[93.2171,20.6605],[93.2218,20.6675],[93.225,20.6583],[93.2171,20.6605]]],[[[93.6417,21.4083],[93.6459,21.4171],[93.6507,21.4112],[93.6417,21.4083]]],[[[93.7917,19.6417],[93.8004,19.6374],[93.7945,19.6327],[93.7917,19.6417]]],[[[92.975,20.3917],[92.9834,20.387],[92.9782,20.3825],[92.975,20.3917]]],[[[97.9242,15.9718],[97.9312,15.9671],[97.9299,15.9659],[97.9242,15.9718]]],[[[92.2411,21.1843],[92.2335,21.1883],[92.2388,21.1935],[92.2411,21.1843]]],[[[92.2577,21.3093],[92.2502,21.3133],[92.2555,21.3185],[92.2577,21.3093]]],[[[93.6411,21.4593],[93.6335,21.4633],[93.6388,21.4685],[93.6411,21.4593]]],[[[96.7161,20.5843],[96.7085,20.5883],[96.7138,20.5935],[96.7161,20.5843]]],[[[93.2661,20.651],[93.2585,20.6549],[93.2638,20.6602],[93.2661,20.651]]],[[[92.1244,21.601],[92.1168,21.6049],[92.1222,21.6102],[92.1244,21.601]]],[[[93.6244,19.476],[93.6168,19.4799],[93.6222,19.4852],[93.6244,19.476]]],[[[94.4827,18.1676],[94.4752,18.1716],[94.4805,18.1768],[94.4827,18.1676]]],[[[92.9994,20.4176],[92.9918,20.4216],[92.9972,20.4268],[92.9994,20.4176]]],[[[97.0161,19.4176],[97.0085,19.4216],[97.0138,19.4268],[97.0161,19.4176]]],[[[97.7494,17.1343],[97.7418,17.1383],[97.7472,17.1435],[97.7494,17.1343]]],[[[91.8577,22.2593],[91.8502,22.2633],[91.8555,22.2685],[91.8577,22.2593]]],[[[97.9827,16.6676],[97.9752,16.6716],[97.9805,16.6768],[97.9827,16.6676]]],[[[96.3911,17.2426],[96.3835,17.2466],[96.3888,17.2518],[96.3911,17.2426]]],[[[91.6244,24.351],[91.6168,24.3549],[91.6222,24.3602],[91.6244,24.351]]],[[[94.2327,18.6843],[94.2252,18.6883],[94.2305,18.6935],[94.2327,18.6843]]],[[[97.9661,16.5093],[97.9585,16.5133],[97.9638,16.5185],[97.9661,16.5093]]],[[[96.8911,19.9593],[96.8835,19.9633],[96.8888,19.9685],[96.8911,19.9593]]],[[[94.6077,17.5593],[94.6002,17.5633],[94.6055,17.5685],[94.6077,17.5593]]],[[[96.7494,18.4176],[96.7418,18.4216],[96.7472,18.4268],[96.7494,18.4176]]],[[[97.8577,17.151],[97.8502,17.1549],[97.8555,17.1602],[97.8577,17.151]]],[[[94.6077,17.651],[94.6002,17.6549],[94.6055,17.6602],[94.6077,17.651]]],[[[97.6411,16.451],[97.6335,16.4549],[97.6388,16.4602],[97.6411,16.451]]],[[[96.0161,17.3843],[96.0085,17.3883],[96.0138,17.3935],[96.0161,17.3843]]],[[[95.8744,17.7593],[95.8668,17.7633],[95.8722,17.7685],[95.8744,17.7593]]],[[[96.3744,17.2593],[96.3668,17.2633],[96.3722,17.2685],[96.3744,17.2593]]],[[[95.9994,17.4176],[95.9918,17.4216],[95.9972,17.4268],[95.9994,17.4176]]],[[[97.9827,16.3093],[97.9752,16.3133],[97.9805,16.3185],[97.9827,16.3093]]],[[[96.7494,20.9176],[96.7418,20.9216],[96.7472,20.9268],[96.7494,20.9176]]],[[[97.1246,23.111],[97.1305,23.1174],[97.1333,23.1083],[97.1246,23.111]]],[[[93.6505,21.3188],[93.6552,21.3258],[93.6583,21.3167],[93.6505,21.3188]]],[[[94.6077,16.4676],[94.6002,16.4716],[94.6055,16.4768],[94.6077,16.4676]]],[[[97.6077,17.076],[97.6002,17.0799],[97.6055,17.0852],[97.6077,17.076]]],[[[94.7327,17.076],[94.7252,17.0799],[94.7305,17.0852],[94.7327,17.076]]],[[[97.7417,15.6],[97.7463,15.6084],[97.7508,15.6032],[97.7417,15.6]]],[[[97.7413,15.961],[97.7471,15.9674],[97.75,15.9583],[97.7413,15.961]]],[[[93.1469,19.8342],[93.1421,19.8272],[93.1409,19.8285],[93.1469,19.8342]]],[[[97.8925,15.3198],[97.8855,15.3246],[97.8868,15.3258],[97.8925,15.3198]]],[[[97.8833,15.5833],[97.888,15.5918],[97.8925,15.5865],[97.8833,15.5833]]],[[[97.1425,17.3365],[97.1355,17.3412],[97.1368,17.3425],[97.1425,17.3365]]],[[[98.0,27.6536],[97.9992,27.6548],[98.0,27.6559],[98.0,27.6536]]],[[[94.4978,18.0838],[94.4908,18.0885],[94.5,18.0917],[94.4978,18.0838]]],[[[97.7312,16.9329],[97.7242,16.9282],[97.7299,16.9342],[97.7312,16.9329]]],[[[94.2413,16.1776],[94.2471,16.184],[94.25,16.175],[94.2413,16.1776]]],[[[91.8895,22.7505],[91.8825,22.7552],[91.8917,22.7583],[91.8895,22.7505]]],[[[97.4978,21.4829],[97.4908,21.4782],[97.4965,21.4842],[97.4978,21.4829]]],[[[94.2413,18.6943],[94.2471,18.7007],[94.25,18.6917],[94.2413,18.6943]]],[[[93.425,20.1833],[93.4293,20.1921],[93.434,20.1862],[93.425,20.1833]]],[[[97.6167,16.8417],[97.6254,16.8374],[97.6196,16.8326],[97.6167,16.8417]]],[[[96.759,20.9388],[96.752,20.9343],[96.75,20.9417],[96.759,20.9388]]],[[[97.7508,17.2615],[97.7439,17.2662],[97.7452,17.2675],[97.7508,17.2615]]],[[[91.4167,24.1667],[91.4254,24.1624],[91.4195,24.1576],[91.4167,24.1667]]],[[[91.9838,21.9395],[91.9885,21.9325],[91.9825,21.9382],[91.9838,21.9395]]],[[[95.1425,18.0385],[95.1355,18.0338],[95.1333,18.0417],[95.1425,18.0385]]],[[[97.6163,17.1193],[97.6221,17.1257],[97.625,17.1167],[97.6163,17.1193]]],[[[93.4083,20.0583],[93.4126,20.0671],[93.4174,20.0612],[93.4083,20.0583]]],[[[96.2092,17.6385],[96.2022,17.6338],[96.2,17.6417],[96.2092,17.6385]]],[[[93.7895,19.6496],[93.7825,19.6448],[93.7882,19.6508],[93.7895,19.6496]]],[[[97.3913,23.5026],[97.3971,23.509],[97.4,23.5],[97.3913,23.5026]]],[[[92.5564,20.976],[92.5493,20.9805],[92.5583,20.9833],[92.5564,20.976]]],[[[97.825,15.2667],[97.8338,15.2624],[97.8279,15.2577],[97.825,15.2667]]],[[[93.2327,20.4343],[93.2252,20.4383],[93.2305,20.4435],[93.2327,20.4343]]],[[[93.8577,21.4343],[93.8502,21.4383],[93.8555,21.4435],[93.8577,21.4343]]],[[[93.3577,20.3093],[93.3502,20.3133],[93.3555,20.3185],[93.3577,20.3093]]],[[[97.7167,16.7417],[97.7254,16.7374],[97.7195,16.7326],[97.7167,16.7417]]],[[[97.7667,15.6583],[97.7754,15.6541],[97.7696,15.6493],[97.7667,15.6583]]],[[[97.8913,15.2776],[97.8971,15.284],[97.9,15.275],[97.8913,15.2776]]],[[[96.9,19.9167],[96.9084,19.912],[96.9032,19.9075],[96.9,19.9167]]],[[[95.7895,18.0005],[95.7825,18.0052],[95.7917,18.0083],[95.7895,18.0005]]],[[[96.6969,20.5592],[96.6921,20.5522],[96.6909,20.5535],[96.6969,20.5592]]],[[[91.7663,22.4026],[91.7721,22.409],[91.775,22.4],[91.7663,22.4026]]],[[[94.1478,18.9412],[94.1408,18.9365],[94.1465,18.9425],[94.1478,18.9412]]],[[[96.0161,17.3426],[96.0085,17.3466],[96.0138,17.3518],[96.0161,17.3426]]],[[[93.6077,23.8093],[93.6002,23.8133],[93.6055,23.8185],[93.6077,23.8093]]],[[[96.6411,20.451],[96.6335,20.4549],[96.6388,20.4602],[96.6411,20.451]]],[[[92.9647,20.3843],[92.9577,20.3888],[92.9667,20.3917],[92.9647,20.3843]]],[[[93.9588,21.1105],[93.9635,21.1175],[93.9667,21.1083],[93.9588,21.1105]]],[[[96.8338,20.2355],[96.8385,20.2425],[96.8417,20.2333],[96.8338,20.2355]]],[[[92.4744,21.001],[92.4668,21.0049],[92.4722,21.0102],[92.4744,21.001]]],[[[97.7827,23.7343],[97.7752,23.7383],[97.7805,23.7435],[97.7827,23.7343]]],[[[97.2077,23.001],[97.2002,23.0049],[97.2055,23.0102],[97.2077,23.001]]],[[[97.7827,17.2676],[97.7752,17.2716],[97.7805,17.2768],[97.7827,17.2676]]],[[[97.4675,16.8032],[97.4605,16.8079],[97.4618,16.8092],[97.4675,16.8032]]],[[[97.1314,23.0926],[97.1243,23.0971],[97.1333,23.1],[97.1314,23.0926]]],[[[93.7742,19.7135],[93.7812,19.7088],[93.7799,19.7075],[93.7742,19.7135]]],[[[97.7083,15.75],[97.7171,15.7457],[97.7112,15.741],[97.7083,15.75]]],[[[93.648,23.8593],[93.641,23.8638],[93.65,23.8667],[93.648,23.8593]]],[[[96.0246,17.3193],[96.0305,17.3257],[96.0333,17.3167],[96.0246,17.3193]]],[[[97.6395,17.0671],[97.6325,17.0718],[97.6417,17.075],[97.6395,17.0671]]],[[[93.7424,23.3638],[93.7353,23.3593],[93.7333,23.3667],[93.7424,23.3638]]],[[[92.1255,21.4022],[92.1302,21.4092],[92.1333,21.4],[92.1255,21.4022]]],[[[97.148,22.8426],[97.141,22.8471],[97.15,22.85],[97.148,22.8426]]],[[[92.9088,21.0438],[92.9135,21.0508],[92.9167,21.0417],[92.9088,21.0438]]],[[[93.4924,22.9888],[93.4853,22.9843],[93.4833,22.9917],[93.4924,22.9888]]],[[[94.5246,17.961],[94.5305,17.9674],[94.5333,17.9583],[94.5246,17.961]]],[[[97.9583,16.4833],[97.9671,16.4791],[97.9612,16.4743],[97.9583,16.4833]]],[[[94.3167,18.45],[94.3254,18.4457],[94.3196,18.441],[94.3167,18.45]]],[[[96.7913,19.661],[96.7971,19.6674],[96.8,19.6583],[96.7913,19.661]]],[[[96.975,19.45],[96.9838,19.4457],[96.9779,19.441],[96.975,19.45]]],[[[97.0145,18.5505],[97.0075,18.5552],[97.0167,18.5583],[97.0145,18.5505]]],[[[95.7978,18.2088],[95.7908,18.2135],[95.8,18.2167],[95.7978,18.2088]]],[[[91.4228,24.1255],[91.4158,24.1302],[91.425,24.1333],[91.4228,24.1255]]],[[[96.5257,20.4888],[96.5187,20.4843],[96.5167,20.4917],[96.5257,20.4888]]],[[[91.9395,22.5505],[91.9325,22.5552],[91.9417,22.5583],[91.9395,22.5505]]],[[[93.5167,23.6],[93.5251,23.5953],[93.5198,23.5908],[93.5167,23.6]]],[[[97.0312,19.4829],[97.0242,19.4782],[97.0299,19.4842],[97.0312,19.4829]]],[[[97.8996,15.2443],[97.9055,15.2507],[97.9083,15.2417],[97.8996,15.2443]]],[[[93.4505,23.1355],[93.4552,23.1425],[93.4583,23.1333],[93.4505,23.1355]]],[[[93.3647,20.326],[93.3577,20.3305],[93.3667,20.3333],[93.3647,20.326]]],[[[91.8075,22.8052],[91.8145,22.8005],[91.8132,22.7992],[91.8075,22.8052]]],[[[95.7812,18.2671],[95.7742,18.2718],[95.7833,18.275],[95.7812,18.2671]]],[[[91.9838,21.4188],[91.9885,21.4258],[91.9917,21.4167],[91.9838,21.4188]]],[[[96.7,20.55],[96.7084,20.5453],[96.7032,20.5408],[96.7,20.55]]],[[[97.7838,27.8105],[97.7885,27.8175],[97.7917,27.8083],[97.7838,27.8105]]],[[[97.7417,17.25],[97.7504,17.2457],[97.7446,17.241],[97.7417,17.25]]],[[[96.2417,17.2833],[96.2463,17.2918],[96.2508,17.2865],[96.2417,17.2833]]],[[[95.1258,18.9885],[95.1189,18.9838],[95.1167,18.9917],[95.1258,18.9885]]],[[[97.9812,15.7996],[97.9742,15.7948],[97.9799,15.8008],[97.9812,15.7996]]],[[[93.7162,23.3105],[93.7115,23.3175],[93.7175,23.3118],[93.7162,23.3105]]],[[[97.8925,16.0448],[97.8855,16.0496],[97.8868,16.0508],[97.8925,16.0448]]],[[[92.3147,21.6843],[92.3077,21.6888],[92.3167,21.6917],[92.3147,21.6843]]],[[[93.4662,21.9355],[93.4615,21.9425],[93.4675,21.9368],[93.4662,21.9355]]],[[[93.4219,20.1008],[93.4171,20.0938],[93.4159,20.0952],[93.4219,20.1008]]],[[[96.525,20.45],[96.5334,20.4453],[96.5282,20.4408],[96.525,20.45]]],[[[94.3812,18.3829],[94.3742,18.3782],[94.3799,18.3841],[94.3812,18.3829]]],[[[97.0329,19.3776],[97.0388,19.384],[97.0417,19.375],[97.0329,19.3776]]],[[[97.7829,15.8276],[97.7888,15.834],[97.7917,15.825],[97.7829,15.8276]]],[[[96.9079,19.7776],[96.9138,19.784],[96.9167,19.775],[96.9079,19.7776]]],[[[96.4667,17.475],[96.4754,17.4708],[96.4695,17.466],[96.4667,17.475]]],[[[93.0314,20.976],[93.0243,20.9805],[93.0333,20.9833],[93.0314,20.976]]],[[[97.7978,15.8671],[97.7908,15.8718],[97.8,15.875],[97.7978,15.8671]]],[[[97.7645,15.6662],[97.7575,15.6615],[97.7632,15.6675],[97.7645,15.6662]]],[[[97.8425,16.1615],[97.8355,16.1662],[97.8368,16.1675],[97.8425,16.1615]]],[[[94.8333,16.5333],[94.838,16.5418],[94.8425,16.5365],[94.8333,16.5333]]],[[[93.3171,22.1688],[93.3219,22.1758],[93.325,22.1667],[93.3171,22.1688]]],[[[92.8005,20.3855],[92.8052,20.3925],[92.8083,20.3833],[92.8005,20.3855]]],[[[93.1969,19.9092],[93.1921,19.9022],[93.1909,19.9035],[93.1969,19.9092]]],[[[97.9062,16.2829],[97.8992,16.2782],[97.9049,16.2842],[97.9062,16.2829]]],[[[97.7812,16.8755],[97.7742,16.8802],[97.7833,16.8833],[97.7812,16.8755]]],[[[94.1395,19.0329],[94.1325,19.0282],[94.1382,19.0342],[94.1395,19.0329]]],[[[97.1728,17.2505],[97.1658,17.2552],[97.175,17.2583],[97.1728,17.2505]]],[[[95.35,18.3833],[95.3588,18.3791],[95.3529,18.3743],[95.35,18.3833]]],[[[92.9385,20.0508],[92.9338,20.0438],[92.9325,20.0452],[92.9385,20.0508]]],[[[92.7077,20.676],[92.7002,20.6799],[92.7055,20.6852],[92.7077,20.676]]],[[[97.8161,15.351],[97.8085,15.3549],[97.8138,15.3602],[97.8161,15.351]]],[[[94.3494,18.476],[94.3418,18.4799],[94.3472,18.4852],[94.3494,18.476]]],[[[91.9411,21.676],[91.9335,21.6799],[91.9388,21.6852],[91.9411,21.676]]],[[[92.7994,20.426],[92.7918,20.4299],[92.7972,20.4352],[92.7994,20.426]]],[[[95.0494,17.7093],[95.0418,17.7133],[95.0472,17.7185],[95.0494,17.7093]]],[[[92.2244,21.801],[92.2168,21.8049],[92.2222,21.8102],[92.2244,21.801]]],[[[97.6577,17.3343],[97.6502,17.3383],[97.6555,17.3435],[97.6577,17.3343]]],[[[94.3994,16.726],[94.3918,16.7299],[94.3972,16.7352],[94.3994,16.726]]],[[[97.9992,16.0864],[98.0,16.0881],[98.0,16.0858],[97.9992,16.0864]]],[[[97.9992,15.9781],[98.0,15.9797],[98.0,15.9774],[97.9992,15.9781]]],[[[92.5838,20.8355],[92.5885,20.8425],[92.5917,20.8333],[92.5838,20.8355]]],[[[92.9077,20.676],[92.9002,20.6799],[92.9055,20.6852],[92.9077,20.676]]],[[[93.5327,23.676],[93.5252,23.6799],[93.5305,23.6852],[93.5327,23.676]]],[[[91.6744,22.926],[91.6668,22.9299],[91.6722,22.9352],[91.6744,22.926]]],[[[91.7744,24.251],[91.7668,24.2549],[91.7722,24.2602],[91.7744,24.251]]],[[[97.7244,16.5176],[97.7168,16.5216],[97.7222,16.5268],[97.7244,16.5176]]],[[[94.3827,18.2676],[94.3752,18.2716],[94.3805,18.2768],[94.3827,18.2676]]],[[[95.1812,17.9079],[95.1742,17.9032],[95.1799,17.9092],[95.1812,17.9079]]],[[[91.6758,22.8448],[91.6689,22.8496],[91.6702,22.8508],[91.6758,22.8448]]],[[[92.2135,22.6925],[92.2088,22.6855],[92.2075,22.6868],[92.2135,22.6925]]],[[[92.0583,21.3],[92.0668,21.2953],[92.0615,21.2908],[92.0583,21.3]]],[[[91.9917,22.4417],[92.0001,22.437],[91.9948,22.4325],[91.9917,22.4417]]],[[[95.15,18.0833],[95.1588,18.0791],[95.1529,18.0743],[95.15,18.0833]]],[[[91.8895,24.2005],[91.8825,24.2052],[91.8917,24.2083],[91.8895,24.2005]]],[[[97.9812,16.4412],[97.9742,16.4365],[97.9799,16.4425],[97.9812,16.4412]]],[[[97.6333,17.35],[97.6421,17.3458],[97.6362,17.341],[97.6333,17.35]]],[[[97.7246,23.636],[97.7305,23.6424],[97.7333,23.6333],[97.7246,23.636]]],[[[93.5838,22.1062],[93.5885,22.0992],[93.5825,22.1048],[93.5838,22.1062]]],[[[97.7661,17.1426],[97.7585,17.1466],[97.7638,17.1518],[97.7661,17.1426]]],[[[94.2827,18.5176],[94.2752,18.5216],[94.2805,18.5268],[94.2827,18.5176]]],[[[95.1077,18.5176],[95.1002,18.5216],[95.1055,18.5268],[95.1077,18.5176]]],[[[97.4827,17.0176],[97.4752,17.0216],[97.4805,17.0268],[97.4827,17.0176]]],[[[91.6077,24.3593],[91.6002,24.3633],[91.6055,24.3685],[91.6077,24.3593]]],[[[91.8333,22.7667],[91.8421,22.7624],[91.8362,22.7577],[91.8333,22.7667]]],[[[93.3083,20.6],[93.3168,20.5953],[93.3115,20.5908],[93.3083,20.6]]],[[[94.3079,18.7026],[94.3138,18.709],[94.3167,18.7],[94.3079,18.7026]]],[[[93.623,22.376],[93.616,22.3805],[93.625,22.3833],[93.623,22.376]]],[[[96.4009,17.2968],[96.3939,17.2921],[96.3917,17.3],[96.4009,17.2968]]],[[[96.0746,17.236],[96.0805,17.2424],[96.0833,17.2333],[96.0746,17.236]]],[[[96.3478,17.5421],[96.3408,17.5468],[96.35,17.55],[96.3478,17.5421]]],[[[91.975,22.1167],[91.9834,22.112],[91.9782,22.1075],[91.975,22.1167]]],[[[95.8829,17.811],[95.8888,17.8174],[95.8917,17.8083],[95.8829,17.811]]],[[[96.6917,20.35],[96.7004,20.3458],[96.6946,20.341],[96.6917,20.35]]],[[[97.8425,23.3865],[97.8355,23.3912],[97.8368,23.3925],[97.8425,23.3865]]],[[[96.2008,17.7052],[96.1939,17.7005],[96.1917,17.7083],[96.2008,17.7052]]],[[[93.9911,21.176],[93.9835,21.1799],[93.9888,21.1852],[93.9911,21.176]]],[[[93.6327,19.9426],[93.6252,19.9466],[93.6305,19.9518],[93.6327,19.9426]]],[[[96.9911,17.351],[96.9835,17.3549],[96.9888,17.3602],[96.9911,17.351]]],[[[97.2411,17.3343],[97.2335,17.3383],[97.2388,17.3435],[97.2411,17.3343]]],[[[91.7577,22.801],[91.7502,22.8049],[91.7555,22.8102],[91.7577,22.801]]],[[[93.2577,20.6926],[93.2502,20.6966],[93.2555,20.7018],[93.2577,20.6926]]],[[[97.9333,15.975],[97.938,15.9834],[97.9425,15.9782],[97.9333,15.975]]],[[[96.4333,17.4833],[96.4421,17.4791],[96.4362,17.4743],[96.4333,17.4833]]],[[[92.0842,24.4698],[92.0772,24.4746],[92.0785,24.4758],[92.0842,24.4698]]],[[[97.9092,15.7968],[97.9022,15.7921],[97.9,15.8],[97.9092,15.7968]]],[[[97.8062,15.6329],[97.7992,15.6282],[97.8049,15.6341],[97.8062,15.6329]]],[[[93.3671,22.4855],[93.3719,22.4925],[93.375,22.4833],[93.3671,22.4855]]],[[[92.4257,21.1555],[92.4187,21.151],[92.4167,21.1583],[92.4257,21.1555]]],[[[96.275,17.5667],[96.2838,17.5624],[96.2779,17.5576],[96.275,17.5667]]],[[[97.8728,15.4004],[97.8658,15.4052],[97.875,15.4083],[97.8728,15.4004]]],[[[97.7327,17.226],[97.7252,17.2299],[97.7305,17.2352],[97.7327,17.226]]],[[[96.8577,19.9426],[96.8502,19.9466],[96.8555,19.9518],[96.8577,19.9426]]],[[[93.6077,21.801],[93.6002,21.8049],[93.6055,21.8102],[93.6077,21.801]]],[[[97.0161,17.351],[97.0085,17.3549],[97.0138,17.3602],[97.0161,17.351]]],[[[93.873,21.426],[93.866,21.4305],[93.875,21.4333],[93.873,21.426]]],[[[96.2325,17.2802],[96.2395,17.2754],[96.2382,17.2742],[96.2325,17.2802]]],[[[97.6145,16.8496],[97.6075,16.8448],[97.6132,16.8508],[97.6145,16.8496]]],[[[97.7333,15.6917],[97.7421,15.6874],[97.7362,15.6826],[97.7333,15.6917]]],[[[97.9895,15.3088],[97.9825,15.3135],[97.9917,15.3167],[97.9895,15.3088]]],[[[97.3083,17.125],[97.3171,17.1207],[97.3112,17.116],[97.3083,17.125]]],[[[97.1588,22.7522],[97.1635,22.7592],[97.1667,22.75],[97.1588,22.7522]]],[[[96.9246,19.5193],[96.9305,19.5257],[96.9333,19.5167],[96.9246,19.5193]]],[[[93.673,21.3676],[93.666,21.3721],[93.675,21.375],[93.673,21.3676]]],[[[96.3583,17.55],[96.3671,17.5458],[96.3612,17.541],[96.3583,17.55]]],[[[93.7728,19.4579],[93.7658,19.4532],[93.7715,19.4592],[93.7728,19.4579]]],[[[97.8742,14.6718],[97.8812,14.6671],[97.8799,14.6659],[97.8742,14.6718]]],[[[97.8812,17.1671],[97.8742,17.1718],[97.8833,17.175],[97.8812,17.1671]]],[[[92.1412,22.7438],[92.1365,22.7508],[92.1425,22.7452],[92.1412,22.7438]]],[[[97.8917,17.0833],[97.9004,17.0791],[97.8946,17.0743],[97.8917,17.0833]]],[[[94.3145,18.4579],[94.3075,18.4532],[94.3132,18.4592],[94.3145,18.4579]]],[[[96.8092,20.8115],[96.8022,20.8162],[96.8035,20.8175],[96.8092,20.8115]]],[[[93.8897,23.7676],[93.8827,23.7721],[93.8917,23.775],[93.8897,23.7676]]],[[[93.3746,20.2272],[93.3698,20.2342],[93.3758,20.2285],[93.3746,20.2272]]],[[[96.6397,20.626],[96.6327,20.6305],[96.6417,20.6333],[96.6397,20.626]]],[[[97.5508,24.1885],[97.5439,24.1838],[97.5417,24.1917],[97.5508,24.1885]]],[[[93.6338,21.4062],[93.6385,21.3992],[93.6325,21.4048],[93.6338,21.4062]]],[[[97.4258,21.2052],[97.4189,21.2005],[97.4167,21.2083],[97.4258,21.2052]]],[[[96.65,20.5833],[96.6588,20.5791],[96.6529,20.5743],[96.65,20.5833]]],[[[93.8671,21.5189],[93.8719,21.5258],[93.875,21.5167],[93.8671,21.5189]]],[[[97.575,16.6917],[97.5838,16.6874],[97.5779,16.6826],[97.575,16.6917]]],[[[96.7663,19.7193],[96.7721,19.7257],[96.775,19.7167],[96.7663,19.7193]]],[[[93.4424,22.3721],[93.4353,22.3676],[93.4333,22.375],[93.4424,22.3721]]],[[[97.575,17.175],[97.5838,17.1708],[97.5779,17.166],[97.575,17.175]]],[[[97.5917,16.9083],[97.6004,16.9041],[97.5945,16.8993],[97.5917,16.9083]]],[[[97.4079,16.7526],[97.4138,16.759],[97.4167,16.75],[97.4079,16.7526]]],[[[97.5395,16.3829],[97.5325,16.3782],[97.5382,16.3841],[97.5395,16.3829]]],[[[96.9312,19.5755],[96.9242,19.5802],[96.9333,19.5833],[96.9312,19.5755]]],[[[94.3645,16.5755],[94.3575,16.5802],[94.3667,16.5833],[94.3645,16.5755]]],[[[94.1333,19.2833],[94.1421,19.2791],[94.1362,19.2743],[94.1333,19.2833]]],[[[93.5174,23.0638],[93.5103,23.0593],[93.5083,23.0667],[93.5174,23.0638]]],[[[96.3833,17.4667],[96.388,17.4751],[96.3925,17.4698],[96.3833,17.4667]]],[[[97.8925,15.5032],[97.8855,15.5079],[97.8868,15.5091],[97.8925,15.5032]]],[[[97.7583,17.175],[97.7671,17.1708],[97.7612,17.166],[97.7583,17.175]]],[[[91.6329,22.9526],[91.6388,22.959],[91.6417,22.95],[91.6329,22.9526]]],[[[97.8742,15.5802],[97.8812,15.5755],[97.8799,15.5742],[97.8742,15.5802]]],[[[91.9325,24.5135],[91.9395,24.5088],[91.9382,24.5075],[91.9325,24.5135]]],[[[97.5833,17.5917],[97.588,17.6001],[97.5925,17.5948],[97.5833,17.5917]]],[[[96.8996,19.8443],[96.9055,19.8507],[96.9083,19.8417],[96.8996,19.8443]]],[[[94.1329,18.9693],[94.1388,18.9757],[94.1417,18.9667],[94.1329,18.9693]]],[[[95.0758,18.6885],[95.0689,18.6838],[95.0667,18.6917],[95.0758,18.6885]]],[[[97.5075,16.4052],[97.5145,16.4004],[97.5132,16.3992],[97.5075,16.4052]]],[[[97.4814,21.4843],[97.4743,21.4888],[97.4833,21.4917],[97.4814,21.4843]]],[[[95.0833,17.8417],[95.088,17.8501],[95.0925,17.8448],[95.0833,17.8417]]],[[[95.7812,18.2921],[95.7742,18.2968],[95.7833,18.3],[95.7812,18.2921]]],[[[94.2645,18.6504],[94.2575,18.6552],[94.2667,18.6583],[94.2645,18.6504]]],[[[97.6496,16.861],[97.6555,16.8674],[97.6583,16.8583],[97.6496,16.861]]],[[[96.9842,18.7802],[96.9772,18.7754],[96.975,18.7833],[96.9842,18.7802]]],[[[97.5413,16.9693],[97.5471,16.9757],[97.55,16.9667],[97.5413,16.9693]]],[[[91.4145,24.1746],[91.4075,24.1698],[91.4132,24.1758],[91.4145,24.1746]]],[[[91.7258,22.6865],[91.7189,22.6912],[91.7202,22.6925],[91.7258,22.6865]]],[[[97.1579,22.936],[97.1638,22.9424],[97.1667,22.9333],[97.1579,22.936]]],[[[92.9917,20.1083],[93.0001,20.1037],[92.9948,20.0992],[92.9917,20.1083]]],[[[92.1812,25.0829],[92.1742,25.0782],[92.1799,25.0842],[92.1812,25.0829]]],[[[97.7508,17.2032],[97.7439,17.2079],[97.7452,17.2092],[97.7508,17.2032]]],[[[91.1228,23.4246],[91.1158,23.4198],[91.1215,23.4258],[91.1228,23.4246]]],[[[93.3667,20.3833],[93.3709,20.3921],[93.3757,20.3862],[93.3667,20.3833]]],[[[96.6562,20.7996],[96.6492,20.7948],[96.6549,20.8008],[96.6562,20.7996]]],[[[96.1917,17.2083],[96.2004,17.2041],[96.1946,17.1993],[96.1917,17.2083]]],[[[97.8825,16.0802],[97.8895,16.0755],[97.8882,16.0742],[97.8825,16.0802]]],[[[92.275,22.5],[92.2793,22.5087],[92.284,22.5029],[92.275,22.5]]],[[[96.6742,20.5635],[96.6812,20.5588],[96.6799,20.5575],[96.6742,20.5635]]],[[[93.2502,22.1834],[93.2543,22.1921],[93.259,22.1862],[93.2502,22.1834]]],[[[91.9425,24.3448],[91.9355,24.3496],[91.9368,24.3508],[91.9425,24.3448]]],[[[93.6351,19.4184],[93.6386,19.4266],[93.6411,19.4176],[93.6351,19.4184]]],[[[93.6494,19.476],[93.6418,19.4799],[93.6472,19.4852],[93.6494,19.476]]],[[[97.4673,17.3252],[97.4713,17.3334],[97.4758,17.3282],[97.4673,17.3252]]],[[[92.5744,20.9665],[92.5719,20.9575],[92.5659,20.9632],[92.5744,20.9665]]],[[[94.5241,17.0503],[94.5163,17.0543],[94.5221,17.059],[94.5241,17.0503]]],[[[92.9755,20.1188],[92.9802,20.1256],[92.9833,20.1167],[92.9755,20.1188]]],[[[94.5577,17.5343],[94.5501,17.5383],[94.5555,17.5435],[94.5577,17.5343]]],[[[94.8835,16.169],[94.8888,16.1768],[94.8911,16.1676],[94.8835,16.169]]],[[[92.0658,21.2086],[92.0582,21.213],[92.0635,21.2175],[92.0658,21.2086]]],[[[93.2434,19.8184],[93.2466,19.8262],[93.2494,19.8176],[93.2434,19.8184]]],[[[97.7062,15.7579],[97.6995,15.754],[97.7049,15.7591],[97.7062,15.7579]]],[[[97.833,15.3013],[97.8243,15.3029],[97.8302,15.3092],[97.833,15.3013]]],[[[97.4764,17.167],[97.4797,17.1751],[97.4842,17.1698],[97.4764,17.167]]],[[[93.6419,19.5523],[93.6472,19.5602],[93.6494,19.551],[93.6419,19.5523]]],[[[97.8987,15.3413],[97.8965,15.3325],[97.8908,15.3385],[97.8987,15.3413]]],[[[93.4783,19.9846],[93.4748,19.9909],[93.4831,19.9865],[93.4783,19.9846]]],[[[96.4927,17.9419],[96.4952,17.9508],[96.5008,17.9448],[96.4927,17.9419]]],[[[97.5926,15.9897],[97.5978,15.9838],[97.5965,15.9825],[97.5926,15.9897]]],[[[97.0361,23.2758],[97.0376,23.2838],[97.0424,23.2779],[97.0361,23.2758]]],[[[94.0076,19.6494],[94.0031,19.6419],[94.0,19.65],[94.0076,19.6494]]],[[[95.8659,17.9411],[95.8614,17.9336],[95.8583,17.9417],[95.8659,17.9411]]],[[[92.1157,21.3704],[92.1244,21.3742],[92.125,21.3667],[92.1157,21.3704]]],[[[91.9719,22.1247],[91.9675,22.1173],[91.9708,22.1262],[91.9719,22.1247]]],[[[96.8031,20.8586],[96.8076,20.8661],[96.8042,20.8571],[96.8031,20.8586]]],[[[97.8917,17.0833],[97.8833,17.0884],[97.8915,17.0903],[97.8917,17.0833]]],[[[97.1326,19.9744],[97.1281,19.9669],[97.125,19.975],[97.1326,19.9744]]],[[[93.6492,21.9161],[93.6448,21.9086],[93.6417,21.9167],[93.6492,21.9161]]],[[[92.8826,20.4411],[92.8781,20.4336],[92.875,20.4417],[92.8826,20.4411]]],[[[92.9664,20.5698],[92.9589,20.5742],[92.9679,20.5709],[92.9664,20.5698]]],[[[97.9909,15.6994],[97.9864,15.6919],[97.9833,15.7],[97.9909,15.6994]]],[[[96.9997,20.4948],[96.9923,20.4992],[97.0012,20.4959],[96.9997,20.4948]]],[[[96.718,20.4002],[96.7208,20.4096],[96.725,20.4],[96.718,20.4002]]],[[[92.8581,20.5864],[92.8506,20.5909],[92.8596,20.5875],[92.8581,20.5864]]],[[[97.0333,19.475],[97.0409,19.4732],[97.0375,19.4654],[97.0333,19.475]]],[[[97.8747,16.1031],[97.8673,16.1076],[97.8762,16.1042],[97.8747,16.1031]]],[[[97.7886,16.8914],[97.7841,16.8839],[97.7875,16.8929],[97.7886,16.8914]]],[[[92.1991,21.5204],[92.2078,21.5242],[92.2083,21.5167],[92.1991,21.5204]]],[[[96.7324,20.5704],[96.7411,20.5742],[96.7417,20.5667],[96.7324,20.5704]]],[[[92.0491,24.4454],[92.0578,24.4492],[92.0583,24.4417],[92.0491,24.4454]]],[[[93.6659,21.8411],[93.6614,21.8336],[93.6583,21.8417],[93.6659,21.8411]]],[[[92.15,21.4583],[92.1416,21.4634],[92.1499,21.4653],[92.15,21.4583]]],[[[92.5081,20.8364],[92.5006,20.8409],[92.5096,20.8375],[92.5081,20.8364]]],[[[92.2331,22.7864],[92.2256,22.7909],[92.2346,22.7875],[92.2331,22.7864]]],[[[97.8667,15.5333],[97.8685,15.5409],[97.8762,15.5375],[97.8667,15.5333]]],[[[97.5333,21.0333],[97.5249,21.0384],[97.5332,21.0403],[97.5333,21.0333]]],[[[97.6469,17.0831],[97.6425,17.0756],[97.6458,17.0846],[97.6469,17.0831]]],[[[93.3014,20.2752],[93.3042,20.2846],[93.3083,20.275],[93.3014,20.2752]]],[[[96.7831,19.7114],[96.7756,19.7159],[96.7846,19.7125],[96.7831,19.7114]]],[[[97.6097,17.3585],[97.6125,17.3679],[97.6167,17.3583],[97.6097,17.3585]]],[[[97.5414,17.5781],[97.5339,17.5826],[97.5429,17.5792],[97.5414,17.5781]]],[[[92.3081,21.1698],[92.3006,21.1742],[92.3096,21.1709],[92.3081,21.1698]]],[[[95.2333,18.775],[95.2249,18.7801],[95.2332,18.782],[95.2333,18.775]]],[[[96.2719,17.5747],[96.2675,17.5673],[96.2708,17.5762],[96.2719,17.5747]]],[[[97.4991,17.1788],[97.5078,17.1826],[97.5083,17.175],[97.4991,17.1788]]],[[[97.5394,21.0334],[97.5409,21.0315],[97.5375,21.0238],[97.5333,21.0333],[97.5394,21.0334]]],[[[96.7997,20.8364],[96.7923,20.8409],[96.8012,20.8375],[96.7997,20.8364]]],[[[95.0597,18.9835],[95.0625,18.9929],[95.0667,18.9833],[95.0597,18.9835]]],[[[94.35,18.3917],[94.3416,18.3968],[94.3499,18.3986],[94.35,18.3917]]],[[[96.8491,18.1288],[96.8578,18.1326],[96.8583,18.125],[96.8491,18.1288]]],[[[97.5583,17.65],[97.5659,17.6482],[97.5625,17.6404],[97.5583,17.65]]],[[[94.9826,19.1911],[94.9781,19.1836],[94.975,19.1917],[94.9826,19.1911]]],[[[96.85,19.5667],[96.8576,19.5648],[96.8542,19.5571],[96.85,19.5667]]],[[[93.5574,23.2954],[93.5661,23.2992],[93.5667,23.2917],[93.5574,23.2954]]],[[[96.7164,20.6698],[96.7089,20.6742],[96.7179,20.6709],[96.7164,20.6698]]],[[[97.5159,17.3328],[97.5114,17.3253],[97.5083,17.3333],[97.5159,17.3328]]],[[[92.9831,20.4031],[92.9756,20.4076],[92.9846,20.4042],[92.9831,20.4031]]],[[[92.4644,21.0584],[92.4659,21.0565],[92.4625,21.0488],[92.4583,21.0583],[92.4644,21.0584]]],[[[97.5497,21.0364],[97.5423,21.0409],[97.5512,21.0375],[97.5497,21.0364]]],[[[96.3553,17.5581],[96.3508,17.5506],[96.3542,17.5596],[96.3553,17.5581]]],[[[94.3847,18.4418],[94.3875,18.4512],[94.3917,18.4417],[94.3847,18.4418]]],[[[96.6347,20.7502],[96.6375,20.7596],[96.6417,20.75],[96.6347,20.7502]]],[[[96.5664,20.6698],[96.5589,20.6742],[96.5679,20.6709],[96.5664,20.6698]]],[[[97.8667,17.1083],[97.8743,17.1065],[97.8709,17.0988],[97.8667,17.1083]]],[[[93.3831,20.1864],[93.3756,20.1909],[93.3846,20.1875],[93.3831,20.1864]]],[[[97.8741,15.3121],[97.8828,15.3159],[97.8833,15.3083],[97.8741,15.3121]]],[[[91.625,24.275],[91.6268,24.2826],[91.6346,24.2792],[91.625,24.275]]],[[[97.5583,17.65],[97.5499,17.6551],[97.5582,17.657],[97.5583,17.65]]],[[[91.7824,24.2621],[91.7911,24.2659],[91.7917,24.2583],[91.7824,24.2621]]],[[[97.4764,16.7668],[97.4792,16.7762],[97.4833,16.7667],[97.4764,16.7668]]],[[[97.618,17.4418],[97.6208,17.4512],[97.625,17.4417],[97.618,17.4418]]],[[[97.5514,16.7002],[97.5542,16.7096],[97.5583,16.7],[97.5514,16.7002]]],[[[91.9333,22.6167],[91.9409,22.6148],[91.9375,22.6071],[91.9333,22.6167]]],[[[97.7917,16.8833],[97.7993,16.8815],[97.7959,16.8738],[97.7917,16.8833]]],[[[92.3326,21.6911],[92.3281,21.6836],[92.325,21.6917],[92.3326,21.6911]]],[[[91.7076,22.9161],[91.7031,22.9086],[91.7,22.9167],[91.7076,22.9161]]],[[[97.7417,17.25],[97.7333,17.2551],[97.7415,17.257],[97.7417,17.25]]],[[[93.8159,23.8244],[93.8114,23.8169],[93.8083,23.825],[93.8159,23.8244]]],[[[97.5492,16.6994],[97.5448,16.6919],[97.5417,16.7],[97.5492,16.6994]]],[[[95.7824,18.0204],[95.7911,18.0242],[95.7917,18.0167],[95.7824,18.0204]]],[[[92.1833,25.075],[92.1909,25.0732],[92.1875,25.0654],[92.1833,25.075]]],[[[94.5324,17.1288],[94.5411,17.1326],[94.5417,17.125],[94.5324,17.1288]]],[[[92.1331,21.1281],[92.1256,21.1326],[92.1346,21.1292],[92.1331,21.1281]]],[[[92.293,21.7168],[92.2958,21.7262],[92.3,21.7167],[92.293,21.7168]]],[[[92.2241,24.6871],[92.2328,24.6909],[92.2333,24.6833],[92.2241,24.6871]]],[[[94.3561,18.3917],[94.3576,18.3898],[94.3542,18.3821],[94.35,18.3917],[94.3561,18.3917]]],[[[91.9333,24.9167],[91.9352,24.9243],[91.9429,24.9209],[91.9333,24.9167]]],[[[94.4667,17.95],[94.4583,17.9551],[94.4665,17.957],[94.4667,17.95]]],[[[97.8667,17.1083],[97.8583,17.1134],[97.8665,17.1153],[97.8667,17.1083]]],[[[93.7833,19.7167],[93.7852,19.7243],[93.7929,19.7209],[93.7833,19.7167]]],[[[93.8247,23.8281],[93.8173,23.8326],[93.8262,23.8292],[93.8247,23.8281]]],[[[94.5062,17.2662],[94.5006,17.2605],[94.5049,17.2675],[94.5062,17.2662]]],[[[93.224,19.8539],[93.2159,19.8531],[93.2218,19.8598],[93.224,19.8539]]],[[[92.9583,20.575],[92.9533,20.5834],[92.9542,20.5846],[92.9583,20.575]]],[[[97.4255,16.8585],[97.4268,16.8659],[97.4346,16.8625],[97.4255,16.8585]]],[[[91.9924,23.0419],[91.9935,23.0493],[92.0012,23.0459],[91.9924,23.0419]]],[[[92.5508,20.7086],[92.5518,20.7159],[92.5596,20.7125],[92.5508,20.7086]]],[[[97.6426,15.577],[97.6472,15.5852],[97.6489,15.5756],[97.6426,15.577]]],[[[97.3593,17.4504],[97.3602,17.4576],[97.3679,17.4542],[97.3593,17.4504]]],[[[96.8276,19.5507],[96.8297,19.5584],[96.8342,19.5532],[96.8276,19.5507]]],[[[96.1926,17.617],[96.1935,17.6243],[96.2012,17.6209],[96.1926,17.617]]],[[[94.999,16.4953],[94.9908,16.4948],[94.9969,16.5009],[94.999,16.4953]]],[[[94.5012,17.2186],[94.5077,17.219],[94.5073,17.2172],[94.5012,17.2186]]],[[[97.1732,22.8326],[97.175,22.825],[97.1654,22.8292],[97.1732,22.8326]]],[[[95.3667,18.1],[95.3672,18.1093],[95.3709,18.1176],[95.3667,18.1]]],[[[97.5333,24.5667],[97.532,24.5759],[97.533,24.5766],[97.5333,24.5667]]],[[[93.5411,19.4688],[93.5325,19.4697],[93.5376,19.4756],[93.5411,19.4688]]],[[[96.8989,17.9861],[96.8923,17.9909],[96.8999,17.9885],[96.8989,17.9861]]],[[[93.3727,20.0819],[93.3668,20.0773],[93.366,20.0787],[93.3727,20.0819]]],[[[93.5417,19.4975],[93.5336,19.4984],[93.534,19.4994],[93.5417,19.4975]]],[[[94.5057,16.9126],[94.5006,16.916],[94.5076,16.9161],[94.5057,16.9126]]],[[[95.7082,18.4135],[95.7019,18.4096],[95.7,18.4167],[95.7082,18.4135]]],[[[95.149,18.1954],[95.1413,18.1959],[95.1471,18.2007],[95.149,18.1954]]],[[[91.975,21.575],[91.981,21.5678],[91.9782,21.5658],[91.975,21.575]]],[[[97.7767,15.0184],[97.7808,15.0258],[97.7827,15.0176],[97.7767,15.0184]]],[[[92.825,20.375],[92.8311,20.381],[92.8322,20.3778],[92.825,20.375]]],[[[95.1167,18.9],[95.1103,18.9059],[95.1165,18.907],[95.1167,18.9]]],[[[97.321,17.4319],[97.325,17.425],[97.3155,17.4292],[97.321,17.4319]]],[[[93.8667,19.9501],[93.8616,19.9584],[93.8625,19.9596],[93.8667,19.9501]]],[[[97.1197,22.8342],[97.1209,22.8421],[97.1257,22.8362],[97.1197,22.8342]]],[[[96.8404,19.5709],[96.8501,19.5724],[96.85,19.5667],[96.8404,19.5709]]],[[[94.268,16.4685],[94.2722,16.4768],[94.2739,16.4672],[94.268,16.4685]]],[[[93.6156,19.4375],[93.6076,19.4371],[93.6138,19.4435],[93.6156,19.4375]]],[[[93.15,19.825],[93.158,19.8199],[93.1547,19.8167],[93.15,19.825]]],[[[97.7346,15.5981],[97.7395,15.5921],[97.7382,15.5909],[97.7346,15.5981]]],[[[94.211,16.1355],[94.2165,16.1403],[94.2167,16.1333],[94.211,16.1355]]],[[[94.2425,16.5187],[94.2472,16.5268],[94.2489,16.5172],[94.2425,16.5187]]],[[[91.9798,21.5509],[91.9752,21.5549],[91.9805,21.5602],[91.9798,21.5509]]],[[[96.4118,18.4492],[96.4118,18.4574],[96.4175,18.4552],[96.4118,18.4492]]],[[[97.7645,15.5329],[97.7603,15.5267],[97.7632,15.5342],[97.7645,15.5329]]],[[[93.8569,19.4969],[93.8502,19.4966],[93.8555,19.5018],[93.8569,19.4969]]],[[[92.8088,20.4022],[92.812,20.4084],[92.8167,20.4],[92.8088,20.4022]]],[[[93.5313,19.5006],[93.5305,19.509],[93.5333,19.5],[93.5313,19.5006]]],[[[90.657,25.1796],[90.6531,25.1753],[90.65,25.1833],[90.657,25.1796]]],[[[96.9753,18.6325],[96.9824,18.6308],[96.9792,18.6238],[96.9753,18.6325]]],[[[93.3934,20.1684],[93.3948,20.1745],[93.3994,20.1676],[93.3934,20.1684]]],[[[96.829,20.7515],[96.8268,20.7576],[96.8346,20.7542],[96.829,20.7515]]],[[[96.5583,20.95],[96.5549,20.9584],[96.5562,20.9584],[96.5583,20.95]]],[[[92.2963,21.1621],[92.2998,21.1653],[92.3,21.1583],[92.2963,21.1621]]],[[[90.4434,25.1434],[90.4482,25.1481],[90.4494,25.1426],[90.4434,25.1434]]],[[[96.9352,17.4945],[96.9291,17.4945],[96.9279,17.5009],[96.9352,17.4945]]],[[[93.1333,19.85],[93.1394,19.8428],[93.1365,19.8408],[93.1333,19.85]]],[[[95.7422,18.334],[95.747,18.3343],[95.7479,18.3333],[95.7422,18.334]]],[[[93.5574,19.4814],[93.551,19.4796],[93.55,19.4833],[93.5574,19.4814]]],[[[93.2,19.9],[93.2056,19.8925],[93.2032,19.8908],[93.2,19.9]]],[[[95.6997,18.4244],[95.6973,18.4194],[95.696,18.4248],[95.6997,18.4244]]],[[[97.6045,21.4265],[97.5988,21.4292],[97.6065,21.4326],[97.6045,21.4265]]],[[[91.7053,24.1581],[91.7016,24.1543],[91.7042,24.1596],[91.7053,24.1581]]],[[[93.6627,19.5573],[93.6576,19.5537],[93.6638,19.5602],[93.6627,19.5573]]],[[[97.2055,17.266],[97.2064,17.274],[97.2083,17.275],[97.2055,17.266]]],[[[94.5227,16.725],[94.5213,16.7343],[94.525,16.725],[94.5227,16.725]]],[[[93.4417,19.975],[93.4469,19.9671],[93.4448,19.9658],[93.4417,19.975]]],[[[97.737,15.1997],[97.7325,15.1947],[97.7388,15.2018],[97.737,15.1997]]],[[[91.7943,23.1966],[91.7884,23.2001],[91.7887,23.2026],[91.7943,23.1966]]],[[[94.4432,18.1351],[94.4487,18.1383],[94.4494,18.1343],[94.4432,18.1351]]],[[[94.2288,16.2512],[94.2319,16.2552],[94.2323,16.2506],[94.2288,16.2512]]],[[[92.1943,24.5765],[92.1918,24.5799],[92.1956,24.5837],[92.1943,24.5765]]],[[[93.3335,20.2773],[93.3352,20.2816],[93.3389,20.2757],[93.3335,20.2773]]],[[[94.3391,16.0007],[94.3326,15.9954],[94.3388,16.0018],[94.3391,16.0007]]],[[[93.6305,19.6185],[93.6325,19.6116],[93.6272,19.6153],[93.6305,19.6185]]],[[[97.5184,17.5566],[97.5221,17.559],[97.5239,17.5541],[97.5184,17.5566]]],[[[96.9296,18.0768],[96.9303,18.0814],[96.9346,18.0792],[96.9296,18.0768]]],[[[90.1819,25.2104],[90.1772,25.2088],[90.1764,25.2117],[90.1819,25.2104]]],[[[95.0222,18.6435],[95.024,18.6372],[95.0193,18.6407],[95.0222,18.6435]]],[[[94.903,16.083],[94.9005,16.0823],[94.9035,16.0834],[94.903,16.083]]],[[[90.8144,25.1607],[90.8114,25.1586],[90.8101,25.162],[90.8144,25.1607]]],[[[96.247,17.523],[96.251,17.5204],[96.2473,17.5188],[96.247,17.523]]],[[[94.8345,16.0503],[94.8344,16.054],[94.8367,16.0573],[94.8345,16.0503]]],[[[93.7705,19.325],[93.7746,19.3219],[93.7696,19.3248],[93.7705,19.325]]],[[[93.1854,20.7417],[93.19,20.7438],[93.1918,20.7456],[93.1854,20.7417]]],[[[96.8297,19.5666],[96.8305,19.5691],[96.8338,19.5709],[96.8297,19.5666]]],[[[96.6878,20.8924],[96.6902,20.8919],[96.6833,20.8942],[96.6878,20.8924]]],[[[91.9206,24.3266],[91.9232,24.3305],[91.9271,24.332],[91.9206,24.3266]]],[[[93.5455,19.6502],[93.5453,19.6467],[93.5429,19.6477],[93.5455,19.6502]]],[[[97.6021,17.2178],[97.6042,17.2165],[97.6,17.2197],[97.6021,17.2178]]],[[[92.2918,20.9773],[92.2918,20.9799],[92.2929,20.981],[92.2918,20.9773]]],[[[93.4507,19.9721],[93.4496,19.9708],[93.4486,19.9731],[93.4507,19.9721]]],[[[96.9334,17.4801],[96.9357,17.4792],[96.9334,17.4784],[96.9334,17.4801]]],[[[93.9868,19.742],[93.9879,19.7426],[93.9892,19.7399],[93.9868,19.742]]],[[[92.0166,22.3611],[92.0167,22.3647],[92.018,22.3664],[92.0166,22.3611]]],[[[93.7917,19.875],[93.7937,19.8731],[93.7926,19.8726],[93.7917,19.875]]],[[[94.2086,19.1199],[94.2099,19.1169],[94.2083,19.1208],[94.2086,19.1199]]],[[[93.7979,19.875],[93.7992,19.8744],[93.7991,19.8728],[93.7979,19.875]]],[[[92.1901,25.1323],[92.1912,25.1317],[92.1844,25.1329],[92.1901,25.1323]]],[[[93.7542,19.3357],[93.755,19.3333],[93.7537,19.3341],[93.7542,19.3357]]],[[[93.3388,20.2852],[93.3396,20.2825],[93.3382,20.2846],[93.3388,20.2852]]],[[[92.2978,20.9758],[92.2994,20.9767],[92.2989,20.9756],[92.2978,20.9758]]],[[[93.7967,19.8665],[93.7959,19.8654],[93.7952,19.8662],[93.7967,19.8665]]],[[[94.2222,16.1852],[94.2225,16.184],[94.2215,16.1845],[94.2222,16.1852]]],[[[96.595,18.8168],[96.5955,18.8157],[96.5945,18.8177],[96.595,18.8168]]],[[[93.466,19.9877],[93.466,19.9873],[93.466,19.9875],[93.466,19.9877]]]]}}