{"type":"Feature","properties":{"speciesId":1094,"category":"LC","source":"IUCN Red List","simplifyTol":0.01,"clippedToSubcontinent":true},"geometry":{"type":"MultiPolygon","coordinates":[[[[92.2494,23.6273],[92.2409,23.6281],[92.2472,23.6352],[92.2494,23.6273]]],[[[92.25,23.6083],[92.2497,23.57],[92.2458,23.56],[92.2417,23.5957],[92.25,23.6083]]],[[[92.25,23.6083],[92.2535,23.6175],[92.2592,23.6115],[92.25,23.6083]]],[[[92.2721,23.7141],[92.2693,23.7142],[92.2684,23.7166],[92.2721,23.7141]]],[[[94.4495,24.1572],[94.4419,24.1644],[94.45,24.1667],[94.4495,24.1572]]],[[[96.2244,24.1523],[96.2159,24.1531],[96.2222,24.1602],[96.2244,24.1523]]],[[[94.5327,24.1523],[94.5242,24.1531],[94.5305,24.1602],[94.5327,24.1523]]],[[[96.9121,24.177],[96.9012,24.1876],[96.9124,24.1989],[96.9231,24.188],[96.9121,24.177]]],[[[96.9827,24.1773],[96.9742,24.1781],[96.9805,24.1852],[96.9827,24.1773]]],[[[94.5083,24.1333],[94.5,24.1382],[94.5041,24.1502],[94.5083,24.1333]]],[[[95.1661,24.119],[95.1575,24.1197],[95.1638,24.1268],[95.1661,24.119]]],[[[94.4744,24.2356],[94.4659,24.2364],[94.4722,24.2435],[94.4744,24.2356]]],[[[94.4917,24.2083],[94.5008,24.2048],[94.4948,24.1992],[94.4917,24.2083]]],[[[94.5105,24.1988],[94.5153,24.1844],[94.5003,24.1868],[94.5105,24.1988]]],[[[94.4851,24.2187],[94.4706,24.1752],[94.4545,24.1692],[94.4616,24.2194],[94.4702,24.2051],[94.4851,24.2187]]],[[[94.4911,24.2356],[94.4825,24.2364],[94.4888,24.2435],[94.4911,24.2356]]],[[[94.4994,24.2523],[94.4909,24.2531],[94.4972,24.2602],[94.4994,24.2523]]],[[[94.4911,24.269],[94.4825,24.2697],[94.4888,24.2768],[94.4911,24.269]]],[[[94.5245,24.2016],[94.5178,24.2159],[94.524,24.2158],[94.5245,24.2016]]],[[[96.2338,24.1749],[96.2363,24.2145],[96.2615,24.2229],[96.2645,24.2036],[96.2338,24.1749]]],[[[94.4411,24.094],[94.4325,24.0947],[94.4388,24.1018],[94.4411,24.094]]],[[[95.2667,24.3583],[95.214,24.261],[95.1715,24.2194],[95.1956,24.3238],[95.2667,24.3583]]],[[[95.4846,24.3166],[95.4688,24.3293],[95.4949,24.349],[95.4988,24.3376],[95.4846,24.3166]]],[[[94.624,24.4463],[94.6005,24.4458],[94.6125,24.4577],[94.624,24.4463]]],[[[94.6207,24.3549],[94.5458,24.2042],[94.5249,24.2172],[94.5732,24.313],[94.606,24.4298],[94.6199,24.4215],[94.6207,24.3549]]],[[[95.6167,24.3667],[95.6007,24.3709],[95.6125,24.3828],[95.6167,24.3667]]],[[[97.1956,24.395],[97.1836,24.421],[97.1994,24.4501],[97.2217,24.4291],[97.1956,24.395]]],[[[97.5492,24.4282],[97.5562,24.4329],[97.5583,24.425],[97.5492,24.4282]]],[[[97.4733,24.3939],[97.4369,24.3875],[97.4795,24.4052],[97.4733,24.3939]]],[[[97.1833,24.475],[97.1925,24.4715],[97.1865,24.4658],[97.1833,24.475]]],[[[95.2667,24.3583],[95.3062,24.3883],[95.3957,24.5155],[95.4452,24.5454],[95.367,24.3886],[95.3286,24.3685],[95.2958,24.3617],[95.2857,24.3631],[95.2721,24.3589],[95.2672,24.3583],[95.2667,24.3583]]],[[[96.979,24.4291],[96.9611,24.4532],[96.9726,24.4657],[96.9886,24.447],[96.979,24.4291]]],[[[94.575,24.4917],[94.5673,24.4917],[94.5708,24.5008],[94.575,24.4917]]],[[[97.1802,24.4842],[97.176,24.477],[97.1742,24.4785],[97.1802,24.4842]]],[[[95.8893,24.5848],[95.9034,24.5378],[95.8757,24.5454],[95.8335,24.4803],[95.7846,24.4619],[95.768,24.5098],[95.8023,24.5784],[95.8893,24.5848]]],[[[97.0378,24.5798],[97.0296,24.4784],[96.9631,24.4872],[96.9676,24.5543],[97.0041,24.554],[97.0378,24.5798]],[[97.0256,24.5494],[97.0333,24.5417],[97.0326,24.5495],[97.0256,24.5494]]],[[[97.1584,24.5157],[97.1416,24.5182],[97.1543,24.5327],[97.1584,24.5157]]],[[[95.6077,24.7523],[95.5992,24.7531],[95.6055,24.7602],[95.6077,24.7523]]],[[[94.5808,24.5215],[94.5756,24.5499],[94.5875,24.5714],[94.5971,24.5463],[94.5808,24.5215]]],[[[95.6994,24.5523],[95.6909,24.5531],[95.6972,24.5602],[95.6994,24.5523]]],[[[97.2165,24.5395],[97.2,24.5374],[97.2126,24.5501],[97.2165,24.5395]]],[[[97.0883,24.6221],[97.0988,24.5261],[97.0768,24.5269],[97.0626,24.4632],[97.044,24.5086],[97.0527,24.5539],[97.0883,24.6221]]],[[[97.0158,24.5782],[97.0236,24.5806],[97.025,24.575],[97.0158,24.5782]]],[[[97.1744,24.5773],[97.1659,24.5781],[97.1722,24.5852],[97.1744,24.5773]]],[[[97.0575,24.5948],[97.0645,24.5996],[97.0667,24.5917],[97.0575,24.5948]]],[[[97.1917,24.6],[97.184,24.6],[97.1874,24.6091],[97.1917,24.6]]],[[[97.1,24.6],[97.1035,24.6092],[97.1092,24.6032],[97.1,24.6]]],[[[94.7113,24.7764],[94.6616,24.7368],[94.6697,24.7116],[94.5965,24.5873],[94.6395,24.7548],[94.6234,24.7795],[94.6354,24.8108],[94.6693,24.8557],[94.7777,24.9139],[94.7377,24.8565],[94.7277,24.8115],[94.6969,24.7892],[94.7113,24.7764]]],[[[97.5333,24.7583],[97.541,24.7574],[97.5375,24.7488],[97.5333,24.7583]]],[[[97.1533,24.7513],[97.1411,24.7545],[97.1607,24.7542],[97.1533,24.7513]]],[[[97.5329,24.7658],[97.5253,24.7594],[97.526,24.7663],[97.5329,24.7658]]],[[[97.1327,24.719],[97.1242,24.7197],[97.1305,24.7268],[97.1327,24.719]]],[[[95.9113,24.7077],[95.9284,24.6273],[95.8776,24.664],[95.8357,24.6433],[95.8714,24.6298],[95.8659,24.6125],[95.799,24.5983],[95.7374,24.5372],[95.7214,24.5425],[95.7443,24.6112],[95.7877,24.6207],[95.8092,24.6794],[95.845,24.6774],[95.9113,24.7077]]],[[[96.9665,24.6916],[96.9033,24.6101],[96.8537,24.6243],[96.8278,24.5189],[96.8127,24.5202],[96.793,24.5573],[96.7348,24.5351],[96.7193,24.5442],[96.7599,24.6215],[96.7792,24.6212],[96.7971,24.5861],[96.8511,24.6709],[96.8868,24.6689],[96.916,24.6872],[96.9229,24.7033],[96.9017,24.7333],[96.9186,24.7476],[96.9538,24.7422],[96.9665,24.6916]]],[[[97.0515,24.6333],[97.0419,24.6415],[97.0543,24.6649],[97.0585,24.6466],[97.0515,24.6333]]],[[[97.4655,24.6828],[97.4728,24.6752],[97.4577,24.6791],[97.4655,24.6828]]],[[[97.0661,24.6773],[97.0575,24.6781],[97.0638,24.6852],[97.0661,24.6773]]],[[[97.4891,24.6838],[97.478,24.6998],[97.4913,24.6972],[97.4891,24.6838]]],[[[95.9755,24.9164],[95.945,24.9179],[95.9534,24.9468],[95.9878,24.946],[95.9755,24.9164]]],[[[96.9231,24.8271],[96.9099,24.8402],[96.9325,24.8383],[96.9231,24.8271]]],[[[97.8492,24.8635],[97.8562,24.8588],[97.8549,24.8575],[97.8492,24.8635]]],[[[97.1577,24.769],[97.1492,24.7697],[97.1555,24.7768],[97.1577,24.769]]],[[[97.542,24.7583],[97.5359,24.7717],[97.5552,24.7886],[97.564,24.7704],[97.542,24.7583]]],[[[97.5281,24.8135],[97.5381,24.8048],[97.525,24.7667],[97.4937,24.7456],[97.4945,24.7887],[97.5281,24.8135]]],[[[97.7831,24.8094],[97.7754,24.8158],[97.7823,24.8163],[97.7831,24.8094]]],[[[97.7925,24.8198],[97.7855,24.8246],[97.7868,24.8258],[97.7925,24.8198]]],[[[97.6158,24.9532],[97.6228,24.9579],[97.625,24.95],[97.6158,24.9532]]],[[[97.45,24.8833],[97.4417,24.8882],[97.4458,24.9002],[97.45,24.8833]]],[[[94.5827,25.2308],[94.582,25.2473],[94.5835,25.252],[94.5827,25.2308]]],[[[94.9997,25.2364],[94.9923,25.2409],[95.0012,25.2375],[94.9997,25.2364]]],[[[94.5949,25.2838],[94.5989,25.2934],[94.5976,25.2885],[94.5949,25.2838]]],[[[98.0,25.1524],[97.9992,25.1534],[98.0,25.1547],[98.0,25.1524]]],[[[94.9758,25.2135],[94.9689,25.2088],[94.9667,25.2167],[94.9758,25.2135]]],[[[96.7172,24.9749],[96.673,24.9103],[96.6376,24.8904],[96.6319,24.8536],[96.6126,24.8538],[96.603,24.8805],[96.4944,24.7807],[96.3855,24.5701],[96.372,24.4947],[96.3105,24.3951],[96.2876,24.2857],[96.2527,24.2694],[96.2345,24.3346],[96.288,24.4684],[96.2767,24.5014],[96.3178,24.6184],[96.3621,24.6339],[96.353,24.6699],[96.3958,24.732],[96.4703,24.7778],[96.4778,24.8136],[96.5296,24.8594],[96.5519,24.9065],[96.607,24.9489],[96.6483,24.9601],[96.6536,25.0156],[96.7513,25.1128],[96.7956,25.1375],[96.7988,25.0991],[96.7641,25.0109],[96.7172,24.9749]]],[[[95.7919,25.0234],[95.8208,25.0382],[95.8465,25.0105],[95.9152,25.0013],[95.8783,24.9134],[95.8978,24.8855],[95.9035,24.7777],[95.8613,24.8049],[95.8672,24.853],[95.8122,24.8892],[95.768,24.8788],[95.7447,24.9389],[95.7292,24.9016],[95.6893,24.8839],[95.6683,24.8962],[95.6614,24.9306],[95.6957,24.9428],[95.6945,24.9704],[95.7145,24.9966],[95.7081,25.0361],[95.7911,25.0656],[95.8054,25.0465],[95.7919,25.0234]]],[[[96.3912,24.9619],[96.3815,24.9128],[96.3571,24.887],[96.3188,24.9108],[96.2637,24.7697],[96.1804,24.6526],[96.1614,24.6608],[96.1567,24.7046],[96.0954,24.7025],[96.1379,24.7389],[96.1153,24.7884],[96.0805,24.7669],[96.0709,24.7347],[96.0319,24.6952],[95.9942,24.7026],[96.0111,24.8637],[96.0772,24.8983],[96.0889,24.8524],[96.1348,24.8652],[96.1624,24.8354],[96.2029,24.8715],[96.2308,24.8724],[96.2481,24.9188],[96.2193,24.9394],[96.2217,24.9556],[96.2548,24.9454],[96.3,24.9731],[96.3397,24.9519],[96.3757,24.9741],[96.3912,24.9619]]],[[[94.8095,24.9755],[94.8022,24.9831],[94.8173,24.9792],[94.8095,24.9755]]],[[[97.4158,24.9802],[97.4228,24.9755],[97.4215,24.9742],[97.4158,24.9802]]],[[[97.4324,24.9837],[97.4261,24.9914],[97.433,24.9907],[97.4324,24.9837]]],[[[98.0,25.0857],[97.9992,25.0867],[98.0,25.0881],[98.0,25.0857]]],[[[94.8992,25.1135],[94.9062,25.1088],[94.9049,25.1075],[94.8992,25.1135]]],[[[94.9083,25.1167],[94.9118,25.1258],[94.9175,25.1198],[94.9083,25.1167]]],[[[95.4411,25.1106],[95.4325,25.1114],[95.4388,25.1185],[95.4411,25.1106]]],[[[96.0845,25.0332],[96.0748,25.0486],[96.0875,25.0655],[96.0918,25.0438],[96.0845,25.0332]]],[[[98.0,25.0274],[97.9992,25.0284],[98.0,25.0297],[98.0,25.0274]]],[[[97.4407,24.9937],[97.4365,25.0008],[97.4425,24.9952],[97.4407,24.9937]]],[[[96.8751,25.0002],[96.8596,25.02],[96.8633,25.0321],[96.8822,25.0215],[96.8751,25.0002]]],[[[97.4458,25.01],[97.4351,25.0204],[97.4458,25.044],[97.4581,25.0246],[97.4458,25.01]]],[[[96.1666,25.0499],[96.1436,25.0786],[96.1833,25.1167],[96.198,25.0707],[96.1666,25.0499]]],[[[94.9411,25.1356],[94.9325,25.1364],[94.9388,25.1435],[94.9411,25.1356]]],[[[96.5338,25.1749],[96.5498,25.1382],[96.5392,25.0968],[96.5113,25.0868],[96.4872,25.0526],[96.4622,25.0709],[96.4494,25.0369],[96.4032,24.9961],[96.4012,25.0513],[96.4276,25.0976],[96.4461,25.1141],[96.4812,25.1132],[96.4876,25.1639],[96.5216,25.2067],[96.546,25.1913],[96.5338,25.1749]]],[[[94.8781,25.5818],[94.8819,25.5821],[94.8859,25.5782],[94.8781,25.5818]]],[[[94.891,25.5749],[94.8917,25.575],[94.8915,25.5744],[94.891,25.5749]]],[[[96.5827,25.5356],[96.5742,25.5364],[96.5805,25.5435],[96.5827,25.5356]]],[[[96.6244,25.5023],[96.6159,25.5031],[96.6222,25.5102],[96.6244,25.5023]]],[[[97.8244,25.4969],[97.8113,25.4766],[97.8118,25.4996],[97.8244,25.4969]]],[[[97.1876,25.4955],[97.1848,25.5217],[97.2032,25.5317],[97.2058,25.5287],[97.1876,25.4955]]],[[[94.9718,25.6938],[94.972,25.6941],[94.9719,25.694],[94.9718,25.6938]]],[[[96.1195,25.3894],[96.1712,25.3489],[96.178,25.2947],[96.2221,25.2557],[96.203,25.1937],[96.155,25.2369],[96.1021,25.3299],[96.0867,25.3938],[96.1195,25.3894]]],[[[96.7267,25.3762],[96.7057,25.3137],[96.6756,25.278],[96.7285,25.2195],[96.6968,25.2102],[96.655,25.2472],[96.5875,25.17],[96.5679,25.1704],[96.577,25.2452],[96.6189,25.3451],[96.6531,25.3804],[96.6871,25.3783],[96.7208,25.4357],[96.7267,25.3762]]],[[[96.2667,25.325],[96.2758,25.3215],[96.2698,25.3158],[96.2667,25.325]]],[[[94.6217,25.3352],[94.6278,25.3554],[94.6285,25.3782],[94.6319,25.3569],[94.6217,25.3352]]],[[[96.2661,25.3251],[96.2369,25.311],[96.2276,25.3206],[96.256,25.3406],[96.2661,25.3251]]],[[[96.5417,25.4342],[96.5333,25.463],[96.5494,25.4751],[96.5654,25.4477],[96.5417,25.4342]]],[[[96.3161,25.3523],[96.3075,25.3531],[96.3138,25.3602],[96.3161,25.3523]]],[[[94.9997,25.4198],[94.9923,25.4242],[95.0012,25.4209],[94.9997,25.4198]]],[[[96.3832,25.5047],[96.3521,25.4535],[96.34,25.385],[96.2666,25.3604],[96.2197,25.3614],[96.1625,25.4376],[96.1269,25.459],[96.1369,25.4712],[96.1619,25.4625],[96.2181,25.4205],[96.2444,25.4374],[96.2708,25.4283],[96.2538,25.4478],[96.2107,25.4483],[96.2142,25.4996],[96.194,25.5208],[96.2281,25.5495],[96.2532,25.4922],[96.3196,25.4702],[96.3625,25.5523],[96.3832,25.5047]]],[[[95.8911,25.719],[95.8825,25.7197],[95.8888,25.7268],[95.8911,25.719]]],[[[95.9837,25.8684],[95.9601,25.9044],[95.9633,25.9279],[95.9904,25.894],[95.9837,25.8684]]],[[[96.0,25.6917],[96.0092,25.6882],[96.0032,25.6825],[96.0,25.6917]]],[[[95.9978,25.6996],[95.9908,25.6948],[95.9965,25.7008],[95.9978,25.6996]]],[[[97.2911,25.7125],[97.2678,25.7117],[97.2692,25.7242],[97.2911,25.7125]]],[[[96.0209,25.7783],[95.9467,25.8279],[95.9453,25.838],[96.0272,25.846],[96.0385,25.8122],[96.0209,25.7783]]],[[[96.4333,25.7833],[96.4197,25.7672],[96.4017,25.7792],[96.4121,25.7899],[96.4333,25.7833]]],[[[96.5011,25.75],[96.493,25.7723],[96.5138,25.7739],[96.5159,25.7617],[96.5011,25.75]]],[[[97.3863,25.8726],[97.4308,25.8774],[97.4394,25.8294],[97.4042,25.7987],[97.3962,25.762],[97.3545,25.7375],[97.3903,25.8321],[97.3863,25.8726]]],[[[97.7177,25.5843],[97.7687,25.5902],[97.7817,25.5734],[97.7565,25.5353],[97.6905,25.4872],[97.6552,25.4939],[97.6372,25.5274],[97.6497,25.5689],[97.6288,25.6293],[97.6458,25.6773],[97.6637,25.6525],[97.7064,25.645],[97.7177,25.5843]]],[[[95.8827,25.6023],[95.8742,25.6031],[95.8805,25.6102],[95.8827,25.6023]]],[[[96.3077,25.619],[96.2992,25.6197],[96.3055,25.6268],[96.3077,25.619]]],[[[96.4161,25.6106],[96.4075,25.6114],[96.4138,25.6185],[96.4161,25.6106]]],[[[97.4502,25.5515],[97.3701,25.6206],[97.3941,25.7226],[97.4567,25.7501],[97.4907,25.6698],[97.4732,25.5795],[97.4502,25.5515]]],[[[96.9346,26.0991],[96.9785,26.1584],[97.0043,26.1576],[97.0147,26.0916],[96.998,26.0131],[96.8845,25.8264],[96.8912,25.7451],[96.8682,25.698],[96.8917,25.675],[96.9002,25.5939],[96.8783,25.5673],[96.8625,25.6041],[96.8288,25.5799],[96.8095,25.6257],[96.8558,25.8063],[96.8446,25.8204],[96.8231,25.7769],[96.7844,25.7537],[96.7608,25.7718],[96.7726,25.8205],[96.7351,25.877],[96.7698,25.9135],[96.7973,25.9131],[96.8265,25.9618],[96.8641,25.9555],[96.9061,26.0542],[96.8958,26.1472],[96.9332,26.1816],[96.9346,26.0991]]],[[[95.4161,26.0773],[95.4075,26.0781],[95.4138,26.0852],[95.4161,26.0773]]],[[[95.6161,26.069],[95.6075,26.0697],[95.6138,26.0768],[95.6161,26.069]]],[[[96.8435,26.05],[96.8333,26.0571],[96.8387,26.0751],[96.8499,26.0696],[96.8435,26.05]]],[[[97.3065,26.0423],[97.2932,26.0523],[97.295,26.0653],[97.3217,26.0559],[97.3065,26.0423]]],[[[95.9051,26.2124],[95.9463,26.2383],[95.9717,26.2128],[95.9466,26.1673],[95.8963,26.158],[95.9054,26.1277],[95.8648,26.0522],[95.8639,26.1039],[95.8456,26.1293],[95.8707,26.1548],[95.8371,26.1761],[95.827,26.204],[95.8781,26.2745],[95.8981,26.2627],[95.9051,26.2124]]],[[[96.4533,26.1846],[96.4411,26.1878],[96.4607,26.1875],[96.4533,26.1846]]],[[[96.9577,26.2273],[96.9492,26.2281],[96.9555,26.2352],[96.9577,26.2273]]],[[[95.9327,26.394],[95.9242,26.3947],[95.9305,26.4018],[95.9327,26.394]]],[[[95.9244,26.419],[95.9159,26.4197],[95.9222,26.4268],[95.9244,26.419]]],[[[96.2903,26.4767],[96.275,26.4974],[96.2914,26.516],[96.3041,26.4875],[96.2903,26.4767]]],[[[97.7502,26.4842],[97.7268,26.4959],[97.7378,26.5147],[97.764,26.4966],[97.7502,26.4842]]],[[[96.3065,26.7889],[96.3064,26.7693],[96.27,26.7623],[96.2667,26.7833],[96.3065,26.7889]]],[[[96.3411,26.794],[96.3325,26.7947],[96.3388,26.8018],[96.3411,26.794]]],[[[96.4904,26.8111],[96.4864,26.7923],[96.3769,26.7997],[96.4484,26.8334],[96.4904,26.8111]]],[[[96.4334,25.785],[96.4143,25.8371],[96.3954,25.8131],[96.3445,25.8805],[96.3068,25.877],[96.2861,25.8948],[96.2719,25.87],[96.2352,25.8613],[96.2285,25.8372],[96.2894,25.8539],[96.314,25.8195],[96.3541,25.8036],[96.3271,25.7785],[96.3307,25.7294],[96.2778,25.6528],[96.2792,25.6173],[96.2603,25.6015],[96.2447,25.6107],[96.2134,25.7304],[96.1937,25.6771],[96.2065,25.6435],[96.1983,25.6214],[96.1259,25.6073],[96.0966,25.5862],[96.0871,25.6204],[96.1129,25.7069],[96.0697,25.7042],[95.9964,25.7599],[96.0367,25.7613],[96.0546,25.7843],[96.0572,25.8488],[96.0043,25.9321],[95.9446,25.9696],[95.912,26.061],[95.9451,26.084],[95.9447,26.1137],[95.9799,26.1486],[95.9971,26.1446],[96.0044,26.1128],[96.0295,26.1197],[96.0374,26.079],[96.0868,26.115],[96.104,26.079],[96.1375,26.0555],[96.1696,25.9213],[96.2047,25.9474],[96.2298,25.9374],[96.2212,25.9649],[96.193,25.9819],[96.2027,26.0393],[96.2369,26.0364],[96.2444,26.0806],[96.2696,26.0995],[96.3246,26.046],[96.3398,26.0937],[96.3125,26.1394],[96.3217,26.1459],[96.348,26.1203],[96.3986,26.1818],[96.3713,26.2465],[96.3906,26.3262],[96.3725,26.3808],[96.3191,26.4449],[96.3271,26.4709],[96.4042,26.3986],[96.449,26.3161],[96.4305,26.1857],[96.385,26.1289],[96.36,26.0548],[96.4281,26.0274],[96.4122,26.0721],[96.4457,26.0876],[96.4533,26.1224],[96.4723,26.1307],[96.4778,26.0696],[96.5293,26.0154],[96.5463,25.9638],[96.5194,25.937],[96.4934,25.9858],[96.4944,25.9449],[96.5324,25.8988],[96.5317,25.8547],[96.5069,25.8124],[96.4781,25.8115],[96.4575,25.7703],[96.4334,25.785]],[[96.3598,25.985],[96.3729,25.9979],[96.3515,25.9984],[96.3598,25.985]]],[[[97.6592,26.4307],[97.6701,26.3942],[97.6194,26.389],[97.5821,26.3588],[97.5441,26.3693],[97.5566,26.4244],[97.6164,26.4165],[97.6592,26.4307]]],[[[97.7736,26.4129],[97.7512,26.4193],[97.7542,26.4357],[97.7736,26.4129]]],[[[97.7494,26.4523],[97.7409,26.4531],[97.7472,26.4602],[97.7494,26.4523]]],[[[96.2562,27.0254],[96.2492,27.0302],[96.2583,27.0333],[96.2562,27.0254]]],[[[96.2314,27.0343],[96.2242,27.0385],[96.2333,27.0417],[96.2314,27.0343]]],[[[96.2327,27.019],[96.2242,27.0197],[96.2305,27.0268],[96.2327,27.019]]],[[[96.973,27.051],[96.9658,27.0552],[96.975,27.0583],[96.973,27.051]]],[[[96.3407,27.0603],[96.3365,27.0675],[96.3425,27.0618],[96.3407,27.0603]]],[[[96.3827,27.0856],[96.3742,27.0864],[96.3805,27.0935],[96.3827,27.0856]]],[[[96.3908,27.0865],[96.3986,27.0889],[96.4,27.0833],[96.3908,27.0865]]],[[[96.5258,27.0839],[96.5312,27.0892],[96.5333,27.0833],[96.5258,27.0839]]],[[[96.4494,27.0856],[96.4409,27.0864],[96.4472,27.0935],[96.4494,27.0856]]],[[[96.9911,27.044],[96.9825,27.0447],[96.9888,27.0518],[96.9911,27.044]]],[[[96.1644,27.0081],[96.1572,27.0005],[96.1494,27.0042],[96.1644,27.0081]]],[[[96.2411,27.0023],[96.2325,27.0031],[96.2388,27.0102],[96.2411,27.0023]]],[[[96.2748,27.014],[96.2669,27.0023],[96.2689,27.0165],[96.2748,27.014]]],[[[96.1667,27.0],[96.1863,27.0453],[96.2135,27.0455],[96.2074,26.9874],[96.1822,26.9845],[96.1667,27.0]]],[[[96.2917,27.0167],[96.2759,27.0239],[96.2907,27.0239],[96.2917,27.0167]]],[[[96.971,27.4664],[96.9688,27.4512],[96.9586,27.4632],[96.971,27.4664]]],[[[96.9645,27.5254],[96.9575,27.5302],[96.9667,27.5333],[96.9645,27.5254]]],[[[97.6564,27.9343],[97.6492,27.9385],[97.6583,27.9417],[97.6564,27.9343]]],[[[97.6672,28.0666],[97.6726,28.0805],[97.6791,28.1122],[97.7036,28.0865],[97.6672,28.0666]]],[[[97.0226,28.3207],[97.0335,28.4389],[97.0249,28.5149],[97.071,28.4821],[97.0835,28.4388],[97.0543,28.3411],[97.0226,28.3207]]],[[[92.425,22.275],[92.4342,22.2715],[92.4282,22.2658],[92.425,22.275]]],[[[92.4577,22.2523],[92.4492,22.2531],[92.4555,22.2602],[92.4577,22.2523]]],[[[92.4219,22.2842],[92.4176,22.277],[92.4159,22.2785],[92.4219,22.2842]]],[[[92.4827,22.0023],[92.4742,22.0031],[92.4805,22.0102],[92.4827,22.0023]]],[[[92.4994,22.0273],[92.4909,22.0281],[92.4972,22.0352],[92.4994,22.0273]]],[[[92.4771,22.0488],[92.4968,22.0431],[92.4778,22.035],[92.4771,22.0488]]],[[[94.4907,22.2853],[94.4865,22.2925],[94.4925,22.2868],[94.4907,22.2853]]],[[[94.5219,22.2925],[94.5176,22.2853],[94.5159,22.2868],[94.5219,22.2925]]],[[[92.4744,22.2356],[92.4659,22.2364],[92.4722,22.2435],[92.4744,22.2356]]],[[[92.5533,22.2096],[92.5411,22.2128],[92.5607,22.2125],[92.5533,22.2096]]],[[[92.5577,22.2273],[92.5492,22.2281],[92.5555,22.2352],[92.5577,22.2273]]],[[[94.5175,22.2385],[94.5105,22.2338],[94.5083,22.2417],[94.5175,22.2385]]],[[[97.145,22.2346],[97.1328,22.2378],[97.1524,22.2375],[97.145,22.2346]]],[[[93.1508,22.2467],[93.1507,22.2487],[93.1536,22.248],[93.1508,22.2467]]],[[[93.8925,22.2468],[93.8855,22.2421],[93.8833,22.25],[93.8925,22.2468]]],[[[92.5411,22.244],[92.5325,22.2447],[92.5388,22.2518],[92.5411,22.244]]],[[[94.525,22.2833],[94.5342,22.2798],[94.5282,22.2742],[94.525,22.2833]]],[[[92.4837,22.2001],[92.4915,22.1816],[92.4791,22.1679],[92.4752,22.1857],[92.4837,22.2001]]],[[[94.2083,22.1833],[94.2118,22.1925],[94.2175,22.1865],[94.2083,22.1833]]],[[[97.2083,22.1917],[97.2006,22.1917],[97.2041,22.2008],[97.2083,22.1917]]],[[[96.3577,22.194],[96.3492,22.1947],[96.3555,22.2018],[96.3577,22.194]]],[[[92.5626,22.1428],[92.5504,22.1551],[92.5542,22.1773],[92.5662,22.1622],[92.5626,22.1428]]],[[[92.5877,22.1499],[92.5871,22.1333],[92.575,22.1351],[92.5877,22.1499]]],[[[96.2833,22.1417],[96.2756,22.1417],[96.2791,22.1508],[96.2833,22.1417]]],[[[92.5744,22.1773],[92.5659,22.1781],[92.5722,22.1852],[92.5744,22.1773]]],[[[93.9577,22.169],[93.9492,22.1697],[93.9555,22.1768],[93.9577,22.169]]],[[[94.1992,22.1802],[94.2062,22.1755],[94.2049,22.1742],[94.1992,22.1802]]],[[[92.4832,22.2147],[92.475,22.205],[92.4792,22.2251],[92.4832,22.2147]]],[[[92.5333,22.2917],[92.5256,22.2917],[92.5291,22.3008],[92.5333,22.2917]]],[[[94.6083,22.2917],[94.6006,22.2917],[94.6041,22.3008],[94.6083,22.2917]]],[[[94.4584,22.3157],[94.4416,22.3182],[94.4543,22.3327],[94.4584,22.3157]]],[[[94.5161,22.319],[94.5075,22.3197],[94.5138,22.3268],[94.5161,22.319]]],[[[94.5335,22.3235],[94.5561,22.3134],[94.5539,22.2862],[94.531,22.3104],[94.5335,22.3235]]],[[[93.9745,22.3165],[93.9667,22.3275],[93.971,22.3483],[93.9813,22.3379],[93.9745,22.3165]]],[[[94.5416,22.331],[94.5334,22.328],[94.5375,22.3423],[94.5416,22.331]]],[[[96.1994,22.344],[96.1909,22.3447],[96.1972,22.3518],[96.1994,22.344]]],[[[92.4827,22.5273],[92.4742,22.5281],[92.4805,22.5352],[92.4827,22.5273]]],[[[92.5244,22.369],[92.5159,22.3697],[92.5222,22.3768],[92.5244,22.369]]],[[[92.5167,22.3917],[92.509,22.3917],[92.5124,22.4008],[92.5167,22.3917]]],[[[94.2032,22.2372],[94.1929,22.2522],[94.1948,22.37],[94.2082,22.3249],[94.2032,22.2372]]],[[[96.2422,22.3572],[96.2498,22.3644],[96.2459,22.3494],[96.2422,22.3572]]],[[[94.4616,22.3679],[94.4494,22.3712],[94.469,22.3708],[94.4616,22.3679]]],[[[96.2394,22.3748],[96.2322,22.3672],[96.2244,22.3709],[96.2394,22.3748]]],[[[96.1827,22.3773],[96.1742,22.3781],[96.1805,22.3852],[96.1827,22.3773]]],[[[94.3242,22.3865],[94.3312,22.3912],[94.3333,22.3833],[94.3242,22.3865]]],[[[94.4661,22.3856],[94.4575,22.3864],[94.4638,22.3935],[94.4661,22.3856]]],[[[93.9911,22.394],[93.9825,22.3947],[93.9888,22.4018],[93.9911,22.394]]],[[[96.1827,22.394],[96.1742,22.3947],[96.1805,22.4018],[96.1827,22.394]]],[[[93.1805,22.4225],[93.1832,22.4049],[93.1691,22.4403],[93.1805,22.4225]]],[[[93.9331,22.4031],[93.9256,22.4076],[93.9346,22.4042],[93.9331,22.4031]]],[[[94.5938,22.4018],[94.605,22.4159],[94.6049,22.3925],[94.5938,22.4018]]],[[[96.2077,22.4023],[96.1992,22.4031],[96.2055,22.4102],[96.2077,22.4023]]],[[[93.9866,22.4096],[93.9744,22.4128],[93.994,22.4125],[93.9866,22.4096]]],[[[94.5916,22.4143],[94.5834,22.4114],[94.5875,22.4257],[94.5916,22.4143]]],[[[94.6,22.4333],[94.6092,22.4298],[94.6032,22.4242],[94.6,22.4333]]],[[[93.9742,22.4968],[93.9812,22.4921],[93.9799,22.4909],[93.9742,22.4968]]],[[[94.1956,22.5293],[94.2063,22.4325],[94.1966,22.4206],[94.1956,22.5293]]],[[[94.3161,22.4856],[94.3075,22.4864],[94.3138,22.4935],[94.3161,22.4856]]],[[[93.9833,22.5],[93.9868,22.5092],[93.9925,22.5032],[93.9833,22.5]]],[[[94.325,22.4583],[94.3173,22.4583],[94.3208,22.4674],[94.325,22.4583]]],[[[94.5744,22.4606],[94.5659,22.4614],[94.5722,22.4685],[94.5744,22.4606]]],[[[96.15,22.4667],[96.1423,22.4667],[96.1458,22.4758],[96.15,22.4667]]],[[[96.2788,22.4523],[96.2686,22.4442],[96.2659,22.4453],[96.2788,22.4523]]],[[[97.2106,22.4335],[97.2178,22.4411],[97.2257,22.4375],[97.2106,22.4335]]],[[[96.2498,22.4612],[96.2449,22.4301],[96.2636,22.3949],[96.289,22.3855],[96.2883,22.3634],[96.2766,22.381],[96.2505,22.3665],[96.2297,22.3871],[96.2262,22.4497],[96.2089,22.4543],[96.1789,22.4299],[96.1612,22.4392],[96.2043,22.4766],[96.1846,22.499],[96.1871,22.5298],[96.2123,22.5241],[96.2498,22.4612]]],[[[96.3577,22.4523],[96.3492,22.4531],[96.3555,22.4602],[96.3577,22.4523]]],[[[97.2083,22.4417],[97.2039,22.4569],[97.2313,22.4958],[97.2376,22.4868],[97.2083,22.4417]]],[[[94.2283,22.5179],[94.2161,22.5212],[94.2357,22.5208],[94.2283,22.5179]]],[[[94.6,22.4333],[94.5851,22.4668],[94.5963,22.5134],[94.5762,22.533],[94.6127,22.5618],[94.6,22.4333]]],[[[94.2244,22.544],[94.2159,22.5447],[94.2222,22.5518],[94.2244,22.544]]],[[[93.138,22.5851],[93.1385,22.589],[93.1385,22.5868],[93.138,22.5851]]],[[[93.9744,22.7023],[93.9659,22.7031],[93.9722,22.7102],[93.9744,22.7023]]],[[[97.52,22.6929],[97.5078,22.6962],[97.5274,22.6958],[97.52,22.6929]]],[[[97.8161,22.7023],[97.8075,22.7031],[97.8138,22.7102],[97.8161,22.7023]]],[[[96.1333,22.7167],[96.1425,22.7132],[96.1365,22.7075],[96.1333,22.7167]]],[[[96.1302,22.7258],[96.126,22.7187],[96.1242,22.7202],[96.1302,22.7258]]],[[[96.2575,22.7249],[96.2428,22.735],[96.2429,22.7404],[96.2569,22.7406],[96.2575,22.7249]]],[[[94.3577,22.769],[94.3492,22.7697],[94.3555,22.7768],[94.3577,22.769]]],[[[94.6417,22.7667],[94.634,22.7667],[94.6374,22.7758],[94.6417,22.7667]]],[[[96.0822,22.7578],[96.0894,22.7502],[96.0744,22.7541],[96.0822,22.7578]]],[[[96.2345,22.7509],[96.2417,22.7417],[96.2242,22.7453],[96.2345,22.7509]]],[[[96.1144,22.7595],[96.0954,22.7654],[96.1158,22.7725],[96.1144,22.7595]]],[[[93.9627,22.5918],[93.9512,22.6022],[93.95,22.6083],[93.9656,22.607],[93.9627,22.5918]]],[[[97.4508,22.6615],[97.4439,22.6662],[97.4452,22.6675],[97.4508,22.6615]]],[[[96.15,22.65],[96.1742,22.6496],[96.1828,22.6458],[96.1572,22.6417],[96.15,22.65]]],[[[94.6331,22.6531],[94.6256,22.6576],[94.6346,22.6542],[94.6331,22.6531]]],[[[96.1452,22.6499],[96.1347,22.6518],[96.126,22.6633],[96.1398,22.6653],[96.1452,22.6499]]],[[[97.3707,22.6371],[97.3586,22.6611],[97.3688,22.6744],[97.3877,22.6541],[97.3707,22.6371]]],[[[94.6075,22.6302],[94.6145,22.6255],[94.6132,22.6242],[94.6075,22.6302]]],[[[97.7175,22.6198],[97.7105,22.6246],[97.7118,22.6258],[97.7175,22.6198]]],[[[94.6245,22.6349],[94.6178,22.6493],[94.6239,22.6492],[94.6245,22.6349]]],[[[97.5827,22.6356],[97.5742,22.6364],[97.5805,22.6435],[97.5827,22.6356]]],[[[97.621,22.6402],[97.625,22.6333],[97.6155,22.6373],[97.621,22.6402]]],[[[94.6098,22.5833],[94.6002,22.5915],[94.6126,22.6149],[94.6168,22.5966],[94.6098,22.5833]]],[[[96.2333,22.6],[96.2256,22.6],[96.2291,22.6091],[96.2333,22.6]]],[[[96.1577,22.6106],[96.1492,22.6114],[96.1555,22.6185],[96.1577,22.6106]]],[[[96.2149,22.5965],[96.184,22.5962],[96.1875,22.619],[96.2149,22.5965]]],[[[93.9915,22.6627],[93.9763,22.663],[93.975,22.675],[93.9915,22.6627]]],[[[94.3408,22.6615],[94.3486,22.6639],[94.35,22.6583],[94.3408,22.6615]]],[[[96.0911,22.669],[96.0825,22.6697],[96.0888,22.6768],[96.0911,22.669]]],[[[94.6241,22.6583],[94.6167,22.6655],[94.6208,22.6912],[94.6249,22.6797],[94.6241,22.6583]]],[[[96.1228,22.8171],[96.1158,22.8218],[96.125,22.825],[96.1228,22.8171]]],[[[97.4497,22.8364],[97.4423,22.8409],[97.4512,22.8375],[97.4497,22.8364]]],[[[94.2907,22.9353],[94.2865,22.9425],[94.2925,22.9368],[94.2907,22.9353]]],[[[93.9885,22.8799],[93.9608,22.8955],[93.9757,22.9169],[93.9885,22.8799]]],[[[94.1327,22.8856],[94.1242,22.8864],[94.1305,22.8935],[94.1327,22.8856]]],[[[96.8742,23.0365],[96.8819,23.0389],[96.8833,23.0333],[96.8742,23.0365]]],[[[96.9562,23.0338],[96.9492,23.0385],[96.9583,23.0417],[96.9562,23.0338]]],[[[96.8417,23.075],[96.8508,23.0715],[96.8448,23.0658],[96.8417,23.075]]],[[[96.8742,23.0698],[96.8819,23.0722],[96.8833,23.0667],[96.8742,23.0698]]],[[[94.2408,23.1218],[94.2478,23.1171],[94.2465,23.1159],[94.2408,23.1218]]],[[[96.8077,23.1023],[96.7992,23.1031],[96.8055,23.1102],[96.8077,23.1023]]],[[[96.8742,23.1115],[96.8819,23.1139],[96.8833,23.1083],[96.8742,23.1115]]],[[[96.8583,23.0917],[96.8675,23.0882],[96.8615,23.0825],[96.8583,23.0917]]],[[[96.8385,23.0842],[96.8343,23.077],[96.8325,23.0785],[96.8385,23.0842]]],[[[96.858,23.0916],[96.8339,23.1034],[96.828,23.122],[96.8555,23.1142],[96.858,23.0916]]],[[[96.3996,23.0491],[96.392,23.0428],[96.3927,23.0497],[96.3996,23.0491]]],[[[96.6175,23.0423],[96.6228,23.0475],[96.625,23.0417],[96.6175,23.0423]]],[[[96.4008,23.0506],[96.4062,23.0559],[96.4083,23.05],[96.4008,23.0506]]],[[[96.8738,23.0544],[96.8583,23.0574],[96.8624,23.0745],[96.8738,23.0544]]],[[[97.8407,22.7937],[97.8365,22.8008],[97.8425,22.7952],[97.8407,22.7937]]],[[[97.8331,22.7773],[97.8252,22.789],[97.8311,22.7915],[97.8331,22.7773]]],[[[93.9326,22.8078],[93.9281,22.8003],[93.925,22.8083],[93.9326,22.8078]]],[[[97.8661,22.8023],[97.8575,22.8031],[97.8638,22.8102],[97.8661,22.8023]]],[[[93.3333,23.9868],[93.3361,23.9773],[93.3381,23.9739],[93.3333,23.9868]]],[[[94.4077,24.0356],[94.3992,24.0364],[94.4055,24.0435],[94.4077,24.0356]]],[[[94.4161,24.0523],[94.4075,24.0531],[94.4138,24.0602],[94.4161,24.0523]]],[[[94.3239,23.9161],[94.3311,23.9085],[94.316,23.9125],[94.3239,23.9161]]],[[[94.3333,23.9167],[94.3368,23.9258],[94.3425,23.9198],[94.3333,23.9167]]],[[[94.4494,23.8773],[94.4409,23.8781],[94.4472,23.8852],[94.4494,23.8773]]],[[[95.0329,23.8806],[95.0168,23.8708],[95.0196,23.8831],[95.0329,23.8806]]],[[[96.1583,23.85],[96.1618,23.8592],[96.1675,23.8532],[96.1583,23.85]]],[[[96.7911,23.844],[96.7825,23.8447],[96.7888,23.8518],[96.7911,23.844]]],[[[96.8911,23.8523],[96.8825,23.8531],[96.8888,23.8602],[96.8911,23.8523]]],[[[95.4744,23.869],[95.4659,23.8697],[95.4722,23.8768],[95.4744,23.869]]],[[[95.711,23.842],[95.6933,23.8617],[95.725,23.8917],[95.7308,23.8687],[95.711,23.842]]],[[[96.8083,23.8667],[96.8006,23.8667],[96.8041,23.8758],[96.8083,23.8667]]],[[[96.1586,23.8811],[96.1661,23.8738],[96.1625,23.866],[96.1586,23.8811]]],[[[96.8833,23.8833],[96.8694,23.877],[96.8662,23.8795],[96.8833,23.8833]]],[[[96.1667,23.8833],[96.1725,23.893],[96.1839,23.887],[96.1667,23.8833]]],[[[96.8161,23.8856],[96.8075,23.8864],[96.8138,23.8935],[96.8161,23.8856]]],[[[95.0833,24.0333],[95.0722,24.046],[95.1133,24.0716],[95.1133,24.0603],[95.0833,24.0333]]],[[[94.5327,24.0523],[94.5242,24.0531],[94.5305,24.0602],[94.5327,24.0523]]],[[[95.558,24.0661],[95.5269,24.0606],[95.5191,24.0713],[95.5458,24.0857],[95.558,24.0661]]],[[[96.8661,24.019],[96.8575,24.0197],[96.8638,24.0268],[96.8661,24.019]]],[[[97.3157,24.027],[97.3115,24.0342],[97.3175,24.0285],[97.3157,24.027]]],[[[96.9394,24.0439],[96.9345,24.0559],[96.9484,24.0553],[96.9394,24.0439]]],[[[96.1922,24.0332],[96.1789,24.047],[96.1999,24.0987],[96.208,24.0684],[96.1922,24.0332]]],[[[95.4533,24.0013],[95.4411,24.0045],[95.4607,24.0042],[95.4533,24.0013]]],[[[96.9327,24.0023],[96.9242,24.0031],[96.9305,24.0102],[96.9327,24.0023]]],[[[96.8417,23.95],[96.8493,23.9491],[96.8459,23.9404],[96.8417,23.95]]],[[[95.7427,23.925],[95.7346,23.9473],[95.7554,23.9489],[95.7576,23.9367],[95.7427,23.925]]],[[[96.1707,23.9257],[96.1692,23.9408],[96.191,23.9377],[96.1707,23.9257]]],[[[96.8494,23.9273],[96.8409,23.9281],[96.8472,23.9352],[96.8494,23.9273]]],[[[95.3616,23.8929],[95.3494,23.8962],[95.369,23.8958],[95.3616,23.8929]]],[[[96.8873,23.9071],[96.8888,23.8846],[96.8765,23.895],[96.8873,23.9071]]],[[[95.9744,23.9023],[95.9659,23.9031],[95.9722,23.9102],[95.9744,23.9023]]],[[[96.8163,23.914],[96.8001,23.9041],[96.8029,23.9164],[96.8163,23.914]]],[[[96.1667,23.925],[96.1657,23.9143],[96.1626,23.9083],[96.15,23.9209],[96.1667,23.925]]],[[[95.6994,23.944],[95.6909,23.9447],[95.6972,23.9518],[95.6994,23.944]]],[[[96.8385,23.9592],[96.8343,23.952],[96.8325,23.9535],[96.8385,23.9592]]],[[[96.8595,23.9505],[96.8522,23.9581],[96.8673,23.9542],[96.8595,23.9505]]],[[[96.9417,23.9583],[96.9508,23.9548],[96.9448,23.9492],[96.9417,23.9583]]],[[[95.5494,23.9523],[95.5409,23.9531],[95.5472,23.9602],[95.5494,23.9523]]],[[[96.1667,23.9583],[96.159,23.9583],[96.1624,23.9674],[96.1667,23.9583]]],[[[96.1911,23.9606],[96.1825,23.9614],[96.1888,23.9685],[96.1911,23.9606]]],[[[96.9453,23.9963],[96.9287,23.9453],[96.9323,23.8985],[96.9054,23.9021],[96.8874,23.9277],[96.8957,23.9557],[96.9453,23.9963]]],[[[96.8405,23.9745],[96.8478,23.9669],[96.8327,23.9708],[96.8405,23.9745]]],[[[96.2033,23.9763],[96.1911,23.9795],[96.2107,23.9792],[96.2033,23.9763]]],[[[96.85,23.975],[96.8535,23.9842],[96.8592,23.9782],[96.85,23.975]]],[[[96.7161,23.994],[96.7075,23.9947],[96.7138,24.0018],[96.7161,23.994]]],[[[96.8616,23.9929],[96.8494,23.9962],[96.869,23.9958],[96.8616,23.9929]]],[[[94.5021,23.9873],[94.4719,23.9954],[94.4972,24.0066],[94.4871,24.0457],[94.5084,24.115],[94.5213,24.0896],[94.5018,24.0604],[94.5136,24.012],[94.5021,23.9873]]],[[[95.5327,24.0856],[95.5242,24.0864],[95.5305,24.0935],[95.5327,24.0856]]],[[[93.9158,23.1365],[93.9228,23.1412],[93.925,23.1333],[93.9158,23.1365]]],[[[94.25,23.1254],[94.2608,23.1548],[94.2703,23.163],[94.2729,23.1137],[94.25,23.1254]]],[[[96.7994,23.1273],[96.7909,23.1281],[96.7972,23.1352],[96.7994,23.1273]]],[[[96.9496,23.1324],[96.942,23.1261],[96.9427,23.133],[96.9496,23.1324]]],[[[96.6825,23.1948],[96.6895,23.1996],[96.6917,23.1917],[96.6825,23.1948]]],[[[94.7661,23.2106],[94.7575,23.2114],[94.7638,23.2185],[94.7661,23.2106]]],[[[96.1916,23.201],[96.1773,23.1871],[96.1792,23.219],[96.1916,23.201]]],[[[96.2033,23.2179],[96.1911,23.2212],[96.2107,23.2208],[96.2033,23.2179]]],[[[94.2417,23.2417],[94.234,23.2417],[94.2374,23.2508],[94.2417,23.2417]]],[[[94.7911,23.2273],[94.7825,23.2281],[94.7888,23.2352],[94.7911,23.2273]]],[[[94.7911,23.244],[94.7825,23.2447],[94.7888,23.2518],[94.7911,23.244]]],[[[94.8167,23.3624],[94.8002,23.3624],[94.804,23.375],[94.8167,23.3624]]],[[[94.3083,23.3833],[94.3006,23.3833],[94.3041,23.3924],[94.3083,23.3833]]],[[[95.9042,23.3678],[95.8999,23.3827],[95.9042,23.4023],[95.9166,23.3831],[95.9042,23.3678]]],[[[95.0411,23.3856],[95.0325,23.3864],[95.0388,23.3935],[95.0411,23.3856]]],[[[96.0968,23.3758],[96.0926,23.3687],[96.0909,23.3702],[96.0968,23.3758]]],[[[96.8324,23.3754],[96.8261,23.3831],[96.833,23.3823],[96.8324,23.3754]]],[[[94.2994,23.3356],[94.2909,23.3364],[94.2972,23.3435],[94.2994,23.3356]]],[[[94.8411,23.3273],[94.8325,23.3281],[94.8388,23.3352],[94.8411,23.3273]]],[[[96.2244,23.3273],[96.2159,23.3281],[96.2222,23.3352],[96.2244,23.3273]]],[[[96.7739,23.327],[96.7596,23.3398],[96.7833,23.3417],[96.7739,23.327]]],[[[94.9,23.3417],[94.8923,23.3417],[94.8958,23.3508],[94.9,23.3417]]],[[[96.1994,23.3523],[96.1909,23.3531],[96.1972,23.3602],[96.1994,23.3523]]],[[[94.9383,23.3851],[94.9403,23.3485],[94.9294,23.3368],[94.9173,23.3712],[94.9383,23.3851]]],[[[96.1,23.3667],[96.1193,23.3707],[96.1729,23.3483],[96.132,23.3261],[96.1,23.3667]]],[[[96.825,23.375],[96.8131,23.3528],[96.7875,23.3444],[96.8021,23.3777],[96.825,23.375]]],[[[96.8333,23.3833],[96.8374,23.3994],[96.8581,23.3874],[96.8482,23.3846],[96.8333,23.3833]]],[[[96.1661,23.394],[96.1575,23.3947],[96.1638,23.4018],[96.1661,23.394]]],[[[96.8658,23.3968],[96.8728,23.3921],[96.8715,23.3909],[96.8658,23.3968]]],[[[96.8824,23.4004],[96.8761,23.4081],[96.883,23.4073],[96.8824,23.4004]]],[[[94.2917,23.2833],[94.2832,23.2933],[94.2874,23.3079],[94.2917,23.2833]]],[[[94.8,23.2833],[94.8092,23.2798],[94.8032,23.2742],[94.8,23.2833]]],[[[95.9333,23.3083],[95.9491,23.2968],[95.9458,23.2755],[95.9343,23.2786],[95.9333,23.3083]]],[[[94.8,23.2893],[94.7917,23.2864],[94.7958,23.3007],[94.8,23.2893]]],[[[96.7661,23.2856],[96.7575,23.2864],[96.7638,23.2935],[96.7661,23.2856]]],[[[96.7819,23.2572],[96.7781,23.1693],[96.7451,23.1964],[96.6879,23.1705],[96.7204,23.2322],[96.7699,23.2661],[96.7819,23.2572]]],[[[94.2794,23.2121],[94.2748,23.2358],[94.2791,23.2645],[94.2835,23.2426],[94.2794,23.2121]]],[[[96.7327,23.2606],[96.7242,23.2614],[96.7305,23.2685],[96.7327,23.2606]]],[[[95.6338,23.2582],[95.6124,23.2607],[95.6093,23.2769],[95.6454,23.2963],[95.6338,23.2582]]],[[[94.8178,23.2999],[94.8085,23.3101],[94.8209,23.3238],[94.8321,23.3127],[94.8178,23.2999]]],[[[95.6827,23.3106],[95.6742,23.3114],[95.6805,23.3185],[95.6827,23.3106]]],[[[95.9333,23.3083],[95.9105,23.3179],[95.9102,23.3314],[95.9312,23.3317],[95.9333,23.3083]]],[[[94.1833,23.475],[94.1868,23.4842],[94.1925,23.4782],[94.1833,23.475]]],[[[94.9827,23.6273],[94.9742,23.6281],[94.9805,23.6352],[94.9827,23.6273]]],[[[97.2329,23.6074],[97.2253,23.6011],[97.226,23.608],[97.2329,23.6074]]],[[[94.9591,23.6006],[94.9645,23.6059],[94.9667,23.6],[94.9591,23.6006]]],[[[97.2407,23.6103],[97.2365,23.6175],[97.2425,23.6118],[97.2407,23.6103]]],[[[97.2228,23.5921],[97.2158,23.5968],[97.225,23.6],[97.2228,23.5921]]],[[[97.2333,23.6],[97.2425,23.5965],[97.2365,23.5908],[97.2333,23.6]]],[[[97.1994,23.594],[97.1909,23.5947],[97.1972,23.6018],[97.1994,23.594]]],[[[95.4538,23.5938],[95.4419,23.6057],[95.447,23.6249],[95.4579,23.6202],[95.4538,23.5938]]],[[[97.3161,23.619],[97.3075,23.6197],[97.3138,23.6268],[97.3161,23.619]]],[[[97.3478,23.6331],[97.3405,23.6255],[97.3327,23.6292],[97.3478,23.6331]]],[[[94.9494,23.5023],[94.9409,23.5031],[94.9472,23.5102],[94.9494,23.5023]]],[[[96.7994,23.5273],[96.7909,23.5281],[96.7972,23.5352],[96.7994,23.5273]]],[[[94.9395,23.5505],[94.9325,23.5552],[94.9417,23.5583],[94.9395,23.5505]]],[[[94.9505,23.5585],[94.9584,23.5454],[94.9543,23.5185],[94.9435,23.5373],[94.9505,23.5585]]],[[[95.175,23.4833],[95.1673,23.4833],[95.1708,23.4924],[95.175,23.4833]]],[[[96.9161,23.4856],[96.9075,23.4864],[96.9138,23.4935],[96.9161,23.4856]]],[[[96.7667,23.4917],[96.7596,23.4988],[96.7749,23.4965],[96.7667,23.4917]]],[[[94.251,23.574],[94.2417,23.5833],[94.2579,23.5801],[94.251,23.574]]],[[[94.9469,23.5664],[94.9425,23.5589],[94.9458,23.5679],[94.9469,23.5664]]],[[[96.1506,23.5499],[96.1358,23.5627],[96.1601,23.5817],[96.1641,23.5628],[96.1506,23.5499]]],[[[97.2214,23.5747],[97.2065,23.5592],[97.2006,23.5625],[97.2214,23.5747]]],[[[95.8616,23.5679],[95.8494,23.5712],[95.869,23.5708],[95.8616,23.5679]]],[[[94.9687,23.5974],[94.9745,23.5739],[94.9583,23.5583],[94.9509,23.5935],[94.9687,23.5974]]],[[[97.2841,23.5756],[97.2895,23.5809],[97.2917,23.575],[97.2841,23.5756]]],[[[95.5661,23.8106],[95.5575,23.8114],[95.5638,23.8185],[95.5661,23.8106]]],[[[96.8408,23.8218],[96.8478,23.8171],[96.8465,23.8159],[96.8408,23.8218]]],[[[96.8833,23.7917],[96.8925,23.7882],[96.8865,23.7825],[96.8833,23.7917]]],[[[96.8883,23.8052],[96.8597,23.7881],[96.8711,23.8221],[96.8883,23.8052]]],[[[95.0052,23.7842],[95.001,23.777],[94.9992,23.7785],[95.0052,23.7842]]],[[[95.5744,23.769],[95.5659,23.7697],[95.5722,23.7768],[95.5744,23.769]]],[[[96.7911,23.769],[96.7825,23.7697],[96.7888,23.7768],[96.7911,23.769]]],[[[96.8562,23.7754],[96.8492,23.7802],[96.8583,23.7833],[96.8562,23.7754]]],[[[95.6267,23.7749],[95.621,23.7898],[95.654,23.8294],[95.6561,23.795],[95.6267,23.7749]]],[[[96.8163,23.789],[96.8001,23.7791],[96.8029,23.7914],[96.8163,23.789]]],[[[94.3083,23.6583],[94.3175,23.6548],[94.3115,23.6492],[94.3083,23.6583]]],[[[95.9506,23.6081],[95.937,23.6221],[95.9522,23.6957],[95.9703,23.7128],[95.9739,23.6656],[95.9506,23.6081]]],[[[94.324,23.7138],[94.2869,23.6123],[94.2275,23.5781],[94.2201,23.4881],[94.2181,23.593],[94.2424,23.6382],[94.2731,23.6576],[94.2877,23.7029],[94.2775,23.7208],[94.2981,23.7645],[94.3022,23.7233],[94.324,23.7138]]],[[[95.8661,23.7273],[95.8575,23.7281],[95.8638,23.7352],[95.8661,23.7273]]],[[[94.9866,23.6846],[94.9744,23.6878],[94.994,23.6875],[94.9866,23.6846]]],[[[97.3411,23.6856],[97.3325,23.6864],[97.3388,23.6935],[97.3411,23.6856]]],[[[95.9161,23.6856],[95.9075,23.6864],[95.9138,23.6935],[95.9161,23.6856]]],[[[95.7125,23.6745],[95.6997,23.6869],[95.7125,23.7107],[95.7254,23.6869],[95.7125,23.6745]]],[[[95.0735,23.7151],[95.0518,23.7025],[95.0516,23.7152],[95.0735,23.7151]]],[[[95.4744,23.7023],[95.4659,23.7031],[95.4722,23.7102],[95.4744,23.7023]]],[[[95.9167,23.7083],[95.9258,23.7048],[95.9198,23.6992],[95.9167,23.7083]]],[[[95.3579,23.7753],[95.4138,23.7628],[95.4069,23.7265],[95.382,23.7177],[95.3364,23.737],[95.3353,23.7637],[95.3579,23.7753]]],[[[95.9167,23.7083],[95.9008,23.7184],[95.9208,23.7477],[95.9237,23.7393],[95.9167,23.7083]]],[[[95.0087,23.7751],[95.025,23.7574],[95.0129,23.7356],[95.0008,23.7563],[95.0087,23.7751]]],[[[95.7667,23.7491],[95.75,23.7515],[95.7626,23.766],[95.7667,23.7491]]],[[[95.9494,23.7606],[95.9409,23.7614],[95.9472,23.7685],[95.9494,23.7606]]],[[[96.8839,23.4082],[96.9109,23.4404],[96.929,23.4466],[96.9066,23.4188],[96.8839,23.4082]]],[[[96.9906,23.4213],[96.9672,23.4208],[96.9791,23.4327],[96.9906,23.4213]]],[[[94.2375,23.2629],[94.2521,23.4442],[94.2621,23.4626],[94.2631,23.354],[94.2375,23.2629]]],[[[93.9728,23.4421],[93.9658,23.4468],[93.975,23.45],[93.9728,23.4421]]],[[[94.176,23.473],[94.1802,23.4658],[94.1742,23.4715],[94.176,23.473]]],[[[95.7503,23.4332],[95.6601,23.4852],[95.6455,23.5407],[95.6667,23.55],[95.7196,23.4946],[95.7715,23.4878],[95.7735,23.4463],[95.7503,23.4332]]],[[[96.8575,23.8254],[96.8511,23.8331],[96.858,23.8323],[96.8575,23.8254]]],[[[95.1459,23.8334],[95.1335,23.8455],[95.1339,23.8468],[95.1488,23.8482],[95.1459,23.8334]]],[[[96.1492,23.8468],[96.1562,23.8421],[96.1549,23.8409],[96.1492,23.8468]]],[[[96.8657,23.8353],[96.8615,23.8425],[96.8675,23.8368],[96.8657,23.8353]]],[[[95.5079,23.8556],[95.4918,23.8458],[95.4946,23.8581],[95.5079,23.8556]]],[[[97.2256,23.8165],[97.2112,23.8194],[97.2079,23.8446],[97.2251,23.8984],[97.2256,23.8165]]],[[[95.9124,23.8222],[95.8793,23.8273],[95.8539,23.9042],[95.8733,23.9618],[95.8371,23.9846],[95.8408,23.9985],[95.9069,23.9763],[95.9006,23.864],[95.9124,23.8222]]],[[[95.7262,24.354],[95.7625,24.3631],[95.7793,24.3381],[95.7965,24.345],[95.8151,24.3036],[95.7858,24.2667],[95.8078,24.2216],[95.7865,24.1717],[95.808,24.1356],[95.7971,24.052],[95.7779,24.0277],[95.729,24.088],[95.6555,23.9556],[95.6123,23.9314],[95.613,23.8844],[95.5712,23.868],[95.551,23.884],[95.5751,23.9472],[95.5512,24.0015],[95.5687,24.0381],[95.5985,24.0336],[95.5427,24.1264],[95.5972,24.1698],[95.5882,24.1807],[95.5688,24.1628],[95.5591,24.1775],[95.5952,24.2381],[95.6877,24.2453],[95.6126,24.2604],[95.6012,24.2749],[95.6445,24.2998],[95.6637,24.3363],[95.6906,24.4571],[95.7064,24.4516],[95.7262,24.354]]],[[[97.4408,16.7115],[97.4478,16.7162],[97.45,16.7083],[97.4408,16.7115]]],[[[97.0245,17.6332],[97.0182,17.6552],[97.0386,17.6558],[97.0274,17.647],[97.0245,17.6332]]],[[[97.1475,17.5297],[97.1667,17.5246],[97.1198,17.4722],[97.1191,17.4197],[97.1043,17.4453],[97.0748,17.4356],[97.07,17.4542],[97.0467,17.4623],[97.0872,17.4873],[97.0931,17.5203],[97.1214,17.496],[97.1475,17.5297]]],[[[97.101,17.548],[97.1052,17.5408],[97.0992,17.5465],[97.101,17.548]]],[[[97.1241,17.5534],[97.0964,17.5623],[97.0814,17.598],[97.1138,17.5892],[97.1241,17.5534]]],[[[97.124,17.613],[97.1005,17.6125],[97.1125,17.6244],[97.124,17.613]]],[[[97.1542,17.6016],[97.15,17.6161],[97.1542,17.6357],[97.1734,17.6207],[97.1542,17.6016]]],[[[97.15,17.65],[97.1429,17.6571],[97.1582,17.6548],[97.15,17.65]]],[[[97.4161,17.6606],[97.4075,17.6614],[97.4138,17.6685],[97.4161,17.6606]]],[[[97.4244,17.6773],[97.4159,17.6781],[97.4222,17.6852],[97.4244,17.6773]]],[[[97.7228,17.4581],[97.7155,17.4505],[97.7077,17.4542],[97.7228,17.4581]]],[[[97.7339,17.4322],[97.7415,17.4394],[97.7375,17.4244],[97.7339,17.4322]]],[[[97.9742,17.4115],[97.9812,17.4162],[97.9833,17.4083],[97.9742,17.4115]]],[[[98.0,17.429],[97.9928,17.4375],[98.0,17.4409],[98.0,17.429]]],[[[97.7329,17.4491],[97.7253,17.4428],[97.726,17.4497],[97.7329,17.4491]]],[[[97.9411,17.4356],[97.9325,17.4364],[97.9388,17.4435],[97.9411,17.4356]]],[[[97.975,17.45],[97.9842,17.4465],[97.9782,17.4408],[97.975,17.45]]],[[[97.9746,17.4574],[97.967,17.4511],[97.9677,17.458],[97.9746,17.4574]]],[[[97.9995,17.2725],[97.9879,17.2677],[97.9375,17.3463],[97.9356,17.3936],[97.9522,17.4055],[98.0,17.4007],[97.9995,17.2725]]],[[[97.5577,17.3356],[97.5492,17.3364],[97.5555,17.3435],[97.5577,17.3356]]],[[[97.5667,17.35],[97.5824,17.3385],[97.5793,17.3179],[97.5675,17.3287],[97.5667,17.35]]],[[[97.5667,17.35],[97.5572,17.3544],[97.5664,17.3573],[97.5667,17.35]]],[[[97.5676,17.3582],[97.5589,17.3705],[97.5623,17.3826],[97.5747,17.3706],[97.5676,17.3582]]],[[[97.9242,17.4032],[97.9312,17.4079],[97.9333,17.4],[97.9242,17.4032]]],[[[97.7911,17.4523],[97.7825,17.4531],[97.7888,17.4602],[97.7911,17.4523]]],[[[97.9663,17.4658],[97.9586,17.4594],[97.9594,17.4663],[97.9663,17.4658]]],[[[98.0,17.4744],[97.994,17.4689],[97.9911,17.4712],[98.0,17.4744]]],[[[97.8577,17.469],[97.8492,17.4697],[97.8555,17.4768],[97.8577,17.469]]],[[[97.9363,17.4741],[97.9583,17.4667],[97.9365,17.4522],[97.9363,17.4741]]],[[[97.8001,17.4855],[97.7834,17.4803],[97.7875,17.5023],[97.8001,17.4855]]],[[[97.95,17.5083],[97.9423,17.5083],[97.9458,17.5174],[97.95,17.5083]]],[[[97.7244,17.5273],[97.7159,17.5281],[97.7222,17.5352],[97.7244,17.5273]]],[[[97.7756,17.5155],[97.7831,17.5228],[97.7792,17.5077],[97.7756,17.5155]]],[[[97.8494,17.5106],[97.8409,17.5114],[97.8472,17.5185],[97.8494,17.5106]]],[[[97.7749,17.5397],[97.7667,17.53],[97.7708,17.5501],[97.7749,17.5397]]],[[[97.7333,17.6167],[97.7256,17.6167],[97.7291,17.6258],[97.7333,17.6167]]],[[[97.771,17.6236],[97.775,17.6167],[97.7655,17.6206],[97.771,17.6236]]],[[[97.8083,17.625],[97.8108,17.5885],[97.8537,17.5373],[97.8225,17.5445],[97.8065,17.5707],[97.795,17.5463],[97.7715,17.5614],[97.7797,17.6202],[97.7691,17.6537],[97.8083,17.625]]],[[[97.6184,17.6293],[97.6417,17.6333],[97.6374,17.6099],[97.6184,17.6293]]],[[[97.8083,17.625],[97.8124,17.6417],[97.8251,17.6291],[97.8145,17.6252],[97.8114,17.625],[97.8083,17.625]]],[[[97.4417,17.6667],[97.434,17.6667],[97.4374,17.6758],[97.4417,17.6667]]],[[[97.7917,17.6583],[97.784,17.6583],[97.7874,17.6674],[97.7917,17.6583]]],[[[97.8583,17.6667],[97.866,17.6657],[97.8625,17.6571],[97.8583,17.6667]]],[[[97.875,17.6667],[97.8842,17.6632],[97.8782,17.6575],[97.875,17.6667]]],[[[97.8978,17.6588],[97.8908,17.6635],[97.9,17.6667],[97.8978,17.6588]]],[[[97.8562,17.6746],[97.8492,17.6698],[97.8549,17.6758],[97.8562,17.6746]]],[[[97.8719,17.6747],[97.8675,17.6673],[97.8708,17.6762],[97.8719,17.6747]]],[[[97.25,17.6917],[97.2592,17.6882],[97.2532,17.6825],[97.25,17.6917]]],[[[97.1078,17.754],[97.0835,17.7543],[97.0886,17.7664],[97.1078,17.754]]],[[[97.2077,17.694],[97.1992,17.6947],[97.2055,17.7018],[97.2077,17.694]]],[[[97.2077,17.7273],[97.1992,17.7281],[97.2055,17.7352],[97.2077,17.7273]]],[[[97.2478,17.6998],[97.2405,17.6922],[97.2327,17.6959],[97.2478,17.6998]]],[[[97.3923,17.7335],[97.4159,17.7095],[97.4042,17.6845],[97.3923,17.6914],[97.3923,17.7335]]],[[[97.3916,17.7393],[97.3834,17.7364],[97.3875,17.7507],[97.3916,17.7393]]],[[[97.7075,17.7615],[97.7145,17.7662],[97.7167,17.7583],[97.7075,17.7615]]],[[[97.8258,17.7615],[97.8189,17.7662],[97.8202,17.7675],[97.8258,17.7615]]],[[[97.8508,17.7589],[97.8562,17.7642],[97.8583,17.7583],[97.8508,17.7589]]],[[[97.8116,17.7179],[97.7994,17.7212],[97.819,17.7208],[97.8116,17.7179]]],[[[97.7219,17.7558],[97.7707,17.689],[97.7667,17.6583],[97.7107,17.7131],[97.7319,17.7163],[97.7219,17.7558]]],[[[97.5945,17.7374],[97.625,17.7333],[97.6136,17.7115],[97.5867,17.7215],[97.5945,17.7374]]],[[[97.3917,17.7833],[97.384,17.7833],[97.3874,17.7924],[97.3917,17.7833]]],[[[97.6917,17.8],[97.7073,17.7986],[97.7071,17.7846],[97.6931,17.7844],[97.6917,17.8]]],[[[97.8077,17.7856],[97.7992,17.7864],[97.8055,17.7935],[97.8077,17.7856]]],[[[97.7583,17.8083],[97.7675,17.8048],[97.7615,17.7992],[97.7583,17.8083]]],[[[97.6895,17.8079],[97.6825,17.8032],[97.6882,17.8092],[97.6895,17.8079]]],[[[97.4833,16.675],[97.4868,16.6842],[97.4925,16.6782],[97.4833,16.675]]],[[[97.4602,16.6975],[97.4774,16.668],[97.4673,16.6696],[97.4602,16.6975]]],[[[97.4833,16.65],[97.4762,16.6571],[97.4915,16.6548],[97.4833,16.65]]],[[[97.4579,16.7074],[97.4503,16.7011],[97.451,16.708],[97.4579,16.7074]]],[[[96.7327,18.7023],[96.7242,18.7031],[96.7305,18.7102],[96.7327,18.7023]]],[[[96.7294,18.7402],[96.7333,18.7333],[96.7239,18.7373],[96.7294,18.7402]]],[[[97.4742,18.7635],[97.4812,18.7588],[97.4799,18.7575],[97.4742,18.7635]]],[[[97.5825,18.7615],[97.5895,18.7662],[97.5917,18.7583],[97.5825,18.7615]]],[[[97.8312,18.7588],[97.8242,18.7635],[97.8333,18.7667],[97.8312,18.7588]]],[[[97.0414,18.7698],[97.0339,18.7742],[97.0429,18.7709],[97.0414,18.7698]]],[[[97.4833,18.7669],[97.4929,18.7814],[97.4985,18.7817],[97.4966,18.7592],[97.4833,18.7669]]],[[[96.7645,18.6005],[96.7575,18.6052],[96.7667,18.6083],[96.7645,18.6005]]],[[[96.757,18.6573],[96.7522,18.6429],[96.742,18.6548],[96.757,18.6573]]],[[[97.3415,18.6723],[97.3336,18.6606],[97.3356,18.6748],[97.3415,18.6723]]],[[[97.3242,18.6782],[97.3312,18.6829],[97.3333,18.675],[97.3242,18.6782]]],[[[97.5812,18.6588],[97.5742,18.6635],[97.5833,18.6667],[97.5812,18.6588]]],[[[97.5244,18.6856],[97.5159,18.6864],[97.5222,18.6935],[97.5244,18.6856]]],[[[97.8592,18.5802],[97.8522,18.5755],[97.85,18.5833],[97.8592,18.5802]]],[[[97.6746,18.5908],[97.667,18.5844],[97.6677,18.5913],[97.6746,18.5908]]],[[[97.8744,18.5856],[97.8659,18.5864],[97.8722,18.5935],[97.8744,18.5856]]],[[[96.7872,18.6271],[96.8369,18.5865],[96.7726,18.5864],[96.7621,18.6386],[96.7891,18.6553],[96.7872,18.6271]]],[[[97.5329,18.6241],[97.5253,18.6178],[97.526,18.6247],[97.5329,18.6241]]],[[[97.8911,18.6023],[97.8825,18.6031],[97.8888,18.6102],[97.8911,18.6023]]],[[[97.3277,18.6123],[97.2943,18.6358],[97.2966,18.6695],[97.3307,18.6298],[97.3277,18.6123]]],[[[97.5158,18.6282],[97.5236,18.6306],[97.525,18.625],[97.5158,18.6282]]],[[[97.3577,18.6273],[97.3492,18.6281],[97.3555,18.6352],[97.3577,18.6273]]],[[[97.3422,18.6488],[97.3498,18.6561],[97.3459,18.641],[97.3422,18.6488]]],[[[97.5161,18.644],[97.5075,18.6447],[97.5138,18.6518],[97.5161,18.644]]],[[[97.8665,18.6561],[97.8589,18.6488],[97.8583,18.6583],[97.8665,18.6561]]],[[[97.5417,18.6458],[97.5252,18.6457],[97.529,18.6583],[97.5417,18.6458]]],[[[97.9329,18.6558],[97.9169,18.6447],[97.9195,18.658],[97.9329,18.6558]]],[[[97.9042,18.7125],[97.9132,18.6357],[97.9045,18.6288],[97.8927,18.6782],[97.9042,18.7125]]],[[[97.3091,18.7],[97.2917,18.6976],[97.2957,18.7162],[97.3091,18.7]]],[[[97.3744,18.7106],[97.3659,18.7114],[97.3722,18.7185],[97.3744,18.7106]]],[[[97.8664,18.7011],[97.8588,18.7074],[97.8657,18.708],[97.8664,18.7011]]],[[[97.8417,18.7374],[97.8252,18.7395],[97.8291,18.7501],[97.8417,18.7374]]],[[[96.5062,19.1838],[96.4992,19.1885],[96.5083,19.1917],[96.5062,19.1838]]],[[[96.3827,19.594],[96.3742,19.5947],[96.3805,19.6018],[96.3827,19.594]]],[[[96.3744,19.7292],[96.3511,19.7284],[96.3525,19.7409],[96.3744,19.7292]]],[[[96.4262,19.7255],[96.4189,19.7331],[96.434,19.7292],[96.4262,19.7255]]],[[[96.3991,19.7353],[96.3948,19.7425],[96.4008,19.7368],[96.3991,19.7353]]],[[[96.4242,19.8032],[96.4319,19.8056],[96.4333,19.8],[96.4242,19.8032]]],[[[96.3577,19.8356],[96.3492,19.8364],[96.3555,19.8435],[96.3577,19.8356]]],[[[96.474,19.8605],[96.4596,19.8731],[96.4833,19.875],[96.474,19.8605]]],[[[96.5008,19.8718],[96.4939,19.8671],[96.4917,19.875],[96.5008,19.8718]]],[[[96.5091,19.6506],[96.5145,19.6559],[96.5167,19.65],[96.5091,19.6506]]],[[[96.4831,19.6864],[96.4756,19.6909],[96.4846,19.6875],[96.4831,19.6864]]],[[[96.6869,18.9938],[96.6888,18.9688],[96.6686,18.9689],[96.6612,18.9796],[96.6869,18.9938]]],[[[96.8333,19.0083],[96.8256,19.0083],[96.8291,19.0174],[96.8333,19.0083]]],[[[96.879,18.9935],[96.8852,19.0214],[96.9,19.025],[96.897,19.0096],[96.879,18.9935]]],[[[97.6158,19.0032],[97.6228,19.0079],[97.625,19.0],[97.6158,19.0032]]],[[[97.9494,18.994],[97.9409,18.9947],[97.9472,19.0018],[97.9494,18.994]]],[[[96.8093,18.9397],[96.8135,18.9325],[96.8075,18.9382],[96.8093,18.9397]]],[[[96.8167,18.9417],[96.8176,18.9493],[96.8262,18.9459],[96.8167,18.9417]]],[[[96.8994,18.9356],[96.8909,18.9364],[96.8972,18.9435],[96.8994,18.9356]]],[[[97.2602,18.925],[97.2499,18.9323],[97.2554,18.9501],[97.2665,18.9451],[97.2602,18.925]]],[[[96.8494,18.944],[96.8409,18.9447],[96.8472,18.9518],[96.8494,18.944]]],[[[96.8075,18.9532],[96.8145,18.9579],[96.8167,18.95],[96.8075,18.9532]]],[[[97.9411,18.969],[97.9325,18.9697],[97.9388,18.9768],[97.9411,18.969]]],[[[97.9092,18.9782],[97.9022,18.9829],[97.9035,18.9842],[97.9092,18.9782]]],[[[97.975,18.9917],[97.9667,18.9965],[97.9708,19.0085],[97.975,18.9917]]],[[[96.8077,18.8356],[96.7992,18.8364],[96.8055,18.8435],[96.8077,18.8356]]],[[[97.2806,18.7937],[97.2667,18.8],[97.2839,18.7962],[97.2806,18.7937]]],[[[97.4684,18.8133],[97.5067,18.8177],[97.4917,18.7833],[97.4684,18.8133]]],[[[97.9312,18.8088],[97.9242,18.8135],[97.9333,18.8167],[97.9312,18.8088]]],[[[97.2255,18.8254],[97.2036,18.8353],[97.2,18.85],[97.2246,18.8469],[97.2255,18.8254]]],[[[97.2408,18.8385],[97.2478,18.8338],[97.2465,18.8325],[97.2408,18.8385]]],[[[97.4824,18.827],[97.4782,18.8342],[97.4842,18.8285],[97.4824,18.827]]],[[[97.256,18.8417],[97.253,18.8499],[97.2673,18.8459],[97.256,18.8417]]],[[[96.7478,18.9004],[96.7408,18.9052],[96.75,18.9083],[96.7478,18.9004]]],[[[96.9127,18.9152],[96.9167,18.9083],[96.9072,18.9123],[96.9127,18.9152]]],[[[97.2081,18.8614],[97.2006,18.8659],[97.2096,18.8625],[97.2081,18.8614]]],[[[97.2244,18.8606],[97.2159,18.8614],[97.2222,18.8685],[97.2244,18.8606]]],[[[97.2744,18.8606],[97.2659,18.8614],[97.2722,18.8685],[97.2744,18.8606]]],[[[97.2461,18.859],[97.234,18.8699],[97.2375,18.8857],[97.2492,18.8722],[97.2461,18.859]]],[[[97.2075,18.8885],[97.2145,18.8838],[97.2132,18.8825],[97.2075,18.8885]]],[[[97.2167,18.8917],[97.2176,18.8993],[97.2262,18.8959],[97.2167,18.8917]]],[[[97.9324,18.9187],[97.9282,18.9258],[97.9342,18.9202],[97.9324,18.9187]]],[[[97.2163,18.9074],[97.2086,18.9011],[97.2094,18.908],[97.2163,18.9074]]],[[[97.5911,18.9023],[97.5825,18.9031],[97.5888,18.9102],[97.5911,18.9023]]],[[[97.5388,18.9914],[97.5719,18.961],[97.5284,18.9301],[97.5373,18.8717],[97.5201,18.8695],[97.5034,18.8379],[97.4874,18.8543],[97.4974,18.8835],[97.4858,18.9081],[97.4949,18.9444],[97.5116,18.9539],[97.5032,18.9723],[97.5388,18.9914]],[[97.5,18.9417],[97.5077,18.934],[97.5078,18.941],[97.5,18.9417]]],[[[97.9327,19.0106],[97.9242,19.0114],[97.9305,19.0185],[97.9327,19.0106]]],[[[97.2167,19.0083],[97.2012,19.021],[97.2119,19.0322],[97.2238,19.021],[97.2167,19.0083]]],[[[97.2961,19.0177],[97.2846,19.0282],[97.2841,19.0299],[97.3069,19.0304],[97.2961,19.0177]]],[[[97.8161,19.0273],[97.8075,19.0281],[97.8138,19.0352],[97.8161,19.0273]]],[[[97.8328,19.0322],[97.8252,19.0394],[97.8333,19.0417],[97.8328,19.0322]]],[[[96.7492,19.1494],[96.7448,19.1419],[96.7417,19.15],[96.7492,19.1494]]],[[[96.7827,19.0856],[96.7742,19.0864],[96.7805,19.0935],[96.7827,19.0856]]],[[[96.8118,19.1105],[96.8042,19.0859],[96.7857,19.1045],[96.7961,19.1156],[96.8118,19.1105]]],[[[97.9827,19.069],[97.9742,19.0697],[97.9805,19.0768],[97.9827,19.069]]],[[[97.145,19.0846],[97.1328,19.0878],[97.1524,19.0875],[97.145,19.0846]]],[[[97.8825,19.0802],[97.8895,19.0755],[97.8882,19.0742],[97.8825,19.0802]]],[[[97.9911,19.0856],[97.9825,19.0864],[97.9888,19.0935],[97.9911,19.0856]]],[[[97.8998,19.0856],[97.8922,19.0928],[97.8959,19.1007],[97.8998,19.0856]]],[[[97.7324,19.0937],[97.7282,19.1008],[97.7342,19.0952],[97.7324,19.0937]]],[[[97.9738,19.0961],[97.9583,19.0991],[97.9624,19.1161],[97.9738,19.0961]]],[[[96.7643,19.0582],[96.7779,19.0428],[96.7583,19.0503],[96.7643,19.0582]]],[[[97.7911,19.0523],[97.7825,19.0531],[97.7888,19.0602],[97.7911,19.0523]]],[[[97.8744,19.0523],[97.8659,19.0531],[97.8722,19.0602],[97.8744,19.0523]]],[[[97.9577,19.0523],[97.9492,19.0531],[97.9555,19.0602],[97.9577,19.0523]]],[[[96.8083,19.05],[96.8175,19.0465],[96.8115,19.0408],[96.8083,19.05]]],[[[97.2232,19.0355],[97.2091,19.0466],[97.2325,19.0466],[97.2232,19.0355]]],[[[96.8062,19.0579],[96.7992,19.0532],[96.8049,19.0592],[96.8062,19.0579]]],[[[96.8911,19.044],[96.8825,19.0447],[96.8888,19.0518],[96.8911,19.044]]],[[[97.4661,19.044],[97.4575,19.0447],[97.4638,19.0518],[97.4661,19.044]]],[[[97.8145,19.0421],[97.8075,19.0468],[97.8167,19.05],[97.8145,19.0421]]],[[[97.5591,19.0506],[97.5636,19.0581],[97.5667,19.05],[97.5591,19.0506]]],[[[97.175,19.0631],[97.1559,19.0593],[97.1498,19.0626],[97.175,19.0631]]],[[[97.3167,19.075],[97.3258,19.0715],[97.3198,19.0658],[97.3167,19.075]]],[[[97.7978,19.0671],[97.7908,19.0718],[97.8,19.075],[97.7978,19.0671]]],[[[97.3162,19.0748],[97.2871,19.0882],[97.2856,19.0472],[97.2799,19.1462],[97.3162,19.0748]]],[[[96.8091,19.1173],[96.8136,19.1247],[96.8167,19.1167],[96.8091,19.1173]]],[[[97.0889,19.1187],[97.075,19.125],[97.0922,19.1212],[97.0889,19.1187]]],[[[97.9077,19.1106],[97.8992,19.1114],[97.9055,19.1185],[97.9077,19.1106]]],[[[97.8992,19.1302],[97.9062,19.1255],[97.9049,19.1242],[97.8992,19.1302]]],[[[97.6509,19.1365],[97.6439,19.1412],[97.6452,19.1425],[97.6509,19.1365]]],[[[97.9155,19.1352],[97.9088,19.1504],[97.9125,19.1584],[97.9155,19.1352]]],[[[97.5728,19.1504],[97.5658,19.1552],[97.575,19.1583],[97.5728,19.1504]]],[[[97.0741,19.152],[97.0698,19.1592],[97.0758,19.1535],[97.0741,19.152]]],[[[97.6577,19.1523],[97.6492,19.1531],[97.6555,19.1602],[97.6577,19.1523]]],[[[97.9583,19.1583],[97.95,19.1632],[97.9541,19.1752],[97.9583,19.1583]]],[[[97.7986,19.1823],[97.7938,19.1679],[97.7837,19.1798],[97.7986,19.1823]]],[[[96.6747,19.3594],[96.6671,19.3658],[96.674,19.3663],[96.6747,19.3594]]],[[[97.6158,19.3615],[97.6228,19.3662],[97.625,19.3583],[97.6158,19.3615]]],[[[97.9161,19.3606],[97.9075,19.3614],[97.9138,19.3685],[97.9161,19.3606]]],[[[97.8494,19.369],[97.8409,19.3697],[97.8472,19.3768],[97.8494,19.369]]],[[[97.875,19.1833],[97.8817,19.1132],[97.8395,19.0453],[97.8134,19.0597],[97.8209,19.0784],[97.8045,19.0816],[97.8286,19.0963],[97.7992,19.1203],[97.7432,19.1162],[97.7441,19.1465],[97.7601,19.1362],[97.786,19.1631],[97.7985,19.1368],[97.8201,19.145],[97.804,19.1652],[97.8242,19.1717],[97.845,19.1949],[97.875,19.1833]],[[97.8667,19.1333],[97.8744,19.1256],[97.8745,19.1326],[97.8667,19.1333]],[[97.8583,19.1],[97.866,19.0923],[97.8661,19.0993],[97.8583,19.1]],[[97.8167,19.1167],[97.8244,19.109],[97.8245,19.116],[97.8167,19.1167]]],[[[97.4158,19.1865],[97.4228,19.1912],[97.425,19.1833],[97.4158,19.1865]]],[[[97.9577,19.194],[97.9492,19.1947],[97.9555,19.2018],[97.9577,19.194]]],[[[97.6405,19.1711],[97.625,19.1741],[97.6291,19.1911],[97.6405,19.1711]]],[[[97.8175,19.1756],[97.8228,19.1809],[97.825,19.175],[97.8175,19.1756]]],[[[97.875,19.1833],[97.8761,19.1993],[97.8823,19.1992],[97.8828,19.1849],[97.8805,19.1836],[97.8784,19.1833],[97.875,19.1833]]],[[[96.6758,19.2115],[96.6689,19.2162],[96.6702,19.2175],[96.6758,19.2115]]],[[[97.2827,19.2023],[97.2742,19.2031],[97.2805,19.2102],[97.2827,19.2023]]],[[[97.7163,19.2158],[97.7086,19.2094],[97.7094,19.2163],[97.7163,19.2158]]],[[[97.5744,19.2106],[97.5659,19.2114],[97.5722,19.2185],[97.5744,19.2106]]],[[[97.8033,19.2013],[97.7911,19.2045],[97.8107,19.2042],[97.8033,19.2013]]],[[[97.8907,19.202],[97.8865,19.2092],[97.8925,19.2035],[97.8907,19.202]]],[[[97.8244,19.2356],[97.8159,19.2364],[97.8222,19.2435],[97.8244,19.2356]]],[[[97.2925,19.3385],[97.2855,19.3338],[97.2833,19.3417],[97.2925,19.3385]]],[[[97.7331,19.2531],[97.7256,19.2576],[97.7346,19.2542],[97.7331,19.2531]]],[[[97.5419,19.2894],[97.5495,19.2822],[97.5458,19.2744],[97.5419,19.2894]]],[[[97.5657,19.295],[97.5425,19.3056],[97.5458,19.3149],[97.5657,19.295]]],[[[97.8772,19.3002],[97.8845,19.3078],[97.8923,19.3041],[97.8772,19.3002]]],[[[97.8746,19.3158],[97.867,19.3094],[97.8677,19.3163],[97.8746,19.3158]]],[[[97.7579,19.3241],[97.7503,19.3178],[97.751,19.3247],[97.7579,19.3241]]],[[[97.8653,19.3323],[97.8605,19.3179],[97.8503,19.3298],[97.8653,19.3323]]],[[[97.4158,19.5302],[97.4228,19.5254],[97.4215,19.5242],[97.4158,19.5302]]],[[[97.4325,19.4865],[97.4395,19.4912],[97.4417,19.4833],[97.4325,19.4865]]],[[[97.6294,19.4923],[97.6174,19.5032],[97.6208,19.519],[97.6325,19.5056],[97.6294,19.4923]]],[[[97.6577,19.4523],[97.6492,19.4531],[97.6555,19.4602],[97.6577,19.4523]]],[[[97.7333,19.4583],[97.741,19.4574],[97.7375,19.4488],[97.7333,19.4583]]],[[[97.7728,19.4505],[97.7658,19.4552],[97.775,19.4583],[97.7728,19.4505]]],[[[97.7508,19.4615],[97.7439,19.4662],[97.7452,19.4675],[97.7508,19.4615]]],[[[97.7312,19.4662],[97.7242,19.4615],[97.7299,19.4675],[97.7312,19.4662]]],[[[97.7659,19.4744],[97.7614,19.4669],[97.7583,19.475],[97.7659,19.4744]]],[[[97.9994,19.4773],[97.9909,19.4781],[97.9972,19.4852],[97.9994,19.4773]]],[[[97.6811,19.6081],[97.6739,19.6005],[97.666,19.6042],[97.6811,19.6081]]],[[[97.6661,19.5773],[97.6575,19.5781],[97.6638,19.5852],[97.6661,19.5773]]],[[[97.6917,19.575],[97.684,19.575],[97.6874,19.5841],[97.6917,19.575]]],[[[97.7163,19.6241],[97.7086,19.6178],[97.7094,19.6247],[97.7163,19.6241]]],[[[97.6627,19.6319],[97.6667,19.625],[97.6572,19.629],[97.6627,19.6319]]],[[[97.4228,19.5498],[97.4155,19.5422],[97.4077,19.5459],[97.4228,19.5498]]],[[[97.4324,19.5337],[97.4261,19.5414],[97.433,19.5407],[97.4324,19.5337]]],[[[97.6994,19.5356],[97.6909,19.5364],[97.6972,19.5435],[97.6994,19.5356]]],[[[97.4175,19.5635],[97.4105,19.5588],[97.4083,19.5667],[97.4175,19.5635]]],[[[97.4411,19.57],[97.4318,19.5524],[97.4275,19.5513],[97.4283,19.5818],[97.4411,19.57]]],[[[97.7329,19.5609],[97.7169,19.5628],[97.7333,19.575],[97.7329,19.5609]]],[[[97.4178,19.7172],[97.4106,19.7248],[97.4257,19.7209],[97.4178,19.7172]]],[[[97.6744,19.719],[97.6659,19.7197],[97.6722,19.7268],[97.6744,19.719]]],[[[97.6562,19.7255],[97.6492,19.7302],[97.6583,19.7333],[97.6562,19.7255]]],[[[97.7561,19.7498],[97.7489,19.7422],[97.741,19.7459],[97.7561,19.7498]]],[[[97.7164,19.7761],[97.7088,19.7824],[97.7157,19.783],[97.7164,19.7761]]],[[[97.7247,19.7864],[97.7173,19.7909],[97.7262,19.7875],[97.7247,19.7864]]],[[[97.7407,19.8437],[97.7365,19.8508],[97.7425,19.8452],[97.7407,19.8437]]],[[[97.4244,19.844],[97.4159,19.8447],[97.4222,19.8518],[97.4244,19.844]]],[[[97.7627,19.8819],[97.7667,19.875],[97.7572,19.879],[97.7627,19.8819]]],[[[97.5371,19.6354],[97.5332,19.6553],[97.5375,19.674],[97.5418,19.652],[97.5371,19.6354]]],[[[97.5411,19.694],[97.5325,19.6947],[97.5388,19.7018],[97.5411,19.694]]],[[[97.6333,19.7083],[97.6411,19.6961],[97.6377,19.684],[97.6251,19.6973],[97.6333,19.7083]]],[[[97.6333,19.7083],[97.6343,19.716],[97.6429,19.7125],[97.6333,19.7083]]],[[[97.5866,19.3929],[97.5744,19.3962],[97.594,19.3958],[97.5866,19.3929]]],[[[97.9161,19.3773],[97.9075,19.3781],[97.9138,19.3852],[97.9161,19.3773]]],[[[97.7827,19.4356],[97.7742,19.4364],[97.7805,19.4435],[97.7827,19.4356]]],[[[97.9959,19.4573],[98.0,19.425],[97.986,19.4275],[97.9959,19.4573]]],[[[96.1333,19.925],[96.1256,19.925],[96.1291,19.9341],[96.1333,19.925]]],[[[93.6744,20.119],[93.6659,20.1197],[93.6722,20.1268],[93.6744,20.119]]],[[[93.7917,20.1583],[93.8008,20.1548],[93.7948,20.1492],[93.7917,20.1583]]],[[[93.8244,20.1273],[93.8159,20.1281],[93.8222,20.1352],[93.8244,20.1273]]],[[[94.3497,20.1364],[94.3423,20.1409],[94.3512,20.1375],[94.3497,20.1364]]],[[[93.7994,20.1356],[93.7909,20.1364],[93.7972,20.1435],[93.7994,20.1356]]],[[[94.2978,20.0338],[94.2908,20.0385],[94.3,20.0417],[94.2978,20.0338]]],[[[93.5333,20.2167],[93.5256,20.2167],[93.5291,20.2258],[93.5333,20.2167]]],[[[93.7083,20.3],[93.6989,20.3044],[93.708,20.3073],[93.7083,20.3]]],[[[93.8161,20.3023],[93.8075,20.3031],[93.8138,20.3102],[93.8161,20.3023]]],[[[96.5083,20.3167],[96.516,20.3157],[96.5125,20.3071],[96.5083,20.3167]]],[[[96.5062,20.3246],[96.4992,20.3198],[96.5049,20.3258],[96.5062,20.3246]]],[[[93.7907,20.327],[93.7865,20.3342],[93.7925,20.3285],[93.7907,20.327]]],[[[93.6161,20.3356],[93.6075,20.3364],[93.6138,20.3435],[93.6161,20.3356]]],[[[93.845,20.3429],[93.8328,20.3462],[93.8524,20.3458],[93.845,20.3429]]],[[[93.9908,20.3532],[93.9978,20.3579],[94.0,20.35],[93.9908,20.3532]]],[[[94.0,20.1833],[93.9923,20.1833],[93.9958,20.1924],[94.0,20.1833]]],[[[93.7916,20.1643],[93.7834,20.1614],[93.7875,20.1757],[93.7916,20.1643]]],[[[93.6661,20.2523],[93.6575,20.2531],[93.6638,20.2602],[93.6661,20.2523]]],[[[93.6908,20.2052],[93.6978,20.2005],[93.6965,20.1992],[93.6908,20.2052]]],[[[93.9244,20.194],[93.9159,20.1947],[93.9222,20.2018],[93.9244,20.194]]],[[[96.5175,20.2052],[96.5105,20.2005],[96.5083,20.2083],[96.5175,20.2052]]],[[[93.9411,20.2273],[93.9325,20.2281],[93.9388,20.2352],[93.9411,20.2273]]],[[[93.7333,20.2167],[93.7322,20.2023],[93.7201,20.1926],[93.7181,20.2064],[93.7333,20.2167]]],[[[93.7,20.2083],[93.7035,20.2175],[93.7092,20.2115],[93.7,20.2083]]],[[[97.9411,20.2273],[97.9325,20.2281],[97.9388,20.2352],[97.9411,20.2273]]],[[[93.7333,20.2167],[93.7011,20.2358],[93.6951,20.2547],[93.7228,20.2359],[93.7728,20.2432],[93.7657,20.2217],[93.7468,20.2289],[93.7434,20.2277],[93.7358,20.2178],[93.7339,20.2166],[93.7333,20.2167]]],[[[93.9911,20.2523],[93.9825,20.2531],[93.9888,20.2602],[93.9911,20.2523]]],[[[94.075,20.275],[94.0611,20.2687],[94.0578,20.2712],[94.075,20.275]]],[[[93.7083,20.3],[93.7101,20.3],[93.7123,20.2997],[93.7145,20.2988],[93.7247,20.2868],[93.7097,20.2844],[93.7083,20.3]]],[[[93.3667,20.6583],[93.3584,20.6632],[93.3624,20.6752],[93.3667,20.6583]]],[[[93.4918,20.5922],[93.4673,20.6182],[93.4626,20.6459],[93.477,20.6543],[93.4778,20.6227],[93.495,20.6209],[93.5025,20.5983],[93.4918,20.5922]]],[[[94.1157,20.652],[94.1115,20.6592],[94.1175,20.6535],[94.1157,20.652]]],[[[96.4242,20.6532],[96.4319,20.6556],[96.4333,20.65],[96.4242,20.6532]]],[[[96.4077,20.6773],[96.3992,20.6781],[96.4055,20.6852],[96.4077,20.6773]]],[[[94.0508,20.6756],[94.0562,20.6809],[94.0583,20.675],[94.0508,20.6756]]],[[[96.2812,20.6671],[96.2742,20.6718],[96.2833,20.675],[96.2812,20.6671]]],[[[93.4992,20.5365],[93.5069,20.5389],[93.5083,20.5333],[93.4992,20.5365]]],[[[93.4885,20.5675],[93.4843,20.5603],[93.4825,20.5618],[93.4885,20.5675]]],[[[93.4917,20.5583],[93.5008,20.5548],[93.4948,20.5492],[93.4917,20.5583]]],[[[94.3411,20.5523],[94.3325,20.5531],[94.3388,20.5602],[94.3411,20.5523]]],[[[93.5366,20.4605],[93.5315,20.4969],[93.547,20.4613],[93.5366,20.4605]]],[[[93.5176,20.4814],[93.5219,20.4742],[93.5159,20.4798],[93.5176,20.4814]]],[[[93.5917,20.475],[93.6008,20.4715],[93.5948,20.4658],[93.5917,20.475]]],[[[93.5917,20.475],[93.5822,20.4794],[93.5914,20.4823],[93.5917,20.475]]],[[[93.5991,20.4853],[93.5948,20.4925],[93.6008,20.4868],[93.5991,20.4853]]],[[[93.6492,20.4661],[93.6448,20.4586],[93.6417,20.4667],[93.6492,20.4661]]],[[[93.8258,20.4718],[93.8189,20.4671],[93.8167,20.475],[93.8258,20.4718]]],[[[96.2833,20.5],[96.2694,20.4937],[96.2662,20.4962],[96.2833,20.5]]],[[[93.525,20.525],[93.5422,20.5245],[93.5494,20.5209],[93.5297,20.5084],[93.525,20.525]]],[[[93.6324,20.4952],[93.6186,20.4866],[93.6025,20.5138],[93.6206,20.5154],[93.6324,20.4952]]],[[[94.325,20.5167],[94.3166,20.5266],[94.3208,20.5413],[94.325,20.5167]]],[[[93.5234,20.5328],[93.5091,20.5261],[93.5092,20.5323],[93.5234,20.5328]]],[[[93.5411,20.5356],[93.5325,20.5364],[93.5388,20.5435],[93.5411,20.5356]]],[[[93.6041,20.5392],[93.5786,20.5123],[93.562,20.5703],[93.5872,20.5623],[93.6041,20.5392]]],[[[93.4855,20.5905],[93.4903,20.5761],[93.4753,20.5785],[93.4855,20.5905]]],[[[93.3411,20.7606],[93.3325,20.7614],[93.3388,20.7685],[93.3411,20.7606]]],[[[96.3744,20.9023],[96.3659,20.9031],[96.3722,20.9102],[96.3744,20.9023]]],[[[93.3744,20.8023],[93.3659,20.8031],[93.3722,20.8102],[93.3744,20.8023]]],[[[93.5753,20.8083],[93.5762,20.8227],[93.5883,20.8324],[93.5908,20.8195],[93.5753,20.8083]]],[[[93.5228,20.8498],[93.5155,20.8422],[93.5077,20.8459],[93.5228,20.8498]]],[[[96.2875,20.8114],[96.2619,20.8355],[96.2766,20.8471],[96.2981,20.8261],[96.2875,20.8114]]],[[[96.4627,20.8173],[96.4507,20.8282],[96.4542,20.844],[96.4658,20.8306],[96.4627,20.8173]]],[[[96.375,20.8417],[96.3842,20.8382],[96.3782,20.8325],[96.375,20.8417]]],[[[96.3746,20.8491],[96.367,20.8428],[96.3677,20.8497],[96.3746,20.8491]]],[[[93.3577,20.8773],[93.3492,20.8781],[93.3555,20.8852],[93.3577,20.8773]]],[[[93.4458,20.8345],[93.4422,20.8624],[93.4583,20.8667],[93.4575,20.8454],[93.4458,20.8345]]],[[[96.4127,20.8371],[96.4081,20.8608],[96.4125,20.8895],[96.4168,20.8676],[96.4127,20.8371]]],[[[96.4494,20.8773],[96.4409,20.8781],[96.4472,20.8852],[96.4494,20.8773]]],[[[93.3583,20.7],[93.3506,20.7],[93.3541,20.7091],[93.3583,20.7]]],[[[96.2593,20.7064],[96.2635,20.6992],[96.2575,20.7048],[96.2593,20.7064]]],[[[94.2244,20.7023],[94.2159,20.7031],[94.2222,20.7102],[94.2244,20.7023]]],[[[96.2726,20.7084],[96.2697,20.7166],[96.284,20.7125],[96.2726,20.7084]]],[[[94.1667,20.725],[94.1758,20.7215],[94.1698,20.7158],[94.1667,20.725]]],[[[96.5062,20.7171],[96.4992,20.7218],[96.5083,20.725],[96.5062,20.7171]]],[[[94.1635,20.7342],[94.1593,20.727],[94.1575,20.7285],[94.1635,20.7342]]],[[[93.4577,20.7356],[93.4492,20.7364],[93.4555,20.7435],[93.4577,20.7356]]],[[[94.2077,20.7356],[94.1992,20.7364],[94.2055,20.7435],[94.2077,20.7356]]],[[[96.3827,20.744],[96.3742,20.7447],[96.3805,20.7518],[96.3827,20.744]]],[[[94.1506,20.7488],[94.1581,20.7561],[94.1542,20.741],[94.1506,20.7488]]],[[[94.2827,20.7523],[94.2742,20.7531],[94.2805,20.7602],[94.2827,20.7523]]],[[[93.4744,20.769],[93.4659,20.7697],[93.4722,20.7768],[93.4744,20.769]]],[[[96.27,20.7929],[96.2578,20.7962],[96.2774,20.7958],[96.27,20.7929]]],[[[94.15,20.7583],[94.1418,20.767],[94.1453,20.7906],[94.157,20.7708],[94.15,20.7583]]],[[[94.2672,20.7738],[94.2748,20.7811],[94.2709,20.766],[94.2672,20.7738]]],[[[93.5744,20.4023],[93.5659,20.4031],[93.5722,20.4102],[93.5744,20.4023]]],[[[93.9116,20.4263],[93.8994,20.4295],[93.919,20.4292],[93.9116,20.4263]]],[[[93.5911,20.394],[93.5825,20.3947],[93.5888,20.4018],[93.5911,20.394]]],[[[94.2008,20.3923],[94.2053,20.3997],[94.2083,20.3917],[94.2008,20.3923]]],[[[93.8994,20.394],[93.8909,20.3947],[93.8972,20.4018],[93.8994,20.394]]],[[[93.845,20.4013],[93.8328,20.4045],[93.8524,20.4042],[93.845,20.4013]]],[[[93.8842,20.4052],[93.8772,20.4004],[93.875,20.4083],[93.8842,20.4052]]],[[[93.6167,20.3667],[93.609,20.3667],[93.6124,20.3758],[93.6167,20.3667]]],[[[93.8166,20.3706],[93.8004,20.3692],[93.8,20.3833],[93.8166,20.3706]]],[[[93.637,20.3703],[93.6103,20.4044],[93.627,20.4216],[93.6365,20.4123],[93.637,20.3703]]],[[[96.3155,20.3877],[96.2928,20.3791],[96.3043,20.3988],[96.3155,20.3877]]],[[[93.9592,20.3885],[93.9522,20.3838],[93.95,20.3917],[93.9592,20.3885]]],[[[98.0,20.3857],[97.9992,20.3867],[98.0,20.3881],[98.0,20.3857]]],[[[93.9322,20.3623],[93.9079,20.3504],[93.8934,20.3624],[93.9161,20.3669],[93.9322,20.3623]]],[[[96.4998,20.3644],[96.4922,20.3572],[96.4917,20.3667],[96.4998,20.3644]]],[[[93.6093,20.4397],[93.6135,20.4325],[93.6075,20.4382],[93.6093,20.4397]]],[[[93.6544,20.4486],[93.6583,20.4417],[93.6489,20.4456],[93.6544,20.4486]]],[[[93.8417,20.4333],[93.8334,20.4382],[93.8374,20.4502],[93.8417,20.4333]]],[[[93.6241,20.4421],[93.6178,20.4497],[93.6247,20.449],[93.6241,20.4421]]],[[[96.2911,20.444],[96.2825,20.4447],[96.2888,20.4518],[96.2911,20.444]]],[[[93.0661,21.0273],[93.0575,21.0281],[93.0638,21.0352],[93.0661,21.0273]]],[[[96.3074,21.0437],[96.3032,21.0508],[96.3092,21.0452],[96.3074,21.0437]]],[[[92.9661,21.244],[92.9575,21.2447],[92.9638,21.2518],[92.9661,21.244]]],[[[93.1327,21.0606],[93.1242,21.0614],[93.1305,21.0685],[93.1327,21.0606]]],[[[93.0543,21.05],[93.0418,21.0622],[93.0422,21.0635],[93.0572,21.0648],[93.0543,21.05]]],[[[93.2494,21.0856],[93.2409,21.0864],[93.2472,21.0935],[93.2494,21.0856]]],[[[93.325,21.0833],[93.3285,21.0925],[93.3342,21.0865],[93.325,21.0833]]],[[[94.2244,21.0773],[94.2159,21.0781],[94.2222,21.0852],[94.2244,21.0773]]],[[[94.3167,21.1],[94.3076,21.1084],[94.321,21.1245],[94.3245,21.1121],[94.3167,21.1]]],[[[94.2661,21.0606],[94.2575,21.0614],[94.2638,21.0685],[94.2661,21.0606]]],[[[93.3667,21.15],[93.3797,21.0786],[93.3711,21.0629],[93.3345,21.149],[93.3427,21.1874],[93.3667,21.15]]],[[[94.1998,21.1322],[94.1758,21.1369],[94.1959,21.1566],[94.1998,21.1322]]],[[[93.3661,21.1773],[93.3575,21.1781],[93.3638,21.1852],[93.3661,21.1773]]],[[[93.3667,21.15],[93.3702,21.1592],[93.3758,21.1532],[93.3667,21.15]]],[[[96.2497,21.1781],[96.2423,21.1826],[96.2512,21.1792],[96.2497,21.1781]]],[[[93.325,21.22],[93.3171,21.2079],[93.3167,21.225],[93.325,21.22]]],[[[96.1941,21.228],[96.2713,21.2142],[96.2306,21.1778],[96.2532,21.1623],[96.2735,21.1756],[96.279,21.1554],[96.2534,21.1286],[96.2629,21.0961],[96.2812,21.0892],[96.2476,21.0613],[96.2091,21.0598],[96.2127,21.1965],[96.1941,21.228]]],[[[94.175,21.2],[94.2062,21.1967],[94.1977,21.1773],[94.1845,21.1775],[94.175,21.2]]],[[[94.1719,21.2092],[94.1676,21.202],[94.1659,21.2035],[94.1719,21.2092]]],[[[94.1994,21.2273],[94.1909,21.2281],[94.1972,21.2352],[94.1994,21.2273]]],[[[94.275,21.225],[94.2673,21.225],[94.2708,21.2341],[94.275,21.225]]],[[[94.1827,21.2523],[94.1742,21.2531],[94.1805,21.2602],[94.1827,21.2523]]],[[[93.3577,21.2606],[93.3492,21.2614],[93.3555,21.2685],[93.3577,21.2606]]],[[[94.1411,21.2606],[94.1325,21.2614],[94.1388,21.2685],[94.1411,21.2606]]],[[[92.8917,21.3667],[92.884,21.3667],[92.8874,21.3758],[92.8917,21.3667]]],[[[92.9843,21.348],[92.9885,21.3408],[92.9825,21.3465],[92.9843,21.348]]],[[[94.1075,21.3365],[94.1152,21.3389],[94.1167,21.3333],[94.1075,21.3365]]],[[[96.4508,21.3615],[96.4439,21.3662],[96.4452,21.3675],[96.4508,21.3615]]],[[[94.0744,21.369],[94.0659,21.3697],[94.0722,21.3768],[94.0744,21.369]]],[[[96.3494,21.369],[96.3409,21.3697],[96.3472,21.3768],[96.3494,21.369]]],[[[94.1661,21.3773],[94.1575,21.3781],[94.1638,21.3852],[94.1661,21.3773]]],[[[96.4333,21.375],[96.4256,21.375],[96.4291,21.3841],[96.4333,21.375]]],[[[94.0911,21.394],[94.0825,21.3947],[94.0888,21.4018],[94.0911,21.394]]],[[[92.7327,21.4908],[92.7333,21.4917],[92.7333,21.4896],[92.7327,21.4908]]],[[[93.0083,21.4583],[93.0175,21.4548],[93.0115,21.4492],[93.0083,21.4583]]],[[[93.0061,21.4665],[92.9989,21.4589],[92.991,21.4625],[93.0061,21.4665]]],[[[96.5312,21.4588],[96.5242,21.4635],[96.5333,21.4667],[96.5312,21.4588]]],[[[94.2911,21.4606],[94.2825,21.4614],[94.2888,21.4685],[94.2911,21.4606]]],[[[94.2244,21.4606],[94.2159,21.4614],[94.2222,21.4685],[94.2244,21.4606]]],[[[93.1333,21.4583],[93.1249,21.4683],[93.1291,21.4829],[93.1333,21.4583]]],[[[93.275,21.425],[93.2667,21.4299],[93.2708,21.4419],[93.275,21.425]]],[[[94.3077,21.419],[94.2992,21.4197],[94.3055,21.4268],[94.3077,21.419]]],[[[96.3663,21.423],[96.3586,21.4107],[96.3606,21.4248],[96.3663,21.423]]],[[[94.2994,21.4356],[94.2909,21.4364],[94.2972,21.4435],[94.2994,21.4356]]],[[[96.3492,21.4282],[96.3562,21.4329],[96.3583,21.425],[96.3492,21.4282]]],[[[96.4246,21.4408],[96.417,21.4344],[96.4177,21.4413],[96.4246,21.4408]]],[[[96.4144,21.4498],[96.4072,21.4422],[96.3994,21.4459],[96.4144,21.4498]]],[[[96.3242,21.4802],[96.3312,21.4755],[96.3299,21.4742],[96.3242,21.4802]]],[[[96.3333,21.4833],[96.3368,21.4925],[96.3425,21.4865],[96.3333,21.4833]]],[[[96.5592,21.4885],[96.5522,21.4838],[96.55,21.4917],[96.5592,21.4885]]],[[[92.9994,21.2856],[92.9909,21.2864],[92.9972,21.2935],[92.9994,21.2856]]],[[[94.125,21.3167],[94.1342,21.3132],[94.1282,21.3075],[94.125,21.3167]]],[[[93.2068,21.3114],[93.2026,21.2856],[93.1785,21.3051],[93.2068,21.3114]]],[[[94.0996,21.2991],[94.092,21.2928],[94.0927,21.2997],[94.0996,21.2991]]],[[[93.2745,21.2959],[93.259,21.3173],[93.2624,21.3238],[93.2745,21.2959]]],[[[93.1994,21.269],[93.1909,21.2697],[93.1972,21.2768],[93.1994,21.269]]],[[[94.1083,21.2833],[94.1175,21.2798],[94.1115,21.2742],[94.1083,21.2833]]],[[[93.2492,21.2885],[93.2562,21.2838],[93.2549,21.2825],[93.2492,21.2885]]],[[[94.1079,21.2908],[94.1003,21.2844],[94.101,21.2913],[94.1079,21.2908]]],[[[93.0159,21.3259],[92.9722,21.3784],[92.9465,21.3964],[92.9885,21.403],[93.0464,21.3568],[93.0484,21.3296],[93.0159,21.3259]]],[[[93.1994,21.3273],[93.1909,21.3281],[93.1972,21.3352],[93.1994,21.3273]]],[[[94.1378,21.3213],[94.1195,21.3274],[94.1289,21.3494],[94.1626,21.3622],[94.1549,21.3456],[94.1786,21.3034],[94.1378,21.3213]]],[[[93.1996,21.4386],[93.199,21.3509],[93.1779,21.3473],[93.1573,21.2688],[93.1577,21.369],[93.1441,21.3964],[93.1538,21.4117],[93.1779,21.3946],[93.1906,21.4281],[93.1665,21.4699],[93.1862,21.4675],[93.1996,21.4386]]],[[[92.6917,21.6083],[92.7008,21.6048],[92.6948,21.5992],[92.6917,21.6083]]],[[[92.6994,21.5648],[92.6916,21.5785],[92.6925,21.583],[92.708,21.5794],[92.6994,21.5648]]],[[[92.6902,21.6082],[92.669,21.6284],[92.6781,21.6398],[92.6903,21.6305],[92.6902,21.6082]]],[[[92.7218,21.6592],[92.7176,21.652],[92.7159,21.6535],[92.7218,21.6592]]],[[[94.2294,21.6569],[94.2333,21.65],[94.2239,21.654],[94.2294,21.6569]]],[[[92.5414,21.8737],[92.5364,21.8721],[92.5366,21.8749],[92.5414,21.8737]]],[[[92.8411,21.9023],[92.8325,21.9031],[92.8388,21.9102],[92.8411,21.9023]]],[[[94.5033,21.9013],[94.4911,21.9045],[94.5107,21.9042],[94.5033,21.9013]]],[[[92.5417,21.9],[92.5452,21.9092],[92.5508,21.9032],[92.5417,21.9]]],[[[92.5417,21.9],[92.5308,21.8848],[92.5031,21.9399],[92.5189,21.9628],[92.5417,21.9]]],[[[94.2915,21.9145],[94.275,21.9124],[94.2876,21.9251],[94.2915,21.9145]]],[[[92.9661,21.9523],[92.9575,21.9531],[92.9638,21.9602],[92.9661,21.9523]]],[[[92.9833,21.9583],[92.9756,21.9583],[92.9791,21.9674],[92.9833,21.9583]]],[[[93.9417,21.9583],[93.9508,21.9548],[93.9448,21.9492],[93.9417,21.9583]]],[[[92.5895,21.8421],[92.5825,21.8468],[92.5917,21.85],[92.5895,21.8421]]],[[[92.6827,21.8523],[92.6742,21.8531],[92.6805,21.8602],[92.6827,21.8523]]],[[[92.6917,21.825],[92.684,21.825],[92.6874,21.8341],[92.6917,21.825]]],[[[92.8417,21.8],[92.8508,21.7965],[92.8448,21.7908],[92.8417,21.8]]],[[[92.8994,21.794],[92.8909,21.7947],[92.8972,21.8018],[92.8994,21.794]]],[[[92.8414,21.7999],[92.8334,21.8072],[92.8375,21.8328],[92.8413,21.8242],[92.8414,21.7999]]],[[[93.9914,21.8011],[93.9838,21.8074],[93.9907,21.808],[93.9914,21.8011]]],[[[94.0008,21.8115],[93.9939,21.8162],[93.9952,21.8175],[94.0008,21.8115]]],[[[92.9827,21.8273],[92.9742,21.8281],[92.9805,21.8352],[92.9827,21.8273]]],[[[96.7707,21.8667],[96.7794,21.8833],[96.783,21.8696],[96.7707,21.8667]]],[[[96.7663,21.8824],[96.7586,21.8761],[96.7594,21.883],[96.7663,21.8824]]],[[[96.7583,21.8833],[96.7291,21.8751],[96.7036,21.8791],[96.7459,21.898],[96.7583,21.8833]]],[[[92.6492,21.6968],[92.6562,21.6921],[92.6549,21.6909],[92.6492,21.6968]]],[[[92.8417,21.75],[92.8335,21.7542],[92.8375,21.7748],[92.8417,21.75]]],[[[92.9,21.775],[92.8923,21.775],[92.8958,21.7841],[92.9,21.775]]],[[[93.0052,21.7508],[93.001,21.7437],[92.9992,21.7452],[93.0052,21.7508]]],[[[96.4552,21.7508],[96.451,21.7437],[96.4492,21.7452],[96.4552,21.7508]]],[[[94.2667,21.7667],[94.259,21.7667],[94.2624,21.7758],[94.2667,21.7667]]],[[[96.4581,21.7728],[96.4506,21.7655],[96.45,21.775],[96.4581,21.7728]]],[[[92.9024,21.7208],[92.8842,21.724],[92.8873,21.7334],[92.9024,21.7208]]],[[[96.5895,21.7171],[96.5825,21.7218],[96.5917,21.725],[96.5895,21.7171]]],[[[94.2492,21.7198],[94.2569,21.7222],[94.2583,21.7167],[94.2492,21.7198]]],[[[93.0083,21.7417],[93.0175,21.7382],[93.0115,21.7325],[93.0083,21.7417]]],[[[94.2411,21.7023],[94.2325,21.7031],[94.2388,21.7102],[94.2411,21.7023]]],[[[93.5978,21.6921],[93.5908,21.6968],[93.6,21.7],[93.5978,21.6921]]],[[[93.0091,21.6756],[93.0145,21.6809],[93.0167,21.675],[93.0091,21.6756]]],[[[93.0018,21.7062],[93.0159,21.6951],[92.9925,21.6951],[93.0018,21.7062]]],[[[93.0083,21.7083],[93.0118,21.7175],[93.0175,21.7115],[93.0083,21.7083]]],[[[96.5495,21.7155],[96.5419,21.7228],[96.55,21.725],[96.5495,21.7155]]],[[[93.5653,21.6955],[93.5504,21.6927],[93.5504,21.7168],[93.5653,21.6955]]],[[[96.4583,21.7417],[96.4881,21.722],[96.4884,21.7184],[96.4624,21.718],[96.4583,21.7417]]],[[[96.2661,21.7773],[96.2575,21.7781],[96.2638,21.7852],[96.2661,21.7773]]],[[[92.6584,21.7004],[92.647,21.8036],[92.6278,21.7943],[92.6147,21.7272],[92.594,21.7794],[92.6066,21.8365],[92.5965,21.855],[92.6205,21.8713],[92.5868,21.8705],[92.5704,21.9108],[92.5692,21.9528],[92.589,21.9374],[92.5966,21.9462],[92.571,22.0363],[92.5877,22.0555],[92.5714,22.0798],[92.5606,22.1237],[92.5648,22.1312],[92.6794,21.7642],[92.6913,21.7083],[92.6781,21.661],[92.654,21.6706],[92.6584,21.7004]],[[92.6417,21.8226],[92.6331,21.825],[92.6377,21.8166],[92.6417,21.8226]]],[[[92.7167,21.5333],[92.7137,21.5318],[92.7138,21.5331],[92.7167,21.5333]]],[[[92.8533,21.5096],[92.8411,21.5128],[92.8607,21.5125],[92.8533,21.5096]]],[[[92.8577,21.494],[92.8492,21.4947],[92.8555,21.5018],[92.8577,21.494]]],[[[96.2911,21.519],[96.2825,21.5197],[96.2888,21.5268],[96.2911,21.519]]],[[[93.0917,21.5333],[93.1008,21.5298],[93.0948,21.5242],[93.0917,21.5333]]],[[[93.2827,21.5273],[93.2742,21.5281],[93.2805,21.5352],[93.2827,21.5273]]],[[[93.1041,21.4684],[93.0925,21.497],[93.0978,21.508],[93.108,21.4992],[93.1041,21.4684]]],[[[96.3812,21.6005],[96.3742,21.6052],[96.3833,21.6083],[96.3812,21.6005]]],[[[96.6742,21.6032],[96.6819,21.6056],[96.6833,21.6],[96.6742,21.6032]]],[[[93.2244,21.6023],[93.2159,21.6031],[93.2222,21.6102],[93.2244,21.6023]]],[[[92.7126,21.5432],[92.7064,21.5496],[92.719,21.5458],[92.7126,21.5432]]],[[[93.1411,21.5356],[93.1325,21.5364],[93.1388,21.5435],[93.1411,21.5356]]],[[[96.375,21.5417],[96.3827,21.5407],[96.3792,21.5321],[96.375,21.5417]]],[[[96.2911,21.5356],[96.2825,21.5364],[96.2888,21.5435],[96.2911,21.5356]]],[[[96.3291,21.5195],[96.3019,21.5294],[96.305,21.5558],[96.3167,21.5583],[96.3291,21.5195]]],[[[96.3746,21.5491],[96.367,21.5428],[96.3677,21.5497],[96.3746,21.5491]]],[[[93.2744,21.5523],[93.2659,21.5531],[93.2722,21.5602],[93.2744,21.5523]]],[[[96.3575,21.5532],[96.3652,21.5556],[96.3667,21.55],[96.3575,21.5532]]],[[[93.2333,21.5833],[93.2256,21.5833],[93.2291,21.5924],[93.2333,21.5833]]],[[[94.2062,21.5755],[94.1992,21.5802],[94.2083,21.5833],[94.2062,21.5755]]],[[[93.7574,21.5853],[93.7532,21.5925],[93.7592,21.5868],[93.7574,21.5853]]],[[[93.1244,21.5856],[93.1159,21.5864],[93.1222,21.5935],[93.1244,21.5856]]],[[[94.1827,21.5856],[94.1742,21.5864],[94.1805,21.5935],[94.1827,21.5856]]],[[[93.0913,21.5333],[93.0835,21.5402],[93.087,21.5661],[93.0915,21.5605],[93.0913,21.5333]]],[[[92.8827,21.569],[92.8742,21.5697],[92.8805,21.5768],[92.8827,21.569]]],[[[93.2833,21.575],[93.2673,21.5792],[93.2792,21.5912],[93.2833,21.575]]],[[[92.8417,21.625],[92.8508,21.6215],[92.8448,21.6158],[92.8417,21.625]]],[[[93.1911,21.619],[93.1825,21.6197],[93.1888,21.6268],[93.1911,21.619]]],[[[93.0575,21.6282],[93.0652,21.6306],[93.0667,21.625],[93.0575,21.6282]]],[[[92.7256,21.6405],[92.7331,21.6478],[92.7292,21.6327],[92.7256,21.6405]]],[[[93.1008,21.6385],[93.0939,21.6338],[93.0917,21.6417],[93.1008,21.6385]]],[[[93.6333,21.628],[93.6251,21.631],[93.6292,21.6423],[93.6333,21.628]]],[[[96.6909,21.6411],[96.6864,21.6336],[96.6833,21.6417],[96.6909,21.6411]]],[[[93.1747,21.6364],[93.1673,21.6409],[93.1762,21.6375],[93.1747,21.6364]]],[[[96.4411,21.6356],[96.4325,21.6364],[96.4388,21.6435],[96.4411,21.6356]]],[[[93.0256,21.6418],[93.0411,21.607],[93.037,21.5623],[92.9878,21.5869],[92.9885,21.6071],[93.0149,21.6139],[93.0256,21.6418]],[[93.0167,21.6],[93.0244,21.5923],[93.0245,21.5993],[93.0167,21.6]]],[[[93.0833,21.5667],[93.0704,21.586],[93.0702,21.621],[93.0882,21.5962],[93.0833,21.5667]]],[[[92.913,21.7117],[92.9181,21.6328],[92.9387,21.6352],[92.9563,21.5768],[92.9379,21.5532],[92.9799,21.5707],[93.0035,21.5563],[92.9959,21.5045],[92.9784,21.5146],[92.9775,21.5376],[92.9508,21.5285],[92.9284,21.4969],[92.921,21.5465],[92.8959,21.5796],[92.8626,21.5874],[92.9206,21.5951],[92.877,21.6439],[92.8975,21.6741],[92.8799,21.6959],[92.903,21.6956],[92.913,21.7117]]],[[[92.8411,21.6251],[92.83,21.6192],[92.8549,21.5816],[92.8535,21.5456],[92.8363,21.5548],[92.8171,21.6201],[92.8329,21.7146],[92.8411,21.6251]]],[[[96.3457,21.6203],[96.3347,21.6586],[96.3493,21.674],[96.3584,21.6496],[96.3457,21.6203]]],[[[93.0246,21.6416],[93.0168,21.6486],[93.0203,21.6745],[93.0249,21.6688],[93.0246,21.6416]]],[[[93.0027,21.6774],[93.008,21.6496],[92.9959,21.6354],[92.9921,21.6726],[93.0027,21.6774]]],[[[93.1411,20.9523],[93.1325,20.9531],[93.1388,20.9602],[93.1411,20.9523]]],[[[94.3333,20.975],[94.3256,20.975],[94.3291,20.9841],[94.3333,20.975]]],[[[96.2395,20.9338],[96.2325,20.9385],[96.2417,20.9417],[96.2395,20.9338]]],[[[96.4077,20.9106],[96.3992,20.9114],[96.4055,20.9185],[96.4077,20.9106]]],[[[96.2919,21.0399],[96.3564,20.9702],[96.3453,20.8885],[96.3723,20.8773],[96.3667,20.85],[96.3505,20.8646],[96.3357,20.8507],[96.2792,20.8607],[96.2362,20.8859],[96.2662,20.9884],[96.22,20.9955],[96.2112,21.0225],[96.2372,21.0112],[96.2919,21.0399]]],[[[94.2662,20.7833],[94.2516,20.7981],[94.1964,20.9794],[94.2479,20.9034],[94.2662,20.7833]]],[[[93.3915,21.0061],[93.375,21.0041],[93.3876,21.0167],[93.3915,21.0061]]],[[[96.3533,21.0179],[96.3411,21.0212],[96.3607,21.0208],[96.3533,21.0179]]],[[[96.4,20.9874],[96.3835,20.9874],[96.3874,21.0],[96.4,20.9874]]],[[[94.0925,21.0218],[94.0855,21.0171],[94.0833,21.025],[94.0925,21.0218]]],[[[93.3827,21.0273],[93.3742,21.0281],[93.3805,21.0352],[93.3827,21.0273]]],[[[96.2075,21.0365],[96.2145,21.0412],[96.2167,21.0333],[96.2075,21.0365]]],[[[96.275,21.0393],[96.2667,21.0364],[96.2708,21.0507],[96.275,21.0393]]],[[[94.1643,21.0303],[94.1772,21.1036],[94.2226,21.1137],[94.2287,21.1042],[94.1939,21.0869],[94.1643,21.0303]]],[[[94.3173,21.1002],[94.3461,21.0549],[94.3379,21.0382],[94.2544,21.086],[94.2457,21.2121],[94.2621,21.2043],[94.2537,21.1769],[94.2777,21.1193],[94.3035,21.0871],[94.3128,21.0885],[94.3154,21.0922],[94.3167,21.1],[94.3173,21.1002]]],[[[93.325,21.0833],[93.3199,21.055],[93.3473,21.0435],[93.3358,21.023],[93.3621,20.9452],[93.3511,20.9107],[93.3206,20.9607],[93.314,21.0279],[93.2871,21.0607],[93.2622,21.2703],[93.314,21.1204],[93.2963,21.1023],[93.325,21.0833]]],[[[96.1417,19.8917],[96.1334,19.8965],[96.1374,19.9085],[96.1417,19.8917]]],[[[97.6593,19.9064],[97.6635,19.8992],[97.6575,19.9048],[97.6593,19.9064]]],[[[97.725,19.8917],[97.7409,19.8891],[97.7382,19.8676],[97.7261,19.8773],[97.725,19.8917]]],[[[97.6667,19.9083],[97.6702,19.9175],[97.6758,19.9115],[97.6667,19.9083]]],[[[97.725,19.8917],[97.7102,19.913],[97.7206,19.9232],[97.7316,19.9041],[97.725,19.8917]]],[[[97.7562,19.9088],[97.7492,19.9135],[97.7583,19.9167],[97.7562,19.9088]]],[[[96.6077,19.994],[96.5992,19.9947],[96.6055,20.0018],[96.6077,19.994]]],[[[97.9165,19.9728],[97.9089,19.9655],[97.9083,19.975],[97.9165,19.9728]]],[[[96.5594,20.1159],[96.5803,20.0856],[96.5507,20.1099],[96.5594,20.1159]]],[[[96.575,20.1083],[96.5785,20.1175],[96.5842,20.1115],[96.575,20.1083]]],[[[96.575,20.05],[96.5589,20.0636],[96.5696,20.0817],[96.5816,20.0713],[96.575,20.05]]],[[[96.5917,20.025],[96.584,20.025],[96.5874,20.0341],[96.5917,20.025]]],[[[96.575,20.05],[96.5842,20.0465],[96.5782,20.0408],[96.575,20.05]]],[[[97.7767,20.0666],[97.7814,20.0394],[97.7629,20.0287],[97.7679,20.0706],[97.8111,20.1309],[97.8545,20.1383],[97.8402,20.1104],[97.7767,20.0666]]],[[[96.3533,20.1679],[96.3411,20.1712],[96.3607,20.1708],[96.3533,20.1679]]],[[[96.3658,20.1698],[96.3728,20.1746],[96.375,20.1667],[96.3658,20.1698]]],[[[96.5664,20.1781],[96.5589,20.1826],[96.5679,20.1792],[96.5664,20.1781]]],[[[96.5496,20.2069],[96.5705,20.1344],[96.5215,20.1281],[96.5118,20.1537],[96.5289,20.1907],[96.5496,20.2069]],[[96.55,20.15],[96.5577,20.1423],[96.5578,20.1493],[96.55,20.15]]],[[[96.8242,18.4282],[96.8312,18.4329],[96.8333,18.425],[96.8242,18.4282]]],[[[97.4175,18.3802],[97.4105,18.3755],[97.4083,18.3833],[97.4175,18.3802]]],[[[97.4425,18.3198],[97.4355,18.3246],[97.4368,18.3258],[97.4425,18.3198]]],[[[97.5,18.3167],[97.4923,18.3167],[97.4958,18.3258],[97.5,18.3167]]],[[[97.5635,18.3175],[97.5593,18.3103],[97.5575,18.3118],[97.5635,18.3175]]],[[[97.6494,18.3106],[97.6409,18.3114],[97.6472,18.3185],[97.6494,18.3106]]],[[[97.5166,18.3226],[97.5084,18.3197],[97.5125,18.334],[97.5166,18.3226]]],[[[97.5167,18.35],[97.509,18.35],[97.5124,18.3591],[97.5167,18.35]]],[[[97.6709,18.325],[97.6585,18.3372],[97.6589,18.3385],[97.6738,18.3398],[97.6709,18.325]]],[[[97.575,18.3583],[97.5673,18.3583],[97.5708,18.3674],[97.575,18.3583]]],[[[97.5922,18.3572],[97.5998,18.3644],[97.5959,18.3494],[97.5922,18.3572]]],[[[97.5917,18.3667],[97.5822,18.3711],[97.5914,18.374],[97.5917,18.3667]]],[[[97.5728,18.3838],[97.5658,18.3885],[97.575,18.3917],[97.5728,18.3838]]],[[[97.6753,18.3826],[97.6604,18.3936],[97.6583,18.4],[97.6821,18.3983],[97.6753,18.3826]]],[[[97.9866,18.3763],[97.9744,18.3795],[97.994,18.3792],[97.9866,18.3763]]],[[[97.7663,18.3991],[97.7586,18.3928],[97.7594,18.3997],[97.7663,18.3991]]],[[[97.7627,18.4152],[97.7667,18.4083],[97.7572,18.4123],[97.7627,18.4152]]],[[[97.7395,18.4255],[97.7325,18.4302],[97.7417,18.4333],[97.7395,18.4255]]],[[[97.571,18.4569],[97.575,18.45],[97.5655,18.454],[97.571,18.4569]]],[[[97.8512,18.4505],[97.8439,18.4581],[97.859,18.4542],[97.8512,18.4505]]],[[[97.9575,18.4448],[97.9645,18.4496],[97.9667,18.4417],[97.9575,18.4448]]],[[[96.9911,18.0023],[96.9825,18.0031],[96.9888,18.0102],[96.9911,18.0023]]],[[[97.6062,18.1088],[97.5992,18.1135],[97.6083,18.1167],[97.6062,18.1088]]],[[[97.7242,18.1135],[97.7312,18.1088],[97.7299,18.1075],[97.7242,18.1135]]],[[[97.7415,18.1226],[97.7257,18.1293],[97.7376,18.1411],[97.7415,18.1226]]],[[[97.5827,18.069],[97.5742,18.0697],[97.5805,18.0768],[97.5827,18.069]]],[[[97.5908,18.0698],[97.5978,18.0746],[97.6,18.0667],[97.5908,18.0698]]],[[[97.5744,18.1023],[97.5659,18.1031],[97.5722,18.1102],[97.5744,18.1023]]],[[[97.5911,18.1023],[97.5825,18.1031],[97.5888,18.1102],[97.5911,18.1023]]],[[[97.7494,18.069],[97.7409,18.0697],[97.7472,18.0768],[97.7494,18.069]]],[[[97.0671,17.9163],[97.075,17.9283],[97.0709,17.9083],[97.0671,17.9163]]],[[[97.0752,17.8811],[97.0828,17.8738],[97.0792,17.866],[97.0752,17.8811]]],[[[97.375,17.875],[97.3785,17.8841],[97.3842,17.8782],[97.375,17.875]]],[[[97.0916,17.8874],[97.075,17.8961],[97.0888,17.8996],[97.0916,17.8874]]],[[[97.2494,17.8874],[97.2339,17.9006],[97.2375,17.9078],[97.2494,17.8874]]],[[[97.9744,17.894],[97.9659,17.8947],[97.9722,17.9018],[97.9744,17.894]]],[[[97.125,17.9167],[97.1111,17.9103],[97.1078,17.9128],[97.125,17.9167]]],[[[97.0635,17.9425],[97.0593,17.9353],[97.0575,17.9368],[97.0635,17.9425]]],[[[97.2244,17.9273],[97.2159,17.9281],[97.2222,17.9352],[97.2244,17.9273]]],[[[97.3911,17.9273],[97.3825,17.9281],[97.3888,17.9352],[97.3911,17.9273]]],[[[97.2081,17.9811],[97.2006,17.9738],[97.2,17.9833],[97.2081,17.9811]]],[[[97.6256,18.0168],[97.663,17.9557],[97.6509,17.9107],[97.6191,17.9399],[97.6256,18.0168]]],[[[97.6833,17.9667],[97.7105,17.9658],[97.7155,17.9567],[97.6866,17.9446],[97.6833,17.9667]]],[[[97.971,17.9569],[97.975,17.95],[97.9655,17.954],[97.971,17.9569]]],[[[97.8052,17.9592],[97.801,17.952],[97.7992,17.9535],[97.8052,17.9592]]],[[[97.6802,17.9758],[97.676,17.9687],[97.6742,17.9702],[97.6802,17.9758]]],[[[97.3327,17.9773],[97.3242,17.9781],[97.3305,17.9852],[97.3327,17.9773]]],[[[97.825,17.975],[97.8128,17.9672],[97.8007,17.9707],[97.8139,17.9833],[97.825,17.975]]],[[[97.7827,17.9856],[97.7742,17.9864],[97.7805,17.9935],[97.7827,17.9856]]],[[[97.8167,18.0],[97.8096,18.0071],[97.8249,18.0048],[97.8167,18.0]]],[[[97.6228,18.0246],[97.6158,18.0198],[97.6215,18.0258],[97.6228,18.0246]]],[[[97.2331,18.0311],[97.2256,18.0238],[97.225,18.0333],[97.2331,18.0311]]],[[[97.5273,18.0252],[97.5345,18.0328],[97.5423,18.0291],[97.5273,18.0252]]],[[[97.2411,18.044],[97.2325,18.0447],[97.2388,18.0518],[97.2411,18.044]]],[[[97.5236,18.0489],[97.5188,18.0346],[97.5087,18.0465],[97.5236,18.0489]]],[[[97.7846,18.032],[97.798,18.0179],[97.7845,18.018],[97.7846,18.032]]],[[[97.6126,18.099],[97.6457,18.0868],[97.6642,18.054],[97.6627,18.0185],[97.6952,17.9862],[97.6053,18.047],[97.5854,18.0316],[97.585,18.0502],[97.605,18.07],[97.6126,18.099]],[[97.6173,18.0744],[97.625,18.0667],[97.6243,18.0745],[97.6173,18.0744]]],[[[97.7244,18.1523],[97.7159,18.1531],[97.7222,18.1602],[97.7244,18.1523]]],[[[96.9911,18.194],[96.9825,18.1947],[96.9888,18.2018],[96.9911,18.194]]],[[[97.5567,18.1625],[97.5366,18.1298],[97.5201,18.1955],[97.54,18.1886],[97.5567,18.1625]]],[[[97.5698,18.2141],[97.603,18.1964],[97.587,18.1791],[97.6373,18.1545],[97.6455,18.1042],[97.5956,18.1379],[97.5704,18.1218],[97.5529,18.1382],[97.5728,18.1574],[97.5698,18.2141]],[[97.6083,18.15],[97.616,18.1423],[97.6161,18.1493],[97.6083,18.15]]],[[[97.5746,18.2324],[97.567,18.2261],[97.5677,18.233],[97.5746,18.2324]]],[[[97.5917,18.2083],[97.5952,18.2175],[97.6008,18.2115],[97.5917,18.2083]]],[[[97.6325,18.2302],[97.6395,18.2255],[97.6382,18.2242],[97.6325,18.2302]]],[[[97.7083,18.225],[97.7175,18.2215],[97.7115,18.2158],[97.7083,18.225]]],[[[97.7263,18.2345],[97.7623,18.2123],[97.7444,18.2032],[97.7263,18.2345]]],[[[97.4497,18.2698],[97.4423,18.2742],[97.4512,18.2709],[97.4497,18.2698]]],[[[97.6244,18.269],[97.6159,18.2697],[97.6222,18.2768],[97.6244,18.269]]],[[[97.6033,18.2846],[97.5911,18.2878],[97.6107,18.2875],[97.6033,18.2846]]],[[[97.7161,18.2856],[97.7075,18.2864],[97.7138,18.2935],[97.7161,18.2856]]],[[[97.5,18.25],[97.5092,18.2465],[97.5032,18.2408],[97.5,18.25]]],[[[97.4969,18.2581],[97.4925,18.2506],[97.4958,18.2596],[97.4969,18.2581]]],[[[97.538,18.2189],[97.5271,18.2466],[97.5292,18.2607],[97.5492,18.2361],[97.538,18.2189]]],[[[97.5575,18.2365],[97.5645,18.2412],[97.5667,18.2333],[97.5575,18.2365]]],[[[97.6416,18.234],[97.6571,18.2561],[97.6909,18.2383],[97.6804,18.2206],[97.6416,18.234]]],[[[97.7052,18.2342],[97.701,18.227],[97.6992,18.2285],[97.7052,18.2342]]],[[[97.7583,18.225],[97.7618,18.2342],[97.7675,18.2282],[97.7583,18.225]]],[[[97.8827,18.2273],[97.8742,18.2281],[97.8805,18.2352],[97.8827,18.2273]]],[[[97.9544,18.2402],[97.9583,18.2333],[97.9489,18.2373],[97.9544,18.2402]]],[[[97.8742,18.2468],[97.8812,18.2421],[97.8799,18.2409],[97.8742,18.2468]]],[[[97.8833,18.25],[97.8868,18.2591],[97.8925,18.2532],[97.8833,18.25]]],[[[97.5625,18.2746],[97.5536,18.2522],[97.5429,18.2626],[97.5625,18.2746]]],[[[97.5672,18.3085],[97.5828,18.2963],[97.5794,18.2622],[97.5624,18.2874],[97.5672,18.3085]]],[[[97.5171,18.3169],[97.5311,18.287],[97.5167,18.2755],[97.5083,18.2886],[97.5171,18.3169]]],[[[97.6244,18.294],[97.6159,18.2947],[97.6222,18.3018],[97.6244,18.294]]],[[[97.2333,17.8833],[97.2569,17.8591],[97.2452,17.8442],[97.265,17.766],[97.2196,17.7953],[97.2207,17.7612],[97.1792,17.7323],[97.171,17.6882],[97.1511,17.7302],[97.1788,17.7717],[97.1531,17.7702],[97.1312,17.7979],[97.0959,17.7688],[97.0773,17.7953],[97.1038,17.8379],[97.1379,17.8541],[97.1212,17.8782],[97.1398,17.881],[97.146,17.9129],[97.1769,17.8879],[97.194,17.8963],[97.1984,17.8775],[97.2333,17.8833]]],[[[97.3593,17.8147],[97.3635,17.8075],[97.3575,17.8132],[97.3593,17.8147]]],[[[97.3748,17.8189],[97.3672,17.8262],[97.3709,17.834],[97.3748,17.8189]]],[[[97.6425,17.8468],[97.6355,17.8421],[97.6333,17.85],[97.6425,17.8468]]],[[[97.3669,17.8711],[97.3746,17.8579],[97.3708,17.8499],[97.3669,17.8711]]],[[[97.7578,17.8082],[97.7361,17.8192],[97.7046,17.8858],[97.7225,17.8905],[97.7122,17.9285],[97.7577,17.8906],[97.7578,17.8082]]],[[[97.8083,17.95],[97.8656,18.0117],[97.8819,17.9849],[97.879,17.952],[97.9477,17.8679],[97.9324,17.8596],[97.8937,17.8785],[97.8771,17.8563],[97.9036,17.8392],[97.8968,17.8133],[97.8716,17.8044],[97.8541,17.8206],[97.8433,17.7857],[97.8118,17.8375],[97.8628,17.8819],[97.8231,17.8776],[97.8178,17.8931],[97.8282,17.9116],[97.8631,17.9152],[97.8083,17.95]],[[97.8413,17.9658],[97.8336,17.9594],[97.8417,17.9583],[97.8413,17.9658]]],[[[96.8496,18.5158],[96.842,18.5094],[96.8427,18.5163],[96.8496,18.5158]]],[[[96.8833,18.4881],[96.8642,18.4843],[96.8582,18.4876],[96.8833,18.4881]]],[[[96.8991,18.477],[96.8948,18.4842],[96.9008,18.4785],[96.8991,18.477]]],[[[97.7417,18.4917],[97.7278,18.4853],[97.7245,18.4878],[97.7417,18.4917]]],[[[97.3744,18.4523],[97.3659,18.4531],[97.3722,18.4602],[97.3744,18.4523]]],[[[97.8533,18.4679],[97.8411,18.4712],[97.8607,18.4708],[97.8533,18.4679]]],[[[97.7081,18.4894],[97.7006,18.4822],[97.7,18.4917],[97.7081,18.4894]]],[[[96.855,18.5],[96.8671,18.5079],[96.8751,18.5041],[96.855,18.5]]],[[[97.3164,18.4928],[97.3088,18.4991],[97.3157,18.4997],[97.3164,18.4928]]],[[[97.3448,18.514],[97.3818,18.4979],[97.3522,18.4624],[97.3448,18.514]]],[[[97.875,18.5],[97.8673,18.5],[97.8708,18.5091],[97.875,18.5]]],[[[97.7242,18.5078],[97.7198,18.5003],[97.7167,18.5083],[97.7242,18.5078]]],[[[97.85,18.5167],[97.8592,18.5132],[97.8532,18.5075],[97.85,18.5167]]],[[[96.8325,18.5198],[96.8395,18.5246],[96.8417,18.5167],[96.8325,18.5198]]],[[[97.8496,18.5241],[97.842,18.5178],[97.8427,18.5247],[97.8496,18.5241]]],[[[97.9575,18.5198],[97.9645,18.5246],[97.9667,18.5167],[97.9575,18.5198]]],[[[97.8744,18.519],[97.8659,18.5197],[97.8722,18.5268],[97.8744,18.519]]],[[[97.3171,18.4999],[97.3178,18.5288],[97.3305,18.5392],[97.3392,18.5286],[97.3171,18.4999]]],[[[97.9161,18.5273],[97.9075,18.5281],[97.9138,18.5352],[97.9161,18.5273]]],[[[97.6762,18.5487],[97.6897,18.5345],[97.6762,18.5347],[97.6762,18.5487]]],[[[97.8331,18.5428],[97.8254,18.5491],[97.8323,18.5497],[97.8331,18.5428]]],[[[97.8492,18.5494],[97.8448,18.5419],[97.8417,18.55],[97.8492,18.5494]]],[[[97.8661,18.5356],[97.8575,18.5364],[97.8638,18.5435],[97.8661,18.5356]]],[[[97.3705,18.5362],[97.3586,18.5486],[97.3649,18.5749],[97.3748,18.5673],[97.3705,18.5362]]],[[[97.95,18.5583],[97.9577,18.5574],[97.9542,18.5488],[97.95,18.5583]]],[[[97.9478,18.5662],[97.9408,18.5615],[97.9465,18.5675],[97.9478,18.5662]]],[[[97.4994,18.5606],[97.4909,18.5614],[97.4972,18.5685],[97.4994,18.5606]]],[[[92.5078,21.9583],[92.4862,21.9782],[92.4981,21.9988],[92.5067,21.9943],[92.5078,21.9583]]],[[[92.5663,21.9658],[92.5586,21.9594],[92.5594,21.9663],[92.5663,21.9658]]],[[[93.0099,22.1053],[93.0573,22.1035],[93.0577,22.0691],[93.0247,21.9695],[93.0564,21.8561],[93.0118,21.8208],[92.9952,21.8539],[93.0077,21.9025],[92.9916,21.9833],[93.0051,21.9987],[92.9938,22.0504],[93.0099,22.1053]]],[[[93.8425,21.9673],[93.8469,21.9747],[93.85,21.9667],[93.8425,21.9673]]],[[[92.884,21.9438],[92.8677,22.0006],[92.875,22.0289],[92.8899,22.0059],[92.884,21.9438]]],[[[92.5578,21.9666],[92.536,21.9783],[92.5287,22.0054],[92.5394,22.0042],[92.5578,21.9666]]],[[[94.2728,21.9921],[94.2658,21.9968],[94.275,22.0],[94.2728,21.9921]]],[[[96.2462,21.9465],[96.2339,21.9715],[96.2584,22.0483],[96.2664,22.0038],[96.2462,21.9465]]],[[[92.8292,21.9377],[92.8187,21.9577],[92.8207,22.0772],[92.8396,22.0187],[92.8292,21.9377]]],[[[96.2283,22.0013],[96.2161,22.0045],[96.2357,22.0042],[96.2283,22.0013]]],[[[96.7092,22.0032],[96.7022,22.0079],[96.7035,22.0092],[96.7092,22.0032]]],[[[93.8824,22.0187],[93.8782,22.0258],[93.8842,22.0202],[93.8824,22.0187]]],[[[96.7077,22.019],[96.6992,22.0197],[96.7055,22.0268],[96.7077,22.019]]],[[[93.0492,22.0282],[93.0569,22.0306],[93.0583,22.025],[93.0492,22.0282]]],[[[93.9412,21.9583],[93.9082,21.9918],[93.9383,22.1042],[93.9476,22.0586],[93.9297,22.0204],[93.9412,21.9583]]],[[[92.5074,22.0504],[92.5011,22.0581],[92.508,22.0573],[92.5074,22.0504]]],[[[94.1661,22.0523],[94.1575,22.0531],[94.1638,22.0602],[94.1661,22.0523]]],[[[96.7116,22.0596],[96.6994,22.0628],[96.719,22.0625],[96.7116,22.0596]]],[[[93.9491,22.1103],[93.9448,22.1175],[93.9508,22.1118],[93.9491,22.1103]]],[[[92.5124,22.137],[92.5321,22.0423],[92.5296,22.021],[92.5074,22.0609],[92.4762,22.068],[92.505,22.0882],[92.4971,22.1041],[92.5124,22.137]]],[[[93.9494,22.1273],[93.9409,22.1281],[93.9472,22.1352],[93.9494,22.1273]]],[[[94.245,22.1263],[94.2328,22.1295],[94.2524,22.1292],[94.245,22.1263]]],[[[93.3451,24.0775],[93.413,24.0692],[93.4289,24.0307],[93.4667,24.0],[93.4694,23.9696],[93.5003,23.9527],[93.5469,23.959],[93.5652,23.984],[93.594,23.9628],[93.6166,24.0],[93.7611,24.0],[93.8123,23.929],[93.8703,23.9395],[93.8625,23.9126],[93.9005,23.9489],[93.9332,23.9499],[93.9636,23.929],[94.0238,23.9223],[94.0511,23.8836],[94.0991,23.8858],[94.1003,23.8221],[94.029,23.8134],[94.0888,23.7891],[94.0772,23.7588],[94.1039,23.7454],[94.0974,23.6305],[94.0757,23.6366],[94.0606,23.5939],[94.027,23.5957],[94.0023,23.5774],[93.9894,23.6031],[93.9772,23.5881],[93.9455,23.6043],[93.9623,23.5624],[93.8863,23.5704],[93.9386,23.5366],[93.9644,23.544],[93.9873,23.512],[93.9702,23.477],[94.0197,23.4722],[94.0316,23.435],[94.0194,23.4124],[93.995,23.4551],[93.9414,23.4583],[93.9294,23.454],[93.9569,23.437],[93.9559,23.4125],[93.8785,23.4289],[93.8892,23.4083],[93.8788,23.3872],[93.9128,23.3992],[93.9555,23.3805],[93.9366,23.3285],[93.9813,23.2832],[93.9733,23.2352],[93.9106,23.2867],[93.937,23.2286],[93.8955,23.2544],[93.8872,23.2463],[93.9456,23.1965],[93.8714,23.1622],[93.9054,23.1304],[93.9197,23.0798],[93.9342,23.1309],[93.9365,23.097],[93.9896,23.0593],[93.9975,22.9979],[93.9452,22.9864],[93.972,22.9213],[93.9475,22.9189],[93.9185,22.95],[93.9458,22.8811],[93.9193,22.8717],[93.9785,22.8292],[93.8963,22.8023],[93.8406,22.8629],[93.7968,22.8869],[93.7968,22.9035],[93.7766,22.8773],[93.7509,22.8869],[93.7573,22.9245],[93.7465,22.9464],[93.7069,22.9529],[93.6967,22.9718],[93.6698,22.955],[93.7422,22.9356],[93.7246,22.8885],[93.8207,22.8484],[93.8474,22.8197],[93.8381,22.8035],[93.7381,22.7971],[93.7817,22.7963],[93.8118,22.7719],[93.771,22.7472],[93.7795,22.7272],[93.8214,22.7036],[93.7872,22.7388],[93.8284,22.7675],[93.8221,22.788],[93.8621,22.8041],[93.8884,22.7722],[93.8838,22.7461],[93.9038,22.7781],[93.9301,22.7621],[93.9409,22.7823],[93.97,22.7375],[93.952,22.7104],[93.9725,22.6849],[93.9656,22.6511],[93.9374,22.6458],[93.9455,22.6102],[93.9203,22.5804],[93.9466,22.5606],[93.9299,22.5453],[93.9643,22.4649],[93.9453,22.4782],[93.9287,22.4633],[93.885,22.493],[93.9206,22.4393],[93.8949,22.4229],[93.9209,22.4131],[93.9233,22.3579],[93.8863,22.38],[93.8692,22.369],[93.8741,22.3428],[93.8209,22.3632],[93.8552,22.3281],[93.8457,22.3038],[93.8723,22.321],[93.8899,22.292],[93.8772,22.2436],[93.8798,22.1957],[93.8568,22.2137],[93.8448,22.187],[93.8239,22.1973],[93.7961,22.1797],[93.8563,22.1539],[93.8463,22.1262],[93.8187,22.1185],[93.8204,22.0871],[93.8399,22.1053],[93.8554,22.0963],[93.871,22.1116],[93.8745,22.1004],[93.8718,22.0633],[93.8451,22.0392],[93.8622,22.0375],[93.8719,22.006],[93.8034,21.9695],[93.8682,21.9572],[93.8741,21.9268],[93.9294,21.9321],[93.8949,21.8891],[93.937,21.8795],[93.9108,21.8393],[93.9385,21.7948],[93.9521,21.844],[93.9712,21.8283],[94.0028,21.6888],[94.0274,21.6467],[94.0456,21.6554],[94.0725,21.6342],[94.0443,21.6022],[94.0549,21.5874],[94.0806,21.6043],[94.0985,21.5788],[94.0951,21.5134],[94.0798,21.5034],[94.0874,21.4559],[94.0705,21.4444],[94.0805,21.4214],[94.0593,21.4021],[94.0292,21.4036],[94.0554,21.378],[94.055,21.3507],[94.0875,21.3285],[94.0881,21.2674],[94.1449,21.229],[94.13,21.1639],[94.1048,21.1546],[94.13,21.139],[94.1192,21.1003],[94.1407,21.0778],[94.0955,21.071],[94.0958,21.0445],[94.0546,20.9949],[94.0701,20.9798],[94.0868,20.9878],[94.0952,20.937],[94.137,20.9112],[94.1627,20.9123],[94.1434,20.9502],[94.1636,20.9775],[94.1779,20.928],[94.221,20.8727],[94.1875,20.8548],[94.1519,20.885],[94.1959,20.7522],[94.1862,20.7472],[94.1572,20.7957],[94.1111,20.8112],[94.1121,20.8625],[94.095,20.8723],[94.0842,20.9235],[94.0603,20.9109],[94.0738,20.8464],[94.011,20.8785],[94.0546,20.8204],[94.045,20.8127],[94.0213,20.8301],[94.0138,20.7928],[93.888,20.8611],[93.8877,20.8897],[93.8542,20.913],[93.8621,20.9463],[93.8377,20.9958],[93.8404,20.9162],[93.8094,20.8997],[93.8307,20.9052],[93.8731,20.8814],[93.8957,20.8123],[93.9202,20.8224],[93.971,20.7961],[93.9501,20.7663],[94.0127,20.7711],[94.045,20.7909],[94.0701,20.7741],[94.0461,20.7601],[94.0636,20.7508],[94.0548,20.7283],[94.0875,20.7284],[94.0869,20.7039],[93.9905,20.6816],[93.9454,20.6516],[93.9869,20.6369],[93.9944,20.6707],[94.0116,20.6548],[94.0227,20.6746],[94.0948,20.6629],[94.0947,20.6059],[94.1236,20.5696],[94.1217,20.5275],[94.0938,20.5065],[94.1367,20.4961],[94.1215,20.4818],[94.124,20.4483],[94.096,20.4283],[94.138,20.4367],[94.1702,20.5044],[94.19,20.4183],[94.1725,20.3958],[94.1293,20.3997],[94.1656,20.3677],[94.136,20.3617],[94.1182,20.3312],[94.1494,20.348],[94.1625,20.3289],[94.1875,20.352],[94.1885,20.3834],[94.2183,20.3896],[94.2526,20.2807],[94.277,20.2896],[94.2913,20.2774],[94.2992,20.2427],[94.2812,20.2278],[94.2343,20.2181],[94.2035,20.2458],[94.2165,20.2114],[94.2028,20.1544],[94.2366,20.2058],[94.2627,20.212],[94.2558,20.1866],[94.299,20.207],[94.2694,20.1631],[94.3058,20.1785],[94.3319,20.1593],[94.3445,20.1216],[94.3659,20.1204],[94.3607,20.0779],[94.3226,20.0893],[94.3064,20.0457],[94.2876,20.0535],[94.2673,20.0347],[94.2432,20.0521],[94.2831,19.9936],[94.2965,20.0226],[94.3529,20.0451],[94.2784,19.9777],[94.1825,20.1038],[94.1423,20.2502],[94.09,20.2426],[94.0819,20.3025],[94.0466,20.3014],[94.0585,20.3371],[94.0176,20.3155],[94.0463,20.2469],[94.0386,20.2219],[93.9814,20.3213],[93.9764,20.2507],[93.9967,20.2132],[93.928,20.2529],[93.9647,20.2812],[93.9303,20.2958],[93.9549,20.3121],[93.9453,20.3301],[93.9207,20.3216],[93.9358,20.3559],[93.9619,20.3651],[93.9902,20.3373],[94.0058,20.3524],[94.0217,20.3788],[93.9788,20.3784],[93.9798,20.4206],[93.9373,20.388],[93.9298,20.4225],[93.9537,20.4545],[93.8969,20.5116],[93.8937,20.4914],[93.9128,20.476],[93.9001,20.4605],[93.8712,20.4746],[93.8872,20.4464],[93.8702,20.4125],[93.8124,20.5383],[93.8154,20.4197],[93.7962,20.3874],[93.7556,20.481],[93.7289,20.4796],[93.7461,20.3542],[93.7736,20.3371],[93.7719,20.3035],[93.7207,20.3629],[93.7127,20.3123],[93.662,20.3339],[93.6712,20.3633],[93.6523,20.3959],[93.6664,20.4063],[93.6879,20.3961],[93.6962,20.421],[93.6799,20.437],[93.6613,20.4303],[93.665,20.4713],[93.6451,20.4714],[93.6253,20.4572],[93.648,20.5329],[93.6136,20.5801],[93.664,20.5884],[93.7195,20.5129],[93.7454,20.5117],[93.7264,20.5474],[93.7547,20.5457],[93.7482,20.564],[93.6963,20.5962],[93.7705,20.5946],[93.7371,20.6206],[93.7447,20.6374],[93.8257,20.5928],[93.81,20.6134],[93.8283,20.6297],[93.8118,20.6392],[93.8095,20.6648],[93.7948,20.6283],[93.7722,20.6327],[93.7587,20.6857],[93.7817,20.7188],[93.7555,20.7041],[93.7374,20.7211],[93.7381,20.6621],[93.681,20.6984],[93.7046,20.6371],[93.6778,20.6373],[93.6534,20.6623],[93.67,20.6117],[93.6303,20.6205],[93.6126,20.6025],[93.5993,20.6369],[93.5678,20.6341],[93.6126,20.6711],[93.5901,20.7114],[93.5716,20.6807],[93.5389,20.6961],[93.5182,20.668],[93.5203,20.6877],[93.4888,20.6958],[93.5038,20.7042],[93.4975,20.7222],[93.4706,20.7305],[93.4906,20.749],[93.5402,20.7228],[93.5019,20.7748],[93.5466,20.7981],[93.4954,20.8061],[93.4961,20.8207],[93.5148,20.813],[93.5286,20.8368],[93.5703,20.808],[93.5859,20.7531],[93.6095,20.8201],[93.6339,20.7881],[93.6699,20.779],[93.6719,20.8048],[93.6358,20.8054],[93.6357,20.8359],[93.6632,20.8655],[93.6541,20.8791],[93.6206,20.8464],[93.6044,20.9124],[93.5989,20.866],[93.5717,20.8549],[93.5573,20.873],[93.5347,20.8639],[93.5048,20.8955],[93.4715,20.8528],[93.454,20.8789],[93.462,20.9304],[93.4271,20.9071],[93.4295,20.9618],[93.4127,20.9695],[93.4212,20.9965],[93.4013,21.0739],[93.4466,21.0211],[93.4445,21.0591],[93.4701,21.0755],[93.4795,21.1145],[93.4864,21.0801],[93.5037,21.0955],[93.522,21.0787],[93.5198,20.9967],[93.5397,20.9895],[93.5389,21.054],[93.5949,21.0313],[93.6408,20.9841],[93.6296,21.0153],[93.5453,21.0718],[93.5261,21.1074],[93.5285,21.1374],[93.5627,21.1444],[93.5353,21.1825],[93.5209,21.2622],[93.5804,21.239],[93.5186,21.2991],[93.5056,21.4368],[93.4937,21.3417],[93.5131,21.1454],[93.4686,21.1655],[93.4744,21.2382],[93.445,21.3469],[93.4289,21.3142],[93.4478,21.3008],[93.4442,21.2626],[93.4631,21.2288],[93.4542,21.2041],[93.4298,21.1962],[93.4562,21.1352],[93.4378,21.0881],[93.4179,21.1064],[93.3847,21.2431],[93.3875,21.3072],[93.368,21.2956],[93.3358,21.3452],[93.3404,21.2516],[93.3118,21.2295],[93.3026,21.2523],[93.2837,21.3638],[93.2957,21.3797],[93.3232,21.3643],[93.3084,21.4416],[93.3287,21.455],[93.3098,21.4947],[93.3154,21.5588],[93.3021,21.5466],[93.2931,21.5679],[93.3292,21.5877],[93.3484,21.5624],[93.3796,21.6031],[93.3117,21.6005],[93.2954,21.619],[93.312,21.6702],[93.3043,21.9135],[93.279,21.803],[93.2906,21.7447],[93.271,21.6251],[93.262,21.6135],[93.2466,21.6365],[93.2459,21.6897],[93.186,21.782],[93.1961,21.8375],[93.1756,21.7786],[93.1874,21.7187],[93.2062,21.704],[93.2035,21.6874],[93.1789,21.6863],[93.204,21.6685],[93.1966,21.647],[93.1785,21.6621],[93.1619,21.6385],[93.1633,21.5855],[93.1789,21.5787],[93.1887,21.6045],[93.2133,21.5532],[93.2376,21.5619],[93.2285,21.5035],[93.2574,21.4721],[93.2432,21.4152],[93.2724,21.3829],[93.253,21.3359],[93.2347,21.3564],[93.2134,21.489],[93.1619,21.5133],[93.1456,21.546],[93.1302,21.5545],[93.1488,21.5886],[93.1257,21.6547],[93.1537,21.6559],[93.1364,21.6796],[93.0871,21.644],[93.0517,21.6567],[93.0414,21.7834],[93.0535,21.8216],[93.0886,21.7277],[93.0964,21.796],[93.1204,21.7376],[93.1435,21.7469],[93.1659,21.7301],[93.1177,21.8288],[93.1328,21.9101],[93.122,21.8695],[93.0992,21.8523],[93.0805,21.8875],[93.096,21.8973],[93.0971,21.9475],[93.0864,21.9539],[93.0539,21.9134],[93.0435,21.9377],[93.0617,21.962],[93.0528,22.0136],[93.1068,22.0752],[93.0697,22.0945],[93.0459,22.1966],[93.0685,22.2118],[93.1055,22.2055],[93.1228,22.1812],[93.1649,22.1843],[93.1885,22.1627],[93.1498,22.2267],[93.1709,22.2468],[93.2034,22.2496],[93.2129,22.2946],[93.19,22.3398],[93.1968,22.4612],[93.1794,22.4455],[93.1367,22.4521],[93.1464,22.4881],[93.1186,22.5396],[93.1469,22.5529],[93.1289,22.5554],[93.1479,22.5854],[93.1086,22.7061],[93.1184,22.7458],[93.1383,22.756],[93.1111,22.7647],[93.1089,22.7962],[93.1243,22.8258],[93.1402,22.8245],[93.1274,22.8502],[93.1449,22.8788],[93.139,22.9065],[93.1811,22.9078],[93.1458,22.9604],[93.1339,23.0323],[93.1486,23.0499],[93.1894,23.0548],[93.2167,23.0333],[93.2275,22.9965],[93.2972,23.0009],[93.3362,23.0569],[93.3294,23.0366],[93.3536,23.0544],[93.3715,23.0455],[93.3531,23.0878],[93.3433,23.0818],[93.3599,23.1142],[93.3617,23.1038],[93.3907,23.1321],[93.37,23.1469],[93.3847,23.2184],[93.3588,23.3476],[93.4026,23.3865],[93.3949,23.4775],[93.4183,23.5348],[93.4214,23.65],[93.4376,23.6805],[93.3999,23.7499],[93.3924,23.9221],[93.354,23.9484],[93.3428,23.9925],[93.3451,24.0775]],[[93.7329,21.1158],[93.7253,21.1094],[93.7333,21.1083],[93.7329,21.1158]],[[93.6663,21.0991],[93.6586,21.0928],[93.6667,21.0917],[93.6663,21.0991]],[[93.775,22.1833],[93.7827,22.1756],[93.7828,22.1826],[93.775,22.1833]],[[93.6491,22.1579],[93.6428,22.1503],[93.6497,22.151],[93.6491,22.1579]],[[93.6247,21.8906],[93.6171,21.8842],[93.624,21.8837],[93.6247,21.8906]],[[93.2664,22.3906],[93.2588,22.3842],[93.2657,22.3837],[93.2664,22.3906]],[[93.325,22.1083],[93.3327,22.1006],[93.3324,22.1079],[93.325,22.1083]],[[93.5661,22.1076],[93.5591,22.1005],[93.566,22.1006],[93.5661,22.1076]],[[93.9006,21.0244],[93.9083,21.0167],[93.9076,21.0245],[93.9006,21.0244]],[[93.5579,21.2991],[93.5503,21.2928],[93.5583,21.2917],[93.5579,21.2991]],[[93.4917,22.6083],[93.4994,22.6006],[93.4995,22.6076],[93.4917,22.6083]],[[93.3746,21.7741],[93.367,21.7678],[93.375,21.7667],[93.3746,21.7741]],[[94.075,20.425],[94.0823,20.417],[94.0831,20.4239],[94.075,20.425]],[[93.2664,22.3739],[93.2588,22.3676],[93.2657,22.367],[93.2664,22.3739]],[[93.8833,23.55],[93.891,23.5423],[93.8911,23.5493],[93.8833,23.55]],[[94.0079,21.6158],[94.0003,21.6094],[94.0083,21.6083],[94.0079,21.6158]],[[93.3667,21.3667],[93.374,21.3587],[93.3747,21.3656],[93.3667,21.3667]],[[93.225,22.1417],[93.2323,22.1337],[93.2331,22.1406],[93.225,22.1417]],[[93.5081,22.6239],[93.5004,22.6176],[93.5073,22.617],[93.5081,22.6239]],[[93.5831,23.6489],[93.5754,23.6426],[93.5823,23.642],[93.5831,23.6489]],[[93.3083,22.3083],[93.316,22.3006],[93.3161,22.3076],[93.3083,22.3083]],[[94.0074,20.7079],[94.0011,20.7003],[94.008,20.701],[94.0074,20.7079]],[[94.0,20.5833],[94.0077,20.5756],[94.0078,20.5826],[94.0,20.5833]],[[93.625,23.4417],[93.6327,23.434],[93.6328,23.441],[93.625,23.4417]],[[93.5414,22.9989],[93.5338,22.9926],[93.5407,22.992],[93.5414,22.9989]],[[93.6583,22.5],[93.666,22.4923],[93.6661,22.4993],[93.6583,22.5]],[[93.8173,21.041],[93.825,21.0333],[93.8243,21.0411],[93.8173,21.041]],[[93.8167,21.8],[93.8244,21.7923],[93.8245,21.7993],[93.8167,21.8]],[[93.8658,22.6913],[93.8595,22.6836],[93.8663,22.6844],[93.8658,22.6913]],[[93.5996,22.0658],[93.592,22.0594],[93.6,22.0583],[93.5996,22.0658]],[[93.9583,20.75],[93.966,20.7423],[93.9661,20.7493],[93.9583,20.75]],[[93.6408,20.9663],[93.6345,20.9586],[93.6413,20.9594],[93.6408,20.9663]],[[93.2333,22.675],[93.241,22.6673],[93.2411,22.6743],[93.2333,22.675]],[[93.8423,22.7077],[93.85,22.7],[93.8493,22.7078],[93.8423,22.7077]],[[93.8423,20.5827],[93.85,20.575],[93.8493,20.5828],[93.8423,20.5827]],[[93.7667,20.5167],[93.774,20.5087],[93.7747,20.5156],[93.7667,20.5167]],[[93.7667,20.55],[93.774,20.542],[93.7747,20.5489],[93.7667,20.55]],[[93.8833,21.0417],[93.891,21.034],[93.8911,21.041],[93.8833,21.0417]],[[94.075,20.6],[94.0823,20.592],[94.0831,20.5989],[94.075,20.6]],[[93.3408,22.5496],[93.3345,22.5419],[93.3413,22.5427],[93.3408,22.5496]],[[93.5997,22.6989],[93.5921,22.6926],[93.599,22.692],[93.5997,22.6989]],[[93.8167,20.9417],[93.8244,20.934],[93.8245,20.941],[93.8167,20.9417]],[[94.1417,20.8167],[94.1494,20.809],[94.1495,20.816],[94.1417,20.8167]],[[93.0913,21.9991],[93.0836,21.9928],[93.0917,21.9917],[93.0913,21.9991]],[[93.6664,23.7156],[93.6588,23.7092],[93.6657,23.7087],[93.6664,23.7156]],[[93.1423,21.9244],[93.15,21.9167],[93.1493,21.9245],[93.1423,21.9244]],[[93.5829,21.1491],[93.5753,21.1428],[93.5833,21.1417],[93.5829,21.1491]],[[93.2,21.9],[93.2077,21.8923],[93.2078,21.8993],[93.2,21.9]],[[93.8667,23.2583],[93.8744,23.2506],[93.8745,23.2576],[93.8667,23.2583]],[[93.1995,21.8743],[93.1924,21.8672],[93.1994,21.8673],[93.1995,21.8743]],[[94.2583,20.15],[94.266,20.1423],[94.2661,20.1493],[94.2583,20.15]],[[93.8417,20.525],[93.8494,20.5173],[93.8495,20.5243],[93.8417,20.525]],[[93.225,22.1167],[93.2327,22.109],[93.2328,22.116],[93.225,22.1167]],[[93.6917,23.1833],[93.6994,23.1756],[93.6995,23.1826],[93.6917,23.1833]],[[93.7673,21.9494],[93.775,21.9417],[93.7743,21.9495],[93.7673,21.9494]],[[93.4913,21.4491],[93.4836,21.4428],[93.4917,21.4417],[93.4913,21.4491]],[[93.1583,21.7],[93.166,21.6923],[93.1661,21.6993],[93.1583,21.7]],[[93.6163,21.5408],[93.6086,21.5344],[93.6167,21.5333],[93.6163,21.5408]],[[93.6583,22.2917],[93.666,22.284],[93.6661,22.291],[93.6583,22.2917]],[[93.9083,20.9917],[93.916,20.984],[93.9161,20.991],[93.9083,20.9917]],[[93.9583,23.725],[93.9657,23.717],[93.9664,23.7239],[93.9583,23.725]],[[94.05,21.45],[94.0577,21.4423],[94.0578,21.4493],[94.05,21.45]],[[93.1,22.1],[93.0923,22.1077],[93.0926,22.1004],[93.1,22.1]],[[93.6329,21.9991],[93.6253,21.9928],[93.6333,21.9917],[93.6329,21.9991]],[[94.05,23.6667],[94.0577,23.659],[94.0578,23.666],[94.05,23.6667]],[[94.1083,20.8833],[94.116,20.8756],[94.1161,20.8826],[94.1083,20.8833]],[[93.3917,21.2583],[93.3994,21.2506],[93.3995,21.2576],[93.3917,21.2583]],[[93.5496,21.4991],[93.542,21.4928],[93.55,21.4917],[93.5496,21.4991]],[[93.9568,23.8404],[93.9606,23.8263],[93.9656,23.8264],[93.9568,23.8404]],[[93.5986,22.4844],[93.5895,22.4987],[93.5845,22.4986],[93.5986,22.4844]],[[93.2842,22.2934],[93.2992,22.3022],[93.2983,22.3074],[93.2842,22.2934]],[[93.8068,22.2237],[93.8106,22.2096],[93.8156,22.2097],[93.8068,22.2237]],[[93.6228,23.2825],[93.6282,23.2674],[93.6327,23.2687],[93.6228,23.2825]],[[93.4182,21.757],[93.4145,21.7429],[93.4236,21.7572],[93.4182,21.757]],[[93.9174,23.6233],[93.9244,23.6098],[93.9235,23.6245],[93.9174,23.6233]],[[93.6911,20.7235],[93.6845,20.7092],[93.6902,20.7088],[93.6911,20.7235]],[[93.5584,20.9726],[93.5498,20.975],[93.5544,20.9666],[93.5584,20.9726]],[[93.7574,22.6574],[93.7512,22.6426],[93.7574,22.6426],[93.7574,22.6574]],[[93.392,21.9307],[93.3997,21.9188],[93.3979,21.9331],[93.392,21.9307]],[[93.6173,23.3152],[93.6239,23.3009],[93.6233,23.3163],[93.6173,23.3152]],[[93.6087,23.3473],[93.6164,23.3355],[93.6146,23.3498],[93.6087,23.3473]],[[93.1501,21.8643],[93.1415,21.8667],[93.1461,21.8582],[93.1501,21.8643]],[[93.4669,22.0583],[93.4583,22.0607],[93.4623,22.0499],[93.4669,22.0583]],[[93.617,23.414],[93.6247,23.4022],[93.6229,23.4165],[93.617,23.414]],[[93.867,20.5057],[93.8747,20.4938],[93.8729,20.5081],[93.867,20.5057]],[[94.0333,21.3583],[94.0413,21.3437],[94.0389,21.3581],[94.0333,21.3583]],[[93.7521,23.5746],[93.7667,23.5667],[93.7662,23.5732],[93.7521,23.5746]],[[93.6583,21.35],[93.673,21.342],[93.6749,21.3477],[93.6583,21.35]],[[93.575,22.4167],[93.5896,22.4087],[93.5916,22.4143],[93.575,22.4167]],[[93.1748,22.8723],[93.1669,22.8606],[93.175,22.8583],[93.1748,22.8723]],[[94.0417,21.025],[94.0563,21.017],[94.0582,21.0227],[94.0417,21.025]],[[93.25,22.0833],[93.2342,22.0906],[93.2341,22.0845],[93.25,22.0833]],[[93.1248,22.064],[93.1169,22.0523],[93.125,22.05],[93.1248,22.064]],[[93.6828,22.0984],[93.6761,22.0841],[93.6823,22.0842],[93.6828,22.0984]],[[93.6271,21.7996],[93.6417,21.7917],[93.6412,21.7982],[93.6271,21.7996]],[[93.6083,21.7833],[93.623,21.7754],[93.6249,21.781],[93.6083,21.7833]],[[93.6748,23.477],[93.6833,23.4667],[93.6795,23.4834],[93.6748,23.477]],[[93.5998,21.4187],[93.6083,21.4083],[93.6045,21.4251],[93.5998,21.4187]],[[93.8772,23.1418],[93.8706,23.1333],[93.8834,23.1371],[93.8772,23.1418]],[[93.7995,20.7234],[93.7928,20.7091],[93.799,20.7092],[93.7995,20.7234]],[[93.4956,20.9854],[93.5054,20.9939],[93.5061,20.9978],[93.4853,20.9979],[93.4956,20.9854]],[[93.6533,22.6259],[93.6667,22.625],[93.6741,22.6193],[93.663,22.6328],[93.6533,22.6259]],[[93.9879,23.8319],[93.9945,23.8176],[94.0073,23.819],[93.9879,23.8319]],[[93.5849,21.8482],[93.5904,21.8356],[93.5983,21.857],[93.5849,21.8482]],[[93.9771,20.6238],[93.982,20.6097],[93.9905,20.6237],[93.9771,20.6238]],[[93.8335,21.8205],[93.8415,21.8038],[93.8381,21.8248],[93.8335,21.8205]],[[93.492,20.9537],[93.4996,20.9708],[93.4943,20.9746],[93.492,20.9537]],[[93.8551,21.9494],[93.851,21.9267],[93.8563,21.9256],[93.8551,21.9494]],[[93.6417,23.4583],[93.6631,23.4503],[93.6664,23.4554],[93.6417,23.4583]],[[93.425,21.3917],[93.4335,21.3747],[93.4267,21.3917],[93.425,21.3917]],[[93.6083,23.3917],[93.6168,23.3747],[93.6101,23.3917],[93.6083,23.3917]],[[94.0167,21.6167],[94.0266,21.6011],[94.0321,21.6013],[94.0323,21.6152],[94.0167,21.6167]],[[93.6546,21.3914],[93.6429,21.3819],[93.6434,21.3759],[93.6583,21.375],[93.6546,21.3914]],[[93.5667,23.5833],[93.5503,23.5887],[93.5526,23.5755],[93.5667,23.5833]],[[93.8675,21.8999],[93.8806,21.8921],[93.883,21.9055],[93.8773,21.9077],[93.8675,21.8999]],[[93.2788,22.0988],[93.2606,22.0903],[93.2598,22.085],[93.281,22.0853],[93.2788,22.0988]],[[93.4787,22.6489],[93.4676,22.6389],[93.4688,22.6262],[93.4827,22.6376],[93.4787,22.6489]],[[93.7101,21.1783],[93.7167,21.1917],[93.7386,21.2065],[93.7184,21.1984],[93.7101,21.1783]],[[93.1491,22.7749],[93.1499,22.8021],[93.1458,22.8078],[93.1416,22.7836],[93.1491,22.7749]],[[93.7167,23.1667],[93.7452,23.1587],[93.7494,23.1633],[93.7167,23.1667]],[[93.7175,21.236],[93.7321,21.2469],[93.7189,21.2572],[93.7175,21.236]],[[93.8733,21.8557],[93.8521,21.8309],[93.8538,21.8259],[93.8733,21.8557]],[[93.6138,22.7197],[93.6027,22.7294],[93.5944,22.7108],[93.6138,22.7197]],[[93.2056,22.1347],[93.2016,22.1561],[93.1931,22.1442],[93.2056,22.1347]],[[93.7736,23.1035],[93.7708,23.0773],[93.7878,23.069],[93.7736,23.1035]],[[93.6334,21.3288],[93.6405,21.3458],[93.6349,21.3499],[93.6178,21.3382],[93.6334,21.3288]],[[93.0967,22.0105],[93.0976,22.0455],[93.0928,22.0496],[93.0837,22.0341],[93.0967,22.0105]],[[93.3704,21.8768],[93.3878,21.9059],[93.3682,21.8958],[93.3704,21.8768]],[[93.975,23.6904],[93.9854,23.6763],[93.9982,23.6693],[93.9902,23.6899],[93.975,23.6904]],[[93.6414,23.733],[93.6332,23.7672],[93.6376,23.7264],[93.6414,23.733]],[[93.2402,22.7776],[93.2083,22.7913],[93.2188,22.7766],[93.2402,22.7776]],[[93.3622,21.7098],[93.3751,21.7254],[93.3622,21.7485],[93.358,21.7271],[93.3622,21.7098]],[[93.628,22.6398],[93.6134,22.6123],[93.6394,22.6386],[93.628,22.6398]],[[93.3286,22.4476],[93.3103,22.4201],[93.3105,22.4044],[93.3313,22.428],[93.3286,22.4476]],[[93.2222,22.4936],[93.2519,22.5566],[93.2363,22.5473],[93.2222,22.4936]],[[93.6873,23.113],[93.7126,23.1031],[93.7549,23.1064],[93.7451,23.1214],[93.6873,23.113]],[[93.3517,22.0002],[93.3534,21.9689],[93.3786,21.9606],[93.367,21.9897],[93.3517,22.0002]],[[93.6287,23.2548],[93.6272,23.1873],[93.6453,23.1529],[93.6287,23.2548]],[[93.6563,23.8037],[93.6455,23.837],[93.6371,23.7864],[93.6563,23.8037]],[[93.4079,21.6095],[93.412,21.6366],[93.3964,21.629],[93.3692,21.6556],[93.37,21.6961],[93.36,21.6494],[93.4079,21.6095]],[[93.3208,22.1944],[93.2959,22.246],[93.2772,22.2704],[93.277,22.2305],[93.3208,22.1944]],[[93.5362,23.0802],[93.5704,23.0864],[93.5723,23.1199],[93.5486,23.1114],[93.5287,23.1301],[93.5362,23.0802]],[[93.6681,22.0748],[93.6435,22.0147],[93.67,21.9786],[93.6597,22.0265],[93.6797,22.057],[93.6681,22.0748]],[[93.6471,23.1367],[93.6355,23.1323],[93.6469,23.0448],[93.6284,23.0131],[93.6468,23.0199],[93.6632,22.9708],[93.6471,23.1367]],[[93.6168,22.5995],[93.6095,22.5235],[93.6461,22.4869],[93.6185,22.5378],[93.6168,22.5995]],[[93.52,22.9788],[93.4875,22.9265],[93.4987,22.9023],[93.5298,22.9163],[93.5522,22.8771],[93.5568,22.9031],[93.5193,22.9446],[93.52,22.9788]],[[93.8216,23.0682],[93.7841,23.0424],[93.8212,23.0288],[93.828,22.9953],[93.8291,23.0475],[93.8462,23.0734],[93.825,23.0917],[93.8216,23.0682]],[[93.775,23.5733],[93.781,23.5294],[93.7351,23.4736],[93.7793,23.4876],[93.7968,23.4628],[93.8143,23.4829],[93.793,23.5266],[93.8129,23.5568],[93.775,23.5733]],[[93.5221,22.8784],[93.5039,22.8629],[93.4937,22.7834],[93.4959,22.7202],[93.5137,22.7035],[93.5364,22.8035],[93.5611,22.7377],[93.5663,22.7468],[93.5566,22.8177],[93.5221,22.8784]],[[93.5273,23.1488],[93.5375,23.1959],[93.5036,23.2055],[93.548,23.2707],[93.5247,23.3035],[93.4951,23.3033],[93.4812,23.3396],[93.4758,23.3099],[93.4999,23.2418],[93.4704,23.2187],[93.4837,23.1877],[93.5083,23.1917],[93.5125,23.1449],[93.5273,23.1488]],[[93.7659,23.3817],[93.7465,23.2969],[93.7957,23.2047],[93.746,23.137],[93.7832,23.1355],[93.7791,23.1646],[93.8075,23.2054],[93.7876,23.2388],[93.8035,23.2546],[93.7786,23.2707],[93.778,23.2977],[93.7964,23.3141],[93.7761,23.3409],[93.8047,23.3877],[93.7659,23.3817]],[[93.839,23.8218],[93.7963,23.6963],[93.8193,23.6877],[93.8243,23.663],[93.8034,23.6127],[93.8116,23.5879],[93.8265,23.6119],[93.8463,23.6133],[93.8369,23.6698],[93.8882,23.6777],[93.838,23.6879],[93.8275,23.7108],[93.8882,23.7388],[93.8294,23.7608],[93.862,23.8125],[93.839,23.8218]],[[93.5162,22.5001],[93.4873,22.5273],[93.5213,22.5268],[93.5043,22.5711],[93.4611,22.5618],[93.4702,22.3533],[93.506,22.3364],[93.5164,22.2964],[93.5137,22.2638],[93.4881,22.2535],[93.5112,22.2405],[93.5045,22.2254],[93.53,22.1974],[93.5226,22.2223],[93.5774,22.2203],[93.5826,22.2325],[93.5636,22.3111],[93.5058,22.3521],[93.4937,22.3881],[93.5162,22.5001]],[[93.5322,22.0812],[93.5216,22.0202],[93.4702,22.0282],[93.5046,21.9958],[93.4711,21.9703],[93.5155,21.8736],[93.4959,21.8445],[93.5143,21.7818],[93.4591,21.7543],[93.4514,21.7241],[93.495,21.7298],[93.5041,21.7536],[93.5213,21.7296],[93.5382,21.7696],[93.5408,21.7076],[93.4937,21.6991],[93.529,21.6534],[93.5214,21.6113],[93.54,21.6138],[93.5612,21.6714],[93.5899,21.6456],[93.5988,21.5928],[93.5713,21.5542],[93.579,21.536],[93.5622,21.4947],[93.5843,21.4366],[93.5974,21.4397],[93.5856,21.4666],[93.6041,21.4874],[93.6011,21.5432],[93.6307,21.5734],[93.6199,21.6207],[93.6624,21.587],[93.6541,21.5114],[93.6854,21.4704],[93.6774,21.5446],[93.7036,21.5785],[93.722,21.5627],[93.7479,21.5773],[93.7536,21.5382],[93.7274,21.5128],[93.7372,21.4873],[93.7782,21.4882],[93.7623,21.4556],[93.7831,21.4224],[93.7455,21.4127],[93.7378,21.3955],[93.7635,21.3719],[93.7706,21.3377],[93.8056,21.3221],[93.7966,21.2871],[93.8301,21.2363],[93.8276,21.2051],[93.8508,21.2239],[93.8807,21.2116],[93.8845,21.1677],[93.906,21.146],[93.8602,21.1061],[93.8858,21.0689],[93.8783,21.0937],[93.9056,21.1137],[93.9378,21.1042],[93.9645,21.1395],[93.9872,21.1202],[94.0137,21.1299],[93.938,21.1879],[94.0221,21.195],[94.0312,21.2096],[93.9615,21.245],[93.9551,21.3041],[93.9385,21.264],[93.899,21.2812],[93.8709,21.2374],[93.855,21.2425],[93.8479,21.3187],[93.8094,21.3373],[93.7927,21.3718],[93.877,21.3733],[93.8731,21.3946],[93.8387,21.42],[93.8189,21.4145],[93.8097,21.455],[93.83,21.4788],[93.8517,21.4629],[93.8882,21.465],[93.8122,21.5048],[93.8215,21.5449],[93.848,21.5587],[93.8201,21.5965],[93.7972,21.5952],[93.7416,21.6394],[93.699,21.6015],[93.6807,21.6616],[93.6466,21.6459],[93.6218,21.6702],[93.588,21.738],[93.5966,21.7694],[93.5708,21.7963],[93.5723,21.8348],[93.5451,21.8528],[93.5121,21.9624],[93.5423,22.0036],[93.5782,21.9963],[93.5891,21.979],[93.6045,21.9978],[93.5952,22.0241],[93.5694,22.0378],[93.572,22.0745],[93.5322,22.0812]]],[[[94.218,23.0406],[94.239,23.084],[94.2628,23.0883],[94.2658,23.0427],[94.2457,23.0136],[94.2708,22.9972],[94.2794,22.9632],[94.2531,22.9634],[94.2187,22.9311],[94.2826,22.9264],[94.2706,22.8851],[94.2938,22.8882],[94.3146,22.8563],[94.3064,22.7816],[94.2877,22.7616],[94.3308,22.7888],[94.3481,22.7349],[94.333,22.7177],[94.2935,22.7274],[94.2965,22.6371],[94.2787,22.6201],[94.296,22.5709],[94.3119,22.371],[94.346,22.387],[94.328,22.4276],[94.3676,22.4309],[94.3808,22.4122],[94.3909,22.4256],[94.3869,22.4723],[94.3458,22.4544],[94.337,22.469],[94.3806,22.4952],[94.3361,22.4949],[94.3447,22.5142],[94.3193,22.5253],[94.3368,22.5608],[94.388,22.571],[94.3261,22.6012],[94.3444,22.6474],[94.372,22.6554],[94.3604,22.6921],[94.374,22.7063],[94.4133,22.6388],[94.4044,22.6183],[94.4392,22.5878],[94.4252,22.548],[94.4369,22.4452],[94.4544,22.421],[94.4328,22.3699],[94.3855,22.3533],[94.3771,22.3308],[94.4169,22.345],[94.4448,22.2295],[94.4633,22.2439],[94.469,22.2889],[94.48,22.2593],[94.5037,22.2482],[94.5052,22.2028],[94.5284,22.1877],[94.5542,22.2272],[94.5468,22.246],[94.5978,22.2665],[94.5359,22.1612],[94.5049,22.1529],[94.4783,22.1983],[94.4447,22.1955],[94.4669,22.0501],[94.4647,21.9991],[94.4441,21.9829],[94.4538,21.8965],[94.4378,21.8873],[94.4141,21.8107],[94.3844,21.7955],[94.3773,21.833],[94.3987,21.8552],[94.379,21.8793],[94.3882,21.9634],[94.3707,21.9965],[94.3795,21.9603],[94.3425,21.9319],[94.3628,21.8371],[94.3443,21.8064],[94.3717,21.7703],[94.3954,21.7709],[94.3965,21.7545],[94.3776,21.7437],[94.2958,21.4961],[94.3132,21.5868],[94.3035,21.6472],[94.2779,21.6456],[94.2538,21.6125],[94.2659,21.5362],[94.2545,21.509],[94.2303,21.5032],[94.2095,21.5446],[94.2213,21.5656],[94.2111,21.5935],[94.2385,21.6132],[94.2268,21.6347],[94.2624,21.6874],[94.2614,21.7138],[94.2948,21.7391],[94.2987,21.6953],[94.3132,21.7301],[94.2793,21.7938],[94.3035,21.8536],[94.2858,21.8669],[94.305,21.9033],[94.2986,21.9435],[94.2876,21.9542],[94.2739,21.9359],[94.246,21.9535],[94.2591,21.9746],[94.2966,21.9796],[94.276,22.0163],[94.2459,22.0045],[94.2274,22.0983],[94.2783,22.037],[94.2898,22.0579],[94.2779,22.0926],[94.2965,22.1049],[94.2625,22.128],[94.2799,22.1387],[94.2731,22.1531],[94.245,22.1424],[94.2104,22.1582],[94.2381,22.1624],[94.2541,22.185],[94.2434,22.205],[94.2573,22.223],[94.2272,22.3062],[94.2515,22.415],[94.2653,22.417],[94.2528,22.448],[94.2626,22.464],[94.2268,22.4664],[94.2469,22.538],[94.2046,22.5792],[94.1857,22.5734],[94.2048,22.6065],[94.1703,22.6791],[94.175,22.7337],[94.2048,22.7416],[94.2222,22.6712],[94.2378,22.7451],[94.1956,22.77],[94.2149,22.8011],[94.1764,22.8282],[94.1892,22.8501],[94.1863,22.9366],[94.1955,22.9045],[94.1997,22.9138],[94.1957,23.0541],[94.2285,23.163],[94.218,23.0406]],[[94.225,22.9083],[94.2323,22.9004],[94.2331,22.9072],[94.225,22.9083]],[[94.275,22.5417],[94.2827,22.534],[94.2828,22.541],[94.275,22.5417]],[[94.3667,22.0167],[94.3744,22.009],[94.3745,22.016],[94.3667,22.0167]],[[94.3667,22.3167],[94.3744,22.309],[94.3745,22.316],[94.3667,22.3167]],[[94.1917,22.8917],[94.1994,22.884],[94.1995,22.891],[94.1917,22.8917]],[[94.2579,23.0824],[94.2503,23.0761],[94.2583,23.075],[94.2579,23.0824]],[[94.3741,22.0413],[94.3678,22.0336],[94.3747,22.0344],[94.3741,22.0413]],[[94.3,22.05],[94.3077,22.0423],[94.3078,22.0493],[94.3,22.05]],[[94.2086,23.0213],[94.2166,23.0054],[94.2137,23.0248],[94.2086,23.0213]]],[[[97.9992,17.5576],[97.9867,17.6055],[97.9358,17.6111],[97.9213,17.6212],[97.9279,17.6385],[97.9048,17.6466],[97.9052,17.662],[97.8958,17.6793],[97.9119,17.7052],[97.8776,17.7049],[97.8693,17.7304],[97.81,17.7478],[97.8706,17.7555],[97.897,17.7294],[97.8862,17.7727],[97.9131,17.7882],[97.9374,17.8465],[97.9792,17.7871],[97.9763,17.7177],[98.0,17.6709],[97.9992,17.5576]]],[[[98.0,17.8451],[97.9868,17.896],[98.0,17.9072],[98.0,17.8451]]],[[[97.9983,17.9234],[97.9792,17.9275],[97.9797,17.9549],[97.963,17.988],[97.963,18.0203],[97.9884,18.0566],[97.9783,18.0707],[97.9608,18.0566],[97.9608,18.0993],[97.9812,18.1288],[98.0,18.1255],[97.9983,17.9234]],[[97.975,18.0917],[97.9827,18.084],[97.9828,18.091],[97.975,18.0917]],[[97.9914,18.0406],[97.9838,18.0342],[97.9907,18.0337],[97.9914,18.0406]]],[[[98.0,18.1418],[97.9853,18.1521],[98.0,18.1895],[98.0,18.1418]]],[[[97.9985,18.2048],[97.9897,18.2515],[97.9729,18.2568],[97.9821,18.1834],[97.9623,18.1703],[97.9521,18.2167],[97.9628,18.2384],[97.9513,18.2634],[97.9628,18.2716],[97.9545,18.3115],[97.9713,18.3133],[97.962,18.3545],[98.0,18.3674],[97.9985,18.2048]]],[[[97.9996,18.4177],[97.9851,18.3942],[97.9591,18.412],[97.9808,18.4484],[97.9666,18.5],[97.9814,18.5311],[98.0,18.5265],[97.9996,18.4177]]],[[[98.0,18.5348],[97.9875,18.5881],[97.9697,18.5538],[97.9481,18.6019],[97.9286,18.5961],[97.9184,18.6225],[97.9548,18.6509],[97.9353,18.6768],[97.9629,18.7629],[97.9112,18.7559],[97.8783,18.7041],[97.8605,18.7459],[97.8722,18.7894],[97.8957,18.7958],[97.9049,18.7799],[97.9477,18.7976],[97.9289,18.8623],[97.8861,18.8022],[97.8623,18.7956],[97.8442,18.82],[97.849,18.7706],[97.8377,18.7869],[97.8117,18.7776],[97.836,18.6884],[97.8547,18.7118],[97.8541,18.6622],[97.8278,18.6466],[97.8726,18.616],[97.838,18.6044],[97.8363,18.5723],[97.862,18.554],[97.828,18.555],[97.8202,18.5468],[97.837,18.5294],[97.8301,18.5111],[97.8538,18.4954],[97.8283,18.4636],[97.8463,18.4375],[97.8375,18.3113],[97.8624,18.2937],[97.8556,18.2643],[97.8354,18.2579],[97.8624,18.237],[97.8456,18.1889],[97.8635,18.1844],[97.8549,18.137],[97.8738,18.1137],[97.8544,18.0886],[97.8725,18.0566],[97.8384,18.0113],[97.802,18.0271],[97.8018,18.0479],[97.7717,18.0456],[97.7442,18.0904],[97.8372,18.0784],[97.8188,18.0993],[97.8358,18.123],[97.7924,18.1023],[97.7542,18.1352],[97.7711,18.1384],[97.7713,18.1703],[97.788,18.1549],[97.8235,18.1743],[97.7629,18.1938],[97.8053,18.2452],[97.7294,18.2691],[97.7886,18.2943],[97.7347,18.2929],[97.7655,18.328],[97.7457,18.3866],[97.767,18.3892],[97.771,18.4207],[97.7884,18.423],[97.7361,18.4474],[97.7539,18.489],[97.7216,18.5131],[97.6943,18.4966],[97.6872,18.5204],[97.7034,18.5392],[97.6777,18.5643],[97.655,18.5583],[97.6549,18.5289],[97.6799,18.5045],[97.6827,18.4248],[97.6611,18.414],[97.6381,18.3724],[97.646,18.3382],[97.5623,18.4199],[97.588,18.4215],[97.5792,18.4653],[97.595,18.4975],[97.5713,18.4717],[97.5611,18.4947],[97.5369,18.4292],[97.5295,18.4797],[97.4864,18.4613],[97.5118,18.4451],[97.4942,18.4317],[97.5132,18.4279],[97.5199,18.4053],[97.5481,18.4088],[97.5277,18.3701],[97.4722,18.4368],[97.4458,18.4428],[97.424,18.5269],[97.3855,18.5563],[97.3773,18.6603],[97.3944,18.697],[97.4314,18.6786],[97.4393,18.6311],[97.4275,18.5901],[97.4632,18.5284],[97.5288,18.5118],[97.5088,18.556],[97.522,18.5992],[97.5445,18.6139],[97.545,18.5803],[97.5611,18.5773],[97.5612,18.6174],[97.5884,18.6551],[97.5948,18.7031],[97.6378,18.7102],[97.6393,18.7442],[97.5956,18.7466],[97.605,18.7954],[97.5762,18.8055],[97.613,18.8129],[97.6136,18.8366],[97.5873,18.8371],[97.6147,18.8882],[97.6178,18.9434],[97.6634,18.9784],[97.6302,18.994],[97.6276,19.0309],[97.6019,19.0027],[97.596,19.029],[97.558,19.0024],[97.5291,19.0199],[97.5623,19.0206],[97.5476,19.0416],[97.5809,19.0477],[97.5865,19.0722],[97.5467,19.0787],[97.5682,19.1116],[97.6101,19.1136],[97.6227,19.0969],[97.6194,19.1533],[97.6538,19.0875],[97.6687,19.1524],[97.6807,19.1374],[97.7057,19.1433],[97.7036,19.0882],[97.7208,19.085],[97.6867,19.069],[97.7109,18.9963],[97.7215,19.0628],[97.7711,19.038],[97.7632,19.0115],[97.7957,19.0365],[97.8276,18.9971],[97.9006,18.9692],[97.8679,18.954],[97.8606,18.9376],[97.8696,18.9285],[97.872,18.9466],[97.9035,18.9468],[97.9246,18.8928],[97.9783,18.8941],[97.9514,18.9247],[97.9505,18.9632],[97.9921,18.9722],[98.0,19.0123],[97.9916,18.905],[98.0,18.902],[98.0,18.5348]],[[97.825,18.675],[97.8327,18.6673],[97.8328,18.6743],[97.825,18.675]],[[97.9663,18.8324],[97.9586,18.8261],[97.9667,18.825],[97.9663,18.8324]],[[97.7333,18.55],[97.741,18.5423],[97.7411,18.5493],[97.7333,18.55]],[[97.8091,18.9922],[97.8161,18.9993],[97.8083,19.0],[97.8091,18.9922]],[[97.7917,18.0667],[97.7994,18.059],[97.7995,18.066],[97.7917,18.0667]],[[97.6413,18.9241],[97.6336,18.9178],[97.6417,18.9167],[97.6413,18.9241]],[[97.5917,18.4083],[97.5994,18.4006],[97.5995,18.4076],[97.5917,18.4083]],[[97.5083,18.5083],[97.516,18.5006],[97.5161,18.5076],[97.5083,18.5083]],[[97.6587,19.074],[97.6667,19.0667],[97.6656,19.0747],[97.6587,19.074]],[[97.6329,18.6324],[97.6253,18.6261],[97.6333,18.625],[97.6329,18.6324]],[[97.875,18.75],[97.8827,18.7423],[97.8828,18.7493],[97.875,18.75]],[[97.9583,18.8833],[97.966,18.8756],[97.9661,18.8826],[97.9583,18.8833]],[[97.5917,18.4833],[97.5994,18.4756],[97.5995,18.4826],[97.5917,18.4833]],[[97.675,18.7833],[97.6827,18.7756],[97.6828,18.7826],[97.675,18.7833]],[[97.6583,18.4583],[97.666,18.4506],[97.6661,18.4576],[97.6583,18.4583]],[[97.8583,18.825],[97.8657,18.817],[97.8664,18.8239],[97.8583,18.825]],[[97.8333,18.8417],[97.8407,18.8337],[97.8414,18.8406],[97.8333,18.8417]],[[97.6506,18.9994],[97.6583,18.9917],[97.6576,18.9995],[97.6506,18.9994]],[[97.9895,18.6013],[97.9986,18.6156],[97.9845,18.6014],[97.9895,18.6013]],[[97.7849,19.007],[97.7811,18.9929],[97.7903,19.0072],[97.7849,19.007]],[[97.7156,18.6153],[97.7013,18.6061],[97.7014,18.6011],[97.7156,18.6153]],[[97.8167,18.625],[97.8313,18.617],[97.8332,18.6227],[97.8167,18.625]],[[97.9583,18.8417],[97.9425,18.8489],[97.9424,18.8428],[97.9583,18.8417]],[[97.775,18.3417],[97.7796,18.3253],[97.7913,18.3388],[97.775,18.3417]],[[97.6636,18.7737],[97.6478,18.7599],[97.674,18.7538],[97.6636,18.7737]],[[97.6553,18.7025],[97.6636,18.6806],[97.6376,18.6637],[97.6532,18.6537],[97.643,18.6155],[97.6676,18.5795],[97.6872,18.578],[97.6686,18.6185],[97.7044,18.6937],[97.704,18.7368],[97.6707,18.738],[97.6553,18.7025]]],[[[98.0,19.0337],[97.9954,19.0541],[98.0,19.0705],[98.0,19.0337]]],[[[98.0,19.1156],[97.9997,19.1338],[98.0,19.1474],[98.0,19.1156]]],[[[98.0,19.1946],[97.9937,19.21],[98.0,19.2211],[98.0,19.1946]]],[[[97.9998,19.5231],[97.961,19.486],[97.9479,19.4438],[97.9135,19.4224],[97.926,19.4096],[97.872,19.3942],[97.8692,19.4387],[97.8045,19.3964],[97.8353,19.3065],[97.8523,19.3138],[97.8863,19.2792],[97.8721,19.2714],[97.8717,19.2381],[97.8513,19.23],[97.8469,19.2529],[97.8353,19.2464],[97.8172,19.2704],[97.7776,19.2391],[97.7522,19.1722],[97.7368,19.2124],[97.762,19.262],[97.7527,19.3039],[97.7715,19.3286],[97.7539,19.3454],[97.7378,19.3121],[97.696,19.3045],[97.7399,19.2914],[97.736,19.2691],[97.6963,19.2547],[97.7208,19.2457],[97.7214,19.2295],[97.6868,19.2201],[97.7226,19.2024],[97.7194,19.1699],[97.661,19.1728],[97.6547,19.2386],[97.6382,19.2625],[97.6055,19.1643],[97.5788,19.162],[97.5976,19.1896],[97.5965,19.245],[97.6158,19.2532],[97.5772,19.2915],[97.6037,19.3047],[97.5683,19.3124],[97.5293,19.3536],[97.555,19.3464],[97.5487,19.3813],[97.575,19.3698],[97.5933,19.3805],[97.6389,19.3296],[97.6307,19.3863],[97.6028,19.399],[97.6038,19.4704],[97.6294,19.4022],[97.6548,19.4288],[97.6811,19.4027],[97.6954,19.4129],[97.6799,19.4292],[97.7201,19.4411],[97.7703,19.4049],[97.7967,19.4216],[97.8035,19.439],[97.7391,19.5049],[97.7382,19.4811],[97.7278,19.4863],[97.7019,19.4519],[97.674,19.4516],[97.6551,19.4696],[97.6782,19.4941],[97.6707,19.5119],[97.7537,19.5284],[97.7658,19.5614],[97.6875,19.5955],[97.744,19.5937],[97.7208,19.6127],[97.7535,19.6387],[97.6762,19.6176],[97.6624,19.6533],[97.7206,19.6531],[97.671,19.6774],[97.7052,19.6887],[97.705,19.7125],[97.7645,19.6804],[97.7207,19.7287],[97.7725,19.7232],[97.7524,19.7793],[97.754,19.8449],[97.7948,19.8319],[97.8204,19.7623],[97.8547,19.7741],[97.8874,19.753],[97.8188,19.8228],[97.846,19.829],[97.846,19.8866],[97.8628,19.8883],[97.8471,19.9039],[97.8792,19.939],[97.8887,19.9208],[97.9298,19.9455],[97.9459,19.9194],[97.9698,19.932],[98.0,19.9234],[97.9998,19.5231]],[[97.775,19.3667],[97.7827,19.359],[97.7828,19.366],[97.775,19.3667]],[[97.775,19.4917],[97.7827,19.484],[97.7828,19.491],[97.775,19.4917]],[[97.784,19.566],[97.7917,19.5583],[97.791,19.5661],[97.784,19.566]],[[97.7583,19.6],[97.766,19.5923],[97.7661,19.5993],[97.7583,19.6]],[[97.6497,19.3572],[97.6421,19.3509],[97.649,19.3504],[97.6497,19.3572]],[[97.7074,19.3996],[97.7011,19.3919],[97.708,19.3927],[97.7074,19.3996]],[[97.9246,19.7324],[97.917,19.7261],[97.925,19.725],[97.9246,19.7324]],[[97.7246,19.4324],[97.717,19.4261],[97.725,19.425],[97.7246,19.4324]],[[97.7667,19.2917],[97.7744,19.284],[97.7745,19.291],[97.7667,19.2917]],[[97.7833,19.6833],[97.7907,19.6754],[97.7914,19.6822],[97.7833,19.6833]],[[97.9079,19.7491],[97.9003,19.7428],[97.9083,19.7417],[97.9079,19.7491]],[[97.8989,19.6486],[97.8846,19.6394],[97.8847,19.6344],[97.8989,19.6486]]],[[[97.9998,19.9434],[97.9482,19.9877],[97.9442,19.9606],[97.9149,19.9795],[97.9091,19.9784],[97.8951,19.9631],[97.8715,19.9798],[97.8782,19.9616],[97.8131,19.913],[97.8291,19.8799],[97.813,19.8467],[97.7699,19.8699],[97.7802,19.91],[97.7625,19.9221],[97.7881,19.9446],[97.7804,19.9625],[97.8143,19.9651],[97.7948,19.9972],[97.8366,20.0424],[97.8352,20.0644],[97.8794,20.0975],[98.0,20.0831],[97.9998,19.9434]],[[97.8083,20.0],[97.816,19.9923],[97.8161,19.9993],[97.8083,20.0]],[[97.85,19.975],[97.8577,19.9673],[97.8578,19.9743],[97.85,19.975]]],[[[98.0,20.0916],[97.9138,20.1109],[97.9083,20.1273],[97.9521,20.2066],[97.9955,20.2118],[97.9618,20.2376],[97.9957,20.2864],[98.0,20.0916]]],[[[97.9998,20.4039],[97.9721,20.3696],[97.9029,20.3533],[97.8775,20.2916],[97.8042,20.2319],[97.7387,20.0946],[97.681,20.0349],[97.661,20.0521],[97.7154,20.1821],[97.7227,20.2266],[97.7041,20.2302],[97.6686,20.1702],[97.6479,20.0715],[97.6205,20.0623],[97.6026,20.0222],[97.6042,19.9201],[97.6235,19.9567],[97.6259,20.0212],[97.6944,19.9966],[97.6954,19.9631],[97.6705,19.9709],[97.6806,19.944],[97.6703,19.9283],[97.6372,19.9293],[97.6364,19.8949],[97.6551,19.8841],[97.7025,19.8978],[97.711,19.8785],[97.6869,19.8776],[97.7123,19.8604],[97.688,19.8368],[97.7263,19.8397],[97.7322,19.8238],[97.7139,19.7965],[97.6952,19.8036],[97.7084,19.7556],[97.6808,19.764],[97.6866,19.7372],[97.6444,19.7383],[97.6134,19.7049],[97.6057,19.7616],[97.5805,19.7456],[97.5704,19.7538],[97.6052,19.854],[97.5561,19.755],[97.5344,19.767],[97.5489,19.7206],[97.5272,19.7036],[97.5096,19.6262],[97.5185,19.5706],[97.5304,19.5549],[97.5542,19.5964],[97.5647,19.5687],[97.6145,19.5563],[97.579,19.4777],[97.5619,19.4701],[97.5707,19.4199],[97.5438,19.4158],[97.5287,19.5209],[97.5141,19.4123],[97.4924,19.3984],[97.4863,19.361],[97.5228,19.3272],[97.5098,19.303],[97.5207,19.2385],[97.5024,19.2353],[97.4429,19.0764],[97.4465,18.9706],[97.4313,18.8825],[97.4118,18.8771],[97.4283,18.8519],[97.4028,18.8361],[97.3768,18.8713],[97.3686,19.0416],[97.3792,19.1538],[97.3946,19.1861],[97.4115,19.1762],[97.4292,19.1843],[97.4408,19.2258],[97.4493,19.411],[97.4273,19.466],[97.4563,19.4823],[97.4372,19.5472],[97.4563,19.5898],[97.4802,19.7782],[97.4628,19.8298],[97.471,19.8794],[97.4375,19.9098],[97.4279,19.9416],[97.4044,19.9468],[97.4058,19.9951],[97.3786,19.955],[97.3954,19.8952],[97.4293,19.8866],[97.4032,19.8451],[97.4287,19.7977],[97.4034,19.72],[97.429,19.6104],[97.3986,19.5626],[97.362,19.5565],[97.3904,19.5318],[97.3817,19.472],[97.3376,19.4789],[97.379,19.4312],[97.3693,19.4146],[97.4047,19.2806],[97.3975,19.2611],[97.3585,19.2221],[97.2859,19.3541],[97.2698,19.3205],[97.298,19.2662],[97.2534,19.2449],[97.2534,19.1956],[97.1965,19.2308],[97.2293,19.1212],[97.1802,19.1012],[97.1879,19.1199],[97.1708,19.1458],[97.1626,19.1217],[97.1313,19.1127],[97.1292,19.1289],[97.1042,19.1369],[97.0856,19.1648],[97.0961,19.1877],[97.0639,19.1828],[97.0528,19.2312],[97.0289,19.2382],[97.0483,19.2046],[97.0368,19.1794],[97.0126,19.1874],[97.0128,19.1691],[96.9519,19.2187],[96.9291,19.2631],[96.9103,19.2597],[96.9349,19.2059],[96.9631,19.1994],[96.9896,19.1601],[97.0517,19.1643],[97.0783,19.1382],[97.069,19.1147],[97.0889,19.1008],[97.086,19.0605],[96.9864,19.0954],[97.0448,19.0571],[97.0302,19.0455],[97.0463,19.0365],[97.0526,18.9965],[97.0623,19.0376],[97.1053,19.047],[97.1187,19.0815],[97.1944,19.0023],[97.2344,19.0063],[97.2546,18.9784],[97.2507,18.9603],[97.2209,18.9789],[97.2118,18.9655],[97.238,18.9129],[97.2072,18.9227],[97.1971,18.8967],[97.1785,18.9037],[97.1969,18.8549],[97.1782,18.8056],[97.2041,18.8209],[97.2263,18.7957],[97.2465,18.8129],[97.2623,18.8053],[97.2373,18.7652],[97.255,18.7301],[97.2029,18.72],[97.271,18.7036],[97.2301,18.6748],[97.2197,18.6546],[97.2408,18.6732],[97.2708,18.6706],[97.2747,18.6342],[97.2462,18.6215],[97.2775,18.6133],[97.2542,18.6032],[97.2812,18.5587],[97.2538,18.5708],[97.2509,18.549],[97.2638,18.5195],[97.3047,18.5127],[97.2543,18.4873],[97.2771,18.4887],[97.2789,18.4714],[97.2979,18.4893],[97.3215,18.4783],[97.3112,18.4383],[97.3461,18.4296],[97.3693,18.3968],[97.4045,18.3951],[97.3859,18.3556],[97.4302,18.3475],[97.4192,18.3143],[97.4459,18.2875],[97.4299,18.2688],[97.4466,18.254],[97.4815,18.2675],[97.5043,18.206],[97.4778,18.2112],[97.4749,18.1611],[97.4953,18.0797],[97.5139,18.0709],[97.5017,18.03],[97.5535,17.9883],[97.5869,17.9225],[97.5839,17.8991],[97.6041,17.8988],[97.6296,17.8563],[97.6105,17.8154],[97.6385,17.8055],[97.6877,17.689],[97.6942,17.579],[97.6442,17.6387],[97.6304,17.7303],[97.5614,17.8197],[97.5126,17.9195],[97.4608,18.096],[97.4713,18.1073],[97.436,18.1526],[97.4234,18.2121],[97.3318,18.3462],[97.3126,18.3212],[97.318,18.2762],[97.3471,18.2688],[97.3585,18.2083],[97.3557,18.1628],[97.3283,18.1199],[97.348,18.0926],[97.3566,18.0322],[97.3144,18.0125],[97.2975,18.0272],[97.3042,18.0542],[97.2794,18.0558],[97.289,18.1388],[97.1949,18.2122],[97.1953,18.1933],[97.2398,18.1649],[97.2738,18.102],[97.2201,18.053],[97.1939,17.9829],[97.1389,17.9676],[97.1329,17.9182],[97.0858,17.9735],[97.108,18.051],[97.0549,18.0706],[97.0863,18.078],[97.0785,18.1031],[97.1041,18.1042],[97.0963,18.122],[97.1202,18.1416],[97.1053,18.1549],[97.0617,18.1198],[97.0446,18.1373],[97.0098,18.1261],[97.0294,18.1486],[97.0112,18.1974],[97.0708,18.2332],[96.9567,18.2023],[96.9375,18.2705],[96.9128,18.278],[96.92,18.3057],[96.8541,18.2773],[96.8193,18.3222],[96.8217,18.3568],[96.8626,18.379],[96.8386,18.4227],[96.8866,18.4059],[96.8958,18.3707],[96.9305,18.3943],[96.8791,18.4634],[96.9306,18.463],[96.9046,18.4954],[96.9204,18.5114],[96.9057,18.5221],[96.9297,18.5319],[96.8623,18.5688],[96.8957,18.5881],[96.9304,18.5724],[96.8919,18.6238],[96.8496,18.5999],[96.8118,18.6181],[96.8128,18.6457],[96.853,18.6292],[96.8577,18.6469],[96.8802,18.639],[96.7651,18.6928],[96.7612,18.7135],[96.738,18.7259],[96.7539,18.7714],[96.7127,18.7883],[96.7291,18.8135],[96.7173,18.8526],[96.7234,18.8616],[96.7295,18.8376],[96.7546,18.8369],[96.8798,18.7537],[96.8617,18.7968],[96.8197,18.8281],[96.8209,18.8626],[96.7521,18.9161],[96.8436,18.9309],[96.8373,18.8955],[96.8702,18.9125],[96.8875,18.8794],[96.923,18.8801],[96.9223,18.9372],[96.897,18.954],[96.9124,18.972],[96.8941,18.9841],[96.9204,19.012],[96.9049,19.0267],[96.9123,19.0399],[96.8736,19.1045],[96.8552,19.0791],[96.8215,19.1111],[96.8225,19.1453],[96.7291,19.1595],[96.7093,19.2402],[96.7368,19.2452],[96.718,19.2598],[96.7274,19.2887],[96.7645,19.2641],[96.7438,19.309],[96.7632,19.3371],[96.7194,19.3197],[96.6711,19.3719],[96.6546,19.3612],[96.7165,19.2977],[96.6973,19.2222],[96.6761,19.2292],[96.6607,19.2128],[96.6784,19.188],[96.6949,19.2042],[96.7138,19.1739],[96.688,19.161],[96.7472,19.127],[96.7399,19.1126],[96.7106,19.1102],[96.7544,19.0953],[96.7499,19.0725],[96.7207,19.0622],[96.7266,19.0396],[96.7542,19.0458],[96.7875,19.013],[96.7431,19.0153],[96.7283,18.9878],[96.7013,18.9924],[96.6307,19.019],[96.6378,19.0541],[96.6168,19.0359],[96.5819,19.057],[96.5942,19.097],[96.6295,19.0788],[96.6193,19.1074],[96.6374,19.1461],[96.6121,19.1623],[96.5903,19.1126],[96.5558,19.0953],[96.5432,19.104],[96.5469,19.1701],[96.5042,19.2186],[96.529,19.2294],[96.5294,19.2538],[96.5111,19.2561],[96.48,19.3015],[96.4868,19.3222],[96.4369,19.4026],[96.4609,19.4447],[96.4801,19.4492],[96.4661,19.4651],[96.4214,19.4622],[96.4448,19.4946],[96.4635,19.48],[96.4979,19.5273],[96.4708,19.5344],[96.4467,19.5765],[96.4442,19.6234],[96.3983,19.6454],[96.3844,19.6301],[96.3673,19.6594],[96.3708,19.6821],[96.3882,19.6716],[96.397,19.6937],[96.3873,19.7294],[96.4165,19.7102],[96.4452,19.7127],[96.4314,19.6689],[96.4654,19.7036],[96.4783,19.6702],[96.4968,19.6521],[96.5217,19.6451],[96.5132,19.629],[96.54,19.6123],[96.5627,19.5457],[96.57,19.5975],[96.5042,19.7045],[96.4792,19.7218],[96.4963,19.7488],[96.4596,19.754],[96.4294,19.7893],[96.4555,19.7966],[96.471,19.8307],[96.5302,19.8294],[96.5449,19.8125],[96.5368,19.7967],[96.5716,19.7723],[96.5707,19.7449],[96.6384,19.7132],[96.6614,19.6535],[96.664,19.6969],[96.6101,19.7499],[96.6426,19.7658],[96.6725,19.7552],[96.6882,19.8116],[96.6617,19.779],[96.6443,19.7809],[96.6354,19.8101],[96.6562,19.8355],[96.6356,19.8836],[96.6466,19.9801],[96.5929,20.1324],[96.6047,20.1658],[96.5533,20.2218],[96.521,20.3313],[96.4712,20.4121],[96.4546,20.3874],[96.4728,20.3761],[96.5397,20.2153],[96.5114,20.2292],[96.4961,20.2108],[96.4615,20.2375],[96.4521,20.2131],[96.4777,20.1527],[96.5142,20.1206],[96.5368,19.9976],[96.5215,19.9868],[96.5639,19.9809],[96.5954,19.9034],[96.6166,19.8346],[96.6056,19.7637],[96.5777,19.7895],[96.6066,19.8228],[96.5881,19.863],[96.5487,19.891],[96.5302,19.8888],[96.5281,19.8711],[96.4835,19.8825],[96.4819,19.8986],[96.5313,19.9127],[96.5059,19.9539],[96.4674,19.9091],[96.3954,19.9632],[96.4394,19.8872],[96.4119,19.8697],[96.429,19.8518],[96.415,19.8354],[96.3305,19.8776],[96.3622,19.908],[96.3374,19.9308],[96.3049,19.9198],[96.2952,19.9525],[96.3293,19.9721],[96.3113,20.0389],[96.3461,20.0372],[96.3547,20.0684],[96.3276,20.0892],[96.3286,20.1072],[96.3452,20.1146],[96.415,20.092],[96.3951,20.1134],[96.3962,20.1457],[96.3689,20.1477],[96.3819,20.178],[96.3712,20.2119],[96.3953,20.2213],[96.3629,20.239],[96.3888,20.2976],[96.3639,20.3157],[96.3353,20.2976],[96.3291,20.3134],[96.352,20.3393],[96.3041,20.3213],[96.3104,20.3702],[96.3461,20.3853],[96.3478,20.4415],[96.3125,20.4788],[96.293,20.4681],[96.2875,20.5643],[96.3167,20.608],[96.2872,20.6953],[96.3244,20.688],[96.3381,20.7288],[96.3794,20.72],[96.3634,20.7038],[96.3786,20.6953],[96.3947,20.6376],[96.3701,20.6181],[96.3774,20.597],[96.4048,20.5963],[96.4305,20.6416],[96.4475,20.6395],[96.4453,20.6857],[96.4712,20.6886],[96.4269,20.7213],[96.4203,20.8121],[96.5008,20.6961],[96.515,20.7161],[96.4702,20.8545],[96.4777,20.878],[96.4957,20.8709],[96.4988,20.9169],[96.4703,20.9256],[96.4291,20.9763],[96.4121,21.046],[96.3857,21.0646],[96.3266,21.3489],[96.3542,21.3513],[96.3718,21.4049],[96.4041,21.3623],[96.441,21.3543],[96.4643,21.3299],[96.4352,21.4317],[96.4707,21.3988],[96.4716,21.3777],[96.4964,21.3701],[96.5612,21.3021],[96.5341,21.3398],[96.5288,21.3805],[96.4776,21.4199],[96.5208,21.404],[96.5137,21.4295],[96.5451,21.4283],[96.5512,21.4597],[96.5714,21.4637],[96.5757,21.4811],[96.6059,21.4701],[96.6289,21.421],[96.6425,21.4497],[96.6728,21.4471],[96.6438,21.4975],[96.671,21.545],[96.6954,21.5534],[96.6698,21.5701],[96.6956,21.5791],[96.691,21.5987],[96.7709,21.6121],[96.696,21.6124],[96.7218,21.6514],[96.697,21.6451],[96.6942,21.6704],[96.6695,21.6161],[96.6437,21.6103],[96.6282,21.4956],[96.6047,21.512],[96.6096,21.4853],[96.5464,21.5051],[96.5352,21.4708],[96.4968,21.5224],[96.506,21.4733],[96.4812,21.4436],[96.4457,21.4546],[96.456,21.4927],[96.4378,21.4979],[96.4546,21.5465],[96.4051,21.5036],[96.4125,21.5228],[96.3871,21.5471],[96.4049,21.5786],[96.3993,21.5991],[96.3635,21.6306],[96.3902,21.6377],[96.4197,21.587],[96.4472,21.62],[96.4564,21.5621],[96.547,21.6277],[96.5221,21.6718],[96.5482,21.6627],[96.5724,21.6961],[96.5798,21.6541],[96.6034,21.6943],[96.645,21.6942],[96.6212,21.7141],[96.6623,21.7551],[96.5983,21.7289],[96.595,21.755],[96.5556,21.7288],[96.5221,21.7457],[96.537,21.7553],[96.5243,21.7815],[96.5604,21.7955],[96.5736,21.7792],[96.6294,21.8038],[96.6396,21.8556],[96.6574,21.8436],[96.6728,21.8618],[96.6788,21.8288],[96.7298,21.8407],[96.7506,21.8188],[96.7719,21.8533],[96.8308,21.788],[96.8013,21.8403],[96.7934,21.9598],[96.9628,21.9287],[96.978,21.9693],[96.9964,21.9717],[96.98,21.988],[96.9946,22.0056],[96.9624,22.0064],[97.0159,22.0447],[96.9936,22.0795],[96.9522,22.2376],[96.9706,22.2549],[97.0327,22.2342],[97.0554,22.2535],[97.0116,22.2444],[96.9443,22.2776],[96.8814,22.338],[96.8632,22.3394],[96.9377,22.2716],[96.9653,22.1764],[96.979,22.0546],[96.9544,22.0316],[96.9648,21.9729],[96.9489,21.9403],[96.8881,21.9577],[96.84,21.9525],[96.7873,21.9928],[96.7648,22.1622],[96.7354,22.1883],[96.6723,22.0967],[96.6449,22.0941],[96.6886,22.069],[96.6705,22.0264],[96.7414,21.9288],[96.664,21.8786],[96.6275,21.8951],[96.5794,21.8483],[96.596,21.8287],[96.5259,21.8098],[96.5129,21.8128],[96.5292,21.83],[96.503,21.8608],[96.5059,21.9032],[96.4777,21.8858],[96.4788,21.8459],[96.4456,21.8797],[96.4278,21.8223],[96.4466,21.7951],[96.4643,21.8222],[96.4784,21.8185],[96.4299,21.7639],[96.4161,21.7199],[96.3792,21.7048],[96.3021,21.8253],[96.3628,21.9713],[96.3215,21.93],[96.304,21.937],[96.2838,21.9189],[96.2755,21.9773],[96.2956,22.105],[96.313,22.1048],[96.3454,22.0718],[96.3793,22.0679],[96.3519,22.1103],[96.3632,22.1549],[96.4063,22.1754],[96.3859,22.1924],[96.3959,22.2292],[96.3711,22.2215],[96.3693,22.2383],[96.4241,22.2696],[96.3833,22.4029],[96.3852,22.4537],[96.413,22.5059],[96.3976,22.5156],[96.3534,22.5048],[96.3547,22.5713],[96.3201,22.5373],[96.33,22.5882],[96.3633,22.6235],[96.3533,22.6378],[96.3217,22.6289],[96.3263,22.6648],[96.2871,22.6452],[96.2718,22.652],[96.2595,22.6993],[96.2719,22.7469],[96.356,22.755],[96.3956,22.7967],[96.3447,22.7844],[96.2984,22.786],[96.3029,22.8045],[96.2573,22.7945],[96.2491,22.8112],[96.2361,22.8069],[96.225,22.8478],[96.2095,22.8195],[96.17,22.8373],[96.1976,22.7761],[96.1906,22.7632],[96.1528,22.7875],[96.1223,22.7773],[96.1293,22.8779],[96.1117,22.9125],[96.1539,22.9585],[96.1389,22.9739],[96.162,22.9872],[96.1293,23.0052],[96.1452,23.0285],[96.1294,23.0493],[96.1392,23.0625],[96.1713,23.0465],[96.1782,23.0738],[96.2366,23.0457],[96.3449,23.0472],[96.313,23.0297],[96.3479,23.0165],[96.3236,22.9684],[96.3796,23.0013],[96.3719,23.0386],[96.3978,23.0375],[96.4375,23.0628],[96.5293,23.0715],[96.5633,23.063],[96.5871,23.0207],[96.5996,23.0393],[96.653,23.0293],[96.6735,23.0482],[96.6976,23.0195],[96.7263,23.0232],[96.7414,23.0016],[96.7942,22.9952],[96.7967,23.0121],[96.8302,23.001],[96.8715,23.0119],[96.8885,23.0363],[96.8901,23.0645],[96.9181,23.0204],[96.9213,23.0453],[96.9691,23.0268],[96.9652,23.0394],[96.9387,23.0538],[96.9084,23.1024],[96.8869,23.1057],[96.904,23.1296],[96.9507,23.1223],[96.9549,23.1448],[96.9461,23.1624],[96.8719,23.1511],[96.8465,23.1786],[96.812,23.17],[96.787,23.2801],[96.8801,23.3482],[96.9134,23.3203],[96.9343,23.3783],[96.9535,23.361],[96.9665,23.3811],[97.0293,23.3877],[97.0891,23.4194],[97.0897,23.4394],[97.2263,23.5543],[97.2575,23.5732],[97.2885,23.5701],[97.3074,23.576],[97.3401,23.5976],[97.3546,23.6447],[97.3311,23.6638],[97.3708,23.6795],[97.41,23.6458],[97.4535,23.6611],[97.2962,23.7218],[97.3058,23.6836],[97.2905,23.6544],[97.2682,23.6625],[97.2248,23.6438],[97.1974,23.6559],[97.2041,23.6288],[97.1216,23.5894],[97.1447,23.5795],[97.1409,23.5655],[97.0862,23.4955],[97.064,23.4889],[97.0718,23.4717],[97.0548,23.4537],[97.0163,23.4355],[96.9717,23.4456],[97.0405,23.4902],[97.0571,23.5423],[97.0456,23.5714],[97.0806,23.5546],[97.1136,23.6153],[97.1369,23.6289],[97.1369,23.6576],[97.0968,23.679],[97.1273,23.7275],[97.193,23.7339],[97.179,23.7533],[97.2275,23.7794],[97.2688,23.76],[97.2461,23.812],[97.2865,23.8283],[97.2889,23.8466],[97.3141,23.8445],[97.3129,23.865],[97.2773,23.8916],[97.2989,23.9342],[97.3022,24.0193],[97.3436,23.9874],[97.3635,23.9961],[97.3449,24.044],[97.3963,24.0804],[97.3635,24.0959],[97.3811,24.1229],[97.371,24.1537],[97.403,24.1694],[97.3879,24.1869],[97.411,24.222],[97.455,24.2046],[97.388,24.2818],[97.4198,24.3052],[97.4468,24.3048],[97.4457,24.3375],[97.5958,24.4371],[97.5447,24.4467],[97.554,24.4957],[97.5114,24.4117],[97.4879,24.4282],[97.4649,24.4183],[97.4537,24.4304],[97.4801,24.4703],[97.454,24.4634],[97.4504,24.4746],[97.4891,24.5649],[97.4778,24.586],[97.5141,24.6404],[97.5126,24.6704],[97.5615,24.6887],[97.5722,24.6297],[97.6047,24.7264],[97.5803,24.7541],[97.5776,24.8123],[97.6036,24.8297],[97.571,24.8856],[97.5772,24.917],[97.6297,24.9475],[97.6634,24.9381],[97.6558,24.9694],[97.6461,24.955],[97.638,24.9674],[97.6458,24.9875],[97.6102,25.0241],[97.6083,25.0607],[97.6346,25.1046],[97.6794,25.1132],[97.6205,25.1527],[97.6414,25.23],[97.604,25.2826],[97.6151,25.2981],[97.6827,25.3038],[97.6815,25.3438],[97.654,25.3469],[97.6762,25.3792],[97.7216,25.3984],[97.756,25.403],[97.7454,25.3452],[97.7783,25.3517],[97.868,25.5036],[97.9197,25.487],[97.9466,25.5042],[97.945,25.522],[97.8814,25.5347],[97.869,25.5522],[97.922,25.6197],[97.9274,25.6808],[97.9971,25.7465],[98.0,25.3687],[97.9825,25.3824],[97.9611,25.3727],[97.914,25.2608],[97.8687,25.3066],[97.82,25.2717],[97.8546,25.2293],[97.8338,25.1966],[97.8426,25.137],[97.9291,25.146],[98.0,25.129],[98.0,25.1056],[97.9107,25.1137],[97.8923,25.0804],[97.9215,25.0447],[97.9207,25.0124],[97.965,24.9868],[97.9512,24.8818],[97.962,24.8536],[98.0,24.8275],[98.0,24.8044],[97.9841,24.7946],[98.0,24.7913],[98.0,24.6061],[97.9865,24.6113],[97.9795,24.5881],[97.9281,24.5532],[97.955,24.5341],[98.0,24.554],[98.0,22.8252],[97.9638,22.8407],[97.9213,22.8175],[97.8644,22.8306],[97.8192,22.7971],[97.8326,22.7347],[97.8104,22.7375],[97.7801,22.7144],[97.7901,22.6903],[97.7734,22.6685],[97.6285,22.611],[97.6449,22.6025],[97.6687,22.6228],[97.7261,22.6102],[97.8138,22.6891],[97.8773,22.6852],[97.8455,22.7039],[97.8789,22.7624],[97.9094,22.7722],[97.9285,22.762],[97.9262,22.7874],[97.9656,22.8149],[98.0,22.8169],[97.9998,20.4039]],[[96.9,19.2833],[96.9077,19.2756],[96.9078,19.2826],[96.9,19.2833]],[[96.8667,19.3],[96.8744,19.2923],[96.8745,19.2993],[96.8667,19.3]],[[96.959,23.1744],[96.9667,23.1667],[96.966,23.1745],[96.959,23.1744]],[[97.6581,24.2406],[97.6504,24.2342],[97.6573,24.2337],[97.6581,24.2406]],[[96.575,21.1583],[96.5827,21.1506],[96.5828,21.1576],[96.575,21.1583]],[[96.3079,22.0991],[96.3003,22.0928],[96.3083,22.0917],[96.3079,22.0991]],[[96.5583,19.5333],[96.5657,19.5254],[96.5664,19.5322],[96.5583,19.5333]],[[96.6333,21.4083],[96.6407,21.4004],[96.6414,21.4072],[96.6333,21.4083]],[[97.3333,18.425],[97.341,18.4173],[97.3411,18.4243],[97.3333,18.425]],[[96.7996,22.4741],[96.792,22.4678],[96.8,22.4667],[96.7996,22.4741]],[[97.1833,22.3917],[97.191,22.384],[97.1911,22.391],[97.1833,22.3917]],[[96.65,22.975],[96.6577,22.9673],[96.6574,22.9746],[96.65,22.975]],[[97.7413,24.7241],[97.7336,24.7178],[97.7417,24.7167],[97.7413,24.7241]],[[97.4,21.7],[97.4077,21.6923],[97.4078,21.6993],[97.4,21.7]],[[97.6083,19.7833],[97.616,19.7756],[97.6161,19.7826],[97.6083,19.7833]],[[97.5673,24.491],[97.575,24.4833],[97.5743,24.4911],[97.5673,24.491]],[[97.025,19.2167],[97.0327,19.209],[97.0328,19.216],[97.025,19.2167]],[[96.7833,19.175],[96.791,19.1673],[96.7911,19.1743],[96.7833,19.175]],[[96.4748,22.9737],[96.467,22.9678],[96.475,22.9667],[96.4748,22.9737]],[[96.8328,21.6076],[96.8257,21.6005],[96.8327,21.6006],[96.8328,21.6076]],[[96.8083,21.6083],[96.816,21.6006],[96.8158,21.6079],[96.8083,21.6083]],[[97.3079,22.8658],[97.3003,22.8594],[97.3083,22.8583],[97.3079,22.8658]],[[97.6741,19.7496],[97.6678,19.7419],[97.6747,19.7427],[97.6741,19.7496]],[[96.7325,19.3746],[96.7261,19.3669],[96.733,19.3677],[96.7325,19.3746]],[[97.3164,22.0656],[97.3088,22.0592],[97.3157,22.0587],[97.3164,22.0656]],[[97.2498,23.257],[97.242,23.2511],[97.25,23.25],[97.2498,23.257]],[[96.475,20.9583],[96.4827,20.9506],[96.4828,20.9576],[96.475,20.9583]],[[97.884,22.6744],[97.8917,22.6667],[97.891,22.6745],[97.884,22.6744]],[[97.3673,22.9244],[97.375,22.9167],[97.3743,22.9245],[97.3673,22.9244]],[[96.3583,22.7333],[96.3506,22.741],[96.3509,22.7337],[96.3583,22.7333]],[[97.7329,24.7991],[97.7253,24.7928],[97.7333,24.7917],[97.7329,24.7991]],[[96.959,22.7494],[96.9667,22.7417],[96.966,22.7495],[96.959,22.7494]],[[97.4,21.65],[97.4077,21.6423],[97.4078,21.6493],[97.4,21.65]],[[97.4,21.6333],[97.4077,21.6256],[97.4078,21.6326],[97.4,21.6333]],[[97.3833,22.7417],[97.391,22.734],[97.3911,22.741],[97.3833,22.7417]],[[96.4833,20.8583],[96.491,20.8506],[96.4911,20.8576],[96.4833,20.8583]],[[97.325,22.075],[97.3327,22.0673],[97.3328,22.0743],[97.325,22.075]],[[96.5,20.25],[96.5077,20.2423],[96.5078,20.2493],[96.5,20.25]],[[97.8583,22.7083],[97.866,22.7006],[97.8661,22.7076],[97.8583,22.7083]],[[97.3496,22.8991],[97.342,22.8928],[97.35,22.8917],[97.3496,22.8991]],[[97.4167,24.1917],[97.409,24.1994],[97.4092,24.1921],[97.4167,24.1917]],[[96.3504,20.6657],[96.3583,20.6583],[96.3576,20.6661],[96.3504,20.6657]],[[97.8164,24.7239],[97.8088,24.7176],[97.8157,24.717],[97.8164,24.7239]],[[97.0833,18.25],[97.091,18.2423],[97.0911,18.2493],[97.0833,18.25]],[[96.9829,23.1658],[96.9753,23.1594],[96.9833,23.1583],[96.9829,23.1658]],[[97.1079,22.5908],[97.1003,22.5844],[97.1083,22.5833],[97.1079,22.5908]],[[96.3746,20.6574],[96.367,20.6511],[96.375,20.65],[96.3746,20.6574]],[[96.6079,23.0158],[96.6003,23.0094],[96.6083,23.0083],[96.6079,23.0158]],[[96.9829,23.0158],[96.9753,23.0094],[96.9833,23.0083],[96.9829,23.0158]],[[97.8663,24.3991],[97.8586,24.3928],[97.8667,24.3917],[97.8663,24.3991]],[[97.2333,18.6083],[97.241,18.6006],[97.2411,18.6076],[97.2333,18.6083]],[[96.7333,19.3583],[96.741,19.3506],[96.7411,19.3576],[96.7333,19.3583]],[[97.0923,23.316],[97.1,23.3083],[97.0993,23.3161],[97.0923,23.316]],[[97.4746,23.6574],[97.467,23.6511],[97.475,23.65],[97.4746,23.6574]],[[96.8167,21.8667],[96.8244,21.859],[96.8245,21.866],[96.8167,21.8667]],[[97.2006,22.3994],[97.2083,22.3917],[97.2076,22.3995],[97.2006,22.3994]],[[97.0333,19.0],[97.041,18.9923],[97.0411,18.9993],[97.0333,19.0]],[[96.9083,19.2083],[96.916,19.2006],[96.9161,19.2076],[96.9083,19.2083]],[[96.6583,19.1917],[96.666,19.184],[96.6661,19.191],[96.6583,19.1917]],[[97.175,18.725],[97.1827,18.7173],[97.1828,18.7243],[97.175,18.725]],[[96.675,19.5667],[96.6827,19.559],[96.6828,19.566],[96.675,19.5667]],[[97.1917,18.7917],[97.1994,18.784],[97.1995,18.791],[97.1917,18.7917]],[[97.4582,24.0903],[97.4503,24.0844],[97.4583,24.0833],[97.4582,24.0903]],[[97.4833,24.4917],[97.491,24.484],[97.4911,24.491],[97.4833,24.4917]],[[97.6417,19.7583],[97.6494,19.7506],[97.6495,19.7576],[97.6417,19.7583]],[[97.1164,22.9739],[97.1088,22.9676],[97.1157,22.967],[97.1164,22.9739]],[[96.3333,22.0583],[96.341,22.0506],[96.3411,22.0576],[96.3333,22.0583]],[[97.35,23.7083],[97.3423,23.716],[97.3422,23.709],[97.35,23.7083]],[[97.2746,22.7824],[97.267,22.7761],[97.275,22.775],[97.2746,22.7824]],[[96.7998,21.607],[96.792,21.6011],[96.8,21.6],[96.7998,21.607]],[[96.8991,18.8663],[96.8928,18.8586],[96.8997,18.8594],[96.8991,18.8663]],[[97.4417,21.0583],[97.4494,21.0506],[97.4495,21.0576],[97.4417,21.0583]],[[97.2083,18.6833],[97.216,18.6756],[97.2161,18.6826],[97.2083,18.6833]],[[96.7083,19.8083],[96.716,19.8006],[96.7161,19.8076],[96.7083,19.8083]],[[97.2756,22.766],[97.2833,22.7583],[97.2826,22.7661],[97.2756,22.766]],[[97.4506,22.9827],[97.4583,22.975],[97.4576,22.9828],[97.4506,22.9827]],[[96.4833,20.4],[96.491,20.3923],[96.4911,20.3993],[96.4833,20.4]],[[96.5829,21.1074],[96.5753,21.1011],[96.5833,21.1],[96.5829,21.1074]],[[97.3829,22.9991],[97.3753,22.9928],[97.3833,22.9917],[97.3829,22.9991]],[[96.925,18.2917],[96.9327,18.284],[96.9328,18.291],[96.925,18.2917]],[[97.175,23.0417],[97.1827,23.034],[97.1828,23.041],[97.175,23.0417]],[[97.6658,19.7746],[97.6595,19.7669],[97.6663,19.7677],[97.6658,19.7746]],[[96.8985,18.7487],[96.9022,18.7346],[96.9072,18.7347],[96.8985,18.7487]],[[96.482,20.4261],[96.4728,20.4404],[96.4678,20.4403],[96.482,20.4261]],[[97.0639,22.6255],[97.0552,22.641],[97.0507,22.6396],[97.0639,22.6255]],[[96.6322,21.5903],[96.6179,21.5811],[96.6181,21.5761],[96.6322,21.5903]],[[97.1812,19.2575],[97.1865,19.2424],[97.191,19.2437],[97.1812,19.2575]],[[97.0171,22.6361],[97.0326,22.6448],[97.0313,22.6493],[97.0171,22.6361]],[[96.817,22.3772],[96.8243,22.39],[96.8188,22.3915],[96.817,22.3772]],[[96.9917,22.6893],[96.9831,22.6917],[96.9877,22.6832],[96.9917,22.6893]],[[96.9751,23.1393],[96.9665,23.1417],[96.9711,23.1332],[96.9751,23.1393]],[[96.717,19.4057],[96.7247,19.3938],[96.7229,19.4081],[96.717,19.4057]],[[97.0681,23.3077],[97.0833,23.3],[97.0828,23.3065],[97.0681,23.3077]],[[96.5833,22.9417],[96.5675,22.9489],[96.5674,22.9428],[96.5833,22.9417]],[[97.2917,18.3417],[97.3063,18.3337],[97.3082,18.3393],[97.2917,18.3417]],[[97.3083,22.8372],[97.3168,22.8439],[97.3121,22.8501],[97.3083,22.8372]],[[96.9439,18.8835],[96.9375,18.8749],[96.9501,18.8787],[96.9439,18.8835]],[[97.6167,24.2667],[97.6009,24.2739],[97.6008,24.2678],[97.6167,24.2667]],[[96.575,19.5833],[96.5896,19.5754],[96.5916,19.581],[96.575,19.5833]],[[96.6833,21.4667],[96.698,21.4587],[96.6999,21.4643],[96.6833,21.4667]],[[96.7408,21.6677],[96.725,21.675],[96.726,21.6677],[96.7408,21.6677]],[[97.625,24.4333],[97.6097,24.441],[97.6087,24.435],[97.625,24.4333]],[[96.5417,21.375],[96.5563,21.367],[96.5582,21.3727],[96.5417,21.375]],[[96.9805,22.7097],[96.9652,22.731],[96.9601,22.7314],[96.9805,22.7097]],[[96.8472,22.343],[96.8318,22.3643],[96.8268,22.3647],[96.8472,22.343]],[[97.3898,19.615],[97.3942,19.5937],[97.3986,19.5933],[97.3898,19.615]],[[97.0828,22.6131],[97.0833,22.625],[97.0891,22.6324],[97.0755,22.6209],[97.0828,22.6131]],[[97.618,24.2096],[97.6229,24.2238],[97.6178,24.2236],[97.618,24.2096]],[[97.1557,23.0249],[97.1629,23.0413],[97.1503,23.0295],[97.1557,23.0249]],[[96.3076,22.0614],[96.302,22.0827],[96.3019,22.0591],[96.3076,22.0614]],[[97.0085,20.5622],[97.0165,20.5455],[97.0131,20.5665],[97.0085,20.5622]],[[97.9251,24.8779],[97.9333,24.8631],[97.9299,24.8831],[97.9251,24.8779]],[[96.4917,20.0167],[96.5131,20.0087],[96.5164,20.0137],[96.4917,20.0167]],[[97.4677,18.2268],[97.4744,18.2395],[97.4583,18.2417],[97.4596,18.2356],[97.4677,18.2268]],[[97.0344,18.8351],[97.0411,18.8478],[97.025,18.85],[97.0262,18.844],[97.0344,18.8351]],[[96.7041,19.89],[96.7182,19.8611],[96.7229,19.8606],[96.7041,19.89]],[[96.7675,21.8044],[96.7822,21.7945],[96.7699,21.8155],[96.7675,21.8044]],[[97.2987,18.4556],[97.2678,18.4449],[97.2789,18.4424],[97.2987,18.4556]],[[97.2474,23.3162],[97.2345,23.3007],[97.2572,23.3134],[97.2474,23.3162]],[[96.8098,22.4028],[96.8148,22.4213],[96.802,22.4313],[96.8098,22.4028]],[[96.8015,22.4439],[96.8083,22.4583],[96.8228,22.4652],[96.8025,22.4573],[96.8015,22.4439]],[[97.3259,23.8527],[97.3405,23.8636],[97.3274,23.874],[97.3259,23.8527]],[[96.4625,20.4984],[96.4667,20.4833],[96.4723,20.4601],[96.4743,20.478],[96.4625,20.4984]],[[97.9084,24.992],[97.893,24.9784],[97.9045,24.9678],[97.9084,24.992]],[[96.6774,19.5861],[96.6813,19.6192],[96.6701,19.6302],[96.6774,19.5861]],[[97.461,22.9198],[97.4732,22.9206],[97.4626,22.9569],[97.4583,22.9466],[97.461,22.9198]],[[97.7181,24.6804],[97.7417,24.6833],[97.7372,24.6996],[97.7181,24.6804]],[[96.6598,19.9301],[96.6833,19.9333],[96.6992,19.9234],[96.6765,19.9409],[96.6598,19.9301]],[[96.6852,19.657],[96.7117,19.61],[96.7215,19.6033],[96.6971,19.6561],[96.6852,19.657]],[[97.4111,24.0785],[97.4417,24.0838],[97.4297,24.1139],[97.4111,24.0785]],[[97.8628,24.5038],[97.9059,24.5261],[97.9132,24.5466],[97.8544,24.5135],[97.8628,24.5038]],[[96.8167,22.35],[96.7463,22.3713],[96.7429,22.3665],[96.7644,22.3513],[96.8167,22.35]],[[96.6179,21.1311],[96.5853,21.0822],[96.6133,21.0459],[96.6179,21.1311]],[[97.5525,24.2135],[97.6,24.2],[97.5979,24.2171],[97.5645,24.2478],[97.5525,24.2135]],[[97.3833,20.4583],[97.3885,20.4032],[97.4152,20.4436],[97.3833,20.4583]],[[97.3605,19.2794],[97.3827,19.3048],[97.3589,19.3501],[97.3498,19.3079],[97.3605,19.2794]],[[97.7651,25.1953],[97.8048,25.2655],[97.7823,25.2737],[97.7461,25.2001],[97.7651,25.1953]],[[97.4049,21.6081],[97.3939,21.5478],[97.43,21.4707],[97.4321,21.5007],[97.4093,21.5447],[97.4236,21.5937],[97.4049,21.6081]],[[97.6453,23.6391],[97.7209,23.6947],[97.7136,23.7131],[97.6623,23.7045],[97.6453,23.6391]],[[97.0185,18.8106],[97.0362,18.7611],[97.0648,18.7601],[97.0799,18.786],[97.0422,18.8244],[97.0185,18.8106]],[[97.3959,22.7615],[97.4122,22.762],[97.4353,22.8064],[97.4719,22.8302],[97.4609,22.9063],[97.4381,22.8271],[97.3959,22.7615]],[[97.3548,20.7455],[97.2853,20.6085],[97.3303,20.5782],[97.3407,20.5964],[97.3273,20.6289],[97.3649,20.7232],[97.3548,20.7455]],[[97.3121,22.237],[97.2195,22.208],[97.1629,22.262],[97.0708,22.2454],[97.1094,22.2174],[97.1478,22.2194],[97.1306,22.1359],[97.1629,22.1295],[97.2194,22.1714],[97.24,22.1568],[97.2591,22.0434],[97.2871,22.0532],[97.2593,22.0757],[97.26,22.1872],[97.3121,22.237]],[[97.8582,24.8671],[97.8716,24.8965],[97.8325,24.8861],[97.829,24.9038],[97.8029,24.9029],[97.7683,24.9297],[97.7591,24.9012],[97.7791,24.8762],[97.7469,24.8799],[97.7374,24.847],[97.728,24.8781],[97.6687,24.8056],[97.7703,24.8055],[97.7503,24.75],[97.7704,24.702],[97.7951,24.741],[97.8378,24.7619],[97.8303,24.7879],[97.9161,24.8618],[97.8977,24.883],[97.8582,24.8671]],[[97.5634,22.7216],[97.5371,22.7132],[97.5383,22.7291],[97.5636,22.7389],[97.5702,22.7787],[97.5364,22.779],[97.5391,22.7542],[97.5229,22.7378],[97.4921,22.7651],[97.4441,22.7642],[97.4197,22.7383],[97.456,22.7293],[97.4275,22.7105],[97.3633,22.7298],[97.3353,22.7122],[97.296,22.7467],[97.331,22.7038],[97.3053,22.6807],[97.3126,22.6634],[97.2702,22.6382],[97.2374,22.5932],[97.1594,22.5595],[97.1183,22.5689],[97.1294,22.5525],[97.1816,22.5428],[97.1703,22.4866],[97.1859,22.4134],[97.1966,22.4369],[97.2133,22.4118],[97.238,22.4288],[97.2655,22.4179],[97.2696,22.3613],[97.3324,22.2931],[97.3307,22.2353],[97.3708,22.279],[97.3821,22.3654],[97.3644,22.4115],[97.3275,22.4361],[97.2983,22.5109],[97.2784,22.5053],[97.255,22.5321],[97.2784,22.5693],[97.3108,22.5787],[97.3451,22.5531],[97.3458,22.5949],[97.3864,22.5965],[97.4075,22.5676],[97.4608,22.6015],[97.4313,22.6559],[97.4773,22.6452],[97.5041,22.6644],[97.5431,22.6571],[97.5789,22.6118],[97.6108,22.6023],[97.6051,22.6199],[97.6237,22.629],[97.63,22.6399],[97.5634,22.7216]]],[[[97.9995,25.7998],[97.9546,25.7972],[97.9782,25.7695],[97.9302,25.7718],[97.9178,25.7352],[97.8428,25.7491],[97.8138,25.6943],[97.7697,25.7071],[97.7377,25.694],[97.693,25.7405],[97.6616,25.7468],[97.6178,25.7288],[97.576,25.7982],[97.5218,25.7911],[97.5177,25.8261],[97.5397,25.873],[97.5273,25.9124],[97.5541,25.9381],[97.6128,25.9284],[97.5876,25.9938],[97.6112,26.0554],[97.6603,26.1149],[97.691,26.1215],[97.7348,26.1621],[97.7636,26.1556],[97.7933,26.1207],[97.8196,26.1404],[97.8387,26.1208],[97.9295,26.1724],[97.9987,26.1711],[97.9995,25.7998]],[[97.9754,25.8752],[97.9583,25.8667],[97.9604,25.8605],[97.982,25.8601],[97.9754,25.8752]],[[97.6645,25.8465],[97.6196,25.8535],[97.6619,25.8192],[97.6645,25.8465]]],[[[97.9987,26.1795],[97.9312,26.1813],[97.8399,26.1453],[97.815,26.1509],[97.7931,26.1736],[97.8042,26.2044],[97.7705,26.1957],[97.7433,26.2669],[97.761,26.2889],[97.812,26.3033],[97.7958,26.3307],[97.838,26.3376],[97.8383,26.3805],[97.8679,26.3597],[97.9452,26.3525],[97.8856,26.38],[97.8451,26.4559],[97.8609,26.4793],[97.9361,26.4777],[97.9783,26.5405],[98.0,26.5171],[97.9987,26.1795]]],[[[97.9991,26.5461],[97.9769,26.5574],[97.9537,26.646],[97.9486,26.557],[97.9216,26.5131],[97.8801,26.53],[97.8206,26.4937],[97.787,26.5093],[97.7772,26.5686],[97.7988,26.6074],[97.7626,26.631],[97.7881,26.7568],[97.717,26.8451],[97.7327,26.8894],[97.7361,27.0138],[97.7709,27.038],[97.8141,27.028],[97.8217,27.0364],[97.8037,27.0546],[97.8538,27.0868],[97.8442,27.1019],[97.8597,27.2346],[97.9129,27.3799],[97.8861,27.3475],[97.852,27.2368],[97.8491,27.1511],[97.8305,27.1111],[97.804,27.0856],[97.7507,27.093],[97.7417,27.1186],[97.756,27.1706],[97.6947,27.2363],[97.6565,27.3447],[97.6738,27.265],[97.6291,27.2435],[97.6108,27.2549],[97.6065,27.3203],[97.5709,27.382],[97.4275,27.4954],[97.3517,27.4103],[97.3993,27.3493],[97.399,27.2704],[97.38,27.2524],[97.4586,27.2334],[97.5616,27.2392],[97.5678,27.1423],[97.6159,27.1568],[97.5845,27.2073],[97.5955,27.2455],[97.6446,27.186],[97.7079,27.1909],[97.7237,27.1753],[97.6622,27.0646],[97.6798,27.0178],[97.587,27.0044],[97.6555,26.9221],[97.649,26.8959],[97.5792,26.8872],[97.622,26.8424],[97.7057,26.8891],[97.7034,26.8369],[97.7381,26.7934],[97.6372,26.8047],[97.6303,26.7615],[97.5734,26.6627],[97.5374,26.6404],[97.4965,26.5774],[97.5121,26.5786],[97.5436,26.6314],[97.6363,26.6971],[97.7049,26.7034],[97.7362,26.7792],[97.7624,26.7692],[97.7288,26.6898],[97.7436,26.6612],[97.7098,26.6346],[97.6182,26.6347],[97.6175,26.5761],[97.6415,26.519],[97.6298,26.4619],[97.4861,26.4221],[97.4538,26.3848],[97.5149,26.3652],[97.5291,26.3012],[97.6056,26.264],[97.6386,26.2193],[97.6495,26.2783],[97.703,26.281],[97.7019,26.2242],[97.7379,26.1965],[97.6887,26.1626],[97.66,26.1694],[97.6026,26.0863],[97.5796,26.0134],[97.5555,26.0288],[97.5384,26.0116],[97.5114,26.037],[97.4859,26.004],[97.4821,25.8924],[97.4642,25.8783],[97.4452,25.9037],[97.4706,26.0081],[97.4181,26.0048],[97.4044,26.037],[97.3799,26.0364],[97.3692,26.0525],[97.3701,26.1059],[97.3194,26.0862],[97.2704,26.1462],[97.2721,26.107],[97.2536,26.0948],[97.2388,26.0307],[97.2108,26.0057],[97.2128,25.9459],[97.1919,25.9107],[97.1941,25.8293],[97.2242,25.7636],[97.2022,25.724],[97.222,25.7136],[97.2223,25.6949],[97.188,25.6371],[97.1444,25.6278],[97.1394,25.5884],[97.1132,25.5535],[97.0305,25.4917],[97.0034,25.4438],[96.9488,25.4182],[96.9097,25.5571],[96.9068,25.6597],[96.8843,25.693],[96.8956,25.7129],[96.9218,25.6962],[96.901,25.7342],[96.9009,25.7906],[96.9539,25.8905],[97.0055,25.9111],[97.0115,25.9552],[97.0793,26.0772],[97.0945,26.1538],[97.1146,26.1813],[97.1005,26.2475],[97.1328,26.3416],[97.1129,26.4466],[97.095,26.4373],[97.1122,26.3928],[97.07,26.3834],[97.0511,26.3986],[97.0535,26.439],[97.028,26.4038],[96.9766,26.4668],[97.0299,26.5099],[97.0204,26.6137],[97.0549,26.6165],[97.0947,26.5535],[97.1202,26.6143],[97.0935,26.6489],[97.0209,26.6729],[96.9971,26.5946],[96.963,26.5539],[96.9431,26.5818],[96.9422,26.6465],[96.9706,26.7213],[97.0076,26.7096],[97.053,26.7276],[97.0866,26.7609],[97.096,26.8046],[97.0388,26.7527],[97.0031,26.7426],[96.9131,26.7615],[96.8852,26.7986],[96.8486,26.7933],[96.7729,26.8148],[96.7148,26.7852],[96.6076,26.8105],[96.5957,26.8288],[96.5382,26.8358],[96.5183,26.8555],[96.5022,26.8379],[96.4382,26.8577],[96.3941,26.8457],[96.3947,26.8892],[96.296,26.8988],[96.3463,26.9231],[96.4337,26.9332],[96.6524,26.9084],[96.6888,26.9201],[96.5532,26.9258],[96.5255,26.9394],[96.5127,26.9277],[96.4106,26.9581],[96.3508,26.9428],[96.3179,26.9652],[96.2675,26.9632],[96.2611,26.9803],[96.2894,27.0051],[96.3194,27.055],[96.3449,27.0534],[96.4127,27.0878],[96.4287,27.0548],[96.4627,27.0784],[96.4812,27.0534],[96.4803,27.0804],[96.4961,27.0899],[96.5346,27.0688],[96.5466,27.097],[96.5797,27.0796],[96.6207,27.104],[96.5652,27.1016],[96.5202,27.1205],[96.4792,27.0951],[96.4344,27.1228],[96.386,27.1123],[96.362,27.1289],[96.3535,27.1625],[96.3351,27.1261],[96.2822,27.1181],[96.2595,27.1425],[96.2707,27.2124],[96.2468,27.1671],[96.1961,27.1505],[96.2467,27.1461],[96.2541,27.1123],[96.2704,27.1041],[96.3098,27.1015],[96.3535,27.1213],[96.3614,27.1027],[96.2675,27.0353],[96.2357,27.0483],[96.2516,27.0883],[96.1481,27.0311],[96.1373,27.0102],[96.0621,26.9798],[96.1494,26.9795],[96.1645,26.9569],[96.1312,26.9275],[96.2642,26.938],[96.2712,26.867],[96.3295,26.8389],[96.1439,26.6956],[96.1988,26.5848],[96.1908,26.4872],[96.1374,26.5096],[96.1127,26.5792],[96.0933,26.5104],[96.0542,26.5543],[96.0348,26.5274],[96.0108,26.5439],[96.0018,26.5867],[96.0319,26.6212],[96.0288,26.665],[96.0717,26.7278],[96.0371,26.7287],[96.0121,26.6715],[96.0219,26.6442],[95.9856,26.6269],[95.914,26.461],[95.8231,26.3519],[95.6974,26.2721],[95.686,26.2446],[95.6429,26.2376],[95.6053,26.1942],[95.5767,26.2013],[95.5593,26.2237],[95.562,26.257],[95.6599,26.3541],[95.6982,26.3656],[95.6858,26.4001],[95.6956,26.421],[95.6768,26.4534],[95.7641,26.5527],[95.7878,26.6612],[95.7689,26.6872],[95.8462,26.8099],[95.8295,26.813],[95.8274,26.8301],[95.7919,26.7469],[95.7288,26.7459],[95.7563,26.7085],[95.721,26.6869],[95.7616,26.6585],[95.7664,26.6369],[95.7387,26.5613],[95.7049,26.5253],[95.6403,26.5319],[95.6099,26.5008],[95.5761,26.4952],[95.5668,26.5428],[95.5871,26.621],[95.5391,26.4938],[95.5128,26.4856],[95.487,26.5123],[95.4806,26.4696],[95.4528,26.4502],[95.4029,26.4613],[95.3713,26.4885],[95.3735,26.4435],[95.2795,26.3972],[95.3761,26.4241],[95.4617,26.4275],[95.5421,26.4651],[95.5577,26.445],[95.5388,26.4032],[95.6031,26.4642],[95.6414,26.4554],[95.6457,26.3964],[95.6211,26.3819],[95.6073,26.3455],[95.5217,26.2978],[95.4803,26.2443],[95.4372,26.2545],[95.4273,26.2285],[95.4213,26.1865],[95.5126,26.2286],[95.5143,26.2083],[95.5545,26.1806],[95.5475,26.153],[95.497,26.1113],[95.415,26.1057],[95.3805,26.0817],[95.4181,26.0624],[95.4542,26.0693],[95.4242,26.0463],[95.393,26.046],[95.3449,25.996],[95.3999,26.0332],[95.4445,26.0221],[95.4555,25.9945],[95.4971,26.0279],[95.5003,26.0801],[95.5564,26.1064],[95.5955,26.1039],[95.5901,26.0214],[95.5379,25.9376],[95.4629,25.9079],[95.4933,25.8737],[95.4533,25.8636],[95.4054,25.8251],[95.3232,25.7182],[95.2592,25.7242],[95.2292,25.6998],[95.2639,25.6806],[95.2651,25.6466],[95.2307,25.5693],[95.1653,25.4952],[95.1517,25.4987],[95.1455,25.5442],[95.1532,25.605],[95.1138,25.5696],[95.0679,25.5596],[95.0086,25.5788],[94.9861,25.5614],[94.9684,25.5103],[94.9204,25.5378],[94.9202,25.5124],[94.9723,25.5009],[95.0041,25.5645],[95.0954,25.5397],[95.1144,25.5208],[95.115,25.4713],[95.0526,25.4],[95.021,25.396],[95.0421,25.3849],[95.0651,25.3937],[95.057,25.3404],[95.0048,25.2753],[94.9768,25.2769],[94.9882,25.2303],[94.9465,25.2056],[94.9479,25.1721],[94.9167,25.1611],[94.8865,25.1195],[94.8536,25.1378],[94.8792,25.1054],[94.8529,25.0849],[94.8721,25.0692],[94.8356,25.0108],[94.7883,24.9809],[94.7975,24.9476],[94.7747,24.944],[94.7363,24.8941],[94.684,24.8876],[94.702,24.9228],[94.695,24.9689],[94.7397,25.0222],[94.7393,25.1034],[94.7634,25.1367],[94.7433,25.1553],[94.7264,25.1473],[94.7049,25.1787],[94.6834,25.1642],[94.661,25.1898],[94.6795,25.2133],[94.6383,25.2293],[94.6897,25.2481],[94.7226,25.2295],[94.7383,25.247],[94.7296,25.2958],[94.7114,25.2694],[94.628,25.2385],[94.6044,25.2045],[94.5938,25.2126],[94.6512,25.3853],[94.6894,25.3713],[94.6965,25.3877],[94.6797,25.4058],[94.6944,25.4436],[94.7283,25.4441],[94.7571,25.4654],[94.7793,25.37],[94.7968,25.3628],[94.8204,25.4544],[94.8723,25.4442],[94.8218,25.4705],[94.8364,25.4869],[94.8279,25.5016],[94.8626,25.5267],[94.8524,25.5618],[94.8919,25.5706],[94.9136,25.5532],[94.8861,25.5896],[94.9145,25.626],[94.9474,25.596],[94.9715,25.6199],[94.9531,25.653],[95.0039,25.6965],[95.0278,25.6702],[95.0647,25.6699],[95.0715,25.6529],[95.045,25.6113],[95.0717,25.6025],[95.1098,25.6534],[95.1454,25.6521],[95.1636,25.6699],[95.0974,25.7145],[95.1529,25.7458],[95.2081,25.7463],[95.1869,25.7962],[95.2398,25.7873],[95.3392,25.8795],[95.3373,25.9382],[95.2613,25.9049],[95.2325,25.8711],[95.1799,25.8729],[95.1597,25.8444],[95.1354,25.8543],[95.0872,25.8022],[95.0536,25.8442],[95.0763,25.8961],[95.1225,25.9025],[95.143,25.9546],[95.1868,25.9418],[95.2011,26.0294],[95.2397,26.0479],[95.2933,26.0343],[95.3083,26.0531],[95.2985,26.0814],[95.2112,26.1612],[95.2074,26.2297],[95.1058,26.2099],[95.089,26.2337],[95.0736,26.2938],[95.0998,26.3447],[95.1483,26.3714],[95.1454,26.4572],[95.186,26.4892],[95.2377,26.4856],[95.2659,26.5089],[95.2482,26.5481],[95.2113,26.5612],[95.2081,26.6038],[95.147,26.5899],[95.144,26.6106],[95.2408,26.6804],[95.268,26.6426],[95.4344,26.698],[95.4916,26.7832],[95.5779,26.797],[95.5519,26.7126],[95.5642,26.7035],[95.6056,26.7279],[95.6344,26.867],[95.6833,26.8814],[95.7186,26.8687],[95.7491,26.887],[95.7652,26.9061],[95.7498,26.9236],[95.7667,26.9654],[95.8031,26.9501],[95.8301,26.9686],[95.7945,26.99],[95.8019,27.0079],[95.8833,27.0083],[95.9234,27.0325],[96.0247,27.1767],[96.0941,27.2243],[96.3,27.2905],[96.3808,27.284],[96.4381,27.3024],[96.5293,27.2933],[96.5758,27.3124],[96.6029,27.3615],[96.6171,27.3684],[96.657,27.336],[96.6361,27.32],[96.6415,27.2931],[96.6667,27.3083],[96.6665,27.3374],[96.7188,27.3646],[96.7837,27.3491],[96.8502,27.2693],[96.8871,27.2525],[96.8576,27.2155],[96.8599,27.177],[96.9967,27.1416],[97.0399,27.0911],[96.9794,27.0627],[96.9534,27.0735],[96.9249,27.059],[96.8997,27.072],[96.88,27.0619],[96.8729,27.0899],[96.8508,27.0599],[96.8279,27.054],[96.8177,27.0713],[96.7939,27.046],[96.7623,27.1133],[96.7467,27.0454],[96.7116,27.062],[96.7323,27.0318],[96.7226,27.0046],[96.6912,27.0017],[96.6877,27.0202],[96.6499,27.0228],[96.6369,26.9959],[96.6637,26.9966],[96.702,26.9684],[96.7468,27.0223],[96.7805,26.9957],[96.8398,27.0207],[96.8614,27.0132],[96.8717,26.9692],[96.897,27.0051],[96.9228,27.0064],[96.9385,26.9674],[96.9699,26.9972],[97.0037,27.0043],[97.0012,26.9592],[97.0177,26.9511],[97.0532,26.9802],[97.0892,26.9862],[97.0618,27.0476],[97.0762,27.0797],[97.1011,27.0824],[97.1804,26.997],[97.2033,26.9194],[97.2424,26.8702],[97.2948,26.8193],[97.3354,26.8258],[97.3391,26.8467],[97.3011,26.9014],[97.3137,26.9474],[97.2693,26.986],[97.2273,27.0604],[97.2546,27.0582],[97.2946,27.0027],[97.3433,27.0067],[97.3784,26.987],[97.3808,27.0528],[97.3284,27.0897],[97.2847,27.0882],[97.2422,27.1201],[97.2322,27.1542],[97.1947,27.153],[97.1536,27.187],[97.1886,27.2134],[97.1277,27.2276],[97.1176,27.2613],[97.1297,27.3071],[97.0791,27.3207],[96.9768,27.4397],[97.0031,27.4543],[97.0485,27.4284],[97.077,27.4646],[97.1186,27.4355],[97.1226,27.4718],[97.0681,27.5154],[96.9881,27.5114],[97.0046,27.5376],[96.9713,27.5353],[96.9523,27.5509],[97.0211,27.5705],[96.9694,27.6107],[97.0114,27.6031],[97.0473,27.6196],[97.0531,27.6697],[97.0883,27.6874],[97.1267,27.6038],[97.2202,27.6164],[97.2203,27.6309],[97.1794,27.6454],[97.1516,27.7032],[97.1872,27.7194],[97.1602,27.7594],[97.2126,27.7707],[97.2359,27.8477],[97.271,27.8547],[97.2699,27.8218],[97.3068,27.7871],[97.3115,27.7467],[97.3297,27.7419],[97.3542,27.8146],[97.4199,27.7965],[97.4369,27.7699],[97.4649,27.7848],[97.4826,27.8093],[97.4835,27.8899],[97.5389,27.8081],[97.573,27.8014],[97.5367,27.7723],[97.5185,27.685],[97.5565,27.6456],[97.5553,27.5714],[97.5898,27.6479],[97.5704,27.7295],[97.632,27.7627],[97.6547,27.7959],[97.7151,27.7452],[97.7105,27.7867],[97.7384,27.822],[97.7221,27.8381],[97.677,27.8299],[97.689,27.8889],[97.6439,27.8999],[97.6707,27.9328],[97.6073,27.9867],[97.5884,27.9875],[97.5876,28.0151],[97.5323,28.056],[97.6634,28.0625],[97.587,28.0436],[97.6431,27.9708],[97.6736,27.9625],[97.7129,27.9182],[97.7484,27.9114],[97.7839,27.8712],[97.822,27.8909],[97.8615,27.8727],[97.8903,27.8261],[97.8889,27.7775],[97.9206,27.7878],[97.9828,27.7595],[97.9726,27.8057],[97.9014,27.888],[97.9018,27.9276],[97.96,27.8686],[97.9596,27.9267],[97.9785,27.9543],[98.0,27.898],[98.0,27.6309],[97.9718,27.6912],[97.9197,27.6967],[97.9542,27.6823],[97.9812,27.645],[97.9796,27.6171],[98.0,27.6152],[98.0,27.2721],[97.9794,27.2894],[97.935,27.2501],[97.9562,27.2016],[98.0,27.2411],[98.0,26.9541],[97.8963,26.9565],[97.8756,26.9133],[97.8911,26.9002],[97.9741,26.9092],[98.0,26.9401],[97.9991,26.5461]],[[96.0417,27.0167],[96.0494,27.009],[96.0495,27.016],[96.0417,27.0167]],[[94.9,25.3167],[94.9077,25.309],[94.9078,25.316],[94.9,25.3167]],[[97.9663,27.0408],[97.9586,27.0344],[97.9667,27.0333],[97.9663,27.0408]],[[96.6246,27.0074],[96.617,27.0011],[96.625,27.0],[96.6246,27.0074]],[[96.7333,27.15],[96.7256,27.1577],[96.7255,27.1507],[96.7333,27.15]],[[97.175,26.1417],[97.1827,26.134],[97.1828,26.141],[97.175,26.1417]],[[96.9491,27.0913],[96.9428,27.0836],[96.9497,27.0844],[96.9491,27.0913]],[[95.3164,26.3489],[95.3088,26.3426],[95.3157,26.342],[95.3164,26.3489]],[[96.6329,27.2824],[96.6253,27.2761],[96.6333,27.275],[96.6329,27.2824]],[[96.3504,27.0407],[96.3583,27.0333],[96.3572,27.0414],[96.3504,27.0407]],[[94.859,25.3827],[94.8667,25.375],[94.866,25.3828],[94.859,25.3827]],[[96.9579,26.8658],[96.9503,26.8594],[96.9583,26.8583],[96.9579,26.8658]],[[96.3163,27.2408],[96.3086,27.2344],[96.3167,27.2333],[96.3163,27.2408]],[[94.875,25.275],[94.8827,25.2673],[94.8828,25.2743],[94.875,25.275]],[[95.0,25.6],[95.0073,25.592],[95.0081,25.5989],[95.0,25.6]],[[94.9083,25.4583],[94.916,25.4506],[94.9161,25.4576],[94.9083,25.4583]],[[96.5329,27.1408],[96.5253,27.1344],[96.5333,27.1333],[96.5329,27.1408]],[[94.8583,25.3667],[94.8657,25.3587],[94.8664,25.3656],[94.8583,25.3667]],[[94.875,25.3833],[94.8827,25.3756],[94.8828,25.3826],[94.875,25.3833]],[[95.425,26.5417],[95.4327,26.534],[95.4328,26.541],[95.425,26.5417]],[[96.175,27.15],[96.1827,27.1423],[96.1828,27.1493],[96.175,27.15]],[[96.3833,27.175],[96.3675,27.1823],[96.3674,27.1761],[96.3833,27.175]],[[95.35,26.3583],[95.3639,26.3502],[95.3666,26.356],[95.35,26.3583]],[[96.6181,27.2437],[96.6242,27.2563],[96.6104,27.2577],[96.609,27.2531],[96.6181,27.2437]],[[97.2187,26.4404],[97.2237,26.4264],[97.2322,26.4403],[97.2187,26.4404]],[[96.8167,27.1083],[96.8252,27.0913],[96.8184,27.1084],[96.8167,27.1083]],[[96.7006,27.128],[96.7159,27.1398],[96.7021,27.141],[96.7006,27.128]],[[94.8167,25.2583],[94.8452,25.2503],[94.8495,25.2547],[94.8167,25.2583]],[[95.9436,27.0438],[95.9657,27.0389],[95.9417,27.05],[95.9436,27.0438]],[[96.6437,27.1125],[96.6667,27.1167],[96.6893,27.1222],[96.6437,27.1125]],[[95.8834,26.633],[95.8594,26.6286],[95.8712,26.6177],[95.8834,26.633]],[[97.0045,25.7322],[96.9931,25.7194],[97.0099,25.7089],[97.0165,25.7187],[97.0045,25.7322]],[[97.9627,26.8823],[97.958,26.8667],[97.9627,26.851],[97.9751,26.8664],[97.9627,26.8823]],[[97.6094,27.5199],[97.6314,27.5319],[97.6104,27.5399],[97.6094,27.5199]],[[97.4206,27.5584],[97.4221,27.5728],[97.4015,27.5891],[97.3941,27.5772],[97.4206,27.5584]],[[96.717,27.3276],[96.6872,27.3365],[96.709,27.3093],[96.717,27.3276]],[[96.5985,27.2381],[96.5783,27.2472],[96.5702,27.2124],[96.5833,27.2083],[96.5985,27.2381]],[[94.8138,25.2379],[94.7931,25.2258],[94.7665,25.2244],[94.8046,25.2035],[94.8215,25.2116],[94.8138,25.2379]],[[97.1931,26.1732],[97.2147,26.1816],[97.2127,26.2468],[97.2016,26.2347],[97.1931,26.1732]],[[95.3233,26.2441],[95.3563,26.2528],[95.348,26.2809],[95.3185,26.2628],[95.3233,26.2441]],[[97.214,26.4851],[97.2484,26.5061],[97.2207,26.5309],[97.2084,26.5202],[97.214,26.4851]],[[94.9917,25.425],[94.9462,25.4089],[94.9214,25.422],[94.8958,25.3868],[94.9795,25.414],[95.0038,25.403],[95.0071,25.4252],[94.9917,25.425]],[[96.6287,27.1874],[96.6817,27.2181],[96.6345,27.2378],[96.6199,27.2097],[96.6287,27.1874]],[[97.2011,26.2989],[97.2392,26.336],[97.2404,26.3801],[97.2095,26.3371],[97.2011,26.2989]],[[97.567,26.2],[97.5768,26.14],[97.5893,26.1354],[97.6069,26.1485],[97.607,26.1869],[97.567,26.2]],[[95.4478,26.6416],[95.4027,26.5968],[95.4109,26.5776],[95.4293,26.5783],[95.4885,26.6386],[95.4478,26.6416]],[[95.8766,26.675],[95.8723,26.6581],[95.9042,26.6456],[95.9138,26.6195],[95.9381,26.6342],[95.9312,26.6724],[95.8766,26.675]],[[95.9776,26.8677],[95.9796,26.8425],[95.926,26.8211],[95.9037,26.7785],[95.9387,26.814],[95.9999,26.8366],[96.0054,26.8713],[95.9776,26.8677]],[[95.8322,26.4677],[95.8631,26.4765],[95.8545,26.5369],[95.8838,26.5476],[95.8861,26.5645],[95.8484,26.5577],[95.8278,26.5306],[95.8166,26.4829],[95.8322,26.4677]],[[97.0435,25.8115],[97.0438,25.6474],[97.0653,25.634],[97.0622,25.6708],[97.1153,25.7043],[97.14,25.7399],[97.0766,25.7237],[97.088,25.8545],[97.0435,25.8115]],[[97.2254,26.7749],[97.2255,26.7215],[97.1787,26.7318],[97.1936,26.6883],[97.2283,26.6423],[97.2636,26.6386],[97.3035,26.6027],[97.2941,26.6705],[97.3383,26.7482],[97.2596,26.782],[97.2254,26.7749]]],[[[98.0,24.8417],[97.9879,24.8465],[98.0,24.882],[98.0,24.8417]]]]}}