{"type":"Feature","properties":{"speciesId":143,"category":"LC","source":"IUCN Red List","simplifyTol":0.01,"clippedToSubcontinent":true},"geometry":{"type":"MultiPolygon","coordinates":[[[[95.3631,4.8761],[95.3894,4.8747],[95.3814,4.8578],[95.3631,4.8761]]],[[[95.4451,4.7754],[95.4519,4.769],[95.4436,4.7739],[95.4451,4.7754]]],[[[95.4825,4.7216],[95.4807,4.7202],[95.4803,4.7224],[95.4825,4.7216]]],[[[95.5112,4.6873],[95.5082,4.6873],[95.5106,4.6887],[95.5112,4.6873]]],[[[95.5046,4.7238],[95.5023,4.723],[95.5033,4.7245],[95.5046,4.7238]]],[[[95.4891,4.7223],[95.4869,4.7232],[95.4883,4.7249],[95.4891,4.7223]]],[[[95.484,4.7223],[95.4853,4.7241],[95.4859,4.7232],[95.484,4.7223]]],[[[95.5213,4.6362],[95.518,4.6378],[95.5212,4.6392],[95.5213,4.6362]]],[[[95.5631,4.6428],[95.5662,4.6417],[95.5648,4.6405],[95.5631,4.6428]]],[[[95.5562,4.6477],[95.56,4.6421],[95.5568,4.6421],[95.5562,4.6477]]],[[[97.8917,4.8847],[97.8917,4.8882],[97.8927,4.8874],[97.8917,4.8847]]],[[[96.3809,4.942],[96.4101,4.8962],[96.4316,4.9129],[96.4663,4.9108],[96.4705,4.8767],[96.4538,4.8601],[96.4625,4.8292],[96.5083,4.7708],[96.5691,4.758],[96.5875,4.725],[96.6083,4.725],[96.6576,4.659],[96.6175,4.6576],[96.5618,4.5591],[96.4566,4.508],[96.4186,4.5131],[96.3199,4.5993],[96.2603,4.6036],[96.2261,4.5869],[96.2297,4.572],[96.2,4.5542],[96.1994,4.5103],[96.1423,4.4115],[96.1324,4.359],[96.1178,4.3539],[96.0993,4.3756],[96.0833,4.3667],[96.0464,4.3272],[96.0417,4.2958],[95.9975,4.2538],[95.985,4.2587],[95.955,4.292],[95.959,4.33],[95.8958,4.4167],[95.9008,4.4826],[95.9625,4.5208],[95.9792,4.6083],[96.0267,4.633],[96.0833,4.6333],[96.1116,4.6634],[96.1244,4.6884],[96.1167,4.7792],[96.2233,4.7629],[96.2625,4.7833],[96.2507,4.8325],[96.2809,4.8621],[96.3077,4.8634],[96.3333,4.9458],[96.3809,4.942]]],[[[98.0,4.0],[97.8212,4.0142],[97.8163,4.0566],[97.7381,4.126],[97.7167,4.1875],[97.7333,4.225],[97.765,4.208],[97.8146,4.2083],[97.8708,4.2292],[97.901,4.2119],[97.9353,4.2411],[97.9826,4.23],[97.9966,4.2547],[98.0,4.0]]],[[[97.998,4.3119],[97.9603,4.3214],[97.8885,4.3754],[97.8566,4.4246],[97.8283,4.409],[97.7958,4.4208],[97.7839,4.4354],[97.7968,4.4701],[97.842,4.484],[97.8742,4.4701],[97.8759,4.4539],[97.8958,4.4833],[97.9451,4.4828],[97.977,4.5161],[97.9944,4.5097],[98.0,4.5139],[97.998,4.3119]]],[[[98.0,4.5167],[97.9967,4.5151],[97.9935,4.517],[98.0,4.5167]]],[[[97.9854,4.5204],[97.9875,4.515],[97.9835,4.5189],[97.9854,4.5204]]],[[[97.9011,4.8889],[97.9453,4.7758],[97.9331,4.7894],[97.9269,4.7778],[97.9328,4.7878],[97.9542,4.7586],[97.9425,4.7436],[97.96,4.7322],[97.9764,4.6708],[97.96,4.7036],[97.9692,4.68],[97.9556,4.6967],[97.9536,4.6833],[97.9956,4.6392],[97.9939,4.6192],[97.9781,4.6289],[97.975,4.6284],[97.9743,4.6253],[98.0,4.6021],[97.9799,4.5926],[97.9698,4.6286],[97.9366,4.6244],[97.9167,4.6458],[97.8375,4.6208],[97.8,4.6417],[97.7767,4.6163],[97.7292,4.6292],[97.7161,4.6071],[97.7256,4.5801],[97.691,4.534],[97.6909,4.5049],[97.6757,4.5034],[97.675,4.475],[97.6437,4.4869],[97.6244,4.4659],[97.6337,4.4551],[97.5864,4.4372],[97.4809,4.4462],[97.4462,4.4684],[97.4504,4.5309],[97.4083,4.5854],[97.4333,4.6083],[97.4125,4.6417],[97.473,4.6589],[97.5145,4.6994],[97.5363,4.6953],[97.5161,4.7179],[97.5392,4.7371],[97.625,4.7208],[97.6217,4.7366],[97.6875,4.7708],[97.6962,4.8108],[97.7434,4.8496],[97.8083,4.85],[97.8686,4.8828],[97.8919,4.8833],[97.9011,4.8889]]],[[[80.7193,5.9607],[80.7226,5.9607],[80.7226,5.9596],[80.7193,5.9607]]],[[[95.2539,5.8878],[95.2603,5.8828],[95.2592,5.8747],[95.2539,5.8878]]],[[[95.2556,5.8947],[95.2525,5.8956],[95.2533,5.8972],[95.2556,5.8947]]],[[[95.1106,6.0579],[95.1124,6.0587],[95.1126,6.0576],[95.1106,6.0579]]],[[[95.1117,6.0747],[95.1212,6.0735],[95.1153,6.07],[95.1117,6.0747]]],[[[95.2089,5.2792],[95.2031,5.2758],[95.2044,5.2803],[95.2089,5.2792]]],[[[95.223,5.2721],[95.2244,5.2711],[95.223,5.2713],[95.223,5.2721]]],[[[95.2266,5.2727],[95.2258,5.2744],[95.2269,5.2741],[95.2266,5.2727]]],[[[95.1669,5.5635],[95.1692,5.5503],[95.1507,5.5514],[95.1669,5.5635]]],[[[95.1811,5.5742],[95.1792,5.5733],[95.1793,5.5743],[95.1811,5.5742]]],[[[95.1698,5.6421],[95.1683,5.6424],[95.1698,5.643],[95.1698,5.6421]]],[[[95.0606,5.6119],[95.0611,5.6086],[95.0575,5.6081],[95.0606,5.6119]]],[[[95.0632,5.6146],[95.0612,5.6134],[95.0614,5.6151],[95.0632,5.6146]]],[[[95.0792,5.6444],[95.0803,5.6331],[95.0506,5.6232],[95.0597,5.6397],[95.0792,5.6444]]],[[[95.0183,5.7153],[95.0137,5.7134],[95.0178,5.7178],[95.0183,5.7153]]],[[[94.9744,5.7892],[94.9725,5.7926],[94.9744,5.7942],[94.9744,5.7892]]],[[[95.0128,5.7567],[95.0126,5.7545],[95.0103,5.7548],[95.0128,5.7567]]],[[[95.0358,5.6722],[95.0369,5.6694],[95.035,5.6708],[95.0358,5.6722]]],[[[95.1099,5.6635],[95.1087,5.6643],[95.1094,5.6644],[95.1099,5.6635]]],[[[95.1492,5.6619],[95.1661,5.6517],[95.1583,5.6414],[95.1922,5.6044],[95.1492,5.5908],[95.1412,5.606],[95.1297,5.5933],[95.1178,5.6017],[95.1492,5.6619]]],[[[95.0597,5.7503],[95.0736,5.7231],[95.0907,5.7247],[95.1328,5.6865],[95.1397,5.6628],[95.0767,5.6686],[95.0542,5.6486],[95.0686,5.6669],[95.0436,5.6714],[95.0586,5.6844],[95.0383,5.7072],[95.0586,5.7194],[95.0461,5.7364],[95.0108,5.7244],[95.0274,5.7502],[95.0597,5.7503]]],[[[95.2211,5.5786],[95.2174,5.5775],[95.2169,5.5801],[95.2211,5.5786]]],[[[95.1894,5.5794],[95.2158,5.5801],[95.1828,5.5742],[95.1894,5.5794]]],[[[80.0601,7.5996],[80.234,7.5115],[80.2283,7.4759],[80.1908,7.4423],[80.1583,7.4375],[80.158,7.4017],[80.1282,7.3715],[80.0198,7.4297],[80.0063,7.4171],[79.8971,7.4249],[79.8554,7.4585],[79.8333,7.4333],[79.8132,7.4551],[79.7964,7.5311],[79.7958,7.5917],[79.8079,7.5283],[79.83,7.5053],[79.8022,7.5917],[79.9229,7.5667],[80.0601,7.5996]]],[[[81.7807,7.5218],[81.7818,7.5193],[81.78,7.5168],[81.7807,7.5218]]],[[[81.7599,7.5324],[81.7594,7.5329],[81.7599,7.5329],[81.7599,7.5324]]],[[[81.7571,7.5354],[81.7579,7.5351],[81.7593,7.533],[81.7571,7.5354]]],[[[81.7626,7.534],[81.7645,7.5311],[81.7599,7.5324],[81.7626,7.534]]],[[[81.3891,8.144],[81.3871,8.1446],[81.3886,8.1449],[81.3891,8.144]]],[[[81.4403,8.0949],[81.4382,8.0957],[81.441,8.0979],[81.4403,8.0949]]],[[[81.4421,8.1029],[81.4421,8.104],[81.4426,8.1049],[81.4421,8.1029]]],[[[81.443,8.1065],[81.4424,8.1057],[81.443,8.1071],[81.443,8.1065]]],[[[81.4646,8.1101],[81.4615,8.1107],[81.4646,8.1126],[81.4646,8.1101]]],[[[81.4401,8.1129],[81.4448,8.1168],[81.4429,8.1085],[81.4401,8.1129]]],[[[81.7001,7.7031],[81.6999,7.7032],[81.7001,7.7032],[81.7001,7.7031]]],[[[81.6996,7.7033],[81.699,7.7035],[81.6995,7.7035],[81.6996,7.7033]]],[[[81.699,7.7035],[81.6982,7.7038],[81.699,7.7038],[81.699,7.7035]]],[[[81.6851,7.711],[81.6865,7.711],[81.6854,7.7094],[81.6851,7.711]]],[[[81.7155,7.7232],[81.716,7.7229],[81.716,7.7224],[81.7155,7.7232]]],[[[81.7093,7.7258],[81.7114,7.7117],[81.7099,7.7074],[81.7093,7.7258]]],[[[81.6946,7.7151],[81.6982,7.7054],[81.6888,7.7068],[81.6946,7.7151]]],[[[81.7154,7.7233],[81.7152,7.7238],[81.7154,7.7238],[81.7154,7.7233]]],[[[81.7147,7.7246],[81.7151,7.7243],[81.7151,7.7238],[81.7147,7.7246]]],[[[81.7075,7.7362],[81.7104,7.7354],[81.7135,7.7268],[81.7075,7.7362]]],[[[81.6974,7.7474],[81.7065,7.7426],[81.7074,7.7364],[81.6974,7.7474]]],[[[81.525,7.9292],[81.526,7.9296],[81.529,7.9292],[81.525,7.9292]]],[[[93.3404,7.9047],[93.3427,7.9051],[93.3424,7.9041],[93.3404,7.9047]]],[[[93.3388,7.9106],[93.3405,7.9095],[93.3394,7.9086],[93.3388,7.9106]]],[[[93.3803,8.0244],[93.4097,8.0071],[93.4122,7.9619],[93.43,7.9678],[93.465,7.93],[93.4747,7.8925],[93.4617,7.8722],[93.4225,7.9072],[93.38,7.8822],[93.3564,7.8889],[93.3426,7.9188],[93.3581,7.9417],[93.3308,7.9233],[93.3172,7.9336],[93.3106,7.9619],[93.3267,8.0025],[93.3803,8.0244]]],[[[93.5472,8.0277],[93.5828,7.9917],[93.5775,7.9283],[93.5072,7.9847],[93.5325,8.025],[93.5508,7.9962],[93.5472,8.0277]]],[[[93.5794,8.1248],[93.6014,8.05],[93.5931,8.0379],[93.5614,8.1181],[93.5794,8.1248]]],[[[93.4947,8.2228],[93.5442,8.225],[93.5453,8.1978],[93.5031,8.1482],[93.5483,8.0883],[93.5503,8.0361],[93.5306,8.0489],[93.5253,8.0319],[93.5084,8.0338],[93.5008,7.9972],[93.4861,8.0412],[93.5056,8.0407],[93.5108,8.0632],[93.5188,8.046],[93.5299,8.0787],[93.5144,8.0839],[93.485,8.0519],[93.4894,8.0916],[93.4594,8.1222],[93.4539,8.1736],[93.4906,8.1989],[93.4947,8.2228]]],[[[81.7841,7.4423],[81.7838,7.4432],[81.7845,7.4437],[81.7841,7.4423]]],[[[81.7824,7.4462],[81.7851,7.4468],[81.7847,7.4446],[81.7824,7.4462]]],[[[81.8089,7.454],[81.809,7.4543],[81.809,7.454],[81.8089,7.454]]],[[[81.8101,7.4577],[81.8101,7.4579],[81.8101,7.4579],[81.8101,7.4577]]],[[[93.6325,7.48],[93.6331,7.4755],[93.6303,7.4797],[93.6325,7.48]]],[[[93.6442,7.4708],[93.6525,7.4736],[93.6519,7.4703],[93.6442,7.4708]]],[[[93.662,7.3832],[93.6654,7.384],[93.6662,7.3837],[93.662,7.3832]]],[[[93.7672,7.4039],[93.77,7.3936],[93.7628,7.3964],[93.7672,7.4039]]],[[[93.6834,7.4039],[93.695,7.3994],[93.6908,7.3967],[93.6834,7.4039]]],[[[93.8442,7.2884],[93.8459,7.2856],[93.8447,7.2858],[93.8442,7.2884]]],[[[81.814,7.4807],[81.814,7.4807],[81.814,7.4807],[81.814,7.4807]]],[[[81.8096,7.4844],[81.8093,7.4846],[81.8096,7.4846],[81.8096,7.4844]]],[[[81.8099,7.4865],[81.8107,7.4937],[81.8138,7.4809],[81.8099,7.4865]]],[[[81.8041,7.4864],[81.8065,7.4943],[81.8093,7.4846],[81.8041,7.4864]]],[[[93.5406,7.5239],[93.5502,7.5161],[93.5425,7.51],[93.5406,7.5239]]],[[[81.7162,7.7221],[81.7565,7.6629],[81.7838,7.6079],[81.8079,7.5149],[81.7982,7.4757],[81.7732,7.4904],[81.7887,7.4907],[81.7703,7.4999],[81.7829,7.5187],[81.7801,7.5837],[81.7531,7.6371],[81.7295,7.6512],[81.7162,7.7221]]],[[[79.9155,6.7692],[79.9561,6.7428],[79.9218,6.7351],[79.9019,6.7596],[79.8947,6.7371],[79.9079,6.7814],[79.8954,6.8355],[79.9155,6.7692]]],[[[80.2417,7.225],[80.3814,7.2161],[80.4158,7.1866],[80.4467,7.105],[80.4783,7.0658],[80.4589,7.048],[80.4625,7.0208],[80.5767,6.8837],[80.6375,6.9],[80.6548,6.8552],[80.7103,6.8006],[80.7743,6.7949],[80.7476,6.7621],[80.653,6.7536],[80.5667,6.7708],[80.5725,6.742],[80.6399,6.7163],[80.7226,6.6504],[80.785,6.6371],[80.7958,6.6833],[80.8911,6.6605],[80.8663,6.5434],[80.8415,6.5102],[80.8282,6.5191],[80.8267,6.4775],[80.8068,6.4856],[80.8346,6.4548],[80.8144,6.4617],[80.8271,6.4417],[80.813,6.4365],[80.8419,6.429],[80.8417,6.4],[80.867,6.3642],[80.9121,6.3358],[80.9087,6.3184],[80.9548,6.2466],[80.9497,6.2009],[80.9983,6.1913],[80.9962,6.1559],[81.0337,6.1309],[81.0251,6.1051],[80.9365,6.0871],[80.8615,6.0426],[80.8054,6.0382],[80.7171,5.9599],[80.6499,5.9554],[80.5915,5.9185],[80.5492,5.9574],[80.5,5.9458],[80.4993,5.9617],[80.4758,5.9716],[80.4792,6.0125],[80.4549,6.0259],[80.4506,6.0842],[80.4133,6.1007],[80.3535,6.1824],[80.3424,6.1826],[80.3506,6.1671],[80.3366,6.1462],[80.3167,6.1458],[80.2969,6.0965],[80.3329,6.0782],[80.325,6.0583],[80.351,6.034],[80.3827,6.024],[80.384,6.001],[80.412,5.9827],[80.4272,5.991],[80.4874,5.9379],[80.4493,5.9432],[80.4549,5.9635],[80.4388,5.9729],[80.4174,5.9551],[80.2432,6.0054],[80.2387,6.0326],[80.2174,6.0237],[80.1824,6.0499],[80.1546,6.1021],[80.1537,6.1729],[80.1333,6.2167],[80.1426,6.2628],[80.1579,6.2535],[80.1703,6.2647],[80.1423,6.276],[80.1157,6.3326],[80.0292,6.3598],[79.9959,6.4487],[80.0458,6.4833],[80.0507,6.5199],[80.1042,6.5792],[80.1645,6.4964],[80.2246,6.4899],[80.2895,6.3297],[80.3,6.3292],[80.2924,6.4033],[80.3592,6.4327],[80.3825,6.4325],[80.4282,6.3911],[80.4512,6.4047],[80.6167,6.4],[80.6089,6.5198],[80.6345,6.5381],[80.6583,6.5333],[80.6679,6.5873],[80.6928,6.6128],[80.7378,6.6053],[80.725,6.6417],[80.6375,6.65],[80.6038,6.7157],[80.5542,6.7458],[80.5625,6.7708],[80.4965,6.7884],[80.4958,6.8333],[80.4691,6.8288],[80.3775,6.8587],[80.3385,6.8299],[80.3323,6.8506],[80.2958,6.85],[80.2509,6.8923],[80.2285,6.8216],[80.2007,6.8368],[80.2,6.8208],[80.1792,6.8167],[80.1797,6.8427],[80.1656,6.8505],[80.075,6.775],[80.0583,6.7833],[80.0454,6.8324],[79.9978,6.8465],[79.9866,6.8669],[79.9642,6.8413],[79.9434,6.8413],[79.9066,6.8705],[79.8631,6.8802],[79.8619,6.9071],[79.8751,6.9141],[79.8578,6.9424],[79.875,6.9792],[79.8688,6.9812],[79.8199,7.1846],[79.819,7.2074],[79.8608,7.0746],[79.9,7.0958],[79.9125,7.0458],[79.9491,7.0244],[79.9983,7.033],[80.0625,7.0042],[80.1159,7.0797],[80.203,7.0453],[80.2091,7.0909],[80.2325,7.0968],[80.2202,7.1296],[80.2458,7.1583],[80.2417,7.225]]],[[[93.7844,6.8492],[93.7909,6.851],[93.7853,6.8481],[93.7844,6.8492]]],[[[81.866,7.2771],[81.8618,7.1865],[81.8548,7.2033],[81.8221,7.1563],[81.8486,7.1172],[81.8467,7.1342],[81.8615,7.169],[81.8696,7.0501],[81.8609,7.0886],[81.8333,7.0888],[81.8509,7.0631],[81.8441,7.039],[81.8704,7.0426],[81.8788,7.0229],[81.8307,6.8543],[81.8399,6.8349],[81.8224,6.8207],[81.8262,6.7632],[81.7721,6.6704],[81.7629,6.5999],[81.6976,6.4926],[81.5665,6.3724],[81.5217,6.3634],[81.5458,6.3765],[81.5537,6.4104],[81.5494,6.4324],[81.4881,6.4677],[81.5006,6.5132],[81.4917,6.55],[81.4708,6.5542],[81.4408,6.6035],[81.3938,6.6287],[81.3645,6.6214],[81.35,6.6583],[81.3093,6.6593],[81.2992,6.6909],[81.2792,6.6875],[81.2714,6.702],[81.2619,6.8174],[81.2745,6.8479],[81.2048,6.9135],[81.1993,6.9492],[81.1833,6.9542],[81.1661,7.0174],[81.1708,7.0833],[81.1868,7.0824],[81.2078,7.0494],[81.2174,7.07],[81.2375,7.0583],[81.2382,6.9884],[81.2992,6.9952],[81.3011,6.9669],[81.3358,6.9629],[81.403,6.9869],[81.425,7.05],[81.4759,7.0173],[81.5051,7.0161],[81.5304,7.0506],[81.5449,7.0381],[81.5792,7.0958],[81.6365,7.1299],[81.6634,7.1794],[81.6993,7.1802],[81.7062,7.2119],[81.8301,7.234],[81.8498,7.2202],[81.866,7.2771]]],[[[81.8704,7.0432],[81.8702,7.0435],[81.8704,7.0435],[81.8704,7.0432]]],[[[81.8699,7.0458],[81.8701,7.0437],[81.8692,7.0458],[81.8699,7.0458]]],[[[81.8606,7.1843],[81.861,7.1818],[81.8618,7.1757],[81.8609,7.175],[81.8606,7.1843]]],[[[93.8481,7.2397],[93.8461,7.2181],[93.8828,7.2036],[93.8878,7.0864],[93.9167,7.0484],[93.9161,7.0253],[93.9478,6.9989],[93.9273,7.0113],[93.9139,7.0],[93.9455,6.9558],[93.9181,6.9469],[93.9161,6.9121],[93.8972,6.9022],[93.9021,6.813],[93.8826,6.7928],[93.8509,6.8161],[93.8277,6.7543],[93.8049,6.7645],[93.8156,6.8161],[93.7866,6.831],[93.7944,6.8503],[93.7716,6.8767],[93.7808,6.8903],[93.7419,6.925],[93.7453,6.9619],[93.6939,7.0151],[93.663,7.0066],[93.6742,7.0239],[93.6573,7.0996],[93.6747,7.1125],[93.6556,7.1253],[93.6758,7.1399],[93.6861,7.19],[93.7336,7.1872],[93.7606,7.2144],[93.8025,7.2014],[93.8069,7.2336],[93.8481,7.2397]]],[[[93.7215,7.2131],[93.7122,7.2081],[93.7091,7.2312],[93.7215,7.2131]]],[[[93.7131,7.4426],[93.7214,7.4022],[93.7557,7.3598],[93.725,7.31],[93.6794,7.2847],[93.6483,7.2425],[93.6211,7.3083],[93.6361,7.3214],[93.6325,7.3706],[93.7139,7.3928],[93.7033,7.4014],[93.7131,7.4426]]],[[[81.5574,7.9426],[81.5832,7.9207],[81.5635,7.9012],[81.5821,7.8424],[81.6007,7.824],[81.6204,7.8282],[81.6407,7.7871],[81.7065,7.726],[81.6999,7.7137],[81.6774,7.729],[81.6865,7.6971],[81.6732,7.6918],[81.6674,7.7332],[81.6021,7.7715],[81.5788,7.7249],[81.6115,7.7077],[81.6224,7.726],[81.6557,7.7149],[81.6485,7.7033],[81.6945,7.6595],[81.6865,7.6396],[81.701,7.6096],[81.7029,7.6311],[81.7241,7.6398],[81.7453,7.5898],[81.7675,7.5754],[81.7446,7.5624],[81.7696,7.5368],[81.7393,7.5437],[81.7472,7.5192],[81.7697,7.5166],[81.745,7.5016],[81.7678,7.4779],[81.751,7.4579],[81.7761,7.4479],[81.7835,7.4674],[81.7801,7.4462],[81.7829,7.4343],[81.8039,7.4027],[81.7993,7.448],[81.8112,7.4529],[81.8082,7.4768],[81.8171,7.4707],[81.8621,7.3424],[81.8674,7.2836],[81.8208,7.3292],[81.6958,7.3],[81.6608,7.333],[81.6054,7.3339],[81.5375,7.275],[81.5413,7.3449],[81.4716,7.3493],[81.4089,7.2949],[81.4,7.2417],[81.3108,7.267],[81.2858,7.2455],[81.263,7.2813],[81.2714,7.3007],[81.2214,7.3729],[81.2047,7.4396],[81.2383,7.6032],[81.3,7.6458],[81.2917,7.6833],[81.3074,7.6839],[81.3271,7.7375],[81.3525,7.7337],[81.3816,7.7629],[81.4229,7.75],[81.4882,7.7922],[81.5174,7.7744],[81.5783,7.7967],[81.559,7.8228],[81.5715,7.8463],[81.5576,7.8904],[81.5381,7.8967],[81.5333,7.925],[81.5574,7.9426]],[[81.457,7.6131],[81.4718,7.625],[81.492,7.6111],[81.4858,7.6564],[81.457,7.6131]]],[[[95.2942,5.1258],[95.2906,5.1297],[95.2944,5.1278],[95.2942,5.1258]]],[[[95.4784,5.0881],[95.5333,5.05],[95.5816,5.0538],[95.6083,5.0333],[95.6409,5.0451],[95.6424,5.0258],[95.6667,5.0208],[95.6674,4.9091],[95.6875,4.8917],[95.7208,4.9042],[95.7379,4.885],[95.708,4.8142],[95.6795,4.7899],[95.6663,4.7267],[95.65,4.725],[95.649,4.6755],[95.6254,4.6521],[95.6376,4.592],[95.5897,4.6306],[95.5667,4.6272],[95.5815,4.6577],[95.5606,4.6661],[95.5386,4.6533],[95.4944,4.7486],[95.4466,4.8059],[95.4122,4.8203],[95.4253,4.8394],[95.367,4.9476],[95.3798,4.9694],[95.3565,4.998],[95.3637,5.0322],[95.3423,5.0533],[95.4118,5.0578],[95.4784,5.0881]]],[[[97.2627,5.1656],[97.3705,5.1441],[97.3708,5.125],[97.4422,5.1321],[97.441,5.1092],[97.413,5.1063],[97.4256,5.0603],[97.4542,5.0333],[97.441,4.9884],[97.4125,4.9667],[97.4172,4.8948],[97.3625,4.8167],[97.3375,4.8042],[97.2743,4.8089],[97.2458,4.7833],[97.2218,4.7839],[97.1149,4.8371],[97.0508,4.8201],[97.0333,4.8],[97.0025,4.833],[96.9708,4.8292],[96.9505,4.8604],[97.0103,4.9161],[97.0875,4.9208],[97.1301,4.9701],[97.2032,4.984],[97.2458,5.0375],[97.2465,5.1491],[97.2627,5.1656]]],[[[95.3111,5.8778],[95.3131,5.8731],[95.3075,5.8764],[95.3111,5.8778]]],[[[95.9819,5.3611],[95.9836,5.3625],[95.9844,5.3617],[95.9819,5.3611]]],[[[95.9136,5.4283],[95.9317,5.4131],[95.9325,5.4047],[95.9136,5.4283]]],[[[95.2278,5.5758],[95.2401,5.5704],[95.2362,5.5524],[95.2508,5.5436],[95.2383,5.5575],[95.28,5.5561],[95.2758,5.5467],[95.2996,5.5649],[95.3129,5.51],[95.3004,5.4559],[95.3507,5.3509],[95.3881,5.3091],[95.3792,5.25],[95.3247,5.2239],[95.3672,5.1326],[95.3341,5.0783],[95.3364,5.0478],[95.3058,5.0814],[95.3167,5.0906],[95.305,5.1142],[95.2814,5.115],[95.3086,5.1303],[95.3073,5.1694],[95.2408,5.2236],[95.2533,5.232],[95.2327,5.2578],[95.2417,5.2831],[95.2119,5.2758],[95.2181,5.3239],[95.2381,5.3247],[95.2214,5.3437],[95.23,5.3625],[95.2347,5.3442],[95.2408,5.3411],[95.2522,5.3764],[95.2297,5.4328],[95.2405,5.4672],[95.1934,5.5275],[95.2278,5.5758]]],[[[95.4356,5.656],[95.5157,5.5951],[95.5306,5.6144],[95.6106,5.6281],[95.6892,5.5836],[95.8281,5.5356],[95.8886,5.5028],[95.9094,5.4331],[95.89,5.4525],[95.8992,5.4306],[95.8869,5.425],[95.9214,5.3869],[95.9483,5.395],[95.9386,5.4072],[95.975,5.3792],[95.955,5.3786],[95.9717,5.3606],[96.0,5.3569],[96.0172,5.3281],[96.0408,5.3317],[96.0781,5.2906],[96.1136,5.2833],[96.0892,5.2644],[96.1292,5.2733],[96.1222,5.2814],[96.2292,5.2611],[96.1941,5.2129],[96.1083,5.1813],[96.1455,5.1233],[96.1458,5.0917],[96.1,5.0542],[96.1042,5.0292],[96.0729,5.0171],[96.0022,5.0619],[95.9645,5.0547],[95.9396,5.0704],[95.9145,5.0589],[95.8688,5.087],[95.8426,5.084],[95.8205,5.1316],[95.7875,5.1583],[95.8116,5.2035],[95.7625,5.2417],[95.7917,5.2833],[95.7634,5.2925],[95.7042,5.4417],[95.6059,5.442],[95.4971,5.5419],[95.4533,5.4717],[95.4245,5.4744],[95.3717,5.5089],[95.3631,5.5361],[95.2984,5.5699],[95.3194,5.5858],[95.325,5.5936],[95.3461,5.5975],[95.3467,5.6053],[95.3486,5.5981],[95.3456,5.5947],[95.33,5.5925],[95.318,5.5839],[95.3317,5.5886],[95.335,5.5733],[95.3342,5.5897],[95.3422,5.5925],[95.3397,5.5714],[95.3461,5.5864],[95.3596,5.5727],[95.3544,5.5864],[95.3919,5.6163],[95.3785,5.6162],[95.4356,5.656]]],[[[95.2987,5.5658],[95.2977,5.5662],[95.2978,5.5668],[95.2987,5.5658]]],[[[95.3197,5.5869],[95.3189,5.5877],[95.32,5.5881],[95.3197,5.5869]]],[[[95.3708,5.6069],[95.3708,5.6022],[95.3683,5.6031],[95.3708,5.6069]]],[[[95.3503,5.6064],[95.3706,5.6086],[95.35,5.6033],[95.3503,5.6064]]],[[[95.3456,5.5928],[95.3516,5.5881],[95.3508,5.5867],[95.3456,5.5928]]],[[[95.3511,5.5997],[95.3556,5.5928],[95.3531,5.5917],[95.3511,5.5997]]],[[[95.2175,5.9075],[95.2989,5.8392],[95.3017,5.8731],[95.3161,5.8674],[95.3242,5.8831],[95.3103,5.8944],[95.3336,5.8981],[95.3747,5.8478],[95.3759,5.8051],[95.3511,5.8283],[95.3297,5.7719],[95.2851,5.7803],[95.2564,5.8442],[95.2197,5.8747],[95.2175,5.9075]]],[[[81.2032,8.7229],[81.2071,8.7213],[81.2024,8.7215],[81.2032,8.7229]]],[[[81.226,8.5554],[81.2282,8.5549],[81.2262,8.554],[81.226,8.5554]]],[[[81.2343,8.5326],[81.2318,8.5335],[81.2346,8.5346],[81.2343,8.5326]]],[[[81.2135,8.544],[81.2157,8.5415],[81.2138,8.5415],[81.2135,8.544]]],[[[81.2049,8.5474],[81.2132,8.541],[81.2087,8.5387],[81.2049,8.5474]]],[[[81.2451,8.5435],[81.2479,8.5426],[81.2451,8.5421],[81.2451,8.5435]]],[[[92.7922,9.1178],[92.7958,9.1181],[92.7967,9.1186],[92.7986,9.1183],[92.7967,9.1177],[92.7922,9.1178]]],[[[92.8117,9.1256],[92.8147,9.1258],[92.8117,9.1244],[92.8117,9.1256]]],[[[92.8039,9.1208],[92.8028,9.1189],[92.7997,9.1186],[92.8039,9.1208]]],[[[93.6066,8.5813],[93.6094,8.5794],[93.6083,8.5781],[93.6066,8.5813]]],[[[92.8633,8.8299],[92.8519,8.8222],[92.8586,8.8374],[92.8633,8.8299]]],[[[92.7747,9.2569],[92.8285,9.1938],[92.8306,9.1387],[92.7898,9.1171],[92.7317,9.1244],[92.7208,9.2136],[92.7681,9.2161],[92.7747,9.2569]]],[[[92.2214,10.9829],[92.2222,10.9728],[92.2147,10.9775],[92.2214,10.9829]]],[[[97.9281,11.2956],[97.9276,11.2969],[97.9286,11.2974],[97.9281,11.2956]]],[[[92.7064,11.2883],[92.7058,11.2631],[92.6883,11.2424],[92.6925,11.2808],[92.7064,11.2883]]],[[[97.9269,11.2861],[97.9256,11.2878],[97.9269,11.2889],[97.9269,11.2861]]],[[[97.9197,11.28],[97.9269,11.2794],[97.9232,11.2735],[97.9197,11.28]]],[[[92.6975,11.3092],[92.7103,11.3086],[92.7119,11.3029],[92.6975,11.3092]]],[[[92.724,11.332],[92.7128,11.309],[92.7216,11.333],[92.724,11.332]]],[[[98.0,11.3236],[97.9964,11.3407],[98.0,11.3517],[98.0,11.3236]]],[[[97.9443,11.3486],[97.9427,11.3503],[97.9436,11.3509],[97.9443,11.3486]]],[[[92.5161,10.8975],[92.5303,10.8653],[92.5319,10.885],[92.5583,10.8633],[92.5604,10.8012],[92.5877,10.7869],[92.5968,10.6783],[92.5772,10.6739],[92.5829,10.657],[92.5398,10.6106],[92.5694,10.5789],[92.5131,10.5117],[92.4347,10.5483],[92.3853,10.5322],[92.4206,10.6147],[92.3997,10.6611],[92.3803,10.6681],[92.3761,10.7817],[92.3847,10.7908],[92.3947,10.7791],[92.3933,10.7689],[92.395,10.7619],[92.3975,10.7606],[92.4269,10.8233],[92.4574,10.84],[92.4569,10.8614],[92.4995,10.8907],[92.5106,10.8692],[92.5161,10.8975]]],[[[92.6091,10.9304],[92.6183,10.9339],[92.62,10.9286],[92.6091,10.9304]]],[[[92.6692,10.9856],[92.6595,10.991],[92.6677,10.9917],[92.6692,10.9856]]],[[[92.6767,11.1881],[92.6772,11.1769],[92.6747,11.1894],[92.6767,11.1881]]],[[[92.7228,11.1433],[92.7253,11.1411],[92.7236,11.1406],[92.7228,11.1433]]],[[[92.7269,11.1456],[92.735,11.1456],[92.7303,11.1415],[92.7269,11.1456]]],[[[92.5629,11.9473],[92.5695,11.9469],[92.5686,11.9437],[92.5629,11.9473]]],[[[92.5506,11.7237],[92.5495,11.7243],[92.5514,11.7253],[92.5506,11.7237]]],[[[92.6971,11.6643],[92.7008,11.6594],[92.6926,11.6611],[92.6971,11.6643]]],[[[92.7228,11.6896],[92.7252,11.6867],[92.7218,11.6877],[92.7228,11.6896]]],[[[92.7666,11.6784],[92.7598,11.6767],[92.7659,11.6808],[92.7666,11.6784]]],[[[97.9775,11.6808],[97.9747,11.6814],[97.975,11.6828],[97.9775,11.6808]]],[[[97.9669,11.7244],[97.9689,11.7192],[97.9642,11.7222],[97.9669,11.7244]]],[[[93.0863,11.786],[93.0776,11.781],[93.0848,11.7897],[93.0863,11.786]]],[[[98.0,11.8233],[97.9918,11.8279],[98.0,11.8342],[98.0,11.8233]]],[[[93.012,11.8485],[93.0633,11.8448],[93.0722,11.8356],[93.0484,11.813],[93.015,11.8292],[93.012,11.8485]]],[[[92.5656,11.5707],[92.5663,11.568],[92.565,11.5683],[92.5656,11.5707]]],[[[92.5794,11.5844],[92.5766,11.5849],[92.5772,11.5853],[92.5794,11.5844]]],[[[92.6297,11.5467],[92.6266,11.544],[92.6283,11.5492],[92.6297,11.5467]]],[[[92.6016,11.5535],[92.6203,11.5561],[92.6105,11.5318],[92.6016,11.5535]]],[[[92.5972,11.5622],[92.584,11.5344],[92.5924,11.5774],[92.5972,11.5622]]],[[[92.5756,11.5648],[92.5729,11.5656],[92.577,11.5709],[92.5756,11.5648]]],[[[92.6114,11.588],[92.6192,11.5771],[92.6146,11.5627],[92.6006,11.5681],[92.6114,11.588]]],[[[92.54,11.6033],[92.5694,11.5884],[92.5537,11.5619],[92.5301,11.5549],[92.54,11.6033]]],[[[93.8633,12.2953],[93.8781,12.2817],[93.8736,12.2625],[93.8452,12.2742],[93.8633,12.2953]]],[[[92.6997,12.2474],[92.6959,12.2471],[92.697,12.2508],[92.6997,12.2474]]],[[[92.7608,12.2744],[92.7639,12.2661],[92.7584,12.2704],[92.7608,12.2744]]],[[[92.9014,12.2622],[92.8995,12.2596],[92.9,12.2625],[92.9014,12.2622]]],[[[92.8794,12.2481],[92.8819,12.2489],[92.8811,12.2453],[92.8794,12.2481]]],[[[92.7025,12.2897],[92.7239,12.2914],[92.7056,12.2429],[92.7025,12.2897]]],[[[93.0246,12.2781],[93.027,12.2735],[93.0221,12.2748],[93.0246,12.2781]]],[[[92.8806,12.2954],[92.877,12.2959],[92.8802,12.2978],[92.8806,12.2954]]],[[[92.7034,12.6387],[92.7009,12.6397],[92.7022,12.6407],[92.7034,12.6387]]],[[[92.7325,12.7034],[92.7309,12.7026],[92.7312,12.7045],[92.7325,12.7034]]],[[[92.8207,12.4354],[92.8197,12.4365],[92.8207,12.4361],[92.8207,12.4354]]],[[[92.8701,12.4462],[92.8672,12.4478],[92.8621,12.4528],[92.8701,12.4462]]],[[[92.6687,12.5348],[92.6846,12.5388],[92.6781,12.5222],[92.6687,12.5348]]],[[[92.9563,12.4355],[92.9323,12.3594],[92.9193,12.3646],[92.9306,12.4152],[92.9491,12.4146],[92.9563,12.4355]]],[[[92.8515,12.4009],[92.8443,12.4037],[92.8491,12.4046],[92.8515,12.4009]]],[[[92.8371,12.4249],[92.8339,12.4175],[92.8297,12.4256],[92.8371,12.4249]]],[[[92.8556,12.3932],[92.8704,12.4042],[92.8937,12.3966],[92.8703,12.381],[92.8556,12.3932]]],[[[92.8978,12.3943],[92.8954,12.3928],[92.8962,12.3952],[92.8978,12.3943]]],[[[92.8884,12.4133],[92.8883,12.4138],[92.8887,12.4142],[92.8884,12.4133]]],[[[92.9039,12.4209],[92.8996,12.4214],[92.9001,12.4256],[92.9039,12.4209]]],[[[92.8965,12.4309],[92.8963,12.4302],[92.8954,12.432],[92.8965,12.4309]]],[[[92.6575,12.7732],[92.6543,12.7714],[92.6568,12.774],[92.6575,12.7732]]],[[[92.7229,12.7356],[92.7296,12.7309],[92.7279,12.7267],[92.7229,12.7356]]],[[[92.7267,12.7533],[92.7254,12.7525],[92.7257,12.7538],[92.7267,12.7533]]],[[[92.7176,12.7762],[92.7156,12.7757],[92.7156,12.777],[92.7176,12.7762]]],[[[92.7777,12.8667],[92.7763,12.865],[92.7759,12.866],[92.7777,12.8667]]],[[[92.7271,12.8381],[92.7273,12.8339],[92.7255,12.8323],[92.7271,12.8381]]],[[[92.7672,12.8579],[92.7612,12.8677],[92.7658,12.8726],[92.7672,12.8579]]],[[[92.7203,12.8644],[92.7186,12.8353],[92.71,12.8336],[92.7203,12.8644]]],[[[92.7298,12.8564],[92.7307,12.8548],[92.7292,12.8553],[92.7298,12.8564]]],[[[92.7112,12.8289],[92.7123,12.7771],[92.7255,12.7487],[92.718,12.7189],[92.6945,12.7971],[92.7112,12.8289]]],[[[92.7244,12.7617],[92.72,12.7778],[92.7153,12.7783],[92.7172,12.7878],[92.7222,12.7786],[92.7244,12.7617]]],[[[92.7157,12.7973],[92.7162,12.7954],[92.7151,12.795],[92.7157,12.7973]]],[[[92.7156,12.8006],[92.717,12.7987],[92.7162,12.7984],[92.7156,12.8006]]],[[[92.7176,12.804],[92.716,12.8026],[92.7165,12.8043],[92.7176,12.804]]],[[[92.7203,13.0978],[92.7061,13.0701],[92.7011,13.0708],[92.6963,13.0952],[92.7203,13.0978]]],[[[93.06,13.2256],[93.0588,13.2226],[93.0579,13.2267],[93.06,13.2256]]],[[[92.7933,13.1692],[92.7976,13.1693],[92.7968,13.1676],[92.7933,13.1692]]],[[[93.0161,13.285],[93.0149,13.2835],[93.0144,13.2846],[93.0161,13.285]]],[[[93.0712,13.3006],[93.0789,13.3],[93.0731,13.2978],[93.0712,13.3006]]],[[[93.0156,13.3404],[93.0139,13.3382],[93.0144,13.3404],[93.0156,13.3404]]],[[[93.0094,13.311],[93.0251,13.3283],[93.0217,13.303],[93.0094,13.311]]],[[[92.9889,12.9984],[92.9864,13.0],[92.9894,13.0006],[92.9889,12.9984]]],[[[92.9128,13.0033],[92.9108,13.0036],[92.9111,13.0053],[92.9128,13.0033]]],[[[92.9494,13.0247],[92.9472,13.0244],[92.9453,13.0253],[92.9494,13.0247]]],[[[92.9194,13.0411],[92.9143,13.0435],[92.9161,13.0475],[92.9194,13.0411]]],[[[92.9344,13.0514],[92.9318,13.0519],[92.9322,13.0528],[92.9344,13.0514]]],[[[92.9171,13.0617],[92.9132,13.0615],[92.9135,13.0669],[92.9171,13.0617]]],[[[92.7307,13.0921],[92.7283,13.0933],[92.7315,13.0952],[92.7307,13.0921]]],[[[92.9208,13.0019],[92.94,13.0253],[92.9417,12.9953],[92.9208,13.0019]]],[[[92.7817,12.8914],[92.7917,12.891],[92.7856,12.8819],[92.7817,12.8914]]],[[[92.757,12.8784],[92.7587,12.8761],[92.7571,12.8761],[92.757,12.8784]]],[[[92.6956,12.9914],[92.7199,12.9784],[92.7215,12.8883],[92.7087,12.8839],[92.7195,12.8742],[92.7012,12.8412],[92.6754,12.8359],[92.689,12.8167],[92.6682,12.7826],[92.6482,12.8617],[92.6798,12.9411],[92.6698,12.9625],[92.6956,12.9914]]],[[[92.6681,12.9536],[92.6698,12.9522],[92.6687,12.9516],[92.6681,12.9536]]],[[[92.6715,12.9483],[92.6701,12.9495],[92.6726,12.9492],[92.6715,12.9483]]],[[[92.892,12.8998],[92.8935,12.8975],[92.8916,12.8976],[92.892,12.8998]]],[[[92.7551,12.9123],[92.7568,12.8945],[92.7531,12.8892],[92.7484,12.8934],[92.7551,12.9123]]],[[[92.865,12.9139],[92.8631,12.9136],[92.8631,12.9144],[92.865,12.9139]]],[[[93.0067,12.9961],[92.9795,12.967],[92.9828,12.9345],[92.952,12.9405],[92.9742,12.9453],[92.9547,12.96],[92.9597,12.9889],[92.9722,12.9691],[92.9859,12.9934],[93.0067,12.9961]]],[[[92.8998,12.9409],[92.9023,12.9409],[92.9031,12.9383],[92.8998,12.9409]]],[[[92.7618,12.9342],[92.7665,12.9281],[92.7632,12.9256],[92.7618,12.9342]]],[[[92.8906,12.9375],[92.8917,12.9364],[92.8895,12.935],[92.8906,12.9375]]],[[[92.9131,12.9175],[92.9123,12.9137],[92.9086,12.9136],[92.9131,12.9175]]],[[[92.9314,12.9187],[92.9367,12.915],[92.9342,12.913],[92.9314,12.9187]]],[[[92.7679,12.9178],[92.7667,12.9172],[92.7667,12.9178],[92.7679,12.9178]]],[[[92.7623,12.9219],[92.7673,12.9203],[92.7642,12.9175],[92.7623,12.9219]]],[[[92.7916,12.9166],[92.7929,12.8918],[92.7742,12.906],[92.7916,12.9166]]],[[[92.7701,12.929],[92.7754,12.9231],[92.7721,12.9178],[92.7701,12.929]]],[[[92.86,12.9331],[92.8861,12.923],[92.865,12.9167],[92.86,12.9331]]],[[[93.0685,12.3191],[93.0729,12.3154],[93.063,12.3159],[93.0685,12.3191]]],[[[92.9136,12.3331],[92.9111,12.3333],[92.9119,12.3353],[92.9136,12.3331]]],[[[92.9066,12.3399],[92.9046,12.3396],[92.9057,12.341],[92.9066,12.3399]]],[[[92.911,12.3377],[92.9095,12.3487],[92.915,12.3555],[92.9188,12.3502],[92.911,12.3377]]],[[[92.8978,12.9274],[92.9104,12.9086],[92.9219,12.9122],[92.9051,12.885],[92.928,12.8838],[92.9541,12.807],[92.9342,12.7738],[92.9625,12.7529],[92.9805,12.7097],[92.9631,12.6985],[92.9569,12.6228],[92.9755,12.5419],[92.9684,12.4967],[92.9591,12.4867],[92.9466,12.4988],[92.9321,12.4807],[92.9311,12.4658],[92.9579,12.4677],[92.9153,12.4437],[92.9186,12.4211],[92.8496,12.4826],[92.8542,12.4577],[92.8444,12.4694],[92.8444,12.4808],[92.8379,12.4855],[92.8388,12.4924],[92.8347,12.4948],[92.8292,12.4964],[92.849,12.4586],[92.8986,12.4187],[92.8041,12.4433],[92.7965,12.438],[92.8003,12.4644],[92.7911,12.4697],[92.7942,12.4382],[92.8296,12.4268],[92.8289,12.4217],[92.8339,12.4092],[92.8384,12.4086],[92.836,12.4046],[92.8418,12.4046],[92.8386,12.395],[92.8598,12.3625],[92.89,12.3504],[92.8961,12.3358],[92.8822,12.3444],[92.8797,12.3335],[92.8951,12.3203],[92.8324,12.3026],[92.8097,12.3149],[92.8027,12.3128],[92.7951,12.3061],[92.7715,12.3197],[92.7644,12.3017],[92.7639,12.3123],[92.7577,12.3],[92.7204,12.3003],[92.6994,12.3285],[92.7086,12.4931],[92.6942,12.5157],[92.7075,12.5969],[92.6845,12.6081],[92.7042,12.6075],[92.7154,12.6435],[92.7247,12.6267],[92.7533,12.6708],[92.7771,12.6671],[92.7765,12.6363],[92.7854,12.6192],[92.7886,12.6745],[92.7874,12.7072],[92.7792,12.7131],[92.7689,12.6721],[92.7339,12.6738],[92.7278,12.692],[92.7461,12.7225],[92.7212,12.7877],[92.7239,12.8271],[92.7321,12.8349],[92.7378,12.8103],[92.7608,12.8594],[92.7822,12.8075],[92.7695,12.8617],[92.7814,12.8481],[92.7919,12.8899],[92.811,12.8975],[92.8306,12.8847],[92.8422,12.891],[92.8402,12.8783],[92.8417,12.8756],[92.8735,12.8812],[92.896,12.8988],[92.8978,12.9274]]],[[[92.6017,11.9144],[92.5956,11.915],[92.6011,11.9189],[92.6017,11.9144]]],[[[92.7233,11.9529],[92.7319,11.9448],[92.7264,11.941],[92.7233,11.9529]]],[[[92.7505,11.968],[92.7671,11.9559],[92.7458,11.9448],[92.7362,11.9532],[92.7505,11.968]]],[[[92.7448,11.9655],[92.7423,11.9666],[92.7449,11.9671],[92.7448,11.9655]]],[[[92.585,11.9773],[92.5817,11.9806],[92.584,11.9827],[92.585,11.9773]]],[[[92.5886,11.9753],[92.6094,11.9428],[92.5989,11.9278],[92.5886,11.9753]]],[[[92.6302,12.1131],[92.6287,12.1151],[92.6304,12.1166],[92.6302,12.1131]]],[[[92.6314,12.119],[92.6303,12.1195],[92.6315,12.1205],[92.6314,12.119]]],[[[92.9711,12.0643],[92.9695,12.065],[92.9711,12.0652],[92.9711,12.0643]]],[[[92.9699,12.0336],[92.9825,12.0435],[93.0095,12.0189],[93.054,11.9031],[93.0427,11.8823],[93.0253,11.8882],[93.0004,11.9502],[92.9744,11.9484],[92.9596,11.9813],[92.9255,11.9958],[92.9507,12.0131],[92.965,12.0497],[92.9699,12.0336]]],[[[92.7712,12.0178],[92.7748,12.0129],[92.7714,12.0139],[92.7712,12.0178]]],[[[92.7481,12.1805],[92.7466,12.181],[92.7485,12.1809],[92.7481,12.1805]]],[[[92.6835,12.2231],[92.6801,12.2189],[92.6828,12.2244],[92.6835,12.2231]]],[[[92.9273,12.2217],[92.9416,12.2174],[92.9327,12.1962],[92.9273,12.2217]]],[[[92.7492,12.2299],[92.7623,12.2294],[92.7601,12.1824],[92.7309,12.1964],[92.7387,12.2235],[92.7553,12.2089],[92.7492,12.2299]]],[[[93.0195,12.225],[93.0218,12.2236],[93.0193,12.2227],[93.0195,12.225]]],[[[92.7707,12.1836],[92.7642,12.2113],[92.7702,12.2319],[92.7742,12.1991],[92.7707,12.1836]]],[[[93.0781,12.2617],[93.0867,12.2372],[93.106,12.2602],[93.1007,12.2039],[93.0931,12.2244],[93.0633,12.2292],[93.0781,12.2617]]],[[[92.7448,12.2305],[92.7444,12.2302],[92.7442,12.2313],[92.7448,12.2305]]],[[[92.7404,12.2357],[92.7381,12.228],[92.7398,12.2358],[92.7404,12.2357]]],[[[92.9019,12.2555],[92.9141,12.2326],[92.9133,12.2228],[92.8917,12.2339],[92.8792,12.2083],[92.8708,12.2447],[92.8845,12.2392],[92.9019,12.2555]]],[[[92.7492,12.2383],[92.748,12.235],[92.7482,12.2382],[92.7492,12.2383]]],[[[92.7331,12.2394],[92.734,12.2358],[92.732,12.2346],[92.7331,12.2394]]],[[[92.8692,12.248],[92.8615,12.243],[92.866,12.2507],[92.8692,12.248]]],[[[93.0964,12.1366],[93.0988,12.1358],[93.0974,12.1338],[93.0964,12.1366]]],[[[93.1091,12.1431],[93.1236,12.1403],[93.1156,12.13],[93.1091,12.1431]]],[[[92.7426,12.0743],[92.7419,12.0739],[92.7417,12.0742],[92.7419,12.0744],[92.7426,12.0743]]],[[[92.9489,12.1153],[92.9578,12.0991],[92.9519,12.0839],[92.9489,12.0965],[92.9489,12.1153]]],[[[92.9939,12.1111],[92.9925,12.1105],[92.9925,12.1116],[92.9939,12.1111]]],[[[92.739,12.1105],[92.7426,12.1122],[92.7387,12.1069],[92.739,12.1105]]],[[[92.7456,12.0753],[92.7395,12.099],[92.7654,12.1769],[92.7446,12.0994],[92.7456,12.0753]]],[[[92.9596,12.1065],[93.0053,12.1028],[92.9928,12.0436],[92.9751,12.0657],[92.9618,12.0722],[92.9708,12.0879],[92.9596,12.1065]]],[[[93.0275,12.1667],[93.0344,12.1003],[93.0536,12.0761],[93.0455,12.0454],[93.007,12.0758],[93.0073,12.1072],[92.9972,12.1136],[92.9664,12.1189],[92.9556,12.1422],[92.985,12.1481],[93.0042,12.1133],[93.0067,12.1461],[93.0275,12.1667]]],[[[92.8472,12.1504],[92.844,12.149],[92.8468,12.151],[92.8472,12.1504]]],[[[92.7565,12.1803],[92.7637,12.1769],[92.7589,12.1666],[92.7595,12.178],[92.7565,12.1803]]],[[[93.0702,12.2113],[93.095,12.1424],[93.0746,12.0836],[93.0372,12.1334],[93.0702,12.2113]]],[[[92.9344,12.3106],[92.9284,12.2373],[92.9221,12.231],[92.9213,12.2649],[92.9014,12.2716],[92.9015,12.2882],[92.9267,12.2806],[92.9344,12.3106]]],[[[92.7957,12.3039],[92.8303,12.3003],[92.8664,12.3056],[92.8867,12.2867],[92.8876,12.2588],[92.8778,12.2512],[92.8647,12.2513],[92.8589,12.2458],[92.8819,12.198],[92.8466,12.1977],[92.8506,12.1573],[92.8226,12.1655],[92.8148,12.1324],[92.8023,12.1308],[92.8125,12.1069],[92.7887,12.1027],[92.7927,12.0811],[92.7613,12.0681],[92.7478,12.084],[92.7808,12.195],[92.7808,12.2376],[92.7511,12.2503],[92.7572,12.2685],[92.7645,12.2638],[92.7752,12.2658],[92.7869,12.2798],[92.7738,12.3118],[92.7957,12.3039]]],[[[93.0242,13.6725],[93.0235,13.6722],[93.0227,13.6743],[93.0242,13.6725]]],[[[93.5509,14.7852],[93.5493,14.7851],[93.5503,14.7884],[93.5509,14.7852]]],[[[93.2194,14.0117],[93.2324,13.9822],[93.2231,13.9716],[93.2194,14.0117]]],[[[93.3669,14.0525],[93.3635,14.0481],[93.3642,14.0569],[93.3669,14.0525]]],[[[93.3664,14.1561],[93.3781,14.1208],[93.3643,14.0587],[93.3533,14.1458],[93.3664,14.1561]]],[[[93.3822,14.1294],[93.3814,14.1275],[93.3808,14.1283],[93.3822,14.1294]]],[[[93.3706,14.1931],[93.3692,14.1808],[93.3609,14.1819],[93.3601,14.188],[93.3706,14.1931]]],[[[93.3575,14.1889],[93.3602,14.1924],[93.3611,14.1911],[93.3575,14.1889]]],[[[93.0425,13.6369],[93.0675,13.6506],[93.048,13.6213],[93.0425,13.6369]]],[[[93.0164,13.6756],[93.0322,13.6339],[93.0278,13.6269],[92.9767,13.655],[93.0164,13.6756]]],[[[93.5725,14.8603],[93.57,14.8597],[93.57,14.8612],[93.5725,14.8603]]],[[[93.6461,14.9353],[93.6519,14.9327],[93.6508,14.9297],[93.6461,14.9353]]],[[[93.5694,14.8722],[93.5725,14.8682],[93.568,14.8711],[93.5694,14.8722]]],[[[95.5254,16.2358],[95.5083,16.175],[95.533,16.135],[95.4708,16.0625],[95.4917,15.9417],[95.5367,15.9243],[95.5417,15.9042],[95.5578,15.9146],[95.5549,15.9367],[95.6153,15.9334],[95.6187,15.9661],[95.6845,15.9873],[95.6428,15.9247],[95.4992,15.7822],[95.51,15.7817],[95.4897,15.7722],[95.4681,15.7525],[95.4586,15.7606],[95.4672,15.7508],[95.4894,15.7661],[95.4589,15.7397],[95.3986,15.7142],[95.2934,15.7146],[95.2834,15.7203],[95.2781,15.7289],[95.2797,15.7325],[95.2814,15.7258],[95.2902,15.7219],[95.2869,15.7539],[95.3247,15.7494],[95.3275,15.7508],[95.3289,15.7569],[95.3242,15.7667],[95.3297,15.7625],[95.3481,15.7647],[95.3961,15.7808],[95.3994,15.7742],[95.4022,15.7745],[95.4039,15.7764],[95.3967,15.7822],[95.3242,15.7681],[95.3217,15.7631],[95.3275,15.7558],[95.3242,15.7511],[95.2875,15.7564],[95.2675,15.8044],[95.2811,15.8522],[95.3,15.8525],[95.2939,15.83],[95.2953,15.8225],[95.3145,15.8064],[95.3192,15.8069],[95.3281,15.8192],[95.3306,15.8408],[95.3395,15.8444],[95.36,15.8408],[95.3464,15.8303],[95.3453,15.8228],[95.3492,15.8194],[95.4022,15.8201],[95.405,15.8256],[95.4011,15.8417],[95.4158,15.8272],[95.4192,15.8264],[95.4233,15.8308],[95.4233,15.8406],[95.4318,15.837],[95.4574,15.8523],[95.4672,15.8472],[95.4942,15.8619],[95.4914,15.8731],[95.5,15.8672],[95.5192,15.875],[95.5269,15.8922],[95.5192,15.8764],[95.4911,15.8744],[95.4808,15.8547],[95.4725,15.8606],[95.4229,15.8419],[95.4198,15.8282],[95.4006,15.8428],[95.4025,15.8217],[95.3484,15.8216],[95.3611,15.8408],[95.3483,15.8468],[95.3294,15.8422],[95.3167,15.8083],[95.2972,15.8244],[95.3111,15.8658],[95.3328,15.8639],[95.3253,15.8731],[95.3117,15.8678],[95.3023,15.8551],[95.2984,15.8589],[95.3193,15.8831],[95.3377,15.8802],[95.3344,15.9031],[95.347,15.9036],[95.3484,15.8827],[95.3652,15.8894],[95.372,15.878],[95.3825,15.8747],[95.3949,15.8767],[95.4044,15.8835],[95.4036,15.8928],[95.4094,15.9],[95.4092,15.9092],[95.4217,15.9075],[95.4593,15.9268],[95.47,15.9175],[95.4794,15.9264],[95.4842,15.9181],[95.4794,15.9278],[95.4588,15.9284],[95.4092,15.9106],[95.3863,15.877],[95.365,15.8911],[95.3492,15.8844],[95.35,15.9042],[95.3359,15.9066],[95.3292,15.8997],[95.3352,15.881],[95.3162,15.8852],[95.296,15.8732],[95.3535,15.9533],[95.3589,16.0424],[95.3533,16.0661],[95.3375,16.0667],[95.35,16.0],[95.3347,15.9661],[95.3148,15.9691],[95.3241,15.999],[95.3219,16.0206],[95.3278,16.0269],[95.3294,16.0325],[95.3251,16.048],[95.3273,16.0289],[95.3156,16.0206],[95.3086,16.01],[95.3086,16.0061],[95.3186,16.0195],[95.3117,15.9686],[95.3281,15.9636],[95.2639,15.8613],[95.2471,15.8497],[95.2358,15.8589],[95.2323,15.8781],[95.2736,15.9567],[95.2711,16.0297],[95.3217,16.0911],[95.2728,16.048],[95.2487,15.9571],[95.2223,15.9663],[95.2233,15.9833],[95.212,15.9919],[95.2186,16.0],[95.22,16.0142],[95.2083,16.0392],[95.2147,16.0414],[95.2167,16.0506],[95.2231,16.0481],[95.2261,16.0492],[95.2269,16.0558],[95.225,16.0497],[95.2156,16.0517],[95.2058,16.0406],[95.2186,16.015],[95.2101,15.9928],[95.2197,15.9669],[95.2469,15.9525],[95.2156,15.887],[95.1894,15.9547],[95.2,15.9017],[95.2133,15.8867],[95.2222,15.8822],[95.2126,15.8603],[95.2031,15.8656],[95.1878,15.8578],[95.1911,15.8644],[95.1892,15.8703],[95.1847,15.8753],[95.1786,15.8775],[95.1867,15.8569],[95.2142,15.8544],[95.2244,15.7986],[95.1756,15.7717],[95.123,15.7944],[95.1083,15.8499],[95.12,15.8403],[95.1517,15.8561],[95.1177,15.8426],[95.1128,15.9164],[95.1234,15.9168],[95.1305,15.9288],[95.1433,15.9222],[95.17,15.9199],[95.1628,15.9564],[95.1686,15.9709],[95.1705,15.9712],[95.1767,15.9656],[95.1789,15.9656],[95.1883,15.9786],[95.1678,15.9728],[95.1619,15.9594],[95.1678,15.9208],[95.13,15.9306],[95.1183,15.9214],[95.1239,15.958],[95.1345,15.9559],[95.1547,15.9725],[95.1642,15.9842],[95.1656,15.9942],[95.1678,15.9847],[95.1694,15.9836],[95.1725,15.9847],[95.1656,15.9969],[95.1264,15.9603],[95.1167,16.03],[95.1736,16.0239],[95.185,16.0297],[95.1831,16.0872],[95.2036,16.0961],[95.275,16.1792],[95.2994,16.176],[95.3407,16.2466],[95.3375,16.2667],[95.3866,16.2702],[95.3875,16.2458],[95.3917,16.275],[95.4333,16.2708],[95.4381,16.2467],[95.4533,16.2547],[95.4763,16.2369],[95.5155,16.2752],[95.5254,16.2358]],[[95.3329,16.1988],[95.3363,16.1953],[95.3375,16.2],[95.3329,16.1988]],[[95.3421,16.2012],[95.3387,16.2047],[95.3375,16.2],[95.3421,16.2012]],[[95.3121,16.1822],[95.3155,16.1786],[95.3167,16.1833],[95.3121,16.1822]],[[95.3212,16.1845],[95.3179,16.1881],[95.3167,16.1833],[95.3212,16.1845]],[[95.3167,16.1208],[95.325,16.1042],[95.3417,16.125],[95.3167,16.1208]],[[95.3155,16.1254],[95.3119,16.122],[95.3167,16.1208],[95.3155,16.1254]],[[95.3619,16.2137],[95.37,16.2134],[95.375,16.225],[95.3619,16.2137]],[[95.3454,16.2058],[95.3496,16.2062],[95.3485,16.2086],[95.3454,16.2058]],[[95.3288,16.1937],[95.3245,16.1933],[95.3278,16.1917],[95.3288,16.1937]],[[95.3625,16.175],[95.3659,16.1675],[95.3672,16.1738],[95.3625,16.175]],[[95.3509,16.145],[95.3533,16.1425],[95.3542,16.1458],[95.3509,16.145]],[[95.325,16.0875],[95.3333,16.0938],[95.325,16.1],[95.325,16.0875]]],[[[95.1697,16.1172],[95.2094,16.115],[95.1772,16.0856],[95.18,16.0289],[95.1291,16.0523],[95.1117,16.0281],[95.1011,15.9781],[95.0909,16.0494],[95.1172,16.0883],[95.1697,16.1172]]],[[[95.085,16.0711],[95.0925,16.0733],[95.08,16.0606],[95.085,16.0711]]],[[[93.2106,19.7152],[93.2063,19.7201],[93.206,19.7224],[93.2106,19.7152]]],[[[93.2006,19.739],[93.1999,19.7381],[93.1996,19.7394],[93.2006,19.739]]],[[[93.1889,19.743],[93.1868,19.744],[93.188,19.7447],[93.1889,19.743]]],[[[93.1889,19.7514],[93.1972,19.7459],[93.1967,19.7449],[93.1889,19.7514]]],[[[95.4785,17.3605],[95.5506,17.1757],[95.5208,17.1527],[95.5256,17.1179],[95.4869,17.0054],[95.5381,16.9574],[95.4958,16.9292],[95.45,16.9417],[95.4589,16.9613],[95.4254,16.9976],[95.4535,17.1313],[95.3866,17.216],[95.3368,17.216],[95.3,17.2479],[95.3179,17.2839],[95.3537,17.2813],[95.3456,17.2989],[95.3631,17.3116],[95.3506,17.3449],[95.4292,17.4208],[95.4785,17.3605]]],[[[93.1654,19.7991],[93.1733,19.7895],[93.1727,19.788],[93.1654,19.7991]]],[[[93.2571,19.8102],[93.2578,19.8046],[93.2552,19.8102],[93.2571,19.8102]]],[[[93.0357,20.0095],[93.0323,20.0099],[93.0325,20.016],[93.0357,20.0095]]],[[[93.5719,14.8481],[93.569,14.8486],[93.5696,14.8495],[93.5719,14.8481]]],[[[93.6425,14.9014],[93.6364,14.8743],[93.6119,14.8356],[93.6129,14.8737],[93.6425,14.9014]]],[[[92.8772,20.3061],[92.8797,20.3067],[92.8808,20.3053],[92.8772,20.3061]]],[[[93.0233,20.4242],[93.0258,20.4192],[93.0244,20.4169],[93.0233,20.4242]]],[[[92.7196,20.5706],[92.6965,20.5895],[92.698,20.6113],[92.7149,20.5994],[92.7196,20.5706]]],[[[93.0358,20.4252],[93.0956,20.5083],[93.0908,20.4956],[93.1097,20.4194],[93.0806,20.4175],[93.0744,20.4106],[93.0739,20.4003],[93.0808,20.3714],[93.035,20.3506],[93.0358,20.4252]]],[[[93.0714,20.5031],[93.0764,20.5044],[93.0692,20.4956],[93.0714,20.5031]]],[[[92.835,20.3878],[92.9067,20.3792],[92.9172,20.38],[92.9217,20.3925],[92.9406,20.3892],[92.9357,20.3702],[92.9469,20.3458],[92.9208,20.3272],[92.9203,20.3211],[92.9261,20.3158],[92.9031,20.3172],[92.8856,20.3028],[92.8775,20.3114],[92.8728,20.3106],[92.8664,20.3481],[92.835,20.3878]]],[[[92.7467,20.3344],[92.7403,20.3718],[92.754,20.4108],[92.7586,20.3889],[92.7467,20.3344]]],[[[88.0158,21.5817],[88.0209,21.567],[88.0167,21.5722],[88.0158,21.5817]]],[[[91.9986,21.6017],[91.9914,21.5992],[91.9964,21.6078],[91.9986,21.6017]]],[[[88.4983,21.5994],[88.5339,21.5781],[88.5314,21.5425],[88.5061,21.5411],[88.5117,21.5581],[88.5031,21.5653],[88.5042,21.5445],[88.4817,21.5547],[88.4983,21.5994]]],[[[88.1778,21.6008],[88.1889,21.5819],[88.1867,21.56],[88.1678,21.5917],[88.1778,21.6008]]],[[[88.835,21.6069],[88.8761,21.5922],[88.9036,21.5558],[88.8428,21.5539],[88.8283,21.5769],[88.835,21.6069]]],[[[91.99,21.6567],[91.985,21.6481],[91.9797,21.6547],[91.99,21.6567]]],[[[85.8621,20.4959],[85.8297,20.4886],[85.8171,20.5001],[85.8621,20.4959]]],[[[86.7986,20.7006],[86.7931,20.6792],[86.7892,20.6751],[86.7986,20.7006]]],[[[86.8783,20.6778],[86.8721,20.6727],[86.8783,20.6795],[86.8783,20.6778]]],[[[87.0162,20.7124],[87.0024,20.709],[87.0158,20.7222],[87.0162,20.7124]]],[[[87.006,20.7134],[87.0069,20.7187],[87.009,20.7202],[87.006,20.7134]]],[[[86.83,20.76],[86.9919,20.7711],[87.0069,20.7431],[87.0014,20.7158],[86.9287,20.7147],[86.8929,20.6951],[86.8592,20.6647],[86.8653,20.6789],[86.8569,20.6842],[86.8703,20.6928],[86.8853,20.7072],[86.8783,20.7331],[86.8839,20.7072],[86.8564,20.6861],[86.8535,20.6567],[86.842,20.6522],[86.8364,20.666],[86.8302,20.6725],[86.8167,20.677],[86.8035,20.6766],[86.7967,20.6725],[86.7954,20.6656],[86.7982,20.6635],[86.8059,20.6673],[86.8134,20.6624],[86.8191,20.6392],[86.8058,20.6453],[86.7738,20.6464],[86.8015,20.6834],[86.83,20.76]]],[[[87.0717,20.7427],[87.068,20.7378],[87.0718,20.7488],[87.0717,20.7427]]],[[[87.0543,20.7461],[87.0501,20.7426],[87.049,20.7438],[87.0543,20.7461]]],[[[87.0845,20.7644],[87.0921,20.7522],[87.0725,20.7541],[87.0845,20.7644]]],[[[86.9461,20.7867],[86.9437,20.7843],[86.9436,20.7853],[86.9461,20.7867]]],[[[86.9458,20.7917],[86.9599,20.7868],[86.9556,20.7844],[86.9395,20.7903],[86.9211,20.7906],[86.9208,20.7908],[86.9181,20.7911],[86.9178,20.7914],[86.9169,20.7914],[86.9167,20.7917],[86.9158,20.7917],[86.9149,20.7921],[86.9458,20.7917]]],[[[86.8739,20.775],[86.8778,20.7742],[86.8775,20.7728],[86.8739,20.775]]],[[[86.8655,20.7778],[86.8686,20.7794],[86.8717,20.7761],[86.8655,20.7778]]],[[[86.9817,20.7817],[86.9867,20.7786],[86.9806,20.7792],[86.9817,20.7817]]],[[[86.8653,20.7825],[86.9419,20.7797],[86.9515,20.7747],[86.8653,20.7825]]],[[[86.8036,20.4615],[86.8012,20.4612],[86.8028,20.4626],[86.8036,20.4615]]],[[[92.3339,20.5906],[92.3398,20.5806],[92.3376,20.5753],[92.3341,20.5759],[92.3339,20.5906]]],[[[86.8064,20.4908],[86.8094,20.4767],[86.8036,20.4636],[86.8008,20.4739],[86.8064,20.4908]]],[[[86.7904,20.37],[86.7958,20.3717],[86.7917,20.3653],[86.7904,20.37]]],[[[86.8036,20.42],[86.8149,20.4067],[86.8039,20.3714],[86.7997,20.3986],[86.8036,20.42]]],[[[86.7953,20.3934],[86.7878,20.4051],[86.7914,20.4292],[86.7953,20.3934]]],[[[86.7911,20.3764],[86.7971,20.3761],[86.7956,20.3742],[86.7911,20.3764]]],[[[86.7939,20.3842],[86.7911,20.3856],[86.7939,20.3875],[86.7939,20.3842]]],[[[92.3272,20.6328],[92.3321,20.6007],[92.3275,20.5895],[92.3144,20.6281],[92.3272,20.6328]]],[[[86.914,20.7923],[86.9006,20.7925],[86.8919,20.7943],[86.8931,20.7944],[86.914,20.7923]]],[[[87.0165,20.8007],[87.0057,20.8096],[87.0025,20.8322],[87.0186,20.8229],[87.0165,20.8007]]],[[[86.3161,21.0439],[86.3375,20.9896],[86.3298,20.9634],[86.3701,20.9492],[86.401,20.8799],[86.4412,20.8619],[86.4983,20.8712],[86.5191,20.892],[86.6083,20.8833],[86.679,20.7903],[86.7278,20.8215],[86.7343,20.8051],[86.7566,20.8121],[86.7872,20.7906],[86.8175,20.73],[86.7944,20.6972],[86.7869,20.6717],[86.7683,20.6481],[86.7557,20.6133],[86.7736,20.6453],[86.8159,20.6364],[86.8206,20.6396],[86.8141,20.6637],[86.8047,20.6692],[86.7965,20.6656],[86.8022,20.6752],[86.8285,20.6723],[86.8393,20.6534],[86.8451,20.6508],[86.9339,20.7107],[87.0,20.6953],[87.0451,20.7099],[86.8872,20.6061],[86.885,20.6164],[86.7922,20.5441],[86.7436,20.4686],[86.7383,20.4781],[86.7339,20.4792],[86.7294,20.4049],[86.7772,20.3942],[86.7642,20.3658],[86.785,20.3775],[86.7775,20.3606],[86.7778,20.3556],[86.79,20.3628],[86.735,20.3078],[86.6958,20.2958],[86.6835,20.3142],[86.6192,20.3324],[86.4389,20.3006],[86.4282,20.3138],[86.4702,20.3213],[86.4177,20.3416],[86.4104,20.3283],[86.4143,20.3446],[86.5595,20.3258],[86.6033,20.345],[86.5326,20.3756],[86.4875,20.3625],[86.3983,20.3663],[86.3608,20.3871],[86.2186,20.3797],[86.1833,20.4167],[86.1483,20.4288],[86.1292,20.4292],[86.1243,20.4008],[86.0994,20.4031],[86.0964,20.3702],[86.0441,20.4038],[86.0091,20.3953],[85.9563,20.4088],[85.9327,20.4366],[85.8566,20.4746],[85.7833,20.4875],[85.7833,20.5083],[85.8267,20.4857],[85.8995,20.4755],[85.9187,20.4917],[86.0309,20.442],[86.0951,20.4714],[86.1691,20.4538],[86.2941,20.4754],[86.3816,20.4663],[86.4983,20.408],[86.5191,20.4212],[86.5858,20.408],[86.6124,20.342],[86.6542,20.3342],[86.675,20.3708],[86.649,20.4035],[86.5592,20.4215],[86.5191,20.4621],[86.475,20.4667],[86.4358,20.4913],[86.4025,20.4871],[86.3733,20.5121],[86.3292,20.5042],[86.3054,20.5172],[86.2198,20.4744],[86.1405,20.5129],[86.1229,20.5005],[86.0875,20.5125],[86.0167,20.4708],[85.9183,20.5006],[85.9338,20.5132],[85.9168,20.5081],[85.8994,20.5855],[85.8714,20.6103],[85.8785,20.6658],[85.8083,20.6708],[85.8603,20.716],[85.8867,20.7174],[85.8494,20.8105],[85.7708,20.8417],[85.7613,20.8119],[85.7342,20.8131],[85.7327,20.8938],[85.6799,20.9216],[85.6661,20.9979],[85.6458,21.025],[85.6583,21.0348],[85.6589,21.098],[85.6801,21.1244],[85.7177,21.1244],[85.7375,21.1458],[85.7573,21.1452],[85.7784,21.1036],[85.8072,21.1086],[85.8792,21.0833],[85.8917,21.0542],[85.9375,21.0542],[85.98,21.1033],[86.05,21.1083],[86.0631,21.0551],[86.1008,21.0259],[86.1333,21.025],[86.125,20.9875],[86.2121,20.9282],[86.2167,20.8792],[86.2835,20.8137],[86.3274,20.8246],[86.3799,20.7677],[86.4896,20.7172],[86.5787,20.7465],[86.6333,20.725],[86.6794,20.7342],[86.679,20.786],[86.6333,20.7875],[86.5781,20.8494],[86.5243,20.8631],[86.4483,20.8455],[86.3858,20.867],[86.3478,20.8548],[86.3033,20.9035],[86.2792,20.9083],[86.292,21.01],[86.2608,21.0455],[86.2358,21.0413],[86.2087,21.06],[86.1953,21.1314],[86.1786,21.1447],[86.1964,21.1636],[86.1298,21.2177],[86.1676,21.341],[86.2111,21.3458],[86.2368,21.3157],[86.2424,21.2675],[86.2667,21.2563],[86.2379,21.2108],[86.25,21.0833],[86.3161,21.0439]],[[86.7542,20.5167],[86.7564,20.5131],[86.7589,20.5155],[86.7542,20.5167]],[[86.6749,20.3256],[86.6741,20.3286],[86.6681,20.3288],[86.6749,20.3256]]],[[[92.3622,20.9456],[92.36,20.9469],[92.3597,20.9478],[92.3622,20.9456]]],[[[92.2722,20.9203],[92.28,20.9208],[92.2869,20.9042],[92.2722,20.9203]]],[[[92.2808,20.9408],[92.2975,20.9294],[92.3,20.9189],[92.2844,20.93],[92.2808,20.9408]]],[[[92.2667,20.9847],[92.263,20.99],[92.2639,20.9917],[92.2667,20.9847]]],[[[92.2642,21.015],[92.2564,21.0319],[92.2581,21.0483],[92.2635,21.0401],[92.2642,21.015]]],[[[92.2597,21.0492],[92.2661,21.0438],[92.2642,21.0411],[92.2597,21.0492]]],[[[91.9937,21.7579],[92.0772,21.7536],[92.1408,21.7244],[92.1937,21.6298],[92.2458,21.6542],[92.2759,21.5965],[92.3705,21.5108],[92.3792,21.4792],[92.3426,21.4618],[92.3198,21.4173],[92.2679,21.4297],[92.2574,21.3629],[92.1964,21.3283],[92.226,21.2462],[92.2667,21.1958],[92.2875,21.0917],[92.3,21.0917],[92.2649,21.0543],[92.2661,21.0628],[92.26,21.0783],[92.2228,21.1322],[92.2272,21.1044],[92.2642,21.0631],[92.2514,21.0347],[92.262,20.9502],[92.272,20.9158],[92.32,20.8417],[92.3364,20.7411],[92.2278,20.9099],[92.1844,21.02],[92.0494,21.1792],[92.0478,21.2992],[92.0172,21.3683],[91.9505,21.4536],[91.9684,21.4749],[91.9684,21.4533],[91.9701,21.4503],[91.9747,21.4468],[91.9813,21.4503],[91.9701,21.4514],[91.9739,21.474],[92.0,21.5156],[92.0075,21.5008],[92.0131,21.5003],[91.9936,21.5778],[92.0194,21.6044],[92.0183,21.6125],[92.01,21.6267],[92.0403,21.6536],[92.0092,21.6278],[92.0187,21.6059],[92.0086,21.6011],[91.996,21.6469],[92.0208,21.6597],[91.9667,21.666],[91.9839,21.6948],[91.9663,21.6782],[91.9631,21.7199],[91.9937,21.7579]]],[[[92.9708,20.6083],[93.033,20.7017],[93.0202,20.788],[93.0423,20.8323],[93.0257,20.8383],[93.0202,20.9323],[93.0544,20.9425],[93.0417,20.9833],[93.0708,20.9917],[93.05,21.0625],[93.0792,21.0833],[93.1297,21.0821],[93.1333,20.9479],[93.1704,20.8104],[93.1589,20.7811],[93.1964,20.726],[93.195,20.6548],[93.1795,20.6476],[93.2035,20.5949],[93.2036,20.5093],[93.2167,20.5042],[93.1911,20.4674],[93.216,20.4052],[93.1619,20.3821],[93.1631,20.3645],[93.1767,20.3462],[93.2333,20.3375],[93.2167,20.2667],[93.2492,20.2534],[93.2551,20.191],[93.2973,20.2048],[93.3083,20.1917],[93.3036,20.147],[93.3496,20.0733],[93.3442,20.06],[93.289,20.0411],[93.2945,20.0745],[93.2703,20.0322],[93.2242,20.0281],[93.2028,20.0356],[93.1975,20.0693],[93.1692,20.0364],[93.1271,20.0858],[93.1039,20.065],[93.0767,20.1178],[93.0558,20.1325],[93.1264,20.2219],[93.0181,20.1367],[92.9921,20.1404],[93.0156,20.2717],[93.0242,20.2803],[93.0522,20.2822],[93.0722,20.2906],[93.0767,20.3031],[93.0292,20.2828],[93.0348,20.3297],[93.0965,20.3818],[93.0775,20.41],[93.1142,20.4203],[93.1014,20.4881],[93.1078,20.4931],[93.122,20.4865],[93.13,20.4889],[93.1417,20.5383],[93.1267,20.4881],[93.1136,20.4953],[93.0944,20.4928],[93.0967,20.5094],[93.0828,20.5158],[93.0833,20.5708],[93.0522,20.4772],[93.0244,20.4333],[93.0122,20.4644],[93.0417,20.4683],[93.0111,20.4658],[93.0222,20.4333],[93.0125,20.3053],[92.9713,20.2452],[92.9539,20.2281],[92.95,20.2317],[92.9479,20.2381],[92.9472,20.2381],[92.939,20.2079],[92.9157,20.1999],[92.9247,20.2369],[92.9189,20.245],[92.9167,20.2186],[92.8981,20.215],[92.9228,20.1911],[92.8967,20.1137],[92.8436,20.1358],[92.7612,20.202],[92.7925,20.2617],[92.8408,20.2524],[92.8102,20.2663],[92.8636,20.3009],[92.8905,20.2992],[92.9278,20.3122],[92.9228,20.3258],[92.9479,20.3434],[92.9447,20.3868],[92.9303,20.3953],[92.9222,20.3936],[92.9057,20.4236],[92.9297,20.4294],[92.9327,20.4327],[92.9324,20.4366],[92.8983,20.4871],[92.8894,20.4939],[92.9317,20.4336],[92.9031,20.4241],[92.9176,20.3838],[92.8403,20.3987],[92.843,20.4047],[92.8611,20.4045],[92.8711,20.412],[92.8406,20.4172],[92.8631,20.4083],[92.8419,20.4069],[92.8303,20.3867],[92.8664,20.3186],[92.8317,20.2894],[92.7897,20.2806],[92.7703,20.2945],[92.7675,20.4047],[92.7356,20.5178],[92.7436,20.5467],[92.7279,20.5786],[92.7419,20.5797],[92.7478,20.5833],[92.7514,20.5894],[92.7506,20.6014],[92.7261,20.6214],[92.7497,20.5931],[92.7279,20.5816],[92.7091,20.6118],[92.6828,20.6212],[92.6966,20.5854],[92.7203,20.565],[92.7009,20.5663],[92.7331,20.5581],[92.7228,20.4942],[92.7484,20.4159],[92.7317,20.3792],[92.7312,20.3175],[92.7468,20.2716],[92.7264,20.2664],[92.6156,20.4672],[92.5299,20.5489],[92.5142,20.6075],[92.4606,20.6608],[92.3861,20.7019],[92.3992,20.7097],[92.3361,20.8528],[92.3489,20.8544],[92.3558,20.8678],[92.3644,20.8622],[92.3678,20.8622],[92.3536,20.8689],[92.3339,20.8578],[92.3119,20.905],[92.3389,20.9161],[92.3492,20.9456],[92.3611,20.9384],[92.3644,20.9411],[92.3637,20.9453],[92.3492,20.9672],[92.3622,20.9406],[92.3492,20.9467],[92.3342,20.9144],[92.3128,20.9111],[92.3022,20.9308],[92.2756,20.9539],[92.2711,20.9975],[92.2839,20.9997],[92.2925,21.0053],[92.2714,21.0011],[92.2658,21.0272],[92.2889,21.0381],[92.3285,20.9952],[92.3341,21.0118],[92.3959,21.022],[92.3871,21.1399],[92.3453,21.2343],[92.3729,21.2703],[92.3867,21.2675],[92.3965,21.3117],[92.4417,21.3125],[92.4375,21.3667],[92.4993,21.3536],[92.5179,21.3881],[92.5583,21.3833],[92.6,21.2458],[92.6199,21.2507],[92.6176,21.2661],[92.6816,21.283],[92.7387,21.1953],[92.7827,21.1866],[92.8718,20.7827],[92.8866,20.7878],[92.9119,20.7647],[92.959,20.6134],[92.9708,20.6083]],[[93.0167,20.6375],[93.017,20.6225],[93.025,20.6167],[93.0167,20.6375]],[[93.0634,20.5882],[93.0699,20.591],[93.0625,20.5917],[93.0634,20.5882]],[[93.1912,20.0766],[93.1955,20.0771],[93.1943,20.0794],[93.1912,20.0766]]],[[[93.2781,20.04],[93.2808,20.0358],[93.2775,20.0372],[93.2781,20.04]]],[[[93.3514,20.0594],[93.3483,20.0536],[93.3497,20.0617],[93.3514,20.0594]]],[[[93.1236,20.0739],[93.2241,19.8515],[93.2491,19.818],[93.2217,19.8184],[93.1222,20.0589],[93.1117,20.0575],[93.1236,20.0739]]],[[[92.9208,20.0908],[92.92,20.0806],[92.9578,20.07],[92.9778,19.9958],[93.0202,19.9238],[93.0336,19.8793],[93.0258,19.8143],[93.0118,19.9024],[92.9144,20.0603],[92.9208,20.0908]]],[[[92.9758,20.1345],[92.9717,20.1359],[92.9719,20.138],[92.9758,20.1345]]],[[[92.5392,20.1981],[92.5378,20.1972],[92.5376,20.198],[92.5392,20.1981]]],[[[92.98,20.2414],[92.9717,20.1761],[92.9519,20.1797],[92.9442,20.2014],[92.98,20.2414]]],[[[92.7192,20.2361],[92.7244,20.2411],[92.725,20.2278],[92.7192,20.2361]]],[[[92.7467,20.2486],[92.7428,20.2403],[92.7403,20.24],[92.7467,20.2486]]],[[[92.7506,20.2281],[92.7431,20.2194],[92.7508,20.233],[92.7506,20.2281]]],[[[92.7308,20.2342],[92.7344,20.2242],[92.7347,20.2189],[92.7297,20.2236],[92.7308,20.2342]]],[[[92.9749,20.132],[93.0686,20.1222],[93.0894,20.0803],[93.1233,20.04],[93.1386,19.9967],[93.1031,19.9669],[93.1049,19.939],[93.1635,19.8038],[93.0507,19.9587],[93.0387,20.0142],[92.9778,20.0736],[92.9749,20.132]]],[[[92.9916,20.1353],[92.9869,20.1356],[92.9835,20.1399],[92.9916,20.1353]]],[[[90.2529,21.8315],[90.2498,21.8321],[90.2529,21.8326],[90.2529,21.8315]]],[[[89.2881,21.7725],[89.2865,21.7725],[89.2871,21.7732],[89.2881,21.7725]]],[[[88.2819,21.7686],[88.2808,21.7681],[88.2792,21.7697],[88.2819,21.7686]]],[[[88.2636,21.7924],[88.2874,21.7844],[88.2833,21.7694],[88.2636,21.7924]]],[[[88.1656,21.8019],[88.1741,21.7997],[88.1692,21.7906],[88.1656,21.8019]]],[[[89.5424,21.7872],[89.5358,21.775],[89.5382,21.7876],[89.5424,21.7872]]],[[[88.1853,21.7906],[88.1792,21.79],[88.1808,21.7958],[88.1853,21.7906]]],[[[89.2892,21.7844],[89.2877,21.7789],[89.2859,21.7885],[89.2892,21.7844]]],[[[88.5061,21.7847],[88.501,21.7818],[88.5064,21.7883],[88.5061,21.7847]]],[[[88.7536,21.7718],[88.7498,21.7701],[88.7649,21.7844],[88.7706,21.7995],[88.7756,21.8064],[88.7703,21.7895],[88.7536,21.7718]]],[[[88.7506,21.8142],[88.7461,21.7722],[88.7344,21.7794],[88.7283,21.7797],[88.7506,21.8142]]],[[[88.7756,21.8064],[88.7756,21.8064],[88.7756,21.8064],[88.7756,21.8064]]],[[[88.1778,21.8247],[88.1828,21.8233],[88.1856,21.8192],[88.1778,21.8247]]],[[[88.7786,21.8103],[88.7762,21.8162],[88.7797,21.8217],[88.7786,21.8103]]],[[[88.5925,21.8497],[88.618,21.8292],[88.6072,21.8158],[88.6142,21.7981],[88.5895,21.7983],[88.576,21.817],[88.5925,21.8497]]],[[[88.5561,21.8264],[88.56,21.8269],[88.5566,21.824],[88.5561,21.8264]]],[[[88.5205,21.8542],[88.5275,21.8433],[88.5242,21.835],[88.5158,21.8394],[88.5205,21.8542]]],[[[88.5408,21.8551],[88.5365,21.8537],[88.5416,21.8574],[88.5408,21.8551]]],[[[89.2871,21.8415],[89.291,21.8406],[89.2858,21.8408],[89.2871,21.8415]]],[[[88.7793,21.8564],[88.7756,21.8269],[88.7683,21.8269],[88.7711,21.8528],[88.7793,21.8564]]],[[[88.7289,21.6366],[88.7356,21.6111],[88.7572,21.599],[88.7481,21.591],[88.7469,21.5775],[88.7358,21.5717],[88.7072,21.5942],[88.7289,21.6366]]],[[[88.2047,21.7206],[88.2166,21.7005],[88.1983,21.6944],[88.1956,21.6819],[88.2041,21.6725],[88.2263,21.6702],[88.2317,21.6436],[88.2117,21.6208],[88.2119,21.6017],[88.1814,21.6861],[88.2047,21.7206]]],[[[88.3004,21.704],[88.3461,21.6886],[88.3581,21.6475],[88.3153,21.6081],[88.3158,21.6776],[88.3004,21.704]]],[[[88.5244,21.6532],[88.5875,21.6019],[88.5755,21.5742],[88.55,21.5636],[88.5369,21.587],[88.5429,21.5892],[88.5564,21.5991],[88.5567,21.6044],[88.5369,21.5884],[88.51,21.6022],[88.5244,21.6532]]],[[[88.7725,21.6525],[88.7822,21.5961],[88.7981,21.5917],[88.7519,21.5767],[88.7582,21.6],[88.7361,21.6124],[88.7296,21.6399],[88.7725,21.6525]]],[[[88.9661,21.6413],[88.9914,21.6436],[88.9925,21.6167],[88.9559,21.6176],[88.9397,21.6467],[88.9552,21.6771],[88.9616,21.6642],[88.962,21.6487],[88.9661,21.6413]]],[[[88.89,21.6545],[88.8939,21.6492],[88.889,21.6546],[88.89,21.6545]]],[[[88.9851,21.7055],[88.9879,21.653],[88.9964,21.649],[89.0228,21.654],[89.0223,21.6361],[89.0375,21.6181],[89.0288,21.6048],[89.0,21.6017],[88.9924,21.6441],[88.964,21.6457],[88.9633,21.663],[88.9508,21.7007],[88.9732,21.6974],[88.9851,21.7055]]],[[[88.5675,21.6905],[88.5858,21.6581],[88.6057,21.6244],[88.6022,21.6206],[88.554,21.6395],[88.5708,21.666],[88.5675,21.6905]]],[[[88.2216,21.762],[88.272,21.7544],[88.2621,21.7302],[88.3103,21.6764],[88.2883,21.6231],[88.2886,21.5978],[88.3061,21.5833],[88.2917,21.5631],[88.2483,21.5639],[88.2428,21.5967],[88.2164,21.6164],[88.2347,21.6354],[88.2333,21.6681],[88.1978,21.6892],[88.2204,21.7],[88.2216,21.762]]],[[[88.6394,21.6681],[88.6303,21.6492],[88.6398,21.6785],[88.6394,21.6681]]],[[[89.0594,21.7217],[89.095,21.644],[89.0516,21.6175],[89.0285,21.6353],[89.0247,21.6949],[89.022,21.7004],[89.0098,21.7049],[89.0594,21.7217]]],[[[88.6973,21.7126],[88.7074,21.6812],[88.7514,21.6487],[88.7229,21.6386],[88.687,21.6833],[88.6973,21.7126]]],[[[89.2313,21.6995],[89.2462,21.689],[89.295,21.6857],[89.2594,21.6575],[89.2122,21.6507],[89.2073,21.6658],[89.2313,21.6995]]],[[[88.5878,21.7014],[88.6063,21.68],[88.5885,21.6573],[88.5804,21.683],[88.5919,21.6906],[88.5878,21.7014]]],[[[88.8072,21.7061],[88.7969,21.6553],[88.7306,21.6847],[88.7583,21.6825],[88.8072,21.7061]]],[[[88.7652,21.699],[88.7626,21.7007],[88.7629,21.7037],[88.7652,21.699]]],[[[88.9786,21.7267],[88.9997,21.7153],[89.0205,21.7136],[89.0078,21.7071],[89.0242,21.6877],[89.0078,21.6522],[88.9901,21.6541],[88.9928,21.7],[88.9786,21.7267]]],[[[88.7862,21.7229],[88.7821,21.7271],[88.7849,21.7271],[88.7862,21.7229]]],[[[89.7196,21.7511],[89.7157,21.7497],[89.7199,21.7539],[89.7196,21.7511]]],[[[89.6448,21.7588],[89.649,21.7532],[89.6448,21.7517],[89.6448,21.7588]]],[[[89.6393,21.7543],[89.6404,21.7519],[89.6359,21.7521],[89.6393,21.7543]]],[[[88.3659,21.7642],[88.3597,21.7456],[88.3597,21.7345],[88.3653,21.7222],[88.3981,21.7133],[88.3606,21.6864],[88.3375,21.7108],[88.3489,21.7256],[88.3428,21.7544],[88.3659,21.7642]]],[[[88.1994,21.7278],[88.1959,21.7301],[88.2014,21.7367],[88.1994,21.7278]]],[[[88.536,21.7331],[88.56,21.7294],[88.5711,21.7322],[88.5907,21.6906],[88.5802,21.6847],[88.5699,21.7106],[88.5528,21.724],[88.543,21.7239],[88.5683,21.7098],[88.5742,21.694],[88.5627,21.7064],[88.5569,21.7064],[88.5528,21.7028],[88.5651,21.7029],[88.5692,21.6694],[88.5486,21.6364],[88.5296,21.6527],[88.5172,21.7114],[88.5292,21.7198],[88.536,21.7331]]],[[[88.8828,21.745],[88.9403,21.6953],[88.9208,21.6322],[88.8878,21.6581],[88.8731,21.6944],[88.8828,21.745]]],[[[88.8319,21.7658],[88.8653,21.7586],[88.8392,21.7069],[88.86,21.6372],[88.8442,21.627],[88.8428,21.6453],[88.8306,21.652],[88.8286,21.6506],[88.8458,21.62],[88.8089,21.6388],[88.8229,21.6604],[88.8209,21.7096],[88.7699,21.7041],[88.7878,21.7125],[88.7908,21.7492],[88.7976,21.747],[88.8089,21.7483],[88.8319,21.7658]]],[[[89.2645,21.7581],[89.288,21.7417],[89.2813,21.7057],[89.256,21.706],[89.2604,21.7169],[89.2585,21.7342],[89.257,21.7357],[89.2548,21.7051],[89.2641,21.7017],[89.2375,21.6954],[89.2198,21.7463],[89.2645,21.7581]]],[[[89.0057,21.7649],[89.0254,21.757],[89.0593,21.7259],[89.0174,21.7178],[89.0164,21.7324],[89.0016,21.75],[89.0057,21.7649]]],[[[88.9276,21.7619],[88.9689,21.7392],[88.9875,21.7447],[88.9694,21.7228],[88.9833,21.7058],[88.9502,21.7023],[88.9228,21.7197],[88.9276,21.7619]]],[[[88.717,21.8067],[88.7281,21.7778],[88.7593,21.7592],[88.7522,21.7486],[88.7528,21.7316],[88.7767,21.7211],[88.7483,21.7071],[88.7416,21.7183],[88.7359,21.7193],[88.7463,21.7062],[88.7586,21.7097],[88.7628,21.6929],[88.7291,21.6863],[88.7484,21.6586],[88.7111,21.6902],[88.695,21.7439],[88.717,21.8067]]],[[[88.7595,21.7436],[88.7545,21.7417],[88.7601,21.7451],[88.7595,21.7436]]],[[[88.2889,21.7785],[88.2973,21.7056],[88.278,21.7282],[88.2889,21.7785]]],[[[88.7789,21.7572],[88.7859,21.7359],[88.7654,21.7327],[88.7789,21.7572]]],[[[88.7595,21.753],[88.7547,21.745],[88.7565,21.7495],[88.7595,21.753]]],[[[88.5825,21.7775],[88.5856,21.7539],[88.6198,21.7383],[88.6164,21.7276],[88.5797,21.7258],[88.569,21.7692],[88.5825,21.7775]]],[[[88.61,21.79],[88.6308,21.7425],[88.6094,21.7083],[88.5988,21.7155],[88.6194,21.7256],[88.6231,21.7367],[88.5863,21.7566],[88.5912,21.7833],[88.61,21.79]]],[[[88.3855,21.7642],[88.3867,21.7407],[88.3624,21.7323],[88.3728,21.7636],[88.3855,21.7642]]],[[[88.1939,21.7633],[88.2022,21.7614],[88.1964,21.7575],[88.1939,21.7633]]],[[[88.9511,21.7578],[89.0116,21.7802],[88.9977,21.7714],[88.9967,21.7658],[89.0014,21.746],[89.0154,21.7257],[89.0043,21.7161],[88.9767,21.7286],[88.9887,21.7398],[88.9879,21.7466],[88.9687,21.7407],[88.9511,21.7578]]],[[[88.5462,21.8099],[88.5722,21.7878],[88.5619,21.77],[88.5725,21.7356],[88.5417,21.7377],[88.5344,21.7332],[88.5265,21.7192],[88.5194,21.7192],[88.5044,21.7574],[88.5255,21.7737],[88.5326,21.783],[88.5353,21.792],[88.5042,21.7708],[88.5462,21.8099]]],[[[89.6041,21.8009],[89.5855,21.7603],[89.6078,21.7203],[89.5689,21.7142],[89.5334,21.7691],[89.5537,21.7499],[89.5439,21.7866],[89.5561,21.801],[89.5302,21.8229],[89.5406,21.851],[89.6041,21.8009]]],[[[88.9902,21.79],[89.0165,21.812],[89.0237,21.7591],[89.014,21.766],[88.9988,21.7669],[89.0128,21.7798],[88.9902,21.79]]],[[[88.8217,21.8229],[88.8303,21.7667],[88.7908,21.75],[88.8217,21.8229]]],[[[89.2645,21.8329],[89.2835,21.7935],[89.2767,21.7945],[89.2634,21.7936],[89.2839,21.7914],[89.2878,21.7537],[89.2594,21.7611],[89.2186,21.7503],[89.1842,21.8035],[89.1975,21.8266],[89.2495,21.8163],[89.2645,21.8329]]],[[[88.9164,21.8253],[88.9372,21.8167],[88.9333,21.8144],[88.9278,21.8064],[88.9267,21.7983],[88.9178,21.7917],[88.9233,21.7881],[88.9114,21.7617],[88.9128,21.7553],[88.8978,21.7519],[88.9069,21.7942],[88.8958,21.7881],[88.8831,21.8081],[88.9164,21.8253]]],[[[88.9422,21.8464],[88.9539,21.8253],[88.9767,21.8206],[88.97,21.8028],[88.9542,21.8081],[88.9403,21.7931],[88.9404,21.7824],[88.9589,21.7708],[88.9214,21.7661],[88.9142,21.7556],[88.9389,21.8167],[88.9244,21.8358],[88.9328,21.8369],[88.9422,21.8464]]],[[[93.0294,13.5725],[93.045,13.5253],[93.0342,13.4664],[93.0186,13.4647],[93.0347,13.4353],[93.0211,13.4311],[93.0407,13.4264],[93.0453,13.4039],[93.0614,13.4211],[93.0597,13.3992],[93.0708,13.4061],[93.0526,13.3911],[93.0486,13.3744],[93.0448,13.377],[93.0413,13.3749],[93.0337,13.3754],[93.0283,13.3732],[93.0491,13.3739],[93.0553,13.3822],[93.0906,13.3359],[93.0658,13.3031],[93.06,13.3292],[93.0399,13.323],[93.0458,13.3461],[93.0417,13.3672],[93.0328,13.3453],[93.0033,13.3533],[92.9892,13.3303],[92.9694,13.3605],[92.9505,13.3439],[92.9735,13.3179],[93.0095,13.32],[93.0068,13.3093],[93.0219,13.2953],[93.0126,13.2952],[93.0125,13.2767],[93.0461,13.2819],[93.0458,13.2592],[93.0667,13.2725],[93.0322,13.1789],[93.0349,13.081],[93.0039,13.0286],[92.9658,13.035],[92.9746,13.0129],[92.9348,13.0428],[92.943,13.0547],[92.9367,13.0847],[92.9344,13.0607],[92.9149,13.0703],[92.8943,13.0565],[92.89,13.0517],[92.8879,13.0457],[92.9163,13.0541],[92.9017,13.0218],[92.9081,13.0],[92.9385,12.9713],[92.9127,12.9465],[92.9069,12.985],[92.897,12.995],[92.8823,12.9827],[92.8771,12.9444],[92.8578,12.935],[92.8544,12.9274],[92.8589,12.9034],[92.8763,12.9083],[92.8729,12.8832],[92.8417,12.8766],[92.8428,12.8919],[92.83,12.8862],[92.7942,12.9144],[92.7941,12.9856],[92.8183,12.9868],[92.8087,12.9978],[92.8251,13.0127],[92.7883,13.0192],[92.7967,13.0894],[92.8103,13.0753],[92.8078,13.0994],[92.8222,13.0964],[92.81,13.1269],[92.8475,13.1392],[92.8097,13.1531],[92.8153,13.1744],[92.8356,13.1739],[92.8189,13.1839],[92.8278,13.2367],[92.8497,13.2392],[92.8544,13.2572],[92.8225,13.2772],[92.8422,13.3019],[92.8217,13.3097],[92.8394,13.3747],[92.8669,13.3856],[92.8431,13.4022],[92.8678,13.4022],[92.8842,13.4297],[92.8717,13.4714],[92.9294,13.5017],[92.9175,13.5364],[92.9647,13.5444],[92.9889,13.5278],[92.9878,13.5731],[93.0101,13.542],[93.0161,13.5706],[93.0294,13.5725]]],[[[93.0383,13.3414],[93.0367,13.3428],[93.038,13.3439],[93.0383,13.3414]]],[[[92.8119,13.4059],[92.8189,13.4164],[92.815,13.4031],[92.8119,13.4059]]],[[[92.8742,13.5406],[92.8786,13.5372],[92.8756,13.5347],[92.8742,13.5406]]],[[[92.8668,13.5093],[92.8747,13.5044],[92.8711,13.5019],[92.8668,13.5093]]],[[[93.0762,13.3668],[93.0781,13.3631],[93.0739,13.3658],[93.0762,13.3668]]],[[[93.0835,13.368],[93.081,13.3681],[93.0825,13.37],[93.0835,13.368]]],[[[93.0638,13.3851],[93.0616,13.3853],[93.0636,13.3868],[93.0638,13.3851]]],[[[92.865,13.4119],[92.8675,13.4125],[92.8675,13.4116],[92.865,13.4119]]],[[[92.8433,13.44],[92.8419,13.4258],[92.822,13.4208],[92.8217,13.4367],[92.8433,13.44]]],[[[92.9069,13.5369],[92.9117,13.5325],[92.9056,13.5308],[92.9069,13.5369]]],[[[94.2733,13.4642],[94.275,13.4406],[94.2558,13.4303],[94.2494,13.4462],[94.2733,13.4642]]],[[[93.0989,13.4306],[93.1031,13.4347],[93.1042,13.4299],[93.0989,13.4306]]],[[[92.9153,13.5136],[92.9214,13.5128],[92.9139,13.5075],[92.9153,13.5136]]],[[[93.0871,13.4158],[93.0915,13.4103],[93.0886,13.4102],[93.0871,13.4158]]],[[[93.0727,13.4311],[93.0719,13.4136],[93.069,13.4133],[93.0727,13.4311]]],[[[92.8814,13.5828],[92.9036,13.5964],[92.8853,13.5742],[92.8814,13.5828]]],[[[93.0078,13.5564],[93.0056,13.5569],[93.0062,13.56],[93.0078,13.5564]]],[[[93.0522,13.5647],[93.0574,13.5624],[93.0539,13.5597],[93.0522,13.5647]]],[[[92.5507,11.3946],[92.546,11.396],[92.5504,11.3972],[92.5507,11.3946]]],[[[92.5627,11.3937],[92.5564,11.3952],[92.5627,11.3972],[92.5627,11.3937]]],[[[97.9882,11.3992],[97.9995,11.4134],[97.9997,11.3859],[97.9882,11.3992]]],[[[92.632,11.5145],[92.6686,11.49],[92.6858,11.4366],[92.6493,11.4072],[92.6935,11.3874],[92.6909,11.3703],[92.6645,11.3522],[92.6003,11.3465],[92.5812,11.3667],[92.5871,11.4005],[92.6229,11.4053],[92.6136,11.4742],[92.632,11.5145]]],[[[92.2733,11.5165],[92.2721,11.5183],[92.2736,11.5175],[92.2733,11.5165]]],[[[92.2073,11.5853],[92.2707,11.5841],[92.2698,11.5225],[92.2145,11.5295],[92.2073,11.5853]]],[[[97.9997,11.4408],[97.975,11.4403],[97.9686,11.4492],[97.9953,11.4572],[97.9997,11.4408]]],[[[97.9867,11.4661],[97.9889,11.4642],[97.9856,11.4642],[97.9867,11.4661]]],[[[92.6724,11.489],[92.6706,11.4876],[92.6702,11.4888],[92.6724,11.489]]],[[[92.6161,11.5105],[92.6098,11.507],[92.6159,11.5115],[92.6161,11.5105]]],[[[92.646,11.5141],[92.6441,11.5145],[92.6457,11.5154],[92.646,11.5141]]],[[[97.9256,11.5147],[97.9283,11.5103],[97.9261,11.5097],[97.9256,11.5147]]],[[[97.907,11.5161],[97.9048,11.5141],[97.9037,11.5148],[97.907,11.5161]]],[[[92.6024,11.5382],[92.6064,11.5345],[92.6065,11.5219],[92.6024,11.5382]]],[[[97.9292,11.5172],[97.9331,11.5183],[97.9297,11.5164],[97.9292,11.5172]]],[[[92.5527,11.531],[92.5691,11.5274],[92.5664,11.517],[92.5527,11.531]]],[[[92.701,12.2353],[92.7037,12.1654],[92.7575,12.1764],[92.7362,12.1066],[92.7353,12.0653],[92.7423,12.0734],[92.7522,12.0547],[92.7836,12.0469],[92.7786,12.0242],[92.7619,12.0206],[92.7392,12.0409],[92.7366,12.0159],[92.7688,11.999],[92.743,11.9936],[92.7572,11.9884],[92.7484,11.9776],[92.7346,11.9771],[92.7388,11.9973],[92.7281,11.9948],[92.7329,11.9695],[92.719,11.9615],[92.7144,11.933],[92.7253,11.9274],[92.7244,11.8509],[92.707,11.8164],[92.6801,11.8186],[92.6925,11.8088],[92.7102,11.8145],[92.7182,11.8245],[92.7318,11.8571],[92.7361,11.9131],[92.7301,11.8337],[92.7157,11.8121],[92.7025,11.8071],[92.7181,11.8105],[92.7338,11.8315],[92.756,11.9234],[92.7463,11.9318],[92.7845,11.9361],[92.7886,11.9012],[92.7551,11.7011],[92.7435,11.7128],[92.7407,11.6901],[92.7019,11.7071],[92.7082,11.6701],[92.6662,11.6539],[92.6737,11.6252],[92.6877,11.6406],[92.6946,11.6227],[92.6951,11.6529],[92.7118,11.6438],[92.7298,11.6592],[92.7161,11.6648],[92.7215,11.6863],[92.7567,11.6651],[92.7113,11.4773],[92.6991,11.5065],[92.6676,11.5039],[92.6469,11.522],[92.6473,11.5724],[92.6332,11.5792],[92.6179,11.5628],[92.6203,11.5736],[92.6191,11.5827],[92.6074,11.5948],[92.6082,11.6197],[92.6361,11.6156],[92.6444,11.6363],[92.6318,11.6509],[92.631,11.6283],[92.6081,11.6356],[92.5881,11.7179],[92.5616,11.6948],[92.5464,11.8349],[92.523,11.8256],[92.5135,11.848],[92.5624,11.9465],[92.5868,11.8875],[92.6016,11.8972],[92.6003,11.8671],[92.6042,11.8582],[92.611,11.8713],[92.6236,12.1028],[92.6359,12.1205],[92.662,12.2155],[92.6551,12.1817],[92.701,12.2353]]],[[[88.2631,22.6838],[88.1468,22.5534],[88.1589,22.5241],[88.1375,22.4792],[88.0634,22.5131],[88.0367,22.6118],[88.0167,22.6125],[88.0174,22.6294],[88.0459,22.6385],[88.0327,22.6752],[88.0375,22.8083],[88.0174,22.8176],[88.0214,22.8591],[88.0083,22.8708],[88.0256,22.9257],[88.0006,22.9603],[87.9917,23.0146],[88.0125,23.0375],[88.0619,22.9314],[88.0672,22.8603],[88.1282,22.8246],[88.1967,22.7425],[88.2406,22.7243],[88.2631,22.6838]]],[[[89.3915,22.6163],[89.4006,22.6337],[89.3989,22.662],[89.4076,22.6406],[89.3915,22.6163]]],[[[89.5042,22.7917],[89.5253,22.7411],[89.5039,22.7684],[89.4863,22.7714],[89.4707,22.7699],[89.4601,22.7378],[89.4676,22.7079],[89.4577,22.7086],[89.4307,22.6746],[89.4269,22.6553],[89.4287,22.6459],[89.4108,22.645],[89.4017,22.6624],[89.4242,22.6674],[89.4628,22.7698],[89.45,22.775],[89.4633,22.791],[89.5042,22.7917]]],[[[90.3846,22.4959],[90.43,22.4945],[90.4397,22.4639],[90.4308,22.4589],[90.4189,22.4786],[90.3846,22.4959]]],[[[90.3919,22.5428],[90.3714,22.5323],[90.3825,22.4894],[90.3561,22.4961],[90.3658,22.5186],[90.3606,22.5237],[90.3472,22.5261],[90.3547,22.5397],[90.3531,22.5458],[90.3375,22.5467],[90.3625,22.5736],[90.3604,22.5912],[90.3919,22.5428]]],[[[88.6605,23.4504],[88.7169,23.3342],[88.6965,23.33],[88.6952,23.3448],[88.6741,23.3411],[88.6573,23.358],[88.624,23.3131],[88.6083,23.3125],[88.6413,23.2483],[88.6203,23.2137],[88.6368,23.2074],[88.6283,23.1759],[88.6083,23.15],[88.5826,23.1631],[88.5667,23.1527],[88.5827,23.1051],[88.5688,23.084],[88.5285,23.0782],[88.5408,23.0385],[88.4966,22.9991],[88.4951,22.9799],[88.4375,22.9792],[88.4203,22.9466],[88.4561,22.8881],[88.528,22.8953],[88.549,22.9172],[88.5708,22.9167],[88.5663,22.8725],[88.5381,22.8574],[88.5506,22.8116],[88.5375,22.7708],[88.5,22.7708],[88.5,22.725],[88.4757,22.7241],[88.4215,22.6522],[88.4199,22.5914],[88.4,22.5875],[88.3579,22.5176],[88.3301,22.5119],[88.3083,22.4833],[88.2759,22.5035],[88.2465,22.574],[88.2762,22.6087],[88.2956,22.597],[88.2967,22.6408],[88.3173,22.6473],[88.2997,22.6991],[88.3201,22.7007],[88.3169,22.7408],[88.2969,22.7424],[88.2743,22.7752],[88.2833,22.7917],[88.3155,22.7746],[88.3542,22.8],[88.3545,22.8434],[88.3292,22.8958],[88.3571,22.9215],[88.3625,22.9583],[88.3247,22.9761],[88.3243,23.0116],[88.2619,23.0696],[88.2886,23.1003],[88.3449,23.0881],[88.3922,23.1057],[88.4093,23.141],[88.4386,23.1289],[88.5285,23.1759],[88.5407,23.2117],[88.4593,23.2494],[88.438,23.2813],[88.4616,23.2882],[88.4578,23.3423],[88.5012,23.3839],[88.5333,23.3583],[88.5799,23.4449],[88.6368,23.4286],[88.6605,23.4504]],[[88.4335,22.8212],[88.4465,22.8211],[88.4512,22.8089],[88.4375,22.8184],[88.4248,22.8038],[88.4205,22.7853],[88.4362,22.7785],[88.4566,22.8115],[88.4539,22.83],[88.4335,22.8212]]],[[[89.3875,22.5792],[89.3897,22.58],[89.3906,22.5789],[89.3875,22.5792]]],[[[89.4906,22.5769],[89.48,22.5406],[89.493,22.5231],[89.4907,22.4992],[89.484,22.5039],[89.4807,22.5019],[89.4813,22.4889],[89.4839,22.48],[89.4693,22.4776],[89.4598,22.4709],[89.4535,22.4379],[89.4553,22.4333],[89.4622,22.4297],[89.4522,22.4264],[89.4503,22.4228],[89.4611,22.4047],[89.4353,22.4197],[89.4225,22.5089],[89.4339,22.5119],[89.4433,22.5217],[89.4591,22.5594],[89.4572,22.5664],[89.4722,22.5667],[89.4906,22.5769]]],[[[89.496,22.6422],[89.5254,22.602],[89.5177,22.5968],[89.5144,22.5842],[89.4985,22.5715],[89.4903,22.5793],[89.4558,22.5669],[89.4419,22.5244],[89.4208,22.5153],[89.4119,22.5239],[89.4272,22.5506],[89.4036,22.5772],[89.4383,22.6011],[89.4601,22.6237],[89.4614,22.6294],[89.4567,22.6355],[89.4584,22.6444],[89.496,22.6422]]],[[[89.3897,22.5911],[89.3879,22.5983],[89.3884,22.5988],[89.3897,22.5911]]],[[[89.4103,22.637],[89.4199,22.6212],[89.3989,22.5781],[89.3915,22.6146],[89.4103,22.637]]],[[[89.4727,22.7688],[89.5217,22.7425],[89.5203,22.6303],[89.4815,22.6501],[89.4577,22.646],[89.4553,22.6353],[89.4596,22.6256],[89.4089,22.5856],[89.4222,22.6211],[89.4141,22.6413],[89.4305,22.6436],[89.4328,22.6736],[89.4689,22.7065],[89.4617,22.739],[89.4727,22.7688]]],[[[89.7082,22.091],[89.7081,22.0914],[89.7082,22.0922],[89.7082,22.091]]],[[[88.6904,22.0811],[88.689,22.0811],[88.689,22.0819],[88.6904,22.0811]]],[[[88.7223,22.0986],[88.7059,22.0897],[88.6929,22.0781],[88.692,22.0855],[88.7223,22.0986]]],[[[89.1401,21.9578],[89.1402,21.9581],[89.1406,21.9589],[89.1401,21.9578]]],[[[90.0239,22.0553],[90.0203,22.06],[90.0231,22.0608],[90.0239,22.0553]]],[[[90.0197,22.0625],[90.0181,22.0633],[90.0197,22.0636],[90.0197,22.0625]]],[[[90.0144,22.0611],[90.0126,22.0628],[90.0164,22.0625],[90.0144,22.0611]]],[[[89.0056,21.9778],[89.0043,21.9786],[89.0071,21.981],[89.0056,21.9778]]],[[[88.9975,21.9811],[88.9916,21.982],[88.9889,21.9863],[88.9975,21.9811]]],[[[89.0178,21.9823],[89.0176,21.9804],[89.0164,21.9823],[89.0178,21.9823]]],[[[88.981,21.9918],[88.9792,21.99],[88.9756,21.9914],[88.981,21.9918]]],[[[88.7314,22.0452],[88.734,22.0423],[88.7309,22.0452],[88.7314,22.0452]]],[[[88.7583,22.0071],[88.7528,21.9883],[88.7426,21.9837],[88.7583,22.0071]]],[[[88.9025,22.0447],[88.8917,22.0147],[88.852,22.0417],[88.8902,22.0458],[88.892,22.0493],[88.8864,22.0578],[88.9025,22.0447]]],[[[88.7515,22.0507],[88.7757,22.0497],[88.7789,22.0372],[88.791,22.0294],[88.7617,22.0214],[88.7515,22.0507]]],[[[88.6322,22.0617],[88.63,22.0517],[88.6286,22.062],[88.6322,22.0617]]],[[[88.7945,22.0542],[88.8314,22.0502],[88.8322,22.0272],[88.7802,22.0378],[88.7876,22.0596],[88.7945,22.0542]]],[[[88.8529,22.0788],[88.8683,22.0697],[88.8702,22.0631],[88.8903,22.0478],[88.854,22.0446],[88.85,22.041],[88.8592,22.0256],[88.836,22.0254],[88.8456,22.0617],[88.8325,22.0517],[88.82,22.0642],[88.8344,22.0639],[88.8529,22.0788]]],[[[88.8972,22.0892],[88.8909,22.0604],[88.871,22.0644],[88.8702,22.0869],[88.8814,22.0839],[88.8972,22.0892]]],[[[89.1992,22.1775],[89.2189,22.1709],[89.2095,22.1645],[89.2047,22.1467],[89.1892,22.1525],[89.191,22.1349],[89.2453,22.0572],[89.205,22.0022],[89.1869,22.0244],[89.1719,22.0261],[89.1661,22.0413],[89.1872,22.068],[89.1571,22.0872],[89.1718,22.0801],[89.1775,22.0817],[89.1933,22.1188],[89.1892,22.1232],[89.1738,22.1235],[89.1688,22.146],[89.1617,22.1522],[89.144,22.1532],[89.1417,22.1582],[89.1746,22.1535],[89.1965,22.1635],[89.1926,22.1881],[89.1992,22.1775]]],[[[88.9507,22.1892],[88.9849,22.1485],[88.9805,22.1329],[88.97,22.1563],[88.9632,22.1601],[88.9533,22.1575],[88.9783,22.1315],[88.9861,22.135],[88.9692,22.0828],[88.956,22.1018],[88.9505,22.1042],[88.9669,22.0786],[88.9246,22.0646],[88.9381,21.9966],[88.9216,21.9786],[88.9014,22.0653],[88.9307,22.0981],[88.9232,22.1229],[88.9309,22.1226],[88.9403,22.128],[88.9365,22.1428],[88.9383,22.1269],[88.9132,22.13],[88.8934,22.1667],[88.9197,22.1611],[88.9507,22.1892]]],[[[88.8038,22.0849],[88.815,22.0806],[88.8278,22.086],[88.8362,22.0663],[88.8052,22.0657],[88.7942,22.0557],[88.7872,22.0722],[88.7812,22.0484],[88.7484,22.0574],[88.7838,22.1069],[88.7993,22.1079],[88.7982,22.0991],[88.8038,22.0849]]],[[[88.7987,22.1109],[88.8457,22.1194],[88.8492,22.104],[88.8679,22.085],[88.8384,22.0902],[88.8675,22.0825],[88.8512,22.0794],[88.8381,22.0731],[88.8192,22.1044],[88.8253,22.0873],[88.8059,22.0848],[88.7987,22.1109]]],[[[89.3356,21.7869],[89.31,21.851],[89.3657,21.8836],[89.3372,21.8162],[89.3356,21.7869]]],[[[88.9793,21.8934],[89.0289,21.8658],[89.0248,21.8492],[88.9981,21.8711],[88.9892,21.8681],[89.03,21.8345],[88.9942,21.8142],[88.9705,21.7751],[88.9428,21.7865],[88.9766,21.8051],[88.9779,21.8235],[88.9503,21.8381],[88.9791,21.8674],[88.9793,21.8934]]],[[[88.7914,21.8642],[88.7989,21.8708],[88.803,21.8672],[88.8297,21.8622],[88.8066,21.8038],[88.7874,21.8639],[88.7914,21.8642]]],[[[88.6219,21.8975],[88.6333,21.8697],[88.6535,21.8677],[88.6389,21.7847],[88.6119,21.8167],[88.6211,21.8314],[88.5947,21.8544],[88.6219,21.8975]]],[[[88.7183,21.9069],[88.7806,21.8594],[88.7686,21.8525],[88.7639,21.8286],[88.7772,21.8217],[88.7578,21.7811],[88.7517,21.8153],[88.7258,21.7944],[88.7183,21.8081],[88.7075,21.8114],[88.705,21.8278],[88.7125,21.8253],[88.7167,21.8261],[88.7281,21.8375],[88.7044,21.8294],[88.7025,21.8242],[88.6967,21.8381],[88.7175,21.8556],[88.6969,21.8486],[88.7183,21.9069]]],[[[90.1025,21.8795],[90.1036,21.8784],[90.1019,21.8781],[90.1025,21.8795]]],[[[90.301,21.9522],[90.2583,21.8408],[90.2215,21.8116],[90.1601,21.8017],[90.0855,21.8398],[90.0887,21.8621],[90.1063,21.8532],[90.1179,21.8986],[90.149,21.8918],[90.1741,21.9081],[90.1816,21.9264],[90.189,21.9279],[90.1949,21.9325],[90.2109,21.953],[90.2559,21.9509],[90.2934,21.9905],[90.301,21.9522]]],[[[90.2124,21.9833],[90.2332,21.9575],[90.2107,21.9547],[90.197,21.9469],[90.1465,21.8952],[90.1187,21.904],[90.1172,21.9239],[90.1469,21.9293],[90.1373,21.9561],[90.1594,21.9812],[90.1732,21.9749],[90.2124,21.9833]]],[[[90.0286,21.9455],[90.0267,21.9452],[90.0303,21.9485],[90.0286,21.9455]]],[[[88.1128,21.9106],[88.1093,21.8839],[88.1044,21.8978],[88.1128,21.9106]]],[[[88.1373,21.8951],[88.1359,21.8953],[88.1386,21.8981],[88.1373,21.8951]]],[[[89.6468,21.8942],[89.6615,21.8679],[89.6507,21.8556],[89.6326,21.8745],[89.6468,21.8942]]],[[[88.5412,21.9026],[88.5764,21.8886],[88.5727,21.8584],[88.551,21.8173],[88.5306,21.8492],[88.5425,21.8556],[88.5503,21.881],[88.5489,21.8922],[88.5412,21.9026]]],[[[88.7781,21.8683],[88.7829,21.8604],[88.7819,21.8594],[88.7769,21.8653],[88.7781,21.8683]]],[[[89.335,21.8684],[89.3254,21.8633],[89.3202,21.8628],[89.335,21.8684]]],[[[88.8491,21.9118],[88.8901,21.9147],[88.9152,21.9282],[88.9739,21.8978],[88.9767,21.8675],[88.9556,21.8539],[88.9589,21.8697],[88.9494,21.8867],[88.9433,21.8847],[88.9569,21.8697],[88.9472,21.8406],[88.9392,21.8536],[88.9178,21.8606],[88.915,21.8808],[88.9069,21.8789],[88.9217,21.8539],[88.9392,21.85],[88.9228,21.8356],[88.9231,21.8244],[88.9136,21.8272],[88.888,21.8122],[88.8781,21.8539],[88.8572,21.8586],[88.8611,21.865],[88.8542,21.8894],[88.8196,21.9282],[88.8491,21.9118]]],[[[88.5853,21.8709],[88.5811,21.8725],[88.5847,21.8766],[88.5853,21.8709]]],[[[88.7778,21.8697],[88.7758,21.87],[88.7744,21.8735],[88.7778,21.8697]]],[[[88.7832,21.8729],[88.7925,21.8739],[88.7869,21.8689],[88.7832,21.8729]]],[[[89.3467,21.8751],[89.3287,21.872],[89.3508,21.8816],[89.3467,21.8751]]],[[[88.7522,21.8911],[88.7508,21.8886],[88.7503,21.8918],[88.7522,21.8911]]],[[[88.6403,21.9214],[88.6675,21.9117],[88.6528,21.8733],[88.6345,21.8706],[88.6234,21.9014],[88.6403,21.9214]]],[[[88.7645,21.8797],[88.7583,21.88],[88.7575,21.8862],[88.7645,21.8797]]],[[[88.8114,21.8964],[88.8408,21.8869],[88.8294,21.8647],[88.8003,21.8706],[88.8092,21.8833],[88.8114,21.8964]]],[[[88.135,21.9264],[88.1446,21.9153],[88.1294,21.8989],[88.1161,21.9183],[88.135,21.9264]]],[[[90.0258,21.9206],[90.0228,21.9193],[90.0236,21.9214],[90.0258,21.9206]]],[[[89.5451,21.9606],[89.5682,21.9347],[89.5662,21.9247],[89.5527,21.9014],[89.5457,21.8789],[89.5429,21.8778],[89.5451,21.9606]]],[[[89.3483,21.9434],[89.3609,21.9003],[89.3222,21.8781],[89.2952,21.8188],[89.2807,21.8347],[89.2958,21.842],[89.3077,21.8701],[89.291,21.8792],[89.321,21.9173],[89.3163,21.9221],[89.2996,21.9287],[89.29,21.9394],[89.3026,21.9722],[89.3006,21.9821],[89.2881,21.9885],[89.2973,21.9913],[89.3041,21.9976],[89.3066,21.9966],[89.3483,21.9434]]],[[[88.7242,21.9314],[88.7361,21.9181],[88.7994,21.9197],[88.8142,21.9028],[88.8086,21.8953],[88.8081,21.8844],[88.7875,21.865],[88.7933,21.8728],[88.7925,21.8781],[88.7657,21.8952],[88.7247,21.9028],[88.7242,21.9314]]],[[[88.505,21.9125],[88.4903,21.8894],[88.4769,21.8983],[88.4886,21.9103],[88.505,21.9125]]],[[[89.1786,22.0206],[89.1959,22.0017],[89.2419,21.9851],[89.2034,21.9617],[89.2095,21.9367],[89.2856,21.905],[89.2696,21.8843],[89.2476,21.887],[89.2679,21.8823],[89.2742,21.8556],[89.2488,21.8181],[89.1988,21.8281],[89.216,21.9174],[89.1813,21.9256],[89.183,21.9324],[89.1819,21.9356],[89.1782,21.9384],[89.1686,21.9411],[89.1812,21.9298],[89.1599,21.9275],[89.149,21.9462],[89.1786,22.0206]]],[[[88.1597,21.9286],[88.1717,21.9292],[88.1653,21.9161],[88.1597,21.9286]]],[[[89.169,22.0662],[89.1459,22.0392],[89.1625,21.9937],[89.1306,21.9486],[89.1449,21.9163],[89.2015,21.9115],[89.1826,21.8334],[89.1624,21.8627],[89.1587,21.8636],[89.1508,21.8613],[89.1502,21.8658],[89.1546,21.8694],[89.1547,21.8732],[89.1437,21.8802],[89.1509,21.8592],[89.1787,21.8383],[89.1685,21.8034],[89.1489,21.7943],[89.099,21.8134],[89.1178,21.8173],[89.1203,21.8225],[89.1152,21.8414],[89.131,21.8487],[89.1272,21.888],[89.1296,21.8489],[89.1136,21.8416],[89.1148,21.8172],[89.0793,21.9058],[89.083,21.9246],[89.0954,21.9208],[89.0832,21.927],[89.0906,21.9476],[89.0971,21.9384],[89.1058,21.9419],[89.1165,21.9516],[89.1071,21.9758],[89.1205,21.9794],[89.1309,21.9982],[89.1326,22.0082],[89.1273,22.0272],[89.1161,22.0292],[89.1253,22.0478],[89.1289,22.0595],[89.1489,22.0766],[89.169,22.0662]]],[[[89.1482,21.9286],[89.1416,21.9376],[89.14,21.9572],[89.1413,21.9453],[89.1482,21.9286]]],[[[88.7459,21.9797],[88.7507,21.9549],[88.7758,21.9415],[88.7865,21.9527],[88.7889,21.9407],[88.8058,21.9365],[88.7994,21.9259],[88.7333,21.9247],[88.7237,21.9738],[88.7459,21.9797]]],[[[88.9994,21.9501],[89.0043,21.9441],[89.001,21.9474],[88.9997,21.9491],[88.9994,21.9501]]],[[[88.6605,22.0189],[88.7158,22.0006],[88.6931,21.9698],[88.6864,21.9735],[88.6929,21.9841],[88.6901,21.9895],[88.6867,21.9911],[88.6848,21.9741],[88.6947,21.9614],[88.6678,21.9533],[88.6881,21.9528],[88.6782,21.9429],[88.6286,21.958],[88.6349,21.996],[88.6605,22.0189]]],[[[89.636,22.0967],[89.6488,22.0977],[89.6459,22.0707],[89.6663,22.0554],[89.6562,22.0516],[89.6519,22.0372],[89.6544,22.0041],[89.6404,21.9924],[89.6273,22.004],[89.6203,22.0],[89.6246,21.9793],[89.6443,21.9829],[89.6432,21.962],[89.5878,21.95],[89.5628,21.9739],[89.5888,21.9865],[89.6047,22.0022],[89.6078,22.0086],[89.6078,22.0183],[89.5981,22.0286],[89.6011,21.9996],[89.5617,21.9748],[89.5825,21.9522],[89.5675,21.9419],[89.5476,21.9615],[89.5731,22.053],[89.5951,22.0874],[89.5987,22.0853],[89.6271,22.0948],[89.6288,22.1002],[89.636,22.0967]]],[[[89.6105,22.1591],[89.6577,22.1363],[89.6646,22.1367],[89.6711,22.1427],[89.6749,22.1406],[89.6634,22.1002],[89.6681,22.0953],[89.6823,22.0956],[89.6664,22.0875],[89.6701,22.0781],[89.6811,22.0668],[89.6719,22.0517],[89.6989,22.0326],[89.6761,21.9872],[89.6769,21.9228],[89.6571,21.9027],[89.6284,21.9452],[89.6453,21.9605],[89.6479,21.982],[89.6409,21.9857],[89.6264,21.9816],[89.6233,22.0],[89.6415,21.991],[89.6558,22.0033],[89.6677,22.0553],[89.647,22.0714],[89.6514,22.0825],[89.6488,22.0994],[89.6284,22.1014],[89.5972,22.0875],[89.613,22.1475],[89.6105,22.1591]]],[[[89.225,22.0931],[89.261,22.0809],[89.2943,22.0852],[89.2767,22.0584],[89.3055,21.9993],[89.2988,21.9933],[89.2884,21.9896],[89.2862,21.987],[89.3014,21.9725],[89.2892,21.939],[89.2987,21.9277],[89.3195,21.9175],[89.29,21.8806],[89.2914,21.8761],[89.3065,21.8696],[89.2927,21.8414],[89.2767,21.8747],[89.2933,21.9117],[89.2772,21.9258],[89.2696,21.9285],[89.2695,21.939],[89.2623,21.9432],[89.268,21.9283],[89.2784,21.9204],[89.2604,21.9161],[89.2314,21.948],[89.2496,21.9535],[89.261,21.9636],[89.2306,21.9502],[89.2303,21.9475],[89.2343,21.9415],[89.2096,21.9519],[89.2505,21.9823],[89.2182,22.0079],[89.2525,22.0566],[89.225,22.0931]]],[[[88.8014,22.0297],[88.9025,22.0117],[88.9073,21.9295],[88.8566,21.9191],[88.8248,21.9398],[88.7906,21.9417],[88.7872,21.955],[88.7756,21.9433],[88.7525,21.9561],[88.7533,21.9853],[88.7644,21.9844],[88.7744,21.9897],[88.782,21.9727],[88.8003,21.9705],[88.7767,21.9908],[88.7536,21.9881],[88.7725,22.0122],[88.7617,22.0149],[88.8014,22.0297]]],[[[88.9429,22.062],[88.9771,22.0384],[88.9622,22.0172],[88.9725,21.9878],[88.9996,21.9686],[89.013,21.9804],[88.9909,21.9519],[89.0213,21.9217],[89.0137,21.9023],[88.9688,21.9211],[88.972,21.9287],[88.9647,21.9348],[88.9762,21.939],[88.9764,21.9461],[88.9625,21.935],[88.9661,21.9229],[88.9315,21.9421],[88.9257,21.9646],[88.9465,21.9915],[88.9429,22.062]]],[[[89.0167,22.0506],[89.0408,22.0489],[89.0736,22.0042],[89.0607,21.9326],[89.0433,21.9329],[89.041,21.951],[89.0387,21.9301],[89.008,21.9548],[89.0258,21.9798],[89.0225,21.9847],[89.0051,21.9859],[89.0298,21.9965],[89.0325,22.0021],[89.0062,21.989],[89.0014,21.9826],[88.9852,21.9947],[88.9994,22.0071],[88.9745,21.9936],[88.9681,22.0155],[88.9855,22.0459],[88.9849,22.0549],[89.0083,22.0508],[89.0157,22.0629],[89.0167,22.0506]]],[[[89.1278,22.073],[89.1147,22.0291],[89.1297,21.9984],[89.1053,21.9759],[89.1155,21.9527],[89.0967,21.94],[89.0945,22.0487],[89.1034,22.0462],[89.1278,22.073]]],[[[88.626,22.312],[88.6758,22.3176],[88.6781,22.2919],[88.6309,22.222],[88.6393,22.2081],[88.6725,22.2012],[88.6118,22.1076],[88.6049,22.1592],[88.5729,22.1896],[88.6034,22.1591],[88.5976,22.1306],[88.6067,22.1078],[88.62,22.1045],[88.6273,22.0548],[88.6295,22.0506],[88.6366,22.0448],[88.6034,22.0236],[88.6064,22.0477],[88.5967,22.0633],[88.6017,22.0736],[88.5966,22.0673],[88.5962,22.061],[88.6049,22.0483],[88.5999,22.0236],[88.6144,22.0197],[88.5983,21.9689],[88.6099,21.9189],[88.5783,21.8894],[88.5864,21.9281],[88.5725,21.9072],[88.5503,21.9214],[88.5514,21.9347],[88.5436,21.97],[88.5564,21.9728],[88.5633,21.9606],[88.5678,21.9589],[88.5572,21.9735],[88.5437,21.972],[88.5414,21.9542],[88.5487,21.9223],[88.5706,21.904],[88.5406,21.9039],[88.5479,21.8817],[88.5275,21.8531],[88.4943,21.8791],[88.5218,21.9137],[88.5255,21.9294],[88.5212,21.9432],[88.4928,21.9637],[88.5191,21.9882],[88.537,21.9788],[88.5433,21.982],[88.55,21.9962],[88.5566,22.0232],[88.5548,22.0354],[88.5414,21.9817],[88.5176,21.9887],[88.4916,21.9669],[88.4953,21.9551],[88.5218,21.939],[88.5207,21.9154],[88.4884,21.9119],[88.4625,21.897],[88.4875,21.9333],[88.4756,22.0022],[88.4923,22.0408],[88.5292,22.0625],[88.5018,22.0577],[88.4909,22.095],[88.4679,22.0831],[88.4583,22.0958],[88.4833,22.1042],[88.4837,22.1275],[88.5042,22.1417],[88.4871,22.1809],[88.5083,22.2333],[88.5375,22.2542],[88.559,22.3241],[88.5939,22.337],[88.626,22.312]]],[[[88.1372,21.8747],[88.1725,21.812],[88.1636,21.7995],[88.1707,21.7424],[88.1434,21.6796],[88.1553,21.6814],[88.1547,21.65],[88.1092,21.6258],[88.0417,21.6492],[88.0367,21.675],[88.0729,21.7802],[88.1372,21.8747]]],[[[88.3133,21.8561],[88.3527,21.8542],[88.3504,21.8264],[88.3608,21.7968],[88.38,21.7873],[88.377,21.7675],[88.3429,21.7596],[88.3403,21.7405],[88.345,21.7217],[88.3171,21.7089],[88.2983,21.7772],[88.3111,21.7831],[88.3109,21.7956],[88.2939,21.8028],[88.3103,21.7935],[88.296,21.774],[88.286,21.7891],[88.2598,21.8042],[88.307,21.8297],[88.3154,21.8447],[88.3133,21.8561]]],[[[88.8381,21.8456],[88.8553,21.8581],[88.8575,21.8556],[88.8772,21.8517],[88.8822,21.7972],[88.8981,21.7786],[88.8914,21.7536],[88.9214,21.7436],[88.9133,21.7278],[88.8644,21.7792],[88.835,21.7817],[88.8381,21.8456]]],[[[89.0527,21.9223],[89.0841,21.857],[89.084,21.7957],[89.1457,21.7518],[89.1357,21.7206],[89.108,21.7209],[89.1049,21.7365],[89.0924,21.7465],[89.0986,21.7553],[89.0916,21.7468],[89.1037,21.7351],[89.044,21.787],[89.0602,21.8538],[89.0323,21.9048],[89.0527,21.9223]]],[[[89.6072,21.9475],[89.6464,21.9109],[89.6264,21.8627],[89.7003,21.7924],[89.6986,21.7715],[89.6689,21.7542],[89.6507,21.766],[89.6094,21.7645],[89.6143,21.8016],[89.5547,21.8543],[89.5553,21.8583],[89.5795,21.8623],[89.5935,21.8706],[89.5946,21.8738],[89.5921,21.879],[89.5797,21.8896],[89.5928,21.8972],[89.5789,21.89],[89.5933,21.8741],[89.5833,21.8653],[89.5571,21.8599],[89.5471,21.8759],[89.5743,21.9355],[89.6072,21.9475]]],[[[88.2917,22.3646],[88.3167,22.2625],[88.2917,22.2375],[88.2581,22.2324],[88.2576,22.205],[88.2292,22.1958],[88.2295,22.1767],[88.2566,22.1705],[88.2812,22.1375],[88.325,22.1375],[88.3167,22.1125],[88.3573,22.1201],[88.3965,22.0865],[88.3583,22.0167],[88.3729,21.9965],[88.3991,22.021],[88.4038,22.0066],[88.3581,21.9655],[88.3868,21.9449],[88.3744,21.9076],[88.3954,21.8793],[88.3925,21.8039],[88.3643,21.7977],[88.3549,21.8228],[88.3706,21.8974],[88.3652,21.9121],[88.3593,21.9216],[88.3547,21.9255],[88.3692,21.8966],[88.3532,21.8569],[88.3089,21.8564],[88.3098,21.8777],[88.3006,21.8613],[88.262,21.8587],[88.2664,21.8836],[88.2589,21.8588],[88.3138,21.8466],[88.259,21.8076],[88.2584,21.8008],[88.2636,21.788],[88.2819,21.7611],[88.2517,21.8019],[88.2827,21.7576],[88.2657,21.73],[88.2739,21.7546],[88.2172,21.7644],[88.1633,21.8794],[88.1772,21.9261],[88.1537,21.9592],[88.2078,22.0225],[88.2239,22.0753],[88.2075,22.1578],[88.1656,22.1989],[88.0697,22.215],[88.105,22.3044],[88.1406,22.3035],[88.1501,22.2945],[88.137,22.28],[88.1617,22.2836],[88.1634,22.2618],[88.2033,22.2799],[88.2095,22.3126],[88.2451,22.3258],[88.241,22.3742],[88.2208,22.3917],[88.2917,22.3646]]],[[[90.3917,22.1403],[90.3956,22.1345],[90.3881,22.1331],[90.3917,22.1403]]],[[[88.7319,22.194],[88.7655,22.192],[88.7689,22.18],[88.7892,22.1686],[88.7381,22.1345],[88.6851,22.0851],[88.6884,22.0598],[88.7402,22.0203],[88.7037,22.0067],[88.6636,22.024],[88.6343,22.1105],[88.6593,22.1629],[88.6931,22.1808],[88.6919,22.2043],[88.7319,22.194]]],[[[90.3088,22.3667],[90.3415,22.3653],[90.341,22.2968],[90.3161,22.2757],[90.3506,22.2218],[90.3467,22.1956],[90.4316,22.1951],[90.3984,22.1716],[90.3863,22.1384],[90.3486,22.1564],[90.3453,22.165],[90.3412,22.1693],[90.3525,22.1774],[90.3568,22.1828],[90.3408,22.1701],[90.3477,22.1559],[90.3557,22.1484],[90.3856,22.1375],[90.378,22.0835],[90.3346,22.0507],[90.3077,21.9824],[90.2722,22.0202],[90.2901,22.0531],[90.2878,22.0566],[90.2769,22.0604],[90.2893,22.054],[90.2698,22.0239],[90.2834,21.9923],[90.2576,21.9552],[90.2059,21.989],[90.2086,22.008],[90.2188,21.9962],[90.2231,21.9953],[90.234,22.0082],[90.242,22.0269],[90.2414,22.0283],[90.2224,21.9962],[90.2101,22.0092],[90.2073,22.0089],[90.2036,21.9837],[90.1519,21.9809],[90.1326,21.9528],[90.1437,21.9298],[90.1139,21.9254],[90.0873,21.8711],[90.0455,21.8657],[90.0223,21.8914],[90.0311,21.9478],[90.0694,21.9684],[90.0918,22.0444],[90.1584,22.1145],[90.1886,22.1062],[90.216,22.1201],[90.2397,22.1898],[90.2323,22.2265],[90.2251,22.2326],[90.2365,22.2378],[90.2469,22.2606],[90.2569,22.2586],[90.2719,22.2641],[90.2708,22.2797],[90.259,22.2814],[90.265,22.2991],[90.2635,22.3016],[90.2575,22.2814],[90.2703,22.2639],[90.2456,22.2619],[90.2239,22.2331],[90.2308,22.2236],[90.2197,22.2264],[90.2121,22.3338],[90.25,22.335],[90.2887,22.3769],[90.2984,22.369],[90.3088,22.3667]]],[[[89.0817,22.1797],[89.1394,22.1295],[89.1219,22.1303],[89.1147,22.1222],[89.1472,22.0781],[89.1233,22.0739],[89.0928,22.0503],[89.0897,22.0189],[89.0672,22.0553],[89.0881,22.0556],[89.0975,22.0953],[89.0928,22.0978],[89.0772,22.1004],[89.0839,22.1134],[89.0813,22.1142],[89.0764,22.0999],[89.0961,22.0937],[89.0846,22.0559],[89.0545,22.0656],[89.0472,22.0969],[89.1004,22.147],[89.0942,22.1625],[89.0708,22.1539],[89.0761,22.1944],[89.0817,22.1797]]],[[[89.1231,22.1267],[89.1325,22.1038],[89.1478,22.0875],[89.1278,22.1053],[89.1231,22.1267]]],[[[88.7289,22.1132],[88.7299,22.1234],[88.7363,22.1288],[88.7355,22.1236],[88.7289,22.1132]]],[[[90.033,22.1267],[90.032,22.1275],[90.0333,22.1278],[90.033,22.1267]]],[[[89.0031,22.1992],[89.0222,22.1486],[89.0505,22.1306],[89.0353,22.1105],[89.0163,22.1142],[89.0297,22.1195],[89.0301,22.1229],[89.0146,22.114],[89.0355,22.1093],[89.0388,22.0549],[89.0277,22.0535],[89.03,22.0591],[89.0288,22.0771],[89.0277,22.0792],[89.0234,22.0788],[89.026,22.0529],[89.0147,22.0644],[88.9853,22.057],[88.9779,22.0399],[88.9624,22.0605],[88.9969,22.138],[88.9727,22.1934],[89.0031,22.1992]]],[[[88.8488,22.1689],[88.8999,22.1481],[88.923,22.1081],[88.9157,22.0903],[88.8964,22.0908],[88.8922,22.1144],[88.895,22.0912],[88.8723,22.0878],[88.8459,22.122],[88.8307,22.1271],[88.8602,22.1424],[88.8488,22.1689]]],[[[88.8452,22.1891],[88.8503,22.1922],[88.8532,22.2043],[88.8605,22.2033],[88.8683,22.1712],[88.8508,22.1736],[88.8433,22.1672],[88.8559,22.1445],[88.7776,22.1112],[88.7392,22.057],[88.7047,22.065],[88.7492,22.135],[88.8092,22.1794],[88.8296,22.1653],[88.8383,22.167],[88.8405,22.1749],[88.8281,22.208],[88.8355,22.2067],[88.8389,22.1936],[88.8452,22.1891]]],[[[89.1473,22.1294],[89.1303,22.1383],[89.1259,22.1544],[89.1318,22.1509],[89.1473,22.1294]]],[[[89.8294,22.133],[89.8159,22.142],[89.8145,22.1454],[89.8165,22.1467],[89.8294,22.133]]],[[[90.0444,22.1764],[90.0283,22.1783],[90.0231,22.1878],[90.0381,22.1847],[90.0444,22.1764]]],[[[89.2467,22.2158],[89.3017,22.2142],[89.3128,22.1883],[89.2714,22.1494],[89.2538,22.1032],[89.2169,22.0986],[89.207,22.1261],[89.2265,22.1327],[89.2131,22.1448],[89.2452,22.1598],[89.2264,22.1985],[89.2467,22.2158]]],[[[89.8374,22.1645],[89.8364,22.1653],[89.8358,22.1663],[89.8374,22.1645]]],[[[89.2417,22.2176],[89.2231,22.1959],[89.2413,22.1612],[89.2116,22.1483],[89.2096,22.1401],[89.223,22.1338],[89.203,22.1281],[89.191,22.15],[89.2074,22.1455],[89.2211,22.1722],[89.1951,22.1879],[89.2206,22.1849],[89.2077,22.2371],[89.2312,22.2501],[89.2417,22.2176]]],[[[90.2256,22.2186],[90.225,22.2175],[90.2233,22.2197],[90.2256,22.2186]]],[[[88.6428,22.2288],[88.6373,22.2172],[88.64,22.213],[88.6348,22.2196],[88.6428,22.2288]]],[[[88.7941,22.2708],[88.8141,22.2298],[88.8004,22.2279],[88.7985,22.226],[88.8055,22.2084],[88.8182,22.1956],[88.8275,22.195],[88.8341,22.1669],[88.8096,22.1833],[88.7941,22.1706],[88.7674,22.1942],[88.7472,22.1986],[88.7522,22.2304],[88.7916,22.2584],[88.7941,22.2708]]],[[[90.0689,22.2194],[90.0675,22.22],[90.0692,22.2204],[90.0689,22.2194]]],[[[90.03,22.1883],[90.0233,22.1894],[90.0225,22.1911],[90.03,22.1883]]],[[[88.9331,22.2248],[88.9542,22.2216],[88.9616,22.1972],[88.9315,22.177],[88.9081,22.1963],[88.9167,22.2083],[88.9188,22.2308],[88.9331,22.2248]]],[[[89.3083,22.2167],[89.3083,22.2162],[89.3081,22.2167],[89.3083,22.2167]]],[[[89.6662,22.3634],[89.6911,22.3021],[89.6782,22.2502],[89.6503,22.259],[89.6285,22.2465],[89.6465,22.2364],[89.6506,22.1842],[89.6636,22.1664],[89.6792,22.1708],[89.6837,22.1142],[89.708,22.1024],[89.7044,22.0713],[89.6866,22.067],[89.6684,22.0862],[89.6821,22.092],[89.6839,22.0967],[89.6652,22.0992],[89.6764,22.1418],[89.671,22.1441],[89.6579,22.1381],[89.6065,22.1775],[89.6172,22.1917],[89.6189,22.1985],[89.602,22.2283],[89.6167,22.214],[89.6193,22.2131],[89.6213,22.2156],[89.6124,22.2435],[89.6197,22.215],[89.6036,22.2303],[89.5997,22.2256],[89.6175,22.1986],[89.6047,22.1786],[89.6067,22.1286],[89.553,22.2031],[89.5892,22.2258],[89.5928,22.2753],[89.6284,22.3229],[89.6401,22.3637],[89.6662,22.3634]]],[[[88.8982,22.3333],[88.9366,22.2999],[88.9303,22.2594],[88.9535,22.2247],[88.919,22.233],[88.9018,22.2241],[88.8865,22.2377],[88.8955,22.2524],[88.8876,22.2659],[88.8768,22.2745],[88.8726,22.2745],[88.8651,22.2708],[88.8632,22.2764],[88.85,22.2893],[88.8433,22.2897],[88.8649,22.2702],[88.8872,22.2649],[88.8857,22.2362],[88.9003,22.2229],[88.9139,22.2161],[88.9045,22.1972],[88.9179,22.1653],[88.8723,22.1714],[88.8662,22.1941],[88.8834,22.2001],[88.8861,22.2068],[88.8835,22.2123],[88.841,22.2143],[88.8758,22.2528],[88.8394,22.2155],[88.8419,22.2117],[88.8495,22.2098],[88.8823,22.2116],[88.8811,22.2002],[88.8545,22.2062],[88.8504,22.2025],[88.8483,22.1916],[88.8443,22.1903],[88.8368,22.2071],[88.8299,22.2101],[88.8246,22.2043],[88.8255,22.1984],[88.8195,22.1964],[88.8005,22.2263],[88.8218,22.2244],[88.8492,22.255],[88.8256,22.2759],[88.828,22.3214],[88.8507,22.3078],[88.8982,22.3333]]],[[[90.0869,22.2508],[90.0855,22.2497],[90.0847,22.2517],[90.0869,22.2508]]],[[[89.0886,22.3124],[89.1451,22.2906],[89.1131,22.2647],[89.1036,22.2076],[89.1256,22.1676],[89.1436,22.1519],[89.1625,22.1503],[89.1725,22.1219],[89.1914,22.12],[89.1742,22.0814],[89.1387,22.1016],[89.1302,22.125],[89.1466,22.1246],[89.1493,22.1306],[89.1344,22.1545],[89.0819,22.1831],[89.0923,22.1943],[89.075,22.2088],[89.1002,22.2215],[89.0825,22.2193],[89.0737,22.209],[89.0731,22.1997],[89.0357,22.2589],[89.0171,22.2556],[89.0205,22.271],[88.9959,22.288],[89.0574,22.2872],[89.0603,22.3786],[89.0792,22.3792],[89.109,22.3382],[89.0886,22.3124]]],[[[90.0836,22.2425],[90.0803,22.2361],[90.0811,22.2439],[90.0836,22.2425]]],[[[89.8044,22.2193],[89.8033,22.2237],[89.8041,22.2274],[89.8044,22.2193]]],[[[89.5784,22.228],[89.5766,22.2287],[89.5784,22.2287],[89.5784,22.228]]],[[[88.9827,22.2952],[88.995,22.3048],[89.0224,22.2994],[89.0,22.2981],[88.9939,22.2861],[89.0177,22.2683],[89.0145,22.2516],[89.0324,22.2573],[89.037,22.2267],[89.0669,22.1983],[89.0686,22.1474],[89.0961,22.1555],[89.0629,22.1287],[89.0229,22.1663],[89.0197,22.2056],[88.9725,22.2097],[88.9472,22.2556],[88.9555,22.3616],[88.9792,22.3542],[88.9827,22.2952]]],[[[90.0853,22.2472],[90.0819,22.2461],[90.0842,22.2483],[90.0853,22.2472]]],[[[88.6662,22.261],[88.6676,22.267],[88.6691,22.2691],[88.6662,22.261]]],[[[88.6692,22.2692],[88.6692,22.2694],[88.6693,22.2696],[88.6692,22.2692]]],[[[90.1042,22.3106],[90.1042,22.3114],[90.1044,22.3109],[90.1042,22.3106]]],[[[89.2452,22.2551],[89.2321,22.2512],[89.2431,22.2622],[89.2452,22.2551]]],[[[89.8003,22.2494],[89.7989,22.2571],[89.8001,22.267],[89.8003,22.2494]]],[[[90.1022,22.2753],[90.1014,22.2752],[90.1024,22.2753],[90.1022,22.2753]]],[[[90.1024,22.2754],[90.1033,22.2762],[90.103,22.2756],[90.1024,22.2754]]],[[[90.1035,22.2764],[90.1036,22.2765],[90.1036,22.2764],[90.1035,22.2764]]],[[[88.7714,22.3353],[88.7921,22.2627],[88.7436,22.2292],[88.7453,22.2008],[88.7406,22.2147],[88.7319,22.1956],[88.6434,22.2161],[88.687,22.2729],[88.6868,22.3064],[88.7096,22.3252],[88.7439,22.3214],[88.75,22.3417],[88.7714,22.3353]]],[[[88.6772,22.2747],[88.6717,22.2739],[88.6795,22.2832],[88.6772,22.2747]]],[[[88.95,22.3417],[88.95,22.3483],[88.9508,22.344],[88.95,22.3417]]],[[[90.5438,22.4965],[90.5757,22.503],[90.5742,22.4882],[90.5493,22.4867],[90.5483,22.3879],[90.5132,22.3881],[90.4583,22.3542],[90.4215,22.3801],[90.4169,22.4254],[90.4391,22.4123],[90.451,22.4136],[90.4547,22.4211],[90.4498,22.4571],[90.4275,22.4511],[90.4472,22.4681],[90.4325,22.4969],[90.4973,22.5423],[90.5169,22.5408],[90.5134,22.5258],[90.5438,22.4965]]],[[[90.3611,22.4938],[90.4158,22.4783],[90.4255,22.4498],[90.4481,22.4536],[90.451,22.4153],[90.3812,22.4452],[90.3256,22.3896],[90.3417,22.3668],[90.2945,22.3748],[90.3108,22.4002],[90.2675,22.3596],[90.2742,22.4083],[90.3027,22.4316],[90.3097,22.4652],[90.3505,22.4669],[90.3611,22.4938]]],[[[90.3582,22.5892],[90.3353,22.5461],[90.3532,22.5428],[90.3451,22.5262],[90.3636,22.5185],[90.3489,22.5031],[90.3514,22.4747],[90.3022,22.4689],[90.2985,22.442],[90.2628,22.4014],[90.2539,22.3468],[90.2317,22.3486],[90.2294,22.3612],[90.2196,22.3624],[90.2304,22.3839],[90.2178,22.3617],[90.2299,22.3524],[90.1986,22.3281],[90.2084,22.2289],[90.23,22.1919],[90.205,22.1268],[90.1553,22.125],[90.087,22.0611],[90.0567,21.9779],[90.0147,21.9837],[89.9868,22.0351],[90.0275,22.0514],[90.0344,22.1289],[90.0736,22.1608],[90.025,22.1953],[90.075,22.2161],[90.0878,22.2472],[90.0872,22.26],[90.1122,22.2781],[90.0981,22.3456],[90.1761,22.4292],[90.1764,22.4564],[90.2176,22.5204],[90.2368,22.5297],[90.2472,22.5164],[90.2847,22.5589],[90.3074,22.5548],[90.32,22.5797],[90.3354,22.5713],[90.3582,22.5892]]],[[[89.5308,22.5958],[89.5642,22.5553],[89.5858,22.4419],[89.6247,22.3469],[89.5808,22.2775],[89.5773,22.2397],[89.5727,22.2529],[89.5553,22.2594],[89.5528,22.3031],[89.5281,22.3303],[89.5233,22.3314],[89.515,22.3261],[89.5119,22.3281],[89.5342,22.3381],[89.5358,22.3406],[89.5344,22.3447],[89.5267,22.3533],[89.5344,22.3403],[89.51,22.3317],[89.5111,22.3269],[89.5144,22.3247],[89.5266,22.3299],[89.5519,22.3015],[89.553,22.2599],[89.5714,22.2511],[89.5394,22.2014],[89.5831,22.1248],[89.532,21.993],[89.5091,22.0161],[89.5333,22.0588],[89.5265,22.0949],[89.5433,22.0949],[89.5492,22.1125],[89.5408,22.0961],[89.5164,22.1025],[89.4753,22.2303],[89.4936,22.2642],[89.4967,22.2872],[89.4919,22.2658],[89.4825,22.3147],[89.4569,22.3381],[89.4632,22.3421],[89.4833,22.3361],[89.4883,22.3375],[89.4886,22.3686],[89.4844,22.3375],[89.4617,22.3436],[89.4558,22.3394],[89.4742,22.3061],[89.4333,22.3567],[89.4481,22.4106],[89.4592,22.4019],[89.465,22.4042],[89.4522,22.4236],[89.4636,22.4292],[89.4608,22.47],[89.4842,22.4786],[89.4819,22.5022],[89.49,22.4972],[89.4928,22.5],[89.4939,22.5261],[89.4817,22.5406],[89.5308,22.5958]]],[[[89.717,22.4517],[89.7691,22.4663],[89.7958,22.4375],[89.8172,22.4363],[89.7793,22.3781],[89.7627,22.3976],[89.7521,22.3849],[89.7198,22.4064],[89.7506,22.3778],[89.7675,22.3869],[89.7797,22.3633],[89.7621,22.3149],[89.795,22.2835],[89.7625,22.3131],[89.761,22.3172],[89.7647,22.3306],[89.7646,22.3407],[89.7601,22.3152],[89.7832,22.2876],[89.7994,22.279],[89.7958,22.253],[89.802,22.2151],[89.834,22.1657],[89.8123,22.1474],[89.81,22.1403],[89.8355,22.1249],[89.8233,22.117],[89.7875,22.1292],[89.774,22.1743],[89.7549,22.1757],[89.7673,22.2212],[89.7536,22.3189],[89.7199,22.3577],[89.7,22.3583],[89.6993,22.3383],[89.6801,22.3336],[89.6711,22.3596],[89.6633,22.3682],[89.6405,22.3664],[89.6346,22.3522],[89.5931,22.465],[89.6333,22.4583],[89.6426,22.4744],[89.7042,22.4833],[89.717,22.4517]]],[[[93.2358,8.265],[93.2517,8.2334],[93.2399,8.2212],[93.2201,8.2451],[93.2358,8.265]]],[[[93.1268,8.3557],[93.1434,8.3465],[93.1264,8.2764],[93.2047,8.2156],[93.1994,8.1939],[93.1208,8.2225],[93.0872,8.2694],[93.0947,8.3392],[93.1268,8.3557]]],[[[81.3215,8.5249],[81.3538,8.496],[81.3932,8.3596],[81.361,8.4066],[81.3463,8.4068],[81.3692,8.3385],[81.3885,8.3543],[81.4401,8.101],[81.423,8.1138],[81.3979,8.1943],[81.3857,8.194],[81.381,8.1821],[81.386,8.1424],[81.3607,8.1501],[81.399,8.1332],[81.4371,8.0876],[81.4508,8.1114],[81.446,8.1183],[81.439,8.1351],[81.4401,8.1362],[81.4599,8.1101],[81.4887,8.0151],[81.5279,7.9843],[81.5535,7.9896],[81.541,7.9335],[81.427,7.9589],[81.365,8.0038],[81.2375,7.9792],[81.2414,8.0636],[81.2833,8.1375],[81.265,8.133],[81.2256,8.1811],[81.2333,8.2583],[81.2667,8.3],[81.2924,8.2828],[81.3158,8.2925],[81.3292,8.3375],[81.3252,8.42],[81.2937,8.4257],[81.2544,8.4615],[81.284,8.4726],[81.2807,8.5074],[81.3215,8.5249]]],[[[81.3882,8.356],[81.388,8.3562],[81.3882,8.3562],[81.3882,8.356]]],[[[81.3864,8.3579],[81.3879,8.3576],[81.3879,8.3563],[81.3864,8.3579]]],[[[81.2049,8.469],[81.2257,8.4579],[81.2493,8.4592],[81.2118,8.4536],[81.2049,8.469]]],[[[81.2271,8.5146],[81.2257,8.5136],[81.226,8.5146],[81.2271,8.5146]]],[[[81.0196,8.9118],[81.0713,8.8504],[81.0794,8.8687],[81.0863,8.8612],[81.1157,8.791],[81.1746,8.7337],[81.1665,8.7274],[81.1618,8.7146],[81.1754,8.7307],[81.2243,8.6557],[81.2196,8.6085],[81.2351,8.5779],[81.2457,8.5829],[81.2476,8.5465],[81.2268,8.5354],[81.2343,8.5615],[81.2282,8.5729],[81.2076,8.5654],[81.2213,8.5807],[81.2188,8.584],[81.1926,8.5721],[81.2124,8.5088],[81.1926,8.5076],[81.1843,8.5363],[81.1776,8.526],[81.1546,8.5451],[81.1218,8.509],[81.1357,8.4888],[81.1699,8.514],[81.1904,8.5063],[81.2021,8.461],[81.1593,8.4619],[81.0542,8.3208],[80.9758,8.3284],[80.9208,8.2625],[80.8829,8.2881],[80.8458,8.275],[80.8458,8.3333],[80.8699,8.3465],[80.8843,8.3954],[80.9163,8.4309],[80.9,8.4729],[80.9256,8.5343],[80.9214,8.5824],[80.9381,8.6283],[80.9705,8.6559],[80.9619,8.6939],[80.9333,8.7125],[80.9333,8.7458],[80.9676,8.7871],[81.0256,8.8201],[81.0244,8.8574],[80.9994,8.8759],[81.0196,8.9118]],[[80.9831,8.3907],[80.9613,8.3515],[80.9649,8.3264],[80.9985,8.3681],[80.9831,8.3907]]],[[[93.0439,8.4731],[93.0569,8.46],[93.0575,8.4392],[93.0353,8.4486],[93.0439,8.4731]]],[[[93.6136,8.4853],[93.6111,8.4858],[93.6135,8.4861],[93.6136,8.4853]]],[[[93.6171,8.5724],[93.6424,8.4685],[93.6267,8.4672],[93.6229,8.4216],[93.6171,8.5724]]],[[[93.6357,8.3961],[93.6334,8.3964],[93.6339,8.398],[93.6357,8.3961]]],[[[93.6453,8.3947],[93.6533,8.3878],[93.6437,8.3934],[93.6453,8.3947]]]]}}