{"type":"Feature","properties":{"speciesId":22,"category":"LC","source":"IUCN Red List","simplifyTol":0.01,"clippedToSubcontinent":true},"geometry":{"type":"MultiPolygon","coordinates":[[[[80.5322,5.937],[80.5318,5.9371],[80.5321,5.9374],[80.5322,5.937]]],[[[80.381,5.9629],[80.3804,5.9625],[80.3806,5.9629],[80.381,5.9629]]],[[[80.9419,6.0706],[80.9412,6.0705],[80.9414,6.0708],[80.9419,6.0706]]],[[[80.9381,6.0725],[80.937,6.0722],[80.9365,6.0743],[80.9381,6.0725]]],[[[80.0983,6.1373],[80.0977,6.1378],[80.0988,6.1395],[80.0983,6.1373]]],[[[80.0977,6.1438],[80.0967,6.1444],[80.0967,6.1448],[80.0977,6.1438]]],[[[81.6966,6.49],[81.7001,6.4929],[81.6966,6.4895],[81.6966,6.49]]],[[[79.8229,7.9447],[79.8199,7.9542],[79.822,7.9553],[79.8229,7.9447]]],[[[79.7976,8.2328],[79.7937,8.2312],[79.7914,8.2317],[79.7976,8.2328]]],[[[79.7514,8.2628],[79.7512,8.2631],[79.7515,8.2634],[79.7514,8.2628]]],[[[79.7829,8.2637],[79.7772,8.2649],[79.7791,8.2723],[79.7829,8.2637]]],[[[81.4031,8.2729],[81.4028,8.2678],[81.4023,8.2741],[81.4031,8.2729]]],[[[79.7938,8.3868],[79.7919,8.3752],[79.7887,8.3867],[79.7938,8.3868]]],[[[79.7805,8.508],[79.7797,8.5079],[79.7803,8.5085],[79.7805,8.508]]],[[[79.7801,8.526],[79.7777,8.5094],[79.7777,8.4911],[79.7885,8.4642],[79.7927,8.4223],[79.79,8.4098],[79.7774,8.4831],[79.7752,8.5193],[79.7801,8.526]]],[[[81.2043,8.5344],[81.2041,8.5344],[81.2038,8.5345],[81.2043,8.5344]]],[[[79.9244,8.8084],[79.9247,8.8085],[79.9253,8.8084],[79.9244,8.8084]]],[[[79.9283,8.8091],[79.9273,8.8084],[79.9278,8.8093],[79.9283,8.8091]]],[[[79.927,8.8092],[79.926,8.8084],[79.9262,8.8097],[79.927,8.8092]]],[[[79.9191,8.8186],[79.919,8.8188],[79.919,8.8188],[79.9191,8.8186]]],[[[79.9297,8.8845],[79.9316,8.8833],[79.9302,8.8818],[79.9297,8.8845]]],[[[79.9303,8.886],[79.9296,8.8871],[79.9309,8.8883],[79.9303,8.886]]],[[[79.9079,8.9331],[79.905,8.9369],[79.908,8.9343],[79.9079,8.9331]]],[[[79.9116,8.9367],[79.9111,8.9379],[79.9127,8.9395],[79.9116,8.9367]]],[[[79.9038,8.945],[79.9033,8.945],[79.9039,8.9465],[79.9038,8.945]]],[[[79.9106,8.9483],[79.9068,8.9387],[79.9046,8.9393],[79.9106,8.9483]]],[[[79.9005,8.9404],[79.8964,8.9438],[79.8925,8.9504],[79.9005,8.9404]]],[[[79.8922,8.9521],[79.892,8.9513],[79.8912,8.9526],[79.8922,8.9521]]],[[[79.9027,8.9553],[79.8998,8.9463],[79.8922,8.953],[79.9027,8.9553]]],[[[79.8924,8.9616],[79.892,8.9619],[79.8926,8.9619],[79.8924,8.9616]]],[[[79.8869,8.9623],[79.889,8.9579],[79.8861,8.9626],[79.8869,8.9623]]],[[[79.8952,8.9638],[79.8944,8.9637],[79.8952,8.9642],[79.8952,8.9638]]],[[[79.8861,8.9627],[79.8847,8.9649],[79.8859,8.9641],[79.8861,8.9627]]],[[[79.8962,8.9654],[79.8955,8.965],[79.8959,8.9662],[79.8962,8.9654]]],[[[79.8878,8.9676],[79.8921,8.9647],[79.8925,8.9631],[79.8856,8.9673],[79.8857,8.9695],[79.8878,8.9676]]],[[[79.8794,8.9784],[79.8788,8.9774],[79.8784,8.9787],[79.8794,8.9784]]],[[[79.6856,9.0729],[79.6919,9.0731],[79.6911,9.0728],[79.6856,9.0729]]],[[[79.741,9.1031],[79.8586,9.0731],[79.9259,9.0105],[79.8511,9.0621],[79.9243,8.9755],[79.9109,8.9751],[79.8957,8.9679],[79.8933,8.9623],[79.8897,8.9702],[79.8726,8.9881],[79.8839,8.9662],[79.8077,9.0397],[79.7004,9.0805],[79.6993,9.099],[79.741,9.1031]]],[[[80.8166,9.2739],[80.8162,9.2741],[80.8166,9.2743],[80.8166,9.2739]]],[[[80.0006,9.2872],[80.0001,9.2867],[79.9996,9.2871],[80.0006,9.2872]]],[[[79.9988,9.2869],[80.0052,9.2746],[80.0,9.2706],[79.9988,9.2869]]],[[[80.8117,9.2909],[80.8115,9.2908],[80.8115,9.2911],[80.8117,9.2909]]],[[[79.9918,9.2845],[79.9715,9.2865],[79.9843,9.3061],[79.9872,9.3044],[79.9918,9.2845]]],[[[80.0761,9.3176],[80.0908,9.3122],[80.0795,9.3136],[80.0761,9.3176]]],[[[80.0745,9.3278],[80.0819,9.3268],[80.0737,9.3267],[80.0745,9.3278]]],[[[80.0566,9.3452],[80.0553,9.3316],[80.0546,9.3446],[80.0566,9.3452]]],[[[80.2886,9.4613],[80.29,9.4599],[80.2884,9.4606],[80.2886,9.4613]]],[[[80.2874,9.462],[80.2859,9.4623],[80.2869,9.4635],[80.2874,9.462]]],[[[80.2887,9.465],[80.2908,9.4619],[80.2886,9.4622],[80.2887,9.465]]],[[[80.3158,9.4663],[80.3183,9.4619],[80.3096,9.4641],[80.3158,9.4663]]],[[[80.3484,9.4659],[80.3468,9.4655],[80.3481,9.4663],[80.3484,9.4659]]],[[[80.2876,9.4683],[80.288,9.4648],[80.287,9.4655],[80.2876,9.4683]]],[[[80.2723,9.4678],[80.2716,9.4687],[80.2721,9.4691],[80.2723,9.4678]]],[[[80.3607,9.4676],[80.3594,9.466],[80.3605,9.4675],[80.3598,9.4691],[80.3607,9.4676]]],[[[80.3548,9.4695],[80.3552,9.4692],[80.3531,9.4688],[80.3548,9.4695]]],[[[80.2619,9.4701],[80.2643,9.464],[80.2586,9.4675],[80.2619,9.4701]]],[[[80.2699,9.4704],[80.2693,9.467],[80.2667,9.4689],[80.2699,9.4704]]],[[[80.2736,9.4713],[80.2729,9.4708],[80.2731,9.4714],[80.2736,9.4713]]],[[[80.3114,9.4694],[80.3147,9.4712],[80.315,9.4685],[80.3114,9.4694]]],[[[80.291,9.4696],[80.2892,9.4706],[80.2902,9.4724],[80.291,9.4696]]],[[[80.2926,9.4718],[80.2915,9.4718],[80.2918,9.4726],[80.2926,9.4718]]],[[[80.3399,9.4746],[80.3454,9.4718],[80.3461,9.4692],[80.34,9.4739],[80.3388,9.4725],[80.3388,9.4702],[80.3376,9.4667],[80.3366,9.4653],[80.3296,9.4635],[80.3251,9.4658],[80.3356,9.4654],[80.3383,9.4726],[80.3399,9.4746]]],[[[80.2641,9.4745],[80.2624,9.4744],[80.264,9.4752],[80.2641,9.4745]]],[[[80.3737,9.4792],[80.3696,9.4795],[80.3741,9.4799],[80.3737,9.4792]]],[[[80.3783,9.4819],[80.3757,9.4794],[80.3767,9.4811],[80.3783,9.4819]]],[[[80.3038,9.4822],[80.3031,9.4813],[80.3031,9.4825],[80.3038,9.4822]]],[[[80.3858,9.4824],[80.3829,9.4829],[80.3868,9.4831],[80.3858,9.4824]]],[[[80.3037,9.4857],[80.3129,9.4736],[80.3195,9.4686],[80.3037,9.4857]]],[[[80.0129,9.4664],[80.0054,9.4812],[80.0065,9.4858],[80.0183,9.4782],[80.0129,9.4664]]],[[[80.3912,9.494],[80.3929,9.4898],[80.3913,9.4889],[80.3909,9.4892],[80.3912,9.494]]],[[[80.2663,9.4943],[80.2801,9.4901],[80.2846,9.4926],[80.2797,9.4882],[80.2663,9.4943]]],[[[80.2608,9.4937],[80.2622,9.4944],[80.2624,9.494],[80.2608,9.4937]]],[[[80.264,9.495],[80.2632,9.4937],[80.2628,9.494],[80.264,9.495]]],[[[80.2529,9.4975],[80.2521,9.4969],[80.2523,9.4979],[80.2529,9.4975]]],[[[80.2817,9.4981],[80.2816,9.4976],[80.2803,9.4981],[80.2817,9.4981]]],[[[80.2775,9.4999],[80.2797,9.4993],[80.28,9.4988],[80.2775,9.4999]]],[[[80.2748,9.5028],[80.2742,9.503],[80.2699,9.5072],[80.2748,9.5028]]],[[[80.2669,9.5101],[80.2672,9.5096],[80.2647,9.5107],[80.2669,9.5101]]],[[[80.2589,9.5101],[80.2573,9.5104],[80.2576,9.5116],[80.2589,9.5101]]],[[[80.2567,9.514],[80.2558,9.5137],[80.2557,9.5141],[80.2567,9.514]]],[[[80.2622,9.5139],[80.2624,9.513],[80.26,9.5144],[80.2622,9.5139]]],[[[80.257,9.5158],[80.2591,9.515],[80.2564,9.5156],[80.257,9.5158]]],[[[80.3866,9.5166],[80.3852,9.5167],[80.3863,9.5176],[80.3866,9.5166]]],[[[80.2149,9.5304],[80.214,9.5307],[80.2139,9.5313],[80.2149,9.5304]]],[[[80.2265,9.5351],[80.2269,9.5328],[80.2256,9.5348],[80.2265,9.5351]]],[[[80.2204,9.5359],[80.2205,9.5344],[80.22,9.5346],[80.2204,9.5359]]],[[[80.2253,9.5361],[80.2248,9.5361],[80.2249,9.5365],[80.2253,9.5361]]],[[[80.2239,9.5376],[80.2221,9.5381],[80.2215,9.5389],[80.2239,9.5376]]],[[[80.2198,9.5387],[80.2189,9.5386],[80.2196,9.539],[80.2198,9.5387]]],[[[80.2208,9.539],[80.2202,9.539],[80.2208,9.5392],[80.2208,9.539]]],[[[80.2025,9.5426],[80.1998,9.5417],[80.1997,9.5432],[80.2025,9.5426]]],[[[80.219,9.5433],[80.2184,9.5432],[80.2187,9.5436],[80.219,9.5433]]],[[[79.6619,9.5536],[79.6884,9.5211],[79.7251,9.5226],[79.7271,9.4799],[79.6583,9.5031],[79.6619,9.5536]]],[[[79.7995,9.5898],[79.7957,9.5812],[79.7954,9.589],[79.7995,9.5898]]],[[[80.1811,9.5924],[80.1949,9.5878],[80.2087,9.5837],[80.199,9.5819],[80.1811,9.5924]]],[[[80.1972,9.5974],[80.2028,9.5926],[80.1946,9.5942],[80.1972,9.5974]]],[[[80.2012,9.5976],[80.2045,9.597],[80.2009,9.5975],[80.2012,9.5976]]],[[[80.0894,9.5983],[80.0944,9.5979],[80.1042,9.5938],[80.0894,9.5983]]],[[[79.847,9.5998],[79.8467,9.5992],[79.8456,9.6008],[79.847,9.5998]]],[[[80.1955,9.6028],[80.1993,9.6016],[80.1948,9.5992],[80.1955,9.6028]]],[[[80.1937,9.5978],[80.1853,9.5975],[80.1924,9.6035],[80.1937,9.5978]]],[[[80.1646,9.6052],[80.1858,9.6033],[80.1844,9.5952],[80.1646,9.6052]]],[[[80.1648,9.6091],[80.1674,9.609],[80.1687,9.6078],[80.1663,9.6078],[80.1648,9.6091]]],[[[80.0674,9.6089],[80.0774,9.6026],[80.0874,9.598],[80.0741,9.6038],[80.0674,9.6089]]],[[[80.0832,9.6096],[80.0774,9.6108],[80.0768,9.6116],[80.0832,9.6096]]],[[[79.8273,9.6121],[79.8292,9.6057],[79.8256,9.6075],[79.8273,9.6121]]],[[[80.1563,9.6123],[80.1577,9.6119],[80.1643,9.6068],[80.1605,9.6071],[80.157,9.6099],[80.1563,9.6123]]],[[[79.9866,9.6156],[79.987,9.6169],[79.987,9.6162],[79.9866,9.6156]]],[[[79.8466,9.6175],[79.8431,9.6077],[79.8414,9.613],[79.8466,9.6175]]],[[[79.8626,9.6189],[79.8615,9.6191],[79.862,9.6194],[79.8626,9.6189]]],[[[79.9831,9.6203],[79.9828,9.6203],[79.9831,9.6204],[79.9831,9.6203]]],[[[79.7734,9.5855],[79.7623,9.603],[79.7722,9.6206],[79.7753,9.6198],[79.7734,9.5855]]],[[[80.1954,9.6118],[80.187,9.606],[80.1798,9.6076],[80.1931,9.6124],[80.1985,9.6216],[80.1954,9.6118]]],[[[79.9896,9.6217],[79.9884,9.6219],[79.9891,9.6229],[79.9896,9.6217]]],[[[79.8169,9.6188],[79.8325,9.5865],[79.8638,9.605],[79.8579,9.5689],[79.8082,9.5772],[79.8169,9.6188]]],[[[80.1853,9.6234],[80.1913,9.6153],[80.1796,9.6102],[80.1853,9.6234]]],[[[79.8643,9.6264],[79.862,9.6257],[79.8632,9.6276],[79.8643,9.6264]]],[[[80.2019,9.6282],[80.2022,9.626],[80.2009,9.6275],[80.2019,9.6282]]],[[[79.9928,9.6266],[79.992,9.6282],[79.9924,9.6287],[79.9928,9.6266]]],[[[80.0031,9.6278],[79.9996,9.6029],[79.985,9.5972],[79.9662,9.606],[79.981,9.6055],[80.0031,9.6278]]],[[[79.8616,9.6254],[79.8559,9.6243],[79.8543,9.6348],[79.8624,9.6279],[79.8616,9.6254]]],[[[80.0,9.635],[80.0,9.6335],[79.9987,9.635],[80.0,9.635]]],[[[79.997,9.6382],[79.9975,9.6364],[79.9955,9.6386],[79.997,9.6382]]],[[[79.9978,9.6448],[80.0033,9.638],[79.994,9.6412],[79.9977,9.6437],[79.9978,9.6448]]],[[[79.9966,9.6434],[79.9973,9.6451],[79.9974,9.645],[79.9966,9.6434]]],[[[80.0089,9.6453],[80.0071,9.6432],[80.0065,9.645],[80.0089,9.6453]]],[[[80.1641,9.642],[80.1705,9.6425],[80.1672,9.6398],[80.1641,9.642]]],[[[80.1617,9.6463],[80.1604,9.6455],[80.1602,9.6459],[80.1617,9.6463]]],[[[80.1653,9.646],[80.1639,9.6464],[80.165,9.6466],[80.1653,9.646]]],[[[80.161,9.6471],[80.1601,9.6478],[80.1611,9.6476],[80.161,9.6471]]],[[[80.163,9.6495],[80.1642,9.6489],[80.1626,9.649],[80.163,9.6495]]],[[[79.772,9.6506],[79.778,9.6506],[79.7759,9.6457],[79.772,9.6506]]],[[[79.9018,9.6688],[79.9013,9.6664],[79.9009,9.669],[79.9018,9.6688]]],[[[79.8997,9.6719],[79.8991,9.6714],[79.8993,9.6722],[79.8997,9.6719]]],[[[79.9369,9.6749],[79.9338,9.6738],[79.935,9.6765],[79.9369,9.6749]]],[[[79.9346,9.6768],[79.9343,9.6765],[79.9342,9.677],[79.9346,9.6768]]],[[[79.934,9.6772],[79.9315,9.6756],[79.9314,9.678],[79.934,9.6772]]],[[[79.7851,9.6654],[79.7643,9.6596],[79.7832,9.6837],[79.7851,9.6654]]],[[[79.7932,9.6834],[79.7918,9.6851],[79.7933,9.6862],[79.7932,9.6834]]],[[[79.9663,9.7004],[79.9659,9.7003],[79.9661,9.7006],[79.9663,9.7004]]],[[[79.8512,9.6993],[79.8868,9.6968],[79.9011,9.6647],[79.9144,9.6517],[79.9084,9.6712],[79.9305,9.678],[79.9232,9.6615],[79.9834,9.6229],[79.9714,9.6121],[79.9176,9.6339],[79.9017,9.6167],[79.8733,9.6368],[79.8766,9.6666],[79.8576,9.6629],[79.8512,9.6993]]],[[[79.8113,9.6862],[79.8105,9.7091],[79.815,9.7137],[79.8115,9.7028],[79.8113,9.6862]]],[[[79.8971,9.7583],[79.8926,9.7121],[79.8544,9.7125],[79.8644,9.7594],[79.8971,9.7583]]],[[[80.2386,9.8235],[80.3657,9.6603],[80.811,9.2916],[80.8099,9.2887],[80.8116,9.2865],[80.8151,9.2757],[80.8196,9.2666],[80.8438,9.2287],[80.8807,9.1226],[81.0005,8.9386],[80.993,8.918],[81.0102,8.929],[81.013,8.8911],[81.021,8.9048],[81.0589,8.8595],[81.0845,8.8579],[81.2261,8.6481],[81.2199,8.6066],[81.2298,8.581],[81.2451,8.5793],[81.2461,8.546],[81.2275,8.5356],[81.2333,8.5655],[81.2108,8.5674],[81.2214,8.5826],[81.2037,8.5681],[81.2001,8.5786],[81.1924,8.5453],[81.2112,8.5086],[81.1856,8.5124],[81.1846,8.5364],[81.1775,8.5261],[81.1525,8.5462],[81.1214,8.5094],[81.1268,8.4963],[81.1782,8.5115],[81.2,8.4592],[81.2624,8.4569],[81.304,8.4326],[81.304,8.4583],[81.2958,8.4465],[81.2809,8.4568],[81.2831,8.5032],[81.3222,8.5224],[81.3525,8.4915],[81.4078,8.2419],[81.4741,8.0405],[81.5458,7.9465],[81.5833,7.9211],[81.5644,7.8953],[81.5831,7.8422],[81.6221,7.825],[81.6544,7.7729],[81.7008,7.7503],[81.7586,7.6581],[81.8664,7.3226],[81.8562,7.1227],[81.879,7.0223],[81.8651,6.9859],[81.8489,6.9896],[81.865,6.9674],[81.8364,6.8853],[81.8456,6.8705],[81.8211,6.8621],[81.8405,6.8375],[81.8222,6.8129],[81.8244,6.7651],[81.8084,6.7647],[81.8211,6.7602],[81.7719,6.6717],[81.7614,6.5972],[81.6935,6.4866],[81.6147,6.4213],[81.5973,6.4241],[81.6163,6.4151],[81.5653,6.3725],[81.5012,6.3491],[81.481,6.3119],[81.4401,6.2955],[81.3997,6.2492],[81.324,6.2011],[81.2431,6.1817],[81.227,6.1644],[81.2019,6.1624],[81.197,6.1776],[81.1307,6.1212],[81.0167,6.1071],[80.8746,6.0596],[80.8626,6.0426],[80.8074,6.0367],[80.7179,5.9601],[80.6254,5.947],[80.5907,5.9196],[80.5695,5.9391],[80.4743,5.9369],[80.4488,5.9433],[80.4534,5.9624],[80.4389,5.971],[80.4179,5.955],[80.2442,6.0069],[80.2392,6.0313],[80.2185,6.0229],[80.1279,6.0971],[80.0884,6.1657],[80.0617,6.1927],[79.9998,6.4235],[79.975,6.4623],[79.9822,6.5117],[79.8734,6.7934],[79.8431,6.9333],[79.8712,6.9756],[79.869,7.0027],[79.819,7.1934],[79.8592,7.2756],[79.8445,7.2761],[79.8027,7.4826],[79.7977,7.7275],[79.7513,7.9316],[79.7061,8.0557],[79.6988,8.132],[79.7065,8.1124],[79.6987,8.2133],[79.7211,8.2213],[79.7381,8.28],[79.7478,8.2905],[79.7506,8.3028],[79.7806,8.3492],[79.7548,8.3049],[79.7641,8.3007],[79.7526,8.2859],[79.7509,8.2616],[79.754,8.259],[79.7588,8.2693],[79.7631,8.2688],[79.7577,8.2565],[79.7269,8.2296],[79.7751,8.2575],[79.7687,8.2175],[79.7557,8.226],[79.7382,8.2027],[79.7488,8.1825],[79.7278,8.1232],[79.7338,8.0745],[79.7497,8.0613],[79.7368,8.0179],[79.7456,7.9943],[79.8186,7.9719],[79.8082,7.8839],[79.8265,7.9206],[79.8354,8.014],[79.7921,8.0678],[79.8086,8.0611],[79.7969,8.0796],[79.8349,8.1304],[79.8185,8.2035],[79.7972,8.2214],[79.8117,8.2196],[79.7993,8.233],[79.8342,8.2919],[79.8476,8.2742],[79.8584,8.2846],[79.8362,8.3011],[79.8445,8.4289],[79.8645,8.4541],[79.8709,8.5352],[79.9263,8.559],[79.9195,8.5852],[79.9493,8.6333],[79.96,8.7241],[79.9275,8.7925],[79.9401,8.8068],[79.9262,8.8001],[79.9307,8.8147],[79.9197,8.8178],[79.9358,8.8913],[79.9126,8.9302],[80.0403,9.0133],[80.0661,9.0562],[80.0857,9.0999],[80.0776,9.1226],[80.1173,9.2072],[80.1116,9.2768],[80.1278,9.2906],[80.089,9.3275],[80.0676,9.3287],[80.0551,9.3914],[80.1466,9.4347],[80.1861,9.4827],[80.1448,9.5385],[80.0541,9.598],[80.0634,9.6101],[80.173,9.5431],[80.1944,9.546],[80.2133,9.53],[80.2309,9.5307],[80.2447,9.518],[80.2804,9.4949],[80.26,9.4953],[80.2541,9.5014],[80.2492,9.5001],[80.2568,9.4818],[80.2617,9.4834],[80.2777,9.4757],[80.2501,9.4753],[80.249,9.4703],[80.2841,9.4513],[80.3325,9.4552],[80.3404,9.4709],[80.3468,9.4627],[80.3593,9.4636],[80.3904,9.4824],[80.3904,9.4768],[80.3955,9.4717],[80.3931,9.5141],[80.2938,9.5937],[80.1699,9.6559],[80.1559,9.6465],[80.1586,9.6317],[80.1732,9.6368],[80.1615,9.6241],[80.1832,9.6232],[80.1751,9.6073],[80.1571,9.6148],[80.1245,9.6081],[80.0518,9.6476],[80.0204,9.6491],[79.971,9.7077],[79.9438,9.691],[79.9099,9.7587],[79.9528,9.7921],[80.0224,9.8126],[80.1056,9.8059],[80.2147,9.8314],[80.2386,9.8235]]],[[[74.7216,13.2204],[74.7182,13.2214],[74.7202,13.2234],[74.7216,13.2204]]],[[[74.7261,13.2235],[74.7246,13.2251],[74.7253,13.2255],[74.7261,13.2235]]],[[[74.7132,13.2372],[74.7113,13.2373],[74.7126,13.2378],[74.7132,13.2372]]],[[[74.6866,13.26],[74.6851,13.2615],[74.6864,13.2627],[74.6866,13.26]]],[[[74.6824,13.2632],[74.6813,13.2659],[74.6826,13.2664],[74.6824,13.2632]]],[[[74.6958,13.2754],[74.6923,13.2776],[74.6953,13.2789],[74.6958,13.2754]]],[[[74.693,13.2828],[74.6916,13.281],[74.6919,13.283],[74.693,13.2828]]],[[[74.6866,13.3263],[74.685,13.3266],[74.6858,13.3272],[74.6866,13.3263]]],[[[74.6783,13.3402],[74.6771,13.3389],[74.6772,13.3399],[74.6783,13.3402]]],[[[74.6725,13.3593],[74.6723,13.3617],[74.6735,13.361],[74.6725,13.3593]]],[[[74.6668,13.3763],[74.6665,13.373],[74.6652,13.3757],[74.6668,13.3763]]],[[[74.4756,14.0091],[74.4729,14.011],[74.4764,14.0124],[74.4756,14.0091]]],[[[74.4835,14.0238],[74.4799,14.0248],[74.4835,14.0253],[74.4835,14.0238]]],[[[74.4666,14.084],[74.4634,14.0859],[74.4654,14.0868],[74.4666,14.084]]],[[[74.4786,14.0953],[74.4748,14.0931],[74.4746,14.0957],[74.4786,14.0953]]],[[[74.4706,14.1051],[74.4668,14.1079],[74.4689,14.1094],[74.4706,14.1051]]],[[[74.3985,14.3133],[74.3938,14.3089],[74.3921,14.3117],[74.3985,14.3133]]],[[[74.2486,14.6996],[74.246,14.702],[74.2488,14.7011],[74.2486,14.6996]]],[[[74.2345,14.7079],[74.2316,14.7096],[74.2353,14.7098],[74.2345,14.7079]]],[[[74.1448,14.7213],[74.1441,14.7229],[74.145,14.7222],[74.1448,14.7213]]],[[[74.1524,14.7386],[74.1492,14.7349],[74.1488,14.7389],[74.1524,14.7386]]],[[[74.0961,14.8432],[74.0918,14.8414],[74.0919,14.8455],[74.0961,14.8432]]],[[[74.1,14.8622],[74.0991,14.8645],[74.0999,14.8645],[74.1,14.8622]]],[[[74.0919,14.8759],[74.0891,14.8748],[74.0899,14.8778],[74.0919,14.8759]]],[[[97.7389,15.0666],[97.7274,15.0641],[97.739,15.0756],[97.7389,15.0666]]],[[[97.744,15.0871],[97.7371,15.088],[97.7381,15.0962],[97.744,15.0871]]],[[[97.7407,15.2026],[97.7301,15.2004],[97.7351,15.2072],[97.7407,15.2026]]],[[[73.7896,15.3719],[73.7865,15.3772],[73.7904,15.3776],[73.7896,15.3719]]],[[[97.6462,15.5884],[97.6649,15.5236],[97.6552,15.494],[97.6462,15.5884]]],[[[95.0718,15.6742],[95.0564,15.6728],[95.0717,15.6793],[95.0718,15.6742]]],[[[95.2699,15.6787],[95.2641,15.6731],[95.2634,15.6823],[95.2699,15.6787]]],[[[95.0605,15.7203],[95.0181,15.7194],[95.0568,15.7419],[95.0605,15.7203]]],[[[95.0689,15.8164],[95.0534,15.8195],[95.0646,15.8444],[95.0689,15.8164]]],[[[95.0666,15.8747],[95.0606,15.8772],[95.0651,15.8834],[95.0666,15.8747]]],[[[94.8409,15.8952],[94.8346,15.8899],[94.8309,15.9062],[94.8409,15.8952]]],[[[94.4628,15.9129],[94.4518,15.9193],[94.464,15.9157],[94.4628,15.9129]]],[[[73.5407,15.925],[73.5379,15.9247],[73.5395,15.9267],[73.5407,15.925]]],[[[94.8107,15.7875],[94.7375,15.7916],[94.7306,15.814],[94.8088,15.9425],[94.8402,15.869],[94.8107,15.7875]]],[[[94.5213,15.9208],[94.5155,15.9292],[94.5225,15.9426],[94.5213,15.9208]]],[[[95.3142,15.9296],[95.3209,15.9478],[95.3327,15.9568],[95.3321,15.9424],[95.3142,15.9296]]],[[[94.6686,15.9667],[94.6578,15.9625],[94.6672,15.9685],[94.6686,15.9667]]],[[[95.3453,15.9583],[95.3384,15.9631],[95.3453,15.9714],[95.3453,15.9583]]],[[[73.4707,15.9724],[73.4688,15.9732],[73.4701,15.9747],[73.4707,15.9724]]],[[[95.241,15.9118],[95.2378,15.9276],[95.2678,15.9852],[95.2682,15.9572],[95.241,15.9118]]],[[[95.104,15.939],[95.1036,15.9645],[95.1207,15.9944],[95.1186,15.9526],[95.104,15.939]]],[[[73.4957,15.9712],[73.4863,15.9812],[73.4838,16.0],[73.4877,16.0],[73.4957,15.9712]]],[[[94.3422,16.0097],[94.3218,15.978],[94.2819,15.9911],[94.3322,16.0117],[94.3422,16.0097]]],[[[95.0846,16.0328],[95.0752,16.0156],[95.0836,16.0383],[95.0846,16.0328]]],[[[94.6944,16.0016],[94.7016,16.0264],[94.7171,16.0504],[94.7196,16.0274],[94.6944,16.0016]]],[[[94.8619,16.0538],[94.8491,16.0],[94.8075,15.9799],[94.845,16.0629],[94.8619,16.0538]]],[[[95.3453,16.0479],[95.3256,15.9681],[95.2736,15.8683],[95.2366,15.8652],[95.273,15.9563],[95.2799,16.022],[95.3198,16.079],[95.3453,16.0479]]],[[[94.6513,16.0928],[94.6425,16.0649],[94.6173,16.0416],[94.6513,16.0928]]],[[[95.1806,16.075],[95.1811,16.025],[95.1377,16.0363],[95.0987,15.9801],[95.1121,16.0688],[95.1719,16.1117],[95.2106,16.1027],[95.1806,16.075]]],[[[95.1586,16.1178],[95.1399,16.1177],[95.1617,16.1199],[95.1586,16.1178]]],[[[94.6684,16.1227],[94.665,16.1337],[94.6683,16.1346],[94.6684,16.1227]]],[[[94.5203,16.1307],[94.5276,16.1457],[94.5448,16.1502],[94.5345,16.1377],[94.5203,16.1307]]],[[[95.1362,16.1514],[95.1272,16.1448],[95.1336,16.1565],[95.1362,16.1514]]],[[[95.3263,16.1146],[95.3112,16.1458],[95.3183,16.1719],[95.3666,16.2017],[95.3641,16.1565],[95.3263,16.1146]]],[[[95.8876,16.2228],[95.8727,16.2216],[95.8943,16.2393],[95.8876,16.2228]]],[[[94.6367,16.0898],[94.5953,16.038],[94.5788,16.0516],[94.5903,16.0994],[94.5718,16.0745],[94.573,16.0451],[94.5966,16.0307],[94.5938,16.0155],[94.5131,15.9889],[94.4469,15.9199],[94.4051,15.8387],[94.3863,16.0],[94.4535,16.0189],[94.5847,16.1991],[94.6492,16.2476],[94.6728,16.2033],[94.6367,16.0898]]],[[[94.6604,16.2697],[94.6579,16.2763],[94.6624,16.2782],[94.6604,16.2697]]],[[[94.5347,16.2006],[94.5185,16.2316],[94.5266,16.2838],[94.5602,16.2407],[94.5347,16.2006]]],[[[95.9016,16.2554],[95.9031,16.273],[95.9078,16.2866],[95.9133,16.2749],[95.9016,16.2554]]],[[[94.6827,16.2978],[94.6777,16.3019],[94.6812,16.3123],[94.6827,16.2978]]],[[[97.5936,16.2399],[97.5769,16.2936],[97.5955,16.3324],[97.6161,16.2774],[97.5936,16.2399]]],[[[95.9615,16.2951],[95.9577,16.3129],[95.9577,16.3487],[95.9672,16.3175],[95.9615,16.2951]]],[[[96.0779,16.3521],[96.0721,16.3487],[96.0648,16.3563],[96.0779,16.3521]]],[[[95.8751,16.2001],[95.9178,16.273],[95.913,16.3313],[95.9399,16.3786],[95.9563,16.3263],[95.9441,16.2474],[95.8751,16.2001]]],[[[94.5831,16.2227],[94.5746,16.2472],[94.6086,16.2773],[94.6139,16.3189],[94.6499,16.3302],[94.6864,16.3779],[94.6279,16.2577],[94.5831,16.2227]]],[[[96.021,16.2485],[95.927,16.2097],[95.9519,16.2379],[95.9703,16.3017],[95.971,16.3446],[95.9938,16.382],[96.0736,16.3414],[96.0835,16.3147],[96.021,16.2485]]],[[[95.9343,16.3798],[95.9279,16.3735],[95.9334,16.3835],[95.9343,16.3798]]],[[[95.9515,16.3792],[95.9437,16.3836],[95.9477,16.39],[95.9515,16.3792]]],[[[94.6979,16.3684],[94.6979,16.3876],[94.7024,16.3906],[94.7021,16.3785],[94.6979,16.3684]]],[[[95.9399,16.3965],[95.9325,16.3958],[95.9327,16.3981],[95.9399,16.3965]]],[[[96.0071,16.3859],[95.9936,16.3955],[95.9936,16.399],[96.0071,16.3859]]],[[[95.9658,16.3464],[95.9522,16.3705],[95.9586,16.4063],[95.9924,16.3898],[95.9658,16.3464]]],[[[97.6046,16.3789],[97.601,16.3972],[97.6051,16.4101],[97.6131,16.3953],[97.6046,16.3789]]],[[[96.3192,16.4688],[96.309,16.4677],[96.3076,16.4757],[96.3192,16.4688]]],[[[97.5905,16.4882],[97.5739,16.4879],[97.5694,16.493],[97.5905,16.4882]]],[[[97.5793,16.4835],[97.6081,16.4883],[97.6162,16.4666],[97.5794,16.3995],[97.5904,16.3597],[97.5642,16.2884],[97.5721,16.2436],[97.5543,16.2238],[97.5084,16.2396],[97.4639,16.3021],[97.4565,16.3187],[97.482,16.3525],[97.4711,16.3576],[97.478,16.3796],[97.4418,16.4469],[97.472,16.4712],[97.4489,16.4675],[97.4547,16.4823],[97.5023,16.5124],[97.5793,16.4835]]],[[[97.5532,16.5085],[97.5349,16.5081],[97.5285,16.5115],[97.5532,16.5085]]],[[[97.6557,16.5165],[97.6474,16.5138],[97.6558,16.5234],[97.6557,16.5165]]],[[[97.6083,16.5085],[97.5876,16.5066],[97.5555,16.5248],[97.6083,16.5085]]],[[[97.5148,16.5236],[97.4991,16.5271],[97.5211,16.5336],[97.5148,16.5236]]],[[[97.7152,16.5643],[97.7047,16.5617],[97.7036,16.5633],[97.7152,16.5643]]],[[[97.6425,16.5286],[97.6262,16.5365],[97.6435,16.5772],[97.6647,16.5554],[97.6425,16.5286]]],[[[97.6573,16.5738],[97.6481,16.5787],[97.6515,16.5872],[97.6573,16.5738]]],[[[96.1866,16.4686],[96.1983,16.4864],[96.1788,16.5142],[96.1851,16.5578],[96.1782,16.581],[96.2296,16.6002],[96.2628,16.5187],[96.3026,16.4722],[96.2944,16.4457],[96.3266,16.4653],[96.3211,16.447],[96.336,16.4437],[96.3069,16.408],[96.155,16.322],[96.1044,16.3223],[96.0914,16.3535],[96.109,16.3796],[96.1432,16.3846],[96.1668,16.414],[96.1488,16.4548],[96.1585,16.453],[96.1804,16.4603],[96.1866,16.4686]]],[[[97.6359,16.5736],[97.6122,16.58],[97.6261,16.6184],[97.6445,16.6024],[97.6359,16.5736]]],[[[96.3107,16.8499],[96.3016,16.8461],[96.3033,16.8612],[96.3107,16.8499]]],[[[97.1871,16.8463],[97.183,16.8705],[97.1928,16.8777],[97.1989,16.8658],[97.1871,16.8463]]],[[[96.6759,17.3463],[96.6653,17.3236],[96.655,17.3371],[96.6759,17.3463]]],[[[96.778,17.3694],[96.7677,17.3663],[96.7776,17.3754],[96.778,17.3694]]],[[[96.8399,17.4047],[96.7884,17.3795],[96.7385,17.4383],[96.792,17.4828],[96.8399,17.4047]]],[[[94.5929,17.5688],[94.5871,17.5687],[94.588,17.5735],[94.5929,17.5688]]],[[[83.4669,17.9095],[83.4535,17.9115],[83.4631,17.9187],[83.4669,17.9095]]],[[[94.4506,18.1328],[94.4417,18.1332],[94.4503,18.1388],[94.4506,18.1328]]],[[[94.3823,18.3461],[94.371,18.3442],[94.3806,18.3498],[94.3823,18.3461]]],[[[94.2478,18.5369],[94.2351,18.5354],[94.2353,18.5403],[94.2478,18.5369]]],[[[72.8151,18.7014],[72.8047,18.7003],[72.8072,18.7045],[72.8151,18.7014]]],[[[72.8424,18.7075],[72.8332,18.7041],[72.84,18.7114],[72.8424,18.7075]]],[[[72.8456,18.7691],[72.8349,18.7678],[72.8432,18.7728],[72.8456,18.7691]]],[[[72.8502,18.7868],[72.844,18.7916],[72.8501,18.7971],[72.8502,18.7868]]],[[[94.1131,18.8492],[94.1386,18.8543],[94.1191,18.8079],[94.087,18.8479],[94.1155,18.8697],[94.1131,18.8492]]],[[[72.9321,18.9527],[72.9223,18.9629],[72.9424,18.9688],[72.9389,18.9654],[72.9321,18.9527]]],[[[73.0594,19.0065],[73.0493,19.0066],[73.0566,19.0171],[73.0594,19.0065]]],[[[94.0394,19.0214],[94.0409,19.0389],[94.0542,19.0382],[94.0545,19.0336],[94.0394,19.0214]]],[[[94.0403,19.0527],[94.0186,19.0454],[94.0375,19.0623],[94.0403,19.0527]]],[[[94.0167,19.1014],[93.9972,19.103],[94.0165,19.106],[94.0167,19.1014]]],[[[93.9587,19.1045],[93.9352,19.1515],[93.9677,19.1238],[93.9587,19.1045]]],[[[93.924,19.174],[93.9201,19.1818],[93.9226,19.1778],[93.924,19.174]]],[[[93.8623,19.2974],[93.8622,19.2975],[93.8623,19.2975],[93.8623,19.2974]]],[[[72.8672,19.3274],[72.8447,19.3312],[72.838,19.3354],[72.8516,19.3378],[72.8672,19.3274]]],[[[94.0555,19.3461],[94.0403,19.3418],[94.0545,19.3488],[94.0555,19.3461]]],[[[72.7371,19.4707],[72.7327,19.4608],[72.7286,19.4696],[72.7371,19.4707]]],[[[93.7689,19.5315],[93.8592,19.5001],[93.8301,19.4819],[93.7689,19.5315]]],[[[93.6626,19.5572],[93.643,19.5409],[93.6343,19.5488],[93.6397,19.5666],[93.6626,19.5572]]],[[[93.6743,19.5716],[93.659,19.5754],[93.6597,19.5781],[93.6743,19.5716]]],[[[93.7184,19.5938],[93.7067,19.5966],[93.7034,19.6042],[93.7184,19.5938]]],[[[93.6354,19.6136],[93.6225,19.6185],[93.5988,19.612],[93.6156,19.6299],[93.6354,19.6136]]],[[[93.6614,19.6301],[93.6539,19.6291],[93.6549,19.6392],[93.6614,19.6301]]],[[[93.5469,19.649],[93.5372,19.6529],[93.5373,19.6578],[93.5469,19.649]]],[[[93.7,19.6579],[93.6921,19.6539],[93.6886,19.6621],[93.7,19.6579]]],[[[93.5894,19.6599],[93.5746,19.648],[93.5628,19.6584],[93.5801,19.6701],[93.5894,19.6599]]],[[[93.814,19.7108],[93.8094,19.7149],[93.8121,19.7273],[93.814,19.7108]]],[[[93.4652,19.73],[93.495,19.7145],[93.5049,19.6875],[93.4652,19.73]]],[[[93.5022,19.7176],[93.4829,19.7251],[93.4726,19.7381],[93.4967,19.7301],[93.5022,19.7176]]],[[[93.5891,19.7461],[93.572,19.7093],[93.5452,19.7002],[93.5539,19.687],[93.5246,19.6804],[93.5162,19.7214],[93.5825,19.7697],[93.5891,19.7461]]],[[[93.704,19.7568],[93.69,19.7132],[93.6318,19.7184],[93.6559,19.7784],[93.6663,19.76],[93.6911,19.7895],[93.704,19.7568]]],[[[93.5518,19.7607],[93.5456,19.7889],[93.5806,19.7961],[93.5772,19.782],[93.5518,19.7607]]],[[[93.4054,19.7978],[93.3998,19.8001],[93.4035,19.8074],[93.4054,19.7978]]],[[[93.7368,19.7887],[93.6991,19.7962],[93.7435,19.8326],[93.7452,19.8097],[93.7368,19.7887]]],[[[93.5822,19.8034],[93.5507,19.8014],[93.5446,19.8059],[93.583,19.8359],[93.5964,19.8282],[93.5822,19.8034]]],[[[93.7265,19.8506],[93.7326,19.8242],[93.6781,19.7891],[93.6827,19.8216],[93.7265,19.8506]]],[[[93.6423,19.8601],[93.7012,19.8521],[93.5996,19.7099],[93.593,19.7818],[93.6301,19.8135],[93.6423,19.8601]]],[[[93.7634,19.8635],[93.7925,19.8314],[93.7771,19.7662],[93.7124,19.7645],[93.7041,19.7837],[93.7335,19.7817],[93.7469,19.7906],[93.7545,19.8254],[93.7409,19.8452],[93.7634,19.8635]]],[[[93.7206,19.8914],[93.7113,19.8909],[93.7106,19.8934],[93.7206,19.8914]]],[[[93.6945,19.8948],[93.719,19.882],[93.7357,19.8838],[93.7369,19.8696],[93.6902,19.8775],[93.6633,19.8581],[93.6547,19.8793],[93.6945,19.8948]]],[[[93.5751,19.8794],[93.5936,19.9044],[93.6058,19.9024],[93.5855,19.8796],[93.5751,19.8794]]],[[[93.6607,19.9012],[93.5996,19.843],[93.5459,19.8272],[93.5471,19.8669],[93.5941,19.8746],[93.6184,19.9037],[93.6607,19.9012]]],[[[93.5187,19.8667],[93.5011,19.9039],[93.5199,19.9157],[93.531,19.9023],[93.5187,19.8667]]],[[[93.7233,19.9209],[93.7142,19.9279],[93.7264,19.9232],[93.7233,19.9209]]],[[[93.5093,19.9231],[93.4897,19.9217],[93.5036,19.9304],[93.5093,19.9231]]],[[[93.4994,19.9347],[93.4678,19.9349],[93.4991,19.9572],[93.4994,19.9347]]],[[[93.3958,19.9583],[93.4274,19.9541],[93.4602,19.9091],[93.4978,19.8995],[93.5081,19.8392],[93.4692,19.8297],[93.499,19.8213],[93.5212,19.7592],[93.5112,19.7345],[93.4446,19.7876],[93.4313,19.8676],[93.3966,19.9247],[93.3958,19.9583]]],[[[93.4629,19.939],[93.4711,19.9623],[93.4875,19.9522],[93.4779,19.9436],[93.4629,19.939]]],[[[93.4864,19.9612],[93.4747,19.9808],[93.4747,19.9909],[93.497,19.9809],[93.4864,19.9612]]],[[[93.4609,19.9581],[93.4445,19.9836],[93.4499,19.9931],[93.4636,19.9765],[93.4609,19.9581]]],[[[93.1601,20.0194],[93.1299,20.0388],[93.1267,20.0519],[93.1381,20.0532],[93.1601,20.0194]]],[[[93.1284,20.062],[93.1188,20.0584],[93.1264,20.0691],[93.1284,20.062]]],[[[93.1585,20.0669],[93.1752,20.0428],[93.1373,20.0718],[93.1585,20.0669]]],[[[93.3333,20.0521],[93.3316,20.0642],[93.3391,20.0728],[93.3416,20.066],[93.3333,20.0521]]],[[[93.0828,20.0723],[93.1073,20.0534],[93.0077,20.1174],[93.0682,20.116],[93.0828,20.0723]]],[[[93.328,20.1069],[93.3118,20.1313],[93.3129,20.1366],[93.3256,20.1211],[93.328,20.1069]]],[[[93.1267,20.079],[93.1119,20.0615],[93.0987,20.0779],[93.0949,20.0879],[93.1195,20.0869],[93.0855,20.1002],[93.0736,20.1239],[93.0877,20.1388],[93.1092,20.1359],[93.1267,20.079]]],[[[93.0665,20.1258],[93.0674,20.1456],[93.0863,20.1643],[93.0895,20.1485],[93.0665,20.1258]]],[[[93.2991,20.0481],[93.2862,20.0946],[93.3034,20.1704],[93.3109,20.1152],[93.3309,20.0821],[93.2991,20.0481]]],[[[93.0953,20.1603],[93.095,20.1789],[93.113,20.179],[93.1024,20.1719],[93.0953,20.1603]]],[[[93.2119,20.1599],[93.2312,20.113],[93.2035,20.0935],[93.1892,20.0627],[93.1329,20.0846],[93.1113,20.1403],[93.0981,20.1542],[93.123,20.1798],[93.1717,20.1884],[93.1898,20.168],[93.2119,20.1599]]],[[[92.965,20.1694],[92.9516,20.1975],[92.9752,20.2112],[92.978,20.1795],[92.965,20.1694]]],[[[92.9744,20.2179],[92.9608,20.2151],[92.9804,20.2315],[92.9744,20.2179]]],[[[92.9286,20.1897],[92.9164,20.2045],[92.9252,20.2444],[92.9426,20.2506],[92.9504,20.2119],[92.9286,20.1897]]],[[[93.2528,20.1437],[93.2845,20.1445],[93.2744,20.0854],[93.2911,20.0604],[93.275,20.0333],[93.2057,20.0497],[93.2079,20.0922],[93.2467,20.116],[93.2317,20.1537],[93.1829,20.1916],[93.2081,20.2124],[93.2167,20.2346],[93.2528,20.2428],[93.2513,20.2636],[93.2766,20.2438],[93.3004,20.1904],[93.2837,20.1579],[93.2528,20.1437]]],[[[86.7002,20.2874],[86.6889,20.2951],[86.7088,20.2939],[86.7002,20.2874]]],[[[93.2728,20.2683],[93.2347,20.2758],[93.2548,20.3126],[93.2708,20.3147],[93.2636,20.2969],[93.2728,20.2683]]],[[[93.3231,20.3224],[93.3364,20.2789],[93.3577,20.27],[93.3906,20.2092],[93.4112,20.1214],[93.4012,20.1103],[93.3839,20.1859],[93.3959,20.1024],[93.3666,20.084],[93.3799,20.0275],[93.3672,20.0156],[93.3556,20.0728],[93.3143,20.1414],[93.3067,20.2079],[93.2713,20.2575],[93.2776,20.2882],[93.2677,20.2972],[93.2839,20.3204],[93.3231,20.3224]]],[[[93.2914,20.353],[93.2847,20.3436],[93.2902,20.3544],[93.2914,20.353]]],[[[92.7522,20.3624],[92.7468,20.3513],[92.7418,20.3584],[92.7522,20.3624]]],[[[93.1334,20.3059],[93.1755,20.3243],[93.2152,20.3051],[93.143,20.2188],[93.1272,20.2428],[93.1284,20.2167],[93.0046,20.1324],[92.9958,20.1906],[93.0221,20.2687],[93.0399,20.2773],[93.04,20.3263],[93.0911,20.3689],[93.12,20.3744],[93.1322,20.3447],[93.1199,20.3296],[93.1288,20.321],[93.1403,20.3166],[93.1334,20.3059]]],[[[92.8766,20.4023],[92.8882,20.3848],[92.8454,20.3947],[92.8766,20.4023]]],[[[92.8278,20.4109],[92.8169,20.4066],[92.8166,20.4091],[92.8278,20.4109]]],[[[92.7623,20.4322],[92.8214,20.4216],[92.8122,20.4063],[92.8664,20.3114],[92.8411,20.2875],[92.7948,20.2773],[92.8025,20.3036],[92.8357,20.3129],[92.8128,20.3389],[92.8143,20.3141],[92.8056,20.3113],[92.7807,20.2786],[92.7647,20.3199],[92.7623,20.4322]]],[[[86.7937,20.391],[86.7909,20.4204],[86.8043,20.4822],[86.8161,20.4409],[86.7937,20.391]]],[[[92.8048,20.4859],[92.7789,20.4549],[92.7891,20.4417],[92.7636,20.4417],[92.7559,20.4701],[92.7683,20.4705],[92.7972,20.4995],[92.8048,20.4859]]],[[[93.1093,20.4186],[93.0785,20.4073],[93.0778,20.3641],[93.0435,20.3504],[93.038,20.423],[93.0851,20.5053],[93.1093,20.4186]]],[[[92.7219,20.5749],[92.7008,20.5817],[92.6991,20.6049],[92.7219,20.5749]]],[[[72.8793,20.6887],[72.89,20.6884],[72.8883,20.6806],[72.8793,20.6887]]],[[[92.3588,20.7157],[92.356,20.7193],[92.3591,20.7199],[92.3588,20.7157]]],[[[92.6335,20.6965],[92.6086,20.6838],[92.5844,20.7087],[92.6185,20.7141],[92.6353,20.7243],[92.6335,20.6965]]],[[[72.8697,20.7172],[72.877,20.7253],[72.8737,20.6908],[72.8667,20.7131],[72.8576,20.706],[72.8726,20.6676],[72.8785,20.6761],[72.8779,20.6457],[72.8474,20.7183],[72.8454,20.7442],[72.8697,20.7172]]],[[[72.8752,20.7521],[72.8613,20.7556],[72.8767,20.754],[72.8752,20.7521]]],[[[92.5627,20.7432],[92.5806,20.749],[92.5749,20.7317],[92.5864,20.7294],[92.5754,20.7211],[92.5491,20.7402],[92.5512,20.757],[92.5627,20.7432]]],[[[72.8726,20.768],[72.8648,20.7678],[72.866,20.7692],[72.8726,20.768]]],[[[72.9361,20.7636],[72.932,20.7705],[72.9412,20.7674],[72.9361,20.7636]]],[[[72.856,20.7635],[72.8404,20.7752],[72.8406,20.7799],[72.856,20.7635]]],[[[72.8436,20.7883],[72.8407,20.7969],[72.8444,20.7987],[72.8436,20.7883]]],[[[72.817,20.91],[72.807,20.9073],[72.8173,20.919],[72.817,20.91]]],[[[72.831,20.8052],[72.815,20.8357],[72.7824,20.9205],[72.8226,20.8256],[72.8415,20.8054],[72.831,20.8052]]],[[[72.769,20.9288],[72.7669,20.9279],[72.7658,20.9312],[72.769,20.9288]]],[[[92.2969,20.9277],[92.2813,20.9476],[92.3007,20.9774],[92.3098,20.9528],[92.2969,20.9277]]],[[[72.7868,20.9919],[72.7723,20.9793],[72.7658,20.9849],[72.7751,20.9933],[72.7868,20.9919]]],[[[92.3326,20.9939],[92.3552,20.9436],[92.3145,20.9072],[92.3036,20.9269],[92.3159,20.9543],[92.3067,20.9822],[92.3326,20.9939]]],[[[92.2638,21.0272],[92.2566,21.0234],[92.2613,21.0311],[92.2638,21.0272]]],[[[72.8453,21.0376],[72.8357,21.0425],[72.8453,21.0424],[72.8453,21.0376]]],[[[72.7284,21.0435],[72.7242,21.0561],[72.7291,21.0475],[72.7284,21.0435]]],[[[92.2201,21.109],[92.211,21.1081],[92.2168,21.1148],[92.2201,21.109]]],[[[92.2179,21.1304],[92.2124,21.1257],[92.2076,21.1318],[92.2179,21.1304]]],[[[72.6976,21.1357],[72.6957,21.1415],[72.6983,21.1384],[72.6976,21.1357]]],[[[88.1948,21.5545],[88.1999,21.57],[88.214,21.5284],[88.1899,21.5446],[88.1738,21.5858],[88.1948,21.5545]]],[[[88.5488,21.5337],[88.5304,21.5249],[88.4864,21.5467],[88.4997,21.5997],[88.5382,21.5822],[88.5488,21.5337]]],[[[88.8767,21.5333],[88.8353,21.5592],[88.8438,21.6063],[88.9085,21.5719],[88.9119,21.5463],[88.8767,21.5333]]],[[[92.0109,21.5983],[92.0041,21.6176],[92.0071,21.6241],[92.0135,21.6135],[92.0109,21.5983]]],[[[72.7402,21.6376],[72.8073,21.6385],[72.7932,21.6206],[72.6902,21.5999],[72.6692,21.5706],[72.6228,21.5682],[72.6295,21.5877],[72.6119,21.6056],[72.6372,21.6122],[72.6387,21.6287],[72.7358,21.6496],[72.7402,21.6376]]],[[[88.5654,21.556],[88.5161,21.6059],[88.5266,21.6569],[88.5929,21.607],[88.5955,21.5862],[88.5654,21.556]]],[[[92.0072,21.6281],[92.0021,21.6463],[92.0303,21.6683],[92.0347,21.6491],[92.0072,21.6281]]],[[[72.8784,21.6802],[72.8683,21.6724],[72.8578,21.6764],[72.8784,21.6802]]],[[[88.6459,21.6462],[88.6324,21.6546],[88.6509,21.6829],[88.6459,21.6462]]],[[[88.3518,21.6872],[88.3508,21.6151],[88.3264,21.6021],[88.316,21.615],[88.3233,21.7035],[88.3518,21.6872]]],[[[88.5229,21.7156],[88.572,21.6819],[88.5599,21.6377],[88.5332,21.6558],[88.5229,21.7156]]],[[[88.2186,21.6736],[88.2331,21.6742],[88.2393,21.647],[88.2218,21.6272],[88.2219,21.6019],[88.1876,21.6808],[88.2151,21.7158],[88.2211,21.7034],[88.2026,21.6903],[88.2186,21.6736]]],[[[88.762,21.6462],[88.7787,21.6526],[88.782,21.6162],[88.8062,21.5887],[88.7996,21.5749],[88.7391,21.5609],[88.7126,21.5765],[88.7252,21.6306],[88.6902,21.6844],[88.6971,21.7184],[88.7103,21.6829],[88.762,21.6462]]],[[[89.3542,21.7008],[89.3353,21.6995],[89.3422,21.7214],[89.3542,21.7008]]],[[[88.2152,21.722],[88.1999,21.7108],[88.212,21.7319],[88.2152,21.722]]],[[[88.3078,21.7303],[88.3014,21.7282],[88.3016,21.7348],[88.3078,21.7303]]],[[[91.9718,21.505],[91.9344,21.73],[91.9399,21.735],[91.9484,21.6934],[91.989,21.6196],[91.9718,21.505]]],[[[72.5694,21.753],[72.5944,21.7488],[72.5627,21.7445],[72.5694,21.753]]],[[[91.9332,21.737],[91.9298,21.7575],[91.9416,21.7483],[91.9332,21.737]]],[[[89.2843,21.7036],[89.2613,21.6969],[89.2926,21.6939],[89.2953,21.6711],[89.2631,21.65],[89.1998,21.6592],[89.2319,21.7014],[89.2199,21.7399],[89.2401,21.7552],[89.2917,21.7472],[89.2843,21.7036]]],[[[88.3724,21.7312],[88.4033,21.7103],[88.3778,21.6847],[88.3606,21.6916],[88.3486,21.7126],[88.3573,21.7176],[88.36,21.7617],[88.4005,21.7602],[88.3724,21.7312]]],[[[91.9417,21.7736],[91.9292,21.7609],[91.927,21.7744],[91.9417,21.7736]]],[[[88.2156,21.7564],[88.2088,21.7409],[88.21,21.7763],[88.2156,21.7564]]],[[[88.6158,21.7249],[88.5867,21.7213],[88.5905,21.7451],[88.5729,21.7718],[88.587,21.7766],[88.5909,21.7566],[88.6224,21.7421],[88.6158,21.7249]]],[[[72.5834,21.775],[72.5724,21.7741],[72.5815,21.7771],[72.5834,21.775]]],[[[88.6178,21.7021],[88.6055,21.7109],[88.6277,21.7412],[88.5968,21.7582],[88.5942,21.7781],[88.6169,21.788],[88.6377,21.7533],[88.6178,21.7021]]],[[[88.118,21.7844],[88.1454,21.7562],[88.1315,21.7347],[88.1449,21.7002],[88.1361,21.6857],[88.1507,21.6709],[88.1466,21.6232],[88.0993,21.639],[88.0858,21.6304],[88.0496,21.6523],[88.0901,21.7851],[88.118,21.7844]]],[[[88.298,21.7928],[88.3134,21.7922],[88.3183,21.7914],[88.3091,21.7865],[88.298,21.7928]]],[[[88.4865,21.7932],[88.4591,21.7264],[88.4841,21.675],[88.4526,21.6002],[88.4295,21.6003],[88.4483,21.6233],[88.427,21.6599],[88.4273,21.6899],[88.4436,21.7026],[88.4366,21.7671],[88.4564,21.7929],[88.4865,21.7932]]],[[[88.5304,21.782],[88.5145,21.7764],[88.5298,21.7965],[88.5304,21.782]]],[[[88.3873,21.7702],[88.3684,21.7709],[88.3493,21.7566],[88.3528,21.7212],[88.3365,21.7285],[88.3345,21.7054],[88.3143,21.7168],[88.3144,21.7844],[88.3309,21.7846],[88.3603,21.7984],[88.3864,21.7918],[88.3873,21.7702]]],[[[88.58,21.7201],[88.6154,21.679],[88.6017,21.6541],[88.6125,21.6055],[88.5642,21.6419],[88.5808,21.6629],[88.5699,21.7091],[88.5233,21.7224],[88.5069,21.7573],[88.5331,21.7746],[88.5469,21.8165],[88.5779,21.7923],[88.5666,21.7684],[88.58,21.7201]]],[[[89.7736,21.8195],[89.7806,21.8233],[89.7884,21.8237],[89.7736,21.8195]]],[[[88.5096,21.8101],[88.4734,21.8011],[88.4606,21.8159],[88.4925,21.8357],[88.5096,21.8101]]],[[[89.5646,21.7487],[89.5313,21.8231],[89.5459,21.8493],[89.6102,21.7968],[89.6089,21.7731],[89.5646,21.7487]]],[[[88.6137,21.7971],[88.5834,21.8142],[88.6003,21.8509],[88.622,21.8302],[88.6137,21.7971]]],[[[89.7771,21.856],[89.7591,21.849],[89.7553,21.8507],[89.7771,21.856]]],[[[88.1917,21.8544],[88.1932,21.8362],[88.1811,21.8622],[88.1917,21.8544]]],[[[88.1791,21.8239],[88.1801,21.7304],[88.1542,21.6821],[88.1386,21.7341],[88.1523,21.7597],[88.1138,21.7999],[88.0944,21.7905],[88.1462,21.8823],[88.1791,21.8239]]],[[[89.3747,21.8824],[89.347,21.8143],[89.3432,21.7813],[89.3406,21.8292],[89.3284,21.8442],[89.329,21.8185],[89.3202,21.8415],[89.3747,21.8824]]],[[[89.6582,21.8587],[89.6452,21.8736],[89.6541,21.8891],[89.6633,21.8709],[89.6582,21.8587]]],[[[88.642,21.8673],[88.6618,21.87],[88.6451,21.7857],[88.6272,21.7976],[88.627,21.8319],[88.601,21.8612],[88.6242,21.8974],[88.642,21.8673]]],[[[88.0934,21.8569],[88.0821,21.8751],[88.0922,21.8982],[88.1093,21.8728],[88.0934,21.8569]]],[[[88.4991,21.8986],[88.4961,21.9076],[88.5028,21.9081],[88.4991,21.8986]]],[[[88.657,21.8745],[88.6408,21.8761],[88.6271,21.9038],[88.6414,21.9224],[88.6735,21.917],[88.657,21.8745]]],[[[88.1162,21.8816],[88.0922,21.9134],[88.0937,21.9267],[88.1279,21.8976],[88.1162,21.8816]]],[[[89.9725,21.9238],[89.9434,21.9296],[89.9606,21.9471],[89.9725,21.9238]]],[[[90.2369,21.9518],[90.2416,21.9539],[90.2427,21.9535],[90.2369,21.9518]]],[[[88.1422,21.8976],[88.099,21.9318],[88.1176,21.9629],[88.1543,21.928],[88.1422,21.8976]]],[[[89.5431,21.868],[89.5446,21.9589],[89.5495,21.9638],[89.565,21.9289],[89.5431,21.868]]],[[[90.0787,21.9526],[90.0942,21.9402],[90.0899,21.9099],[90.022,21.8905],[90.0309,21.9602],[90.077,21.972],[90.0787,21.9526]]],[[[90.2647,21.9589],[90.2862,21.9815],[90.3056,21.9664],[90.2647,21.9589]]],[[[90.3314,21.971],[90.3283,21.981],[90.3317,21.9815],[90.3314,21.971]]],[[[90.353,21.975],[90.3716,21.9963],[90.3851,21.9977],[90.3881,21.9814],[90.353,21.975]]],[[[88.6834,22.0024],[88.7183,22.0018],[88.7011,21.9599],[88.6871,21.9454],[88.6418,21.9509],[88.647,22.0036],[88.6639,22.0153],[88.6834,22.0024]]],[[[88.6877,22.0147],[88.6742,22.014],[88.6743,22.0171],[88.6877,22.0147]]],[[[90.5557,22.0118],[90.558,22.0227],[90.5624,22.013],[90.5557,22.0118]]],[[[88.102,21.9713],[88.0954,21.9897],[88.1346,22.0231],[88.1304,21.9842],[88.102,21.9713]]],[[[90.502,22.0021],[90.5212,22.0257],[90.5422,22.025],[90.5308,22.0073],[90.502,22.0021]]],[[[90.4039,22.0148],[90.3995,22.0273],[90.4015,22.0338],[90.4074,22.0266],[90.4039,22.0148]]],[[[90.4543,22.0273],[90.4714,21.9965],[90.4138,21.986],[90.4129,22.0321],[90.4543,22.0273]]],[[[90.4401,22.0439],[90.4316,22.0338],[90.4136,22.0404],[90.4401,22.0439]]],[[[90.6663,22.0319],[90.6557,22.0408],[90.6579,22.0479],[90.6663,22.0319]]],[[[90.6316,22.0256],[90.6455,22.0513],[90.647,22.0284],[90.6316,22.0256]]],[[[90.672,22.033],[90.6691,22.0671],[90.6992,22.0657],[90.6967,22.0375],[90.672,22.033]]],[[[90.3394,21.9725],[90.3518,22.0194],[90.3958,22.0706],[90.4098,22.0497],[90.3898,22.0242],[90.3889,22.0086],[90.3673,21.9989],[90.3394,21.9725]]],[[[90.6646,22.067],[90.6559,22.0635],[90.6674,22.0801],[90.6646,22.067]]],[[[90.7527,22.0551],[90.7607,22.0875],[90.7763,22.0943],[90.7704,22.0781],[90.7527,22.0551]]],[[[90.5496,22.0163],[90.5389,22.0088],[90.5491,22.0314],[90.5201,22.0312],[90.4915,22.0106],[90.5574,22.0982],[90.5496,22.0163]]],[[[90.3502,22.0981],[90.3751,22.0964],[90.3757,22.0796],[90.329,22.0288],[90.3076,21.9737],[90.2821,21.985],[90.284,22.0554],[90.3145,22.0777],[90.3159,22.086],[90.3473,22.0893],[90.3372,22.1034],[90.3502,22.0981]]],[[[90.4844,22.0437],[90.4821,22.0755],[90.5167,22.1057],[90.523,22.0807],[90.4844,22.0437]]],[[[90.5522,22.1054],[90.5056,22.0443],[90.531,22.0858],[90.5252,22.1097],[90.542,22.1173],[90.5522,22.1054]]],[[[90.5935,22.1025],[90.593,22.1161],[90.5964,22.1176],[90.5935,22.1025]]],[[[90.6614,22.0905],[90.6315,22.0708],[90.633,22.0481],[90.6158,22.0458],[90.6238,22.0883],[90.6057,22.0544],[90.6228,22.0354],[90.6062,22.0237],[90.5951,22.0693],[90.6162,22.1069],[90.6394,22.1289],[90.6644,22.1249],[90.6614,22.0905]]],[[[90.5848,22.117],[90.5773,22.128],[90.5933,22.1292],[90.5954,22.1267],[90.5848,22.117]]],[[[90.5107,22.1361],[90.5097,22.1749],[90.5449,22.1737],[90.5386,22.1519],[90.5107,22.1361]]],[[[90.6168,22.1767],[90.6113,22.1743],[90.6161,22.1831],[90.6168,22.1767]]],[[[72.3604,22.1838],[72.3515,22.1744],[72.3581,22.1888],[72.3604,22.1838]]],[[[91.0335,22.1943],[91.0382,22.2043],[91.044,22.1999],[91.0441,22.1996],[91.0335,22.1943]]],[[[90.9214,22.1382],[90.9219,22.1646],[90.9521,22.213],[90.9562,22.1556],[90.9214,22.1382]]],[[[72.4713,22.2145],[72.4656,22.2019],[72.4323,22.1795],[72.4442,22.2056],[72.4713,22.2145]]],[[[90.9265,22.1974],[90.9272,22.2134],[90.9348,22.215],[90.9348,22.207],[90.9265,22.1974]]],[[[90.8322,22.1853],[90.8307,22.2096],[90.8394,22.2206],[90.8406,22.217],[90.8322,22.1853]]],[[[91.8215,22.2134],[91.8151,22.214],[91.8227,22.2236],[91.8215,22.2134]]],[[[90.5462,22.1889],[90.5387,22.1974],[90.5654,22.2313],[90.5677,22.2145],[90.5462,22.1889]]],[[[72.5105,22.2179],[72.5039,22.2326],[72.5175,22.2305],[72.5105,22.2179]]],[[[90.9819,22.1761],[90.9751,22.2175],[90.9954,22.2463],[91.0004,22.2371],[90.9819,22.1761]]],[[[72.6615,22.2445],[72.7191,22.2376],[72.7317,22.2225],[72.6615,22.2445]]],[[[90.575,22.2311],[90.5686,22.2396],[90.5825,22.2508],[90.5841,22.2483],[90.575,22.2311]]],[[[89.8708,22.2377],[89.8616,22.2442],[89.8619,22.258],[89.8699,22.2497],[89.8708,22.2377]]],[[[90.9792,22.2365],[90.9827,22.251],[90.9913,22.2609],[90.989,22.2459],[90.9792,22.2365]]],[[[91.8201,22.2775],[91.7995,22.2839],[91.806,22.2983],[91.8201,22.2775]]],[[[69.4516,22.3608],[69.4394,22.3542],[69.4349,22.3576],[69.4516,22.3608]]],[[[90.2892,22.3548],[90.2713,22.3515],[90.2864,22.3644],[90.2892,22.3548]]],[[[90.9519,22.218],[90.9299,22.2287],[90.9681,22.3788],[90.9911,22.3296],[90.9519,22.218]]],[[[69.3404,22.3842],[69.3267,22.379],[69.3398,22.3892],[69.3404,22.3842]]],[[[69.4874,22.391],[69.4802,22.3925],[69.4831,22.3989],[69.4874,22.391]]],[[[90.6486,22.3674],[90.6295,22.4056],[90.632,22.4123],[90.6489,22.3871],[90.6486,22.3674]]],[[[90.6552,22.4054],[90.6487,22.4076],[90.6505,22.4138],[90.6552,22.4054]]],[[[90.6476,22.4201],[90.6393,22.4252],[90.6408,22.4303],[90.6476,22.4201]]],[[[91.167,22.4276],[91.2002,22.4298],[91.1957,22.4072],[91.167,22.4276]]],[[[91.0338,22.4077],[91.0155,22.4168],[91.0224,22.4471],[91.0381,22.4262],[91.0338,22.4077]]],[[[69.6372,22.4077],[69.6025,22.4183],[69.5834,22.4378],[69.6191,22.4578],[69.6407,22.4498],[69.6372,22.4077]]],[[[90.6322,22.3575],[90.5965,22.4487],[90.6059,22.463],[90.6258,22.4422],[90.6322,22.3575]]],[[[90.9897,22.476],[90.9955,22.4486],[90.9735,22.463],[90.9897,22.476]]],[[[91.022,22.4838],[91.0099,22.4991],[91.0285,22.5053],[91.0316,22.4949],[91.022,22.4838]]],[[[91.1757,22.3359],[91.1811,22.268],[91.0491,22.2021],[91.0519,22.4201],[91.0269,22.4766],[91.0408,22.508],[91.1223,22.492],[91.1369,22.3951],[91.1757,22.3359]]],[[[90.6512,22.5029],[90.6436,22.5073],[90.6452,22.5117],[90.6512,22.5029]]],[[[91.2106,22.4958],[91.1976,22.5092],[91.1975,22.5129],[91.2093,22.5065],[91.2106,22.4958]]],[[[91.192,22.4721],[91.1542,22.4888],[91.1388,22.5159],[91.1756,22.5187],[91.1942,22.4985],[91.192,22.4721]]],[[[90.6556,22.4599],[90.6239,22.5069],[90.6136,22.5392],[90.6334,22.5244],[90.6556,22.4599]]],[[[69.9286,22.5196],[69.8908,22.5098],[69.8554,22.5272],[69.8999,22.5252],[69.8979,22.5412],[69.9159,22.5456],[69.9286,22.5196]]],[[[69.9522,22.5443],[69.9398,22.5358],[69.9364,22.5455],[69.9522,22.5443]]],[[[91.0309,22.5557],[91.0189,22.5533],[91.0318,22.5594],[91.0309,22.5557]]],[[[70.0284,22.5733],[69.9779,22.5461],[69.9571,22.5546],[69.9646,22.5776],[69.9991,22.5897],[70.0284,22.5733]]],[[[90.5632,22.6057],[90.5577,22.6218],[90.5575,22.628],[90.5686,22.6208],[90.5632,22.6057]]],[[[91.2507,22.6313],[91.2979,22.574],[91.3048,22.5574],[91.2913,22.5408],[91.2517,22.5395],[91.2314,22.5666],[91.215,22.6366],[91.2507,22.6313]]],[[[91.3972,22.4504],[91.3798,22.4944],[91.3921,22.564],[91.3534,22.6521],[91.3746,22.6637],[91.4389,22.6389],[91.4745,22.5895],[91.3972,22.4504]]],[[[91.1199,22.5624],[91.0996,22.5702],[91.0918,22.5984],[91.141,22.6642],[91.1719,22.6049],[91.1574,22.5798],[91.1199,22.5624]]],[[[91.2964,22.6764],[91.2806,22.6642],[91.2851,22.6791],[91.2964,22.6764]]],[[[90.8217,22.6601],[90.7937,22.659],[90.7931,22.6879],[90.8157,22.6838],[90.8217,22.6601]]],[[[91.1284,22.6708],[91.0886,22.5983],[91.0853,22.553],[91.0658,22.569],[91.0582,22.6391],[91.0449,22.6359],[91.0554,22.6978],[91.1122,22.7],[91.1284,22.6708]]],[[[91.0417,22.6769],[91.0194,22.6926],[91.0181,22.7025],[91.0462,22.7046],[91.0417,22.6769]]],[[[90.8021,22.7146],[90.7921,22.7154],[90.7923,22.7182],[90.8021,22.7146]]],[[[90.4893,22.7199],[90.4786,22.7281],[90.4747,22.7461],[90.4833,22.7413],[90.4893,22.7199]]],[[[91.268,22.7307],[91.2995,22.7044],[91.2707,22.6674],[91.2165,22.7007],[91.2357,22.7099],[91.2122,22.7042],[91.1311,22.7361],[91.1898,22.7493],[91.268,22.7307]]],[[[91.3411,22.7184],[91.3104,22.7451],[91.3124,22.7514],[91.3474,22.7548],[91.3544,22.7304],[91.3411,22.7184]]],[[[90.5747,22.7445],[90.5676,22.7785],[90.6003,22.7771],[90.5747,22.7445]]],[[[90.7707,22.6464],[90.8678,22.5181],[90.8889,22.445],[90.8462,22.2419],[90.8319,22.2192],[90.8082,22.2193],[90.8254,22.1984],[90.8024,22.2081],[90.796,22.246],[90.7981,22.2038],[90.8209,22.1843],[90.7784,22.186],[90.8194,22.1776],[90.8219,22.1395],[90.7919,22.1083],[90.7958,22.1457],[90.783,22.1074],[90.7622,22.1112],[90.7168,22.0527],[90.7086,22.0646],[90.7371,22.132],[90.7058,22.0721],[90.6749,22.0707],[90.6781,22.1053],[90.6991,22.1114],[90.6703,22.1264],[90.6957,22.1379],[90.6597,22.1332],[90.6338,22.1481],[90.6334,22.1324],[90.6198,22.1325],[90.6111,22.1582],[90.6706,22.2784],[90.6689,22.4825],[90.6066,22.6012],[90.5888,22.6067],[90.6186,22.5467],[90.5729,22.5947],[90.5746,22.6194],[90.5634,22.6408],[90.5889,22.6338],[90.5796,22.6542],[90.5439,22.6283],[90.539,22.641],[90.5792,22.7219],[90.6594,22.7846],[90.7309,22.7736],[90.7707,22.6464]]],[[[90.4576,22.7485],[90.4348,22.7706],[90.4527,22.7883],[90.4796,22.7568],[90.4576,22.7485]]],[[[90.5473,22.7143],[90.5288,22.6841],[90.4885,22.7697],[90.5006,22.7921],[90.5482,22.768],[90.5473,22.7143]]],[[[90.9414,22.8032],[91.0171,22.7208],[91.0126,22.7056],[90.9757,22.7222],[90.9658,22.7155],[91.0357,22.6706],[91.0292,22.6419],[91.06,22.5964],[91.0553,22.5807],[91.0512,22.5934],[91.0248,22.5766],[91.0438,22.5696],[90.9943,22.5409],[90.955,22.5481],[90.9256,22.5787],[90.9401,22.5911],[90.9144,22.5899],[90.8618,22.6339],[90.8337,22.7293],[90.7969,22.7739],[90.8751,22.8055],[90.9414,22.8032]]],[[[90.6604,22.8159],[90.6197,22.783],[90.5955,22.7887],[90.6604,22.8159]]],[[[90.7021,22.8276],[90.6815,22.8128],[90.6665,22.8261],[90.7021,22.8276]]],[[[90.4706,22.8074],[90.4526,22.8264],[90.4843,22.8343],[90.4912,22.8191],[90.4706,22.8074]]],[[[90.6322,22.838],[90.639,22.8478],[90.6454,22.8492],[90.6453,22.8443],[90.6322,22.838]]],[[[90.6937,22.8538],[90.67,22.8458],[90.6796,22.8543],[90.6937,22.8538]]],[[[90.6521,22.8487],[90.6554,22.8821],[90.6724,22.8819],[90.6623,22.8542],[90.6521,22.8487]]],[[[90.6438,22.8594],[90.5568,22.7903],[90.4846,22.8396],[90.4608,22.8402],[90.4824,22.867],[90.5329,22.8745],[90.5502,22.8971],[90.5535,22.9442],[90.6496,22.8941],[90.6438,22.8594]]],[[[90.6388,22.9635],[90.6342,22.959],[90.6318,22.9651],[90.6388,22.9635]]],[[[90.3481,22.9398],[90.301,22.9519],[90.2948,22.9664],[90.3136,22.9686],[90.3481,22.9398]]],[[[90.368,22.9212],[90.3518,22.9514],[90.3227,22.9696],[90.3564,22.9623],[90.368,22.9212]]],[[[70.4425,22.9724],[70.4335,22.9737],[70.4491,22.9798],[70.4425,22.9724]]],[[[90.6884,22.9553],[90.6683,22.9639],[90.6485,22.9847],[90.6803,22.9808],[90.6884,22.9553]]],[[[70.4415,22.9801],[70.4295,22.9817],[70.4484,22.994],[70.4415,22.9801]]],[[[70.3753,22.9592],[70.3896,22.9602],[70.3834,22.9427],[70.351,22.9316],[70.3045,22.9419],[70.385,22.9959],[70.3919,22.971],[70.3753,22.9592]]],[[[90.4512,22.9721],[90.4551,23.0016],[90.5389,22.9578],[90.5453,22.9077],[90.5236,22.8788],[90.4671,22.8659],[90.4447,22.8264],[90.4491,22.8052],[90.4274,22.8167],[90.4278,22.8417],[90.3951,22.8281],[90.3898,22.839],[90.4218,22.8989],[90.4173,22.9163],[90.3845,22.856],[90.3951,22.7999],[90.4151,22.7819],[90.3844,22.7899],[90.42,22.7752],[90.3999,22.7644],[90.3323,22.8477],[90.3807,22.9076],[90.3533,22.9932],[90.4309,22.9917],[90.4512,22.9721]]],[[[90.4295,22.9979],[90.4198,23.0042],[90.4418,23.0056],[90.4295,22.9979]]],[[[90.4052,23.0052],[90.3919,23.0089],[90.4172,23.0099],[90.4052,23.0052]]],[[[90.5067,23.0154],[90.5003,23.0214],[90.5044,23.0251],[90.5067,23.0154]]],[[[70.3744,23.0335],[70.3961,23.0206],[70.3753,23.0222],[70.3744,23.0335]]],[[[90.496,23.0157],[90.4733,23.0279],[90.4772,23.042],[90.496,23.0157]]],[[[70.4574,23.0388],[70.4468,23.0314],[70.4561,23.0439],[70.4574,23.0388]]],[[[70.4133,22.9907],[70.4164,23.0236],[70.4424,23.0472],[70.4312,23.0099],[70.4133,22.9907]]],[[[90.5628,22.9968],[90.5357,23.0213],[90.5551,23.048],[90.5669,23.0068],[90.5628,22.9968]]],[[[90.3079,23.0375],[90.2751,23.039],[90.2918,23.0496],[90.3079,23.0375]]],[[[70.4163,23.0281],[70.4187,23.0392],[70.4349,23.0499],[70.4345,23.0444],[70.4163,23.0281]]],[[[70.3915,23.0352],[70.3788,23.0361],[70.3679,23.0431],[70.3954,23.0582],[70.3915,23.0352]]],[[[70.4728,23.0546],[70.4599,23.0526],[70.4769,23.0622],[70.4728,23.0546]]],[[[90.5048,23.0334],[90.491,23.0532],[90.5057,23.0637],[90.5083,23.062],[90.5048,23.0334]]],[[[90.5266,23.0634],[90.5192,23.06],[90.5234,23.0689],[90.5266,23.0634]]],[[[90.5131,23.0812],[90.5003,23.1001],[90.5168,23.1384],[90.5241,23.0914],[90.5131,23.0812]]],[[[90.4691,23.1551],[90.4774,23.1301],[90.4571,23.1226],[90.4691,23.1551]]],[[[90.5338,23.169],[90.5449,23.1982],[90.5412,23.1433],[90.5221,23.1767],[90.5317,23.2004],[90.5338,23.169]]],[[[90.4922,23.0819],[90.4684,23.097],[90.4477,23.0556],[90.4435,23.1068],[90.4907,23.1312],[90.4643,23.1914],[90.4687,23.2012],[90.4724,23.1855],[90.5053,23.1688],[90.4922,23.0819]]],[[[90.5569,23.1601],[90.5541,23.1765],[90.5756,23.2083],[90.5761,23.1787],[90.5569,23.1601]]],[[[90.5566,23.1903],[90.5544,23.2059],[90.5569,23.2114],[90.5661,23.2048],[90.5566,23.1903]]],[[[90.5963,23.2287],[90.5835,23.218],[90.5954,23.2312],[90.5963,23.2287]]],[[[90.6188,23.2298],[90.6138,23.2315],[90.6161,23.2364],[90.6188,23.2298]]],[[[90.5578,23.2282],[90.5631,23.2392],[90.5731,23.2392],[90.5704,23.2357],[90.5578,23.2282]]],[[[90.5803,23.239],[90.5713,23.2467],[90.5838,23.26],[90.586,23.2534],[90.5803,23.239]]],[[[90.6232,23.2389],[90.6198,23.2581],[90.6207,23.2617],[90.6334,23.2534],[90.6232,23.2389]]],[[[90.5699,23.3181],[90.5699,23.308],[90.5656,23.3198],[90.5699,23.3181]]],[[[90.5526,23.3295],[90.5583,23.3138],[90.5449,23.3286],[90.5526,23.3295]]],[[[90.1766,23.3369],[90.2574,23.3069],[90.2334,23.2961],[90.2286,23.2652],[90.1662,23.2687],[90.1826,23.2415],[90.1276,23.2454],[90.1311,23.2632],[90.1245,23.2738],[90.0892,23.2811],[90.1766,23.3369]]],[[[90.4511,23.3395],[90.5188,23.3285],[90.552,23.2822],[90.5409,23.2371],[90.5004,23.1797],[90.4761,23.1948],[90.5004,23.2449],[90.4938,23.299],[90.4511,23.3395]]],[[[90.591,23.3393],[90.5829,23.3499],[90.5832,23.3552],[90.5857,23.3557],[90.591,23.3393]]],[[[90.6816,23.3461],[90.6734,23.3486],[90.6783,23.3582],[90.6816,23.3461]]],[[[90.542,23.3558],[90.5275,23.3583],[90.5293,23.3648],[90.542,23.3558]]],[[[90.3749,23.3544],[90.4122,23.3025],[90.4839,23.2994],[90.4857,23.2465],[90.4622,23.2026],[90.4646,23.2254],[90.4534,23.2116],[90.4659,23.1672],[90.4326,23.0911],[90.4477,23.028],[90.3609,23.0111],[90.3426,22.9819],[90.326,22.9816],[90.3087,23.0538],[90.3259,23.0679],[90.3326,23.1087],[90.3229,23.1024],[90.2729,23.1468],[90.267,23.1328],[90.2905,23.1207],[90.2538,23.1253],[90.2444,23.1379],[90.2657,23.1601],[90.2142,23.1915],[90.1842,23.1708],[90.1781,23.1892],[90.2071,23.2097],[90.2108,23.224],[90.1721,23.262],[90.233,23.2607],[90.2526,23.2882],[90.24,23.2931],[90.2866,23.3161],[90.2985,23.35],[90.327,23.366],[90.3749,23.3544]]],[[[90.4849,23.346],[90.4467,23.3667],[90.4464,23.3699],[90.4849,23.346]]],[[[90.3463,23.3767],[90.3214,23.3768],[90.2989,23.3679],[90.3205,23.3807],[90.3463,23.3767]]],[[[90.1966,23.3718],[90.1883,23.3811],[90.1896,23.386],[90.1966,23.3718]]],[[[90.5606,23.3717],[90.5464,23.3722],[90.5471,23.3864],[90.5529,23.3901],[90.5606,23.3717]]],[[[90.4864,23.3686],[90.4649,23.3665],[90.4238,23.3903],[90.443,23.395],[90.4864,23.3686]]],[[[90.4352,23.3119],[90.3716,23.3623],[90.349,23.3965],[90.4372,23.3544],[90.4539,23.3185],[90.4352,23.3119]]],[[[90.4506,23.3978],[90.4948,23.3982],[90.501,23.3839],[90.4506,23.3978]]],[[[90.4177,23.394],[90.3949,23.4],[90.3924,23.4059],[90.4093,23.4048],[90.4177,23.394]]],[[[90.184,23.3987],[90.1658,23.4199],[90.1682,23.4225],[90.184,23.3987]]],[[[90.5905,23.4175],[90.5798,23.4195],[90.5714,23.3878],[90.5818,23.3682],[90.5719,23.3743],[90.5656,23.4056],[90.5814,23.4285],[90.5905,23.4175]]],[[[90.1768,23.4246],[90.167,23.4337],[90.1686,23.4386],[90.1768,23.4246]]],[[[90.3316,23.3845],[90.286,23.3796],[90.2958,23.3708],[90.2708,23.3264],[90.2139,23.3613],[90.245,23.326],[90.2056,23.3503],[90.1836,23.4498],[90.3316,23.3845]]],[[[90.5754,23.4453],[90.5686,23.4417],[90.5742,23.4501],[90.5754,23.4453]]],[[[90.2377,23.4724],[90.2303,23.4706],[90.2255,23.4789],[90.2377,23.4724]]],[[[90.5591,23.449],[90.544,23.4543],[90.5431,23.4794],[90.5615,23.4807],[90.5591,23.449]]],[[[90.6257,23.4934],[90.6083,23.4922],[90.6263,23.4961],[90.6257,23.4934]]],[[[90.199,23.4973],[90.1865,23.4972],[90.1838,23.5031],[90.199,23.4973]]],[[[90.7068,23.5051],[90.6946,23.4979],[90.702,23.5148],[90.7068,23.5051]]],[[[90.6821,23.4877],[90.6611,23.49],[90.6436,23.5019],[90.6637,23.5167],[90.6888,23.5014],[90.6821,23.4877]]],[[[90.5756,23.5199],[90.5607,23.5261],[90.5573,23.5384],[90.5756,23.5199]]],[[[90.7019,23.5256],[90.6906,23.5452],[90.7032,23.5522],[90.7019,23.5256]]],[[[90.6949,23.5552],[90.6936,23.5641],[90.6992,23.5613],[90.6949,23.5552]]],[[[90.5668,23.5437],[90.5542,23.5553],[90.5521,23.5666],[90.5566,23.5649],[90.5668,23.5437]]],[[[90.4697,23.5534],[90.4532,23.549],[90.4394,23.5536],[90.4698,23.5718],[90.4697,23.5534]]],[[[90.6905,23.5679],[90.6789,23.5747],[90.6804,23.5794],[90.6905,23.5679]]],[[[90.4258,23.5723],[90.408,23.5882],[90.4039,23.6053],[90.4199,23.5975],[90.4258,23.5723]]],[[[90.4335,23.558],[90.4244,23.6027],[90.431,23.6061],[90.4432,23.5992],[90.4335,23.558]]],[[[90.4844,23.5823],[90.5024,23.5851],[90.4538,23.5754],[90.4477,23.6043],[90.4844,23.5823]]],[[[90.6371,23.6107],[90.6946,23.5158],[90.6576,23.5209],[90.5851,23.4883],[90.5658,23.5872],[90.5918,23.5834],[90.6371,23.6107]]],[[[90.405,23.6106],[90.3909,23.6159],[90.4177,23.611],[90.405,23.6106]]],[[[90.1143,23.5944],[90.0967,23.6051],[90.0878,23.6174],[90.1101,23.6069],[90.1143,23.5944]]],[[[68.4309,23.5774],[68.423,23.6096],[68.4574,23.6172],[68.4612,23.6033],[68.4309,23.5774]]],[[[90.6195,23.6099],[90.6019,23.6062],[90.6261,23.6259],[90.6195,23.6099]]],[[[68.2596,23.6243],[68.2486,23.6371],[68.2567,23.6335],[68.2596,23.6243]]],[[[90.6769,23.6476],[90.7322,23.6524],[90.7598,23.6309],[90.7358,23.6271],[90.7284,23.5956],[90.6956,23.5734],[90.6684,23.59],[90.6536,23.6235],[90.6585,23.6553],[90.6769,23.6476]]],[[[90.6474,23.6139],[90.6317,23.6169],[90.6428,23.6569],[90.6634,23.6642],[90.6503,23.6478],[90.6474,23.6139]]],[[[90.6841,23.6613],[90.6694,23.6628],[90.6724,23.669],[90.6841,23.6613]]],[[[90.6641,23.6736],[90.6529,23.6724],[90.6474,23.6798],[90.6641,23.6736]]],[[[90.7168,23.6597],[90.7013,23.6628],[90.6913,23.6714],[90.7264,23.6788],[90.7168,23.6597]]],[[[89.932,23.6851],[89.902,23.7014],[89.8987,23.7073],[89.9318,23.6995],[89.932,23.6851]]],[[[89.8689,23.7138],[89.8656,23.7068],[89.8625,23.712],[89.8689,23.7138]]],[[[68.4731,23.6881],[68.4681,23.7086],[68.5031,23.716],[68.4903,23.6983],[68.4731,23.6881]]],[[[90.7331,23.6942],[90.6946,23.6848],[90.7146,23.7266],[90.7331,23.6942]]],[[[89.8686,23.7271],[89.8652,23.7226],[89.8641,23.7265],[89.8686,23.7271]]],[[[89.8568,23.7306],[89.8515,23.7281],[89.8513,23.7308],[89.8568,23.7306]]],[[[90.3547,23.715],[90.3412,23.7247],[90.3291,23.7271],[90.3466,23.7315],[90.3547,23.715]]],[[[68.4692,23.7178],[68.4586,23.7341],[68.4824,23.7252],[68.4692,23.7178]]],[[[68.5914,23.7415],[68.5774,23.741],[68.5917,23.7475],[68.5914,23.7415]]],[[[90.3778,23.6956],[90.4183,23.6844],[90.4643,23.628],[90.4239,23.6183],[90.4349,23.637],[90.429,23.6419],[90.415,23.624],[90.3878,23.6461],[90.3978,23.6253],[90.3645,23.63],[90.288,23.6726],[90.2617,23.7243],[90.2876,23.7327],[90.3085,23.7608],[90.313,23.7323],[90.3778,23.6956]]],[[[89.8001,23.7323],[89.786,23.7414],[89.7868,23.7639],[89.7904,23.7596],[89.8001,23.7323]]],[[[68.6101,23.7728],[68.5693,23.7576],[68.6114,23.7804],[68.6101,23.7728]]],[[[68.6373,23.7816],[68.6283,23.7828],[68.6391,23.7899],[68.6373,23.7816]]],[[[90.2259,23.725],[90.2118,23.7551],[90.2416,23.792],[90.2522,23.7467],[90.2259,23.725]]],[[[89.741,23.7775],[89.6852,23.7896],[89.6826,23.8011],[89.718,23.8016],[89.741,23.7775]]],[[[89.6648,23.8039],[89.6752,23.7892],[89.6375,23.7862],[89.6373,23.7995],[89.6648,23.8039]]],[[[89.7791,23.7421],[89.7587,23.7631],[89.7438,23.8037],[89.7758,23.7887],[89.7791,23.7421]]],[[[89.6167,23.8034],[89.5991,23.8055],[89.5465,23.7973],[89.595,23.8151],[89.6167,23.8034]]],[[[89.5236,23.8189],[89.5155,23.7856],[89.4879,23.8167],[89.4901,23.8208],[89.5236,23.8189]]],[[[68.1913,23.7876],[68.1605,23.74],[68.0959,23.8153],[68.1177,23.8314],[68.1611,23.819],[68.1729,23.8229],[68.1674,23.8444],[68.1836,23.8426],[68.1913,23.7876]]],[[[68.2576,23.8557],[68.2474,23.8543],[68.2581,23.8653],[68.2576,23.8557]]],[[[90.1436,23.827],[90.176,23.8211],[90.2026,23.8355],[90.2338,23.8213],[90.2236,23.8068],[90.2054,23.8221],[90.1823,23.8071],[90.1342,23.812],[90.0872,23.8364],[90.1157,23.8541],[90.1171,23.8704],[90.1436,23.827]]],[[[68.224,23.8419],[68.2062,23.8482],[68.2094,23.867],[68.2387,23.8734],[68.246,23.86],[68.224,23.8419]]],[[[89.3479,23.8867],[89.3177,23.8867],[89.3147,23.8929],[89.3479,23.8867]]],[[[89.4108,23.9196],[89.3791,23.9063],[89.3758,23.9121],[89.398,23.9267],[89.4108,23.9196]]],[[[89.7311,23.8789],[89.6953,23.9025],[89.6912,23.932],[89.7101,23.9194],[89.7311,23.8789]]],[[[89.6775,23.9107],[89.6611,23.9383],[89.6645,23.9423],[89.6726,23.9407],[89.6775,23.9107]]],[[[89.3709,23.9404],[89.3556,23.8929],[89.3149,23.8989],[89.2906,23.9388],[89.3709,23.9404]]],[[[89.2496,23.9423],[89.2298,23.9463],[89.2358,23.9322],[89.2241,23.9316],[89.1825,23.9548],[89.2246,23.9607],[89.2496,23.9423]]],[[[89.1722,23.9906],[89.1418,23.9903],[89.1391,23.9934],[89.1568,23.9991],[89.1722,23.9906]]],[[[67.3591,24.3603],[67.3371,24.3642],[67.3557,24.3838],[67.3591,24.3603]]],[[[67.3154,24.3647],[67.3104,24.3831],[67.3332,24.382],[67.3337,24.3733],[67.3154,24.3647]]],[[[67.3914,24.4242],[67.3774,24.4338],[67.3951,24.4296],[67.3914,24.4242]]],[[[67.3529,24.4367],[67.3632,24.4118],[67.3416,24.4159],[67.3388,24.3912],[67.3054,24.3943],[67.3086,24.4156],[67.34,24.4177],[67.3104,24.428],[67.3529,24.4367]]],[[[67.3728,24.4528],[67.3059,24.4321],[67.2966,24.4417],[67.3085,24.4517],[67.3728,24.4528]]],[[[67.3163,24.4696],[67.31,24.4829],[67.3236,24.4969],[67.329,24.4923],[67.3163,24.4696]]],[[[67.3364,24.4896],[67.3143,24.5079],[67.3191,24.5195],[67.348,24.4963],[67.3364,24.4896]]],[[[67.3062,24.5103],[67.3027,24.471],[67.2567,24.4769],[67.2746,24.4961],[67.2676,24.5186],[67.288,24.5262],[67.3062,24.5103]]],[[[67.3615,24.5249],[67.3505,24.5024],[67.3218,24.5255],[67.3043,24.5176],[67.2934,24.5293],[67.32,24.5467],[67.3615,24.5249]]],[[[67.2916,24.5787],[67.3029,24.5478],[67.2732,24.5249],[67.2499,24.5383],[67.2405,24.5284],[67.2163,24.5566],[67.2275,24.5772],[67.2916,24.5787]]],[[[67.3093,24.5925],[67.3017,24.5993],[67.3086,24.6039],[67.3093,24.5925]]],[[[67.348,24.6132],[67.3398,24.6175],[67.3479,24.6213],[67.348,24.6132]]],[[[67.3353,24.6107],[67.3177,24.5827],[67.3143,24.6098],[67.3046,24.6121],[67.2933,24.5865],[67.3043,24.6318],[67.3353,24.6107]]],[[[67.3683,24.6182],[67.3476,24.6292],[67.3268,24.63],[67.3556,24.6445],[67.3725,24.6338],[67.3683,24.6182]]],[[[67.3033,24.6622],[67.3054,24.6397],[67.2839,24.6348],[67.281,24.6615],[67.3033,24.6622]]],[[[67.3467,24.6561],[67.3584,24.6667],[67.3688,24.6637],[67.3649,24.6521],[67.3467,24.6561]]],[[[67.3449,24.6623],[67.3243,24.6406],[67.3066,24.6596],[67.3199,24.6586],[67.3343,24.6766],[67.3449,24.6623]]],[[[67.2431,24.6614],[67.283,24.6271],[67.2655,24.5983],[67.2196,24.6208],[67.22,24.6389],[67.1793,24.6284],[67.1715,24.6634],[67.1831,24.6765],[67.2431,24.6614]]],[[[67.3161,24.6635],[67.2911,24.6875],[67.3208,24.6697],[67.3161,24.6635]]],[[[67.1334,24.6779],[67.1159,24.6769],[67.1158,24.6905],[67.1334,24.6779]]],[[[67.4158,24.6699],[67.4357,24.6453],[67.412,24.6574],[67.3899,24.6492],[67.3699,24.6707],[67.3393,24.682],[67.4209,24.6984],[67.4158,24.6699]]],[[[67.2449,24.6676],[67.2223,24.6678],[67.1878,24.6946],[67.2122,24.7168],[67.2199,24.6909],[67.2449,24.6676]]],[[[67.3297,24.7274],[67.3465,24.7355],[67.3915,24.6966],[67.3402,24.6922],[67.3272,24.677],[67.2873,24.6917],[67.295,24.6711],[67.2725,24.6681],[67.271,24.6536],[67.2723,24.6789],[67.2481,24.6771],[67.2173,24.7161],[67.2545,24.7063],[67.2949,24.7361],[67.3297,24.7274]]],[[[67.1515,24.7393],[67.144,24.6931],[67.1329,24.6917],[67.1134,24.747],[67.1371,24.7553],[67.1515,24.7393]]],[[[67.189,24.7043],[67.1788,24.7357],[67.2414,24.7576],[67.2482,24.7424],[67.1991,24.7243],[67.189,24.7043]]],[[[67.2966,24.7716],[67.3419,24.7556],[67.326,24.7352],[67.3107,24.7466],[67.2504,24.7126],[67.2352,24.7209],[67.2966,24.7716]]],[[[67.2889,24.7778],[67.257,24.7509],[67.2367,24.7796],[67.2711,24.7862],[67.2889,24.7778]]],[[[67.2278,24.7852],[67.1825,24.7512],[67.1645,24.7607],[67.1653,24.7763],[67.2278,24.7852]]],[[[67.2318,24.7917],[67.2117,24.8024],[67.2118,24.8053],[67.2264,24.8008],[67.2318,24.7917]]],[[[96.1826,16.4697],[96.1417,16.4537],[96.1628,16.4177],[96.1359,16.3879],[96.1062,16.384],[96.084,16.3583],[96.0173,16.3845],[95.9964,16.4107],[95.9121,16.4109],[95.9275,16.385],[95.9059,16.3295],[95.8912,16.2446],[95.7785,16.1291],[95.7544,16.1266],[95.7404,16.1452],[95.7269,16.264],[95.7096,16.2731],[95.7229,16.2566],[95.7382,16.113],[95.6554,15.9341],[95.5158,15.7881],[95.4568,15.7474],[95.4672,15.7451],[95.3713,15.7047],[95.283,15.721],[95.3336,15.7756],[95.2783,15.7802],[95.2708,15.8215],[95.2843,15.8523],[95.3399,15.88],[95.3404,15.9023],[95.3479,15.8805],[95.3809,15.8721],[95.3989,15.8768],[95.4126,15.9056],[95.3871,15.8768],[95.3534,15.8849],[95.3388,15.9054],[95.3356,15.8829],[95.2984,15.8701],[95.3477,15.9473],[95.364,16.0503],[95.3962,16.0616],[95.3628,16.0583],[95.3368,16.0993],[95.3706,16.1492],[95.3805,16.2171],[95.3966,16.2336],[95.3144,16.1801],[95.3053,16.143],[95.3266,16.0873],[95.2792,16.0394],[95.2352,15.9326],[95.2101,15.8565],[95.2245,15.7932],[95.2125,15.7856],[95.1403,15.7852],[95.1133,15.8031],[95.1132,15.9172],[95.1332,16.0193],[95.1896,16.0246],[95.1927,16.0799],[95.2671,16.1495],[95.1911,16.1138],[95.2079,16.1777],[95.1799,16.1374],[95.1526,16.1389],[95.165,16.1263],[95.1328,16.1239],[95.1442,16.168],[95.1293,16.2051],[95.1408,16.2315],[95.1236,16.2066],[95.1323,16.1672],[95.1198,16.1153],[95.0867,16.0923],[95.0561,16.0354],[95.0701,15.9441],[95.0369,15.8038],[95.0011,15.7788],[94.9868,15.7848],[94.9842,15.8484],[94.9821,15.76],[94.9391,15.7409],[94.8428,15.7733],[94.832,15.7955],[94.8893,15.8274],[94.8713,15.8954],[94.9508,15.9456],[94.9443,15.9536],[94.8637,15.8968],[94.873,15.8249],[94.845,15.8298],[94.8373,15.8467],[94.8501,15.8762],[94.8384,15.9381],[94.8227,15.9431],[94.8619,16.0],[94.9145,16.0],[94.9218,16.0306],[94.9054,16.0748],[94.9333,16.0861],[94.9556,16.131],[95.0226,16.1351],[95.0225,16.1603],[95.0557,16.1994],[95.0566,16.2159],[95.0465,16.2391],[95.0693,16.2458],[95.1006,16.3006],[95.0652,16.2477],[95.0432,16.2457],[95.0479,16.1971],[95.0137,16.1616],[95.0162,16.1437],[94.9529,16.1388],[94.9304,16.0942],[94.8992,16.0736],[94.9154,16.0299],[94.8918,16.0061],[94.8785,16.0115],[94.8759,16.089],[94.8582,16.1139],[94.8888,16.1817],[94.9682,16.2052],[95.0257,16.2628],[95.0421,16.3097],[95.0635,16.3091],[95.0505,16.3334],[95.0165,16.2669],[94.9522,16.211],[94.8726,16.1872],[94.8388,16.1108],[94.8497,16.0723],[94.7194,15.8505],[94.6856,15.8371],[94.634,15.8613],[94.6005,15.9203],[94.6697,15.9557],[94.7184,16.0],[94.7362,16.0636],[94.7845,16.0965],[94.763,16.1241],[94.7876,16.1316],[94.8071,16.1998],[94.8411,16.2149],[94.8519,16.2428],[94.8035,16.2062],[94.7764,16.1448],[94.7554,16.1316],[94.7516,16.0937],[94.7196,16.0669],[94.6725,15.9888],[94.5736,15.9294],[94.5476,15.9527],[94.5826,16.0],[94.6173,16.0191],[94.6846,16.1148],[94.6806,16.2026],[94.7209,16.2029],[94.7589,16.2373],[94.7395,16.2574],[94.7567,16.2809],[94.7336,16.2564],[94.7496,16.2377],[94.7262,16.2305],[94.7192,16.2091],[94.6748,16.2152],[94.6636,16.2472],[94.6981,16.2454],[94.7087,16.2549],[94.7058,16.2669],[94.6983,16.2493],[94.6636,16.2541],[94.6677,16.2693],[94.6827,16.2978],[94.6881,16.3066],[94.6989,16.3555],[94.7371,16.354],[94.7548,16.3841],[94.7858,16.3564],[94.8134,16.3559],[94.8254,16.3704],[94.7948,16.3601],[94.7519,16.3905],[94.7347,16.3608],[94.7116,16.376],[94.7432,16.4022],[94.75,16.4194],[94.7586,16.4096],[94.7705,16.4093],[94.7839,16.4261],[94.7588,16.4137],[94.7478,16.4265],[94.7126,16.3942],[94.6965,16.4844],[94.7322,16.5056],[94.7463,16.569],[94.7897,16.5778],[94.8004,16.5907],[94.7465,16.5768],[94.7281,16.5145],[94.6898,16.4927],[94.6782,16.5132],[94.7012,16.5517],[94.7103,16.6135],[94.7423,16.6328],[94.7216,16.6873],[94.7447,16.6957],[94.7416,16.7301],[94.7218,16.7336],[94.738,16.7245],[94.7361,16.7004],[94.7173,16.6913],[94.7097,16.6537],[94.733,16.629],[94.6784,16.6436],[94.6989,16.6798],[94.6889,16.7396],[94.6936,16.6767],[94.6754,16.6933],[94.6823,16.6714],[94.6688,16.6524],[94.6511,16.6702],[94.6557,16.6579],[94.6743,16.6497],[94.6581,16.6276],[94.6913,16.6391],[94.7012,16.6217],[94.6924,16.5549],[94.6644,16.5184],[94.6796,16.3932],[94.6529,16.3403],[94.6233,16.338],[94.6403,16.3836],[94.6062,16.3372],[94.6021,16.2844],[94.5648,16.2582],[94.5311,16.2921],[94.5464,16.308],[94.5265,16.2987],[94.5119,16.2832],[94.5109,16.1802],[94.4336,16.0697],[94.3681,16.0546],[94.3419,16.0163],[94.284,16.0],[94.3238,16.1689],[94.2447,16.1914],[94.451,16.934],[94.484,16.9432],[94.4782,16.9576],[94.4531,16.9415],[94.5089,17.1612],[94.5363,17.1869],[94.5203,17.2069],[94.5474,17.3155],[94.5815,17.2885],[94.5917,17.3042],[94.5715,17.3171],[94.5654,17.4983],[94.5427,17.5553],[94.563,17.5931],[94.6099,17.5365],[94.6111,17.5501],[94.5769,17.5914],[94.5884,17.6192],[94.5693,17.6453],[94.5588,17.6362],[94.5416,17.6813],[94.5448,17.7349],[94.4898,17.7824],[94.4815,17.9029],[94.4375,17.9956],[94.4777,18.0065],[94.4847,18.0557],[94.4469,18.1691],[94.4208,18.1909],[94.4268,18.2197],[94.4075,18.2462],[94.3372,18.2416],[94.3221,18.2642],[94.3284,18.302],[94.3911,18.2835],[94.4074,18.3107],[94.4023,18.3463],[94.3816,18.3656],[94.3376,18.3662],[94.3225,18.4359],[94.2492,18.5245],[94.2626,18.5486],[94.2513,18.5468],[94.2579,18.6085],[94.2402,18.6458],[94.142,18.7381],[94.1743,18.7141],[94.1745,18.7283],[94.2197,18.7182],[94.28,18.7351],[94.253,18.7341],[94.2492,18.7552],[94.2388,18.7347],[94.2169,18.731],[94.2064,18.7431],[94.2243,18.7812],[94.2039,18.7527],[94.1916,18.7712],[94.1994,18.7931],[94.1831,18.7796],[94.1466,18.8144],[94.1762,18.8347],[94.1458,18.8353],[94.1523,18.8795],[94.1696,18.89],[94.1467,18.8848],[94.127,18.8567],[94.1169,18.8566],[94.1287,18.8786],[94.082,18.8579],[94.0765,18.8691],[94.1057,18.8997],[94.1353,18.8919],[94.1086,18.9296],[94.113,18.9662],[94.0864,18.8797],[94.074,18.874],[94.0455,18.9311],[94.0552,18.9352],[94.0364,18.9913],[94.0632,19.0376],[94.0586,19.0598],[94.1021,19.0766],[94.0897,19.0849],[94.097,19.0986],[94.1228,19.0846],[94.109,19.1051],[94.1466,19.1191],[94.1161,19.1204],[94.0545,19.0754],[94.0272,19.0792],[94.0375,19.1067],[94.1385,19.1514],[94.1357,19.1796],[94.1295,19.1561],[94.1075,19.1513],[94.0927,19.1822],[94.0911,19.1484],[94.0648,19.1263],[94.0735,19.165],[94.0624,19.1881],[94.0568,19.1255],[94.0329,19.1296],[94.0492,19.2206],[94.0711,19.2339],[94.0469,19.2483],[94.0435,19.3119],[94.0762,19.3746],[94.0686,19.3853],[94.0687,19.3706],[94.0394,19.3453],[94.0315,19.3281],[94.0247,19.1886],[94.0032,19.1849],[93.9935,19.2264],[94.0078,19.1631],[93.9663,19.1394],[93.9439,19.1562],[93.9453,19.1934],[93.9105,19.2009],[93.8825,19.2569],[93.9559,19.3061],[93.9498,19.3369],[93.9722,19.3514],[93.9841,19.3878],[94.0108,19.381],[93.9834,19.4055],[93.9663,19.3584],[93.8921,19.2916],[93.8818,19.3076],[93.9191,19.3345],[93.9218,19.3773],[93.9111,19.3353],[93.8842,19.3196],[93.8889,19.3534],[93.8589,19.3878],[93.8824,19.3531],[93.8591,19.3037],[93.6582,19.5233],[93.6875,19.5654],[93.7462,19.5422],[93.7688,19.4853],[93.7758,19.5037],[93.7933,19.5003],[93.8187,19.4643],[93.8567,19.4843],[93.8585,19.4404],[93.877,19.473],[93.9764,19.4188],[93.9971,19.4526],[93.9766,19.4629],[93.9536,19.4479],[93.9046,19.4681],[93.9484,19.5081],[93.9383,19.564],[93.9324,19.4985],[93.9024,19.4885],[93.7768,19.5911],[93.8164,19.6042],[93.7935,19.614],[93.7602,19.5991],[93.722,19.6265],[93.7476,19.6525],[93.7943,19.6598],[93.7882,19.6815],[93.8193,19.7111],[93.8181,19.7292],[93.8066,19.7392],[93.7986,19.7014],[93.727,19.6711],[93.7059,19.7028],[93.7208,19.7482],[93.7914,19.7691],[93.7976,19.8329],[93.7862,19.8628],[93.7979,19.8666],[93.8012,19.891],[93.7933,19.916],[93.7937,19.873],[93.7386,19.8852],[93.7145,19.9079],[93.7457,19.9152],[93.7085,19.9375],[93.7091,19.9673],[93.702,19.9144],[93.6219,19.9171],[93.5518,19.8885],[93.5419,19.9036],[93.5754,19.9201],[93.5867,19.9378],[93.5688,19.9212],[93.5416,19.924],[93.546,19.9363],[93.5161,19.9234],[93.5121,19.9438],[93.5365,19.9552],[93.5085,19.9613],[93.5071,19.9748],[93.5401,19.9909],[93.4818,19.9914],[93.4674,20.0443],[93.4584,20.0541],[93.4762,20.0609],[93.4548,20.0552],[93.4762,20.0065],[93.4661,19.9825],[93.4542,19.9959],[93.4392,19.9925],[93.4567,19.95],[93.416,19.9708],[93.3807,20.0659],[93.3841,20.0801],[93.4167,20.0799],[93.4148,20.1121],[93.4329,20.1052],[93.4126,20.1727],[93.3257,20.327],[93.2948,20.3367],[93.3308,20.4008],[93.2805,20.3482],[93.2801,20.3282],[93.2398,20.306],[93.2306,20.2739],[93.2464,20.2454],[93.2099,20.2347],[93.1825,20.1969],[93.117,20.1857],[93.2165,20.2861],[93.2259,20.3076],[93.2124,20.3278],[93.2512,20.4261],[93.2252,20.3917],[93.198,20.3871],[93.2235,20.376],[93.203,20.3226],[93.1914,20.3328],[93.1282,20.3242],[93.1374,20.3425],[93.1321,20.3693],[93.1564,20.3591],[93.1748,20.3741],[93.1292,20.3762],[93.1481,20.3969],[93.1732,20.3966],[93.1703,20.412],[93.1647,20.422],[93.1681,20.4002],[93.1475,20.4043],[93.1195,20.3786],[93.0939,20.3797],[93.0884,20.4013],[93.1111,20.4138],[93.1167,20.4272],[93.107,20.5041],[93.087,20.5198],[93.1051,20.5307],[93.0919,20.53],[93.0701,20.602],[93.0483,20.5976],[93.0218,20.6219],[93.0277,20.6439],[93.0089,20.6419],[93.0178,20.6122],[93.0757,20.5791],[93.081,20.5411],[93.0258,20.4274],[93.0173,20.454],[93.0427,20.4633],[93.0402,20.4931],[93.0636,20.5246],[93.0351,20.5378],[93.0556,20.5207],[93.0196,20.4791],[93.0333,20.4857],[93.0386,20.4686],[93.0135,20.4606],[93.0243,20.3894],[93.0039,20.2776],[92.963,20.2257],[92.9449,20.2674],[92.915,20.2419],[92.9146,20.2122],[92.8862,20.2095],[92.9104,20.2007],[92.9198,20.1739],[92.7967,20.253],[92.9446,20.3156],[92.8982,20.3078],[92.8393,20.3808],[92.9108,20.3717],[92.9315,20.3863],[92.9417,20.3522],[92.9508,20.3739],[92.9161,20.4026],[92.9136,20.4177],[92.9341,20.4277],[92.9037,20.4768],[92.8996,20.4606],[92.9285,20.4299],[92.9072,20.421],[92.9117,20.3774],[92.8867,20.4218],[92.8866,20.4039],[92.8571,20.4195],[92.8637,20.4051],[92.8418,20.4017],[92.8166,20.4429],[92.8337,20.4407],[92.8383,20.4688],[92.8487,20.4591],[92.8275,20.4968],[92.8108,20.4924],[92.7961,20.5101],[92.7639,20.4734],[92.7523,20.4794],[92.7322,20.5696],[92.7486,20.5782],[92.7524,20.5868],[92.7467,20.5986],[92.7266,20.6168],[92.7482,20.5876],[92.7311,20.5792],[92.6844,20.6278],[92.6456,20.6891],[92.6451,20.7277],[92.5832,20.7199],[92.591,20.732],[92.5697,20.7796],[92.5997,20.7956],[92.6024,20.8064],[92.5649,20.7864],[92.5494,20.8493],[92.5449,20.8118],[92.5713,20.7516],[92.5466,20.7631],[92.5441,20.7431],[92.591,20.6851],[92.607,20.6776],[92.6395,20.6883],[92.6954,20.5825],[92.7292,20.5496],[92.72,20.4706],[92.7478,20.4143],[92.73,20.2959],[92.69,20.3216],[92.638,20.4332],[92.5281,20.5435],[92.5133,20.5993],[92.4597,20.649],[92.4661,20.6597],[92.3774,20.6957],[92.3877,20.7048],[92.3611,20.7723],[92.3901,20.8168],[92.3787,20.8246],[92.3584,20.7833],[92.3353,20.8433],[92.3602,20.8647],[92.3366,20.8509],[92.3146,20.8826],[92.3164,20.901],[92.3619,20.9419],[92.3477,20.9871],[92.3313,20.9978],[92.2968,20.9872],[92.2891,21.0036],[92.2836,20.9674],[92.272,20.9911],[92.2694,21.0182],[92.2887,21.0225],[92.2662,21.0406],[92.279,21.0368],[92.3128,21.0579],[92.3122,21.0703],[92.2734,21.0458],[92.2298,21.1046],[92.2243,21.1365],[92.198,21.1546],[92.1976,21.1198],[92.255,21.0615],[92.2494,21.026],[92.2611,20.9362],[92.313,20.8469],[92.3363,20.7446],[92.2117,20.9253],[92.1847,21.0139],[92.0533,21.1632],[92.0484,21.2726],[92.0289,21.3402],[91.9904,21.3936],[91.977,21.4743],[92.0012,21.5062],[92.0221,21.4864],[91.9954,21.5518],[92.0389,21.6476],[92.0405,21.6722],[92.0251,21.6822],[92.0352,21.7006],[92.0181,21.7165],[92.0192,21.6685],[91.9899,21.6539],[91.9741,21.6664],[91.9841,21.6875],[91.9796,21.7042],[91.9701,21.678],[91.9537,21.6979],[91.9481,21.7453],[91.9694,21.7384],[91.9964,21.7558],[91.9924,21.7678],[91.9716,21.7472],[91.9545,21.7539],[91.9706,21.7862],[91.9424,21.8042],[91.9254,21.7838],[91.9095,21.9079],[91.9274,21.9345],[91.8949,21.9689],[91.8548,22.1276],[91.8345,22.1221],[91.8123,22.1882],[91.8351,22.2151],[91.842,22.2605],[91.8138,22.3017],[91.8666,22.3221],[91.9129,22.4086],[92.0019,22.4046],[92.0221,22.4167],[92.0349,22.4459],[92.0815,22.4371],[92.1417,22.4616],[92.1439,22.4703],[92.0873,22.4443],[92.0331,22.4505],[92.0029,22.4124],[91.8964,22.4094],[91.8723,22.3498],[91.7955,22.2927],[91.7952,22.2778],[91.829,22.2566],[91.801,22.2221],[91.7421,22.4091],[91.6523,22.5469],[91.5569,22.7377],[91.5347,22.6979],[91.4576,22.7511],[91.486,22.7622],[91.475,22.7759],[91.4778,22.7633],[91.4547,22.7602],[91.4369,22.7772],[91.4746,22.8241],[91.4356,22.8048],[91.4836,22.8741],[91.4566,22.8989],[91.4922,22.9007],[91.4452,22.9007],[91.441,22.8836],[91.464,22.8832],[91.4647,22.869],[91.4204,22.8087],[91.4086,22.7609],[91.3301,22.8335],[91.3506,22.8515],[91.3427,22.8832],[91.3158,22.8394],[91.3525,22.7861],[91.3451,22.7758],[91.2963,22.8102],[91.1869,22.7977],[91.1164,22.8119],[91.1127,22.8262],[91.0831,22.8],[91.0287,22.7996],[90.9375,22.8561],[90.8246,22.8647],[90.8016,22.9088],[90.7578,22.9387],[90.7958,22.898],[90.7954,22.8634],[90.7333,22.8875],[90.6896,22.9783],[90.6294,22.9981],[90.5663,23.1036],[90.598,23.1778],[90.6524,23.2423],[90.6389,23.3166],[90.6776,23.3183],[90.6754,23.3407],[90.6978,23.3457],[90.6796,23.3628],[90.695,23.3777],[90.6733,23.3642],[90.6616,23.3375],[90.6738,23.3213],[90.5987,23.3393],[90.5796,23.3948],[90.6007,23.4314],[90.5856,23.4669],[90.6303,23.4903],[90.6817,23.4821],[90.7039,23.4901],[90.7178,23.5428],[90.7443,23.5443],[90.7254,23.5534],[90.7084,23.5386],[90.7057,23.5618],[90.732,23.5912],[90.7392,23.6216],[90.7646,23.629],[90.7414,23.6621],[90.7578,23.721],[90.7425,23.6938],[90.7403,23.7242],[90.7315,23.7102],[90.7156,23.7414],[90.6818,23.6867],[90.6429,23.6899],[90.6324,23.6392],[90.5628,23.5929],[90.5531,23.5715],[90.5147,23.5814],[90.505,23.6033],[90.4839,23.5866],[90.4539,23.6149],[90.4703,23.6298],[90.4427,23.6684],[90.368,23.7186],[90.3837,23.7022],[90.3658,23.7034],[90.3421,23.7401],[90.3176,23.735],[90.3128,23.7642],[90.2548,23.7303],[90.2571,23.7757],[90.2298,23.8877],[90.2396,23.827],[90.194,23.8405],[90.1518,23.8291],[90.1319,23.8674],[90.1117,23.8736],[90.1104,23.8573],[90.0572,23.8201],[90.047,23.8255],[90.0625,23.8769],[90.0468,23.8894],[90.0262,23.8817],[90.0227,23.9072],[89.9481,23.9709],[89.9523,23.9846],[89.9328,23.9846],[89.9487,23.9598],[89.9378,23.9554],[90.0192,23.8936],[90.0144,23.8769],[90.0547,23.8732],[90.0409,23.8278],[90.0466,23.8174],[90.0691,23.8163],[90.0887,23.83],[90.1247,23.8071],[90.1837,23.8023],[90.2068,23.8157],[90.2226,23.8004],[90.2415,23.8149],[90.2059,23.7537],[90.221,23.7216],[90.2524,23.721],[90.2746,23.6862],[90.2557,23.7074],[90.2383,23.7112],[90.2208,23.7081],[90.1813,23.7401],[90.1924,23.7203],[90.1626,23.7198],[90.1492,23.7107],[90.1219,23.7371],[90.0698,23.7579],[90.0232,23.7635],[90.0245,23.7952],[90.0021,23.816],[90.0195,23.7627],[90.1205,23.7334],[90.1497,23.7043],[90.1739,23.7165],[90.2205,23.7031],[90.2477,23.7076],[90.276,23.6548],[90.3797,23.6165],[90.4018,23.5883],[90.3789,23.5678],[90.4098,23.5802],[90.4377,23.5451],[90.4635,23.5452],[90.5054,23.5721],[90.5302,23.5669],[90.5701,23.4832],[90.538,23.4837],[90.5339,23.4659],[90.5539,23.4263],[90.5281,23.3907],[90.4858,23.4204],[90.4204,23.4161],[90.2542,23.4608],[90.1641,23.5242],[90.1103,23.6129],[89.97,23.6581],[89.9179,23.7216],[89.8638,23.7451],[89.7915,23.8077],[89.7742,23.8995],[89.7688,23.8876],[89.7046,23.9579],[89.7275,23.9776],[89.7208,24.0],[89.7153,23.9718],[89.6983,23.9645],[89.7051,23.9991],[89.6707,24.0],[89.6557,23.9361],[89.7033,23.8749],[89.7513,23.8659],[89.7708,23.8359],[89.7571,23.8473],[89.7242,23.8344],[89.6802,23.8626],[89.7179,23.8319],[89.6297,23.8456],[89.5468,23.8241],[89.4497,23.8706],[89.4256,23.9133],[89.3865,23.9431],[89.3288,23.9487],[89.2808,23.9875],[89.3161,23.9479],[89.2889,23.9467],[89.2414,23.9813],[89.1733,24.0],[89.0914,23.9991],[89.0608,23.9839],[89.0936,23.9665],[89.1225,23.9203],[89.1241,23.9541],[89.1671,23.9259],[89.2341,23.9194],[89.3047,23.8696],[89.4078,23.8978],[89.4384,23.8386],[89.4996,23.7788],[89.5929,23.7975],[89.6397,23.7768],[89.7017,23.7769],[89.8567,23.6605],[89.9485,23.6357],[90.0246,23.5566],[90.0179,23.5823],[90.083,23.573],[90.1256,23.5454],[90.1578,23.4889],[90.1593,23.4206],[90.2067,23.3338],[90.17,23.3466],[90.1639,23.3639],[90.1862,23.3591],[90.1608,23.3676],[90.1665,23.3332],[90.1253,23.3055],[90.1205,23.3356],[90.1417,23.3597],[90.1445,23.3786],[90.1279,23.351],[90.0995,23.359],[90.1208,23.3473],[90.1189,23.3041],[90.093,23.3005],[90.0871,23.2728],[90.1245,23.2685],[90.1217,23.2487],[90.1287,23.2416],[90.2023,23.2256],[90.1987,23.2096],[90.1681,23.2041],[90.1774,23.1665],[90.219,23.1829],[90.2485,23.1621],[90.2336,23.1421],[90.2452,23.1232],[90.3091,23.1128],[90.3167,23.0671],[90.2678,23.0431],[90.2726,23.0254],[90.3072,23.0209],[90.3206,22.9865],[90.2739,22.9687],[90.2991,22.9434],[90.3537,22.9212],[90.3456,22.884],[90.3205,22.8726],[90.3213,22.8502],[90.3726,22.7652],[90.3682,22.7366],[90.4195,22.7331],[90.4167,22.7138],[90.3964,22.729],[90.3831,22.7054],[90.4003,22.7234],[90.4204,22.7086],[90.4297,22.7305],[90.4193,22.7453],[90.378,22.7401],[90.3825,22.7586],[90.4243,22.7652],[90.4692,22.7349],[90.485,22.6991],[90.4769,22.6561],[90.4961,22.6723],[90.5194,22.6294],[90.5042,22.5879],[90.5187,22.5991],[90.5798,22.5261],[90.6124,22.3059],[90.5912,22.2573],[90.5587,22.2382],[90.5212,22.184],[90.5066,22.1851],[90.4507,22.0776],[90.4373,22.0668],[90.4235,22.0816],[90.4221,22.1192],[90.4427,22.1513],[90.4269,22.1517],[90.4192,22.1262],[90.4192,22.0904],[90.3882,22.0901],[90.3847,22.1054],[90.4039,22.1682],[90.4261,22.1813],[90.3999,22.2179],[90.4165,22.2649],[90.4035,22.2838],[90.4191,22.2895],[90.3788,22.2931],[90.4149,22.3388],[90.364,22.2936],[90.4059,22.2709],[90.395,22.204],[90.4179,22.1836],[90.3986,22.1722],[90.3899,22.1382],[90.3408,22.1621],[90.3872,22.1955],[90.3873,22.2114],[90.3562,22.1794],[90.3438,22.1957],[90.3498,22.1792],[90.3338,22.1633],[90.3784,22.1309],[90.3751,22.1053],[90.3331,22.1088],[90.2616,22.0404],[90.2751,22.0358],[90.278,21.9971],[90.2575,21.9576],[90.211,21.9826],[90.2196,21.9977],[90.2083,22.0027],[90.1962,21.9784],[90.2287,21.9716],[90.2343,21.9583],[90.2176,21.9508],[90.2305,21.95],[90.1508,21.9272],[90.1399,21.9566],[90.1685,21.9805],[90.1406,21.9702],[90.128,21.9914],[90.1418,21.9247],[90.0949,21.9113],[90.0991,21.9412],[90.0725,22.0004],[90.0992,22.0506],[90.1633,22.1145],[90.2134,22.1143],[90.2283,22.1641],[90.2586,22.1658],[90.2864,22.2071],[90.2723,22.2089],[90.2588,22.1722],[90.229,22.1724],[90.2401,22.1932],[90.2206,22.219],[90.2077,22.3093],[90.2269,22.3379],[90.2896,22.3505],[90.2973,22.3714],[90.2696,22.3586],[90.2657,22.3711],[90.2809,22.4069],[90.3137,22.4635],[90.3413,22.4589],[90.3587,22.4902],[90.3405,22.4664],[90.3148,22.4741],[90.2586,22.3754],[90.2548,22.3443],[90.2223,22.3421],[90.1991,22.3026],[90.2097,22.2143],[90.2298,22.1915],[90.2032,22.1238],[90.1608,22.1241],[90.0879,22.0556],[90.0534,21.9715],[90.0298,21.9971],[90.0275,21.9782],[89.9984,21.9917],[89.993,22.0361],[90.0307,22.0628],[90.0362,22.1269],[90.0717,22.1533],[90.1399,22.1551],[90.0801,22.1586],[90.0257,22.189],[90.081,22.2209],[90.1116,22.2858],[90.1016,22.3424],[90.176,22.4215],[90.2018,22.4859],[90.206,22.5118],[90.1876,22.5224],[90.2028,22.5725],[90.1858,22.6255],[90.2519,22.6212],[90.2832,22.6302],[90.2942,22.6556],[90.2487,22.6279],[90.181,22.6276],[90.1975,22.5676],[90.1819,22.5223],[90.1989,22.509],[90.1936,22.4802],[90.1724,22.4297],[90.095,22.3491],[90.1048,22.3039],[90.0669,22.2145],[90.025,22.1966],[90.0234,22.1724],[90.0632,22.1618],[90.0225,22.1322],[90.0183,22.0663],[89.9809,22.0416],[89.9896,21.991],[89.973,21.9764],[89.9508,21.987],[89.9092,22.0731],[89.9175,22.136],[89.8787,22.2524],[89.9197,22.3718],[89.9847,22.4388],[90.0,22.4869],[90.025,22.4901],[90.033,22.5719],[90.065,22.6087],[90.0571,22.6225],[90.0268,22.599],[90.0327,22.6527],[90.0059,22.6801],[90.028,22.6463],[90.0132,22.5988],[90.0307,22.5814],[90.0179,22.4944],[89.9546,22.5055],[89.9855,22.4867],[89.9782,22.4521],[89.9057,22.3863],[89.8834,22.4052],[89.8834,22.4302],[89.8774,22.4139],[89.8987,22.3721],[89.8448,22.2487],[89.8905,22.1211],[89.8528,22.0679],[89.8188,22.066],[89.8534,22.0483],[89.8854,21.9055],[89.8584,21.8784],[89.8456,21.8859],[89.8408,21.856],[89.7715,21.8311],[89.7896,21.879],[89.7542,21.8561],[89.7334,21.8909],[89.7493,21.8346],[89.7143,21.8341],[89.7023,21.8494],[89.6756,21.8377],[89.6586,21.8922],[89.6795,21.9049],[89.6554,21.9134],[89.6339,21.8679],[89.6947,21.7969],[89.6103,21.7677],[89.6137,21.8111],[89.5627,21.8637],[89.5901,21.9386],[89.5607,21.9692],[89.5603,21.9911],[89.5152,21.9904],[89.5251,21.9563],[89.5123,21.8993],[89.4971,21.9081],[89.4607,21.8522],[89.4337,21.8477],[89.4627,21.8461],[89.4712,21.8204],[89.4581,21.8139],[89.4796,21.8006],[89.4783,21.7724],[89.4257,21.7147],[89.3906,21.7084],[89.3654,21.7459],[89.3557,21.8089],[89.3899,21.9021],[89.3671,21.9046],[89.3181,21.8611],[89.3072,21.8207],[89.2867,21.8053],[89.2927,21.7564],[89.2312,21.7683],[89.2193,21.7572],[89.197,21.8047],[89.1643,21.79],[89.1079,21.8105],[89.1121,21.8547],[89.0887,21.908],[89.0948,21.9381],[89.0836,21.9386],[89.0635,21.9277],[89.0648,21.899],[89.0904,21.8542],[89.0935,21.7971],[89.1521,21.755],[89.1374,21.7198],[89.1154,21.7204],[89.0518,21.7859],[89.0677,21.8585],[89.0397,21.9077],[89.001,21.9031],[88.9972,21.8895],[89.0372,21.8577],[89.0277,21.7769],[89.1014,21.6618],[89.0968,21.6249],[89.0595,21.6116],[89.0246,21.6637],[89.0039,21.6526],[89.0292,21.6541],[89.0423,21.6109],[89.0167,21.6008],[88.9943,21.6465],[88.9946,21.6095],[88.9519,21.6408],[88.9307,21.6299],[88.9037,21.6449],[88.8754,21.701],[88.8799,21.7675],[88.8496,21.7251],[88.8692,21.6433],[88.8497,21.6158],[88.8115,21.6347],[88.8229,21.6604],[88.7594,21.6566],[88.7243,21.6805],[88.6993,21.7411],[88.7229,21.8073],[88.6998,21.8403],[88.7311,21.9352],[88.7291,21.976],[88.7903,22.0183],[88.7667,22.0237],[88.7594,22.0502],[88.7747,22.0519],[88.7486,22.0659],[88.7157,22.0484],[88.7415,22.0282],[88.735,22.0071],[88.6685,22.0226],[88.6445,22.1181],[88.631,22.1198],[88.6214,22.105],[88.6438,22.0459],[88.6084,21.972],[88.6202,21.9377],[88.5852,21.9852],[88.5792,21.9633],[88.611,21.9322],[88.6096,21.9095],[88.5833,21.8856],[88.5618,21.814],[88.5031,21.8849],[88.5314,21.9303],[88.5095,21.9704],[88.5525,21.9851],[88.5652,22.0228],[88.5449,21.9865],[88.5049,21.973],[88.5103,21.9217],[88.485,21.8966],[88.4664,21.9001],[88.4688,21.9487],[88.4597,21.9382],[88.4534,21.9068],[88.4633,21.8964],[88.4841,21.8913],[88.5001,21.8489],[88.4583,21.8201],[88.469,21.7932],[88.4479,21.8015],[88.4292,21.7659],[88.4363,21.7042],[88.4196,21.6881],[88.4183,21.6661],[88.4412,21.6244],[88.4216,21.6097],[88.4177,21.5818],[88.3929,21.6083],[88.4045,21.6197],[88.3891,21.6672],[88.4121,21.717],[88.3795,21.7303],[88.3991,21.7368],[88.4075,21.7646],[88.3915,21.7795],[88.4082,21.7984],[88.4001,21.8346],[88.4213,21.8892],[88.3996,21.8993],[88.4164,21.9231],[88.4056,21.9516],[88.3903,21.9667],[88.4057,21.9738],[88.4124,21.9947],[88.3873,21.9675],[88.4114,21.9216],[88.396,21.9071],[88.3979,21.8949],[88.4077,21.8854],[88.3976,21.8749],[88.3953,21.7943],[88.3717,21.8007],[88.3643,21.8528],[88.3642,21.8014],[88.3296,21.7886],[88.3146,21.7988],[88.2816,21.7969],[88.2765,21.8073],[88.3154,21.8303],[88.3238,21.8496],[88.311,21.8646],[88.2686,21.865],[88.3175,21.8502],[88.2587,21.7956],[88.2892,21.7581],[88.2832,21.7309],[88.3067,21.6718],[88.3004,21.5917],[88.3254,21.5806],[88.3064,21.5615],[88.2626,21.5575],[88.2265,21.6188],[88.2493,21.6474],[88.2411,21.6786],[88.2116,21.6855],[88.2308,21.6996],[88.2186,21.7919],[88.2381,21.7646],[88.2396,21.7811],[88.2115,21.8029],[88.2035,21.8456],[88.166,21.888],[88.1748,21.9239],[88.1487,21.9596],[88.1863,21.9934],[88.2351,22.0789],[88.2142,22.1574],[88.1788,22.195],[88.0826,22.2206],[88.0342,22.2183],[88.0321,22.2018],[88.1438,22.1871],[88.1902,22.1329],[88.1961,22.1048],[88.1618,22.0645],[88.067,22.0155],[87.9805,21.8551],[87.9519,21.8236],[87.8866,21.803],[87.8924,21.7812],[87.8286,21.7222],[87.7551,21.7008],[87.7498,21.6855],[87.6786,21.6537],[87.6499,21.6646],[87.6369,21.6472],[87.3726,21.5781],[87.366,21.5609],[87.1955,21.5494],[87.1228,21.5137],[86.9181,21.3504],[86.8313,21.1947],[86.8168,21.1382],[86.9296,20.9008],[86.9701,20.8491],[86.9758,20.768],[86.9939,20.7663],[86.9075,20.6044],[86.7655,20.5046],[86.7391,20.4593],[86.7409,20.4177],[86.7226,20.3935],[86.7414,20.3757],[86.7284,20.3611],[86.7785,20.3974],[86.7709,20.3651],[86.7836,20.3721],[86.7563,20.3209],[86.7191,20.2992],[86.6934,20.3029],[86.6885,20.3176],[86.6797,20.3091],[86.6943,20.2819],[86.7493,20.3079],[86.7444,20.2986],[86.5418,20.1847],[86.4254,20.0257],[86.4299,20.0505],[86.4185,20.038],[86.4012,20.0047],[86.4288,19.9947],[86.4181,19.9776],[86.2837,19.9198],[86.2244,19.9198],[85.4007,19.703],[84.8371,19.2261],[84.1435,18.3591],[83.9623,18.2157],[83.9344,18.2254],[83.9453,18.21],[83.8113,18.1604],[83.6734,18.085],[83.5755,18.0095],[83.5411,17.9497],[83.4723,17.8985],[83.4679,17.9212],[83.4438,17.934],[83.449,17.9081],[83.4672,17.8865],[83.4135,17.8402],[83.4202,17.8281],[83.3631,17.7955],[82.9939,17.4732],[82.8869,17.4246],[82.8877,17.4393],[82.8661,17.4298],[82.8655,17.4155],[82.5828,17.2719],[82.4936,17.2121],[82.3045,17.0442],[82.2794,17.0015],[82.2777,16.9443],[82.2529,16.9186],[82.2666,16.8866],[82.2571,16.864],[82.2721,16.8873],[82.276,16.8548],[82.2921,16.8749],[82.3044,16.8567],[82.3217,16.8651],[82.3227,16.7117],[82.0192,16.5383],[81.5393,16.3583],[81.3769,16.3327],[81.2722,16.2767],[81.1881,16.1455],[81.2125,16.1759],[81.1931,16.0821],[81.1483,16.0],[81.1551,15.9707],[81.0499,15.9049],[81.0051,15.8531],[80.9904,15.8252],[80.999,15.7807],[80.9787,15.7579],[80.7913,15.8843],[80.4847,15.8843],[80.2936,15.7047],[80.2564,15.6451],[80.0822,15.4627],[80.0056,14.9644],[80.1781,14.6004],[80.1598,14.3268],[80.1263,14.2069],[80.1397,14.0255],[80.2331,13.708],[80.2407,13.6161],[80.3314,13.3739],[80.3133,13.1694],[80.2956,13.1211],[80.3049,13.0927],[80.2609,13.0127],[80.2741,13.0056],[80.2429,12.8158],[80.2542,12.784],[80.1758,12.5813],[80.1868,12.5753],[80.0749,12.3512],[80.0463,12.3104],[80.067,12.3502],[80.0576,12.351],[79.8819,12.0511],[79.8342,11.9097],[79.8187,11.9071],[79.8319,11.898],[79.7809,11.8029],[79.7857,11.7192],[79.7574,11.5668],[79.7719,11.4914],[79.8004,11.4648],[79.8684,10.2835],[79.8091,10.2689],[79.7112,10.2778],[79.3732,10.3654],[79.3355,10.2836],[79.271,10.2303],[79.2771,10.2105],[79.2469,10.1844],[79.229,10.1341],[79.2336,10.081],[78.8558,9.5414],[79.0475,9.2731],[78.6067,9.2156],[78.5211,9.13],[78.492,9.1252],[78.4912,9.1361],[78.4198,9.1097],[78.2767,8.9996],[78.2658,9.0126],[78.2681,8.9925],[78.1937,8.9249],[78.1703,8.8671],[78.1616,8.7657],[77.9552,8.3341],[77.4669,8.0846],[76.9892,8.3754],[76.7062,8.7276],[76.5134,9.1683],[76.3078,9.55],[76.2446,9.9545],[76.2184,9.9982],[76.1029,10.3754],[76.0478,10.4918],[76.0639,10.4735],[76.0463,10.5317],[76.0266,10.5323],[75.9113,10.799],[75.9104,10.7838],[75.8326,11.1235],[75.8054,11.1508],[75.7296,11.3316],[75.7333,11.354],[75.6782,11.4458],[75.6405,11.4627],[75.5914,11.5623],[75.6041,11.561],[75.5822,11.5708],[75.5294,11.6966],[75.5386,11.7048],[75.4917,11.7339],[75.4716,11.769],[75.451,11.7697],[75.3893,11.8467],[75.3522,11.8601],[75.2491,12.0038],[75.2249,12.0211],[75.2051,12.0037],[75.1676,12.0674],[75.0648,12.3407],[75.0296,12.3922],[75.0386,12.4111],[75.0229,12.3997],[75.0063,12.4371],[75.0154,12.4444],[74.9979,12.4456],[74.983,12.475],[74.8249,12.8316],[74.776,13.0949],[74.7699,13.0782],[74.6921,13.3488],[74.6657,13.6381],[74.6428,13.6709],[74.6058,13.8523],[74.6169,13.8576],[74.565,13.9466],[74.5278,13.9626],[74.505,14.0011],[74.464,14.1872],[74.4092,14.308],[74.3953,14.4186],[74.3765,14.4165],[74.3538,14.5117],[74.3052,14.5196],[74.2912,14.5931],[74.2635,14.6245],[74.2946,14.6402],[74.2751,14.6467],[74.2756,14.6779],[74.2537,14.7068],[74.2633,14.7094],[74.2647,14.7201],[74.2582,14.7122],[74.2215,14.7472],[74.1993,14.7176],[74.1765,14.7446],[74.1477,14.7464],[74.1341,14.7778],[74.1212,14.7744],[74.1041,14.8043],[74.1171,14.8034],[74.1249,14.8405],[74.1079,14.8451],[74.0912,14.8945],[74.0374,14.921],[74.0487,14.9568],[74.0298,14.9815],[74.0476,14.9848],[73.9857,15.0225],[73.9269,15.1144],[73.9458,15.1408],[73.8821,15.3452],[73.862,15.3694],[73.8357,15.361],[73.8032,15.377],[73.7794,15.4089],[73.8757,15.3984],[73.8899,15.4192],[73.8764,15.4337],[73.8584,15.4258],[73.845,15.4491],[73.7822,15.4597],[73.8153,15.5064],[73.7574,15.4939],[73.731,15.6146],[73.6841,15.7202],[73.6509,15.7384],[73.655,15.7734],[73.6238,15.8436],[73.5838,15.9077],[73.5376,15.9339],[73.5041,15.94],[73.5097,15.9913],[73.4955,15.985],[73.4774,16.0393],[73.4563,16.0581],[73.4839,16.0698],[73.4595,16.0759],[73.4705,16.113],[73.4608,16.0941],[73.4377,16.1936],[73.4522,16.2253],[73.428,16.2044],[73.4118,16.2564],[73.4119,16.2734],[73.4392,16.2897],[73.4061,16.2808],[73.3862,16.363],[73.3699,16.3641],[73.3717,16.3896],[73.3948,16.3901],[73.4084,16.4088],[73.3688,16.3999],[73.3586,16.4351],[73.3812,16.4487],[73.3485,16.4519],[73.3116,16.5403],[73.3372,16.5601],[73.3585,16.5193],[73.3494,16.5081],[73.3708,16.5129],[73.352,16.5379],[73.356,16.5666],[73.3167,16.5992],[73.3479,16.5967],[73.3593,16.6253],[73.3362,16.6211],[73.3218,16.6378],[73.3276,16.6797],[73.3429,16.6911],[73.3158,16.6968],[73.3005,16.7511],[73.3179,16.8014],[73.2954,16.8117],[73.2847,16.8776],[73.3048,16.8844],[73.276,16.8926],[73.2826,16.9486],[73.3057,16.9717],[73.2683,16.9866],[73.2792,17.0002],[73.2564,17.0211],[73.2575,17.0443],[73.2902,17.0061],[73.2813,17.0365],[73.3264,17.0286],[73.2797,17.0446],[73.2914,17.0704],[73.2688,17.1461],[73.2314,17.1954],[73.2439,17.2159],[73.1893,17.3016],[73.2207,17.3081],[73.2569,17.2599],[73.2657,17.2889],[73.297,17.2812],[73.2909,17.2948],[73.238,17.2903],[73.2066,17.3828],[73.1711,17.4039],[73.1979,17.4394],[73.1845,17.4957],[73.1405,17.5564],[73.1702,17.577],[73.1331,17.638],[73.1319,17.8822],[72.9833,18.1421],[72.9804,18.1945],[72.9365,18.2241],[72.9422,18.2792],[72.9667,18.2715],[72.9802,18.24],[73.063,18.2177],[73.0702,18.1968],[73.0672,18.2708],[73.0525,18.2857],[73.0458,18.2672],[73.0234,18.2662],[72.9142,18.349],[72.9106,18.3676],[72.9275,18.3799],[72.8901,18.458],[72.9047,18.5384],[72.9213,18.5286],[72.9616,18.5423],[72.9202,18.5479],[72.884,18.6304],[72.898,18.631],[72.8664,18.644],[72.8563,18.6884],[72.8701,18.8028],[72.9142,18.7924],[72.9356,18.8241],[72.9886,18.7759],[72.999,18.7794],[72.9859,18.8052],[73.0578,18.8027],[72.9898,18.8116],[72.9821,18.8626],[72.9381,18.847],[72.9069,18.8865],[72.9247,18.9098],[72.942,18.8943],[72.9495,18.9458],[72.9772,18.9461],[72.9539,18.9701],[73.0908,18.9988],[73.0667,19.0143],[73.0847,19.0314],[73.0644,19.0292],[73.0904,19.0457],[73.0061,19.005],[72.9844,19.0708],[72.9952,19.0869],[72.9764,19.1069],[72.9764,19.1707],[72.9642,19.1353],[72.9522,19.1374],[72.9569,19.1077],[72.9307,19.0904],[72.9472,19.068],[72.9137,19.0744],[72.9517,19.0432],[72.9034,18.9938],[72.8784,19.0226],[72.8573,19.0094],[72.8371,18.9334],[72.8032,18.898],[72.8212,18.9319],[72.8128,18.9508],[72.792,18.9442],[72.8126,19.0202],[72.8597,19.0602],[72.8179,19.0482],[72.8248,19.087],[72.808,19.1435],[72.7863,19.1386],[72.7814,19.1669],[72.8011,19.1976],[72.7783,19.1922],[72.787,19.3062],[72.8517,19.316],[72.9155,19.2908],[72.8509,19.3431],[72.8024,19.3314],[72.7583,19.3757],[72.7663,19.3956],[72.7441,19.4603],[72.7564,19.4738],[72.7169,19.5799],[72.7187,19.5967],[72.7449,19.6026],[72.7289,19.6097],[72.7078,19.6822],[72.7005,19.7289],[72.7146,19.747],[72.6983,19.7437],[72.6983,19.9603],[72.7249,19.9671],[72.76,19.9233],[72.7451,19.9679],[72.7216,19.9802],[72.7076,20.0668],[72.731,20.0951],[72.7448,20.1954],[72.7794,20.207],[72.7456,20.203],[72.749,20.2818],[72.778,20.3364],[72.8183,20.3657],[72.8262,20.4424],[72.8869,20.5046],[72.8771,20.5274],[72.8946,20.5296],[72.8828,20.5439],[72.8927,20.5834],[72.8736,20.6444],[72.9035,20.5969],[72.8864,20.6374],[72.9015,20.6429],[72.8967,20.7022],[72.9087,20.7111],[72.8907,20.7199],[72.9241,20.7558],[72.9519,20.755],[72.9425,20.7755],[72.9178,20.7699],[72.9199,20.7893],[72.91,20.7807],[72.8745,20.8015],[72.896,20.8134],[72.8756,20.8245],[72.8948,20.8665],[72.8268,20.8292],[72.8547,20.86],[72.8245,20.8829],[72.8351,20.9065],[72.8491,20.9044],[72.8239,20.9212],[72.8822,20.9546],[72.8765,20.9718],[72.8913,20.9864],[72.8308,20.9734],[72.8387,20.9855],[72.8052,20.9872],[72.8241,21.0145],[72.7661,21.0042],[72.7488,20.9822],[72.7304,21.0375],[72.7517,21.0284],[72.79,21.0461],[72.8068,21.0247],[72.8327,21.0271],[72.857,21.0392],[72.8419,21.0537],[72.8559,21.0658],[72.8297,21.0602],[72.8388,21.0687],[72.8227,21.0878],[72.8419,21.1137],[72.8215,21.0977],[72.8145,21.1053],[72.8304,21.1146],[72.8143,21.1191],[72.8114,21.1483],[72.8316,21.1672],[72.8059,21.1497],[72.8016,21.1242],[72.7904,21.1447],[72.7878,21.11],[72.7636,21.1227],[72.7569,21.1046],[72.7475,21.1288],[72.719,21.1034],[72.7319,21.0806],[72.716,21.0808],[72.7027,21.1276],[72.7275,21.1475],[72.6913,21.1548],[72.6709,21.2161],[72.6817,21.2184],[72.6365,21.319],[72.6554,21.3191],[72.6684,21.342],[72.7365,21.3238],[72.6962,21.355],[72.7016,21.3724],[72.6746,21.3486],[72.6646,21.3689],[72.6528,21.3494],[72.6459,21.3627],[72.6934,21.4664],[72.6715,21.4468],[72.6379,21.4484],[72.7409,21.5657],[72.8165,21.6136],[72.8406,21.6659],[72.9193,21.6478],[73.0375,21.7005],[73.0901,21.7051],[73.1077,21.7297],[73.064,21.7327],[72.9438,21.6753],[72.8728,21.6882],[72.7776,21.6604],[72.7389,21.6861],[72.6033,21.6764],[72.543,21.6564],[72.5317,21.7209],[72.5458,21.6943],[72.5756,21.7047],[72.5659,21.7328],[72.6,21.7159],[72.5857,21.7265],[72.6033,21.7563],[72.5992,21.7954],[72.6458,21.8329],[72.6544,21.8912],[72.675,21.8872],[72.6786,21.912],[72.6878,21.886],[72.7223,21.8841],[72.7187,21.9318],[72.7786,21.9518],[72.746,21.988],[72.7719,22.0014],[72.7754,22.0168],[72.735,21.9912],[72.7203,22.0212],[72.7074,21.9796],[72.6933,21.9852],[72.6999,21.9716],[72.6465,21.9619],[72.6488,21.9881],[72.6368,22.0028],[72.6401,21.9548],[72.6281,21.9705],[72.6332,21.9546],[72.5304,21.9024],[72.5249,22.0598],[72.5471,22.1572],[72.6099,22.2151],[72.6631,22.211],[72.7419,22.1758],[72.7668,22.1936],[72.7581,22.2163],[72.7121,22.2444],[72.6273,22.255],[72.6127,22.2672],[72.6495,22.2643],[72.6288,22.2759],[72.5679,22.2652],[72.6254,22.2802],[72.5931,22.2817],[72.479,22.2205],[72.4931,22.2641],[72.4597,22.2136],[72.4151,22.2149],[72.4247,22.2006],[72.4084,22.1524],[72.381,22.1539],[72.3885,22.1924],[72.3709,22.1814],[72.3689,22.1449],[72.367,22.1858],[72.3907,22.2002],[72.3697,22.1934],[72.3821,22.2262],[72.3704,22.2843],[72.4013,22.3249],[72.3667,22.3217],[72.342,22.2572],[72.3386,22.3066],[72.3287,22.2926],[72.3459,22.2239],[72.3116,22.1866],[72.2953,22.2249],[72.3209,22.1379],[72.242,22.0036],[72.2551,21.8193],[72.2391,21.7952],[72.2185,21.8162],[72.2081,21.8058],[72.3028,21.6256],[72.2135,21.4247],[72.112,21.3047],[72.0758,21.3224],[72.1087,21.2926],[72.0872,21.2893],[72.0917,21.2784],[71.918,21.1337],[71.7512,21.0225],[71.6397,20.994],[71.6229,20.9689],[71.5168,20.9482],[71.4596,20.8796],[71.3942,20.8619],[71.3824,20.8714],[71.382,20.8538],[71.3278,20.8457],[71.2092,20.7939],[70.8341,20.7001],[70.3573,21.047],[69.6203,21.6539],[69.3783,21.8299],[69.387,21.8534],[69.3674,21.8378],[69.2493,21.9237],[69.204,21.9727],[69.204,21.9977],[69.1897,21.9856],[69.126,22.0528],[69.0133,22.3909],[69.1981,22.3909],[69.1735,22.3637],[69.1622,22.3041],[69.1994,22.2686],[69.2346,22.2602],[69.3081,22.2868],[69.3313,22.326],[69.4151,22.3178],[69.4425,22.3332],[69.4534,22.3156],[69.4962,22.3665],[69.5196,22.3724],[69.5154,22.426],[69.5553,22.3889],[69.5382,22.3779],[69.5909,22.3584],[69.5761,22.3399],[69.5856,22.3334],[69.6023,22.3542],[69.6192,22.3464],[69.6216,22.3651],[69.6442,22.3555],[69.6634,22.3925],[69.6937,22.3961],[69.7228,22.4761],[69.7325,22.4391],[69.7509,22.4301],[69.751,22.4416],[69.7943,22.3997],[69.8214,22.4565],[69.8654,22.4504],[69.9041,22.4706],[69.9283,22.5092],[69.9579,22.4967],[69.9446,22.5225],[69.9672,22.5368],[70.1779,22.5604],[70.2419,22.683],[70.2655,22.6892],[70.2377,22.6953],[70.2559,22.7099],[70.2514,22.7324],[70.2887,22.7381],[70.3559,22.8761],[70.4429,22.9596],[70.4865,23.0526],[70.4856,23.0888],[70.4091,23.0363],[70.4029,23.0606],[70.3715,23.0588],[70.3624,23.0403],[70.3746,23.0183],[70.3943,23.0061],[70.3152,22.9597],[70.3573,23.1279],[69.9036,22.8633],[69.8404,22.8563],[69.8027,22.8321],[68.8879,23.016],[68.8515,23.0544],[68.839,23.0443],[68.8097,23.0734],[68.7461,23.0885],[68.7718,23.1176],[68.7653,23.1318],[68.7339,23.1034],[68.6706,23.1389],[68.6489,23.1644],[68.6922,23.1393],[68.7255,23.1478],[68.6553,23.1676],[68.6515,23.1936],[68.6304,23.1863],[68.5849,23.2401],[68.6458,23.2582],[68.6212,23.2839],[68.6509,23.2985],[68.6146,23.2985],[68.611,23.2713],[68.5884,23.2516],[68.5445,23.2879],[68.5595,23.2887],[68.5525,23.3122],[68.5849,23.3052],[68.5844,23.3197],[68.6165,23.3244],[68.6182,23.3506],[68.6142,23.3278],[68.5609,23.3451],[68.5181,23.319],[68.4831,23.3604],[68.5051,23.3966],[68.4955,23.4024],[68.5195,23.4173],[68.4855,23.4156],[68.4738,23.3863],[68.3978,23.4613],[68.4475,23.4758],[68.4187,23.5359],[68.4555,23.571],[68.4391,23.5684],[68.4662,23.5997],[68.483,23.6502],[68.5457,23.7129],[68.6186,23.7489],[68.6581,23.7992],[68.6794,23.7916],[68.7146,23.8241],[68.766,23.8422],[68.7811,23.8663],[68.7637,23.8777],[68.7733,23.8611],[68.726,23.8369],[68.6554,23.8397],[68.5235,23.7464],[68.5192,23.7731],[68.4902,23.7327],[68.4632,23.7386],[68.4329,23.7338],[68.3763,23.619],[68.3827,23.6079],[68.3083,23.5671],[68.2594,23.6394],[68.2394,23.6479],[68.276,23.6671],[68.3259,23.726],[68.291,23.7243],[68.2403,23.6712],[68.1867,23.723],[68.2112,23.7699],[68.2074,23.8372],[68.2221,23.8313],[68.2408,23.8494],[68.2556,23.835],[68.2675,23.8377],[68.2573,23.8761],[68.2747,23.9179],[68.3065,23.9135],[68.3188,23.9236],[68.2745,23.9372],[68.2377,23.9002],[68.1856,23.8863],[68.1889,23.8501],[68.1361,23.8696],[68.1421,23.8397],[68.1035,23.8555],[68.0801,23.8338],[68.0497,23.8692],[68.0456,23.911],[68.0315,23.8904],[68.0162,23.9083],[67.867,23.9083],[67.9027,23.9647],[67.8939,23.9751],[67.8454,23.9083],[67.5827,23.9083],[67.4262,24.0908],[67.4465,24.1203],[67.4227,24.095],[67.3951,24.1271],[67.4207,24.1238],[67.4245,24.1302],[67.3919,24.1308],[67.3394,24.1954],[67.342,24.2352],[67.4016,24.2334],[67.4208,24.2098],[67.4312,24.2214],[67.4317,24.2472],[67.4212,24.2167],[67.4143,24.234],[67.3501,24.2542],[67.3613,24.2757],[67.3814,24.2732],[67.3934,24.2874],[67.3585,24.2837],[67.3259,24.2449],[67.2954,24.301],[67.3299,24.3339],[67.3596,24.2907],[67.3386,24.3323],[67.3466,24.3428],[67.4109,24.3113],[67.4421,24.3161],[67.449,24.3322],[67.4906,24.3218],[67.5146,24.3424],[67.5291,24.3345],[67.5124,24.3526],[67.4873,24.3263],[67.4566,24.3422],[67.4343,24.3227],[67.3665,24.351],[67.369,24.3857],[67.4177,24.3865],[67.4229,24.3603],[67.4278,24.3918],[67.4158,24.4014],[67.3605,24.3877],[67.3491,24.4005],[67.4169,24.4368],[67.4646,24.4235],[67.4727,24.4269],[67.3902,24.4501],[67.3707,24.4367],[67.3834,24.4544],[67.3604,24.4608],[67.3951,24.4834],[67.4218,24.4644],[67.454,24.4622],[67.436,24.4797],[67.4213,24.4707],[67.4039,24.5064],[67.412,24.5215],[67.3919,24.5161],[67.4022,24.493],[67.3743,24.4721],[67.3094,24.4589],[67.3282,24.4852],[67.3523,24.4797],[67.3702,24.5304],[67.3975,24.5246],[67.3987,24.5468],[67.3684,24.536],[67.3571,24.5504],[67.4136,24.5857],[67.4396,24.5746],[67.4071,24.5894],[67.3234,24.5491],[67.304,24.5532],[67.3152,24.5589],[67.299,24.5815],[67.3203,24.5757],[67.3231,24.5906],[67.371,24.6081],[67.3838,24.6377],[67.4069,24.6358],[67.4143,24.6494],[67.4405,24.6404],[67.4532,24.6537],[67.4416,24.6479],[67.4203,24.6727],[67.4325,24.6982],[67.3932,24.7046],[67.3515,24.7423],[67.3493,24.7629],[67.4528,24.7761],[67.4681,24.7538],[67.4637,24.7775],[67.3755,24.7834],[67.3296,24.7712],[67.2746,24.7903],[67.2456,24.7849],[67.2199,24.8141],[67.174,24.781],[67.1547,24.7937],[67.1224,24.7788],[67.1049,24.7976],[67.1023,24.7781],[67.0908,24.7921],[67.0966,24.7566],[67.038,24.7931],[66.9757,24.9487],[67.0624,25.7724],[67.2792,26.5528],[67.3226,27.2464],[67.4093,27.5933],[67.5393,27.7667],[67.5393,28.3736],[67.5827,29.3274],[67.8428,29.5875],[68.1463,29.4574],[68.5798,29.154],[69.1,28.9806],[69.9237,29.0673],[70.0538,29.6309],[70.4006,30.021],[70.6607,30.5846],[71.1376,31.1482],[71.7446,31.495],[72.3081,31.7551],[72.6983,32.0153],[73.4787,32.0153],[74.0423,32.2754],[75.5163,32.4488],[76.9903,32.4488],[77.7273,32.2754],[78.8111,31.7551],[79.5914,31.1482],[80.1984,30.7147],[82.1926,30.0644],[83.3198,29.4141],[84.7071,29.0239],[86.8314,28.2869],[88.262,27.8967],[89.4759,27.8967],[90.9933,27.81],[93.1609,28.1569],[93.7245,28.6337],[94.8083,28.8071],[95.632,28.7638],[96.239,28.417],[97.0069,27.5733],[97.0469,27.7434],[97.0913,27.7429],[97.1001,27.7792],[97.1644,27.8126],[97.2778,27.9078],[97.3085,27.9163],[97.3275,27.8832],[97.3786,27.8798],[97.3853,27.9861],[97.5921,28.1335],[98.0,27.7522],[98.0,17.5021],[97.9291,17.5399],[97.9053,17.5868],[97.772,17.7166],[97.7777,17.7508],[97.6977,17.8203],[97.6815,17.885],[97.6959,17.9229],[97.7396,17.9506],[97.7433,17.9712],[97.7094,18.0531],[97.6892,18.0586],[97.6812,18.1549],[97.6157,18.2331],[97.6436,18.2876],[96.7671,17.4792],[96.7344,17.4353],[96.7735,17.3764],[96.7225,17.3474],[96.6924,17.3664],[96.6498,17.3383],[96.6683,17.2691],[96.6962,17.2479],[96.7086,17.2545],[96.6769,17.2675],[96.6854,17.3453],[96.7251,17.3382],[96.8366,17.3809],[96.8401,17.3648],[96.8443,17.3762],[96.8597,17.3614],[96.856,17.3431],[96.863,17.3527],[96.9111,17.3214],[96.8907,17.3119],[96.9129,17.3049],[96.9024,17.2717],[96.8335,17.2052],[96.8487,17.2008],[96.8771,17.1122],[96.9001,17.0889],[96.9121,17.0177],[96.8737,16.911],[96.8383,16.9272],[96.8509,16.9591],[96.8346,16.9511],[96.8316,16.9194],[96.8552,16.8876],[96.8359,16.9046],[96.8251,16.8937],[96.8073,16.9106],[96.7968,16.9065],[96.8333,16.8788],[96.8531,16.8372],[96.8078,16.7555],[96.7808,16.7817],[96.7746,16.7731],[96.8013,16.7397],[96.7713,16.6916],[96.5964,16.5366],[96.4938,16.5046],[96.3837,16.4966],[96.2847,16.5537],[96.2867,16.5918],[96.3336,16.6234],[96.4269,16.6076],[96.4699,16.6127],[96.3313,16.6287],[96.2874,16.6001],[96.2777,16.5775],[96.2637,16.6474],[96.2348,16.6789],[96.2228,16.7542],[96.3156,16.8334],[96.3456,16.8334],[96.3941,16.8594],[96.4084,16.8552],[96.4861,16.8699],[96.5119,16.8882],[96.4839,16.8731],[96.3948,16.864],[96.3244,16.8384],[96.32,16.869],[96.3477,16.9059],[96.3007,16.8638],[96.298,16.8408],[96.2776,16.8693],[96.3037,16.8261],[96.2035,16.7632],[96.1848,16.7765],[96.195,16.7898],[96.1915,16.7999],[96.2124,16.7983],[96.2246,16.8111],[96.2182,16.8412],[96.2089,16.8458],[96.2203,16.8109],[96.1917,16.8059],[96.1802,16.7768],[96.1973,16.7597],[96.1288,16.7711],[96.1208,16.8137],[96.1155,16.8122],[96.1319,16.7589],[96.119,16.7566],[96.1921,16.7409],[96.2158,16.6707],[96.2438,16.6493],[96.2366,16.6077],[96.1735,16.5831],[96.1736,16.5163],[96.1926,16.4892],[96.1776,16.483],[96.1826,16.4697]]]]}}