{"type":"Feature","properties":{"speciesId":343,"category":"LC","source":"IUCN Red List","simplifyTol":0.01,"clippedToSubcontinent":true},"geometry":{"type":"MultiPolygon","coordinates":[[[[93.2376,9.4666],[93.3146,9.2604],[93.3138,9.0502],[93.3353,8.9974],[93.4337,9.0427],[93.5291,9.0649],[93.7238,9.0522],[93.902,8.9646],[93.9943,8.8723],[94.046,8.7891],[94.1016,8.6392],[94.139,8.3886],[94.127,8.2796],[94.0837,8.1588],[94.0953,8.0149],[94.0555,7.7874],[94.1836,7.6036],[94.3124,7.4526],[94.445,7.0961],[94.4546,6.9986],[94.4403,6.8548],[94.3898,6.6478],[94.3468,6.5526],[94.2673,6.449],[94.1522,6.3509],[94.0391,6.2857],[93.9453,6.2572],[93.7422,6.2568],[93.5426,6.3386],[93.4237,6.45],[93.335,6.6287],[93.2293,6.7567],[93.1692,6.9138],[93.1553,7.0878],[93.1189,7.2387],[93.1286,7.4383],[92.9728,7.5597],[92.8941,7.666],[92.8317,7.8099],[92.7295,7.8995],[92.6564,7.9978],[92.6009,8.116],[92.5406,8.3224],[92.5231,8.4402],[92.4034,8.5955],[92.3491,8.7913],[92.2715,8.9058],[92.221,9.054],[92.2164,9.2762],[92.2637,9.4321],[92.3155,9.5154],[92.3877,9.5923],[92.4868,9.6743],[92.5733,9.7205],[92.7658,9.7586],[92.9583,9.7205],[93.0967,9.6345],[93.2376,9.4666]],[[93.6286,8.3936],[93.634,8.3849],[93.639,8.3884],[93.6286,8.3936]],[[92.8485,8.8282],[92.8519,8.8165],[92.8608,8.8389],[92.8485,8.8282]],[[93.7057,7.2258],[93.7113,7.2013],[93.7206,7.2031],[93.7057,7.2258]],[[93.0327,8.471],[93.0237,8.4516],[93.0391,8.441],[93.0432,8.4608],[93.0327,8.471]],[[93.1996,8.2409],[93.221,8.2279],[93.2157,8.2614],[93.2021,8.2612],[93.1996,8.2409]],[[93.559,8.1088],[93.5767,8.112],[93.5689,8.0914],[93.5845,8.0634],[93.5712,8.0722],[93.5698,8.0591],[93.5921,8.0386],[93.5817,8.1185],[93.559,8.1088]],[[93.5951,8.5693],[93.6052,8.4193],[93.6118,8.4665],[93.6254,8.4637],[93.5951,8.5693]],[[93.5263,8.0229],[93.5072,7.98],[93.5728,7.9256],[93.5755,7.9936],[93.5585,8.0212],[93.5413,8.0197],[93.5415,7.9984],[93.5263,8.0229]],[[93.1143,8.3577],[93.0889,8.347],[93.0737,8.3105],[93.0808,8.2637],[93.1097,8.2255],[93.1834,8.201],[93.1821,8.2281],[93.1148,8.275],[93.1284,8.3425],[93.1143,8.3577]],[[92.7653,9.2496],[92.7605,9.2171],[92.7122,9.2109],[92.7115,9.1515],[92.7278,9.1193],[92.7737,9.1384],[92.7825,9.1266],[92.768,9.1213],[92.7964,9.1204],[92.8221,9.1389],[92.8118,9.2036],[92.7653,9.2496]],[[93.6946,7.4414],[93.702,7.3899],[93.6613,7.3675],[93.6236,7.3688],[93.6295,7.3143],[93.6147,7.3039],[93.6453,7.2407],[93.6705,7.2797],[93.7339,7.3215],[93.7465,7.3554],[93.7108,7.3892],[93.6946,7.4414]],[[93.5046,8.223],[93.4513,8.1697],[93.4564,8.1165],[93.4713,8.1206],[93.4623,8.1053],[93.4839,8.0886],[93.484,8.0109],[93.4994,7.9924],[93.5052,8.0296],[93.5294,8.0475],[93.5429,8.0355],[93.5474,8.0776],[93.4996,8.1446],[93.513,8.1811],[93.5349,8.1763],[93.5435,8.2092],[93.5382,8.2269],[93.5046,8.223]],[[93.4593,7.9299],[93.4026,7.9675],[93.4037,8.0049],[93.3713,8.0189],[93.3268,8.0],[93.3126,7.9455],[93.3299,7.9121],[93.3457,7.943],[93.3617,7.9295],[93.3456,7.9033],[93.3568,7.8827],[93.382,7.8756],[93.4193,7.899],[93.4641,7.8666],[93.4593,7.9299]],[[93.8043,7.2255],[93.8033,7.1959],[93.7622,7.2069],[93.7573,7.1904],[93.6724,7.1738],[93.678,7.1442],[93.6536,7.12],[93.6718,7.1099],[93.6573,7.0934],[93.6711,7.0319],[93.6598,7.0112],[93.6882,7.0176],[93.7012,6.9956],[93.7231,6.9941],[93.7527,6.9469],[93.7569,6.9044],[93.773,6.9125],[93.7998,6.8743],[93.7854,6.8588],[93.8052,6.8429],[93.7974,6.8258],[93.8136,6.8031],[93.8268,6.8034],[93.8204,6.7543],[93.8478,6.7474],[93.8663,6.8033],[93.9003,6.7913],[93.9164,6.8084],[93.9191,6.8288],[93.9004,6.8466],[93.9074,6.8998],[93.924,6.9097],[93.9282,6.9466],[93.95,6.9523],[93.9206,6.9981],[93.9547,6.9984],[93.9251,7.0201],[93.897,7.0791],[93.8795,7.2024],[93.8429,7.2201],[93.8427,7.2369],[93.8043,7.2255]]],[[[94.1683,15.1106],[94.2021,14.9845],[94.2059,14.8795],[94.1515,14.6765],[94.0242,14.496],[93.9484,14.4338],[93.8411,14.3796],[93.8696,14.2856],[93.8848,14.1496],[93.8745,14.005],[93.8389,13.8744],[93.7269,13.7081],[93.5795,13.6064],[93.6095,13.4891],[93.6095,13.3585],[93.5801,13.2016],[93.5441,13.1003],[93.5256,12.9494],[93.4768,12.8096],[93.4778,12.6185],[93.6353,12.731],[93.8028,12.7798],[93.9954,12.7667],[94.1478,12.6975],[94.2799,12.5681],[94.3555,12.4076],[94.3733,12.2363],[94.3353,12.0708],[94.2697,11.9573],[94.1981,11.8798],[94.1184,11.8228],[94.0163,11.7779],[93.9209,11.7556],[93.7903,11.7556],[93.6949,11.7779],[93.5968,11.8239],[93.5815,11.6535],[93.5121,11.497],[93.4008,11.3781],[93.2326,11.2938],[93.1736,11.0545],[93.1783,10.9485],[93.1624,10.8518],[93.0822,10.6854],[93.0712,10.5789],[93.0244,10.4143],[92.9359,10.2494],[92.8399,10.1369],[92.7015,10.0508],[92.5437,10.0128],[92.4123,10.0127],[92.1759,10.0657],[92.0301,10.1549],[91.9268,10.2808],[91.8694,10.4332],[91.8661,10.6184],[91.7842,10.7244],[91.7342,10.845],[91.7182,10.9417],[91.7268,11.0719],[91.7552,11.1657],[91.8071,11.2605],[91.741,11.411],[91.7181,11.6145],[91.7435,11.7425],[91.8203,11.8862],[91.9392,11.9975],[92.0674,12.0598],[92.1419,12.1971],[92.1988,12.3902],[92.1798,12.5256],[92.1937,12.6415],[92.1626,12.8023],[92.1637,12.9242],[92.2232,13.2274],[92.2578,13.3191],[92.3175,13.4121],[92.3555,13.6063],[92.4819,13.8686],[92.5747,13.9737],[92.7333,14.0992],[92.7928,14.2642],[92.9132,14.4047],[92.9757,14.5036],[93.0888,14.6075],[93.2055,14.6652],[93.1691,14.8219],[93.1864,15.0],[93.2586,15.1602],[93.3619,15.2861],[93.4564,15.3522],[93.577,15.4022],[93.7064,15.4192],[93.8039,15.4096],[93.8977,15.3812],[94.0108,15.3159],[94.103,15.2236],[94.1683,15.1106]],[[92.7792,12.9305],[92.7841,12.9289],[92.7806,12.9338],[92.7792,12.9305]],[[93.0445,13.6493],[93.0425,13.6389],[93.0461,13.6383],[93.0445,13.6493]],[[92.6142,11.5306],[92.6158,11.5173],[92.6158,11.5313],[92.6142,11.5306]],[[92.7304,11.3194],[92.7326,11.3128],[92.733,11.3199],[92.7304,11.3194]],[[93.0959,13.41],[93.0996,13.4013],[93.0991,13.4149],[93.0959,13.41]],[[92.6797,11.1812],[92.6905,11.1738],[92.6836,11.1852],[92.6797,11.1812]],[[92.7738,11.6792],[92.7721,11.6688],[92.7773,11.6786],[92.7738,11.6792]],[[93.1067,13.4318],[93.1101,13.4219],[93.1145,13.4247],[93.1067,13.4318]],[[93.0381,12.2726],[93.0289,12.2743],[93.0294,12.2715],[93.0381,12.2726]],[[92.612,11.9157],[92.6131,11.9056],[92.615,11.9156],[92.612,11.9157]],[[92.8708,12.2454],[92.8758,12.2344],[92.8752,12.2468],[92.8708,12.2454]],[[92.8168,13.3987],[92.8227,13.411],[92.8175,13.4148],[92.8168,13.3987]],[[93.0826,13.4199],[93.0766,13.4155],[93.0809,13.4061],[93.0826,13.4199]],[[92.8751,13.5026],[92.8815,13.5004],[92.8783,13.5107],[92.8751,13.5026]],[[92.7265,12.782],[92.7319,12.7664],[92.7277,12.7849],[92.7265,12.782]],[[92.7568,12.8924],[92.7636,12.8946],[92.764,12.9096],[92.7568,12.8924]],[[92.6706,10.9868],[92.6734,10.9746],[92.6794,10.9812],[92.6706,10.9868]],[[92.6153,10.9263],[92.6265,10.9246],[92.6198,10.9342],[92.6153,10.9263]],[[92.7362,11.9478],[92.7387,11.9356],[92.7436,11.9543],[92.7362,11.9478]],[[92.9571,12.9376],[92.9756,12.9411],[92.9764,12.9434],[92.9668,12.9465],[92.9571,12.9376]],[[92.7786,12.0034],[92.7686,11.9989],[92.7799,11.991],[92.7786,12.0034]],[[93.3667,14.1916],[93.3772,14.1816],[93.3777,14.1912],[93.3667,14.1916]],[[93.0876,11.7866],[93.0964,11.7747],[93.0987,11.7832],[93.0876,11.7866]],[[92.9171,12.3404],[92.9286,12.3495],[92.9253,12.3532],[92.9171,12.3404]],[[92.9562,12.0859],[92.9649,12.0961],[92.9584,12.1064],[92.9562,12.0859]],[[93.0326,13.3235],[93.0238,13.3123],[93.0301,13.3004],[93.0299,13.3133],[93.0326,13.3235]],[[93.1209,12.1379],[93.1274,12.1239],[93.1316,12.1435],[93.1209,12.1379]],[[92.7453,11.9802],[92.7632,11.9731],[92.7682,11.9826],[92.7453,11.9802]],[[92.5631,11.5321],[92.5744,11.5125],[92.5716,11.5359],[92.5631,11.5321]],[[92.8928,13.5729],[92.9088,13.5906],[92.9091,13.5982],[92.8977,13.5906],[92.8928,13.5729]],[[92.6943,12.5319],[92.6799,12.5255],[92.6899,12.5157],[92.6943,12.5319]],[[92.244,10.9779],[92.2292,10.9837],[92.2173,10.9743],[92.244,10.9779]],[[92.625,11.5837],[92.6146,11.5659],[92.6263,11.5608],[92.625,11.5837]],[[92.618,11.5539],[92.6268,11.5308],[92.6266,11.5566],[92.618,11.5539]],[[92.9488,12.1917],[92.9494,12.2223],[92.9374,12.2129],[92.9488,12.1917]],[[92.7145,12.837],[92.7339,12.8589],[92.7335,12.8663],[92.7145,12.837]],[[93.0745,13.6552],[93.0536,13.6354],[93.0551,13.6184],[93.0745,13.6552]],[[92.7977,12.9149],[92.7941,12.8911],[92.8069,12.8977],[92.7977,12.9149]],[[93.2271,13.9763],[93.2383,13.9825],[93.228,14.0164],[93.2259,14.0141],[93.2271,13.9763]],[[92.8706,12.9343],[92.88,12.9174],[92.8974,12.9269],[92.8927,12.9321],[92.8706,12.9343]],[[92.8281,13.4276],[92.8481,13.4236],[92.8483,13.4385],[92.8281,13.4276]],[[92.7499,11.9551],[92.7595,11.9398],[92.7751,11.9587],[92.7499,11.9551]],[[92.6108,11.9289],[92.6155,11.9568],[92.6022,11.9718],[92.6001,11.9685],[92.6108,11.9289]],[[92.6004,11.5313],[92.6088,11.5473],[92.6014,11.5723],[92.5951,11.5448],[92.6004,11.5313]],[[92.7034,11.2435],[92.718,11.261],[92.7183,11.2893],[92.7047,11.2811],[92.7034,11.2435]],[[92.7062,13.0979],[92.7139,13.0672],[92.7322,13.1027],[92.7062,13.0979]],[[92.948,12.9944],[92.9297,13.0263],[92.927,13.0044],[92.948,12.9944]],[[93.8464,12.2638],[93.8685,12.2555],[93.8725,12.2784],[93.8523,12.2802],[93.8464,12.2638]],[[93.6696,14.8498],[93.6954,14.8812],[93.7065,14.919],[93.6762,14.8835],[93.6696,14.8498]],[[92.8875,12.2058],[92.8974,12.2276],[92.9212,12.2203],[92.9118,12.2512],[92.8957,12.2347],[92.8811,12.2404],[92.8875,12.2058]],[[92.5491,11.6014],[92.5413,11.5502],[92.5802,11.5851],[92.5491,11.6014]],[[93.0111,12.9971],[92.9796,12.9702],[92.9697,12.9873],[92.9602,12.9777],[92.986,12.9332],[92.9874,12.9643],[93.0111,12.9971]],[[92.9385,12.2811],[92.9162,12.2872],[92.9111,12.2724],[92.9315,12.2658],[92.9349,12.2276],[92.9511,12.2681],[92.9443,12.3033],[92.9385,12.2811]],[[92.7185,12.7176],[92.7257,12.7518],[92.7319,12.7436],[92.722,12.7793],[92.7203,12.8309],[92.7034,12.7966],[92.7185,12.7176]],[[92.9669,12.1307],[92.9899,12.1094],[93.0129,12.1221],[92.9754,12.1458],[92.9669,12.1307]],[[93.1097,12.2553],[93.095,12.2331],[93.0807,12.2561],[93.0698,12.2281],[93.1008,12.2209],[93.1067,12.2037],[93.1097,12.2553]],[[93.3633,14.0731],[93.3771,14.0657],[93.3839,14.1007],[93.3851,14.1488],[93.3735,14.1553],[93.3609,14.1446],[93.3633,14.0731]],[[92.9665,12.4313],[92.9378,12.4086],[92.9268,12.3624],[92.9453,12.3613],[92.9665,12.4313]],[[93.0214,11.8266],[93.0682,11.8095],[93.0827,11.8367],[93.0223,11.8469],[93.0214,11.8266]],[[93.0027,12.1024],[92.9711,12.0999],[92.9842,12.0892],[92.9701,12.0739],[93.0059,12.0424],[93.0027,12.1024]],[[93.03,13.6744],[92.979,13.6571],[93.0378,13.6266],[93.03,13.6744]],[[93.0594,12.0767],[93.0371,12.1643],[93.0136,12.1251],[93.0199,12.0787],[93.0531,12.0439],[93.0594,12.0767]],[[92.23,11.5263],[92.2843,11.5171],[92.2696,11.5832],[92.2173,11.5828],[92.23,11.5263]],[[93.0765,12.2052],[93.0465,12.1297],[93.0803,12.0828],[93.0986,12.095],[93.1068,12.1434],[93.0765,12.2052]],[[92.9881,12.0428],[92.9792,12.0305],[92.9734,12.0447],[92.9368,11.9903],[92.9709,11.976],[92.987,11.9429],[93.0172,11.9428],[93.0067,11.9381],[93.0508,11.8777],[93.0625,11.8912],[93.0478,11.9393],[93.0139,12.0238],[92.9881,12.0428]],[[92.6939,12.825],[92.6846,12.8347],[92.7056,12.841],[92.729,12.9017],[92.7288,12.9772],[92.7045,12.995],[92.6758,12.9594],[92.6862,12.9395],[92.6596,12.8588],[92.6762,12.7865],[92.6939,12.825]],[[92.6874,11.4719],[92.6432,11.5097],[92.6249,11.4622],[92.6359,11.4002],[92.6072,11.3984],[92.5979,11.3683],[92.6151,11.3453],[92.6781,11.3536],[92.7041,11.3741],[92.7013,11.3901],[92.6624,11.4038],[92.6976,11.4352],[92.6874,11.4719]],[[92.5064,10.8952],[92.446,10.8639],[92.4438,10.8362],[92.4129,10.8212],[92.3972,10.7866],[92.36,10.7812],[92.3643,10.6684],[92.3897,10.6486],[92.4001,10.6138],[92.3593,10.5358],[92.3769,10.5278],[92.4121,10.5461],[92.4776,10.5082],[92.5103,10.5126],[92.5511,10.5747],[92.5228,10.5895],[92.5231,10.6121],[92.5655,10.6512],[92.5594,10.6676],[92.5793,10.6721],[92.5828,10.7018],[92.5689,10.7433],[92.5764,10.7793],[92.5491,10.8035],[92.5439,10.8619],[92.5064,10.8952]],[[93.0313,13.5727],[93.0176,13.5421],[92.9952,13.5646],[92.9934,13.5246],[92.9711,13.5387],[92.9194,13.5235],[92.9334,13.5173],[92.9209,13.5042],[92.9314,13.494],[92.8836,13.4678],[92.8906,13.4258],[92.8746,13.3986],[92.8487,13.3959],[92.8737,13.38],[92.8402,13.3567],[92.8321,13.3037],[92.8474,13.2968],[92.8296,13.2811],[92.8585,13.2366],[92.8337,13.2316],[92.8251,13.1786],[92.8417,13.1687],[92.8222,13.1689],[92.8196,13.1521],[92.8524,13.1401],[92.8489,13.1246],[92.8173,13.1249],[92.8299,13.0949],[92.8121,13.0953],[92.8178,13.0731],[92.8049,13.089],[92.7973,13.0152],[92.8338,13.0086],[92.8106,12.9954],[92.8246,12.9816],[92.8071,12.9891],[92.8015,12.9766],[92.816,12.8983],[92.7997,12.8622],[92.7786,12.8607],[92.7846,12.8392],[92.7711,12.8597],[92.7534,12.8242],[92.7462,12.8333],[92.7466,12.8117],[92.7318,12.8278],[92.7403,12.7338],[92.7549,12.7161],[92.7429,12.7012],[92.7531,12.6944],[92.7359,12.6873],[92.756,12.6641],[92.7426,12.6302],[92.7287,12.6197],[92.7252,12.6362],[92.7153,12.6075],[92.6939,12.5977],[92.7174,12.5638],[92.7026,12.5079],[92.7149,12.4894],[92.7085,12.3296],[92.7243,12.307],[92.6872,12.1956],[92.6836,12.2184],[92.662,12.1797],[92.6696,12.2162],[92.6529,12.1793],[92.6309,12.0922],[92.6383,12.0382],[92.6201,12.0029],[92.6244,11.9202],[92.6025,11.8786],[92.5741,11.9336],[92.5374,11.89],[92.526,11.8449],[92.5342,11.8264],[92.5571,11.8291],[92.5723,11.6971],[92.5993,11.7157],[92.6222,11.6329],[92.6397,11.6289],[92.6455,11.6596],[92.6494,11.6366],[92.6588,11.6434],[92.6512,11.6092],[92.6201,11.615],[92.6339,11.5639],[92.6411,11.5863],[92.6571,11.578],[92.6599,11.5182],[92.6837,11.5027],[92.7099,11.5102],[92.7214,11.4793],[92.764,11.6181],[92.7675,11.666],[92.7444,11.6818],[92.7534,11.7164],[92.7702,11.7022],[92.7999,11.8769],[92.7887,11.9361],[92.7249,11.9246],[92.7282,11.9525],[92.7453,11.964],[92.7344,11.9874],[92.7649,11.997],[92.7412,12.0183],[92.7489,12.035],[92.7888,12.0238],[92.793,12.0402],[92.7686,12.0479],[92.77,12.0633],[92.8001,12.0811],[92.8049,12.1042],[92.8178,12.1007],[92.8124,12.1299],[92.8281,12.1586],[92.8575,12.1639],[92.8597,12.2014],[92.8891,12.1885],[92.8666,12.2446],[92.8963,12.2556],[92.8931,12.2807],[92.8681,12.3119],[92.9085,12.3179],[92.8886,12.3331],[92.9081,12.329],[92.8989,12.3484],[92.8818,12.3519],[92.8901,12.3769],[92.9264,12.4034],[92.9267,12.4451],[92.9644,12.4644],[92.9618,12.4753],[92.9416,12.4653],[92.9547,12.4977],[92.9701,12.4848],[92.9782,12.4943],[92.9835,12.5448],[92.963,12.6164],[92.972,12.7042],[92.9867,12.7118],[92.9701,12.7532],[92.9439,12.7715],[92.9607,12.8039],[92.9546,12.8349],[92.9347,12.8837],[92.9119,12.8845],[92.9301,12.9108],[92.9053,12.9217],[92.9044,12.8971],[92.8818,12.8933],[92.8832,12.9081],[92.861,12.9163],[92.8633,12.9354],[92.8816,12.9386],[92.9054,12.9924],[92.9166,12.947],[92.9417,12.9625],[92.943,12.9856],[92.9283,12.9817],[92.9073,13.0177],[92.9259,13.0594],[92.9494,13.0607],[92.9476,13.0372],[92.9736,13.0111],[92.9744,13.0348],[93.0156,13.0284],[93.0427,13.0787],[93.0423,13.1752],[93.0699,13.2607],[93.0538,13.2552],[93.0525,13.2773],[93.0187,13.2773],[93.0297,13.2917],[93.0174,13.3157],[93.0011,13.3111],[92.997,13.3327],[93.0125,13.3479],[93.0492,13.3458],[93.0489,13.3622],[93.0551,13.3434],[93.0493,13.3208],[93.0674,13.3212],[93.0743,13.2994],[93.0973,13.3308],[93.068,13.3762],[93.0571,13.3699],[93.0776,13.3959],[93.071,13.4117],[93.0571,13.3998],[93.0313,13.4264],[93.0527,13.521],[93.0313,13.5727]]],[[[94.7123,13.7315],[94.7604,13.6417],[94.7918,13.5356],[94.7935,13.3491],[94.7336,13.1834],[94.6679,13.0903],[94.5964,13.0233],[94.4182,12.9356],[94.2235,12.9229],[94.031,12.9886],[93.8843,13.1172],[93.8293,13.2055],[93.7932,13.3016],[93.7808,13.5007],[93.8436,13.6854],[93.9121,13.7798],[93.9836,13.8468],[94.1672,13.9367],[94.3618,13.9495],[94.5466,13.8868],[94.6263,13.8297],[94.7123,13.7315]],[[94.2937,13.4508],[94.2757,13.4321],[94.2888,13.4184],[94.3015,13.4378],[94.2937,13.4508]]],[[[94.6881,16.3066],[94.6645,16.253],[94.6897,16.2571],[94.6983,16.2493],[94.7093,16.2641],[94.7014,16.2464],[94.6636,16.2472],[94.6772,16.2134],[94.7192,16.2091],[94.7262,16.2305],[94.7496,16.2377],[94.7336,16.2564],[94.7567,16.2809],[94.7395,16.2574],[94.7589,16.2373],[94.7209,16.2029],[94.6806,16.2026],[94.6846,16.1148],[94.5608,15.9567],[94.5501,15.966],[94.5696,15.9289],[94.6841,16.0],[94.7196,16.0669],[94.7516,16.0937],[94.7554,16.1316],[94.7764,16.1448],[94.8035,16.2062],[94.8529,16.2398],[94.8374,16.2115],[94.8071,16.1998],[94.7876,16.1316],[94.763,16.1241],[94.7845,16.0965],[94.7362,16.0636],[94.7184,16.0],[94.6697,15.9557],[94.6005,15.9202],[94.634,15.8613],[94.6856,15.8371],[94.7194,15.8504],[94.7996,15.9677],[94.7987,15.989],[94.8395,16.0663],[94.8497,16.0723],[94.8388,16.1108],[94.8726,16.1872],[94.9522,16.211],[95.0165,16.2669],[95.0505,16.3334],[95.0509,16.3127],[95.0649,16.3114],[95.0421,16.3097],[95.0257,16.2628],[94.9573,16.1962],[94.8888,16.1817],[94.8656,16.1351],[94.8785,16.0115],[94.8918,16.0061],[94.9154,16.0299],[94.9029,16.083],[94.9304,16.0942],[94.9529,16.1388],[95.0162,16.1437],[95.0137,16.1616],[95.0479,16.1971],[95.0432,16.2457],[95.0652,16.2477],[95.0713,16.2743],[95.1006,16.3006],[95.0693,16.2458],[95.0465,16.2391],[95.0557,16.1994],[95.0225,16.1603],[95.0226,16.1351],[94.9556,16.131],[94.9333,16.0861],[94.9054,16.0748],[94.9218,16.0306],[94.9145,16.0],[94.8619,16.0],[94.8241,15.9493],[94.8501,15.8762],[94.8373,15.8467],[94.845,15.8298],[94.873,15.8249],[94.8637,15.8968],[94.9443,15.9536],[94.9508,15.9456],[94.8713,15.8954],[94.8893,15.8274],[94.832,15.7955],[94.8428,15.7733],[94.9391,15.7409],[94.9821,15.76],[94.9805,15.8406],[94.9843,15.8484],[94.9868,15.7848],[95.0011,15.7788],[95.0369,15.8038],[95.0701,15.9441],[95.0561,16.0354],[95.0867,16.0923],[95.1198,16.1153],[95.1323,16.1672],[95.1236,16.2066],[95.1408,16.2315],[95.1293,16.2051],[95.1442,16.168],[95.1328,16.1239],[95.165,16.1263],[95.1526,16.1389],[95.1799,16.1374],[95.1869,16.1608],[95.2079,16.1777],[95.1911,16.1138],[95.2671,16.1495],[95.1927,16.0799],[95.1896,16.0246],[95.1415,16.0256],[95.1257,15.9908],[95.1123,15.8061],[95.1768,15.7679],[95.2245,15.7932],[95.2101,15.8565],[95.2352,15.9326],[95.2792,16.0394],[95.3096,16.0806],[95.3266,16.0873],[95.3053,16.143],[95.3144,16.1801],[95.3907,16.2396],[95.3706,16.1492],[95.3368,16.0993],[95.3628,16.0583],[95.3962,16.0616],[95.364,16.0503],[95.3477,15.9473],[95.2984,15.8701],[95.3225,15.8868],[95.3356,15.8829],[95.3315,15.8981],[95.3388,15.9054],[95.3497,15.9044],[95.3534,15.8849],[95.3647,15.8895],[95.3871,15.8768],[95.4126,15.9056],[95.3989,15.8768],[95.3809,15.8721],[95.3479,15.8805],[95.3404,15.9023],[95.3399,15.88],[95.3195,15.8808],[95.2973,15.8621],[95.3045,15.8527],[95.2791,15.8463],[95.2704,15.8008],[95.2868,15.7187],[95.358,15.7039],[95.4264,15.7213],[95.5158,15.7881],[95.6483,15.9258],[95.6931,15.9993],[95.6966,16.046],[95.7382,16.113],[95.7163,16.2339],[95.7229,16.2566],[95.7096,16.2731],[95.7269,16.264],[95.7404,16.1452],[95.7544,16.1266],[95.7786,16.1291],[95.8912,16.2446],[95.9059,16.3295],[95.9275,16.385],[95.9121,16.4109],[95.9964,16.4107],[96.0173,16.3845],[96.0771,16.3572],[96.1628,16.4177],[96.1417,16.4537],[96.1754,16.4635],[96.1804,16.4874],[96.1926,16.4892],[96.1736,16.5163],[96.1735,16.5831],[96.2094,16.6032],[96.2366,16.6077],[96.2461,16.636],[96.2158,16.6707],[96.1921,16.7409],[96.119,16.7566],[96.1319,16.7589],[96.119,16.7729],[96.1155,16.8122],[96.1288,16.7711],[96.1973,16.7597],[96.1802,16.7768],[96.1917,16.8059],[96.2203,16.8109],[96.2089,16.8458],[96.2246,16.8111],[96.1915,16.7999],[96.1848,16.7765],[96.2035,16.7632],[96.3037,16.8261],[96.288,16.842],[96.2776,16.8693],[96.298,16.8408],[96.3007,16.8638],[96.3477,16.9059],[96.32,16.869],[96.3244,16.8384],[96.3948,16.864],[96.4839,16.8731],[96.5119,16.8882],[96.4861,16.8699],[96.3156,16.8334],[96.2228,16.7542],[96.2348,16.6789],[96.2637,16.6474],[96.2777,16.5775],[96.2874,16.6001],[96.3313,16.6287],[96.3712,16.6279],[96.4031,16.6143],[96.4699,16.6127],[96.4269,16.6076],[96.3336,16.6234],[96.2867,16.5918],[96.2847,16.5537],[96.3837,16.4966],[96.4938,16.5046],[96.5964,16.5366],[96.7713,16.6916],[96.8013,16.7397],[96.7746,16.7731],[96.7808,16.7817],[96.8078,16.7555],[96.8531,16.8372],[96.8333,16.8788],[96.7968,16.9065],[96.8251,16.8937],[96.8359,16.9046],[96.8552,16.8876],[96.8316,16.9194],[96.8346,16.9511],[96.8509,16.9591],[96.8383,16.9272],[96.8737,16.911],[96.9121,17.0177],[96.9001,17.0889],[96.8771,17.1122],[96.8487,17.2008],[96.8335,17.2052],[96.9024,17.2717],[96.9129,17.3049],[96.8907,17.3119],[96.9111,17.3214],[96.863,17.3527],[96.856,17.3431],[96.8597,17.3614],[96.8443,17.3762],[96.8401,17.3648],[96.8366,17.3809],[96.7251,17.3382],[96.6854,17.3453],[96.6769,17.2675],[96.7086,17.2545],[96.6962,17.2479],[96.6683,17.2691],[96.6488,17.3303],[96.6584,17.3486],[96.6924,17.3664],[96.7225,17.3474],[96.7735,17.3764],[96.7344,17.4353],[96.7671,17.4792],[96.7918,17.4904],[96.8209,17.4331],[96.849,17.4134],[96.8417,17.3905],[96.8649,17.3961],[96.8832,17.4541],[96.9116,17.357],[97.0091,17.3],[97.0003,17.2668],[97.0592,17.2533],[97.0833,17.1817],[97.1067,17.1878],[97.0887,17.1652],[97.1143,17.0778],[97.1343,17.0806],[97.1365,17.1162],[97.1791,17.1294],[97.2063,17.1338],[97.2278,17.1029],[97.2646,17.1036],[97.2134,17.0874],[97.1909,17.1169],[97.1533,17.0952],[97.1547,17.0679],[97.2072,17.008],[97.1693,16.9107],[97.1749,16.8905],[97.1906,16.8911],[97.2191,16.9379],[97.2181,16.9017],[97.1998,16.8823],[97.2092,16.8129],[97.2228,16.8672],[97.265,16.8481],[97.2659,16.8701],[97.2781,16.8505],[97.2664,16.8441],[97.227,16.8573],[97.2226,16.8417],[97.2349,16.8088],[97.2498,16.8225],[97.2398,16.7684],[97.2772,16.6862],[97.3185,16.6679],[97.3207,16.7102],[97.3402,16.7096],[97.3419,16.7341],[97.3439,16.6953],[97.3301,16.6963],[97.328,16.6669],[97.3476,16.6786],[97.3578,16.6694],[97.3406,16.6666],[97.3457,16.6544],[97.3831,16.6559],[97.3928,16.6437],[97.4241,16.6584],[97.3939,16.64],[97.3284,16.6589],[97.3629,16.479],[97.3928,16.5251],[97.481,16.5218],[97.4886,16.5387],[97.5325,16.5376],[97.6215,16.5187],[97.6264,16.5585],[97.6076,16.581],[97.6214,16.6432],[97.6441,16.6134],[97.6685,16.5549],[97.7089,16.5706],[97.7465,16.5616],[97.6684,16.5455],[97.6755,16.5007],[97.6641,16.48],[97.7023,16.474],[97.7068,16.4536],[97.7259,16.4541],[97.7289,16.4247],[97.7578,16.4177],[97.7372,16.386],[97.7614,16.386],[97.7905,16.3703],[97.8031,16.3534],[97.7924,16.3327],[97.8441,16.3234],[97.8521,16.3024],[97.8887,16.2862],[97.8601,16.2918],[97.8346,16.3236],[97.7874,16.3327],[97.7974,16.354],[97.7784,16.3746],[97.7334,16.3833],[97.7539,16.4141],[97.7199,16.4268],[97.7232,16.4502],[97.7044,16.4501],[97.7025,16.4706],[97.6624,16.4765],[97.6621,16.5123],[97.6486,16.4984],[97.6253,16.5],[97.6284,16.4532],[97.6141,16.4256],[97.6294,16.3873],[97.6155,16.3556],[97.6438,16.27],[97.5978,16.097],[97.6072,16.1036],[97.6202,16.0587],[97.6673,16.0521],[97.6969,16.0274],[97.6772,16.0283],[97.6654,16.0486],[97.6277,16.0504],[97.6143,16.0611],[97.5967,16.0851],[97.5582,16.0726],[97.5713,16.0108],[97.6035,15.9803],[97.6103,15.949],[97.6754,15.9144],[97.7179,15.8434],[97.7217,15.7717],[97.6994,15.7541],[97.762,15.5281],[97.7408,15.4871],[97.7828,15.397],[97.7465,15.3837],[97.7469,15.3561],[97.7274,15.3548],[97.7215,15.3328],[97.7417,15.295],[97.7387,15.2445],[97.7653,15.1971],[97.7951,15.1903],[97.787,15.1795],[97.8063,15.1503],[97.7958,15.0271],[97.7707,15.0183],[97.791,14.9984],[97.8244,15.0243],[97.7969,14.9972],[97.8083,14.9501],[97.7917,14.8683],[97.8392,14.7188],[97.8678,14.7078],[97.8855,14.7229],[97.8944,14.7054],[97.8728,14.671],[97.9047,14.6107],[97.9134,14.6195],[97.9058,14.5783],[97.9408,14.5262],[97.9654,14.4261],[97.9669,14.4417],[97.9851,14.4713],[98.0,14.4825],[97.9679,14.3954],[98.0,14.2877],[98.0,12.3864],[97.9765,12.3649],[97.9769,12.386],[97.9567,12.3773],[97.9419,12.3454],[97.9453,12.3292],[97.9686,12.3623],[97.9786,12.3388],[97.9453,12.3129],[97.9605,12.3213],[97.9813,12.3091],[98.0,12.2737],[98.0,12.1081],[97.9887,12.1039],[98.0,12.0909],[98.0,11.9659],[97.9697,11.9569],[98.0,11.9564],[98.0,11.4487],[97.9723,11.4422],[98.0,11.4351],[98.0,10.5605],[97.9812,10.5704],[97.9451,10.5591],[98.0,10.5407],[98.0,10.3565],[97.9882,10.3267],[98.0,10.3201],[98.0,7.0828],[97.8993,7.193],[97.83,7.3484],[97.813,7.4778],[97.8242,7.5823],[97.7648,7.8183],[97.7604,7.9898],[97.6458,7.9762],[97.5414,7.9868],[97.3612,8.0615],[97.2788,8.1301],[97.1994,8.2336],[97.1589,8.3229],[97.1355,8.4283],[97.1278,8.6524],[97.1414,8.7668],[97.1988,8.9192],[97.3103,9.0523],[97.3216,9.1749],[97.3481,9.2636],[97.3213,9.3953],[97.3298,9.5256],[97.405,9.7068],[97.421,9.8034],[97.4626,9.9088],[97.3952,10.0505],[97.2827,10.1576],[97.2175,10.2707],[97.1837,10.3967],[97.1837,10.5273],[97.2464,10.712],[97.3035,10.7917],[97.3871,10.8682],[97.4114,11.0242],[97.4472,11.1187],[97.44,11.1403],[97.312,11.1738],[97.2211,11.2231],[97.0846,11.36],[96.9572,11.6682],[96.9445,11.8663],[96.9667,11.9617],[97.0245,12.0788],[97.1627,12.2176],[97.2206,12.3358],[97.299,12.4267],[97.2993,12.5743],[97.3413,12.7184],[97.3432,12.8717],[97.3965,13.0405],[97.5153,13.1953],[97.595,13.2524],[97.6929,13.2961],[97.6664,13.349],[97.5548,13.433],[97.4637,13.5576],[97.4196,13.6678],[97.4031,13.8113],[97.3308,13.9306],[97.2962,14.0224],[97.2666,14.4705],[97.2826,14.5672],[97.3285,14.6793],[97.237,14.9666],[97.2321,15.2285],[97.1587,15.4186],[97.1416,15.5794],[97.1625,15.7216],[97.0977,15.8503],[97.0623,16.0051],[96.9612,16.1818],[96.8175,16.0883],[96.624,16.0213],[96.2332,15.7892],[96.1204,15.7399],[96.0235,15.5956],[95.745,15.3295],[95.5761,15.2431],[95.341,15.1787],[95.1154,15.1606],[94.959,15.1754],[94.8354,15.2174],[94.7406,15.2782],[94.5123,15.3452],[94.3315,15.3375],[94.1169,15.3869],[93.9998,15.4446],[93.924,15.5068],[93.8408,15.6148],[93.7364,15.8423],[93.7068,15.9423],[93.6988,16.0695],[93.7556,16.6355],[93.7975,16.7591],[93.8786,16.8752],[93.9001,17.0224],[93.9463,17.1402],[93.9617,17.3086],[94.0456,17.4893],[94.0418,17.549],[93.8671,17.598],[93.7309,17.6951],[93.6687,17.7708],[93.6201,17.8623],[93.5821,18.0504],[93.5099,18.1262],[93.4555,18.2144],[93.3329,18.2887],[93.2152,18.3911],[93.0918,18.5417],[93.0207,18.6777],[92.987,18.8038],[92.9923,18.9666],[93.0426,19.107],[92.9992,19.2026],[92.9744,19.3222],[92.8377,19.357],[92.6968,19.4446],[92.5934,19.5705],[92.506,19.7632],[92.3376,19.9169],[92.2444,20.0929],[92.1363,20.1237],[92.0499,20.17],[91.9087,20.3105],[91.851,20.4276],[91.8131,20.6215],[91.7339,20.7689],[91.6202,20.9131],[91.5536,21.0999],[91.4718,21.1841],[91.4029,21.3025],[91.3683,21.4245],[91.3319,21.6712],[91.2022,21.6047],[91.0414,21.5781],[90.6997,21.3327],[90.6104,21.2922],[90.4193,21.2404],[90.2565,21.2457],[90.132,21.2883],[89.9513,21.3248],[89.7526,21.2279],[89.6233,21.2074],[89.5044,21.2125],[89.3811,21.1627],[89.1838,21.1258],[89.0258,21.0535],[88.9094,21.0344],[88.7181,21.0579],[88.5729,21.026],[88.4652,21.0294],[88.3643,21.0526],[88.2468,21.0296],[88.1436,21.0328],[87.9783,21.0845],[87.8436,21.1818],[87.4214,21.0642],[87.5142,20.896],[87.548,20.77],[87.548,20.6394],[87.5007,20.4836],[87.4282,20.375],[87.2995,20.2631],[87.2405,20.1139],[87.1387,19.9811],[87.0406,19.895],[86.8939,19.8085],[86.8442,19.7127],[86.7477,19.6018],[86.6278,19.5232],[86.4112,19.4294],[85.8726,19.2797],[85.5846,19.1369],[85.4843,19.0653],[85.3912,18.9721],[85.2792,18.9059],[85.2402,18.872],[84.9393,18.4609],[84.7186,18.2],[84.5858,18.0863],[84.4707,17.9384],[84.313,17.8301],[83.9744,17.676],[83.8471,17.5533],[83.6426,17.3096],[83.493,17.1746],[82.8796,16.8672],[82.8201,16.4426],[82.7624,16.3255],[82.651,16.2067],[82.4375,16.0777],[82.1468,15.9354],[81.8146,15.8195],[81.6307,15.8173],[81.5881,15.7208],[81.5121,15.6209],[81.4649,15.5093],[81.4078,15.4297],[81.2902,15.329],[81.16,15.2595],[81.0423,15.2187],[80.8691,15.198],[80.7498,15.2039],[80.6424,15.2306],[80.5888,15.1477],[80.5614,15.0352],[80.5826,14.9365],[80.6693,14.7327],[80.6948,14.6047],[80.665,14.2829],[80.6358,14.1668],[80.7463,13.8777],[80.7501,13.7044],[80.8185,13.5253],[80.8454,13.2714],[80.7952,12.9954],[80.7552,12.8682],[80.7366,12.6488],[80.6305,12.3179],[80.5697,12.1797],[80.3288,11.8242],[80.2786,11.6273],[80.3293,11.4463],[80.3586,11.2104],[80.3564,10.6413],[80.3756,10.3075],[80.4704,10.2722],[80.579,10.1997],[80.6503,10.1234],[80.722,10.0136],[80.9983,9.7979],[81.1876,9.6208],[81.2478,9.5357],[81.3862,9.2598],[81.4851,9.1604],[81.6677,8.8826],[81.7861,8.741],[81.8265,8.6517],[81.9267,8.288],[82.1489,7.9898],[82.2669,7.7585],[82.3675,7.3813],[82.3653,7.1544],[82.3812,7.0268],[82.3107,6.6294],[82.2148,6.3711],[82.0761,6.1525],[81.8696,5.9685],[81.5495,5.7462],[81.2943,5.6441],[81.0837,5.591],[80.8809,5.4873],[80.6187,5.4189],[80.3416,5.453],[80.0218,5.5595],[79.8011,5.7175],[79.6828,5.8512],[79.5566,6.1089],[79.4756,6.4327],[79.386,6.6758],[79.3526,6.8358],[79.3488,7.0134],[79.32,7.1609],[79.331,7.3055],[79.2934,7.5393],[79.2981,7.6725],[79.2095,7.9875],[79.2026,8.2793],[79.2284,8.3848],[79.2747,8.4806],[79.2995,8.6737],[79.218,8.7052],[79.0559,8.6893],[78.8156,8.653],[78.6804,8.6048],[78.6347,8.5017],[78.6235,8.3911],[78.5815,8.2675],[78.4851,8.0898],[78.3991,7.9917],[78.0024,7.7434],[77.8773,7.6892],[77.7737,7.6208],[77.682,7.5862],[77.5525,7.5692],[77.392,7.5884],[77.1575,7.6439],[77.0404,7.7017],[76.8886,7.8119],[76.6011,8.0581],[76.2788,8.468],[76.1694,8.5683],[76.098,8.6775],[75.8507,9.2985],[75.7708,9.7653],[75.6438,10.1751],[75.4483,10.5926],[75.3671,10.9108],[75.2891,11.0953],[75.1844,11.2245],[75.1105,11.4052],[74.8245,11.6737],[74.7192,11.846],[74.6177,12.1071],[74.5146,12.2936],[74.3514,12.6708],[74.2765,12.9879],[74.2198,13.1147],[74.1753,13.2782],[74.1657,13.3757],[74.1781,13.4881],[74.1601,13.5421],[74.0493,13.5978],[73.9735,13.66],[73.9071,13.7412],[73.8494,13.8583],[73.8239,14.0517],[73.8399,14.1484],[73.8819,14.2542],[73.8436,14.3271],[73.7509,14.3994],[73.617,14.5641],[73.5579,14.7276],[73.472,14.8372],[73.415,14.99],[73.3421,15.0764],[73.2947,15.1654],[73.2609,15.2915],[73.2496,15.4405],[73.1866,15.5529],[73.071,15.6902],[72.9828,15.8974],[72.9569,16.0377],[72.8258,16.419],[72.8176,16.6216],[72.7571,17.0394],[72.6994,17.2036],[72.6221,17.6401],[72.4578,18.058],[72.3919,18.4164],[72.3427,18.509],[72.3089,18.6351],[72.3139,18.7969],[72.2931,18.9116],[72.2991,19.0265],[72.2783,19.2363],[72.2384,19.3688],[72.2149,19.5997],[72.169,19.7416],[72.1594,19.843],[72.1812,20.0341],[72.24,20.2494],[72.2661,20.4114],[72.3577,20.6195],[72.3421,20.6534],[72.272,20.7193],[72.0258,20.5911],[71.7889,20.4974],[71.6808,20.4313],[71.3338,20.2928],[71.0758,20.2108],[70.8721,20.1896],[70.7293,20.1981],[70.5541,20.2548],[70.3191,20.3513],[70.0602,20.4986],[69.8894,20.6265],[69.6971,20.7986],[69.369,21.1596],[68.905,21.5611],[68.5605,21.934],[68.4838,22.0776],[68.4359,22.2731],[68.4529,22.4462],[68.5335,22.6359],[68.3224,22.7742],[67.9964,23.1185],[67.8825,23.1843],[67.7953,23.2676],[67.7445,23.2996],[67.5868,23.299],[67.4309,23.3463],[67.1919,23.4876],[67.0525,23.605],[66.9291,23.7882],[66.7854,24.3017],[66.7585,24.3274],[66.6389,24.3224],[66.4967,24.3517],[66.3218,24.4534],[66.2016,24.5844],[66.1478,24.671],[66.1059,24.7946],[66.0976,24.9284],[65.9408,24.9126],[65.7009,24.8538],[65.6029,24.8506],[65.4571,24.8741],[65.2607,24.814],[65.0383,24.8126],[64.8698,24.7036],[64.6762,24.6583],[64.4706,24.6718],[64.2332,24.7686],[64.0684,24.6574],[63.9602,24.624],[63.8507,24.6125],[63.698,24.6364],[63.5592,24.7028],[63.4491,24.6994],[63.1755,24.74],[63.0723,24.715],[62.9613,24.7124],[62.7441,24.7504],[62.608,24.6515],[62.4744,24.606],[62.3399,24.5895],[62.1918,24.6049],[62.0707,24.5973],[61.9282,24.5484],[61.7318,24.534],[61.5385,24.5799],[61.4146,24.5641],[61.3171,24.5738],[61.0197,24.6525],[60.8709,24.7333],[60.6558,24.7773],[60.3934,24.7968],[60.2556,24.8324],[60.1643,24.8298],[60.0,24.8575],[60.0,25.3822],[60.0866,25.3824],[60.108,25.3733],[60.1103,25.3519],[60.1971,25.3287],[60.2072,25.3343],[60.1852,25.3524],[60.2014,25.3782],[60.3037,25.4038],[60.3257,25.3705],[60.2937,25.3885],[60.3057,25.34],[60.4146,25.3184],[60.4586,25.2924],[60.4389,25.3199],[60.4466,25.3325],[60.3961,25.3505],[60.4006,25.3807],[60.4624,25.4365],[60.5322,25.4464],[60.5932,25.4162],[60.6039,25.3786],[60.5912,25.3507],[60.6205,25.3072],[60.6056,25.2883],[60.7418,25.273],[61.0614,25.2019],[61.1673,25.1667],[61.1805,25.1259],[61.4146,25.0641],[61.4048,25.0874],[61.4742,25.1073],[61.4918,25.1583],[61.4906,25.1719],[61.4541,25.1854],[61.4883,25.1924],[61.4892,25.1765],[61.5279,25.1897],[61.4999,25.1944],[61.5556,25.1929],[61.5284,25.207],[61.5557,25.2193],[61.5354,25.2376],[61.5696,25.2405],[61.5627,25.2176],[61.603,25.2044],[61.5687,25.1846],[61.6337,25.2028],[61.6592,25.1869],[61.6899,25.2053],[61.7523,25.1687],[61.7791,25.1927],[61.7831,25.1419],[61.769,25.124],[61.7476,25.1321],[61.7575,25.0983],[61.7242,25.0541],[61.7644,25.0328],[61.8449,25.0434],[61.8594,25.0961],[61.8747,25.1027],[61.9847,25.1096],[62.0984,25.0962],[62.1054,25.1043],[62.0666,25.1548],[62.0735,25.1785],[62.2034,25.2151],[62.2651,25.2048],[62.3149,25.1687],[62.3202,25.1206],[62.269,25.1003],[62.3769,25.0962],[62.3895,25.1048],[62.3394,25.1132],[62.3562,25.1699],[62.4118,25.2054],[62.4771,25.2159],[62.4599,25.2297],[62.4945,25.2529],[62.6949,25.2595],[63.0071,25.2106],[63.1395,25.2577],[63.4927,25.1982],[63.5039,25.2262],[63.4561,25.2952],[63.4811,25.2844],[63.5356,25.3457],[63.6059,25.3706],[63.758,25.3788],[63.9296,25.3371],[64.0643,25.3283],[64.072,25.3632],[64.0361,25.4061],[64.0208,25.4095],[64.0042,25.3844],[63.9913,25.4099],[63.9678,25.4056],[63.9744,25.4234],[64.0058,25.4066],[64.0198,25.4249],[63.9915,25.4264],[64.0287,25.4441],[64.0287,25.465],[64.0473,25.4314],[64.0642,25.4452],[64.1174,25.4545],[64.1243,25.439],[64.1651,25.4533],[64.1381,25.4323],[64.1419,25.4112],[64.0809,25.3978],[64.1175,25.3649],[64.0918,25.3659],[64.0838,25.3294],[64.2233,25.318],[64.2462,25.3325],[64.24,25.307],[64.3405,25.2768],[64.406,25.2383],[64.5436,25.2705],[64.611,25.2166],[64.6045,25.1891],[64.5832,25.1813],[64.5846,25.1594],[64.6623,25.16],[64.7005,25.1866],[64.6402,25.2055],[64.6525,25.2732],[64.7262,25.3167],[64.7927,25.3239],[64.7806,25.3477],[64.8271,25.3189],[64.9953,25.3252],[65.1564,25.3061],[65.2263,25.3172],[65.2514,25.3791],[65.3189,25.3967],[65.3381,25.3805],[65.3711,25.3902],[65.5057,25.3761],[65.5435,25.4199],[65.5178,25.3704],[65.6357,25.3495],[65.773,25.3835],[65.8387,25.4194],[65.9549,25.4132],[66.0144,25.4209],[66.0092,25.4368],[66.0238,25.4437],[66.0391,25.4266],[66.2765,25.4678],[66.36,25.4601],[66.5133,25.4046],[66.5284,25.4158],[66.4928,25.4478],[66.5174,25.4921],[66.4752,25.4996],[66.4265,25.4826],[66.3943,25.5066],[66.3972,25.5216],[66.358,25.5248],[66.3349,25.5532],[66.3088,25.5465],[66.3141,25.5377],[66.2848,25.5421],[66.1956,25.4889],[66.0919,25.4796],[66.1328,25.5079],[66.1337,25.5443],[66.1901,25.5993],[66.2322,25.5904],[66.2969,25.6239],[66.3105,25.6101],[66.3676,25.6159],[66.3991,25.5835],[66.4454,25.5972],[66.4552,25.6194],[66.4672,25.5699],[66.4799,25.5877],[66.5028,25.5774],[66.5393,25.6442],[66.5429,25.6144],[66.5159,25.5634],[66.5289,25.5422],[66.5576,25.5381],[66.56,25.4529],[66.5942,25.425],[66.5783,25.4114],[66.5794,25.3729],[66.5553,25.3922],[66.5501,25.3652],[66.6783,25.2711],[66.742,25.1833],[66.7386,25.1422],[66.7041,25.0826],[66.7004,24.9496],[66.6754,24.9236],[66.6869,24.8927],[66.722,24.8918],[66.6843,24.8757],[66.6514,24.8294],[66.6833,24.8214],[66.7562,24.8438],[66.8191,24.8344],[66.862,24.8569],[66.9792,24.7917],[66.9578,24.8259],[66.9122,24.8447],[66.9538,24.861],[66.9825,24.8579],[66.9627,24.825],[66.9736,24.8306],[66.9758,24.8108],[67.0217,24.8083],[67.0931,24.7569],[67.0908,24.7921],[67.1023,24.7781],[67.1049,24.7976],[67.1224,24.7788],[67.1547,24.7937],[67.174,24.781],[67.2199,24.8141],[67.2456,24.7849],[67.2746,24.7903],[67.3296,24.7712],[67.3755,24.7834],[67.4637,24.7775],[67.4681,24.7538],[67.4528,24.7761],[67.3493,24.7629],[67.3515,24.7423],[67.3932,24.7046],[67.4325,24.6982],[67.4344,24.6857],[67.4203,24.6727],[67.4416,24.6479],[67.4532,24.6537],[67.4405,24.6404],[67.4143,24.6494],[67.4069,24.6358],[67.3838,24.6377],[67.371,24.6081],[67.3231,24.5906],[67.3203,24.5757],[67.299,24.5815],[67.3152,24.5589],[67.304,24.5532],[67.3234,24.5491],[67.4071,24.5894],[67.4171,24.5902],[67.4396,24.5746],[67.4136,24.5857],[67.3571,24.5504],[67.3684,24.536],[67.3987,24.5468],[67.3975,24.5246],[67.3702,24.5304],[67.3523,24.4797],[67.3282,24.4852],[67.3258,24.4653],[67.3094,24.4589],[67.3743,24.4721],[67.4022,24.493],[67.3919,24.5161],[67.412,24.5215],[67.4039,24.5064],[67.4213,24.4707],[67.436,24.4797],[67.454,24.4622],[67.4218,24.4644],[67.3951,24.4834],[67.3604,24.4608],[67.3834,24.4544],[67.3707,24.4367],[67.3902,24.4501],[67.4727,24.4269],[67.4169,24.4368],[67.3491,24.4005],[67.3605,24.3877],[67.4158,24.4014],[67.4278,24.3918],[67.4229,24.3603],[67.4177,24.3865],[67.369,24.3857],[67.3665,24.351],[67.4343,24.3227],[67.4566,24.3422],[67.4873,24.3263],[67.5124,24.3526],[67.5291,24.3345],[67.5146,24.3424],[67.4906,24.3218],[67.449,24.3322],[67.4421,24.3161],[67.4109,24.3113],[67.3466,24.3428],[67.3386,24.3323],[67.3596,24.2907],[67.3299,24.3339],[67.2954,24.301],[67.3259,24.2449],[67.3585,24.2837],[67.3934,24.2874],[67.3613,24.2757],[67.3501,24.2542],[67.4143,24.234],[67.4212,24.2167],[67.4317,24.2472],[67.4208,24.2098],[67.4016,24.2334],[67.342,24.2352],[67.3344,24.2088],[67.3545,24.1828],[67.3344,24.1725],[67.3695,24.1374],[67.4245,24.1302],[67.3626,24.1324],[67.3921,24.0478],[67.4088,24.084],[67.4431,24.1202],[67.4489,24.1168],[67.4184,24.0883],[67.438,24.0636],[67.41,24.0421],[67.4218,24.0024],[67.4083,24.0],[67.4365,23.9907],[67.4224,23.9449],[67.4864,23.9741],[67.5044,23.966],[67.4661,23.9454],[67.4855,23.9374],[67.491,23.9139],[67.4626,23.9205],[67.4696,23.9033],[67.5335,23.8746],[67.5355,23.893],[67.5651,23.8683],[67.5762,23.889],[67.5834,23.8394],[67.6254,23.8429],[67.6269,23.8088],[67.652,23.7945],[67.7502,23.8015],[67.709,23.8562],[67.8209,23.8114],[67.836,23.8246],[67.8456,23.9092],[67.8939,23.9751],[67.9027,23.9647],[67.8653,23.9016],[67.872,23.8586],[67.9298,23.829],[67.9202,23.8517],[67.9962,23.7867],[68.0336,23.788],[68.0446,23.7949],[68.0282,23.8796],[68.042,23.9119],[68.0553,23.903],[68.053,23.8538],[68.073,23.8347],[68.1044,23.8432],[68.1035,23.8555],[68.1421,23.8397],[68.1361,23.8696],[68.1889,23.8501],[68.1856,23.8863],[68.2377,23.9002],[68.2862,23.9383],[68.3201,23.9174],[68.2747,23.9179],[68.2573,23.8761],[68.2675,23.8377],[68.2408,23.8494],[68.2221,23.8313],[68.2074,23.8372],[68.2112,23.7699],[68.1867,23.723],[68.2403,23.6712],[68.291,23.7243],[68.3259,23.726],[68.2611,23.6547],[68.225,23.6457],[68.2594,23.6394],[68.2649,23.6325],[68.2784,23.6004],[68.2657,23.5683],[68.2986,23.5662],[68.3827,23.6079],[68.3763,23.619],[68.4329,23.7338],[68.4632,23.7386],[68.4902,23.7327],[68.5192,23.7731],[68.5235,23.7464],[68.6554,23.8397],[68.726,23.8369],[68.7628,23.8511],[68.7697,23.876],[68.7823,23.8606],[68.766,23.8422],[68.7146,23.8241],[68.6794,23.7916],[68.6581,23.7992],[68.6186,23.7489],[68.5457,23.7129],[68.4708,23.6367],[68.4662,23.5997],[68.4391,23.5684],[68.4555,23.571],[68.4187,23.5359],[68.4475,23.4758],[68.3886,23.4546],[68.3937,23.4216],[68.4389,23.3891],[68.436,23.4214],[68.4738,23.3863],[68.4855,23.4156],[68.5195,23.4173],[68.4955,23.4024],[68.5051,23.3966],[68.4781,23.349],[68.4995,23.3497],[68.5141,23.3201],[68.5609,23.3451],[68.6142,23.3278],[68.6182,23.3506],[68.6165,23.3244],[68.5844,23.3197],[68.5849,23.3052],[68.5525,23.3122],[68.5595,23.2887],[68.5446,23.2882],[68.5406,23.2668],[68.5884,23.2516],[68.611,23.2713],[68.6146,23.2985],[68.6509,23.2985],[68.6212,23.2839],[68.6458,23.2582],[68.584,23.2396],[68.5846,23.2211],[68.6239,23.1862],[68.6515,23.1936],[68.6553,23.1676],[68.7255,23.1478],[68.6922,23.1393],[68.636,23.1777],[68.6376,23.1626],[68.7339,23.1034],[68.7653,23.1318],[68.7718,23.1176],[68.7461,23.0885],[68.8097,23.0734],[68.839,23.0443],[68.8515,23.0544],[68.8553,23.0359],[68.933,22.984],[69.1975,22.8335],[69.2808,22.8226],[69.3614,22.8319],[69.3616,22.8195],[69.4671,22.7708],[69.493,22.7751],[69.4704,22.7812],[69.4542,22.8002],[69.5052,22.7837],[69.5156,22.7862],[69.5019,22.7935],[69.5458,22.7861],[69.5553,22.7984],[69.5709,22.7617],[69.596,22.757],[69.6118,22.7581],[69.6022,22.7736],[69.6366,22.7697],[69.6279,22.8022],[69.6524,22.758],[69.7062,22.7367],[69.6886,22.7548],[69.7105,22.7461],[69.6953,22.7657],[69.7163,22.7535],[69.7341,22.7987],[69.7905,22.8206],[69.8084,22.8463],[70.0647,22.9131],[70.0933,22.9022],[70.1328,22.9342],[70.104,22.9585],[70.1208,22.9852],[70.1318,22.9827],[70.1211,22.9587],[70.1582,22.9416],[70.2032,22.9444],[70.2374,22.973],[70.2917,22.9434],[70.3943,23.0061],[70.3746,23.0183],[70.3624,23.0403],[70.3715,23.0588],[70.4029,23.0606],[70.4091,23.0363],[70.4856,23.0888],[70.4865,23.0526],[70.4429,22.9596],[70.3559,22.8761],[70.2887,22.7381],[70.2514,22.7324],[70.2559,22.7099],[70.2377,22.6953],[70.2655,22.6892],[70.2419,22.683],[70.1779,22.5604],[69.9672,22.5368],[69.9446,22.5225],[69.9579,22.4967],[69.9283,22.5092],[69.9041,22.4706],[69.8654,22.4504],[69.8214,22.4565],[69.7943,22.3997],[69.751,22.4416],[69.7509,22.4301],[69.7325,22.4391],[69.7228,22.4761],[69.6937,22.3961],[69.6634,22.3925],[69.6442,22.3555],[69.6216,22.3651],[69.6192,22.3464],[69.6023,22.3542],[69.5856,22.3334],[69.5761,22.3399],[69.5909,22.3584],[69.5382,22.3779],[69.5553,22.3889],[69.5154,22.426],[69.5196,22.3724],[69.4962,22.3665],[69.4534,22.3156],[69.4425,22.3332],[69.4151,22.3178],[69.3313,22.326],[69.3081,22.2868],[69.2346,22.2602],[69.1994,22.2686],[69.1622,22.3041],[69.1735,22.3637],[69.2014,22.3986],[69.1912,22.4175],[69.1346,22.3987],[69.1102,22.4074],[69.0918,22.3899],[69.0531,22.3989],[69.0443,22.4325],[69.083,22.4701],[69.0672,22.4733],[68.9871,22.4139],[68.9348,22.3057],[68.9574,22.2382],[69.1897,21.9856],[69.204,21.9977],[69.2007,21.9789],[69.2286,21.9439],[69.3546,21.8336],[69.387,21.8534],[69.3688,21.8276],[69.4081,21.785],[69.5782,21.6363],[69.5993,21.6524],[69.5945,21.6333],[69.737,21.4993],[70.0171,21.1847],[70.2191,21.0022],[70.3381,20.9142],[70.4257,20.8804],[70.4116,20.8754],[70.4274,20.8606],[70.5402,20.7996],[70.6113,20.7678],[70.6481,20.7725],[70.6564,20.7576],[70.6808,20.7778],[70.6749,20.7589],[70.6904,20.7436],[70.8269,20.6883],[70.8524,20.7055],[70.9914,20.7048],[70.9853,20.7226],[71.0014,20.7354],[71.0512,20.7313],[71.0869,20.7508],[71.1424,20.7546],[71.2142,20.8041],[71.382,20.8538],[71.3824,20.8714],[71.3942,20.8619],[71.4596,20.8796],[71.5168,20.9482],[71.6229,20.9689],[71.6397,20.994],[71.8047,21.0394],[71.7917,21.0504],[71.8063,21.0683],[71.8756,21.0914],[71.8968,21.1146],[72.003,21.1399],[72.1071,21.2038],[72.0777,21.2534],[72.0985,21.2661],[72.0872,21.2893],[72.097,21.2799],[72.1088,21.2927],[72.0758,21.3224],[72.112,21.3047],[72.2135,21.4247],[72.3028,21.6256],[72.2081,21.8058],[72.2185,21.8162],[72.2391,21.7952],[72.2551,21.8193],[72.242,22.0036],[72.3209,22.1379],[72.2924,22.2146],[72.303,22.2311],[72.3116,22.1866],[72.3459,22.2239],[72.3282,22.2699],[72.3322,22.2999],[72.342,22.2572],[72.3581,22.313],[72.4013,22.3249],[72.3704,22.2843],[72.3821,22.2262],[72.3697,22.1934],[72.3907,22.2002],[72.367,22.1858],[72.3689,22.1449],[72.3709,22.1814],[72.3885,22.1924],[72.381,22.1539],[72.4084,22.1524],[72.4247,22.2006],[72.4151,22.2149],[72.4597,22.2136],[72.4931,22.2641],[72.479,22.2205],[72.4958,22.2372],[72.5231,22.2332],[72.5708,22.2739],[72.5931,22.2817],[72.6219,22.2837],[72.5679,22.2652],[72.6288,22.2759],[72.6495,22.2643],[72.6231,22.2713],[72.6127,22.2672],[72.6273,22.255],[72.6726,22.2567],[72.7121,22.2444],[72.7581,22.2163],[72.7668,22.1936],[72.7419,22.1758],[72.6631,22.211],[72.6099,22.2151],[72.5471,22.1572],[72.5042,21.9431],[72.5304,21.9024],[72.6332,21.9546],[72.6281,21.9705],[72.6401,21.9548],[72.6368,22.0028],[72.6465,21.9619],[72.6999,21.9716],[72.6933,21.9852],[72.7074,21.9796],[72.7203,22.0212],[72.735,21.9912],[72.7754,22.0168],[72.746,21.988],[72.7786,21.9518],[72.7187,21.9318],[72.7223,21.8841],[72.6878,21.886],[72.6786,21.912],[72.675,21.8872],[72.6544,21.8912],[72.6458,21.8329],[72.5992,21.7954],[72.6033,21.7563],[72.5857,21.7265],[72.6,21.7159],[72.5659,21.7328],[72.5756,21.7047],[72.5458,21.6943],[72.5351,21.7253],[72.5362,21.6644],[72.5499,21.6543],[72.6033,21.6764],[72.7389,21.6861],[72.7776,21.6604],[72.8047,21.661],[72.8728,21.6882],[72.9438,21.6753],[73.0803,21.7366],[73.1089,21.7201],[72.9193,21.6478],[72.8406,21.6659],[72.8165,21.6136],[72.7409,21.5657],[72.6379,21.4484],[72.6715,21.4468],[72.6934,21.4664],[72.6459,21.3627],[72.6528,21.3494],[72.6646,21.3689],[72.6746,21.3486],[72.7016,21.3724],[72.6962,21.355],[72.7365,21.3238],[72.6684,21.342],[72.6554,21.3191],[72.621,21.3125],[72.621,21.2928],[72.6501,21.2798],[72.6304,21.2406],[72.6431,21.2498],[72.6817,21.2184],[72.6195,21.2089],[72.6227,21.1434],[72.6293,21.1338],[72.6467,21.1489],[72.6307,21.1283],[72.6178,21.1386],[72.6259,21.0892],[72.646,21.0836],[72.6739,21.1582],[72.7275,21.1475],[72.7059,21.1358],[72.7016,21.0949],[72.7302,21.0781],[72.719,21.1034],[72.7443,21.1262],[72.7569,21.1046],[72.7636,21.1227],[72.7878,21.11],[72.7904,21.1447],[72.8016,21.1242],[72.8059,21.1497],[72.8316,21.1672],[72.8114,21.1483],[72.8143,21.1191],[72.8304,21.1146],[72.8145,21.1053],[72.8419,21.1137],[72.8227,21.0878],[72.8326,21.0544],[72.8549,21.0677],[72.8419,21.0537],[72.857,21.0392],[72.8068,21.0247],[72.7856,21.0461],[72.7417,21.0289],[72.7218,21.0569],[72.7229,21.0266],[72.7473,20.9498],[72.7572,20.9314],[72.767,20.9279],[72.7425,20.9769],[72.7661,21.0042],[72.827,21.014],[72.8052,20.9872],[72.8387,20.9855],[72.8308,20.9734],[72.8913,20.9864],[72.8765,20.9718],[72.8822,20.9546],[72.8239,20.9212],[72.8491,20.9044],[72.8351,20.9065],[72.8245,20.8829],[72.8547,20.86],[72.8268,20.8292],[72.8948,20.8665],[72.8756,20.8245],[72.896,20.8134],[72.8745,20.8015],[72.91,20.7807],[72.9199,20.7893],[72.9178,20.7699],[72.9425,20.7755],[72.9519,20.755],[72.9241,20.7558],[72.8907,20.7199],[72.9087,20.7111],[72.8967,20.7022],[72.9015,20.6429],[72.8864,20.6374],[72.9035,20.5969],[72.8736,20.6444],[72.8927,20.5834],[72.8828,20.5439],[72.8946,20.5296],[72.8771,20.5274],[72.8869,20.5046],[72.8262,20.4424],[72.8183,20.3657],[72.778,20.3364],[72.749,20.2818],[72.7456,20.203],[72.7585,20.214],[72.7794,20.207],[72.7448,20.1954],[72.731,20.0951],[72.7068,20.0701],[72.7216,19.9802],[72.7451,19.9679],[72.76,19.9233],[72.7249,19.9671],[72.7035,19.9651],[72.6716,19.9365],[72.686,19.8742],[72.6594,19.8391],[72.6859,19.8043],[72.7061,19.8084],[72.6902,19.7581],[72.701,19.742],[72.7146,19.747],[72.7005,19.7289],[72.7078,19.6822],[72.7289,19.6097],[72.7449,19.6026],[72.7187,19.5967],[72.7169,19.5799],[72.7564,19.4738],[72.7441,19.4603],[72.7663,19.3956],[72.7583,19.3757],[72.8024,19.3314],[72.8509,19.3431],[72.869,19.3343],[72.9155,19.2908],[72.8517,19.316],[72.787,19.3062],[72.7783,19.1922],[72.8011,19.1976],[72.7814,19.1669],[72.7863,19.1386],[72.808,19.1435],[72.8248,19.087],[72.8179,19.0482],[72.8597,19.0602],[72.8126,19.0202],[72.792,18.9442],[72.8128,18.9508],[72.8212,18.9319],[72.8032,18.898],[72.8371,18.9334],[72.8573,19.0094],[72.8784,19.0226],[72.9034,18.9938],[72.9517,19.0432],[72.9137,19.0744],[72.9472,19.068],[72.9307,19.0904],[72.9569,19.1077],[72.9522,19.1374],[72.9642,19.1353],[72.9764,19.1707],[72.9764,19.1069],[72.9952,19.0869],[72.9844,19.0708],[73.0061,19.005],[73.064,19.0405],[73.0904,19.0457],[73.0644,19.0292],[73.0847,19.0314],[73.0667,19.0143],[73.0908,18.9988],[72.9539,18.9701],[72.9772,18.9461],[72.9495,18.9458],[72.942,18.8943],[72.9247,18.9098],[72.9069,18.8865],[72.9381,18.847],[72.9821,18.8626],[72.9898,18.8116],[73.0578,18.8027],[72.9859,18.8052],[72.999,18.7794],[72.9886,18.7759],[72.9356,18.8241],[72.9142,18.7924],[72.8701,18.8028],[72.8563,18.6884],[72.8664,18.644],[72.898,18.631],[72.884,18.6304],[72.9202,18.5479],[72.9616,18.5423],[72.9213,18.5286],[72.9047,18.5384],[72.8901,18.458],[72.9275,18.3799],[72.9106,18.3676],[72.9142,18.349],[73.0234,18.2662],[73.0458,18.2672],[73.0525,18.2857],[73.0672,18.2708],[73.0702,18.1968],[73.063,18.2177],[72.9802,18.24],[72.9667,18.2715],[72.9422,18.2792],[72.9313,18.2186],[72.9804,18.1945],[72.9884,18.1524],[72.9721,18.1247],[72.9955,18.0527],[73.016,18.025],[73.0296,18.0465],[73.0247,18.0295],[73.0444,18.04],[73.0061,18.017],[73.0418,17.9741],[73.0362,17.9399],[73.056,17.9248],[73.1285,17.7446],[73.135,17.7114],[73.1202,17.6824],[73.1475,17.6041],[73.1696,17.5888],[73.1424,17.5465],[73.1845,17.4957],[73.1979,17.4394],[73.1711,17.4039],[73.2066,17.3828],[73.238,17.2903],[73.2909,17.2948],[73.297,17.2812],[73.2657,17.2889],[73.2569,17.2599],[73.2207,17.3081],[73.1893,17.3016],[73.2439,17.2159],[73.2314,17.1954],[73.2688,17.1461],[73.2914,17.0704],[73.2797,17.0446],[73.3264,17.0286],[73.2813,17.0365],[73.2902,17.0061],[73.2575,17.0443],[73.2564,17.0211],[73.2792,17.0002],[73.2683,16.9866],[73.3057,16.9717],[73.2826,16.9486],[73.276,16.8926],[73.3048,16.8844],[73.2847,16.8776],[73.2954,16.8117],[73.3179,16.8014],[73.3005,16.7511],[73.3158,16.6968],[73.3429,16.6911],[73.3276,16.6797],[73.3218,16.6378],[73.3362,16.6211],[73.3593,16.6253],[73.3479,16.5967],[73.3167,16.5992],[73.356,16.5666],[73.352,16.5379],[73.3708,16.5129],[73.3494,16.5081],[73.3585,16.5193],[73.3372,16.5601],[73.3116,16.5403],[73.3485,16.4519],[73.3812,16.4487],[73.3586,16.4351],[73.3688,16.3999],[73.4084,16.4088],[73.3948,16.3901],[73.3717,16.3896],[73.3699,16.3641],[73.3862,16.363],[73.4061,16.2808],[73.4392,16.2897],[73.4119,16.2734],[73.4118,16.2564],[73.428,16.2044],[73.4522,16.2253],[73.4377,16.1936],[73.4608,16.0941],[73.4705,16.113],[73.4595,16.0759],[73.4839,16.0698],[73.4563,16.0581],[73.4774,16.0393],[73.4955,15.985],[73.5097,15.9913],[73.5041,15.94],[73.5376,15.9339],[73.5838,15.9077],[73.6238,15.8436],[73.655,15.7734],[73.6509,15.7384],[73.6841,15.7202],[73.731,15.6146],[73.7574,15.4939],[73.8153,15.5064],[73.7822,15.4597],[73.845,15.4491],[73.8584,15.4258],[73.8764,15.4337],[73.8899,15.4192],[73.8757,15.3984],[73.7794,15.4089],[73.8032,15.377],[73.8357,15.361],[73.862,15.3694],[73.8821,15.3452],[73.9458,15.1408],[73.9051,15.0871],[73.95,15.0729],[73.9786,15.0504],[73.9857,15.0225],[74.0476,14.9848],[74.0298,14.9815],[74.0487,14.9568],[74.0388,14.9156],[74.0912,14.8945],[74.1079,14.8451],[74.1249,14.8405],[74.1171,14.8034],[74.0911,14.8021],[74.1039,14.7843],[74.1341,14.7778],[74.1477,14.7464],[74.1765,14.7446],[74.1993,14.7176],[74.2215,14.7472],[74.2582,14.7122],[74.2647,14.7201],[74.2633,14.7094],[74.2537,14.7068],[74.2756,14.6779],[74.2751,14.6467],[74.2946,14.6402],[74.2635,14.6245],[74.2912,14.5931],[74.3052,14.5196],[74.3538,14.5117],[74.3765,14.4165],[74.3953,14.4186],[74.4092,14.308],[74.464,14.1872],[74.505,14.0011],[74.5278,13.9626],[74.565,13.9466],[74.6169,13.8576],[74.6058,13.8523],[74.6428,13.6709],[74.6657,13.6381],[74.6921,13.3488],[74.7699,13.0782],[74.776,13.0949],[74.8249,12.8316],[74.983,12.475],[74.9979,12.4456],[75.0154,12.4444],[75.0063,12.4371],[75.0229,12.3997],[75.0386,12.4111],[75.0296,12.3922],[75.0648,12.3407],[75.1677,12.067],[75.2004,12.0032],[75.2249,12.0211],[75.2377,12.0138],[75.3004,11.9467],[75.3522,11.8601],[75.3893,11.8467],[75.451,11.7697],[75.4716,11.769],[75.4917,11.7339],[75.5386,11.7048],[75.5294,11.6966],[75.5822,11.5708],[75.6041,11.561],[75.5912,11.562],[75.597,11.5363],[75.5851,11.5587],[75.6174,11.4744],[75.6782,11.4458],[75.7333,11.354],[75.7296,11.3316],[75.8054,11.1508],[75.8326,11.1235],[75.9104,10.7838],[75.9113,10.799],[76.0266,10.5323],[76.0463,10.5317],[76.0639,10.4735],[76.0478,10.4918],[76.1029,10.3754],[76.2184,9.9982],[76.2446,9.9545],[76.3263,9.4527],[76.4551,9.1423],[76.4196,9.2432],[76.4405,9.2326],[76.4709,9.1412],[76.4748,9.1621],[76.4921,9.1672],[76.4848,9.1159],[76.4753,9.1197],[76.497,9.067],[76.4617,9.1312],[76.5204,8.9993],[76.5464,8.8985],[76.6206,8.8431],[76.9771,8.3876],[77.3183,8.1173],[77.5526,8.069],[77.5609,8.1154],[77.5938,8.1399],[77.7383,8.1691],[77.7838,8.1982],[77.8041,8.2336],[78.0697,8.3666],[78.0647,8.4057],[78.133,8.4883],[78.1322,8.6694],[78.1629,8.7296],[78.1959,8.7407],[78.2055,8.7605],[78.2012,8.7785],[78.1952,8.7499],[78.1786,8.7594],[78.159,8.7451],[78.1539,8.7474],[78.1703,8.8671],[78.1937,8.9249],[78.2681,8.9925],[78.2658,9.0126],[78.2767,8.9996],[78.4198,9.1097],[78.4912,9.1361],[78.492,9.1252],[78.5829,9.1271],[78.6619,9.1519],[78.6449,9.1654],[78.6512,9.1917],[78.7216,9.183],[78.7299,9.2009],[78.8104,9.2313],[78.8733,9.2526],[78.9115,9.2451],[78.9626,9.2688],[79.0889,9.2567],[79.2086,9.2757],[79.2237,9.2513],[79.3151,9.2377],[79.4423,9.1539],[79.3223,9.2665],[79.3367,9.3084],[79.3255,9.3206],[79.2922,9.3161],[79.2686,9.29],[79.2096,9.2811],[79.0751,9.2923],[78.9653,9.3763],[78.9019,9.4806],[78.9195,9.4929],[78.9382,9.6016],[78.9816,9.6768],[79.1204,9.8444],[79.1247,9.8787],[79.165,9.934],[79.2669,10.0338],[79.2319,10.0843],[79.2308,10.1448],[79.2771,10.2105],[79.271,10.2303],[79.3055,10.2651],[79.3983,10.3201],[79.5304,10.3131],[79.7673,10.2707],[79.8349,10.2732],[79.8761,10.2956],[79.8529,10.6781],[79.8597,11.1777],[79.8497,11.2282],[79.8252,11.2306],[79.8483,11.2505],[79.8186,11.4263],[79.7719,11.4914],[79.7601,11.5391],[79.7589,11.6076],[79.7932,11.7502],[79.794,11.7694],[79.7762,11.7694],[79.7982,11.7882],[79.8333,11.902],[79.8187,11.9071],[79.8342,11.9097],[79.8819,12.0511],[80.0576,12.351],[80.0463,12.3104],[80.1454,12.4454],[80.1353,12.4587],[80.1569,12.4775],[80.1868,12.5753],[80.1758,12.5813],[80.2476,12.7533],[80.2429,12.8158],[80.2741,13.0056],[80.2609,13.0127],[80.3049,13.0927],[80.2956,13.1211],[80.3464,13.304],[80.3233,13.4439],[80.2329,13.6455],[80.2339,13.7186],[80.2558,13.78],[80.1383,14.0834],[80.1263,14.2069],[80.1695,14.3491],[80.1961,14.5712],[80.0872,14.8059],[80.0452,15.0673],[80.0736,15.1742],[80.0646,15.1906],[80.091,15.2043],[80.0826,15.2577],[80.0957,15.329],[80.1996,15.4623],[80.2494,15.6334],[80.2936,15.7047],[80.3757,15.774],[80.5329,15.8542],[80.6936,15.8811],[80.7695,15.8685],[80.8111,15.837],[80.8093,15.7779],[80.7824,15.8485],[80.8151,15.6995],[80.8948,15.7157],[80.9388,15.7079],[81.0318,15.7592],[81.0029,15.7705],[80.9927,15.8316],[81.0499,15.9049],[81.1551,15.9707],[81.1483,16.0],[81.2069,16.1316],[81.2125,16.1759],[81.1974,16.1438],[81.1881,16.1455],[81.2018,16.179],[81.2538,16.2596],[81.3307,16.3152],[81.4535,16.3547],[81.5325,16.359],[81.7322,16.3135],[81.842,16.3691],[81.9554,16.3972],[82.3175,16.5846],[82.3019,16.6042],[82.3214,16.6135],[82.3226,16.6489],[82.3559,16.7128],[82.3466,16.7157],[82.3792,16.831],[82.3799,16.9037],[82.3717,16.953],[82.3489,16.9698],[82.3749,16.9175],[82.3744,16.8302],[82.3656,16.8116],[82.3691,16.8561],[82.3419,16.8605],[82.3205,16.8373],[82.3193,16.8678],[82.3044,16.8567],[82.2921,16.8749],[82.276,16.8548],[82.2721,16.8873],[82.2571,16.864],[82.2666,16.8866],[82.2529,16.9186],[82.2777,16.9443],[82.2794,17.0015],[82.3045,17.0442],[82.4936,17.2121],[82.6197,17.2943],[82.8655,17.4155],[82.8832,17.4381],[82.8843,17.4241],[82.9939,17.4732],[83.0229,17.5088],[83.2152,17.5903],[83.2456,17.6371],[83.3009,17.6774],[83.2944,17.6912],[83.3507,17.7279],[83.3542,17.7525],[83.4172,17.8083],[83.4135,17.8402],[83.4672,17.8865],[83.449,17.9081],[83.4438,17.934],[83.4679,17.9212],[83.4723,17.8985],[83.5411,17.9497],[83.5755,18.0095],[83.6734,18.085],[83.8113,18.1604],[83.9453,18.21],[83.9344,18.2254],[83.9623,18.2157],[84.1411,18.3142],[84.1375,18.3434],[84.1666,18.3787],[84.3651,18.5534],[84.3818,18.5947],[84.4484,18.6543],[84.4572,18.6851],[84.5635,18.7904],[84.6006,18.8682],[84.6929,18.9579],[84.8041,19.1159],[84.8096,19.1478],[84.9609,19.2916],[85.0869,19.3687],[85.1224,19.4198],[85.3281,19.5669],[85.6052,19.7074],[85.8202,19.7902],[86.2504,19.9029],[86.4181,19.9776],[86.4288,19.9947],[86.4012,20.0047],[86.4185,20.038],[86.4299,20.0505],[86.4254,20.0257],[86.5418,20.1847],[86.7649,20.3146],[86.6943,20.2819],[86.683,20.2911],[86.6865,20.3181],[86.7191,20.2992],[86.8074,20.3638],[86.8079,20.3953],[86.8031,20.3666],[86.7636,20.3353],[86.7859,20.3717],[86.7709,20.3651],[86.7785,20.3974],[86.7284,20.3611],[86.7414,20.3757],[86.7226,20.3935],[86.7409,20.4177],[86.7358,20.4491],[86.7655,20.5046],[87.052,20.7035],[87.0246,20.6897],[86.996,20.6992],[87.0139,20.7253],[87.0013,20.7584],[86.9758,20.768],[86.9701,20.8491],[86.9296,20.9008],[86.8168,21.1382],[86.8946,21.3136],[87.0644,21.4708],[87.1955,21.5494],[87.366,21.5609],[87.3726,21.5781],[87.6369,21.6472],[87.6499,21.6646],[87.6786,21.6537],[87.7498,21.6855],[87.7551,21.7008],[87.8286,21.7222],[87.8924,21.7812],[87.8866,21.803],[87.9519,21.8236],[87.9805,21.8551],[88.067,22.0155],[88.1618,22.0645],[88.1961,22.1048],[88.1902,22.1329],[88.1438,22.1871],[88.0321,22.2018],[88.0342,22.2183],[88.0826,22.2206],[88.1788,22.195],[88.2142,22.1574],[88.2351,22.0789],[88.1863,21.9934],[88.1487,21.9596],[88.1748,21.9239],[88.166,21.888],[88.2035,21.8456],[88.2115,21.8029],[88.2396,21.7811],[88.2381,21.7646],[88.2186,21.7919],[88.2308,21.6996],[88.2116,21.6855],[88.2411,21.6786],[88.2493,21.6474],[88.2265,21.6188],[88.2457,21.6046],[88.2559,21.563],[88.2864,21.5576],[88.3254,21.5806],[88.3004,21.5917],[88.3067,21.6718],[88.2832,21.7309],[88.2892,21.7581],[88.2589,21.8013],[88.3175,21.8502],[88.2686,21.865],[88.311,21.8646],[88.3238,21.8496],[88.2765,21.8073],[88.2816,21.7969],[88.3146,21.7988],[88.3296,21.7886],[88.3445,21.8041],[88.3642,21.8014],[88.3643,21.8528],[88.3717,21.8007],[88.3953,21.7943],[88.3976,21.8749],[88.4077,21.8854],[88.3979,21.8949],[88.396,21.9071],[88.4114,21.9216],[88.3873,21.9675],[88.4124,21.9947],[88.3903,21.9667],[88.4164,21.9231],[88.3996,21.8993],[88.4213,21.8892],[88.4001,21.8346],[88.4082,21.7984],[88.3915,21.7795],[88.4075,21.7646],[88.3991,21.7368],[88.3795,21.7303],[88.4121,21.717],[88.3891,21.6672],[88.4045,21.6197],[88.3929,21.6083],[88.4177,21.5818],[88.4216,21.6097],[88.4412,21.6244],[88.4183,21.6661],[88.4196,21.6881],[88.4363,21.7042],[88.4292,21.7659],[88.4479,21.8015],[88.469,21.7932],[88.4548,21.8117],[88.4583,21.8201],[88.5001,21.8489],[88.4841,21.8913],[88.4633,21.8964],[88.4534,21.9068],[88.4597,21.9382],[88.4687,21.9487],[88.4664,21.9001],[88.485,21.8966],[88.4898,21.9084],[88.5103,21.9217],[88.5049,21.973],[88.52,21.9864],[88.5449,21.9865],[88.5652,22.0228],[88.5525,21.9851],[88.5095,21.9704],[88.5314,21.9303],[88.5031,21.8849],[88.5618,21.814],[88.5833,21.8856],[88.6096,21.9095],[88.611,21.9322],[88.5792,21.9633],[88.5852,21.9852],[88.6202,21.9377],[88.6084,21.972],[88.6438,22.0459],[88.6214,22.105],[88.631,22.1198],[88.6445,22.1181],[88.6685,22.0226],[88.735,22.0071],[88.7415,22.0282],[88.7157,22.0484],[88.7486,22.0659],[88.7747,22.0519],[88.7594,22.0502],[88.7667,22.0237],[88.7903,22.0183],[88.7291,21.976],[88.7311,21.9352],[88.6998,21.8403],[88.7229,21.8073],[88.6993,21.7411],[88.7243,21.6805],[88.7594,21.6566],[88.8229,21.6604],[88.8115,21.6347],[88.8402,21.6183],[88.8692,21.6433],[88.8496,21.7251],[88.8799,21.7675],[88.8754,21.701],[88.9037,21.6449],[88.9307,21.6299],[88.9519,21.6408],[88.9946,21.6095],[88.9943,21.6465],[89.0167,21.6008],[89.0423,21.6109],[89.0291,21.6349],[89.0292,21.6541],[89.0039,21.6526],[89.0246,21.6637],[89.0595,21.6116],[89.0968,21.6249],[89.1014,21.6618],[89.0277,21.7769],[89.0372,21.8577],[88.9972,21.8895],[89.001,21.9031],[89.0397,21.9077],[89.0677,21.8585],[89.0518,21.7859],[89.1154,21.7204],[89.1374,21.7198],[89.1521,21.755],[89.0935,21.7971],[89.0904,21.8542],[89.0648,21.899],[89.0635,21.9277],[89.0836,21.9386],[89.0948,21.9381],[89.0887,21.908],[89.1121,21.8547],[89.1079,21.8105],[89.1643,21.79],[89.197,21.8047],[89.2193,21.7572],[89.2312,21.7683],[89.2927,21.7564],[89.2867,21.8053],[89.3072,21.8207],[89.3181,21.8611],[89.3671,21.9046],[89.3899,21.9021],[89.3559,21.8004],[89.3867,21.7099],[89.4162,21.7099],[89.4843,21.7864],[89.4707,21.8137],[89.459,21.8111],[89.4712,21.8204],[89.4627,21.8461],[89.4337,21.8477],[89.4607,21.8522],[89.4971,21.9081],[89.5123,21.8993],[89.5251,21.9563],[89.5152,21.9904],[89.5603,21.9911],[89.5607,21.9692],[89.5901,21.9386],[89.5634,21.8575],[89.6137,21.8111],[89.619,21.7806],[89.6067,21.7601],[89.7073,21.7608],[89.7121,21.7853],[89.6339,21.8679],[89.6554,21.9134],[89.6795,21.9049],[89.6586,21.8922],[89.6756,21.8377],[89.7067,21.8491],[89.7383,21.8313],[89.7516,21.8391],[89.7334,21.8909],[89.7542,21.8561],[89.7896,21.879],[89.7762,21.8305],[89.8408,21.856],[89.8456,21.8859],[89.8584,21.8784],[89.8854,21.9055],[89.8534,22.0483],[89.8188,22.066],[89.8528,22.0679],[89.8905,22.1211],[89.8448,22.2487],[89.8987,22.3721],[89.8779,22.4031],[89.8834,22.4302],[89.8834,22.4052],[89.9102,22.3882],[89.9872,22.466],[89.9855,22.4867],[89.9546,22.5055],[90.0179,22.4944],[90.0307,22.5814],[90.0132,22.5988],[90.028,22.6463],[90.0269,22.6557],[90.0077,22.6721],[90.0059,22.6801],[90.0327,22.6527],[90.0268,22.599],[90.0571,22.6225],[90.065,22.6087],[90.033,22.5719],[90.025,22.4901],[90.0,22.4869],[89.9847,22.4388],[89.9197,22.3718],[89.8787,22.2524],[89.9175,22.136],[89.9092,22.0731],[89.9579,21.9789],[89.9896,21.991],[89.9809,22.0416],[90.0183,22.0663],[90.0225,22.1322],[90.0632,22.1618],[90.0282,22.1691],[90.0211,22.1868],[90.0283,22.2004],[90.0739,22.2271],[90.1048,22.3039],[90.095,22.3491],[90.1724,22.4297],[90.1714,22.4528],[90.1936,22.4802],[90.1989,22.509],[90.1819,22.5223],[90.1975,22.5676],[90.183,22.5937],[90.181,22.6276],[90.2487,22.6279],[90.2952,22.6531],[90.2832,22.6302],[90.2519,22.6212],[90.1858,22.6255],[90.2028,22.5725],[90.1876,22.5224],[90.206,22.5118],[90.2018,22.4859],[90.176,22.4215],[90.1016,22.3424],[90.1116,22.2858],[90.081,22.2209],[90.0257,22.189],[90.0801,22.1586],[90.1399,22.1551],[90.0717,22.1533],[90.0362,22.1269],[90.0307,22.0628],[89.993,22.0361],[90.0039,21.9846],[90.0275,21.9782],[90.0298,21.9971],[90.0534,21.9715],[90.0879,22.0556],[90.1608,22.1241],[90.2032,22.1238],[90.2298,22.1915],[90.2097,22.2143],[90.1991,22.3026],[90.2223,22.3421],[90.2548,22.3443],[90.2586,22.3754],[90.3148,22.4741],[90.3405,22.4664],[90.3626,22.4846],[90.3413,22.4589],[90.3177,22.4676],[90.2809,22.4069],[90.2657,22.3711],[90.2696,22.3586],[90.2973,22.3714],[90.2896,22.3505],[90.2801,22.3407],[90.2269,22.3379],[90.2077,22.3093],[90.2206,22.219],[90.2401,22.1932],[90.229,22.1724],[90.2588,22.1722],[90.2723,22.2089],[90.2864,22.2071],[90.2717,22.1772],[90.2542,22.1638],[90.2283,22.1641],[90.2134,22.1143],[90.1633,22.1145],[90.0733,22.0045],[90.0991,21.9412],[90.0988,21.8944],[90.1114,21.9219],[90.1418,21.9247],[90.128,21.9914],[90.1406,21.9702],[90.1685,21.9805],[90.1372,21.9485],[90.15,21.9227],[90.1162,21.9159],[90.1158,21.8993],[90.144,21.8906],[90.1588,21.9103],[90.1886,21.9228],[90.1519,21.8956],[90.1728,21.8697],[90.1589,21.8603],[90.1543,21.8854],[90.1372,21.8899],[90.1021,21.8743],[90.1016,21.8534],[90.1222,21.8485],[90.0992,21.8517],[90.0816,21.8355],[90.1072,21.8011],[90.1756,21.7891],[90.2602,21.8346],[90.2353,21.831],[90.2163,21.8373],[90.2478,21.8376],[90.2631,21.8583],[90.2199,21.8528],[90.1969,21.8906],[90.2189,21.9229],[90.2401,21.9344],[90.2042,21.8874],[90.2241,21.8543],[90.2549,21.8666],[90.2606,21.8846],[90.2409,21.8994],[90.2685,21.9463],[90.2176,21.9508],[90.2343,21.9583],[90.2287,21.9716],[90.1962,21.9784],[90.2135,22.0022],[90.211,21.9826],[90.2568,21.9557],[90.278,21.9971],[90.2707,22.0141],[90.2751,22.0358],[90.2616,22.0404],[90.3331,22.1088],[90.3751,22.1053],[90.3784,22.1309],[90.3338,22.1633],[90.3498,22.1792],[90.3438,22.1957],[90.3562,22.1794],[90.3873,22.2114],[90.3872,22.1955],[90.3408,22.1621],[90.3831,22.1366],[90.3986,22.1722],[90.4179,22.1836],[90.395,22.204],[90.4059,22.2709],[90.3641,22.2952],[90.4149,22.3388],[90.3788,22.2931],[90.4191,22.2895],[90.4035,22.2838],[90.4165,22.2649],[90.3999,22.2179],[90.4261,22.1813],[90.4039,22.1682],[90.3847,22.1054],[90.3882,22.0901],[90.4192,22.0904],[90.4192,22.1262],[90.4269,22.1517],[90.4427,22.1513],[90.4221,22.1192],[90.4373,22.0668],[90.5066,22.1851],[90.5212,22.184],[90.5587,22.2382],[90.5912,22.2573],[90.6132,22.3275],[90.5798,22.5261],[90.5187,22.5991],[90.5042,22.5879],[90.5194,22.6294],[90.4961,22.6723],[90.4769,22.6561],[90.485,22.6991],[90.4692,22.7349],[90.4243,22.7652],[90.3825,22.7586],[90.378,22.7401],[90.4193,22.7453],[90.4297,22.7305],[90.4204,22.7086],[90.4003,22.7234],[90.3831,22.7054],[90.3964,22.729],[90.4167,22.7138],[90.4195,22.7331],[90.3682,22.7366],[90.3726,22.7652],[90.3213,22.8502],[90.3205,22.8726],[90.3456,22.884],[90.3537,22.9212],[90.2991,22.9434],[90.2739,22.9687],[90.3206,22.9865],[90.3072,23.0209],[90.2726,23.0254],[90.2678,23.0431],[90.3167,23.0671],[90.3091,23.1128],[90.2645,23.1126],[90.2452,23.1232],[90.2336,23.1421],[90.2485,23.1621],[90.219,23.1829],[90.1774,23.1665],[90.1681,23.2041],[90.1987,23.2096],[90.2023,23.2256],[90.1287,23.2416],[90.1217,23.2487],[90.1245,23.2685],[90.0871,23.2728],[90.093,23.3005],[90.1189,23.3041],[90.1208,23.3473],[90.0995,23.359],[90.1279,23.351],[90.1445,23.3786],[90.1205,23.3356],[90.1253,23.3055],[90.1408,23.3229],[90.1665,23.3332],[90.1608,23.3676],[90.1862,23.3591],[90.1639,23.3639],[90.17,23.3466],[90.2067,23.3338],[90.1593,23.4206],[90.1578,23.4889],[90.1256,23.5454],[90.083,23.573],[90.0179,23.5823],[90.0246,23.5566],[89.9485,23.6357],[89.8567,23.6605],[89.7017,23.7769],[89.6397,23.7768],[89.5929,23.7975],[89.4996,23.7788],[89.4384,23.8386],[89.4078,23.8978],[89.3047,23.8696],[89.2341,23.9194],[89.1671,23.9259],[89.1241,23.9541],[89.1225,23.9203],[89.0936,23.9665],[89.0608,23.9839],[89.0914,23.9991],[89.1733,24.0],[89.2414,23.9813],[89.2889,23.9467],[89.3161,23.9479],[89.2808,23.9875],[89.3288,23.9487],[89.3865,23.9431],[89.4256,23.9133],[89.4497,23.8706],[89.5468,23.8241],[89.6297,23.8456],[89.7179,23.8319],[89.6802,23.8626],[89.7242,23.8344],[89.7571,23.8473],[89.7708,23.8359],[89.7513,23.8659],[89.7033,23.8749],[89.6557,23.9361],[89.6707,24.0],[89.7051,23.9991],[89.6983,23.9645],[89.7153,23.9718],[89.7208,24.0],[89.7275,23.9776],[89.7046,23.9579],[89.7688,23.8876],[89.7742,23.8995],[89.7915,23.8077],[89.8638,23.7451],[89.9179,23.7216],[89.97,23.6581],[90.1103,23.6129],[90.1641,23.5242],[90.2542,23.4608],[90.4204,23.4161],[90.4858,23.4204],[90.5281,23.3907],[90.5539,23.4263],[90.5339,23.4659],[90.538,23.4837],[90.5701,23.4832],[90.5302,23.5669],[90.5054,23.5721],[90.4635,23.5452],[90.4377,23.5451],[90.4098,23.5802],[90.3951,23.5661],[90.3789,23.5678],[90.4018,23.5883],[90.3797,23.6165],[90.276,23.6548],[90.2477,23.7076],[90.2205,23.7031],[90.1739,23.7165],[90.1497,23.7043],[90.1335,23.7111],[90.1205,23.7334],[90.1068,23.7323],[90.0195,23.7627],[90.0021,23.816],[90.0245,23.7952],[90.0232,23.7635],[90.1219,23.7371],[90.1492,23.7107],[90.1626,23.7198],[90.1924,23.7203],[90.1813,23.7401],[90.2208,23.7081],[90.2383,23.7112],[90.2557,23.7074],[90.2746,23.6862],[90.2524,23.721],[90.221,23.7216],[90.2059,23.7537],[90.2415,23.8149],[90.2226,23.8004],[90.2068,23.8157],[90.1837,23.8023],[90.1247,23.8071],[90.0887,23.83],[90.0691,23.8163],[90.0466,23.8174],[90.0409,23.8278],[90.0547,23.8732],[90.0144,23.8769],[90.0192,23.8936],[89.9378,23.9554],[89.9487,23.9598],[89.9328,23.9846],[89.9523,23.9846],[89.9481,23.9709],[90.0227,23.9072],[90.0262,23.8817],[90.0468,23.8894],[90.0625,23.8769],[90.047,23.8255],[90.0572,23.8201],[90.0916,23.8514],[90.1104,23.8573],[90.1117,23.8736],[90.1319,23.8674],[90.1518,23.8291],[90.194,23.8405],[90.2396,23.827],[90.2298,23.8877],[90.2571,23.7757],[90.2548,23.7303],[90.2817,23.7366],[90.2986,23.7644],[90.3128,23.7642],[90.3176,23.735],[90.3421,23.7401],[90.3552,23.7288],[90.3658,23.7034],[90.3837,23.7022],[90.368,23.7186],[90.4427,23.6684],[90.4703,23.6298],[90.4539,23.6149],[90.469,23.6087],[90.4839,23.5866],[90.505,23.6033],[90.5147,23.5814],[90.5531,23.5715],[90.5628,23.5929],[90.6324,23.6392],[90.6429,23.6899],[90.6818,23.6867],[90.7156,23.7414],[90.7315,23.7102],[90.7403,23.7242],[90.7425,23.6938],[90.7578,23.721],[90.7414,23.6621],[90.7639,23.6432],[90.7646,23.629],[90.7392,23.6216],[90.732,23.5912],[90.7057,23.5618],[90.7084,23.5386],[90.7254,23.5534],[90.7443,23.5443],[90.7178,23.5428],[90.7039,23.4901],[90.6817,23.4821],[90.6303,23.4903],[90.5856,23.4669],[90.6007,23.4314],[90.5796,23.3948],[90.5987,23.3393],[90.6738,23.3213],[90.6616,23.3375],[90.6733,23.3642],[90.695,23.3777],[90.6796,23.3628],[90.6978,23.3457],[90.6754,23.3407],[90.6776,23.3183],[90.6389,23.3166],[90.6524,23.2423],[90.598,23.1778],[90.5663,23.1036],[90.6294,22.9981],[90.6896,22.9783],[90.7333,22.8875],[90.7954,22.8634],[90.7958,22.898],[90.7578,22.9387],[90.8016,22.9088],[90.8246,22.8647],[90.9375,22.8561],[91.0287,22.7996],[91.0831,22.8],[91.1127,22.8262],[91.1164,22.8119],[91.1869,22.7977],[91.2963,22.8102],[91.3451,22.7758],[91.3525,22.7861],[91.3158,22.8394],[91.3427,22.8832],[91.3506,22.8515],[91.3301,22.8335],[91.4086,22.7609],[91.4204,22.8087],[91.4647,22.869],[91.464,22.8832],[91.441,22.8836],[91.4452,22.9007],[91.4922,22.9007],[91.4566,22.8989],[91.4836,22.8741],[91.4356,22.8048],[91.4746,22.8241],[91.4369,22.7772],[91.4547,22.7602],[91.4778,22.7633],[91.4692,22.7787],[91.4859,22.7668],[91.4576,22.7511],[91.5811,22.6536],[91.7001,22.4841],[91.7519,22.3866],[91.7693,22.2784],[91.798,22.2196],[91.829,22.2566],[91.7952,22.2778],[91.7955,22.2927],[91.8723,22.3498],[91.8964,22.4094],[91.9541,22.421],[92.0029,22.4124],[92.0331,22.4505],[92.0873,22.4443],[92.1439,22.4703],[92.0815,22.4371],[92.0349,22.4459],[92.0019,22.4046],[91.9451,22.4162],[91.9008,22.4007],[91.8666,22.3221],[91.8147,22.3049],[91.842,22.2605],[91.8351,22.2151],[91.8118,22.1905],[91.8345,22.1221],[91.8548,22.1276],[91.8949,21.9689],[91.9274,21.9345],[91.9095,21.9079],[91.9199,21.8473],[91.8912,21.7773],[91.9308,21.7855],[91.9424,21.8042],[91.9706,21.7862],[91.9545,21.7539],[91.9716,21.7472],[91.9924,21.7678],[91.9764,21.7418],[91.9481,21.7453],[91.9667,21.6781],[91.9796,21.7042],[91.9818,21.656],[92.0192,21.6685],[92.0181,21.7165],[92.0352,21.7006],[92.0251,21.6822],[92.0405,21.6722],[92.0389,21.6476],[91.9954,21.5518],[92.0221,21.4864],[91.9993,21.5054],[91.9535,21.4502],[92.0289,21.3402],[92.0496,21.2642],[92.0533,21.1632],[92.1847,21.0139],[92.2117,20.9253],[92.2996,20.7607],[92.3261,20.7433],[92.3408,20.7524],[92.313,20.8469],[92.2611,20.9362],[92.2494,21.026],[92.255,21.0615],[92.1976,21.1198],[92.198,21.1546],[92.2243,21.1365],[92.2298,21.1046],[92.2734,21.0458],[92.3122,21.0703],[92.3128,21.0579],[92.2646,21.0357],[92.2887,21.0225],[92.2694,21.0182],[92.2798,20.9694],[92.2933,20.9801],[92.283,20.9929],[92.2891,21.0036],[92.2968,20.9872],[92.3313,20.9978],[92.3477,20.9871],[92.3619,20.9419],[92.334,20.9103],[92.3164,20.901],[92.3146,20.8826],[92.3366,20.8509],[92.3602,20.8647],[92.3353,20.8433],[92.3584,20.7833],[92.3787,20.8246],[92.3901,20.8168],[92.3611,20.7723],[92.3877,20.7048],[92.3774,20.6957],[92.4661,20.6597],[92.4597,20.649],[92.5133,20.5993],[92.5281,20.5435],[92.638,20.4332],[92.7284,20.26],[92.747,20.2559],[92.7299,20.2954],[92.7478,20.4143],[92.72,20.4706],[92.7292,20.5496],[92.6954,20.5825],[92.6395,20.6883],[92.607,20.6776],[92.591,20.6851],[92.5441,20.7431],[92.5466,20.7631],[92.5713,20.7516],[92.5449,20.8118],[92.5494,20.8493],[92.5649,20.7864],[92.581,20.8017],[92.6024,20.8064],[92.5697,20.7796],[92.591,20.732],[92.5832,20.7199],[92.6451,20.7277],[92.6456,20.6891],[92.6844,20.6278],[92.7311,20.5792],[92.7482,20.5876],[92.7281,20.6063],[92.7266,20.6168],[92.7467,20.5986],[92.7524,20.5868],[92.7486,20.5782],[92.7322,20.5696],[92.7523,20.4794],[92.7639,20.4734],[92.7961,20.5101],[92.8108,20.4924],[92.8275,20.4968],[92.8487,20.4591],[92.8383,20.4688],[92.8337,20.4407],[92.8166,20.4429],[92.8418,20.4017],[92.8637,20.4051],[92.8571,20.4195],[92.8866,20.4039],[92.8867,20.4218],[92.9063,20.3787],[92.9174,20.3833],[92.9072,20.421],[92.9285,20.4299],[92.9133,20.4363],[92.8983,20.4822],[92.9326,20.4327],[92.9127,20.414],[92.9508,20.3739],[92.9417,20.3522],[92.9315,20.3863],[92.9108,20.3717],[92.8393,20.3808],[92.8982,20.3078],[92.9446,20.3156],[92.7988,20.2582],[92.799,20.2141],[92.8458,20.1823],[92.7969,20.2102],[92.7873,20.2401],[92.7649,20.2],[92.8531,20.1232],[92.8966,20.1094],[92.9203,20.1809],[92.8862,20.2095],[92.9146,20.2122],[92.915,20.2419],[92.9449,20.2674],[92.963,20.2257],[93.0091,20.2869],[93.0243,20.3894],[93.0135,20.4606],[93.0386,20.4686],[93.0333,20.4857],[93.0196,20.4791],[93.0556,20.5207],[93.0351,20.5378],[93.055,20.5337],[93.063,20.5208],[93.0402,20.4931],[93.0427,20.4633],[93.0173,20.454],[93.0258,20.4274],[93.0583,20.4764],[93.0816,20.5517],[93.0757,20.5791],[93.0178,20.6122],[93.0056,20.6398],[93.0277,20.6439],[93.0218,20.6219],[93.0483,20.5976],[93.0701,20.602],[93.0919,20.53],[93.1051,20.5307],[93.087,20.5198],[93.107,20.5041],[93.1167,20.4272],[93.1111,20.4138],[93.0884,20.4013],[93.0939,20.3797],[93.1195,20.3786],[93.1475,20.4043],[93.1681,20.4002],[93.1647,20.422],[93.1742,20.3994],[93.1292,20.3762],[93.1748,20.3741],[93.1564,20.3591],[93.1321,20.3693],[93.1374,20.3425],[93.1243,20.3281],[93.203,20.3226],[93.2235,20.376],[93.198,20.3871],[93.2252,20.3917],[93.2372,20.416],[93.2512,20.4261],[93.2124,20.3278],[93.2259,20.3076],[93.2165,20.2861],[93.117,20.1857],[93.1825,20.1969],[93.2099,20.2347],[93.2464,20.2454],[93.2306,20.2739],[93.2398,20.306],[93.2801,20.3282],[93.2805,20.3482],[93.3254,20.4036],[93.2966,20.33],[93.3234,20.3298],[93.3398,20.2996],[93.343,20.2772],[93.3623,20.2736],[93.4126,20.1727],[93.4329,20.1052],[93.4148,20.1121],[93.4167,20.0799],[93.3841,20.0801],[93.3807,20.0659],[93.416,19.9708],[93.4567,19.95],[93.4392,19.9925],[93.4542,19.9959],[93.4661,19.9825],[93.4762,20.0065],[93.4548,20.0552],[93.4583,20.0626],[93.4762,20.0609],[93.4584,20.0541],[93.4674,20.0443],[93.4818,19.9914],[93.5401,19.9909],[93.5071,19.9748],[93.5085,19.9613],[93.5365,19.9552],[93.5121,19.9438],[93.5161,19.9234],[93.546,19.9363],[93.5416,19.924],[93.5688,19.9212],[93.5867,19.9378],[93.5754,19.9201],[93.5419,19.9036],[93.5518,19.8885],[93.6219,19.9171],[93.702,19.9144],[93.7091,19.9673],[93.7085,19.9375],[93.7457,19.9152],[93.7145,19.9079],[93.7386,19.8852],[93.7937,19.873],[93.7872,19.8835],[93.7933,19.916],[93.8012,19.891],[93.7979,19.8666],[93.7862,19.8628],[93.7976,19.8329],[93.7914,19.7691],[93.7208,19.7482],[93.7059,19.7028],[93.727,19.6711],[93.7986,19.7014],[93.8066,19.7392],[93.8181,19.7292],[93.8193,19.7111],[93.7882,19.6815],[93.7943,19.6598],[93.7476,19.6525],[93.722,19.6265],[93.7602,19.5991],[93.7935,19.614],[93.8164,19.6042],[93.7768,19.5911],[93.9024,19.4885],[93.9324,19.4985],[93.9419,19.5259],[93.9326,19.5584],[93.9383,19.564],[93.9484,19.5081],[93.9046,19.4681],[93.9536,19.4479],[93.9766,19.4629],[93.9971,19.4526],[93.9764,19.4188],[93.877,19.473],[93.8585,19.4404],[93.8567,19.4843],[93.8187,19.4643],[93.7933,19.5003],[93.7758,19.5037],[93.7688,19.4853],[93.7462,19.5422],[93.6875,19.5654],[93.6468,19.5122],[93.6546,19.4919],[93.6372,19.4889],[93.6516,19.4445],[93.7393,19.4088],[93.7121,19.4014],[93.7319,19.3826],[93.7323,19.3566],[93.7533,19.3576],[93.7704,19.3446],[93.78,19.3542],[93.7753,19.3404],[93.7463,19.3542],[93.7392,19.3449],[93.7751,19.3011],[93.8087,19.3077],[93.8434,19.2959],[93.8692,19.3068],[93.8824,19.3531],[93.8589,19.3878],[93.8889,19.3534],[93.8842,19.3196],[93.9111,19.3353],[93.9114,19.3702],[93.9218,19.3773],[93.9191,19.3345],[93.8818,19.3076],[93.8921,19.2916],[93.9663,19.3584],[93.9834,19.4055],[94.0108,19.381],[93.9817,19.3851],[93.9722,19.3514],[93.9498,19.3369],[93.9559,19.3061],[93.8733,19.2466],[93.809,19.2263],[93.739,19.2567],[93.7207,19.2445],[93.7269,19.2754],[93.6948,19.2819],[93.7215,19.2926],[93.6815,19.3001],[93.6446,19.2238],[93.6672,19.3022],[93.6214,19.3411],[93.6001,19.3227],[93.6172,19.3482],[93.6342,19.3399],[93.6374,19.3542],[93.6041,19.4144],[93.5682,19.4046],[93.5514,19.4101],[93.568,19.4163],[93.5509,19.4324],[93.5135,19.4341],[93.4841,19.4091],[93.4722,19.3669],[93.5699,19.2256],[93.5993,19.1513],[93.6393,19.1378],[93.6629,19.0763],[93.6897,19.0961],[93.6942,19.1196],[93.7476,19.1213],[93.6976,19.1146],[93.6901,19.0844],[93.6659,19.0664],[93.6742,19.0103],[93.7151,19.0075],[93.7448,18.9689],[93.7728,18.9664],[93.8923,18.8923],[93.9324,18.8475],[93.9858,18.9614],[93.9557,19.0208],[93.9534,19.0885],[93.9677,19.1238],[93.9092,19.1995],[93.9453,19.1934],[93.9439,19.1562],[93.9663,19.1394],[94.0,19.1502],[93.9914,19.2229],[94.0163,19.1814],[94.0354,19.2177],[94.0315,19.3281],[94.0394,19.3453],[94.0687,19.3706],[94.0686,19.3853],[94.0762,19.3746],[94.0435,19.3119],[94.0469,19.2483],[94.0711,19.2339],[94.0492,19.2206],[94.0329,19.1296],[94.0568,19.1255],[94.0624,19.1881],[94.0735,19.165],[94.0648,19.1263],[94.0911,19.1484],[94.0927,19.1822],[94.1075,19.1513],[94.1295,19.1561],[94.1357,19.1796],[94.1385,19.1514],[94.0375,19.1067],[94.0272,19.0792],[94.0545,19.0754],[94.1161,19.1204],[94.1466,19.1191],[94.109,19.1051],[94.1228,19.0846],[94.097,19.0986],[94.0897,19.0849],[94.1021,19.0766],[94.0586,19.0598],[94.0632,19.0376],[94.0364,18.9913],[94.0552,18.9352],[94.031,18.9005],[94.0596,18.8898],[94.0718,18.8743],[94.0864,18.8797],[94.113,18.9662],[94.1086,18.9296],[94.1353,18.8919],[94.1057,18.8997],[94.0906,18.8806],[94.0738,18.8676],[94.0439,18.8846],[94.0309,18.8633],[94.0553,18.8461],[94.1287,18.8786],[94.1169,18.8566],[94.127,18.8567],[94.1467,18.8848],[94.1696,18.89],[94.1523,18.8795],[94.1458,18.8353],[94.1762,18.8347],[94.1466,18.8144],[94.1831,18.7796],[94.1994,18.7931],[94.1916,18.7712],[94.2039,18.7527],[94.2094,18.7741],[94.2243,18.7812],[94.2064,18.7431],[94.2169,18.731],[94.2388,18.7347],[94.2492,18.7552],[94.253,18.7341],[94.28,18.7351],[94.2197,18.7182],[94.1745,18.7283],[94.1743,18.7141],[94.1409,18.736],[94.2402,18.6458],[94.2579,18.6085],[94.2513,18.5468],[94.2626,18.5486],[94.2492,18.5245],[94.3225,18.4359],[94.3376,18.3662],[94.3816,18.3656],[94.4023,18.3463],[94.4074,18.3107],[94.3911,18.2835],[94.3284,18.302],[94.3221,18.2642],[94.3372,18.2416],[94.4075,18.2462],[94.4268,18.2197],[94.4208,18.1909],[94.4469,18.1691],[94.4847,18.0557],[94.4777,18.0065],[94.4375,17.9956],[94.4815,17.9029],[94.4898,17.7824],[94.5448,17.7349],[94.5416,17.6813],[94.5588,17.6362],[94.5693,17.6453],[94.5884,17.6192],[94.5769,17.5914],[94.6111,17.5501],[94.6099,17.5365],[94.563,17.5931],[94.5416,17.5488],[94.5654,17.4983],[94.5715,17.3171],[94.5917,17.3042],[94.5815,17.2885],[94.5409,17.319],[94.5464,17.2903],[94.5264,17.2768],[94.5083,17.2999],[94.5014,17.2162],[94.5363,17.1869],[94.5216,17.1687],[94.4993,17.1568],[94.4644,17.1882],[94.4447,17.179],[94.4558,17.1417],[94.4896,17.1177],[94.4567,17.0673],[94.4582,16.9806],[94.443,16.9481],[94.4782,16.9576],[94.484,16.9432],[94.4434,16.9306],[94.4106,16.8895],[94.3885,16.907],[94.3788,16.8748],[94.4039,16.7884],[94.3759,16.7572],[94.3563,16.6903],[94.3679,16.6149],[94.3508,16.6207],[94.3234,16.6004],[94.3503,16.5688],[94.3149,16.5196],[94.2897,16.5191],[94.2907,16.5386],[94.2615,16.5308],[94.2771,16.4963],[94.2643,16.3968],[94.2309,16.3217],[94.2433,16.2647],[94.2285,16.2519],[94.1976,16.0363],[94.2435,15.9541],[94.2827,16.0],[94.3419,16.0163],[94.3681,16.0546],[94.4336,16.0697],[94.5109,16.1802],[94.5119,16.2832],[94.5265,16.2987],[94.5464,16.308],[94.5311,16.2921],[94.5648,16.2582],[94.6021,16.2844],[94.6062,16.3372],[94.6403,16.3836],[94.6233,16.338],[94.6529,16.3403],[94.6796,16.3932],[94.6644,16.5184],[94.6924,16.5549],[94.7012,16.6217],[94.6913,16.6391],[94.6581,16.6276],[94.6743,16.6497],[94.6557,16.6579],[94.6511,16.6702],[94.6688,16.6524],[94.6823,16.6714],[94.6754,16.6933],[94.6936,16.6767],[94.6847,16.6929],[94.6889,16.7396],[94.6989,16.6798],[94.6784,16.6436],[94.733,16.629],[94.7097,16.6537],[94.7173,16.6913],[94.7361,16.7004],[94.738,16.7245],[94.7218,16.7336],[94.7416,16.7301],[94.7447,16.6957],[94.7216,16.6873],[94.7423,16.6328],[94.7103,16.6135],[94.7012,16.5517],[94.6782,16.5132],[94.6898,16.4927],[94.7281,16.5145],[94.7465,16.5768],[94.8004,16.5907],[94.7463,16.569],[94.7322,16.5056],[94.6965,16.4844],[94.7126,16.3942],[94.7478,16.4265],[94.7588,16.4137],[94.7839,16.4261],[94.7705,16.4093],[94.7586,16.4096],[94.75,16.4194],[94.7116,16.376],[94.7347,16.3608],[94.7519,16.3905],[94.7948,16.3601],[94.8254,16.3704],[94.7858,16.3564],[94.7548,16.3841],[94.7371,16.354],[94.7048,16.3606],[94.6881,16.3066]],[[96.1831,16.4835],[96.1804,16.4603],[96.1488,16.4548],[96.1689,16.4176],[96.0914,16.3535],[96.1044,16.3223],[96.155,16.322],[96.3069,16.408],[96.336,16.4437],[96.3211,16.447],[96.3266,16.4653],[96.2944,16.4457],[96.3026,16.4722],[96.2628,16.5187],[96.2296,16.6002],[96.1782,16.581],[96.1788,16.5142],[96.1985,16.4841],[96.1831,16.4835]],[[67.4046,24.0705],[67.4231,24.0676],[67.413,24.0806],[67.4046,24.0705]],[[89.1733,23.9947],[89.1568,23.9991],[89.1391,23.9934],[89.154,23.9895],[89.1733,23.9947]],[[94.6779,16.2989],[94.6843,16.31],[94.6812,16.3123],[94.6779,16.2989]],[[90.5523,22.0016],[90.548,21.9916],[90.5577,22.0054],[90.5523,22.0016]],[[90.5512,22.0073],[90.5618,22.0205],[90.558,22.0227],[90.5512,22.0073]],[[67.3449,24.6623],[67.3343,24.6766],[67.3199,24.6586],[67.3066,24.6596],[67.3243,24.6406],[67.3449,24.6623]],[[67.3447,24.6498],[67.3649,24.6521],[67.3671,24.667],[67.3521,24.6638],[67.3447,24.6498]],[[79.9251,8.5632],[79.8678,8.5277],[79.8351,8.317],[79.8584,8.2846],[79.8476,8.2742],[79.8342,8.2919],[79.8101,8.2374],[79.7897,8.2301],[79.8095,8.2174],[79.7946,8.2203],[79.8154,8.2037],[79.8338,8.1396],[79.7948,8.0793],[79.8086,8.0611],[79.7896,8.0682],[79.834,8.0071],[79.8265,7.9206],[79.8082,7.8839],[79.8186,7.9719],[79.7426,8.0],[79.7541,8.0582],[79.7316,8.0868],[79.7492,8.1829],[79.7404,8.2008],[79.7688,8.2156],[79.7766,8.2541],[79.7573,8.2571],[79.7655,8.2739],[79.7511,8.2617],[79.7563,8.3071],[79.7812,8.3497],[79.7381,8.28],[79.7179,8.2167],[79.6984,8.2138],[79.7095,8.1343],[79.699,8.1154],[79.7064,8.0445],[79.7513,7.9316],[79.7977,7.7275],[79.8027,7.4826],[79.8445,7.2761],[79.8592,7.2756],[79.819,7.1934],[79.869,7.0027],[79.8712,6.9756],[79.8431,6.9333],[79.8619,6.834],[79.9796,6.5149],[79.9866,6.4771],[79.9746,6.464],[80.0252,6.3364],[80.0314,6.2656],[80.0986,6.1289],[80.2186,6.022],[80.2372,6.0297],[80.2442,6.0069],[80.3828,5.9595],[80.4179,5.955],[80.4357,5.969],[80.4711,5.9359],[80.5532,5.9411],[80.5868,5.9168],[80.6641,5.9575],[80.7202,5.9607],[80.8255,6.0415],[80.8659,6.0408],[81.0167,6.1071],[81.1336,6.1174],[81.178,6.1441],[81.197,6.1776],[81.1946,6.1576],[81.2222,6.1589],[81.3285,6.1945],[81.4869,6.3055],[81.522,6.3525],[81.56,6.3612],[81.6135,6.4056],[81.5973,6.4241],[81.6518,6.4367],[81.7003,6.482],[81.7324,6.5669],[81.7664,6.592],[81.7759,6.6639],[81.8279,6.7586],[81.8084,6.7647],[81.8249,6.7653],[81.8233,6.8088],[81.8444,6.8344],[81.8211,6.8621],[81.8397,6.8542],[81.8483,6.8675],[81.8518,6.8884],[81.8364,6.8853],[81.8729,6.9669],[81.8578,6.9672],[81.8489,6.9896],[81.8704,6.9789],[81.8813,7.0267],[81.8586,7.0907],[81.8722,7.3074],[81.8252,7.4366],[81.7932,7.5985],[81.7131,7.7397],[81.6544,7.7729],[81.6268,7.8247],[81.593,7.83],[81.5671,7.8981],[81.5874,7.921],[81.5686,7.9227],[81.4769,8.0343],[81.4078,8.2419],[81.3937,8.3567],[81.353,8.4909],[81.3222,8.5224],[81.2831,8.5032],[81.2809,8.4568],[81.2958,8.4465],[81.304,8.4583],[81.304,8.4326],[81.2624,8.4569],[81.1977,8.4615],[81.1896,8.5018],[81.2119,8.5077],[81.1927,8.5665],[81.2261,8.5695],[81.2257,8.5323],[81.2471,8.5458],[81.2451,8.5793],[81.2298,8.581],[81.2208,8.6062],[81.2267,8.6475],[81.1048,8.8126],[81.0875,8.8584],[81.0589,8.8595],[81.021,8.9048],[81.013,8.8911],[81.0102,8.929],[80.993,8.918],[81.0005,8.9388],[80.8841,9.1219],[80.8117,9.2909],[80.3657,9.6603],[80.2493,9.8236],[80.2147,9.8314],[80.1056,9.8059],[80.0224,9.8126],[79.9528,9.7921],[79.9099,9.7587],[79.948,9.6871],[79.971,9.7077],[80.0176,9.6509],[80.0876,9.6249],[80.054,9.5979],[80.1461,9.5361],[80.1861,9.4827],[80.1466,9.4347],[80.0549,9.3914],[80.0676,9.3287],[80.0914,9.3239],[80.1278,9.2906],[80.1116,9.2768],[80.1173,9.2072],[80.0761,9.1203],[80.0857,9.0999],[80.0661,9.0562],[80.0403,9.0133],[79.9122,8.9299],[79.9358,8.8913],[79.919,8.8188],[79.9307,8.8147],[79.9184,8.8083],[79.9401,8.8068],[79.9248,8.7907],[79.9561,8.7209],[79.9251,8.5632]],[[79.8199,7.9542],[79.8229,7.9447],[79.822,7.9553],[79.8199,7.9542]],[[79.8027,8.1732],[79.8083,8.166],[79.8053,8.174],[79.8027,8.1732]],[[79.7763,8.2706],[79.7844,8.2605],[79.7791,8.2723],[79.7763,8.2706]],[[79.7966,8.3042],[79.7975,8.2909],[79.8009,8.2925],[79.7966,8.3042]],[[79.8009,8.3335],[79.8083,8.3215],[79.8028,8.3366],[79.8009,8.3335]],[[79.7971,8.3711],[79.7868,8.3829],[79.7939,8.368],[79.7971,8.3711]],[[79.7896,8.408],[79.7757,8.5219],[79.7737,8.5131],[79.7756,8.4782],[79.7896,8.408]],[[97.6352,8.4879],[97.6391,8.4771],[97.6504,8.4805],[97.6352,8.4879]],[[97.6299,8.5139],[97.6433,8.4996],[97.6444,8.5005],[97.6299,8.5139]],[[81.2059,8.54],[81.2153,8.5394],[81.2108,8.5453],[81.2059,8.54]],[[97.6298,8.5527],[97.6349,8.5638],[97.6266,8.5674],[97.6298,8.5527]],[[97.6308,8.5955],[97.6375,8.5899],[97.6331,8.5957],[97.6308,8.5955]],[[97.6284,8.6477],[97.6387,8.6175],[97.6449,8.615],[97.6434,8.6596],[97.6284,8.6477]],[[97.6354,8.6725],[97.6391,8.6656],[97.6446,8.6708],[97.6354,8.6725]],[[97.7981,8.82],[97.8103,8.8174],[97.8076,8.8264],[97.7981,8.82]],[[79.9086,8.9236],[79.8849,8.9512],[79.923,8.8973],[79.9086,8.9236]],[[79.9106,8.9483],[79.9108,8.9349],[79.9131,8.9481],[79.9106,8.9483]],[[79.8959,8.9545],[79.901,8.9405],[79.9043,8.9528],[79.8959,8.9545]],[[79.9232,8.9722],[79.8576,9.0564],[79.8808,9.0304],[79.9171,9.008],[79.9283,9.0085],[79.8444,9.0816],[79.7305,9.1063],[79.6953,9.0992],[79.7063,9.0763],[79.8163,9.0326],[79.889,8.9579],[79.9232,8.9722]],[[97.8151,9.0784],[97.8101,9.0609],[97.8194,9.0489],[97.8233,9.062],[97.8151,9.0784]],[[79.6883,9.071],[79.6993,9.0734],[79.689,9.075],[79.6883,9.071]],[[78.5753,9.0966],[78.5892,9.0978],[78.5884,9.1038],[78.5753,9.0966]],[[78.824,9.1593],[78.8327,9.1623],[78.8333,9.1667],[78.824,9.1593]],[[78.9116,9.1797],[78.9415,9.1755],[78.9476,9.1803],[78.9116,9.1797]],[[79.0712,9.2024],[79.0888,9.1881],[79.0938,9.1926],[79.0712,9.2024]],[[79.1847,9.2426],[79.1987,9.2283],[79.2048,9.2328],[79.1847,9.2426]],[[79.2167,9.2457],[79.2282,9.2423],[79.2287,9.2446],[79.2167,9.2457]],[[80.0067,9.2814],[79.9981,9.2817],[80.0034,9.2659],[80.0067,9.2814]],[[79.9709,9.2916],[79.9909,9.2826],[79.9872,9.3044],[79.9709,9.2916]],[[80.0829,9.3194],[80.0864,9.3108],[80.0916,9.3117],[80.0829,9.3194]],[[80.0546,9.3446],[80.0607,9.3299],[80.0579,9.3456],[80.0546,9.3446]],[[97.8676,9.3719],[97.8759,9.3673],[97.875,9.3762],[97.8676,9.3719]],[[97.8645,9.4351],[97.839,9.421],[97.8894,9.3844],[97.8668,9.4137],[97.8645,9.4351]],[[97.824,9.4346],[97.8293,9.4279],[97.83,9.4362],[97.824,9.4346]],[[97.8899,9.4841],[97.8528,9.4724],[97.8604,9.4531],[97.8463,9.4465],[97.8839,9.4289],[97.8783,9.4595],[97.9106,9.4382],[97.9091,9.4669],[97.8899,9.4841]],[[80.0189,9.477],[80.0054,9.4812],[80.0154,9.4668],[80.0189,9.477]],[[79.6574,9.5133],[79.6914,9.4832],[79.7271,9.4799],[79.7251,9.5226],[79.6884,9.5211],[79.6608,9.5555],[79.6574,9.5133]],[[79.8645,9.5997],[79.8325,9.5865],[79.8148,9.6248],[79.8055,9.5805],[79.8582,9.568],[79.8645,9.5997]],[[79.7955,9.5892],[79.8002,9.5789],[79.7995,9.5898],[79.7955,9.5892]],[[79.7631,9.6109],[79.7733,9.5849],[79.7754,9.6198],[79.7631,9.6109]],[[79.988,9.6121],[79.9661,9.6051],[79.9989,9.6005],[80.0061,9.6272],[79.9931,9.6293],[79.988,9.6121]],[[97.9709,9.6004],[97.9762,9.6376],[97.9537,9.6382],[97.9709,9.6004]],[[79.8273,9.6121],[79.8336,9.6055],[79.8372,9.6099],[79.8273,9.6121]],[[79.8466,9.6175],[79.853,9.6066],[79.8545,9.6093],[79.8466,9.6175]],[[79.8706,9.6424],[79.9068,9.6135],[79.9249,9.6329],[79.9701,9.6115],[79.9831,9.6203],[79.9271,9.6624],[79.9334,9.6776],[79.9084,9.6712],[79.9108,9.6559],[79.8868,9.6968],[79.8435,9.7013],[79.8611,9.6581],[79.8766,9.6666],[79.8706,9.6424]],[[79.8526,9.6321],[79.8651,9.6223],[79.8577,9.635],[79.8526,9.6321]],[[80.0,9.6437],[79.9936,9.6407],[80.0064,9.6328],[80.0,9.6437]],[[80.0129,9.6428],[80.01,9.6409],[80.0151,9.6393],[80.0129,9.6428]],[[79.7643,9.6596],[79.778,9.649],[79.7832,9.6837],[79.7643,9.6596]],[[97.904,9.6738],[97.9119,9.6751],[97.911,9.6816],[97.904,9.6738]],[[79.7918,9.6851],[79.7937,9.68],[79.7943,9.687],[79.7918,9.6851]],[[79.8105,9.7091],[79.8128,9.6842],[79.815,9.7137],[79.8105,9.7091]],[[79.8562,9.7099],[79.8922,9.7076],[79.8977,9.7621],[79.8644,9.7594],[79.8562,9.7099]],[[97.986,10.0374],[97.9959,10.0302],[97.9923,10.0489],[97.986,10.0374]],[[97.9949,10.0657],[97.9745,10.0747],[97.9874,10.0526],[97.9949,10.0657]],[[97.9628,10.1231],[97.9731,10.1412],[97.9835,10.1325],[97.9814,10.1764],[97.9628,10.1231]],[[97.9161,10.1553],[97.9269,10.147],[97.9333,10.1536],[97.9161,10.1553]],[[97.8737,10.2003],[97.8851,10.192],[97.8819,10.2026],[97.8737,10.2003]],[[97.9419,10.3598],[97.9439,10.3462],[97.9521,10.3678],[97.9419,10.3598]],[[97.9674,10.3544],[97.9718,10.3521],[97.9723,10.3615],[97.9674,10.3544]],[[97.9396,10.4023],[97.9507,10.3959],[97.9455,10.4061],[97.9396,10.4023]],[[97.909,10.4651],[97.9124,10.4938],[97.8963,10.4812],[97.8963,10.4163],[97.8997,10.3938],[97.9155,10.3923],[97.9425,10.4116],[97.9133,10.4151],[97.9207,10.4268],[97.9458,10.4198],[97.9474,10.4528],[97.9352,10.4563],[97.9494,10.4738],[97.909,10.4651]],[[97.9637,10.4326],[97.9541,10.4172],[97.9655,10.4069],[97.9637,10.4326]],[[97.6794,10.4619],[97.6887,10.4591],[97.6889,10.4663],[97.6794,10.4619]],[[97.8968,10.5042],[97.9126,10.4991],[97.9208,10.5161],[97.8968,10.5042]],[[97.9913,10.8487],[97.9961,10.8404],[97.9957,10.8498],[97.9913,10.8487]],[[97.8877,10.8414],[97.9226,10.8695],[97.9448,10.867],[97.9541,10.9303],[97.9267,10.9327],[97.9043,10.9151],[97.8944,10.8946],[97.9101,10.8674],[97.8927,10.8661],[97.8877,10.8414]],[[97.9241,11.275],[97.932,11.2718],[97.9321,11.277],[97.9241,11.275]],[[97.5009,11.6388],[97.5107,11.6427],[97.5098,11.645],[97.5009,11.6388]],[[97.4887,11.7622],[97.4988,11.7733],[97.486,11.7887],[97.4402,11.8008],[97.4547,11.7771],[97.4887,11.7622]],[[97.4795,11.8062],[97.4993,11.7818],[97.5285,11.7808],[97.5257,11.8144],[97.4795,11.8062]],[[97.6479,11.8162],[97.6684,11.8048],[97.6782,11.8145],[97.6691,11.8226],[97.6479,11.8162]],[[97.4711,11.8256],[97.4725,11.8145],[97.4739,11.826],[97.4711,11.8256]],[[97.6752,11.8304],[97.6905,11.8764],[97.6742,11.8988],[97.6422,11.8705],[97.6752,11.8304]],[[97.9226,11.9877],[97.9311,11.9989],[97.9231,12.0011],[97.9226,11.9877]],[[97.7549,11.9966],[97.7355,12.0086],[97.7458,11.989],[97.7549,11.9966]],[[97.9699,12.0103],[97.9935,12.0019],[97.9951,12.0049],[97.9849,12.0243],[97.9699,12.0103]],[[97.6528,12.0075],[97.6828,12.0424],[97.6875,12.0546],[97.6522,12.0374],[97.6528,12.0075]],[[97.9613,12.0674],[97.9572,12.0449],[97.9627,12.0244],[97.9626,12.0469],[97.9829,12.0531],[97.9613,12.0674]],[[97.6342,12.0365],[97.6463,12.036],[97.6468,12.0623],[97.6354,12.057],[97.6342,12.0365]],[[97.762,12.0486],[97.7688,12.0359],[97.791,12.0462],[97.762,12.0486]],[[97.9397,12.0445],[97.9443,12.0419],[97.9451,12.0527],[97.9397,12.0445]],[[97.9756,12.0814],[97.9849,12.0936],[97.9808,12.103],[97.9737,12.0957],[97.9756,12.0814]],[[97.7271,12.1024],[97.748,12.1239],[97.7452,12.146],[97.7141,12.1348],[97.7271,12.1024]],[[97.9682,12.1183],[97.9746,12.1048],[97.9735,12.1183],[97.9682,12.1183]],[[97.9746,12.1261],[97.9811,12.13],[97.9748,12.1337],[97.9746,12.1261]],[[97.9364,12.2409],[97.927,12.2312],[97.9377,12.2072],[97.9405,12.2144],[97.9364,12.2409]],[[97.8679,12.2421],[97.877,12.2434],[97.8756,12.2469],[97.8679,12.2421]],[[97.7809,12.2638],[97.802,12.2809],[97.8035,12.3017],[97.777,12.2806],[97.7809,12.2638]],[[97.9431,12.2818],[97.9554,12.2751],[97.96,12.2939],[97.9431,12.2818]],[[97.8635,12.28],[97.8839,12.2866],[97.8858,12.2931],[97.8671,12.2991],[97.8635,12.28]],[[97.9674,12.2969],[97.9704,12.2819],[97.9698,12.2971],[97.9674,12.2969]],[[97.824,12.4268],[97.8371,12.4348],[97.8255,12.4728],[97.8198,12.4436],[97.824,12.4268]],[[97.8027,12.4964],[97.8099,12.5065],[97.7966,12.5111],[97.795,12.5089],[97.8027,12.4964]],[[97.8529,12.539],[97.882,12.5668],[97.8491,12.6001],[97.8444,12.5842],[97.8266,12.5836],[97.8529,12.539]],[[97.8639,12.6069],[97.8515,12.606],[97.8573,12.6003],[97.8639,12.6069]],[[97.8803,12.6204],[97.8675,12.6274],[97.8634,12.6145],[97.8803,12.6204]],[[97.8403,12.7762],[97.8754,12.765],[97.8846,12.7737],[97.859,12.8205],[97.8442,12.8181],[97.8556,12.8092],[97.8385,12.8003],[97.8403,12.7762]],[[74.7216,13.2204],[74.7182,13.2214],[74.7198,13.2198],[74.7216,13.2204]],[[74.7246,13.2251],[74.7261,13.2235],[74.7253,13.2255],[74.7246,13.2251]],[[74.7113,13.2373],[74.7125,13.2347],[74.7126,13.2378],[74.7113,13.2373]],[[74.6851,13.2615],[74.6866,13.26],[74.6864,13.2627],[74.6851,13.2615]],[[74.6813,13.2659],[74.6824,13.2632],[74.6826,13.2664],[74.6813,13.2659]],[[74.6928,13.2788],[74.6958,13.2754],[74.6964,13.2775],[74.6928,13.2788]],[[74.6916,13.281],[74.693,13.2828],[74.6919,13.283],[74.6916,13.281]],[[74.685,13.3266],[74.6867,13.3247],[74.6858,13.3272],[74.685,13.3266]],[[74.6771,13.3389],[74.6783,13.3402],[74.6772,13.3399],[74.6771,13.3389]],[[74.6725,13.3593],[74.6735,13.361],[74.6723,13.3617],[74.6725,13.3593]],[[74.6647,13.3747],[74.6689,13.3725],[74.6668,13.3763],[74.6647,13.3747]],[[97.9127,13.8635],[97.9026,13.797],[97.9134,13.7836],[97.9277,13.8521],[97.9127,13.8635]],[[97.9137,13.8897],[97.919,13.911],[97.9074,13.9421],[97.9021,13.9267],[97.9137,13.8897]],[[74.4737,14.0119],[74.4756,14.0091],[74.4764,14.0124],[74.4737,14.0119]],[[74.3228,14.0196],[74.3309,14.0178],[74.327,14.0217],[74.3228,14.0196]],[[74.4799,14.0248],[74.4835,14.0238],[74.4835,14.0253],[74.4799,14.0248]],[[74.4634,14.0859],[74.4666,14.084],[74.4665,14.0862],[74.4634,14.0859]],[[74.4746,14.0957],[74.4786,14.0927],[74.4786,14.0953],[74.4746,14.0957]],[[74.4689,14.1094],[74.4679,14.1047],[74.4706,14.1051],[74.4689,14.1094]],[[97.8013,14.1339],[97.8001,14.1212],[97.8085,14.1093],[97.8244,14.1246],[97.8013,14.1339]],[[97.7883,14.176],[97.7919,14.1344],[97.8134,14.1559],[97.8229,14.1869],[97.7883,14.176]],[[97.802,14.2771],[97.8099,14.2617],[97.8138,14.2806],[97.802,14.2771]],[[74.394,14.3131],[74.3981,14.3085],[74.4,14.3123],[74.394,14.3131]],[[97.7677,14.3957],[97.7802,14.389],[97.7836,14.4145],[97.7746,14.4127],[97.7677,14.3957]],[[97.7657,14.4339],[97.777,14.4412],[97.7657,14.4376],[97.7657,14.4339]],[[74.246,14.702],[74.2486,14.6996],[74.2488,14.7011],[74.246,14.702]],[[74.2316,14.7096],[74.2345,14.7079],[74.2353,14.7098],[74.2316,14.7096]],[[74.1419,14.7216],[74.1451,14.7215],[74.1435,14.7234],[74.1419,14.7216]],[[74.1488,14.7389],[74.1527,14.7359],[74.1516,14.7394],[74.1488,14.7389]],[[74.1052,14.7621],[74.1141,14.7519],[74.1152,14.754],[74.1052,14.7621]],[[74.0817,14.7939],[74.0835,14.7921],[74.0833,14.7935],[74.0817,14.7939]],[[74.0499,14.8172],[74.0529,14.817],[74.0567,14.8188],[74.0499,14.8172]],[[74.0936,14.8451],[74.0961,14.8374],[74.0981,14.8392],[74.0936,14.8451]],[[74.0991,14.8645],[74.1,14.8622],[74.0999,14.8645],[74.0991,14.8645]],[[74.0885,14.877],[74.0918,14.8742],[74.0908,14.8778],[74.0885,14.877]],[[97.7274,15.0641],[97.7323,15.0554],[97.739,15.0756],[97.7274,15.0641]],[[97.7371,15.088],[97.744,15.0871],[97.7381,15.0962],[97.7371,15.088]],[[97.7301,15.2004],[97.7408,15.2026],[97.7351,15.2072],[97.7301,15.2004]],[[73.774,15.3587],[73.7725,15.3522],[73.7765,15.3544],[73.774,15.3587]],[[73.7607,15.3543],[73.7569,15.3573],[73.7579,15.3541],[73.7607,15.3543]],[[73.7865,15.3772],[73.7896,15.3719],[73.7904,15.3776],[73.7865,15.3772]],[[97.6552,15.494],[97.6649,15.5236],[97.6462,15.5884],[97.6428,15.5661],[97.6552,15.494]],[[95.1104,15.6706],[95.1155,15.6605],[95.119,15.6651],[95.1104,15.6706]],[[95.0564,15.6728],[95.0718,15.6742],[95.0717,15.6793],[95.0564,15.6728]],[[95.2064,15.6698],[95.189,15.6793],[95.1831,15.6708],[95.2064,15.6698]],[[95.2634,15.6823],[95.2757,15.6743],[95.2779,15.6769],[95.2634,15.6823]],[[95.0196,15.7162],[95.0606,15.7203],[95.0611,15.738],[95.0263,15.7323],[95.0196,15.7162]],[[94.7332,15.8221],[94.7344,15.7929],[94.8108,15.7875],[94.8402,15.869],[94.8121,15.9418],[94.7332,15.8221]],[[95.0646,15.8444],[95.0534,15.8195],[95.0568,15.8101],[95.0689,15.8164],[95.0646,15.8444]],[[94.3929,15.9017],[94.4109,15.8631],[94.3974,15.8322],[94.4469,15.9199],[94.5131,15.9889],[94.5938,16.0155],[94.5966,16.0307],[94.573,16.0451],[94.5718,16.0745],[94.5922,16.0997],[94.5788,16.0516],[94.5953,16.038],[94.6476,16.1113],[94.6728,16.2033],[94.6513,16.2467],[94.5847,16.1991],[94.4535,16.0189],[94.3863,16.0],[94.3929,15.9017]],[[95.2351,15.8708],[95.2473,15.8572],[95.2736,15.8683],[95.3256,15.9681],[95.3381,15.972],[95.3453,16.0479],[95.3264,16.0786],[95.2842,16.0323],[95.273,15.9563],[95.2351,15.8708]],[[94.2838,15.8652],[94.2738,15.8646],[94.2777,15.8603],[94.2838,15.8652]],[[95.0606,15.8772],[95.0666,15.8747],[95.0651,15.8834],[95.0606,15.8772]],[[94.8309,15.9062],[94.8384,15.8842],[94.8422,15.884],[94.8309,15.9062]],[[73.4446,15.8907],[73.4455,15.8897],[73.4458,15.8903],[73.4446,15.8907]],[[73.4541,15.8933],[73.4551,15.8914],[73.4558,15.8935],[73.4541,15.8933]],[[94.4518,15.9192],[94.4628,15.9129],[94.464,15.9157],[94.4518,15.9192]],[[95.2389,15.9141],[95.2643,15.9466],[95.2678,15.9852],[95.2378,15.9276],[95.2389,15.9141]],[[94.5197,15.9423],[94.5213,15.9207],[94.5225,15.9426],[94.5197,15.9423]],[[73.5379,15.9247],[73.5407,15.925],[73.5395,15.9267],[73.5379,15.9247]],[[95.3142,15.9296],[95.3321,15.9424],[95.3327,15.9568],[95.3209,15.9478],[95.3142,15.9296]],[[73.4554,15.9319],[73.4576,15.9313],[73.456,15.9337],[73.4554,15.9319]],[[95.1026,15.9426],[95.1186,15.9526],[95.1207,15.9944],[95.1036,15.9645],[95.1026,15.9426]],[[95.3417,15.9698],[95.3422,15.9548],[95.3453,15.9714],[95.3417,15.9698]],[[94.6603,15.9655],[94.6647,15.9598],[94.6672,15.9685],[94.6603,15.9655]],[[73.4863,15.9812],[73.4981,15.9732],[73.4838,16.0],[73.4863,15.9812]],[[73.4688,15.9732],[73.4707,15.9724],[73.4701,15.9747],[73.4688,15.9732]],[[94.8099,15.9774],[94.8491,16.0],[94.8599,16.0582],[94.8423,16.0604],[94.8099,15.9774]],[[95.0997,16.046],[95.1026,15.9778],[95.1377,16.0363],[95.1854,16.028],[95.1806,16.075],[95.2087,16.1057],[95.1719,16.1117],[95.1202,16.0802],[95.0997,16.046]],[[94.2811,15.9873],[94.3218,15.978],[94.3503,16.0084],[94.3322,16.0117],[94.2811,15.9873]],[[73.4516,15.9891],[73.4503,15.9909],[73.4509,15.9891],[73.4516,15.9891]],[[94.7171,16.0504],[94.7095,16.0423],[94.6923,16.0023],[94.7196,16.0274],[94.7171,16.0504]],[[95.078,16.0303],[95.0807,16.0085],[95.0836,16.0383],[95.078,16.0303]],[[94.6182,16.0528],[94.6425,16.0649],[94.6513,16.0928],[94.6182,16.0528]],[[95.3685,16.1971],[95.3183,16.1719],[95.3213,16.1173],[95.3608,16.1503],[95.3685,16.1971]],[[95.1418,16.1198],[95.1454,16.1152],[95.1617,16.1199],[95.1418,16.1198]],[[94.665,16.1337],[94.6684,16.1227],[94.6683,16.1346],[94.665,16.1337]],[[94.5203,16.1307],[94.5345,16.1377],[94.5448,16.1502],[94.5276,16.1457],[94.5203,16.1307]],[[95.1272,16.1448],[95.1362,16.1514],[95.1336,16.1565],[95.1272,16.1448]],[[95.871,16.2021],[95.9441,16.2474],[95.9563,16.3263],[95.9399,16.3786],[95.913,16.3313],[95.9178,16.273],[95.8912,16.2219],[95.871,16.2021]],[[94.5195,16.2282],[94.5404,16.2011],[94.5602,16.2407],[94.5266,16.2838],[94.5195,16.2282]],[[95.971,16.3446],[95.9703,16.3017],[95.9557,16.2478],[95.927,16.2097],[95.9833,16.2221],[96.0284,16.2521],[96.0835,16.3147],[96.0736,16.3414],[96.0004,16.382],[95.971,16.3446]],[[95.8727,16.2216],[95.8876,16.2228],[95.8943,16.2393],[95.8727,16.2216]],[[94.5788,16.2248],[94.6279,16.2577],[94.6864,16.3779],[94.6499,16.3302],[94.6139,16.3189],[94.6086,16.2773],[94.5746,16.2472],[94.5788,16.2248]],[[97.4565,16.3187],[97.5009,16.2468],[97.5368,16.2262],[97.5706,16.2383],[97.5683,16.3141],[97.5904,16.3597],[97.5794,16.3995],[97.6115,16.4467],[97.6081,16.4883],[97.5793,16.4835],[97.5023,16.5124],[97.4489,16.4757],[97.472,16.4712],[97.4418,16.4469],[97.478,16.3796],[97.482,16.3525],[97.4565,16.3187]],[[97.5769,16.2936],[97.5936,16.2399],[97.6161,16.2774],[97.5955,16.3324],[97.5769,16.2936]],[[95.9078,16.2866],[95.9031,16.273],[95.9016,16.2554],[95.9133,16.2749],[95.9078,16.2866]],[[94.6579,16.2763],[94.6604,16.2697],[94.6624,16.2782],[94.6579,16.2763]],[[95.9577,16.3487],[95.9577,16.3129],[95.9615,16.2951],[95.9672,16.3175],[95.9577,16.3487]],[[96.0721,16.3487],[96.0805,16.3436],[96.0648,16.3563],[96.0721,16.3487]],[[95.9522,16.3998],[95.9522,16.3705],[95.9658,16.3464],[95.9924,16.3898],[95.9777,16.4054],[95.9522,16.3998]],[[95.9279,16.3735],[95.9343,16.3798],[95.9334,16.3835],[95.9279,16.3735]],[[94.6979,16.3684],[94.7021,16.3785],[94.7024,16.3906],[94.6979,16.3876],[94.6979,16.3684]],[[95.9437,16.3836],[95.9515,16.3792],[95.9477,16.39],[95.9437,16.3836]],[[94.227,16.3781],[94.234,16.3846],[94.2321,16.3873],[94.227,16.3781]],[[97.6029,16.3816],[97.6131,16.3953],[97.6051,16.4101],[97.601,16.3972],[97.6029,16.3816]],[[95.9936,16.3955],[96.0071,16.3859],[95.9936,16.399],[95.9936,16.3955]],[[95.9325,16.3958],[95.9399,16.3965],[95.9327,16.3981],[95.9325,16.3958]],[[96.3076,16.4757],[96.3185,16.4672],[96.3192,16.4688],[96.3076,16.4757]],[[97.5718,16.4957],[97.5818,16.4865],[97.5905,16.4882],[97.5718,16.4957]],[[97.5467,16.5019],[97.5532,16.5085],[97.5285,16.5115],[97.5467,16.5019]],[[97.5555,16.5248],[97.5876,16.5066],[97.6083,16.5084],[97.5555,16.5248]],[[97.6474,16.5138],[97.6557,16.5165],[97.6558,16.5234],[97.6474,16.5138]],[[94.2422,16.5182],[94.253,16.5291],[94.2493,16.5399],[94.2422,16.5182]],[[97.4991,16.5271],[97.5148,16.5236],[97.5211,16.5336],[97.4991,16.5271]],[[97.6276,16.5296],[97.6647,16.5554],[97.6435,16.5772],[97.6344,16.5656],[97.6276,16.5296]],[[97.7152,16.5643],[97.7111,16.5602],[97.7161,16.5622],[97.7152,16.5643]],[[97.6481,16.5788],[97.6573,16.5738],[97.6515,16.5872],[97.6481,16.5788]],[[97.6122,16.58],[97.6424,16.5868],[97.6261,16.6184],[97.6122,16.58]],[[82.3413,16.607],[82.3479,16.6034],[82.3489,16.6109],[82.3413,16.607]],[[96.3033,16.8612],[96.3016,16.8461],[96.3078,16.8424],[96.3107,16.8499],[96.3033,16.8612]],[[97.1989,16.8658],[97.183,16.8705],[97.1871,16.8463],[97.1989,16.8658]],[[96.6596,17.3426],[96.6653,17.3236],[96.6759,17.3463],[96.6596,17.3426]],[[96.7677,17.3663],[96.778,17.3694],[96.7776,17.3754],[96.7677,17.3663]],[[96.7766,17.4062],[96.7977,17.379],[96.8428,17.407],[96.8078,17.4389],[96.792,17.4828],[96.7385,17.4383],[96.7596,17.4058],[96.7766,17.4062]],[[94.5871,17.5687],[94.5929,17.5688],[94.588,17.5735],[94.5871,17.5687]],[[83.4669,17.9095],[83.4535,17.9115],[83.4612,17.9044],[83.4669,17.9095]],[[94.0847,18.0602],[94.0921,18.0474],[94.0996,18.0615],[94.0847,18.0602]],[[94.4448,18.1371],[94.4471,18.1291],[94.452,18.1374],[94.4448,18.1371]],[[94.371,18.3442],[94.3823,18.3461],[94.3806,18.3498],[94.371,18.3442]],[[93.9043,18.4342],[93.9109,18.4304],[93.9054,18.4414],[93.9043,18.4342]],[[94.2353,18.5403],[94.2436,18.5307],[94.2478,18.5369],[94.2353,18.5403]],[[93.7828,18.6049],[93.8024,18.6113],[93.7935,18.6657],[93.7754,18.6206],[93.7828,18.6049]],[[93.5957,18.8943],[93.4825,18.8677],[93.5448,18.7668],[93.6373,18.6853],[93.664,18.6693],[93.7146,18.6728],[93.7529,18.7488],[93.7389,18.7822],[93.7415,18.8723],[93.6532,18.873],[93.6152,18.9146],[93.5957,18.8943]],[[72.8047,18.7003],[72.8112,18.6914],[72.812,18.7049],[72.8047,18.7003]],[[72.8357,18.7103],[72.838,18.7002],[72.84,18.7114],[72.8357,18.7103]],[[93.811,18.7247],[93.8182,18.7147],[93.8158,18.7253],[93.811,18.7247]],[[93.9915,18.7312],[94.0065,18.7291],[94.0091,18.7307],[93.9942,18.7482],[93.9915,18.7312]],[[72.8379,18.7721],[72.8456,18.7691],[72.8432,18.7728],[72.8379,18.7721]],[[93.9726,18.8367],[93.9393,18.8167],[93.9608,18.78],[93.9923,18.7854],[93.975,18.8024],[93.9726,18.8367]],[[72.844,18.7916],[72.8502,18.7868],[72.8501,18.7971],[72.844,18.7916]],[[94.0696,18.8359],[94.1227,18.8084],[94.1386,18.8543],[94.1131,18.8492],[94.1155,18.8697],[94.0747,18.8536],[94.0696,18.8359]],[[93.5329,18.8997],[93.5253,18.8954],[93.5366,18.8949],[93.5329,18.8997]],[[72.9276,18.967],[72.9321,18.9527],[72.9424,18.9688],[72.9276,18.967]],[[73.0493,19.0066],[73.0594,19.0065],[73.0566,19.0171],[73.0493,19.0066]],[[94.0559,19.0356],[94.0314,19.028],[94.0331,19.0228],[94.0559,19.0356]],[[94.0199,19.0422],[94.0346,19.0444],[94.0409,19.0594],[94.0346,19.0609],[94.0199,19.0422]],[[94.0167,19.1014],[93.9972,19.103],[94.0006,19.0971],[94.0167,19.1014]],[[93.8194,19.2598],[93.8359,19.2586],[93.8354,19.2629],[93.8194,19.2598]],[[93.8275,19.295],[93.7765,19.2882],[93.8002,19.2673],[93.8326,19.2758],[93.8275,19.295]],[[93.8623,19.2975],[93.8486,19.2721],[93.8532,19.2712],[93.8623,19.2975]],[[93.8367,19.2933],[93.8351,19.2743],[93.8394,19.2715],[93.8451,19.2768],[93.8367,19.2933]],[[93.7439,19.2818],[93.7604,19.2793],[93.7538,19.2865],[93.7439,19.2818]],[[72.8469,19.3385],[72.8672,19.3274],[72.8684,19.3295],[72.8469,19.3385]],[[93.6667,19.3732],[93.6422,19.3591],[93.6571,19.3361],[93.6879,19.3625],[93.6667,19.3732]],[[94.0403,19.3418],[94.0502,19.3391],[94.0545,19.3488],[94.0403,19.3418]],[[93.6681,19.4079],[93.6776,19.3885],[93.6899,19.3919],[93.6681,19.4079]],[[93.6274,19.4313],[93.6363,19.4039],[93.6406,19.4241],[93.6274,19.4313]],[[93.6616,19.429],[93.6665,19.4201],[93.6675,19.4217],[93.6616,19.429]],[[93.614,19.4516],[93.5999,19.442],[93.6089,19.4347],[93.6173,19.439],[93.614,19.4516]],[[93.5999,19.4772],[93.6259,19.4676],[93.6441,19.4497],[93.6273,19.4906],[93.5999,19.4772]],[[72.7383,19.4681],[72.7286,19.4696],[72.7327,19.4608],[72.7383,19.4681]],[[93.5981,19.4617],[93.5906,19.4761],[93.5827,19.4751],[93.5981,19.4617]],[[93.5311,19.4769],[93.5324,19.4645],[93.5522,19.4705],[93.5498,19.4732],[93.5311,19.4769]],[[93.5182,19.5238],[93.5489,19.4801],[93.5768,19.4794],[93.5182,19.5238]],[[93.5197,19.4767],[93.5338,19.4866],[93.5149,19.5022],[93.5116,19.4978],[93.5197,19.4767]],[[93.7709,19.5239],[93.8301,19.4819],[93.8592,19.5001],[93.7972,19.5309],[93.7709,19.5239]],[[93.5248,19.5359],[93.5319,19.5332],[93.525,19.5391],[93.5248,19.5359]],[[93.6662,19.5656],[93.6397,19.5666],[93.6321,19.5433],[93.6621,19.5474],[93.6662,19.5656]],[[93.4938,19.5531],[93.5014,19.5448],[93.4902,19.5639],[93.4938,19.5531]],[[93.6007,19.5511],[93.5987,19.5569],[93.5878,19.5576],[93.6007,19.5511]],[[93.659,19.5754],[93.6743,19.5716],[93.6597,19.5781],[93.659,19.5754]],[[93.7034,19.6042],[93.714,19.5928],[93.7184,19.5938],[93.7034,19.6042]],[[93.6156,19.6299],[93.6013,19.6074],[93.635,19.6109],[93.6304,19.6242],[93.6156,19.6299]],[[93.6514,19.6341],[93.6614,19.6301],[93.6549,19.6392],[93.6514,19.6341]],[[93.5359,19.6551],[93.5469,19.649],[93.5373,19.6578],[93.5359,19.6551]],[[93.5654,19.664],[93.5791,19.6499],[93.5891,19.6673],[93.5654,19.664]],[[93.6886,19.6621],[93.7,19.6579],[93.6973,19.6616],[93.6886,19.6621]],[[93.4904,19.7165],[93.4406,19.7464],[93.4078,19.7406],[93.457,19.6908],[93.5017,19.6741],[93.4904,19.7165]],[[93.5825,19.7697],[93.5162,19.7214],[93.5246,19.6804],[93.5539,19.687],[93.549,19.7051],[93.5762,19.7142],[93.5825,19.7697]],[[93.8121,19.7273],[93.8094,19.7149],[93.8111,19.7096],[93.814,19.7108],[93.8121,19.7273]],[[93.5996,19.7099],[93.6318,19.7618],[93.6742,19.7998],[93.6735,19.8221],[93.7012,19.8521],[93.6423,19.8601],[93.6301,19.8135],[93.5916,19.7776],[93.5996,19.7099]],[[93.69,19.7132],[93.6911,19.7895],[93.6663,19.76],[93.6559,19.7784],[93.6318,19.7184],[93.69,19.7132]],[[93.4726,19.7381],[93.5022,19.7176],[93.5049,19.7199],[93.4726,19.7381]],[[93.4313,19.8676],[93.4496,19.7803],[93.5112,19.7345],[93.5212,19.7592],[93.499,19.8213],[93.4692,19.8297],[93.5081,19.8392],[93.4978,19.8995],[93.4602,19.9091],[93.4274,19.9541],[93.4004,19.9613],[93.3966,19.9247],[93.4313,19.8676]],[[93.545,19.7809],[93.5583,19.7629],[93.5806,19.7961],[93.5592,19.7983],[93.545,19.7809]],[[93.7634,19.8635],[93.7409,19.8452],[93.7545,19.8254],[93.7469,19.7906],[93.7335,19.7817],[93.7041,19.7837],[93.7124,19.7645],[93.7771,19.7662],[93.7925,19.8314],[93.7818,19.8542],[93.7634,19.8635]],[[93.6995,19.7988],[93.7368,19.7887],[93.7435,19.8326],[93.7213,19.8073],[93.6995,19.7988]],[[92.9746,20.1264],[92.9792,20.0713],[93.0421,20.0089],[93.0568,19.9513],[93.175,19.7877],[93.1051,19.9366],[93.1133,19.9816],[93.14,19.9983],[93.1218,20.0396],[93.074,20.0766],[93.0872,20.0864],[93.0682,20.116],[92.9967,20.1116],[92.9746,20.1264]],[[93.6781,19.7891],[93.7326,19.8242],[93.734,19.8509],[93.6827,19.8216],[93.6781,19.7891]],[[93.3997,19.8053],[93.4054,19.7978],[93.4035,19.8074],[93.3997,19.8053]],[[93.5507,19.8014],[93.5822,19.8034],[93.5947,19.8321],[93.5665,19.8315],[93.5507,19.8014]],[[93.1809,19.9394],[93.1381,20.0532],[93.1238,20.0477],[93.2272,19.8161],[93.2507,19.8162],[93.1809,19.9394]],[[92.926,20.0833],[92.9159,20.0553],[93.0134,19.8954],[93.0291,19.8189],[93.0358,19.8746],[93.02,19.9194],[92.9602,20.0616],[92.926,20.0833]],[[93.6607,19.9012],[93.6141,19.9016],[93.5885,19.872],[93.5471,19.8669],[93.5459,19.8272],[93.5996,19.843],[93.6607,19.9012]],[[93.6548,19.8687],[93.6744,19.8587],[93.6902,19.8775],[93.739,19.8765],[93.6831,19.8949],[93.6548,19.8687]],[[93.5027,19.9081],[93.524,19.867],[93.5264,19.9144],[93.5027,19.9081]],[[93.5751,19.8794],[93.5855,19.8796],[93.6058,19.9024],[93.5936,19.9044],[93.5751,19.8794]],[[93.7106,19.8934],[93.7226,19.8864],[93.7237,19.8883],[93.7106,19.8934]],[[93.5036,19.9304],[93.498,19.9161],[93.5093,19.9231],[93.5036,19.9304]],[[93.7223,19.9264],[93.7112,19.9182],[93.7264,19.9232],[93.7223,19.9264]],[[93.4714,19.9377],[93.4944,19.9309],[93.5018,19.9549],[93.4942,19.9558],[93.4714,19.9377]],[[93.4629,19.939],[93.4779,19.9436],[93.4875,19.9522],[93.4711,19.9623],[93.4629,19.939]],[[93.4543,19.9927],[93.4496,19.9708],[93.4609,19.9581],[93.4543,19.9927]],[[93.4769,19.9914],[93.4864,19.9612],[93.4974,19.9747],[93.4769,19.9914]],[[93.2713,20.2575],[93.3067,20.2079],[93.3143,20.1414],[93.3556,20.0728],[93.3672,20.0156],[93.3799,20.0275],[93.3666,20.084],[93.3959,20.1024],[93.3796,20.1669],[93.3839,20.1859],[93.4012,20.1103],[93.4112,20.1214],[93.3906,20.2092],[93.3577,20.27],[93.3364,20.2789],[93.3206,20.3269],[93.2839,20.3204],[93.2691,20.3011],[93.2776,20.2882],[93.2713,20.2575]],[[93.1829,20.1916],[93.2292,20.1567],[93.2467,20.116],[93.2079,20.0922],[93.2057,20.0497],[93.275,20.0333],[93.2911,20.0604],[93.2744,20.0854],[93.2845,20.1445],[93.251,20.146],[93.2837,20.1579],[93.3004,20.1904],[93.26,20.2626],[93.2486,20.2613],[93.2528,20.2428],[93.2167,20.2346],[93.1829,20.1916]],[[93.1425,20.0641],[93.1655,20.0426],[93.1781,20.046],[93.1585,20.0669],[93.1425,20.0641]],[[93.2885,20.1464],[93.3039,20.0484],[93.3309,20.0821],[93.3109,20.1152],[93.3034,20.1704],[93.2885,20.1464]],[[93.3333,20.0521],[93.3416,20.066],[93.3391,20.0728],[93.3316,20.0642],[93.3333,20.0521]],[[93.123,20.0677],[93.1259,20.0572],[93.1264,20.0691],[93.123,20.0677]],[[93.0949,20.0879],[93.1119,20.0615],[93.1267,20.079],[93.0954,20.1426],[93.0736,20.1239],[93.0909,20.0952],[93.1195,20.0869],[93.0949,20.0879]],[[93.123,20.1798],[93.0981,20.1542],[93.1272,20.0921],[93.1892,20.0627],[93.2035,20.0935],[93.2312,20.113],[93.2242,20.1518],[93.1898,20.168],[93.1761,20.1878],[93.123,20.1798]],[[93.3118,20.1313],[93.328,20.1069],[93.3129,20.1366],[93.3118,20.1313]],[[93.0643,20.1276],[93.0895,20.1485],[93.0863,20.1643],[93.0674,20.1456],[93.0643,20.1276]],[[92.9954,20.144],[93.0093,20.1309],[93.0613,20.1595],[93.1284,20.2167],[93.1272,20.2428],[93.143,20.2188],[93.2135,20.2929],[93.2129,20.3129],[93.1755,20.3243],[93.1334,20.3059],[93.1403,20.3166],[93.1199,20.3296],[93.1322,20.3447],[93.12,20.3744],[93.0911,20.3689],[93.04,20.3263],[93.0399,20.2773],[93.0097,20.2421],[92.9954,20.144]],[[93.1138,20.1767],[93.095,20.1789],[93.0953,20.1603],[93.1138,20.1767]],[[92.9752,20.2112],[92.9516,20.1975],[92.965,20.1694],[92.978,20.1795],[92.9752,20.2112]],[[92.9201,20.1937],[92.9504,20.2119],[92.9426,20.2506],[92.9252,20.2444],[92.9201,20.1937]],[[92.9608,20.2151],[92.9744,20.2179],[92.9804,20.2315],[92.9608,20.2151]],[[92.7322,20.232],[92.7405,20.2161],[92.7337,20.2383],[92.7322,20.232]],[[93.2708,20.3147],[93.2444,20.3054],[93.2385,20.2685],[93.2728,20.2683],[93.2636,20.2969],[93.2708,20.3147]],[[92.7923,20.2825],[92.8411,20.2875],[92.8664,20.3114],[92.8122,20.4063],[92.8202,20.4236],[92.7899,20.4369],[92.7623,20.4322],[92.7758,20.2801],[92.8143,20.3141],[92.8128,20.3389],[92.8357,20.3129],[92.8025,20.3036],[92.7923,20.2825]],[[86.6889,20.2951],[86.7002,20.2874],[86.7088,20.2939],[86.6889,20.2951]],[[93.2847,20.3436],[93.2914,20.353],[93.2902,20.3544],[93.2847,20.3436]],[[93.0351,20.3921],[93.0435,20.3504],[93.0624,20.3551],[93.0797,20.3692],[93.0785,20.4073],[93.1093,20.4186],[93.0899,20.5061],[93.0491,20.4466],[93.0351,20.3921]],[[92.7418,20.3584],[92.751,20.3509],[92.7522,20.3624],[92.7418,20.3584]],[[92.8766,20.4023],[92.8454,20.3947],[92.8908,20.3856],[92.8766,20.4023]],[[86.8043,20.4822],[86.7909,20.4204],[86.7981,20.3886],[86.8161,20.4409],[86.8043,20.4822]],[[92.8278,20.4109],[92.8255,20.3996],[92.8326,20.402],[92.8278,20.4109]],[[92.7559,20.4701],[92.7697,20.4381],[92.7891,20.4417],[92.7789,20.4549],[92.8037,20.4826],[92.7972,20.4995],[92.7683,20.4705],[92.7559,20.4701]],[[92.6979,20.5897],[92.7207,20.5712],[92.6991,20.6049],[92.6979,20.5897]],[[92.3212,20.6346],[92.3245,20.5882],[92.3262,20.5853],[92.3212,20.6346]],[[72.8454,20.7442],[72.8706,20.6522],[72.8815,20.6466],[72.8576,20.706],[72.8667,20.7131],[72.8737,20.6908],[72.877,20.7253],[72.855,20.7205],[72.8454,20.7442]],[[72.8793,20.6887],[72.8883,20.6806],[72.89,20.6884],[72.8793,20.6887]],[[92.6353,20.7243],[92.6185,20.7141],[92.5844,20.7087],[92.6086,20.6838],[92.6335,20.6965],[92.6353,20.7243]],[[92.3431,20.7244],[92.3512,20.7131],[92.3599,20.7178],[92.3431,20.7244]],[[92.5864,20.7294],[92.5806,20.749],[92.5627,20.7432],[92.5512,20.757],[92.5491,20.7402],[92.5754,20.7211],[92.5864,20.7294]],[[72.8613,20.7556],[72.8752,20.7521],[72.8767,20.754],[72.8613,20.7556]],[[72.8648,20.7678],[72.8726,20.768],[72.866,20.7692],[72.8648,20.7678]],[[72.8404,20.7752],[72.856,20.7635],[72.8406,20.7799],[72.8404,20.7752]],[[72.932,20.7705],[72.9361,20.7636],[72.9412,20.7674],[72.932,20.7705]],[[72.8404,20.7849],[72.8454,20.7961],[72.8444,20.7987],[72.8404,20.7849]],[[72.8126,20.8519],[72.7849,20.9214],[72.7824,20.9205],[72.8261,20.8098],[72.8415,20.8054],[72.8126,20.8519]],[[72.807,20.9073],[72.817,20.91],[72.8173,20.919],[72.807,20.9073]],[[92.3088,20.9121],[92.3255,20.9093],[92.3552,20.9436],[92.3326,20.9939],[92.3067,20.9822],[92.3159,20.9543],[92.3088,20.9121]],[[92.3007,20.9774],[92.2813,20.9476],[92.2969,20.9277],[92.3098,20.9528],[92.3007,20.9774]],[[72.767,20.9865],[72.7824,20.9862],[72.7854,20.9937],[72.767,20.9865]],[[92.2566,21.0234],[92.2638,21.0272],[92.2613,21.0311],[92.2566,21.0234]],[[72.8357,21.0425],[72.8453,21.0376],[72.8453,21.0424],[72.8357,21.0425]],[[72.6479,21.0595],[72.6739,21.0707],[72.6749,21.0808],[72.6479,21.0595]],[[72.6836,21.0665],[72.6797,21.0622],[72.6852,21.0536],[72.6836,21.0665]],[[92.211,21.1081],[92.2201,21.109],[92.2168,21.1148],[92.211,21.1081]],[[72.6743,21.1286],[72.686,21.1092],[72.6971,21.1414],[72.6743,21.1286]],[[92.2179,21.1304],[92.2076,21.1318],[92.2178,21.1235],[92.2179,21.1304]],[[72.6278,21.2829],[72.6202,21.2709],[72.6346,21.2663],[72.6391,21.2741],[72.6278,21.2829]],[[72.6204,21.3316],[72.6284,21.3343],[72.6267,21.3382],[72.6204,21.3316]],[[91.943,21.7309],[91.8851,21.6807],[91.8913,21.6376],[91.8742,21.6069],[91.8821,21.557],[91.8587,21.5221],[91.8684,21.4885],[91.8969,21.4671],[91.9114,21.4757],[91.9017,21.5093],[91.9479,21.4896],[91.9727,21.5058],[91.9859,21.5872],[91.9876,21.6301],[91.9586,21.6702],[91.943,21.7309]],[[88.5248,21.5267],[88.5488,21.5337],[88.5417,21.5772],[88.4997,21.5997],[88.4864,21.5467],[88.5253,21.5386],[88.5248,21.5267]],[[88.1899,21.5446],[88.2178,21.5336],[88.214,21.5548],[88.1999,21.57],[88.1919,21.5548],[88.1738,21.5858],[88.1899,21.5446]],[[88.8353,21.5592],[88.8698,21.5341],[88.9119,21.5463],[88.8959,21.5858],[88.8438,21.6063],[88.8353,21.5592]],[[88.5161,21.6059],[88.5709,21.5593],[88.5955,21.5862],[88.5929,21.607],[88.5266,21.6569],[88.5161,21.6059]],[[88.7011,21.7183],[88.6923,21.6786],[88.7252,21.6306],[88.7126,21.5765],[88.7445,21.5602],[88.7996,21.5749],[88.804,21.5975],[88.782,21.6162],[88.7787,21.6526],[88.7542,21.6466],[88.7103,21.6829],[88.7011,21.7183]],[[72.6228,21.5682],[72.6692,21.5706],[72.6902,21.5999],[72.7932,21.6206],[72.807,21.6431],[72.7402,21.6376],[72.7358,21.6496],[72.6478,21.6331],[72.6372,21.6122],[72.6119,21.6056],[72.6295,21.5877],[72.6228,21.5682]],[[72.3509,21.6039],[72.3562,21.5913],[72.3587,21.5927],[72.3509,21.6039]],[[92.0041,21.6176],[92.0109,21.5983],[92.0071,21.6241],[92.0041,21.6176]],[[88.4526,21.6002],[88.4841,21.675],[88.4587,21.7307],[88.4831,21.7956],[88.4679,21.7863],[88.4564,21.7929],[88.4366,21.7671],[88.4436,21.7026],[88.4273,21.6899],[88.427,21.6599],[88.4483,21.6233],[88.4295,21.6003],[88.4526,21.6002]],[[88.3508,21.6151],[88.36,21.6705],[88.3233,21.7035],[88.316,21.615],[88.3264,21.6021],[88.3508,21.6151]],[[88.2331,21.6742],[88.2144,21.6747],[88.2026,21.6903],[88.2174,21.7157],[88.1876,21.6808],[88.2219,21.6019],[88.2218,21.6272],[88.2393,21.647],[88.2331,21.6742]],[[88.5198,21.7616],[88.5069,21.7573],[88.5233,21.7224],[88.5699,21.7091],[88.5808,21.6629],[88.5642,21.6419],[88.6125,21.6055],[88.6017,21.6541],[88.6154,21.679],[88.58,21.7201],[88.5666,21.7684],[88.5779,21.7923],[88.5469,21.8165],[88.5446,21.7961],[88.5198,21.7616]],[[88.1361,21.6857],[88.1449,21.7002],[88.1315,21.7347],[88.1454,21.7562],[88.1075,21.7943],[88.0604,21.721],[88.0509,21.647],[88.1466,21.6232],[88.1507,21.6709],[88.1361,21.6857]],[[92.0032,21.6316],[92.0347,21.6491],[92.0303,21.6683],[92.0021,21.6463],[92.0032,21.6316]],[[91.8799,21.6822],[91.9045,21.7087],[91.9121,21.7467],[91.8884,21.7621],[91.8524,21.6604],[91.8806,21.6342],[91.8799,21.6822]],[[88.5622,21.6991],[88.5229,21.7156],[88.5332,21.6558],[88.5514,21.6386],[88.5719,21.6691],[88.5622,21.6991]],[[89.2038,21.6545],[89.2517,21.6457],[89.2953,21.6711],[89.2926,21.6939],[89.2613,21.6969],[89.2843,21.7036],[89.2939,21.7417],[89.2826,21.7551],[89.2217,21.7436],[89.2319,21.7014],[89.2038,21.6545]],[[88.652,21.6799],[88.6324,21.6546],[88.6404,21.6441],[88.652,21.6799]],[[72.8605,21.6794],[72.8759,21.6719],[72.8816,21.6769],[72.8605,21.6794]],[[88.0976,21.7904],[88.1138,21.7999],[88.1411,21.78],[88.1525,21.7563],[88.1386,21.7341],[88.1512,21.7067],[88.1438,21.6876],[88.1616,21.683],[88.1833,21.8056],[88.1506,21.8808],[88.1297,21.8712],[88.0976,21.7904]],[[88.3486,21.7126],[88.3778,21.6847],[88.4033,21.7103],[88.3714,21.7272],[88.3936,21.7418],[88.3928,21.7648],[88.3559,21.7567],[88.3579,21.7201],[88.3486,21.7126]],[[89.3353,21.6995],[89.3542,21.7008],[89.3422,21.7214],[89.3397,21.7212],[89.3353,21.6995]],[[88.6169,21.788],[88.5942,21.7781],[88.5968,21.7582],[88.6277,21.7412],[88.6302,21.7314],[88.6055,21.7109],[88.6178,21.7021],[88.6374,21.7259],[88.6377,21.7533],[88.6169,21.788]],[[88.3339,21.7246],[88.3528,21.7212],[88.3493,21.7566],[88.3867,21.768],[88.3864,21.7918],[88.3467,21.7984],[88.3376,21.7868],[88.3104,21.7792],[88.3143,21.7168],[88.3345,21.7054],[88.3339,21.7246]],[[89.5577,21.72],[89.581,21.7062],[89.6231,21.7109],[89.5922,21.7519],[89.6102,21.7968],[89.5459,21.8493],[89.5313,21.8231],[89.5646,21.7513],[89.5577,21.72]],[[88.2011,21.7083],[88.2152,21.722],[88.2145,21.7307],[88.212,21.7319],[88.2011,21.7083]],[[88.5867,21.7213],[88.6022,21.7161],[88.6272,21.7354],[88.5909,21.7566],[88.587,21.7766],[88.5729,21.7718],[88.5867,21.7213]],[[91.8279,21.7446],[91.8406,21.7185],[91.8745,21.8059],[91.8567,21.8746],[91.8714,21.8878],[91.8783,21.8216],[91.8932,21.852],[91.8725,21.922],[91.8409,21.8963],[91.8467,21.8128],[91.8279,21.7446]],[[88.3078,21.7303],[88.3014,21.7282],[88.3061,21.7207],[88.3078,21.7303]],[[91.9416,21.7483],[91.9144,21.7553],[91.9239,21.7286],[91.9416,21.7483]],[[90.3554,21.7449],[90.3603,21.7406],[90.3622,21.7465],[90.3554,21.7449]],[[72.589,21.744],[72.5694,21.753],[72.5627,21.7445],[72.589,21.744]],[[88.2088,21.7409],[88.2156,21.7564],[88.21,21.7763],[88.2088,21.7409]],[[91.8982,21.7644],[91.9399,21.7579],[91.9473,21.7662],[91.9173,21.7749],[91.8982,21.7644]],[[72.5724,21.7741],[72.5834,21.775],[72.5815,21.7771],[72.5724,21.7741]],[[90.4519,21.7673],[90.4396,21.7701],[90.4403,21.7679],[90.4519,21.7673]],[[88.5145,21.7764],[88.5304,21.782],[88.5298,21.7965],[88.5145,21.7764]],[[89.3432,21.7813],[89.3747,21.8824],[89.3202,21.8415],[89.329,21.8185],[89.3284,21.8442],[89.3406,21.8292],[89.3432,21.7813]],[[88.6251,21.8094],[88.6488,21.7863],[88.6618,21.87],[88.6384,21.8686],[88.6272,21.8978],[88.601,21.8612],[88.627,21.8319],[88.6251,21.8094]],[[88.3009,21.7952],[88.3118,21.7867],[88.3183,21.7914],[88.3009,21.7952]],[[88.5877,21.8074],[88.6216,21.7992],[88.622,21.8302],[88.6003,21.8509],[88.5877,21.8074]],[[88.4614,21.8097],[88.4925,21.7983],[88.5096,21.8101],[88.4925,21.8357],[88.4614,21.8097]],[[89.7733,21.8198],[89.783,21.8145],[89.7904,21.8225],[89.7733,21.8198]],[[90.4438,21.8237],[90.4182,21.8319],[90.4151,21.8238],[90.4438,21.8237]],[[90.3152,21.8232],[90.3173,21.8476],[90.2964,21.835],[90.3152,21.8232]],[[90.0215,21.8445],[90.0593,21.8322],[90.1036,21.8865],[90.0873,21.9],[90.0953,21.9352],[90.077,21.972],[90.0276,21.9559],[90.0198,21.904],[90.0414,21.8442],[90.0215,21.8445]],[[88.1932,21.8362],[88.1996,21.8381],[88.1811,21.8622],[88.1932,21.8362]],[[89.7647,21.8548],[89.768,21.8485],[89.778,21.8534],[89.7647,21.8548]],[[90.5382,21.8629],[90.5001,21.8664],[90.5036,21.8513],[90.5382,21.8629]],[[90.3128,21.8557],[90.3573,21.8707],[90.3851,21.9977],[90.3716,21.9963],[90.3496,21.9564],[90.3366,21.9548],[90.3036,21.8658],[90.3128,21.8557]],[[88.0922,21.8982],[88.0934,21.8569],[88.1093,21.8728],[88.0922,21.8982]],[[89.6541,21.8891],[89.6452,21.8736],[89.6582,21.8587],[89.6633,21.8709],[89.6541,21.8891]],[[89.565,21.9289],[89.5446,21.9589],[89.5431,21.868],[89.565,21.9289]],[[90.5607,21.9596],[90.5244,21.9406],[90.5061,21.8778],[90.547,21.8774],[90.5563,21.8993],[90.5456,21.9173],[90.5707,21.9475],[90.5607,21.9596]],[[88.6434,21.8737],[88.6598,21.8763],[88.6735,21.917],[88.6414,21.9224],[88.6281,21.9056],[88.6434,21.8737]],[[90.5542,21.8824],[90.5626,21.8832],[90.5613,21.8976],[90.5542,21.8824]],[[88.0967,21.9268],[88.1162,21.8816],[88.1289,21.8896],[88.0967,21.9268]],[[90.2712,21.8834],[90.3036,21.9223],[90.3077,21.9587],[90.2862,21.9815],[90.2679,21.9696],[90.2753,21.9426],[90.2458,21.8987],[90.2712,21.8834]],[[90.466,21.9779],[90.4534,22.0296],[90.4129,22.0321],[90.4216,22.016],[90.4001,21.8996],[90.4579,21.9207],[90.466,21.9779]],[[88.1026,21.9253],[88.1422,21.8976],[88.1557,21.9241],[88.1212,21.9632],[88.1026,21.9253]],[[88.4961,21.9076],[88.4991,21.8986],[88.5028,21.9081],[88.4961,21.9076]],[[90.6282,21.9359],[90.6209,21.9111],[90.6427,21.8991],[90.6555,21.9128],[90.6282,21.9359]],[[89.9606,21.9471],[89.9434,21.9296],[89.9675,21.9147],[89.9725,21.9238],[89.9606,21.9471]],[[90.5651,21.9237],[90.5781,21.9243],[90.5727,21.9301],[90.5651,21.9237]],[[90.3869,21.9302],[90.3954,21.9266],[90.3941,21.9377],[90.3869,21.9302]],[[90.6301,21.944],[90.6432,21.9281],[90.6557,21.9227],[90.6457,21.95],[90.6301,21.944]],[[90.4932,21.9323],[90.5049,21.9412],[90.5186,21.9792],[90.4898,21.9609],[90.5012,21.9562],[90.4932,21.9323]],[[88.6871,21.9454],[88.7183,22.0018],[88.6834,22.0024],[88.6639,22.0153],[88.6341,21.9658],[88.6418,21.9509],[88.6871,21.9454]],[[90.3883,21.9603],[90.3961,21.958],[90.3958,21.9656],[90.3883,21.9603]],[[90.7037,21.9664],[90.7172,21.9585],[90.7139,21.9719],[90.7037,21.9664]],[[90.3518,22.0194],[90.3447,21.9619],[90.3565,21.9894],[90.3889,22.0086],[90.3898,22.0242],[90.4098,22.0497],[90.3958,22.0706],[90.3518,22.0194]],[[90.3234,21.9739],[90.3303,21.9661],[90.3317,21.9815],[90.3234,21.9739]],[[88.1346,22.0231],[88.1053,22.0042],[88.0965,21.9751],[88.1245,21.976],[88.1346,22.0231]],[[90.2821,21.985],[90.3076,21.9737],[90.3751,22.0964],[90.3372,22.1034],[90.3473,22.0893],[90.2936,22.069],[90.2763,22.0244],[90.2821,21.985]],[[90.6117,21.9949],[90.6221,21.9849],[90.6374,21.997],[90.6455,22.0513],[90.6117,21.9949]],[[90.6793,22.0038],[90.6773,21.9916],[90.6851,21.9927],[90.6793,22.0038]],[[90.5031,21.9946],[90.5221,21.992],[90.5409,22.027],[90.5159,22.0226],[90.5031,21.9946]],[[90.5574,22.0982],[90.498,22.0059],[90.5201,22.0312],[90.5446,22.0333],[90.5394,22.007],[90.5496,22.0163],[90.5574,22.0982]],[[88.6742,22.014],[88.6836,22.0086],[88.6873,22.0101],[88.6848,22.0171],[88.6742,22.014]],[[90.4074,22.0266],[90.3995,22.0273],[90.4039,22.0148],[90.4074,22.0266]],[[90.7015,22.0616],[90.6662,22.0578],[90.6855,22.0187],[90.7015,22.0616]],[[90.6341,22.1265],[90.5929,22.041],[90.613,22.0195],[90.6228,22.0354],[90.6057,22.0544],[90.6108,22.07],[90.6312,22.0947],[90.612,22.0583],[90.633,22.0481],[90.6315,22.0708],[90.6614,22.0905],[90.6683,22.1204],[90.6341,22.1265]],[[90.6579,22.0479],[90.6602,22.0237],[90.6637,22.0212],[90.6579,22.0479]],[[90.4142,22.0383],[90.4316,22.0338],[90.4457,22.0377],[90.4401,22.0439],[90.4142,22.0383]],[[90.4844,22.0437],[90.523,22.0807],[90.5167,22.1057],[90.4821,22.0755],[90.4844,22.0437]],[[90.5056,22.0443],[90.5386,22.0775],[90.5522,22.1054],[90.542,22.1173],[90.5252,22.1097],[90.531,22.0858],[90.5056,22.0443]],[[90.6722,22.129],[90.6991,22.1114],[90.6781,22.1053],[90.6749,22.0707],[90.6991,22.0687],[90.7168,22.1117],[90.7371,22.132],[90.7086,22.0646],[90.7168,22.0527],[90.7622,22.1112],[90.783,22.1074],[90.7839,22.1338],[90.7958,22.1457],[90.7919,22.1083],[90.8198,22.136],[90.8194,22.1776],[90.7995,22.1745],[90.7784,22.186],[90.8209,22.1843],[90.7981,22.2038],[90.7906,22.2383],[90.796,22.246],[90.8024,22.2081],[90.8254,22.1984],[90.8082,22.2193],[90.8319,22.2192],[90.8462,22.2419],[90.8889,22.445],[90.8678,22.5181],[90.778,22.6269],[90.7355,22.7669],[90.6594,22.7846],[90.5792,22.7219],[90.539,22.641],[90.5439,22.6283],[90.5546,22.6477],[90.5796,22.6542],[90.5889,22.6338],[90.5634,22.6408],[90.5746,22.6194],[90.5729,22.5947],[90.6186,22.5467],[90.5888,22.6067],[90.6066,22.6012],[90.6714,22.4739],[90.6706,22.2784],[90.6111,22.1582],[90.6198,22.1325],[90.6334,22.1324],[90.6338,22.1481],[90.6597,22.1332],[90.6957,22.1379],[90.6722,22.129]],[[90.7778,22.0923],[90.7652,22.0786],[90.7527,22.0551],[90.7778,22.0923]],[[90.6559,22.0635],[90.6561,22.0573],[90.6674,22.0801],[90.6559,22.0635]],[[91.0363,22.0839],[91.0491,22.0834],[91.0367,22.0863],[91.0363,22.0839]],[[90.593,22.1161],[90.5935,22.1025],[90.5964,22.1176],[90.593,22.1161]],[[91.0842,22.128],[91.0344,22.1048],[91.0542,22.1017],[91.0842,22.128]],[[91.0744,22.1086],[91.0613,22.1034],[91.0757,22.1064],[91.0744,22.1086]],[[90.9512,22.1168],[90.9536,22.2114],[90.942,22.2125],[90.9228,22.1295],[90.9512,22.1168]],[[90.5849,22.1308],[90.5888,22.1176],[90.5954,22.1267],[90.5849,22.1308]],[[91.0462,22.1754],[91.0443,22.128],[91.0677,22.1422],[91.0912,22.133],[91.1061,22.1524],[91.0462,22.1754]],[[91.0842,22.1351],[91.0611,22.1333],[91.0838,22.1321],[91.0842,22.1351]],[[90.5087,22.1386],[90.5321,22.1455],[90.5449,22.1737],[90.5097,22.1749],[90.5087,22.1386]],[[91.1315,22.4172],[91.134,22.4629],[91.1164,22.499],[91.0408,22.508],[91.0269,22.4766],[91.0519,22.4201],[91.0492,22.1817],[91.1096,22.1596],[91.1011,22.2106],[91.1191,22.1934],[91.1152,22.1683],[91.135,22.1645],[91.1684,22.2023],[91.1828,22.2711],[91.1757,22.3359],[91.1315,22.4172]],[[90.6113,22.1743],[90.6168,22.1767],[90.6161,22.1831],[90.6113,22.1743]],[[72.3515,22.1744],[72.3604,22.1838],[72.3581,22.1888],[72.3515,22.1744]],[[90.998,22.2441],[90.9739,22.209],[90.9819,22.1761],[90.998,22.2441]],[[72.4323,22.1795],[72.4785,22.2097],[72.4321,22.1981],[72.4323,22.1795]],[[91.0396,22.1839],[91.0461,22.1954],[91.0382,22.2043],[91.0333,22.1946],[91.0396,22.1839]],[[90.8316,22.2133],[90.8322,22.1853],[90.8394,22.2206],[90.8316,22.2133]],[[90.5677,22.2145],[90.5586,22.2297],[90.5387,22.1893],[90.5677,22.2145]],[[90.9366,22.2121],[90.9272,22.2134],[90.9265,22.1974],[90.9366,22.2121]],[[91.8151,22.214],[91.8215,22.2134],[91.8227,22.2236],[91.8151,22.214]],[[72.5039,22.2326],[72.5105,22.2179],[72.5175,22.2305],[72.5039,22.2326]],[[72.6649,22.2379],[72.7159,22.2179],[72.7317,22.2225],[72.7191,22.2376],[72.6649,22.2379]],[[90.9309,22.2218],[90.9577,22.2223],[90.9848,22.2934],[90.9881,22.3451],[90.9681,22.3788],[90.9309,22.2218]],[[90.575,22.2311],[90.5841,22.2483],[90.5825,22.2508],[90.5686,22.2396],[90.575,22.2311]],[[90.9792,22.2365],[90.989,22.2459],[90.9913,22.2609],[90.9827,22.251],[90.9792,22.2365]],[[89.8619,22.258],[89.8616,22.2442],[89.8708,22.2377],[89.8699,22.2497],[89.8619,22.258]],[[91.806,22.2983],[91.8008,22.28],[91.8165,22.2728],[91.8201,22.2775],[91.806,22.2983]],[[91.3567,22.66],[91.3921,22.564],[91.3798,22.4944],[91.4007,22.4361],[91.4551,22.3987],[91.476,22.3492],[91.5161,22.3469],[91.5582,22.4111],[91.5454,22.4693],[91.4389,22.6389],[91.3567,22.66]],[[90.2713,22.3515],[90.2892,22.3548],[90.2864,22.3644],[90.2713,22.3515]],[[69.4425,22.3616],[69.45,22.3542],[69.4552,22.3572],[69.4425,22.3616]],[[90.6059,22.463],[90.6166,22.4004],[90.6322,22.3575],[90.6258,22.4422],[90.6059,22.463]],[[90.6509,22.3808],[90.6295,22.4056],[90.6486,22.3674],[90.6509,22.3808]],[[69.3267,22.379],[69.3404,22.3842],[69.3398,22.3892],[69.3267,22.379]],[[69.4802,22.3925],[69.4874,22.391],[69.4831,22.3989],[69.4802,22.3925]],[[90.6487,22.4076],[90.6512,22.3998],[90.6505,22.4138],[90.6487,22.4076]],[[91.1715,22.4341],[91.1923,22.4062],[91.2028,22.4248],[91.1715,22.4341]],[[91.0224,22.4471],[91.0155,22.4168],[91.0338,22.4077],[91.0381,22.4262],[91.0224,22.4471]],[[69.5861,22.4415],[69.6025,22.4183],[69.6399,22.4108],[69.6407,22.4498],[69.6191,22.4578],[69.5861,22.4415]],[[90.6393,22.4252],[90.6476,22.4201],[90.6408,22.4303],[90.6393,22.4252]],[[69.1485,22.4705],[69.0949,22.4589],[69.086,22.4197],[69.1104,22.4589],[69.1446,22.4537],[69.1485,22.4705]],[[69.3007,22.4658],[69.2962,22.4522],[69.3183,22.4477],[69.3209,22.4649],[69.3007,22.4658]],[[90.9897,22.476],[90.9735,22.463],[90.9955,22.4486],[91.0014,22.4575],[90.9897,22.476]],[[90.6136,22.5392],[90.6459,22.4679],[90.6556,22.4599],[90.6334,22.5244],[90.6136,22.5392]],[[91.1388,22.5159],[91.1641,22.4814],[91.1942,22.4744],[91.1756,22.5187],[91.1388,22.5159]],[[91.0105,22.4957],[91.022,22.4838],[91.0327,22.4988],[91.0285,22.5053],[91.0105,22.4957]],[[91.1976,22.5092],[91.2079,22.4964],[91.2106,22.4958],[91.2093,22.5065],[91.1976,22.5092]],[[90.6436,22.5073],[90.6512,22.5029],[90.6452,22.5117],[90.6436,22.5073]],[[69.3322,22.5248],[69.3221,22.5088],[69.3577,22.5087],[69.3543,22.5199],[69.3322,22.5248]],[[69.9276,22.5414],[69.8979,22.5412],[69.8999,22.5252],[69.8571,22.5214],[69.9248,22.5129],[69.9276,22.5414]],[[69.9522,22.5443],[69.9364,22.5418],[69.9469,22.5329],[69.9522,22.5443]],[[91.2187,22.5961],[91.2517,22.5395],[91.3039,22.554],[91.2544,22.6337],[91.2173,22.6408],[91.2187,22.5961]],[[90.9346,22.8074],[90.7969,22.7739],[90.8337,22.7293],[90.8618,22.6339],[90.9144,22.5899],[90.9401,22.5911],[90.9256,22.5787],[90.955,22.5481],[90.9943,22.5409],[91.0438,22.5696],[91.0248,22.5766],[91.0512,22.5934],[91.0553,22.5807],[91.06,22.5964],[91.0292,22.6419],[91.0357,22.6706],[90.9658,22.7155],[91.0079,22.7052],[91.0202,22.7154],[90.9863,22.7638],[90.9711,22.7579],[90.9778,22.7739],[90.9346,22.8074]],[[70.0048,22.5893],[69.9593,22.5686],[69.9633,22.548],[70.0284,22.5733],[70.0048,22.5893]],[[91.0189,22.5533],[91.0309,22.5557],[91.0318,22.5594],[91.0189,22.5533]],[[91.0709,22.5643],[91.0879,22.5558],[91.0886,22.5983],[91.1278,22.6651],[91.1122,22.7],[91.0554,22.6978],[91.0449,22.6359],[91.0582,22.6391],[91.0709,22.5643]],[[91.0918,22.5984],[91.1132,22.5611],[91.1656,22.5866],[91.1723,22.6084],[91.141,22.6642],[91.0918,22.5984]],[[69.9399,22.5964],[69.9538,22.5944],[69.9586,22.5993],[69.9497,22.6036],[69.9399,22.5964]],[[90.5686,22.6208],[90.5577,22.6218],[90.5632,22.6057],[90.5686,22.6208]],[[90.8039,22.6905],[90.7937,22.659],[90.8206,22.6552],[90.8157,22.6838],[90.8039,22.6905]],[[91.2851,22.6791],[91.2908,22.6636],[91.2982,22.6729],[91.2851,22.6791]],[[91.1898,22.7493],[91.1311,22.7361],[91.2122,22.7042],[91.2357,22.7099],[91.2165,22.7007],[91.2707,22.6674],[91.2996,22.7012],[91.268,22.7307],[91.1898,22.7493]],[[91.0483,22.7024],[91.0372,22.709],[91.0146,22.698],[91.0417,22.6769],[91.0483,22.7024]],[[90.4885,22.7697],[90.5288,22.6841],[90.5502,22.7612],[90.5006,22.7921],[90.4885,22.7697]],[[90.8021,22.7146],[90.7921,22.7154],[90.8025,22.7089],[90.8021,22.7146]],[[91.3098,22.7485],[91.3411,22.7184],[91.3544,22.7304],[91.3474,22.7548],[91.3098,22.7485]],[[90.4833,22.7413],[90.4786,22.7281],[90.4893,22.7199],[90.4833,22.7413]],[[90.5676,22.7785],[90.5747,22.7445],[90.6003,22.7771],[90.5676,22.7785]],[[90.4527,22.7883],[90.4348,22.7706],[90.4576,22.7485],[90.4765,22.7516],[90.4527,22.7883]],[[69.6385,22.7619],[69.6458,22.751],[69.6567,22.7518],[69.6385,22.7619]],[[90.4164,22.7718],[90.3844,22.7899],[90.4151,22.7819],[90.3843,22.8404],[90.4173,22.9163],[90.4218,22.8989],[90.3898,22.839],[90.3951,22.8281],[90.4278,22.8417],[90.4274,22.8167],[90.4491,22.8052],[90.4447,22.8264],[90.4671,22.8659],[90.515,22.8747],[90.5431,22.8996],[90.5413,22.9533],[90.4551,23.0016],[90.4512,22.9721],[90.4309,22.9917],[90.3686,23.0024],[90.3532,22.9896],[90.3807,22.9076],[90.3323,22.8477],[90.3923,22.7672],[90.4164,22.7718]],[[90.5971,22.7862],[90.6601,22.8032],[90.6604,22.8159],[90.6015,22.8001],[90.5971,22.7862]],[[90.5329,22.8745],[90.4824,22.867],[90.4608,22.8402],[90.4846,22.8396],[90.5568,22.7903],[90.6438,22.8594],[90.6496,22.8941],[90.5483,22.9438],[90.5521,22.9054],[90.5329,22.8745]],[[90.4682,22.8345],[90.4526,22.8264],[90.4579,22.8101],[90.4912,22.8191],[90.4682,22.8345]],[[90.6686,22.8296],[90.6815,22.8128],[90.7026,22.8205],[90.6686,22.8296]],[[90.6875,22.8571],[90.6745,22.8379],[90.6937,22.8538],[90.6875,22.8571]],[[90.6322,22.838],[90.6453,22.8443],[90.6454,22.8492],[90.639,22.8478],[90.6322,22.838]],[[90.6511,22.8499],[90.6623,22.8542],[90.6724,22.8819],[90.6554,22.8821],[90.6511,22.8499]],[[90.3485,22.969],[90.3223,22.9661],[90.3518,22.9514],[90.368,22.9212],[90.3485,22.969]],[[70.3011,22.9435],[70.3834,22.9427],[70.3896,22.9602],[70.3688,22.9605],[70.3919,22.971],[70.385,22.9959],[70.3011,22.9435]],[[90.3078,22.9705],[90.2932,22.9627],[90.301,22.9519],[90.3481,22.9398],[90.3078,22.9705]],[[90.6388,22.9635],[90.6342,22.959],[90.6432,22.9568],[90.6388,22.9635]],[[90.6485,22.9847],[90.6884,22.9553],[90.6935,22.9571],[90.6803,22.9808],[90.6485,22.9847]],[[70.4461,22.9804],[70.4425,22.9724],[70.4491,22.9798],[70.4461,22.9804]],[[70.4295,22.9817],[70.4415,22.9801],[70.4484,22.994],[70.4295,22.9817]],[[90.326,22.9816],[90.3426,22.9819],[90.3609,23.0111],[90.4459,23.0225],[90.4326,23.0911],[90.4659,23.1672],[90.4534,23.2116],[90.4646,23.2254],[90.4622,23.2026],[90.4857,23.2465],[90.4785,23.3039],[90.4122,23.3025],[90.393,23.3396],[90.3339,23.3674],[90.3026,23.3547],[90.2866,23.3161],[90.24,23.2931],[90.2526,23.2882],[90.233,23.2607],[90.2124,23.2553],[90.1721,23.262],[90.2108,23.224],[90.2071,23.2097],[90.1781,23.1892],[90.1842,23.1708],[90.2142,23.1915],[90.2657,23.1601],[90.2444,23.1379],[90.2538,23.1253],[90.2905,23.1207],[90.267,23.1328],[90.2729,23.1468],[90.3229,23.1024],[90.3326,23.1087],[90.3259,23.0679],[90.3087,23.0538],[90.326,22.9816]],[[70.4098,22.9911],[70.4312,23.0099],[70.4424,23.0472],[70.4164,23.0236],[70.4098,22.9911]],[[90.4418,23.0056],[90.4198,23.0042],[90.4177,23.0005],[90.4418,23.0056]],[[90.5612,23.0441],[90.5357,23.0213],[90.5628,22.9968],[90.5612,23.0441]],[[90.393,23.0066],[90.4052,23.0052],[90.4172,23.0099],[90.4081,23.0135],[90.393,23.0066]],[[90.5003,23.0214],[90.5034,23.0104],[90.5044,23.0251],[90.5003,23.0214]],[[90.4772,23.042],[90.4887,23.0121],[90.496,23.0157],[90.4772,23.042]],[[70.3961,23.0206],[70.3766,23.034],[70.3732,23.0284],[70.3961,23.0206]],[[70.4468,23.0314],[70.4574,23.0388],[70.4561,23.0439],[70.4468,23.0314]],[[70.4187,23.0392],[70.4345,23.0444],[70.4349,23.0499],[70.4187,23.0392]],[[90.2918,23.0496],[90.2751,23.039],[90.2762,23.0351],[90.3062,23.0351],[90.2918,23.0496]],[[90.5083,23.062],[90.491,23.0532],[90.4968,23.0355],[90.5048,23.0334],[90.5083,23.062]],[[70.3698,23.0472],[70.3915,23.0352],[70.3954,23.0582],[70.3698,23.0472]],[[70.4599,23.0526],[70.4728,23.0546],[70.4769,23.0622],[70.4599,23.0526]],[[90.5198,23.0649],[90.5237,23.0524],[90.5234,23.0689],[90.5198,23.0649]],[[90.4724,23.1855],[90.4687,23.2012],[90.4643,23.1914],[90.4907,23.1312],[90.4435,23.1068],[90.4477,23.0556],[90.4684,23.097],[90.4922,23.0819],[90.5079,23.1439],[90.5029,23.1722],[90.4724,23.1855]],[[90.5009,23.0964],[90.5131,23.0812],[90.5241,23.0914],[90.5168,23.1384],[90.5009,23.0964]],[[90.4615,23.1221],[90.479,23.1329],[90.4753,23.1555],[90.4645,23.1499],[90.4615,23.1221]],[[90.5449,23.1982],[90.5338,23.169],[90.534,23.2002],[90.5215,23.1812],[90.5412,23.1433],[90.5449,23.1982]],[[90.5547,23.1611],[90.5761,23.1787],[90.5756,23.2083],[90.5541,23.1765],[90.5547,23.1611]],[[90.4511,23.3395],[90.4938,23.299],[90.5004,23.2449],[90.4761,23.1948],[90.5004,23.1797],[90.5409,23.2371],[90.552,23.2822],[90.5188,23.3285],[90.4511,23.3395]],[[90.5566,23.1903],[90.5661,23.2048],[90.5569,23.2114],[90.5544,23.2059],[90.5566,23.1903]],[[90.5855,23.2229],[90.5899,23.2108],[90.5954,23.2312],[90.5855,23.2229]],[[90.6138,23.2315],[90.6188,23.2298],[90.6161,23.2364],[90.6138,23.2315]],[[90.5704,23.2357],[90.5631,23.2392],[90.5578,23.2282],[90.5704,23.2357]],[[90.6198,23.2581],[90.6232,23.2389],[90.6334,23.2534],[90.6198,23.2581]],[[90.5803,23.239],[90.586,23.2534],[90.5838,23.26],[90.5713,23.2467],[90.5803,23.239]],[[90.1644,23.2641],[90.2286,23.2652],[90.2334,23.2961],[90.2557,23.3117],[90.1807,23.3378],[90.1209,23.2927],[90.0908,23.2879],[90.1289,23.2691],[90.1276,23.2454],[90.1826,23.2415],[90.1644,23.2641]],[[90.5699,23.3181],[90.5699,23.308],[90.5748,23.3061],[90.5699,23.3181]],[[90.4372,23.3544],[90.3607,23.3948],[90.3478,23.3944],[90.4352,23.3119],[90.4539,23.3185],[90.4372,23.3544]],[[90.5526,23.3295],[90.5583,23.3138],[90.5608,23.3132],[90.5526,23.3295]],[[90.2021,23.3579],[90.245,23.326],[90.2139,23.3613],[90.2708,23.3264],[90.2958,23.3708],[90.286,23.3796],[90.3337,23.3859],[90.1836,23.4498],[90.2021,23.3579]],[[90.5829,23.3499],[90.591,23.3393],[90.5857,23.3557],[90.5829,23.3499]],[[90.4849,23.346],[90.4467,23.3667],[90.4826,23.343],[90.4849,23.346]],[[90.6734,23.3486],[90.6816,23.3461],[90.6783,23.3582],[90.6734,23.3486]],[[90.5275,23.3583],[90.542,23.3558],[90.5293,23.3648],[90.5275,23.3583]],[[90.4238,23.3903],[90.4649,23.3665],[90.4864,23.3686],[90.443,23.395],[90.4238,23.3903]],[[90.3011,23.3673],[90.3214,23.3768],[90.3463,23.3767],[90.3205,23.3807],[90.3011,23.3673]],[[90.5529,23.3901],[90.5534,23.3784],[90.5602,23.3673],[90.5529,23.3901]],[[90.5719,23.3743],[90.5845,23.3687],[90.5714,23.3878],[90.5851,23.43],[90.5656,23.4056],[90.5719,23.3743]],[[90.1883,23.3811],[90.1966,23.3718],[90.1896,23.386],[90.1883,23.3811]],[[90.4506,23.3978],[90.501,23.3839],[90.4986,23.396],[90.4506,23.3978]],[[90.3949,23.4],[90.4072,23.3944],[90.4177,23.394],[90.4093,23.4048],[90.3949,23.4]],[[90.1658,23.4199],[90.1817,23.3936],[90.1682,23.4225],[90.1658,23.4199]],[[90.167,23.4337],[90.1765,23.4189],[90.1686,23.4386],[90.167,23.4337]],[[90.5686,23.4417],[90.573,23.4345],[90.5742,23.4501],[90.5686,23.4417]],[[90.5401,23.475],[90.5591,23.449],[90.5615,23.4807],[90.5401,23.475]],[[90.2377,23.4724],[90.2303,23.4706],[90.2391,23.4676],[90.2377,23.4724]],[[90.199,23.4973],[90.1865,23.4972],[90.2035,23.4881],[90.199,23.4973]],[[90.6637,23.5167],[90.6436,23.5019],[90.6879,23.4906],[90.6888,23.5014],[90.6637,23.5167]],[[90.5851,23.4883],[90.6669,23.5232],[90.6961,23.522],[90.667,23.5661],[90.6827,23.5581],[90.6737,23.5817],[90.6371,23.6107],[90.5632,23.583],[90.58,23.5629],[90.5851,23.4883]],[[90.6132,23.4946],[90.6184,23.4883],[90.6263,23.4961],[90.6132,23.4946]],[[90.6946,23.4979],[90.7068,23.5051],[90.702,23.5148],[90.6946,23.4979]],[[90.5573,23.5384],[90.5607,23.5261],[90.5753,23.5125],[90.5756,23.5199],[90.5573,23.5384]],[[90.7019,23.5256],[90.7032,23.5522],[90.6906,23.5452],[90.7019,23.5256]],[[90.5521,23.5666],[90.5594,23.5478],[90.5668,23.5437],[90.5521,23.5666]],[[90.4749,23.568],[90.453,23.568],[90.4394,23.5536],[90.4666,23.5501],[90.4749,23.568]],[[90.6936,23.5641],[90.6949,23.5552],[90.6992,23.5613],[90.6936,23.5641]],[[90.4335,23.558],[90.4432,23.5992],[90.4251,23.6052],[90.4335,23.558]],[[90.6789,23.5747],[90.6905,23.5679],[90.6804,23.5794],[90.6789,23.5747]],[[68.1629,23.6099],[68.1868,23.5809],[68.2219,23.5722],[68.2122,23.5929],[68.2451,23.5773],[68.2627,23.6088],[68.2526,23.6373],[68.1973,23.6474],[68.1629,23.6099]],[[90.4039,23.6053],[90.408,23.5882],[90.4285,23.5723],[90.4199,23.5975],[90.4039,23.6053]],[[90.6811,23.6489],[90.6585,23.6553],[90.6536,23.6235],[90.6684,23.59],[90.6956,23.5734],[90.7284,23.5956],[90.7358,23.6271],[90.7598,23.6309],[90.7322,23.6524],[90.6811,23.6489]],[[90.4517,23.5772],[90.4864,23.5746],[90.5024,23.5851],[90.4791,23.5844],[90.4564,23.6062],[90.4517,23.5772]],[[68.2354,23.5803],[68.2231,23.5812],[68.2353,23.575],[68.2354,23.5803]],[[68.4448,23.6222],[68.423,23.6096],[68.4309,23.5774],[68.4628,23.6081],[68.4448,23.6222]],[[90.0878,23.6174],[90.0967,23.6051],[90.1143,23.5944],[90.1101,23.6069],[90.0878,23.6174]],[[90.6019,23.6062],[90.6195,23.6099],[90.6261,23.6259],[90.6019,23.6062]],[[90.4098,23.6151],[90.3924,23.6086],[90.4177,23.611],[90.4098,23.6151]],[[90.637,23.6141],[90.6474,23.6139],[90.6503,23.6478],[90.6634,23.6642],[90.6428,23.6569],[90.637,23.6141]],[[90.4239,23.6183],[90.4643,23.628],[90.4412,23.6622],[90.3979,23.6982],[90.3713,23.6956],[90.313,23.7323],[90.3085,23.7608],[90.2876,23.7327],[90.2617,23.7243],[90.2958,23.6657],[90.3763,23.6272],[90.3978,23.6253],[90.3853,23.6458],[90.415,23.624],[90.429,23.6419],[90.4239,23.6183]],[[90.6724,23.669],[90.6797,23.6534],[90.6841,23.6613],[90.6724,23.669]],[[90.6919,23.6689],[90.7168,23.6597],[90.7287,23.6768],[90.6989,23.6808],[90.6919,23.6689]],[[90.6577,23.6794],[90.6529,23.6724],[90.6641,23.6736],[90.6577,23.6794]],[[90.6946,23.6848],[90.7319,23.6849],[90.7146,23.7266],[90.6983,23.7051],[90.6946,23.6848]],[[89.9318,23.6995],[89.8982,23.705],[89.932,23.6851],[89.9318,23.6995]],[[68.4653,23.6921],[68.4827,23.6926],[68.5031,23.716],[68.4681,23.7086],[68.4653,23.6921]],[[68.0689,23.7521],[68.0351,23.7213],[68.036,23.7055],[68.0571,23.7166],[68.1106,23.6987],[68.0914,23.7184],[68.1034,23.727],[68.1309,23.695],[68.1546,23.7022],[68.1483,23.7247],[68.1899,23.7806],[68.1836,23.8426],[68.1674,23.8444],[68.1729,23.8229],[68.1177,23.8314],[68.091,23.8118],[68.074,23.7953],[68.0689,23.7521]],[[89.8651,23.7143],[89.8706,23.7082],[89.8759,23.7073],[89.8651,23.7143]],[[90.3466,23.7315],[90.3412,23.7247],[90.3547,23.715],[90.3466,23.7315]],[[68.4586,23.7341],[68.4622,23.7168],[68.4824,23.7252],[68.4586,23.7341]],[[89.8686,23.7271],[89.8652,23.7226],[89.8746,23.7189],[89.8686,23.7271]],[[89.8568,23.7306],[89.8583,23.7235],[89.8623,23.7229],[89.8568,23.7306]],[[90.2118,23.7551],[90.2259,23.725],[90.2482,23.7344],[90.2441,23.7912],[90.2118,23.7551]],[[89.7904,23.7596],[89.786,23.7414],[89.8001,23.7323],[89.7904,23.7596]],[[68.5774,23.741],[68.5914,23.7415],[68.5917,23.7475],[68.5774,23.741]],[[89.7791,23.7421],[89.7758,23.7887],[89.7438,23.8037],[89.7791,23.7421]],[[68.5693,23.7576],[68.6101,23.7728],[68.6114,23.7804],[68.5693,23.7576]],[[68.6283,23.7828],[68.6373,23.7816],[68.6391,23.7899],[68.6283,23.7828]],[[89.693,23.8042],[89.6852,23.7896],[89.7424,23.7792],[89.718,23.8016],[89.693,23.8042]],[[89.6754,23.8006],[89.6436,23.8032],[89.6341,23.7937],[89.6657,23.7865],[89.6754,23.8006]],[[89.4901,23.8208],[89.5155,23.7856],[89.5325,23.8154],[89.4901,23.8208]],[[89.5499,23.7951],[89.5991,23.8055],[89.62,23.8056],[89.5704,23.8117],[89.5499,23.7951]],[[90.2147,23.8334],[90.1586,23.8213],[90.1436,23.827],[90.1171,23.8704],[90.1157,23.8541],[90.0872,23.8364],[90.1342,23.812],[90.1823,23.8071],[90.2054,23.8221],[90.2236,23.8068],[90.2338,23.8213],[90.2147,23.8334]],[[68.208,23.8459],[68.224,23.8419],[68.2456,23.8676],[68.2118,23.8714],[68.208,23.8459]],[[68.2474,23.8543],[68.2576,23.8557],[68.2581,23.8653],[68.2474,23.8543]],[[89.6912,23.932],[89.7141,23.8858],[89.7347,23.8824],[89.6912,23.932]],[[89.3147,23.8929],[89.328,23.8813],[89.3479,23.8867],[89.3448,23.8902],[89.3147,23.8929]],[[89.3149,23.8989],[89.3619,23.8966],[89.3753,23.9363],[89.2906,23.9388],[89.3149,23.8989]],[[89.4109,23.9196],[89.3773,23.9177],[89.3791,23.9063],[89.4109,23.9196]],[[89.6726,23.9407],[89.6611,23.9383],[89.6775,23.9107],[89.6795,23.9164],[89.6726,23.9407]],[[89.1856,23.9513],[89.2241,23.9316],[89.2358,23.9322],[89.2298,23.9463],[89.2524,23.9367],[89.2246,23.9607],[89.1856,23.9513]],[[67.4061,23.9585],[67.4239,23.9778],[67.3929,23.9825],[67.391,23.9794],[67.4061,23.9585]],[[67.3371,24.3642],[67.3579,24.3574],[67.3557,24.3838],[67.3461,24.3783],[67.3371,24.3642]],[[67.3154,24.3647],[67.3337,24.3733],[67.3332,24.382],[67.3104,24.3831],[67.3154,24.3647]],[[67.3529,24.4367],[67.3065,24.4237],[67.3287,24.4263],[67.34,24.4177],[67.3086,24.4156],[67.308,24.3906],[67.3388,24.3912],[67.3416,24.4159],[67.366,24.4163],[67.3529,24.4367]],[[67.3774,24.4338],[67.3861,24.422],[67.3951,24.4296],[67.3774,24.4338]],[[67.3728,24.4528],[67.3085,24.4517],[67.2966,24.4417],[67.3059,24.4321],[67.3728,24.4528]],[[67.3027,24.471],[67.3128,24.4999],[67.288,24.5262],[67.2676,24.5186],[67.2746,24.4961],[67.2536,24.4866],[67.2751,24.4673],[67.3027,24.471]],[[67.3163,24.4696],[67.329,24.4923],[67.3236,24.4969],[67.31,24.4829],[67.3163,24.4696]],[[67.3191,24.5195],[67.3143,24.5079],[67.3448,24.4909],[67.3466,24.4983],[67.3191,24.5195]],[[67.2944,24.5258],[67.3218,24.5255],[67.3505,24.5024],[67.3618,24.5287],[67.32,24.5467],[67.2944,24.5258]],[[67.2959,24.5749],[67.2242,24.576],[67.2163,24.5566],[67.2405,24.5284],[67.2499,24.5383],[67.2732,24.5249],[67.3029,24.5478],[67.2959,24.5749]],[[67.3206,24.6308],[67.292,24.6207],[67.2933,24.5865],[67.3046,24.6121],[67.3153,24.6071],[67.3147,24.5831],[67.3197,24.5951],[67.3336,24.5962],[67.3206,24.6308]],[[67.3017,24.5993],[67.3093,24.5925],[67.3086,24.6039],[67.3017,24.5993]],[[67.2694,24.6471],[67.216,24.6634],[67.1982,24.681],[67.1715,24.6634],[67.182,24.6243],[67.22,24.6389],[67.2196,24.6208],[67.2562,24.5972],[67.2806,24.6139],[67.2694,24.6471]],[[67.3398,24.6175],[67.348,24.6132],[67.3479,24.6213],[67.3398,24.6175]],[[67.3396,24.6404],[67.3289,24.6265],[67.3683,24.6182],[67.3725,24.6338],[67.3396,24.6404]],[[67.2806,24.6379],[67.3054,24.6397],[67.2986,24.6662],[67.281,24.6615],[67.2806,24.6379]],[[67.4257,24.6969],[67.3393,24.682],[67.3699,24.6707],[67.3899,24.6492],[67.412,24.6574],[67.4357,24.6453],[67.4158,24.6699],[67.4257,24.6969]],[[67.3321,24.7298],[67.2949,24.7361],[67.2545,24.7063],[67.2173,24.7161],[67.2481,24.6771],[67.2723,24.6789],[67.271,24.6536],[67.2725,24.6681],[67.295,24.6711],[67.2873,24.6917],[67.3272,24.677],[67.3402,24.6922],[67.3915,24.6966],[67.3465,24.7355],[67.3321,24.7298]],[[67.3161,24.6635],[67.3208,24.6697],[67.2911,24.6875],[67.3161,24.6635]],[[67.1952,24.6974],[67.2223,24.6678],[67.2449,24.6676],[67.2122,24.7168],[67.1952,24.6974]],[[67.1336,24.6752],[67.1211,24.6888],[67.1158,24.6905],[67.1159,24.6769],[67.1336,24.6752]],[[67.1169,24.7528],[67.1233,24.7035],[67.1414,24.6901],[67.1515,24.7393],[67.1169,24.7528]],[[67.1788,24.7357],[67.1929,24.7052],[67.1991,24.7243],[67.2497,24.745],[67.2306,24.7604],[67.1788,24.7357]],[[67.3027,24.7739],[67.2337,24.7284],[67.2442,24.7116],[67.2878,24.7417],[67.326,24.7352],[67.3419,24.7556],[67.3027,24.7739]],[[67.2889,24.7778],[67.2367,24.7796],[67.257,24.7509],[67.2889,24.7778]],[[67.1653,24.7763],[67.1825,24.7512],[67.2292,24.7821],[67.2042,24.79],[67.1878,24.7729],[67.1653,24.7763]],[[67.2118,24.8053],[67.2251,24.7943],[67.2329,24.7931],[67.2264,24.8008],[67.2118,24.8053]],[[66.5983,24.8887],[66.6158,24.8871],[66.6175,24.8999],[66.6018,24.9031],[66.5983,24.8887]],[[63.8804,25.123],[63.8418,25.121],[63.8409,25.1183],[63.8804,25.123]],[[64.0717,25.4114],[64.0905,25.4084],[64.1245,25.4227],[64.1084,25.4295],[64.0717,25.4114]],[[66.5058,25.4565],[66.5279,25.4597],[66.5285,25.467],[66.5058,25.4565]],[[66.4226,25.522],[66.4098,25.558],[66.3936,25.5492],[66.4226,25.522]],[[66.1955,25.5328],[66.2052,25.5732],[66.1624,25.5407],[66.1955,25.5328]],[[66.3428,25.5618],[66.3528,25.5505],[66.3439,25.5636],[66.3428,25.5618]],[[66.3798,25.5631],[66.3814,25.5534],[66.3873,25.5655],[66.3798,25.5631]],[[66.3694,25.5874],[66.3817,25.5807],[66.3709,25.5899],[66.3694,25.5874]],[[66.35,25.5891],[66.3614,25.5854],[66.351,25.5923],[66.35,25.5891]]],[[[95.522,4.0095],[95.3578,4.168],[95.185,4.2938],[95.0721,4.4519],[94.9504,4.5844],[94.8891,4.7095],[94.864,4.8338],[94.7377,5.1093],[94.7106,5.2502],[94.6129,5.3708],[94.5262,5.5958],[94.5134,5.7905],[94.5761,5.9752],[94.6995,6.1245],[94.8086,6.1966],[94.8853,6.2805],[94.965,6.3376],[95.0856,6.3875],[95.215,6.4046],[95.3905,6.3907],[95.5243,6.3547],[95.6811,6.2541],[95.8131,6.0848],[96.1568,5.9227],[96.2325,5.8605],[96.31,5.7615],[96.4204,5.7367],[96.5588,5.7293],[96.7619,5.7735],[96.8699,5.7777],[97.09,5.7537],[97.2652,5.6985],[97.4313,5.7495],[97.5941,5.7442],[97.6929,5.7147],[97.7913,5.6621],[98.0,5.479],[97.9994,4.6036],[97.9946,4.6349],[97.9615,4.668],[97.9619,4.7262],[97.9036,4.8846],[97.806,4.9341],[97.648,5.0751],[97.6525,5.1197],[97.611,5.1139],[97.6018,5.1419],[97.5722,5.1386],[97.57,5.1904],[97.5273,5.2057],[97.5468,5.2151],[97.5013,5.2528],[97.1981,5.1461],[97.1432,5.1623],[97.1448,5.2004],[97.0818,5.2327],[96.9753,5.2665],[96.8998,5.2516],[96.8303,5.2714],[96.8552,5.2774],[96.5318,5.2027],[96.4908,5.2046],[96.465,5.2376],[96.3883,5.2149],[96.2587,5.2634],[96.1823,5.2636],[96.0735,5.2928],[96.049,5.327],[95.9043,5.427],[95.879,5.5068],[95.6729,5.5857],[95.6132,5.6266],[95.5107,5.5957],[95.4651,5.6437],[95.4314,5.6564],[95.3527,5.5887],[95.3247,5.5899],[95.2806,5.5506],[95.2424,5.5512],[95.2202,5.5705],[95.1897,5.5228],[95.2295,5.4922],[95.2409,5.4467],[95.2286,5.4272],[95.2483,5.3663],[95.2389,5.3385],[95.2331,5.3582],[95.2223,5.3417],[95.2336,5.3195],[95.2156,5.3179],[95.2113,5.2699],[95.2385,5.2724],[95.2336,5.2472],[95.2503,5.2266],[95.2367,5.2204],[95.3055,5.1652],[95.3067,5.1271],[95.2825,5.1073],[95.3041,5.1067],[95.3152,5.0834],[95.3045,5.0793],[95.3623,5.0193],[95.3555,4.9992],[95.3817,4.9568],[95.3694,4.9459],[95.3756,4.9197],[95.4252,4.8339],[95.4119,4.8179],[95.4818,4.7609],[95.5387,4.6473],[95.5723,4.6567],[95.5834,4.6462],[95.5654,4.6262],[95.6081,4.6162],[95.7128,4.5268],[96.0229,4.196],[96.0536,4.206],[96.1249,4.128],[96.1485,4.1406],[96.2775,4.0],[95.522,4.0095]],[[95.3642,4.8746],[95.3773,4.8558],[95.387,4.8735],[95.3642,4.8746]],[[97.5765,5.1603],[97.5884,5.1511],[97.5769,5.1653],[97.5765,5.1603]],[[95.1481,5.5496],[95.1651,5.5484],[95.1687,5.5572],[95.16,5.5608],[95.1481,5.5496]],[[95.1773,5.5691],[95.2081,5.5731],[95.2094,5.5765],[95.1899,5.5783],[95.1773,5.5691]],[[95.1379,5.588],[95.1864,5.6057],[95.1404,5.6576],[95.1137,5.6084],[95.1213,5.5914],[95.1356,5.6045],[95.1379,5.588]],[[95.0535,5.6194],[95.0781,5.6323],[95.0797,5.6371],[95.0502,5.6374],[95.0535,5.6194]],[[95.0494,5.6444],[95.0728,5.6668],[95.1356,5.6678],[95.0694,5.7448],[95.0293,5.7484],[95.0093,5.725],[95.0456,5.7323],[95.0581,5.7165],[95.0399,5.7078],[95.0586,5.6868],[95.0418,5.6688],[95.0602,5.6681],[95.0494,5.6444]],[[95.2549,5.8439],[95.2859,5.778],[95.3286,5.769],[95.3454,5.8252],[95.3742,5.8025],[95.3736,5.8469],[95.317,5.8944],[95.3169,5.8723],[95.2869,5.8388],[95.2152,5.9044],[95.218,5.8746],[95.2549,5.8439]]],[[[97.9993,4.5257],[97.9823,4.5447],[97.9604,4.5316],[98.0,4.5929],[97.9993,4.5257]]],[[[98.0,12.3337],[97.9896,12.3398],[98.0,12.3529],[98.0,12.3337]]]]}}