{"type":"Feature","properties":{"speciesId":381,"category":"LC","source":"IUCN Red List","simplifyTol":0.01,"clippedToSubcontinent":true},"geometry":{"type":"MultiPolygon","coordinates":[[[[96.1512,4.1483],[96.1487,4.1491],[96.1492,4.1504],[96.1512,4.1483]]],[[[95.5696,4.6259],[95.5746,4.6233],[95.5736,4.6206],[95.5696,4.6259]]],[[[95.5813,4.6542],[95.5788,4.6533],[95.58,4.6554],[95.5813,4.6542]]],[[[95.5529,4.655],[95.5526,4.6501],[95.5522,4.6499],[95.5529,4.655]]],[[[95.5704,4.6567],[95.5675,4.6596],[95.5712,4.6575],[95.5704,4.6567]]],[[[95.5583,4.6595],[95.5583,4.6604],[95.5592,4.6604],[95.5583,4.6595]]],[[[95.5217,4.6946],[95.523,4.6896],[95.5185,4.6939],[95.5217,4.6946]]],[[[97.9607,4.7151],[97.9579,4.7174],[97.9612,4.7196],[97.9607,4.7151]]],[[[95.5037,4.7325],[95.5004,4.7295],[95.5008,4.7329],[95.5037,4.7325]]],[[[95.4254,4.8175],[95.4229,4.8175],[95.4233,4.8179],[95.4254,4.8175]]],[[[95.425,4.8188],[95.4241,4.8204],[95.4254,4.8191],[95.425,4.8188]]],[[[95.4191,4.822],[95.4175,4.822],[95.4196,4.8226],[95.4191,4.822]]],[[[95.3819,4.8756],[95.38,4.8662],[95.3673,4.8739],[95.3819,4.8756]]],[[[97.5795,5.1621],[97.5802,5.1527],[97.5769,5.1653],[97.5795,5.1621]]],[[[97.1446,5.165],[97.1421,5.1666],[97.1442,5.1671],[97.1446,5.165]]],[[[97.5715,5.1684],[97.5712,5.17],[97.5718,5.1706],[97.5715,5.1684]]],[[[96.8566,5.2754],[96.8537,5.2767],[96.8555,5.2771],[96.8566,5.2754]]],[[[95.2538,5.3866],[95.2496,5.3933],[95.25,5.3971],[95.2538,5.3866]]],[[[95.1662,5.5611],[95.1624,5.5596],[95.1586,5.5596],[95.1662,5.5611]]],[[[95.0759,5.6397],[95.06,5.6296],[95.0521,5.6308],[95.0529,5.6367],[95.0574,5.6355],[95.0675,5.6397],[95.0759,5.6397]]],[[[95.1371,5.657],[95.1808,5.6138],[95.1416,5.5979],[95.1358,5.6129],[95.1138,5.6079],[95.139,5.6369],[95.1371,5.657]]],[[[95.1356,5.6678],[95.1308,5.6645],[95.1352,5.6681],[95.1356,5.6678]]],[[[95.0129,5.7241],[95.0108,5.7237],[95.0117,5.7246],[95.0129,5.7241]]],[[[95.0162,5.7258],[95.0137,5.7275],[95.0158,5.7279],[95.0162,5.7258]]],[[[95.0629,5.7458],[95.0764,5.722],[95.1292,5.679],[95.07,5.6779],[95.0592,5.6613],[95.0399,5.7078],[95.0565,5.7101],[95.0571,5.7283],[95.0442,5.7454],[95.0128,5.7304],[95.0293,5.7484],[95.0629,5.7458]]],[[[95.3159,5.8929],[95.317,5.8944],[95.3199,5.8946],[95.3159,5.8929]]],[[[95.2152,5.9044],[95.2949,5.837],[95.3004,5.8676],[95.3331,5.8926],[95.3729,5.8476],[95.3737,5.8108],[95.3475,5.8329],[95.3341,5.7829],[95.2833,5.7871],[95.2152,5.9044]]],[[[80.8184,6.038],[80.82,6.0396],[80.8205,6.039],[80.8184,6.038]]],[[[79.9612,6.5658],[79.9609,6.566],[79.9608,6.5662],[79.9612,6.5658]]],[[[79.9612,6.57],[79.9595,6.5723],[79.9608,6.5729],[79.9612,6.57]]],[[[79.9583,6.5854],[79.9583,6.5879],[79.9621,6.5883],[79.9583,6.5854]]],[[[93.7999,6.8538],[93.805,6.8504],[93.7988,6.8516],[93.7999,6.8538]]],[[[81.8462,6.895],[81.8462,6.895],[81.8463,6.895],[81.8462,6.895]]],[[[81.8484,6.8979],[81.8471,6.8966],[81.8484,6.8979],[81.8484,6.8979]]],[[[93.95,6.9521],[93.9494,6.9526],[93.95,6.9523],[93.95,6.9521]]],[[[81.8762,7.0079],[81.8762,7.0083],[81.8764,7.0084],[81.8762,7.0079]]],[[[81.8771,7.0111],[81.8771,7.0116],[81.8773,7.0118],[81.8771,7.0111]]],[[[81.8254,7.155],[81.8238,7.155],[81.8242,7.1562],[81.8254,7.155]]],[[[79.8301,7.185],[79.8276,7.1883],[79.8289,7.1887],[79.8301,7.185]]],[[[79.8393,7.1875],[79.836,7.1883],[79.8381,7.1896],[79.8393,7.1875]]],[[[79.8318,7.1892],[79.8293,7.1908],[79.8314,7.1921],[79.8318,7.1892]]],[[[79.8331,7.1854],[79.8326,7.1992],[79.8309,7.2046],[79.836,7.2033],[79.8331,7.1854]]],[[[93.8348,7.2369],[93.8821,7.197],[93.897,7.0791],[93.9251,7.0201],[93.9358,7.0221],[93.9547,6.9984],[93.9391,7.0112],[93.9206,6.9981],[93.949,6.9529],[93.9282,6.9466],[93.924,6.9097],[93.9074,6.8998],[93.9004,6.8466],[93.9191,6.8288],[93.9154,6.8116],[93.8933,6.7946],[93.8683,6.8154],[93.8425,6.7529],[93.822,6.7625],[93.8279,6.8183],[93.8029,6.835],[93.8096,6.8517],[93.7904,6.8783],[93.8029,6.8833],[93.7741,6.9196],[93.7629,6.9083],[93.7296,6.995],[93.7024,7.0212],[93.6696,7.0174],[93.6621,7.1013],[93.6754,7.1158],[93.6604,7.1283],[93.6863,7.1558],[93.6879,7.1854],[93.7329,7.1823],[93.7622,7.2069],[93.8033,7.1959],[93.8112,7.2242],[93.8348,7.2369]]],[[[79.8487,7.2712],[79.8522,7.272],[79.8515,7.2712],[79.8487,7.2712]]],[[[93.7206,7.386],[93.746,7.3621],[93.7339,7.3215],[93.6705,7.2797],[93.6596,7.2533],[93.6379,7.3083],[93.6512,7.3216],[93.6479,7.3723],[93.7206,7.386]]],[[[93.7045,7.3966],[93.6962,7.4033],[93.7008,7.4062],[93.7045,7.3966]]],[[[81.8104,7.4791],[81.8038,7.4891],[81.8066,7.4904],[81.8104,7.4791]]],[[[81.6921,7.7475],[81.6896,7.7483],[81.6917,7.7488],[81.6921,7.7475]]],[[[81.517,7.8967],[81.5146,7.9],[81.5158,7.9012],[81.517,7.8967]]],[[[81.5171,7.905],[81.5154,7.9058],[81.5166,7.9071],[81.5171,7.905]]],[[[81.5154,7.9108],[81.5137,7.9091],[81.5141,7.9112],[81.5154,7.9108]]],[[[81.5241,7.9221],[81.5208,7.9221],[81.5254,7.9233],[81.5241,7.9221]]],[[[81.545,7.9421],[81.5367,7.927],[81.527,7.9291],[81.545,7.9421]]],[[[79.8229,7.9447],[79.8199,7.9542],[79.822,7.9553],[79.8229,7.9447]]],[[[81.5366,7.9596],[81.5446,7.9458],[81.5425,7.9413],[81.5371,7.9533],[81.5287,7.9592],[81.5366,7.9596]]],[[[93.5622,8.0148],[93.5604,8.0166],[93.5604,8.018],[93.5622,8.0148]]],[[[93.4012,8.0008],[93.4004,7.9682],[93.4579,7.9258],[93.4679,7.885],[93.4575,7.8695],[93.4266,7.9003],[93.3568,7.8827],[93.3449,7.8945],[93.3587,7.9349],[93.3457,7.943],[93.3265,7.9187],[93.3151,7.9387],[93.3268,8.0],[93.3713,8.0189],[93.4012,8.0008]]],[[[93.5433,8.022],[93.5755,7.9936],[93.5762,7.9367],[93.5188,7.9833],[93.5225,7.9979],[93.5487,8.0],[93.5433,8.022]]],[[[93.594,8.0548],[93.5896,8.055],[93.5907,8.0595],[93.594,8.0548]]],[[[93.5237,8.0516],[93.5455,8.0643],[93.5396,8.0361],[93.5269,8.0471],[93.5221,8.0317],[93.5052,8.0296],[93.5039,8.0039],[93.4963,8.0425],[93.5192,8.0387],[93.5208,8.0662],[93.5237,8.0516]]],[[[93.5846,8.0691],[93.5897,8.0726],[93.5887,8.0633],[93.5846,8.0691]]],[[[77.53,8.0771],[77.5283,8.0754],[77.5279,8.0766],[77.53,8.0771]]],[[[79.7368,8.0997],[79.7346,8.0999],[79.7369,8.1029],[79.7368,8.0997]]],[[[93.5864,8.0972],[93.5821,8.0959],[93.5846,8.1055],[93.5864,8.0972]]],[[[93.5817,8.1185],[93.5771,8.1091],[93.573,8.1226],[93.5817,8.1185]]],[[[79.7034,8.1338],[79.7021,8.1358],[79.7042,8.1371],[79.7034,8.1338]]],[[[81.4382,8.1372],[81.4379,8.1375],[81.4379,8.1382],[81.4382,8.1372]]],[[[81.4376,8.1395],[81.4371,8.14],[81.4371,8.1412],[81.4376,8.1395]]],[[[79.8072,8.1616],[79.8028,8.1729],[79.8063,8.1708],[79.8072,8.1616]]],[[[93.5349,8.1763],[93.513,8.1811],[93.4996,8.1446],[93.5464,8.0824],[93.5459,8.0671],[93.5267,8.0837],[93.4992,8.0496],[93.4904,8.0858],[93.5013,8.0908],[93.4788,8.1058],[93.4646,8.1785],[93.5188,8.2298],[93.5382,8.2269],[93.5435,8.2092],[93.5349,8.1763]]],[[[79.7837,8.2619],[79.7776,8.262],[79.779,8.2722],[79.7837,8.2619]]],[[[79.7961,8.2992],[79.8003,8.2932],[79.7966,8.3042],[79.7961,8.2992]]],[[[79.8028,8.3366],[79.8054,8.325],[79.8079,8.3171],[79.8013,8.3324],[79.8028,8.3366]]],[[[93.1284,8.3425],[93.1148,8.275],[93.1821,8.2281],[93.1834,8.201],[93.1217,8.2279],[93.0937,8.2683],[93.0996,8.3342],[93.1091,8.3487],[93.1284,8.3425]]],[[[79.7946,8.3833],[79.7904,8.3766],[79.7913,8.3869],[79.7946,8.3833]]],[[[76.9604,8.4241],[76.9579,8.4241],[76.9583,8.4246],[76.9604,8.4241]]],[[[76.9588,8.4308],[76.9521,8.4333],[76.9525,8.4379],[76.9588,8.4308]]],[[[81.1925,8.4537],[81.1958,8.4604],[81.1988,8.4558],[81.1925,8.4537]]],[[[81.2017,8.4604],[81.1999,8.4571],[81.1988,8.4591],[81.2017,8.4604]]],[[[81.1979,8.4613],[81.1971,8.4625],[81.1992,8.4637],[81.1979,8.4613]]],[[[97.6324,8.486],[97.6463,8.4814],[97.6488,8.4791],[97.6324,8.486]]],[[[79.7779,8.4905],[79.7932,8.4172],[79.7912,8.4091],[79.7779,8.4905]]],[[[81.1866,8.5046],[81.2028,8.4689],[81.1975,8.4637],[81.1854,8.4825],[81.1866,8.5046]]],[[[97.6433,8.4996],[97.6336,8.5047],[97.6299,8.5137],[97.637,8.5093],[97.6433,8.4996]]],[[[79.7817,8.5229],[79.7763,8.5133],[79.7778,8.4926],[79.7737,8.5131],[79.7817,8.5229]]],[[[81.2146,8.5386],[81.2146,8.5403],[81.2153,8.5394],[81.2146,8.5386]]],[[[81.2137,8.5376],[81.207,8.5426],[81.2108,8.5453],[81.2137,8.5376]]],[[[97.6266,8.5674],[97.6349,8.5638],[97.6301,8.5529],[97.6266,8.5674]]],[[[97.6371,8.5904],[97.6308,8.5955],[97.6331,8.5957],[97.6371,8.5904]]],[[[78.1313,8.6416],[78.1287,8.6433],[78.1308,8.6454],[78.1313,8.6416]]],[[[97.645,8.6151],[97.6288,8.6532],[97.6416,8.6607],[97.645,8.6529],[97.645,8.6151]]],[[[97.6446,8.6708],[97.635,8.6698],[97.6354,8.6721],[97.6446,8.6708]]],[[[79.9212,8.8058],[79.9196,8.8069],[79.92,8.8088],[79.9212,8.8058]]],[[[79.9213,8.8233],[79.9213,8.8233],[79.9213,8.8233],[79.9213,8.8233]]],[[[97.8074,8.8264],[97.8045,8.8236],[97.8022,8.8241],[97.8074,8.8264]]],[[[92.8608,8.8389],[92.8566,8.8229],[92.8513,8.8242],[92.8608,8.8389]]],[[[81.0155,8.9041],[81.0154,8.9008],[81.0154,8.9042],[81.0155,8.9041]]],[[[79.9269,8.9014],[79.9257,8.9047],[79.9271,8.9034],[79.9269,8.9014]]],[[[81.0154,8.9063],[81.0158,8.9079],[81.0173,8.9073],[81.0154,8.9063]]],[[[79.9164,8.9117],[79.9162,8.9083],[79.9112,8.9196],[79.9164,8.9117]]],[[[79.9105,8.9207],[79.9096,8.9216],[79.9096,8.9222],[79.9105,8.9207]]],[[[79.9086,8.9236],[79.9071,8.925],[79.9071,8.9252],[79.9086,8.9236]]],[[[76.5575,8.9321],[76.5575,8.9337],[76.5588,8.9333],[76.5575,8.9321]]],[[[76.555,8.9337],[76.555,8.9354],[76.5562,8.935],[76.555,8.9337]]],[[[76.5491,8.9329],[76.5483,8.9354],[76.5512,8.9349],[76.5491,8.9329]]],[[[76.5566,8.9371],[76.5566,8.9387],[76.5579,8.9383],[76.5566,8.9371]]],[[[76.5525,8.9388],[76.5508,8.9413],[76.5538,8.9408],[76.5525,8.9388]]],[[[79.9338,8.9415],[79.9308,8.9371],[79.9286,8.9401],[79.9338,8.9415]]],[[[76.555,8.9429],[76.5525,8.9446],[76.5554,8.9442],[76.555,8.9429]]],[[[79.9362,8.9422],[79.9546,8.9408],[79.9346,8.9342],[79.9362,8.9422]]],[[[79.8971,8.9425],[79.8936,8.9453],[79.8925,8.9471],[79.8971,8.9425]]],[[[79.9129,8.94],[79.9039,8.9383],[79.9131,8.9481],[79.9129,8.94]]],[[[76.5504,8.9433],[76.5446,8.9466],[76.5483,8.9488],[76.5504,8.9433]]],[[[76.5441,8.9546],[76.5442,8.9496],[76.542,8.9533],[76.5441,8.9546]]],[[[79.9027,8.9553],[79.8983,8.9446],[79.8909,8.9525],[79.9027,8.9553]]],[[[76.5488,8.9549],[76.5454,8.9558],[76.5466,8.9571],[76.5488,8.9549]]],[[[79.8838,8.9664],[79.8834,8.967],[79.8838,8.9666],[79.8838,8.9664]]],[[[79.8829,8.9678],[79.8821,8.9691],[79.8829,8.9683],[79.8829,8.9678]]],[[[76.6125,8.9704],[76.6117,8.9738],[76.6146,8.9725],[76.6125,8.9704]]],[[[76.4898,9.0739],[76.4896,9.0741],[76.4896,9.0743],[76.4898,9.0739]]],[[[80.0734,9.0779],[80.0712,9.0566],[80.0475,9.0237],[80.0734,9.0779]]],[[[97.8226,9.063],[97.8115,9.0648],[97.8146,9.0782],[97.8226,9.063]]],[[[76.4832,9.0881],[76.4829,9.0884],[76.4829,9.0893],[76.4832,9.0881]]],[[[78.5866,9.1037],[78.5825,9.1049],[78.5884,9.1038],[78.5866,9.1037]]],[[[76.4811,9.0972],[76.4796,9.095],[76.4746,9.1054],[76.4811,9.0972]]],[[[79.7042,9.1012],[79.8586,9.0731],[79.928,9.0087],[79.8554,9.0583],[79.9243,8.9746],[79.8908,8.9612],[79.8408,9.0146],[79.7974,9.0446],[79.7004,9.0805],[79.7042,9.1012]]],[[[76.4837,9.1193],[76.4834,9.1203],[76.4837,9.12],[76.4837,9.1193]]],[[[76.472,9.1138],[76.4662,9.1217],[76.4621,9.131],[76.472,9.1138]]],[[[78.4912,9.1308],[78.4905,9.1329],[78.4908,9.1329],[78.4912,9.1308]]],[[[78.8262,9.1574],[78.824,9.1593],[78.8252,9.1602],[78.8262,9.1574]]],[[[78.8327,9.1623],[78.8288,9.1631],[78.8333,9.1667],[78.8327,9.1623]]],[[[78.9454,9.1816],[78.925,9.1779],[78.9017,9.1745],[78.9454,9.1816]]],[[[79.0659,9.1981],[79.0863,9.1958],[79.0888,9.1925],[79.0659,9.1981]]],[[[79.1842,9.2412],[79.1992,9.2313],[79.1942,9.2312],[79.1875,9.2346],[79.1842,9.2412]]],[[[92.8118,9.2036],[92.8203,9.1354],[92.7819,9.1186],[92.7672,9.1246],[92.7825,9.1266],[92.7737,9.1384],[92.7404,9.1204],[92.7254,9.13],[92.7225,9.213],[92.7641,9.2146],[92.7745,9.2449],[92.8118,9.2036]]],[[[79.2174,9.2454],[79.2162,9.2454],[79.2178,9.2458],[79.2174,9.2454]]],[[[79.9981,9.2817],[80.0067,9.2813],[80.0006,9.2671],[79.9981,9.2817]]],[[[79.9904,9.285],[79.9712,9.2858],[79.9846,9.3059],[79.9872,9.3044],[79.9904,9.285]]],[[[80.0829,9.3194],[80.0916,9.3117],[80.0761,9.3176],[80.0829,9.3194]]],[[[79.3317,9.3154],[79.3179,9.2691],[79.4141,9.1866],[79.4408,9.1538],[79.3151,9.2377],[79.2218,9.2571],[79.2038,9.2766],[79.2686,9.29],[79.3089,9.3216],[79.3317,9.3154]]],[[[80.0607,9.3299],[80.0543,9.3392],[80.0579,9.3456],[80.0607,9.3299]]],[[[97.8763,9.37],[97.8676,9.3719],[97.8735,9.376],[97.8763,9.37]]],[[[97.8645,9.4351],[97.8638,9.4133],[97.8892,9.3846],[97.839,9.421],[97.8645,9.4351]]],[[[97.8288,9.4341],[97.8212,9.4296],[97.8268,9.4371],[97.8288,9.4341]]],[[[80.3734,9.4737],[80.3716,9.4771],[80.3762,9.4767],[80.3734,9.4737]]],[[[80.3819,9.4759],[80.3855,9.4749],[80.3813,9.4739],[80.3819,9.4759]]],[[[97.8883,9.4829],[97.9091,9.4669],[97.8963,9.4583],[97.9106,9.4382],[97.8836,9.4588],[97.872,9.4575],[97.8839,9.4289],[97.846,9.4477],[97.8604,9.45],[97.8528,9.4724],[97.8883,9.4829]]],[[[80.0054,9.4812],[80.0189,9.477],[80.0129,9.4664],[80.0054,9.4812]]],[[[79.665,9.5529],[79.6884,9.5211],[79.7251,9.5226],[79.7271,9.4799],[79.6583,9.5031],[79.653,9.5484],[79.665,9.5529]]],[[[79.7958,9.5879],[79.7955,9.5892],[79.7971,9.5895],[79.7958,9.5879]]],[[[79.8002,9.5797],[79.794,9.5846],[79.7995,9.5898],[79.8002,9.5797]]],[[[80.1837,9.5883],[80.2017,9.5887],[80.2104,9.5808],[80.1837,9.5883]]],[[[80.107,9.5925],[80.1029,9.5933],[80.1033,9.5945],[80.107,9.5925]]],[[[80.1954,9.5917],[80.2062,9.5942],[80.2026,9.5896],[80.1954,9.5917]]],[[[80.0912,9.5966],[80.1012,9.5933],[80.1008,9.5913],[80.0912,9.5966]]],[[[80.1946,9.5941],[80.1871,9.5958],[80.1942,9.6004],[80.1946,9.5941]]],[[[80.2012,9.5991],[80.1954,9.5991],[80.2008,9.6012],[80.2012,9.5991]]],[[[80.1692,9.6046],[80.1817,9.6038],[80.1863,9.5933],[80.1766,9.5912],[80.1692,9.6046]]],[[[80.0742,9.6079],[80.0863,9.5966],[80.0687,9.6067],[80.0742,9.6079]]],[[[80.0762,9.6092],[80.0833,9.6095],[80.0854,9.6058],[80.0762,9.6092]]],[[[79.8281,9.6119],[79.8287,9.6047],[79.8256,9.6075],[79.8281,9.6119]]],[[[80.1562,9.6125],[80.1654,9.6075],[80.1642,9.6046],[80.1562,9.6125]]],[[[79.8469,9.6173],[79.8431,9.6077],[79.8414,9.6129],[79.8469,9.6173]]],[[[80.1992,9.6187],[80.19,9.6029],[80.1821,9.6049],[80.1992,9.6187]]],[[[79.7733,9.5849],[79.7629,9.6016],[79.7722,9.6206],[79.7757,9.6141],[79.7733,9.5849]]],[[[80.1875,9.6204],[80.19,9.612],[80.1813,9.6091],[80.1875,9.6204]]],[[[79.8122,9.6234],[79.8325,9.5865],[79.8639,9.6054],[79.8582,9.568],[79.8082,9.5772],[79.8122,9.6234]]],[[[79.8648,9.6254],[79.8571,9.6233],[79.8608,9.6279],[79.8648,9.6254]]],[[[80.0042,9.6271],[79.9989,9.6005],[79.9671,9.6041],[79.9863,9.6088],[79.9931,9.6293],[80.0042,9.6271]]],[[[79.8596,9.6291],[79.8529,9.6326],[79.8577,9.635],[79.8596,9.6291]]],[[[97.9538,9.6324],[97.9771,9.6317],[97.9737,9.6008],[97.9538,9.6324]]],[[[79.9976,9.6362],[80.0017,9.6396],[80.0054,9.6346],[79.9976,9.6362]]],[[[80.009,9.6453],[80.0151,9.6393],[80.0065,9.645],[80.009,9.6453]]],[[[97.9092,9.6795],[97.9079,9.6796],[97.9096,9.6807],[97.9092,9.6795]]],[[[79.7759,9.6457],[79.7654,9.6591],[79.7832,9.6837],[79.7849,9.6647],[79.7759,9.6457]]],[[[79.7954,9.6826],[79.7918,9.6848],[79.7943,9.6869],[79.7954,9.6826]]],[[[79.8512,9.6993],[79.8868,9.6968],[79.915,9.6521],[79.9084,9.6712],[79.9308,9.6762],[79.9287,9.6575],[79.9831,9.6203],[79.9701,9.6115],[79.9249,9.6329],[79.9068,9.6135],[79.8743,9.6348],[79.8663,9.651],[79.8788,9.665],[79.8611,9.6581],[79.8512,9.6993]]],[[[79.8128,9.6842],[79.8091,9.6937],[79.815,9.7137],[79.8122,9.6974],[79.8128,9.6842]]],[[[79.8971,9.7575],[79.8938,9.7116],[79.8562,9.7099],[79.8644,9.7594],[79.8971,9.7575]]],[[[79.8983,9.7605],[79.8963,9.7608],[79.8967,9.762],[79.8983,9.7605]]],[[[80.2386,9.8235],[80.3642,9.6612],[80.6729,9.4159],[80.6616,9.4054],[80.6449,9.4244],[80.6525,9.4054],[80.6895,9.3853],[80.6784,9.4113],[80.8104,9.2922],[80.7938,9.2837],[80.8138,9.2856],[80.8837,9.1258],[80.8629,9.1394],[80.8654,9.1067],[80.88,9.0954],[80.8771,9.1067],[80.8845,9.1229],[81.0021,8.9333],[80.9879,8.9208],[81.0085,8.9294],[81.013,8.8911],[81.0209,8.8995],[81.0683,8.852],[81.0818,8.8597],[81.1179,8.7916],[81.1074,8.7912],[81.1054,8.7883],[81.1463,8.7665],[81.1719,8.7271],[81.1458,8.7388],[81.1371,8.7217],[81.145,8.7338],[81.165,8.7237],[81.162,8.7108],[81.1658,8.7062],[81.1756,8.723],[81.2267,8.6475],[81.2212,8.6033],[81.2451,8.5793],[81.2471,8.5458],[81.2274,8.5322],[81.2258,8.5704],[81.1927,8.5665],[81.2119,8.5077],[81.1867,8.5079],[81.1825,8.5337],[81.1695,8.5185],[81.182,8.5049],[81.1837,8.4842],[81.1946,8.4658],[81.1813,8.4417],[81.2092,8.4496],[81.2061,8.4643],[81.2272,8.456],[81.2204,8.4533],[81.2225,8.4396],[81.2306,8.4577],[81.245,8.4438],[81.2624,8.4569],[81.304,8.4326],[81.304,8.4583],[81.2958,8.4465],[81.2809,8.4568],[81.2831,8.5032],[81.3208,8.522],[81.3233,8.5054],[81.3358,8.5058],[81.3421,8.5016],[81.332,8.5042],[81.3304,8.4891],[81.3429,8.5013],[81.353,8.4909],[81.4388,8.1266],[81.4596,8.1066],[81.4812,8.0217],[81.5398,7.9661],[81.5279,7.9616],[81.5296,7.9558],[81.5362,7.9525],[81.5338,7.9458],[81.5404,7.9408],[81.5266,7.9329],[81.5146,7.9175],[81.512,7.9117],[81.5121,7.8925],[81.5188,7.8933],[81.5175,7.9179],[81.5625,7.9371],[81.5846,7.9175],[81.5587,7.8908],[81.5904,7.8308],[81.6221,7.8249],[81.6412,7.785],[81.7092,7.7238],[81.6954,7.7467],[81.7079,7.74],[81.7787,7.6191],[81.8179,7.4633],[81.8058,7.4954],[81.8004,7.4908],[81.7991,7.4711],[81.8112,7.4725],[81.8437,7.4045],[81.8688,7.3183],[81.8629,7.1866],[81.855,7.2004],[81.8595,7.185],[81.8212,7.1567],[81.8433,7.1179],[81.8629,7.1816],[81.8596,7.0866],[81.8525,7.0896],[81.8488,7.0825],[81.8638,7.0863],[81.8804,7.0233],[81.8709,7.0046],[81.8587,7.0141],[81.8659,7.0012],[81.8761,7.0073],[81.8688,6.9784],[81.8454,6.9933],[81.8525,6.9696],[81.8704,6.9704],[81.8642,6.9546],[81.8608,6.9612],[81.8513,6.965],[81.8638,6.95],[81.8321,6.8875],[81.8488,6.8908],[81.8483,6.8675],[81.8138,6.8525],[81.8429,6.8325],[81.8163,6.8091],[81.8246,6.7652],[81.8084,6.7647],[81.8273,6.7594],[81.7729,6.6641],[81.7646,6.5925],[81.7221,6.5558],[81.7312,6.5458],[81.7146,6.5392],[81.7271,6.5325],[81.6988,6.485],[81.6517,6.4404],[81.6308,6.4329],[81.6396,6.4442],[81.6367,6.4512],[81.6163,6.421],[81.5973,6.4241],[81.6179,6.4111],[81.5992,6.3937],[81.555,6.3612],[81.505,6.3521],[81.4808,6.3054],[81.4083,6.2746],[81.4175,6.2604],[81.3958,6.2429],[81.3733,6.2479],[81.3746,6.2309],[81.3416,6.2196],[81.3256,6.1943],[81.2008,6.1579],[81.1933,6.1771],[81.1874,6.1546],[81.13,6.1179],[81.0166,6.1079],[80.9818,6.0857],[80.8891,6.0662],[80.8638,6.0406],[80.82,6.0446],[80.718,5.9599],[80.6525,5.9546],[80.5868,5.9168],[80.5875,5.9338],[80.5442,5.9446],[80.4711,5.9359],[80.4489,5.9431],[80.4563,5.9617],[80.4442,5.9671],[80.3828,5.9595],[80.2442,6.0069],[80.2322,6.0339],[80.2186,6.022],[80.0986,6.1289],[80.0314,6.2656],[80.0357,6.2982],[79.9947,6.4157],[80.0062,6.4292],[79.9746,6.464],[79.9866,6.4771],[79.9777,6.4939],[79.9796,6.5149],[79.9629,6.5725],[79.9579,6.5808],[79.9688,6.5958],[79.9552,6.5881],[79.8947,6.7338],[79.8431,6.9333],[79.8696,6.9733],[79.8846,6.975],[79.88,6.9596],[79.8862,6.9708],[79.8862,6.9758],[79.8817,6.9796],[79.8712,6.9766],[79.819,7.1934],[79.831,7.1975],[79.8252,7.1941],[79.8267,7.1717],[79.8572,7.0971],[79.8701,7.1533],[79.8543,7.1925],[79.8373,7.1912],[79.8385,7.2042],[79.8309,7.2062],[79.8456,7.2697],[79.8515,7.2696],[79.8592,7.2756],[79.8445,7.2761],[79.8027,7.4826],[79.7916,7.5935],[79.8044,7.6096],[79.8069,7.5996],[79.8181,7.6008],[79.806,7.6112],[79.7978,7.6105],[79.7977,7.7275],[79.6997,8.1126],[79.7104,8.1383],[79.6984,8.2138],[79.7254,8.2267],[79.7379,8.2767],[79.7629,8.3242],[79.7812,8.3497],[79.7563,8.3071],[79.7579,8.2534],[79.7287,8.2275],[79.7751,8.2575],[79.7688,8.2156],[79.7567,8.2213],[79.7404,8.2008],[79.7492,8.1829],[79.7296,8.1191],[79.7346,8.0724],[79.7538,8.0596],[79.7379,8.0175],[79.7468,7.9924],[79.8186,7.9719],[79.8082,7.8839],[79.8265,7.9206],[79.8338,8.015],[79.7912,8.0684],[79.8086,8.0611],[79.7952,8.0793],[79.8338,8.1396],[79.8196,8.1983],[79.7946,8.2203],[79.8087,8.2216],[79.7897,8.2301],[79.8096,8.2366],[79.8343,8.2919],[79.8476,8.2742],[79.8584,8.2846],[79.836,8.3044],[79.8446,8.4275],[79.8638,8.4508],[79.8712,8.5342],[79.9196,8.5597],[79.9404,8.555],[79.9196,8.5855],[79.9454,8.6191],[79.9612,8.72],[79.9267,8.792],[79.9412,8.805],[79.9198,8.8104],[79.9388,8.9083],[79.9224,8.9104],[79.9122,8.9299],[79.9255,8.9393],[79.9388,8.9266],[79.9296,8.9142],[79.9483,8.9129],[79.9412,8.93],[79.9571,8.94],[79.9579,8.9567],[80.0671,9.0325],[80.0857,9.0999],[80.077,9.1218],[80.1196,9.2158],[80.1116,9.2768],[80.1279,9.2925],[80.0676,9.3287],[80.0549,9.3912],[80.1466,9.4347],[80.1862,9.4817],[80.1425,9.5404],[80.054,9.5979],[80.065,9.6096],[80.0666,9.5996],[80.1733,9.5421],[80.2341,9.5346],[80.2829,9.495],[80.2491,9.5021],[80.2796,9.4733],[80.2346,9.4733],[80.2875,9.4496],[80.3341,9.4529],[80.3416,9.4671],[80.3517,9.4596],[80.3941,9.4754],[80.3988,9.4866],[80.3952,9.5143],[80.3208,9.5746],[80.1899,9.6463],[80.1604,9.645],[80.1745,9.6342],[80.1629,9.6233],[80.1837,9.6199],[80.1741,9.6054],[80.0762,9.6575],[80.0816,9.6396],[80.1371,9.6083],[80.1275,9.6046],[80.0176,9.6509],[79.971,9.7077],[79.9475,9.6879],[79.9099,9.7587],[79.9528,9.7921],[80.0224,9.8126],[80.1306,9.815],[80.1337,9.8128],[80.1296,9.8042],[80.1327,9.7921],[80.1437,9.8209],[80.2386,9.8235]]],[[[76.2487,9.9791],[76.2462,9.9816],[76.2492,9.9821],[76.2487,9.9791]]],[[[76.26,9.9862],[76.2549,9.9821],[76.2546,9.9833],[76.26,9.9862]]],[[[76.2713,10.0025],[76.2679,9.9991],[76.2683,10.0038],[76.2713,10.0025]]],[[[76.2704,10.0075],[76.2654,10.0075],[76.27,10.0095],[76.2704,10.0075]]],[[[76.2546,10.01],[76.2512,10.0099],[76.2516,10.0121],[76.2546,10.01]]],[[[76.2433,10.0104],[76.2529,10.0049],[76.2558,9.987],[76.2429,9.9966],[76.2433,10.0104]]],[[[76.2513,10.0192],[76.2479,10.0249],[76.2499,10.0271],[76.2513,10.0192]]],[[[76.2521,10.0225],[76.2571,10.0233],[76.2691,9.9837],[76.2521,10.0225]]],[[[97.9939,10.0351],[97.9871,10.0401],[97.9923,10.0489],[97.9939,10.0351]]],[[[97.9754,10.075],[97.9929,10.0703],[97.9875,10.0579],[97.9754,10.075]]],[[[76.1904,10.105],[76.1887,10.1066],[76.19,10.1071],[76.1904,10.105]]],[[[76.1875,10.1071],[76.1874,10.1087],[76.1887,10.1083],[76.1875,10.1071]]],[[[76.1871,10.11],[76.1852,10.1113],[76.1867,10.1113],[76.1871,10.11]]],[[[97.9321,10.1554],[97.9183,10.1521],[97.9136,10.1537],[97.9321,10.1554]]],[[[97.9814,10.1764],[97.9775,10.1346],[97.9742,10.1471],[97.9602,10.1277],[97.9814,10.1764]]],[[[76.1675,10.1771],[76.1676,10.1778],[76.1679,10.1775],[76.1675,10.1771]]],[[[76.1933,10.1871],[76.1925,10.1896],[76.1942,10.1896],[76.1933,10.1871]]],[[[76.1891,10.1879],[76.1891,10.1904],[76.1912,10.19],[76.1891,10.1879]]],[[[97.883,10.1918],[97.8827,10.1921],[97.8836,10.1918],[97.883,10.1918]]],[[[76.2017,10.1946],[76.1958,10.1912],[76.1954,10.1925],[76.2017,10.1946]]],[[[97.8819,10.2026],[97.8741,10.1946],[97.8733,10.1962],[97.8819,10.2026]]],[[[79.755,10.2796],[79.76,10.2746],[79.7521,10.2775],[79.755,10.2796]]],[[[79.775,10.2862],[79.7875,10.2729],[79.7654,10.2741],[79.775,10.2862]]],[[[79.7108,10.2887],[79.7092,10.2904],[79.7112,10.29],[79.7108,10.2887]]],[[[79.7612,10.2875],[79.7721,10.2875],[79.7675,10.2779],[79.7612,10.2875]]],[[[79.7075,10.2896],[79.7058,10.2912],[79.7079,10.2908],[79.7075,10.2896]]],[[[79.8004,10.29],[79.7962,10.2908],[79.7992,10.2921],[79.8004,10.29]]],[[[79.7037,10.2958],[79.7012,10.2975],[79.7025,10.2979],[79.7037,10.2958]]],[[[79.6492,10.2971],[79.6475,10.2987],[79.6496,10.2983],[79.6492,10.2971]]],[[[79.7963,10.2983],[79.7921,10.2983],[79.7925,10.3013],[79.7963,10.2983]]],[[[79.7796,10.3008],[79.7875,10.3013],[79.7937,10.295],[79.7796,10.3008]]],[[[79.7183,10.3046],[79.7158,10.3063],[79.7196,10.3067],[79.7183,10.3046]]],[[[79.6929,10.3075],[79.6904,10.3075],[79.6925,10.3088],[79.6929,10.3075]]],[[[79.7029,10.3059],[79.7004,10.3083],[79.7016,10.3087],[79.7029,10.3059]]],[[[79.642,10.3092],[79.6371,10.3083],[79.6408,10.3104],[79.642,10.3092]]],[[[79.57,10.3121],[79.565,10.3104],[79.5638,10.3116],[79.57,10.3121]]],[[[79.6187,10.31],[79.6146,10.31],[79.6175,10.3121],[79.6187,10.31]]],[[[79.6046,10.3133],[79.5975,10.3113],[79.5962,10.3133],[79.6046,10.3133]]],[[[79.5354,10.3101],[79.5641,10.3087],[79.6583,10.2937],[79.6842,10.3021],[79.6808,10.2896],[79.7463,10.275],[79.5354,10.3101]]],[[[79.8727,10.3144],[79.8721,10.315],[79.8721,10.3174],[79.8727,10.3144]]],[[[79.7025,10.3204],[79.71,10.3121],[79.7013,10.3166],[79.7025,10.3204]]],[[[79.5279,10.3233],[79.5254,10.3249],[79.5266,10.3254],[79.5279,10.3233]]],[[[79.5304,10.3241],[79.5379,10.3233],[79.5317,10.3187],[79.5304,10.3241]]],[[[79.6746,10.3216],[79.6875,10.3246],[79.6879,10.3233],[79.6746,10.3216]]],[[[79.5171,10.3283],[79.5225,10.3262],[79.5229,10.3249],[79.5171,10.3283]]],[[[79.4933,10.3254],[79.4991,10.3296],[79.5013,10.3258],[79.4933,10.3254]]],[[[79.5067,10.3346],[79.5108,10.3229],[79.5029,10.325],[79.5067,10.3346]]],[[[79.6337,10.3441],[79.6312,10.3441],[79.6316,10.3454],[79.6337,10.3441]]],[[[97.9996,10.3565],[97.9996,10.3267],[97.9963,10.3201],[97.9996,10.3565]]],[[[97.9721,10.3558],[97.9674,10.3544],[97.9721,10.3615],[97.9721,10.3558]]],[[[97.9408,10.3488],[97.9419,10.3598],[97.9509,10.3679],[97.9445,10.3617],[97.9408,10.3488]]],[[[97.9504,10.3958],[97.9416,10.403],[97.9455,10.4061],[97.9504,10.3958]]],[[[97.9371,10.407],[97.9367,10.4079],[97.9382,10.4079],[97.9371,10.407]]],[[[97.9663,10.4109],[97.9544,10.4162],[97.96,10.4338],[97.9629,10.4329],[97.9663,10.4109]]],[[[97.6889,10.4663],[97.6835,10.4587],[97.6794,10.4619],[97.6889,10.4663]]],[[[97.9402,10.4712],[97.943,10.4745],[97.9438,10.4725],[97.9402,10.4712]]],[[[97.9083,10.4654],[97.9354,10.4655],[97.9487,10.4416],[97.945,10.4229],[97.9275,10.4329],[97.9088,10.4208],[97.9408,10.4137],[97.915,10.3954],[97.8986,10.3967],[97.8942,10.4612],[97.9124,10.4938],[97.9083,10.4654]]],[[[97.9021,10.4983],[97.8956,10.5024],[97.9013,10.5051],[97.9021,10.4983]]],[[[97.9199,10.5103],[97.9026,10.5053],[97.9204,10.5162],[97.9199,10.5103]]],[[[76.0404,10.5211],[76.0398,10.5222],[76.0404,10.5216],[76.0404,10.5211]]],[[[76.0349,10.5273],[76.0338,10.5283],[76.0353,10.5298],[76.0349,10.5273]]],[[[76.0529,10.5375],[76.0512,10.5408],[76.0525,10.5412],[76.0529,10.5375]]],[[[98.0,10.5605],[97.9908,10.5379],[97.9451,10.5591],[97.9812,10.5704],[98.0,10.5605]]],[[[92.387,10.6524],[92.3841,10.6563],[92.3871,10.6541],[92.387,10.6524]]],[[[75.925,10.7929],[75.9242,10.7896],[75.9213,10.7909],[75.925,10.7929]]],[[[75.9308,10.7921],[75.9283,10.7962],[75.9329,10.795],[75.9308,10.7921]]],[[[75.9333,10.7879],[75.935,10.7954],[75.9429,10.7966],[75.9333,10.7879]]],[[[75.9167,10.8004],[75.9159,10.8021],[75.9179,10.8016],[75.9167,10.8004]]],[[[75.9196,10.8042],[75.9179,10.8066],[75.9192,10.8071],[75.9196,10.8042]]],[[[75.9579,10.81],[75.9479,10.805],[75.9575,10.8129],[75.9579,10.81]]],[[[92.4296,10.8133],[92.4271,10.8158],[92.4283,10.8171],[92.4296,10.8133]]],[[[92.4304,10.82],[92.4263,10.8225],[92.4283,10.8238],[92.4304,10.82]]],[[[97.9937,10.8408],[97.9921,10.8442],[97.995,10.8479],[97.9937,10.8408]]],[[[97.9949,10.8496],[97.995,10.8496],[97.995,10.8496],[97.9949,10.8496]]],[[[97.939,10.8721],[97.9396,10.8716],[97.9396,10.8709],[97.939,10.8721]]],[[[92.5033,10.8895],[92.5125,10.8671],[92.5221,10.8699],[92.5162,10.8879],[92.5439,10.8619],[92.5491,10.8035],[92.5764,10.7793],[92.5809,10.6763],[92.5642,10.6748],[92.5655,10.6512],[92.5231,10.6121],[92.5228,10.5895],[92.5511,10.5747],[92.5103,10.5126],[92.485,10.5112],[92.4375,10.5445],[92.4019,10.5461],[92.3846,10.5307],[92.4162,10.6291],[92.3863,10.6575],[92.3829,10.7831],[92.4083,10.7887],[92.5033,10.8895]]],[[[97.9464,10.9285],[97.9454,10.8692],[97.9417,10.8737],[97.925,10.8729],[97.8891,10.8429],[97.8929,10.8661],[97.9101,10.8674],[97.8944,10.8946],[97.9046,10.915],[97.9267,10.9327],[97.9464,10.9285]]],[[[92.6198,10.9342],[92.6183,10.9287],[92.6179,10.9333],[92.6198,10.9342]]],[[[92.2258,10.9712],[92.2295,10.9837],[92.2388,10.9824],[92.2358,10.9754],[92.2258,10.9712]]],[[[92.6772,10.9843],[92.6712,10.9816],[92.6721,10.9862],[92.6772,10.9843]]],[[[75.8387,11.1283],[75.8354,11.1291],[75.8383,11.1304],[75.8387,11.1283]]],[[[75.8121,11.1577],[75.8097,11.1612],[75.8112,11.16],[75.8121,11.1577]]],[[[92.6877,11.1735],[92.6866,11.1746],[92.6884,11.1736],[92.6877,11.1735]]],[[[92.6797,11.1812],[92.6846,11.1833],[92.6846,11.1765],[92.6797,11.1812]]],[[[97.9321,11.277],[97.925,11.2721],[97.9246,11.275],[97.9321,11.277]]],[[[92.7154,11.285],[92.7034,11.2435],[92.7133,11.2862],[92.7154,11.285]]],[[[92.7326,11.3128],[92.7304,11.3194],[92.733,11.3199],[92.7326,11.3128]]],[[[98.0,11.4004],[98.0,11.3834],[97.999,11.4087],[98.0,11.4004]]],[[[92.6935,11.4243],[92.6932,11.4246],[92.6933,11.4246],[92.6935,11.4243]]],[[[97.9995,11.4354],[97.9809,11.4361],[97.9723,11.4422],[98.0,11.4479],[97.9995,11.4354]]],[[[92.645,11.5104],[92.6879,11.4658],[92.6929,11.4292],[92.6546,11.4041],[92.6975,11.3879],[92.6996,11.37],[92.6151,11.3453],[92.5979,11.3683],[92.607,11.3979],[92.6359,11.4002],[92.6249,11.4622],[92.645,11.5104]]],[[[92.6154,11.525],[92.6127,11.5205],[92.6137,11.5275],[92.6154,11.525]]],[[[92.6166,11.5279],[92.6154,11.5292],[92.6158,11.5313],[92.6166,11.5279]]],[[[92.567,11.535],[92.5744,11.5125],[92.562,11.5284],[92.5631,11.5321],[92.567,11.535]]],[[[92.6088,11.5474],[92.6087,11.5475],[92.6087,11.548],[92.6088,11.5474]]],[[[92.6174,11.547],[92.6287,11.5525],[92.6229,11.5303],[92.6174,11.547]]],[[[92.6263,11.5608],[92.6254,11.5616],[92.6265,11.5644],[92.6263,11.5608]]],[[[92.6037,11.5295],[92.5951,11.5448],[92.5989,11.57],[92.6004,11.5714],[92.6037,11.5295]]],[[[92.625,11.5837],[92.6271,11.5734],[92.6212,11.5831],[92.625,11.5837]]],[[[92.6237,11.575],[92.6146,11.5659],[92.6176,11.5844],[92.6237,11.575]]],[[[92.2167,11.5804],[92.2821,11.5704],[92.2879,11.5316],[92.275,11.5146],[92.23,11.5263],[92.2167,11.5804]]],[[[92.5508,11.5987],[92.5796,11.5833],[92.5413,11.5502],[92.5415,11.5889],[92.5508,11.5987]]],[[[92.6988,11.6308],[92.6946,11.6333],[92.6974,11.6346],[92.6988,11.6308]]],[[[97.5107,11.6427],[97.5054,11.6392],[97.5104,11.6434],[97.5107,11.6427]]],[[[92.7116,11.6587],[92.7033,11.6529],[92.7012,11.6558],[92.7116,11.6587]]],[[[92.7729,11.6734],[92.769,11.6722],[92.7691,11.6746],[92.7729,11.6734]]],[[[92.735,11.6821],[92.7317,11.6854],[92.7354,11.6833],[92.735,11.6821]]],[[[92.7125,11.6979],[92.7117,11.7004],[92.7138,11.7],[92.7125,11.6979]]],[[[93.0954,11.7816],[93.0887,11.7858],[93.095,11.7862],[93.0954,11.7816]]],[[[75.4629,11.7975],[75.4604,11.7941],[75.4608,11.7988],[75.4629,11.7975]]],[[[97.4525,11.8012],[97.4866,11.7879],[97.4925,11.7641],[97.4508,11.7812],[97.4525,11.8012]]],[[[97.4796,11.8133],[97.5291,11.8113],[97.5285,11.7808],[97.493,11.7862],[97.4796,11.8133]]],[[[97.4731,11.8165],[97.473,11.8166],[97.4733,11.817],[97.4731,11.8165]]],[[[97.6638,11.8226],[97.6684,11.8048],[97.6479,11.8162],[97.6638,11.8226]]],[[[97.4753,11.8233],[97.4737,11.8216],[97.4748,11.8243],[97.4753,11.8233]]],[[[93.0204,11.845],[93.0707,11.8429],[93.0821,11.835],[93.0681,11.8096],[93.0216,11.8279],[93.0204,11.845]]],[[[97.6744,11.8987],[97.69,11.8745],[97.6721,11.8583],[97.6752,11.8304],[97.6422,11.8705],[97.6744,11.8987]]],[[[92.6154,11.9141],[92.6154,11.9141],[92.6154,11.9142],[92.6154,11.9141]]],[[[92.6121,11.9125],[92.6079,11.9095],[92.6121,11.9157],[92.6121,11.9125]]],[[[92.7399,11.9388],[92.7362,11.9478],[92.7436,11.9543],[92.7399,11.9388]]],[[[92.772,11.9463],[92.7537,11.9437],[92.7483,11.953],[92.7713,11.9617],[92.772,11.9463]]],[[[75.3087,11.9675],[75.3054,11.9683],[75.3058,11.9696],[75.3087,11.9675]]],[[[97.9915,11.9697],[98.0,11.9564],[97.9697,11.9569],[97.9915,11.9697]]],[[[92.6001,11.9685],[92.6168,11.9497],[92.6123,11.9261],[92.6001,11.9685]]],[[[92.7638,11.9783],[92.7453,11.9802],[92.7656,11.9855],[92.7638,11.9783]]],[[[75.2862,11.9875],[75.2971,11.9733],[75.2966,11.9687],[75.2862,11.9875]]],[[[97.9226,11.9877],[97.9304,11.9992],[97.9265,11.9851],[97.9226,11.9877]]],[[[92.7729,12.0033],[92.7686,11.9989],[92.7723,12.0038],[92.7729,12.0033]]],[[[97.7537,11.9989],[97.7416,11.9912],[97.7371,12.0082],[97.7537,11.9989]]],[[[97.9821,12.0091],[97.9802,12.0089],[97.9808,12.0095],[97.9821,12.0091]]],[[[97.9951,12.0049],[97.9792,12.0163],[97.9696,12.0158],[97.9849,12.0243],[97.9951,12.0049]]],[[[92.9767,12.032],[92.9908,12.0403],[93.0147,12.0207],[93.0612,11.8958],[93.0483,11.8796],[93.0067,11.9381],[93.0329,11.9308],[93.0104,11.9492],[93.0195,11.9566],[93.0104,11.975],[93.0162,11.9575],[93.0067,11.9487],[93.0054,11.9642],[92.9959,11.9712],[93.0021,11.95],[92.99,11.9429],[92.9709,11.976],[92.9368,11.9903],[92.9734,12.0447],[92.9767,12.032]]],[[[97.9574,12.0454],[97.9579,12.0464],[97.9579,12.0458],[97.9574,12.0454]]],[[[97.7824,12.0519],[97.7675,12.0371],[97.7609,12.0447],[97.7824,12.0519]]],[[[97.9454,12.0458],[97.9412,12.0475],[97.9442,12.0521],[97.9454,12.0458]]],[[[97.9592,12.0521],[97.9575,12.0537],[97.9596,12.0533],[97.9592,12.0521]]],[[[97.9696,12.0525],[97.9671,12.0533],[97.9683,12.0537],[97.9696,12.0525]]],[[[97.9583,12.0546],[97.9566,12.0563],[97.9588,12.0558],[97.9583,12.0546]]],[[[97.6522,12.0374],[97.6871,12.05],[97.6518,12.0114],[97.6522,12.0374]]],[[[97.9779,12.0567],[97.9729,12.0583],[97.9729,12.0591],[97.9779,12.0567]]],[[[97.6466,12.0604],[97.6465,12.0377],[97.6333,12.0387],[97.6354,12.057],[97.6466,12.0604]]],[[[97.9536,12.0601],[97.9708,12.0621],[97.9728,12.0592],[97.9646,12.0525],[97.968,12.0496],[97.9626,12.0469],[97.9608,12.0262],[97.9604,12.0541],[97.9566,12.0596],[97.9536,12.0601]]],[[[92.7471,12.0666],[92.7654,12.0608],[92.7617,12.0537],[92.7471,12.0666]]],[[[97.9763,12.1033],[97.9821,12.0917],[97.9758,12.0829],[97.9763,12.1033]]],[[[92.9711,12.0999],[93.0087,12.1],[93.0016,12.0454],[92.9701,12.0739],[92.9842,12.0892],[92.9711,12.0999]]],[[[97.9739,12.1043],[97.9746,12.105],[97.9746,12.1048],[97.9739,12.1043]]],[[[92.9649,12.0961],[92.9562,12.0859],[92.9584,12.1064],[92.9649,12.0961]]],[[[92.7529,12.1083],[92.7471,12.1074],[92.7525,12.1103],[92.7529,12.1083]]],[[[97.9996,12.0967],[97.9887,12.1039],[97.9897,12.1104],[97.9988,12.1099],[97.9996,12.0967]]],[[[97.9682,12.1183],[97.9743,12.1088],[97.9684,12.1046],[97.9682,12.1183]]],[[[93.0129,12.1221],[93.0113,12.1225],[93.0113,12.1236],[93.0129,12.1221]]],[[[97.9797,12.1237],[97.9779,12.125],[97.98,12.1263],[97.9797,12.1237]]],[[[97.9788,12.1275],[97.9748,12.1337],[97.9779,12.1339],[97.9788,12.1275]]],[[[98.0,12.1412],[97.9956,12.1246],[97.9991,12.1421],[98.0,12.1412]]],[[[93.1288,12.1366],[93.1209,12.1379],[93.1296,12.1424],[93.1288,12.1366]]],[[[92.9971,12.1149],[92.9716,12.1179],[92.9656,12.1412],[92.9962,12.141],[92.9971,12.1149]]],[[[97.7454,12.1425],[97.7446,12.1233],[97.7283,12.1038],[97.7148,12.1356],[97.7454,12.1425]]],[[[92.7638,12.1458],[92.7604,12.1483],[92.7626,12.1487],[92.7638,12.1458]]],[[[93.0361,12.1627],[93.0221,12.1425],[93.0588,12.0691],[93.0517,12.0446],[93.0199,12.0787],[93.0136,12.1251],[93.0164,12.1392],[93.0361,12.1627]]],[[[92.7629,12.1774],[92.7704,12.1741],[92.7683,12.1662],[92.7629,12.1774]]],[[[92.7408,12.182],[92.7391,12.187],[92.7421,12.1858],[92.7408,12.182]]],[[[93.0884,12.1963],[93.1021,12.14],[93.0803,12.0828],[93.0465,12.1297],[93.0673,12.1961],[93.0884,12.1963]]],[[[75.1287,12.2058],[75.1271,12.2075],[75.1283,12.2079],[75.1287,12.2058]]],[[[97.9377,12.2072],[97.9371,12.2079],[97.9379,12.2075],[97.9377,12.2072]]],[[[92.9374,12.2129],[92.9496,12.2149],[92.9446,12.2006],[92.9374,12.2129]]],[[[92.7033,12.2395],[92.7204,12.1874],[92.7071,12.1633],[92.7417,12.1812],[92.7637,12.1724],[92.7404,12.0991],[92.7471,12.0549],[92.7383,12.057],[92.7309,12.0478],[92.7121,12.0491],[92.7333,12.0453],[92.7496,12.0516],[92.75,12.062],[92.7757,12.0411],[92.7919,12.0414],[92.7708,12.0204],[92.7429,12.0299],[92.7645,11.9975],[92.7344,11.9874],[92.7438,11.9641],[92.7237,11.9592],[92.7221,11.925],[92.7329,11.9291],[92.7384,11.8926],[92.7504,11.9267],[92.7897,11.9354],[92.7988,11.8806],[92.7638,11.7041],[92.7534,11.7164],[92.7461,11.6887],[92.725,11.7004],[92.7216,11.6904],[92.7142,11.7021],[92.7091,11.7012],[92.6979,11.6925],[92.7138,11.6933],[92.7179,11.6658],[92.672,11.6475],[92.6796,11.6208],[92.69,11.6321],[92.6967,11.6154],[92.7075,11.6487],[92.7217,11.6387],[92.7388,11.6533],[92.7292,11.6771],[92.7629,11.6584],[92.7413,11.6325],[92.7587,11.6341],[92.7621,11.6092],[92.7212,11.4796],[92.7099,11.5102],[92.6804,11.5045],[92.6599,11.5182],[92.6571,11.578],[92.6411,11.5863],[92.6337,11.5644],[92.6201,11.615],[92.6512,11.6092],[92.6588,11.6434],[92.6494,11.6366],[92.6455,11.6596],[92.6387,11.6287],[92.6222,11.6329],[92.6052,11.6693],[92.6129,11.7025],[92.5958,11.7196],[92.5723,11.6971],[92.5571,11.8433],[92.5541,11.8279],[92.5342,11.8264],[92.526,11.8449],[92.5374,11.89],[92.5787,11.9344],[92.5938,11.8841],[92.6113,11.8933],[92.6154,11.8475],[92.6204,12.0034],[92.6383,12.0382],[92.6309,12.0922],[92.6687,12.2091],[92.662,12.1797],[92.6754,12.2057],[92.6808,12.1737],[92.6788,12.2074],[92.6829,12.2157],[92.6831,12.1931],[92.7033,12.2395]]],[[[92.7417,12.2395],[92.7425,12.2037],[92.75,12.2345],[92.7746,12.2199],[92.7708,12.1787],[92.7304,12.1916],[92.7417,12.2395]]],[[[97.9363,12.2087],[97.927,12.2312],[97.9324,12.2427],[97.9379,12.2292],[97.9363,12.2087]]],[[[92.8758,12.2345],[92.8729,12.2383],[92.8769,12.2428],[92.8758,12.2345]]],[[[97.8729,12.2433],[97.8679,12.2421],[97.8738,12.2458],[97.8729,12.2433]]],[[[92.8752,12.2468],[92.8699,12.2417],[92.8708,12.2454],[92.8752,12.2468]]],[[[79.9916,12.2463],[79.9875,12.2471],[79.9921,12.2475],[79.9916,12.2463]]],[[[92.7412,12.2508],[92.7379,12.2483],[92.7391,12.2512],[92.7412,12.2508]]],[[[92.9225,12.2247],[92.8983,12.2295],[92.8874,12.2061],[92.8794,12.2333],[92.9117,12.2512],[92.9225,12.2247]]],[[[92.7342,12.2503],[92.7317,12.2537],[92.7354,12.2524],[92.7342,12.2503]]],[[[93.095,12.2331],[93.1097,12.2553],[93.1097,12.2038],[93.0959,12.2263],[93.0704,12.2267],[93.0848,12.2569],[93.095,12.2331]]],[[[92.7329,12.2649],[92.7296,12.2658],[92.7325,12.2687],[92.7329,12.2649]]],[[[92.7479,12.2708],[92.7395,12.2674],[92.7466,12.2745],[92.7479,12.2708]]],[[[93.0387,12.275],[93.0292,12.2729],[93.0375,12.2779],[93.0387,12.275]]],[[[93.8625,12.2796],[93.8734,12.262],[93.8543,12.2513],[93.8464,12.2638],[93.8625,12.2796]]],[[[92.7583,12.2878],[92.7528,12.2558],[92.7433,12.2445],[92.7583,12.2878]]],[[[92.7496,12.2858],[92.7437,12.2874],[92.7484,12.2896],[92.7496,12.2858]]],[[[92.7725,12.2895],[92.7779,12.2708],[92.77,12.2629],[92.7637,12.2774],[92.7725,12.2895]]],[[[92.7804,12.2866],[92.7762,12.2891],[92.78,12.2912],[92.7804,12.2866]]],[[[97.9596,12.2875],[97.9437,12.2829],[97.96,12.2939],[97.9596,12.2875]]],[[[92.7192,12.2936],[92.7362,12.2925],[92.7279,12.2649],[92.7233,12.227],[92.7192,12.2936]]],[[[97.9679,12.297],[97.9655,12.2899],[97.9674,12.2969],[97.9679,12.297]]],[[[97.8671,12.2991],[97.8837,12.295],[97.863,12.2812],[97.8671,12.2991]]],[[[97.7814,12.2646],[97.777,12.2806],[97.8035,12.3017],[97.7988,12.2783],[97.7814,12.2646]]],[[[92.9509,12.2704],[92.9363,12.2508],[92.9325,12.2295],[92.9315,12.2658],[92.912,12.2706],[92.9141,12.2851],[92.9383,12.2762],[92.9443,12.3033],[92.9509,12.2704]]],[[[92.8016,12.3012],[92.8325,12.2979],[92.8687,12.2999],[92.8931,12.2807],[92.8963,12.2556],[92.8666,12.2446],[92.8884,12.1929],[92.8508,12.1945],[92.8575,12.1639],[92.8229,12.1591],[92.8325,12.1504],[92.8096,12.1266],[92.8188,12.1033],[92.7925,12.0995],[92.7996,12.0807],[92.7696,12.0607],[92.7462,12.0941],[92.7562,12.1083],[92.7779,12.1833],[92.7862,12.2383],[92.7692,12.227],[92.7496,12.2466],[92.7608,12.2687],[92.7742,12.2562],[92.7862,12.2766],[92.7808,12.3078],[92.8016,12.3012]]],[[[92.9058,12.3228],[92.9,12.3186],[92.8987,12.3208],[92.9058,12.3228]]],[[[80.0553,12.3282],[80.0554,12.3284],[80.0554,12.3283],[80.0553,12.3282]]],[[[92.9286,12.3495],[92.9171,12.3404],[92.9256,12.3529],[92.9286,12.3495]]],[[[97.9754,12.3726],[97.9754,12.375],[97.9757,12.3753],[97.9754,12.3726]]],[[[92.8562,12.3933],[92.9004,12.4041],[92.8924,12.3763],[92.8562,12.3933]]],[[[92.9104,12.4082],[92.9062,12.4058],[92.9075,12.4096],[92.9104,12.4082]]],[[[92.902,12.4099],[92.8979,12.4107],[92.9008,12.412],[92.902,12.4099]]],[[[92.8808,12.4161],[92.8725,12.4095],[92.8687,12.4141],[92.8808,12.4161]]],[[[92.9079,12.4207],[92.9154,12.4158],[92.9141,12.4146],[92.9079,12.4207]]],[[[92.8437,12.4208],[92.86,12.4162],[92.8612,12.4133],[92.8437,12.4208]]],[[[97.9945,12.2796],[97.9775,12.3121],[97.9453,12.3129],[97.9786,12.3388],[97.9683,12.3629],[97.9425,12.3312],[97.9567,12.3773],[97.9746,12.3869],[97.973,12.37],[97.9765,12.3649],[98.0,12.3864],[97.9945,12.2796]]],[[[92.9665,12.4313],[92.943,12.3576],[92.9268,12.3624],[92.9387,12.4098],[92.9665,12.4313]]],[[[97.8255,12.4728],[97.8367,12.4387],[97.825,12.4296],[97.8255,12.4728]]],[[[74.9891,12.4812],[74.9875,12.4829],[74.9896,12.4816],[74.9891,12.4812]]],[[[97.7966,12.5111],[97.8033,12.4971],[97.796,12.5102],[97.7966,12.5111]]],[[[92.6933,12.5329],[92.6802,12.5234],[92.6825,12.5357],[92.6933,12.5329]]],[[[97.8449,12.5994],[97.8812,12.565],[97.8542,12.5396],[97.8267,12.5837],[97.8449,12.5837],[97.8449,12.5994]]],[[[97.8638,12.6071],[97.8515,12.606],[97.8555,12.6136],[97.8638,12.6071]]],[[[97.8629,12.6162],[97.8809,12.6245],[97.8819,12.6223],[97.8629,12.6162]]],[[[74.8879,12.705],[74.8854,12.705],[74.8843,12.7061],[74.8879,12.705]]],[[[92.7329,12.7716],[92.7289,12.7694],[92.7291,12.7812],[92.7329,12.7716]]],[[[92.727,12.7808],[92.7265,12.782],[92.727,12.7832],[92.727,12.7808]]],[[[80.2363,12.7883],[80.232,12.7908],[80.2351,12.792],[80.2363,12.7883]]],[[[97.8458,12.8203],[97.8806,12.7841],[97.8796,12.7662],[97.8363,12.7847],[97.8556,12.8092],[97.8458,12.8203]]],[[[92.7319,12.7442],[92.7221,12.7173],[92.7047,12.7935],[92.7174,12.8254],[92.7319,12.7442]]],[[[92.7204,12.8299],[92.7204,12.83],[92.7204,12.8303],[92.7204,12.8299]]],[[[92.7203,12.8309],[92.7203,12.8309],[92.7203,12.8309],[92.7203,12.8309]]],[[[74.8374,12.832],[74.835,12.8338],[74.8387,12.8334],[74.8374,12.832]]],[[[92.739,12.8303],[92.7345,12.8305],[92.7383,12.8341],[92.739,12.8303]]],[[[92.7683,12.8546],[92.7745,12.8432],[92.7683,12.8362],[92.7683,12.8546]]],[[[74.8321,12.8517],[74.8304,12.8542],[74.8316,12.8546],[74.8321,12.8517]]],[[[92.7806,12.8577],[92.7895,12.8458],[92.792,12.8341],[92.7849,12.8262],[92.7779,12.8486],[92.7846,12.8392],[92.7806,12.8577]]],[[[92.777,12.8506],[92.7712,12.8566],[92.7716,12.8595],[92.777,12.8506]]],[[[74.8304,12.8567],[74.8288,12.86],[74.83,12.8604],[74.8304,12.8567]]],[[[92.7274,12.8603],[92.7278,12.842],[92.7178,12.8358],[92.7274,12.8603]]],[[[92.7291,12.8662],[92.7293,12.8671],[92.7299,12.867],[92.7291,12.8662]]],[[[74.8296,12.8666],[74.8271,12.865],[74.8275,12.8696],[74.8296,12.8666]]],[[[74.8237,12.8733],[74.8213,12.8733],[74.8216,12.8746],[74.8237,12.8733]]],[[[74.8271,12.8742],[74.8246,12.8742],[74.8249,12.8771],[74.8271,12.8742]]],[[[74.8204,12.89],[74.817,12.8908],[74.82,12.8929],[74.8204,12.89]]],[[[92.8095,12.8933],[92.8057,12.892],[92.8082,12.8946],[92.8095,12.8933]]],[[[92.7636,12.8946],[92.7619,12.9097],[92.764,12.9096],[92.7636,12.8946]]],[[[92.8029,12.9066],[92.7945,12.892],[92.7969,12.9045],[92.7828,12.9053],[92.8029,12.9066]]],[[[92.9053,12.9217],[92.93,12.9095],[92.9119,12.8845],[92.9347,12.8837],[92.9546,12.8349],[92.9607,12.8039],[92.9412,12.7733],[92.9867,12.7118],[92.972,12.7042],[92.9637,12.6203],[92.9558,12.622],[92.9487,12.6158],[92.9631,12.6162],[92.9808,12.5577],[92.9779,12.4943],[92.9701,12.4848],[92.9547,12.4977],[92.9321,12.4633],[92.9673,12.4703],[92.9475,12.446],[92.9267,12.4451],[92.9236,12.4032],[92.9179,12.4191],[92.8979,12.4399],[92.9104,12.4516],[92.9091,12.4578],[92.8917,12.442],[92.8504,12.4699],[92.9071,12.4191],[92.8883,12.4103],[92.8783,12.4237],[92.8116,12.4353],[92.8154,12.4516],[92.8099,12.457],[92.8087,12.4333],[92.8404,12.4233],[92.8663,12.3616],[92.8996,12.3458],[92.9025,12.3354],[92.8754,12.3324],[92.897,12.3208],[92.835,12.302],[92.7808,12.3154],[92.7708,12.297],[92.7466,12.2961],[92.7085,12.3296],[92.7179,12.4916],[92.7041,12.512],[92.7174,12.5638],[92.7153,12.5975],[92.7017,12.6011],[92.7252,12.6362],[92.7287,12.6197],[92.7426,12.6302],[92.7591,12.667],[92.7837,12.6658],[92.792,12.6333],[92.7962,12.7008],[92.7799,12.6712],[92.7431,12.6689],[92.7549,12.7161],[92.7303,12.8225],[92.7491,12.8095],[92.7608,12.842],[92.7674,12.8346],[92.7708,12.8345],[92.7782,12.842],[92.7821,12.8266],[92.7883,12.8245],[92.7928,12.8333],[92.7912,12.8499],[92.8034,12.8666],[92.8033,12.8879],[92.8441,12.8845],[92.8566,12.8912],[92.8561,12.8774],[92.8691,12.8753],[92.9037,12.8949],[92.9053,12.9217]]],[[[92.8687,12.9299],[92.8664,12.9297],[92.8674,12.9321],[92.8687,12.9299]]],[[[92.8766,12.932],[92.8712,12.9342],[92.8786,12.9324],[92.8766,12.932]]],[[[92.9613,12.9375],[92.9616,12.9378],[92.962,12.9378],[92.9613,12.9375]]],[[[92.9707,12.9445],[92.9756,12.9411],[92.9628,12.9382],[92.9707,12.9445]]],[[[92.9866,12.967],[93.0034,12.9871],[92.986,12.9332],[92.9628,12.9758],[92.9721,12.9856],[92.9866,12.967]]],[[[92.7074,12.9871],[92.7253,12.9766],[92.7274,12.8855],[92.7056,12.841],[92.6855,12.8366],[92.6953,12.8174],[92.6762,12.7865],[92.6596,12.8587],[92.6779,12.8816],[92.6872,12.9487],[92.677,12.9612],[92.7074,12.9871]]],[[[92.8274,13.0021],[92.8287,13.0035],[92.8287,13.0033],[92.8274,13.0021]]],[[[92.9271,13.0043],[92.9474,13.0167],[92.948,12.9944],[92.9271,13.0043]]],[[[74.7796,13.0675],[74.7746,13.0702],[74.775,13.0746],[74.7796,13.0675]]],[[[74.775,13.0771],[74.7761,13.081],[74.7771,13.0775],[74.775,13.0771]]],[[[92.7051,13.0931],[92.7326,13.0961],[92.7121,13.0669],[92.7051,13.0931]]],[[[80.3129,13.21],[80.3088,13.2108],[80.3117,13.2129],[80.3129,13.21]]],[[[80.3179,13.2192],[80.3158,13.2204],[80.3179,13.22],[80.3179,13.2192]]],[[[74.7313,13.2211],[74.7307,13.2229],[74.7313,13.2225],[74.7313,13.2211]]],[[[74.7294,13.2273],[74.7284,13.2304],[74.7304,13.23],[74.7294,13.2273]]],[[[93.0326,13.3235],[93.0254,13.3055],[93.0273,13.3269],[93.0326,13.3235]]],[[[92.9787,13.3333],[92.9737,13.3383],[92.9767,13.3404],[92.9787,13.3333]]],[[[92.8578,13.3699],[92.8579,13.37],[92.8579,13.3699],[92.8578,13.3699]]],[[[80.3299,13.3955],[80.3304,13.3891],[80.3296,13.3971],[80.3299,13.3955]]],[[[80.3295,13.3976],[80.3287,13.3983],[80.3287,13.401],[80.3295,13.3976]]],[[[80.3274,13.4071],[80.3263,13.4083],[80.3262,13.4124],[80.3274,13.4071]]],[[[74.7046,13.4117],[74.7012,13.4117],[74.7017,13.4138],[74.7046,13.4117]]],[[[74.7091,13.4121],[74.705,13.4146],[74.7104,13.4142],[74.7091,13.4121]]],[[[93.1006,13.4135],[93.0971,13.4116],[93.0991,13.4149],[93.1006,13.4135]]],[[[74.7079,13.4175],[74.7046,13.4175],[74.705,13.4196],[74.7079,13.4175]]],[[[93.0815,13.4102],[93.0766,13.4154],[93.0816,13.4224],[93.0815,13.4102]]],[[[80.3233,13.4246],[80.3216,13.4229],[80.3212,13.4241],[80.3233,13.4246]]],[[[74.7012,13.4167],[74.6971,13.425],[74.7008,13.4271],[74.7012,13.4167]]],[[[80.328,13.4275],[80.3246,13.4225],[80.3271,13.4308],[80.328,13.4275]]],[[[93.1067,13.4318],[93.1141,13.4254],[93.1059,13.4303],[93.1067,13.4318]]],[[[92.8411,13.4345],[92.8372,13.4161],[92.8313,13.4216],[92.8411,13.4345]]],[[[74.7021,13.4342],[74.6987,13.4308],[74.6983,13.4363],[74.7021,13.4342]]],[[[80.3262,13.4337],[80.3221,13.4333],[80.323,13.4442],[80.3262,13.4337]]],[[[80.3179,13.4458],[80.3162,13.4466],[80.3174,13.447],[80.3179,13.4458]]],[[[80.3146,13.4475],[80.3121,13.4458],[80.3125,13.4479],[80.3146,13.4475]]],[[[94.2871,13.4466],[94.2921,13.4198],[94.2796,13.4215],[94.2871,13.4466]]],[[[80.3129,13.4508],[80.3087,13.4517],[80.3092,13.4538],[80.3129,13.4508]]],[[[92.8819,13.5064],[92.8754,13.5016],[92.8783,13.5107],[92.8819,13.5064]]],[[[93.0372,13.5732],[93.0498,13.4811],[93.0288,13.4575],[93.0418,13.4316],[93.0154,13.4275],[93.0446,13.4203],[93.0571,13.3998],[93.0704,13.4113],[93.0775,13.3962],[93.0571,13.3699],[93.0971,13.3305],[93.0777,13.3054],[93.0683,13.3246],[93.0516,13.3162],[93.0551,13.3434],[93.0489,13.3622],[93.0484,13.3455],[93.0125,13.3479],[92.9966,13.3246],[92.9741,13.3596],[92.9629,13.3425],[93.0044,13.3107],[92.9975,13.2879],[93.0174,13.3157],[93.0279,13.2916],[93.0179,13.2759],[93.0699,13.2607],[93.0437,13.1858],[93.0379,13.0633],[93.0156,13.0284],[92.9744,13.0348],[92.9736,13.0111],[92.9476,13.0372],[92.9496,13.0958],[92.9304,13.0551],[92.9083,13.0854],[92.8967,13.0887],[92.9204,13.0566],[92.8871,13.0408],[92.9212,13.0416],[92.9073,13.0177],[92.9236,12.9858],[92.9403,12.9853],[92.9417,12.9625],[92.9166,12.947],[92.9054,12.9924],[92.8816,12.9386],[92.8622,12.9326],[92.8621,12.9101],[92.8828,12.9049],[92.8766,12.8812],[92.8608,12.8803],[92.8574,12.8953],[92.8116,12.8961],[92.8015,12.9766],[92.8077,12.989],[92.8266,12.9829],[92.8371,13.01],[92.7973,13.0152],[92.8031,13.0809],[92.8229,13.0725],[92.8137,13.0933],[92.8275,13.0912],[92.8329,13.1117],[92.8174,13.1229],[92.85,13.1204],[92.857,13.135],[92.8196,13.1521],[92.8222,13.1689],[92.8421,13.1708],[92.8263,13.1783],[92.8354,13.2333],[92.8621,13.2358],[92.8613,13.2525],[92.8302,13.2728],[92.8496,13.2975],[92.8324,13.3046],[92.8329,13.3258],[92.8464,13.3693],[92.8599,13.3579],[92.8863,13.3849],[92.8545,13.3873],[92.8521,13.4],[92.8863,13.4033],[92.8836,13.4678],[92.9379,13.4941],[92.9209,13.5042],[92.9413,13.5225],[92.9254,13.5274],[92.9711,13.5387],[92.9934,13.5246],[92.9988,13.5657],[93.0225,13.5413],[93.0372,13.5732]]],[[[92.8929,13.5729],[92.9012,13.5925],[92.9099,13.5954],[92.9088,13.5906],[92.8929,13.5729]]],[[[74.7137,13.6374],[74.7192,13.6379],[74.7196,13.6367],[74.7137,13.6374]]],[[[74.6833,13.6445],[74.6875,13.6412],[74.6821,13.6425],[74.6833,13.6445]]],[[[74.6896,13.645],[74.7025,13.6471],[74.7104,13.6416],[74.6896,13.645]]],[[[93.0563,13.6185],[93.0563,13.6367],[93.0675,13.6496],[93.075,13.6496],[93.0563,13.6185]]],[[[93.03,13.6688],[93.0378,13.6266],[93.018,13.6466],[92.9938,13.6427],[92.9942,13.6604],[93.03,13.6688]]],[[[74.6787,13.6658],[74.6754,13.675],[74.6783,13.6771],[74.6787,13.6658]]],[[[97.9207,13.8593],[97.9272,13.8188],[97.9108,13.7863],[97.9087,13.8592],[97.9207,13.8593]]],[[[74.5729,13.9314],[74.5727,13.9318],[74.5729,13.9316],[74.5729,13.9314]]],[[[97.9079,13.9421],[97.9174,13.8912],[97.9142,13.8913],[97.9079,13.9421]]],[[[74.5275,13.9671],[74.525,13.9696],[74.5287,13.9692],[74.5275,13.9671]]],[[[93.2308,13.9737],[93.2304,13.9984],[93.2321,14.0008],[93.2383,13.9825],[93.2308,13.9737]]],[[[74.33,14.0154],[74.3287,14.0175],[74.33,14.0179],[74.33,14.0154]]],[[[74.5088,14.0333],[74.5062,14.035],[74.5083,14.0354],[74.5088,14.0333]]],[[[80.1342,14.0654],[80.1325,14.0671],[80.1346,14.0667],[80.1342,14.0654]]],[[[93.3653,14.0741],[93.362,14.0766],[93.3641,14.0779],[93.3653,14.0741]]],[[[97.7987,14.1267],[97.8229,14.1242],[97.8045,14.109],[97.7987,14.1267]]],[[[93.3776,14.1487],[93.3839,14.1007],[93.3739,14.0621],[93.3637,14.1458],[93.3776,14.1487]]],[[[97.8229,14.1869],[97.8134,14.1559],[97.7908,14.1353],[97.7796,14.151],[97.7883,14.176],[97.8229,14.1869]]],[[[93.3772,14.1816],[93.3719,14.1823],[93.3792,14.1879],[93.3772,14.1816]]],[[[93.372,14.1866],[93.3671,14.1883],[93.3708,14.1895],[93.372,14.1866]]],[[[74.4867,14.2504],[74.4866,14.2462],[74.4846,14.25],[74.4867,14.2504]]],[[[74.49,14.2546],[74.4933,14.2504],[74.5013,14.245],[74.4867,14.2521],[74.4779,14.2508],[74.49,14.2546]]],[[[74.4541,14.2513],[74.4675,14.2554],[74.4679,14.2542],[74.4541,14.2513]]],[[[74.4725,14.2604],[74.4813,14.2575],[74.4721,14.2566],[74.4725,14.2604]]],[[[74.4491,14.2596],[74.4474,14.2612],[74.4496,14.2608],[74.4491,14.2596]]],[[[74.4508,14.2629],[74.4492,14.2646],[74.4512,14.2642],[74.4508,14.2629]]],[[[74.4683,14.2738],[74.4891,14.2571],[74.4596,14.2692],[74.4683,14.2738]]],[[[97.802,14.2771],[97.8154,14.2691],[97.805,14.2638],[97.802,14.2771]]],[[[74.399,14.3093],[74.3979,14.31],[74.4,14.3104],[74.399,14.3093]]],[[[97.7808,14.3937],[97.7672,14.4001],[97.7836,14.4145],[97.7857,14.4096],[97.7808,14.3937]]],[[[97.777,14.4412],[97.7657,14.4346],[97.7657,14.4376],[97.777,14.4412]]],[[[97.9931,14.4765],[97.9874,14.4728],[97.9964,14.4787],[97.9931,14.4765]]],[[[74.3229,14.5141],[74.3205,14.515],[74.3225,14.5154],[74.3229,14.5141]]],[[[74.3096,14.5225],[74.307,14.5218],[74.3091,14.5238],[74.3096,14.5225]]],[[[80.1855,14.5767],[80.1825,14.5712],[80.1796,14.5717],[80.1855,14.5767]]],[[[80.1696,14.5766],[80.1638,14.5749],[80.1683,14.5788],[80.1696,14.5766]]],[[[80.1898,14.5852],[80.1679,14.5734],[80.1884,14.588],[80.1898,14.5852]]],[[[74.3274,14.6063],[74.325,14.6021],[74.3212,14.6025],[74.3274,14.6063]]],[[[74.3179,14.61],[74.3138,14.61],[74.3141,14.6112],[74.3179,14.61]]],[[[74.2824,14.6412],[74.2854,14.64],[74.2841,14.6399],[74.2824,14.6412]]],[[[74.2879,14.64],[74.2891,14.6413],[74.2911,14.6401],[74.2879,14.64]]],[[[74.2636,14.7099],[74.2637,14.71],[74.2637,14.71],[74.2636,14.7099]]],[[[74.2679,14.7116],[74.2647,14.7118],[74.2675,14.7129],[74.2679,14.7116]]],[[[74.1516,14.7394],[74.1504,14.7383],[74.1505,14.7392],[74.1516,14.7394]]],[[[80.1239,14.7346],[80.1221,14.7325],[80.1145,14.7434],[80.1239,14.7346]]],[[[74.1152,14.754],[74.1087,14.7516],[74.1071,14.7583],[74.1152,14.754]]],[[[74.0981,14.8392],[74.0954,14.8416],[74.0956,14.8435],[74.0981,14.8392]]],[[[74.1054,14.8642],[74.1039,14.8621],[74.1035,14.8646],[74.1054,14.8642]]],[[[74.0919,14.8759],[74.0912,14.8758],[74.0917,14.8763],[74.0919,14.8759]]],[[[93.6717,14.8489],[93.6696,14.8706],[93.7025,14.9146],[93.6954,14.8812],[93.6717,14.8489]]],[[[74.0475,14.9837],[74.0461,14.9837],[74.0474,14.9847],[74.0475,14.9837]]],[[[97.7389,15.0666],[97.7274,15.0641],[97.739,15.0756],[97.7389,15.0666]]],[[[97.7389,15.096],[97.7404,15.0825],[97.7418,15.0802],[97.7371,15.088],[97.7389,15.096]]],[[[97.8046,15.1941],[97.7979,15.1925],[97.8,15.2004],[97.8046,15.1941]]],[[[97.8062,15.1975],[97.8029,15.2008],[97.805,15.2012],[97.8062,15.1975]]],[[[97.7404,15.2024],[97.7301,15.2004],[97.7351,15.2072],[97.7404,15.2024]]],[[[97.7962,15.2016],[97.7921,15.2092],[97.795,15.2113],[97.7962,15.2016]]],[[[97.7954,15.2175],[97.7929,15.2183],[97.7958,15.2204],[97.7954,15.2175]]],[[[97.7979,15.2217],[97.8229,15.2142],[97.7992,15.2021],[97.7979,15.2217]]],[[[97.805,15.2271],[97.8041,15.2304],[97.8067,15.2313],[97.805,15.2271]]],[[[80.2037,15.4975],[80.2012,15.4975],[80.2033,15.4988],[80.2037,15.4975]]],[[[80.2079,15.5017],[80.2029,15.5008],[80.2042,15.5038],[80.2079,15.5017]]],[[[80.2104,15.5033],[80.2079,15.5049],[80.21,15.5062],[80.2104,15.5033]]],[[[97.6454,15.5858],[97.6629,15.5241],[97.6552,15.494],[97.6454,15.5858]]],[[[73.7588,15.6275],[73.7563,15.63],[73.7583,15.6312],[73.7588,15.6275]]],[[[80.2637,15.6574],[80.2604,15.6575],[80.2633,15.6604],[80.2637,15.6574]]],[[[80.2646,15.6588],[80.2646,15.66],[80.266,15.6613],[80.2646,15.6588]]],[[[80.2671,15.6658],[80.2629,15.6625],[80.2641,15.6671],[80.2671,15.6658]]],[[[95.1098,15.6614],[95.1135,15.6644],[95.119,15.6651],[95.1098,15.6614]]],[[[95.0704,15.6787],[95.0653,15.6729],[95.0621,15.6742],[95.0704,15.6787]]],[[[95.2637,15.6787],[95.2733,15.6771],[95.2763,15.675],[95.2641,15.6731],[95.2637,15.6787]]],[[[95.2047,15.6817],[95.1967,15.6671],[95.1854,15.675],[95.2047,15.6817]]],[[[80.821,15.702],[80.8187,15.7017],[80.8191,15.7054],[80.821,15.702]]],[[[73.7092,15.7221],[73.7066,15.7229],[73.7096,15.7233],[73.7092,15.7221]]],[[[95.2829,15.7258],[95.2829,15.7258],[95.2829,15.7258],[95.2829,15.7258]]],[[[73.7083,15.7246],[73.7066,15.7287],[73.7096,15.7267],[73.7083,15.7246]]],[[[73.7071,15.7308],[73.7146,15.7292],[73.715,15.7246],[73.7071,15.7308]]],[[[95.0606,15.7203],[95.0443,15.7145],[95.019,15.7215],[95.0521,15.7421],[95.0606,15.7203]]],[[[80.8121,15.7383],[80.8304,15.715],[80.8253,15.7024],[80.8121,15.7383]]],[[[81.0284,15.7596],[81.0266,15.7613],[81.0306,15.7601],[81.0284,15.7596]]],[[[95.0696,15.8258],[95.0534,15.8195],[95.0653,15.8438],[95.0696,15.8258]]],[[[94.2796,15.8667],[94.2738,15.8646],[94.2769,15.8679],[94.2796,15.8667]]],[[[95.0629,15.8716],[95.0606,15.8772],[95.0624,15.8822],[95.0629,15.8716]]],[[[94.8409,15.8952],[94.8339,15.8919],[94.8309,15.9062],[94.8409,15.8952]]],[[[94.5234,15.9378],[94.5213,15.9358],[94.5225,15.9379],[94.5234,15.9378]]],[[[94.8366,15.8612],[94.8109,15.7888],[94.7337,15.7958],[94.7332,15.8221],[94.8087,15.9425],[94.8366,15.8612]]],[[[94.5171,15.9175],[94.5155,15.9292],[94.5221,15.9425],[94.5171,15.9175]]],[[[95.3142,15.9296],[95.3209,15.9478],[95.3327,15.9568],[95.3321,15.9424],[95.3142,15.9296]]],[[[94.6686,15.9667],[94.6578,15.9625],[94.6672,15.9685],[94.6686,15.9667]]],[[[95.3453,15.9583],[95.3384,15.9631],[95.3453,15.9714],[95.3453,15.9583]]],[[[73.5071,15.97],[73.5046,15.9733],[73.5066,15.9746],[73.5071,15.97]]],[[[73.5063,15.9666],[73.5031,15.9656],[73.5021,15.9783],[73.5063,15.9666]]],[[[95.241,15.9118],[95.2378,15.9276],[95.2678,15.9852],[95.2682,15.9572],[95.241,15.9118]]],[[[73.5071,15.9858],[73.5069,15.9866],[73.5073,15.9869],[73.5071,15.9858]]],[[[95.12,15.9912],[95.1186,15.9526],[95.1028,15.9421],[95.1036,15.9645],[95.12,15.9912]]],[[[73.4892,15.9873],[73.4871,15.9883],[73.488,15.9934],[73.4892,15.9873]]],[[[95.1207,15.9944],[95.1188,15.993],[95.1175,15.993],[95.1207,15.9944]]],[[[97.5743,16.0053],[97.5739,16.0055],[97.5738,16.0058],[97.5743,16.0053]]],[[[94.3422,16.0097],[94.3233,15.9787],[94.2799,15.9896],[94.3322,16.0117],[94.3422,16.0097]]],[[[94.3419,16.0163],[94.3417,16.0179],[94.3435,16.0177],[94.3419,16.0163]]],[[[94.3275,16.0179],[94.3325,16.0162],[94.3247,16.016],[94.3275,16.0179]]],[[[95.0962,16.0191],[95.0962,16.0242],[95.0963,16.0192],[95.0962,16.0191]]],[[[95.0787,16.0314],[95.0752,16.0156],[95.078,16.0303],[95.0787,16.0314]]],[[[94.5946,16.0381],[94.5917,16.0387],[94.5942,16.0387],[94.5946,16.0381]]],[[[94.6944,16.0016],[94.7016,16.0264],[94.7171,16.0504],[94.7196,16.0274],[94.6944,16.0016]]],[[[94.8142,15.9813],[94.8423,16.0604],[94.8599,16.0582],[94.8491,16.0],[94.8142,15.9813]]],[[[95.3453,16.0479],[95.3256,15.9681],[95.2646,15.8616],[95.2366,15.8652],[95.273,15.9563],[95.2799,16.022],[95.3198,16.079],[95.3453,16.0479]]],[[[94.6509,16.0827],[94.616,16.0439],[94.6513,16.0928],[94.6509,16.0827]]],[[[95.1806,16.075],[95.1811,16.025],[95.1377,16.0363],[95.0987,15.9808],[95.1121,16.0688],[95.1719,16.1117],[95.2106,16.1027],[95.1806,16.075]]],[[[95.1586,16.1178],[95.1399,16.1177],[95.1617,16.1199],[95.1586,16.1178]]],[[[73.4696,16.1308],[73.4663,16.1316],[73.4683,16.1337],[73.4696,16.1308]]],[[[94.6684,16.1227],[94.665,16.1337],[94.6683,16.1346],[94.6684,16.1227]]],[[[73.4662,16.1333],[73.4646,16.1358],[73.4659,16.1362],[73.4662,16.1333]]],[[[94.5437,16.1489],[94.5446,16.1503],[94.5448,16.1502],[94.5437,16.1489]]],[[[94.5179,16.1337],[94.5276,16.1457],[94.541,16.1514],[94.5275,16.1371],[94.5179,16.1337]]],[[[95.1362,16.1514],[95.1272,16.1448],[95.1336,16.1565],[95.1362,16.1514]]],[[[81.2029,16.1533],[81.2027,16.1554],[81.2037,16.1565],[81.2029,16.1533]]],[[[81.2046,16.145],[81.2021,16.15],[81.2088,16.1622],[81.2046,16.145]]],[[[81.2121,16.1725],[81.2098,16.1744],[81.2125,16.1759],[81.2121,16.1725]]],[[[95.3263,16.1146],[95.3112,16.1458],[95.3183,16.1719],[95.3666,16.2017],[95.3641,16.1565],[95.3263,16.1146]]],[[[94.5143,16.1981],[94.5133,16.2021],[94.5167,16.2029],[94.5143,16.1981]]],[[[94.5097,16.2307],[94.5088,16.2325],[94.5108,16.2346],[94.5097,16.2307]]],[[[95.8846,16.2241],[95.8705,16.2151],[95.8921,16.238],[95.8846,16.2241]]],[[[95.881,16.2157],[95.872,16.2132],[95.8879,16.225],[95.8943,16.2393],[95.895,16.2338],[95.881,16.2157]]],[[[95.8898,16.2429],[95.8662,16.2234],[95.8808,16.2379],[95.8898,16.2429]]],[[[94.6385,16.0934],[94.5916,16.0404],[94.5788,16.0516],[94.5903,16.0994],[94.5718,16.0745],[94.5696,16.0475],[94.5929,16.0326],[94.5821,16.0091],[94.4792,15.9704],[94.4617,15.9246],[94.4546,15.9692],[94.4512,15.9241],[94.3971,15.8326],[94.4113,15.8667],[94.3899,15.9205],[94.3863,16.0],[94.475,16.0237],[94.464,16.0305],[94.4759,16.0436],[94.4808,16.0387],[94.4917,16.0362],[94.4768,16.0446],[94.4892,16.0628],[94.5004,16.0533],[94.4902,16.0643],[94.5029,16.0658],[94.5129,16.1096],[94.5944,16.2091],[94.6492,16.2476],[94.6728,16.2033],[94.6385,16.0934]]],[[[94.6604,16.2697],[94.6579,16.2763],[94.6624,16.2782],[94.6604,16.2697]]],[[[94.5526,16.2554],[94.5488,16.2091],[94.5315,16.2029],[94.5185,16.2316],[94.5233,16.2828],[94.5526,16.2554]]],[[[95.9016,16.2554],[95.9031,16.273],[95.9078,16.2866],[95.9133,16.2749],[95.9016,16.2554]]],[[[81.7116,16.3113],[81.7104,16.3107],[81.7104,16.3108],[81.7116,16.3113]]],[[[94.6827,16.2978],[94.6777,16.3019],[94.6812,16.3123],[94.6827,16.2978]]],[[[97.5936,16.2399],[97.5771,16.2946],[97.5955,16.3324],[97.6154,16.2816],[97.5936,16.2399]]],[[[95.9655,16.3391],[95.9586,16.3008],[95.9577,16.3487],[95.9655,16.3391]]],[[[96.0681,16.3567],[96.0776,16.3522],[96.065,16.3563],[96.0681,16.3567]]],[[[96.0878,16.3604],[96.0854,16.36],[96.0911,16.3657],[96.0878,16.3604]]],[[[96.0538,16.3658],[96.0567,16.3654],[96.0579,16.3642],[96.0538,16.3658]]],[[[96.0914,16.3663],[96.0921,16.3683],[96.0937,16.37],[96.0914,16.3663]]],[[[95.9531,16.2956],[95.9379,16.245],[95.871,16.2021],[95.8912,16.2219],[95.9178,16.273],[95.913,16.3313],[95.9399,16.3786],[95.9531,16.2956]]],[[[94.6255,16.2552],[94.5784,16.2263],[94.5772,16.2518],[94.6135,16.2865],[94.6139,16.3189],[94.6499,16.3302],[94.6823,16.3799],[94.6255,16.2552]]],[[[94.2276,16.3797],[94.2279,16.3804],[94.2279,16.38],[94.2276,16.3797]]],[[[95.9886,16.3774],[96.0726,16.3419],[96.0795,16.3166],[96.0235,16.2497],[95.927,16.2097],[95.9557,16.2478],[95.9886,16.3774]]],[[[95.9343,16.3798],[95.9279,16.3735],[95.9334,16.3835],[95.9343,16.3798]]],[[[94.2293,16.3839],[94.2296,16.3846],[94.2296,16.3842],[94.2293,16.3839]]],[[[95.9515,16.3792],[95.9437,16.3836],[95.9477,16.39],[95.9515,16.3792]]],[[[94.6979,16.3684],[94.6979,16.3876],[94.7024,16.3906],[94.7021,16.3785],[94.6979,16.3684]]],[[[95.9399,16.3965],[95.9325,16.3958],[95.9327,16.3981],[95.9399,16.3965]]],[[[95.9967,16.3988],[96.0038,16.385],[95.9936,16.399],[95.9967,16.3988]]],[[[95.9658,16.3464],[95.9522,16.3705],[95.9586,16.4063],[95.9924,16.3898],[95.9658,16.3464]]],[[[97.6046,16.3789],[97.601,16.3972],[97.6051,16.4101],[97.6131,16.3953],[97.6046,16.3789]]],[[[96.309,16.4677],[96.3133,16.4721],[96.3185,16.4672],[96.309,16.4677]]],[[[97.5718,16.4957],[97.59,16.4888],[97.57,16.4937],[97.5718,16.4957]]],[[[97.5041,16.512],[97.5793,16.4835],[97.6081,16.4883],[97.6154,16.4699],[97.5794,16.3995],[97.5903,16.3599],[97.5558,16.2254],[97.5091,16.2413],[97.4565,16.3187],[97.4829,16.3533],[97.4571,16.4149],[97.4557,16.4613],[97.472,16.4712],[97.4479,16.4734],[97.5041,16.512]]],[[[97.5343,16.5139],[97.5541,16.503],[97.5285,16.5115],[97.5343,16.5139]]],[[[97.6557,16.5165],[97.6474,16.5138],[97.6558,16.5234],[97.6557,16.5165]]],[[[94.2932,16.5247],[94.2933,16.5254],[94.2941,16.5254],[94.2932,16.5247]]],[[[94.3033,16.5254],[94.3025,16.5221],[94.2994,16.5238],[94.3033,16.5254]]],[[[97.5555,16.5248],[97.5998,16.5168],[97.6077,16.509],[97.5555,16.5248]]],[[[97.485,16.5287],[97.4837,16.53],[97.4837,16.53],[97.485,16.5287]]],[[[97.5211,16.5336],[97.505,16.5254],[97.5013,16.5283],[97.5211,16.5336]]],[[[94.2487,16.5225],[94.2475,16.5327],[94.246,16.5378],[94.2471,16.5384],[94.2487,16.5225]]],[[[97.52,16.5387],[97.5238,16.5373],[97.5142,16.537],[97.52,16.5387]]],[[[97.7111,16.5602],[97.7104,16.5604],[97.7115,16.5604],[97.7111,16.5602]]],[[[97.7158,16.5621],[97.7036,16.5633],[97.7161,16.5622],[97.7158,16.5621]]],[[[97.6435,16.5772],[97.6646,16.5555],[97.6564,16.5387],[97.6276,16.5296],[97.6435,16.5772]]],[[[97.6573,16.5738],[97.6481,16.5788],[97.6515,16.5872],[97.6573,16.5738]]],[[[82.3146,16.5901],[82.3113,16.5908],[82.3116,16.5929],[82.3146,16.5901]]],[[[96.282,16.5948],[96.2804,16.5884],[96.2869,16.5996],[96.282,16.5948]]],[[[96.1866,16.4686],[96.1983,16.4864],[96.1788,16.5142],[96.1851,16.5578],[96.1782,16.581],[96.2296,16.6002],[96.2587,16.5233],[96.3026,16.4722],[96.2944,16.4457],[96.3241,16.4638],[96.3312,16.4392],[96.2596,16.3792],[96.1092,16.3211],[96.0914,16.3535],[96.109,16.3796],[96.1432,16.3846],[96.1668,16.414],[96.1488,16.4548],[96.1585,16.453],[96.1804,16.4603],[96.1866,16.4686]]],[[[96.2883,16.6004],[96.2883,16.6004],[96.2884,16.6004],[96.2883,16.6004]]],[[[96.2308,16.6043],[96.2292,16.6046],[96.2312,16.6046],[96.2308,16.6043]]],[[[97.6359,16.5737],[97.6122,16.58],[97.6261,16.6184],[97.6445,16.6024],[97.6359,16.5737]]],[[[73.3904,16.6233],[73.3854,16.6233],[73.3891,16.6287],[73.3904,16.6233]]],[[[73.3416,16.6887],[73.3421,16.6895],[73.3421,16.6892],[73.3416,16.6887]]],[[[73.3426,16.6905],[73.3429,16.691],[73.3429,16.6908],[73.3426,16.6905]]],[[[82.3555,16.7137],[82.3508,16.7096],[82.3496,16.7116],[82.3555,16.7137]]],[[[97.3437,16.7175],[97.3427,16.7173],[97.3424,16.7188],[97.3437,16.7175]]],[[[82.3425,16.7254],[82.3475,16.7121],[82.3404,16.7225],[82.3425,16.7254]]],[[[97.3428,16.7291],[97.3429,16.7295],[97.3429,16.7292],[97.3428,16.7291]]],[[[96.1392,16.7671],[96.1462,16.7641],[96.1362,16.7671],[96.1392,16.7671]]],[[[96.7899,16.7755],[96.7898,16.7755],[96.7898,16.7756],[96.7899,16.7755]]],[[[96.7896,16.7764],[96.7894,16.7768],[96.7896,16.7767],[96.7896,16.7764]]],[[[96.7795,16.78],[96.7795,16.78],[96.7796,16.7801],[96.7795,16.78]]],[[[96.7841,16.7837],[96.7818,16.7765],[96.7804,16.7817],[96.7841,16.7837]]],[[[96.1195,16.789],[96.1187,16.7891],[96.1195,16.7899],[96.1195,16.789]]],[[[96.2575,16.8063],[96.2617,16.8029],[96.2462,16.8041],[96.2575,16.8063]]],[[[97.2705,16.8487],[97.2628,16.8487],[97.2705,16.8487],[97.2705,16.8487]]],[[[82.3638,16.8508],[82.3579,16.85],[82.3618,16.8546],[82.3638,16.8508]]],[[[96.3107,16.8499],[96.3016,16.8461],[96.3033,16.8612],[96.3107,16.8499]]],[[[82.2841,16.8661],[82.2792,16.8665],[82.2814,16.8695],[82.2841,16.8661]]],[[[97.1988,16.8715],[97.1903,16.8617],[97.1922,16.8778],[97.1988,16.8715]]],[[[96.8208,16.8613],[96.8221,16.8733],[96.8333,16.8788],[96.8354,16.8708],[96.8208,16.8613]]],[[[96.8344,16.8989],[96.8338,16.8967],[96.8338,16.8994],[96.8344,16.8989]]],[[[96.8128,16.9012],[96.8233,16.8996],[96.8254,16.8937],[96.818,16.8967],[96.8128,16.9012]]],[[[96.8492,16.912],[96.8483,16.8887],[96.8374,16.9028],[96.8441,16.9021],[96.8492,16.912]]],[[[96.8071,16.9117],[96.8021,16.9133],[96.8025,16.9154],[96.8071,16.9117]]],[[[96.8807,16.924],[96.8712,16.9192],[96.8792,16.9288],[96.8807,16.924]]],[[[73.3108,16.9637],[73.3084,16.9612],[73.3079,16.9633],[73.3108,16.9637]]],[[[82.3572,16.9708],[82.3645,16.9527],[82.3465,16.9668],[82.3572,16.9708]]],[[[73.3021,16.9765],[73.3017,16.977],[73.3021,16.9767],[73.3021,16.9765]]],[[[73.3012,16.9777],[73.2998,16.9796],[73.3012,16.9783],[73.3012,16.9777]]],[[[73.2987,16.98],[73.2965,16.9802],[73.2983,16.9804],[73.2987,16.98]]],[[[73.2874,17.0353],[73.285,17.0312],[73.2837,17.0316],[73.2874,17.0353]]],[[[73.2762,17.0229],[73.2587,17.02],[73.2575,17.0443],[73.2711,17.0387],[73.2762,17.0229]]],[[[94.5146,17.16],[94.5096,17.1615],[94.5137,17.1635],[94.5146,17.16]]],[[[73.2485,17.2888],[73.2472,17.2892],[73.2492,17.2895],[73.2485,17.2888]]],[[[94.5913,17.3075],[94.5879,17.3074],[94.5884,17.3088],[94.5913,17.3075]]],[[[94.5883,17.3188],[94.5883,17.3212],[94.5896,17.32],[94.5883,17.3188]]],[[[96.6759,17.3463],[96.6653,17.3236],[96.655,17.3371],[96.6759,17.3463]]],[[[96.9079,17.3675],[96.9046,17.3665],[96.9058,17.3688],[96.9079,17.3675]]],[[[96.778,17.3694],[96.7677,17.3663],[96.7776,17.3754],[96.778,17.3694]]],[[[96.8239,17.3907],[96.8238,17.3908],[96.8238,17.3911],[96.8239,17.3907]]],[[[96.8232,17.3934],[96.8229,17.3933],[96.8229,17.3945],[96.8232,17.3934]]],[[[96.8283,17.4054],[96.8299,17.405],[96.8229,17.3962],[96.8258,17.4046],[96.8283,17.4054]]],[[[96.8638,17.4091],[96.8592,17.3937],[96.8417,17.3905],[96.8484,17.4137],[96.8638,17.4091]]],[[[82.8746,17.4283],[82.8779,17.4333],[82.8794,17.4337],[82.8746,17.4283]]],[[[96.8408,17.4062],[96.8266,17.4071],[96.8221,17.4033],[96.819,17.3837],[96.7884,17.3795],[96.7385,17.4383],[96.792,17.4828],[96.8078,17.4389],[96.8408,17.4062]]],[[[94.5855,17.5618],[94.5821,17.5617],[94.5821,17.565],[94.5855,17.5618]]],[[[94.5905,17.5607],[94.5896,17.5634],[94.5927,17.5681],[94.5905,17.5607]]],[[[94.5921,17.5716],[94.5871,17.5687],[94.588,17.5735],[94.5921,17.5716]]],[[[73.1708,17.5762],[73.1679,17.5769],[73.1712,17.5775],[73.1708,17.5762]]],[[[83.3026,17.68],[83.2996,17.6791],[83.3025,17.6812],[83.3026,17.68]]],[[[83.4154,17.8075],[83.4121,17.8083],[83.4142,17.8088],[83.4154,17.8075]]],[[[73.1096,17.8366],[73.1071,17.8383],[73.1092,17.8387],[73.1096,17.8366]]],[[[83.4576,17.9014],[83.4546,17.9016],[83.4553,17.9032],[83.4576,17.9014]]],[[[83.4579,17.91],[83.4535,17.9115],[83.4579,17.9169],[83.4579,17.91]]],[[[83.4668,17.9113],[83.4583,17.9071],[83.4631,17.9187],[83.4668,17.9113]]],[[[73.0654,17.9275],[73.0629,17.9292],[73.065,17.9296],[73.0654,17.9275]]],[[[73.0338,17.9608],[73.0327,17.9604],[73.0329,17.9616],[73.0338,17.9608]]],[[[94.4571,17.9908],[94.4537,17.9908],[94.4542,17.9921],[94.4571,17.9908]]],[[[94.4542,17.9938],[94.4509,17.9938],[94.4495,17.9951],[94.4542,17.9938]]],[[[73.0204,17.9941],[73.0196,17.9971],[73.02,17.9971],[73.0204,17.9941]]],[[[73.016,18.025],[73.0156,18.0254],[73.0161,18.0254],[73.016,18.025]]],[[[94.0995,18.0616],[94.0833,18.0537],[94.0826,18.0583],[94.0995,18.0616]]],[[[94.4467,18.1362],[94.4448,18.1371],[94.4479,18.1381],[94.4467,18.1362]]],[[[94.452,18.1374],[94.4488,18.135],[94.4507,18.1385],[94.452,18.1374]]],[[[94.4538,18.1472],[94.4531,18.1481],[94.4538,18.1475],[94.4538,18.1472]]],[[[94.4529,18.1485],[94.4514,18.1504],[94.4529,18.15],[94.4529,18.1485]]],[[[73.0813,18.3067],[73.0779,18.3075],[73.0809,18.3096],[73.0813,18.3067]]],[[[73.0846,18.3175],[73.0821,18.3183],[73.0842,18.3195],[73.0846,18.3175]]],[[[84.1209,18.3513],[84.13,18.3471],[84.1196,18.3492],[84.1209,18.3513]]],[[[93.9107,18.4311],[93.9046,18.4358],[93.9054,18.4414],[93.9107,18.4311]]],[[[72.9754,18.5025],[72.9846,18.5016],[72.9883,18.4929],[72.9754,18.5025]]],[[[94.2396,18.5366],[94.2351,18.5354],[94.235,18.5396],[94.2396,18.5366]]],[[[84.3391,18.5521],[84.3258,18.5462],[84.3246,18.5474],[84.3391,18.5521]]],[[[84.3633,18.5571],[84.3625,18.5579],[84.3638,18.5575],[84.3633,18.5571]]],[[[84.3633,18.5613],[84.3625,18.5621],[84.3638,18.5617],[84.3633,18.5613]]],[[[94.2654,18.6133],[94.2646,18.6124],[94.265,18.6137],[94.2654,18.6133]]],[[[84.4462,18.6592],[84.4446,18.6583],[84.445,18.6596],[84.4462,18.6592]]],[[[93.7859,18.6024],[93.7754,18.6206],[93.7933,18.6655],[93.8013,18.6108],[93.7859,18.6024]]],[[[72.8151,18.7014],[72.8129,18.7],[72.814,18.7027],[72.8151,18.7014]]],[[[72.8424,18.7075],[72.8412,18.7066],[72.8421,18.708],[72.8424,18.7075]]],[[[93.8182,18.7147],[93.811,18.7247],[93.8158,18.7253],[93.8182,18.7147]]],[[[93.9837,18.7412],[94.0046,18.737],[94.0087,18.7305],[93.9837,18.7412]]],[[[93.7529,18.7488],[93.7521,18.7491],[93.7527,18.7496],[93.7529,18.7488]]],[[[94.2071,18.8],[94.2021,18.7983],[94.2067,18.8004],[94.2071,18.8]]],[[[94.1347,18.8254],[94.1227,18.8084],[94.1191,18.8079],[94.1157,18.8095],[94.1129,18.8117],[94.1216,18.8096],[94.1347,18.8254]]],[[[93.9737,18.8275],[93.9746,18.7967],[93.9912,18.7858],[93.9608,18.78],[93.9394,18.8169],[93.9737,18.8275]]],[[[84.5817,18.8346],[84.5816,18.8363],[84.5829,18.8358],[84.5817,18.8346]]],[[[94.0733,18.8604],[94.0737,18.8591],[94.0721,18.8576],[94.0733,18.8604]]],[[[94.1131,18.8492],[94.1386,18.8543],[94.1325,18.8279],[94.1063,18.8241],[94.13,18.8254],[94.1217,18.8112],[94.068,18.8462],[94.0864,18.8476],[94.1155,18.8697],[94.1131,18.8492]]],[[[94.0541,18.8904],[94.0534,18.89],[94.0513,18.8901],[94.0541,18.8904]]],[[[93.6152,18.9146],[93.6517,18.8712],[93.7415,18.8723],[93.7388,18.775],[93.7521,18.7454],[93.7139,18.6726],[93.664,18.6693],[93.6373,18.6853],[93.6042,18.7313],[93.5454,18.7663],[93.4825,18.8677],[93.57,18.8779],[93.6152,18.9146]]],[[[72.8085,18.8975],[72.8054,18.9092],[72.8239,18.9168],[72.8085,18.8975]]],[[[72.9771,18.9466],[72.977,18.9467],[72.9771,18.9467],[72.9771,18.9466]]],[[[72.9331,18.9546],[72.9246,18.9642],[72.9424,18.9688],[72.9389,18.9654],[72.9331,18.9546]]],[[[73.0594,19.0065],[73.0493,19.0066],[73.0592,19.0154],[73.0594,19.0065]]],[[[94.0394,19.0214],[94.0409,19.0389],[94.0542,19.0382],[94.0545,19.0336],[94.0394,19.0214]]],[[[94.0403,19.0527],[94.0188,19.0455],[94.0375,19.0623],[94.0403,19.0527]]],[[[84.7662,19.1025],[84.7646,19.1041],[84.7658,19.1046],[84.7662,19.1025]]],[[[84.772,19.1041],[84.7671,19.1016],[84.7717,19.1054],[84.772,19.1041]]],[[[94.0149,19.1003],[93.9972,19.103],[94.0163,19.1061],[94.0149,19.1003]]],[[[84.7879,19.1141],[84.7837,19.1133],[84.7867,19.1154],[84.7879,19.1141]]],[[[84.7929,19.1242],[84.7887,19.1241],[84.7925,19.1262],[84.7929,19.1242]]],[[[72.9871,19.1816],[72.9854,19.1841],[72.9866,19.1846],[72.9871,19.1816]]],[[[93.8276,19.264],[93.8292,19.2529],[93.8194,19.2598],[93.8276,19.264]]],[[[84.9104,19.2675],[84.9079,19.2709],[84.9099,19.2721],[84.9104,19.2675]]],[[[94.0208,19.2729],[94.0354,19.2177],[94.0055,19.1829],[93.9896,19.25],[94.0083,19.2554],[94.0208,19.2729]]],[[[93.7478,19.2846],[93.7547,19.2753],[93.7439,19.2818],[93.7478,19.2846]]],[[[93.8451,19.2768],[93.8351,19.2743],[93.8367,19.2933],[93.8451,19.2768]]],[[[93.8654,19.2833],[93.8532,19.2712],[93.8486,19.2721],[93.8502,19.296],[93.8654,19.2833]]],[[[93.7747,19.2932],[93.8275,19.295],[93.8326,19.2758],[93.8002,19.2673],[93.7747,19.2932]]],[[[72.8684,19.3295],[72.8447,19.3312],[72.838,19.3354],[72.8531,19.3371],[72.8684,19.3295]]],[[[94.0537,19.3442],[94.0403,19.3418],[94.0545,19.3488],[94.0537,19.3442]]],[[[85.0558,19.3738],[85.0596,19.3717],[85.0529,19.3733],[85.0558,19.3738]]],[[[93.6445,19.3665],[93.6879,19.3625],[93.6571,19.3361],[93.6445,19.3665]]],[[[85.0429,19.3783],[85.0558,19.3696],[85.0662,19.3683],[85.0525,19.3687],[85.0429,19.3783]]],[[[85.0421,19.3783],[85.0379,19.3792],[85.0392,19.3804],[85.0421,19.3783]]],[[[93.6667,19.4071],[93.6891,19.3979],[93.6899,19.3919],[93.675,19.3904],[93.6667,19.4071]]],[[[93.6529,19.4245],[93.666,19.4254],[93.6665,19.4201],[93.6529,19.4245]]],[[[93.6354,19.4292],[93.6421,19.4184],[93.6391,19.4057],[93.6363,19.4039],[93.6354,19.4292]]],[[[93.6173,19.439],[93.6004,19.4426],[93.614,19.4516],[93.6173,19.439]]],[[[93.9051,19.4588],[93.9058,19.4571],[93.9046,19.4583],[93.9051,19.4588]]],[[[72.7296,19.4666],[72.737,19.4658],[72.7328,19.4609],[72.7296,19.4666]]],[[[93.8816,19.4721],[93.8779,19.4728],[93.8816,19.4721],[93.8816,19.4721]]],[[[93.5827,19.4751],[93.595,19.4721],[93.5981,19.4617],[93.5827,19.4751]]],[[[93.5324,19.4645],[93.5409,19.4729],[93.5502,19.4702],[93.5324,19.4645]]],[[[93.6021,19.4703],[93.6273,19.4906],[93.6441,19.4497],[93.6021,19.4703]]],[[[93.5116,19.4978],[93.5338,19.4866],[93.5197,19.4767],[93.5116,19.4978]]],[[[72.8183,19.5054],[72.82,19.4937],[72.8063,19.4992],[72.8183,19.5054]]],[[[93.5183,19.5196],[93.5517,19.4829],[93.5683,19.4829],[93.5751,19.4766],[93.5489,19.4801],[93.5183,19.5196]]],[[[93.7709,19.5239],[93.81,19.5263],[93.8588,19.4993],[93.8283,19.4828],[93.7709,19.5239]]],[[[72.845,19.5238],[72.8625,19.5354],[72.8746,19.5258],[72.845,19.5238]]],[[[93.525,19.5379],[93.5313,19.5325],[93.5323,19.5289],[93.525,19.5379]]],[[[72.8458,19.5371],[72.8458,19.5396],[72.8479,19.5391],[72.8458,19.5371]]],[[[93.5995,19.5517],[93.5989,19.5521],[93.5992,19.5521],[93.5995,19.5517]]],[[[93.5979,19.5525],[93.5972,19.5529],[93.5976,19.5529],[93.5979,19.5525]]],[[[93.5944,19.5543],[93.5939,19.5545],[93.5942,19.5545],[93.5944,19.5543]]],[[[93.5928,19.5551],[93.5922,19.5554],[93.5925,19.5554],[93.5928,19.5551]]],[[[93.4999,19.5532],[93.4902,19.5594],[93.4902,19.5639],[93.4999,19.5532]]],[[[93.6866,19.5621],[93.7462,19.5422],[93.7296,19.505],[93.752,19.5251],[93.7688,19.4853],[93.7883,19.5013],[93.8187,19.4643],[93.8567,19.4843],[93.8585,19.4404],[93.8744,19.4726],[93.915,19.4479],[93.9676,19.4306],[93.9754,19.4108],[93.9613,19.4066],[93.9838,19.4058],[93.9663,19.3584],[93.8921,19.2916],[93.8818,19.3076],[93.9179,19.3316],[93.9218,19.3773],[93.9111,19.3353],[93.8842,19.3196],[93.8895,19.3533],[93.8589,19.3878],[93.8823,19.353],[93.8687,19.3066],[93.7693,19.3037],[93.7392,19.3449],[93.7463,19.3542],[93.7753,19.3404],[93.78,19.3542],[93.7704,19.3446],[93.75,19.3588],[93.7323,19.3566],[93.7276,19.38],[93.7438,19.3833],[93.7121,19.4014],[93.7393,19.4088],[93.6551,19.4411],[93.6377,19.4845],[93.6629,19.4866],[93.6468,19.5122],[93.6712,19.5125],[93.67,19.5287],[93.6569,19.5212],[93.6866,19.5621]]],[[[93.6641,19.5654],[93.6621,19.5474],[93.6303,19.546],[93.6397,19.5666],[93.6641,19.5654]]],[[[93.6595,19.5774],[93.6733,19.5729],[93.6743,19.5716],[93.6681,19.5679],[93.6595,19.5774]]],[[[93.7067,19.5966],[93.7141,19.5954],[93.7184,19.5938],[93.7067,19.5966]]],[[[93.6354,19.6135],[93.6354,19.6137],[93.6354,19.6136],[93.6354,19.6135]]],[[[93.6091,19.6271],[93.635,19.6109],[93.6013,19.6074],[93.6091,19.6271]]],[[[93.6538,19.635],[93.659,19.6278],[93.6537,19.6374],[93.6538,19.635]]],[[[93.5394,19.6491],[93.5462,19.6491],[93.5452,19.6467],[93.5394,19.6491]]],[[[93.6921,19.6539],[93.6975,19.6613],[93.7,19.6579],[93.6921,19.6539]]],[[[93.585,19.6687],[93.5783,19.6496],[93.5636,19.6541],[93.5654,19.664],[93.585,19.6687]]],[[[85.5358,19.6871],[85.535,19.6829],[85.5312,19.6842],[85.5358,19.6871]]],[[[85.5466,19.6912],[85.5458,19.6871],[85.5387,19.6899],[85.5466,19.6912]]],[[[85.5425,19.6954],[85.5471,19.6933],[85.5413,19.6924],[85.5425,19.6954]]],[[[85.5571,19.6966],[85.5487,19.695],[85.5566,19.6987],[85.5571,19.6966]]],[[[85.5725,19.6979],[85.5717,19.6996],[85.5729,19.6992],[85.5725,19.6979]]],[[[85.5692,19.7012],[85.5633,19.697],[85.5612,19.7],[85.5692,19.7012]]],[[[85.5983,19.7087],[85.5925,19.7046],[85.5913,19.7075],[85.5983,19.7087]]],[[[85.5817,19.7037],[85.5791,19.7088],[85.5837,19.7058],[85.5817,19.7037]]],[[[85.5991,19.7129],[85.5917,19.7088],[85.5904,19.7117],[85.5991,19.7129]]],[[[93.814,19.7108],[93.8094,19.7149],[93.8121,19.7273],[93.814,19.7108]]],[[[85.6492,19.7354],[85.6413,19.7341],[85.6495,19.7367],[85.6492,19.7354]]],[[[93.4714,19.7358],[93.5,19.7237],[93.5021,19.7177],[93.4714,19.7358]]],[[[93.4078,19.7406],[93.4406,19.7464],[93.4942,19.7146],[93.5017,19.6741],[93.457,19.6908],[93.4078,19.7406]]],[[[93.5887,19.7483],[93.572,19.7093],[93.5429,19.6967],[93.5513,19.6858],[93.5246,19.6804],[93.5153,19.7195],[93.582,19.7691],[93.5887,19.7483]]],[[[93.704,19.7568],[93.69,19.7132],[93.6321,19.7184],[93.6558,19.7779],[93.6663,19.76],[93.6911,19.7895],[93.704,19.7568]]],[[[93.4054,19.7978],[93.4037,19.7983],[93.405,19.7988],[93.4054,19.7978]]],[[[93.5806,19.7961],[93.5518,19.7607],[93.5441,19.785],[93.5667,19.8012],[93.5806,19.7961]]],[[[93.4046,19.8008],[93.4004,19.8024],[93.4033,19.8071],[93.4046,19.8008]]],[[[93.6854,19.8042],[93.6843,19.8094],[93.6843,19.8094],[93.6854,19.8083],[93.6854,19.8042]]],[[[93.7368,19.7887],[93.6991,19.7962],[93.7435,19.8326],[93.7452,19.8097],[93.7368,19.7887]]],[[[93.5833,19.8054],[93.5507,19.8014],[93.5455,19.8082],[93.583,19.8359],[93.5964,19.8282],[93.5833,19.8054]]],[[[86.0617,19.8496],[86.0596,19.8499],[86.0621,19.85],[86.0617,19.8496]]],[[[93.7265,19.8506],[93.7326,19.8242],[93.6781,19.7891],[93.6887,19.805],[93.6827,19.8216],[93.7265,19.8506]]],[[[93.6423,19.8601],[93.7012,19.8521],[93.5996,19.7099],[93.599,19.7644],[93.6146,19.765],[93.593,19.7818],[93.6454,19.8334],[93.6423,19.8601]]],[[[93.7634,19.8635],[93.7925,19.8314],[93.7771,19.7662],[93.7124,19.7645],[93.7041,19.7837],[93.7335,19.7817],[93.7469,19.7906],[93.7545,19.8254],[93.7409,19.8452],[93.7634,19.8635]]],[[[93.5021,19.8804],[93.5012,19.8808],[93.5029,19.8821],[93.5021,19.8804]]],[[[93.7138,19.8899],[93.7224,19.8896],[93.7226,19.8864],[93.7138,19.8899]]],[[[93.7117,19.8912],[93.7106,19.8934],[93.7133,19.8928],[93.7117,19.8912]]],[[[93.6945,19.8948],[93.719,19.882],[93.7357,19.8838],[93.7369,19.8696],[93.6902,19.8775],[93.6633,19.8581],[93.6547,19.8793],[93.6945,19.8948]]],[[[93.504,19.8944],[93.5028,19.8984],[93.5046,19.8966],[93.504,19.8944]]],[[[93.5751,19.8794],[93.5936,19.9044],[93.6058,19.9024],[93.5958,19.8887],[93.5751,19.8794]]],[[[93.1879,19.9041],[93.1865,19.9052],[93.1867,19.9054],[93.1879,19.9041]]],[[[93.6607,19.9012],[93.5996,19.843],[93.5633,19.8429],[93.5459,19.8272],[93.5486,19.8664],[93.5941,19.8746],[93.615,19.902],[93.6607,19.9012]]],[[[86.2358,19.9129],[86.2316,19.9046],[86.2254,19.9066],[86.2358,19.9129]]],[[[86.2446,19.9133],[86.2421,19.9142],[86.2433,19.9146],[86.2446,19.9133]]],[[[86.24,19.9154],[86.2375,19.9146],[86.2371,19.915],[86.24,19.9154]]],[[[93.5264,19.9144],[93.5187,19.8667],[93.5027,19.9081],[93.5264,19.9144]]],[[[93.7362,19.9207],[93.7356,19.9214],[93.7362,19.9208],[93.7362,19.9207]]],[[[93.7238,19.9212],[93.7112,19.9182],[93.7104,19.9195],[93.7142,19.9279],[93.7238,19.9212]]],[[[93.5033,19.9171],[93.4897,19.9217],[93.5078,19.9272],[93.5033,19.9171]]],[[[93.4699,19.9412],[93.47,19.9412],[93.47,19.9412],[93.4699,19.9412]]],[[[93.4517,19.9479],[93.4504,19.9472],[93.4504,19.9474],[93.4517,19.9479]]],[[[72.7409,19.945],[72.7391,19.9446],[72.7371,19.949],[72.7409,19.945]]],[[[93.4975,19.9337],[93.4833,19.9313],[93.4678,19.9349],[93.4991,19.9572],[93.4975,19.9337]]],[[[93.3958,19.9583],[93.4274,19.9541],[93.4767,19.8963],[93.4916,19.9029],[93.4967,19.8879],[93.4979,19.8983],[93.5082,19.8394],[93.4692,19.8297],[93.499,19.8213],[93.5212,19.7592],[93.5112,19.7345],[93.5017,19.7704],[93.4851,19.7605],[93.4446,19.7876],[93.4279,19.8783],[93.3979,19.9258],[93.3958,19.9583]]],[[[93.4875,19.9522],[93.4612,19.9413],[93.4752,19.9624],[93.4875,19.9522]]],[[[72.73,19.9629],[72.7296,19.9633],[72.7296,19.9633],[72.73,19.9629]]],[[[86.3871,19.9652],[86.3846,19.9675],[86.3858,19.9679],[86.3871,19.9652]]],[[[86.3675,19.9737],[86.3742,19.9612],[86.3621,19.9725],[86.3675,19.9737]]],[[[86.3471,19.9741],[86.3604,19.9716],[86.3533,19.9637],[86.3471,19.9741]]],[[[86.3783,19.9813],[86.3792,19.9846],[86.3804,19.9842],[86.3783,19.9813]]],[[[86.325,19.9887],[86.3258,19.9846],[86.3229,19.9875],[86.325,19.9887]]],[[[86.3396,19.9866],[86.3363,19.9849],[86.3367,19.9895],[86.3396,19.9866]]],[[[92.9823,19.9906],[92.9821,19.9908],[92.9822,19.9909],[92.9823,19.9906]]],[[[93.4864,19.9612],[93.4747,19.9808],[93.4747,19.9909],[93.497,19.9809],[93.4864,19.9612]]],[[[93.464,19.9622],[93.4496,19.9708],[93.4499,19.9931],[93.4636,19.9765],[93.464,19.9622]]],[[[93.1487,20.0384],[93.2232,19.8516],[93.25,19.8179],[93.2272,19.8161],[93.1267,20.0519],[93.1487,20.0384]]],[[[92.9888,20.0625],[92.9874,20.0628],[92.9875,20.0629],[92.9888,20.0625]]],[[[93.1155,20.0637],[93.1154,20.0641],[93.117,20.0658],[93.1155,20.0637]]],[[[93.1284,20.062],[93.1188,20.0584],[93.1264,20.0691],[93.1284,20.062]]],[[[93.1585,20.0669],[93.1746,20.0428],[93.1373,20.0718],[93.1585,20.0669]]],[[[93.3409,20.0679],[93.3316,20.0638],[93.3391,20.0728],[93.3409,20.0679]]],[[[93.1212,20.0708],[93.1225,20.0729],[93.1239,20.0729],[93.1212,20.0708]]],[[[92.9266,20.0763],[92.925,20.0779],[92.9279,20.0775],[92.9266,20.0763]]],[[[92.9229,20.0767],[92.9602,20.0616],[92.9804,19.9891],[93.02,19.9194],[93.0354,19.875],[93.0279,19.8196],[93.0121,19.9025],[92.9363,20.019],[92.9151,20.0611],[92.9229,20.0767]]],[[[93.1971,20.0793],[93.1971,20.08],[93.1972,20.0801],[93.1971,20.0793]]],[[[93.3892,20.0912],[93.3908,20.0937],[93.3916,20.0937],[93.3892,20.0912]]],[[[93.2125,20.1004],[93.2004,20.0933],[93.2066,20.0988],[93.2125,20.1004]]],[[[93.2125,20.1004],[93.2134,20.1012],[93.2139,20.1012],[93.2125,20.1004]]],[[[92.8741,20.1246],[92.8716,20.1254],[92.8746,20.1249],[92.8741,20.1246]]],[[[92.9954,20.1129],[93.0682,20.116],[93.0872,20.0864],[93.074,20.0766],[93.1218,20.0396],[93.1362,20.0008],[93.1112,19.9858],[93.1004,19.945],[93.1733,19.7879],[93.0568,19.9513],[93.0346,20.0208],[93.0025,20.0546],[92.9846,20.065],[92.9746,20.1264],[92.9954,20.1129]]],[[[93.3256,20.1211],[93.3214,20.1133],[93.3129,20.1366],[93.3256,20.1211]]],[[[93.1267,20.079],[93.1133,20.0637],[93.0987,20.0779],[93.0949,20.0879],[93.1195,20.0869],[93.0855,20.1002],[93.0736,20.1239],[93.0877,20.1388],[93.1092,20.1359],[93.1267,20.079]]],[[[92.8371,20.1458],[92.8354,20.1467],[92.8367,20.1471],[92.8371,20.1458]]],[[[93.0718,20.1291],[93.0639,20.1368],[93.0841,20.1652],[93.0895,20.1485],[93.0718,20.1291]]],[[[93.2971,20.0507],[93.2862,20.0946],[93.2988,20.1685],[93.3109,20.1152],[93.3301,20.0838],[93.2971,20.0507]]],[[[93.3052,20.1673],[93.3004,20.1704],[93.3034,20.1704],[93.3052,20.1673]]],[[[93.2972,20.1759],[93.2962,20.175],[93.2973,20.176],[93.2972,20.1759]]],[[[93.0953,20.1603],[93.095,20.1789],[93.113,20.179],[93.1024,20.1719],[93.0953,20.1603]]],[[[93.1185,20.1858],[93.1157,20.187],[93.1323,20.1865],[93.1185,20.1858]]],[[[93.138,20.1868],[93.1383,20.1871],[93.1441,20.1871],[93.138,20.1868]]],[[[93.2119,20.1599],[93.2312,20.113],[93.23,20.1103],[93.215,20.1054],[93.1996,20.0942],[93.1871,20.063],[93.1329,20.0846],[93.1113,20.1403],[93.0981,20.1542],[93.123,20.1798],[93.1717,20.1884],[93.1898,20.168],[93.2119,20.1599]]],[[[92.9237,20.1904],[92.9219,20.1921],[92.9226,20.1921],[92.9237,20.1904]]],[[[92.9606,20.2093],[92.9608,20.2096],[92.961,20.2096],[92.9606,20.2093]]],[[[92.9729,20.1766],[92.9498,20.1894],[92.9752,20.2112],[92.977,20.1933],[92.9729,20.1766]]],[[[72.7689,20.2131],[72.7632,20.2136],[72.7683,20.2138],[72.7689,20.2131]]],[[[92.8918,20.2137],[92.9008,20.2112],[92.9091,20.2096],[92.8949,20.2103],[92.8918,20.2137]]],[[[92.9146,20.2122],[92.9129,20.2133],[92.9162,20.2166],[92.9146,20.2122]]],[[[93.1272,20.2159],[93.1287,20.2174],[93.1284,20.2167],[93.1272,20.2159]]],[[[92.9627,20.2106],[92.9725,20.2188],[92.9751,20.2196],[92.9744,20.2179],[92.9627,20.2106]]],[[[92.92,20.2265],[92.9179,20.2275],[92.9212,20.2296],[92.92,20.2265]]],[[[92.9763,20.2225],[92.9608,20.2151],[92.9787,20.2317],[92.9763,20.2225]]],[[[92.7365,20.2369],[92.7362,20.2366],[92.7363,20.237],[92.7365,20.2369]]],[[[92.9488,20.2349],[92.9487,20.24],[92.9488,20.2401],[92.9488,20.2349]]],[[[92.9426,20.2506],[92.9487,20.2175],[92.9191,20.1979],[92.9252,20.2444],[92.9426,20.2506]]],[[[92.7419,20.2596],[92.7363,20.2608],[92.7367,20.2621],[92.7419,20.2596]]],[[[93.2883,20.1654],[93.251,20.146],[93.2845,20.1445],[93.2744,20.0854],[93.2894,20.0741],[93.2879,20.0458],[93.2625,20.0362],[93.2133,20.0479],[93.2016,20.0806],[93.2467,20.116],[93.2317,20.1537],[93.1829,20.1916],[93.2081,20.2124],[93.2167,20.2346],[93.2528,20.2428],[93.2513,20.2636],[93.2991,20.1973],[93.2883,20.1654]]],[[[86.6889,20.2951],[86.7054,20.2917],[86.6879,20.2919],[86.6889,20.2951]]],[[[93.2728,20.2683],[93.2347,20.2758],[93.2548,20.3126],[93.2708,20.3147],[93.2636,20.2969],[93.2728,20.2683]]],[[[93.3231,20.3224],[93.3364,20.2789],[93.3577,20.27],[93.3906,20.2092],[93.4112,20.1214],[93.4003,20.1116],[93.3839,20.1859],[93.3956,20.1035],[93.3666,20.084],[93.3765,20.0196],[93.3663,20.0195],[93.3556,20.0728],[93.3143,20.1414],[93.3067,20.2079],[93.2713,20.2575],[93.2776,20.2882],[93.2677,20.2972],[93.2839,20.3204],[93.3231,20.3224]]],[[[86.7816,20.3471],[86.782,20.3474],[86.7817,20.3471],[86.7816,20.3471]]],[[[93.2914,20.353],[93.2847,20.3436],[93.2902,20.3544],[93.2914,20.353]]],[[[86.7913,20.3533],[86.7893,20.3535],[86.7911,20.3551],[86.7913,20.3533]]],[[[92.7522,20.3624],[92.7452,20.3527],[92.742,20.3584],[92.7522,20.3624]]],[[[86.8054,20.3619],[86.7996,20.3608],[86.805,20.3646],[86.8054,20.3619]]],[[[93.1334,20.3059],[93.1755,20.3243],[93.2152,20.3051],[93.143,20.2188],[93.1272,20.2428],[93.1305,20.2259],[93.0683,20.1688],[92.9993,20.1371],[93.0012,20.2153],[93.0221,20.2687],[93.0399,20.2773],[93.0446,20.3321],[93.12,20.3744],[93.1322,20.3447],[93.1199,20.3296],[93.1288,20.321],[93.1403,20.3166],[93.1334,20.3059]]],[[[86.7754,20.3755],[86.7766,20.377],[86.7778,20.377],[86.7754,20.3755]]],[[[93.1195,20.3786],[93.1124,20.3794],[93.1213,20.3812],[93.1195,20.3786]]],[[[86.807,20.384],[86.8071,20.3847],[86.8071,20.3841],[86.807,20.384]]],[[[86.8047,20.3937],[86.8088,20.3867],[86.8072,20.3851],[86.8047,20.3937]]],[[[92.8766,20.4023],[92.8882,20.3848],[92.8454,20.3947],[92.8766,20.4023]]],[[[92.8278,20.4109],[92.8169,20.4066],[92.8166,20.4091],[92.8278,20.4109]]],[[[86.8016,20.4129],[86.8013,20.4141],[86.802,20.4145],[86.8016,20.4129]]],[[[86.7954,20.39],[86.7937,20.4233],[86.8021,20.4314],[86.7971,20.4225],[86.7954,20.39]]],[[[92.7623,20.4322],[92.8214,20.4216],[92.8122,20.4063],[92.8664,20.3114],[92.7938,20.2793],[92.8025,20.3036],[92.8357,20.3129],[92.8128,20.3389],[92.8143,20.3141],[92.8056,20.3113],[92.7813,20.2792],[92.7808,20.2896],[92.7776,20.2796],[92.7623,20.4322]]],[[[93.0324,20.4371],[93.033,20.4425],[93.035,20.4437],[93.0324,20.4371]]],[[[86.8029,20.4333],[86.8016,20.4762],[86.8056,20.481],[86.8129,20.4525],[86.8029,20.4333]]],[[[93.0804,20.4892],[93.077,20.4917],[93.0808,20.4946],[93.0804,20.4892]]],[[[93.0738,20.49],[93.0736,20.4913],[93.0763,20.4946],[93.0738,20.49]]],[[[93.078,20.4967],[93.0788,20.4976],[93.0788,20.4975],[93.078,20.4967]]],[[[92.8048,20.4859],[92.7789,20.4549],[92.7891,20.4417],[92.7636,20.4417],[92.7559,20.4701],[92.7683,20.4705],[92.7972,20.4995],[92.8048,20.4859]]],[[[93.0851,20.5053],[93.11,20.4204],[93.0796,20.4133],[93.078,20.3645],[93.0435,20.3504],[93.038,20.423],[93.0804,20.4867],[93.0851,20.5053]]],[[[86.7429,20.5233],[86.7396,20.5242],[86.7416,20.5254],[86.7429,20.5233]]],[[[92.7219,20.5749],[92.7004,20.5833],[92.6991,20.6049],[92.7084,20.5986],[92.7219,20.5749]]],[[[92.7354,20.6054],[92.7479,20.6025],[92.7504,20.5909],[92.7354,20.6054]]],[[[72.91,20.6338],[72.9075,20.6329],[72.9071,20.6333],[72.91,20.6338]]],[[[92.3212,20.6346],[92.3296,20.5991],[92.3283,20.5912],[92.3212,20.6346]]],[[[72.8797,20.6724],[72.8771,20.6633],[72.8729,20.6791],[72.8797,20.6724]]],[[[72.8793,20.6887],[72.89,20.6884],[72.8883,20.6806],[72.8793,20.6887]]],[[[87.0403,20.6999],[87.0412,20.7014],[87.0412,20.7008],[87.0403,20.6999]]],[[[87.0475,20.7053],[87.0422,20.703],[87.0454,20.7052],[87.0475,20.7053]]],[[[92.5846,20.7084],[92.5844,20.7087],[92.5846,20.709],[92.5846,20.7084]]],[[[87.0122,20.7161],[87.0087,20.7158],[87.0132,20.7188],[87.0122,20.7161]]],[[[92.6185,20.7189],[92.6191,20.7196],[92.6197,20.7196],[92.6185,20.7189]]],[[[92.6203,20.72],[92.6208,20.7204],[92.6212,20.7204],[92.6203,20.72]]],[[[92.5837,20.7216],[92.5838,20.7218],[92.5838,20.7216],[92.5837,20.7216]]],[[[92.5962,20.7208],[92.5983,20.7221],[92.601,20.7221],[92.5962,20.7208]]],[[[92.6241,20.722],[92.625,20.7229],[92.6257,20.7229],[92.6241,20.722]]],[[[72.8534,20.7229],[72.8529,20.7233],[72.8529,20.7235],[72.8534,20.7229]]],[[[92.626,20.723],[92.6266,20.7238],[92.6273,20.7238],[92.626,20.723]]],[[[92.6342,20.6996],[92.6071,20.6846],[92.5862,20.7125],[92.6185,20.7141],[92.6378,20.7237],[92.6342,20.6996]]],[[[72.877,20.7253],[72.8695,20.6904],[72.8537,20.7223],[72.877,20.7253]]],[[[92.6083,20.7296],[92.6071,20.7254],[92.6063,20.7284],[92.6083,20.7296]]],[[[92.6358,20.7304],[92.6379,20.7283],[92.6296,20.725],[92.6358,20.7304]]],[[[92.5642,20.7304],[92.5683,20.7279],[92.5769,20.7218],[92.5754,20.7211],[92.5642,20.7304]]],[[[92.5642,20.7304],[92.5631,20.7312],[92.5633,20.7312],[92.5642,20.7304]]],[[[92.5946,20.73],[92.5889,20.7343],[92.5933,20.7354],[92.5946,20.73]]],[[[72.8473,20.7381],[72.8471,20.7383],[72.8471,20.7387],[72.8473,20.7381]]],[[[72.8455,20.7437],[72.8446,20.7417],[72.8451,20.7437],[72.8455,20.7437]]],[[[92.5474,20.7455],[92.5571,20.7367],[92.5579,20.7349],[92.5474,20.7455]]],[[[92.5801,20.7554],[92.5879,20.7525],[92.5884,20.7479],[92.5801,20.7554]]],[[[72.8752,20.7521],[72.8613,20.7556],[72.8767,20.754],[72.8752,20.7521]]],[[[92.5627,20.7432],[92.5806,20.749],[92.5749,20.7317],[92.5864,20.7294],[92.578,20.7223],[92.5533,20.7421],[92.5521,20.7573],[92.5627,20.7432]]],[[[92.5529,20.7641],[92.5612,20.7583],[92.5612,20.753],[92.5529,20.7641]]],[[[72.8726,20.768],[72.8648,20.7678],[72.866,20.7692],[72.8726,20.768]]],[[[72.9361,20.7636],[72.932,20.7705],[72.9412,20.7674],[72.9361,20.7636]]],[[[72.856,20.7635],[72.8487,20.7663],[72.8487,20.7723],[72.856,20.7635]]],[[[86.8712,20.7817],[86.9425,20.7804],[86.9571,20.7725],[86.8712,20.7817]]],[[[92.5783,20.7912],[92.5801,20.7954],[92.5815,20.7929],[92.5783,20.7912]]],[[[72.8412,20.7967],[72.8407,20.7969],[72.8412,20.7971],[72.8412,20.7967]]],[[[92.5814,20.8018],[92.5862,20.7975],[92.586,20.7951],[92.5814,20.8018]]],[[[92.5607,20.8036],[92.5637,20.8016],[92.5629,20.7908],[92.5654,20.7866],[92.5629,20.7887],[92.5607,20.8036]]],[[[92.5513,20.8124],[92.5507,20.8123],[92.5501,20.8136],[92.5513,20.8124]]],[[[72.8316,20.8052],[72.8296,20.8139],[72.8415,20.8054],[72.8316,20.8052]]],[[[92.3375,20.852],[92.3401,20.8513],[92.3364,20.851],[92.3375,20.852]]],[[[92.349,20.8544],[92.3496,20.8554],[92.3496,20.855],[92.349,20.8544]]],[[[92.3501,20.8563],[92.3509,20.8578],[92.3512,20.8575],[92.3501,20.8563]]],[[[72.8102,20.8634],[72.8104,20.8608],[72.8063,20.8687],[72.8102,20.8634]]],[[[92.3216,20.9078],[92.3217,20.9079],[92.3218,20.9079],[92.3216,20.9078]]],[[[92.3229,20.9083],[92.3233,20.9087],[92.324,20.9087],[92.3229,20.9083]]],[[[72.817,20.91],[72.807,20.9073],[72.8173,20.919],[72.817,20.91]]],[[[72.7997,20.8849],[72.7846,20.9108],[72.7841,20.9204],[72.7853,20.9204],[72.7997,20.8849]]],[[[92.3429,20.925],[92.3422,20.9282],[92.3429,20.9293],[92.3429,20.925]]],[[[92.3045,20.9324],[92.3045,20.9325],[92.3045,20.9324],[92.3045,20.9324]]],[[[92.3508,20.9446],[92.3551,20.9436],[92.3493,20.943],[92.3508,20.9446]]],[[[92.3117,20.9463],[92.3121,20.947],[92.3121,20.9467],[92.3117,20.9463]]],[[[92.3501,20.9596],[92.3629,20.9442],[92.3617,20.9412],[92.3501,20.9596]]],[[[92.3117,20.9629],[92.3163,20.9608],[92.3154,20.9554],[92.3117,20.9629]]],[[[92.2836,20.9674],[92.2812,20.9687],[92.2841,20.9679],[92.2836,20.9674]]],[[[92.3482,20.9696],[92.35,20.9612],[92.3485,20.9621],[92.3482,20.9696]]],[[[92.3482,20.9719],[92.3481,20.9748],[92.3487,20.9742],[92.3482,20.9719]]],[[[92.3006,20.9314],[92.2813,20.9476],[92.3007,20.9774],[92.3098,20.9528],[92.3006,20.9314]]],[[[92.2968,20.9872],[92.2966,20.9896],[92.2988,20.987],[92.2968,20.9872]]],[[[92.3133,20.9913],[92.3179,20.9904],[92.311,20.9897],[92.3133,20.9913]]],[[[72.7868,20.9919],[72.7723,20.9793],[72.7658,20.9849],[72.7751,20.9933],[72.7868,20.9919]]],[[[92.3326,20.9939],[92.3526,20.9469],[92.3175,20.9096],[92.3062,20.9275],[92.3196,20.9617],[92.308,20.9832],[92.3326,20.9939]]],[[[92.2729,20.9933],[92.2933,20.9801],[92.2859,20.9696],[92.2729,20.9933]]],[[[92.327,20.9974],[92.3471,20.9917],[92.3463,20.9876],[92.327,20.9974]]],[[[92.2638,21.0272],[92.2612,21.0208],[92.262,21.03],[92.2638,21.0272]]],[[[72.8453,21.0424],[72.8445,21.0376],[72.8371,21.0425],[72.8453,21.0424]]],[[[92.2201,21.109],[92.211,21.1081],[92.2168,21.1148],[92.2201,21.109]]],[[[92.2179,21.1304],[92.2124,21.1257],[92.2076,21.1318],[92.2179,21.1304]]],[[[72.6293,21.1338],[72.6289,21.1348],[72.6296,21.1342],[72.6293,21.1338]]],[[[72.6379,21.1325],[72.6416,21.1434],[72.6462,21.1484],[72.6379,21.1325]]],[[[72.6391,21.2741],[72.6202,21.2709],[72.6254,21.2826],[72.6391,21.2741]]],[[[72.624,21.3251],[72.6238,21.3261],[72.6261,21.3294],[72.624,21.3251]]],[[[91.9783,21.4729],[91.9783,21.4754],[91.9796,21.475],[91.9783,21.4729]]],[[[91.9103,21.4824],[91.9096,21.48],[91.9102,21.4831],[91.9103,21.4824]]],[[[91.9291,21.5062],[91.9262,21.5024],[91.9252,21.5029],[91.9291,21.5062]]],[[[92.0095,21.5042],[92.0062,21.5095],[92.0078,21.5091],[92.0095,21.5042]]],[[[91.8633,21.5112],[91.9112,21.4771],[91.9103,21.4737],[91.9005,21.4674],[91.8633,21.5112]]],[[[88.4961,21.5442],[88.4947,21.5443],[88.4958,21.5446],[88.4961,21.5442]]],[[[88.5362,21.5483],[88.5337,21.5475],[88.5333,21.5521],[88.5362,21.5483]]],[[[87.3608,21.577],[87.3663,21.5704],[87.3521,21.5758],[87.3608,21.577]]],[[[88.1775,21.5854],[88.2062,21.5483],[88.2025,21.5438],[88.1899,21.5446],[88.1775,21.5854]]],[[[88.4996,21.5996],[88.5363,21.5791],[88.5312,21.5508],[88.5408,21.5329],[88.4859,21.5512],[88.4878,21.5807],[88.4996,21.5996]]],[[[91.8879,21.5925],[91.8837,21.5941],[91.8924,21.5996],[91.8879,21.5925]]],[[[88.8357,21.5978],[88.8958,21.5788],[88.9062,21.5467],[88.8679,21.535],[88.8383,21.5541],[88.8357,21.5978]]],[[[91.9058,21.5937],[91.9187,21.585],[91.8941,21.5787],[91.8938,21.5975],[91.9092,21.6046],[91.9058,21.5937]]],[[[88.2199,21.6123],[88.2154,21.6125],[88.2199,21.6219],[88.2199,21.6123]]],[[[88.2204,21.6233],[88.2204,21.6233],[88.2204,21.6234],[88.2204,21.6233]]],[[[92.0135,21.6135],[92.0078,21.6036],[92.0071,21.6241],[92.0135,21.6135]]],[[[88.4412,21.6244],[88.4404,21.6233],[88.4396,21.6275],[88.4412,21.6244]]],[[[88.4396,21.6275],[88.4388,21.6283],[88.4388,21.6291],[88.4396,21.6275]]],[[[88.4387,21.6292],[88.4379,21.63],[88.4379,21.6307],[88.4387,21.6292]]],[[[92.0085,21.6284],[92.0032,21.6316],[92.0031,21.632],[92.0085,21.6284]]],[[[88.4378,21.631],[88.4371,21.6316],[88.4371,21.6323],[88.4378,21.631]]],[[[88.4368,21.6327],[88.4362,21.6333],[88.4362,21.6339],[88.4368,21.6327]]],[[[88.4359,21.6345],[88.4354,21.635],[88.4354,21.6355],[88.4359,21.6345]]],[[[88.4261,21.6454],[88.4258,21.6454],[88.4255,21.6458],[88.4261,21.6454]]],[[[88.4241,21.6462],[88.4234,21.6469],[88.4247,21.6462],[88.4241,21.6462]]],[[[88.5263,21.6529],[88.5912,21.605],[88.5609,21.5596],[88.5161,21.6059],[88.5263,21.6529]]],[[[87.642,21.6511],[87.6421,21.6525],[87.6438,21.6542],[87.642,21.6511]]],[[[91.9941,21.6562],[91.9837,21.6566],[91.9954,21.6583],[91.9941,21.6562]]],[[[92.0119,21.6601],[92.0087,21.6598],[92.0128,21.6611],[92.0119,21.6601]]],[[[92.0066,21.6603],[92.0033,21.6628],[92.0079,21.6624],[92.0066,21.6603]]],[[[92.0347,21.6491],[92.0022,21.6344],[92.0021,21.6463],[92.0303,21.6683],[92.0347,21.6491]]],[[[88.6421,21.6508],[88.6324,21.6546],[88.6424,21.6754],[88.6421,21.6508]]],[[[88.4242,21.6751],[88.4187,21.6775],[88.4192,21.6821],[88.4242,21.6751]]],[[[91.8933,21.6862],[91.9066,21.6613],[91.8895,21.6675],[91.8933,21.6862]]],[[[88.2094,21.678],[88.2331,21.6742],[88.2393,21.647],[88.2354,21.6427],[88.232,21.6683],[88.2058,21.6737],[88.2009,21.6896],[88.2094,21.678]]],[[[91.9096,21.6958],[91.9008,21.6854],[91.8955,21.6874],[91.9096,21.6958]]],[[[89.2225,21.6969],[89.25,21.6878],[89.2774,21.6945],[89.2917,21.6911],[89.2953,21.6711],[89.2608,21.6661],[89.2671,21.6565],[89.2475,21.6462],[89.2054,21.6535],[89.2225,21.6969]]],[[[88.3275,21.7004],[88.3521,21.6791],[88.3446,21.6591],[88.3573,21.6464],[88.3212,21.6067],[88.3275,21.7004]]],[[[91.8654,21.7],[91.863,21.699],[91.8671,21.7072],[91.8654,21.7]]],[[[91.8679,21.7083],[91.8679,21.7088],[91.8679,21.7088],[91.8679,21.7083]]],[[[88.2041,21.6721],[88.2271,21.6683],[88.2329,21.6425],[88.2117,21.6205],[88.1876,21.6808],[88.2133,21.7095],[88.1962,21.6891],[88.2041,21.6721]]],[[[88.5218,21.7106],[88.5494,21.6979],[88.5671,21.6982],[88.5599,21.6377],[88.5332,21.6558],[88.5218,21.7106]]],[[[88.7166,21.6754],[88.7542,21.6466],[88.7746,21.6542],[88.795,21.5787],[88.7583,21.5654],[88.7508,21.5854],[88.7433,21.5637],[88.7137,21.5751],[88.7246,21.6408],[88.6923,21.6786],[88.6983,21.7154],[88.7166,21.6754]]],[[[91.8721,21.7133],[91.8694,21.7148],[91.8717,21.7154],[91.8721,21.7133]]],[[[88.5285,21.7157],[88.5258,21.7146],[88.5254,21.7156],[88.5285,21.7157]]],[[[88.2191,21.7127],[88.2146,21.7133],[88.2151,21.7158],[88.2191,21.7127]]],[[[88.3355,21.7109],[88.3296,21.7133],[88.3329,21.717],[88.3355,21.7109]]],[[[89.3521,21.7015],[89.3366,21.6933],[89.3393,21.7192],[89.3521,21.7015]]],[[[88.4047,21.7167],[88.4029,21.7124],[88.4021,21.7195],[88.4047,21.7167]]],[[[88.2093,21.7153],[88.1999,21.7108],[88.2063,21.7218],[88.2093,21.7153]]],[[[88.3325,21.7221],[88.3308,21.7179],[88.3296,21.7183],[88.3325,21.7221]]],[[[91.9239,21.7286],[91.9238,21.7287],[91.9239,21.7287],[91.9239,21.7286]]],[[[88.2154,21.7282],[88.2121,21.7216],[88.2129,21.7315],[88.2154,21.7282]]],[[[91.923,21.729],[91.9207,21.7299],[91.9202,21.7318],[91.923,21.729]]],[[[88.5346,21.7225],[88.5625,21.7262],[88.5742,21.7288],[88.6095,21.6783],[88.5896,21.6558],[88.6067,21.6129],[88.5642,21.6419],[88.5808,21.6629],[88.5699,21.7091],[88.5469,21.7055],[88.5346,21.7225]]],[[[91.9289,21.7331],[91.93,21.7346],[91.9304,21.7346],[91.9289,21.7331]]],[[[88.3078,21.7304],[88.3016,21.7348],[88.3064,21.7345],[88.3078,21.7304]]],[[[91.9399,21.735],[91.9484,21.6934],[91.989,21.6196],[91.9741,21.509],[91.9408,21.5012],[91.9538,21.5108],[91.8929,21.5292],[91.9204,21.5625],[91.8938,21.5467],[91.8975,21.5771],[91.9204,21.5733],[91.9221,21.5875],[91.9096,21.595],[91.9121,21.6058],[91.9063,21.6083],[91.9146,21.6116],[91.8804,21.6025],[91.8963,21.62],[91.8854,21.63],[91.9038,21.6383],[91.8921,21.6617],[91.9016,21.6571],[91.9137,21.6666],[91.911,21.6977],[91.9296,21.7258],[91.9169,21.7216],[91.9399,21.735]]],[[[91.9348,21.7385],[91.9361,21.7398],[91.9359,21.7395],[91.9348,21.7385]]],[[[88.6272,21.7354],[88.6246,21.731],[88.6238,21.7374],[88.6137,21.7425],[88.6224,21.7421],[88.6272,21.7354]]],[[[91.9368,21.7409],[91.9371,21.7425],[91.9386,21.7437],[91.9368,21.7409]]],[[[88.2146,21.7445],[88.2146,21.7516],[88.2153,21.7524],[88.2146,21.7445]]],[[[91.9571,21.7524],[91.9562,21.7529],[91.9567,21.7529],[91.9571,21.7524]]],[[[91.9552,21.7535],[91.9545,21.7539],[91.9544,21.7543],[91.9552,21.7535]]],[[[89.24,21.7528],[89.2401,21.7552],[89.2453,21.7557],[89.24,21.7528]]],[[[88.2156,21.7564],[88.2154,21.7566],[88.2156,21.7568],[88.2156,21.7564]]],[[[89.2574,21.7561],[89.253,21.7564],[89.2581,21.7568],[89.2574,21.7561]]],[[[88.2091,21.7504],[88.2094,21.7569],[88.2095,21.7508],[88.2091,21.7504]]],[[[89.2682,21.7561],[89.2903,21.7415],[89.2846,21.7049],[89.2416,21.692],[89.2199,21.7399],[89.2682,21.7561]]],[[[89.2729,21.7581],[89.2882,21.7503],[89.2688,21.7578],[89.2729,21.7581]]],[[[91.9388,21.7582],[91.937,21.7587],[91.9383,21.7588],[91.9388,21.7582]]],[[[88.6074,21.7438],[88.5909,21.7521],[88.5896,21.7583],[88.6011,21.7522],[88.6074,21.7438]]],[[[91.9392,21.7524],[91.9263,21.7333],[91.9197,21.734],[91.9145,21.7585],[91.9392,21.7524]]],[[[91.9121,21.7467],[91.8783,21.6437],[91.8537,21.671],[91.8754,21.7083],[91.8924,21.7604],[91.9121,21.7467]]],[[[88.4005,21.7602],[88.3675,21.7196],[88.3971,21.7133],[88.3712,21.6857],[88.3486,21.7126],[88.3579,21.7201],[88.3559,21.7567],[88.4005,21.7602]]],[[[91.9183,21.7654],[91.9365,21.7588],[91.9096,21.7619],[91.9183,21.7654]]],[[[88.5918,21.7706],[88.5904,21.7717],[88.591,21.7722],[88.5918,21.7706]]],[[[88.5871,21.77],[88.5871,21.7525],[88.6221,21.7341],[88.5987,21.7166],[88.5747,21.7687],[88.5871,21.77]]],[[[91.9463,21.7675],[91.94,21.7604],[91.9283,21.7679],[91.8948,21.7689],[91.9463,21.7675]]],[[[91.9017,21.7765],[91.8936,21.7762],[91.9036,21.7771],[91.9017,21.7765]]],[[[91.9044,21.7773],[91.905,21.7779],[91.9064,21.7779],[91.9044,21.7773]]],[[[91.9165,21.7811],[91.9167,21.7813],[91.9171,21.7813],[91.9165,21.7811]]],[[[88.6117,21.7812],[88.6329,21.7383],[88.6296,21.7241],[88.6137,21.7041],[88.6055,21.7109],[88.6302,21.7314],[88.6277,21.7412],[88.5968,21.7582],[88.5942,21.7781],[88.6117,21.7812]]],[[[89.3429,21.7848],[89.3414,21.7857],[89.342,21.7883],[89.3429,21.7848]]],[[[88.4564,21.7929],[88.4779,21.7908],[88.4563,21.7092],[88.4729,21.6708],[88.452,21.6133],[88.43,21.6054],[88.4483,21.6233],[88.427,21.6599],[88.4273,21.6899],[88.4436,21.7026],[88.4366,21.7671],[88.4564,21.7929]]],[[[88.1779,21.7891],[88.1779,21.7933],[88.1786,21.794],[88.1779,21.7891]]],[[[88.118,21.7844],[88.1454,21.7562],[88.1315,21.7347],[88.1407,21.6788],[88.1279,21.68],[88.1507,21.6709],[88.1385,21.6264],[88.0865,21.6305],[88.0496,21.6523],[88.0903,21.785],[88.118,21.7844]]],[[[88.298,21.7928],[88.3134,21.7922],[88.3183,21.7914],[88.3091,21.7865],[88.298,21.7928]]],[[[88.1788,21.7956],[88.1787,21.7958],[88.1791,21.7961],[88.1788,21.7956]]],[[[88.5304,21.782],[88.5145,21.7764],[88.5298,21.7965],[88.5304,21.782]]],[[[88.3873,21.7702],[88.3493,21.7566],[88.3528,21.7212],[88.3365,21.7285],[88.3262,21.7216],[88.3282,21.7086],[88.3143,21.7168],[88.3144,21.7844],[88.3309,21.7846],[88.3603,21.7984],[88.3864,21.7918],[88.3873,21.7702]]],[[[89.3505,21.7981],[89.3504,21.7982],[89.3503,21.7989],[89.3505,21.7981]]],[[[88.1802,21.7986],[88.1804,21.8008],[88.1813,21.8013],[88.1802,21.7986]]],[[[89.6074,21.8011],[89.607,21.8015],[89.607,21.8017],[89.6074,21.8011]]],[[[89.6041,21.8061],[89.6029,21.8073],[89.6039,21.8064],[89.6041,21.8061]]],[[[89.3503,21.799],[89.3478,21.804],[89.3484,21.8079],[89.3503,21.799]]],[[[88.5516,21.8054],[88.5746,21.7858],[88.5638,21.7591],[88.5763,21.7325],[88.5233,21.7224],[88.5071,21.7575],[88.5331,21.7746],[88.5516,21.8054]]],[[[88.6216,21.7992],[88.6204,21.8042],[88.6146,21.8122],[88.6196,21.8077],[88.6216,21.7992]]],[[[89.5966,21.8127],[89.596,21.8134],[89.5969,21.8128],[89.5966,21.8127]]],[[[89.5957,21.8136],[89.5949,21.8136],[89.5933,21.8153],[89.5957,21.8136]]],[[[88.4699,21.7979],[88.4504,21.8099],[88.455,21.8154],[88.4699,21.7979]]],[[[88.622,21.8302],[88.62,21.8304],[88.6183,21.8312],[88.622,21.8302]]],[[[88.4733,21.8239],[88.4746,21.8291],[88.4769,21.8315],[88.4733,21.8239]]],[[[88.6166,21.8312],[88.616,21.8318],[88.6182,21.8312],[88.6166,21.8312]]],[[[88.4904,21.8325],[88.5013,21.8108],[88.4907,21.7994],[88.4614,21.8097],[88.4904,21.8325]]],[[[90.4365,21.8359],[90.425,21.8304],[90.4202,21.8329],[90.4365,21.8359]]],[[[88.6151,21.8321],[88.6112,21.8334],[88.6104,21.8378],[88.6151,21.8321]]],[[[90.3273,21.8404],[90.3281,21.8406],[90.3283,21.8404],[90.3273,21.8404]]],[[[89.4416,21.8461],[89.4437,21.8465],[89.4433,21.8461],[89.4416,21.8461]]],[[[89.4458,21.8469],[89.4456,21.8469],[89.4458,21.847],[89.4458,21.8469]]],[[[90.3173,21.8476],[90.3158,21.8429],[90.3135,21.8452],[90.3173,21.8476]]],[[[88.5966,21.8454],[88.6203,21.8251],[88.6096,21.8142],[88.6171,21.798],[88.5834,21.8142],[88.5966,21.8454]]],[[[89.5584,21.8451],[89.5556,21.848],[89.5567,21.8476],[89.5584,21.8451]]],[[[89.5466,21.8478],[89.6037,21.7965],[89.5845,21.7565],[89.6024,21.712],[89.5581,21.7187],[89.5646,21.7513],[89.5313,21.8231],[89.5466,21.8478]]],[[[88.6003,21.8509],[88.6008,21.8454],[88.5972,21.849],[88.6003,21.8509]]],[[[89.7778,21.8532],[89.7778,21.8532],[89.7779,21.8532],[89.7778,21.8532]]],[[[89.7739,21.8501],[89.7553,21.8507],[89.7765,21.8559],[89.7739,21.8501]]],[[[88.54,21.8604],[88.5333,21.8546],[88.533,21.8566],[88.54,21.8604]]],[[[88.1917,21.8544],[88.1932,21.8362],[88.1811,21.8622],[88.1917,21.8544]]],[[[90.2491,21.8653],[90.2492,21.8654],[90.2495,21.8654],[90.2491,21.8653]]],[[[88.6485,21.8706],[88.6467,21.8679],[88.6449,21.8687],[88.6485,21.8706]]],[[[90.2549,21.8666],[90.2567,21.8688],[90.2592,21.8713],[90.2549,21.8666]]],[[[90.5182,21.8717],[90.5075,21.8621],[90.5001,21.8662],[90.5182,21.8717]]],[[[88.1738,21.8166],[88.1721,21.7358],[88.1542,21.6821],[88.1386,21.7341],[88.1523,21.7597],[88.1138,21.7999],[88.0944,21.7905],[88.1367,21.8754],[88.1738,21.8166]]],[[[89.3712,21.8798],[89.3587,21.8315],[89.3388,21.8091],[89.3226,21.8485],[89.3712,21.8798]]],[[[90.5141,21.8821],[90.5329,21.8758],[90.506,21.878],[90.5141,21.8821]]],[[[89.6452,21.8736],[89.6611,21.8724],[89.6582,21.8587],[89.6452,21.8736]]],[[[89.6611,21.8797],[89.6554,21.8815],[89.6575,21.8845],[89.6611,21.8797]]],[[[88.4841,21.8904],[88.4829,21.8916],[88.4841,21.8913],[88.4841,21.8904]]],[[[88.1075,21.8788],[88.0979,21.8683],[88.097,21.8924],[88.1075,21.8788]]],[[[88.4741,21.8938],[88.4762,21.8933],[88.4686,21.8952],[88.4741,21.8938]]],[[[88.1146,21.8941],[88.1121,21.8925],[88.1125,21.8954],[88.1146,21.8941]]],[[[88.6254,21.8976],[88.6384,21.8686],[88.6562,21.8633],[88.6451,21.7857],[88.6272,21.7976],[88.627,21.8319],[88.601,21.8612],[88.6209,21.8921],[88.6312,21.8841],[88.6254,21.8976]]],[[[90.424,21.8978],[90.4291,21.9012],[90.4302,21.9012],[90.424,21.8978]]],[[[90.4315,21.902],[90.4316,21.9021],[90.4317,21.9021],[90.4315,21.902]]],[[[88.1104,21.8991],[88.1018,21.8988],[88.1042,21.9037],[88.1104,21.8991]]],[[[90.0967,21.8971],[90.1033,21.8971],[90.1087,21.8992],[90.0988,21.8944],[90.0932,21.899],[90.0914,21.904],[90.0967,21.8971]]],[[[88.485,21.8966],[88.4796,21.8992],[88.4889,21.9063],[88.485,21.8966]]],[[[88.4971,21.9033],[88.4888,21.9004],[88.4957,21.9072],[88.4971,21.9033]]],[[[90.0906,21.9126],[90.0904,21.9133],[90.0924,21.9162],[90.0906,21.9126]]],[[[88.6459,21.9154],[88.6712,21.9075],[88.6562,21.8746],[88.6408,21.8761],[88.6304,21.9017],[88.6459,21.9154]]],[[[89.0621,21.9164],[89.0646,21.8815],[89.0878,21.854],[89.0853,21.7957],[89.1495,21.7507],[89.1374,21.7198],[89.1154,21.7204],[89.0518,21.7859],[89.0677,21.8585],[89.0353,21.9115],[89.0621,21.9164]]],[[[91.894,21.8587],[91.8783,21.8216],[91.8714,21.8878],[91.8567,21.8746],[91.8738,21.8175],[91.8391,21.7229],[91.842,21.8973],[91.868,21.9222],[91.894,21.8587]]],[[[90.1256,21.9244],[90.1367,21.9263],[90.1423,21.9285],[90.1418,21.9247],[90.1256,21.9244]]],[[[90.5781,21.9243],[90.5654,21.9241],[90.5727,21.9301],[90.5781,21.9243]]],[[[88.1341,21.9304],[88.1504,21.9167],[88.1381,21.8993],[88.1179,21.9192],[88.1341,21.9304]]],[[[90.6504,21.9204],[90.6296,21.9167],[90.6312,21.9347],[90.6504,21.9204]]],[[[88.611,21.9322],[88.6079,21.9334],[88.6062,21.9368],[88.611,21.9322]]],[[[90.3925,21.9228],[90.3904,21.9339],[90.3941,21.9377],[90.3972,21.9326],[90.3925,21.9228]]],[[[89.6237,21.939],[89.6461,21.9081],[89.6271,21.8574],[89.6995,21.7882],[89.6908,21.7561],[89.6108,21.7603],[89.6137,21.8111],[89.5634,21.8575],[89.5885,21.9413],[89.6237,21.939]]],[[[89.9662,21.934],[89.9434,21.9296],[89.9606,21.9471],[89.9662,21.934]]],[[[90.6515,21.9235],[90.6321,21.9375],[90.6354,21.9469],[90.6494,21.9476],[90.6515,21.9235]]],[[[88.5989,21.9477],[88.5987,21.9475],[88.5962,21.9501],[88.5989,21.9477]]],[[[89.5401,21.8713],[89.5432,21.891],[89.5447,21.9538],[89.5636,21.9257],[89.5401,21.8713]]],[[[88.5925,21.9529],[88.589,21.9564],[88.593,21.9529],[88.5925,21.9529]]],[[[90.5696,21.9445],[90.5456,21.9173],[90.5466,21.8895],[90.5104,21.8908],[90.5244,21.9406],[90.5607,21.9596],[90.5696,21.9445]]],[[[89.5579,21.9457],[89.547,21.9524],[89.5461,21.9627],[89.5528,21.9573],[89.5579,21.9457]]],[[[90.3958,21.9656],[90.3925,21.9612],[90.3903,21.9625],[90.3958,21.9656]]],[[[90.7054,21.9666],[90.7037,21.9664],[90.7054,21.9681],[90.7054,21.9666]]],[[[90.0787,21.9526],[90.0942,21.9402],[90.0873,21.9],[90.1021,21.8891],[90.0567,21.8537],[90.0217,21.8907],[90.0288,21.9525],[90.077,21.972],[90.0787,21.9526]]],[[[88.5804,21.9704],[88.5804,21.9741],[88.5812,21.9749],[88.5804,21.9704]]],[[[90.333,21.9788],[90.3321,21.9792],[90.3321,21.9808],[90.333,21.9788]]],[[[90.5046,21.9658],[90.4979,21.971],[90.5171,21.98],[90.5046,21.9658]]],[[[90.2779,21.8895],[90.2458,21.8987],[90.2753,21.9426],[90.2679,21.9696],[90.2946,21.9806],[90.3012,21.9475],[90.2779,21.8895]]],[[[90.3851,21.9977],[90.3454,21.8983],[90.3454,21.8625],[90.3128,21.8557],[90.3362,21.9466],[90.3851,21.9977]]],[[[88.7621,21.995],[88.7483,21.9895],[88.7604,22.004],[88.7621,21.995]]],[[[90.6687,22.0055],[90.67,21.9979],[90.6676,22.0016],[90.6687,22.0055]]],[[[90.5562,22.0058],[90.553,22.0068],[90.5558,22.0071],[90.5562,22.0058]]],[[[88.6991,22.0091],[88.7032,22.0045],[88.6977,22.0092],[88.6991,22.0091]]],[[[90.4177,21.9998],[90.4212,22.0144],[90.4204,22.0066],[90.4177,21.9998]]],[[[88.6623,22.0146],[88.7146,21.9983],[88.6921,21.9499],[88.6418,21.9509],[88.6463,22.0017],[88.6623,22.0146]]],[[[88.6836,22.0086],[88.6816,22.012],[88.6873,22.0101],[88.6836,22.0086]]],[[[88.6848,22.0171],[88.6824,22.0153],[88.6815,22.0171],[88.6848,22.0171]]],[[[90.694,22.0197],[90.6937,22.0208],[90.6948,22.0218],[90.694,22.0197]]],[[[90.5612,22.02],[90.5571,22.0182],[90.558,22.0227],[90.5612,22.02]]],[[[88.1409,22.0155],[88.1227,21.9748],[88.0965,21.9751],[88.1053,22.0042],[88.1409,22.0155]]],[[[90.5409,22.027],[90.5208,21.9963],[90.5012,22.0],[90.5159,22.0226],[90.5409,22.027]]],[[[90.4041,22.0154],[90.4029,22.0275],[90.4062,22.0299],[90.4074,22.0266],[90.4041,22.0154]]],[[[90.4126,22.0311],[90.4188,22.0233],[90.4204,22.0177],[90.4126,22.0311]]],[[[90.426,22.0295],[90.4533,22.0296],[90.4715,21.9969],[90.4618,21.9339],[90.4133,21.8995],[90.3947,21.9201],[90.4065,21.9529],[90.4221,21.9408],[90.4088,21.9583],[90.426,22.0295]]],[[[90.4283,22.0404],[90.4316,22.0338],[90.4185,22.0372],[90.4283,22.0404]]],[[[90.6684,22.028],[90.6579,22.0306],[90.6579,22.0479],[90.6684,22.028]]],[[[90.6375,21.9971],[90.6196,22.0084],[90.6455,22.0513],[90.6481,22.0182],[90.6375,21.9971]]],[[[90.3442,21.9887],[90.3629,22.0333],[90.3858,22.0554],[90.3888,22.04],[90.3442,21.9887]]],[[[90.7129,22.0544],[90.7118,22.0561],[90.7129,22.055],[90.7129,22.0544]]],[[[90.7112,22.057],[90.7103,22.0584],[90.7112,22.0575],[90.7112,22.057]]],[[[90.4817,22.0571],[90.4818,22.061],[90.4821,22.0575],[90.4817,22.0571]]],[[[90.6955,22.0237],[90.6742,22.0232],[90.6691,22.0671],[90.6992,22.0657],[90.6955,22.0237]]],[[[90.6646,22.067],[90.6559,22.0635],[90.6674,22.0801],[90.6646,22.067]]],[[[90.7613,22.0662],[90.7613,22.088],[90.7763,22.0943],[90.7716,22.0803],[90.7613,22.0662]]],[[[90.5574,22.0982],[90.5414,22.0071],[90.5446,22.0333],[90.5201,22.0312],[90.4946,22.0091],[90.5574,22.0982]]],[[[90.3372,22.1034],[90.3787,22.0866],[90.3379,22.0542],[90.3099,21.9869],[90.2962,21.9925],[90.3046,21.9756],[90.2981,21.9849],[90.2821,21.985],[90.284,22.0554],[90.3145,22.0777],[90.3159,22.086],[90.3473,22.0893],[90.3372,22.1034]]],[[[90.485,22.0438],[90.4879,22.0783],[90.5167,22.1057],[90.523,22.0807],[90.485,22.0438]]],[[[90.5522,22.1054],[90.5056,22.0443],[90.531,22.0858],[90.5252,22.1097],[90.542,22.1173],[90.5522,22.1054]]],[[[90.5933,22.1162],[90.5917,22.1062],[90.5888,22.1074],[90.5933,22.1162]]],[[[91.0749,22.1212],[91.0529,22.1016],[91.0344,22.1048],[91.052,22.125],[91.0749,22.1212]]],[[[90.5813,22.1284],[90.5782,22.1239],[90.5773,22.128],[90.5813,22.1284]]],[[[90.6614,22.0905],[90.6315,22.0708],[90.6279,22.0452],[90.612,22.0583],[90.6312,22.0947],[90.6108,22.07],[90.6057,22.0544],[90.6228,22.0354],[90.6119,22.0202],[90.5979,22.055],[90.6171,22.1079],[90.6394,22.1289],[90.6644,22.1249],[90.6614,22.0905]]],[[[90.5862,22.1172],[90.5823,22.1298],[90.5933,22.1292],[90.5954,22.1267],[90.5862,22.1172]]],[[[91.082,22.1321],[91.0693,22.1388],[91.0842,22.1351],[91.082,22.1321]]],[[[91.0883,22.137],[91.0677,22.1422],[91.0397,22.1309],[91.0462,22.1754],[91.103,22.1569],[91.0883,22.137]]],[[[90.5097,22.1749],[90.5116,22.1712],[90.507,22.169],[90.5097,22.1749]]],[[[90.4279,22.1817],[90.4262,22.1846],[90.4283,22.1845],[90.4279,22.1817]]],[[[90.8296,22.1908],[90.8271,22.1904],[90.8284,22.1928],[90.8296,22.1908]]],[[[90.5463,22.2008],[90.5387,22.1974],[90.5488,22.2086],[90.5463,22.2008]]],[[[90.5491,22.2095],[90.5495,22.2108],[90.5495,22.21],[90.5491,22.2095]]],[[[90.9387,22.1216],[90.9228,22.1295],[90.9219,22.1646],[90.9492,22.2128],[90.9573,22.1587],[90.9387,22.1216]]],[[[90.9306,22.1986],[90.9296,22.2108],[90.9356,22.2137],[90.9306,22.1986]]],[[[90.8342,22.1921],[90.8307,22.2096],[90.8394,22.2206],[90.8404,22.2167],[90.8342,22.1921]]],[[[91.8215,22.2134],[91.8151,22.214],[91.8227,22.2236],[91.8215,22.2134]]],[[[90.9777,22.1906],[90.9751,22.2175],[90.9937,22.2442],[90.9854,22.2033],[90.9777,22.1906]]],[[[89.8645,22.2414],[89.8594,22.2516],[89.8613,22.2566],[89.8637,22.2517],[89.8645,22.2414]]],[[[90.9629,22.2389],[90.9621,22.2491],[90.9703,22.2574],[90.9629,22.2389]]],[[[90.989,22.2459],[90.9772,22.2394],[90.9896,22.2607],[90.989,22.2459]]],[[[91.8201,22.2775],[91.7995,22.2839],[91.806,22.2983],[91.8201,22.2775]]],[[[90.2892,22.3548],[90.2713,22.3515],[90.2864,22.3644],[90.2892,22.3548]]],[[[90.9742,22.3629],[90.9854,22.3025],[90.945,22.2229],[90.962,22.3625],[90.9742,22.3629]]],[[[90.6466,22.3712],[90.6295,22.4056],[90.632,22.4123],[90.6488,22.3874],[90.6466,22.3712]]],[[[90.628,22.4299],[90.6279,22.43],[90.6279,22.4305],[90.628,22.4299]]],[[[91.1678,22.4291],[91.2028,22.4248],[91.1916,22.4071],[91.1678,22.4291]]],[[[91.0353,22.4247],[91.0155,22.4169],[91.0216,22.4467],[91.0353,22.4247]]],[[[90.6258,22.4422],[90.6237,22.44],[90.6238,22.4469],[90.6258,22.4422]]],[[[90.6142,22.4562],[90.6296,22.4207],[90.6242,22.411],[90.6361,22.3801],[90.5979,22.4462],[90.6142,22.4562]]],[[[91.0783,22.4662],[91.1079,22.4591],[91.1737,22.2674],[91.1628,22.2008],[91.1333,22.1645],[91.1152,22.1683],[91.1191,22.1934],[91.1011,22.2106],[91.1112,22.1597],[91.0494,22.1814],[91.0587,22.385],[91.0783,22.4662]]],[[[90.9931,22.4542],[90.9757,22.458],[90.9838,22.4754],[90.9934,22.472],[90.9931,22.4542]]],[[[91.0206,22.4919],[91.0099,22.4991],[91.0247,22.5047],[91.0206,22.4919]]],[[[91.1789,22.4822],[91.1547,22.4994],[91.1423,22.517],[91.1756,22.5187],[91.1789,22.4822]]],[[[91.5582,22.4111],[91.5459,22.3844],[91.5016,22.3561],[91.4637,22.3841],[91.4145,22.4582],[91.407,22.5241],[91.4616,22.5986],[91.5459,22.4676],[91.5582,22.4111]]],[[[91.2278,22.6207],[91.2358,22.5862],[91.2241,22.6229],[91.2278,22.6207]]],[[[90.5632,22.6057],[90.5577,22.6218],[90.5575,22.628],[90.5686,22.6208],[90.5632,22.6057]]],[[[91.216,22.6384],[91.2804,22.6072],[91.2658,22.5762],[91.216,22.6384]]],[[[91.1637,22.5874],[91.1091,22.5745],[91.0917,22.5978],[91.138,22.6637],[91.1644,22.6325],[91.1637,22.5874]]],[[[91.2458,22.677],[91.2499,22.6762],[91.2553,22.6733],[91.2458,22.677]]],[[[90.8156,22.6669],[90.7944,22.6669],[90.7931,22.6879],[90.8152,22.684],[90.8156,22.6669]]],[[[91.0466,22.6858],[91.0412,22.6866],[91.0452,22.6905],[91.0466,22.6858]]],[[[91.1142,22.6945],[91.1278,22.6651],[91.0895,22.6002],[91.0545,22.6732],[91.1142,22.6945]]],[[[91.0983,22.6995],[91.0562,22.6916],[91.0549,22.6959],[91.0663,22.7043],[91.0983,22.6995]]],[[[91.032,22.681],[91.0146,22.698],[91.0372,22.709],[91.0454,22.705],[91.032,22.681]]],[[[91.2945,22.7149],[91.2957,22.6954],[91.287,22.7083],[91.2945,22.7149]]],[[[90.4893,22.7199],[90.4786,22.7281],[90.4747,22.7461],[90.4833,22.7413],[90.4893,22.7199]]],[[[91.2751,22.7271],[91.2599,22.7145],[91.1916,22.7187],[91.1657,22.7462],[91.2751,22.7271]]],[[[91.3538,22.7432],[91.3113,22.7442],[91.3098,22.7485],[91.342,22.7563],[91.3538,22.7432]]],[[[90.5747,22.7445],[90.5676,22.7785],[90.6003,22.7771],[90.5747,22.7445]]],[[[90.7355,22.7669],[90.6804,22.7558],[90.7063,22.635],[90.7713,22.6142],[90.7971,22.5341],[90.8621,22.4933],[90.8679,22.46],[90.8437,22.3483],[90.8462,22.2419],[90.8319,22.2192],[90.8082,22.2193],[90.8254,22.1984],[90.8024,22.2081],[90.796,22.246],[90.7981,22.2038],[90.8209,22.1843],[90.7784,22.186],[90.8194,22.1776],[90.8251,22.1481],[90.7913,22.1136],[90.7958,22.1457],[90.7829,22.1074],[90.7622,22.1112],[90.72,22.0562],[90.7104,22.0699],[90.7371,22.132],[90.7058,22.0721],[90.6749,22.0707],[90.6781,22.1053],[90.6991,22.1114],[90.6703,22.1264],[90.6957,22.1379],[90.6597,22.1332],[90.6338,22.1481],[90.6334,22.1324],[90.6198,22.1325],[90.6162,22.143],[90.6241,22.1864],[90.6754,22.2708],[90.6712,22.4792],[90.6066,22.6012],[90.5888,22.6067],[90.6139,22.5604],[90.5729,22.5947],[90.5746,22.6194],[90.5634,22.6408],[90.5889,22.6338],[90.5796,22.6542],[90.5439,22.6283],[90.539,22.641],[90.5792,22.7219],[90.6512,22.7805],[90.705,22.7834],[90.7355,22.7669]]],[[[90.4576,22.7485],[90.4348,22.7706],[90.4527,22.7883],[90.4796,22.7568],[90.4576,22.7485]]],[[[90.5473,22.7143],[90.5288,22.6841],[90.4885,22.7697],[90.5006,22.7921],[90.5482,22.768],[90.5473,22.7143]]],[[[90.9414,22.8032],[91.0202,22.7154],[91.0079,22.7052],[90.9757,22.7222],[90.9658,22.7155],[91.0127,22.6869],[91.0062,22.6741],[91.0237,22.6699],[91.0537,22.6033],[90.9767,22.5704],[90.8846,22.6316],[90.8679,22.665],[90.8704,22.6808],[90.8604,22.6975],[90.865,22.6679],[90.8473,22.6747],[90.8337,22.7293],[90.7969,22.7739],[90.8751,22.8055],[90.9414,22.8032]]],[[[90.6604,22.8159],[90.6197,22.783],[90.5955,22.7887],[90.6604,22.8159]]],[[[90.7021,22.8276],[90.6815,22.8128],[90.6665,22.8261],[90.7021,22.8276]]],[[[90.4706,22.8074],[90.4526,22.8264],[90.4843,22.8343],[90.4912,22.8191],[90.4706,22.8074]]],[[[90.6322,22.838],[90.639,22.8478],[90.6454,22.8492],[90.6453,22.8443],[90.6322,22.838]]],[[[90.6937,22.8538],[90.67,22.8458],[90.6796,22.8543],[90.6937,22.8538]]],[[[90.6521,22.8487],[90.6554,22.8821],[90.6724,22.8819],[90.6623,22.8542],[90.6521,22.8487]]],[[[90.6438,22.8594],[90.5568,22.7903],[90.4846,22.8396],[90.4608,22.8402],[90.4824,22.867],[90.5329,22.8745],[90.5502,22.8971],[90.5535,22.9442],[90.6496,22.8941],[90.6438,22.8594]]],[[[90.6388,22.9635],[90.6342,22.959],[90.6318,22.9651],[90.6388,22.9635]]],[[[90.3481,22.9398],[90.301,22.9519],[90.2948,22.9664],[90.3136,22.9686],[90.3481,22.9398]]],[[[90.368,22.9212],[90.3518,22.9514],[90.3227,22.9696],[90.3564,22.9623],[90.368,22.9212]]],[[[90.6884,22.9553],[90.6683,22.9639],[90.6485,22.9847],[90.6803,22.9808],[90.6884,22.9553]]],[[[90.4512,22.9721],[90.4551,23.0016],[90.5389,22.9578],[90.5453,22.9077],[90.5236,22.8788],[90.4671,22.8659],[90.4447,22.8264],[90.4491,22.8052],[90.4274,22.8167],[90.4278,22.8417],[90.3951,22.8281],[90.3898,22.839],[90.4218,22.8989],[90.4173,22.9163],[90.3845,22.856],[90.3951,22.7999],[90.4151,22.7819],[90.3844,22.7899],[90.42,22.7752],[90.3999,22.7644],[90.3323,22.8477],[90.3807,22.9076],[90.3533,22.9932],[90.4309,22.9917],[90.4512,22.9721]]],[[[90.4295,22.9979],[90.4198,23.0042],[90.4418,23.0056],[90.4295,22.9979]]],[[[90.4052,23.0052],[90.3919,23.0089],[90.4172,23.0099],[90.4052,23.0052]]],[[[90.5067,23.0154],[90.5003,23.0214],[90.5044,23.0251],[90.5067,23.0154]]],[[[90.496,23.0157],[90.4733,23.0279],[90.4772,23.042],[90.496,23.0157]]],[[[90.5628,22.9968],[90.5357,23.0213],[90.5551,23.048],[90.5669,23.0068],[90.5628,22.9968]]],[[[90.3079,23.0375],[90.2751,23.039],[90.2918,23.0496],[90.3079,23.0375]]],[[[90.5048,23.0334],[90.491,23.0532],[90.5057,23.0637],[90.5083,23.062],[90.5048,23.0334]]],[[[90.5266,23.0634],[90.5192,23.06],[90.5234,23.0689],[90.5266,23.0634]]],[[[90.5131,23.0812],[90.5003,23.1001],[90.5168,23.1384],[90.5241,23.0914],[90.5131,23.0812]]],[[[90.4691,23.1551],[90.4774,23.1301],[90.4571,23.1226],[90.4691,23.1551]]],[[[90.5338,23.169],[90.5449,23.1982],[90.5412,23.1433],[90.5221,23.1767],[90.5317,23.2004],[90.5338,23.169]]],[[[90.4922,23.0819],[90.4684,23.097],[90.4477,23.0556],[90.4435,23.1068],[90.4907,23.1312],[90.4643,23.1914],[90.4687,23.2012],[90.4724,23.1855],[90.5053,23.1688],[90.4922,23.0819]]],[[[90.5569,23.1601],[90.5541,23.1765],[90.5756,23.2083],[90.5761,23.1787],[90.5569,23.1601]]],[[[90.5566,23.1903],[90.5544,23.2059],[90.5569,23.2114],[90.5661,23.2048],[90.5566,23.1903]]],[[[90.5963,23.2287],[90.5835,23.218],[90.5954,23.2312],[90.5963,23.2287]]],[[[90.6188,23.2298],[90.6138,23.2315],[90.6161,23.2364],[90.6188,23.2298]]],[[[90.5704,23.2357],[90.5578,23.2282],[90.5631,23.2392],[90.5704,23.2357]]],[[[90.5803,23.239],[90.5713,23.2467],[90.5838,23.26],[90.586,23.2534],[90.5803,23.239]]],[[[90.6232,23.2389],[90.6198,23.2581],[90.6207,23.2617],[90.6334,23.2534],[90.6232,23.2389]]],[[[90.5699,23.3181],[90.5699,23.308],[90.5656,23.3198],[90.5699,23.3181]]],[[[90.5526,23.3295],[90.5583,23.3138],[90.5449,23.3286],[90.5526,23.3295]]],[[[90.1766,23.3369],[90.2574,23.3069],[90.2334,23.2961],[90.2286,23.2652],[90.1662,23.2687],[90.1826,23.2415],[90.1276,23.2454],[90.1311,23.2632],[90.1245,23.2738],[90.0892,23.2811],[90.1766,23.3369]]],[[[90.4511,23.3395],[90.5188,23.3285],[90.552,23.2822],[90.5409,23.2371],[90.5004,23.1797],[90.4761,23.1948],[90.5004,23.2449],[90.4938,23.299],[90.4511,23.3395]]],[[[90.591,23.3393],[90.5829,23.3499],[90.5832,23.3552],[90.5857,23.3557],[90.591,23.3393]]],[[[90.6816,23.3461],[90.6734,23.3486],[90.6783,23.3582],[90.6816,23.3461]]],[[[90.542,23.3558],[90.5275,23.3583],[90.5293,23.3648],[90.542,23.3558]]],[[[90.3749,23.3544],[90.4122,23.3025],[90.4839,23.2994],[90.4857,23.2465],[90.4622,23.2026],[90.4646,23.2254],[90.4534,23.2116],[90.4659,23.1672],[90.4326,23.0911],[90.4477,23.028],[90.3609,23.0111],[90.3426,22.9819],[90.326,22.9816],[90.3087,23.0538],[90.3259,23.0679],[90.3326,23.1087],[90.3229,23.1024],[90.2729,23.1468],[90.267,23.1328],[90.2905,23.1207],[90.2538,23.1253],[90.2444,23.1379],[90.2657,23.1601],[90.2142,23.1915],[90.1842,23.1708],[90.1781,23.1892],[90.2071,23.2097],[90.2108,23.224],[90.1721,23.262],[90.233,23.2607],[90.2526,23.2882],[90.24,23.2931],[90.2866,23.3161],[90.2985,23.35],[90.327,23.366],[90.3749,23.3544]]],[[[90.4849,23.346],[90.4467,23.3667],[90.4464,23.3699],[90.4849,23.346]]],[[[90.3463,23.3767],[90.3214,23.3768],[90.2989,23.3679],[90.3205,23.3807],[90.3463,23.3767]]],[[[90.1966,23.3718],[90.1883,23.3811],[90.1896,23.386],[90.1966,23.3718]]],[[[90.5606,23.3717],[90.5464,23.3722],[90.5471,23.3864],[90.5529,23.3901],[90.5606,23.3717]]],[[[90.4864,23.3686],[90.4649,23.3665],[90.4238,23.3903],[90.443,23.395],[90.4864,23.3686]]],[[[90.4352,23.3119],[90.3716,23.3623],[90.349,23.3965],[90.4372,23.3544],[90.4539,23.3185],[90.4352,23.3119]]],[[[90.4506,23.3978],[90.4948,23.3982],[90.501,23.3839],[90.4506,23.3978]]],[[[90.4177,23.394],[90.3949,23.4],[90.3924,23.4059],[90.4093,23.4048],[90.4177,23.394]]],[[[90.184,23.3987],[90.1658,23.4199],[90.1682,23.4225],[90.184,23.3987]]],[[[90.5905,23.4175],[90.5798,23.4195],[90.5714,23.3878],[90.5818,23.3682],[90.5719,23.3743],[90.5656,23.4056],[90.5814,23.4285],[90.5905,23.4175]]],[[[90.1768,23.4246],[90.167,23.4337],[90.1686,23.4386],[90.1768,23.4246]]],[[[90.3316,23.3845],[90.286,23.3796],[90.2958,23.3708],[90.2708,23.3264],[90.2139,23.3613],[90.245,23.326],[90.2056,23.3503],[90.1836,23.4498],[90.3316,23.3845]]],[[[90.5754,23.4453],[90.5686,23.4417],[90.5742,23.4501],[90.5754,23.4453]]],[[[90.2377,23.4724],[90.2303,23.4706],[90.2255,23.4789],[90.2377,23.4724]]],[[[90.5591,23.449],[90.544,23.4543],[90.5431,23.4794],[90.5615,23.4807],[90.5591,23.449]]],[[[90.6257,23.4934],[90.6083,23.4922],[90.6263,23.4961],[90.6257,23.4934]]],[[[90.199,23.4973],[90.1865,23.4972],[90.1838,23.5031],[90.199,23.4973]]],[[[90.7068,23.5051],[90.6946,23.4979],[90.702,23.5148],[90.7068,23.5051]]],[[[90.6821,23.4877],[90.6611,23.49],[90.6436,23.5019],[90.6637,23.5167],[90.6888,23.5014],[90.6821,23.4877]]],[[[90.5756,23.5199],[90.5607,23.5261],[90.5573,23.5384],[90.5756,23.5199]]],[[[90.7019,23.5256],[90.6906,23.5452],[90.7032,23.5522],[90.7026,23.5399],[90.7019,23.5256]]],[[[90.6949,23.5552],[90.6936,23.5641],[90.6992,23.5613],[90.6949,23.5552]]],[[[90.5668,23.5437],[90.5542,23.5553],[90.5521,23.5666],[90.5566,23.5649],[90.5668,23.5437]]],[[[90.4697,23.5534],[90.4532,23.549],[90.4394,23.5536],[90.4698,23.5718],[90.4697,23.5534]]],[[[90.6905,23.5679],[90.6789,23.5747],[90.6804,23.5794],[90.6905,23.5679]]],[[[90.4258,23.5723],[90.408,23.5882],[90.4039,23.6053],[90.4199,23.5975],[90.4258,23.5723]]],[[[90.4335,23.558],[90.4244,23.6027],[90.431,23.6061],[90.4432,23.5992],[90.4335,23.558]]],[[[90.4844,23.5823],[90.5024,23.5851],[90.4538,23.5754],[90.4477,23.6043],[90.4844,23.5823]]],[[[90.6371,23.6107],[90.6946,23.5158],[90.6576,23.5209],[90.5851,23.4883],[90.5658,23.5872],[90.5918,23.5834],[90.6371,23.6107]]],[[[90.405,23.6106],[90.3909,23.6159],[90.4177,23.611],[90.405,23.6106]]],[[[90.1143,23.5944],[90.0967,23.6051],[90.0878,23.6174],[90.1101,23.6069],[90.1143,23.5944]]],[[[90.6195,23.6099],[90.6019,23.6062],[90.6261,23.6259],[90.6195,23.6099]]],[[[90.6769,23.6476],[90.7322,23.6524],[90.7598,23.6309],[90.7358,23.6271],[90.7284,23.5956],[90.6956,23.5734],[90.6684,23.59],[90.6536,23.6235],[90.6585,23.6553],[90.6769,23.6476]]],[[[90.6474,23.6139],[90.6317,23.6169],[90.6428,23.6569],[90.6634,23.6642],[90.6503,23.6478],[90.6474,23.6139]]],[[[90.6841,23.6613],[90.6694,23.6628],[90.6724,23.669],[90.6841,23.6613]]],[[[90.6641,23.6736],[90.6529,23.6724],[90.6474,23.6798],[90.6641,23.6736]]],[[[90.7168,23.6597],[90.7013,23.6628],[90.6913,23.6714],[90.7264,23.6788],[90.7168,23.6597]]],[[[89.932,23.6851],[89.902,23.7014],[89.8987,23.7073],[89.9318,23.6995],[89.932,23.6851]]],[[[89.8689,23.7138],[89.8656,23.7068],[89.8625,23.712],[89.8689,23.7138]]],[[[90.7331,23.6942],[90.6946,23.6848],[90.7146,23.7266],[90.7331,23.6942]]],[[[89.8686,23.7271],[89.8652,23.7226],[89.8641,23.7265],[89.8686,23.7271]]],[[[89.8568,23.7306],[89.8515,23.7281],[89.8513,23.7308],[89.8568,23.7306]]],[[[90.3547,23.715],[90.3412,23.7247],[90.3291,23.7271],[90.3466,23.7315],[90.3547,23.715]]],[[[90.3778,23.6956],[90.4183,23.6844],[90.4643,23.628],[90.4239,23.6183],[90.4349,23.637],[90.429,23.6419],[90.415,23.624],[90.3878,23.6461],[90.3978,23.6253],[90.3645,23.63],[90.288,23.6726],[90.2617,23.7243],[90.2876,23.7327],[90.3085,23.7608],[90.313,23.7323],[90.3778,23.6956]]],[[[89.8001,23.7323],[89.786,23.7414],[89.7868,23.7639],[89.7904,23.7596],[89.8001,23.7323]]],[[[90.2259,23.725],[90.2118,23.7551],[90.2416,23.792],[90.2522,23.7467],[90.2259,23.725]]],[[[89.741,23.7775],[89.6852,23.7896],[89.6826,23.8011],[89.718,23.8016],[89.741,23.7775]]],[[[89.6648,23.8039],[89.6752,23.7892],[89.6375,23.7862],[89.6373,23.7995],[89.6648,23.8039]]],[[[89.7791,23.7421],[89.7587,23.7631],[89.7438,23.8037],[89.7758,23.7887],[89.7791,23.7421]]],[[[89.6167,23.8034],[89.5991,23.8055],[89.5465,23.7973],[89.595,23.8151],[89.6167,23.8034]]],[[[89.5236,23.8189],[89.5155,23.7856],[89.4879,23.8167],[89.4901,23.8208],[89.5236,23.8189]]],[[[90.1436,23.827],[90.176,23.8211],[90.2026,23.8355],[90.2338,23.8213],[90.2236,23.8068],[90.2054,23.8221],[90.1823,23.8071],[90.1342,23.812],[90.0872,23.8364],[90.1157,23.8541],[90.1171,23.8704],[90.1436,23.827]]],[[[89.3479,23.8867],[89.3177,23.8867],[89.3147,23.8929],[89.3479,23.8867]]],[[[89.4108,23.9196],[89.3791,23.9063],[89.3758,23.9121],[89.398,23.9267],[89.4108,23.9196]]],[[[89.7311,23.8789],[89.6953,23.9025],[89.6912,23.932],[89.7101,23.9194],[89.7311,23.8789]]],[[[89.6775,23.9107],[89.6611,23.9383],[89.6645,23.9423],[89.6726,23.9407],[89.6775,23.9107]]],[[[89.3709,23.9404],[89.3556,23.8929],[89.3149,23.8989],[89.2906,23.9388],[89.3709,23.9404]]],[[[89.2496,23.9423],[89.2298,23.9463],[89.2358,23.9322],[89.2241,23.9316],[89.1825,23.9548],[89.2246,23.9607],[89.2496,23.9423]]],[[[89.1722,23.9906],[89.1418,23.9903],[89.1391,23.9934],[89.1568,23.9991],[89.1722,23.9906]]],[[[96.1826,16.4697],[96.1417,16.4537],[96.1628,16.4177],[96.1401,16.392],[96.1062,16.384],[96.0937,16.37],[96.0991,16.3846],[96.0797,16.3576],[96.0158,16.3862],[95.9964,16.4107],[95.9121,16.4109],[95.9275,16.385],[95.9059,16.3295],[95.8929,16.2508],[95.8687,16.2292],[95.8446,16.1925],[95.78,16.1346],[95.7494,16.1296],[95.7404,16.1452],[95.7269,16.264],[95.7096,16.2731],[95.7229,16.2566],[95.7137,16.2325],[95.7354,16.1158],[95.6937,16.0458],[95.6901,15.9945],[95.6496,15.93],[95.5488,15.825],[95.4616,15.7588],[95.4672,15.7451],[95.3858,15.7096],[95.283,15.721],[95.2892,15.7546],[95.325,15.7504],[95.3287,15.7549],[95.2854,15.7609],[95.2708,15.822],[95.2934,15.8554],[95.2929,15.8258],[95.3056,15.8159],[95.2971,15.83],[95.3171,15.8674],[95.2996,15.8625],[95.3399,15.88],[95.3404,15.9023],[95.3479,15.8805],[95.3809,15.8721],[95.3989,15.8768],[95.4126,15.9056],[95.3871,15.8768],[95.3534,15.8849],[95.3468,15.9059],[95.3315,15.8981],[95.3343,15.8823],[95.2988,15.8733],[95.3477,15.9473],[95.364,16.0503],[95.3962,16.0616],[95.3628,16.0583],[95.3368,16.0993],[95.3706,16.1492],[95.3805,16.2171],[95.3966,16.2336],[95.3144,16.1801],[95.3053,16.143],[95.3266,16.0873],[95.2714,16.0256],[95.2233,15.8888],[95.2004,15.9133],[95.2229,15.88],[95.2134,15.8596],[95.1992,15.8646],[95.1871,15.8574],[95.2112,15.8575],[95.2245,15.7932],[95.1808,15.7704],[95.1124,15.8063],[95.1117,15.9063],[95.1334,15.9289],[95.1182,15.9229],[95.1262,15.9916],[95.1415,16.0256],[95.1896,16.0246],[95.1927,16.0799],[95.2671,16.1495],[95.1911,16.1138],[95.2079,16.1777],[95.1799,16.1374],[95.1526,16.1389],[95.165,16.1263],[95.1328,16.1239],[95.1442,16.168],[95.1293,16.2051],[95.1408,16.2315],[95.1236,16.2066],[95.1323,16.1672],[95.1204,16.1188],[95.0812,16.0966],[95.0463,16.0508],[95.0679,15.9442],[95.0363,15.803],[95.0011,15.7788],[94.9868,15.7848],[94.9824,15.8487],[94.9821,15.76],[94.9391,15.7409],[94.9233,15.7588],[94.9067,15.7513],[94.8431,15.7732],[94.832,15.7955],[94.8956,15.8245],[94.8713,15.8954],[94.9508,15.9456],[94.9443,15.9536],[94.8637,15.8968],[94.8725,15.8262],[94.845,15.8298],[94.8373,15.8467],[94.8501,15.8762],[94.8384,15.9381],[94.8227,15.9431],[94.8619,16.0],[94.9145,16.0],[94.9218,16.0306],[94.9054,16.0748],[94.9333,16.0861],[94.9556,16.131],[95.0226,16.1351],[95.0225,16.1603],[95.0557,16.1994],[95.0566,16.2159],[95.0465,16.2391],[95.0693,16.2458],[95.1006,16.3006],[95.0652,16.2477],[95.0432,16.2457],[95.0479,16.1971],[95.0137,16.1616],[95.0162,16.1437],[94.9529,16.1388],[94.9304,16.0942],[94.8992,16.0736],[94.9154,16.0299],[94.8918,16.0061],[94.8785,16.0115],[94.8759,16.089],[94.8582,16.1139],[94.8888,16.1817],[94.9682,16.2052],[95.0257,16.2628],[95.0421,16.3097],[95.0635,16.3091],[95.0505,16.3334],[95.0165,16.2669],[94.9522,16.211],[94.8726,16.1872],[94.8388,16.1108],[94.8497,16.0723],[94.8395,16.0663],[94.7987,15.989],[94.7932,15.9612],[94.7725,15.9646],[94.7563,15.9933],[94.7688,15.9642],[94.7865,15.9556],[94.7175,15.8521],[94.68,15.8404],[94.645,15.8579],[94.6382,15.9069],[94.6258,15.8854],[94.6005,15.9202],[94.6697,15.9557],[94.7184,16.0],[94.7362,16.0636],[94.7845,16.0965],[94.763,16.1241],[94.7876,16.1316],[94.8071,16.1998],[94.8411,16.2149],[94.8519,16.2428],[94.8035,16.2062],[94.7764,16.1448],[94.7554,16.1316],[94.7516,16.0937],[94.7196,16.0669],[94.6725,15.9888],[94.5788,15.9329],[94.5475,15.9537],[94.636,16.0496],[94.6488,16.04],[94.6374,16.0512],[94.6846,16.1148],[94.6806,16.2026],[94.7209,16.2029],[94.7589,16.2373],[94.7395,16.2574],[94.7567,16.2809],[94.7336,16.2564],[94.7496,16.2377],[94.7262,16.2305],[94.7192,16.2091],[94.6748,16.2152],[94.6636,16.2472],[94.6981,16.2454],[94.7087,16.2549],[94.7058,16.2669],[94.6983,16.2493],[94.6636,16.2541],[94.6677,16.2693],[94.6827,16.2978],[94.6881,16.3066],[94.6989,16.3555],[94.7371,16.354],[94.7548,16.3841],[94.7858,16.3564],[94.8134,16.3559],[94.8254,16.3704],[94.7948,16.3601],[94.7519,16.3905],[94.7347,16.3608],[94.7116,16.376],[94.7432,16.4022],[94.75,16.4194],[94.7586,16.4096],[94.7705,16.4093],[94.7839,16.4261],[94.7588,16.4137],[94.7478,16.4265],[94.7126,16.3942],[94.6965,16.4844],[94.7322,16.5056],[94.7463,16.569],[94.7897,16.5778],[94.8004,16.5907],[94.7465,16.5768],[94.7281,16.5145],[94.6898,16.4927],[94.6782,16.5132],[94.7012,16.5517],[94.7103,16.6135],[94.7423,16.6328],[94.7216,16.6873],[94.7447,16.6957],[94.7416,16.7301],[94.7218,16.7336],[94.738,16.7245],[94.7361,16.7004],[94.7173,16.6913],[94.7097,16.6537],[94.733,16.629],[94.6784,16.6436],[94.6989,16.6798],[94.6889,16.7396],[94.6936,16.6767],[94.6754,16.6933],[94.6823,16.6714],[94.6688,16.6524],[94.6511,16.6702],[94.6557,16.6579],[94.6743,16.6497],[94.6581,16.6276],[94.6913,16.6391],[94.7012,16.6217],[94.6924,16.5549],[94.6644,16.5184],[94.6796,16.3932],[94.6529,16.3403],[94.6233,16.338],[94.6403,16.3836],[94.6062,16.3372],[94.6021,16.2844],[94.5625,16.2588],[94.5311,16.2921],[94.5464,16.308],[94.5265,16.2987],[94.5119,16.2832],[94.518,16.2458],[94.5062,16.23],[94.5206,16.2126],[94.5104,16.2075],[94.5096,16.1833],[94.4379,16.08],[94.3983,16.0554],[94.3575,16.0554],[94.3391,16.0204],[94.3225,16.0287],[94.2767,16.0012],[94.2435,15.9541],[94.1983,16.0387],[94.2285,16.2519],[94.2433,16.2647],[94.2309,16.3217],[94.2643,16.3968],[94.2771,16.4963],[94.2615,16.5308],[94.2907,16.5386],[94.2842,16.5196],[94.3149,16.5196],[94.3503,16.5688],[94.3234,16.6004],[94.3508,16.6207],[94.3679,16.6149],[94.3563,16.6903],[94.3759,16.7572],[94.4039,16.7884],[94.3788,16.8748],[94.3885,16.907],[94.4106,16.8895],[94.4434,16.9306],[94.484,16.9432],[94.4782,16.9576],[94.4706,16.9456],[94.4523,16.9413],[94.4704,16.9491],[94.444,16.9504],[94.4582,16.9806],[94.4567,17.0673],[94.4896,17.1177],[94.4708,17.1454],[94.4558,17.1417],[94.4447,17.179],[94.4644,17.1882],[94.4764,17.1752],[94.4625,17.1571],[94.4871,17.1759],[94.49,17.1613],[94.5141,17.1563],[94.5363,17.1869],[94.5275,17.2088],[94.5014,17.2162],[94.5083,17.2999],[94.5264,17.2768],[94.5464,17.2903],[94.5369,17.3061],[94.5409,17.319],[94.5815,17.2885],[94.6021,17.3075],[94.59,17.3221],[94.5715,17.3171],[94.5654,17.4983],[94.5416,17.5488],[94.5614,17.5923],[94.585,17.5537],[94.6099,17.5365],[94.6111,17.5501],[94.5769,17.5914],[94.5884,17.6192],[94.5763,17.6566],[94.5588,17.6362],[94.5416,17.6813],[94.5448,17.7349],[94.5031,17.7662],[94.5034,17.7854],[94.4898,17.7824],[94.4815,17.9029],[94.4375,17.9956],[94.4583,17.9821],[94.48,18.002],[94.4904,17.9783],[94.4804,18.0758],[94.4538,18.125],[94.4562,18.1533],[94.4463,18.1604],[94.4529,18.1825],[94.4341,18.1821],[94.44,18.1721],[94.4206,18.1948],[94.4184,18.2437],[94.3358,18.2429],[94.3221,18.2642],[94.3279,18.3012],[94.3911,18.2835],[94.4074,18.3107],[94.4023,18.3463],[94.38,18.3704],[94.3376,18.3662],[94.3225,18.4359],[94.2492,18.5245],[94.2713,18.5333],[94.2666,18.5537],[94.2904,18.5491],[94.2683,18.5604],[94.2513,18.5468],[94.2472,18.5974],[94.2666,18.6104],[94.2679,18.6183],[94.2512,18.6103],[94.2463,18.6516],[94.2406,18.6429],[94.1409,18.736],[94.1683,18.7104],[94.1846,18.7159],[94.1789,18.7285],[94.2375,18.7163],[94.28,18.7351],[94.253,18.7341],[94.2492,18.7552],[94.2388,18.7347],[94.2169,18.731],[94.2064,18.7431],[94.2243,18.7812],[94.2039,18.7527],[94.1916,18.7712],[94.2113,18.8008],[94.1917,18.8004],[94.1831,18.7796],[94.1466,18.8144],[94.1762,18.8347],[94.1461,18.8348],[94.165,18.8929],[94.127,18.8567],[94.1169,18.8566],[94.1287,18.8786],[94.0908,18.8566],[94.0725,18.8629],[94.0541,18.8463],[94.0451,18.8455],[94.0322,18.8613],[94.0439,18.8846],[94.0738,18.8676],[94.0906,18.8806],[94.1057,18.8997],[94.1353,18.8919],[94.1086,18.9296],[94.113,18.9662],[94.0864,18.8797],[94.0312,18.899],[94.0562,18.9366],[94.0504,18.98],[94.0404,18.9733],[94.0504,18.9933],[94.0364,18.9913],[94.0671,19.0442],[94.0522,19.0462],[94.0586,19.0598],[94.1133,19.0779],[94.0904,19.0846],[94.097,19.0986],[94.1228,19.0846],[94.109,19.1051],[94.1466,19.1191],[94.1161,19.1204],[94.0545,19.0754],[94.0272,19.0792],[94.0375,19.1067],[94.1385,19.1514],[94.1357,19.1796],[94.1295,19.1561],[94.1075,19.1513],[94.0927,19.1822],[94.0911,19.1484],[94.0648,19.1263],[94.0735,19.165],[94.0624,19.1881],[94.0568,19.1255],[94.0329,19.1296],[94.0492,19.2206],[94.0746,19.2333],[94.0465,19.2504],[94.0435,19.3119],[94.0862,19.3642],[94.0686,19.3853],[94.0362,19.3425],[94.027,19.295],[94.0154,19.2925],[94.0263,19.275],[94.0175,19.2746],[93.9863,19.2474],[93.9996,19.15],[93.9773,19.1369],[93.9502,19.1487],[93.9386,19.1856],[93.9566,19.1846],[93.9688,19.1908],[93.9453,19.1929],[93.9333,19.2221],[93.9312,19.2002],[93.9045,19.2],[93.9169,19.187],[93.9021,19.1767],[93.8979,19.1675],[93.9181,19.1851],[93.9463,19.125],[93.9675,19.1228],[93.9525,19.0937],[93.9242,19.0996],[93.9124,19.0896],[93.9042,19.1004],[93.9021,19.0991],[93.9125,19.087],[93.954,19.0913],[93.9534,19.0655],[93.9362,19.0558],[93.9528,19.061],[93.9642,19.0088],[93.9521,19.0075],[93.9687,19.0025],[93.9858,18.9614],[93.9487,18.9191],[93.9597,18.8985],[93.9396,18.8991],[93.9496,18.8966],[93.9373,18.8473],[93.8975,18.8904],[93.7717,18.9737],[93.7448,18.9689],[93.7091,19.0171],[93.6739,19.0112],[93.6659,19.0664],[93.6901,19.0844],[93.6976,19.1146],[93.7476,19.1213],[93.6942,19.1196],[93.6897,19.0961],[93.6629,19.0763],[93.6371,19.1425],[93.5993,19.1513],[93.5699,19.2256],[93.4727,19.3633],[93.4841,19.4091],[93.5142,19.4338],[93.5665,19.4197],[93.5666,19.4137],[93.55,19.4138],[93.545,19.4046],[93.6012,19.4152],[93.6374,19.3542],[93.6342,19.3399],[93.6172,19.3482],[93.6001,19.3227],[93.6214,19.3411],[93.6663,19.3039],[93.6417,19.2398],[93.6446,19.2238],[93.6815,19.3001],[93.7215,19.2926],[93.6948,19.2819],[93.7262,19.276],[93.7207,19.2445],[93.739,19.2567],[93.8158,19.2263],[93.8887,19.2584],[93.8875,19.2462],[93.9383,19.3046],[93.9783,19.3012],[93.99,19.3304],[93.9767,19.3054],[93.9457,19.3219],[93.9834,19.3871],[94.0229,19.3716],[93.9771,19.4191],[93.9955,19.4512],[94.0129,19.4308],[93.9991,19.4679],[93.9536,19.4479],[93.9046,19.4681],[93.9484,19.5081],[93.9383,19.564],[93.9324,19.4985],[93.9024,19.4885],[93.7768,19.5911],[93.8164,19.6042],[93.7935,19.614],[93.7602,19.5991],[93.722,19.6265],[93.7736,19.6637],[93.8209,19.6388],[93.7954,19.6575],[93.7925,19.6852],[93.8313,19.6716],[93.8065,19.6881],[93.8203,19.7169],[93.8066,19.7392],[93.7986,19.7014],[93.7626,19.6775],[93.727,19.6711],[93.7059,19.7028],[93.7287,19.7083],[93.7088,19.7216],[93.7183,19.7454],[93.7913,19.7658],[93.7976,19.8329],[93.7862,19.8628],[93.7979,19.8666],[93.8012,19.891],[93.7933,19.916],[93.7937,19.873],[93.7386,19.8852],[93.7154,19.9104],[93.7554,19.915],[93.7275,19.9288],[93.7317,19.9396],[93.7121,19.9333],[93.7091,19.9673],[93.702,19.9144],[93.625,19.9179],[93.5519,19.8885],[93.5469,19.9098],[93.575,19.9188],[93.6013,19.9458],[93.5688,19.9212],[93.5416,19.924],[93.565,19.9521],[93.5162,19.9234],[93.5121,19.9438],[93.5521,19.9608],[93.5088,19.9633],[93.5234,19.9893],[93.5401,19.9888],[93.5284,19.9971],[93.4818,19.9914],[93.4674,20.0443],[93.4584,20.0541],[93.4762,20.0609],[93.4548,20.0552],[93.4762,20.0065],[93.4661,19.9825],[93.4542,19.9959],[93.4392,19.9925],[93.4558,19.9513],[93.4171,19.9733],[93.3807,20.0659],[93.3841,20.0801],[93.4167,20.0799],[93.4148,20.1121],[93.4329,20.1052],[93.4126,20.1727],[93.3257,20.327],[93.2948,20.3367],[93.3259,20.3859],[93.3254,20.4036],[93.2805,20.3482],[93.2801,20.3282],[93.2398,20.306],[93.2306,20.2739],[93.2464,20.2454],[93.2099,20.2347],[93.1825,20.1969],[93.116,20.1904],[93.2165,20.2861],[93.2259,20.3076],[93.2124,20.3278],[93.2512,20.4261],[93.2252,20.3917],[93.198,20.3871],[93.2235,20.376],[93.203,20.3226],[93.1243,20.3281],[93.1374,20.3425],[93.1321,20.3693],[93.1564,20.3591],[93.1748,20.3741],[93.1292,20.3762],[93.1742,20.3994],[93.1647,20.422],[93.1681,20.4002],[93.0927,20.3829],[93.0884,20.4013],[93.1111,20.4138],[93.1167,20.4272],[93.107,20.5041],[93.087,20.5198],[93.1051,20.5307],[93.0919,20.53],[93.0701,20.602],[93.0483,20.5976],[93.0218,20.6219],[93.0277,20.6439],[93.0056,20.6398],[93.0178,20.6122],[93.0757,20.5791],[93.0816,20.5562],[93.0596,20.4833],[93.0354,20.4516],[93.0258,20.4288],[93.0173,20.454],[93.0427,20.4633],[93.0402,20.4931],[93.063,20.5208],[93.055,20.5337],[93.0351,20.5378],[93.0556,20.5207],[93.0196,20.4791],[93.0333,20.4857],[93.0386,20.4686],[93.0135,20.4606],[93.0229,20.3793],[93.0204,20.3379],[93.0046,20.3258],[93.0164,20.3282],[93.0115,20.2969],[92.9558,20.2287],[92.9471,20.2733],[92.9387,20.2766],[92.9408,20.2829],[92.9379,20.275],[92.9441,20.2594],[92.9162,20.2437],[92.9108,20.2121],[92.8883,20.2146],[92.8938,20.2241],[92.8813,20.2383],[92.8862,20.2079],[92.9203,20.1809],[92.8937,20.1558],[92.9104,20.16],[92.8983,20.1121],[92.8758,20.1271],[92.8617,20.1229],[92.8455,20.1433],[92.7888,20.1817],[92.7949,20.1829],[92.8058,20.1737],[92.8125,20.1746],[92.7975,20.1837],[92.7722,20.1912],[92.7873,20.2401],[92.7969,20.2102],[92.8305,20.1804],[92.8458,20.1823],[92.799,20.2141],[92.7988,20.2582],[92.9446,20.3156],[92.8982,20.3078],[92.8393,20.3808],[92.9108,20.3717],[92.9315,20.3863],[92.9417,20.3522],[92.9508,20.3739],[92.9127,20.414],[92.9289,20.4211],[92.9326,20.4327],[92.8983,20.4822],[92.9285,20.4299],[92.9072,20.421],[92.9174,20.3833],[92.9063,20.3787],[92.8867,20.4218],[92.8866,20.4039],[92.8571,20.4195],[92.8637,20.4051],[92.8418,20.4017],[92.8166,20.4429],[92.8337,20.4407],[92.8383,20.4688],[92.8487,20.4591],[92.8275,20.4968],[92.8108,20.4924],[92.7961,20.5101],[92.7639,20.4734],[92.7523,20.4794],[92.7328,20.5717],[92.7486,20.5782],[92.7524,20.5868],[92.7488,20.6042],[92.7268,20.6188],[92.7281,20.6063],[92.7482,20.5876],[92.7282,20.5813],[92.6844,20.6278],[92.6438,20.6946],[92.6451,20.7277],[92.6417,20.7421],[92.6175,20.7196],[92.6083,20.732],[92.5854,20.7208],[92.5971,20.7325],[92.5933,20.7371],[92.5821,20.7358],[92.5904,20.7508],[92.5706,20.7824],[92.6,20.7954],[92.6024,20.8064],[92.5817,20.8046],[92.5673,20.7873],[92.5646,20.8058],[92.5513,20.815],[92.5556,20.8467],[92.5474,20.8191],[92.5494,20.8493],[92.5449,20.8118],[92.5713,20.7516],[92.5542,20.7679],[92.5441,20.7431],[92.591,20.6851],[92.607,20.6776],[92.6371,20.6896],[92.6954,20.5825],[92.7292,20.5496],[92.7046,20.53],[92.7232,20.5337],[92.7244,20.4844],[92.7112,20.47],[92.7283,20.4728],[92.7471,20.4174],[92.7263,20.3675],[92.7406,20.2678],[92.7233,20.2671],[92.6221,20.4575],[92.6329,20.4517],[92.5337,20.5442],[92.5154,20.6058],[92.4661,20.6597],[92.3933,20.6871],[92.3854,20.695],[92.3971,20.6917],[92.3816,20.7121],[92.3958,20.7079],[92.4113,20.7083],[92.3975,20.7271],[92.3862,20.7142],[92.3696,20.7667],[92.3863,20.7649],[92.3638,20.7725],[92.3901,20.8168],[92.3787,20.8246],[92.3604,20.7841],[92.3371,20.8466],[92.3604,20.8582],[92.365,20.8671],[92.3342,20.8554],[92.3154,20.8958],[92.3638,20.9217],[92.3446,20.9266],[92.3646,20.9408],[92.3521,20.9908],[92.335,21.0054],[92.3038,20.9879],[92.2958,21.0079],[92.2728,21.0008],[92.2696,21.0182],[92.2887,21.0225],[92.2697,21.0268],[92.2929,21.0283],[92.2674,21.0295],[92.2662,21.0406],[92.279,21.0368],[92.3128,21.0579],[92.3122,21.0703],[92.2741,21.0479],[92.2298,21.1046],[92.2243,21.1365],[92.198,21.1546],[92.1976,21.1198],[92.255,21.0615],[92.2611,20.9362],[92.313,20.8469],[92.3404,20.7542],[92.3155,20.75],[92.2129,20.9358],[92.192,21.0099],[92.0528,21.1741],[92.0391,21.3052],[92.0574,21.2895],[92.0645,21.2933],[92.035,21.3262],[92.0356,21.3145],[92.0204,21.3599],[91.9535,21.4502],[91.9683,21.4654],[91.9679,21.4508],[91.9708,21.4463],[91.9729,21.4475],[91.9993,21.5054],[92.0221,21.4864],[92.012,21.5074],[92.0366,21.5119],[92.0495,21.519],[92.0108,21.5128],[91.9969,21.5677],[92.0279,21.5957],[92.0179,21.6219],[92.0389,21.6476],[92.0405,21.6722],[92.0251,21.6822],[92.0352,21.7006],[92.0181,21.7165],[92.0192,21.6685],[91.9808,21.6613],[91.9796,21.7042],[91.9667,21.6781],[91.9481,21.7453],[91.9694,21.7384],[91.9964,21.7558],[91.9924,21.7678],[91.9727,21.7477],[91.9533,21.758],[91.9787,21.7908],[91.9424,21.8042],[91.9308,21.7855],[91.8922,21.7791],[91.9184,21.8437],[91.9379,21.8275],[91.9194,21.846],[91.9095,21.9079],[91.9274,21.9345],[91.8949,21.9689],[91.8495,22.1424],[91.8649,22.1253],[91.887,22.1299],[91.8624,22.1311],[91.849,22.1512],[91.8416,22.114],[91.8136,22.1891],[91.8351,22.2151],[91.842,22.2605],[91.8147,22.3049],[91.8666,22.3221],[91.9008,22.4007],[91.9451,22.4162],[92.0019,22.4046],[92.0221,22.4167],[92.0349,22.4459],[92.0815,22.4371],[92.1417,22.4616],[92.1439,22.4703],[92.0873,22.4443],[92.0331,22.4505],[92.0029,22.4124],[91.9541,22.421],[91.8964,22.4094],[91.8723,22.3498],[91.7955,22.2927],[91.7952,22.2778],[91.829,22.2566],[91.7974,22.2262],[91.772,22.272],[91.747,22.4141],[91.7112,22.4866],[91.5811,22.6536],[91.4632,22.7545],[91.4859,22.7668],[91.4692,22.7787],[91.4778,22.7633],[91.4547,22.7602],[91.4369,22.7772],[91.4746,22.8241],[91.4356,22.8048],[91.4836,22.8741],[91.4566,22.8989],[91.4922,22.9007],[91.4452,22.9007],[91.441,22.8836],[91.4666,22.8776],[91.4576,22.8482],[91.4204,22.8087],[91.417,22.7686],[91.3908,22.767],[91.3794,22.7964],[91.3572,22.8005],[91.3301,22.8335],[91.3506,22.8515],[91.3427,22.8832],[91.3158,22.8394],[91.3525,22.7861],[91.3451,22.7758],[91.2963,22.8102],[91.1869,22.7977],[91.1164,22.8119],[91.1127,22.8262],[91.0831,22.8],[91.0287,22.7996],[90.9375,22.8561],[90.8246,22.8647],[90.8016,22.9088],[90.7578,22.9387],[90.7958,22.898],[90.7954,22.8634],[90.7333,22.8875],[90.6896,22.9783],[90.6294,22.9981],[90.5663,23.1036],[90.598,23.1778],[90.6524,23.2423],[90.6389,23.3166],[90.6776,23.3183],[90.6754,23.3407],[90.6978,23.3457],[90.6796,23.3628],[90.695,23.3777],[90.6733,23.3642],[90.6616,23.3375],[90.6738,23.3213],[90.5987,23.3393],[90.5796,23.3948],[90.6007,23.4314],[90.5856,23.4669],[90.6303,23.4903],[90.6817,23.4821],[90.7039,23.4901],[90.7178,23.5428],[90.7443,23.5443],[90.7254,23.5534],[90.7084,23.5386],[90.7057,23.5618],[90.732,23.5912],[90.7392,23.6216],[90.7646,23.629],[90.7414,23.6621],[90.7578,23.721],[90.7425,23.6938],[90.7403,23.7242],[90.7315,23.7102],[90.7156,23.7414],[90.6818,23.6867],[90.6429,23.6899],[90.6324,23.6392],[90.5628,23.5929],[90.5531,23.5715],[90.5147,23.5814],[90.505,23.6033],[90.4839,23.5866],[90.4539,23.6149],[90.4703,23.6298],[90.4427,23.6684],[90.368,23.7186],[90.3837,23.7022],[90.3658,23.7034],[90.3421,23.7401],[90.3176,23.735],[90.3128,23.7642],[90.2548,23.7303],[90.2571,23.7757],[90.2298,23.8877],[90.2396,23.827],[90.194,23.8405],[90.1518,23.8291],[90.1319,23.8674],[90.1117,23.8736],[90.1104,23.8573],[90.0572,23.8201],[90.047,23.8255],[90.0625,23.8769],[90.0468,23.8894],[90.0262,23.8817],[90.0227,23.9072],[89.9481,23.9709],[89.9523,23.9846],[89.9328,23.9846],[89.9487,23.9598],[89.9378,23.9554],[90.0192,23.8936],[90.0144,23.8769],[90.0547,23.8732],[90.0409,23.8278],[90.0466,23.8174],[90.0691,23.8163],[90.0887,23.83],[90.1247,23.8071],[90.1837,23.8023],[90.2068,23.8157],[90.2226,23.8004],[90.2415,23.8149],[90.2059,23.7537],[90.221,23.7216],[90.2524,23.721],[90.2746,23.6862],[90.2557,23.7074],[90.2383,23.7112],[90.2208,23.7081],[90.1813,23.7401],[90.1924,23.7203],[90.1626,23.7198],[90.1492,23.7107],[90.1219,23.7371],[90.0698,23.7579],[90.0232,23.7635],[90.0245,23.7952],[90.0021,23.816],[90.0195,23.7627],[90.1205,23.7334],[90.1497,23.7043],[90.1739,23.7165],[90.2205,23.7031],[90.2477,23.7076],[90.276,23.6548],[90.3797,23.6165],[90.4018,23.5883],[90.3789,23.5678],[90.4098,23.5802],[90.4377,23.5451],[90.4635,23.5452],[90.5054,23.5721],[90.5302,23.5669],[90.5701,23.4832],[90.538,23.4837],[90.5339,23.4659],[90.5539,23.4263],[90.5281,23.3907],[90.4858,23.4204],[90.4204,23.4161],[90.2542,23.4608],[90.1641,23.5242],[90.1103,23.6129],[89.97,23.6581],[89.9179,23.7216],[89.8638,23.7451],[89.7915,23.8077],[89.7742,23.8995],[89.7688,23.8876],[89.7046,23.9579],[89.7275,23.9776],[89.7208,24.0],[89.7153,23.9718],[89.6983,23.9645],[89.7051,23.9991],[89.6707,24.0],[89.6557,23.9361],[89.7033,23.8749],[89.7513,23.8659],[89.7708,23.8359],[89.7571,23.8473],[89.7242,23.8344],[89.6802,23.8626],[89.7179,23.8319],[89.6297,23.8456],[89.5468,23.8241],[89.4497,23.8706],[89.4256,23.9133],[89.3865,23.9431],[89.3288,23.9487],[89.2808,23.9875],[89.3161,23.9479],[89.2889,23.9467],[89.2414,23.9813],[89.1733,24.0],[89.0914,23.9991],[89.0608,23.9839],[89.0936,23.9665],[89.1272,23.9183],[89.1241,23.9541],[89.1671,23.9259],[89.2341,23.9194],[89.3047,23.8696],[89.4078,23.8978],[89.4384,23.8386],[89.4996,23.7788],[89.5929,23.7975],[89.6397,23.7768],[89.7017,23.7769],[89.8567,23.6605],[89.9485,23.6357],[90.0246,23.5566],[90.0179,23.5823],[90.0954,23.567],[90.1529,23.4988],[90.1557,23.431],[90.2067,23.3338],[90.17,23.3466],[90.1639,23.3639],[90.1862,23.3591],[90.1608,23.3676],[90.1665,23.3332],[90.1253,23.3055],[90.1205,23.3356],[90.1417,23.3597],[90.1445,23.3786],[90.1279,23.351],[90.0995,23.359],[90.1208,23.3473],[90.1189,23.3041],[90.093,23.3005],[90.0871,23.2728],[90.1245,23.2685],[90.1217,23.2487],[90.1287,23.2416],[90.2023,23.2256],[90.1987,23.2096],[90.1681,23.2041],[90.1774,23.1665],[90.219,23.1829],[90.2485,23.1621],[90.2336,23.1421],[90.2452,23.1232],[90.3091,23.1128],[90.3167,23.0671],[90.2678,23.0431],[90.2726,23.0254],[90.3072,23.0209],[90.3206,22.9865],[90.2739,22.9687],[90.2991,22.9434],[90.3537,22.9212],[90.3456,22.884],[90.3205,22.8726],[90.3213,22.8502],[90.3726,22.7652],[90.3682,22.7366],[90.4195,22.7331],[90.4167,22.7138],[90.3964,22.729],[90.3831,22.7054],[90.4003,22.7234],[90.4204,22.7086],[90.4297,22.7305],[90.4193,22.7453],[90.3749,22.7497],[90.4243,22.7652],[90.4832,22.7098],[90.4769,22.6561],[90.4961,22.6723],[90.5194,22.6294],[90.5042,22.5879],[90.5187,22.5991],[90.5263,22.5733],[90.5798,22.5261],[90.6122,22.3409],[90.6012,22.2841],[90.5212,22.184],[90.5016,22.1688],[90.4887,22.1933],[90.4949,22.1536],[90.4408,22.0788],[90.4218,22.1098],[90.4427,22.1513],[90.4269,22.1517],[90.4192,22.0904],[90.3917,22.0929],[90.3854,22.1125],[90.4054,22.1683],[90.4329,22.1841],[90.3999,22.2179],[90.4165,22.2649],[90.4035,22.2838],[90.4191,22.2895],[90.3788,22.2931],[90.4149,22.3388],[90.3641,22.2952],[90.4059,22.2709],[90.395,22.204],[90.418,22.1845],[90.3963,22.1733],[90.3829,22.1366],[90.3408,22.1621],[90.3872,22.1955],[90.3873,22.2114],[90.3562,22.1794],[90.3438,22.1957],[90.3498,22.1792],[90.3338,22.1633],[90.3784,22.1309],[90.3751,22.1053],[90.3331,22.1088],[90.2616,22.0404],[90.2751,22.0358],[90.278,21.9971],[90.2568,21.9557],[90.211,21.9826],[90.2135,22.0022],[90.1962,21.9784],[90.2287,21.9716],[90.2343,21.9583],[90.2176,21.9508],[90.2685,21.9463],[90.2409,21.8994],[90.26,21.8746],[90.2241,21.8543],[90.2042,21.8874],[90.2401,21.9344],[90.1969,21.8906],[90.2199,21.8528],[90.2621,21.8581],[90.2388,21.8399],[90.2544,21.8438],[90.24,21.836],[90.2194,21.8397],[90.2348,21.8311],[90.1942,21.8029],[90.1533,21.8013],[90.0958,21.8279],[90.0862,21.8411],[90.0992,21.8517],[90.1222,21.8485],[90.1003,21.8554],[90.1238,21.8575],[90.1071,21.86],[90.1103,21.884],[90.1543,21.8854],[90.1589,21.8603],[90.1728,21.8697],[90.1519,21.8956],[90.1886,21.9228],[90.144,21.8906],[90.1171,21.8984],[90.1313,21.9],[90.1179,21.9167],[90.15,21.9227],[90.1388,21.9532],[90.1685,21.9805],[90.1406,21.9702],[90.128,21.9914],[90.1402,21.9323],[90.1133,21.9296],[90.0975,21.9004],[90.0991,21.9412],[90.0746,22.0057],[90.1633,22.1145],[90.2134,22.1143],[90.2283,22.1641],[90.2542,22.1638],[90.2717,22.1772],[90.2864,22.2071],[90.2723,22.2089],[90.2588,22.1722],[90.229,22.1724],[90.2401,22.1932],[90.2206,22.219],[90.2077,22.3093],[90.2269,22.3379],[90.2896,22.3505],[90.2973,22.3714],[90.2696,22.3586],[90.2657,22.3711],[90.2809,22.4069],[90.3137,22.4635],[90.3413,22.4589],[90.3619,22.4905],[90.3405,22.4664],[90.3148,22.4741],[90.2586,22.3754],[90.2548,22.3443],[90.2223,22.3421],[90.1991,22.3026],[90.2097,22.2143],[90.2298,22.1915],[90.2037,22.1254],[90.1508,22.1262],[90.0762,22.0483],[90.0555,21.9812],[90.0058,21.9996],[89.993,22.0361],[90.0304,22.06],[90.0436,22.1336],[90.0717,22.1533],[90.1399,22.1551],[90.0801,22.1586],[90.0683,22.1804],[90.0287,22.1925],[90.081,22.2209],[90.1116,22.2858],[90.1016,22.3424],[90.176,22.4215],[90.2018,22.4859],[90.206,22.5118],[90.1876,22.5224],[90.2028,22.5725],[90.1858,22.6255],[90.2519,22.6212],[90.2832,22.6302],[90.2942,22.6556],[90.2487,22.6279],[90.181,22.6276],[90.1975,22.5676],[90.1819,22.5223],[90.1989,22.509],[90.1936,22.4802],[90.1724,22.4297],[90.095,22.3491],[90.1048,22.3039],[90.0669,22.2145],[90.0196,22.1933],[90.0282,22.1691],[90.0626,22.1639],[90.0162,22.13],[90.0197,22.0776],[89.977,22.0484],[89.9854,21.9907],[89.9644,21.9769],[89.9092,22.0731],[89.9175,22.136],[89.8787,22.2524],[89.9197,22.3718],[89.9847,22.4388],[90.0,22.4869],[90.025,22.4901],[90.033,22.5719],[90.065,22.6087],[90.0571,22.6225],[90.0268,22.599],[90.0327,22.6527],[90.0038,22.6772],[90.028,22.6463],[90.0132,22.5988],[90.0307,22.5814],[90.0179,22.4944],[89.9546,22.5055],[89.9855,22.4867],[89.9872,22.466],[89.9102,22.3882],[89.8834,22.4052],[89.8834,22.4302],[89.8767,22.4102],[89.8937,22.3609],[89.8404,22.2634],[89.8395,22.2268],[89.8767,22.187],[89.8836,22.1192],[89.8516,22.0704],[89.8188,22.066],[89.8545,22.0358],[89.8762,21.8965],[89.8423,21.8787],[89.8478,21.894],[89.8283,21.9061],[89.8437,21.8916],[89.8362,21.879],[89.8428,21.8582],[89.8187,21.8443],[89.7715,21.8311],[89.7896,21.879],[89.7542,21.8561],[89.7334,21.8909],[89.7487,21.8344],[89.6729,21.8436],[89.6618,21.8878],[89.6887,21.9307],[89.6506,21.9071],[89.6295,21.9407],[89.6424,21.9577],[89.5788,21.9448],[89.5512,21.994],[89.5758,22.0779],[89.5578,22.065],[89.5354,21.9973],[89.5199,21.9969],[89.5087,22.0183],[89.5353,22.0633],[89.5224,22.0854],[89.4999,22.0271],[89.4712,22.0433],[89.5103,21.9515],[89.5054,21.9065],[89.4549,21.9053],[89.4637,21.934],[89.4254,21.9665],[89.4391,21.9902],[89.4221,21.9715],[89.4329,21.9457],[89.4595,21.9299],[89.4487,21.904],[89.4745,21.8982],[89.4529,21.852],[89.4253,21.8465],[89.4536,21.8423],[89.4762,21.7932],[89.4587,21.7607],[89.4066,21.7161],[89.3816,21.7211],[89.3654,21.7459],[89.382,21.7591],[89.3845,21.769],[89.3647,21.7561],[89.3557,21.8089],[89.3901,21.8865],[89.3678,21.9456],[89.3512,21.9407],[89.3637,21.8987],[89.3154,21.8598],[89.3072,21.8208],[89.2704,21.8248],[89.2903,21.7558],[89.2312,21.7683],[89.2193,21.7572],[89.1845,21.8132],[89.1971,21.8408],[89.1808,21.8386],[89.1591,21.7928],[89.1079,21.8105],[89.1121,21.8547],[89.0872,21.9156],[89.0928,22.0141],[89.0695,22.0474],[89.0708,22.0512],[89.0883,22.0504],[89.092,22.0549],[89.0641,22.0546],[89.0424,22.0754],[89.0337,22.0458],[89.0812,21.984],[89.0721,21.9423],[89.0642,21.9286],[89.0266,21.9269],[89.0029,21.9457],[89.0188,21.9682],[89.0183,21.9761],[88.9946,21.945],[89.0237,21.9115],[88.9858,21.8908],[89.0321,21.8632],[89.0295,21.8207],[89.0021,21.809],[89.0212,21.8098],[89.0254,21.7557],[89.0604,21.7282],[89.0996,21.6373],[89.0591,21.6119],[89.0246,21.6637],[89.0039,21.6526],[89.0271,21.6498],[89.0421,21.6132],[89.0167,21.6008],[88.9943,21.6465],[88.9911,21.6106],[88.9413,21.6425],[88.9464,21.6653],[88.9262,21.6335],[88.8989,21.6496],[88.8754,21.701],[88.8853,21.757],[88.86,21.7771],[88.8319,21.7694],[88.8671,21.7575],[88.8429,21.71],[88.8646,21.6383],[88.8508,21.6229],[88.8463,21.6383],[88.8491,21.6162],[88.8115,21.6347],[88.8263,21.6591],[88.8187,21.6839],[88.7941,21.6546],[88.7243,21.6805],[88.6993,21.7411],[88.7229,21.8073],[88.6998,21.8403],[88.7204,21.8525],[88.7028,21.8522],[88.7279,21.9],[88.7291,21.976],[88.7583,21.9679],[88.7538,21.9816],[88.7637,21.9934],[88.763,22.0055],[88.7903,22.0183],[88.7667,22.0237],[88.7604,22.0487],[88.7747,22.0519],[88.7549,22.0753],[88.7198,22.0537],[88.6983,22.0745],[88.6853,22.0674],[88.7353,22.0299],[88.7365,22.0086],[88.6685,22.0226],[88.6445,22.1181],[88.631,22.1198],[88.6214,22.105],[88.636,22.0381],[88.6191,22.0178],[88.5986,22.0307],[88.6136,22.0124],[88.6013,21.965],[88.6188,21.935],[88.5852,21.9852],[88.5779,21.9733],[88.5796,21.9558],[88.6096,21.9095],[88.5858,21.8887],[88.5704,21.9066],[88.5763,21.8575],[88.555,21.8154],[88.5357,21.8462],[88.5521,21.8758],[88.5412,21.8708],[88.5313,21.8543],[88.5031,21.8849],[88.5314,21.9303],[88.5095,21.9704],[88.5525,21.9851],[88.5652,22.0228],[88.5449,21.9865],[88.5049,21.973],[88.5088,21.9225],[88.4824,21.9062],[88.4774,21.897],[88.4651,21.9063],[88.4688,21.9487],[88.4597,21.9382],[88.4534,21.9068],[88.46,21.8929],[88.4821,21.885],[88.4913,21.8409],[88.4504,21.8158],[88.4292,21.7659],[88.4363,21.7042],[88.4242,21.7188],[88.4121,21.6583],[88.4337,21.6199],[88.4091,21.5921],[88.3929,21.6083],[88.4045,21.6197],[88.3891,21.6672],[88.4121,21.717],[88.3795,21.7303],[88.3991,21.7368],[88.4075,21.7646],[88.3915,21.7795],[88.4082,21.7984],[88.4001,21.8346],[88.4213,21.8892],[88.3996,21.8993],[88.4164,21.9231],[88.4056,21.9516],[88.3903,21.9667],[88.4057,21.9738],[88.4124,21.9947],[88.3873,21.9675],[88.4114,21.9216],[88.396,21.9071],[88.3979,21.8949],[88.4077,21.8854],[88.3976,21.8749],[88.3953,21.7943],[88.3717,21.8007],[88.3643,21.8528],[88.3642,21.8014],[88.3296,21.7886],[88.3146,21.7988],[88.2816,21.7969],[88.2765,21.8073],[88.3154,21.8303],[88.3238,21.8496],[88.311,21.8646],[88.2686,21.865],[88.3175,21.8502],[88.2589,21.8013],[88.2892,21.7581],[88.2869,21.7143],[88.2788,21.7316],[88.2737,21.7283],[88.3067,21.6718],[88.2862,21.5983],[88.3096,21.5833],[88.2962,21.5608],[88.2626,21.5575],[88.2265,21.6188],[88.2493,21.6474],[88.2411,21.6786],[88.2116,21.6855],[88.2308,21.6996],[88.2186,21.7919],[88.2381,21.7646],[88.2396,21.7811],[88.2115,21.8029],[88.2035,21.8456],[88.1682,21.8861],[88.1763,21.9258],[88.1562,21.9558],[88.2351,22.0789],[88.2142,22.1574],[88.1788,22.195],[88.0196,22.2229],[88.0216,22.2004],[88.1349,22.1829],[88.1903,22.1041],[88.1483,22.0595],[88.0483,22.0145],[88.0129,21.9142],[87.9738,21.8542],[87.9418,21.8181],[87.8917,21.7945],[87.8752,21.8172],[87.8904,21.7833],[87.8285,21.7222],[87.7551,21.7008],[87.7498,21.6855],[87.6786,21.6537],[87.6499,21.6646],[87.6369,21.6472],[87.5575,21.6362],[87.383,21.5739],[87.3475,21.5829],[87.3398,21.577],[87.366,21.5609],[87.2622,21.5603],[87.18,21.5429],[87.1875,21.5546],[87.1696,21.5383],[87.1971,21.5445],[87.1305,21.5142],[87.0925,21.5371],[87.1179,21.5141],[87.1088,21.5016],[87.0731,21.4739],[87.0392,21.4787],[87.0604,21.47],[86.9121,21.3383],[86.8321,21.2124],[86.8168,21.1382],[86.9737,20.815],[86.9675,20.7821],[86.8875,20.7971],[86.8683,20.7871],[86.8671,20.7768],[86.9917,20.7686],[87.0104,20.7329],[87.0034,20.7121],[86.9425,20.7162],[86.9256,20.7074],[86.9741,20.7096],[86.9812,20.7017],[86.9642,20.6946],[86.995,20.7029],[87.0253,20.6899],[86.8608,20.5929],[86.7721,20.5067],[86.7316,20.5346],[86.7391,20.5213],[86.7583,20.5121],[86.7621,20.5025],[86.7458,20.4687],[86.7383,20.4796],[86.7154,20.4783],[86.7379,20.4767],[86.7354,20.4158],[86.7258,20.3963],[86.7079,20.4083],[86.7254,20.3807],[86.7412,20.3809],[86.7284,20.3611],[86.7748,20.3954],[86.784,20.3852],[86.7704,20.3742],[86.7709,20.3651],[86.7856,20.3726],[86.7683,20.3288],[86.7158,20.3012],[86.6865,20.3181],[86.6738,20.2941],[86.7006,20.2823],[86.7644,20.3148],[86.5209,20.1846],[86.5143,20.1698],[86.5532,20.1913],[86.4254,20.0257],[86.427,20.0519],[86.4012,20.0047],[86.416,19.9989],[86.3824,19.9654],[86.3746,19.9774],[86.3825,19.9845],[86.3783,19.9913],[86.3616,19.9779],[86.3425,19.9804],[86.3379,19.9908],[86.3229,19.9933],[86.3158,19.9804],[86.3233,19.9846],[86.3525,19.9621],[86.3706,19.9598],[86.2408,19.9063],[86.2371,19.9067],[86.2454,19.9125],[86.2433,19.9212],[86.2225,19.9129],[86.2267,19.9029],[86.2354,19.9033],[86.1925,19.8862],[85.9116,19.8238],[85.9196,19.8208],[85.6054,19.7133],[85.6754,19.7441],[85.6558,19.7429],[85.54,19.6962],[85.5266,19.6854],[85.5281,19.6791],[85.5921,19.7033],[85.3433,19.5812],[85.1483,19.447],[85.0833,19.3779],[85.0633,19.3704],[85.0383,19.3921],[85.0362,19.3791],[85.05,19.3679],[85.0666,19.3662],[85.0821,19.3742],[84.9175,19.2596],[84.9091,19.2787],[84.9071,19.2716],[84.9087,19.265],[84.9071,19.2633],[84.9154,19.2583],[84.8371,19.185],[84.795,19.1162],[84.7975,19.1312],[84.7879,19.1275],[84.7775,19.1079],[84.7454,19.1166],[84.7263,19.09],[84.7459,19.0746],[84.7929,19.1133],[84.6904,18.9667],[84.5896,18.8633],[84.5579,18.79],[84.4712,18.7117],[84.3621,18.5675],[84.3454,18.5725],[84.3566,18.5838],[84.335,18.5771],[84.3504,18.5616],[84.3383,18.5679],[84.3063,18.5333],[84.3392,18.5437],[84.3608,18.5654],[84.3596,18.5541],[84.1383,18.3512],[84.1317,18.3554],[84.0996,18.35],[84.132,18.3433],[84.1292,18.3096],[83.9568,18.2172],[83.925,18.2296],[83.94,18.2096],[83.8066,18.1621],[83.6675,18.0879],[83.6617,18.0696],[83.5776,18.0137],[83.5567,18.0263],[83.5704,18.0066],[83.5308,17.9504],[83.4717,17.9146],[83.4438,17.934],[83.4563,17.8908],[83.4154,17.8517],[83.4104,17.8066],[83.3504,17.7492],[83.348,17.7259],[83.2829,17.6891],[83.2979,17.6758],[83.2456,17.6371],[83.2149,17.5904],[83.0229,17.5088],[82.9939,17.4732],[82.8825,17.4246],[82.8963,17.4459],[82.8916,17.4471],[82.8549,17.4254],[82.8655,17.4155],[82.5891,17.2762],[82.4641,17.1888],[82.3045,17.0442],[82.2794,17.0015],[82.2754,16.9458],[82.2504,16.9358],[82.2504,16.8758],[82.2642,16.8837],[82.2592,16.8645],[82.2671,16.8816],[82.2766,16.8546],[82.3033,16.8637],[82.3158,16.8412],[82.3236,16.8531],[82.3205,16.8373],[82.3334,16.8545],[82.3558,16.8512],[82.3591,16.8246],[82.3654,16.8539],[82.3679,16.8533],[82.3462,16.7325],[82.3183,16.7304],[82.3471,16.705],[82.3354,16.6883],[82.348,16.6996],[82.3196,16.6608],[82.3214,16.6135],[82.2904,16.61],[82.2971,16.5803],[82.0316,16.4404],[82.0496,16.4533],[82.0399,16.4637],[82.0275,16.4387],[81.9629,16.4058],[81.9635,16.4361],[81.9546,16.3973],[81.842,16.3691],[81.717,16.3099],[81.7222,16.3644],[81.7066,16.3129],[81.7028,16.3267],[81.5726,16.3483],[81.5533,16.3721],[81.5546,16.3567],[81.3979,16.3424],[81.2717,16.277],[81.2688,16.28],[81.2704,16.2892],[81.2675,16.2929],[81.2679,16.2733],[81.1979,16.1741],[81.1881,16.1455],[81.2004,16.1442],[81.1879,16.1417],[81.2046,16.1383],[81.1479,16.0133],[81.1521,15.9717],[81.1275,15.9946],[81.1379,15.9633],[81.0499,15.9049],[81.0051,15.8531],[80.9904,15.8252],[81.0139,15.7637],[80.9808,15.7729],[81.0138,15.7583],[80.9758,15.7379],[80.9754,15.7533],[80.9591,15.7588],[80.9721,15.7525],[80.9512,15.7325],[80.9741,15.7496],[80.9713,15.7358],[80.9408,15.7112],[80.8979,15.755],[80.9233,15.7146],[80.8316,15.7013],[80.8354,15.7508],[80.8121,15.7425],[80.7907,15.7922],[80.7824,15.8485],[80.8093,15.7779],[80.8111,15.837],[80.77,15.8695],[80.6775,15.8896],[80.5225,15.8571],[80.3757,15.774],[80.2637,15.6717],[80.2132,15.5089],[80.1929,15.5025],[80.1975,15.4896],[80.2128,15.5046],[80.1996,15.4623],[80.0957,15.329],[80.0896,15.2075],[80.0646,15.1906],[80.0736,15.1742],[80.0452,15.0673],[80.0901,14.85],[80.0921,14.811],[80.0779,14.8091],[80.0947,14.8041],[80.1137,14.7241],[80.1191,14.7338],[80.1343,14.715],[80.1538,14.6395],[80.1854,14.5916],[80.1396,14.5659],[80.1958,14.572],[80.1695,14.3491],[80.1395,14.2523],[80.1037,14.2525],[80.1357,14.2371],[80.1263,14.1661],[80.1409,14.0721],[80.1262,14.0658],[80.135,14.0637],[80.1414,14.0701],[80.1488,14.0175],[80.2433,13.8138],[80.2246,13.8192],[80.2441,13.812],[80.2558,13.78],[80.2339,13.7186],[80.2329,13.6455],[80.31,13.4579],[80.3054,13.4541],[80.3163,13.435],[80.31,13.4254],[80.3316,13.3762],[80.3321,13.3873],[80.3464,13.304],[80.3287,13.2369],[80.3175,13.2296],[80.3146,13.2483],[80.3054,13.2083],[80.3092,13.2021],[80.3296,13.2262],[80.2946,13.1217],[80.2954,13.0866],[80.3046,13.0922],[80.2762,13.0683],[80.2773,13.0223],[80.2609,13.0127],[80.2741,13.0056],[80.2496,12.816],[80.2458,12.8254],[80.2433,12.8037],[80.2333,12.8454],[80.2296,12.7899],[80.2375,12.7829],[80.2488,12.7991],[80.2478,12.7541],[80.1758,12.5813],[80.1868,12.5753],[80.1554,12.5117],[80.1569,12.4775],[80.1353,12.4587],[80.1454,12.4454],[80.1325,12.4312],[80.1146,12.4533],[80.1313,12.4258],[80.0563,12.33],[80.067,12.3502],[80.0576,12.351],[80.0146,12.2642],[79.9866,12.2496],[79.9716,12.2346],[79.9758,12.2279],[80.012,12.2587],[79.8729,12.04],[79.8329,11.9125],[79.8187,11.9071],[79.8296,11.8983],[79.8121,11.8816],[79.8226,11.8721],[79.7982,11.7882],[79.7762,11.7694],[79.794,11.7694],[79.7887,11.7308],[79.7588,11.6716],[79.7791,11.7012],[79.7563,11.5783],[79.7654,11.485],[79.7773,11.4952],[79.8021,11.4533],[79.8313,11.3591],[79.775,11.3862],[79.7613,11.3792],[79.8388,11.3486],[79.8471,11.2392],[79.8252,11.2306],[79.8497,11.2282],[79.8571,11.1947],[79.8521,10.8375],[79.827,10.8175],[79.8504,10.825],[79.8546,10.6083],[79.8679,10.3367],[79.8704,10.3041],[79.8757,10.2977],[79.8447,10.2762],[79.7933,10.2729],[79.8112,10.2866],[79.8,10.3037],[79.69,10.3246],[79.6625,10.3479],[79.6688,10.3266],[79.6558,10.3238],[79.6391,10.3654],[79.6254,10.3433],[79.6283,10.3345],[79.5808,10.3121],[79.5584,10.3154],[79.5621,10.3291],[79.5925,10.3287],[79.605,10.3463],[79.5458,10.3504],[79.5433,10.3237],[79.4616,10.3496],[79.4921,10.3283],[79.4683,10.3221],[79.5246,10.315],[79.3933,10.3204],[79.2941,10.2604],[79.229,10.1341],[79.2319,10.0843],[79.2653,10.0383],[79.1562,9.9308],[79.1121,9.8633],[79.1212,9.8517],[78.9954,9.7117],[78.9313,9.5867],[78.9192,9.4922],[78.9004,9.4867],[78.9314,9.4194],[78.9993,9.3456],[78.9946,9.3408],[78.9949,9.3313],[78.9608,9.3429],[78.9592,9.3404],[78.9959,9.3296],[79.0042,9.3412],[79.0751,9.2923],[79.1896,9.2808],[79.0909,9.2588],[78.9308,9.2662],[78.9108,9.2479],[78.8742,9.2546],[78.7333,9.2079],[78.72,9.1854],[78.6512,9.1917],[78.6449,9.1654],[78.6591,9.1521],[78.5829,9.1271],[78.492,9.1252],[78.4917,9.1412],[78.4824,9.1237],[78.4217,9.1113],[78.3728,9.0774],[78.3683,9.0921],[78.3635,9.068],[78.2729,9.0016],[78.2688,9.0133],[78.2804,9.0124],[78.2658,9.0179],[78.2671,9.0],[78.1863,8.92],[78.1598,8.7521],[78.1325,8.7629],[78.1254,8.7617],[78.1546,8.7455],[78.1786,8.7594],[78.1923,8.7502],[78.1696,8.7433],[78.1371,8.6908],[78.1271,8.64],[78.1096,8.64],[78.1288,8.6375],[78.1353,8.5957],[78.1183,8.5896],[78.1146,8.5808],[78.1385,8.5902],[78.1304,8.4933],[78.0695,8.4217],[78.0595,8.3841],[78.0483,8.3887],[78.0437,8.3833],[78.0621,8.3712],[77.9816,8.3363],[77.8967,8.2737],[77.8067,8.2404],[77.7787,8.195],[77.7467,8.1754],[77.5883,8.1396],[77.5581,8.1104],[77.5644,8.0879],[77.5375,8.0737],[77.5309,8.0788],[77.4508,8.092],[77.3367,8.1262],[77.3167,8.1229],[77.0133,8.3543],[76.9771,8.3876],[76.9554,8.44],[76.9516,8.4396],[76.9496,8.4342],[76.9558,8.4238],[76.7071,8.7275],[76.6354,8.8308],[76.5471,8.8983],[76.5425,8.9312],[76.5691,8.9129],[76.6029,8.9342],[76.5729,8.9266],[76.5971,8.9466],[76.6,8.9712],[76.6091,8.9504],[76.6142,8.9679],[76.6291,8.9471],[76.6454,8.9509],[76.6313,8.9533],[76.6333,8.9687],[76.67,8.9596],[76.6683,8.9737],[76.6321,8.9783],[76.6608,8.9779],[76.6663,8.9942],[76.6475,8.9871],[76.645,8.9987],[76.62,8.9754],[76.5875,8.9937],[76.5667,8.9471],[76.5496,8.9583],[76.5637,8.9625],[76.5579,8.9675],[76.5763,8.9766],[76.5725,8.9821],[76.5363,8.9608],[76.5454,8.9383],[76.5387,8.9341],[76.4763,9.1175],[76.4879,9.1158],[76.481,9.1535],[76.4962,9.1675],[76.4779,9.1675],[76.4725,9.1421],[76.4283,9.2496],[76.4197,9.2395],[76.435,9.2056],[76.4397,9.188],[76.4542,9.1552],[76.4576,9.1428],[76.4571,9.1433],[76.3846,9.3075],[76.3962,9.3233],[76.3892,9.3379],[76.382,9.3158],[76.3573,9.3647],[76.3116,9.5232],[76.2887,9.7499],[76.24,9.9488],[76.2475,9.9712],[76.2646,9.9359],[76.2769,9.9314],[76.2608,9.9721],[76.2887,9.9483],[76.2762,10.005],[76.2596,10.0225],[76.2704,10.0325],[76.244,10.0359],[76.2304,10.0183],[76.2408,9.9729],[76.2196,9.9991],[76.1871,10.1316],[76.1679,10.1792],[76.1783,10.1746],[76.2087,10.195],[76.1958,10.2004],[76.1588,10.18],[76.1229,10.3207],[76.0478,10.4918],[76.0639,10.4735],[76.0614,10.4838],[76.039,10.5246],[76.0633,10.5246],[76.0537,10.5417],[76.0654,10.5433],[76.045,10.5521],[76.0471,10.5342],[76.027,10.5318],[75.9429,10.7225],[75.9454,10.7525],[75.9383,10.7337],[75.9204,10.7767],[75.9392,10.7887],[75.9604,10.8125],[75.9567,10.817],[75.9166,10.7937],[75.9154,10.7967],[75.9204,10.8033],[75.9204,10.8075],[75.91,10.8271],[75.9162,10.8066],[75.9104,10.7908],[75.8276,11.1186],[75.8412,11.1275],[75.8483,11.1412],[75.8696,11.1241],[75.8508,11.1438],[75.8253,11.1242],[75.8054,11.1549],[75.8287,11.1566],[75.8137,11.1616],[75.8271,11.1791],[75.8021,11.1649],[75.7804,11.2225],[75.8021,11.2333],[75.7779,11.2284],[75.7354,11.3308],[75.7371,11.3516],[75.7579,11.36],[75.7358,11.357],[75.735,11.3454],[75.6887,11.4399],[75.6204,11.4758],[75.6041,11.561],[75.5321,11.7016],[75.5429,11.7108],[75.5271,11.7066],[75.4971,11.7333],[75.4754,11.7633],[75.4904,11.765],[75.4754,11.7683],[75.4867,11.7804],[75.4563,11.7724],[75.4645,11.7808],[75.4625,11.8046],[75.4596,11.8],[75.4621,11.7817],[75.455,11.7779],[75.3833,11.8579],[75.3554,11.8617],[75.3027,11.9402],[75.3446,11.9333],[75.3141,11.9704],[75.305,11.9712],[75.3038,11.9683],[75.315,11.9504],[75.2808,11.9954],[75.3046,11.9542],[75.2925,11.9521],[75.2317,12.0221],[75.2013,12.0041],[75.1204,12.195],[75.1308,12.1984],[75.1312,12.2125],[75.1174,12.2149],[75.1238,12.2033],[75.1179,12.2024],[75.0648,12.3407],[75.0297,12.3924],[75.0386,12.4111],[75.0271,12.3974],[75.0072,12.4333],[75.0146,12.4466],[75.0021,12.4441],[74.9854,12.4775],[75.0033,12.4687],[75.0021,12.4916],[75.0008,12.4746],[74.9825,12.4971],[74.9804,12.4858],[74.9362,12.6141],[74.9287,12.6075],[74.8971,12.7008],[74.8254,12.8383],[74.8433,12.8229],[74.8696,12.8333],[74.8321,12.8475],[74.8338,12.8533],[74.8312,12.87],[74.8213,12.8842],[74.8229,12.9],[74.8139,12.9075],[74.8154,12.8891],[74.8304,12.8449],[74.8221,12.8492],[74.8071,12.915],[74.8204,12.9274],[74.8045,12.9292],[74.7812,13.09],[74.7696,13.0892],[74.7146,13.3175],[74.6954,13.3433],[74.6975,13.3454],[74.7117,13.3329],[74.7137,13.335],[74.6962,13.3483],[74.6913,13.4442],[74.695,13.4512],[74.6962,13.415],[74.7025,13.4087],[74.705,13.4087],[74.7112,13.4125],[74.7112,13.4158],[74.7029,13.4333],[74.7154,13.435],[74.7196,13.4525],[74.7066,13.4371],[74.6996,13.4675],[74.6966,13.4537],[74.6888,13.4625],[74.6663,13.6309],[74.68,13.6054],[74.6791,13.6338],[74.7033,13.6371],[74.7008,13.6263],[74.7067,13.6371],[74.7216,13.6329],[74.7221,13.6383],[74.6983,13.6538],[74.6795,13.65],[74.6862,13.6559],[74.6779,13.6817],[74.6688,13.6633],[74.6692,13.6363],[74.6504,13.6641],[74.6169,13.8576],[74.5896,13.9191],[74.5129,13.9866],[74.5029,14.0233],[74.5295,14.0216],[74.5075,14.0421],[74.5021,14.0266],[74.4671,14.1917],[74.4271,14.2775],[74.455,14.2454],[74.5171,14.2416],[74.4817,14.277],[74.4425,14.2721],[74.4274,14.3087],[74.422,14.2858],[74.3937,14.4116],[74.4096,14.415],[74.3829,14.4167],[74.3496,14.5016],[74.3829,14.5391],[74.3629,14.5408],[74.3771,14.5458],[74.3646,14.5508],[74.3716,14.5621],[74.3454,14.5425],[74.3533,14.5187],[74.3108,14.5179],[74.2921,14.5941],[74.3496,14.6041],[74.3274,14.6087],[74.3142,14.5996],[74.3221,14.61],[74.3133,14.6154],[74.31,14.5987],[74.29,14.5962],[74.2679,14.6242],[74.2962,14.6383],[74.2547,14.7051],[74.2783,14.7088],[74.2837,14.7125],[74.2215,14.7472],[74.1995,14.7176],[74.1629,14.7495],[74.1691,14.7604],[74.1504,14.7458],[74.1375,14.7771],[74.1174,14.7741],[74.0921,14.7994],[74.1204,14.7991],[74.1258,14.8371],[74.1642,14.8371],[74.1616,14.8171],[74.1713,14.8374],[74.1587,14.8425],[74.1653,14.8579],[74.1154,14.841],[74.0971,14.8916],[74.0412,14.9175],[74.0546,14.955],[74.0338,14.9808],[74.0513,14.9842],[73.9904,15.0218],[73.9842,15.0538],[73.9174,15.0862],[73.9371,15.1316],[73.9571,15.1358],[73.9563,15.1575],[73.9492,15.1429],[73.8979,15.3283],[73.8775,15.3671],[73.835,15.362],[73.7846,15.4083],[73.8766,15.3962],[73.8899,15.4192],[73.8483,15.4504],[73.7888,15.4591],[73.8063,15.4642],[73.826,15.5042],[73.7696,15.49],[73.7338,15.5883],[73.7363,15.6066],[73.7508,15.6046],[73.7487,15.6208],[73.7617,15.6254],[73.7896,15.6524],[73.7337,15.6149],[73.6912,15.7133],[73.7158,15.7229],[73.7163,15.7292],[73.7075,15.7337],[73.6856,15.7179],[73.6537,15.7383],[73.6762,15.7517],[73.6554,15.7867],[73.6662,15.8083],[73.655,15.7913],[73.6387,15.8133],[73.6112,15.8616],[73.6296,15.8708],[73.6113,15.8658],[73.5904,15.9075],[73.5975,15.9212],[73.5733,15.9113],[73.5383,15.9396],[73.5112,15.9383],[73.5097,15.9913],[73.4955,15.985],[73.4821,16.0383],[73.4579,16.0554],[73.4839,16.0698],[73.4596,16.0791],[73.4762,16.095],[73.4737,16.1325],[73.4675,16.1404],[73.4629,16.1358],[73.4612,16.0987],[73.4388,16.1942],[73.4563,16.2125],[73.4481,16.2281],[73.4413,16.207],[73.4312,16.2024],[73.4129,16.26],[73.4392,16.2897],[73.4096,16.282],[73.3854,16.3374],[73.3908,16.3595],[73.405,16.3554],[73.4279,16.3716],[73.3735,16.3594],[73.3696,16.3795],[73.41,16.4071],[73.4688,16.4133],[73.4075,16.4154],[73.3688,16.3999],[73.3596,16.4352],[73.3879,16.4484],[73.3546,16.4454],[73.3193,16.5139],[73.3129,16.54],[73.337,16.56],[73.3586,16.5187],[73.3477,16.5132],[73.3624,16.4779],[73.3608,16.5071],[73.4438,16.4992],[73.37,16.5195],[73.3571,16.5367],[73.3754,16.5375],[73.3491,16.5546],[73.4,16.5437],[73.4096,16.5575],[73.3591,16.5529],[73.3188,16.5983],[73.3541,16.5929],[73.3429,16.6058],[73.3733,16.6287],[73.3804,16.5983],[73.4008,16.5888],[73.3846,16.6033],[73.4021,16.6158],[73.3908,16.6354],[73.3362,16.6211],[73.3421,16.6325],[73.3246,16.6379],[73.3454,16.6917],[73.3187,16.6966],[73.3054,16.7642],[73.3258,16.8088],[73.3429,16.7858],[73.3312,16.8225],[73.3462,16.8308],[73.3325,16.8279],[73.3191,16.8062],[73.3008,16.8096],[73.2888,16.8791],[73.3171,16.8833],[73.2984,16.8987],[73.2779,16.8933],[73.2949,16.9721],[73.3083,16.9563],[73.3316,16.9446],[73.3304,16.9692],[73.3141,16.9612],[73.3142,16.9771],[73.2704,16.9926],[73.2854,17.0124],[73.2945,17.005],[73.2922,17.0344],[73.3252,17.0266],[73.3254,17.04],[73.2824,17.042],[73.2912,17.0741],[73.2967,17.0671],[73.31,17.0763],[73.3154,17.085],[73.2854,17.0791],[73.2921,17.1133],[73.285,17.1004],[73.2699,17.1096],[73.2721,17.1499],[73.2538,17.1892],[73.2337,17.1958],[73.2513,17.195],[73.2479,17.22],[73.1921,17.3016],[73.2233,17.2996],[73.2616,17.2579],[73.2608,17.2846],[73.2914,17.2775],[73.2996,17.2916],[73.2399,17.2905],[73.2437,17.315],[73.2213,17.3275],[73.2313,17.3333],[73.2129,17.3808],[73.1732,17.3984],[73.1916,17.4296],[73.2137,17.4333],[73.1887,17.4436],[73.1912,17.5108],[73.1833,17.5038],[73.1405,17.5564],[73.2166,17.5888],[73.1708,17.5796],[73.1345,17.6311],[73.1438,17.6375],[73.1198,17.6941],[73.1371,17.7133],[73.09,17.8312],[73.1296,17.8342],[73.1,17.847],[73.0908,17.8396],[73.0721,17.885],[73.0854,17.8942],[73.0698,17.8877],[73.0541,17.9046],[73.0558,17.9254],[73.0708,17.9263],[73.0921,17.94],[73.055,17.9271],[73.0337,17.9541],[73.0424,17.9779],[73.0909,17.9904],[73.0196,17.9908],[73.0221,17.9925],[73.0214,18.0047],[73.0071,18.0195],[73.0225,18.0197],[73.0444,18.04],[73.0254,18.0295],[73.0404,18.0516],[73.0291,18.0479],[73.0171,18.0285],[72.9929,18.0573],[72.9987,18.0808],[72.9737,18.1242],[72.9929,18.1575],[72.9896,18.1917],[72.9329,18.2175],[72.9388,18.2786],[72.9667,18.2715],[72.9764,18.2421],[73.063,18.2177],[73.0596,18.1825],[73.1017,18.1421],[73.0629,18.1908],[73.0804,18.235],[73.0446,18.2958],[73.0825,18.2996],[73.0862,18.3192],[73.0842,18.3246],[73.0675,18.3029],[73.0429,18.3017],[73.0499,18.2734],[73.0313,18.2636],[72.9212,18.3475],[72.9145,18.3689],[72.9287,18.3816],[72.8954,18.4567],[72.9062,18.538],[72.965,18.5354],[72.9746,18.4992],[73.0058,18.4629],[73.0063,18.4667],[72.9683,18.5396],[72.9254,18.5447],[72.8854,18.6266],[72.8996,18.6342],[72.8704,18.6408],[72.8571,18.6942],[72.8679,18.8008],[72.9167,18.7929],[72.9366,18.8237],[72.9971,18.7781],[72.9804,18.7516],[72.9962,18.7267],[73.0163,18.715],[72.9913,18.7442],[73.0021,18.7792],[72.9827,18.8027],[73.0578,18.8027],[72.9864,18.8137],[72.9892,18.8654],[72.9381,18.847],[72.9088,18.8974],[72.9247,18.9098],[72.9475,18.8912],[72.9421,18.9074],[72.9575,18.9013],[72.9654,18.9167],[72.9504,18.9458],[72.9871,18.9433],[72.9574,18.9695],[72.9774,18.9621],[73.0214,18.9872],[73.0349,18.9775],[73.0357,18.9936],[73.0908,18.9988],[73.0667,19.0143],[73.0847,19.0314],[73.0644,19.0292],[73.0904,19.0457],[73.0058,19.0054],[72.9846,19.0706],[72.9987,19.0916],[72.9787,19.1033],[72.9879,19.1124],[72.9804,19.1283],[72.9879,19.1575],[72.9888,19.1858],[72.9858,19.1895],[72.9642,19.1353],[72.9522,19.1374],[72.957,19.1082],[72.9307,19.0904],[72.9472,19.068],[72.9137,19.0744],[72.9503,19.0538],[72.9436,19.0311],[72.9025,18.9946],[72.8784,19.0226],[72.8573,19.0094],[72.8254,18.9187],[72.8167,18.9484],[72.7937,18.9403],[72.8154,18.9791],[72.8171,19.0218],[72.8597,19.0602],[72.8196,19.0475],[72.8346,19.0908],[72.8271,19.0841],[72.805,19.1437],[72.8321,19.1616],[72.83,19.1812],[72.7887,19.1354],[72.7821,19.1666],[72.8412,19.2541],[72.8187,19.245],[72.7833,19.1921],[72.7871,19.3062],[72.81,19.2921],[72.8539,19.3154],[72.9155,19.2908],[72.8542,19.3504],[72.8067,19.3298],[72.7751,19.3545],[72.7587,19.3751],[72.7712,19.3958],[72.7446,19.4599],[72.78,19.4929],[72.8217,19.492],[72.8483,19.5213],[72.8888,19.5241],[72.8666,19.5371],[72.8458,19.5413],[72.8267,19.5087],[72.78,19.5038],[72.7879,19.5175],[72.7875,19.5237],[72.7691,19.5063],[72.7429,19.5158],[72.7167,19.5878],[72.7479,19.5991],[72.7318,19.6072],[72.7081,19.6811],[72.7005,19.7262],[72.7146,19.747],[72.701,19.742],[72.6902,19.7581],[72.7061,19.8084],[72.6859,19.8043],[72.6594,19.8391],[72.6921,19.8633],[72.6717,19.9362],[72.6984,19.9604],[72.7241,19.9671],[72.7363,19.9433],[72.76,19.9233],[72.7451,19.9679],[72.7216,19.9802],[72.7079,20.0683],[72.7371,20.1117],[72.7463,20.1962],[72.7829,20.2108],[72.7633,20.2163],[72.7483,20.2054],[72.7413,20.2425],[72.778,20.3364],[72.8371,20.3725],[72.822,20.37],[72.8316,20.4087],[72.8529,20.4075],[72.8296,20.4141],[72.8304,20.4425],[72.8921,20.5033],[72.8868,20.5286],[72.9004,20.53],[72.8871,20.5433],[72.9051,20.5993],[72.8919,20.6287],[72.9091,20.6304],[72.9129,20.6366],[72.8864,20.6374],[72.9015,20.6429],[72.8967,20.7022],[72.9087,20.7111],[72.8907,20.7199],[72.9284,20.7572],[72.9519,20.755],[72.9501,20.7674],[72.9276,20.7763],[72.9197,20.7682],[72.9199,20.7893],[72.91,20.7807],[72.8745,20.8015],[72.896,20.8134],[72.8756,20.8245],[72.8948,20.8665],[72.8268,20.8292],[72.8547,20.86],[72.8245,20.8829],[72.8351,20.9065],[72.8491,20.9044],[72.8239,20.9212],[72.8822,20.9546],[72.8765,20.9718],[72.8913,20.9864],[72.8308,20.9734],[72.8387,20.9855],[72.8052,20.9872],[72.827,21.014],[72.7661,21.0042],[72.7425,20.9769],[72.7631,20.9293],[72.7571,20.9317],[72.7337,20.9983],[72.727,21.0491],[72.7417,21.0289],[72.7859,21.0461],[72.8068,21.0247],[72.857,21.0392],[72.8419,21.0537],[72.8549,21.0677],[72.8297,21.0602],[72.8266,21.0921],[72.8419,21.1137],[72.8215,21.0977],[72.8145,21.1053],[72.8304,21.1146],[72.8143,21.1191],[72.8114,21.1483],[72.8316,21.1672],[72.8059,21.1497],[72.8016,21.1242],[72.7904,21.1447],[72.7878,21.11],[72.7636,21.1227],[72.7569,21.1046],[72.7443,21.1262],[72.719,21.1034],[72.7302,21.0781],[72.707,21.0875],[72.7087,21.1274],[72.7592,21.1513],[72.7887,21.18],[72.7525,21.1787],[72.7333,21.1438],[72.6707,21.1568],[72.6379,21.0817],[72.622,21.1364],[72.635,21.1279],[72.6512,21.1474],[72.6448,21.1526],[72.6254,21.1416],[72.6204,21.1783],[72.6329,21.1692],[72.6379,21.2066],[72.6579,21.2223],[72.6949,21.1929],[72.742,21.1975],[72.7033,21.2046],[72.6431,21.2498],[72.6356,21.2415],[72.6501,21.2798],[72.6188,21.3022],[72.6684,21.342],[72.7365,21.3238],[72.6962,21.355],[72.7016,21.3724],[72.6733,21.3503],[72.652,21.3667],[72.7208,21.4654],[72.7346,21.465],[72.7304,21.4508],[72.7312,21.4467],[72.7391,21.4346],[72.7629,21.4483],[72.74,21.4495],[72.7488,21.4708],[72.7292,21.4779],[72.8579,21.6632],[72.9193,21.6478],[73.1089,21.7201],[73.0888,21.7367],[73.064,21.7327],[72.9438,21.6753],[72.8768,21.6904],[73.4922,22.5767],[74.9442,23.9655],[75.7648,25.1649],[76.4593,25.7962],[78.29,25.9856],[81.5095,26.1118],[84.5397,26.3643],[87.0648,26.6169],[88.9586,26.6169],[90.1581,26.7431],[91.1681,26.9325],[98.0,25.7133],[98.0,14.4825],[97.9846,14.4742],[97.9657,14.4296],[97.9513,14.4983],[97.9313,14.5375],[97.9404,14.5516],[97.9287,14.54],[97.9367,14.5229],[97.9058,14.5783],[97.9129,14.6233],[97.9044,14.6112],[97.8729,14.6706],[97.8992,14.7163],[97.9091,14.7038],[97.9242,14.7187],[97.9211,14.7324],[97.9004,14.745],[97.8783,14.7129],[97.8405,14.7184],[97.7917,14.8683],[97.8083,14.9501],[97.7988,14.995],[97.8234,15.0163],[97.8244,15.0243],[97.791,14.9984],[97.7709,15.0179],[97.7958,15.0271],[97.7931,15.0938],[97.8064,15.1105],[97.8063,15.1503],[97.7872,15.1793],[97.8233,15.2071],[97.8325,15.1929],[97.8375,15.1904],[97.8413,15.1924],[97.81,15.2337],[97.7975,15.2279],[97.7921,15.2192],[97.7918,15.1914],[97.7693,15.1941],[97.7315,15.2693],[97.7417,15.295],[97.7215,15.3328],[97.7274,15.3548],[97.7469,15.3561],[97.7488,15.3855],[97.7592,15.3829],[97.7688,15.3658],[97.7733,15.3646],[97.7607,15.3847],[97.8013,15.4033],[97.8013,15.4133],[97.7975,15.4163],[97.7823,15.4048],[97.741,15.4877],[97.7738,15.5375],[97.7608,15.5304],[97.731,15.6077],[97.7412,15.6592],[97.7266,15.658],[97.7144,15.7054],[97.7287,15.7217],[97.6994,15.7541],[97.7227,15.7793],[97.7112,15.8558],[97.7267,15.8529],[97.7313,15.8584],[97.7134,15.8604],[97.7059,15.8498],[97.6882,15.9017],[97.6103,15.949],[97.6035,15.9803],[97.5713,16.0108],[97.5596,16.075],[97.5967,16.0851],[97.6143,16.0611],[97.6277,16.0504],[97.648,16.0442],[97.6654,16.0486],[97.6772,16.0283],[97.6969,16.0274],[97.6673,16.0521],[97.6202,16.0587],[97.6083,16.1088],[97.5979,16.0971],[97.6438,16.27],[97.6155,16.3556],[97.6294,16.3873],[97.6146,16.4241],[97.6253,16.5],[97.6621,16.5123],[97.6624,16.4765],[97.6823,16.4655],[97.7025,16.4706],[97.7044,16.4501],[97.7232,16.4502],[97.7199,16.4268],[97.7539,16.4141],[97.7355,16.4023],[97.7334,16.3833],[97.7784,16.3746],[97.7974,16.354],[97.7858,16.3396],[97.7874,16.3327],[97.8346,16.3236],[97.8601,16.2918],[97.8887,16.2862],[97.8521,16.3024],[97.8441,16.3234],[97.7924,16.3327],[97.8031,16.3534],[97.7905,16.3703],[97.7614,16.386],[97.7372,16.386],[97.7578,16.4177],[97.7289,16.4247],[97.7259,16.4541],[97.7068,16.4536],[97.7023,16.474],[97.6641,16.48],[97.6755,16.5007],[97.6684,16.5455],[97.7465,16.5616],[97.705,16.5704],[97.6685,16.5549],[97.6479,16.6092],[97.6183,16.6479],[97.6071,16.5808],[97.6264,16.5585],[97.6216,16.5196],[97.575,16.5363],[97.5192,16.5404],[97.4909,16.5337],[97.4886,16.5387],[97.4767,16.5271],[97.4442,16.5387],[97.3542,16.5045],[97.3304,16.6619],[97.3466,16.6471],[97.3939,16.64],[97.4108,16.6424],[97.4241,16.6584],[97.3928,16.6437],[97.3457,16.6544],[97.3406,16.6666],[97.3578,16.6694],[97.3476,16.6786],[97.33,16.6679],[97.3301,16.6963],[97.3529,16.7133],[97.3419,16.7341],[97.341,16.7129],[97.3233,16.7129],[97.3146,16.6942],[97.3179,16.6679],[97.2871,16.6792],[97.2498,16.8225],[97.2254,16.8552],[97.2664,16.8441],[97.2781,16.8505],[97.2659,16.8701],[97.2572,16.8504],[97.2071,16.8792],[97.2191,16.9379],[97.2016,16.8979],[97.2029,16.9408],[97.1942,16.9496],[97.1787,16.9292],[97.2072,17.008],[97.1639,17.0547],[97.1554,17.0987],[97.1909,17.1169],[97.2134,17.0874],[97.2646,17.1036],[97.2269,17.104],[97.2041,17.1354],[97.1791,17.1371],[97.1358,17.1188],[97.1295,17.0842],[97.1124,17.0812],[97.0887,17.1652],[97.1067,17.1878],[97.0857,17.1792],[97.0592,17.2533],[97.028,17.2634],[97.0091,17.3],[96.9123,17.3589],[96.8812,17.4366],[96.8773,17.5088],[96.8625,17.4162],[96.8209,17.4331],[96.7944,17.4883],[96.7859,17.4899],[96.7344,17.4353],[96.7735,17.3764],[96.7225,17.3474],[96.6924,17.3664],[96.6498,17.3383],[96.6683,17.2691],[96.6962,17.2479],[96.7086,17.2545],[96.6769,17.2675],[96.6854,17.3453],[96.7251,17.3382],[96.8366,17.3809],[96.8401,17.3648],[96.8443,17.3762],[96.8597,17.3614],[96.856,17.3431],[96.863,17.3527],[96.9045,17.3249],[96.8907,17.3119],[96.9129,17.3049],[96.9024,17.2717],[96.8335,17.2052],[96.8487,17.2008],[96.8995,17.0841],[96.8921,17.0025],[96.9077,17.0087],[96.8683,16.9254],[96.8621,16.9516],[96.8838,16.9841],[96.8741,16.9962],[96.8804,16.9825],[96.8613,16.9641],[96.8529,16.9177],[96.8353,16.9415],[96.8509,16.9591],[96.8346,16.9511],[96.8295,16.9272],[96.8417,16.9054],[96.815,16.9029],[96.8041,16.9195],[96.7754,16.915],[96.8,16.9137],[96.8208,16.8871],[96.7983,16.8354],[96.7887,16.8625],[96.8004,16.8775],[96.7908,16.8962],[96.7821,16.8875],[96.7937,16.8058],[96.7662,16.7792],[96.79,16.7658],[96.7779,16.7291],[96.7154,16.6816],[96.6746,16.5981],[96.5966,16.5371],[96.4938,16.5046],[96.3837,16.4966],[96.2866,16.5529],[96.2867,16.5918],[96.3336,16.6234],[96.4269,16.6076],[96.4699,16.6127],[96.3313,16.6287],[96.2833,16.6004],[96.2766,16.5812],[96.2637,16.6474],[96.2348,16.6789],[96.2228,16.7542],[96.3156,16.8334],[96.3456,16.8334],[96.3941,16.8594],[96.4084,16.8552],[96.4861,16.8699],[96.5119,16.8882],[96.4839,16.8731],[96.3948,16.864],[96.3244,16.8384],[96.32,16.869],[96.3477,16.9059],[96.3007,16.8638],[96.298,16.8408],[96.2776,16.8693],[96.3,16.8288],[96.2341,16.8012],[96.1999,16.7671],[96.1848,16.7765],[96.195,16.7898],[96.1915,16.7999],[96.2124,16.7983],[96.2246,16.8111],[96.2182,16.8412],[96.2089,16.8458],[96.2203,16.8109],[96.1879,16.8001],[96.1787,16.7766],[96.1931,16.7638],[96.1275,16.7738],[96.1208,16.8137],[96.1155,16.8122],[96.1138,16.7824],[96.1319,16.7589],[96.119,16.7566],[96.1899,16.742],[96.2112,16.6742],[96.2446,16.6441],[96.2342,16.6096],[96.1735,16.5831],[96.1736,16.5163],[96.1926,16.4892],[96.1776,16.483],[96.1826,16.4697]]],[[[98.0,14.2895],[97.9679,14.3954],[98.0,14.4789],[98.0,14.2895]]]]}}