{"type":"Feature","properties":{"speciesId":384,"category":"VU","source":"IUCN Red List","simplifyTol":0.01,"clippedToSubcontinent":true},"geometry":{"type":"MultiPolygon","coordinates":[[[[72.5906,21.3421],[72.5842,21.334],[72.5829,21.3406],[72.5906,21.3421]]],[[[72.5862,21.3625],[72.58,21.3581],[72.5794,21.3658],[72.5862,21.3625]]],[[[72.5939,21.3672],[72.5989,21.388],[72.6047,21.3862],[72.5939,21.3672]]],[[[87.0194,20.7958],[87.0048,20.8062],[87.0007,20.8325],[87.0214,20.8217],[87.0194,20.7958]]],[[[71.7162,20.9967],[71.6952,20.9977],[71.7159,20.9993],[71.7162,20.9967]]],[[[72.0975,21.2537],[72.0975,21.2554],[72.0988,21.2549],[72.0975,21.2537]]],[[[92.5413,20.1979],[92.537,20.1975],[92.5402,20.2003],[92.5413,20.1979]]],[[[92.7494,20.2187],[92.7472,20.234],[92.7548,20.2321],[92.7494,20.2187]]],[[[86.8028,20.4583],[86.8006,20.4854],[86.8055,20.4965],[86.8131,20.4838],[86.8028,20.4583]]],[[[92.3403,20.575],[92.3202,20.5954],[92.3204,20.6381],[92.3285,20.6366],[92.3403,20.575]]],[[[87.0569,20.7417],[87.0452,20.7425],[87.0534,20.7507],[87.0569,20.7417]]],[[[92.7178,20.2465],[92.7321,20.2376],[92.7361,20.2167],[92.7218,20.2259],[92.7178,20.2465]]],[[[92.7506,20.2487],[92.7372,20.2384],[92.743,20.2506],[92.7506,20.2487]]],[[[87.0694,20.7333],[87.0718,20.7574],[87.0907,20.7659],[87.0946,20.7507],[87.0694,20.7333]]],[[[93.6994,19.6604],[93.6869,19.6551],[93.6945,19.6666],[93.6994,19.6604]]],[[[93.6371,19.6812],[93.6329,19.6808],[93.636,19.6836],[93.6371,19.6812]]],[[[93.6339,19.7006],[93.6286,19.6982],[93.6324,19.708],[93.6339,19.7006]]],[[[93.2131,19.7176],[93.2035,19.7186],[93.2055,19.7256],[93.2131,19.7176]]],[[[93.5449,19.6574],[93.5384,19.6465],[93.5343,19.6628],[93.5449,19.6574]]],[[[93.5778,19.6458],[93.5577,19.6536],[93.5787,19.6756],[93.5923,19.6671],[93.5778,19.6458]]],[[[93.6114,19.6671],[93.605,19.659],[93.6037,19.6656],[93.6114,19.6671]]],[[[93.5404,19.8631],[93.5344,19.8539],[93.5328,19.8613],[93.5404,19.8631]]],[[[93.0278,19.8125],[93.0131,19.8954],[92.9119,20.0617],[92.9222,20.0965],[92.9575,20.0785],[92.9799,19.9966],[93.0202,19.9313],[93.0381,19.8796],[93.0278,19.8125]]],[[[86.4,19.9681],[86.3785,19.9593],[86.3991,19.9753],[86.4,19.9681]]],[[[93.4047,19.8049],[93.3994,19.8026],[93.4014,19.8089],[93.4047,19.8049]]],[[[93.2599,19.8131],[93.255,19.8048],[93.2536,19.8112],[93.2599,19.8131]]],[[[93.4678,19.7459],[93.5048,19.7216],[93.5023,19.6619],[93.4077,19.7329],[93.4146,19.7494],[93.4381,19.7492],[93.4352,19.7631],[93.4579,19.7369],[93.4678,19.7459]],[[93.4787,19.7225],[93.483,19.7229],[93.4818,19.7253],[93.4787,19.7225]]],[[[93.2006,19.7436],[93.183,19.7427],[93.1882,19.7575],[93.1946,19.7589],[93.2006,19.7436]]],[[[93.4658,19.7533],[93.4578,19.7554],[93.47,19.7576],[93.4658,19.7533]]],[[[93.5364,19.7713],[93.53,19.7632],[93.5287,19.7698],[93.5364,19.7713]]],[[[93.7573,19.5588],[93.7508,19.5507],[93.7495,19.5573],[93.7573,19.5588]]],[[[93.7461,19.5699],[93.7343,19.5591],[93.7307,19.5749],[93.7461,19.5699]]],[[[93.6,19.5583],[93.5946,19.5498],[93.5828,19.5554],[93.6,19.5583]]],[[[93.6007,19.5658],[93.6046,19.5595],[93.6,19.5583],[93.6007,19.5658]]],[[[93.6756,19.6006],[93.6703,19.5982],[93.6741,19.608],[93.6756,19.6006]]],[[[93.6589,19.6067],[93.6425,19.5965],[93.6412,19.603],[93.6589,19.6067]]],[[[93.612,19.634],[93.6446,19.6077],[93.5952,19.6117],[93.612,19.634]]],[[[93.6629,19.6303],[93.6453,19.6368],[93.6474,19.6422],[93.6629,19.6303]]],[[[93.6367,19.6257],[93.6244,19.637],[93.6268,19.6423],[93.6367,19.6257]]],[[[93.6714,19.5883],[93.6661,19.5859],[93.6681,19.5923],[93.6714,19.5883]]],[[[93.7494,19.5854],[93.7425,19.5841],[93.7447,19.5959],[93.7494,19.5854]]],[[[93.6927,19.6005],[93.6927,19.587],[93.687,19.5888],[93.6927,19.6005]]],[[[93.6994,19.6022],[93.7214,19.5987],[93.7201,19.5883],[93.7116,19.587],[93.6994,19.6022]]],[[[72.5948,21.6422],[72.621,21.6403],[72.6071,21.6161],[72.5786,21.6262],[72.5948,21.6422]],[[72.6042,21.6375],[72.5953,21.6345],[72.6029,21.6328],[72.6042,21.6375]]],[[[88.6212,21.7809],[88.6288,21.7267],[88.6142,21.708],[88.5875,21.7167],[88.6089,21.6841],[88.5953,21.6613],[88.6071,21.621],[88.575,21.625],[88.5868,21.58],[88.5505,21.5619],[88.5375,21.5792],[88.5326,21.5424],[88.5062,21.5381],[88.4833,21.5513],[88.4798,21.573],[88.4885,21.599],[88.5074,21.5954],[88.5298,21.6663],[88.4994,21.783],[88.5413,21.8131],[88.5702,21.798],[88.5662,21.7758],[88.5997,21.7923],[88.6212,21.7809]],[[88.6004,21.7178],[88.597,21.7214],[88.5958,21.7167],[88.6004,21.7178]],[[88.5863,21.7212],[88.5828,21.7179],[88.5875,21.7167],[88.5863,21.7212]],[[88.5738,21.6296],[88.5703,21.6262],[88.575,21.625],[88.5738,21.6296]],[[88.5363,21.5837],[88.5328,21.5804],[88.5375,21.5792],[88.5363,21.5837]],[[88.5208,21.5917],[88.5288,21.5884],[88.5283,21.591],[88.5208,21.5917]],[[88.5208,21.5917],[88.5128,21.5949],[88.5133,21.5923],[88.5208,21.5917]],[[88.5778,21.725],[88.5839,21.7469],[88.568,21.7672],[88.5661,21.7616],[88.5778,21.725]],[[88.562,21.6308],[88.5663,21.6312],[88.5652,21.6336],[88.562,21.6308]]],[[[72.6381,21.4093],[72.6194,21.3958],[72.6119,21.3968],[72.6271,21.4203],[72.6381,21.4093]]],[[[69.7403,21.5917],[69.7297,21.5978],[69.7265,21.6131],[69.7366,21.6118],[69.7403,21.5917]]],[[[92.0,21.5958],[91.9927,21.609],[91.9993,21.6074],[92.0,21.5958]]],[[[72.2845,21.5783],[72.2821,21.5775],[72.2841,21.5796],[72.2845,21.5783]]],[[[88.0199,21.5825],[88.0176,21.5674],[88.0142,21.5839],[88.0199,21.5825]]],[[[72.2887,21.5833],[72.2871,21.5842],[72.2883,21.5845],[72.2887,21.5833]]],[[[72.3611,21.5792],[72.3452,21.5995],[72.3536,21.6173],[72.3673,21.6028],[72.3611,21.5792]]],[[[88.6319,21.6458],[88.6256,21.6605],[88.637,21.6798],[88.641,21.6645],[88.6319,21.6458]]],[[[88.8861,21.5458],[88.8298,21.5645],[88.8298,21.6075],[88.8949,21.5824],[88.9078,21.5604],[88.8861,21.5458]]],[[[88.7429,21.6536],[88.7741,21.6576],[88.7756,21.6228],[88.8006,21.5988],[88.7897,21.5797],[88.7382,21.5703],[88.7089,21.5811],[88.7172,21.6368],[88.6869,21.6826],[88.697,21.7172],[88.705,21.6884],[88.7429,21.6536]]],[[[88.1903,21.5583],[88.1715,21.5687],[88.1674,21.6034],[88.1923,21.5861],[88.1903,21.5583]]],[[[89.3506,21.7091],[89.3285,21.6977],[89.3369,21.7215],[89.3506,21.7091]]],[[[90.609,21.7487],[90.5921,21.7406],[90.6014,21.7506],[90.609,21.7487]]],[[[89.7198,21.7546],[89.7133,21.7465],[89.712,21.7531],[89.7198,21.7546]]],[[[90.7297,21.8071],[90.7202,21.7968],[90.7218,21.809],[90.7297,21.8071]]],[[[88.2048,21.769],[88.191,21.7602],[88.1995,21.7715],[88.2048,21.769]]],[[[90.5965,21.7606],[90.5827,21.7509],[90.5912,21.7631],[90.5965,21.7606]]],[[[88.1881,21.7925],[88.1785,21.7862],[88.1801,21.8006],[88.1881,21.7925]]],[[[90.5644,21.766],[90.5638,21.7584],[90.5593,21.7798],[90.5644,21.766]]],[[[90.4797,21.7738],[90.4592,21.7673],[90.4637,21.7839],[90.4797,21.7738]]],[[[90.5744,21.773],[90.5845,21.7922],[90.5964,21.7842],[90.5897,21.7756],[90.5744,21.773]]],[[[89.8528,21.7958],[89.8383,21.7965],[89.8292,21.8154],[89.8576,21.8201],[89.8528,21.7958]]],[[[90.3923,21.802],[90.3747,21.7883],[90.3873,21.8048],[90.3923,21.802]]],[[[90.3203,21.7979],[90.3119,21.7968],[90.3137,21.8048],[90.3203,21.7979]]],[[[91.8486,21.7375],[91.8328,21.745],[91.8506,21.8243],[91.8369,21.8743],[91.8423,21.9032],[91.8824,21.9243],[91.8994,21.8686],[91.8486,21.7375]]],[[[88.1881,21.8215],[88.1744,21.8243],[88.1766,21.8298],[88.1881,21.8215]]],[[[90.4536,21.8069],[90.4672,21.8135],[90.4613,21.7995],[90.4536,21.8069]]],[[[90.4406,21.8171],[90.4342,21.809],[90.4329,21.8156],[90.4406,21.8171]]],[[[90.4508,21.8215],[90.4571,21.8254],[90.4583,21.8208],[90.4508,21.8215]]],[[[90.3944,21.8167],[90.3927,21.834],[90.4048,21.8323],[90.4035,21.827],[90.3944,21.8167]]],[[[90.4653,21.8292],[90.4577,21.8301],[90.4616,21.834],[90.4653,21.8292]]],[[[90.4248,21.8318],[90.4122,21.8176],[90.4241,21.8376],[90.4248,21.8318]]],[[[78.2143,8.8423],[78.2091,8.8341],[78.2038,8.8407],[78.2143,8.8423]]],[[[78.2281,8.8755],[78.2217,8.8674],[78.2204,8.8739],[78.2281,8.8755]]],[[[78.2573,8.9588],[78.2508,8.9507],[78.2495,8.9573],[78.2573,8.9588]]],[[[78.4949,9.096],[78.4883,9.0881],[78.4873,9.0949],[78.4949,9.096]]],[[[78.5406,9.1088],[78.5342,9.1007],[78.5329,9.1073],[78.5406,9.1088]]],[[[78.5881,9.1089],[78.5708,9.1069],[78.5819,9.1167],[78.5881,9.1089]]],[[[78.8327,9.1687],[78.8121,9.1609],[78.8265,9.1757],[78.8327,9.1687]]],[[[79.6492,10.2971],[79.6475,10.2987],[79.6496,10.2983],[79.6492,10.2971]]],[[[79.642,10.3092],[79.6371,10.3083],[79.6408,10.3104],[79.642,10.3092]]],[[[74.6797,13.1965],[74.6661,13.1993],[74.6683,13.2048],[74.6797,13.1965]]],[[[74.73,13.2304],[74.725,13.2263],[74.7238,13.2283],[74.73,13.2304]]],[[[74.7031,13.288],[74.6967,13.2799],[74.6954,13.2864],[74.7031,13.288]]],[[[74.6798,13.3799],[74.6667,13.3819],[74.6735,13.3875],[74.6798,13.3799]]],[[[74.5729,13.9308],[74.5704,13.9316],[74.5724,13.932],[74.5729,13.9308]]],[[[78.6989,9.1588],[78.6925,9.1507],[78.6912,9.1573],[78.6989,9.1588]]],[[[78.7339,9.1549],[78.7286,9.1526],[78.7306,9.1589],[78.7339,9.1549]]],[[[74.4819,14.0042],[74.4744,14.0102],[74.4878,14.0115],[74.4819,14.0042]]],[[[74.334,14.0173],[74.3202,14.0144],[74.3278,14.025],[74.334,14.0173]]],[[[74.4069,14.3125],[74.3952,14.3134],[74.3992,14.3173],[74.4069,14.3125]]],[[[74.2413,14.7104],[74.237,14.71],[74.2402,14.7128],[74.2413,14.7104]]],[[[74.1194,14.75],[74.1077,14.7555],[74.1096,14.7631],[74.1164,14.7615],[74.1194,14.75]]],[[[74.0658,14.8175],[74.0552,14.8205],[74.0672,14.8235],[74.0658,14.8175]]],[[[74.0952,14.8342],[74.0912,14.8405],[74.0958,14.8417],[74.0952,14.8342]]],[[[74.0967,14.8506],[74.1047,14.8426],[74.0958,14.8417],[74.0967,14.8506]]],[[[74.1054,14.8642],[74.1029,14.8625],[74.1033,14.8646],[74.1054,14.8642]]],[[[73.7867,15.3576],[73.7592,15.3507],[73.7579,15.3573],[73.7867,15.3576]]],[[[73.8005,15.3821],[73.791,15.3718],[73.7926,15.384],[73.8005,15.3821]]],[[[80.8213,15.7017],[80.8187,15.7017],[80.8191,15.7054],[80.8213,15.7017]]],[[[81.0236,15.7542],[81.0162,15.761],[81.033,15.765],[81.0236,15.7542]]],[[[73.4653,15.8833],[73.4536,15.8888],[73.4638,15.9006],[73.4714,15.8988],[73.4653,15.8833]]],[[[73.4455,16.1021],[73.4412,16.1016],[73.4443,16.1044],[73.4455,16.1021]]],[[[94.5199,17.5794],[94.5133,17.5714],[94.5123,17.5782],[94.5199,17.5794]]],[[[83.3125,17.6854],[83.3017,17.6779],[83.2996,17.6791],[83.3125,17.6854]]],[[[94.4873,17.7609],[94.4759,17.7616],[94.4866,17.767],[94.4873,17.7609]]],[[[94.4946,17.7619],[94.4913,17.7655],[94.4958,17.7667],[94.4946,17.7619]]],[[[83.4154,17.8075],[83.4121,17.8083],[83.4142,17.8088],[83.4154,17.8075]]],[[[94.3292,18.3708],[94.3127,18.3784],[94.3283,18.3796],[94.3292,18.3708]]],[[[72.866,18.63],[72.8621,18.6363],[72.8667,18.6375],[72.866,18.63]]],[[[84.4462,18.6592],[84.4446,18.6583],[84.445,18.6596],[84.4462,18.6592]]],[[[72.8153,18.7],[72.8077,18.7065],[72.8133,18.709],[72.8153,18.7]]],[[[72.8464,18.7091],[72.8411,18.7068],[72.8431,18.7131],[72.8464,18.7091]]],[[[93.9864,18.7213],[93.98,18.7132],[93.9787,18.7198],[93.9864,18.7213]]],[[[94.0205,18.7229],[94.0162,18.7225],[94.0193,18.7253],[94.0205,18.7229]]],[[[93.9706,18.7447],[93.9619,18.7426],[93.9699,18.7506],[93.9706,18.7447]]],[[[93.9755,18.7728],[93.9922,18.7677],[93.9904,18.762],[93.9755,18.7728]]],[[[93.955,18.7798],[93.9327,18.8204],[93.9742,18.8408],[93.9909,18.7799],[93.955,18.7798]]],[[[94.0111,18.725],[93.9885,18.7256],[93.976,18.7455],[93.995,18.7531],[94.0111,18.725]]],[[[72.9131,18.9611],[72.8952,18.9402],[72.8977,18.9673],[72.9131,18.9611]]],[[[94.0244,19.0092],[94.0324,19.0172],[94.0333,19.0083],[94.0244,19.0092]]],[[[94.0111,19.0917],[93.991,19.1037],[94.0079,19.1173],[94.0215,19.1111],[94.0111,19.0917]]],[[[93.7986,19.2542],[93.791,19.2551],[93.7949,19.259],[93.7986,19.2542]]],[[[93.7381,19.2688],[93.7424,19.2867],[93.7631,19.2798],[93.7533,19.2632],[93.7381,19.2688]]],[[[93.7156,19.3255],[93.7092,19.3174],[93.7079,19.3239],[93.7156,19.3255]]],[[[93.7031,19.3713],[93.6967,19.3632],[93.6954,19.3698],[93.7031,19.3713]]],[[[93.4489,19.4338],[93.4425,19.4257],[93.4412,19.4323],[93.4489,19.4338]]],[[[72.7361,19.4542],[72.7244,19.462],[72.7261,19.4715],[72.7381,19.4699],[72.7361,19.4542]]],[[[93.6194,19.5083],[93.6119,19.5149],[93.6175,19.5173],[93.6194,19.5083]]],[[[93.5319,19.525],[93.516,19.5398],[93.5182,19.5465],[93.533,19.5351],[93.5319,19.525]]],[[[93.6231,19.4339],[93.6411,19.4272],[93.6461,19.3971],[93.6339,19.4017],[93.6231,19.4339]]],[[[93.4906,19.5421],[93.4842,19.534],[93.4829,19.5406],[93.4906,19.5421]]],[[[93.5111,19.5292],[93.5006,19.5353],[93.4885,19.5714],[93.4994,19.5605],[93.5111,19.5292]]],[[[90.8284,21.8951],[90.8295,21.8842],[90.7744,21.8759],[90.7951,21.9131],[90.8284,21.8951]],[[90.8163,21.8947],[90.8196,21.8911],[90.8208,21.8958],[90.8163,21.8947]]],[[[72.9328,33.8217],[72.9366,33.784],[72.9083,33.7708],[72.9292,33.7333],[73.0275,33.7629],[73.0708,33.7583],[73.1726,33.8205],[73.2616,33.8466],[73.3157,33.8881],[73.3564,33.8756],[73.4042,33.9167],[73.4292,33.9125],[73.4337,33.8892],[73.4833,33.8583],[73.492,33.8267],[73.525,33.8125],[73.4917,33.7292],[73.5647,33.7256],[73.6,33.7583],[73.6054,33.7411],[73.6288,33.7446],[73.6583,33.7167],[73.6667,33.6458],[73.6328,33.5924],[73.6333,33.5667],[73.6745,33.5313],[73.6716,33.5175],[73.7458,33.4667],[73.7045,33.4108],[73.7299,33.3717],[73.8283,33.3701],[73.8934,33.3087],[74.0116,33.2535],[74.1759,33.1215],[74.2083,33.1125],[74.2375,33.15],[74.3083,33.175],[74.3538,33.1358],[74.3674,33.0799],[74.4035,33.0658],[74.4542,33.0125],[74.4244,32.963],[74.4396,32.9333],[74.4733,32.942],[74.5066,32.9295],[74.5566,32.9587],[74.725,33.0083],[74.8116,32.9453],[74.8449,32.9493],[74.8542,32.925],[74.8771,32.9213],[74.9079,32.949],[74.9467,32.88],[75.0333,32.825],[75.0299,32.8091],[75.0792,32.7738],[75.0917,32.7292],[75.125,32.7042],[75.1164,32.6678],[75.1299,32.6051],[75.1816,32.5621],[75.2146,32.5583],[75.2595,32.5839],[75.3167,32.5708],[75.3247,32.6239],[75.3358,32.6246],[75.6108,32.5205],[75.5833,32.475],[75.6329,32.4521],[75.5994,32.3924],[75.6066,32.3621],[75.7564,32.3786],[75.7839,32.3552],[75.7661,32.3174],[75.7917,32.2542],[75.9205,32.2441],[75.8712,32.1559],[75.8967,32.0884],[75.9333,32.0458],[75.9417,31.9917],[75.9689,31.9775],[75.9544,31.9936],[75.9767,32.0032],[75.9559,32.0089],[75.9808,32.0316],[75.9833,31.9922],[75.9906,31.9953],[75.9675,32.107],[76.0072,32.0541],[76.0207,32.1027],[76.0468,32.0849],[76.0419,32.0683],[76.07,32.0591],[76.0452,32.037],[76.0989,31.998],[76.1378,31.9961],[76.1101,31.9865],[76.1129,31.9756],[76.2365,31.8668],[76.2172,31.8761],[76.2013,31.8762],[76.2371,31.8657],[76.2391,31.8457],[76.2825,31.82],[76.3159,31.7744],[76.3333,31.7792],[76.3167,31.7],[76.2833,31.6792],[76.2827,31.6634],[76.2583,31.6583],[76.2632,31.6426],[76.3286,31.6074],[76.3671,31.5637],[76.3467,31.5175],[76.534,31.3093],[76.6243,31.2453],[76.7147,31.2369],[76.7496,31.2024],[76.7625,31.125],[76.8577,31.0408],[76.8574,31.0256],[76.8292,31.0167],[76.8538,30.9725],[76.7955,30.9267],[76.8167,30.9125],[76.8,30.9125],[76.8,30.8792],[76.8833,30.825],[76.8754,30.7934],[76.9009,30.7465],[76.9167,30.75],[76.9436,30.7131],[76.9743,30.7078],[77.0083,30.725],[77.0892,30.6837],[77.1458,30.675],[77.1632,30.6092],[77.184,30.5924],[77.1783,30.5587],[77.1382,30.524],[77.1292,30.4833],[77.1467,30.4592],[77.1741,30.4658],[77.1863,30.4455],[77.202,30.4703],[77.2897,30.4839],[77.322,30.5169],[77.3576,30.5036],[77.3875,30.5167],[77.4542,30.4625],[77.5167,30.4542],[77.5313,30.4125],[77.5875,30.425],[77.6074,30.3994],[77.6616,30.4035],[77.7125,30.3375],[77.8634,30.2674],[77.9625,30.2458],[78.0417,30.1],[78.0701,30.0824],[78.075,30.0417],[78.1483,30.0621],[78.1936,30.0381],[78.2625,30.0333],[78.2801,30.0004],[78.3905,29.9203],[78.4089,29.9507],[78.3911,29.9841],[78.4,30.0042],[78.4147,29.9994],[78.4792,29.9542],[78.4922,29.9218],[78.4792,29.8958],[78.4934,29.8837],[78.5667,29.875],[78.5702,29.8468],[78.5375,29.8292],[78.4994,29.7382],[78.5134,29.6967],[78.5535,29.6949],[78.5592,29.6549],[78.5958,29.6417],[78.5965,29.6699],[78.6167,29.6875],[78.6217,29.6634],[78.6897,29.6287],[78.684,29.6135],[78.7402,29.5628],[78.7737,29.5903],[78.8449,29.6095],[78.8583,29.6039],[78.7951,29.5806],[78.7836,29.5635],[78.802,29.5556],[78.7798,29.5551],[78.8105,29.5464],[78.8303,29.5669],[78.9125,29.525],[79.0167,29.5125],[78.9542,29.4083],[78.9536,29.3382],[78.9845,29.3078],[79.0703,29.3759],[79.0881,29.4198],[79.1118,29.4217],[79.1313,29.4787],[79.1958,29.4417],[79.1795,29.3816],[79.1895,29.3506],[79.2314,29.3506],[79.2701,29.3714],[79.295,29.3633],[79.3186,29.4078],[79.3811,29.4369],[79.4203,29.4366],[79.4422,29.4155],[79.4375,29.3958],[79.3869,29.3409],[79.3837,29.2517],[79.4,29.2167],[79.3618,29.1259],[79.325,29.1042],[79.33,29.0842],[79.4788,29.16],[79.5246,29.2351],[79.5083,29.2708],[79.5583,29.2458],[79.5866,29.2743],[79.6175,29.2384],[79.6717,29.2173],[79.7667,29.2167],[79.8493,29.1449],[79.8542,29.125],[79.8958,29.1375],[79.9909,29.1159],[80.0342,29.0384],[80.0561,29.0214],[80.0871,29.0233],[80.0882,28.9925],[80.1197,28.9918],[80.2035,29.0783],[80.2292,29.0458],[80.2161,28.9868],[80.2667,28.9042],[80.3202,28.9385],[80.375,29.0458],[80.465,29.033],[80.4799,29.0008],[80.5034,28.9948],[80.5115,28.9588],[80.4119,28.8631],[80.4275,28.833],[80.4608,28.8455],[80.4759,28.805],[80.5191,28.7871],[80.5532,28.7923],[80.5715,28.8616],[80.6446,28.9085],[80.6167,28.9417],[80.6333,28.9917],[80.6991,28.9869],[80.7538,28.9441],[80.7375,28.9042],[80.7478,28.8964],[80.825,28.8667],[80.858,28.885],[80.8625,28.9125],[80.9104,28.8833],[80.9608,28.883],[80.9545,28.835],[80.9708,28.8208],[81.1042,28.775],[81.091,28.727],[81.041,28.6698],[81.0424,28.5842],[81.0632,28.6242],[81.1322,28.6753],[81.1667,28.725],[81.2125,28.6958],[81.2511,28.7461],[81.3533,28.7118],[81.3712,28.6226],[81.425,28.5917],[81.4458,28.55],[81.42,28.5007],[81.391,28.488],[81.3946,28.4507],[81.3134,28.4116],[81.3271,28.3838],[81.4201,28.4172],[81.5191,28.4038],[81.6042,28.3375],[81.6375,28.35],[81.7042,28.3375],[81.7866,28.295],[81.7926,28.2757],[81.8441,28.2746],[81.8667,28.2521],[81.8625,28.2375],[81.9241,28.2282],[82.0125,28.1542],[82.0208,28.1],[82.1191,28.0705],[82.3559,27.9504],[82.4965,27.9074],[82.4827,27.8712],[82.4924,27.8427],[82.52,27.8592],[82.5256,27.8948],[82.5451,27.9047],[82.7272,27.8953],[82.7625,27.8667],[82.7417,27.7792],[82.8,27.7667],[82.8287,27.7881],[82.8803,27.7961],[82.9991,27.7964],[83.0167,27.8333],[83.075,27.8375],[83.0798,27.8616],[83.1189,27.8631],[83.1583,27.8958],[83.1824,27.891],[83.2034,27.8619],[83.2354,27.8745],[83.3116,27.8533],[83.3045,27.7809],[83.3159,27.7661],[83.4417,27.7292],[83.4667,27.7542],[83.4715,27.7384],[83.5733,27.7038],[83.6573,27.7243],[83.6592,27.6842],[83.7667,27.6333],[83.9208,27.65],[83.9301,27.7327],[83.9958,27.7375],[84.0083,27.7667],[84.0353,27.7786],[84.0792,27.7625],[84.1149,27.7746],[84.1583,27.7542],[84.2,27.7667],[84.2009,27.7256],[84.2323,27.716],[84.2625,27.6625],[84.3483,27.6746],[84.3708,27.6417],[84.4667,27.6917],[84.4453,27.6216],[84.4792,27.5917],[84.5035,27.6009],[84.5217,27.6616],[84.562,27.6937],[84.5869,27.7385],[84.5833,27.7667],[84.6108,27.7788],[84.6451,27.7369],[84.6961,27.7178],[84.6797,27.6686],[84.7089,27.6405],[84.7039,27.6136],[84.7214,27.6071],[84.7042,27.5583],[84.7491,27.5466],[84.7772,27.5744],[84.8047,27.5613],[84.8,27.5208],[84.8399,27.533],[84.8684,27.5087],[85.0108,27.4621],[85.0167,27.4208],[84.9756,27.399],[84.9717,27.3592],[85.0917,27.3625],[85.0958,27.3208],[85.1201,27.3157],[85.1632,27.2619],[85.1929,27.2797],[85.2375,27.2583],[85.2615,27.2754],[85.2667,27.3042],[85.291,27.3116],[85.3493,27.2783],[85.3811,27.2089],[85.4458,27.1917],[85.4542,27.1708],[85.4809,27.1621],[85.552,27.2328],[85.6646,27.2327],[85.6937,27.2048],[85.8059,27.1629],[85.8333,27.1708],[85.8642,27.1295],[85.8823,27.1464],[85.9371,27.124],[85.9465,27.0884],[86.002,27.0214],[86.1066,27.0163],[86.1833,26.9875],[86.2311,26.9506],[86.2825,26.9533],[86.3101,26.9254],[86.4208,26.9083],[86.4603,26.8881],[86.5649,26.892],[86.6042,26.9792],[86.6226,26.9545],[86.7,26.9375],[86.7507,26.8676],[86.7858,26.858],[86.8483,26.8629],[86.8775,26.8837],[86.9522,26.8786],[86.9729,26.863],[87.0937,26.8708],[87.1583,26.9125],[87.2542,26.8667],[87.2983,26.8746],[87.3667,26.8458],[87.4292,26.8833],[87.475,26.8625],[87.5167,26.8875],[87.5617,26.8868],[87.5705,26.8392],[87.5333,26.7833],[87.5464,26.7395],[87.6196,26.6869],[87.6881,26.7799],[87.6673,26.801],[87.6662,26.8396],[87.6384,26.866],[87.6875,26.8833],[87.7208,26.85],[87.7674,26.8286],[87.7833,26.8375],[87.7801,26.8216],[87.802,26.8131],[87.8829,26.8077],[87.9075,26.8132],[87.9228,26.841],[87.9858,26.8504],[88.0476,26.8955],[88.0708,26.8958],[88.1208,26.95],[88.1833,26.8875],[88.245,26.895],[88.2625,26.8667],[88.3121,26.9267],[88.2881,26.9895],[88.3017,27.0205],[88.3783,27.0507],[88.4076,27.0797],[88.4661,27.0593],[88.5833,27.125],[88.6104,27.0963],[88.6491,27.1035],[88.6816,27.0795],[88.7125,27.0958],[88.7292,27.1375],[88.7708,27.0917],[88.8158,27.0783],[88.8299,27.0133],[88.8576,27.0031],[88.8625,26.95],[88.8845,26.9411],[88.9137,26.9589],[88.9451,26.9549],[88.9718,27.0157],[89.0208,27.0375],[89.0286,26.9049],[89.0342,26.8923],[89.05,26.9],[89.0458,26.8833],[89.0951,26.9006],[89.1616,26.8869],[89.2191,26.8996],[89.2375,26.8875],[89.2728,26.9036],[89.3176,26.8994],[89.3375,26.9208],[89.3493,26.8953],[89.4118,26.9131],[89.4614,26.9039],[89.5108,26.9288],[89.5625,26.8042],[89.6397,26.7828],[89.6708,26.7542],[89.7184,26.7496],[89.7333,26.7667],[89.8167,26.7875],[89.8208,26.8458],[89.8676,26.8119],[89.8882,26.8256],[89.9741,26.7911],[90.0244,26.8051],[90.0408,26.8297],[90.0824,26.8256],[90.1034,26.8506],[90.1417,26.8542],[90.1507,26.9032],[90.1896,26.9412],[90.2049,26.9051],[90.2616,26.8509],[90.3119,26.9134],[90.325,26.9542],[90.3163,26.9934],[90.3364,27.0169],[90.3451,27.0036],[90.3866,27.0159],[90.4411,26.9647],[90.4369,26.8574],[90.4968,26.8037],[90.5659,26.8631],[90.5938,26.859],[90.6132,26.8825],[90.6417,26.8875],[90.6917,26.9625],[90.7275,26.9621],[90.7625,26.9292],[90.7994,26.8855],[90.8006,26.8436],[90.8167,26.8292],[90.9542,26.8375],[90.9875,26.825],[91.09,26.8545],[91.1771,26.8379],[91.2358,26.8496],[91.2476,26.8295],[91.2941,26.8295],[91.3503,26.8968],[91.3384,26.9326],[91.3905,26.9414],[91.4375,26.975],[91.4462,26.9475],[91.4288,26.9142],[91.4476,26.8587],[91.5108,26.8754],[91.5267,26.8996],[91.5792,26.925],[91.6167,26.8917],[91.6525,26.8913],[91.6733,26.8538],[91.7191,26.8587],[91.7828,26.8853],[91.8,26.9583],[91.7667,27.0],[91.8,27.0167],[91.8496,26.9941],[91.8583,26.9458],[91.8792,26.9333],[91.9667,26.9708],[92.0434,26.9295],[92.0829,26.9325],[92.105,26.8956],[92.1283,26.8965],[92.1467,26.9368],[92.1828,26.9509],[92.1926,26.9829],[92.2118,26.9884],[92.2126,27.0193],[92.3079,27.076],[92.3217,27.12],[92.3479,27.1088],[92.4458,27.1333],[92.4816,27.117],[92.5892,27.1705],[92.6163,27.1574],[92.6258,27.1257],[92.6688,27.125],[92.7091,27.1547],[92.8079,27.1369],[92.8367,27.1631],[92.8917,27.1542],[92.8996,27.1142],[92.8875,27.0875],[92.9658,27.0452],[92.9767,27.0254],[93.0228,27.0619],[93.0495,27.0536],[93.0875,27.0667],[93.1175,27.1158],[93.1875,27.1125],[93.2478,27.1578],[93.425,27.1792],[93.5083,27.1625],[93.5226,27.1788],[93.6083,27.175],[93.6449,27.1964],[93.6659,27.1828],[93.72,27.1865],[93.7375,27.1417],[93.8167,27.175],[93.8395,27.1131],[93.9157,27.0952],[93.955,27.055],[94.0542,27.0083],[94.0966,27.0036],[94.1493,27.0381],[94.2208,27.0125],[94.2437,27.0412],[94.278,27.0369],[94.3392,27.0705],[94.3875,27.075],[94.391,27.051],[94.3509,27.0366],[94.2922,26.9772],[94.2703,26.9299],[94.2833,26.9042],[94.2411,26.8826],[94.2619,26.8491],[94.2547,26.8103],[94.2878,26.7595],[94.2625,26.75],[94.2708,26.6958],[94.3125,26.65],[94.3534,26.6325],[94.3668,26.6054],[94.2833,26.5292],[94.2201,26.5589],[94.1333,26.55],[94.1167,26.5333],[94.1292,26.4854],[94.0917,26.4708],[94.0743,26.3884],[94.0536,26.3738],[94.0645,26.3506],[94.0949,26.3452],[94.1375,26.2792],[94.0573,26.2828],[93.9833,26.3375],[93.9675,26.33],[93.9408,26.3616],[93.9132,26.345],[93.8375,26.1271],[93.8545,26.0434],[93.8458,26.0042],[93.8125,26.0583],[93.8,26.0542],[93.8208,25.9708],[93.7313,25.9546],[93.6757,25.9741],[93.6243,25.8885],[93.5583,25.8458],[93.5527,25.7876],[93.5091,25.766],[93.4616,25.7007],[93.4423,25.7033],[93.416,25.6676],[93.3686,25.6578],[93.345,25.6342],[93.3075,25.6618],[93.2782,25.6578],[93.2563,25.6869],[93.2343,25.6831],[93.1792,25.7667],[93.1703,25.7576],[93.191,25.7282],[93.1908,25.6881],[93.1147,25.7828],[93.0728,25.7744],[93.0115,25.7287],[92.9792,25.7417],[92.9742,25.7701],[92.9375,25.8042],[92.8951,25.791],[92.8704,25.8215],[92.7875,25.8042],[92.8208,25.8833],[92.8054,25.9172],[92.7833,25.8958],[92.7923,25.9299],[92.7649,25.9538],[92.7458,25.9458],[92.7239,25.8831],[92.6686,25.8953],[92.6051,25.8703],[92.5542,25.8708],[92.5381,25.8895],[92.5465,25.9323],[92.5298,25.9437],[92.5284,25.974],[92.505,25.9705],[92.4909,25.9216],[92.4306,25.8952],[92.4033,25.9451],[92.3592,25.9467],[92.3542,25.9708],[92.3272,25.9828],[92.2345,25.9703],[92.2042,26.0083],[92.15,25.9792],[92.1158,26.0077],[92.0708,26.0167],[92.0177,25.9909],[91.9522,25.9089],[91.8285,25.934],[91.7866,25.8884],[91.7508,25.8787],[91.7021,25.9204],[91.6573,25.8631],[91.6366,25.8619],[91.6378,25.8989],[91.5833,25.9375],[91.5673,25.8931],[91.5259,25.8878],[91.5159,25.8632],[91.4872,25.8619],[91.4465,25.927],[91.4536,25.9605],[91.4422,25.973],[91.4712,26.003],[91.4542,26.0279],[91.4533,25.9966],[91.4089,25.9563],[91.3874,25.8681],[91.3574,25.8423],[91.325,25.8375],[91.3493,25.8467],[91.3338,25.8854],[91.3417,25.9125],[91.2202,25.8527],[91.2334,25.8263],[91.191,25.7922],[91.1924,25.7716],[91.2125,25.7625],[91.1953,25.7382],[91.2042,25.7083],[91.1592,25.7131],[91.1536,25.7257],[91.1536,25.7841],[91.1911,25.8436],[91.1833,25.8667],[91.1542,25.8583],[91.1342,25.8743],[91.0579,25.801],[91.002,25.7828],[90.9375,25.725],[90.9076,25.7547],[90.875,25.7375],[90.8548,25.7468],[90.8458,25.7708],[90.9,25.8417],[90.8559,25.8587],[90.8542,25.8833],[90.7632,25.8409],[90.7542,25.8125],[90.7341,25.82],[90.7186,25.8006],[90.7003,25.8905],[90.6259,25.909],[90.6586,25.8467],[90.6244,25.8403],[90.6274,25.8212],[90.5524,25.7754],[90.4896,25.8244],[90.4625,25.7667],[90.4263,25.7417],[90.405,25.7507],[90.3993,25.7229],[90.3453,25.6716],[90.3708,25.575],[90.3292,25.5667],[90.3337,25.5142],[90.3167,25.475],[90.3375,25.4583],[90.4271,25.4667],[90.5184,25.4337],[90.5939,25.4328],[90.6625,25.3917],[90.7784,25.3786],[90.8667,25.3958],[90.89,25.3705],[90.9292,25.3625],[90.9449,25.3754],[90.962,25.3535],[90.9875,25.3708],[91.0208,25.3208],[91.0422,25.3466],[91.038,25.3938],[91.0583,25.4333],[91.0772,25.4369],[91.1,25.4167],[91.066,25.3757],[91.0715,25.352],[91.1125,25.2979],[91.1083,25.2792],[91.177,25.2297],[91.2125,25.25],[91.3105,25.2506],[91.3617,25.28],[91.3875,25.3375],[91.3964,25.2978],[91.4256,25.2759],[91.4119,25.2488],[91.4228,25.2339],[91.4538,25.2548],[91.4896,25.2464],[91.5708,25.275],[91.6434,25.217],[91.6826,25.2259],[91.7158,25.2592],[91.7167,25.2833],[91.7476,25.2504],[91.7812,25.2542],[91.8233,25.2337],[91.9042,25.3042],[91.9717,25.213],[92.0077,25.1938],[91.992,25.1559],[92.0157,25.1286],[92.0339,25.1451],[92.0214,25.173],[92.0532,25.2256],[92.0667,25.225],[92.0674,25.1758],[92.1006,25.1656],[92.0827,25.1527],[92.0928,25.1372],[92.1241,25.1298],[92.1949,25.1493],[92.2051,25.1257],[92.2292,25.1167],[92.3292,25.1208],[92.3619,25.1467],[92.3667,25.175],[92.4358,25.1621],[92.4424,25.1259],[92.5333,25.0958],[92.6324,25.1048],[92.6479,25.1204],[92.6958,25.1125],[92.7284,25.1259],[92.7313,25.1454],[92.8208,25.1667],[92.8716,25.1453],[92.9174,25.1547],[92.9405,25.1369],[92.97,25.1491],[92.9759,25.1339],[93.0198,25.1327],[93.025,25.1042],[93.0458,25.1],[93.1134,25.145],[93.15,25.15],[93.158,25.0892],[93.1417,25.05],[93.1705,25.0316],[93.1708,24.9917],[93.2407,24.9579],[93.25,24.975],[93.2958,24.9833],[93.2717,24.9049],[93.3174,24.945],[93.3458,24.925],[93.258,24.7184],[93.2125,24.7125],[93.2214,24.6802],[93.2699,24.6535],[93.291,24.6145],[93.2456,24.5699],[93.228,24.5288],[93.1907,24.5381],[93.175,24.5208],[93.2119,24.4561],[93.1863,24.4078],[93.172,24.417],[93.1494,24.3905],[93.1703,24.3353],[93.1333,24.3083],[93.1244,24.2676],[93.0458,24.1333],[92.9208,24.1083],[92.9258,24.1492],[92.9491,24.1456],[92.941,24.2006],[92.9542,24.25],[92.8992,24.1883],[92.8798,24.195],[92.8522,24.1631],[92.8417,24.1625],[92.8417,24.1917],[92.8083,24.1958],[92.7953,24.1466],[92.8076,24.1051],[92.7667,24.0146],[92.7839,23.9863],[92.7785,23.9509],[92.7417,23.9208],[92.72,23.9825],[92.7068,23.9708],[92.6756,23.9843],[92.675,24.0583],[92.6458,24.0583],[92.6288,24.099],[92.5782,24.1172],[92.55,24.1042],[92.5417,24.0375],[92.5042,24.0292],[92.4875,23.9792],[92.425,23.975],[92.4158,23.9952],[92.375,24.0042],[92.3708,23.9458],[92.3429,23.9506],[92.3326,23.9328],[92.3125,23.9417],[92.2992,23.9218],[92.275,23.925],[92.2583,23.8333],[92.2218,23.8164],[92.22,23.8285],[92.1884,23.8243],[92.1583,23.7958],[92.166,23.7426],[92.1375,23.7333],[92.1369,23.7135],[92.1105,23.6922],[92.0792,23.6833],[92.075,23.6458],[92.0206,23.6467],[91.9783,23.7325],[91.9634,23.7325],[91.9672,23.6853],[92.0006,23.6282],[91.9672,23.5897],[91.9792,23.5375],[91.9536,23.5299],[91.9714,23.4882],[91.9494,23.4466],[91.9536,23.3802],[91.923,23.3339],[91.9,23.3333],[91.8964,23.2978],[91.9162,23.2813],[91.9208,23.1937],[91.9413,23.1733],[91.9295,23.1434],[91.9547,23.0905],[91.9593,23.0212],[91.9756,23.0049],[91.9839,22.9343],[91.9708,22.9167],[91.9839,22.8717],[92.0157,22.8714],[92.0625,22.9083],[92.0705,22.8983],[92.0782,22.8254],[92.0176,22.7882],[92.077,22.7297],[92.1184,22.7643],[92.1305,22.7552],[92.1077,22.7365],[92.1167,22.6958],[92.0917,22.6792],[92.1426,22.5587],[92.1595,22.5328],[92.1826,22.5381],[92.2074,22.5119],[92.2208,22.5167],[92.2215,22.48],[92.24,22.458],[92.2667,22.4625],[92.3083,22.4333],[92.3379,22.3559],[92.4583,22.2542],[92.4878,22.203],[92.4792,22.1833],[92.4909,22.1826],[92.5125,22.1125],[92.5045,22.0767],[92.5337,21.9934],[92.5667,21.95],[92.5208,21.9417],[92.5375,21.825],[92.5036,21.7257],[92.5208,21.6792],[92.4667,21.6583],[92.525,21.5667],[92.5212,21.4851],[92.5962,21.2517],[92.6816,21.283],[92.7387,21.1953],[92.7827,21.1866],[92.8042,21.0958],[92.8444,21.1042],[92.9,21.0333],[92.9408,21.045],[92.9551,21.0007],[92.9728,20.9922],[92.9972,21.0131],[93.0091,20.9882],[93.0708,20.9917],[93.1092,20.8675],[93.1365,20.8673],[93.1542,20.8875],[93.1704,20.8104],[93.1589,20.7811],[93.1964,20.726],[93.195,20.6548],[93.1795,20.6476],[93.2035,20.5949],[93.2036,20.5093],[93.2167,20.5042],[93.1911,20.4674],[93.216,20.4052],[93.1619,20.3821],[93.1767,20.3462],[93.2355,20.3381],[93.2618,20.3592],[93.2546,20.3771],[93.2792,20.4125],[93.3283,20.4116],[93.3949,20.3199],[93.4134,20.2618],[93.4576,20.2658],[93.4667,20.2458],[93.4917,20.2458],[93.5458,20.2083],[93.5687,20.2412],[93.5854,20.2296],[93.6608,20.2587],[93.6958,20.2542],[93.7333,20.2333],[93.7258,20.209],[93.7873,20.1656],[93.7917,20.1375],[93.8167,20.1333],[93.8036,20.0924],[93.8244,20.0605],[93.8254,19.9642],[93.8601,19.9337],[93.8813,19.9412],[93.9417,19.9167],[93.9545,19.8767],[93.9417,19.8521],[93.9414,19.7426],[93.9745,19.7035],[94.0408,19.7119],[94.0083,19.65],[94.0382,19.5676],[94.1121,19.5066],[94.1333,19.4667],[94.1667,19.4542],[94.184,19.3801],[94.2119,19.3647],[94.2076,19.3008],[94.1333,19.2875],[94.1375,19.2625],[94.2063,19.2579],[94.2396,19.2338],[94.2708,19.2333],[94.2996,19.1774],[94.3042,19.125],[94.3662,19.0688],[94.3714,19.0451],[94.3453,19.0073],[94.366,18.9908],[94.3672,18.9478],[94.3966,18.9328],[94.4125,18.9458],[94.4375,18.8708],[94.5083,18.8583],[94.4875,18.8333],[94.508,18.7899],[94.4953,18.7741],[94.505,18.7384],[94.5578,18.6939],[94.5714,18.6186],[94.5964,18.5946],[94.5958,18.5458],[94.5629,18.5233],[94.5757,18.4717],[94.645,18.3991],[94.6804,18.3244],[94.7297,18.3071],[94.7382,18.2676],[94.7795,18.235],[94.7756,18.2103],[94.7964,18.1905],[94.7661,18.1493],[94.7756,18.1054],[94.7379,18.0809],[94.767,18.0225],[94.8241,17.9825],[94.8504,17.9225],[94.8833,17.9],[94.8708,17.7167],[94.8465,17.7116],[94.841,17.6842],[94.7875,17.6625],[94.7913,17.6101],[94.7745,17.5655],[94.8078,17.5022],[94.8035,17.476],[94.7828,17.4655],[94.7881,17.4466],[94.7625,17.4208],[94.758,17.385],[94.7384,17.3836],[94.7375,17.3],[94.6967,17.2783],[94.6658,17.1634],[94.5708,17.1667],[94.5756,17.0534],[94.5552,17.0452],[94.5461,17.0142],[94.4896,17.0328],[94.45,17.0125],[94.4452,17.0544],[94.484,17.1294],[94.4466,17.1505],[94.441,17.1836],[94.4656,17.1965],[94.4675,17.1841],[94.4908,17.1877],[94.4991,17.1618],[94.5007,17.1778],[94.5295,17.1885],[94.4917,17.2179],[94.4965,17.2527],[94.4827,17.2693],[94.4991,17.2796],[94.4952,17.3175],[94.5032,17.3257],[94.5221,17.2876],[94.5374,17.2929],[94.5243,17.3127],[94.5335,17.3283],[94.5467,17.3123],[94.5667,17.3167],[94.5578,17.5064],[94.5328,17.5532],[94.5798,17.6255],[94.5639,17.6465],[94.5508,17.6299],[94.5548,17.6546],[94.5244,17.7111],[94.5327,17.7438],[94.4744,17.7907],[94.4881,17.8243],[94.4744,17.8493],[94.4797,17.8993],[94.4286,17.9907],[94.4298,18.0033],[94.4708,18.0125],[94.4795,18.0642],[94.4286,18.1405],[94.4417,18.1708],[94.4081,18.2029],[94.4201,18.2091],[94.416,18.2355],[94.3912,18.2506],[94.3174,18.2466],[94.3218,18.3116],[94.338,18.2952],[94.3467,18.3173],[94.3822,18.2827],[94.3785,18.3005],[94.4,18.3181],[94.3923,18.3505],[94.3831,18.3657],[94.3303,18.3668],[94.3292,18.3708],[94.337,18.3896],[94.3161,18.4397],[94.2246,18.5345],[94.2542,18.5417],[94.2327,18.648],[94.1369,18.7324],[94.2083,18.7292],[94.2002,18.7492],[94.1716,18.7588],[94.1702,18.7741],[94.1882,18.7781],[94.1396,18.8202],[94.1076,18.8161],[94.0645,18.8339],[94.0614,18.8503],[94.0203,18.8549],[94.0464,18.9424],[94.0288,19.0017],[94.0465,19.02],[94.0264,19.0215],[94.013,19.0479],[94.0383,19.0714],[94.0487,19.0494],[94.0792,19.0833],[94.0257,19.0801],[94.0297,19.1064],[94.0542,19.1208],[94.0297,19.1311],[94.0506,19.2424],[94.0378,19.303],[94.0381,19.2118],[94.0083,19.1792],[94.0075,19.1509],[93.95,19.1417],[93.9712,19.1267],[93.959,19.0353],[93.9881,18.9716],[93.9618,18.9008],[93.9466,18.895],[93.9403,18.8452],[93.7742,18.9701],[93.7396,18.9672],[93.7075,19.0035],[93.6636,19.017],[93.6367,19.1411],[93.5966,19.1507],[93.466,19.3662],[93.4844,19.4163],[93.5454,19.4423],[93.5813,19.4089],[93.6043,19.415],[93.6174,19.38],[93.6647,19.3827],[93.6881,19.3674],[93.6589,19.3271],[93.6667,19.3],[93.7191,19.2996],[93.7384,19.2592],[93.8216,19.2286],[93.8939,19.2672],[93.9667,19.3542],[93.8941,19.2879],[93.8718,19.3115],[93.8578,19.2716],[93.8204,19.2535],[93.7341,19.3175],[93.7206,19.3906],[93.701,19.4046],[93.6783,19.3869],[93.6577,19.4107],[93.6836,19.4051],[93.6786,19.4188],[93.652,19.4214],[93.648,19.4411],[93.6181,19.4499],[93.6208,19.4333],[93.602,19.4339],[93.6012,19.4672],[93.5659,19.4797],[93.5301,19.4634],[93.5039,19.5033],[93.5211,19.505],[93.5079,19.5242],[93.5562,19.4839],[93.6281,19.4965],[93.6323,19.4827],[93.6506,19.5236],[93.618,19.5369],[93.6325,19.5628],[93.6161,19.5535],[93.6081,19.5699],[93.6337,19.566],[93.6499,19.5763],[93.6369,19.5865],[93.6615,19.5923],[93.6669,19.5759],[93.7062,19.5548],[93.7617,19.5451],[93.7496,19.5323],[93.7633,19.5174],[93.7676,19.5381],[93.7896,19.5369],[93.8534,19.5117],[93.8633,19.4758],[93.9,19.4667],[93.9333,19.4958],[93.9118,19.4828],[93.88,19.4967],[93.7697,19.5961],[93.7176,19.6212],[93.7704,19.6673],[93.7908,19.658],[93.7841,19.6868],[93.8038,19.6976],[93.7454,19.6702],[93.7049,19.6925],[93.7132,19.745],[93.75,19.7583],[93.7056,19.759],[93.6993,19.7132],[93.641,19.7119],[93.6353,19.7619],[93.6122,19.7092],[93.5841,19.7051],[93.5965,19.7588],[93.5785,19.7898],[93.6284,19.8215],[93.6375,19.8625],[93.6039,19.8094],[93.5945,19.8168],[93.5757,19.7992],[93.5744,19.7723],[93.5923,19.7494],[93.5784,19.7135],[93.547,19.6998],[93.5533,19.6789],[93.5179,19.6791],[93.5077,19.7172],[93.5701,19.7549],[93.5715,19.7689],[93.5473,19.7619],[93.5381,19.7813],[93.5369,19.8462],[93.551,19.8744],[93.5875,19.8792],[93.5375,19.8958],[93.5175,19.8659],[93.5035,19.8213],[93.5256,19.7546],[93.519,19.7327],[93.4505,19.7758],[93.3924,19.9617],[93.4323,19.9618],[93.4469,19.9337],[93.4787,19.9077],[93.5042,19.9167],[93.4135,19.9753],[93.3825,20.0533],[93.3781,20.0035],[93.3449,20.0577],[93.248,20.0256],[93.2061,20.0297],[93.1947,20.067],[93.1741,20.0341],[93.1458,20.05],[93.1881,19.9353],[93.2506,19.8259],[93.2214,19.8187],[93.1534,19.9784],[93.127,19.9869],[93.109,19.9688],[93.1077,19.937],[93.1744,19.7938],[93.168,19.7869],[93.0506,19.9562],[93.0328,20.0188],[92.9758,20.0716],[92.9828,20.0937],[92.966,20.1296],[92.9721,20.1419],[92.9937,20.1256],[93.0534,20.1298],[93.075,20.1708],[93.0189,20.1339],[92.9841,20.1342],[92.9964,20.2272],[93.0339,20.3314],[93.0708,20.3583],[93.0295,20.3559],[93.0288,20.41],[93.0583,20.4792],[93.0203,20.4155],[93.016,20.3062],[92.9785,20.2508],[92.974,20.1744],[92.955,20.1757],[92.9353,20.2036],[92.8993,20.1133],[92.8603,20.1214],[92.7577,20.2005],[92.7877,20.2614],[92.8438,20.2839],[92.8583,20.3042],[92.7983,20.2795],[92.767,20.2934],[92.767,20.4059],[92.7339,20.5145],[92.7422,20.5466],[92.7333,20.5708],[92.7208,20.5708],[92.734,20.561],[92.7257,20.4895],[92.7632,20.3961],[92.7489,20.3327],[92.7327,20.3591],[92.7507,20.2711],[92.7336,20.2618],[92.6202,20.4563],[92.5298,20.5437],[92.5115,20.6074],[92.3841,20.7009],[92.3881,20.726],[92.3072,20.9211],[92.2798,20.9301],[92.2744,20.9855],[92.2583,21.0167],[92.2672,20.9395],[92.3203,20.8522],[92.3464,20.7591],[92.3364,20.7372],[92.3131,20.7561],[92.2006,20.9561],[92.1828,21.0189],[92.0504,21.1726],[92.0411,21.3105],[91.9458,21.461],[91.9783,21.4757],[91.9996,21.5142],[91.9913,21.5809],[92.0,21.5958],[92.008,21.6017],[92.0083,21.6125],[91.9958,21.6583],[91.9784,21.5091],[91.9133,21.4993],[91.9146,21.4702],[91.841,21.5288],[91.884,21.5437],[91.8577,21.5604],[91.8875,21.6458],[91.8545,21.6642],[91.8538,21.6892],[91.9121,21.8309],[91.8994,21.9355],[91.8661,22.0049],[91.8756,22.0507],[91.8631,22.1091],[91.8298,22.1312],[91.8125,22.2333],[91.7983,22.2246],[91.7629,22.2684],[91.7494,22.373],[91.7077,22.4866],[91.5493,22.6699],[91.4635,22.7171],[91.4413,22.7865],[91.4238,22.7453],[91.3812,22.7829],[91.3667,22.775],[91.3922,22.7634],[91.3855,22.7506],[91.3011,22.7461],[91.2635,22.6953],[91.2375,22.7042],[91.2744,22.6605],[91.284,22.6381],[91.2702,22.6323],[91.2881,22.6283],[91.2657,22.5635],[91.1918,22.5321],[91.1833,22.5208],[91.2071,22.5085],[91.1564,22.4672],[91.1203,22.4679],[91.1354,22.4993],[91.0799,22.4577],[91.0784,22.4954],[91.0639,22.4832],[91.0502,22.5278],[90.9999,22.5737],[90.8873,22.6575],[90.8305,22.6793],[90.7798,22.7646],[90.7746,22.8441],[90.7441,22.8871],[90.7176,22.8796],[90.6464,22.9811],[90.6328,23.0424],[90.6378,23.2197],[90.6176,23.2202],[90.55,23.0555],[90.5965,22.9627],[90.6007,22.9252],[90.5827,22.9089],[90.6132,22.9026],[90.6063,22.884],[90.5785,22.8825],[90.6112,22.8751],[90.6207,22.8882],[90.6786,22.8314],[90.6781,22.7923],[90.6587,22.7892],[90.7045,22.6559],[90.7621,22.6024],[90.7754,22.5434],[90.8712,22.435],[90.842,22.3649],[90.8452,22.2645],[90.8202,22.1312],[90.7281,22.0088],[90.7009,21.9827],[90.7167,22.0208],[90.6774,21.9962],[90.6208,21.9958],[90.5784,21.884],[90.5383,21.8826],[90.5486,21.8452],[90.5403,21.8576],[90.505,21.8632],[90.5167,21.8861],[90.4882,21.88],[90.4869,21.9008],[90.5072,21.9082],[90.4999,21.9179],[90.5089,21.9355],[90.5408,21.9633],[90.5369,21.9823],[90.5668,21.9887],[90.5494,21.9967],[90.5958,22.0333],[90.6163,22.0976],[90.6163,22.1809],[90.6455,22.2101],[90.6746,22.2726],[90.6754,22.385],[90.658,22.4142],[90.6708,22.4437],[90.6661,22.5397],[90.6397,22.5619],[90.6042,22.5625],[90.5992,22.5425],[90.575,22.55],[90.5965,22.5217],[90.6207,22.5548],[90.659,22.5418],[90.6452,22.5293],[90.6451,22.3745],[90.6333,22.3833],[90.5951,22.2635],[90.5339,22.2064],[90.5244,22.1676],[90.5051,22.1659],[90.4703,22.1103],[90.3389,21.9874],[90.3369,22.0216],[90.3869,22.0853],[90.3799,22.1241],[90.3797,22.0824],[90.3385,22.0538],[90.2532,21.8299],[90.1896,21.7964],[90.0961,21.8219],[90.084,21.8617],[90.1,21.8792],[90.0576,21.8578],[90.0214,21.8802],[90.0244,21.9488],[90.0699,21.9714],[90.0881,22.0439],[90.1551,22.116],[90.1924,22.1078],[90.2157,22.1212],[90.2381,22.2007],[90.2167,22.2292],[90.2083,22.3375],[90.2077,22.237],[90.234,22.1909],[90.2077,22.127],[90.152,22.1202],[90.0844,22.0538],[90.0574,21.9747],[89.9923,22.0011],[89.9828,22.0344],[90.0199,22.0465],[90.0125,22.0625],[89.9842,22.0491],[89.9744,22.0159],[89.9866,21.9509],[89.952,21.9423],[89.9342,21.9545],[89.9243,22.0105],[89.8925,22.0128],[89.8971,22.0374],[89.9132,22.0336],[89.8952,22.061],[89.909,22.1462],[89.8744,22.2396],[89.8621,22.2327],[89.8494,22.2549],[89.8994,22.3395],[89.8994,22.3781],[89.9739,22.4378],[89.9869,22.4687],[89.9882,22.495],[90.0125,22.4958],[89.9845,22.5006],[89.9788,22.4559],[89.9566,22.4295],[89.8975,22.3871],[89.8792,22.3958],[89.8913,22.3601],[89.842,22.2691],[89.8379,22.2267],[89.8962,22.16],[89.8792,22.0917],[89.8483,22.0629],[89.8042,22.0708],[89.858,22.0358],[89.8746,21.8892],[89.8417,21.875],[89.8411,21.8509],[89.7802,21.8286],[89.7698,21.8494],[89.7458,21.8542],[89.7257,21.8286],[89.6926,21.8422],[89.6759,21.8328],[89.666,21.8741],[89.6559,21.8538],[89.6292,21.8708],[89.7047,21.7926],[89.7035,21.7718],[89.6353,21.7506],[89.6078,21.7637],[89.6083,21.8042],[89.5911,21.7632],[89.6125,21.7223],[89.5635,21.7131],[89.5328,21.7659],[89.5464,21.7929],[89.5297,21.8355],[89.5544,21.8554],[89.5381,21.9616],[89.6004,22.1309],[89.5478,22.2078],[89.5839,22.1074],[89.5324,21.9911],[89.5078,22.0219],[89.5339,22.0801],[89.5131,22.1011],[89.4756,22.2176],[89.4912,22.2646],[89.4744,22.3022],[89.4339,22.352],[89.4464,22.4052],[89.4286,22.4855],[89.4083,22.5208],[89.4412,22.3854],[89.4257,22.3468],[89.4797,22.2759],[89.4589,22.202],[89.5214,22.0718],[89.4968,22.0286],[89.4744,22.036],[89.5131,21.9591],[89.5119,21.9135],[89.4535,21.905],[89.4755,21.9033],[89.4535,21.8498],[89.4757,21.7869],[89.4159,21.7216],[89.3718,21.7301],[89.3548,21.7562],[89.3452,21.8132],[89.3785,21.877],[89.384,21.9127],[89.3507,22.0145],[89.3667,22.05],[89.3422,22.0272],[89.3547,21.9826],[89.3449,21.9703],[89.2881,22.0561],[89.3047,22.0884],[89.299,22.0952],[89.2619,22.0926],[89.2839,22.148],[89.3203,22.1853],[89.3083,22.2125],[89.3121,22.1809],[89.2795,22.1566],[89.2663,22.11],[89.2458,22.1],[89.2618,22.0828],[89.2964,22.0841],[89.2797,22.052],[89.3631,21.9132],[89.3619,21.8968],[89.325,21.875],[89.3715,21.8795],[89.3369,21.8133],[89.3346,21.7834],[89.3074,21.8506],[89.3035,21.8174],[89.2785,21.8326],[89.2744,21.8747],[89.2952,21.9021],[89.2904,21.9125],[89.2596,21.9125],[89.2355,21.941],[89.2077,21.9535],[89.2458,21.9833],[89.2049,21.9615],[89.2035,21.9492],[89.2175,21.934],[89.2397,21.9327],[89.2501,21.9137],[89.2881,21.9037],[89.2715,21.8813],[89.2672,21.8354],[89.291,21.7897],[89.2789,21.6968],[89.2965,21.6764],[89.2438,21.6506],[89.2051,21.6544],[89.2244,21.7104],[89.1764,21.8051],[89.1918,21.8342],[89.2085,21.9091],[89.17,21.8008],[89.157,21.791],[89.1003,21.8092],[89.0994,21.8688],[89.0785,21.8992],[89.091,22.0063],[89.0464,22.0895],[89.0667,22.125],[89.0217,22.163],[89.0199,22.2032],[88.9674,22.2093],[88.9619,22.2397],[88.95,22.25],[88.9672,22.1728],[88.9759,22.1592],[88.9875,22.1542],[88.9716,22.195],[89.016,22.1993],[89.0174,22.1591],[89.0535,22.1313],[89.0327,22.0918],[89.0798,21.996],[89.0576,21.9239],[89.0632,21.8854],[89.0882,21.861],[89.0798,21.8104],[89.1507,21.7502],[89.134,21.716],[89.1088,21.7174],[89.041,21.7849],[89.0577,21.8604],[89.0239,21.9038],[89.0263,21.9249],[89.0151,21.8993],[89.0021,21.9007],[88.9298,21.9396],[88.9257,21.9646],[88.9465,21.9915],[88.934,22.0618],[88.9743,22.0729],[88.9965,22.1332],[88.9875,22.15],[88.9701,22.0759],[88.9244,22.0593],[88.9368,21.9884],[88.9131,21.9853],[88.9071,22.0339],[88.9045,21.9851],[88.9083,21.9292],[89.0339,21.8635],[89.0214,21.7686],[89.0964,21.6676],[89.0952,21.6343],[89.0674,21.6161],[89.0417,21.6208],[89.0213,21.5994],[88.9592,21.6132],[88.9369,21.645],[88.9548,21.6829],[88.9492,21.6995],[88.9202,21.718],[88.9298,21.737],[88.9242,21.7574],[88.9119,21.7528],[88.9256,21.7422],[88.9174,21.7175],[88.9453,21.6896],[88.9369,21.6603],[88.9242,21.63],[88.8881,21.652],[88.8702,21.695],[88.8786,21.7563],[88.8341,21.7798],[88.8536,21.8813],[88.8161,21.9245],[88.8536,21.9119],[88.8625,21.9167],[88.8272,21.9369],[88.8,21.9208],[88.8423,21.8918],[88.8215,21.8354],[88.834,21.813],[88.8243,21.7918],[88.8354,21.7673],[88.8673,21.7614],[88.841,21.7127],[88.8618,21.6354],[88.8485,21.616],[88.8077,21.6307],[88.8201,21.6604],[88.8138,21.7069],[88.8002,21.6535],[88.7752,21.6632],[88.7417,21.6583],[88.7083,21.6875],[88.6913,21.7441],[88.7087,21.7816],[88.6962,21.8608],[88.725,21.9333],[88.7215,21.9783],[88.7667,22.0167],[88.7458,22.0667],[88.7204,22.0535],[88.7,22.0792],[88.6831,22.0779],[88.6978,22.0547],[88.7378,22.0446],[88.7411,22.0136],[88.7167,22.0042],[88.68,21.9411],[88.6244,21.9577],[88.6339,21.998],[88.6629,22.0299],[88.631,22.1198],[88.6822,22.2011],[88.6755,22.2064],[88.6208,22.1125],[88.6381,22.0593],[88.5994,21.9757],[88.6161,21.9311],[88.5756,21.8783],[88.5575,21.8174],[88.5125,21.839],[88.5172,21.8551],[88.4833,21.8917],[88.5037,21.8146],[88.475,21.7958],[88.4577,21.7236],[88.4744,21.6729],[88.4534,21.6176],[88.4382,21.6137],[88.4342,21.6329],[88.4076,21.5966],[88.3881,21.6062],[88.3798,21.6866],[88.3978,21.7078],[88.3542,21.6833],[88.3572,21.6426],[88.3171,21.6077],[88.3035,21.6093],[88.3092,21.6616],[88.2911,21.6032],[88.3089,21.5782],[88.2855,21.5589],[88.252,21.5589],[88.2324,21.6076],[88.2139,21.6168],[88.2172,21.6016],[88.2052,21.6045],[88.1839,21.6603],[88.1786,21.6923],[88.1967,21.7367],[88.2071,21.7244],[88.2172,21.7757],[88.1672,21.8645],[88.1708,21.9167],[88.1494,21.9593],[88.2119,22.0353],[88.2203,22.1022],[88.1866,22.1866],[88.0675,22.209],[88.1036,22.2937],[88.0884,22.2994],[88.0741,22.2424],[88.0335,22.2127],[88.0784,22.1869],[88.1366,22.1868],[88.1953,22.1061],[88.1647,22.0672],[88.0537,22.0068],[87.9826,21.8551],[87.9324,21.8007],[87.8958,21.7875],[87.7892,21.6913],[87.755,21.695],[87.6772,21.6506],[87.6387,21.6545],[87.4625,21.6042],[87.4059,21.5538],[87.3542,21.5708],[87.3905,21.5453],[87.2311,21.5494],[87.1167,21.5125],[87.066,21.4592],[86.9966,21.42],[86.8958,21.3167],[86.8244,21.1905],[86.8244,21.1424],[86.9621,20.8649],[86.9633,20.7863],[86.9737,20.7746],[86.9919,20.7824],[87.0039,20.7217],[87.0215,20.7231],[86.9985,20.704],[87.045,20.705],[86.7922,20.5407],[86.7785,20.5093],[86.7583,20.5042],[86.7333,20.4083],[86.7923,20.3806],[86.7951,20.4323],[86.7966,20.3785],[86.8008,20.4252],[86.8173,20.4126],[86.8075,20.3717],[86.7604,20.3215],[86.7135,20.299],[86.7214,20.2847],[86.5424,20.1866],[86.4292,20.05],[86.3999,19.9853],[86.4206,19.9808],[86.4106,19.9807],[86.3676,19.9645],[86.3424,19.9846],[86.329,19.9815],[86.3741,19.9506],[86.1355,19.8672],[85.7436,19.7661],[85.4353,19.6286],[85.2853,19.5453],[85.1173,19.4241],[85.0878,19.3714],[84.9259,19.2699],[84.8125,19.1583],[84.8061,19.1214],[84.7388,19.032],[84.5875,18.8708],[84.5577,18.7927],[84.3631,18.5855],[84.3675,18.5599],[84.1504,18.3691],[84.1292,18.3417],[84.1274,18.3087],[83.7353,18.1203],[83.5708,18.0125],[83.5365,17.9504],[83.4587,17.9032],[83.3488,17.7252],[83.2333,17.625],[83.2407,17.6091],[83.2158,17.5882],[83.0172,17.5032],[82.995,17.4717],[82.6125,17.2917],[82.4853,17.2078],[82.3375,17.075],[82.2879,17.0108],[82.2742,16.9383],[82.2505,16.9271],[82.2719,16.8799],[82.314,16.8535],[82.3498,16.8535],[82.3577,16.9438],[82.3206,16.9909],[82.3399,16.992],[82.3618,16.9646],[82.3451,16.7341],[82.3211,16.7326],[82.2916,16.7035],[82.3199,16.7093],[82.326,16.7298],[82.3537,16.716],[82.3699,16.7297],[82.3256,16.6605],[82.3153,16.5994],[82.2967,16.6086],[82.2931,16.5668],[82.3199,16.5718],[81.9671,16.4035],[81.9509,16.4159],[81.9447,16.3922],[81.8478,16.3703],[81.7218,16.3079],[81.6899,16.3288],[81.5583,16.35],[81.4392,16.3496],[81.3062,16.3036],[81.2173,16.2022],[81.1952,16.1103],[81.1411,16.013],[81.1492,15.9715],[81.0884,15.9283],[81.0009,15.8283],[80.9964,15.8061],[81.0167,15.7723],[81.0008,15.766],[81.0075,15.755],[80.9426,15.7161],[80.8187,15.7131],[80.7798,15.777],[80.7862,15.7964],[80.8114,15.7411],[80.7701,15.8615],[80.6601,15.8788],[80.5375,15.85],[80.4395,15.8078],[80.3256,15.7324],[80.2839,15.6855],[80.2381,15.598],[80.2119,15.4811],[80.1004,15.3149],[80.083,15.26],[80.0913,15.2101],[80.0545,15.1149],[80.0504,15.0476],[80.1004,14.7809],[80.1453,14.7105],[80.1759,14.6092],[80.2006,14.5924],[80.1744,14.3686],[80.1286,14.2049],[80.1339,14.102],[80.2548,13.7964],[80.2381,13.6395],[80.3006,13.4812],[80.3284,13.4458],[80.3496,13.2892],[80.2629,12.9524],[80.258,12.7809],[80.158,12.4642],[80.0254,12.2858],[79.8629,12.0149],[79.7631,11.6314],[79.7631,11.5395],[79.8121,11.4399],[79.8292,11.3607],[79.8423,11.3592],[79.858,11.1941],[79.8545,10.6517],[79.8871,10.3059],[79.8483,10.2754],[79.7287,10.2702],[79.5208,10.3125],[79.3892,10.3163],[79.2884,10.2533],[79.2708,10.2307],[79.2827,10.2092],[79.2466,10.1824],[79.2327,10.1486],[79.2297,10.0979],[79.2714,10.0405],[79.1547,9.9272],[79.1203,9.8759],[79.1243,9.8509],[78.9922,9.7022],[78.9295,9.5858],[78.9244,9.5228],[78.9004,9.4767],[79.0076,9.3217],[78.9946,9.3078],[78.8875,9.3292],[78.8675,9.32],[78.8333,9.2417],[78.7312,9.2077],[78.72,9.1883],[78.6704,9.1965],[78.6458,9.1792],[78.6575,9.1548],[78.5801,9.1286],[78.5507,9.1381],[78.4267,9.1163],[78.2214,8.9699],[78.1708,8.8833],[78.1625,8.7979],[78.1743,8.7703],[78.1906,8.7705],[78.1992,8.7909],[78.2035,8.7509],[78.1675,8.7408],[78.1381,8.6897],[78.133,8.4934],[78.067,8.4191],[78.065,8.3672],[77.9853,8.3411],[77.8897,8.2714],[77.8125,8.2458],[77.7825,8.1967],[77.7397,8.1714],[77.577,8.1327],[77.5575,8.0757],[77.3108,8.1205],[77.3,8.1458],[77.2436,8.1714],[76.9759,8.38],[76.9536,8.4272],[76.7087,8.7226],[76.6417,8.825],[76.5422,8.9061],[76.5167,9.0208],[76.3381,9.4061],[76.2375,9.9708],[76.2212,9.9767],[76.0788,10.4274],[75.9256,10.7478],[75.9123,10.7821],[75.9229,10.7877],[75.9047,10.802],[75.8411,11.0772],[75.7333,11.35],[75.6825,11.445],[75.6173,11.476],[75.5292,11.7042],[75.3872,11.8531],[75.3511,11.8629],[75.2583,11.9958],[75.2313,12.0205],[75.2008,12.0051],[75.1712,12.0642],[75.0619,12.3397],[74.9712,12.4976],[74.8215,12.8467],[74.7286,13.2605],[74.7033,13.3332],[74.6937,13.3423],[74.6913,13.3285],[74.6785,13.3491],[74.6952,13.3508],[74.6828,13.5314],[74.6125,13.8458],[74.57,13.945],[74.5472,13.9452],[74.5131,13.9853],[74.479,14.0929],[74.4881,14.1046],[74.4702,14.1813],[74.4256,14.2687],[74.3589,14.519],[74.309,14.5217],[74.2994,14.5772],[74.2661,14.6262],[74.2839,14.6366],[74.2797,14.6784],[74.2509,14.7048],[74.2625,14.7167],[74.2459,14.7404],[74.2289,14.745],[74.2035,14.716],[74.1786,14.7492],[74.1509,14.7369],[74.1404,14.7791],[74.1229,14.7714],[74.1074,14.7907],[74.0847,14.791],[74.0927,14.8076],[74.125,14.8125],[74.1255,14.84],[74.1032,14.8742],[74.0913,14.876],[74.1006,14.888],[74.0424,14.9175],[74.0465,14.963],[74.0182,15.0132],[73.9844,15.0209],[73.9882,15.0377],[73.9624,15.0654],[73.9081,15.0842],[73.9452,15.1544],[73.8952,15.3271],[73.8748,15.3657],[73.841,15.3577],[73.8049,15.376],[73.7785,15.4152],[73.8654,15.4126],[73.8819,15.3994],[73.8969,15.4138],[73.8866,15.4285],[73.859,15.4259],[73.8485,15.45],[73.7884,15.4588],[73.8035,15.4676],[73.8198,15.4997],[73.8179,15.5089],[73.8034,15.4911],[73.7637,15.4918],[73.7038,15.6816],[73.6875,15.716],[73.6452,15.749],[73.6631,15.763],[73.6239,15.8544],[73.6137,15.8494],[73.5866,15.9077],[73.5095,15.9328],[73.4783,16.0408],[73.4536,16.039],[73.4631,16.0887],[73.4411,16.1814],[73.3866,16.3576],[73.3675,16.359],[73.366,16.3897],[73.3833,16.3958],[73.3633,16.3965],[73.3077,16.5414],[73.3307,16.5673],[73.3458,16.55],[73.3548,16.5614],[73.3173,16.5937],[73.316,16.6073],[73.35,16.6208],[73.3299,16.6175],[73.3381,16.636],[73.3215,16.6342],[73.3286,16.6866],[73.3047,16.727],[73.3165,16.8028],[73.2929,16.817],[73.2917,16.8917],[73.2747,16.8924],[73.2917,16.9833],[73.2663,16.9891],[73.2781,17.0201],[73.2549,17.0174],[73.2535,17.0491],[73.2777,17.041],[73.2869,17.0562],[73.2827,17.1063],[73.2625,17.1139],[73.2577,17.173],[73.2285,17.2031],[73.2465,17.2128],[73.1869,17.3074],[73.2242,17.3033],[73.2258,17.2882],[73.2563,17.2744],[73.2708,17.2917],[73.2352,17.291],[73.2423,17.3157],[73.2178,17.3259],[73.2075,17.3825],[73.1716,17.3885],[73.166,17.407],[73.1965,17.4407],[73.184,17.4425],[73.1923,17.4671],[73.1741,17.5157],[73.1381,17.5478],[73.1425,17.5743],[73.1667,17.5833],[73.1386,17.6045],[73.1244,17.6445],[73.134,17.6508],[73.1131,17.6812],[73.134,17.7171],[73.1077,17.7897],[73.0785,17.8198],[73.0923,17.8296],[73.0786,17.8689],[73.0255,17.9479],[73.0298,17.9741],[73.0667,17.9875],[73.0174,17.9883],[73.0006,18.0187],[73.0131,18.0337],[73.0083,18.05],[72.9931,18.0452],[72.9965,18.0795],[72.9715,18.1229],[72.9869,18.1604],[72.9785,18.1938],[72.9285,18.2212],[72.9423,18.2503],[72.9341,18.2868],[72.9632,18.284],[72.9878,18.2452],[73.0188,18.2494],[73.0792,18.2188],[73.0566,18.2788],[73.0421,18.2619],[73.0088,18.284],[72.9929,18.2708],[72.9824,18.2949],[72.9619,18.2977],[72.9491,18.3366],[72.9077,18.362],[72.9243,18.3909],[72.9048,18.402],[72.8923,18.4647],[72.9053,18.5423],[72.9333,18.5417],[72.9216,18.5424],[72.8826,18.6368],[72.8667,18.6375],[72.8536,18.6953],[72.868,18.8089],[72.9162,18.7968],[72.9435,18.8298],[72.9594,18.8046],[72.9994,18.7768],[72.9757,18.7967],[72.9792,18.8583],[72.9325,18.8452],[72.9036,18.9005],[72.9575,18.9132],[72.9254,18.9699],[72.998,18.9714],[73.025,19.0],[73.0007,19.001],[72.9917,19.0571],[72.9675,19.0575],[72.9499,19.0179],[72.9055,18.9874],[72.8632,18.9992],[72.8452,18.9229],[72.8051,18.8869],[72.8215,18.9423],[72.8111,18.9542],[72.7925,18.937],[72.791,18.9548],[72.8119,18.9854],[72.8132,19.0282],[72.8253,19.0202],[72.8375,19.0362],[72.8124,19.0429],[72.825,19.0917],[72.816,19.123],[72.7785,19.1361],[72.7785,19.1694],[72.7965,19.1908],[72.7799,19.1924],[72.7744,19.2819],[72.787,19.3105],[72.8131,19.3035],[72.8586,19.3283],[72.8312,19.3369],[72.8081,19.3243],[72.7535,19.3794],[72.762,19.3938],[72.7411,19.4635],[72.7545,19.478],[72.716,19.5462],[72.7119,19.5988],[72.7283,19.5956],[72.7298,19.6128],[72.709,19.652],[72.709,19.7045],[72.6828,19.7534],[72.6782,19.8121],[72.6494,19.8324],[72.6506,19.8616],[72.6657,19.8536],[72.6797,19.8701],[72.6635,19.9367],[72.7167,19.9708],[72.7047,20.0688],[72.7369,20.1145],[72.7369,20.2412],[72.7845,20.3499],[72.8208,20.3708],[72.8295,20.4483],[72.8833,20.5],[72.8962,20.5934],[72.8494,20.7444],[72.8645,20.7381],[72.8792,20.7417],[72.8423,20.7551],[72.8417,20.8042],[72.8256,20.8104],[72.7923,20.8895],[72.7911,20.9355],[72.7757,20.9365],[72.7798,20.9142],[72.7636,20.9212],[72.7339,20.9895],[72.7202,21.0531],[72.7625,21.0625],[72.7049,21.0716],[72.7,21.1],[72.6845,21.0869],[72.6673,21.1009],[72.6667,21.1375],[72.6589,21.0642],[72.6247,21.0759],[72.6203,21.2104],[72.5869,21.3007],[72.6203,21.3478],[72.6256,21.3855],[72.6828,21.4436],[72.6427,21.4327],[72.6715,21.524],[72.7,21.5292],[72.6787,21.5381],[72.6227,21.491],[72.5952,21.5546],[72.6258,21.6201],[72.6855,21.6381],[72.7142,21.6663],[72.785,21.6455],[72.8108,21.6545],[72.8292,21.6708],[72.7941,21.658],[72.7368,21.6881],[72.5342,21.6634],[72.5161,21.7134],[72.5411,21.7436],[72.5632,21.8241],[72.5783,21.83],[72.5866,21.8384],[72.6042,21.875],[72.5948,21.8591],[72.5223,21.8452],[72.516,21.8652],[72.5673,21.8782],[72.5134,21.8744],[72.4994,21.9628],[72.5464,22.1564],[72.5853,22.2078],[72.648,22.2203],[72.7575,22.1757],[72.802,22.2453],[72.8743,22.2244],[72.9083,22.2417],[72.9167,22.2667],[72.9036,22.2468],[72.8637,22.2411],[72.8542,22.2792],[72.8395,22.2786],[72.7409,22.2286],[72.6842,22.2382],[72.6397,22.2828],[72.5408,22.2411],[72.5333,22.2708],[72.5243,22.2385],[72.4829,22.1952],[72.466,22.2048],[72.484,22.232],[72.441,22.2897],[72.423,22.3035],[72.3884,22.3086],[72.4083,22.35],[72.3804,22.3332],[72.3801,22.3051],[72.4159,22.2993],[72.4202,22.2813],[72.4202,22.2271],[72.4032,22.1957],[72.3855,22.2119],[72.3702,22.2027],[72.3958,22.1679],[72.3752,22.1493],[72.3585,22.1699],[72.3533,22.1243],[72.3125,22.15],[72.3244,22.1176],[72.3122,22.1114],[72.2785,21.93],[72.2494,21.9866],[72.2589,22.0159],[72.2411,22.0365],[72.2542,22.0625],[72.2384,22.0574],[72.2367,22.0174],[72.2218,22.016],[72.2202,22.0103],[72.2434,22.0076],[72.2243,21.9549],[72.2104,21.9535],[72.1964,21.9437],[72.224,21.9493],[72.2446,21.9252],[72.2631,21.8799],[72.2631,21.7811],[72.2901,21.7036],[72.25,21.7583],[72.2504,21.7517],[72.3078,21.6228],[72.2714,21.573],[72.2536,21.4895],[72.2241,21.4341],[72.1172,21.3147],[72.0869,21.2466],[72.1162,21.2229],[72.116,21.1967],[72.0217,21.1535],[72.0118,21.13],[71.9917,21.1417],[71.9783,21.1215],[71.902,21.1078],[71.8125,21.0667],[71.8,21.0542],[71.8075,21.0383],[71.7604,21.0172],[71.7187,21.0202],[71.6827,21.0028],[71.6908,20.9926],[71.6757,20.9827],[71.652,20.9952],[71.6375,20.9833],[71.6495,20.9761],[71.6255,20.966],[71.6153,20.9756],[71.573,20.9506],[71.5133,20.9451],[71.5326,20.9007],[71.5061,20.8994],[71.5083,20.9125],[71.4917,20.9167],[71.4783,20.8884],[71.4397,20.8672],[71.3142,20.8413],[71.1594,20.7786],[71.1468,20.7536],[71.0853,20.7536],[71.0822,20.7375],[71.0503,20.7285],[71.0104,20.7369],[70.9771,20.7006],[70.8521,20.7079],[70.8401,20.6869],[70.8228,20.6881],[70.7897,20.7119],[70.6146,20.7671],[70.3176,20.9257],[70.0978,21.1047],[69.7125,21.5375],[69.5968,21.638],[69.5885,21.6202],[69.1885,21.984],[68.955,22.2384],[68.9328,22.3076],[68.9925,22.4283],[69.0687,22.4829],[69.0869,22.4729],[69.0457,22.4321],[69.0743,22.3952],[69.0968,22.4131],[69.1438,22.4048],[69.1681,22.4256],[69.1951,22.4243],[69.2083,22.4012],[69.1834,22.3763],[69.2006,22.373],[69.199,22.3675],[69.1805,22.3666],[69.1756,22.3604],[69.1631,22.3104],[69.2059,22.267],[69.2358,22.2629],[69.3201,22.2968],[69.337,22.334],[69.4125,22.3167],[69.4825,22.3382],[69.5214,22.3866],[69.4955,22.4365],[69.5535,22.4074],[69.5637,22.3622],[69.5814,22.3703],[69.6167,22.3458],[69.6172,22.3699],[69.6534,22.3632],[69.6593,22.3914],[69.6951,22.3965],[69.7,22.4361],[69.6832,22.4426],[69.7288,22.4756],[69.7514,22.4285],[69.7615,22.446],[69.7958,22.4083],[69.8161,22.4228],[69.828,22.4628],[69.873,22.4506],[69.9083,22.4708],[69.9333,22.5167],[69.8979,22.5089],[69.8619,22.5322],[69.8896,22.5256],[69.905,22.5535],[69.9361,22.541],[69.9626,22.578],[70.002,22.5952],[70.0285,22.5867],[70.0292,22.5583],[70.0451,22.5756],[70.0646,22.5505],[70.1625,22.5542],[70.2122,22.6491],[70.2292,22.65],[70.241,22.6729],[70.2507,22.7366],[70.2994,22.7603],[70.3717,22.8994],[70.4451,22.964],[70.4526,22.9788],[70.4292,22.9807],[70.4703,23.0145],[70.4958,23.0958],[70.484,23.0616],[70.4426,23.0294],[70.4241,22.9926],[70.409,22.9925],[70.4125,23.0333],[70.4,23.0292],[70.3953,22.9603],[70.3689,22.9339],[70.2924,22.9411],[70.2292,22.9875],[70.2233,22.9545],[70.1601,22.942],[70.1163,22.965],[70.1288,22.9809],[70.1292,22.9875],[70.1283,22.9873],[70.1119,22.9659],[70.1423,22.9448],[70.1409,22.93],[70.1188,22.9131],[69.9375,22.8917],[69.9007,22.8619],[69.8635,22.8715],[69.8615,22.8579],[69.802,22.8494],[69.7551,22.8199],[69.705,22.7244],[69.675,22.7542],[69.59,22.758],[69.5542,22.7833],[69.497,22.7881],[69.4701,22.7703],[69.3257,22.8297],[69.2688,22.8213],[69.1936,22.8381],[68.7559,23.0795],[68.6343,23.1674],[68.6365,23.1826],[68.5827,23.2201],[68.5911,23.2423],[68.659,23.2635],[68.6244,23.2847],[68.65,23.3],[68.6256,23.3092],[68.6243,23.348],[68.62,23.3247],[68.5693,23.3526],[68.5653,23.37],[68.5673,23.3448],[68.5368,23.3383],[68.5543,23.3465],[68.5535,23.3771],[68.5387,23.3916],[68.5459,23.382],[68.5302,23.3702],[68.5173,23.3979],[68.5452,23.4146],[68.5309,23.4304],[68.4959,23.4346],[68.509,23.4526],[68.4922,23.4709],[68.5074,23.4879],[68.4555,23.4781],[68.4636,23.4992],[68.4917,23.4958],[68.4955,23.5101],[68.4774,23.5488],[68.4819,23.5854],[68.4691,23.5527],[68.4295,23.5338],[68.4298,23.5051],[68.4286,23.5424],[68.4504,23.5678],[68.4369,23.5847],[68.4341,23.6199],[68.4782,23.6216],[68.5511,23.7164],[68.6208,23.7542],[68.6642,23.8121],[68.7191,23.8295],[68.7292,23.8583],[68.6929,23.8452],[68.6992,23.8577],[68.668,23.859],[68.6397,23.834],[68.595,23.8381],[68.5372,23.755],[68.5222,23.7631],[68.479,23.7135],[68.4582,23.7402],[68.4351,23.7369],[68.4413,23.7528],[68.3763,23.619],[68.3725,23.6333],[68.3532,23.6003],[68.3005,23.5785],[68.28,23.5799],[68.272,23.6126],[68.2576,23.5799],[68.2133,23.5841],[68.2213,23.5991],[68.2002,23.5927],[68.184,23.6272],[68.2034,23.6506],[68.2699,23.6551],[68.3377,23.7379],[68.2968,23.7241],[68.2591,23.6785],[68.2342,23.6798],[68.191,23.7284],[68.2173,23.787],[68.209,23.8325],[68.2326,23.8382],[68.2119,23.8468],[68.2132,23.87],[68.2571,23.8791],[68.2867,23.9256],[68.3204,23.916],[68.3374,23.922],[68.3465,23.937],[68.3473,23.9666],[68.3322,23.9235],[68.3201,23.9174],[68.3261,23.9292],[68.287,23.9423],[68.2455,23.9011],[68.2035,23.8869],[68.19,23.9125],[68.1941,23.8545],[68.1017,23.8413],[68.0629,23.8559],[68.0551,23.9031],[68.0133,23.9448],[68.0408,23.9081],[68.0452,23.7937],[68.0146,23.7673],[67.9927,23.7882],[67.9813,23.7715],[67.9414,23.7784],[67.9382,23.7674],[67.9368,23.7985],[67.9624,23.8138],[67.9535,23.8313],[67.9104,23.8423],[67.8618,23.9086],[67.9292,23.9875],[67.8742,23.9965],[67.9048,23.9723],[67.8423,23.9188],[67.8285,23.8535],[67.8381,23.8348],[67.8248,23.8176],[67.7757,23.8133],[67.7743,23.8241],[67.753,23.846],[67.7366,23.8369],[67.7139,23.8543],[67.7297,23.8138],[67.6741,23.8036],[67.6507,23.8175],[67.6492,23.8493],[67.6319,23.8367],[67.6095,23.8587],[67.6155,23.8836],[67.5698,23.8828],[67.55,23.9125],[67.5299,23.9037],[67.5292,23.925],[67.4843,23.9215],[67.4964,23.9695],[67.4561,23.9714],[67.4453,23.9927],[67.4744,24.0095],[67.475,24.0292],[67.4701,24.0133],[67.4135,24.009],[67.409,23.9966],[67.3952,24.0532],[67.4096,24.0456],[67.434,24.0656],[67.3801,24.0801],[67.3674,24.1285],[67.3881,24.1323],[67.3468,24.1494],[67.3327,24.2153],[67.3467,24.2368],[67.4208,24.225],[67.4201,24.2368],[67.3093,24.2551],[67.2952,24.3047],[67.3354,24.341],[67.3627,24.3423],[67.4086,24.316],[67.4333,24.3208],[67.3091,24.3591],[67.2952,24.4377],[67.316,24.4646],[67.2811,24.4369],[67.2918,24.4614],[67.2582,24.4635],[67.2494,24.4866],[67.2669,24.4884],[67.2741,24.5241],[67.2493,24.5202],[67.2176,24.5461],[67.2296,24.5756],[67.3006,24.582],[67.2869,24.6088],[67.2958,24.6292],[67.2741,24.5965],[67.2452,24.5953],[67.2138,24.6209],[67.2113,24.646],[67.1896,24.6422],[67.1755,24.6646],[67.2004,24.6804],[67.1759,24.7284],[67.2354,24.762],[67.2654,24.7411],[67.2419,24.7866],[67.1787,24.7494],[67.1494,24.7611],[67.1591,24.7742],[67.1861,24.7702],[67.2166,24.7972],[67.2097,24.809],[67.1729,24.7839],[67.1537,24.7923],[67.12,24.7744],[67.0958,24.7875],[67.1089,24.7634],[67.0844,24.7453],[67.0189,24.8078],[66.9906,24.813],[66.9823,24.7829],[66.8647,24.8578],[66.8407,24.8589],[66.8241,24.8382],[66.7534,24.8506],[66.6814,24.8256],[66.6494,24.8405],[66.6801,24.8827],[66.7276,24.9],[66.7331,24.9239],[66.78,24.9658],[66.8191,24.9712],[66.8684,25.0121],[66.9233,25.0129],[66.9649,25.0379],[67.0285,25.1135],[67.0256,25.173],[67.0667,25.225],[67.0917,25.1792],[67.124,25.1798],[67.151,25.2006],[67.1899,25.1962],[67.1958,25.225],[67.3125,25.2667],[67.2786,25.1926],[67.2868,25.1676],[67.2542,25.0792],[67.2695,25.0625],[67.2968,25.1381],[67.3491,25.1425],[67.3882,25.2533],[67.415,25.2455],[67.4292,25.2125],[67.4517,25.2246],[67.4983,25.2163],[67.5131,25.1552],[67.543,25.1369],[67.5912,25.1369],[67.5968,25.1506],[67.6792,25.1292],[67.6798,25.1908],[67.7205,25.2142],[67.7303,25.2416],[67.8292,25.2417],[67.9167,25.3292],[67.8875,25.45],[67.7792,25.4792],[67.765,25.5871],[67.7583,25.575],[67.7059,25.5795],[67.6705,25.6048],[67.6383,25.6049],[67.65,25.6917],[67.6333,25.7375],[67.6583,25.7625],[67.6538,25.8149],[67.5917,25.9473],[67.5792,26.0667],[67.5756,25.9663],[67.55,25.95],[67.4458,26.1167],[67.4858,26.1337],[67.5163,26.1809],[67.5125,26.2042],[67.4869,26.1716],[67.4603,26.1787],[67.4509,26.3033],[67.4691,26.2871],[67.5292,26.2917],[67.5088,26.3563],[67.5172,26.401],[67.467,26.4726],[67.4754,26.5059],[67.4658,26.5286],[67.45,26.5292],[67.4542,26.5708],[67.478,26.5664],[67.4833,26.6083],[67.5022,26.6078],[67.5324,26.591],[67.5674,26.5301],[67.6167,26.5292],[67.5951,26.5742],[67.5342,26.6131],[67.5132,26.6467],[67.5076,26.7034],[67.4708,26.7333],[67.5282,26.6994],[67.5782,26.6994],[67.5887,26.6828],[67.6542,26.7125],[67.602,26.7214],[67.5616,26.7785],[67.4467,26.8493],[67.55,26.9],[67.5705,26.9726],[67.5542,27.0083],[67.6211,27.0341],[67.6205,27.0637],[67.6458,27.1],[67.7771,27.1083],[67.8042,27.1292],[67.5965,27.1592],[67.5965,27.1784],[67.7035,27.2009],[67.6994,27.2427],[67.7131,27.2591],[67.6995,27.2991],[67.725,27.3083],[67.708,27.3363],[67.7212,27.3934],[67.708,27.4225],[67.7333,27.4542],[67.6955,27.4863],[67.72,27.5255],[67.7167,27.5917],[67.6667,27.6333],[67.7044,27.6553],[67.6958,27.6792],[67.6625,27.6958],[67.6786,27.7229],[67.6625,27.7738],[67.6756,27.7991],[67.6465,27.8051],[67.6465,27.8532],[67.6042,27.8667],[67.6042,27.9208],[67.5754,27.9517],[67.5756,28.0132],[67.5333,28.0917],[67.5093,28.1046],[67.475,28.1708],[67.4375,28.1708],[67.4328,28.2341],[67.491,28.2592],[67.4792,28.2833],[67.4964,28.2988],[67.459,28.3217],[67.4328,28.3939],[67.3625,28.4542],[67.3465,28.4534],[67.3458,28.4292],[67.2667,28.4417],[67.2674,28.4993],[67.3576,28.5094],[67.3837,28.5649],[67.4288,28.6059],[67.4285,28.6646],[67.4048,28.6799],[67.4042,28.7042],[67.5063,28.6755],[67.5975,28.7087],[67.6309,28.6955],[67.6866,28.7256],[67.6958,28.7458],[67.7384,28.7007],[67.8292,28.7042],[67.8379,28.8024],[67.8958,28.85],[67.8967,28.7799],[67.9153,28.7706],[67.925,28.7833],[67.9458,28.7625],[67.97,28.7716],[67.9887,28.8327],[68.0491,28.8718],[68.05,28.9125],[68.0809,28.9288],[68.1428,28.8536],[68.1896,28.9037],[68.2438,28.9088],[68.3449,28.959],[68.4286,29.0427],[68.4292,29.0625],[68.4532,29.059],[68.4658,29.0797],[68.4907,29.0786],[68.5012,29.0578],[68.5292,29.0625],[68.5537,29.1521],[68.5494,29.1772],[68.5292,29.1875],[68.55,29.2333],[68.5708,29.2333],[68.5625,29.1937],[68.583,29.1691],[68.5917,29.1],[68.5802,29.0796],[68.6616,29.045],[68.6792,28.9583],[68.8217,28.9092],[68.8875,28.9042],[68.9125,28.8083],[68.9409,28.7992],[68.9875,28.6917],[69.0316,28.7087],[69.1366,28.7006],[69.1726,28.7163],[69.2646,28.7167],[69.3542,28.7667],[69.4208,28.7708],[69.4535,28.801],[69.4506,28.823],[69.5074,28.8676],[69.5247,28.9199],[69.5457,28.9262],[69.5552,28.9535],[69.5866,28.9634],[69.5922,28.9905],[69.5796,29.0021],[69.5967,29.0327],[69.6899,29.0754],[69.7284,29.1214],[69.8083,29.1042],[69.8379,29.165],[69.8663,29.1726],[69.8708,29.1958],[69.8173,29.2218],[69.8242,29.2451],[69.7667,29.2542],[69.7468,29.2829],[69.7697,29.3004],[69.7884,29.2911],[69.8637,29.3464],[69.9075,29.3342],[69.925,29.3625],[69.9616,29.3673],[69.972,29.3922],[69.9917,29.3875],[70.0037,29.4146],[69.9913,29.4782],[69.965,29.4955],[69.9066,29.4913],[69.8708,29.5083],[69.8711,29.5532],[69.8466,29.5591],[69.8417,29.6042],[69.8715,29.6657],[69.8958,29.6833],[69.9292,29.6542],[69.9434,29.6705],[69.973,29.6702],[70.0062,29.6465],[70.0576,29.645],[70.0591,29.6258],[70.1125,29.5875],[70.1295,29.6225],[70.0917,29.675],[70.1476,29.642],[70.2452,29.6342],[70.25,29.6583],[70.2256,29.6719],[70.2125,29.7333],[70.2288,29.7566],[70.1917,29.8042],[70.2292,29.8],[70.3083,29.9333],[70.2381,29.9645],[70.2422,29.9946],[70.213,30.0312],[70.2083,30.0958],[70.1233,30.0913],[70.0583,30.1083],[70.0587,30.1191],[70.1063,30.1702],[70.1503,30.141],[70.1895,30.1619],[70.2367,30.1632],[70.2167,30.1974],[70.225,30.2208],[70.1048,30.2552],[70.1051,30.2868],[70.1239,30.2919],[70.177,30.2631],[70.2613,30.2619],[70.2702,30.3146],[70.2534,30.3964],[70.2242,30.3383],[70.1987,30.3583],[70.1344,30.355],[70.15,30.425],[70.2083,30.4417],[70.2129,30.5184],[70.1879,30.5434],[70.1785,30.6158],[70.1042,30.6083],[70.141,30.7009],[70.1375,30.725],[70.0833,30.7208],[70.0625,30.7625],[70.025,30.7792],[70.0536,30.8145],[70.0589,30.873],[70.0811,30.9036],[70.1267,30.8955],[70.1875,30.925],[70.2083,30.8792],[70.2259,30.8744],[70.2411,30.8978],[70.2375,31.0583],[70.2545,31.0725],[70.233,31.1559],[70.2545,31.2559],[70.2504,31.3309],[70.2461,31.3783],[70.2083,31.4],[70.2458,31.4375],[70.2283,31.466],[70.1924,31.4758],[70.2167,31.5458],[70.1875,31.6333],[70.1555,31.659],[70.1493,31.6216],[70.0875,31.6125],[70.1128,31.7136],[70.0792,31.7792],[70.1256,31.8405],[70.0191,31.9038],[69.9642,31.9087],[69.95,31.9271],[69.9718,32.0246],[70.0381,32.0387],[70.0241,32.1201],[69.9833,32.1208],[69.9458,32.1875],[69.95,32.2292],[69.9784,32.2299],[69.9979,32.2743],[70.0542,32.2667],[70.075,32.2833],[70.1399,32.2712],[70.2108,32.3045],[70.2542,32.2917],[70.2911,32.3355],[70.2439,32.3744],[70.2,32.3792],[70.2,32.4208],[70.2149,32.417],[70.2458,32.4458],[70.2548,32.4855],[70.2851,32.5163],[70.3826,32.5464],[70.399,32.5452],[70.42,32.5119],[70.4324,32.5216],[70.4167,32.5708],[70.3525,32.5663],[70.3267,32.5795],[70.2879,32.6441],[70.3292,32.6917],[70.342,32.7691],[70.4625,32.875],[70.5241,32.8798],[70.5288,32.9358],[70.4774,32.9746],[70.3892,32.9788],[70.3311,32.9631],[70.2881,32.9927],[70.2667,33.0542],[70.2948,33.0492],[70.3188,33.0215],[70.3867,33.0164],[70.4458,33.1042],[70.5208,33.1208],[70.55,33.175],[70.6196,33.1703],[70.6851,33.1913],[70.7439,33.1911],[70.7702,33.1783],[70.7708,33.1583],[70.8466,33.1411],[70.9816,33.1712],[71.0858,33.1621],[71.2316,33.1871],[71.2976,33.1004],[71.3542,33.125],[71.4104,33.1],[71.45,33.1292],[71.4295,33.2017],[71.4367,33.2493],[71.3875,33.25],[71.3875,33.2667],[71.3661,33.2757],[71.37,33.3119],[71.3292,33.3208],[71.3299,33.3326],[71.3625,33.3333],[71.4078,33.4061],[71.4083,33.4417],[71.3882,33.4577],[71.4688,33.4542],[71.5208,33.525],[71.5561,33.4797],[71.6118,33.4592],[71.6257,33.5283],[71.75,33.5792],[71.7493,33.5992],[71.7131,33.6312],[71.7184,33.6663],[71.8101,33.6996],[71.8649,33.7004],[71.8925,33.745],[71.9574,33.7714],[71.9929,33.7494],[72.05,33.7583],[72.0547,33.7738],[72.0161,33.8216],[72.0242,33.8493],[72.0042,33.8583],[71.9843,33.8411],[71.9507,33.8464],[71.875,33.8208],[71.8233,33.7712],[71.7022,33.7006],[71.5826,33.6785],[71.5699,33.6951],[71.5134,33.7045],[71.5,33.7417],[71.4701,33.7286],[71.3917,33.75],[71.3875,33.7917],[71.3167,33.8292],[71.2991,33.866],[71.2176,33.8964],[71.2955,33.9517],[71.2786,34.0259],[71.2881,34.0466],[71.2667,34.0875],[71.2289,34.0967],[71.2325,34.1169],[71.2062,34.1089],[71.1583,34.15],[71.1592,34.1658],[71.2355,34.1756],[71.2903,34.204],[71.2887,34.1937],[71.3075,34.1878],[71.3072,34.1619],[71.3561,34.162],[71.3229,34.1744],[71.3091,34.1633],[71.3119,34.1854],[71.2917,34.2042],[71.3365,34.2212],[71.3458,34.2667],[71.4083,34.2708],[71.4208,34.3708],[71.477,34.3339],[71.5,34.3417],[71.5125,34.3708],[71.5538,34.385],[71.5625,34.4542],[71.6,34.4583],[71.625,34.4417],[71.6574,34.4629],[71.658,34.5142],[71.6926,34.5786],[71.7496,34.5907],[71.7714,34.5696],[71.7675,34.5425],[71.8125,34.5292],[71.8534,34.5383],[71.8708,34.5667],[71.9063,34.5588],[71.9478,34.5786],[71.9771,34.5745],[72.0941,34.4705],[72.115,34.4837],[72.1566,34.4754],[72.1684,34.4955],[72.2083,34.5083],[72.2254,34.4642],[72.2642,34.4337],[72.316,34.4425],[72.3167,34.4583],[72.3301,34.4423],[72.374,34.4369],[72.3926,34.4089],[72.425,34.4042],[72.4333,34.375],[72.4783,34.3702],[72.4783,34.3217],[72.4453,34.303],[72.4708,34.2583],[72.5033,34.2702],[72.5167,34.2208],[72.5684,34.2413],[72.5881,34.2301],[72.5494,34.203],[72.5509,34.1339],[72.6167,34.125],[72.645,34.1384],[72.6672,34.1966],[72.6505,34.2396],[72.6829,34.2854],[72.6792,34.3042],[72.7083,34.3042],[72.7087,34.285],[72.7542,34.2438],[72.7462,34.1809],[72.7621,34.1517],[72.7582,34.1297],[72.6853,34.0943],[72.7566,34.0725],[72.747,34.0933],[72.7814,34.0911],[72.7958,34.0792],[72.7792,34.0417],[72.8698,33.9744],[72.9147,33.9786],[73.0103,33.9297],[73.0708,33.9208],[73.0524,33.892],[72.9917,33.8875],[72.9328,33.8217]],[[93.3292,20.4083],[93.3259,20.405],[93.3292,20.4042],[93.3292,20.4083]],[[94.0337,19.0387],[94.0304,19.0422],[94.0292,19.0375],[94.0337,19.0387]],[[94.0072,19.1837],[94.0036,19.1804],[94.0083,19.1792],[94.0072,19.1837]],[[93.95,19.1417],[93.942,19.1449],[93.9425,19.1423],[93.95,19.1417]],[[93.875,19.3125],[93.8783,19.3205],[93.8757,19.32],[93.875,19.3125]],[[93.8167,19.2667],[93.8256,19.2697],[93.8179,19.2714],[93.8167,19.2667]],[[93.7387,19.3204],[93.7422,19.3238],[93.7375,19.325],[93.7387,19.3204]],[[93.5437,19.4756],[93.545,19.4826],[93.5285,19.4802],[93.5437,19.4756]],[[93.7708,19.5167],[93.7799,19.5077],[93.7839,19.5112],[93.7708,19.5167]],[[93.9,19.4667],[93.9042,19.4625],[93.9033,19.4658],[93.9,19.4667]],[[93.9042,19.4625],[93.9083,19.4583],[93.9075,19.4616],[93.9042,19.4625]],[[93.9095,19.4538],[93.9131,19.4571],[93.9083,19.4583],[93.9095,19.4538]],[[93.8012,19.6829],[93.8047,19.6863],[93.8,19.6875],[93.8012,19.6829]],[[93.8087,19.7053],[93.8054,19.7089],[93.8042,19.7042],[93.8087,19.7053]],[[93.4962,19.9303],[93.4929,19.9339],[93.4917,19.9292],[93.4962,19.9303]],[[93.1447,20.0546],[93.1411,20.0512],[93.1458,20.05],[93.1447,20.0546]],[[93.0754,20.3595],[93.072,20.3631],[93.0708,20.3583],[93.0754,20.3595]],[[92.9417,20.2042],[92.9458,20.2083],[92.9425,20.2075],[92.9417,20.2042]],[[92.9458,20.2083],[92.95,20.2125],[92.9467,20.2116],[92.9458,20.2083]],[[92.9535,20.2134],[92.9542,20.2208],[92.95,20.2125],[92.9535,20.2134]],[[92.9542,20.2208],[92.9583,20.225],[92.955,20.2241],[92.9542,20.2208]],[[92.9583,20.225],[92.9625,20.2292],[92.9592,20.2283],[92.9583,20.225]],[[92.9671,20.2303],[92.9637,20.2339],[92.9625,20.2292],[92.9671,20.2303]],[[91.8708,21.575],[91.8738,21.5661],[91.8756,21.5737],[91.8708,21.575]],[[91.8875,21.6458],[91.8908,21.6538],[91.8882,21.6533],[91.8875,21.6458]],[[91.1417,22.5],[91.1458,22.5042],[91.1425,22.5033],[91.1417,22.5]],[[91.1458,22.5042],[91.1733,22.5129],[91.1792,22.5208],[91.1507,22.5199],[91.1458,22.5042]],[[90.6572,22.7962],[90.6536,22.7929],[90.6583,22.7917],[90.6572,22.7962]],[[90.7167,22.0208],[90.7208,22.025],[90.7175,22.0241],[90.7167,22.0208]],[[90.7208,22.025],[90.725,22.0292],[90.7217,22.0283],[90.7208,22.025]],[[90.725,22.0292],[90.7283,22.0372],[90.7257,22.0367],[90.725,22.0292]],[[90.6042,22.5625],[90.6,22.5667],[90.6009,22.5634],[90.6042,22.5625]],[[90.6,22.5667],[90.5958,22.5708],[90.5967,22.5675],[90.6,22.5667]],[[90.5947,22.5754],[90.5911,22.572],[90.5958,22.5708],[90.5947,22.5754]],[[90.6007,22.5134],[90.6042,22.5125],[90.6,22.5208],[90.6007,22.5134]],[[90.6115,22.5118],[90.6094,22.4746],[90.6339,22.4905],[90.6115,22.5118]],[[90.6333,22.3833],[90.6292,22.3875],[90.63,22.3842],[90.6333,22.3833]],[[90.6292,22.3875],[90.625,22.3917],[90.6259,22.3884],[90.6292,22.3875]],[[90.625,22.3917],[90.6137,22.4089],[90.6079,22.4071],[90.625,22.3917]],[[89.9012,22.0579],[89.9047,22.0613],[89.9,22.0625],[89.9012,22.0579]],[[89.8405,21.8796],[89.8369,21.8762],[89.8417,21.875],[89.8405,21.8796]],[[89.7452,21.8647],[89.741,21.8555],[89.7458,21.8542],[89.7452,21.8647]],[[89.6292,21.8708],[89.6262,21.8797],[89.6244,21.8721],[89.6292,21.8708]],[[89.6083,21.8042],[89.6042,21.8083],[89.605,21.805],[89.6083,21.8042]],[[89.6033,21.8118],[89.5958,21.8125],[89.6042,21.8083],[89.6033,21.8118]],[[89.5958,21.8125],[89.5917,21.8167],[89.5925,21.8134],[89.5958,21.8125]],[[89.5917,21.8167],[89.5875,21.8208],[89.5884,21.8175],[89.5917,21.8167]],[[89.5875,21.8208],[89.5833,21.825],[89.5842,21.8217],[89.5875,21.8208]],[[89.5824,21.8285],[89.575,21.8292],[89.5833,21.825],[89.5824,21.8285]],[[89.575,21.8292],[89.5708,21.8333],[89.5717,21.83],[89.575,21.8292]],[[89.5642,21.8337],[89.565,21.8413],[89.5583,21.8417],[89.5642,21.8337]],[[89.5572,21.8462],[89.5536,21.8429],[89.5583,21.8417],[89.5572,21.8462]],[[89.325,21.875],[89.3208,21.8708],[89.3241,21.8717],[89.325,21.875]],[[89.3163,21.8697],[89.3196,21.8661],[89.3208,21.8708],[89.3163,21.8697]],[[89.0667,22.125],[89.0708,22.1292],[89.0675,22.1283],[89.0667,22.125]],[[89.0754,22.1303],[89.072,22.1339],[89.0708,22.1292],[89.0754,22.1303]],[[89.025,21.925],[89.0208,21.9292],[89.0217,21.9259],[89.025,21.925]],[[89.0208,21.9292],[89.0167,21.9333],[89.0175,21.93],[89.0208,21.9292]],[[89.0167,21.9333],[89.0125,21.9375],[89.0134,21.9342],[89.0167,21.9333]],[[89.0125,21.9375],[89.0045,21.9408],[89.005,21.9382],[89.0125,21.9375]],[[89.0405,21.6254],[89.0369,21.622],[89.0417,21.6208],[89.0405,21.6254]],[[88.7493,22.0676],[88.75,22.075],[88.7458,22.0667],[88.7493,22.0676]],[[88.7546,22.0762],[88.7512,22.0797],[88.75,22.075],[88.7546,22.0762]],[[88.7155,22.0087],[88.7119,22.0054],[88.7167,22.0042],[88.7155,22.0087]],[[88.475,21.7958],[88.467,21.7991],[88.4675,21.7965],[88.475,21.7958]],[[88.353,21.6879],[88.3494,21.6845],[88.3542,21.6833],[88.353,21.6879]],[[88.1708,21.9167],[88.1741,21.9247],[88.1715,21.9242],[88.1708,21.9167]],[[80.9292,15.725],[80.925,15.7292],[80.9259,15.7259],[80.9292,15.725]],[[80.9238,15.7337],[80.9203,15.7304],[80.925,15.7292],[80.9238,15.7337]],[[73.4667,16.0458],[73.4637,16.0547],[73.4619,16.0471],[73.4667,16.0458]],[[73.2962,16.8928],[73.2929,16.8964],[73.2917,16.8917],[73.2962,16.8928]],[[72.9837,18.8595],[72.9804,18.8631],[72.9792,18.8583],[72.9837,18.8595]],[[72.9381,18.9572],[72.9464,18.9572],[72.9446,18.9628],[72.9381,18.9572]],[[72.6272,21.2256],[72.618,21.2298],[72.6167,21.225],[72.6272,21.2256]],[[72.7095,21.6496],[72.7131,21.653],[72.7083,21.6542],[72.7095,21.6496]],[[72.3785,22.2199],[72.375,22.2208],[72.3792,22.2125],[72.3785,22.2199]],[[72.3738,22.2254],[72.3703,22.222],[72.375,22.2208],[72.3738,22.2254]],[[71.7863,21.0379],[71.7828,21.0345],[71.7875,21.0333],[71.7863,21.0379]],[[71.5129,20.9137],[71.5095,20.9172],[71.5083,20.9125],[71.5129,20.9137]],[[70.4171,23.0345],[70.4137,23.0381],[70.4125,23.0333],[70.4171,23.0345]],[[70.3988,23.0337],[70.3953,23.0304],[70.4,23.0292],[70.3988,23.0337]],[[68.6387,23.1746],[68.6422,23.178],[68.6375,23.1792],[68.6387,23.1746]],[[68.6303,23.3246],[68.6339,23.328],[68.6292,23.3292],[68.6303,23.3246]],[[68.4917,23.4958],[68.4947,23.4869],[68.4964,23.4946],[68.4917,23.4958]],[[68.4522,23.584],[68.443,23.5881],[68.4417,23.5833],[68.4522,23.584]],[[68.2697,23.7046],[68.2661,23.7012],[68.2708,23.7],[68.2697,23.7046]],[[67.5546,23.9137],[67.5512,23.9172],[67.55,23.9125],[67.5546,23.9137]],[[67.5337,23.9262],[67.5304,23.9297],[67.5292,23.925],[67.5337,23.9262]],[[67.2759,24.5119],[67.284,24.5199],[67.275,24.5208],[67.2759,24.5119]],[[76.2417,29.6583],[76.2458,29.6625],[76.2425,29.6616],[76.2417,29.6583]],[[76.245,29.6384],[76.2288,29.6767],[76.2788,29.7059],[76.2833,29.7417],[76.2657,29.7245],[76.2049,29.7283],[76.1875,29.7125],[76.1866,29.6799],[76.1542,29.65],[76.0927,29.6923],[76.0958,29.7125],[76.0667,29.7208],[76.0703,29.753],[76.102,29.7828],[76.1294,29.7845],[76.1375,29.8208],[76.09,29.8121],[76.05,29.8917],[76.0285,29.8788],[76.0369,29.8563],[76.0167,29.825],[75.9841,29.8508],[75.9919,29.8696],[75.9712,29.9066],[76.0,29.9271],[76.0083,29.9708],[75.977,29.9702],[75.9724,29.9485],[75.9346,29.9334],[75.9125,29.9625],[75.9089,29.9471],[75.7978,29.9369],[75.7743,29.9161],[75.75,29.9542],[75.6926,29.934],[75.6755,29.9521],[75.7116,29.9909],[75.6299,29.9758],[75.6286,30.0064],[75.6041,30.039],[75.6125,30.0667],[75.4542,29.9917],[75.4333,29.9979],[75.442,30.0142],[75.416,30.0658],[75.3896,30.0583],[75.3771,30.0708],[75.3284,30.0578],[75.3156,30.0714],[75.2688,30.0255],[75.2408,30.0619],[75.2034,30.0672],[75.1674,30.0453],[75.1257,30.0631],[75.0493,30.0286],[75.0137,30.0422],[75.0022,30.0297],[74.8868,30.0286],[74.822,30.0506],[74.8083,30.0375],[74.7875,30.0667],[74.742,30.0441],[74.7116,29.9717],[74.6801,29.966],[74.6417,29.925],[74.6042,29.9125],[74.5839,29.9217],[74.575,29.9708],[74.5792,30.0625],[74.5487,30.0416],[74.5271,30.0577],[74.52,30.0372],[74.4997,30.0465],[74.4907,30.0082],[74.3937,30.0327],[74.3473,30.0244],[74.35,30.05],[74.2458,30.0333],[74.2417,30.0667],[74.2159,30.0672],[74.1604,30.0338],[74.1284,30.0381],[74.1075,30.0133],[74.0466,29.9992],[74.0365,29.9757],[73.9885,29.9659],[73.975,29.9458],[73.9409,29.9494],[73.9083,29.975],[73.8992,29.9508],[73.8625,29.9333],[73.85,29.9792],[73.8,29.9917],[73.7512,29.9797],[73.7224,29.9672],[73.7115,29.9382],[73.6706,29.9366],[73.6708,29.8625],[73.6548,29.8675],[73.6417,29.9167],[73.6506,29.9382],[73.6333,29.9667],[73.6583,30.0125],[73.5767,30.008],[73.5479,29.9838],[73.4875,29.9708],[73.4576,29.9839],[73.3926,29.941],[73.3705,29.903],[73.3741,29.88],[73.325,29.9042],[73.2792,29.8958],[73.2875,29.8167],[73.23,29.8384],[73.2256,29.8738],[73.2011,29.8794],[73.1792,29.8542],[73.1472,29.8673],[73.137,29.8535],[73.0854,29.862],[72.9171,29.7827],[72.8925,29.7965],[72.8771,29.7839],[72.8534,29.8159],[72.8292,29.8208],[72.8368,29.7676],[72.8078,29.7427],[72.8311,29.7172],[72.8699,29.7173],[72.9512,29.7631],[72.9667,29.7333],[72.9939,29.7369],[73.0167,29.7125],[73.0208,29.6847],[72.9868,29.6217],[72.9313,29.5881],[72.9055,29.5827],[72.862,29.6173],[72.8355,29.5797],[72.7616,29.5466],[72.7387,29.5506],[72.673,29.5006],[72.6326,29.5047],[72.6076,29.4869],[72.5387,29.5422],[72.4979,29.4958],[72.45,29.5],[72.4115,29.5618],[72.3625,29.5708],[72.1669,29.5032],[72.173,29.4673],[72.1493,29.4839],[72.0383,29.4701],[72.0167,29.4238],[72.0244,29.4063],[71.9833,29.3958],[71.9839,29.3801],[72.0134,29.3507],[72.0656,29.3493],[72.0961,29.3259],[72.0646,29.313],[72.0326,29.3297],[71.9625,29.3167],[71.9417,29.275],[71.9714,29.2717],[71.9587,29.2095],[71.9258,29.2048],[71.8912,29.2381],[71.8757,29.2325],[71.8833,29.1583],[71.5792,29.0917],[71.5918,29.0571],[71.5826,29.0302],[71.5284,28.9633],[71.4938,28.9661],[71.4676,28.9577],[71.4618,28.9383],[71.4468,28.9464],[71.4172,28.9314],[71.4699,28.9128],[71.4787,28.8952],[71.4958,28.9083],[71.5256,28.8837],[71.5042,28.8667],[71.4292,28.8792],[71.4833,28.825],[71.3952,28.8465],[71.3209,28.7778],[71.3583,28.7667],[71.3812,28.7255],[71.4032,28.7301],[71.4093,28.7503],[71.4575,28.7451],[71.4673,28.7296],[71.4576,28.7052],[71.4259,28.6872],[71.424,28.7006],[71.3962,28.695],[71.3135,28.6367],[71.3087,28.6101],[71.3375,28.5292],[71.2667,28.5292],[71.2532,28.5422],[71.2375,28.525],[71.2083,28.5333],[71.1528,28.5162],[71.1372,28.5175],[71.1367,28.541],[71.1059,28.5413],[71.0108,28.4837],[70.9988,28.5],[70.9759,28.4952],[70.9742,28.5118],[70.9228,28.5036],[70.8715,28.4782],[70.8452,28.4337],[70.8514,28.4202],[70.8782,28.4242],[70.8965,28.392],[70.8883,28.3674],[70.9117,28.3659],[70.9083,28.35],[70.8062,28.3417],[70.7525,28.3545],[70.7017,28.3371],[70.6708,28.2958],[70.6157,28.3089],[70.5625,28.2958],[70.4759,28.2408],[70.4576,28.205],[70.3963,28.1785],[70.2804,28.1797],[70.2291,28.1571],[70.2264,28.1327],[70.1896,28.1661],[70.1479,28.1619],[70.1441,28.142],[70.1125,28.1375],[70.1209,28.1224],[70.1039,28.0929],[70.1241,28.1005],[70.1333,28.0891],[70.1135,28.0713],[70.1614,28.0744],[70.1833,28.05],[70.225,28.0667],[70.2417,28.0542],[70.2125,28.0292],[70.2647,28.0328],[70.3044,28.003],[70.3083,27.9667],[70.2032,27.9341],[70.1824,27.9503],[70.1402,27.9167],[70.0509,27.916],[70.0364,27.8956],[69.9812,27.8838],[69.95,27.8875],[69.9576,27.9117],[69.8895,27.9161],[69.8369,27.8676],[69.7424,27.8325],[69.6964,27.7772],[69.7059,27.7337],[69.7458,27.7292],[69.7175,27.7169],[69.6924,27.6674],[69.7506,27.6533],[69.7491,27.6419],[69.7049,27.6326],[69.7,27.6167],[69.6429,27.6297],[69.6202,27.5967],[69.576,27.5869],[69.5491,27.5507],[69.4855,27.5297],[69.4458,27.5333],[69.4466,27.4883],[69.4756,27.4864],[69.4742,27.476],[69.391,27.4653],[69.4025,27.4246],[69.4625,27.3958],[69.4491,27.367],[69.3938,27.3672],[69.3466,27.3965],[69.325,27.3625],[69.349,27.3535],[69.3717,27.3134],[69.4118,27.2991],[69.4214,27.2757],[69.4074,27.2466],[69.3824,27.2289],[69.3187,27.2256],[69.2646,27.2453],[69.2384,27.2206],[69.2747,27.2298],[69.3479,27.1796],[69.4116,27.1827],[69.4039,27.1511],[69.4176,27.1382],[69.4458,27.1375],[69.4889,27.0994],[69.5292,27.0875],[69.5024,27.0629],[69.467,27.0566],[69.442,27.0233],[69.4375,26.9792],[69.4042,26.9792],[69.384,26.9616],[69.3364,26.8456],[69.2826,26.8506],[69.2426,26.8201],[69.2333,26.775],[69.245,26.7592],[69.2208,26.7333],[69.2256,26.7009],[69.266,26.7056],[69.2675,26.7252],[69.2939,26.7037],[69.326,26.7496],[69.3583,26.7625],[69.3083,26.6625],[69.3267,26.6337],[69.3458,26.6333],[69.3534,26.6078],[69.3991,26.6964],[69.4533,26.6866],[69.3953,26.6093],[69.4297,26.578],[69.4167,26.5583],[69.4292,26.5208],[69.4533,26.5244],[69.4646,26.5088],[69.5208,26.525],[69.5132,26.4716],[69.5793,26.4612],[69.584,26.3593],[69.6208,26.35],[69.5953,26.2993],[69.6006,26.2717],[69.6326,26.3092],[69.65,26.3625],[69.675,26.3542],[69.6833,26.3333],[69.6536,26.2714],[69.6836,26.2698],[69.6588,26.1979],[69.6578,26.1145],[69.6105,26.0506],[69.5593,26.0282],[69.559,25.9549],[69.5993,25.9551],[69.6224,25.9958],[69.6343,25.9869],[69.666,26.0092],[69.6759,26.0741],[69.7328,26.127],[69.7417,26.1583],[69.7669,26.1574],[69.7788,26.1142],[69.7458,26.0604],[69.7455,26.0142],[69.7087,25.9142],[69.7424,25.8619],[69.8015,25.9291],[69.8503,25.9324],[69.8532,25.9093],[69.8258,25.8909],[69.7755,25.7854],[69.7804,25.7703],[69.824,25.7964],[69.8464,25.7841],[69.8446,25.7418],[69.8004,25.7275],[69.7879,25.6517],[69.8364,25.6497],[69.8833,25.6917],[69.8625,25.65],[69.9167,25.6542],[69.9082,25.6346],[69.9202,25.6271],[69.9158,25.6132],[69.8716,25.6118],[69.8924,25.5341],[69.9146,25.541],[69.9263,25.5036],[69.9542,25.5042],[69.901,25.4621],[69.9075,25.4467],[69.8828,25.4238],[69.8756,25.377],[69.8846,25.3623],[69.9187,25.3672],[69.9574,25.4046],[69.9632,25.391],[70.0417,25.425],[70.0158,25.3715],[69.9801,25.3618],[69.983,25.2976],[69.9593,25.2839],[69.9824,25.2661],[70.0157,25.2797],[70.1544,25.2533],[70.1292,25.175],[70.0917,25.1875],[70.0119,25.1174],[70.0576,25.1158],[70.0591,25.1008],[70.1083,25.1],[70.1421,25.0784],[70.0577,24.9412],[70.07,24.8253],[70.0292,24.8125],[70.0325,24.7842],[69.9917,24.7792],[69.9714,24.7354],[69.9881,24.7198],[69.9917,24.6792],[70.0323,24.6785],[70.0423,24.6631],[70.016,24.6533],[70.0174,24.6342],[70.0417,24.6208],[70.0553,24.5831],[70.1151,24.6],[70.1342,24.5756],[70.1533,24.5759],[70.1798,24.6408],[70.2047,24.655],[70.1828,24.6696],[70.2032,24.6842],[70.2042,24.7167],[70.2295,24.7119],[70.2554,24.7293],[70.2738,24.7167],[70.3034,24.7341],[70.2917,24.7875],[70.3275,24.783],[70.3604,24.7465],[70.4158,24.7298],[70.4375,24.7625],[70.4458,24.8667],[70.5205,24.9642],[70.525,25.0125],[70.5729,25.012],[70.6072,24.9872],[70.6159,25.0006],[70.6583,24.9958],[70.6625,25.0417],[70.7625,25.0333],[70.7798,25.0462],[70.7777,25.0798],[70.7991,25.0702],[70.8745,25.0923],[70.8929,25.0744],[70.9167,25.0875],[70.9336,25.0761],[70.9089,25.177],[70.9172,25.2051],[70.9032,25.2243],[70.8458,25.2333],[70.8254,25.29],[70.9208,25.3],[70.913,25.3354],[70.9292,25.4125],[70.9701,25.4174],[70.9875,25.4708],[71.0233,25.458],[71.05,25.4792],[71.0688,25.4588],[71.1324,25.4715],[71.2083,25.5542],[71.2483,25.558],[71.2637,25.5453],[71.2951,25.5631],[71.3647,25.5672],[71.3938,25.6042],[71.4051,25.5882],[71.4628,25.5843],[71.4632,25.6617],[71.5042,25.6542],[71.523,25.666],[71.5534,25.6508],[71.5592,25.6868],[71.5744,25.6936],[71.5661,25.7533],[71.5466,25.7634],[71.5458,25.8208],[71.5833,25.9],[71.7125,25.8667],[71.7339,25.9034],[71.7161,25.9201],[71.7381,25.9366],[71.7334,25.9693],[71.7826,26.0174],[71.7952,26.0687],[71.7801,26.0907],[71.8125,26.0917],[71.8084,26.0471],[71.8408,26.0461],[71.8687,25.9923],[71.9577,26.0258],[71.9826,26.0509],[71.9967,26.1285],[72.0608,26.1295],[72.0924,26.2116],[72.1208,26.2208],[72.15,26.2],[72.2625,26.2042],[72.2292,26.3625],[72.3089,26.3655],[72.2881,26.3491],[72.3053,26.3247],[72.4121,26.3593],[72.4417,26.3917],[72.4339,26.4573],[72.4661,26.4634],[72.4667,26.4917],[72.4851,26.4955],[72.4965,26.4384],[72.5368,26.4283],[72.5425,26.4092],[72.6074,26.409],[72.6176,26.4454],[72.6409,26.4552],[72.6465,26.495],[72.6208,26.5],[72.6294,26.5572],[72.6167,26.575],[72.6688,26.5464],[72.6825,26.5531],[72.7167,26.4958],[72.7493,26.4744],[72.7868,26.4927],[72.7883,26.5076],[72.8283,26.4925],[72.8667,26.5542],[72.8896,26.538],[72.9208,26.5458],[72.93,26.5009],[72.9842,26.4548],[73.0125,26.45],[73.0509,26.4952],[73.1125,26.4958],[73.15,26.4083],[73.1699,26.409],[73.2301,26.4951],[73.2774,26.5045],[73.3184,26.5538],[73.4451,26.605],[73.4458,26.6417],[73.5034,26.6492],[73.5226,26.6087],[73.5708,26.6],[73.5925,26.6491],[73.6274,26.6337],[73.6708,26.6625],[73.6757,26.6825],[73.7449,26.7216],[73.75,26.7583],[73.8708,26.7375],[74.0,26.775],[74.0375,26.7583],[74.0758,26.8074],[74.1147,26.8089],[74.3012,26.9089],[74.352,26.8714],[74.3917,26.8625],[74.5595,26.9589],[74.5978,26.9256],[74.6858,26.8962],[74.7048,26.949],[74.7244,26.9603],[74.7629,27.0399],[74.8038,27.0725],[74.8384,27.1493],[74.8814,27.1547],[75.002,27.2119],[75.0625,27.2125],[75.0837,27.2475],[75.0577,27.3466],[75.1101,27.3871],[75.1708,27.3958],[75.2133,27.5242],[75.2747,27.4952],[75.3333,27.4958],[75.3912,27.5215],[75.4575,27.5174],[75.5063,27.537],[75.6458,27.5375],[75.6172,27.6311],[75.6267,27.683],[75.6645,27.6339],[75.7533,27.6588],[75.7667,27.625],[75.823,27.6256],[75.8618,27.6467],[75.8549,27.6783],[75.8677,27.6662],[75.9036,27.6936],[75.9174,27.7532],[76.0108,27.7712],[76.0868,27.8467],[76.1292,27.9583],[76.1163,27.9934],[76.1375,28.0417],[76.1161,28.0677],[76.1506,28.1116],[76.1718,28.1327],[76.2833,28.1583],[76.3355,28.1006],[76.3869,28.1677],[76.3712,28.1892],[76.3754,28.2191],[76.4382,28.3241],[76.4886,28.3419],[76.5216,28.3286],[76.5583,28.3958],[76.5455,28.4012],[76.5631,28.4301],[76.5626,28.5171],[76.5797,28.5211],[76.5583,28.5375],[76.5379,28.5976],[76.5504,28.6892],[76.4921,28.7729],[76.542,28.865],[76.5379,28.9025],[76.5871,28.9267],[76.5962,28.9608],[76.6246,28.9725],[76.6535,29.0283],[76.6113,28.9833],[76.5961,28.9866],[76.5825,28.9464],[76.5458,28.9125],[76.4917,28.939],[76.5006,28.9549],[76.4866,28.9952],[76.4554,28.9911],[76.4042,29.0333],[76.3552,29.034],[76.3417,29.0208],[76.3212,29.035],[76.3007,29.1366],[76.375,29.2208],[76.3833,29.2542],[76.359,29.2635],[76.375,29.3083],[76.3417,29.3125],[76.325,29.3667],[76.3299,29.3867],[76.3492,29.3883],[76.3467,29.4283],[76.3917,29.5187],[76.3604,29.5285],[76.3095,29.491],[76.3171,29.5116],[76.2583,29.5292],[76.2632,29.5659],[76.2833,29.5792],[76.2697,29.6003],[76.2417,29.5833],[76.184,29.5927],[76.1792,29.6083],[76.2128,29.6094],[76.205,29.6326],[76.245,29.6384]],[[67.3462,24.6512],[67.3429,24.6547],[67.3417,24.65],[67.3462,24.6512]],[[67.3417,24.65],[67.3375,24.6417],[67.3417,24.6417],[67.3417,24.65]],[[67.4394,24.6453],[67.4328,24.6388],[67.4458,24.6458],[67.4394,24.6453]],[[67.4458,24.6458],[67.4491,24.6538],[67.4465,24.6533],[67.4458,24.6458]],[[67.2046,24.722],[67.2012,24.7256],[67.2,24.7208],[67.2046,24.722]],[[67.1954,24.7197],[67.1988,24.7161],[67.2,24.7208],[67.1954,24.7197]],[[67.3458,24.7583],[67.3542,24.775],[67.3333,24.7625],[67.3458,24.7583]],[[67.3458,24.7583],[67.3488,24.7494],[67.3506,24.7571],[67.3458,24.7583]],[[67.3465,24.4824],[67.3458,24.475],[67.35,24.4833],[67.3465,24.4824]],[[67.3413,24.4738],[67.3446,24.4703],[67.3458,24.475],[67.3413,24.4738]],[[67.3506,24.4906],[67.3589,24.4905],[67.3571,24.4962],[67.3506,24.4906]],[[67.3322,24.4879],[67.3286,24.4845],[67.3333,24.4833],[67.3322,24.4879]],[[67.3345,24.4788],[67.3381,24.4821],[67.3333,24.4833],[67.3345,24.4788]],[[67.3637,24.3579],[67.3672,24.3613],[67.3625,24.3625],[67.3637,24.3579]],[[67.3613,24.3671],[67.3578,24.3637],[67.3625,24.3625],[67.3613,24.3671]],[[67.8704,24.0697],[67.8738,24.0661],[67.875,24.0708],[67.8704,24.0697]],[[67.8743,24.0783],[67.8908,24.0785],[67.8667,24.0833],[67.8743,24.0783]],[[68.4799,23.9956],[68.4854,23.9955],[68.4827,24.0],[68.4799,23.9956]],[[68.4827,24.0],[68.5042,23.9833],[68.5,24.0083],[68.4686,24.0078],[68.4387,23.9909],[68.4605,24.0],[68.4827,24.0]],[[67.7282,23.8867],[67.726,23.8737],[67.7324,23.8758],[67.7282,23.8867]],[[67.7206,23.8879],[67.7178,23.8964],[67.7155,23.8956],[67.7206,23.8879]],[[68.3708,23.8042],[68.3723,23.7999],[68.3756,23.803],[68.3708,23.8042]],[[68.3696,23.8088],[68.3641,23.8077],[68.3708,23.8042],[68.3696,23.8088]],[[90.5204,22.8905],[90.5238,22.8869],[90.525,22.8917],[90.5204,22.8905]],[[90.5625,22.8917],[90.5538,22.9006],[90.525,22.8917],[90.5625,22.8917]],[[90.5637,22.8871],[90.5672,22.8905],[90.5625,22.8917],[90.5637,22.8871]],[[90.5101,22.883],[90.4962,22.8691],[90.4958,22.8583],[90.5121,22.8725],[90.5101,22.883]],[[90.4958,22.8583],[90.4917,22.8542],[90.495,22.855],[90.4958,22.8583]],[[90.4917,22.8542],[90.4875,22.85],[90.4908,22.8509],[90.4917,22.8542]],[[90.484,22.8491],[90.4833,22.8417],[90.4875,22.85],[90.484,22.8491]],[[90.4833,22.8417],[90.4801,22.8337],[90.4827,22.8342],[90.4833,22.8417]],[[90.5171,22.8845],[90.5137,22.8881],[90.5125,22.8833],[90.5171,22.8845]],[[90.5583,22.7958],[90.5333,22.7917],[90.5387,22.7788],[90.5583,22.7958]],[[90.5322,22.7962],[90.5286,22.7929],[90.5333,22.7917],[90.5322,22.7962]],[[90.5629,22.797],[90.5595,22.8006],[90.5583,22.7958],[90.5629,22.797]],[[72.374,22.2618],[72.375,22.2417],[72.3785,22.2426],[72.374,22.2618]],[[72.3704,22.2405],[72.3738,22.2369],[72.375,22.2417],[72.3704,22.2405]],[[72.3667,22.2625],[72.3587,22.2658],[72.3592,22.2632],[72.3667,22.2625]],[[72.0928,21.2788],[72.0964,21.2821],[72.0917,21.2833],[72.0928,21.2788]],[[72.0905,21.2879],[72.0869,21.2845],[72.0917,21.2833],[72.0905,21.2879]],[[70.9655,20.7421],[70.9619,20.7387],[70.9667,20.7375],[70.9655,20.7421]],[[70.9667,20.7375],[70.9817,20.7259],[70.9908,20.7461],[70.9667,20.7375]],[[72.972,18.9496],[72.9756,18.953],[72.9708,18.9542],[72.972,18.9496]],[[72.9708,18.9542],[72.9588,18.9575],[72.9591,18.9549],[72.9708,18.9542]],[[82.2746,16.5655],[82.278,16.5619],[82.2792,16.5667],[82.2746,16.5655]],[[82.2792,16.5667],[82.2881,16.5697],[82.2804,16.5714],[82.2792,16.5667]],[[80.0829,13.6572],[80.0863,13.6536],[80.0875,13.6583],[80.0829,13.6572]],[[80.0921,13.6595],[80.0887,13.6631],[80.0875,13.6583],[80.0921,13.6595]],[[79.2917,13.6042],[79.2887,13.6089],[79.2875,13.6042],[79.2917,13.6042]],[[79.2955,13.6149],[79.302,13.5881],[79.3284,13.5924],[79.2875,13.6292],[79.2955,13.6149]],[[79.6875,10.3208],[79.6794,10.3189],[79.6875,10.3134],[79.6875,10.3208]],[[79.6921,10.322],[79.6887,10.3256],[79.6875,10.3208],[79.6921,10.322]],[[79.7803,10.2829],[79.7839,10.2863],[79.7792,10.2875],[79.7803,10.2829]],[[79.778,10.2921],[79.7744,10.2887],[79.7792,10.2875],[79.778,10.2921]],[[80.9708,15.7875],[80.975,15.7833],[80.9741,15.7866],[80.9708,15.7875]],[[80.9762,15.7788],[80.9797,15.7821],[80.975,15.7833],[80.9762,15.7788]],[[80.9697,15.7921],[80.9661,15.7887],[80.9708,15.7875],[80.9697,15.7921]],[[80.9928,15.7663],[80.9964,15.7696],[80.9917,15.7708],[80.9928,15.7663]],[[80.9905,15.7754],[80.9869,15.772],[80.9917,15.7708],[80.9905,15.7754]],[[88.4,21.8792],[88.3958,21.875],[88.3991,21.8759],[88.4,21.8792]],[[88.4046,21.8803],[88.4012,21.8839],[88.4,21.8792],[88.4046,21.8803]],[[88.3375,21.7042],[88.3417,21.7],[88.3408,21.7033],[88.3375,21.7042]],[[88.3428,21.6954],[88.3464,21.6988],[88.3417,21.7],[88.3428,21.6954]],[[88.3363,21.7087],[88.3328,21.7054],[88.3375,21.7042],[88.3363,21.7087]],[[88.9012,22.1496],[88.9047,22.153],[88.9,22.1542],[88.9012,22.1496]],[[88.8988,22.1587],[88.8953,22.1554],[88.9,22.1542],[88.8988,22.1587]],[[88.9204,22.0947],[88.9238,22.0911],[88.925,22.0958],[88.9204,22.0947]],[[88.925,22.0958],[88.9284,22.112],[88.9257,22.1118],[88.925,22.0958]],[[88.9019,22.0786],[88.8912,22.0635],[88.9042,22.0542],[88.8996,22.0684],[88.9019,22.0786]],[[88.9048,22.0395],[88.909,22.0527],[88.9042,22.0542],[88.9048,22.0395]],[[88.9087,22.0803],[88.9054,22.0839],[88.9042,22.0792],[88.9087,22.0803]],[[89.0833,22.1542],[89.0792,22.15],[89.0825,22.1509],[89.0833,22.1542]],[[89.0746,22.1488],[89.078,22.1453],[89.0792,22.15],[89.0746,22.1488]],[[89.0879,22.1553],[89.0845,22.1589],[89.0833,22.1542],[89.0879,22.1553]],[[89.0913,22.1447],[89.0946,22.1411],[89.0958,22.1458],[89.0913,22.1447]],[[89.1004,22.147],[89.097,22.1506],[89.0958,22.1458],[89.1004,22.147]],[[89.2167,22.0958],[89.2292,22.0833],[89.225,22.1],[89.2167,22.0958]],[[89.2155,22.1004],[89.2119,22.097],[89.2167,22.0958],[89.2155,22.1004]],[[89.4667,22.1417],[89.4634,22.1337],[89.466,22.1342],[89.4667,22.1417]],[[89.4667,22.1417],[89.4756,22.1447],[89.4679,22.1464],[89.4667,22.1417]],[[89.4345,21.9454],[89.4381,21.9488],[89.4333,21.95],[89.4345,21.9454]],[[89.4322,21.9546],[89.4286,21.9512],[89.4333,21.95],[89.4322,21.9546]],[[89.45,21.9417],[89.458,21.9384],[89.4575,21.941],[89.45,21.9417]],[[89.45,21.9417],[89.442,21.9449],[89.4425,21.9423],[89.45,21.9417]],[[89.7176,21.8965],[89.725,21.8958],[89.7167,21.9],[89.7176,21.8965]],[[89.7262,21.8913],[89.7282,21.8932],[89.725,21.8958],[89.7262,21.8913]],[[89.7155,21.9046],[89.7119,21.9012],[89.7167,21.9],[89.7155,21.9046]],[[90.5996,22.4655],[90.603,22.4619],[90.6042,22.4667],[90.5996,22.4655]],[[90.6087,22.4678],[90.6054,22.4714],[90.6042,22.4667],[90.6087,22.4678]],[[90.5913,22.453],[90.5946,22.4494],[90.5958,22.4542],[90.5913,22.453]],[[90.6004,22.4553],[90.597,22.4589],[90.5958,22.4542],[90.6004,22.4553]],[[93.0833,20.3875],[93.0895,20.3785],[93.0965,20.3818],[93.0833,20.3875]],[[93.0822,20.3921],[93.0786,20.3887],[93.0833,20.3875],[93.0822,20.3921]],[[93.5079,19.9905],[93.5113,19.9869],[93.5125,19.9917],[93.5079,19.9905]],[[93.5171,19.9928],[93.5137,19.9964],[93.5125,19.9917],[93.5171,19.9928]],[[93.7038,19.9113],[93.7071,19.9078],[93.7083,19.9125],[93.7038,19.9113]],[[93.7129,19.9137],[93.7095,19.9172],[93.7083,19.9125],[93.7129,19.9137]],[[93.8042,19.4958],[93.8,19.5],[93.8009,19.4967],[93.8042,19.4958]],[[93.7988,19.5046],[93.7953,19.5012],[93.8,19.5],[93.7988,19.5046]],[[93.8053,19.4913],[93.8089,19.4946],[93.8042,19.4958],[93.8053,19.4913]],[[93.9167,19.2],[93.9208,19.1958],[93.92,19.1991],[93.9167,19.2]],[[93.9208,19.1958],[93.9278,19.1786],[93.9324,19.2003],[93.9208,19.1958]],[[93.9167,19.2],[93.9087,19.2033],[93.9092,19.2007],[93.9167,19.2]],[[93.934,19.1551],[93.9375,19.1542],[93.9333,19.1625],[93.934,19.1551]],[[93.9387,19.1496],[93.9422,19.153],[93.9375,19.1542],[93.9387,19.1496]],[[93.9333,19.1625],[93.9303,19.1714],[93.9286,19.1638],[93.9333,19.1625]],[[67.3778,24.6042],[67.3615,24.6244],[67.3289,24.6197],[67.3778,24.6042]],[[67.333,24.635],[67.3051,24.6369],[67.3042,24.6333],[67.3229,24.625],[67.333,24.635]],[[67.3741,24.6328],[67.4176,24.6422],[67.4296,24.6387],[67.4104,24.6538],[67.3583,24.6458],[67.3741,24.6328]],[[67.3111,24.6417],[67.311,24.6461],[67.3079,24.6433],[67.3111,24.6417]],[[67.4287,24.6558],[67.433,24.6562],[67.4318,24.6586],[67.4287,24.6558]],[[67.3496,24.6646],[67.3454,24.6641],[67.3486,24.6625],[67.3496,24.6646]],[[67.3319,24.6667],[67.3318,24.6711],[67.3287,24.6683],[67.3319,24.6667]],[[67.3407,24.6839],[67.3327,24.6759],[67.3403,24.675],[67.3407,24.6839]],[[67.208,24.6812],[67.2037,24.6808],[67.2069,24.6792],[67.208,24.6812]],[[67.3871,24.6896],[67.3829,24.6891],[67.3861,24.6875],[67.3871,24.6896]],[[67.3954,24.6933],[67.3996,24.6937],[67.3985,24.6961],[67.3954,24.6933]],[[67.4163,24.7021],[67.412,24.7016],[67.4153,24.7],[67.4163,24.7021]],[[67.2339,24.7174],[67.2286,24.7151],[67.2319,24.7125],[67.2339,24.7174]],[[67.2245,24.7266],[67.2288,24.7271],[67.2277,24.7294],[67.2245,24.7266]],[[67.2163,24.7229],[67.212,24.7225],[67.2153,24.7208],[67.2163,24.7229]],[[67.2783,24.7592],[67.2759,24.7616],[67.275,24.7583],[67.2783,24.7592]],[[67.325,24.7625],[67.2914,24.7824],[67.2833,24.7667],[67.2983,24.7754],[67.325,24.7625]],[[67.4042,24.775],[67.4083,24.775],[67.4054,24.7797],[67.4042,24.775]],[[67.4,24.775],[67.3958,24.7708],[67.3991,24.7717],[67.4,24.775]],[[67.3667,24.775],[67.3625,24.775],[67.3655,24.7703],[67.3667,24.775]],[[66.97,24.8241],[66.9675,24.8217],[66.9708,24.8208],[66.97,24.8241]],[[66.9466,24.8631],[66.9305,24.8416],[66.9667,24.8292],[66.9658,24.8575],[66.9466,24.8631]],[[69.5493,25.6381],[69.5375,25.6333],[69.5208,25.5958],[69.5491,25.591],[69.5493,25.6381]],[[67.4035,24.4843],[67.4119,24.4854],[67.4054,24.4923],[67.4035,24.4843]],[[67.3777,24.4711],[67.3778,24.4667],[67.3788,24.4687],[67.3777,24.4711]],[[67.3568,24.4628],[67.3569,24.4583],[67.358,24.4604],[67.3568,24.4628]],[[67.3496,24.4562],[67.3454,24.4558],[67.3486,24.4542],[67.3496,24.4562]],[[67.3322,24.4539],[67.3274,24.4621],[67.3208,24.4625],[67.3322,24.4539]],[[67.362,24.385],[67.3663,24.3854],[67.3652,24.3878],[67.362,24.385]],[[67.5,24.3375],[67.5167,24.3417],[67.5159,24.3448],[67.5118,24.3464],[67.5,24.3375]],[[67.5208,24.3375],[67.5238,24.3328],[67.525,24.3375],[67.5208,24.3375]],[[67.4892,24.3288],[67.4845,24.3206],[67.4917,24.3292],[67.4892,24.3288]],[[67.475,24.325],[67.4708,24.325],[67.4738,24.3203],[67.475,24.325]],[[67.445,24.3217],[67.4425,24.3241],[67.4417,24.3208],[67.445,24.3217]],[[67.4217,24.2134],[67.425,24.2167],[67.4208,24.2167],[67.4217,24.2134]],[[67.4074,24.1298],[67.4111,24.125],[67.4122,24.1279],[67.4074,24.1298]],[[67.3955,24.1271],[67.3912,24.1266],[67.3944,24.125],[67.3955,24.1271]],[[67.8509,24.0884],[67.8542,24.0917],[67.85,24.0917],[67.8509,24.0884]],[[67.8583,24.0875],[67.8625,24.0833],[67.8616,24.0866],[67.8583,24.0875]],[[67.5783,24.0786],[67.5458,24.075],[67.5792,24.075],[67.5783,24.0786]],[[67.8193,24.0753],[67.8194,24.0708],[67.8205,24.0729],[67.8193,24.0753]],[[67.6494,24.0634],[67.6465,24.0741],[67.6458,24.0625],[67.6494,24.0634]],[[67.5233,24.0629],[67.5267,24.0705],[67.5208,24.0625],[67.5233,24.0629]],[[67.4705,24.0604],[67.4662,24.06],[67.4694,24.0583],[67.4705,24.0604]],[[67.9256,24.0562],[67.9548,24.0005],[67.9389,23.9827],[67.9541,23.9887],[67.9633,24.0117],[67.9958,24.0208],[67.9476,24.0212],[67.9256,24.0562]],[[68.0092,24.0134],[68.0116,24.0158],[68.0083,24.0167],[68.0092,24.0134]],[[68.0212,24.0101],[68.0295,24.0017],[68.0208,23.975],[68.0339,24.0009],[68.0212,24.0101]],[[68.4735,23.9958],[68.4765,23.9992],[68.4645,23.9961],[68.4735,23.9958]],[[68.3662,23.9912],[68.3562,23.9869],[68.3491,23.9807],[68.3587,23.9804],[68.3662,23.9912]],[[68.5089,23.978],[68.5007,23.9509],[68.5125,23.9458],[68.5089,23.978]],[[68.5454,23.9683],[68.5496,23.9687],[68.5485,23.9711],[68.5454,23.9683]],[[68.5319,23.9501],[68.5318,23.9503],[68.5318,23.9503],[68.5319,23.9501]],[[68.5208,23.9458],[68.5202,23.9199],[68.5124,23.9063],[68.5285,23.9176],[68.5208,23.9458]],[[68.5773,23.9085],[68.608,23.9186],[68.6102,23.9216],[68.6021,23.9281],[68.5773,23.9085]],[[68.5022,23.9006],[68.4884,23.8991],[68.4875,23.8958],[68.5022,23.9006]],[[68.6319,23.9],[68.6326,23.9012],[68.6287,23.9016],[68.6319,23.9]],[[68.5896,23.892],[68.5796,23.8873],[68.5979,23.896],[68.5896,23.892]],[[68.4833,23.8875],[68.4742,23.8591],[68.4438,23.8464],[68.4844,23.8538],[68.4833,23.8875]],[[68.5412,23.8433],[68.5022,23.8327],[68.5397,23.834],[68.5735,23.8844],[68.5412,23.8433]],[[68.4585,23.8204],[68.4983,23.8337],[68.4844,23.8326],[68.4585,23.8204]],[[68.3464,23.8259],[68.3408,23.8342],[68.3444,23.8215],[68.3464,23.8259]],[[68.3441,23.842],[68.35,23.8542],[68.3437,23.842],[68.3441,23.842]],[[68.438,23.8458],[68.4437,23.8464],[68.4334,23.8485],[68.438,23.8458]],[[68.35,23.8833],[68.35,23.8583],[68.3547,23.8821],[68.35,23.8833]],[[68.35,23.8904],[68.3497,23.8876],[68.35,23.8875],[68.35,23.8904]],[[68.3551,23.9072],[68.3792,23.9085],[68.3874,23.9128],[68.3601,23.9121],[68.3551,23.9072]],[[68.3947,23.9133],[68.3936,23.9119],[68.3993,23.9141],[68.3947,23.9133]],[[68.4108,23.9171],[68.4107,23.917],[68.4108,23.917],[68.4108,23.9171]],[[68.425,23.9372],[68.4157,23.9219],[68.4246,23.9309],[68.425,23.9372]],[[68.4284,23.9427],[68.4282,23.9425],[68.4283,23.9425],[68.4284,23.9427]],[[68.3871,23.9729],[68.3829,23.9725],[68.3861,23.9708],[68.3871,23.9729]],[[68.4441,23.9764],[68.4455,23.9767],[68.4458,23.979],[68.4441,23.9764]],[[67.8746,24.0146],[67.8704,24.0141],[67.8736,24.0125],[67.8746,24.0146]],[[67.5125,24.0583],[67.4792,24.0333],[67.4803,24.0289],[67.4897,24.0339],[67.5125,24.0583]],[[67.4427,24.066],[67.4653,24.0666],[67.4616,24.0827],[67.4426,24.0788],[67.4427,24.066]],[[67.5884,24.0714],[67.6241,24.0744],[67.5875,24.075],[67.5884,24.0714]],[[67.6292,24.0708],[67.6333,24.0667],[67.6325,24.07],[67.6292,24.0708]],[[67.8967,24.0717],[67.9108,24.0705],[67.8958,24.075],[67.8967,24.0717]],[[67.7167,23.9791],[67.7167,23.9792],[67.7165,23.9791],[67.7167,23.9791]],[[67.4995,23.9725],[67.5038,23.9729],[67.5027,23.9753],[67.4995,23.9725]],[[67.6631,23.9398],[67.6677,23.942],[67.6637,23.9422],[67.6631,23.9398]],[[67.6782,23.9387],[67.6869,23.9349],[67.6814,23.9411],[67.6782,23.9387]],[[67.6985,23.9382],[67.6991,23.9384],[67.6996,23.9402],[67.6985,23.9382]],[[67.6507,23.9324],[67.6424,23.9368],[67.6414,23.9215],[67.6507,23.9324]],[[67.5413,23.9354],[67.537,23.935],[67.5403,23.9333],[67.5413,23.9354]],[[67.5579,23.9058],[67.5621,23.9062],[67.561,23.9086],[67.5579,23.9058]],[[67.6337,23.9004],[67.6286,23.8701],[67.632,23.8657],[67.6337,23.9004]],[[67.7053,23.8756],[67.7048,23.8734],[67.707,23.8738],[67.7053,23.8756]],[[67.7131,23.8654],[67.7089,23.8603],[67.7113,23.8578],[67.7131,23.8654]],[[68.0173,23.9616],[68.0202,23.9509],[68.0208,23.9625],[68.0173,23.9616]],[[68.0973,23.9623],[68.0899,23.922],[68.0725,23.9125],[68.0858,23.917],[68.0996,23.9309],[68.0973,23.9623]],[[68.066,23.9207],[68.0645,23.9203],[68.0626,23.9186],[68.066,23.9207]],[[67.9244,23.8484],[67.9297,23.8508],[67.9264,23.8548],[67.9244,23.8484]],[[67.9454,23.785],[67.9496,23.7854],[67.9485,23.7878],[67.9454,23.785]],[[68.0641,23.9086],[68.0649,23.9087],[68.0654,23.9092],[68.0641,23.9086]],[[68.0566,23.9045],[68.0577,23.9056],[68.0574,23.9055],[68.0566,23.9045]],[[68.3305,23.8102],[68.3274,23.8045],[68.335,23.8121],[68.3305,23.8102]],[[68.4442,23.8065],[68.4475,23.7659],[68.454,23.7755],[68.4442,23.8065]],[[68.4327,23.7756],[68.4285,23.777],[68.4207,23.7611],[68.4327,23.7756]],[[68.3382,23.7769],[68.329,23.7565],[68.3373,23.7441],[68.3327,23.7579],[68.3382,23.7769]],[[68.4167,23.747],[68.4167,23.747],[68.4167,23.7471],[68.4167,23.747]],[[68.3189,23.782],[68.332,23.7887],[68.3229,23.7994],[68.3189,23.782]],[[68.4787,23.7475],[68.483,23.7479],[68.4818,23.7503],[68.4787,23.7475]],[[68.7037,23.8558],[68.708,23.8562],[68.7068,23.8586],[68.7037,23.8558]],[[91.8418,23.4986],[91.8517,23.5063],[91.8514,23.4777],[91.9,23.5125],[91.8591,23.5326],[91.8418,23.4986]],[[68.5458,23.4042],[68.5574,23.4129],[68.5611,23.3994],[68.5621,23.4108],[68.5563,23.4167],[68.5458,23.4042]],[[68.6068,23.3711],[68.6069,23.3667],[68.608,23.3687],[68.6068,23.3711]],[[68.6547,23.2978],[68.6583,23.3],[68.6542,23.3],[68.6547,23.2978]],[[70.4616,23.0673],[70.4611,23.0583],[70.4742,23.0659],[70.4616,23.0673]],[[70.4409,23.0632],[70.4285,23.0509],[70.4499,23.0554],[70.4409,23.0632]],[[70.4454,23.0391],[70.4496,23.0396],[70.4485,23.0419],[70.4454,23.0391]],[[70.4854,23.0005],[70.4866,23.0009],[70.4869,23.0017],[70.4854,23.0005]],[[70.4605,22.9797],[70.4616,22.98],[70.4619,22.9808],[70.4605,22.9797]],[[70.4591,22.947],[70.4616,22.9491],[70.4583,22.95],[70.4591,22.947]],[[90.5735,22.8878],[90.5736,22.8833],[90.5746,22.8854],[90.5735,22.8878]],[[90.4547,22.8339],[90.4494,22.8316],[90.4528,22.8292],[90.4547,22.8339]],[[90.4569,22.7708],[90.4534,22.8157],[90.4467,22.8173],[90.4452,22.7915],[90.4569,22.7708]],[[90.5698,22.7994],[90.5868,22.8047],[90.6506,22.8005],[90.6299,22.8089],[90.577,22.8078],[90.5698,22.7994]],[[90.5246,22.7979],[90.5204,22.7975],[90.5236,22.7958],[90.5246,22.7979]],[[90.45,22.7583],[90.5087,22.71],[90.5081,22.5843],[90.5708,22.55],[90.5405,22.6001],[90.5289,22.5967],[90.5168,22.6359],[90.5323,22.6423],[90.5343,22.6287],[90.5743,22.655],[90.566,22.698],[90.5497,22.7033],[90.5616,22.6622],[90.5383,22.6867],[90.5366,22.6593],[90.5174,22.6508],[90.521,22.7054],[90.4871,22.7489],[90.45,22.7583]],[[90.5403,22.7125],[90.5421,22.7427],[90.53,22.7548],[90.5285,22.7248],[90.5403,22.7125]],[[90.5204,22.6766],[90.5246,22.6771],[90.5235,22.6794],[90.5204,22.6766]],[[90.5412,22.6141],[90.5455,22.6146],[90.5443,22.6169],[90.5412,22.6141]],[[90.562,22.6016],[90.5663,22.6021],[90.5652,22.6044],[90.562,22.6016]],[[90.0288,22.5184],[90.0215,22.5701],[90.0167,22.4958],[90.0288,22.5184]],[[90.3691,22.4955],[90.3726,22.4879],[90.375,22.4875],[90.3691,22.4955]],[[90.3577,22.4759],[90.3548,22.4949],[90.3542,22.475],[90.3577,22.4759]],[[89.5726,22.233],[89.5542,22.2125],[89.5871,22.2267],[89.5913,22.2767],[89.633,22.3351],[89.6246,22.3983],[89.5833,22.5083],[89.5881,22.4437],[89.6256,22.3547],[89.5786,22.263],[89.5867,22.2382],[89.5726,22.233]],[[89.5825,22.5158],[89.58,22.5134],[89.5833,22.5125],[89.5825,22.5158]],[[89.5667,22.5583],[89.5757,22.5217],[89.5792,22.5208],[89.5786,22.5355],[89.5667,22.5583]],[[89.4116,22.5259],[89.4092,22.5283],[89.4083,22.525],[89.4116,22.5259]],[[69.9403,22.5333],[69.9402,22.5378],[69.937,22.535],[69.9403,22.5333]],[[89.4125,22.5333],[89.4243,22.5384],[89.4256,22.551],[89.4157,22.5618],[89.4083,22.5625],[89.4214,22.5507],[89.4125,22.5333]],[[69.9747,22.5445],[69.966,22.5426],[69.9736,22.5417],[69.9747,22.5445]],[[89.5616,22.57],[89.5592,22.5675],[89.5625,22.5667],[89.5616,22.57]],[[90.4495,22.56],[90.4538,22.5604],[90.4527,22.5628],[90.4495,22.56]],[[90.0292,22.575],[90.0375,22.6083],[90.0167,22.6042],[90.0292,22.575]],[[89.5542,22.5792],[89.525,22.6125],[89.5295,22.6017],[89.5542,22.5792]],[[90.4819,22.5792],[90.4701,22.584],[90.466,22.58],[90.4819,22.5792]],[[90.0491,22.6175],[90.0467,22.62],[90.0458,22.6167],[90.0491,22.6175]],[[89.525,22.6208],[89.5216,22.6283],[89.5203,22.622],[89.525,22.6208]],[[90.0509,22.6283],[90.0533,22.6259],[90.0542,22.6292],[90.0509,22.6283]],[[90.0285,22.6342],[90.0257,22.6408],[90.025,22.6333],[90.0285,22.6342]],[[89.525,22.6417],[89.5292,22.6458],[89.5259,22.645],[89.525,22.6417]],[[89.5325,22.655],[89.53,22.6575],[89.5292,22.6542],[89.5325,22.655]],[[89.5333,22.7],[89.5333,22.6875],[89.5381,22.6988],[89.5333,22.7]],[[70.2528,22.7083],[70.2527,22.7128],[70.2495,22.71],[70.2528,22.7083]],[[89.53,22.7092],[89.5325,22.7116],[89.5292,22.7125],[89.53,22.7092]],[[90.4292,22.7458],[90.425,22.75],[90.4259,22.7467],[90.4292,22.7458]],[[90.4411,22.7605],[90.4375,22.7583],[90.4417,22.7583],[90.4411,22.7605]],[[87.9062,22.4312],[87.9083,22.4333],[87.9028,22.4333],[87.9062,22.4312]],[[87.8918,22.4327],[87.8976,22.4254],[87.9006,22.4253],[87.8918,22.4327]],[[87.9259,22.4092],[87.929,22.4101],[87.9255,22.4106],[87.9259,22.4092]],[[87.9379,22.3851],[87.9396,22.3956],[87.9393,22.3963],[87.9375,22.3958],[87.9379,22.3851]],[[89.1875,22.3875],[89.1917,22.3833],[89.1908,22.3866],[89.1875,22.3875]],[[72.3667,22.375],[72.3813,22.3792],[72.4125,22.3542],[72.3858,22.383],[72.3667,22.375]],[[89.2083,22.3667],[89.2125,22.3667],[89.2095,22.3714],[89.2083,22.3667]],[[88.9507,22.3574],[88.9535,22.3509],[88.9542,22.3583],[88.9507,22.3574]],[[89.2092,22.3533],[89.2116,22.3509],[89.2125,22.3542],[89.2092,22.3533]],[[72.3704,22.2308],[72.3746,22.2312],[72.3735,22.2336],[72.3704,22.2308]],[[72.3009,22.1884],[72.3033,22.1908],[72.3,22.1917],[72.3009,22.1884]],[[72.3134,22.1658],[72.3158,22.1634],[72.3167,22.1667],[72.3134,22.1658]],[[72.2583,22.0625],[72.2882,22.0756],[72.299,22.0663],[72.2991,22.1045],[72.2583,22.0625]],[[72.2167,22.0082],[72.2172,22.0085],[72.2167,22.0083],[72.2167,22.0082]],[[72.2071,22.0036],[72.2074,22.0049],[72.2028,22.008],[72.2071,22.0036]],[[72.1708,21.9542],[72.175,21.9542],[72.172,21.9589],[72.1708,21.9542]],[[72.2435,21.9204],[72.237,21.9271],[72.2384,21.9217],[72.2435,21.9204]],[[72.2417,21.7917],[72.2458,21.7875],[72.245,21.7908],[72.2417,21.7917]],[[72.2465,21.7634],[72.2493,21.7699],[72.2458,21.7708],[72.2465,21.7634]],[[69.7327,21.6353],[69.6869,21.6347],[69.7193,21.6084],[69.6998,21.5991],[69.725,21.5583],[69.7625,21.5833],[69.7327,21.6353]],[[69.7215,21.5533],[69.7243,21.5467],[69.725,21.5542],[69.7215,21.5533]],[[72.0829,21.2933],[72.0871,21.2937],[72.086,21.2961],[72.0829,21.2933]],[[71.9917,21.15],[72.0034,21.1552],[72.0213,21.1824],[72.0125,21.1833],[71.9917,21.15]],[[71.3833,20.8708],[71.3881,20.8718],[71.3845,20.8756],[71.3833,20.8708]],[[89.2634,22.3425],[89.2667,22.3458],[89.2625,22.3458],[89.2634,22.3425]],[[88.95,22.3417],[88.9522,22.3381],[88.9547,22.3405],[88.95,22.3417]],[[88.9,22.3375],[88.9422,22.2966],[88.934,22.2551],[88.9458,22.25],[88.95,22.3125],[88.9316,22.308],[88.9,22.3375]],[[89.2125,22.3292],[89.2167,22.325],[89.2158,22.3283],[89.2125,22.3292]],[[88.95,22.325],[88.9478,22.3286],[88.9453,22.3262],[88.95,22.325]],[[89.267,22.3184],[89.2691,22.3205],[89.2667,22.3208],[89.267,22.3184]],[[89.411,22.3128],[89.4111,22.3083],[89.4121,22.3104],[89.411,22.3128]],[[89.2757,22.3009],[89.2785,22.3074],[89.275,22.3083],[89.2757,22.3009]],[[89.28,22.2925],[89.2825,22.295],[89.2792,22.2958],[89.28,22.2925]],[[89.2595,22.2922],[89.2625,22.2792],[89.2657,22.28],[89.2672,22.2844],[89.2595,22.2922]],[[89.3214,22.2863],[89.3125,22.2708],[89.3201,22.2759],[89.3214,22.2863]],[[89.2458,22.2667],[89.2494,22.2551],[89.25,22.2667],[89.2458,22.2667]],[[89.2925,22.2616],[89.295,22.2592],[89.2958,22.2625],[89.2925,22.2616]],[[89.4119,22.2526],[89.4172,22.2549],[89.4139,22.2589],[89.4119,22.2526]],[[87.9524,22.3192],[87.9375,22.3167],[87.9381,22.2677],[87.9918,22.2186],[87.9496,22.2838],[87.9524,22.3192]],[[88.6792,22.3208],[88.6792,22.3212],[88.6776,22.3212],[88.6792,22.3208]],[[72.4829,22.2391],[72.4871,22.2396],[72.486,22.2419],[72.4829,22.2391]],[[88.0009,22.2092],[88.0158,22.204],[88.0004,22.2111],[88.0009,22.2092]],[[87.971,22.1047],[87.9776,22.1038],[87.9783,22.1041],[87.971,22.1047]],[[87.9646,22.1006],[87.973,22.0964],[87.9751,22.098],[87.9646,22.1006]],[[87.9893,22.1003],[88.002,22.0797],[88.0076,22.0783],[87.9893,22.1003]],[[88.0389,22.0246],[88.0248,22.0664],[88.0084,22.0775],[88.0259,22.0339],[88.0389,22.0246]],[[72.8384,21.6741],[72.8408,21.6717],[72.8417,21.675],[72.8384,21.6741]],[[87.3214,21.577],[87.325,21.5792],[87.3208,21.5792],[87.3214,21.577]],[[87.3467,21.5717],[87.3498,21.5714],[87.3466,21.5719],[87.3467,21.5717]],[[72.7009,21.1116],[72.7033,21.1092],[72.7042,21.1125],[72.7009,21.1116]],[[72.7925,21.0592],[72.7958,21.0625],[72.7917,21.0625],[72.7925,21.0592]],[[72.8495,20.7641],[72.8538,20.7646],[72.8527,20.7669],[72.8495,20.7641]],[[86.7542,20.5167],[86.7564,20.5131],[86.7589,20.5155],[86.7542,20.5167]],[[86.6749,20.3256],[86.6741,20.3286],[86.6681,20.3288],[86.6749,20.3256]],[[86.6819,20.312],[86.6869,20.3105],[86.6835,20.3142],[86.6819,20.312]],[[86.6879,20.3017],[86.69,20.3038],[86.6875,20.3042],[86.6879,20.3017]],[[86.5647,20.209],[86.5648,20.2087],[86.5662,20.2101],[86.5647,20.209]],[[86.5366,20.1968],[86.5408,20.1994],[86.5405,20.2004],[86.5366,20.1968]],[[86.515,20.1794],[86.5176,20.1822],[86.5145,20.1795],[86.515,20.1794]],[[86.4161,20.0359],[86.4214,20.0383],[86.4181,20.0423],[86.4161,20.0359]],[[86.3124,20.0375],[86.3152,20.0344],[86.3172,20.0363],[86.3124,20.0375]],[[86.2464,20.027],[86.2492,20.026],[86.2464,20.0271],[86.2464,20.027]],[[86.2994,20.023],[86.3058,20.0207],[86.2986,20.0241],[86.2994,20.023]],[[86.2783,20.0217],[86.275,20.021],[86.275,20.0208],[86.2783,20.0217]],[[86.259,20.0222],[86.259,20.0217],[86.262,20.021],[86.259,20.0222]],[[85.0701,19.3723],[85.0786,19.3732],[85.0807,19.3755],[85.0701,19.3723]],[[72.8978,19.2922],[72.8775,19.3246],[72.8625,19.3208],[72.8634,19.3175],[72.8978,19.2922]],[[72.8078,19.2134],[72.8087,19.2137],[72.8083,19.2141],[72.8078,19.2134]],[[84.7881,19.1189],[84.7921,19.1169],[84.7942,19.1246],[84.7881,19.1189]],[[72.9833,18.8042],[72.9875,18.8042],[72.9845,18.8089],[72.9833,18.8042]],[[72.9917,18.7668],[72.995,18.7675],[72.9958,18.7708],[72.9917,18.7668]],[[72.9375,18.5417],[72.9583,18.5417],[72.9387,18.5464],[72.9375,18.5417]],[[72.9711,18.527],[72.9749,18.5196],[72.9744,18.5324],[72.9711,18.527]],[[73.0717,18.2033],[73.0741,18.2009],[73.075,18.2042],[73.0717,18.2033]],[[73.0795,18.1738],[73.0783,18.1785],[73.0723,18.179],[73.0795,18.1738]],[[73.0236,18.025],[73.0293,18.0322],[73.0223,18.034],[73.0236,18.025]],[[73.1708,17.5833],[73.1949,17.584],[73.1958,17.5875],[73.1708,17.5833]],[[73.2925,17.2884],[73.295,17.2908],[73.2917,17.2917],[73.2925,17.2884]],[[73.2759,17.2841],[73.2833,17.2875],[73.275,17.2875],[73.2759,17.2841]],[[73.2861,17.025],[73.2824,17.0298],[73.2785,17.0259],[73.2861,17.025]],[[82.2458,16.7125],[82.262,16.7048],[82.2774,16.7075],[82.2458,16.7125]],[[82.2787,16.6391],[82.283,16.6396],[82.2818,16.6419],[82.2787,16.6391]],[[82.287,16.6225],[82.2913,16.6229],[82.2902,16.6253],[82.287,16.6225]],[[82.2912,16.6141],[82.2955,16.6146],[82.2943,16.6169],[82.2912,16.6141]],[[73.3506,16.5301],[73.3535,16.5408],[73.35,16.5417],[73.3506,16.5301]],[[73.3673,16.5183],[73.37,16.5196],[73.3667,16.5208],[73.3673,16.5183]],[[73.3792,16.5166],[73.3792,16.5167],[73.3788,16.5167],[73.3792,16.5166]],[[81.9583,16.4333],[81.9569,16.4256],[81.9625,16.4333],[81.9583,16.4333]],[[73.3875,16.3958],[73.4042,16.4],[73.3884,16.3994],[73.3875,16.3958]],[[73.5009,15.98],[73.5033,15.9825],[73.5,15.9833],[73.5009,15.98]],[[73.744,15.6204],[73.7492,15.6133],[73.7506,15.6196],[73.744,15.6204]],[[73.8205,15.4999],[73.8208,15.5],[73.8208,15.5001],[73.8205,15.4999]],[[74.1267,14.8455],[74.1289,14.8441],[74.1292,14.8458],[74.1267,14.8455]],[[74.3005,14.5981],[74.3042,14.6],[74.3,14.6],[74.3005,14.5981]],[[80.1833,14.5833],[80.195,14.584],[80.1964,14.5904],[80.1917,14.5917],[80.1833,14.5833]],[[74.3735,14.5711],[74.3736,14.5667],[74.3746,14.5687],[74.3735,14.5711]],[[74.3639,14.5673],[74.3624,14.5624],[74.3656,14.5652],[74.3639,14.5673]],[[74.3653,14.5583],[74.3658,14.5596],[74.3651,14.5585],[74.3653,14.5583]],[[74.3783,14.5428],[74.3826,14.535],[74.3824,14.5463],[74.3783,14.5428]],[[74.3713,14.5359],[74.372,14.5289],[74.375,14.5292],[74.3713,14.5359]],[[74.3645,14.5423],[74.3571,14.5387],[74.3675,14.5414],[74.3645,14.5423]],[[74.4365,14.2739],[74.4496,14.2751],[74.4292,14.2833],[74.4365,14.2739]],[[80.1873,13.657],[80.1868,13.6465],[80.188,13.645],[80.1873,13.657]],[[80.2041,13.6292],[80.2224,13.6072],[80.236,13.5988],[80.242,13.5871],[80.241,13.5938],[80.2157,13.6241],[80.2041,13.6292]],[[80.2461,13.5809],[80.2439,13.5835],[80.2441,13.583],[80.2461,13.5809]],[[80.262,13.5591],[80.2619,13.5605],[80.2595,13.5631],[80.262,13.5591]],[[80.2672,13.5416],[80.2673,13.5421],[80.267,13.5425],[80.2672,13.5416]],[[80.285,13.4703],[80.2869,13.4729],[80.2834,13.4789],[80.285,13.4703]],[[80.3008,13.4358],[80.298,13.4411],[80.2964,13.4415],[80.3008,13.4358]],[[80.3225,13.4298],[80.3252,13.4299],[80.3217,13.4351],[80.3225,13.4298]],[[80.3128,13.4337],[80.3077,13.4329],[80.312,13.4311],[80.3128,13.4337]],[[74.8153,12.925],[74.8116,12.9298],[74.8077,12.9259],[74.8153,12.925]],[[74.834,12.8384],[74.85,12.8375],[74.8333,12.8458],[74.834,12.8384]],[[75.3152,11.9462],[75.3158,11.9491],[75.3138,11.9497],[75.3152,11.9462]],[[75.3295,11.9402],[75.3358,11.9413],[75.3292,11.9417],[75.3295,11.9402]],[[79.5823,10.3389],[79.5868,10.341],[79.5867,10.3419],[79.5823,10.3389]],[[79.5729,10.341],[79.5756,10.3382],[79.5768,10.3383],[79.5729,10.341]],[[79.6198,10.3214],[79.6262,10.3262],[79.622,10.3292],[79.6198,10.3214]],[[79.5076,10.3215],[79.5035,10.3175],[79.5206,10.3199],[79.5076,10.3215]],[[79.6077,10.3153],[79.6103,10.3131],[79.6326,10.3118],[79.627,10.3006],[79.6616,10.2914],[79.6693,10.3088],[79.6077,10.3153]],[[79.7539,10.3116],[79.7476,10.3081],[79.7577,10.3063],[79.7539,10.3116]],[[79.7269,10.3093],[79.7165,10.3103],[79.7265,10.3028],[79.7269,10.3093]],[[79.69,10.2997],[79.6812,10.3035],[79.6785,10.3009],[79.69,10.2997]],[[79.7452,10.3012],[79.7417,10.2792],[79.767,10.29],[79.7452,10.3012]],[[79.7669,10.2968],[79.7666,10.2988],[79.7648,10.2994],[79.7669,10.2968]],[[79.7072,10.3088],[79.7045,10.3116],[79.705,10.309],[79.7072,10.3088]],[[79.7113,10.3127],[79.7113,10.3129],[79.711,10.3129],[79.7113,10.3127]],[[79.6205,10.3023],[79.608,10.3071],[79.6194,10.3],[79.6205,10.3023]],[[79.6039,10.3073],[79.591,10.305],[79.6028,10.3042],[79.6039,10.3073]],[[79.5414,10.3212],[79.5333,10.3208],[79.5359,10.3172],[79.5414,10.3212]],[[79.4736,10.3208],[79.4617,10.3257],[79.4577,10.3216],[79.4736,10.3208]],[[79.6325,10.3251],[79.6335,10.3232],[79.6333,10.325],[79.6325,10.3251]],[[79.7153,10.3167],[79.7073,10.3213],[79.7035,10.3175],[79.7153,10.3167]],[[76.2101,10.1339],[76.2137,10.1294],[76.2203,10.1188],[76.2214,10.1217],[76.2101,10.1339]],[[76.2376,10.0724],[76.2327,10.0855],[76.2261,10.0932],[76.2376,10.0724]],[[76.243,10.0922],[76.2528,10.0583],[76.2589,10.0762],[76.243,10.0922]],[[76.2304,10.0512],[76.2299,10.0523],[76.2298,10.0521],[76.2304,10.0512]],[[76.2788,9.9682],[76.2783,9.97],[76.278,9.9701],[76.2788,9.9682]],[[76.2905,9.942],[76.2908,9.945],[76.2881,9.9457],[76.2905,9.942]],[[76.3036,9.9223],[76.3036,9.923],[76.2999,9.9278],[76.3036,9.9223]],[[76.3379,9.9138],[76.3407,9.9163],[76.3383,9.9158],[76.3379,9.9138]],[[76.3535,9.9055],[76.3711,9.8712],[76.3489,9.9082],[76.3535,9.9055]],[[76.2955,9.8896],[76.2925,9.8903],[76.2951,9.8888],[76.2955,9.8896]],[[76.3755,9.8608],[76.3744,9.8647],[76.373,9.8665],[76.3755,9.8608]],[[76.378,9.8547],[76.3791,9.8556],[76.3758,9.8601],[76.378,9.8547]],[[76.3619,9.8009],[76.3653,9.8027],[76.3649,9.8043],[76.3619,9.8009]],[[76.3789,9.7582],[76.3882,9.7506],[76.3774,9.7626],[76.3789,9.7582]],[[76.3673,9.7223],[76.3685,9.7247],[76.3667,9.7229],[76.3673,9.7223]],[[76.3842,9.6969],[76.3998,9.6963],[76.384,9.7004],[76.3842,9.6969]],[[76.4063,9.695],[76.4132,9.6949],[76.4063,9.6956],[76.4063,9.695]],[[76.3837,9.6483],[76.3902,9.6521],[76.3918,9.6564],[76.3837,9.6483]],[[76.3759,9.62],[76.3757,9.618],[76.3765,9.6201],[76.3759,9.62]],[[76.4283,9.6099],[76.4287,9.6104],[76.4281,9.6112],[76.4283,9.6099]],[[76.3631,9.573],[76.3636,9.5728],[76.364,9.5741],[76.3631,9.573]],[[76.4753,9.1448],[76.4819,9.1333],[76.4821,9.1464],[76.4753,9.1448]],[[76.5787,8.8766],[76.583,8.8771],[76.5818,8.8794],[76.5787,8.8766]],[[80.7787,15.8558],[80.783,15.8562],[80.7818,15.8586],[80.7787,15.8558]],[[80.7967,15.8215],[80.8089,15.8343],[80.7926,15.8506],[80.7967,15.8215]],[[80.8342,15.7533],[80.8366,15.7509],[80.8375,15.7542],[80.8342,15.7533]],[[80.8333,15.7417],[80.8333,15.7458],[80.8286,15.7429],[80.8333,15.7417]],[[80.8333,15.725],[80.8367,15.7175],[80.8381,15.7238],[80.8333,15.725]],[[81.7174,16.3449],[81.7244,16.3342],[81.725,16.3458],[81.7174,16.3449]],[[88.6462,22.2358],[88.655,22.2404],[88.6579,22.2458],[88.6462,22.2358]],[[88.6648,22.2119],[88.663,22.2173],[88.6583,22.2125],[88.6648,22.2119]],[[88.6425,22.2092],[88.6456,22.2092],[88.6419,22.2114],[88.6425,22.2092]],[[88.4759,21.8925],[88.4783,21.895],[88.475,21.8958],[88.4759,21.8925]],[[88.3958,21.8542],[88.4006,21.8655],[88.3958,21.8667],[88.3958,21.8542]],[[88.3917,21.8292],[88.3917,21.8417],[88.3869,21.8304],[88.3917,21.8292]],[[88.3958,21.8167],[88.3958,21.8208],[88.3911,21.8179],[88.3958,21.8167]],[[88.3833,21.7833],[88.3994,21.7968],[88.4006,21.8113],[88.3958,21.8125],[88.3833,21.7833]],[[88.3795,21.7725],[88.3816,21.7746],[88.3792,21.775],[88.3795,21.7725]],[[88.3759,21.7368],[88.3824,21.734],[88.3833,21.7375],[88.3759,21.7368]],[[88.3792,21.7208],[88.3941,21.7205],[88.4,21.7167],[88.3949,21.7243],[88.3792,21.7208]],[[88.2842,21.7134],[88.2866,21.7158],[88.2833,21.7167],[88.2842,21.7134]],[[88.3068,21.7128],[88.3069,21.7083],[88.308,21.7104],[88.3068,21.7128]],[[88.2991,21.7033],[88.2879,21.7059],[88.3125,21.6833],[88.2991,21.7033]],[[88.2162,21.6725],[88.2205,21.6729],[88.2193,21.6753],[88.2162,21.6725]],[[88.412,21.6808],[88.4163,21.6812],[88.4152,21.6836],[88.412,21.6808]],[[88.4162,21.6725],[88.4205,21.6729],[88.4193,21.6753],[88.4162,21.6725]],[[88.4119,21.6609],[88.4172,21.6633],[88.4139,21.6673],[88.4119,21.6609]],[[88.7829,22.1766],[88.7871,22.1771],[88.786,22.1794],[88.7829,22.1766]],[[88.9027,22.1753],[88.9028,22.1708],[88.9038,22.1729],[88.9027,22.1753]],[[88.8913,22.1687],[88.887,22.1683],[88.8903,22.1667],[88.8913,22.1687]],[[88.7955,22.1684],[88.7837,22.1608],[88.7833,22.1583],[88.7955,22.1684]],[[88.7733,22.1462],[88.7767,22.1538],[88.7708,22.1458],[88.7733,22.1462]],[[88.8495,22.1516],[88.8538,22.1521],[88.8527,22.1544],[88.8495,22.1516]],[[88.7592,22.1452],[88.7658,22.1423],[88.7667,22.1458],[88.7592,22.1452]],[[88.9068,22.1419],[88.9069,22.1375],[88.908,22.1396],[88.9068,22.1419]],[[88.7533,22.1384],[88.7509,22.1408],[88.75,22.1375],[88.7533,22.1384]],[[88.7208,22.1068],[88.7413,22.1184],[88.7417,22.1333],[88.7208,22.1068]],[[88.8277,22.1294],[88.8278,22.125],[88.8288,22.1271],[88.8277,22.1294]],[[88.9193,22.1253],[88.9194,22.1208],[88.9205,22.1229],[88.9193,22.1253]],[[88.8153,22.125],[88.8152,22.1294],[88.812,22.1266],[88.8153,22.125]],[[88.7903,22.1083],[88.7866,22.1131],[88.7827,22.1093],[88.7903,22.1083]],[[88.7788,22.1062],[88.7745,22.1058],[88.7778,22.1042],[88.7788,22.1062]],[[88.7755,22.0966],[88.7702,22.0943],[88.7736,22.0917],[88.7755,22.0966]],[[88.708,22.0979],[88.7037,22.0975],[88.7069,22.0958],[88.708,22.0979]],[[88.712,22.1016],[88.7163,22.1021],[88.7152,22.1044],[88.712,22.1016]],[[88.9152,22.0878],[88.9153,22.0833],[88.9163,22.0854],[88.9152,22.0878]],[[88.7611,22.0833],[88.761,22.0878],[88.7579,22.085],[88.7611,22.0833]],[[88.8131,22.0228],[88.8135,22.025],[88.8125,22.025],[88.8131,22.0228]],[[88.8342,22.0217],[88.8373,22.0218],[88.8339,22.0228],[88.8342,22.0217]],[[88.8708,22.0208],[88.8739,22.017],[88.8741,22.02],[88.8708,22.0208]],[[88.7778,21.725],[88.7788,21.7271],[88.7745,21.7266],[88.7778,21.725]],[[88.7922,21.7101],[88.7976,21.7127],[88.7931,21.7131],[88.7922,21.7101]],[[88.7655,21.712],[88.7634,21.7118],[88.7629,21.71],[88.7655,21.712]],[[88.7842,21.7077],[88.7838,21.706],[88.7879,21.708],[88.7842,21.7077]],[[88.7618,21.7008],[88.7579,21.7071],[88.7592,21.7003],[88.7618,21.7008]],[[88.8833,21.9208],[88.8905,21.9161],[88.8917,21.9208],[88.8833,21.9208]],[[88.87,21.9175],[88.8675,21.92],[88.8667,21.9167],[88.87,21.9175]],[[88.9509,21.7798],[88.9574,21.7827],[88.95,21.7833],[88.9509,21.7798]],[[88.9601,21.7705],[88.9566,21.7629],[88.9625,21.7708],[88.9601,21.7705]],[[88.9286,21.7647],[88.925,21.7625],[88.9292,21.7625],[88.9286,21.7647]],[[88.9458,21.7625],[88.9488,21.7578],[88.95,21.7625],[88.9458,21.7625]],[[89.0287,21.6308],[89.033,21.6312],[89.0318,21.6336],[89.0287,21.6308]],[[88.9912,21.9516],[88.9955,21.9521],[88.9943,21.9544],[88.9912,21.9516]],[[88.9954,21.9433],[88.9996,21.9437],[88.9985,21.9461],[88.9954,21.9433]],[[89.4443,22.2461],[89.4444,22.2417],[89.4455,22.2437],[89.4443,22.2461]],[[89.4121,22.2437],[89.4079,22.2433],[89.4111,22.2417],[89.4121,22.2437]],[[89.2458,22.2458],[89.2369,22.2326],[89.2469,22.2172],[89.2833,22.2167],[89.2465,22.2216],[89.2458,22.2458]],[[89.305,22.22],[89.3083,22.2167],[89.3083,22.2208],[89.305,22.22]],[[89.0413,22.2312],[89.037,22.2308],[89.0403,22.2292],[89.0413,22.2312]],[[89.3045,22.2392],[89.3066,22.2413],[89.3042,22.2417],[89.3045,22.2392]],[[89.3092,22.2283],[89.3116,22.2259],[89.3125,22.2292],[89.3092,22.2283]],[[89.0703,22.1899],[89.0756,22.1922],[89.0741,22.1997],[89.0703,22.1899]],[[89.062,22.1641],[89.0663,22.1646],[89.0652,22.1669],[89.062,22.1641]],[[89.0871,22.1396],[89.0829,22.1391],[89.0861,22.1375],[89.0871,22.1396]],[[89.2333,22.1],[89.2375,22.1],[89.2345,22.1047],[89.2333,22.1]],[[89.2337,22.0809],[89.2455,22.0517],[89.2083,22.0],[89.2458,21.9875],[89.2161,22.0095],[89.2495,22.0519],[89.2337,22.0809]],[[89.15,22.0333],[89.1625,21.9958],[89.1691,21.9964],[89.1627,22.0214],[89.15,22.0333]],[[89.1586,22.0501],[89.1559,22.0538],[89.15,22.0458],[89.1586,22.0501]],[[89.1715,22.0684],[89.1717,22.0675],[89.1734,22.0671],[89.1715,22.0684]],[[89.1664,22.0717],[89.1634,22.0717],[89.1667,22.0708],[89.1664,22.0717]],[[89.1568,22.0785],[89.155,22.0759],[89.1583,22.075],[89.1568,22.0785]],[[89.15,22.0833],[89.1489,22.0867],[89.1458,22.0875],[89.15,22.0833]],[[89.1328,21.947],[89.1379,21.9608],[89.1625,21.9875],[89.1384,21.9702],[89.1328,21.947]],[[89.1428,21.9209],[89.1518,21.9199],[89.1375,21.9375],[89.1428,21.9209]],[[89.1661,21.9255],[89.1673,21.9255],[89.1662,21.9256],[89.1661,21.9255]],[[89.1788,21.9166],[89.1907,21.9163],[89.1869,21.9173],[89.1788,21.9166]],[[89.312,21.86],[89.3163,21.8604],[89.3152,21.8628],[89.312,21.86]],[[89.3833,22.1],[89.3816,22.0955],[89.3875,22.0917],[89.3833,22.1]],[[89.3667,22.0542],[89.3756,22.0689],[89.3921,22.0863],[89.3712,22.0691],[89.3667,22.0542]],[[89.4286,22.0151],[89.4339,22.0174],[89.4306,22.0214],[89.4286,22.0151]],[[89.4327,21.9901],[89.438,21.9924],[89.4348,21.9964],[89.4327,21.9901]],[[89.4454,21.9141],[89.4496,21.9146],[89.4485,21.9169],[89.4454,21.9141]],[[89.8827,22.1526],[89.888,22.1549],[89.8848,22.1589],[89.8827,22.1526]],[[89.8167,22.0917],[89.8265,22.096],[89.8375,22.1167],[89.8342,22.1158],[89.8167,22.0917]],[[89.675,22.0542],[89.6908,22.0634],[89.6917,22.0667],[89.6851,22.0663],[89.675,22.0542]],[[89.6754,22.0475],[89.6775,22.0496],[89.675,22.05],[89.6754,22.0475]],[[89.6884,22.0382],[89.6958,22.0375],[89.6875,22.0417],[89.6884,22.0382]],[[89.7,22.0333],[89.6909,22.0009],[89.7033,22.0326],[89.7,22.0333]],[[89.6833,21.9917],[89.6833,21.9333],[89.6911,21.9436],[89.6922,21.9674],[89.6833,21.9917]],[[89.6376,21.9312],[89.6295,21.935],[89.6399,21.9253],[89.6376,21.9312]],[[89.6798,21.9283],[89.6827,21.9217],[89.6833,21.9292],[89.6798,21.9283]],[[89.7277,21.9211],[89.7278,21.9167],[89.7288,21.9187],[89.7277,21.9211]],[[89.7205,21.9146],[89.7162,21.9141],[89.7194,21.9125],[89.7205,21.9146]],[[89.6792,21.9167],[89.6576,21.8994],[89.6467,21.9075],[89.6414,21.897],[89.6566,21.8879],[89.6792,21.9167]],[[89.633,21.8854],[89.6287,21.885],[89.6319,21.8833],[89.633,21.8854]],[[89.575,21.9417],[89.5708,21.9417],[89.5738,21.9369],[89.575,21.9417]],[[89.7402,21.8753],[89.7403,21.8708],[89.7413,21.8729],[89.7402,21.8753]],[[90.3208,22.4667],[90.2994,22.4576],[90.3042,22.45],[90.3208,22.4667]],[[90.175,22.4542],[90.1703,22.4429],[90.175,22.4417],[90.175,22.4542]],[[90.3042,22.4458],[90.2839,22.423],[90.2833,22.4208],[90.2996,22.4309],[90.3042,22.4458]],[[90.1705,22.4267],[90.1629,22.4233],[90.1625,22.4208],[90.1705,22.4267]],[[90.1825,22.4675],[90.18,22.47],[90.1792,22.4667],[90.1825,22.4675]],[[90.3467,22.47],[90.3491,22.4675],[90.35,22.4708],[90.3467,22.47]],[[90.1509,22.4158],[90.1533,22.4134],[90.1542,22.4167],[90.1509,22.4158]],[[90.2708,22.4083],[90.2619,22.3645],[90.2583,22.35],[90.2663,22.3559],[90.2708,22.4083]],[[90.0991,22.3509],[90.0967,22.3533],[90.0958,22.35],[90.0991,22.3509]],[[90.1163,22.3642],[90.1045,22.3566],[90.1042,22.3542],[90.1163,22.3642]],[[90.1283,22.3842],[90.1259,22.3866],[90.125,22.3833],[90.1283,22.3842]],[[90.1371,22.3975],[90.1295,22.3941],[90.1292,22.3917],[90.1371,22.3975]],[[90.2271,22.35],[90.2396,22.3333],[90.2583,22.3458],[90.2271,22.35]],[[90.1006,22.3311],[90.0911,22.3323],[90.1086,22.3178],[90.1006,22.3311]],[[90.1045,22.3017],[90.1118,22.3076],[90.1042,22.3083],[90.1045,22.3017]],[[90.1092,22.2825],[90.1116,22.28],[90.1125,22.2833],[90.1092,22.2825]],[[90.0989,22.2794],[90.0795,22.2608],[90.0721,22.2165],[90.084,22.2605],[90.0989,22.2794]],[[90.0667,22.2167],[90.0267,22.208],[90.0208,22.1917],[90.0259,22.1993],[90.0667,22.2167]],[[89.8663,22.2687],[89.862,22.2683],[89.8653,22.2667],[89.8663,22.2687]],[[90.1037,22.2725],[90.108,22.2729],[90.1068,22.2753],[90.1037,22.2725]],[[90.024,22.0621],[90.0286,22.1259],[90.066,22.1551],[90.0672,22.1676],[90.0534,22.1797],[90.0342,22.1716],[90.0629,22.1595],[90.0161,22.1215],[90.024,22.0621]],[[90.43,22.1866],[90.4325,22.1842],[90.4333,22.1875],[90.43,22.1866]],[[90.4217,22.1825],[90.4241,22.18],[90.425,22.1833],[90.4217,22.1825]],[[90.4006,22.1699],[90.4036,22.1426],[90.4042,22.1708],[90.4006,22.1699]],[[90.1375,21.95],[90.1375,21.9542],[90.1328,21.9512],[90.1375,21.95]],[[90.1208,21.925],[90.1375,21.925],[90.122,21.9297],[90.1208,21.925]],[[90.1167,21.9125],[90.1167,21.9167],[90.1119,21.9137],[90.1167,21.9125]],[[90.1087,21.8941],[90.1121,21.885],[90.1167,21.9],[90.1087,21.8941]],[[90.5079,21.9225],[90.5121,21.9229],[90.511,21.9253],[90.5079,21.9225]],[[90.6453,23.1191],[90.6506,23.1214],[90.6491,23.1288],[90.6453,23.1191]],[[90.73,22.9009],[90.7325,22.9033],[90.7292,22.9042],[90.73,22.9009]],[[90.7342,22.8925],[90.7366,22.895],[90.7333,22.8958],[90.7342,22.8925]],[[91.4256,22.8366],[91.4285,22.8259],[91.4292,22.8375],[91.4256,22.8366]],[[91.4217,22.82],[91.4241,22.8175],[91.425,22.8208],[91.4217,22.82]],[[91.4208,22.8],[91.4167,22.8125],[91.4134,22.8117],[91.412,22.8073],[91.4208,22.8]],[[91.9925,22.7925],[92.0042,22.7917],[91.9917,22.7958],[91.9925,22.7925]],[[91.3592,22.7759],[91.3616,22.7783],[91.3583,22.7792],[91.3592,22.7759]],[[91.2912,22.7475],[91.2955,22.7479],[91.2943,22.7503],[91.2912,22.7475]],[[91.2259,22.7173],[91.2333,22.7083],[91.2326,22.7157],[91.2259,22.7173]],[[91.2116,22.7158],[91.2092,22.7134],[91.2125,22.7125],[91.2116,22.7158]],[[91.062,22.5058],[91.0663,22.5062],[91.0652,22.5086],[91.062,22.5058]],[[91.8167,22.275],[91.8208,22.2708],[91.82,22.2741],[91.8167,22.275]],[[91.8342,22.2634],[91.8366,22.2658],[91.8333,22.2667],[91.8342,22.2634]],[[91.817,22.2358],[91.833,22.2475],[91.8333,22.25],[91.817,22.2358]],[[91.8583,22.15],[91.8605,22.1464],[91.8631,22.1488],[91.8583,22.15]],[[91.8634,22.1298],[91.8699,22.1327],[91.8625,22.1333],[91.8634,22.1298]],[[92.255,21.0217],[92.2575,21.0241],[92.2542,21.025],[92.255,21.0217]],[[93.017,20.6225],[93.0167,20.6375],[93.0083,20.6417],[93.017,20.6225]],[[93.0634,20.5882],[93.0699,20.591],[93.0625,20.5917],[93.0634,20.5882]],[[92.7246,20.5854],[92.7204,20.585],[92.7236,20.5833],[92.7246,20.5854]],[[92.7329,20.3802],[92.7463,20.3907],[92.7446,20.3962],[92.7329,20.3802]],[[93.0583,20.4833],[93.0792,20.5083],[93.0881,20.5696],[93.0833,20.5708],[93.0583,20.4833]],[[92.8634,20.3384],[92.8621,20.3524],[92.8375,20.3792],[92.8634,20.3384]],[[92.8675,20.33],[92.87,20.3325],[92.8667,20.3333],[92.8675,20.33]],[[92.8629,20.3108],[92.8753,20.305],[92.8708,20.3167],[92.8629,20.3108]],[[93.0745,20.3975],[93.0788,20.3979],[93.0777,20.4003],[93.0745,20.3975]],[[93.3829,20.2266],[93.3871,20.2271],[93.386,20.2294],[93.3829,20.2266]],[[93.387,20.2183],[93.3913,20.2187],[93.3902,20.2211],[93.387,20.2183]],[[93.0976,20.1996],[93.1108,20.2004],[93.1208,20.2167],[93.0976,20.1996]],[[93.305,20.1925],[93.3075,20.195],[93.3042,20.1958],[93.305,20.1925]],[[93.08,20.1866],[93.0826,20.1758],[93.0833,20.1875],[93.08,20.1866]],[[93.3083,20.175],[93.3083,20.1792],[93.3036,20.1762],[93.3083,20.175]],[[93.4036,20.1651],[93.4089,20.1674],[93.4056,20.1714],[93.4036,20.1651]],[[93.3083,20.1708],[93.3036,20.147],[93.3083,20.1458],[93.3083,20.1708]],[[93.4077,20.1526],[93.413,20.1549],[93.4098,20.1589],[93.4077,20.1526]],[[93.4152,20.1378],[93.4153,20.1333],[93.4163,20.1354],[93.4152,20.1378]],[[93.3118,20.1366],[93.309,20.1301],[93.3125,20.1292],[93.3118,20.1366]],[[93.3375,20.0917],[93.3275,20.1038],[93.325,20.1042],[93.3254,20.1017],[93.3375,20.0917]],[[93.4042,20.0875],[93.4064,20.0839],[93.4089,20.0863],[93.4042,20.0875]],[[93.34,20.0871],[93.3379,20.085],[93.3458,20.0792],[93.34,20.0871]],[[93.3757,20.0824],[93.3785,20.0759],[93.3792,20.0833],[93.3757,20.0824]],[[93.1955,20.0771],[93.1912,20.0766],[93.1944,20.075],[93.1955,20.0771]],[[93.375,20.0667],[93.3792,20.0625],[93.3783,20.0658],[93.375,20.0667]],[[93.3533,20.0658],[93.3509,20.0634],[93.3542,20.0625],[93.3533,20.0658]],[[93.5038,19.9854],[93.4995,19.985],[93.5028,19.9833],[93.5038,19.9854]],[[93.4952,19.9734],[93.5005,19.9758],[93.4973,19.9798],[93.4952,19.9734]],[[93.4619,19.9568],[93.4672,19.9591],[93.4639,19.9631],[93.4619,19.9568]],[[93.5035,19.9394],[93.5131,19.9384],[93.5055,19.9465],[93.5035,19.9394]],[[93.5093,19.9204],[93.5167,19.9208],[93.5155,19.9253],[93.5093,19.9204]],[[93.53,19.9241],[93.5325,19.9217],[93.5333,19.925],[93.53,19.9241]],[[93.7283,19.9215],[93.7319,19.9167],[93.733,19.9195],[93.7283,19.9215]],[[93.6917,19.9167],[93.6083,19.9042],[93.6628,19.8991],[93.6331,19.8782],[93.6375,19.8667],[93.6949,19.9008],[93.6917,19.9167]],[[93.7079,19.9016],[93.7121,19.9021],[93.711,19.9044],[93.7079,19.9016]],[[93.7038,19.8979],[93.6995,19.8975],[93.7028,19.8958],[93.7038,19.8979]],[[93.6038,19.8892],[93.6004,19.8941],[93.5917,19.8792],[93.6038,19.8892]],[[93.5381,19.9105],[93.5419,19.9155],[93.5375,19.9],[93.5381,19.9105]],[[93.5486,19.9167],[93.5485,19.9211],[93.5454,19.9183],[93.5486,19.9167]],[[93.6079,19.8558],[93.6121,19.8562],[93.611,19.8586],[93.6079,19.8558]],[[93.5995,19.8433],[93.6038,19.8437],[93.6027,19.8461],[93.5995,19.8433]],[[93.5953,19.8232],[93.6006,19.8256],[93.5991,19.833],[93.5953,19.8232]],[[93.7871,19.7684],[93.7795,19.7816],[93.775,19.7583],[93.7871,19.7684]],[[93.7616,19.7617],[93.7542,19.7583],[93.7625,19.7583],[93.7616,19.7617]],[[93.6538,19.7809],[93.6379,19.7691],[93.6375,19.7667],[93.6538,19.7809]],[[93.6616,19.7842],[93.6592,19.7866],[93.6583,19.7833],[93.6616,19.7842]],[[93.9342,19.5033],[93.9366,19.5009],[93.9375,19.5042],[93.9342,19.5033]],[[93.9677,19.459],[93.954,19.4449],[93.9736,19.4292],[93.9881,19.4449],[93.9677,19.459]],[[93.9204,19.4548],[93.9319,19.4458],[93.9379,19.4533],[93.9204,19.4548]],[[93.7903,19.5042],[93.7902,19.5086],[93.787,19.5058],[93.7903,19.5042]],[[93.9708,19.3875],[93.9858,19.3913],[94.0042,19.3833],[93.9816,19.4004],[93.9708,19.3875]],[[93.8619,19.3734],[93.8672,19.3758],[93.8639,19.3798],[93.8619,19.3734]],[[93.9708,19.3625],[93.9756,19.3738],[93.9708,19.375],[93.9708,19.3625]],[[93.8745,19.3308],[93.8788,19.3312],[93.8777,19.3336],[93.8745,19.3308]],[[94.0341,19.3377],[94.0366,19.3134],[94.05,19.3375],[94.0341,19.3377]],[[93.658,19.2604],[93.6537,19.26],[93.6569,19.2583],[93.658,19.2604]],[[93.6487,19.3418],[93.6368,19.33],[93.6528,19.3292],[93.6487,19.3418]],[[93.6403,19.3417],[93.6402,19.3461],[93.637,19.3433],[93.6403,19.3417]],[[93.6371,19.3687],[93.6329,19.3683],[93.6361,19.3667],[93.6371,19.3687]],[[94.08,19.1366],[94.0825,19.1342],[94.0833,19.1375],[94.08,19.1366]],[[94.0592,19.1241],[94.0616,19.1217],[94.0625,19.125],[94.0592,19.1241]],[[94.141,18.8479],[94.1375,18.8292],[94.1425,18.8715],[94.141,18.8479]],[[94.2292,18.7292],[94.2375,18.7292],[94.2304,18.7339],[94.2292,18.7292]],[[94.2425,18.7325],[94.245,18.73],[94.2458,18.7333],[94.2425,18.7325]],[[94.2167,18.7292],[94.2196,18.7244],[94.2208,18.7292],[94.2167,18.7292]],[[94.5708,17.3125],[94.5741,17.3035],[94.575,17.3125],[94.5708,17.3125]],[[94.5881,17.3061],[94.5917,17.3083],[94.5875,17.3083],[94.5881,17.3061]]],[[[90.3788,21.8726],[90.3608,21.8504],[90.3184,21.8462],[90.3038,21.8775],[90.3549,21.9824],[90.4186,22.0369],[90.4652,22.0583],[90.475,22.0458],[90.4843,22.0957],[90.574,22.1801],[90.5794,22.1908],[90.5619,22.1926],[90.5757,22.2367],[90.6324,22.2502],[90.6369,22.2145],[90.6091,22.1906],[90.6077,22.102],[90.5904,22.0541],[90.5048,21.9535],[90.4833,22.0125],[90.4952,21.952],[90.4572,21.8918],[90.4338,21.8785],[90.4087,21.8907],[90.3945,21.866],[90.3788,21.8726]],[[90.378,21.8796],[90.3744,21.8762],[90.3792,21.875],[90.378,21.8796]],[[90.3621,21.9062],[90.3579,21.9058],[90.3611,21.9042],[90.3621,21.9062]],[[90.4833,22.0292],[90.4833,22.0167],[90.4881,22.028],[90.4833,22.0292]]],[[[68.0778,23.7035],[68.0535,23.7245],[68.0786,23.7563],[68.0841,23.8074],[68.1103,23.8285],[68.1872,23.8407],[68.1952,23.777],[68.1606,23.7035],[68.1302,23.7048],[68.1195,23.7215],[68.1117,23.7091],[68.0778,23.7035]],[[68.078,23.7129],[68.0744,23.7095],[68.0792,23.7083],[68.078,23.7129]],[[68.1038,23.7146],[68.0995,23.7141],[68.1028,23.7125],[68.1038,23.7146]]],[[[90.8895,22.1119],[90.8789,22.1092],[90.966,22.2854],[90.966,22.3486],[90.9837,22.3548],[91.0048,22.2788],[90.991,22.1979],[90.9243,22.0716],[90.908,22.0702],[90.8947,22.0914],[90.8848,22.0785],[90.8895,22.1119]],[[90.8962,22.1137],[90.8929,22.1172],[90.8917,22.1125],[90.8962,22.1137]]],[[[72.3611,21.925],[72.3466,21.9257],[72.351,21.9465],[72.3576,21.9449],[72.3611,21.925]]],[[[90.8575,21.9493],[90.8512,21.9454],[90.85,21.95],[90.8575,21.9493]]],[[[90.3322,21.963],[90.3302,21.9495],[90.3245,21.9556],[90.3322,21.963]]],[[[90.8342,21.9506],[90.8299,21.97],[90.8491,21.9743],[90.8574,21.955],[90.8342,21.9506]]],[[[88.1465,21.9174],[88.1398,21.891],[88.1134,21.9074],[88.1035,21.8843],[88.1048,21.9075],[88.1242,21.9298],[88.1465,21.9174]]],[[[90.6278,21.8875],[90.6085,21.8932],[90.6257,21.97],[90.7034,21.9785],[90.6739,21.9171],[90.6278,21.8875]]],[[[88.1299,21.6244],[88.0464,21.6426],[88.0328,21.6743],[88.0714,21.7814],[88.1324,21.8797],[88.1756,21.8135],[88.1756,21.7549],[88.1578,21.652],[88.1299,21.6244]]],[[[72.5592,21.8339],[72.5784,21.8464],[72.5827,21.8448],[72.5792,21.8333],[72.5592,21.8339]]],[[[90.7339,21.8466],[90.7286,21.8443],[90.7306,21.8506],[90.7339,21.8466]]],[[[90.5297,21.8561],[90.5161,21.8487],[90.5297,21.8322],[90.5193,21.8215],[90.4926,21.8078],[90.4745,21.8156],[90.4936,21.8578],[90.5297,21.8561]]],[[[90.2986,21.85],[90.2924,21.8382],[90.2911,21.8491],[90.2986,21.85]]],[[[90.3783,21.8492],[90.3676,21.8381],[90.3625,21.8443],[90.3783,21.8492]]],[[[88.6451,21.7883],[88.5883,21.7965],[88.5756,21.8313],[88.6438,21.9244],[88.6715,21.9156],[88.6451,21.7883]]],[[[89.8611,21.8292],[89.8494,21.8451],[89.8507,21.8617],[89.8703,21.8438],[89.8611,21.8292]]],[[[90.4756,21.8655],[90.4521,21.834],[90.4285,21.8357],[90.452,21.8619],[90.4756,21.8655]]],[[[90.8153,21.8583],[90.8035,21.8662],[90.8053,21.8756],[90.8242,21.8743],[90.8153,21.8583]]],[[[90.7736,21.8375],[90.7674,21.8615],[90.7825,21.871],[90.7839,21.8537],[90.7736,21.8375]]],[[[88.5792,21.8792],[88.5866,21.8619],[88.5799,21.8635],[88.5792,21.8792]]],[[[90.4278,21.8583],[90.4202,21.8593],[90.4241,21.8631],[90.4278,21.8583]]],[[[90.6199,21.8671],[90.6069,21.8458],[90.5916,21.8569],[90.6199,21.8671]]],[[[90.5611,21.8667],[90.5535,21.8727],[90.5669,21.874],[90.5611,21.8667]]],[[[90.6281,21.8795],[90.6175,21.8715],[90.617,21.874],[90.6281,21.8795]]],[[[90.7361,21.8583],[90.718,21.8588],[90.7088,21.8815],[90.7298,21.9238],[90.7528,21.9287],[90.762,21.906],[90.7361,21.8583]]],[[[69.313,22.3049],[69.3077,22.3026],[69.3098,22.3089],[69.313,22.3049]]],[[[69.3258,22.3288],[69.3258,22.3313],[69.3279,22.3308],[69.3258,22.3288]]],[[[91.1547,22.1341],[91.1494,22.1318],[91.1514,22.1381],[91.1547,22.1341]]],[[[72.4229,22.2033],[72.4154,22.205],[72.4175,22.2079],[72.4229,22.2033]]],[[[89.5797,22.2321],[89.578,22.2244],[89.575,22.2333],[89.5797,22.2321]]],[[[90.4972,22.1371],[90.5125,22.1542],[90.5118,22.1382],[90.4972,22.1371]]],[[[91.0042,22.1542],[91.0076,22.1426],[91.0011,22.1371],[91.0042,22.1542]]],[[[90.5125,22.1542],[90.5256,22.1615],[90.5241,22.1452],[90.5125,22.1542]]],[[[90.8986,22.2208],[90.8912,22.2299],[90.9013,22.2756],[90.912,22.2604],[90.8986,22.2208]]],[[[91.0042,22.1542],[90.9971,22.1631],[91.0034,22.1615],[91.0042,22.1542]]],[[[90.8547,22.1799],[90.8494,22.1776],[90.8514,22.1839],[90.8547,22.1799]]],[[[90.838,22.1799],[90.8327,22.1776],[90.8348,22.1839],[90.838,22.1799]]],[[[90.908,22.2896],[90.9037,22.2891],[90.9068,22.2919],[90.908,22.2896]]],[[[90.9319,22.2417],[90.9206,22.2471],[90.9354,22.2912],[90.9464,22.2863],[90.9319,22.2417]]],[[[89.8922,21.9631],[89.8869,21.9607],[89.8908,21.9705],[89.8922,21.9631]]],[[[88.0528,21.9083],[88.0465,21.9397],[88.072,21.9999],[88.1465,22.0273],[88.0909,21.9301],[88.0528,21.9083]]],[[[90.9538,22.0146],[90.9495,22.0141],[90.9527,22.0169],[90.9538,22.0146]]],[[[90.8073,22.0463],[90.8008,22.0382],[90.7995,22.0448],[90.8073,22.0463]]],[[[91.0569,22.0208],[91.055,22.0582],[91.0882,22.0657],[91.0867,22.0467],[91.0569,22.0208]]],[[[90.9615,22.0422],[90.9553,22.0295],[90.9494,22.0231],[90.9615,22.0422]]],[[[90.8589,21.9903],[90.8467,21.9798],[90.8531,21.9922],[90.8589,21.9903]]],[[[90.8285,21.9895],[90.8077,21.98],[90.8243,22.0007],[90.8285,21.9895]]],[[[89.9002,21.9929],[89.8786,21.9935],[89.8992,21.9993],[89.9002,21.9929]]],[[[89.9137,22.0089],[89.9136,22.0006],[89.908,22.0071],[89.9137,22.0089]]],[[[90.8661,22.0021],[90.8577,22.0009],[90.8596,22.009],[90.8661,22.0021]]],[[[90.8444,21.9917],[90.8327,22.0079],[90.8412,22.0215],[90.8506,22.0197],[90.8444,21.9917]]],[[[90.9885,22.0871],[91.0339,22.0716],[91.0286,22.052],[90.9843,22.0215],[90.9714,22.0522],[90.9885,22.0871]]],[[[89.8792,22.0917],[89.8868,22.0716],[89.8675,22.058],[89.8792,22.0917]]],[[[90.8944,22.0458],[90.8744,22.0576],[90.887,22.0756],[90.9006,22.0671],[90.8944,22.0458]]],[[[69.0842,22.4923],[69.0923,22.4904],[69.0833,22.4833],[69.0842,22.4923]]],[[[69.3672,22.5135],[69.3353,22.5047],[69.3133,22.5242],[69.3531,22.5286],[69.3672,22.5135]]],[[[69.3925,22.4887],[69.3916,22.4862],[69.3896,22.4883],[69.3925,22.4887]]],[[[69.1464,22.4619],[69.1132,22.4615],[69.1124,22.4389],[69.0827,22.4218],[69.0924,22.4615],[69.1287,22.4798],[69.145,22.4785],[69.1464,22.4619]]],[[[91.2994,22.3938],[91.291,22.3926],[91.2929,22.4006],[91.2994,22.3938]]],[[[91.2653,22.4],[91.2411,22.4157],[91.247,22.4381],[91.2714,22.43],[91.2653,22.4]]],[[[91.2944,22.425],[91.2801,22.4256],[91.2678,22.4498],[91.2824,22.4534],[91.2944,22.425]]],[[[69.1444,22.45],[69.1369,22.4565],[69.1425,22.459],[69.1444,22.45]]],[[[69.3236,22.45],[69.3009,22.4507],[69.2972,22.4756],[69.3242,22.4743],[69.3236,22.45]]],[[[90.7486,22.8167],[90.7369,22.8286],[90.7386,22.8381],[90.7585,22.8262],[90.7486,22.8167]]],[[[90.613,22.9216],[90.6077,22.9193],[90.6098,22.9256],[90.613,22.9216]]],[[[90.8361,22.6292],[90.8285,22.6301],[90.8324,22.634],[90.8361,22.6292]]],[[[90.8086,22.6406],[90.8009,22.6455],[90.8074,22.6503],[90.8086,22.6406]]],[[[91.5319,22.3833],[91.4797,22.3926],[91.4214,22.4978],[91.4047,22.5855],[91.4409,22.6172],[91.47,22.6075],[91.5661,22.4689],[91.5744,22.4103],[91.5319,22.3833]]],[[[90.8903,22.4917],[90.8759,22.4968],[90.866,22.5055],[90.8909,22.5076],[90.8903,22.4917]]],[[[69.4089,22.5321],[69.3994,22.5218],[69.401,22.534],[69.4089,22.5321]]],[[[91.2819,22.4958],[91.2618,22.5078],[91.2673,22.523],[91.2804,22.5499],[91.3158,22.5658],[91.3215,22.5502],[91.2819,22.4958]]],[[[90.9911,22.5396],[90.9827,22.5361],[90.9844,22.5465],[90.9911,22.5396]]],[[[91.3903,22.6042],[91.3301,22.6299],[91.3048,22.6603],[91.302,22.7202],[91.3538,22.7156],[91.3999,22.6697],[91.409,22.6546],[91.3903,22.6042]]],[[[90.8533,22.5923],[90.9241,22.5741],[90.9785,22.5272],[90.9867,22.5008],[90.927,22.4881],[90.8369,22.5658],[90.8533,22.5923]]],[[[70.0454,22.5925],[70.0413,22.5933],[70.0416,22.5954],[70.0454,22.5925]]],[[[69.9673,22.6028],[69.9452,22.5972],[69.9466,22.6075],[69.9673,22.6028]]],[[[90.6047,22.9988],[90.5952,22.9884],[90.5968,23.0006],[90.6047,22.9988]]],[[[68.5992,23.2618],[68.5929,23.2579],[68.5917,23.2625],[68.5992,23.2618]]],[[[68.4778,23.35],[68.4702,23.3565],[68.4758,23.359],[68.4778,23.35]]],[[[68.5089,23.3863],[68.4994,23.3759],[68.501,23.3881],[68.5089,23.3863]]],[[[68.5812,23.2619],[68.5881,23.2514],[68.5729,23.2422],[68.5382,23.2635],[68.5369,23.2865],[68.563,23.2801],[68.5549,23.3157],[68.5782,23.3035],[68.5836,23.3199],[68.6111,23.3215],[68.6173,23.2722],[68.5812,23.2619]]],[[[68.5358,23.3481],[68.5114,23.3483],[68.5048,23.3457],[68.5325,23.3451],[68.5403,23.3167],[68.4994,23.3221],[68.4995,23.3497],[68.5373,23.3699],[68.5358,23.3481]]],[[[68.4048,23.4279],[68.3952,23.4186],[68.3968,23.4298],[68.4048,23.4279]]],[[[68.42,23.4118],[68.4134,23.4007],[68.41,23.4131],[68.42,23.4118]]],[[[68.477,23.5323],[68.4667,23.5158],[68.4708,23.5318],[68.4512,23.529],[68.4688,23.5459],[68.477,23.5323]]],[[[68.4104,23.67],[68.4045,23.6708],[68.4116,23.6804],[68.4104,23.67]]],[[[68.4836,23.467],[68.4536,23.4507],[68.4237,23.4168],[68.418,23.4207],[68.4084,23.4445],[68.4425,23.47],[68.4836,23.467]],[[68.4287,23.4433],[68.433,23.4437],[68.4318,23.4461],[68.4287,23.4433]]],[[[68.4129,23.4574],[68.3994,23.4509],[68.4012,23.459],[68.4129,23.4574]]],[[[68.433,23.4062],[68.4287,23.4058],[68.4318,23.4086],[68.433,23.4062]]],[[[68.4888,23.4538],[68.4867,23.4007],[68.4592,23.3993],[68.4579,23.4445],[68.4741,23.457],[68.4888,23.4538]]],[[[68.4821,23.685],[68.477,23.6858],[68.4816,23.6871],[68.4821,23.685]]],[[[67.9992,23.7659],[67.9926,23.7548],[67.9891,23.7673],[67.9992,23.7659]]],[[[68.5946,23.7776],[68.5895,23.7775],[68.5941,23.7796],[68.5946,23.7776]]],[[[68.4529,23.7286],[68.4453,23.7303],[68.4542,23.7333],[68.4529,23.7286]]],[[[68.5033,23.7312],[68.5108,23.7363],[68.512,23.7317],[68.5033,23.7312]]],[[[68.5941,23.7446],[68.5637,23.73],[68.5954,23.7475],[68.5941,23.7446]]],[[[67.7667,23.8292],[67.7625,23.822],[67.7581,23.8283],[67.7667,23.8292]]],[[[67.58,23.8712],[67.585,23.8671],[67.5788,23.8692],[67.58,23.8712]]],[[[67.4266,23.9646],[67.425,23.9521],[67.4138,23.9608],[67.4266,23.9646]]],[[[68.642,23.7834],[68.632,23.7825],[68.6441,23.7896],[68.642,23.7834]]],[[[68.5845,23.785],[68.5812,23.7884],[68.585,23.7904],[68.5845,23.785]]],[[[68.6045,23.7917],[68.5887,23.7875],[68.6041,23.7938],[68.6045,23.7917]]],[[[68.6324,23.8013],[68.6316,23.8063],[68.6354,23.8059],[68.6324,23.8013]]],[[[68.6137,23.8026],[68.6087,23.8025],[68.6133,23.8046],[68.6137,23.8026]]],[[[68.609,23.8111],[68.5924,23.7965],[68.5935,23.8173],[68.609,23.8111]]],[[[90.6369,22.9367],[90.6506,22.9353],[90.6545,22.9301],[90.6369,22.9367]]],[[[90.641,22.9532],[90.6257,22.9426],[90.6161,22.9694],[90.641,22.9532]]],[[[67.4406,23.9755],[67.4342,23.9674],[67.4329,23.9739],[67.4406,23.9755]]],[[[67.3278,24.2042],[67.316,24.205],[67.3175,24.2382],[67.3293,24.2263],[67.3278,24.2042]]],[[[67.3006,24.3256],[67.2913,24.3274],[67.299,24.3337],[67.3006,24.3256]]],[[[67.2444,24.5042],[67.2369,24.5107],[67.2425,24.5131],[67.2444,24.5042]]],[[[67.1528,24.7333],[67.116,24.743],[67.1176,24.7548],[67.1355,24.7535],[67.1528,24.7333]]],[[[66.7078,24.9054],[66.7113,24.9087],[66.7125,24.9042],[66.7078,24.9054]]],[[[91.4537,25.8697],[91.447,25.8596],[91.4272,25.8728],[91.3837,25.8372],[91.3648,25.8451],[91.4225,25.8835],[91.4537,25.8697]]],[[[76.3575,31.7741],[76.3476,31.7712],[76.3375,31.7833],[76.3575,31.7741]]],[[[75.5,32.5792],[75.5131,32.6408],[75.5631,32.6196],[75.5366,32.5798],[75.5,32.5792]]],[[[72.9417,33.8083],[72.9458,33.8125],[72.9458,33.8083],[72.9417,33.8083]]],[[[69.1846,22.3625],[69.1812,22.3633],[69.1816,22.3645],[69.1846,22.3625]]],[[[69.2172,22.3841],[69.2119,22.3818],[69.2139,22.3881],[69.2172,22.3841]]],[[[69.4611,22.35],[69.4383,22.3507],[69.4374,22.3574],[69.4521,22.3619],[69.4611,22.35]]],[[[90.6333,22.3708],[90.6405,22.3625],[90.6341,22.3581],[90.6333,22.3708]]],[[[69.3361,22.3708],[69.3203,22.3822],[69.3218,22.3868],[69.3422,22.3903],[69.3361,22.3708]]],[[[69.4907,22.4006],[69.4799,22.3882],[69.4786,22.3991],[69.4907,22.4006]]],[[[91.0083,22.0917],[91.0672,22.2451],[91.0721,22.4294],[91.1282,22.4076],[91.1578,22.3647],[91.1964,22.2841],[91.1953,22.2353],[91.1702,22.1676],[91.1355,22.1256],[91.0593,22.0744],[91.0083,22.0917]]],[[[91.0153,22.2333],[91.0035,22.2495],[91.0215,22.2704],[91.011,22.3417],[91.0381,22.3091],[91.0153,22.2333]]],[[[90.9194,22.2917],[90.9048,22.3021],[90.9321,22.3583],[90.941,22.3354],[90.9194,22.2917]]],[[[90.6153,22.2583],[90.6298,22.3438],[90.6493,22.3534],[90.6535,22.2885],[90.6153,22.2583]]],[[[90.8847,22.4],[90.8861,22.3333],[90.876,22.3631],[90.858,22.3467],[90.8847,22.4]]],[[[90.6569,22.3542],[90.6549,22.3868],[90.6659,22.3874],[90.6673,22.364],[90.6569,22.3542]]],[[[69.2823,22.4213],[69.2758,22.4132],[69.2745,22.4198],[69.2823,22.4213]]],[[[91.0393,22.3753],[91.059,22.3715],[91.0576,22.3466],[91.0299,22.3341],[91.0006,22.3729],[90.9882,22.4575],[91.023,22.4619],[91.0548,22.4382],[91.0393,22.3753]]],[[[90.9778,22.3708],[90.9493,22.3827],[90.9577,22.4188],[90.9452,22.4373],[90.9664,22.4507],[90.9882,22.411],[90.9778,22.3708]]],[[[69.6403,22.4042],[69.5962,22.4218],[69.5882,22.4449],[69.6243,22.4631],[69.645,22.4533],[69.6589,22.4321],[69.6403,22.4042]]]]}}