{"type":"Feature","properties":{"speciesId":410,"category":"LC","source":"IUCN Red List","simplifyTol":0.01,"clippedToSubcontinent":true},"geometry":{"type":"MultiPolygon","coordinates":[[[[73.4654,4.9799],[73.4421,4.9766],[73.4634,4.9888],[73.4654,4.9799]]],[[[73.6317,5.3904],[73.6333,5.3737],[73.6304,5.3833],[73.6317,5.3904]]],[[[73.6313,5.4033],[73.6287,5.4108],[73.63,5.4112],[73.6313,5.4033]]],[[[73.3471,5.4383],[73.3454,5.4399],[73.3475,5.4412],[73.3471,5.4383]]],[[[73.3538,5.4475],[73.3504,5.45],[73.3508,5.4512],[73.3538,5.4475]]],[[[73.015,5.4579],[73.0279,5.4542],[73.0096,5.4549],[73.015,5.4579]]],[[[73.3887,5.7116],[73.3871,5.715],[73.3883,5.7154],[73.3887,5.7116]]],[[[73.3421,5.7433],[73.3379,5.7383],[73.3358,5.7462],[73.3421,5.7433]]],[[[73.3871,5.7692],[73.3962,5.7742],[73.3974,5.7671],[73.3871,5.7692]]],[[[73.1304,6.9025],[73.1262,6.9033],[73.1291,6.9054],[73.1304,6.9025]]],[[[72.9121,6.9608],[72.9063,6.9616],[72.9058,6.9721],[72.9121,6.9608]]],[[[80.6583,7.6583],[80.6542,7.6625],[80.6554,7.6672],[80.6583,7.6583]]],[[[73.3837,5.9717],[73.4096,5.9458],[73.41,5.9396],[73.3837,5.9717]]],[[[73.1992,6.0029],[73.2096,5.9984],[73.1946,5.995],[73.1992,6.0029]]],[[[73.032,6.7449],[73.0379,6.745],[73.0366,6.7396],[73.032,6.7449]]],[[[79.7863,8.0608],[79.7838,8.0625],[79.7858,8.0629],[79.7863,8.0608]]],[[[79.7413,8.1271],[79.737,8.1266],[79.7402,8.1294],[79.7413,8.1271]]],[[[79.7763,8.0641],[79.7746,8.0667],[79.7758,8.0671],[79.7763,8.0641]]],[[[79.7823,8.0755],[79.7758,8.0674],[79.7745,8.0739],[79.7823,8.0755]]],[[[79.7964,8.1674],[79.7911,8.1651],[79.7931,8.1714],[79.7964,8.1674]]],[[[79.7828,8.1896],[79.7744,8.1861],[79.776,8.1965],[79.7828,8.1896]]],[[[79.7864,8.2213],[79.78,8.2132],[79.7787,8.2198],[79.7864,8.2213]]],[[[79.7823,8.2421],[79.7758,8.234],[79.7745,8.2406],[79.7823,8.2421]]],[[[73.7867,15.3576],[73.7592,15.3507],[73.7579,15.3573],[73.7867,15.3576]]],[[[75.1428,13.673],[75.1049,13.6781],[75.1031,13.6656],[75.1306,13.6567],[75.1125,13.6308],[75.1357,13.6323],[75.1133,13.6188],[75.1025,13.6294],[75.1169,13.6525],[75.1028,13.6592],[75.0881,13.6511],[75.0915,13.6238],[75.0802,13.6452],[75.0496,13.6239],[75.0353,13.6412],[75.0439,13.6758],[75.0827,13.6585],[75.0881,13.6875],[75.1233,13.6758],[75.1076,13.7031],[75.1428,13.673]]],[[[74.8414,14.1114],[74.8194,14.0864],[74.8512,14.1025],[74.8876,14.0951],[74.8594,14.0786],[74.8783,14.0869],[74.9,14.07],[74.8796,14.0181],[74.895,14.0439],[74.92,14.036],[74.9122,13.998],[74.8595,14.0125],[74.8537,14.0382],[74.8042,14.025],[74.7839,14.0344],[74.7748,14.0948],[74.8414,14.1114]]],[[[79.6492,10.2971],[79.6475,10.2987],[79.6496,10.2983],[79.6492,10.2971]]],[[[79.642,10.3092],[79.6371,10.3083],[79.6408,10.3104],[79.642,10.3092]]],[[[75.6958,11.9875],[75.6833,11.9875],[75.6833,11.9917],[75.6958,11.9875]]],[[[73.8005,15.3821],[73.791,15.3718],[73.7926,15.384],[73.8005,15.3821]]],[[[97.6077,16.2062],[97.5917,16.1972],[97.6014,16.2381],[97.6077,16.2062]]],[[[97.584,16.3992],[97.5923,16.3856],[97.5833,16.3792],[97.584,16.3992]]],[[[97.6125,16.2875],[97.6237,16.3047],[97.6281,16.2831],[97.6125,16.2875]]],[[[97.6119,16.2728],[97.5853,16.2506],[97.5661,16.2784],[97.5907,16.3422],[97.6119,16.2728]]],[[[73.4653,15.8833],[73.4536,15.8888],[73.4638,15.9006],[73.4714,15.8988],[73.4653,15.8833]]],[[[73.4455,16.1021],[73.4412,16.1016],[73.4443,16.1044],[73.4455,16.1021]]],[[[72.7361,19.4542],[72.7244,19.462],[72.7261,19.4715],[72.7381,19.4699],[72.7361,19.4542]]],[[[72.9131,18.9611],[72.8952,18.9402],[72.8977,18.9673],[72.9131,18.9611]]],[[[94.0244,19.0092],[94.0324,19.0172],[94.0333,19.0083],[94.0244,19.0092]]],[[[94.0111,19.0917],[93.991,19.1037],[94.0079,19.1173],[94.0215,19.1111],[94.0111,19.0917]]],[[[94.0371,19.3858],[94.025,19.3792],[94.025,19.3917],[94.0371,19.3858]]],[[[97.3861,16.4417],[97.3969,16.5037],[97.4381,16.5239],[97.3923,16.4647],[97.3861,16.4417]]],[[[94.0903,18.05],[94.0785,18.0557],[94.08,18.0757],[94.1007,18.0741],[94.0903,18.05]]],[[[94.4873,17.7609],[94.4759,17.7616],[94.4866,17.767],[94.4873,17.7609]]],[[[94.4946,17.7619],[94.4913,17.7655],[94.4958,17.7667],[94.4946,17.7619]]],[[[94.3292,18.3708],[94.3127,18.3784],[94.3283,18.3796],[94.3292,18.3708]]],[[[72.866,18.63],[72.8621,18.6363],[72.8667,18.6375],[72.866,18.63]]],[[[72.8153,18.7],[72.8077,18.7065],[72.8133,18.709],[72.8153,18.7]]],[[[72.8464,18.7091],[72.8411,18.7068],[72.8431,18.7131],[72.8464,18.7091]]],[[[79.7944,8.2792],[79.7869,8.2857],[79.7925,8.2881],[79.7944,8.2792]]],[[[79.8111,8.4],[79.7994,8.4077],[79.8011,8.4173],[79.8077,8.4105],[79.8111,8.4]]],[[[79.8005,8.4299],[79.7952,8.4276],[79.7973,8.4339],[79.8005,8.4299]]],[[[79.8028,8.2917],[79.791,8.2995],[79.7928,8.309],[79.8048,8.3074],[79.8028,8.2917]]],[[[79.8131,8.3407],[79.805,8.3174],[79.8011,8.3423],[79.8131,8.3407]]],[[[79.7611,8.3083],[79.776,8.3798],[79.7829,8.3782],[79.7911,8.3688],[79.7611,8.3083]]],[[[79.902,9.6131],[79.8369,9.6995],[79.8587,9.7052],[79.8494,9.7159],[79.8659,9.7673],[80.0326,9.8256],[80.0743,9.8119],[80.2034,9.8381],[80.2525,9.8288],[80.3767,9.6545],[80.8038,9.3066],[80.9667,8.9875],[81.0384,8.8839],[81.0645,8.8631],[81.0825,8.87],[81.1131,8.8061],[81.2298,8.6546],[81.2202,8.6174],[81.2345,8.5834],[81.2495,8.5813],[81.2493,8.5427],[81.2293,8.5302],[81.2281,8.5715],[81.1955,8.5593],[81.2173,8.5486],[81.2169,8.5093],[81.1958,8.5042],[81.205,8.4717],[81.2782,8.4673],[81.2804,8.5082],[81.3201,8.5297],[81.3579,8.4938],[81.3964,8.3593],[81.4129,8.2309],[81.4462,8.1267],[81.4657,8.117],[81.4714,8.052],[81.5286,7.9869],[81.5548,7.9948],[81.5469,7.9502],[81.5881,7.9236],[81.566,7.9087],[81.5845,7.8418],[81.6242,7.8279],[81.6429,7.7876],[81.7074,7.749],[81.7577,7.6688],[81.8663,7.3399],[81.858,7.1267],[81.8786,7.0103],[81.8455,6.9059],[81.8496,6.8726],[81.8333,6.8542],[81.8422,6.8384],[81.825,6.8167],[81.8286,6.7645],[81.7744,6.6718],[81.7654,6.596],[81.695,6.4842],[81.6212,6.4324],[81.6033,6.3965],[81.5046,6.349],[81.4868,6.3134],[81.3462,6.224],[81.3282,6.1964],[81.1875,6.1583],[81.1271,6.1171],[80.9976,6.0996],[80.8716,6.0575],[80.863,6.041],[80.8083,6.0375],[80.7813,6.0048],[80.7544,5.9992],[80.7407,5.9702],[80.7263,5.9792],[80.7253,5.9591],[80.6263,5.9457],[80.5943,5.916],[80.5583,5.9417],[80.477,5.934],[80.4466,5.9424],[80.438,5.9715],[80.4171,5.9535],[80.2421,6.0035],[80.2363,6.0284],[80.2218,6.0336],[80.2199,6.0203],[80.1923,6.0383],[80.1009,6.1259],[80.0589,6.1936],[80.0339,6.2603],[80.0297,6.3257],[79.9661,6.4632],[79.9797,6.5132],[79.8714,6.7853],[79.8369,6.9382],[79.866,6.9718],[79.8663,7.0066],[79.8163,7.1858],[79.8417,7.275],[79.7881,7.5311],[79.7955,7.7108],[79.7048,8.052],[79.691,8.1996],[79.7314,8.2334],[79.7512,8.3],[79.7713,8.3032],[79.7592,8.2799],[79.7881,8.2674],[79.7702,8.2421],[79.7744,8.2146],[79.7694,8.2035],[79.7555,8.2208],[79.741,8.2004],[79.751,8.1789],[79.7715,8.1814],[79.7298,8.1354],[79.734,8.0854],[79.759,8.0653],[79.7423,8.0104],[79.777,7.984],[79.8281,7.983],[79.8327,8.0188],[79.7868,8.0748],[79.834,8.138],[79.8052,8.1669],[79.8215,8.1921],[79.7883,8.2368],[79.8075,8.2382],[79.8324,8.2926],[79.8422,8.4314],[79.8619,8.452],[79.8673,8.5355],[79.916,8.5508],[79.9583,8.7271],[79.9119,8.8162],[79.9285,8.8897],[79.8917,8.9613],[79.7938,9.0452],[79.6874,9.0887],[79.7313,9.1119],[79.8605,9.0785],[79.9298,9.0153],[79.8785,9.0273],[79.9298,8.9861],[79.8994,8.9653],[79.926,8.9494],[79.9875,8.9792],[80.0145,9.0161],[80.0364,9.0164],[80.0708,9.075],[80.0756,9.1313],[80.0958,9.1542],[80.1215,9.2611],[80.1091,9.2675],[80.1215,9.2966],[80.108,9.3114],[80.0508,9.33],[80.0494,9.3838],[80.1839,9.4784],[80.148,9.5328],[80.0494,9.597],[80.0865,9.6236],[80.0688,9.6369],[80.009,9.6409],[80.0083,9.6097],[79.988,9.5952],[79.9338,9.6298],[79.902,9.6131]],[[79.8996,9.678],[79.903,9.6744],[79.9042,9.6792],[79.8996,9.678]],[[79.9105,9.6797],[79.9365,9.6827],[79.9333,9.6598],[79.9729,9.6338],[79.989,9.6589],[80.0125,9.65],[79.995,9.6865],[79.9429,9.6869],[79.9203,9.7397],[79.9,9.7458],[79.8869,9.7071],[79.9105,9.6797]],[[80.3916,9.5133],[80.3916,9.5134],[80.3901,9.5148],[80.3916,9.5133]],[[80.3895,9.5138],[80.3905,9.5167],[80.3841,9.5171],[80.3895,9.5138]],[[79.7667,8.2667],[79.7756,8.2675],[79.7676,8.2756],[79.7667,8.2667]],[[79.7621,8.2655],[79.7655,8.2619],[79.7667,8.2667],[79.7621,8.2655]],[[79.8721,9.7048],[79.8702,9.6968],[79.8837,9.7032],[79.8721,9.7048]],[[80.1712,9.6548],[80.1709,9.6536],[80.1737,9.653],[80.1712,9.6548]],[[80.0912,9.6476],[80.0908,9.6491],[80.0898,9.6494],[80.0912,9.6476]],[[80.1029,9.6405],[80.1021,9.641],[80.1013,9.6411],[80.1029,9.6405]],[[80.2374,9.6233],[80.2313,9.6285],[80.2183,9.6334],[80.2374,9.6233]],[[80.1227,9.6327],[80.1232,9.6325],[80.123,9.6327],[80.1227,9.6327]],[[80.2447,9.6194],[80.2438,9.6202],[80.2426,9.6206],[80.2447,9.6194]],[[80.2649,9.6081],[80.2605,9.6119],[80.2576,9.6123],[80.2649,9.6081]],[[80.123,9.6072],[80.123,9.6077],[80.1213,9.608],[80.123,9.6072]],[[80.2783,9.5989],[80.2813,9.5994],[80.2724,9.6037],[80.2783,9.5989]],[[80.1865,9.5862],[80.1855,9.5869],[80.1848,9.5871],[80.1865,9.5862]],[[80.109,9.5843],[80.1111,9.5832],[80.1089,9.5852],[80.109,9.5843]],[[80.1971,9.5804],[80.1938,9.5827],[80.1916,9.5834],[80.1971,9.5804]],[[80.35,9.55],[80.3396,9.5619],[80.3355,9.5623],[80.35,9.55]],[[80.361,9.5407],[80.3655,9.5374],[80.3553,9.5455],[80.361,9.5407]],[[80.387,9.5274],[80.386,9.5294],[80.3844,9.528],[80.387,9.5274]],[[80.4085,9.5194],[80.4096,9.5214],[80.4061,9.521],[80.4085,9.5194]],[[80.4154,9.508],[80.4151,9.5101],[80.4108,9.5122],[80.4154,9.508]],[[80.4679,9.505],[80.4705,9.5062],[80.4698,9.5077],[80.4679,9.505]],[[80.4792,9.4958],[80.4853,9.4964],[80.4789,9.5031],[80.4792,9.4958]],[[80.5508,9.4898],[80.5664,9.4815],[80.5483,9.4932],[80.5508,9.4898]],[[80.4998,9.4816],[80.5028,9.4792],[80.5032,9.4797],[80.4998,9.4816]],[[80.2585,9.4893],[80.2579,9.4887],[80.2593,9.4883],[80.2585,9.4893]],[[80.2674,9.4735],[80.2708,9.475],[80.2675,9.4741],[80.2674,9.4735]],[[80.6898,9.3915],[80.6736,9.4076],[80.6859,9.394],[80.6898,9.3915]],[[80.8802,9.0264],[80.9016,9.0428],[80.9289,9.0135],[80.9033,9.0451],[80.8802,9.0264]],[[80.9208,8.997],[80.9259,8.9983],[80.924,9.0015],[80.9208,8.997]],[[80.9442,8.995],[80.9398,8.9996],[80.9411,8.9979],[80.9442,8.995]],[[80.9541,8.9859],[80.9567,8.9869],[80.9525,8.9874],[80.9541,8.9859]],[[80.9323,8.9669],[80.9264,8.9625],[80.9296,8.9621],[80.9323,8.9669]],[[80.9171,8.9673],[80.9162,8.966],[80.9231,8.963],[80.9171,8.9673]],[[80.9434,8.9336],[80.9465,8.9366],[80.9431,8.9359],[80.9434,8.9336]],[[81.1575,8.5422],[81.1572,8.5408],[81.1652,8.5367],[81.1605,8.5411],[81.1575,8.5422]],[[81.1528,8.5383],[81.1507,8.5366],[81.1506,8.5356],[81.1528,8.5383]],[[81.1785,8.5231],[81.1798,8.5248],[81.1683,8.5337],[81.1785,8.5231]],[[80.6063,8.4213],[80.6577,8.4384],[80.6625,8.4875],[80.6073,8.5006],[80.5938,8.4879],[80.5167,8.5167],[80.5462,8.4475],[80.6063,8.4213]],[[81.125,8.5083],[81.1256,8.5068],[81.1287,8.5087],[81.125,8.5083]],[[79.7995,8.2266],[79.8038,8.2271],[79.8027,8.2294],[79.7995,8.2266]],[[79.7912,8.0766],[79.7955,8.0771],[79.7943,8.0794],[79.7912,8.0766]],[[79.7401,8.2468],[79.7493,8.2478],[79.7505,8.2491],[79.7442,8.2498],[79.7401,8.2468]],[[81.225,7.7875],[81.1645,7.7953],[81.125,7.7542],[81.141,7.7146],[81.1164,7.7033],[81.1136,7.6081],[81.1699,7.6131],[81.1881,7.6658],[81.2035,7.6717],[81.225,7.7875]],[[81.6012,7.7672],[81.6074,7.7665],[81.633,7.7486],[81.6147,7.7661],[81.6012,7.7672]],[[81.5974,7.7588],[81.583,7.7392],[81.5845,7.7301],[81.5921,7.748],[81.5974,7.7588]],[[81.6365,7.7461],[81.637,7.7462],[81.6363,7.7463],[81.6365,7.7461]],[[81.6584,7.7372],[81.6575,7.7408],[81.6524,7.7421],[81.6584,7.7372]],[[81.6828,7.7149],[81.6845,7.7222],[81.6866,7.7247],[81.6841,7.7242],[81.6828,7.7149]],[[81.705,7.7158],[81.7,7.7042],[81.7083,7.7167],[81.705,7.7158]],[[81.6573,7.709],[81.65,7.7113],[81.653,7.7071],[81.6573,7.709]],[[81.6717,7.691],[81.6875,7.6917],[81.6693,7.7034],[81.6717,7.691]],[[81.7436,7.6381],[81.7425,7.637],[81.7445,7.637],[81.7436,7.6381]],[[81.6936,7.6297],[81.6933,7.6327],[81.6913,7.6322],[81.6936,7.6297]],[[81.0262,7.6339],[80.9439,7.5797],[80.8792,7.5667],[80.8719,7.5216],[80.8409,7.5826],[80.7958,7.5917],[80.7864,7.6711],[80.7659,7.6661],[80.718,7.6923],[80.6885,7.6494],[80.6507,7.6812],[80.6492,7.6993],[80.6076,7.6953],[80.5833,7.7167],[80.5712,7.7108],[80.5839,7.6757],[80.5703,7.5424],[80.58,7.4925],[80.6083,7.4932],[80.6036,7.5674],[80.6167,7.5917],[80.6542,7.5833],[80.6328,7.5093],[80.6505,7.4021],[80.674,7.3661],[80.7163,7.3899],[80.7256,7.3051],[80.7837,7.2525],[80.7827,7.275],[80.75,7.3053],[80.7485,7.3153],[80.7861,7.2766],[80.7893,7.2556],[80.799,7.2544],[80.8007,7.25],[80.7562,7.2505],[80.7682,7.2389],[80.7646,7.2329],[80.7497,7.25],[80.742,7.2377],[80.7189,7.2703],[80.6708,7.2833],[80.5917,7.2542],[80.6036,7.1936],[80.5708,7.1604],[80.5754,7.1149],[80.5542,7.0833],[80.5449,7.0922],[80.4676,7.0619],[80.4583,6.9792],[80.4417,6.9667],[80.5047,6.8696],[80.4922,6.8522],[80.4965,6.7884],[80.5625,6.7708],[80.5542,6.7458],[80.6038,6.7157],[80.6375,6.65],[80.725,6.6417],[80.7378,6.6053],[80.7167,6.6083],[80.7091,6.58],[80.7762,6.5411],[80.8583,6.5708],[80.8905,6.5622],[80.9216,6.5992],[80.9854,6.6208],[81.0004,6.61],[80.9917,6.5813],[81.0342,6.5217],[81.0917,6.4958],[81.1658,6.5425],[81.1759,6.645],[81.2083,6.5958],[81.2396,6.5792],[81.2875,6.6262],[81.275,6.6863],[81.2992,6.6909],[81.3208,6.6542],[81.3774,6.6587],[81.4125,6.6792],[81.3772,6.7286],[81.3282,6.7244],[81.3048,6.7384],[81.3292,6.8354],[81.3083,6.9313],[81.3417,6.975],[81.3203,7.076],[81.3576,7.1009],[81.3583,7.1396],[81.3292,7.15],[81.3066,7.1871],[81.2691,7.1996],[81.2552,7.1911],[81.2255,7.209],[81.1967,7.1928],[81.2045,7.2267],[81.167,7.3142],[81.1667,7.3813],[81.1375,7.3875],[81.125,7.4437],[81.1215,7.5796],[81.1039,7.5926],[81.1083,7.6125],[81.0262,7.6339]],[[81.771,7.5859],[81.7714,7.5863],[81.7706,7.5865],[81.771,7.5859]],[[81.7624,7.5693],[81.7695,7.5676],[81.7694,7.5747],[81.7624,7.5693]],[[81.7537,7.56],[81.7573,7.5619],[81.7568,7.5628],[81.7537,7.56]],[[81.7705,7.4925],[81.7753,7.4991],[81.7692,7.4997],[81.7705,7.4925]],[[81.8042,7.4917],[81.7909,7.4753],[81.8029,7.4707],[81.8042,7.4917]],[[81.7681,7.4693],[81.7634,7.4743],[81.7591,7.4594],[81.7681,7.4693]],[[81.7838,7.4604],[81.7872,7.4546],[81.7861,7.4634],[81.7838,7.4604]],[[81.7785,7.4813],[81.7765,7.4828],[81.7786,7.4809],[81.7785,7.4813]],[[80.3212,7.7184],[80.3333,7.75],[80.2333,7.7375],[80.2601,7.7045],[80.2917,7.7167],[80.2923,7.6967],[80.3699,7.6369],[80.3958,7.6458],[80.3673,7.6592],[80.3212,7.7184]],[[81.1875,6.1625],[81.2007,6.1747],[81.1914,6.184],[81.1792,6.1792],[81.1875,6.1625]],[[79.9035,9.7551],[79.9007,9.7616],[79.9,9.7542],[79.9035,9.7551]]],[[[79.7944,8.4458],[79.7744,8.4912],[79.7805,8.5131],[79.7881,8.5112],[79.7944,8.4458]]],[[[81.2288,8.5146],[81.2245,8.5141],[81.2277,8.5169],[81.2288,8.5146]]],[[[81.2069,8.7208],[81.1994,8.7218],[81.2033,8.7256],[81.2069,8.7208]]],[[[79.595,9.0846],[79.595,9.0787],[79.5913,9.0833],[79.595,9.0846]]],[[[79.6545,9.0741],[79.6368,9.0675],[79.6388,9.0757],[79.6545,9.0741]]],[[[79.595,9.0721],[79.5908,9.0754],[79.5963,9.075],[79.595,9.0721]]],[[[79.6819,9.0708],[79.6702,9.0717],[79.6784,9.0798],[79.6819,9.0708]]],[[[79.6033,9.0779],[79.6025,9.0729],[79.5996,9.0766],[79.6033,9.0779]]],[[[78.4949,9.096],[78.4883,9.0881],[78.4873,9.0949],[78.4949,9.096]]],[[[79.56,9.0929],[79.5575,9.0963],[79.5612,9.0941],[79.56,9.0929]]],[[[78.5406,9.1088],[78.5342,9.1007],[78.5329,9.1073],[78.5406,9.1088]]],[[[79.5341,9.1063],[79.5409,9.1029],[79.5338,9.1049],[79.5341,9.1063]]],[[[78.5881,9.1089],[78.5708,9.1069],[78.5819,9.1167],[78.5881,9.1089]]],[[[79.5396,9.0916],[79.5363,9.095],[79.5383,9.0954],[79.5396,9.0916]]],[[[79.5476,9.0979],[79.545,9.0938],[79.5437,9.0967],[79.5476,9.0979]]],[[[79.5742,9.0929],[79.5758,9.0862],[79.5729,9.0875],[79.5742,9.0929]]],[[[79.5863,9.0908],[79.5829,9.0925],[79.5858,9.0929],[79.5863,9.0908]]],[[[79.4863,9.125],[79.4829,9.125],[79.4833,9.1262],[79.4863,9.125]]],[[[79.4763,9.1316],[79.4737,9.1333],[79.475,9.1338],[79.4763,9.1316]]],[[[79.465,9.1413],[79.4617,9.1388],[79.4612,9.14],[79.465,9.1413]]],[[[78.6989,9.1588],[78.6925,9.1507],[78.6912,9.1573],[78.6989,9.1588]]],[[[78.7339,9.1549],[78.7286,9.1526],[78.7306,9.1589],[78.7339,9.1549]]],[[[79.4504,9.1442],[79.4575,9.1437],[79.4604,9.1408],[79.4504,9.1442]]],[[[79.4588,9.1458],[79.4563,9.1492],[79.4583,9.1504],[79.4588,9.1458]]],[[[78.8327,9.1687],[78.8121,9.1609],[78.8265,9.1757],[78.8327,9.1687]]],[[[78.9396,9.1798],[78.9028,9.175],[78.8952,9.176],[78.9207,9.1882],[78.9396,9.1798]]],[[[78.9678,9.1922],[78.9677,9.184],[78.9622,9.1904],[78.9678,9.1922]]],[[[79.0687,9.2119],[79.0953,9.1979],[79.0583,9.2027],[79.0687,9.2119]]],[[[79.1444,9.2125],[79.1216,9.2132],[79.1209,9.22],[79.1339,9.2213],[79.1444,9.2125]]],[[[80.009,9.2786],[79.9722,9.2785],[79.966,9.2921],[79.9847,9.3125],[80.009,9.2786]]],[[[79.2393,9.2464],[79.2341,9.2382],[79.2288,9.2449],[79.2393,9.2464]]],[[[79.3202,9.2741],[79.4403,9.1583],[79.2897,9.2494],[79.2286,9.259],[79.1995,9.2285],[79.1785,9.2483],[79.199,9.237],[79.2177,9.2952],[79.27,9.2965],[79.2837,9.3197],[79.3216,9.3298],[79.3381,9.3076],[79.3202,9.2741]]],[[[79.5278,9.3958],[79.5216,9.384],[79.5203,9.3949],[79.5278,9.3958]]],[[[79.8906,9.4463],[79.8842,9.4382],[79.8829,9.4448],[79.8906,9.4463]]],[[[80.0215,9.4796],[80.0091,9.4633],[80.0053,9.4881],[80.0215,9.4796]]],[[[79.7278,9.475],[79.6549,9.5009],[79.6506,9.5532],[79.6741,9.5577],[79.6978,9.5339],[79.724,9.5327],[79.7278,9.475]]],[[[79.7778,9.5833],[79.7577,9.6036],[79.7703,9.6256],[79.7798,9.6239],[79.7778,9.5833]]],[[[79.8492,9.6216],[79.8625,9.6458],[79.8616,9.566],[79.7869,9.5869],[79.7955,9.6048],[79.8077,9.5979],[79.8098,9.6298],[79.8261,9.616],[79.8492,9.6216]]],[[[79.8327,9.6217],[79.8408,9.6297],[79.8417,9.6208],[79.8327,9.6217]]],[[[79.7778,9.6417],[79.7631,9.6688],[79.7951,9.6909],[79.7964,9.6805],[79.7778,9.6417]]],[[[79.8153,9.6833],[79.8035,9.6913],[79.8092,9.7173],[79.8173,9.7154],[79.8153,9.6833]]],[[[96.7208,25.5458],[96.7083,25.55],[96.7208,25.55],[96.7208,25.5458]]],[[[82.016,26.3783],[82.0167,26.3708],[82.0125,26.375],[82.016,26.3783]]],[[[96.1542,20.8],[96.1286,20.6966],[96.1342,20.6759],[96.1542,20.675],[96.1536,20.6343],[96.0917,20.5458],[96.147,20.5631],[96.175,20.5542],[96.1532,20.5132],[96.0674,20.4951],[96.0577,20.3806],[96.1,20.2125],[96.0536,20.1488],[96.0587,20.06],[96.1042,20.0375],[96.1205,20.0066],[96.1369,19.8645],[96.1199,19.8004],[96.0909,19.7675],[96.025,19.7708],[96.0256,19.7603],[96.0583,19.725],[96.1542,19.7292],[96.1853,19.6964],[96.2115,19.691],[96.2805,19.6119],[96.3158,19.6132],[96.3258,19.6504],[96.375,19.6125],[96.3661,19.563],[96.3833,19.5375],[96.365,19.5087],[96.3,19.5],[96.3,19.4833],[96.3333,19.4708],[96.3199,19.4465],[96.2925,19.4368],[96.2884,19.3757],[96.3739,19.3789],[96.3907,19.3964],[96.4708,19.4125],[96.5125,19.3167],[96.55,19.3125],[96.5705,19.2816],[96.559,19.205],[96.5798,19.1838],[96.5667,19.1375],[96.5958,19.0708],[96.6358,19.0712],[96.6667,19.0917],[96.6833,19.075],[96.6583,19.025],[96.6792,18.9771],[96.6467,18.9342],[96.6792,18.9208],[96.6758,18.8757],[96.7201,18.8575],[96.7386,18.7952],[96.7748,18.7906],[96.8042,18.7458],[96.6978,18.7077],[96.6801,18.6759],[96.7076,18.6535],[96.7503,18.6566],[96.7875,18.6083],[96.8283,18.5908],[96.8337,18.5267],[96.8591,18.4924],[96.9663,18.4233],[96.8917,18.3375],[96.875,18.3458],[96.8042,18.175],[96.8091,18.1591],[96.8498,18.1632],[96.8854,18.1423],[96.9187,18.1625],[96.9392,18.1455],[96.9542,18.1583],[96.9833,18.1167],[96.9547,18.0772],[96.9667,18.0583],[96.9542,18.0458],[96.9875,18.025],[96.991,17.9812],[96.955,17.9618],[96.9328,17.9179],[97.0333,17.9042],[97.0687,17.9245],[97.0843,17.9036],[97.1292,17.925],[97.1625,17.875],[97.1625,17.8375],[97.2,17.8333],[97.2228,17.862],[97.2992,17.8509],[97.3042,17.9417],[97.322,17.9244],[97.3301,17.9452],[97.3742,17.9493],[97.3833,17.9042],[97.4396,17.9005],[97.5417,17.9292],[97.4962,18.0142],[97.4496,18.1983],[97.3542,18.3667],[97.3494,18.4132],[97.4042,18.4458],[97.3506,18.4677],[97.3452,18.5241],[97.325,18.5333],[97.3422,18.5841],[97.3083,18.6375],[97.3572,18.5997],[97.3589,18.6176],[97.3208,18.6917],[97.3375,18.7],[97.3293,18.8167],[97.1792,18.9833],[97.2292,18.9958],[97.2036,19.0241],[97.2132,19.0533],[97.2542,19.0625],[97.2536,19.0814],[97.2451,19.1074],[97.1882,19.1426],[97.1542,19.2042],[97.185,19.2129],[97.21,19.1996],[97.2371,19.2142],[97.2454,19.2937],[97.2244,19.3801],[97.2333,19.4208],[97.2658,19.4298],[97.2708,19.5292],[97.385,19.5371],[97.4792,19.5667],[97.5458,19.5417],[97.5841,19.4965],[97.6729,19.512],[97.6929,19.4915],[97.7493,19.5214],[97.848,19.5256],[97.8667,19.5792],[97.9688,19.6007],[97.9844,19.6451],[98.0,19.6463],[98.0,18.9458],[97.9686,18.9547],[97.9583,18.975],[97.909,18.9574],[97.8786,18.8882],[97.8922,18.8591],[97.8583,18.8],[97.8962,18.7642],[97.8833,18.7417],[97.9045,18.735],[97.9,18.6792],[97.9333,18.675],[97.9208,18.6708],[97.9208,18.6208],[97.9667,18.6208],[97.9795,18.5101],[98.0,18.4979],[98.0,18.4524],[97.9167,18.375],[98.0,18.3354],[97.9784,18.2715],[97.9547,18.2646],[97.9667,18.2],[98.0,18.1913],[98.0,17.7917],[97.9908,17.7715],[97.9375,17.7708],[97.925,17.7417],[97.955,17.6581],[97.9752,17.6574],[97.9717,17.6378],[98.0,17.6247],[98.0,15.9247],[97.8896,15.8671],[97.8425,15.8884],[97.8369,15.9135],[97.85,15.9292],[97.8333,15.975],[97.752,15.9619],[97.7292,15.9375],[97.6907,15.9827],[97.6217,15.9967],[97.5925,16.03],[97.5838,16.0479],[97.6006,16.0676],[97.5917,16.0958],[97.5748,16.1014],[97.6078,16.1395],[97.6379,16.26],[97.6327,16.3158],[97.6133,16.3133],[97.6048,16.3353],[97.5994,16.4087],[97.6125,16.4458],[97.5797,16.4022],[97.5786,16.3804],[97.5911,16.3688],[97.5577,16.2921],[97.5617,16.2089],[97.5217,16.1965],[97.4756,16.252],[97.4751,16.2905],[97.4535,16.312],[97.466,16.3647],[97.433,16.4767],[97.4705,16.5017],[97.45,16.5111],[97.4704,16.5215],[97.5093,16.4994],[97.5366,16.5075],[97.5,16.5333],[97.4409,16.5381],[97.3603,16.5047],[97.3214,16.5895],[97.3208,16.6542],[97.3063,16.6421],[97.2759,16.6507],[97.2297,16.727],[97.2078,16.8674],[97.2292,16.8833],[97.1991,16.8828],[97.1911,16.9189],[97.1673,16.9344],[97.1797,17.0321],[97.1417,17.1083],[97.1756,17.1757],[97.1622,17.1845],[97.1869,17.2436],[97.1788,17.2892],[97.2,17.35],[97.1491,17.3589],[97.1228,17.3287],[97.1007,17.3506],[97.0833,17.325],[97.0441,17.3295],[97.0108,17.308],[96.9491,17.3172],[96.925,17.3],[96.9205,17.3233],[96.9004,17.3309],[96.9093,17.3616],[96.9743,17.4048],[97.0246,17.4184],[97.0458,17.4667],[97.0245,17.4798],[96.9764,17.4798],[96.9468,17.4497],[96.9403,17.4666],[96.8912,17.4494],[96.7889,17.4631],[96.766,17.4243],[96.775,17.3958],[96.7257,17.4091],[96.6991,17.4535],[96.6532,17.4631],[96.6292,17.4458],[96.5961,17.5053],[96.5537,17.5146],[96.5572,17.5577],[96.5819,17.5801],[96.4715,17.651],[96.4667,17.675],[96.4466,17.68],[96.3958,17.7458],[96.3991,17.8283],[96.3216,17.8966],[96.325,17.9417],[96.2667,17.95],[96.2488,17.8462],[96.2033,17.8092],[96.1625,17.8083],[96.1534,17.7883],[96.0417,17.7875],[95.9333,17.8167],[95.9367,17.8008],[95.9125,17.7792],[95.8733,17.8045],[95.7941,17.7788],[95.7708,17.8125],[95.7463,17.7813],[95.7506,17.7657],[95.7125,17.7292],[95.6091,17.7119],[95.5542,17.7833],[95.5371,17.7225],[95.5458,17.6917],[95.4467,17.6785],[95.4496,17.6309],[95.4208,17.5917],[95.3508,17.5882],[95.3264,17.6173],[95.2792,17.5708],[95.2625,17.6083],[95.2103,17.6078],[95.1964,17.5897],[95.1964,17.5243],[95.1625,17.4708],[95.077,17.5006],[95.0081,17.5866],[94.9464,17.6033],[94.9458,17.539],[94.8958,17.5083],[94.8962,17.4934],[94.965,17.4788],[95.0205,17.4233],[95.0,17.3583],[94.9795,17.3642],[94.9729,17.4125],[94.9275,17.3996],[94.8458,17.425],[94.8336,17.478],[94.8042,17.4875],[94.7745,17.5655],[94.7913,17.6101],[94.7875,17.6542],[94.7233,17.6413],[94.7089,17.6533],[94.7083,17.5792],[94.6854,17.5912],[94.6358,17.5379],[94.5928,17.5419],[94.5717,17.5215],[94.5792,17.575],[94.5667,17.5958],[94.5798,17.6255],[94.5639,17.6465],[94.5508,17.6299],[94.5548,17.6546],[94.5244,17.7111],[94.5327,17.7438],[94.4744,17.7907],[94.4881,17.8243],[94.4744,17.8493],[94.4797,17.8993],[94.4286,17.9907],[94.4298,18.0033],[94.4708,18.0125],[94.4795,18.0642],[94.4286,18.1405],[94.4417,18.1708],[94.4081,18.2029],[94.4215,18.2213],[94.408,18.2447],[94.3174,18.2466],[94.3218,18.3116],[94.338,18.2952],[94.3467,18.3173],[94.3822,18.2827],[94.3785,18.3005],[94.4,18.3181],[94.3923,18.3505],[94.3831,18.3657],[94.3303,18.3668],[94.3292,18.3708],[94.337,18.3896],[94.3161,18.4397],[94.2246,18.5345],[94.2542,18.5417],[94.2327,18.648],[94.1369,18.7324],[94.2083,18.7292],[94.2002,18.7492],[94.1716,18.7588],[94.1702,18.7741],[94.1882,18.7781],[94.1396,18.8202],[94.1076,18.8161],[94.0645,18.8339],[94.0614,18.8503],[94.0203,18.8549],[94.0464,18.9424],[94.0288,19.0017],[94.0465,19.02],[94.0264,19.0215],[94.013,19.0479],[94.0383,19.0714],[94.0487,19.0494],[94.0792,19.0833],[94.0257,19.0801],[94.0297,19.1064],[94.0542,19.1208],[94.0297,19.1311],[94.0506,19.2424],[94.0378,19.303],[94.0381,19.2118],[94.0083,19.1792],[94.0075,19.1509],[93.95,19.1417],[93.9712,19.1267],[93.9493,19.0633],[93.9119,19.0535],[93.8498,19.0715],[93.8223,19.0577],[93.8119,19.1007],[93.841,19.1218],[93.841,19.145],[93.8167,19.1708],[93.8576,19.1924],[93.8729,19.2202],[93.9158,19.2077],[93.9341,19.2868],[94.0033,19.292],[93.9994,19.3396],[94.0448,19.3507],[94.0684,19.383],[94.1483,19.3754],[94.175,19.4042],[94.2167,19.3458],[94.3083,19.3083],[94.3032,19.2836],[94.2757,19.2701],[94.2712,19.2267],[94.2996,19.1774],[94.3042,19.125],[94.3662,19.0688],[94.3714,19.0451],[94.3453,19.0073],[94.366,18.9908],[94.3619,18.9576],[94.3895,18.9339],[94.4125,18.9458],[94.4375,18.8708],[94.5083,18.8583],[94.4875,18.8333],[94.508,18.7899],[94.4953,18.7741],[94.505,18.7384],[94.5578,18.6939],[94.5714,18.6186],[94.5964,18.5946],[94.5958,18.5458],[94.5629,18.5233],[94.5757,18.4717],[94.65,18.3875],[94.5708,18.4042],[94.5296,18.3521],[94.5417,18.3292],[94.5208,18.3083],[94.5453,18.298],[94.5782,18.2411],[94.6067,18.25],[94.6328,18.223],[94.655,18.1216],[94.7375,18.0875],[94.767,18.0225],[94.8241,17.9825],[94.8504,17.9225],[94.8809,17.9004],[94.9034,17.9007],[94.9049,17.9198],[94.9458,17.9458],[94.9587,18.0066],[95.0163,18.0392],[94.9833,18.0792],[95.0771,18.0796],[95.1125,18.0958],[95.1108,18.1121],[95.0708,18.125],[95.1147,18.1381],[95.1738,18.1967],[95.1788,18.2774],[95.125,18.2708],[95.1336,18.2989],[95.0964,18.3478],[95.0953,18.5522],[95.0634,18.58],[95.05,18.6208],[95.0,18.625],[95.0007,18.6409],[95.0322,18.655],[95.0292,18.6708],[94.9928,18.6706],[94.9467,18.7173],[94.9869,18.7605],[94.9452,18.8366],[94.9,18.8542],[94.924,18.8632],[94.95,18.9021],[94.93,18.9366],[94.9608,18.9413],[94.9917,18.9208],[95.0134,18.9452],[95.0522,18.9506],[95.0783,19.016],[95.0191,19.0746],[94.98,19.0841],[94.9283,19.1616],[94.875,19.15],[94.8881,19.1968],[94.8546,19.2354],[94.8542,19.2667],[94.8756,19.303],[94.8422,19.3311],[94.8286,19.3939],[94.7837,19.4517],[94.775,19.4958],[94.8532,19.4549],[94.8871,19.5059],[94.8792,19.575],[94.8017,19.533],[94.7131,19.5426],[94.6869,19.6314],[94.6548,19.6551],[94.6507,19.6825],[94.6704,19.6979],[94.7006,19.7799],[94.6823,19.8036],[94.6583,19.8042],[94.65,19.8958],[94.6994,19.9312],[94.7208,20.0042],[94.6714,20.0645],[94.6705,20.1733],[94.6392,20.1837],[94.5879,20.2476],[94.5744,20.3408],[94.4587,20.4601],[94.4642,20.4746],[94.5368,20.4884],[94.5328,20.5238],[94.6042,20.5583],[94.5958,20.5875],[94.5866,20.5673],[94.5646,20.563],[94.4667,20.5708],[94.5006,20.6991],[94.525,20.7208],[94.5,20.8021],[94.5163,20.9108],[94.5004,20.9309],[94.4994,20.9814],[94.4208,21.0807],[94.4173,21.1366],[94.4458,21.1708],[94.491,21.1801],[94.5125,21.275],[94.4,21.3958],[94.5038,21.4426],[94.517,21.4941],[94.5705,21.5767],[94.45,21.5667],[94.4333,21.5833],[94.5917,21.6875],[94.5464,21.7603],[94.5369,21.8446],[94.5417,21.8792],[94.6121,21.8809],[94.6083,21.95],[94.5625,21.9833],[94.5583,22.0125],[94.5339,22.0271],[94.5369,22.0563],[94.5125,22.0679],[94.5211,22.0991],[94.5004,22.1226],[94.4958,22.1875],[94.5333,22.1833],[94.5917,22.2917],[94.4934,22.3379],[94.4539,22.3761],[94.4589,22.3905],[94.4134,22.405],[94.4045,22.5809],[94.3667,22.6208],[94.3912,22.6479],[94.3619,22.6966],[94.3908,22.7494],[94.3659,22.7547],[94.3408,22.734],[94.3083,22.75],[94.2708,22.7375],[94.2083,22.8583],[94.1958,23.0],[94.2161,23.1533],[94.1911,23.1991],[94.1667,23.2],[94.201,23.2829],[94.2282,23.3131],[94.2417,23.3042],[94.2538,23.3351],[94.2583,23.4375],[94.2257,23.4551],[94.2172,23.4853],[94.2215,23.5949],[94.3409,23.5619],[94.3866,23.5757],[94.4125,23.6333],[94.4257,23.6133],[94.4524,23.6087],[94.4792,23.6458],[94.4875,23.5792],[94.507,23.61],[94.5486,23.5833],[94.5585,23.604],[94.6019,23.5901],[94.6449,23.6207],[94.6715,23.6208],[94.6816,23.6504],[94.75,23.6333],[94.7667,23.6625],[94.8646,23.613],[94.9191,23.6163],[94.9667,23.5958],[94.9369,23.5061],[94.883,23.46],[94.892,23.4059],[94.9181,23.3744],[94.9325,23.3794],[94.933,23.3642],[94.8991,23.3589],[94.891,23.3342],[94.8625,23.3167],[94.8715,23.2591],[94.9042,23.2487],[94.9133,23.1878],[94.9326,23.1866],[94.925,23.1333],[94.8851,23.1205],[94.8792,23.1042],[94.8884,23.0716],[94.9368,23.0576],[94.9286,22.9924],[94.9465,22.9551],[95.0276,22.9291],[95.0854,22.8713],[95.1314,22.8786],[95.1907,22.8494],[95.25,22.875],[95.2929,22.8203],[95.3116,22.8285],[95.3452,22.8033],[95.3756,22.7051],[95.4167,22.675],[95.4215,22.6383],[95.4658,22.6465],[95.4756,22.6924],[95.4589,22.7533],[95.5208,22.9208],[95.4917,22.925],[95.492,22.9399],[95.583,23.0101],[95.609,23.0897],[95.645,23.1133],[95.6587,23.1608],[95.683,23.1767],[95.6788,23.2225],[95.7492,23.2427],[95.7549,23.2701],[95.7774,23.267],[95.7958,23.2854],[95.7525,23.3996],[95.6792,23.4],[95.6464,23.527],[95.6579,23.5635],[95.6425,23.5674],[95.6458,23.5875],[95.6801,23.6199],[95.716,23.6133],[95.7208,23.6417],[95.716,23.6866],[95.6806,23.6785],[95.6742,23.7034],[95.6458,23.7125],[95.6631,23.7821],[95.6494,23.7924],[95.6616,23.8035],[95.6924,23.7551],[95.7167,23.75],[95.7161,23.8243],[95.7375,23.875],[95.7282,23.891],[95.6798,23.901],[95.663,23.9438],[95.6756,23.9696],[95.6292,23.9792],[95.6834,24.0222],[95.6881,24.0729],[95.7118,24.0841],[95.7202,24.1229],[95.7215,24.1406],[95.7,24.1458],[95.7134,24.1618],[95.7408,24.1702],[95.7875,24.1375],[95.8284,24.1756],[95.9205,24.1684],[95.9,24.225],[95.9292,24.3125],[95.8926,24.416],[95.9364,24.4503],[95.9667,24.4333],[96.0326,24.4464],[96.0659,24.4299],[96.0917,24.4875],[96.1824,24.4242],[96.2008,24.3842],[96.2708,24.3958],[96.3202,24.4396],[96.3256,24.5449],[96.3509,24.5866],[96.3784,24.5882],[96.4136,24.7294],[96.5316,24.6913],[96.5941,24.7087],[96.6792,24.6958],[96.6275,24.7795],[96.6979,24.7546],[96.7573,24.7577],[96.775,24.7208],[96.8008,24.7629],[96.8911,24.7327],[97.0417,24.7583],[97.0782,24.7496],[97.0983,24.7663],[97.1375,24.7542],[97.1337,24.6976],[97.1917,24.6375],[97.1833,24.6042],[97.2125,24.5708],[97.209,24.5468],[97.2905,24.508],[97.3125,24.5375],[97.3215,24.513],[97.291,24.474],[97.2917,24.4375],[97.3198,24.434],[97.352,24.4828],[97.4125,24.4917],[97.3879,24.4608],[97.3879,24.4309],[97.4667,24.4333],[97.4575,24.3925],[97.3875,24.3458],[97.3883,24.3289],[97.4031,24.3325],[97.4257,24.3005],[97.4208,24.2875],[97.3866,24.2673],[97.3512,24.2714],[97.3326,24.2453],[97.2887,24.2506],[97.2647,24.2256],[97.2217,24.2244],[97.217,24.1934],[97.2625,24.1292],[97.2407,24.109],[97.2116,24.1131],[97.192,24.09],[97.2125,24.0042],[97.1618,24.0381],[97.1261,24.0247],[97.0826,24.0422],[97.075,24.0208],[97.0512,24.0339],[97.0413,24.001],[97.0188,23.9921],[96.9375,23.9958],[96.9125,23.9167],[96.875,23.8833],[96.8881,23.8507],[96.8708,23.8042],[96.849,23.784],[96.7958,23.7875],[96.7756,23.7699],[96.7829,23.7063],[96.7625,23.6958],[96.7625,23.675],[96.6647,23.6297],[96.6134,23.6244],[96.5754,23.5858],[96.5875,23.5417],[96.6417,23.55],[96.6,23.5125],[96.6208,23.4917],[96.5994,23.4804],[96.6297,23.4597],[96.609,23.4509],[96.5917,23.4833],[96.547,23.4711],[96.5198,23.4381],[96.4813,23.4338],[96.4198,23.4411],[96.3958,23.475],[96.3924,23.455],[96.4634,23.3632],[96.5733,23.3371],[96.6125,23.2958],[96.3667,23.2458],[96.2604,23.2667],[96.1875,23.25],[96.1911,23.2228],[96.1542,23.1583],[96.159,23.1217],[96.2047,23.0674],[96.1917,23.0432],[96.225,23.0167],[96.1917,22.95],[96.1333,22.9292],[96.1212,22.9108],[96.1458,22.8042],[96.1083,22.7708],[96.108,22.7267],[96.0833,22.7083],[96.0841,22.6092],[96.1327,22.5742],[96.1551,22.4589],[96.2417,22.4625],[96.2246,22.4392],[96.2452,22.4033],[96.2337,22.3434],[96.2545,22.3059],[96.2417,22.2792],[96.275,22.25],[96.251,22.2296],[96.2964,22.1968],[96.2795,22.1392],[96.3004,22.11],[96.2875,21.9792],[96.2995,21.9604],[96.2671,21.8938],[96.272,21.8828],[96.3875,21.8875],[96.3875,21.8542],[96.3583,21.8292],[96.3205,21.735],[96.2833,21.7042],[96.284,21.6841],[96.3117,21.6784],[96.3118,21.605],[96.2507,21.6173],[96.2417,21.6042],[96.2667,21.575],[96.2991,21.5744],[96.3125,21.5417],[96.2633,21.5242],[96.2492,21.4882],[96.1458,21.4875],[96.1525,21.4705],[96.2816,21.4705],[96.3167,21.3917],[96.2458,21.375],[96.317,21.2684],[96.3172,21.2341],[96.3083,21.2083],[96.2476,21.2121],[96.217,21.1941],[96.2292,21.0958],[96.2083,21.075],[96.2161,20.9853],[96.2033,20.9673],[96.0521,20.9329],[96.0297,20.9105],[96.1417,20.8958],[96.125,20.8125],[96.1542,20.8]],[[97.6105,16.3715],[97.6173,16.3779],[97.6092,16.3798],[97.6105,16.3715]],[[97.4546,16.4303],[97.4512,16.4339],[97.45,16.4292],[97.4546,16.4303]],[[97.4754,16.5053],[97.472,16.5089],[97.4708,16.5042],[97.4754,16.5053]],[[97.5046,16.5345],[97.5012,16.5381],[97.5,16.5333],[97.5046,16.5345]],[[94.0337,19.0387],[94.0304,19.0422],[94.0292,19.0375],[94.0337,19.0387]],[[94.0072,19.1837],[94.0036,19.1804],[94.0083,19.1792],[94.0072,19.1837]],[[93.95,19.1417],[93.942,19.1449],[93.9425,19.1423],[93.95,19.1417]],[[93.9167,19.2],[93.9208,19.1958],[93.92,19.1991],[93.9167,19.2]],[[93.9208,19.1958],[93.9278,19.1786],[93.9324,19.2003],[93.9208,19.1958]],[[93.9167,19.2],[93.9087,19.2033],[93.9092,19.2007],[93.9167,19.2]],[[93.934,19.1551],[93.9375,19.1542],[93.9333,19.1625],[93.934,19.1551]],[[93.9387,19.1496],[93.9422,19.153],[93.9375,19.1542],[93.9387,19.1496]],[[93.9333,19.1625],[93.9303,19.1714],[93.9286,19.1638],[93.9333,19.1625]],[[97.6172,16.5353],[97.6092,16.5078],[97.5625,16.4958],[97.6025,16.4955],[97.6125,16.45],[97.6292,16.5292],[97.6172,16.5353]],[[97.6167,16.5417],[97.6137,16.5506],[97.6119,16.5429],[97.6167,16.5417]],[[97.6208,16.4],[97.6238,16.3911],[97.6256,16.3987],[97.6208,16.4]],[[97.6208,16.4],[97.6178,16.4089],[97.6161,16.4013],[97.6208,16.4]],[[94.2208,18.7292],[94.2167,18.7292],[94.2196,18.7244],[94.2208,18.7292]],[[94.2375,18.7292],[94.2304,18.7339],[94.2292,18.7292],[94.2375,18.7292]],[[94.2425,18.7325],[94.245,18.73],[94.2458,18.7333],[94.2425,18.7325]],[[94.1452,18.8395],[94.1425,18.8715],[94.1375,18.8292],[94.1452,18.8395]],[[94.0616,19.1217],[94.0592,19.1241],[94.0583,19.1208],[94.0616,19.1217]],[[94.0825,19.1342],[94.08,19.1366],[94.0792,19.1333],[94.0825,19.1342]],[[94.05,19.3375],[94.0341,19.3377],[94.0333,19.3125],[94.0366,19.3134],[94.05,19.3375]],[[97.2286,16.8607],[97.2339,16.8631],[97.2324,16.8705],[97.2286,16.8607]],[[97.3215,16.6741],[97.3243,16.6676],[97.325,16.675],[97.3215,16.6741]],[[97.6079,16.5558],[97.6121,16.5562],[97.611,16.5586],[97.6079,16.5558]],[[97.6462,16.5316],[97.6621,16.5392],[97.6625,16.55],[97.6462,16.5316]],[[97.6327,16.5009],[97.6411,16.5021],[97.6346,16.509],[97.6327,16.5009]],[[97.5533,16.4991],[97.5509,16.4967],[97.5542,16.4958],[97.5533,16.4991]],[[97.5592,16.509],[97.5704,16.5199],[97.5557,16.5256],[97.5592,16.509]],[[97.587,16.5141],[97.5913,16.5146],[97.5902,16.5169],[97.587,16.5141]],[[97.5368,16.534],[97.5327,16.5299],[97.5581,16.5325],[97.5368,16.534]],[[97.483,16.5104],[97.4787,16.51],[97.4819,16.5083],[97.483,16.5104]]],[[[78.5958,18.1417],[78.5958,18.0792],[78.7275,18.133],[78.7625,18.1],[78.7925,18.0217],[78.8108,18.042],[78.89,18.0288],[78.9333,18.0458],[78.9657,18.0078],[79.0074,17.9993],[78.9871,17.9184],[78.9375,17.8583],[79.0783,17.8408],[79.0705,17.8142],[79.0917,17.7417],[79.0714,17.7272],[79.0702,17.6301],[79.0333,17.5833],[79.0605,17.5786],[79.1262,17.5244],[79.2022,17.5119],[79.2422,17.478],[79.2333,17.4417],[79.1659,17.4672],[79.0833,17.4438],[79.1167,17.3958],[79.1689,17.4036],[79.2241,17.3743],[79.1993,17.3301],[79.1545,17.2941],[79.1367,17.2507],[79.1063,17.25],[79.0962,17.2351],[79.1371,17.2108],[79.1958,17.1125],[79.1828,17.0784],[79.2089,16.9784],[79.1813,16.9417],[79.15,16.9333],[79.1907,16.9202],[79.3083,16.8],[79.2542,16.8167],[79.25,16.7917],[79.2004,16.7566],[79.2208,16.7208],[79.1962,16.6733],[79.1962,16.6142],[79.2578,16.587],[79.2778,16.6148],[79.2299,16.6225],[79.2677,16.6347],[79.2633,16.6548],[79.2751,16.6583],[79.2725,16.6267],[79.312,16.5788],[79.2935,16.5529],[79.2558,16.5484],[79.2659,16.4927],[79.2282,16.4947],[79.2183,16.482],[79.2396,16.4556],[79.2458,16.4676],[79.2456,16.4483],[79.2139,16.446],[79.2097,16.3806],[79.2224,16.3586],[79.2345,16.3747],[79.2365,16.3443],[79.2504,16.3405],[79.2411,16.3007],[79.262,16.2688],[79.2285,16.1717],[79.1833,16.1083],[79.3576,16.0659],[79.3625,16.0333],[79.2978,16.0369],[79.2542,16.0042],[79.2034,16.0214],[79.1379,16.0025],[79.1423,15.9718],[79.1702,15.9533],[79.1964,15.8968],[79.1632,15.8341],[79.1872,15.8283],[79.1882,15.7799],[79.2125,15.7875],[79.2375,15.7333],[79.197,15.7464],[79.1328,15.6994],[79.105,15.7091],[79.1131,15.732],[79.0991,15.7535],[79.025,15.775],[79.0619,15.7009],[79.053,15.6869],[78.9792,15.7],[78.9661,15.6466],[78.9958,15.625],[78.9833,15.6125],[78.9174,15.6159],[78.9011,15.5956],[78.8924,15.5549],[78.9256,15.5489],[78.8991,15.4868],[78.8665,15.4972],[78.8576,15.5493],[78.8333,15.55],[78.8193,15.5792],[78.784,15.5491],[78.7625,15.4417],[78.6885,15.441],[78.6792,15.4542],[78.6738,15.4411],[78.6208,15.4375],[78.6,15.45],[78.5509,15.4201],[78.5292,15.375],[78.4896,15.3828],[78.4664,15.3657],[78.4715,15.3514],[78.3887,15.3041],[78.326,15.2273],[78.2958,15.2375],[78.325,15.2042],[78.2833,15.0458],[78.2191,15.0462],[78.1917,15.0208],[78.2908,14.9868],[78.3162,14.9646],[78.3161,14.9311],[78.2506,14.9022],[78.2254,14.8441],[78.2451,14.8134],[78.1583,14.7875],[78.1583,14.775],[78.2298,14.6967],[78.2741,14.6866],[78.3042,14.6375],[78.3283,14.641],[78.3496,14.6108],[78.3333,14.5708],[78.3742,14.5617],[78.3958,14.5208],[78.4491,14.5076],[78.4659,14.4869],[78.4979,14.4954],[78.525,14.4792],[78.5458,14.4292],[78.5259,14.4091],[78.5452,14.3991],[78.5542,14.3583],[78.6458,14.3458],[78.6417,14.3042],[78.7539,14.3132],[78.7875,14.2917],[78.8115,14.2994],[78.8173,14.28],[78.8339,14.2821],[78.8292,14.2458],[78.8496,14.2399],[78.8542,14.2167],[78.9205,14.2191],[78.9342,14.1632],[78.9712,14.1267],[78.9625,14.0833],[78.9759,14.055],[79.0061,14.0911],[79.0583,14.1],[79.1381,13.9921],[79.1202,13.9713],[79.1129,13.9184],[79.1684,13.8545],[79.2284,13.82],[79.2333,13.7625],[79.2855,13.7703],[79.3191,13.7379],[79.3583,13.8167],[79.401,13.7994],[79.4618,13.8199],[79.4833,13.7875],[79.5288,13.7649],[79.577,13.6797],[79.65,13.6833],[79.6705,13.6691],[79.6983,13.5788],[79.75,13.5917],[79.7667,13.5792],[79.767,13.5392],[79.7917,13.5208],[79.7833,13.4958],[79.8202,13.4783],[79.8686,13.4006],[79.8833,13.4042],[79.8879,13.4525],[79.9101,13.4788],[79.9524,13.4754],[80.0061,13.512],[80.0403,13.512],[80.0454,13.534],[80.0695,13.5291],[80.083,13.5009],[80.1083,13.5104],[80.1055,13.4874],[80.1164,13.5032],[80.2234,13.4795],[80.2613,13.4583],[80.2508,13.4394],[80.2817,13.4283],[80.2848,13.409],[80.3049,13.41],[80.3066,13.4247],[80.3299,13.3955],[80.3184,13.4256],[80.3284,13.4458],[80.3496,13.2892],[80.2629,12.9524],[80.258,12.7809],[80.158,12.4642],[80.0625,12.3417],[79.8879,12.0649],[79.8089,11.8355],[79.7578,11.5882],[79.8292,11.3625],[79.7674,11.3891],[79.6965,11.3231],[79.6462,11.2983],[79.6447,11.2454],[79.6176,11.2577],[79.5858,11.2212],[79.5208,11.2083],[79.5292,11.1875],[79.4809,11.1705],[79.4125,11.0917],[79.325,11.1],[79.3216,11.0676],[79.3491,11.0425],[79.2708,11.05],[79.2833,11.0042],[79.2733,10.9962],[79.2292,11.0167],[79.2417,10.9417],[79.2156,10.9214],[79.1659,10.9172],[79.1449,10.8923],[79.0592,10.8743],[79.0625,10.8375],[79.0871,10.8274],[79.0839,10.7645],[79.1009,10.7425],[79.125,10.7583],[79.1907,10.7411],[79.2934,10.6837],[79.3421,10.6881],[79.4255,10.666],[79.4797,10.7113],[79.4667,10.7333],[79.522,10.7503],[79.6521,10.7172],[79.7049,10.7423],[79.7573,10.7201],[79.7884,10.6587],[79.8378,10.6409],[79.834,10.5758],[79.8625,10.5625],[79.867,10.4184],[79.8879,10.3142],[79.8483,10.2754],[79.7287,10.2702],[79.5208,10.3125],[79.3892,10.3163],[79.2708,10.2307],[79.2827,10.2092],[79.2466,10.1824],[79.2297,10.0979],[79.2714,10.0405],[79.1547,9.9272],[79.1203,9.8759],[79.1243,9.8509],[78.9922,9.7022],[78.9621,9.6267],[78.9337,9.5983],[78.9163,9.4934],[78.8996,9.485],[78.9462,9.4017],[79.0354,9.3215],[79.1039,9.291],[79.1414,9.2965],[79.1913,9.2799],[79.1002,9.2577],[78.9479,9.2702],[78.9152,9.2493],[78.8729,9.2535],[78.7312,9.2077],[78.72,9.1883],[78.6704,9.1965],[78.6458,9.1792],[78.6575,9.1548],[78.5801,9.1286],[78.4833,9.1292],[78.475,9.1792],[78.4948,9.1798],[78.4964,9.2093],[78.4756,9.2478],[78.4616,9.4033],[78.4229,9.3542],[78.4036,9.3618],[78.433,9.3976],[78.4379,9.4309],[78.4337,9.5059],[78.4042,9.5667],[78.4453,9.5676],[78.4625,9.6042],[78.4464,9.6884],[78.4167,9.7292],[78.4625,9.7667],[78.4663,9.8941],[78.4333,9.9458],[78.5009,9.9286],[78.5536,9.9551],[78.5578,9.9939],[78.509,10.0218],[78.525,10.0667],[78.5455,10.0767],[78.5292,10.1292],[78.6199,10.1256],[78.6667,10.1792],[78.6661,10.2064],[78.6217,10.2425],[78.6083,10.275],[78.5409,10.2328],[78.4659,10.2672],[78.4485,10.25],[78.4142,10.258],[78.4042,10.1917],[78.2816,10.1879],[78.2467,10.1616],[78.2292,10.1167],[78.191,10.1658],[78.1208,10.1917],[78.0811,10.1839],[78.025,10.2333],[77.9842,10.2452],[77.9417,10.2292],[77.9035,10.1799],[77.9119,10.1353],[77.8993,10.1133],[77.8314,10.1494],[77.775,10.1458],[77.7659,10.1329],[77.7118,10.1547],[77.6476,10.1379],[77.6083,10.1667],[77.5756,10.1491],[77.57,10.1175],[77.5333,10.0792],[77.5074,10.0744],[77.4824,10.1036],[77.4167,10.0958],[77.3733,10.1538],[77.2738,10.1244],[77.2467,10.13],[77.2408,10.1658],[77.2125,10.1875],[77.2208,10.2417],[77.2494,10.2561],[77.25,10.3542],[77.2287,10.3756],[77.2063,10.3672],[77.1833,10.3958],[77.1603,10.3953],[77.1259,10.3825],[77.1284,10.3509],[77.0917,10.3125],[77.0333,10.3417],[76.9772,10.2881],[76.9381,10.2866],[76.9292,10.2667],[76.9458,10.2333],[76.9282,10.1966],[76.8833,10.1625],[76.8342,10.1616],[76.8295,10.1017],[76.8504,10.085],[76.8566,10.0496],[76.9608,10.0413],[76.9839,10.0134],[76.9703,9.9843],[76.9833,9.95],[76.9091,9.9574],[76.9339,9.9259],[76.9121,9.9159],[76.9298,9.8728],[76.9658,9.8411],[76.9367,9.8413],[76.9479,9.8253],[76.9354,9.8041],[76.9234,9.8184],[76.9128,9.8133],[76.931,9.8046],[76.9227,9.7901],[76.8998,9.8086],[76.8853,9.8018],[76.9284,9.771],[76.8996,9.7789],[76.9375,9.7208],[76.9083,9.7],[76.9208,9.6667],[76.8622,9.6405],[76.85,9.6042],[76.909,9.5009],[76.9506,9.4736],[76.9167,9.4458],[76.9619,9.4022],[76.9625,9.3917],[76.9382,9.3949],[76.9341,9.3759],[76.9867,9.3616],[77.0089,9.3301],[77.0005,9.3146],[77.0172,9.2549],[77.0,9.2125],[77.0451,9.1744],[77.0792,9.175],[77.0579,9.1326],[77.0746,9.1226],[77.0578,9.1054],[77.0829,9.0688],[77.0875,9.0292],[77.1188,9.0375],[77.15,9.0208],[77.1923,8.955],[77.1879,8.9309],[77.2417,8.8979],[77.2625,8.85],[77.4083,8.7792],[77.384,8.7343],[77.4409,8.6826],[77.4494,8.6478],[77.4333,8.6196],[77.4667,8.5792],[77.4535,8.5337],[77.4617,8.4966],[77.4417,8.4792],[77.395,8.4964],[77.3744,8.4259],[77.3333,8.425],[77.3241,8.3843],[77.2907,8.3508],[77.255,8.3488],[77.2587,8.3267],[77.2958,8.2958],[77.2951,8.2676],[77.2552,8.2923],[77.2397,8.2631],[77.1804,8.2751],[77.15,8.2542],[76.9759,8.38],[76.9536,8.4272],[76.7087,8.7226],[76.6417,8.825],[76.5422,8.9061],[76.5167,9.0208],[76.3381,9.4061],[76.2375,9.9708],[76.2212,9.9767],[76.0788,10.4274],[75.9256,10.7478],[75.9123,10.7821],[75.9229,10.7877],[75.9047,10.802],[75.8411,11.0772],[75.7333,11.35],[75.6825,11.445],[75.6173,11.476],[75.5292,11.7042],[75.3872,11.8531],[75.3511,11.8629],[75.2583,11.9958],[75.2313,12.0205],[75.2008,12.0051],[75.1797,12.0478],[75.1832,12.0779],[75.2091,12.0298],[75.2792,12.0375],[75.2833,12.0208],[75.3092,12.042],[75.3013,12.0204],[75.323,12.0215],[75.3696,12.0374],[75.3801,12.0741],[75.426,12.1284],[75.5042,12.125],[75.525,12.0833],[75.575,12.05],[75.5746,12.0184],[75.5434,12.008],[75.4892,12.0205],[75.4708,12.0],[75.5411,11.9923],[75.5503,11.966],[75.5646,11.9827],[75.6021,11.9715],[75.6781,11.9908],[75.6702,11.968],[75.7031,11.9373],[75.7042,11.9083],[75.7298,11.9033],[75.7301,11.8718],[75.7729,11.8381],[75.8199,11.8535],[75.9282,11.8245],[75.9375,11.9042],[75.925,11.9208],[75.9661,11.9645],[75.975,12.05],[75.9701,12.07],[75.9424,12.0718],[75.9369,12.098],[75.8942,12.1291],[75.8302,12.1245],[75.8074,12.1576],[75.7632,12.1549],[75.7451,12.2117],[75.7008,12.2074],[75.6917,12.1833],[75.6177,12.2296],[75.5958,12.2167],[75.5743,12.2866],[75.5246,12.3532],[75.4964,12.3677],[75.5036,12.423],[75.45,12.4625],[75.4625,12.5167],[75.4369,12.5424],[75.4782,12.5753],[75.484,12.6213],[75.4462,12.6517],[75.4506,12.6946],[75.4095,12.7212],[75.3956,12.7655],[75.4083,12.7875],[75.3864,12.8211],[75.3478,12.8256],[75.3547,12.8466],[75.3375,12.8792],[75.2841,12.8966],[75.242,12.9892],[75.2591,13.0284],[75.2785,13.0341],[75.2792,13.1292],[75.2125,13.1583],[75.167,13.2184],[75.1494,13.2855],[75.1187,13.288],[75.0879,13.3392],[75.15,13.3958],[75.1583,13.4583],[75.1094,13.4756],[75.1131,13.4905],[75.084,13.5176],[75.0875,13.5417],[75.05,13.5708],[75.0634,13.5866],[75.1323,13.5923],[75.1547,13.6179],[75.1465,13.6491],[75.1788,13.6858],[75.0908,13.7544],[75.0625,13.75],[75.0659,13.7742],[74.9882,13.7883],[74.9923,13.8423],[74.9545,13.8892],[74.9699,13.9451],[74.9466,13.955],[74.945,13.9783],[74.9089,13.9906],[74.9353,13.9828],[74.9208,13.9994],[74.9304,14.0289],[74.9461,14.0065],[74.9353,13.9954],[74.9608,13.9904],[74.962,13.9592],[74.9647,13.9897],[74.9739,13.9642],[74.9808,13.9831],[75.0055,13.9784],[75.0011,13.9339],[74.9968,13.9275],[74.9834,13.9254],[74.9817,13.9211],[74.9984,13.9227],[75.0119,13.8975],[75.0035,13.8969],[75.0003,13.8864],[75.0166,13.8936],[75.0383,13.8657],[75.0043,13.9402],[75.0201,13.9701],[75.02,13.9374],[75.0453,13.9122],[75.0232,13.9377],[75.03,13.9683],[75.0176,13.978],[75.0292,13.9792],[75.0162,13.9878],[75.0368,14.0022],[75.0758,13.9992],[75.0375,14.0086],[75.0766,14.0334],[75.0276,14.0197],[75.0331,14.0047],[75.0113,13.9915],[74.9816,13.9903],[74.9775,14.0105],[74.9721,14.0111],[74.9786,13.9978],[74.9641,13.9939],[74.95,14.0083],[74.9617,14.0081],[74.9667,14.015],[74.9388,14.0316],[74.9528,14.0511],[74.9316,14.0367],[74.9011,14.0579],[74.9233,14.0565],[74.8972,14.0794],[74.8953,14.0909],[74.9122,14.0914],[74.8873,14.1067],[74.8828,14.1188],[74.9072,14.1192],[74.8902,14.142],[74.9058,14.1375],[74.9185,14.0878],[74.9283,14.103],[74.9421,14.0801],[74.9724,14.0525],[74.9153,14.125],[74.9622,14.1061],[74.8867,14.1556],[74.8878,14.1819],[74.8828,14.1697],[74.8403,14.1706],[74.8436,14.1539],[74.8653,14.1586],[74.8736,14.1355],[74.8611,14.1292],[74.8744,14.125],[74.8144,14.1422],[74.8032,14.1547],[74.7708,14.1458],[74.734,14.1883],[74.734,14.2323],[74.6625,14.2375],[74.6792,14.2958],[74.7212,14.3012],[74.6869,14.3507],[74.6964,14.3676],[74.6866,14.3827],[74.6375,14.3917],[74.6339,14.4272],[74.6542,14.4375],[74.6371,14.4733],[74.5875,14.4917],[74.5705,14.6434],[74.5795,14.6684],[74.5618,14.6797],[74.5449,14.6661],[74.4824,14.7493],[74.4509,14.7632],[74.4538,14.8066],[74.44,14.8246],[74.35,14.8417],[74.3316,14.8663],[74.25,14.875],[74.2442,14.8934],[74.288,14.8898],[74.3029,14.9006],[74.2448,14.8982],[74.2424,14.8847],[74.225,14.95],[74.1936,14.9464],[74.1284,14.9839],[74.0534,14.9786],[74.0182,15.0132],[73.9844,15.0209],[73.9882,15.0377],[73.9624,15.0654],[73.9081,15.0842],[73.9452,15.1544],[73.8952,15.3271],[73.8748,15.3657],[73.841,15.3577],[73.8049,15.376],[73.7785,15.4152],[73.8654,15.4126],[73.8819,15.3994],[73.8969,15.4138],[73.8866,15.4285],[73.859,15.4259],[73.8485,15.45],[73.7884,15.4588],[73.8035,15.4676],[73.8198,15.4997],[73.8179,15.5089],[73.8034,15.4911],[73.7637,15.4918],[73.7038,15.6816],[73.6875,15.716],[73.6452,15.749],[73.6631,15.763],[73.6239,15.8544],[73.6137,15.8494],[73.5866,15.9077],[73.5095,15.9328],[73.4783,16.0408],[73.4536,16.039],[73.4631,16.0887],[73.4411,16.1814],[73.3866,16.3576],[73.3675,16.359],[73.366,16.3897],[73.3833,16.3958],[73.3633,16.3965],[73.3077,16.5414],[73.3307,16.5673],[73.3458,16.55],[73.3548,16.5614],[73.3173,16.5937],[73.316,16.6073],[73.35,16.6208],[73.3299,16.6175],[73.3381,16.636],[73.3215,16.6342],[73.3286,16.6866],[73.3047,16.727],[73.3165,16.8028],[73.2929,16.817],[73.2917,16.8917],[73.2747,16.8924],[73.2917,16.9833],[73.2663,16.9891],[73.2781,17.0201],[73.2549,17.0174],[73.2535,17.0491],[73.2777,17.041],[73.2869,17.0562],[73.2827,17.1063],[73.2625,17.1139],[73.2577,17.173],[73.2285,17.2031],[73.2465,17.2128],[73.1869,17.3074],[73.2242,17.3033],[73.2258,17.2882],[73.2563,17.2744],[73.2708,17.2917],[73.2352,17.291],[73.2423,17.3157],[73.2178,17.3259],[73.2075,17.3825],[73.1716,17.3885],[73.166,17.407],[73.1965,17.4407],[73.184,17.4425],[73.1923,17.4671],[73.1741,17.5157],[73.1381,17.5478],[73.1425,17.5743],[73.1667,17.5833],[73.1386,17.6045],[73.1244,17.6445],[73.134,17.6508],[73.1131,17.6812],[73.134,17.7171],[73.1077,17.7897],[73.0785,17.8198],[73.0923,17.8296],[73.0786,17.8689],[73.0255,17.9479],[73.0298,17.9741],[73.0667,17.9875],[73.0174,17.9883],[73.0006,18.0187],[73.0131,18.0337],[73.0083,18.05],[72.9931,18.0452],[72.9965,18.0795],[72.9715,18.1229],[72.9869,18.1604],[72.9785,18.1938],[72.9285,18.2212],[72.9423,18.2503],[72.9341,18.2868],[72.9632,18.284],[72.9878,18.2452],[73.0188,18.2494],[73.0792,18.2188],[73.0566,18.2788],[73.0421,18.2619],[73.0088,18.284],[72.9929,18.2708],[72.9824,18.2949],[72.9619,18.2977],[72.9491,18.3366],[72.9077,18.362],[72.9243,18.3909],[72.9048,18.402],[72.8923,18.4647],[72.9053,18.5423],[72.9333,18.5417],[72.9216,18.5424],[72.8826,18.6368],[72.8667,18.6375],[72.8536,18.6953],[72.868,18.8089],[72.9162,18.7968],[72.9435,18.8298],[72.9594,18.8046],[72.9994,18.7768],[72.9757,18.7967],[72.9792,18.8583],[72.9325,18.8452],[72.9036,18.9005],[72.9575,18.9132],[72.9254,18.9699],[72.998,18.9714],[73.025,19.0],[73.0007,19.001],[72.9917,19.0571],[72.9675,19.0575],[72.9499,19.0179],[72.9055,18.9874],[72.8632,18.9992],[72.8452,18.9229],[72.8051,18.8869],[72.8215,18.9423],[72.8111,18.9542],[72.7925,18.937],[72.791,18.9548],[72.8119,18.9854],[72.8132,19.0282],[72.8253,19.0202],[72.8375,19.0362],[72.8124,19.0429],[72.825,19.0917],[72.816,19.123],[72.7785,19.1361],[72.7785,19.1694],[72.7965,19.1908],[72.7799,19.1924],[72.7744,19.2819],[72.787,19.3105],[72.8131,19.3035],[72.8586,19.3283],[72.8312,19.3369],[72.8081,19.3243],[72.7535,19.3794],[72.762,19.3938],[72.7411,19.4635],[72.7545,19.478],[72.716,19.5462],[72.7119,19.5988],[72.7283,19.5956],[72.7298,19.6128],[72.709,19.652],[72.709,19.7045],[72.6828,19.7534],[72.6782,19.8121],[72.6494,19.8324],[72.6506,19.8616],[72.6657,19.8536],[72.6797,19.8701],[72.6635,19.9367],[72.7167,19.9708],[72.7047,20.0688],[72.7369,20.1145],[72.7369,20.2412],[72.7549,20.295],[72.7753,20.3051],[72.7845,20.3499],[72.8208,20.3708],[72.8295,20.4483],[72.8583,20.4667],[72.887,20.5188],[72.8962,20.5934],[72.8494,20.7444],[72.8645,20.7381],[72.8792,20.7417],[72.8423,20.7551],[72.8328,20.7926],[72.8729,20.8083],[72.8673,20.7729],[72.8983,20.7246],[72.9542,20.7292],[72.9369,20.7679],[72.966,20.7926],[72.9744,20.8271],[72.9547,20.8647],[73.0917,20.9083],[73.0456,20.9738],[73.0784,21.0297],[73.1189,21.0297],[73.1436,21.0536],[73.2031,21.0464],[73.2134,21.0619],[73.2816,21.0455],[73.3875,21.0542],[73.2636,21.0923],[73.2453,21.1156],[73.2686,21.1536],[73.3366,21.1964],[73.3699,21.1952],[73.3948,21.1619],[73.4657,21.1672],[73.4708,21.1792],[73.524,21.1494],[73.5407,21.1589],[73.5917,21.1375],[73.6051,21.1744],[73.6344,21.1991],[73.6458,21.1799],[73.6786,21.2031],[73.7003,21.1706],[73.7358,21.1792],[73.7247,21.1941],[73.7403,21.2264],[73.7766,21.2108],[73.7692,21.2416],[73.823,21.2328],[73.8726,21.1837],[73.8917,21.1833],[73.9048,21.2037],[73.8968,21.2337],[73.9208,21.2208],[73.9375,21.2417],[74.0741,21.2033],[74.0875,21.1875],[74.0746,21.172],[74.105,21.13],[74.2075,21.095],[74.2563,21.0588],[74.2826,21.0672],[74.297,21.0497],[74.3355,21.0661],[74.3616,21.0535],[74.3759,21.0173],[74.5375,21.0167],[74.5993,20.9869],[74.6178,21.0044],[74.6691,21.0038],[74.7642,20.9462],[74.8125,20.9417],[74.8542,20.9583],[74.8583,20.9458],[74.8676,20.9588],[74.9292,20.925],[74.9712,20.8351],[74.9978,20.813],[75.0657,20.8172],[75.1191,20.7871],[75.15,20.7917],[75.162,20.7771],[75.1542,20.725],[75.19,20.7462],[75.2108,20.7371],[75.2375,20.75],[75.2618,20.7328],[75.3451,20.7547],[75.401,20.7173],[75.4875,20.725],[75.5281,20.7118],[75.5507,20.6385],[75.6077,20.598],[75.6131,20.5755],[75.584,20.5617],[75.5792,20.5083],[75.6708,20.4333],[75.6991,20.4283],[75.8061,20.2797],[75.9158,20.2283],[75.9083,20.2083],[76.0083,20.1625],[76.0202,20.1134],[75.9792,20.0458],[76.015,20.0246],[76.2121,20.0399],[76.2158,20.0132],[76.0962,19.9449],[76.0795,19.9066],[76.1413,19.7316],[76.1208,19.7167],[76.1384,19.6842],[76.1533,19.6842],[76.1921,19.7699],[76.2483,19.808],[76.2548,19.7884],[76.3783,19.7702],[76.411,19.7583],[76.4208,19.7375],[76.4733,19.7246],[76.5283,19.7327],[76.6042,19.675],[76.725,19.6417],[76.7292,19.6292],[76.6797,19.573],[76.6878,19.5345],[76.6674,19.4924],[76.7439,19.4786],[76.8449,19.4119],[76.8879,19.3392],[76.8875,19.3083],[76.9458,19.3125],[76.9458,19.2875],[77.0125,19.1833],[77.0575,19.1757],[77.0758,19.2365],[77.0991,19.2366],[77.138,19.0844],[77.125,19.0667],[77.1542,19.0542],[77.1592,19.0866],[77.1825,19.0866],[77.1959,19.0432],[77.2417,19.0042],[77.275,19.0333],[77.3275,19.0205],[77.3983,19.033],[77.4566,19.0163],[77.4875,18.9833],[77.458,18.9434],[77.4667,18.9125],[77.5241,18.9381],[77.6087,18.9184],[77.5917,18.8375],[77.7167,18.8667],[77.7411,18.848],[77.7458,18.8167],[77.8542,18.8208],[77.8547,18.7561],[77.8667,18.7167],[77.8875,18.7167],[77.8797,18.677],[77.8958,18.6458],[78.05,18.5583],[78.0417,18.5389],[78.0617,18.5326],[78.075,18.4708],[78.15,18.4667],[78.18,18.3967],[78.2434,18.317],[78.3358,18.342],[78.3608,18.3629],[78.4042,18.3542],[78.3991,18.3216],[78.3546,18.2813],[78.3625,18.2583],[78.453,18.2586],[78.5708,18.1833],[78.5625,18.15],[78.5958,18.1417]],[[78.5292,14.4625],[78.525,14.4583],[78.5283,14.4592],[78.5292,14.4625]],[[78.7829,14.2905],[78.7863,14.2869],[78.7875,14.2917],[78.7829,14.2905]],[[79.525,11.1875],[79.522,11.1922],[79.5208,11.1875],[79.525,11.1875]],[[73.4667,16.0458],[73.4637,16.0547],[73.4619,16.0471],[73.4667,16.0458]],[[73.2962,16.8928],[73.2929,16.8964],[73.2917,16.8917],[73.2962,16.8928]],[[72.9837,18.8595],[72.9804,18.8631],[72.9792,18.8583],[72.9837,18.8595]],[[72.9381,18.9572],[72.9464,18.9572],[72.9446,18.9628],[72.9381,18.9572]],[[78.5875,18.1417],[78.5833,18.1375],[78.5875,18.1375],[78.5875,18.1417]],[[72.9708,18.9542],[72.9588,18.9575],[72.9591,18.9549],[72.9708,18.9542]],[[72.972,18.9496],[72.9756,18.953],[72.9708,18.9542],[72.972,18.9496]],[[79.6875,10.3208],[79.6794,10.3189],[79.6875,10.3134],[79.6875,10.3208]],[[79.6921,10.322],[79.6887,10.3256],[79.6875,10.3208],[79.6921,10.322]],[[79.7803,10.2829],[79.7839,10.2863],[79.7792,10.2875],[79.7803,10.2829]],[[79.778,10.2921],[79.7744,10.2887],[79.7792,10.2875],[79.778,10.2921]],[[73.0723,18.179],[73.0795,18.1738],[73.0783,18.1785],[73.0723,18.179]],[[73.0741,18.2009],[73.0717,18.2033],[73.0708,18.2],[73.0741,18.2009]],[[72.9744,18.5324],[72.9711,18.527],[72.9749,18.5196],[72.9744,18.5324]],[[72.9574,18.5452],[72.9375,18.5417],[72.9583,18.5417],[72.9574,18.5452]],[[72.995,18.7675],[72.9917,18.7668],[72.9917,18.7667],[72.995,18.7675]],[[72.9869,18.8064],[72.9833,18.8042],[72.9875,18.8042],[72.9869,18.8064]],[[72.8083,19.2141],[72.8078,19.2134],[72.8087,19.2137],[72.8083,19.2141]],[[72.9,19.2917],[72.8775,19.3246],[72.8625,19.3208],[72.9,19.2917]],[[72.8538,20.7646],[72.8495,20.7641],[72.8528,20.7625],[72.8538,20.7646]],[[73.0236,18.025],[73.0293,18.0322],[73.0223,18.034],[73.0236,18.025]],[[73.1708,17.5833],[73.1949,17.584],[73.1958,17.5875],[73.1708,17.5833]],[[73.2925,17.2884],[73.295,17.2908],[73.2917,17.2917],[73.2925,17.2884]],[[73.2759,17.2841],[73.2833,17.2875],[73.275,17.2875],[73.2759,17.2841]],[[73.2861,17.025],[73.2824,17.0298],[73.2785,17.0259],[73.2861,17.025]],[[73.3506,16.5301],[73.3535,16.5408],[73.35,16.5417],[73.3506,16.5301]],[[73.3673,16.5183],[73.37,16.5196],[73.3667,16.5208],[73.3673,16.5183]],[[73.3792,16.5166],[73.3792,16.5167],[73.3788,16.5167],[73.3792,16.5166]],[[73.3875,16.3958],[73.4042,16.4],[73.3884,16.3994],[73.3875,16.3958]],[[79.1708,16.3125],[79.2191,16.3212],[79.2292,16.3351],[79.1976,16.3538],[79.1712,16.34],[79.1708,16.3125]],[[73.5009,15.98],[73.5033,15.9825],[73.5,15.9833],[73.5009,15.98]],[[73.744,15.6204],[73.7492,15.6133],[73.7506,15.6196],[73.744,15.6204]],[[78.4792,15.5083],[78.4908,15.5092],[78.4868,15.5199],[78.4833,15.5208],[78.4792,15.5083]],[[73.8205,15.4999],[73.8208,15.5],[73.8208,15.5001],[73.8205,15.4999]],[[78.4958,14.2417],[78.4548,14.2241],[78.4542,14.2125],[78.4958,14.2417]],[[75.3358,11.9413],[75.3295,11.9402],[75.3416,11.9336],[75.3358,11.9413]],[[75.3158,11.9491],[75.3152,11.9462],[75.3167,11.9458],[75.3158,11.9491]],[[76.7996,11.4012],[76.7583,11.4125],[76.7066,11.3962],[76.6429,11.4047],[76.6281,11.3841],[76.5922,11.3784],[76.5667,11.3375],[76.545,11.366],[76.5217,11.3673],[76.525,11.3917],[76.4958,11.4],[76.4559,11.3871],[76.4042,11.3125],[76.3605,11.3328],[76.3146,11.313],[76.2625,11.3083],[76.25,11.3208],[76.2542,11.2792],[76.2,11.2667],[76.1953,11.2507],[76.216,11.2366],[76.2258,11.166],[76.2741,11.1783],[76.3146,11.1167],[76.4125,11.1542],[76.4246,11.0809],[76.3996,11.0309],[76.4004,10.9687],[76.4271,10.9417],[76.4671,11.0032],[76.5035,11.0259],[76.5167,11.0625],[76.5897,11.0672],[76.6699,11.1298],[76.6842,11.1616],[76.7316,11.1754],[76.7667,11.1667],[76.7792,11.2167],[76.7625,11.225],[76.8101,11.2663],[76.8833,11.2875],[76.8512,11.3214],[76.9,11.3083],[76.9125,11.3625],[76.8756,11.3936],[76.8667,11.4292],[76.827,11.4286],[76.7996,11.4012]],[[77.2792,10.7167],[77.2991,10.7575],[77.2775,10.7788],[77.2375,10.7792],[77.2792,10.7167]],[[76.2101,10.1339],[76.2137,10.1294],[76.2203,10.1188],[76.2214,10.1217],[76.2101,10.1339]],[[76.2376,10.0724],[76.2327,10.0855],[76.2261,10.0932],[76.2376,10.0724]],[[76.243,10.0922],[76.2528,10.0583],[76.2589,10.0762],[76.243,10.0922]],[[76.2304,10.0512],[76.2299,10.0523],[76.2298,10.0521],[76.2304,10.0512]],[[76.2788,9.9682],[76.2783,9.97],[76.278,9.9701],[76.2788,9.9682]],[[76.2905,9.942],[76.2908,9.945],[76.2881,9.9457],[76.2905,9.942]],[[76.3036,9.9223],[76.3036,9.923],[76.2999,9.9278],[76.3036,9.9223]],[[76.3379,9.9138],[76.3407,9.9163],[76.3383,9.9158],[76.3379,9.9138]],[[76.3535,9.9055],[76.3711,9.8712],[76.3489,9.9082],[76.3535,9.9055]],[[76.2955,9.8896],[76.2925,9.8903],[76.2951,9.8888],[76.2955,9.8896]],[[76.3755,9.8608],[76.3744,9.8647],[76.373,9.8665],[76.3755,9.8608]],[[76.378,9.8547],[76.3791,9.8556],[76.3758,9.8601],[76.378,9.8547]],[[76.3619,9.8009],[76.3653,9.8027],[76.3649,9.8043],[76.3619,9.8009]],[[76.3789,9.7582],[76.3882,9.7506],[76.3774,9.7626],[76.3789,9.7582]],[[76.3673,9.7223],[76.3685,9.7247],[76.3667,9.7229],[76.3673,9.7223]],[[76.3842,9.6969],[76.3998,9.6963],[76.384,9.7004],[76.3842,9.6969]],[[76.4063,9.695],[76.4132,9.6949],[76.4063,9.6956],[76.4063,9.695]],[[76.3837,9.6483],[76.3902,9.6521],[76.3918,9.6564],[76.3837,9.6483]],[[76.3759,9.62],[76.3757,9.618],[76.3765,9.6201],[76.3759,9.62]],[[76.4283,9.6099],[76.4287,9.6104],[76.4281,9.6112],[76.4283,9.6099]],[[76.3631,9.573],[76.3636,9.5728],[76.364,9.5741],[76.3631,9.573]],[[76.4753,9.1448],[76.4819,9.1333],[76.4821,9.1464],[76.4753,9.1448]],[[77.0757,8.9176],[77.1454,8.8949],[77.1417,8.8667],[77.2333,8.8083],[77.2241,8.8535],[77.0825,8.9392],[77.0757,8.9176]],[[76.583,8.8771],[76.5787,8.8766],[76.5819,8.875],[76.583,8.8771]],[[79.5823,10.3389],[79.5868,10.341],[79.5867,10.3419],[79.5823,10.3389]],[[79.5729,10.341],[79.5756,10.3382],[79.5768,10.3383],[79.5729,10.341]],[[79.6198,10.3214],[79.6262,10.3262],[79.622,10.3292],[79.6198,10.3214]],[[79.5076,10.3215],[79.5035,10.3175],[79.5206,10.3199],[79.5076,10.3215]],[[79.6077,10.3153],[79.6103,10.3131],[79.6326,10.3118],[79.627,10.3006],[79.6616,10.2914],[79.6693,10.3088],[79.6077,10.3153]],[[79.7539,10.3116],[79.7476,10.3081],[79.7577,10.3063],[79.7539,10.3116]],[[79.7269,10.3093],[79.7165,10.3103],[79.7265,10.3028],[79.7269,10.3093]],[[79.69,10.2997],[79.6812,10.3035],[79.6785,10.3009],[79.69,10.2997]],[[79.7452,10.3012],[79.7417,10.2792],[79.767,10.29],[79.7452,10.3012]],[[79.7669,10.2968],[79.7666,10.2988],[79.7648,10.2994],[79.7669,10.2968]],[[79.7072,10.3088],[79.7045,10.3116],[79.705,10.309],[79.7072,10.3088]],[[79.7113,10.3127],[79.7113,10.3129],[79.711,10.3129],[79.7113,10.3127]],[[79.6205,10.3023],[79.608,10.3071],[79.6194,10.3],[79.6205,10.3023]],[[79.6039,10.3073],[79.591,10.305],[79.6028,10.3042],[79.6039,10.3073]],[[79.5414,10.3212],[79.5333,10.3208],[79.5359,10.3172],[79.5414,10.3212]],[[79.4736,10.3208],[79.4617,10.3257],[79.4577,10.3216],[79.4736,10.3208]],[[79.6325,10.3251],[79.6335,10.3232],[79.6333,10.325],[79.6325,10.3251]],[[79.7153,10.3167],[79.7073,10.3213],[79.7035,10.3175],[79.7153,10.3167]]],[[[90.8895,22.1119],[90.8789,22.1092],[90.966,22.2854],[90.966,22.3486],[90.9837,22.3548],[91.0048,22.2788],[90.991,22.1979],[90.9243,22.0716],[90.908,22.0702],[90.8947,22.0914],[90.8848,22.0785],[90.8895,22.1119]],[[90.8962,22.1137],[90.8929,22.1172],[90.8917,22.1125],[90.8962,22.1137]]],[[[88.6212,21.7809],[88.6288,21.7267],[88.6142,21.708],[88.5875,21.7167],[88.6089,21.6841],[88.5953,21.6613],[88.6071,21.621],[88.575,21.625],[88.5868,21.58],[88.5505,21.5619],[88.5375,21.5792],[88.5326,21.5424],[88.5062,21.5381],[88.4833,21.5513],[88.4798,21.573],[88.4885,21.599],[88.5074,21.5954],[88.5298,21.6663],[88.4994,21.783],[88.5413,21.8131],[88.5702,21.798],[88.5662,21.7758],[88.5997,21.7923],[88.6212,21.7809]],[[88.6004,21.7178],[88.597,21.7214],[88.5958,21.7167],[88.6004,21.7178]],[[88.5863,21.7212],[88.5828,21.7179],[88.5875,21.7167],[88.5863,21.7212]],[[88.5738,21.6296],[88.5703,21.6262],[88.575,21.625],[88.5738,21.6296]],[[88.5363,21.5837],[88.5328,21.5804],[88.5375,21.5792],[88.5363,21.5837]],[[88.5208,21.5917],[88.5288,21.5884],[88.5283,21.591],[88.5208,21.5917]],[[88.5208,21.5917],[88.5128,21.5949],[88.5133,21.5923],[88.5208,21.5917]],[[88.5778,21.725],[88.5839,21.7469],[88.568,21.7672],[88.5661,21.7616],[88.5778,21.725]],[[88.562,21.6308],[88.5663,21.6312],[88.5652,21.6336],[88.562,21.6308]]],[[[90.8284,21.8951],[90.8295,21.8842],[90.7744,21.8759],[90.7951,21.9131],[90.8284,21.8951]],[[90.8163,21.8947],[90.8196,21.8911],[90.8208,21.8958],[90.8163,21.8947]]],[[[90.3788,21.8726],[90.3608,21.8504],[90.3184,21.8462],[90.3038,21.8775],[90.3549,21.9824],[90.4186,22.0369],[90.4652,22.0583],[90.475,22.0458],[90.4843,22.0957],[90.574,22.1801],[90.5794,22.1908],[90.5619,22.1926],[90.5757,22.2367],[90.6324,22.2502],[90.6369,22.2145],[90.6091,22.1906],[90.6077,22.102],[90.5904,22.0541],[90.5048,21.9535],[90.4833,22.0125],[90.4952,21.952],[90.4572,21.8918],[90.4338,21.8785],[90.4087,21.8907],[90.3945,21.866],[90.3788,21.8726]],[[90.378,21.8796],[90.3744,21.8762],[90.3792,21.875],[90.378,21.8796]],[[90.3621,21.9062],[90.3579,21.9058],[90.3611,21.9042],[90.3621,21.9062]],[[90.4833,22.0292],[90.4833,22.0167],[90.4881,22.028],[90.4833,22.0292]]],[[[88.7417,21.6583],[88.6913,21.7441],[88.7087,21.7816],[88.6962,21.8608],[88.725,21.9333],[88.7215,21.9783],[88.7667,22.0167],[88.7458,22.0667],[88.7204,22.0535],[88.7,22.0792],[88.6831,22.0779],[88.6978,22.0547],[88.7378,22.0446],[88.7411,22.0136],[88.7167,22.0042],[88.68,21.9411],[88.6244,21.9577],[88.6339,21.998],[88.6629,22.0299],[88.631,22.1198],[88.6822,22.2011],[88.6755,22.2064],[88.6208,22.1125],[88.6381,22.0593],[88.5994,21.9757],[88.6161,21.9311],[88.5756,21.8783],[88.5575,21.8174],[88.5125,21.839],[88.5172,21.8551],[88.4833,21.8917],[88.5037,21.8146],[88.475,21.7958],[88.4577,21.7236],[88.4744,21.6729],[88.4534,21.6176],[88.4382,21.6137],[88.4342,21.6329],[88.4076,21.5966],[88.3881,21.6062],[88.3798,21.6866],[88.4,21.7083],[88.3542,21.6833],[88.3572,21.6426],[88.3171,21.6077],[88.3035,21.6093],[88.3092,21.6616],[88.2922,21.6272],[88.3089,21.5782],[88.2953,21.5634],[88.2688,21.5547],[88.2388,21.5711],[88.2422,21.5926],[88.2139,21.6168],[88.2172,21.6016],[88.2052,21.6045],[88.1797,21.677],[88.2172,21.7757],[88.1672,21.8645],[88.1708,21.9167],[88.1494,21.9593],[88.2119,22.0353],[88.2203,22.1022],[88.1866,22.1866],[88.0675,22.209],[88.1036,22.2937],[88.0884,22.2994],[88.0741,22.2424],[88.0335,22.2127],[88.0784,22.1869],[88.1366,22.1868],[88.1953,22.1061],[88.1647,22.0672],[88.0537,22.0068],[87.9826,21.8551],[87.9324,21.8007],[87.8958,21.7875],[87.7892,21.6913],[87.755,21.695],[87.6772,21.6506],[87.6387,21.6545],[87.4625,21.6042],[87.4059,21.5538],[87.3542,21.5708],[87.3905,21.5453],[87.2311,21.5494],[87.1167,21.5125],[87.066,21.4592],[86.9966,21.42],[86.8958,21.3167],[86.8244,21.1905],[86.8244,21.1424],[86.9621,20.8649],[86.9633,20.7863],[86.9737,20.7746],[86.9919,20.7824],[87.0039,20.7217],[87.0215,20.7231],[86.9985,20.704],[87.0464,20.711],[86.7583,20.5042],[86.7333,20.4083],[86.7923,20.3806],[86.7951,20.4323],[86.7966,20.3785],[86.8008,20.4252],[86.8173,20.4126],[86.782,20.3417],[86.7135,20.299],[86.7214,20.2847],[86.6826,20.2593],[86.577,20.216],[86.5424,20.1866],[86.4292,20.05],[86.3999,19.9853],[86.4206,19.9808],[86.4106,19.9807],[86.3676,19.9645],[86.3424,19.9846],[86.329,19.9815],[86.3741,19.9506],[86.1355,19.8672],[85.9083,19.8167],[85.9016,19.8422],[85.94,19.8558],[85.9157,19.9011],[85.95,19.9708],[85.9049,19.9759],[85.9,20.1],[85.8667,20.1167],[85.8617,20.1576],[85.8333,20.1167],[85.7757,20.1176],[85.765,20.1663],[85.6804,20.1714],[85.6741,20.1549],[85.5833,20.1542],[85.5833,20.2167],[85.5208,20.2292],[85.5375,20.2875],[85.4983,20.2746],[85.4479,20.3],[85.4201,20.2592],[85.4,20.2542],[85.3743,20.3367],[85.3381,20.3645],[85.3327,20.4255],[85.3506,20.4505],[85.3292,20.5042],[85.3774,20.5004],[85.3991,20.5091],[85.4009,20.545],[85.4526,20.5494],[85.4504,20.6066],[85.4661,20.623],[85.3757,20.6676],[85.3399,20.7163],[85.2816,20.6754],[85.2747,20.703],[85.3157,20.7421],[85.3041,20.7515],[85.3285,20.7802],[85.3328,20.8593],[85.3741,20.8965],[85.3673,20.9491],[85.4134,21.045],[85.4812,21.0088],[85.5524,21.0254],[85.5979,21.1125],[85.6483,21.0879],[85.6801,21.1244],[85.7368,21.1384],[85.7285,21.1949],[85.6875,21.2125],[85.6875,21.2333],[85.7679,21.3089],[85.8116,21.2994],[85.8417,21.3167],[85.8593,21.2754],[85.9272,21.2464],[86.0272,21.2964],[86.083,21.3601],[86.0879,21.3983],[86.1208,21.4167],[86.1464,21.3384],[86.2111,21.3458],[86.2368,21.3157],[86.2424,21.2675],[86.2625,21.2625],[86.2672,21.2905],[86.2506,21.2967],[86.2494,21.3176],[86.2643,21.3374],[86.2286,21.3408],[86.2275,21.3663],[86.1684,21.3545],[86.158,21.385],[86.1833,21.4292],[86.1993,21.4161],[86.2405,21.4206],[86.2686,21.4578],[86.3167,21.4708],[86.3536,21.5186],[86.3714,21.5676],[86.3379,21.6267],[86.3625,21.6417],[86.3542,21.6958],[86.3786,21.7228],[86.3924,21.7991],[86.4324,21.8129],[86.434,21.8408],[86.4538,21.8475],[86.4424,21.9076],[86.491,21.9425],[86.4869,21.9855],[86.45,22.0333],[86.4631,22.0855],[86.5413,22.1176],[86.5542,22.1375],[86.525,22.175],[86.4771,22.1625],[86.4208,22.1792],[86.4075,22.22],[86.3756,22.2395],[86.3881,22.2716],[86.3783,22.291],[86.3479,22.3037],[86.3092,22.3035],[86.2743,22.2828],[86.2467,22.2908],[86.2365,22.2673],[86.2208,22.2667],[86.0966,22.3201],[86.0709,22.2554],[86.0008,22.2368],[85.9865,22.209],[85.9542,22.2],[85.9233,22.233],[85.8525,22.2246],[85.8191,22.2538],[85.7667,22.2292],[85.705,22.2717],[85.7167,22.3167],[85.6758,22.3464],[85.675,22.375],[85.6292,22.3833],[85.6542,22.4333],[85.6097,22.4244],[85.5923,22.4383],[85.591,22.4657],[85.5158,22.5159],[85.4587,22.5184],[85.45,22.5708],[85.4631,22.5882],[85.4421,22.6313],[85.5108,22.692],[85.5868,22.7009],[85.5797,22.8355],[85.6,22.8625],[85.5785,22.8921],[85.6292,22.9333],[85.5956,22.9718],[85.6,22.9917],[85.5583,22.9542],[85.5587,23.0024],[85.575,23.0167],[85.5634,23.0619],[85.5917,23.075],[85.5708,23.1833],[85.6908,23.159],[85.675,23.225],[85.7131,23.3257],[85.6941,23.3504],[85.8417,23.3708],[85.8833,23.35],[85.8759,23.3908],[85.9047,23.4007],[85.8838,23.4229],[85.9274,23.4379],[85.9379,23.4642],[85.9147,23.4869],[85.884,23.4884],[85.8667,23.5333],[85.9145,23.5047],[85.9966,23.5172],[86.0509,23.5036],[86.0949,23.5339],[86.1159,23.5244],[86.1493,23.5422],[86.2074,23.5423],[86.2369,23.573],[86.2327,23.6033],[86.1875,23.625],[86.1962,23.6399],[86.2191,23.6587],[86.2917,23.6708],[86.3009,23.6951],[86.3368,23.7134],[86.3507,23.7574],[86.3824,23.7757],[86.4092,23.8366],[86.4316,23.833],[86.4417,23.8125],[86.5438,23.8],[86.625,23.875],[86.7066,23.8462],[86.725,23.8563],[86.7122,23.8653],[86.7212,23.8947],[86.6951,23.9091],[86.7246,23.9119],[86.7375,23.8708],[86.7725,23.9455],[86.7917,23.9625],[86.8208,23.9583],[86.8176,23.9742],[86.8657,23.9926],[86.8843,24.0544],[86.9292,24.0625],[86.9078,24.1257],[86.9369,24.1811],[86.9333,24.2417],[86.9631,24.2841],[86.9496,24.3191],[86.8962,24.3642],[86.8786,24.4091],[86.8869,24.4314],[86.8375,24.4958],[86.8792,24.5333],[86.8788,24.5646],[86.8531,24.6035],[86.825,24.6],[86.8285,24.62],[86.8078,24.6161],[86.7964,24.6312],[86.85,24.6542],[86.8494,24.6772],[86.8199,24.7201],[86.705,24.7509],[86.6922,24.7686],[86.6911,24.8301],[86.7083,24.8458],[86.6757,24.8843],[86.6785,24.9116],[86.6259,24.9717],[86.6455,25.0101],[86.6458,25.0708],[86.6246,25.1149],[86.5833,25.1292],[86.5875,25.1583],[86.5396,25.138],[86.5257,25.1468],[86.5171,25.1646],[86.5339,25.1966],[86.5208,25.2083],[86.4733,25.1712],[86.3811,25.1703],[86.3708,25.1583],[86.3191,25.167],[86.2949,25.1465],[86.1583,25.1292],[86.1297,25.1686],[86.1464,25.2177],[86.1387,25.2256],[86.1167,25.2042],[86.1461,25.2447],[86.0311,25.2589],[86.0064,25.2953],[85.9714,25.2927],[85.9566,25.3246],[85.9063,25.3125],[85.8618,25.3381],[85.8284,25.3286],[85.7679,25.3506],[85.7554,25.3411],[85.7323,25.3702],[85.7137,25.3714],[85.7256,25.3549],[85.7149,25.3337],[85.6292,25.3208],[85.6417,25.3333],[85.625,25.3625],[85.597,25.3581],[85.5625,25.3958],[85.5586,25.3633],[85.5305,25.3584],[85.5202,25.327],[85.4934,25.3129],[85.4708,25.4625],[85.3149,25.4996],[85.2483,25.5004],[85.1767,25.4795],[85.1494,25.5314],[85.1157,25.5506],[85.0943,25.525],[85.0354,25.5213],[85.0256,25.5616],[85.05,25.5792],[85.0458,25.6125],[84.9909,25.6089],[84.9614,25.5789],[84.9451,25.5881],[84.9189,25.5672],[84.8949,25.5714],[84.8467,25.534],[84.8284,25.5657],[84.802,25.5672],[84.773,25.5953],[84.7299,25.5883],[84.7292,25.6042],[84.7042,25.6],[84.6521,25.6494],[84.6174,25.6507],[84.5701,25.7573],[84.5042,25.7375],[84.4826,25.7658],[84.4451,25.7661],[84.4199,25.7993],[84.3923,25.7925],[84.3828,25.8605],[84.3647,25.8744],[84.2979,25.8829],[84.25,25.85],[84.1992,25.8993],[84.1657,25.8786],[84.1064,25.9036],[84.0813,25.8879],[84.0658,25.9076],[84.0351,25.9004],[84.0083,25.9542],[83.9729,25.9704],[83.9574,25.9536],[83.9284,25.9494],[83.9162,25.9673],[83.887,25.9452],[83.8675,25.9551],[83.8458,26.0333],[83.8845,26.0161],[83.9458,26.0208],[83.9742,26.0549],[83.975,26.075],[83.926,26.0754],[83.8966,26.1092],[83.9003,26.1239],[83.8762,26.1256],[83.8313,26.0921],[83.8014,26.1006],[83.7745,26.0619],[83.7611,26.0791],[83.7343,26.066],[83.7325,26.0785],[83.7042,26.0792],[83.7448,26.1091],[83.75,26.1542],[83.6867,26.1285],[83.6657,26.1535],[83.6271,26.1578],[83.6139,26.1452],[83.5986,26.1666],[83.527,26.1797],[83.5,26.2208],[83.4708,26.1958],[83.4326,26.1953],[83.4115,26.2202],[83.352,26.216],[83.3146,26.1881],[83.2928,26.1916],[83.2946,26.1703],[83.2551,26.1882],[83.2363,26.2214],[83.2012,26.208],[83.1605,26.2369],[83.0603,26.2298],[82.9843,26.2586],[82.9333,26.2208],[82.9377,26.2363],[82.9117,26.2535],[82.8375,26.2625],[82.8423,26.2819],[82.8091,26.2924],[82.8034,26.3534],[82.7477,26.3494],[82.7407,26.4034],[82.7176,26.3994],[82.7167,26.3792],[82.6386,26.4003],[82.6073,26.3756],[82.5292,26.3542],[82.4769,26.3714],[82.4625,26.4042],[82.4491,26.3872],[82.4217,26.3911],[82.4066,26.3295],[82.3866,26.3493],[82.3366,26.3286],[82.2792,26.3542],[82.1989,26.3206],[82.1167,26.3583],[82.1256,26.4153],[82.0925,26.4257],[82.0823,26.4534],[82.0458,26.4625],[82.0276,26.4417],[82.0157,26.4577],[81.9833,26.45],[82.0125,26.3792],[81.977,26.3798],[81.9146,26.4286],[81.88,26.4301],[81.8908,26.467],[81.87,26.4826],[81.8292,26.4875],[81.8167,26.4792],[81.8292,26.4729],[81.8205,26.4101],[81.7575,26.3674],[81.5077,26.3881],[81.4911,26.3494],[81.475,26.3583],[81.4797,26.3737],[81.4583,26.3667],[81.3958,26.3958],[81.3755,26.3827],[81.3551,26.3919],[81.3428,26.3706],[81.2257,26.38],[81.2297,26.3985],[81.1964,26.4145],[81.2006,26.4363],[81.0708,26.5042],[81.0467,26.48],[81.0951,26.4217],[81.0406,26.3495],[80.997,26.3755],[80.9677,26.3673],[80.9191,26.4163],[80.9158,26.3841],[80.876,26.3923],[80.8742,26.3799],[80.8517,26.3795],[80.8286,26.4071],[80.8491,26.4175],[80.8586,26.4489],[80.8012,26.4456],[80.7952,26.4614],[80.7325,26.4744],[80.6825,26.5408],[80.65,26.5417],[80.6496,26.51],[80.6046,26.4687],[80.6204,26.4479],[80.5833,26.425],[80.5512,26.4418],[80.5164,26.4989],[80.4687,26.509],[80.4492,26.5368],[80.425,26.5417],[80.409,26.4978],[80.4465,26.4592],[80.4088,26.4271],[80.403,26.3744],[80.3667,26.3833],[80.3661,26.4033],[80.3458,26.4167],[80.3145,26.4161],[80.2757,26.3869],[80.2301,26.4007],[80.2104,26.4287],[80.1561,26.4256],[80.162,26.4604],[80.15,26.475],[80.1174,26.4758],[80.1116,26.5032],[80.0354,26.5494],[79.9667,26.5417],[79.9667,26.5042],[79.9492,26.4715],[79.925,26.4625],[79.8741,26.5577],[79.8034,26.5578],[79.75,26.5875],[79.7091,26.58],[79.6986,26.6006],[79.577,26.6131],[79.525,26.6792],[79.5333,26.7167],[79.4634,26.7379],[79.47,26.7659],[79.4208,26.775],[79.4034,26.8006],[79.359,26.7801],[79.3577,26.7991],[79.3173,26.8343],[79.3256,26.9052],[79.3125,26.9208],[79.2708,26.9083],[79.2369,26.9938],[79.1965,27.0092],[79.1958,27.0333],[79.1718,27.0331],[79.15,27.0667],[79.0958,27.0542],[79.0916,26.9807],[79.1208,26.9625],[79.1158,26.9425],[79.0834,26.9387],[79.0451,26.9909],[79.0132,26.9968],[79.0162,27.0438],[78.9875,27.0625],[79.0004,27.1025],[79.0189,27.1119],[79.0616,27.0925],[79.1048,27.1342],[79.0215,27.1801],[79.0325,27.2282],[79.0009,27.2244],[79.008,27.2059],[78.9795,27.1941],[78.9564,27.1464],[78.8614,27.1494],[78.8566,27.1663],[78.8021,27.184],[78.7753,27.2159],[78.7425,27.2174],[78.7147,27.2536],[78.6926,27.2548],[78.6836,27.278],[78.6217,27.3175],[78.5991,27.3702],[78.552,27.3922],[78.5283,27.4285],[78.4576,27.4672],[78.4395,27.4589],[78.4381,27.5007],[78.4081,27.5261],[78.4125,27.55],[78.3838,27.5313],[78.3881,27.4993],[78.3608,27.4379],[78.3375,27.4375],[78.3233,27.417],[78.2868,27.4381],[78.2554,27.4244],[78.2369,27.4533],[78.1881,27.4759],[78.1866,27.5035],[78.1542,27.5083],[78.1176,27.5547],[78.0994,27.6195],[78.1173,27.6422],[78.1083,27.7042],[78.0508,27.7301],[78.0292,27.7896],[77.965,27.8746],[77.8923,27.8949],[77.8824,27.859],[77.825,27.8333],[77.809,27.8551],[77.8131,27.9466],[77.8,27.975],[77.7449,27.9993],[77.7243,27.9911],[77.7042,28.0167],[77.6583,28.0263],[77.6323,28.0673],[77.605,28.0634],[77.588,28.1104],[77.6006,28.1257],[77.5953,28.1564],[77.575,28.1583],[77.566,28.2215],[77.5866,28.3159],[77.5208,28.2875],[77.4646,28.287],[77.427,28.2589],[77.3968,28.2758],[77.387,28.3075],[77.4241,28.338],[77.4125,28.3875],[77.3312,28.4131],[77.3075,28.4503],[77.2125,28.4125],[77.225,28.4667],[77.2618,28.4799],[77.2453,28.5593],[77.2708,28.5958],[77.2135,28.5952],[77.2117,28.6076],[77.175,28.6125],[77.2375,28.7292],[77.2103,28.7369],[77.1689,28.7047],[77.1354,28.7204],[77.1095,28.7078],[77.1208,28.7458],[77.103,28.7712],[77.0822,28.7497],[77.0464,28.7686],[77.0331,28.7989],[77.0417,28.8396],[77.0081,28.8678],[77.0284,28.895],[76.9992,28.9284],[76.9625,28.9417],[76.9463,28.9854],[76.9667,29.0208],[76.9411,29.0551],[76.9506,29.0966],[76.9083,29.1333],[76.9258,29.216],[76.9575,29.226],[76.9456,29.2741],[76.9577,29.2758],[76.9715,29.3255],[76.9625,29.3875],[76.9083,29.4292],[76.9167,29.511],[76.9417,29.5167],[76.9468,29.5407],[76.9742,29.5466],[76.9799,29.5742],[76.9958,29.5792],[76.9464,29.6522],[76.9635,29.6954],[76.9792,29.7],[76.9756,29.7564],[77.0078,29.7978],[77.0006,29.8406],[77.0257,29.8867],[77.0494,29.8884],[77.0453,29.9155],[77.0911,29.9978],[77.0828,30.0696],[77.1172,30.1132],[77.1174,30.1824],[77.1786,30.2228],[77.1757,30.3492],[77.3167,30.4083],[77.3339,30.4613],[77.2967,30.4908],[77.322,30.5169],[77.3576,30.5036],[77.3875,30.5167],[77.4542,30.4625],[77.5167,30.4542],[77.5313,30.4125],[77.5875,30.425],[77.6074,30.3994],[77.6616,30.4035],[77.7125,30.3375],[77.8634,30.2674],[77.9625,30.2458],[78.0417,30.1],[78.0701,30.0824],[78.075,30.0417],[78.1483,30.0621],[78.1936,30.0381],[78.2625,30.0333],[78.2801,30.0004],[78.3826,29.9177],[78.3397,29.8715],[78.2937,29.8661],[78.2563,29.834],[78.2333,29.8333],[78.228,29.7875],[78.1997,29.7866],[78.2,29.75],[78.2699,29.7757],[78.3146,29.8495],[78.4375,29.85],[78.45,29.8042],[78.4494,29.7844],[78.2509,29.6119],[78.2559,29.5837],[78.3063,29.6079],[78.378,29.6122],[78.3993,29.6301],[78.441,29.6717],[78.4717,29.7991],[78.5104,29.8329],[78.5364,29.8336],[78.4994,29.7382],[78.5047,29.7103],[78.5304,29.6875],[78.5535,29.6949],[78.5592,29.6549],[78.608,29.6409],[78.6133,29.6164],[78.6449,29.6157],[78.7134,29.534],[78.7341,29.5286],[78.7373,29.5489],[78.6775,29.6088],[78.6789,29.6313],[78.7402,29.5628],[78.7737,29.5903],[78.8583,29.6045],[78.786,29.5723],[78.8028,29.5582],[78.7767,29.5567],[78.7858,29.5376],[78.7992,29.5331],[78.8303,29.5669],[78.9125,29.525],[79.0649,29.5121],[79.125,29.4708],[79.1083,29.4208],[79.1256,29.4009],[79.0976,29.2462],[79.1125,29.2542],[79.1715,29.4033],[79.1917,29.4083],[79.18,29.355],[79.2208,29.35],[79.2701,29.3714],[79.295,29.3633],[79.3048,29.3991],[79.3417,29.4083],[79.3163,29.3767],[79.3202,29.2728],[79.2492,29.1632],[79.2175,29.1618],[79.1887,29.0744],[79.2566,29.1254],[79.2792,29.1208],[79.2551,29.1424],[79.2788,29.1517],[79.3212,29.2275],[79.3917,29.2958],[79.3837,29.2517],[79.4091,29.2048],[79.47,29.2007],[79.509,29.2343],[79.5083,29.2708],[79.5583,29.2458],[79.5866,29.2743],[79.6175,29.2384],[79.6717,29.2173],[79.7667,29.2167],[79.8493,29.1449],[79.8542,29.125],[79.8896,29.1333],[79.8965,29.1576],[79.9762,29.1964],[80.0426,29.1631],[80.0733,29.1754],[80.1449,29.1577],[80.1551,29.1047],[80.1866,29.0952],[80.2292,29.0458],[80.3125,29.0583],[80.3868,29.0506],[80.4226,29.0295],[80.465,29.033],[80.5131,28.967],[80.4119,28.8631],[80.4275,28.833],[80.4533,28.8382],[80.5271,28.9245],[80.6167,28.9417],[80.6333,28.9917],[80.6991,28.9869],[80.7538,28.9441],[80.7375,28.9042],[80.7478,28.8964],[80.825,28.8667],[80.858,28.885],[80.8625,28.9125],[80.9104,28.8833],[80.9608,28.883],[80.9545,28.835],[80.9708,28.8208],[81.1158,28.7744],[81.1467,28.734],[81.2059,28.6962],[81.2511,28.7461],[81.3533,28.7118],[81.375,28.6167],[81.425,28.5917],[81.4417,28.5542],[81.5079,28.5282],[81.7283,28.3825],[81.7045,28.3399],[81.7186,28.3214],[81.7866,28.295],[81.7926,28.2757],[81.8441,28.2746],[81.8667,28.2521],[81.8625,28.2375],[81.9241,28.2282],[82.0125,28.1542],[82.0208,28.1],[82.1191,28.0705],[82.3559,27.9504],[82.4965,27.9074],[82.4827,27.8712],[82.4924,27.8427],[82.52,27.8592],[82.5311,27.8994],[82.5775,27.9045],[82.7272,27.8953],[82.7625,27.8667],[82.8689,27.8953],[82.8884,27.8714],[82.9744,27.8574],[82.9851,27.8379],[83.099,27.8327],[83.1095,27.8161],[83.1578,27.8116],[83.1954,27.7479],[83.1699,27.7087],[83.1173,27.6783],[83.122,27.6661],[83.1522,27.6714],[83.1955,27.7101],[83.2354,27.7958],[83.265,27.7879],[83.2851,27.8121],[83.3083,27.8125],[83.3083,27.7708],[83.3491,27.766],[83.3698,27.7453],[83.4534,27.7299],[83.4667,27.7542],[83.4715,27.7384],[83.5733,27.7038],[83.6158,27.709],[83.6218,27.7256],[83.7233,27.7121],[83.7983,27.7246],[83.925,27.7042],[83.9301,27.7327],[83.9958,27.7375],[84.008,27.7517],[84.0074,27.7702],[83.9833,27.775],[83.9798,27.8378],[83.9424,27.8633],[83.95,27.8833],[83.8899,27.8254],[83.8201,27.8464],[83.7618,27.8369],[83.7333,27.8458],[83.7411,27.9241],[83.7257,27.9533],[83.8083,27.9458],[83.8258,27.9784],[83.8544,27.9888],[83.8216,28.0133],[83.8215,28.0491],[83.9208,28.0792],[83.9417,28.1125],[84.0604,28.0542],[84.1009,28.0794],[84.1188,28.0744],[84.1428,28.0418],[84.1785,28.0284],[84.1799,28.005],[84.2003,27.9949],[84.1978,27.9673],[84.2667,27.9667],[84.2285,27.8634],[84.3355,27.8536],[84.3728,27.8048],[84.4616,27.8285],[84.4758,27.8008],[84.5208,27.7792],[84.5564,27.7869],[84.5792,27.7667],[84.6108,27.7788],[84.6451,27.7369],[84.6917,27.725],[84.6797,27.6686],[84.7089,27.6405],[84.7039,27.6136],[84.7214,27.6071],[84.7042,27.5542],[84.725,27.4458],[84.7938,27.441],[84.9309,27.367],[84.9991,27.366],[85.0063,27.3546],[85.1396,27.3667],[85.1592,27.334],[85.1936,27.3172],[85.291,27.3116],[85.3493,27.2783],[85.3715,27.2176],[85.4199,27.1911],[85.4767,27.1996],[85.4958,27.2208],[85.5417,27.2208],[85.4958,27.175],[85.5705,27.1399],[85.5583,27.125],[85.5674,27.0549],[85.7022,27.0881],[85.7504,27.1615],[85.7858,27.1788],[85.8059,27.1629],[85.8333,27.1708],[85.8642,27.1295],[85.8823,27.1464],[85.9371,27.124],[85.9465,27.0884],[86.002,27.0214],[86.1066,27.0163],[86.1833,26.9875],[86.2311,26.9506],[86.2825,26.9533],[86.3101,26.9254],[86.4208,26.9083],[86.4603,26.8881],[86.5649,26.892],[86.6042,26.9792],[86.6226,26.9545],[86.7,26.9375],[86.7507,26.8676],[86.7858,26.858],[86.8483,26.8629],[86.8775,26.8837],[86.9522,26.8786],[86.9729,26.863],[87.0937,26.8708],[87.1625,26.9125],[87.2542,26.8667],[87.2983,26.8746],[87.3667,26.8458],[87.4292,26.8833],[87.475,26.8625],[87.5167,26.8875],[87.5617,26.8868],[87.575,26.8583],[87.6875,26.8833],[87.7674,26.8286],[87.8311,26.8869],[87.845,26.8866],[87.8634,26.8507],[87.8884,26.8453],[87.9074,26.8587],[87.925,26.9125],[87.9551,26.884],[88.0125,26.8667],[88.0476,26.8955],[88.0708,26.8958],[88.1208,26.95],[88.1833,26.8875],[88.245,26.895],[88.2625,26.8667],[88.3125,26.9292],[88.3917,26.9167],[88.4375,26.9958],[88.4636,26.9664],[88.5283,26.9756],[88.5583,26.9958],[88.6012,27.0756],[88.65,27.0917],[88.6941,27.0837],[88.7358,27.1371],[88.7708,27.0917],[88.8158,27.0783],[88.8299,27.0133],[88.8576,27.0031],[88.8625,26.95],[88.9026,26.9417],[88.9137,26.9589],[88.9451,26.9549],[88.9718,27.0157],[89.0208,27.0375],[89.0286,26.9049],[89.0342,26.8923],[89.05,26.9],[89.0458,26.8833],[89.0951,26.9006],[89.1616,26.8869],[89.2191,26.8996],[89.2375,26.8875],[89.2728,26.9036],[89.3176,26.8994],[89.3375,26.9208],[89.3493,26.8953],[89.4118,26.9131],[89.4614,26.9039],[89.5108,26.9288],[89.5625,26.8042],[89.6397,26.7828],[89.6708,26.7542],[89.7184,26.7496],[89.7333,26.7667],[89.8167,26.7875],[89.8208,26.8458],[89.8676,26.8119],[89.8882,26.8256],[89.9741,26.7911],[90.0083,26.7958],[90.0408,26.8297],[90.0824,26.8256],[90.1034,26.8506],[90.1417,26.8542],[90.1507,26.9032],[90.1896,26.9412],[90.2583,26.85],[90.2708,26.8667],[90.2799,26.7592],[90.3118,26.7576],[90.3174,26.6966],[90.3542,26.6625],[90.3458,26.6854],[90.3625,26.7479],[90.3496,26.8142],[90.375,26.925],[90.4036,26.8939],[90.4173,26.8051],[90.4536,26.7574],[90.4631,26.7061],[90.4783,26.7006],[90.4542,26.8333],[90.4369,26.8574],[90.45,26.9458],[90.5083,26.9542],[90.548,26.9464],[90.5782,26.9756],[90.6441,26.9754],[90.6608,26.992],[90.7625,26.9292],[90.7994,26.8855],[90.8145,26.8297],[90.9542,26.8375],[90.9875,26.825],[91.1108,26.8545],[91.1771,26.8379],[91.2358,26.8496],[91.2476,26.8295],[91.2729,26.825],[91.325,26.8625],[91.4033,26.8325],[91.4354,26.7833],[91.4705,26.8142],[91.4583,26.8583],[91.5108,26.8754],[91.5767,26.9246],[91.6167,26.8917],[91.6525,26.8913],[91.6733,26.8538],[91.7788,26.8801],[91.8,26.9583],[91.7667,27.0],[91.8,27.0167],[91.8496,26.9941],[91.8583,26.9458],[91.8792,26.9333],[91.9601,26.9705],[91.9941,26.9663],[92.0434,26.9295],[92.0829,26.9325],[92.105,26.8956],[92.1283,26.8965],[92.1467,26.9368],[92.1828,26.9509],[92.1926,26.9829],[92.2083,26.9875],[92.2254,26.8475],[92.2042,26.7688],[92.2167,26.7458],[92.2419,26.7614],[92.2297,26.7855],[92.2583,26.8917],[92.2746,26.8733],[92.2962,26.7684],[92.3167,26.7542],[92.3506,26.7824],[92.3625,26.8458],[92.3708,26.7125],[92.3978,26.6797],[92.4548,26.6549],[92.4684,26.6004],[92.5063,26.5875],[92.516,26.6116],[92.4967,26.6174],[92.4917,26.6458],[92.476,26.6464],[92.441,26.6949],[92.4006,26.7176],[92.3869,26.7618],[92.4167,26.8333],[92.55,26.7333],[92.5367,26.791],[92.4885,26.8171],[92.4631,26.8592],[92.4387,26.9464],[92.4684,26.9129],[92.5583,26.8875],[92.5881,26.8552],[92.5922,26.7549],[92.5792,26.7208],[92.609,26.6218],[92.625,26.6125],[92.6413,26.6225],[92.6286,26.653],[92.6464,26.7051],[92.6245,26.7843],[92.6422,26.8259],[92.6366,26.8659],[92.587,26.9218],[92.6096,26.9959],[92.6241,27.0044],[92.752,26.9381],[92.8149,26.9413],[92.8708,26.9],[92.9103,26.9619],[92.9743,26.9676],[92.9875,27.0125],[93.0292,26.9458],[93.0483,26.942],[93.0887,26.9714],[93.1858,26.9288],[93.2205,26.8941],[93.1953,26.7382],[93.2083,26.6542],[93.2427,26.6631],[93.2632,26.6494],[93.3082,26.6697],[93.3218,26.6414],[93.3417,26.6417],[93.3167,26.6],[93.3458,26.5417],[93.3229,26.5338],[93.2733,26.5629],[93.1809,26.5538],[93.1542,26.5375],[93.15,26.5167],[93.1672,26.5115],[93.1452,26.4838],[93.1575,26.4425],[93.0772,26.3964],[93.0333,26.3917],[92.9295,26.2983],[92.9247,26.247],[92.9381,26.2382],[92.9255,26.2188],[92.9593,26.1754],[92.983,26.1809],[93.0042,26.2208],[93.0353,26.1672],[93.1458,26.125],[93.1925,26.1701],[93.2491,26.1907],[93.2715,26.1632],[93.2577,26.1466],[93.2631,26.113],[93.2042,26.0375],[93.2522,26.0339],[93.3402,26.1042],[93.3575,26.0825],[93.3504,26.0351],[93.3726,25.992],[93.45,26.0208],[93.4545,25.9892],[93.4772,25.9839],[93.575,26.0458],[93.5875,26.1125],[93.6233,26.1212],[93.6936,26.1994],[93.7896,26.2204],[93.8315,26.1871],[93.8566,26.2121],[93.8375,26.1271],[93.8545,26.0434],[93.8465,25.9926],[93.8792,25.9625],[93.8958,26.0167],[93.8745,26.0573],[93.8755,26.1147],[93.8965,26.2157],[93.9326,26.2116],[93.9479,26.188],[93.9708,26.1917],[93.9875,26.1521],[93.9797,26.052],[94.0083,26.0146],[94.0045,25.9725],[94.04,25.9663],[94.0545,25.9475],[94.0375,25.8812],[94.0587,25.8601],[94.05,25.8083],[94.0792,25.7667],[94.0509,25.7619],[94.0006,25.7116],[93.9875,25.65],[93.9436,25.6494],[93.8708,25.5958],[93.8333,25.6042],[93.8149,25.5795],[93.7875,25.5792],[93.7208,25.6875],[93.6837,25.6892],[93.6483,25.8038],[93.6328,25.7949],[93.6792,25.6208],[93.6118,25.6867],[93.5375,25.7],[93.5378,25.7157],[93.5162,25.7256],[93.4853,25.7286],[93.4616,25.7007],[93.425,25.6917],[93.3667,25.8167],[93.3174,25.7953],[93.2417,25.8125],[93.2076,25.7953],[93.0941,25.8496],[93.0066,25.8545],[92.9899,25.8379],[92.9509,25.845],[92.9259,25.8173],[92.9119,25.8425],[92.9339,25.8571],[92.9092,25.8675],[92.8905,25.9003],[92.8743,25.8911],[92.8458,25.9167],[92.8132,25.8841],[92.8054,25.9172],[92.7833,25.8958],[92.7923,25.9299],[92.7625,25.9542],[92.7458,25.9458],[92.7239,25.8831],[92.6686,25.8953],[92.6051,25.8703],[92.5542,25.8708],[92.5381,25.8895],[92.5465,25.9323],[92.5298,25.9437],[92.5284,25.974],[92.505,25.9705],[92.4909,25.9216],[92.4306,25.8952],[92.4033,25.9451],[92.3592,25.9467],[92.3542,25.9708],[92.3272,25.9828],[92.2345,25.9703],[92.2042,26.0083],[92.15,25.9792],[92.1158,26.0077],[92.0708,26.0167],[92.0177,25.9909],[91.9843,25.9579],[91.9743,25.9217],[91.9429,25.9078],[91.9228,25.9161],[91.9033,25.8675],[91.8677,25.8545],[91.867,25.76],[91.9077,25.7342],[91.8718,25.7256],[91.8417,25.7458],[91.7967,25.7241],[91.7792,25.6667],[91.7417,25.6917],[91.7035,25.7658],[91.6759,25.7759],[91.7118,25.7924],[91.7131,25.8116],[91.675,25.8208],[91.5708,25.8083],[91.5621,25.8238],[91.575,25.8307],[91.5542,25.85],[91.5355,25.8298],[91.5133,25.8336],[91.508,25.8091],[91.4604,25.8173],[91.45,25.8417],[91.4261,25.8461],[91.3855,25.8256],[91.3509,25.8298],[91.3338,25.8854],[91.3417,25.9125],[91.2202,25.8527],[91.2334,25.8263],[91.191,25.7922],[91.1924,25.7716],[91.2125,25.7625],[91.1953,25.7382],[91.2042,25.7083],[91.1592,25.7131],[91.1536,25.7841],[91.1785,25.8052],[91.1922,25.8509],[91.1833,25.8667],[91.1542,25.8583],[91.1342,25.8743],[91.0579,25.801],[91.0134,25.8007],[91.0083,25.8375],[90.9708,25.8542],[91.0,26.0208],[90.9424,26.0546],[90.8828,25.9186],[90.8233,25.867],[90.7962,25.8892],[90.7858,25.933],[90.7042,25.8667],[90.7003,25.8905],[90.675,25.9042],[90.5708,25.9],[90.5786,25.9593],[90.608,26.0059],[90.5938,26.0333],[90.5366,25.9592],[90.4963,25.9354],[90.4993,25.9051],[90.4708,25.875],[90.4549,25.8757],[90.4542,25.8958],[90.4135,25.8952],[90.4032,25.8706],[90.3507,25.8616],[90.3171,25.7937],[90.3462,25.7475],[90.3342,25.7257],[90.3662,25.7021],[90.3453,25.6716],[90.3708,25.575],[90.327,25.5672],[90.291,25.6074],[90.2208,25.6208],[90.2163,25.5934],[90.1958,25.5833],[90.2006,25.5385],[90.241,25.5199],[90.2577,25.4854],[90.2022,25.4298],[90.1745,25.4202],[90.1384,25.4336],[90.0788,25.3809],[90.0952,25.2259],[90.0827,25.1926],[90.0547,25.1814],[90.05,25.1458],[90.1033,25.1592],[90.1458,25.2458],[90.1501,25.2139],[90.1996,25.1483],[90.1996,25.1226],[90.1788,25.0684],[90.1505,25.0521],[90.1833,24.989],[90.1382,24.9964],[90.125,24.9833],[90.1618,24.9659],[90.1799,24.8926],[90.207,24.9],[90.2132,24.88],[90.2882,24.8627],[90.2618,24.8533],[90.291,24.8313],[90.2827,24.8092],[90.3048,24.7994],[90.2907,24.7593],[90.2624,24.7446],[90.2875,24.725],[90.2871,24.7059],[90.2621,24.6892],[90.2667,24.6708],[90.3134,24.6259],[90.3408,24.6202],[90.3833,24.5792],[90.3875,24.55],[90.4297,24.5196],[90.45,24.4667],[90.4256,24.3854],[90.4342,24.3577],[90.4612,24.3624],[90.4833,24.3333],[90.5166,24.3303],[90.505,24.4044],[90.5358,24.3996],[90.5965,24.3695],[90.5673,24.3228],[90.6417,24.2667],[90.6869,24.2853],[90.691,24.32],[90.6785,24.3218],[90.6917,24.3333],[90.7312,24.2798],[90.7616,24.2922],[90.8116,24.2785],[90.8,24.2562],[90.8375,24.2104],[90.8288,24.1733],[90.8621,24.1316],[90.8542,24.1167],[90.8742,24.1174],[90.8756,24.1813],[90.9,24.2083],[90.9616,24.2035],[90.9917,24.1625],[90.9976,24.2094],[91.0155,24.1788],[91.0586,24.2402],[91.0476,24.1908],[91.0031,24.1538],[91.0375,24.1708],[91.0575,24.1575],[91.0869,24.1199],[91.0965,24.0759],[91.1233,24.0621],[91.2267,24.083],[91.2387,24.0675],[91.2866,24.0756],[91.3104,24.1119],[91.3937,24.0631],[91.4733,24.0746],[91.4917,24.0188],[91.5105,24.0047],[91.5625,24.0208],[91.5827,24.0509],[91.5881,24.1092],[91.5581,24.1261],[91.6042,24.1625],[91.6345,24.1244],[91.7542,24.1125],[91.7542,24.0667],[91.8024,24.0629],[91.8708,24.0833],[91.9042,24.0708],[91.9083,24.0417],[91.9439,24.0339],[92.0125,24.0667],[92.0708,24.0625],[92.084,24.1784],[92.1146,24.1958],[92.1434,24.1871],[92.1708,24.2042],[92.2118,24.1922],[92.2384,24.1423],[92.2708,24.1417],[92.2583,24.1792],[92.2716,24.2242],[92.2882,24.2573],[92.3311,24.2869],[92.3495,24.2771],[92.3414,24.2386],[92.3786,24.2199],[92.3792,24.1875],[92.4167,24.1792],[92.4257,24.2533],[92.4625,24.3],[92.4905,24.2914],[92.5034,24.3032],[92.522,24.2411],[92.547,24.2589],[92.6167,24.2417],[92.6103,24.2036],[92.6284,24.1992],[92.6591,24.138],[92.6952,24.1259],[92.6911,24.198],[92.6744,24.2299],[92.7468,24.3913],[92.7714,24.3905],[92.7625,24.3375],[92.7784,24.3328],[92.8157,24.3423],[92.8542,24.3792],[92.8756,24.3635],[92.8816,24.333],[92.9125,24.3458],[92.8784,24.2841],[92.8595,24.2922],[92.8547,24.2814],[92.8417,24.1625],[92.8662,24.1521],[92.8672,24.0936],[92.8995,24.0563],[92.8958,24.0292],[92.9208,24.025],[92.9337,23.9934],[92.9208,23.9354],[92.9417,23.8],[92.9091,23.7825],[92.895,23.7132],[92.8625,23.7083],[92.8619,23.6843],[92.8275,23.6837],[92.7941,23.6462],[92.725,23.6417],[92.7243,23.6617],[92.6781,23.6589],[92.6741,23.6258],[92.6563,23.6125],[92.5958,23.625],[92.5917,23.65],[92.5525,23.6462],[92.54,23.6295],[92.4676,23.6368],[92.4583,23.5917],[92.4333,23.5875],[92.4212,23.5358],[92.4288,23.3059],[92.3955,23.2892],[92.4051,23.2507],[92.4241,23.2411],[92.4783,23.2659],[92.5083,23.1104],[92.5673,22.9593],[92.5949,22.9535],[92.6259,22.8793],[92.6558,22.8777],[92.6591,22.9159],[92.7158,22.92],[92.7292,22.8875],[92.7909,22.8659],[92.8411,22.8022],[92.8464,22.6811],[92.8958,22.5333],[92.8871,22.4725],[92.9,22.4375],[92.8785,22.3841],[92.859,22.3741],[92.8792,22.3167],[92.8451,22.3119],[92.7583,22.3625],[92.8042,22.1708],[92.7549,22.1412],[92.7492,22.2075],[92.7208,22.2208],[92.6876,22.1096],[92.6575,22.1326],[92.5816,22.1462],[92.55,22.1042],[92.5101,22.1121],[92.5042,22.0792],[92.4884,22.0706],[92.4554,22.1131],[92.398,22.0714],[92.3667,22.0708],[92.3622,22.0553],[92.3912,22.0312],[92.3833,22.0208],[92.3595,22.0297],[92.3368,21.9994],[92.2925,22.0009],[92.2574,22.0868],[92.2,22.0875],[92.1433,22.0458],[92.1219,22.0714],[92.1019,22.0672],[92.0625,22.0917],[92.0667,22.0792],[92.0225,22.0538],[91.9917,22.0458],[91.9825,22.0618],[91.9451,22.0673],[91.918,22.0535],[91.9131,22.0799],[91.8747,22.1051],[91.8833,22.1292],[91.859,22.1342],[91.8631,22.1488],[91.8466,22.1493],[91.8535,22.1133],[91.8381,22.1187],[91.8125,22.2333],[91.7983,22.2246],[91.7629,22.2684],[91.7494,22.373],[91.7077,22.4866],[91.5493,22.6699],[91.4635,22.7171],[91.4413,22.7865],[91.4238,22.7453],[91.3812,22.7829],[91.3667,22.775],[91.3922,22.7634],[91.3855,22.7506],[91.3011,22.7461],[91.2635,22.6953],[91.2375,22.7042],[91.2744,22.6605],[91.2869,22.602],[91.2465,22.5494],[91.1918,22.5321],[91.1833,22.5208],[91.2089,22.5134],[91.1814,22.4839],[91.1341,22.4619],[91.1215,22.4782],[91.1417,22.5],[91.0799,22.4577],[91.0784,22.4954],[91.0639,22.4832],[91.0502,22.5278],[90.9999,22.5737],[90.8873,22.6575],[90.8493,22.6618],[90.7798,22.7646],[90.7746,22.8441],[90.7441,22.8871],[90.7176,22.8796],[90.6381,22.9978],[90.6378,23.2197],[90.6176,23.2202],[90.55,23.0555],[90.5965,22.9627],[90.6007,22.9252],[90.5827,22.9089],[90.6132,22.9026],[90.6063,22.884],[90.5785,22.8825],[90.6112,22.8751],[90.6207,22.8882],[90.6786,22.8314],[90.6781,22.7923],[90.6587,22.7892],[90.7045,22.6559],[90.7621,22.6024],[90.7754,22.5434],[90.8712,22.435],[90.842,22.3649],[90.8452,22.2645],[90.8161,22.1228],[90.7009,21.9827],[90.7167,22.0208],[90.6774,21.9962],[90.6208,21.9958],[90.5784,21.884],[90.5383,21.8826],[90.5486,21.8452],[90.5403,21.8576],[90.505,21.8632],[90.5167,21.8861],[90.4952,21.8744],[90.4869,21.9008],[90.5072,21.9082],[90.4999,21.9179],[90.5089,21.9355],[90.5408,21.9633],[90.5369,21.9823],[90.5668,21.9887],[90.5494,21.9967],[90.5958,22.0333],[90.6163,22.0976],[90.6163,22.1809],[90.6746,22.2726],[90.6754,22.385],[90.658,22.4142],[90.6708,22.475],[90.6579,22.5532],[90.6042,22.5625],[90.5992,22.5425],[90.575,22.55],[90.6,22.5208],[90.6052,22.5492],[90.6207,22.5548],[90.659,22.5418],[90.6452,22.5293],[90.6451,22.3745],[90.6333,22.3833],[90.6036,22.2769],[90.5339,22.2064],[90.5244,22.1676],[90.5051,22.1659],[90.4703,22.1103],[90.3389,21.9874],[90.3369,22.0216],[90.3869,22.0853],[90.3799,22.1241],[90.3797,22.0824],[90.3385,22.0538],[90.2618,21.8385],[90.1896,21.7964],[90.0961,21.8219],[90.084,21.8617],[90.1,21.8792],[90.0772,21.8589],[90.0311,21.8714],[90.0203,21.9257],[90.0244,21.9488],[90.0699,21.9714],[90.0881,22.0439],[90.1551,22.116],[90.1924,22.1078],[90.2203,22.1311],[90.2381,22.2007],[90.2167,22.2292],[90.2083,22.3375],[90.2077,22.237],[90.234,22.1909],[90.2034,22.1216],[90.152,22.1202],[90.0844,22.0538],[90.0574,21.9747],[89.9923,22.0011],[89.9828,22.0344],[90.0199,22.0465],[90.0125,22.0625],[89.9842,22.0491],[89.9744,22.0159],[89.9922,21.9618],[89.9689,21.9422],[89.9342,21.9545],[89.9154,22.0208],[89.8925,22.0128],[89.8971,22.0374],[89.9132,22.0336],[89.8952,22.061],[89.909,22.1462],[89.8744,22.2396],[89.8621,22.2327],[89.8494,22.2549],[89.8994,22.3395],[89.8994,22.3781],[89.9739,22.4378],[89.9869,22.4687],[89.9882,22.495],[90.0125,22.4958],[89.9845,22.5006],[89.9788,22.4559],[89.9566,22.4295],[89.8975,22.3871],[89.8792,22.3958],[89.8913,22.3601],[89.842,22.2691],[89.8379,22.2267],[89.8962,22.16],[89.8792,22.0917],[89.8483,22.0629],[89.8042,22.0708],[89.858,22.0358],[89.8788,21.8976],[89.8559,21.8705],[89.8417,21.875],[89.8411,21.8509],[89.7802,21.8286],[89.7698,21.8494],[89.7458,21.8542],[89.7257,21.8286],[89.6926,21.8422],[89.6759,21.8328],[89.666,21.8741],[89.6559,21.8538],[89.6292,21.8708],[89.7047,21.7926],[89.7035,21.7718],[89.6353,21.7506],[89.6078,21.7637],[89.6083,21.8042],[89.5911,21.7632],[89.6125,21.7223],[89.5966,21.7119],[89.5635,21.7131],[89.5464,21.7353],[89.5328,21.7659],[89.5464,21.7929],[89.5286,21.8201],[89.5387,21.8547],[89.5544,21.8554],[89.5381,21.9616],[89.6004,22.1309],[89.5478,22.2078],[89.5839,22.1074],[89.5324,21.9911],[89.5078,22.0219],[89.5339,22.0801],[89.5131,22.1011],[89.4756,22.2176],[89.4912,22.2646],[89.4744,22.3022],[89.4339,22.352],[89.4464,22.4052],[89.4286,22.4855],[89.4083,22.5208],[89.4412,22.3854],[89.4257,22.3468],[89.4797,22.2759],[89.4589,22.202],[89.5214,22.0718],[89.4968,22.0286],[89.4744,22.036],[89.5131,21.9591],[89.5119,21.9135],[89.4535,21.905],[89.4755,21.9033],[89.4535,21.8498],[89.4757,21.7869],[89.4532,21.7551],[89.4159,21.7216],[89.3914,21.7202],[89.3548,21.7562],[89.3452,21.8132],[89.3785,21.877],[89.384,21.9127],[89.3507,22.0145],[89.3667,22.05],[89.3422,22.0272],[89.3547,21.9826],[89.3449,21.9703],[89.2881,22.0561],[89.3047,22.0884],[89.299,22.0952],[89.2619,22.0926],[89.2839,22.148],[89.3203,22.1853],[89.3083,22.2125],[89.3121,22.1809],[89.2795,22.1566],[89.2663,22.11],[89.2458,22.1],[89.2618,22.0828],[89.2964,22.0841],[89.2797,22.052],[89.3631,21.9132],[89.3619,21.8968],[89.325,21.875],[89.3715,21.8795],[89.3369,21.8133],[89.3346,21.7834],[89.3074,21.8506],[89.3035,21.8174],[89.2785,21.8326],[89.2744,21.8747],[89.2952,21.9021],[89.2904,21.9125],[89.2596,21.9125],[89.2355,21.941],[89.2077,21.9535],[89.2458,21.9833],[89.2049,21.9615],[89.2035,21.9492],[89.2175,21.934],[89.2397,21.9327],[89.2501,21.9137],[89.2881,21.9037],[89.2715,21.8813],[89.2672,21.8354],[89.291,21.7897],[89.2789,21.6968],[89.2965,21.6764],[89.2438,21.6506],[89.2051,21.6544],[89.2244,21.7104],[89.1764,21.8051],[89.1918,21.8342],[89.2085,21.9091],[89.17,21.8008],[89.157,21.791],[89.1003,21.8092],[89.0994,21.8688],[89.0785,21.8992],[89.091,22.0063],[89.0464,22.0895],[89.0667,22.125],[89.0217,22.163],[89.0199,22.2032],[88.9674,22.2093],[88.9619,22.2397],[88.95,22.25],[88.9672,22.1728],[88.9759,22.1592],[88.9875,22.1542],[88.9716,22.195],[89.016,22.1993],[89.0174,22.1591],[89.0535,22.1313],[89.0327,22.0918],[89.0798,21.996],[89.0576,21.9239],[89.0632,21.8854],[89.0882,21.861],[89.0798,21.8104],[89.1325,21.7739],[89.1492,21.7297],[89.1088,21.7174],[89.041,21.7849],[89.0577,21.8604],[89.0239,21.9038],[89.0263,21.9249],[89.0151,21.8993],[89.0021,21.9007],[88.9298,21.9396],[88.9257,21.9646],[88.9465,21.9915],[88.934,22.0618],[88.9743,22.0729],[88.9965,22.1332],[88.9875,22.15],[88.9701,22.0759],[88.9244,22.0593],[88.9381,21.9966],[88.9216,21.9786],[88.9047,22.0314],[88.9083,21.9292],[89.0339,21.8635],[89.0214,21.7686],[89.0964,21.6676],[89.0952,21.6343],[89.0674,21.6161],[89.0417,21.6208],[89.0213,21.5994],[88.9592,21.6132],[88.9369,21.645],[88.9548,21.6829],[88.9492,21.6995],[88.9202,21.718],[88.9298,21.737],[88.9208,21.7583],[88.9174,21.7175],[88.9453,21.6896],[88.9242,21.63],[88.8931,21.6459],[88.8702,21.695],[88.8786,21.7563],[88.8341,21.7798],[88.8536,21.8813],[88.8161,21.9245],[88.8536,21.9119],[88.8625,21.9167],[88.8272,21.9369],[88.8,21.9208],[88.8423,21.8918],[88.8215,21.8354],[88.834,21.813],[88.8243,21.7918],[88.8354,21.7673],[88.8673,21.7614],[88.841,21.7127],[88.8618,21.6354],[88.8485,21.616],[88.8077,21.6307],[88.8229,21.6604],[88.8209,21.7096],[88.7699,21.7041],[88.7921,21.7221],[88.7639,21.7456],[88.8032,21.7671],[88.8089,21.8007],[88.7657,21.8952],[88.7381,21.8814],[88.7119,21.7616],[88.7257,21.7302],[88.7601,21.7451],[88.7586,21.729],[88.7849,21.7271],[88.7579,21.7071],[88.7703,21.6933],[88.8138,21.7069],[88.8075,21.6586],[88.8002,21.6535],[88.7752,21.6632],[88.7417,21.6583]],[[88.7493,22.0676],[88.75,22.075],[88.7458,22.0667],[88.7493,22.0676]],[[88.7546,22.0762],[88.7512,22.0797],[88.75,22.075],[88.7546,22.0762]],[[88.7155,22.0087],[88.7119,22.0054],[88.7167,22.0042],[88.7155,22.0087]],[[88.475,21.7958],[88.467,21.7991],[88.4675,21.7965],[88.475,21.7958]],[[88.353,21.6879],[88.3494,21.6845],[88.3542,21.6833],[88.353,21.6879]],[[88.1708,21.9167],[88.1741,21.9247],[88.1715,21.9242],[88.1708,21.9167]],[[90.5167,26.95],[90.5134,26.9467],[90.5167,26.9458],[90.5167,26.95]],[[90.4587,25.897],[90.4554,25.9006],[90.4542,25.8958],[90.4587,25.897]],[[91.1417,22.5],[91.1458,22.5042],[91.1425,22.5033],[91.1417,22.5]],[[91.1458,22.5042],[91.1733,22.5129],[91.1792,22.5208],[91.1507,22.5199],[91.1458,22.5042]],[[90.6572,22.7962],[90.6536,22.7929],[90.6583,22.7917],[90.6572,22.7962]],[[90.7167,22.0208],[90.7208,22.025],[90.7175,22.0241],[90.7167,22.0208]],[[90.7208,22.025],[90.725,22.0292],[90.7217,22.0283],[90.7208,22.025]],[[90.725,22.0292],[90.7283,22.0372],[90.7257,22.0367],[90.725,22.0292]],[[90.6042,22.5625],[90.6,22.5667],[90.6009,22.5634],[90.6042,22.5625]],[[90.6,22.5667],[90.5958,22.5708],[90.5967,22.5675],[90.6,22.5667]],[[90.5947,22.5754],[90.5911,22.572],[90.5958,22.5708],[90.5947,22.5754]],[[90.6007,22.5134],[90.6042,22.5125],[90.6,22.5208],[90.6007,22.5134]],[[90.6115,22.5118],[90.6094,22.4746],[90.6339,22.4905],[90.6115,22.5118]],[[90.6333,22.3833],[90.6292,22.3875],[90.63,22.3842],[90.6333,22.3833]],[[90.6292,22.3875],[90.625,22.3917],[90.6259,22.3884],[90.6292,22.3875]],[[90.625,22.3917],[90.6137,22.4089],[90.6079,22.4071],[90.625,22.3917]],[[89.9012,22.0579],[89.9047,22.0613],[89.9,22.0625],[89.9012,22.0579]],[[89.8405,21.8796],[89.8369,21.8762],[89.8417,21.875],[89.8405,21.8796]],[[89.7452,21.8647],[89.741,21.8555],[89.7458,21.8542],[89.7452,21.8647]],[[89.6292,21.8708],[89.6262,21.8797],[89.6244,21.8721],[89.6292,21.8708]],[[89.6083,21.8042],[89.6042,21.8083],[89.605,21.805],[89.6083,21.8042]],[[89.6033,21.8118],[89.5958,21.8125],[89.6042,21.8083],[89.6033,21.8118]],[[89.5958,21.8125],[89.5917,21.8167],[89.5925,21.8134],[89.5958,21.8125]],[[89.5917,21.8167],[89.5875,21.8208],[89.5884,21.8175],[89.5917,21.8167]],[[89.5875,21.8208],[89.5833,21.825],[89.5842,21.8217],[89.5875,21.8208]],[[89.5824,21.8285],[89.575,21.8292],[89.5833,21.825],[89.5824,21.8285]],[[89.575,21.8292],[89.5708,21.8333],[89.5717,21.83],[89.575,21.8292]],[[89.5642,21.8337],[89.565,21.8413],[89.5583,21.8417],[89.5642,21.8337]],[[89.5572,21.8462],[89.5536,21.8429],[89.5583,21.8417],[89.5572,21.8462]],[[89.325,21.875],[89.3208,21.8708],[89.3241,21.8717],[89.325,21.875]],[[89.3163,21.8697],[89.3196,21.8661],[89.3208,21.8708],[89.3163,21.8697]],[[89.0667,22.125],[89.0708,22.1292],[89.0675,22.1283],[89.0667,22.125]],[[89.0754,22.1303],[89.072,22.1339],[89.0708,22.1292],[89.0754,22.1303]],[[89.025,21.925],[89.0208,21.9292],[89.0217,21.9259],[89.025,21.925]],[[89.0208,21.9292],[89.0167,21.9333],[89.0175,21.93],[89.0208,21.9292]],[[89.0167,21.9333],[89.0125,21.9375],[89.0134,21.9342],[89.0167,21.9333]],[[89.0125,21.9375],[89.0045,21.9408],[89.005,21.9382],[89.0125,21.9375]],[[89.0405,21.6254],[89.0369,21.622],[89.0417,21.6208],[89.0405,21.6254]],[[90.5204,22.8905],[90.5238,22.8869],[90.525,22.8917],[90.5204,22.8905]],[[90.5625,22.8917],[90.5538,22.9006],[90.525,22.8917],[90.5625,22.8917]],[[90.5637,22.8871],[90.5672,22.8905],[90.5625,22.8917],[90.5637,22.8871]],[[90.5101,22.883],[90.4962,22.8691],[90.4958,22.8583],[90.5121,22.8725],[90.5101,22.883]],[[90.4958,22.8583],[90.4917,22.8542],[90.495,22.855],[90.4958,22.8583]],[[90.4917,22.8542],[90.4875,22.85],[90.4908,22.8509],[90.4917,22.8542]],[[90.484,22.8491],[90.4833,22.8417],[90.4875,22.85],[90.484,22.8491]],[[90.4833,22.8417],[90.4801,22.8337],[90.4827,22.8342],[90.4833,22.8417]],[[90.5171,22.8845],[90.5137,22.8881],[90.5125,22.8833],[90.5171,22.8845]],[[90.5583,22.7958],[90.5333,22.7917],[90.5387,22.7788],[90.5583,22.7958]],[[90.5322,22.7962],[90.5286,22.7929],[90.5333,22.7917],[90.5322,22.7962]],[[90.5629,22.797],[90.5595,22.8006],[90.5583,22.7958],[90.5629,22.797]],[[88.4,21.8792],[88.3958,21.875],[88.3991,21.8759],[88.4,21.8792]],[[88.4046,21.8803],[88.4012,21.8839],[88.4,21.8792],[88.4046,21.8803]],[[88.3375,21.7042],[88.3417,21.7],[88.3408,21.7033],[88.3375,21.7042]],[[88.3428,21.6954],[88.3464,21.6988],[88.3417,21.7],[88.3428,21.6954]],[[88.3363,21.7087],[88.3328,21.7054],[88.3375,21.7042],[88.3363,21.7087]],[[88.9012,22.1496],[88.9047,22.153],[88.9,22.1542],[88.9012,22.1496]],[[88.8988,22.1587],[88.8953,22.1554],[88.9,22.1542],[88.8988,22.1587]],[[88.9204,22.0947],[88.9238,22.0911],[88.925,22.0958],[88.9204,22.0947]],[[88.925,22.0958],[88.9284,22.112],[88.9257,22.1118],[88.925,22.0958]],[[88.9019,22.0786],[88.8912,22.0635],[88.9042,22.0542],[88.8996,22.0684],[88.9019,22.0786]],[[88.9048,22.0395],[88.909,22.0527],[88.9042,22.0542],[88.9048,22.0395]],[[88.9087,22.0803],[88.9054,22.0839],[88.9042,22.0792],[88.9087,22.0803]],[[89.0833,22.1542],[89.0792,22.15],[89.0825,22.1509],[89.0833,22.1542]],[[89.0746,22.1488],[89.078,22.1453],[89.0792,22.15],[89.0746,22.1488]],[[89.0879,22.1553],[89.0845,22.1589],[89.0833,22.1542],[89.0879,22.1553]],[[89.0913,22.1447],[89.0946,22.1411],[89.0958,22.1458],[89.0913,22.1447]],[[89.1004,22.147],[89.097,22.1506],[89.0958,22.1458],[89.1004,22.147]],[[89.2167,22.0958],[89.2292,22.0833],[89.225,22.1],[89.2167,22.0958]],[[89.2155,22.1004],[89.2119,22.097],[89.2167,22.0958],[89.2155,22.1004]],[[89.4667,22.1417],[89.4634,22.1337],[89.466,22.1342],[89.4667,22.1417]],[[89.4667,22.1417],[89.4756,22.1447],[89.4679,22.1464],[89.4667,22.1417]],[[89.4345,21.9454],[89.4381,21.9488],[89.4333,21.95],[89.4345,21.9454]],[[89.4322,21.9546],[89.4286,21.9512],[89.4333,21.95],[89.4322,21.9546]],[[89.45,21.9417],[89.458,21.9384],[89.4575,21.941],[89.45,21.9417]],[[89.45,21.9417],[89.442,21.9449],[89.4425,21.9423],[89.45,21.9417]],[[89.7176,21.8965],[89.725,21.8958],[89.7167,21.9],[89.7176,21.8965]],[[89.7262,21.8913],[89.7282,21.8932],[89.725,21.8958],[89.7262,21.8913]],[[89.7155,21.9046],[89.7119,21.9012],[89.7167,21.9],[89.7155,21.9046]],[[90.5996,22.4655],[90.603,22.4619],[90.6042,22.4667],[90.5996,22.4655]],[[90.6087,22.4678],[90.6054,22.4714],[90.6042,22.4667],[90.6087,22.4678]],[[90.5913,22.453],[90.5946,22.4494],[90.5958,22.4542],[90.5913,22.453]],[[90.6004,22.4553],[90.597,22.4589],[90.5958,22.4542],[90.6004,22.4553]],[[84.4917,27.5917],[84.4792,27.5917],[84.4875,27.5833],[84.4917,27.5917]],[[78.7711,29.5327],[78.7661,29.54],[78.75,29.5375],[78.7711,29.5327]],[[90.5735,22.8878],[90.5736,22.8833],[90.5746,22.8854],[90.5735,22.8878]],[[90.4547,22.8339],[90.4494,22.8316],[90.4528,22.8292],[90.4547,22.8339]],[[90.4569,22.7708],[90.4534,22.8157],[90.4467,22.8173],[90.4452,22.7915],[90.4569,22.7708]],[[90.5698,22.7994],[90.5868,22.8047],[90.6506,22.8005],[90.6299,22.8089],[90.577,22.8078],[90.5698,22.7994]],[[90.5246,22.7979],[90.5204,22.7975],[90.5236,22.7958],[90.5246,22.7979]],[[90.45,22.7583],[90.5087,22.71],[90.5081,22.5843],[90.5708,22.55],[90.5405,22.6001],[90.5289,22.5967],[90.5168,22.6359],[90.5323,22.6423],[90.5343,22.6287],[90.5743,22.655],[90.566,22.698],[90.5497,22.7033],[90.5616,22.6622],[90.5383,22.6867],[90.5366,22.6593],[90.5174,22.6508],[90.521,22.7054],[90.4871,22.7489],[90.45,22.7583]],[[90.5403,22.7125],[90.5421,22.7427],[90.53,22.7548],[90.5285,22.7248],[90.5403,22.7125]],[[90.5204,22.6766],[90.5246,22.6771],[90.5235,22.6794],[90.5204,22.6766]],[[90.5412,22.6141],[90.5455,22.6146],[90.5443,22.6169],[90.5412,22.6141]],[[90.562,22.6016],[90.5663,22.6021],[90.5652,22.6044],[90.562,22.6016]],[[90.0288,22.5184],[90.0215,22.5701],[90.0167,22.4958],[90.0288,22.5184]],[[90.3691,22.4955],[90.3726,22.4879],[90.375,22.4875],[90.3691,22.4955]],[[90.3577,22.4759],[90.3548,22.4949],[90.3542,22.475],[90.3577,22.4759]],[[89.5726,22.233],[89.5542,22.2125],[89.5871,22.2267],[89.5913,22.2767],[89.633,22.3351],[89.6246,22.3983],[89.5833,22.5083],[89.5881,22.4437],[89.6256,22.3547],[89.5786,22.263],[89.5867,22.2382],[89.5726,22.233]],[[89.5825,22.5158],[89.58,22.5134],[89.5833,22.5125],[89.5825,22.5158]],[[89.5667,22.5583],[89.5757,22.5217],[89.5792,22.5208],[89.5786,22.5355],[89.5667,22.5583]],[[89.4116,22.5259],[89.4092,22.5283],[89.4083,22.525],[89.4116,22.5259]],[[89.4256,22.551],[89.4083,22.5625],[89.4214,22.5507],[89.4125,22.5333],[89.4243,22.5384],[89.4256,22.551]],[[89.5616,22.57],[89.5592,22.5675],[89.5625,22.5667],[89.5616,22.57]],[[90.4495,22.56],[90.4538,22.5604],[90.4527,22.5628],[90.4495,22.56]],[[90.0292,22.575],[90.0375,22.6083],[90.0167,22.6042],[90.0292,22.575]],[[89.5542,22.5792],[89.525,22.6125],[89.5295,22.6017],[89.5542,22.5792]],[[90.4819,22.5792],[90.4701,22.584],[90.466,22.58],[90.4819,22.5792]],[[90.0491,22.6175],[90.0467,22.62],[90.0458,22.6167],[90.0491,22.6175]],[[89.525,22.6208],[89.5216,22.6283],[89.5203,22.622],[89.525,22.6208]],[[90.0509,22.6283],[90.0533,22.6259],[90.0542,22.6292],[90.0509,22.6283]],[[90.0285,22.6342],[90.0257,22.6408],[90.025,22.6333],[90.0285,22.6342]],[[89.525,22.6417],[89.5292,22.6458],[89.5259,22.645],[89.525,22.6417]],[[89.5325,22.655],[89.53,22.6575],[89.5292,22.6542],[89.5325,22.655]],[[89.5333,22.7],[89.5333,22.6875],[89.5381,22.6988],[89.5333,22.7]],[[89.5325,22.7116],[89.53,22.7092],[89.5333,22.7083],[89.5325,22.7116]],[[90.4292,22.7458],[90.425,22.75],[90.4259,22.7467],[90.4292,22.7458]],[[90.4411,22.7605],[90.4375,22.7583],[90.4417,22.7583],[90.4411,22.7605]],[[87.9062,22.4312],[87.9083,22.4333],[87.9028,22.4333],[87.9062,22.4312]],[[87.8918,22.4327],[87.8976,22.4254],[87.9006,22.4253],[87.8918,22.4327]],[[87.9259,22.4092],[87.929,22.4101],[87.9255,22.4106],[87.9259,22.4092]],[[87.9379,22.3851],[87.9396,22.3956],[87.9393,22.3963],[87.9375,22.3958],[87.9379,22.3851]],[[89.1875,22.3875],[89.1917,22.3833],[89.1908,22.3866],[89.1875,22.3875]],[[89.2083,22.3667],[89.2125,22.3667],[89.2095,22.3714],[89.2083,22.3667]],[[88.9507,22.3574],[88.9535,22.3509],[88.9542,22.3583],[88.9507,22.3574]],[[89.2092,22.3533],[89.2116,22.3509],[89.2125,22.3542],[89.2092,22.3533]],[[89.2634,22.3425],[89.2667,22.3458],[89.2625,22.3458],[89.2634,22.3425]],[[88.95,22.3417],[88.9522,22.3381],[88.9547,22.3405],[88.95,22.3417]],[[88.9,22.3375],[88.9422,22.2966],[88.934,22.2551],[88.9458,22.25],[88.95,22.3125],[88.9316,22.308],[88.9,22.3375]],[[89.2125,22.3292],[89.2167,22.325],[89.2158,22.3283],[89.2125,22.3292]],[[88.95,22.325],[88.9478,22.3286],[88.9453,22.3262],[88.95,22.325]],[[89.267,22.3184],[89.2691,22.3205],[89.2667,22.3208],[89.267,22.3184]],[[89.411,22.3128],[89.4111,22.3083],[89.4121,22.3104],[89.411,22.3128]],[[89.2757,22.3009],[89.2785,22.3074],[89.275,22.3083],[89.2757,22.3009]],[[89.28,22.2925],[89.2825,22.295],[89.2792,22.2958],[89.28,22.2925]],[[89.2595,22.2922],[89.2625,22.2792],[89.2657,22.28],[89.2672,22.2844],[89.2595,22.2922]],[[89.3214,22.2863],[89.3125,22.2708],[89.3201,22.2759],[89.3214,22.2863]],[[89.2458,22.2667],[89.2494,22.2551],[89.25,22.2667],[89.2458,22.2667]],[[89.2925,22.2616],[89.295,22.2592],[89.2958,22.2625],[89.2925,22.2616]],[[89.4119,22.2526],[89.4172,22.2549],[89.4139,22.2589],[89.4119,22.2526]],[[87.9524,22.3192],[87.9375,22.3167],[87.9381,22.2677],[87.9918,22.2186],[87.9496,22.2838],[87.9524,22.3192]],[[88.6792,22.3208],[88.6792,22.3212],[88.6776,22.3212],[88.6792,22.3208]],[[88.0009,22.2092],[88.0158,22.204],[88.0004,22.2111],[88.0009,22.2092]],[[87.971,22.1047],[87.9776,22.1038],[87.9783,22.1041],[87.971,22.1047]],[[87.9646,22.1006],[87.973,22.0964],[87.9751,22.098],[87.9646,22.1006]],[[87.9893,22.1003],[88.002,22.0797],[88.0076,22.0783],[87.9893,22.1003]],[[88.0389,22.0246],[88.0248,22.0664],[88.0084,22.0775],[88.0259,22.0339],[88.0389,22.0246]],[[87.3214,21.577],[87.325,21.5792],[87.3208,21.5792],[87.3214,21.577]],[[87.3467,21.5717],[87.3498,21.5714],[87.3466,21.5719],[87.3467,21.5717]],[[86.7542,20.5167],[86.7564,20.5131],[86.7589,20.5155],[86.7542,20.5167]],[[85.6292,20.3167],[85.6525,20.342],[85.6746,20.3358],[85.7042,20.2938],[85.692,20.2642],[85.7163,20.2524],[85.7254,20.21],[85.7417,20.2],[85.7244,20.2813],[85.6916,20.3322],[85.6476,20.3621],[85.6292,20.3167]],[[86.6749,20.3256],[86.6741,20.3286],[86.6681,20.3288],[86.6749,20.3256]],[[86.6819,20.312],[86.6869,20.3105],[86.6835,20.3142],[86.6819,20.312]],[[86.6879,20.3017],[86.69,20.3038],[86.6875,20.3042],[86.6879,20.3017]],[[86.5647,20.209],[86.5648,20.2087],[86.5662,20.2101],[86.5647,20.209]],[[86.5366,20.1968],[86.5408,20.1994],[86.5405,20.2004],[86.5366,20.1968]],[[86.515,20.1794],[86.5176,20.1822],[86.5145,20.1795],[86.515,20.1794]],[[86.4161,20.0359],[86.4214,20.0383],[86.4181,20.0423],[86.4161,20.0359]],[[86.3124,20.0375],[86.3152,20.0344],[86.3172,20.0363],[86.3124,20.0375]],[[86.2464,20.027],[86.2492,20.026],[86.2464,20.0271],[86.2464,20.027]],[[86.2994,20.023],[86.3058,20.0207],[86.2986,20.0241],[86.2994,20.023]],[[86.2783,20.0217],[86.275,20.021],[86.275,20.0208],[86.2783,20.0217]],[[86.259,20.0222],[86.259,20.0217],[86.262,20.021],[86.259,20.0222]],[[88.6462,22.2358],[88.655,22.2404],[88.6579,22.2458],[88.6462,22.2358]],[[88.6648,22.2119],[88.663,22.2173],[88.6583,22.2125],[88.6648,22.2119]],[[88.6425,22.2092],[88.6456,22.2092],[88.6419,22.2114],[88.6425,22.2092]],[[88.4759,21.8925],[88.4783,21.895],[88.475,21.8958],[88.4759,21.8925]],[[88.3958,21.8542],[88.4006,21.8655],[88.3958,21.8667],[88.3958,21.8542]],[[88.3917,21.8292],[88.3917,21.8417],[88.3869,21.8304],[88.3917,21.8292]],[[88.3958,21.8167],[88.3958,21.8208],[88.3911,21.8179],[88.3958,21.8167]],[[88.3833,21.7833],[88.3994,21.7968],[88.4006,21.8113],[88.3958,21.8125],[88.3833,21.7833]],[[88.3795,21.7725],[88.3816,21.7746],[88.3792,21.775],[88.3795,21.7725]],[[88.3759,21.7368],[88.3824,21.734],[88.3833,21.7375],[88.3759,21.7368]],[[88.3792,21.7208],[88.3941,21.7205],[88.4,21.7167],[88.3949,21.7243],[88.3792,21.7208]],[[88.2842,21.7134],[88.2866,21.7158],[88.2833,21.7167],[88.2842,21.7134]],[[88.3068,21.7128],[88.3069,21.7083],[88.308,21.7104],[88.3068,21.7128]],[[88.2991,21.7033],[88.2879,21.7059],[88.3125,21.6833],[88.2991,21.7033]],[[88.2162,21.6725],[88.2205,21.6729],[88.2193,21.6753],[88.2162,21.6725]],[[88.412,21.6808],[88.4163,21.6812],[88.4152,21.6836],[88.412,21.6808]],[[88.4162,21.6725],[88.4205,21.6729],[88.4193,21.6753],[88.4162,21.6725]],[[88.4119,21.6609],[88.4172,21.6633],[88.4139,21.6673],[88.4119,21.6609]],[[88.7829,22.1766],[88.7871,22.1771],[88.786,22.1794],[88.7829,22.1766]],[[88.9027,22.1753],[88.9028,22.1708],[88.9038,22.1729],[88.9027,22.1753]],[[88.8913,22.1687],[88.887,22.1683],[88.8903,22.1667],[88.8913,22.1687]],[[88.7955,22.1684],[88.7837,22.1608],[88.7833,22.1583],[88.7955,22.1684]],[[88.7733,22.1462],[88.7767,22.1538],[88.7708,22.1458],[88.7733,22.1462]],[[88.8495,22.1516],[88.8538,22.1521],[88.8527,22.1544],[88.8495,22.1516]],[[88.7592,22.1452],[88.7658,22.1423],[88.7667,22.1458],[88.7592,22.1452]],[[88.9068,22.1419],[88.9069,22.1375],[88.908,22.1396],[88.9068,22.1419]],[[88.7533,22.1384],[88.7509,22.1408],[88.75,22.1375],[88.7533,22.1384]],[[88.7208,22.1068],[88.7413,22.1184],[88.7417,22.1333],[88.7208,22.1068]],[[88.8277,22.1294],[88.8278,22.125],[88.8288,22.1271],[88.8277,22.1294]],[[88.9193,22.1253],[88.9194,22.1208],[88.9205,22.1229],[88.9193,22.1253]],[[88.8153,22.125],[88.8152,22.1294],[88.812,22.1266],[88.8153,22.125]],[[88.7903,22.1083],[88.7866,22.1131],[88.7827,22.1093],[88.7903,22.1083]],[[88.7788,22.1062],[88.7745,22.1058],[88.7778,22.1042],[88.7788,22.1062]],[[88.7755,22.0966],[88.7702,22.0943],[88.7736,22.0917],[88.7755,22.0966]],[[88.708,22.0979],[88.7037,22.0975],[88.7069,22.0958],[88.708,22.0979]],[[88.712,22.1016],[88.7163,22.1021],[88.7152,22.1044],[88.712,22.1016]],[[88.9152,22.0878],[88.9153,22.0833],[88.9163,22.0854],[88.9152,22.0878]],[[88.7611,22.0833],[88.761,22.0878],[88.7579,22.085],[88.7611,22.0833]],[[88.8131,22.0228],[88.8135,22.025],[88.8125,22.025],[88.8131,22.0228]],[[88.8342,22.0217],[88.8373,22.0218],[88.8339,22.0228],[88.8342,22.0217]],[[88.8708,22.0208],[88.8739,22.017],[88.8741,22.02],[88.8708,22.0208]],[[88.8833,21.9208],[88.8905,21.9161],[88.8917,21.9208],[88.8833,21.9208]],[[88.87,21.9175],[88.8675,21.92],[88.8667,21.9167],[88.87,21.9175]],[[88.9509,21.7798],[88.9574,21.7827],[88.95,21.7833],[88.9509,21.7798]],[[88.9601,21.7705],[88.9566,21.7629],[88.9625,21.7708],[88.9601,21.7705]],[[88.9286,21.7647],[88.925,21.7625],[88.9292,21.7625],[88.9286,21.7647]],[[88.9458,21.7625],[88.9488,21.7578],[88.95,21.7625],[88.9458,21.7625]],[[89.0287,21.6308],[89.033,21.6312],[89.0318,21.6336],[89.0287,21.6308]],[[88.9912,21.9516],[88.9955,21.9521],[88.9943,21.9544],[88.9912,21.9516]],[[88.9954,21.9433],[88.9996,21.9437],[88.9985,21.9461],[88.9954,21.9433]],[[89.4443,22.2461],[89.4444,22.2417],[89.4455,22.2437],[89.4443,22.2461]],[[89.4121,22.2437],[89.4079,22.2433],[89.4111,22.2417],[89.4121,22.2437]],[[89.2458,22.2458],[89.2369,22.2326],[89.2469,22.2172],[89.2833,22.2167],[89.2465,22.2216],[89.2458,22.2458]],[[89.305,22.22],[89.3083,22.2167],[89.3083,22.2208],[89.305,22.22]],[[89.0413,22.2312],[89.037,22.2308],[89.0403,22.2292],[89.0413,22.2312]],[[89.3045,22.2392],[89.3066,22.2413],[89.3042,22.2417],[89.3045,22.2392]],[[89.3092,22.2283],[89.3116,22.2259],[89.3125,22.2292],[89.3092,22.2283]],[[89.0703,22.1899],[89.0756,22.1922],[89.0741,22.1997],[89.0703,22.1899]],[[89.062,22.1641],[89.0663,22.1646],[89.0652,22.1669],[89.062,22.1641]],[[89.0871,22.1396],[89.0829,22.1391],[89.0861,22.1375],[89.0871,22.1396]],[[89.2333,22.1],[89.2375,22.1],[89.2345,22.1047],[89.2333,22.1]],[[89.2337,22.0809],[89.2455,22.0517],[89.2083,22.0],[89.2458,21.9875],[89.2161,22.0095],[89.2495,22.0519],[89.2337,22.0809]],[[89.15,22.0333],[89.1625,21.9958],[89.1691,21.9964],[89.1627,22.0214],[89.15,22.0333]],[[89.1586,22.0501],[89.1559,22.0538],[89.15,22.0458],[89.1586,22.0501]],[[89.1715,22.0684],[89.1717,22.0675],[89.1734,22.0671],[89.1715,22.0684]],[[89.1664,22.0717],[89.1634,22.0717],[89.1667,22.0708],[89.1664,22.0717]],[[89.1568,22.0785],[89.155,22.0759],[89.1583,22.075],[89.1568,22.0785]],[[89.15,22.0833],[89.1489,22.0867],[89.1458,22.0875],[89.15,22.0833]],[[89.1328,21.947],[89.1379,21.9608],[89.1625,21.9875],[89.1384,21.9702],[89.1328,21.947]],[[89.1428,21.9209],[89.1518,21.9199],[89.1375,21.9375],[89.1428,21.9209]],[[89.1661,21.9255],[89.1673,21.9255],[89.1662,21.9256],[89.1661,21.9255]],[[89.1788,21.9166],[89.1907,21.9163],[89.1869,21.9173],[89.1788,21.9166]],[[89.312,21.86],[89.3163,21.8604],[89.3152,21.8628],[89.312,21.86]],[[89.3833,22.1],[89.3816,22.0955],[89.3875,22.0917],[89.3833,22.1]],[[89.3667,22.0542],[89.3756,22.0689],[89.3921,22.0863],[89.3712,22.0691],[89.3667,22.0542]],[[89.4286,22.0151],[89.4339,22.0174],[89.4306,22.0214],[89.4286,22.0151]],[[89.4327,21.9901],[89.438,21.9924],[89.4348,21.9964],[89.4327,21.9901]],[[89.4454,21.9141],[89.4496,21.9146],[89.4485,21.9169],[89.4454,21.9141]],[[89.8827,22.1526],[89.888,22.1549],[89.8848,22.1589],[89.8827,22.1526]],[[89.8167,22.0917],[89.8265,22.096],[89.8375,22.1167],[89.8342,22.1158],[89.8167,22.0917]],[[89.675,22.0542],[89.6908,22.0634],[89.6917,22.0667],[89.6851,22.0663],[89.675,22.0542]],[[89.6754,22.0475],[89.6775,22.0496],[89.675,22.05],[89.6754,22.0475]],[[89.6884,22.0382],[89.6958,22.0375],[89.6875,22.0417],[89.6884,22.0382]],[[89.7,22.0333],[89.6909,22.0009],[89.7033,22.0326],[89.7,22.0333]],[[89.6833,21.9917],[89.6833,21.9333],[89.6911,21.9436],[89.6922,21.9674],[89.6833,21.9917]],[[89.6376,21.9312],[89.6295,21.935],[89.6399,21.9253],[89.6376,21.9312]],[[89.6798,21.9283],[89.6827,21.9217],[89.6833,21.9292],[89.6798,21.9283]],[[89.7277,21.9211],[89.7278,21.9167],[89.7288,21.9187],[89.7277,21.9211]],[[89.7205,21.9146],[89.7162,21.9141],[89.7194,21.9125],[89.7205,21.9146]],[[89.6792,21.9167],[89.6576,21.8994],[89.6467,21.9075],[89.6414,21.897],[89.6566,21.8879],[89.6792,21.9167]],[[89.633,21.8854],[89.6287,21.885],[89.6319,21.8833],[89.633,21.8854]],[[89.575,21.9417],[89.5708,21.9417],[89.5738,21.9369],[89.575,21.9417]],[[89.7402,21.8753],[89.7403,21.8708],[89.7413,21.8729],[89.7402,21.8753]],[[90.3208,22.4667],[90.2994,22.4576],[90.3042,22.45],[90.3208,22.4667]],[[90.175,22.4542],[90.1703,22.4429],[90.175,22.4417],[90.175,22.4542]],[[90.3042,22.4458],[90.2839,22.423],[90.2833,22.4208],[90.2996,22.4309],[90.3042,22.4458]],[[90.1705,22.4267],[90.1629,22.4233],[90.1625,22.4208],[90.1705,22.4267]],[[90.1825,22.4675],[90.18,22.47],[90.1792,22.4667],[90.1825,22.4675]],[[90.3467,22.47],[90.3491,22.4675],[90.35,22.4708],[90.3467,22.47]],[[90.1509,22.4158],[90.1533,22.4134],[90.1542,22.4167],[90.1509,22.4158]],[[90.2708,22.4083],[90.2619,22.3645],[90.2583,22.35],[90.2663,22.3559],[90.2708,22.4083]],[[90.0991,22.3509],[90.0967,22.3533],[90.0958,22.35],[90.0991,22.3509]],[[90.1163,22.3642],[90.1045,22.3566],[90.1042,22.3542],[90.1163,22.3642]],[[90.1283,22.3842],[90.1259,22.3866],[90.125,22.3833],[90.1283,22.3842]],[[90.1371,22.3975],[90.1295,22.3941],[90.1292,22.3917],[90.1371,22.3975]],[[90.2271,22.35],[90.2396,22.3333],[90.2583,22.3458],[90.2271,22.35]],[[90.1006,22.3311],[90.0911,22.3323],[90.1086,22.3178],[90.1006,22.3311]],[[90.1045,22.3017],[90.1118,22.3076],[90.1042,22.3083],[90.1045,22.3017]],[[90.1092,22.2825],[90.1116,22.28],[90.1125,22.2833],[90.1092,22.2825]],[[90.0989,22.2794],[90.0795,22.2608],[90.0721,22.2165],[90.084,22.2605],[90.0989,22.2794]],[[90.0667,22.2167],[90.0267,22.208],[90.0208,22.1917],[90.0259,22.1993],[90.0667,22.2167]],[[89.8663,22.2687],[89.862,22.2683],[89.8653,22.2667],[89.8663,22.2687]],[[90.1037,22.2725],[90.108,22.2729],[90.1068,22.2753],[90.1037,22.2725]],[[90.024,22.0621],[90.0286,22.1259],[90.066,22.1551],[90.0672,22.1676],[90.0534,22.1797],[90.0342,22.1716],[90.0629,22.1595],[90.0161,22.1215],[90.024,22.0621]],[[90.43,22.1866],[90.4325,22.1842],[90.4333,22.1875],[90.43,22.1866]],[[90.4217,22.1825],[90.4241,22.18],[90.425,22.1833],[90.4217,22.1825]],[[90.4006,22.1699],[90.4036,22.1426],[90.4042,22.1708],[90.4006,22.1699]],[[90.1375,21.95],[90.1375,21.9542],[90.1328,21.9512],[90.1375,21.95]],[[90.1208,21.925],[90.1375,21.925],[90.122,21.9297],[90.1208,21.925]],[[90.1167,21.9125],[90.1167,21.9167],[90.1119,21.9137],[90.1167,21.9125]],[[90.1087,21.8941],[90.1121,21.885],[90.1167,21.9],[90.1087,21.8941]],[[90.5079,21.9225],[90.5121,21.9229],[90.511,21.9253],[90.5079,21.9225]],[[90.6453,23.1191],[90.6506,23.1214],[90.6491,23.1288],[90.6453,23.1191]],[[90.73,22.9009],[90.7325,22.9033],[90.7292,22.9042],[90.73,22.9009]],[[90.7342,22.8925],[90.7366,22.895],[90.7333,22.8958],[90.7342,22.8925]],[[91.4256,22.8366],[91.4285,22.8259],[91.4292,22.8375],[91.4256,22.8366]],[[91.4217,22.82],[91.4241,22.8175],[91.425,22.8208],[91.4217,22.82]],[[91.4208,22.8],[91.4167,22.8125],[91.4134,22.8117],[91.412,22.8073],[91.4208,22.8]],[[91.3592,22.7759],[91.3616,22.7783],[91.3583,22.7792],[91.3592,22.7759]],[[91.2912,22.7475],[91.2955,22.7479],[91.2943,22.7503],[91.2912,22.7475]],[[91.2259,22.7173],[91.2333,22.7083],[91.2326,22.7157],[91.2259,22.7173]],[[91.2116,22.7158],[91.2092,22.7134],[91.2125,22.7125],[91.2116,22.7158]],[[91.062,22.5058],[91.0663,22.5062],[91.0652,22.5086],[91.062,22.5058]],[[91.8167,22.275],[91.8208,22.2708],[91.82,22.2741],[91.8167,22.275]],[[91.8342,22.2634],[91.8366,22.2658],[91.8333,22.2667],[91.8342,22.2634]],[[91.817,22.2358],[91.833,22.2475],[91.8333,22.25],[91.817,22.2358]],[[91.3772,25.8366],[91.4272,25.8728],[91.447,25.8596],[91.4537,25.8697],[91.4225,25.8835],[91.3663,25.8481],[91.3772,25.8366]]],[[[88.0199,21.5825],[88.0176,21.5674],[88.0142,21.5839],[88.0199,21.5825]]],[[[88.8861,21.5458],[88.8298,21.5645],[88.8298,21.6075],[88.8949,21.5824],[88.9078,21.5604],[88.8861,21.5458]]],[[[88.1903,21.5583],[88.1715,21.5687],[88.1674,21.6034],[88.1923,21.5861],[88.1903,21.5583]]],[[[86.4,19.9681],[86.3785,19.9593],[86.3991,19.9753],[86.4,19.9681]]],[[[86.8028,20.4583],[86.8006,20.4854],[86.8055,20.4965],[86.8131,20.4838],[86.8028,20.4583]]],[[[87.0569,20.7417],[87.0452,20.7425],[87.0534,20.7507],[87.0569,20.7417]]],[[[87.0694,20.7333],[87.0718,20.7574],[87.0907,20.7659],[87.0946,20.7507],[87.0694,20.7333]]],[[[96.1554,20.8089],[96.1587,20.8053],[96.1542,20.8042],[96.1554,20.8089]]],[[[87.0194,20.7958],[87.0048,20.8062],[87.0007,20.8325],[87.0214,20.8217],[87.0194,20.7958]]],[[[97.075,23.8667],[97.0708,23.8792],[97.0833,23.8792],[97.075,23.8667]]],[[[90.6047,22.9988],[90.5952,22.9884],[90.5968,23.0006],[90.6047,22.9988]]],[[[90.7486,22.8167],[90.7369,22.8286],[90.7386,22.8381],[90.7585,22.8262],[90.7486,22.8167]]],[[[90.613,22.9216],[90.6077,22.9193],[90.6098,22.9256],[90.613,22.9216]]],[[[90.6369,22.9367],[90.6506,22.9353],[90.6545,22.9301],[90.6369,22.9367]]],[[[90.641,22.9532],[90.6257,22.9426],[90.6161,22.9694],[90.641,22.9532]]],[[[90.8086,22.6406],[90.8009,22.6455],[90.8074,22.6503],[90.8086,22.6406]]],[[[90.8361,22.6292],[90.8285,22.6301],[90.8324,22.634],[90.8361,22.6292]]],[[[91.5319,22.3833],[91.4797,22.3926],[91.4214,22.4978],[91.4047,22.5855],[91.4409,22.6172],[91.47,22.6075],[91.5661,22.4689],[91.5744,22.4103],[91.5319,22.3833]]],[[[90.8903,22.4917],[90.8759,22.4968],[90.866,22.5055],[90.8909,22.5076],[90.8903,22.4917]]],[[[91.2819,22.4958],[91.2618,22.5078],[91.2673,22.523],[91.2804,22.5499],[91.3158,22.5658],[91.3215,22.5502],[91.2819,22.4958]]],[[[90.9911,22.5396],[90.9827,22.5361],[90.9844,22.5465],[90.9911,22.5396]]],[[[90.8533,22.5923],[90.9241,22.5741],[90.9785,22.5272],[90.9867,22.5008],[90.927,22.4881],[90.8369,22.5658],[90.8533,22.5923]]],[[[91.3903,22.6042],[91.3301,22.6299],[91.3048,22.6603],[91.302,22.7202],[91.3538,22.7156],[91.3999,22.6697],[91.409,22.6546],[91.3903,22.6042]]],[[[91.0569,22.0208],[91.055,22.0582],[91.0882,22.0657],[91.0867,22.0467],[91.0569,22.0208]]],[[[90.8073,22.0463],[90.8008,22.0382],[90.7995,22.0448],[90.8073,22.0463]]],[[[89.5797,22.2321],[89.578,22.2244],[89.575,22.2333],[89.5797,22.2321]]],[[[89.8792,22.0917],[89.8868,22.0716],[89.8675,22.058],[89.8792,22.0917]]],[[[90.4972,22.1371],[90.5125,22.1542],[90.5118,22.1382],[90.4972,22.1371]]],[[[90.5125,22.1542],[90.5256,22.1615],[90.5241,22.1452],[90.5125,22.1542]]],[[[90.6333,22.3708],[90.6405,22.3625],[90.6341,22.3581],[90.6333,22.3708]]],[[[91.2944,22.425],[91.2801,22.4256],[91.2678,22.4498],[91.2824,22.4534],[91.2944,22.425]]],[[[91.2994,22.3938],[91.291,22.3926],[91.2929,22.4006],[91.2994,22.3938]]],[[[91.2653,22.4],[91.2411,22.4157],[91.247,22.4381],[91.2714,22.43],[91.2653,22.4]]],[[[90.9778,22.3708],[90.9493,22.3827],[90.9577,22.4188],[90.9452,22.4373],[90.9664,22.4507],[90.9882,22.411],[90.9778,22.3708]]],[[[91.1547,22.1341],[91.1494,22.1318],[91.1514,22.1381],[91.1547,22.1341]]],[[[90.9885,22.0871],[91.0339,22.0716],[91.0286,22.052],[90.9843,22.0215],[90.9714,22.0522],[90.9885,22.0871]]],[[[90.8944,22.0458],[90.8744,22.0576],[90.887,22.0756],[90.9006,22.0671],[90.8944,22.0458]]],[[[90.838,22.1799],[90.8327,22.1776],[90.8348,22.1839],[90.838,22.1799]]],[[[90.8547,22.1799],[90.8494,22.1776],[90.8514,22.1839],[90.8547,22.1799]]],[[[91.0042,22.1542],[91.0076,22.1426],[91.0011,22.1371],[91.0042,22.1542]]],[[[91.0042,22.1542],[90.9971,22.1631],[91.0034,22.1615],[91.0042,22.1542]]],[[[90.8986,22.2208],[90.8912,22.2299],[90.9013,22.2756],[90.912,22.2604],[90.8986,22.2208]]],[[[90.9319,22.2417],[90.9206,22.2471],[90.9354,22.2912],[90.9464,22.2863],[90.9319,22.2417]]],[[[90.908,22.2896],[90.9037,22.2891],[90.9068,22.2919],[90.908,22.2896]]],[[[91.0083,22.0917],[91.0672,22.2451],[91.0721,22.4294],[91.1282,22.4076],[91.1578,22.3647],[91.1964,22.2841],[91.1953,22.2353],[91.1702,22.1676],[91.1355,22.1256],[91.0593,22.0744],[91.0083,22.0917]]],[[[91.0153,22.2333],[91.0035,22.2495],[91.0215,22.2704],[91.011,22.3417],[91.0381,22.3091],[91.0153,22.2333]]],[[[90.6153,22.2583],[90.6298,22.3438],[90.6493,22.3534],[90.6535,22.2885],[90.6153,22.2583]]],[[[90.9194,22.2917],[90.9048,22.3021],[90.9321,22.3583],[90.941,22.3354],[90.9194,22.2917]]],[[[90.6569,22.3542],[90.6549,22.3868],[90.6659,22.3874],[90.6673,22.364],[90.6569,22.3542]]],[[[90.8847,22.4],[90.8861,22.3333],[90.876,22.3631],[90.858,22.3467],[90.8847,22.4]]],[[[91.0393,22.3753],[91.059,22.3715],[91.0576,22.3466],[91.0299,22.3341],[91.0006,22.3729],[90.9882,22.4575],[91.023,22.4619],[91.0548,22.4382],[91.0393,22.3753]]],[[[90.609,21.7487],[90.5921,21.7406],[90.6014,21.7506],[90.609,21.7487]]],[[[89.3506,21.7091],[89.3285,21.6977],[89.3369,21.7215],[89.3506,21.7091]]],[[[88.7429,21.6536],[88.7741,21.6576],[88.7756,21.6228],[88.8006,21.5988],[88.7897,21.5797],[88.7382,21.5703],[88.7089,21.5811],[88.7172,21.6368],[88.6869,21.6826],[88.697,21.7172],[88.705,21.6884],[88.7429,21.6536]]],[[[88.6319,21.6458],[88.6256,21.6605],[88.637,21.6798],[88.641,21.6645],[88.6319,21.6458]]],[[[89.7198,21.7546],[89.7133,21.7465],[89.712,21.7531],[89.7198,21.7546]]],[[[90.5965,21.7606],[90.5827,21.7509],[90.5912,21.7631],[90.5965,21.7606]]],[[[88.2048,21.769],[88.191,21.7602],[88.1995,21.7715],[88.2048,21.769]]],[[[90.5644,21.766],[90.5638,21.7584],[90.5593,21.7798],[90.5644,21.766]]],[[[90.7297,21.8071],[90.7202,21.7968],[90.7218,21.809],[90.7297,21.8071]]],[[[88.1881,21.7925],[88.1785,21.7862],[88.1801,21.8006],[88.1881,21.7925]]],[[[90.3203,21.7979],[90.3119,21.7968],[90.3137,21.8048],[90.3203,21.7979]]],[[[90.4797,21.7738],[90.4592,21.7673],[90.4637,21.7839],[90.4797,21.7738]]],[[[90.5744,21.773],[90.5845,21.7922],[90.5964,21.7842],[90.5897,21.7756],[90.5744,21.773]]],[[[90.3923,21.802],[90.3747,21.7883],[90.3873,21.8048],[90.3923,21.802]]],[[[88.1881,21.8215],[88.1744,21.8243],[88.1766,21.8298],[88.1881,21.8215]]],[[[90.4653,21.8292],[90.4577,21.8301],[90.4616,21.834],[90.4653,21.8292]]],[[[89.8528,21.7958],[89.8383,21.7965],[89.8292,21.8154],[89.8576,21.8201],[89.8528,21.7958]]],[[[90.4536,21.8069],[90.4672,21.8135],[90.4613,21.7995],[90.4536,21.8069]]],[[[90.4406,21.8171],[90.4342,21.809],[90.4329,21.8156],[90.4406,21.8171]]],[[[90.4508,21.8215],[90.4571,21.8254],[90.4583,21.8208],[90.4508,21.8215]]],[[[90.3944,21.8167],[90.3927,21.834],[90.4048,21.8323],[90.4035,21.827],[90.3944,21.8167]]],[[[90.8575,21.9493],[90.8512,21.9454],[90.85,21.95],[90.8575,21.9493]]],[[[90.3322,21.963],[90.3302,21.9495],[90.3245,21.9556],[90.3322,21.963]]],[[[90.8342,21.9506],[90.8299,21.97],[90.8491,21.9743],[90.8574,21.955],[90.8342,21.9506]]],[[[89.8922,21.9631],[89.8869,21.9607],[89.8908,21.9705],[89.8922,21.9631]]],[[[90.8153,21.8583],[90.8035,21.8662],[90.8053,21.8756],[90.8242,21.8743],[90.8153,21.8583]]],[[[90.7736,21.8375],[90.7674,21.8615],[90.7825,21.871],[90.7839,21.8537],[90.7736,21.8375]]],[[[90.9538,22.0146],[90.9495,22.0141],[90.9527,22.0169],[90.9538,22.0146]]],[[[90.8285,21.9895],[90.8077,21.98],[90.8243,22.0007],[90.8285,21.9895]]],[[[89.9002,21.9929],[89.8786,21.9935],[89.8992,21.9993],[89.9002,21.9929]]],[[[89.9137,22.0089],[89.9136,22.0006],[89.908,22.0071],[89.9137,22.0089]]],[[[90.8589,21.9903],[90.8467,21.9798],[90.8531,21.9922],[90.8589,21.9903]]],[[[90.8444,21.9917],[90.8327,22.0079],[90.8412,22.0215],[90.8506,22.0197],[90.8444,21.9917]]],[[[90.8661,22.0021],[90.8577,22.0009],[90.8596,22.009],[90.8661,22.0021]]],[[[88.1299,21.6244],[88.0464,21.6426],[88.0328,21.6743],[88.0714,21.7814],[88.1324,21.8797],[88.1756,21.8135],[88.1756,21.7549],[88.1578,21.652],[88.1299,21.6244]]],[[[90.7339,21.8466],[90.7286,21.8443],[90.7306,21.8506],[90.7339,21.8466]]],[[[90.5297,21.8561],[90.5161,21.8487],[90.5297,21.8322],[90.5193,21.8215],[90.4926,21.8078],[90.4745,21.8156],[90.4936,21.8578],[90.5297,21.8561]]],[[[90.4248,21.8318],[90.4122,21.8176],[90.4241,21.8376],[90.4248,21.8318]]],[[[88.6451,21.7883],[88.5883,21.7965],[88.5756,21.8313],[88.6438,21.9244],[88.6715,21.9156],[88.6451,21.7883]]],[[[89.8611,21.8292],[89.8494,21.8451],[89.8507,21.8617],[89.8703,21.8438],[89.8611,21.8292]]],[[[90.2986,21.85],[90.2924,21.8382],[90.2911,21.8491],[90.2986,21.85]]],[[[90.3783,21.8492],[90.3676,21.8381],[90.3625,21.8443],[90.3783,21.8492]]],[[[90.4756,21.8655],[90.4521,21.834],[90.4285,21.8357],[90.452,21.8619],[90.4756,21.8655]]],[[[88.1465,21.9174],[88.1398,21.891],[88.1134,21.9074],[88.1035,21.8843],[88.1048,21.9075],[88.1242,21.9298],[88.1465,21.9174]]],[[[88.0528,21.9083],[88.0465,21.9397],[88.072,21.9999],[88.1465,22.0273],[88.0909,21.9301],[88.0528,21.9083]]],[[[88.5792,21.8792],[88.5866,21.8619],[88.5799,21.8635],[88.5792,21.8792]]],[[[90.4278,21.8583],[90.4202,21.8593],[90.4241,21.8631],[90.4278,21.8583]]],[[[90.6199,21.8671],[90.6069,21.8458],[90.5916,21.8569],[90.6199,21.8671]]],[[[90.5611,21.8667],[90.5535,21.8727],[90.5669,21.874],[90.5611,21.8667]]],[[[90.6281,21.8795],[90.6175,21.8715],[90.617,21.874],[90.6281,21.8795]]],[[[90.7361,21.8583],[90.718,21.8588],[90.7088,21.8815],[90.7298,21.9238],[90.7528,21.9287],[90.762,21.906],[90.7361,21.8583]]],[[[90.6278,21.8875],[90.6085,21.8932],[90.6257,21.97],[90.7034,21.9785],[90.6739,21.9171],[90.6278,21.8875]]],[[[90.9615,22.0422],[90.9553,22.0295],[90.9494,22.0231],[90.9615,22.0422]]]]}}