{"type":"Feature","properties":{"speciesId":430,"category":"EN","source":"IUCN Red List","simplifyTol":0.01,"clippedToSubcontinent":true},"geometry":{"type":"MultiPolygon","coordinates":[[[[84.4875,19.3542],[84.476,19.3454],[84.4708,19.35],[84.4875,19.3542]]],[[[86.4,19.9681],[86.3785,19.9593],[86.3991,19.9753],[86.4,19.9681]]],[[[91.4537,25.8697],[91.447,25.8596],[91.4272,25.8728],[91.3837,25.8372],[91.3648,25.8451],[91.4225,25.8835],[91.4537,25.8697]]],[[[75.5,32.5792],[75.5131,32.6408],[75.5631,32.6196],[75.5366,32.5798],[75.5,32.5792]]],[[[73.7575,33.3783],[73.755,33.3759],[73.7542,33.3792],[73.7575,33.3783]]],[[[71.5792,33.425],[71.5792,33.4375],[71.5833,33.425],[71.5792,33.425]]],[[[67.1528,24.7333],[67.116,24.743],[67.1176,24.7548],[67.1355,24.7535],[67.1528,24.7333]]],[[[66.7078,24.9054],[66.7113,24.9087],[66.7125,24.9042],[66.7078,24.9054]]],[[[79.3199,28.9882],[79.2684,28.992],[79.2583,29.0188],[79.2875,29.1125],[79.3242,29.1118],[79.337,29.0521],[79.3199,28.9882]]],[[[73.5631,26.5395],[73.6082,26.4845],[73.6383,26.5202],[73.6667,26.5208],[73.667,26.5566],[73.7042,26.575],[73.7458,26.5104],[73.7542,26.4208],[73.7342,26.4158],[73.72,26.3299],[73.6875,26.3042],[73.6923,26.2468],[73.7245,26.2188],[73.7208,26.1958],[73.7792,26.1875],[73.7463,26.1771],[73.7542,26.1667],[73.7244,26.1302],[73.6955,26.0267],[73.7411,25.9855],[73.75,25.9333],[73.6809,25.9496],[73.6823,25.9257],[73.6653,25.916],[73.5583,25.9375],[73.4759,25.9202],[73.4465,25.9074],[73.4417,25.8792],[73.3917,25.875],[73.4125,25.8083],[73.3566,25.8212],[73.2479,25.8046],[73.1976,25.8413],[73.1994,25.8093],[73.1869,25.803],[73.203,25.7539],[73.0458,25.7958],[73.0324,25.7715],[72.9833,25.7542],[72.8895,25.7589],[72.7,25.8458],[72.7134,25.784],[72.7689,25.7828],[72.7988,25.7494],[72.726,25.7494],[72.6564,25.6672],[72.5566,25.6663],[72.54,25.6871],[72.5208,25.6833],[72.4911,25.7466],[72.5035,25.7551],[72.5006,25.8397],[72.516,25.8616],[72.4824,25.8494],[72.434,25.8592],[72.4244,25.8949],[72.4533,25.9008],[72.459,25.9295],[72.4087,26.0108],[72.4494,26.0384],[72.4456,26.0614],[72.5434,26.158],[72.5583,26.1625],[72.5795,26.1184],[72.6,26.1125],[72.5958,26.1],[72.6326,26.1049],[72.6437,26.1285],[72.6917,26.15],[72.675,26.2167],[72.6917,26.2375],[72.684,26.2574],[72.7782,26.3587],[72.7922,26.4189],[72.8285,26.4551],[72.8329,26.4729],[72.8167,26.4875],[72.8375,26.5],[72.855,26.5492],[72.9208,26.5458],[72.93,26.5009],[72.9842,26.4548],[73.0125,26.45],[73.0509,26.4952],[73.0784,26.5006],[73.2116,26.4798],[73.2774,26.5045],[73.3184,26.5538],[73.3417,26.5583],[73.3299,26.4966],[73.4038,26.4619],[73.4855,26.5006],[73.5708,26.6],[73.5631,26.5395]],[[73.3961,25.9671],[73.4112,26.0059],[73.3851,26.0361],[73.3742,26.02],[73.3961,25.9671]],[[73.2307,25.8612],[73.2334,25.8249],[73.2452,25.821],[73.2634,25.8581],[73.2307,25.8612]]],[[[78.0788,29.0226],[78.0685,29.0295],[78.0792,29.0292],[78.0788,29.0226]]],[[[68.0778,23.7035],[68.0535,23.7245],[68.0786,23.7563],[68.0841,23.8074],[68.1103,23.8285],[68.1872,23.8407],[68.1952,23.777],[68.1606,23.7035],[68.1302,23.7048],[68.1195,23.7215],[68.1117,23.7091],[68.0778,23.7035]],[[68.078,23.7129],[68.0744,23.7095],[68.0792,23.7083],[68.078,23.7129]],[[68.1038,23.7146],[68.0995,23.7141],[68.1028,23.7125],[68.1038,23.7146]]],[[[67.7661,23.8314],[67.7139,23.8543],[67.7297,23.8138],[67.6741,23.8036],[67.6507,23.8175],[67.6492,23.8493],[67.6319,23.8367],[67.6095,23.8587],[67.6155,23.8836],[67.5698,23.8828],[67.55,23.9125],[67.5299,23.9037],[67.5292,23.925],[67.4843,23.9215],[67.4964,23.9695],[67.4561,23.9714],[67.4453,23.9927],[67.4744,24.0095],[67.475,24.0292],[67.4701,24.0133],[67.4135,24.009],[67.409,23.9966],[67.3952,24.0532],[67.4096,24.0456],[67.434,24.0656],[67.3801,24.0801],[67.3674,24.1285],[67.3881,24.1323],[67.3468,24.1494],[67.3327,24.2153],[67.3467,24.2368],[67.4208,24.225],[67.4201,24.2368],[67.3093,24.2551],[67.2952,24.3047],[67.3354,24.341],[67.3627,24.3423],[67.4086,24.316],[67.4333,24.3208],[67.3091,24.3591],[67.2952,24.4377],[67.316,24.4646],[67.2811,24.4369],[67.2918,24.4614],[67.2582,24.4635],[67.2494,24.4866],[67.2669,24.4884],[67.2741,24.5241],[67.2493,24.5202],[67.2176,24.5461],[67.2296,24.5756],[67.3006,24.582],[67.2869,24.6088],[67.2958,24.6292],[67.2741,24.5965],[67.2452,24.5953],[67.2138,24.6209],[67.2113,24.646],[67.1896,24.6422],[67.1755,24.6646],[67.2004,24.6804],[67.1759,24.7284],[67.2354,24.762],[67.2654,24.7411],[67.2419,24.7866],[67.1787,24.7494],[67.1494,24.7611],[67.1591,24.7742],[67.1861,24.7702],[67.2166,24.7972],[67.2097,24.809],[67.1729,24.7839],[67.1537,24.7923],[67.12,24.7744],[67.0958,24.7875],[67.1089,24.7634],[67.0844,24.7453],[67.0189,24.8078],[66.9906,24.813],[66.9823,24.7829],[66.8647,24.8578],[66.8407,24.8589],[66.8241,24.8382],[66.7534,24.8506],[66.6814,24.8256],[66.6494,24.8405],[66.6801,24.8827],[66.7256,24.9097],[66.708,24.9491],[66.775,24.9875],[66.8004,25.04],[66.8004,25.0816],[66.8667,25.1083],[66.9419,25.2386],[66.9369,25.2632],[66.9708,25.3042],[66.9967,25.2673],[67.0667,25.225],[67.1088,25.2487],[67.121,25.242],[67.1375,25.2833],[67.1941,25.258],[67.2072,25.2206],[67.3125,25.2667],[67.2786,25.1926],[67.2868,25.1676],[67.2542,25.0792],[67.2695,25.0625],[67.2968,25.1381],[67.3491,25.1425],[67.3882,25.2533],[67.415,25.2455],[67.4297,25.1841],[67.3953,25.0863],[67.3965,25.0343],[67.499,25.0285],[67.5375,25.0042],[67.5705,25.0267],[67.5667,25.05],[67.5934,25.0746],[67.666,25.0801],[67.6951,25.1464],[67.7355,25.1453],[67.7958,25.1],[67.8125,25.1563],[67.7958,25.2021],[67.8333,25.2354],[67.8298,25.2532],[67.9167,25.3292],[67.8875,25.45],[67.7792,25.4792],[67.7625,25.65],[67.7414,25.6782],[67.7784,25.7091],[67.8092,25.8081],[67.8292,25.8125],[67.8083,25.9167],[67.8292,26.0333],[67.8451,26.0302],[67.8667,26.0667],[67.8625,26.1],[67.822,26.1253],[67.8118,26.1119],[67.7895,26.1172],[67.7632,26.1384],[67.7375,26.3125],[67.7116,26.2382],[67.6762,26.2422],[67.6167,26.2042],[67.5551,26.2714],[67.5771,26.3204],[67.6408,26.3091],[67.6745,26.385],[67.6189,26.3631],[67.5634,26.3619],[67.5455,26.335],[67.5458,26.2875],[67.5292,26.2875],[67.5088,26.3563],[67.5172,26.401],[67.467,26.4726],[67.4658,26.5286],[67.45,26.5292],[67.4542,26.5708],[67.4827,26.5717],[67.487,26.6021],[67.4667,26.6292],[67.4868,26.6341],[67.4869,26.6771],[67.4174,26.7299],[67.3911,26.8022],[67.3375,26.8708],[67.408,26.8892],[67.4339,26.9924],[67.4208,27.0333],[67.4983,26.9996],[67.5792,27.0125],[67.5928,27.0326],[67.6211,27.0341],[67.6205,27.0637],[67.6455,27.0975],[67.4592,27.1465],[67.5858,27.1629],[67.6417,27.1917],[67.6191,27.208],[67.5792,27.1958],[67.5866,27.2158],[67.5532,27.2535],[67.4712,27.2934],[67.4683,27.3246],[67.4879,27.2972],[67.5339,27.2942],[67.4849,27.3209],[67.4887,27.3672],[67.5283,27.3632],[67.553,27.3795],[67.6064,27.3631],[67.6378,27.3822],[67.5449,27.3964],[67.5156,27.387],[67.5089,27.4403],[67.4812,27.4296],[67.4712,27.4438],[67.4703,27.5176],[67.5657,27.5506],[67.609,27.5176],[67.6333,27.5208],[67.6583,27.5583],[67.6214,27.5772],[67.6583,27.5958],[67.6212,27.6316],[67.7044,27.6553],[67.6958,27.6792],[67.6625,27.6958],[67.6786,27.7229],[67.6625,27.7738],[67.6756,27.7991],[67.6458,27.8125],[67.674,27.8173],[67.703,27.8462],[67.7551,27.809],[67.8083,27.8],[67.7963,27.8271],[67.8129,27.8655],[67.7875,27.8958],[67.85,27.8917],[67.8119,27.9262],[67.8164,27.9572],[67.8425,27.9217],[67.8921,27.9077],[67.9198,27.9077],[67.9463,27.9381],[67.9905,27.9376],[67.9951,27.9617],[67.9504,28.0024],[68.0292,28.0458],[68.0083,28.0792],[68.0452,28.1258],[68.0465,28.2188],[68.1074,28.2497],[68.1383,28.2991],[68.1631,28.2674],[68.1494,28.2615],[68.1628,28.2449],[68.1494,28.213],[68.1667,28.1625],[68.1714,28.1939],[68.2228,28.2494],[68.3,28.225],[68.291,28.2546],[68.325,28.3042],[68.4032,28.2994],[68.409,28.2842],[68.4333,28.2833],[68.4337,28.3316],[68.4755,28.3884],[68.4658,28.4118],[68.4256,28.4175],[68.425,28.4375],[68.4708,28.4292],[68.4958,28.4833],[68.5324,28.4673],[68.5625,28.5375],[68.5866,28.534],[68.7411,28.6686],[68.7712,28.7725],[68.7712,28.8941],[68.7917,28.9208],[68.8875,28.9042],[68.8996,28.8899],[68.9125,28.8083],[68.8872,28.7991],[68.85,28.6958],[68.8783,28.6868],[68.8926,28.6506],[68.9326,28.6453],[68.9875,28.6917],[68.9875,28.7292],[69.0208,28.7042],[69.1125,28.7],[69.2646,28.7167],[69.2625,28.7417],[69.2816,28.7379],[69.3184,28.7663],[69.4208,28.7708],[69.4542,28.8125],[69.5542,28.7417],[69.5908,28.7424],[69.5875,28.7542],[69.633,28.7809],[69.6297,28.847],[69.6125,28.875],[69.6784,28.8881],[69.7299,28.8786],[69.7583,28.9125],[69.7875,28.9208],[69.7828,29.0189],[69.7125,29.1042],[69.7284,29.1214],[69.8083,29.1042],[69.8441,29.1712],[70.1042,29.025],[70.0746,29.0824],[70.0324,29.116],[69.948,29.1744],[69.8478,29.1964],[69.8173,29.2218],[69.8242,29.2451],[69.7667,29.2542],[69.7458,29.2792],[69.7697,29.3004],[69.7884,29.2911],[69.8439,29.3214],[69.8637,29.3464],[69.9075,29.3342],[69.925,29.3625],[69.9616,29.3673],[69.972,29.3922],[69.9917,29.3875],[70.0037,29.4146],[69.9875,29.4542],[69.9979,29.4912],[70.0667,29.4708],[70.1121,29.51],[70.1,29.525],[70.1125,29.5417],[70.0425,29.5628],[70.0451,29.5951],[70.0177,29.5871],[69.9831,29.6324],[69.9292,29.6542],[69.9434,29.6705],[69.973,29.6702],[70.0062,29.6465],[70.0576,29.645],[70.0591,29.6258],[70.1208,29.5875],[70.1295,29.6225],[70.092,29.6726],[70.092,29.7142],[70.0714,29.7353],[70.0429,29.8297],[70.1274,29.7996],[70.2101,29.7337],[70.2292,29.7417],[70.1917,29.8042],[70.2233,29.7962],[70.2333,29.8208],[70.1718,29.8591],[70.125,29.9417],[70.2299,29.9036],[70.2535,29.9176],[70.2458,29.9542],[70.3083,29.9333],[70.3566,29.9538],[70.4434,29.917],[70.5288,29.9267],[70.5157,29.9411],[70.3853,29.9589],[70.3175,29.9842],[70.2951,30.0826],[70.2757,30.0883],[70.284,30.1282],[70.3288,30.1809],[70.3458,30.2667],[70.408,30.3726],[70.4,30.4542],[70.3625,30.4792],[70.4202,30.5342],[70.4208,30.5875],[70.4423,30.6004],[70.4285,30.6617],[70.4125,30.6625],[70.4214,30.6926],[70.3882,30.7301],[70.366,30.8116],[70.3544,30.8325],[70.3258,30.8386],[70.2962,30.8976],[70.2958,31.0167],[70.3374,31.0905],[70.3992,31.1174],[70.4506,31.1796],[70.4105,31.2328],[70.3717,31.2381],[70.367,31.2983],[70.4772,31.3339],[70.4926,31.3577],[70.5576,31.3496],[70.575,31.3646],[70.545,31.3991],[70.5118,31.4089],[70.4897,31.3839],[70.3958,31.3583],[70.4038,31.4199],[70.3743,31.4381],[70.3368,31.4286],[70.3125,31.45],[70.3267,31.4705],[70.3783,31.4759],[70.3785,31.4924],[70.4118,31.5175],[70.4159,31.5535],[70.3451,31.5036],[70.2978,31.5089],[70.2592,31.5423],[70.25,31.5667],[70.2673,31.5722],[70.2674,31.6325],[70.4208,31.7125],[70.3866,31.7451],[70.272,31.7619],[70.2877,31.7866],[70.3826,31.8132],[70.375,31.8458],[70.1925,31.8717],[70.1978,31.8869],[70.2448,31.8923],[70.3076,31.9676],[70.3,32.0021],[70.3212,32.0309],[70.3125,32.0583],[70.2762,32.0672],[70.2618,32.0411],[70.125,32.1458],[70.2062,32.1208],[70.2825,32.1217],[70.3083,32.2917],[70.2583,32.2958],[70.2892,32.333],[70.3051,32.309],[70.427,32.2464],[70.5118,32.2717],[70.517,32.2976],[70.4667,32.4083],[70.4938,32.4083],[70.5292,32.3792],[70.5733,32.3962],[70.5958,32.4292],[70.6267,32.4205],[70.6375,32.4333],[70.5594,32.4924],[70.5583,32.5125],[70.5978,32.5453],[70.6658,32.5674],[70.7103,32.6161],[70.7743,32.6297],[70.8333,32.5917],[70.8379,32.6274],[70.8583,32.6375],[70.85,32.6583],[70.9162,32.6896],[70.9089,32.7299],[70.8708,32.775],[71.0184,32.8371],[71.125,32.8542],[71.1129,32.9233],[71.1254,32.9733],[71.1517,33.0038],[71.1983,33.0087],[71.3033,33.0634],[71.3125,33.1],[71.3542,33.125],[71.4104,33.1],[71.4478,33.1286],[71.5326,33.1547],[71.6,33.125],[71.6174,33.1616],[71.6618,33.1843],[71.6536,33.2257],[71.7032,33.2754],[71.6866,33.3077],[71.6583,33.3083],[71.6542,33.3292],[71.7066,33.3379],[71.7119,33.3522],[71.6855,33.3744],[71.6066,33.3538],[71.5423,33.373],[71.5884,33.4283],[71.7205,33.4684],[71.7496,33.5226],[71.7501,33.5446],[71.725,33.5667],[71.75,33.5792],[71.7493,33.5992],[71.7178,33.6209],[71.6839,33.6855],[71.8288,33.7767],[71.7259,33.784],[71.6354,33.8162],[71.6167,33.8021],[71.6254,33.7816],[71.6049,33.7716],[71.5951,33.8951],[71.5603,33.8953],[71.4647,33.8381],[71.4009,33.8326],[71.3875,33.7917],[71.3434,33.8087],[71.2991,33.866],[71.2176,33.8964],[71.2955,33.9517],[71.2786,34.0259],[71.2881,34.0466],[71.2667,34.0875],[71.2289,34.0967],[71.2325,34.1169],[71.2062,34.1089],[71.1583,34.15],[71.1592,34.1658],[71.2355,34.1756],[71.2903,34.204],[71.2887,34.1937],[71.3075,34.1878],[71.3072,34.1619],[71.3561,34.162],[71.3229,34.1744],[71.3091,34.1633],[71.3119,34.1854],[71.2917,34.2042],[71.3365,34.2212],[71.3458,34.2667],[71.4083,34.2708],[71.4208,34.3708],[71.4875,34.3333],[71.5125,34.3708],[71.5483,34.3795],[71.5583,34.4],[71.6244,34.3272],[71.6426,34.2841],[71.6786,34.2718],[71.667,34.3975],[71.625,34.4417],[71.6621,34.4726],[71.658,34.5142],[71.6926,34.5786],[71.7496,34.5907],[71.7714,34.5696],[71.7675,34.5425],[71.8125,34.5292],[71.775,34.4792],[71.8163,34.4733],[71.8425,34.3675],[71.9,34.3375],[71.9047,34.4397],[71.9243,34.4922],[71.9741,34.4965],[71.997,34.5297],[72.0408,34.5202],[72.0941,34.4705],[72.115,34.4837],[72.1566,34.4754],[72.1684,34.4955],[72.2083,34.5083],[72.2254,34.4642],[72.2642,34.4337],[72.316,34.4425],[72.32,34.4575],[72.3301,34.4423],[72.374,34.4369],[72.3926,34.4089],[72.425,34.4042],[72.4333,34.375],[72.4783,34.3702],[72.4783,34.3217],[72.4453,34.303],[72.4542,34.275],[72.4701,34.2743],[72.45,34.2361],[72.4548,34.2093],[72.4217,34.1911],[72.3842,34.1048],[72.45,34.0833],[72.4372,34.0217],[72.5021,33.9916],[72.5039,33.955],[72.5576,33.9202],[72.608,33.9119],[72.675,33.925],[72.6333,33.8833],[72.6343,33.8174],[72.6833,33.8125],[72.7741,33.7658],[72.7907,33.7411],[72.8165,33.7446],[72.8417,33.7167],[72.8858,33.717],[73.0275,33.7629],[73.0708,33.7583],[73.1726,33.8205],[73.2616,33.8466],[73.3157,33.8881],[73.3493,33.8744],[73.3833,33.8958],[73.3827,33.8467],[73.3256,33.798],[73.3454,33.7479],[73.3125,33.6792],[73.3413,33.6843],[73.3991,33.734],[73.4301,33.7913],[73.4811,33.8411],[73.525,33.8125],[73.4917,33.7292],[73.55,33.725],[73.5368,33.6841],[73.5164,33.6741],[73.5157,33.6343],[73.4536,33.6005],[73.475,33.5917],[73.4667,33.55],[73.5292,33.5042],[73.5341,33.4716],[73.5646,33.4631],[73.5813,33.4744],[73.6243,33.4575],[73.6375,33.4083],[73.7158,33.3991],[73.7333,33.3708],[73.7205,33.3475],[73.7285,33.3027],[73.775,33.3558],[73.7625,33.375],[73.8283,33.3701],[73.8934,33.3087],[74.0116,33.2535],[74.1759,33.1215],[74.2083,33.1125],[74.2208,33.1292],[74.277,33.1006],[74.3658,33.0908],[74.4476,33.0129],[74.5649,33.0254],[74.6405,33.0503],[74.6792,32.9917],[74.725,33.0083],[74.8,32.9542],[74.7914,32.9697],[74.8204,32.9979],[74.7917,33.0333],[74.8277,33.0375],[74.8887,32.9953],[74.9708,33.0292],[74.97,33.005],[74.9005,32.9688],[74.9467,32.88],[75.0267,32.8254],[75.0691,32.858],[75.2978,32.7172],[75.3708,32.725],[75.3964,32.6593],[75.375,32.6083],[75.4608,32.5705],[75.5,32.5708],[75.5186,32.5464],[75.6163,32.5149],[75.5837,32.4816],[75.6329,32.4521],[75.5994,32.3924],[75.6066,32.3621],[75.7564,32.3786],[75.7839,32.3552],[75.7661,32.3174],[75.7917,32.2542],[75.9146,32.25],[75.9076,32.2051],[75.8715,32.1741],[75.8792,32.1417],[75.9316,32.1545],[75.9708,32.1458],[75.967,32.1142],[75.992,32.0601],[76.0111,32.0573],[76.0207,32.1027],[76.0446,32.0872],[76.0419,32.0683],[76.07,32.0591],[76.0452,32.037],[76.0989,31.998],[76.1378,31.9961],[76.1101,31.9865],[76.1129,31.9756],[76.2365,31.8668],[76.1761,31.8831],[76.1644,31.9117],[76.0831,31.9416],[76.0589,31.8938],[76.0592,31.8509],[76.0926,31.8132],[76.1483,31.8038],[76.1983,31.7746],[76.2828,31.6855],[76.2827,31.6634],[76.2583,31.6583],[76.2632,31.6426],[76.3286,31.6074],[76.3671,31.5637],[76.3458,31.5208],[76.3833,31.4833],[76.3551,31.4701],[76.3458,31.4458],[76.3754,31.2975],[76.4125,31.2583],[76.44,31.2629],[76.4504,31.3066],[76.4958,31.3542],[76.5744,31.2866],[76.5744,31.2478],[76.5042,31.1542],[76.6064,31.1714],[76.6534,31.2047],[76.7496,31.2024],[76.7625,31.125],[76.6757,31.0866],[76.6578,31.022],[76.6993,30.9866],[76.7095,30.9578],[76.7369,30.9491],[76.7375,30.9292],[76.7996,30.8899],[76.748,30.8131],[76.6476,30.8004],[76.6,30.8125],[76.5576,30.8506],[76.4991,30.8453],[76.4792,30.8792],[76.425,30.8625],[76.3804,30.8714],[76.3397,30.8381],[76.2801,30.8423],[76.2282,30.8952],[76.1116,30.8661],[76.052,30.8756],[76.0167,30.9125],[76.0042,30.8833],[76.0509,30.8204],[76.108,30.8465],[76.148,30.8452],[76.225,30.8029],[76.2371,30.7809],[76.2083,30.7271],[76.2076,30.6926],[76.1592,30.6673],[76.1324,30.6993],[76.0167,30.7542],[76.0297,30.7218],[76.0022,30.6964],[75.9292,30.6833],[75.8941,30.7038],[75.8676,30.7007],[75.8458,30.7292],[75.8271,30.7088],[75.7561,30.7214],[75.7064,30.7703],[75.6313,30.7667],[75.5896,30.7875],[75.5042,30.775],[75.4397,30.7297],[75.3699,30.7256],[75.2667,30.6667],[75.2542,30.6375],[75.2792,30.6167],[75.2524,30.592],[75.2331,30.6074],[75.2542,30.6333],[75.222,30.6297],[75.1291,30.5345],[75.0787,30.5256],[75.0751,30.5095],[75.0218,30.4914],[75.0159,30.5048],[74.9875,30.4667],[75.0292,30.45],[75.0283,30.4339],[75.0049,30.4283],[75.0129,30.4155],[74.974,30.3702],[74.9466,30.3881],[74.8717,30.3785],[74.8676,30.3465],[74.823,30.3827],[74.7764,30.3869],[74.7574,30.4117],[74.6639,30.3952],[74.6351,30.4205],[74.5667,30.3458],[74.5042,30.3417],[74.5035,30.3176],[74.4673,30.3033],[74.4667,30.2833],[74.4146,30.2583],[74.3708,30.2625],[74.3321,30.1869],[74.2458,30.1958],[74.2215,30.1536],[74.2048,30.1658],[74.2034,30.1216],[74.0458,30.0958],[73.997,30.0994],[73.9853,30.1369],[73.9409,30.0801],[73.9091,30.0743],[73.8575,29.9842],[73.7717,29.9868],[73.7224,29.9672],[73.7115,29.9382],[73.6706,29.9366],[73.6708,29.8625],[73.6548,29.8675],[73.6494,29.9063],[73.6331,29.9158],[73.6336,29.855],[73.5212,29.8282],[73.475,29.7125],[73.434,29.6949],[73.4199,29.6632],[73.3119,29.6238],[73.3366,29.6036],[73.3542,29.6083],[73.3489,29.5714],[73.3292,29.5542],[73.3615,29.5535],[73.3684,29.517],[73.4035,29.5241],[73.4093,29.4884],[73.45,29.4417],[73.2728,29.4369],[73.2447,29.3831],[73.2125,29.3833],[73.2174,29.3549],[73.35,29.3],[73.2787,29.2744],[73.237,29.2965],[73.1458,29.2042],[73.1619,29.198],[73.1631,29.1759],[73.22,29.1615],[73.2368,29.1411],[73.3167,29.1333],[73.3292,29.1125],[73.3104,29.0963],[73.2515,29.1089],[73.25,29.0875],[73.2261,29.0786],[73.2284,29.0992],[73.1635,29.1503],[73.1627,29.1307],[73.129,29.128],[73.1325,29.1048],[73.0436,29.1006],[72.9841,29.1339],[72.9458,29.125],[72.9021,29.0881],[72.8872,29.0941],[72.8699,29.051],[72.8304,29.0369],[72.7814,29.0744],[72.7333,29.075],[72.7167,29.1208],[72.6812,29.1118],[72.6582,29.0802],[72.636,29.0808],[72.6382,29.0553],[72.5748,29.0798],[72.5333,29.0375],[72.5167,29.0708],[72.409,29.0758],[72.408,29.1024],[72.3925,29.1076],[72.3786,29.0842],[72.35,29.0792],[72.3491,29.0298],[72.2613,29.0163],[72.2239,29.038],[72.2157,29.0173],[72.1833,29.0167],[72.1949,28.9965],[72.1083,28.9833],[72.0813,29.0077],[72.0458,29.0125],[72.0408,29.0533],[71.9267,29.0705],[71.9042,29.0625],[71.9041,29.0264],[71.8716,29.0118],[71.8159,28.9369],[71.7853,28.9381],[71.774,28.9577],[71.7392,28.9545],[71.715,28.9788],[71.6812,28.9755],[71.6625,29.0458],[71.577,28.9994],[71.5407,28.9462],[71.5091,28.9409],[71.4855,28.8965],[71.4021,28.937],[71.3798,28.9283],[71.3786,28.8853],[71.3595,28.8706],[71.3359,28.9],[71.3201,28.8911],[71.2988,28.9087],[71.2325,28.8911],[71.2198,28.9202],[71.2033,28.9214],[71.1902,28.9],[71.1549,28.9077],[71.1451,28.8758],[71.1062,28.866],[71.091,28.8387],[71.03,28.8201],[71.0199,28.7911],[70.9948,28.8119],[70.9312,28.8119],[70.8992,28.7716],[70.875,28.7583],[70.8495,28.7673],[70.8333,28.75],[70.825,28.7833],[70.7645,28.7869],[70.7494,28.7713],[70.7381,28.7062],[70.7506,28.688],[70.7372,28.6634],[70.7625,28.625],[70.7329,28.6423],[70.7079,28.6327],[70.6917,28.65],[70.6744,28.6049],[70.6792,28.5667],[70.6158,28.5868],[70.5896,28.5796],[70.5314,28.6119],[70.5008,28.6077],[70.5089,28.5161],[70.4867,28.4592],[70.4625,28.475],[70.4618,28.4508],[70.4425,28.4492],[70.4375,28.425],[70.4066,28.4538],[70.3801,28.4409],[70.3881,28.4118],[70.3375,28.3417],[70.3214,28.3563],[70.3298,28.4028],[70.3083,28.4208],[70.2951,28.3883],[70.2798,28.4006],[70.2355,28.3589],[70.1929,28.3589],[70.1549,28.3366],[70.103,28.2626],[70.072,28.2631],[70.0704,28.2438],[70.0424,28.2241],[70.0333,28.1792],[69.9604,28.187],[69.899,28.1256],[69.8559,28.108],[69.8333,28.0667],[69.799,28.0797],[69.71,28.0163],[69.609,27.9865],[69.6073,27.9549],[69.4837,27.8775],[69.4917,27.775],[69.4387,27.8006],[69.4189,27.7797],[69.3993,27.7922],[69.35,27.7792],[69.3665,27.7651],[69.3415,27.7346],[69.359,27.7132],[69.353,27.6925],[69.273,27.6464],[69.2301,27.6411],[69.2076,27.6091],[69.1633,27.5951],[69.1744,27.5687],[69.1529,27.5416],[69.1244,27.5403],[69.1367,27.5091],[69.1132,27.491],[69.0854,27.5244],[69.0528,27.5256],[69.0417,27.4708],[69.0657,27.4743],[69.12,27.4283],[69.1301,27.3961],[69.1667,27.3875],[69.0667,27.3208],[69.059,27.2755],[69.0452,27.2698],[69.0673,27.2425],[69.0549,27.2175],[69.0865,27.2048],[69.1117,27.2242],[69.1538,27.1899],[69.1534,27.1633],[69.1333,27.1554],[69.2118,27.1324],[69.2208,27.1042],[69.1968,27.1044],[69.183,27.0675],[69.1583,27.0583],[69.2074,27.0199],[69.2039,26.9801],[69.2458,26.9417],[69.2417,26.9222],[69.2626,26.9113],[69.2551,26.8716],[69.275,26.8521],[69.2339,26.8064],[69.2464,26.7655],[69.2208,26.7333],[69.2292,26.7],[69.2833,26.7208],[69.2828,26.6728],[69.2328,26.5924],[69.2339,26.5468],[69.2575,26.5493],[69.259,26.5093],[69.2792,26.4875],[69.3,26.4917],[69.3048,26.4755],[69.2506,26.4105],[69.245,26.3755],[69.1458,26.2875],[69.1464,26.2676],[69.1784,26.2594],[69.2348,26.3423],[69.2745,26.2896],[69.2205,26.1642],[69.2125,26.05],[69.2333,26.0667],[69.2369,26.0478],[69.2167,26.0417],[69.2129,26.0142],[69.2396,25.9921],[69.2743,25.9949],[69.2842,25.9632],[69.3379,25.9447],[69.3333,25.8667],[69.4202,25.8866],[69.4292,25.8375],[69.4564,25.8411],[69.4756,25.8257],[69.45,25.7667],[69.4785,25.7739],[69.4882,25.7426],[69.5198,25.7326],[69.5422,25.6992],[69.5333,25.675],[69.5174,25.6752],[69.5172,25.6408],[69.4785,25.6173],[69.4619,25.5342],[69.4012,25.5756],[69.4033,25.551],[69.3785,25.517],[69.409,25.4712],[69.4045,25.4508],[69.3625,25.4458],[69.375,25.4057],[69.348,25.3756],[69.3091,25.3701],[69.3075,25.3384],[69.263,25.3313],[69.2839,25.2821],[69.2756,25.2228],[69.3082,25.2071],[69.3422,25.1507],[69.3292,25.1125],[69.2775,25.0955],[69.2295,25.1267],[69.225,25.1583],[69.1958,25.1375],[69.1757,25.1468],[69.1326,25.2324],[69.1,25.2375],[69.0882,25.223],[69.1076,25.1632],[69.0917,25.1625],[69.0958,25.1479],[69.0758,25.1299],[69.1313,25.1202],[69.1833,25.0792],[69.1708,25.025],[69.1911,24.9686],[69.1833,24.9542],[69.1532,24.9589],[69.1292,24.9333],[69.1425,24.8924],[69.1798,24.8588],[69.1615,24.8369],[69.1438,24.8453],[69.1188,24.8297],[69.0542,24.875],[69.0577,24.8342],[69.025,24.8208],[69.0343,24.784],[69.0662,24.7702],[69.0907,24.7784],[69.1062,24.7548],[69.1667,24.725],[69.1328,24.6884],[69.1185,24.7048],[69.0995,24.6869],[69.0134,24.7131],[69.0026,24.7291],[68.9542,24.725],[68.9417,24.7479],[68.9621,24.7851],[68.9625,24.8292],[68.8949,24.8824],[68.8625,24.8875],[68.8674,24.8467],[68.8964,24.8196],[68.8583,24.7542],[68.8787,24.7063],[68.8666,24.689],[68.895,24.6743],[68.8838,24.6646],[68.9036,24.648],[68.9125,24.6],[68.8922,24.6426],[68.859,24.6676],[68.8672,24.7049],[68.8458,24.7458],[68.8042,24.7208],[68.8131,24.7738],[68.7989,24.7836],[68.7661,24.762],[68.7083,24.775],[68.709,24.7103],[68.7292,24.6917],[68.7132,24.6866],[68.7042,24.6375],[68.7333,24.5432],[68.6953,24.5093],[68.7131,24.4905],[68.6934,24.4121],[68.6133,24.4299],[68.6083,24.4583],[68.591,24.4091],[68.5593,24.3866],[68.6073,24.2757],[68.5463,24.266],[68.5222,24.2833],[68.4702,24.2535],[68.4425,24.2677],[68.4423,24.2948],[68.3875,24.3208],[68.4047,24.2757],[68.3881,24.2395],[68.4375,24.1917],[68.424,24.1546],[68.3988,24.1369],[68.3792,24.1458],[68.4048,24.1134],[68.3661,24.0384],[68.3976,24.0213],[68.3823,23.9719],[68.4231,23.997],[68.4827,24.0],[68.4489,23.9838],[68.4136,23.9185],[68.3522,23.8975],[68.3449,23.8196],[68.3189,23.782],[68.3547,23.8092],[68.3767,23.79],[68.3479,23.7988],[68.329,23.7565],[68.3427,23.7398],[68.3259,23.726],[68.3069,23.7746],[68.3347,23.8192],[68.3462,23.901],[68.4094,23.9239],[68.4344,23.975],[68.4246,23.99],[68.3883,23.9631],[68.374,23.9775],[68.3429,23.9649],[68.3423,23.9356],[68.3201,23.9174],[68.3261,23.9292],[68.287,23.9423],[68.2105,23.8881],[68.19,23.9125],[68.1996,23.86],[68.185,23.8496],[68.0725,23.8462],[68.0551,23.9031],[68.0133,23.9448],[68.0408,23.9081],[68.0452,23.7937],[68.0146,23.7673],[67.9927,23.7882],[67.9813,23.7715],[67.9414,23.7784],[67.9451,23.767],[67.9382,23.7674],[67.9368,23.7985],[67.9624,23.8138],[67.9535,23.8313],[67.9104,23.8423],[67.8618,23.9086],[67.9292,23.9875],[67.8742,23.9965],[67.9048,23.9723],[67.8381,23.9105],[67.8381,23.8348],[67.8083,23.8125],[67.7757,23.8133],[67.7743,23.8241],[67.7661,23.8314]],[[67.5546,23.9137],[67.5512,23.9172],[67.55,23.9125],[67.5546,23.9137]],[[67.5337,23.9262],[67.5304,23.9297],[67.5292,23.925],[67.5337,23.9262]],[[67.2759,24.5119],[67.284,24.5199],[67.275,24.5208],[67.2759,24.5119]],[[69.2913,25.203],[69.2946,25.1994],[69.2958,25.2042],[69.2913,25.203]],[[67.3458,24.7583],[67.3488,24.7494],[67.3506,24.7571],[67.3458,24.7583]],[[67.3458,24.7583],[67.3542,24.775],[67.3333,24.7625],[67.3458,24.7583]],[[67.2046,24.722],[67.2012,24.7256],[67.2,24.7208],[67.2046,24.722]],[[67.1954,24.7197],[67.1988,24.7161],[67.2,24.7208],[67.1954,24.7197]],[[67.3417,24.65],[67.3375,24.6417],[67.3417,24.6417],[67.3417,24.65]],[[67.3462,24.6512],[67.3429,24.6547],[67.3417,24.65],[67.3462,24.6512]],[[67.4394,24.6453],[67.4328,24.6388],[67.4458,24.6458],[67.4394,24.6453]],[[67.4458,24.6458],[67.4491,24.6538],[67.4465,24.6533],[67.4458,24.6458]],[[67.3465,24.4824],[67.3458,24.475],[67.35,24.4833],[67.3465,24.4824]],[[67.3413,24.4738],[67.3446,24.4703],[67.3458,24.475],[67.3413,24.4738]],[[67.3506,24.4906],[67.3589,24.4905],[67.3571,24.4962],[67.3506,24.4906]],[[67.3322,24.4879],[67.3286,24.4845],[67.3333,24.4833],[67.3322,24.4879]],[[67.3345,24.4788],[67.3381,24.4821],[67.3333,24.4833],[67.3345,24.4788]],[[67.3637,24.3579],[67.3672,24.3613],[67.3625,24.3625],[67.3637,24.3579]],[[67.3613,24.3671],[67.3578,24.3637],[67.3625,24.3625],[67.3613,24.3671]],[[67.8704,24.0697],[67.8738,24.0661],[67.875,24.0708],[67.8704,24.0697]],[[67.8743,24.0783],[67.8908,24.0785],[67.8667,24.0833],[67.8743,24.0783]],[[67.7282,23.8867],[67.726,23.8737],[67.7324,23.8758],[67.7282,23.8867]],[[67.7206,23.8879],[67.7178,23.8964],[67.7155,23.8956],[67.7206,23.8879]],[[74.5125,32.6875],[74.4958,32.7042],[74.4875,32.6875],[74.5125,32.6875]],[[72.6076,29.6839],[72.5354,29.6708],[72.5201,29.6424],[72.4841,29.641],[72.4589,29.6104],[72.472,29.5536],[72.5115,29.5535],[72.5326,29.5328],[72.57,29.5425],[72.5798,29.6158],[72.6417,29.6375],[72.6417,29.65],[72.6076,29.6839]],[[71.3708,29.0542],[71.3191,29.033],[71.2603,29.0453],[71.1672,28.9645],[71.1833,28.9417],[71.2688,28.9421],[71.3134,28.991],[71.3823,29.0175],[71.3708,29.0542]],[[67.73,26.4033],[67.7458,26.3917],[67.7458,26.4167],[67.73,26.4033]],[[66.9658,24.8575],[66.9305,24.8416],[66.9667,24.8292],[66.9658,24.8575]],[[66.9675,24.8217],[66.97,24.8241],[66.9667,24.825],[66.9675,24.8217]],[[67.2833,24.7667],[67.2983,24.7754],[67.325,24.7625],[67.3036,24.784],[67.2833,24.7667]],[[67.4042,24.775],[67.4083,24.775],[67.4054,24.7797],[67.4042,24.775]],[[67.4,24.775],[67.3958,24.7708],[67.3991,24.7717],[67.4,24.775]],[[67.3667,24.775],[67.3625,24.775],[67.3655,24.7703],[67.3667,24.775]],[[67.2783,24.7592],[67.2759,24.7616],[67.275,24.7583],[67.2783,24.7592]],[[67.2245,24.7266],[67.2288,24.7271],[67.2277,24.7294],[67.2245,24.7266]],[[67.2163,24.7229],[67.212,24.7225],[67.2153,24.7208],[67.2163,24.7229]],[[67.2286,24.7151],[67.2339,24.7174],[67.2306,24.7214],[67.2286,24.7151]],[[67.412,24.7016],[67.4163,24.7021],[67.4152,24.7044],[67.412,24.7016]],[[67.3954,24.6933],[67.3996,24.6937],[67.3985,24.6961],[67.3954,24.6933]],[[67.3871,24.6896],[67.3829,24.6891],[67.3861,24.6875],[67.3871,24.6896]],[[67.3327,24.6759],[67.3403,24.675],[67.3407,24.6839],[67.3327,24.6759]],[[67.208,24.6812],[67.2037,24.6808],[67.2069,24.6792],[67.208,24.6812]],[[67.3287,24.6683],[67.333,24.6687],[67.3318,24.6711],[67.3287,24.6683]],[[67.3485,24.6669],[67.3486,24.6625],[67.3496,24.6646],[67.3485,24.6669]],[[67.4287,24.6558],[67.433,24.6562],[67.4318,24.6586],[67.4287,24.6558]],[[67.3741,24.6328],[67.4296,24.6387],[67.4104,24.6538],[67.3583,24.6458],[67.3741,24.6328]],[[67.3333,24.6375],[67.3051,24.6369],[67.3042,24.6333],[67.3229,24.625],[67.3333,24.6375]],[[67.3355,24.6214],[67.3592,24.6048],[67.3791,24.6073],[67.3615,24.6244],[67.3355,24.6214]],[[67.3111,24.6417],[67.311,24.6461],[67.3079,24.6433],[67.3111,24.6417]],[[67.4035,24.4843],[67.4119,24.4854],[67.4054,24.4923],[67.4035,24.4843]],[[67.3777,24.4711],[67.3778,24.4667],[67.3788,24.4687],[67.3777,24.4711]],[[67.3568,24.4628],[67.3569,24.4583],[67.358,24.4604],[67.3568,24.4628]],[[67.3496,24.4562],[67.3454,24.4558],[67.3486,24.4542],[67.3496,24.4562]],[[67.3322,24.4539],[67.3274,24.4621],[67.3208,24.4625],[67.3322,24.4539]],[[67.362,24.385],[67.3663,24.3854],[67.3652,24.3878],[67.362,24.385]],[[67.5,24.3375],[67.5167,24.3417],[67.5159,24.3448],[67.5118,24.3464],[67.5,24.3375]],[[67.5208,24.3375],[67.5238,24.3328],[67.525,24.3375],[67.5208,24.3375]],[[67.4892,24.3288],[67.4845,24.3206],[67.4917,24.3292],[67.4892,24.3288]],[[67.475,24.325],[67.4708,24.325],[67.4738,24.3203],[67.475,24.325]],[[67.445,24.3217],[67.4425,24.3241],[67.4417,24.3208],[67.445,24.3217]],[[67.4217,24.2134],[67.425,24.2167],[67.4208,24.2167],[67.4217,24.2134]],[[67.4074,24.1298],[67.4111,24.125],[67.4122,24.1279],[67.4074,24.1298]],[[67.3955,24.1271],[67.3912,24.1266],[67.3944,24.125],[67.3955,24.1271]],[[67.8509,24.0884],[67.8542,24.0917],[67.85,24.0917],[67.8509,24.0884]],[[67.8583,24.0875],[67.8625,24.0833],[67.8616,24.0866],[67.8583,24.0875]],[[67.5783,24.0786],[67.5458,24.075],[67.5792,24.075],[67.5783,24.0786]],[[67.8193,24.0753],[67.8194,24.0708],[67.8205,24.0729],[67.8193,24.0753]],[[67.6494,24.0634],[67.6465,24.0741],[67.6458,24.0625],[67.6494,24.0634]],[[67.5233,24.0629],[67.5267,24.0705],[67.5208,24.0625],[67.5233,24.0629]],[[67.4705,24.0604],[67.4662,24.06],[67.4694,24.0583],[67.4705,24.0604]],[[67.9256,24.0562],[67.9548,24.0005],[67.9389,23.9827],[67.9541,23.9887],[67.9633,24.0117],[67.9958,24.0208],[67.9476,24.0212],[67.9256,24.0562]],[[68.0092,24.0134],[68.0116,24.0158],[68.0083,24.0167],[68.0092,24.0134]],[[68.0212,24.0101],[68.0295,24.0017],[68.0208,23.975],[68.0339,24.0009],[68.0212,24.0101]],[[68.3491,23.9807],[68.3649,23.9901],[68.3662,23.9912],[68.3491,23.9807]],[[67.8746,24.0146],[67.8704,24.0141],[67.8736,24.0125],[67.8746,24.0146]],[[67.5125,24.0583],[67.4792,24.0333],[67.4803,24.0289],[67.4897,24.0339],[67.5125,24.0583]],[[67.4427,24.066],[67.4653,24.0666],[67.4616,24.0827],[67.4426,24.0788],[67.4427,24.066]],[[67.5884,24.0714],[67.6241,24.0744],[67.5875,24.075],[67.5884,24.0714]],[[67.6292,24.0708],[67.6333,24.0667],[67.6325,24.07],[67.6292,24.0708]],[[67.8967,24.0717],[67.9108,24.0705],[67.8958,24.075],[67.8967,24.0717]],[[67.7167,23.9791],[67.7167,23.9792],[67.7165,23.9791],[67.7167,23.9791]],[[67.4995,23.9725],[67.5038,23.9729],[67.5027,23.9753],[67.4995,23.9725]],[[67.6631,23.9398],[67.6677,23.942],[67.6637,23.9422],[67.6631,23.9398]],[[67.6782,23.9387],[67.6869,23.9349],[67.6814,23.9411],[67.6782,23.9387]],[[67.6985,23.9382],[67.6991,23.9384],[67.6996,23.9402],[67.6985,23.9382]],[[67.6507,23.9324],[67.6424,23.9368],[67.6414,23.9215],[67.6507,23.9324]],[[67.5413,23.9354],[67.537,23.935],[67.5403,23.9333],[67.5413,23.9354]],[[67.5579,23.9058],[67.5621,23.9062],[67.561,23.9086],[67.5579,23.9058]],[[67.6337,23.9004],[67.6286,23.8701],[67.632,23.8657],[67.6337,23.9004]],[[67.7053,23.8756],[67.7048,23.8734],[67.707,23.8738],[67.7053,23.8756]],[[67.7131,23.8654],[67.7089,23.8603],[67.7113,23.8578],[67.7131,23.8654]],[[68.0173,23.9616],[68.0202,23.9509],[68.0208,23.9625],[68.0173,23.9616]],[[68.0973,23.9623],[68.0899,23.922],[68.0725,23.9125],[68.0858,23.917],[68.0996,23.9309],[68.0973,23.9623]],[[68.066,23.9207],[68.0645,23.9203],[68.0626,23.9186],[68.066,23.9207]],[[67.9244,23.8484],[67.9297,23.8508],[67.9264,23.8548],[67.9244,23.8484]],[[67.9454,23.785],[67.9496,23.7854],[67.9485,23.7878],[67.9454,23.785]],[[68.0641,23.9086],[68.0649,23.9087],[68.0654,23.9092],[68.0641,23.9086]],[[68.0566,23.9045],[68.0577,23.9056],[68.0574,23.9055],[68.0566,23.9045]]],[[[90.613,22.9216],[90.6077,22.9193],[90.6098,22.9256],[90.613,22.9216]]],[[[90.6047,22.9988],[90.5952,22.9884],[90.5968,23.0006],[90.6047,22.9988]]],[[[90.6369,22.9367],[90.6506,22.9353],[90.6545,22.9301],[90.6369,22.9367]]],[[[90.641,22.9532],[90.6257,22.9426],[90.6161,22.9694],[90.641,22.9532]]],[[[68.4104,23.4242],[68.4062,23.4241],[68.4066,23.4254],[68.4104,23.4242]]],[[[68.4212,23.4642],[68.4187,23.4616],[68.4199,23.4654],[68.4212,23.4642]]],[[[67.9992,23.7659],[67.9926,23.7548],[67.9891,23.7673],[67.9992,23.7659]]],[[[67.7667,23.8292],[67.7625,23.822],[67.7581,23.8283],[67.7667,23.8292]]],[[[67.58,23.8712],[67.585,23.8671],[67.5788,23.8692],[67.58,23.8712]]],[[[67.4266,23.9646],[67.425,23.9521],[67.4138,23.9608],[67.4266,23.9646]]],[[[67.4406,23.9755],[67.4342,23.9674],[67.4329,23.9739],[67.4406,23.9755]]],[[[67.3278,24.2042],[67.316,24.205],[67.3175,24.2382],[67.3293,24.2263],[67.3278,24.2042]]],[[[67.3006,24.3256],[67.2913,24.3274],[67.299,24.3337],[67.3006,24.3256]]],[[[67.2444,24.5042],[67.2369,24.5107],[67.2425,24.5131],[67.2444,24.5042]]],[[[68.5845,23.785],[68.5812,23.7884],[68.585,23.7904],[68.5845,23.785]]],[[[90.6333,22.3708],[90.6405,22.3625],[90.6341,22.3581],[90.6333,22.3708]]],[[[90.908,22.2896],[90.9037,22.2891],[90.9068,22.2919],[90.908,22.2896]]],[[[91.2994,22.3938],[91.291,22.3926],[91.2929,22.4006],[91.2994,22.3938]]],[[[91.2653,22.4],[91.2411,22.4157],[91.247,22.4381],[91.2714,22.43],[91.2653,22.4]]],[[[91.2944,22.425],[91.2801,22.4256],[91.2678,22.4498],[91.2824,22.4534],[91.2944,22.425]]],[[[90.7486,22.8167],[90.7369,22.8286],[90.7386,22.8381],[90.7585,22.8262],[90.7486,22.8167]]],[[[90.8361,22.6292],[90.8285,22.6301],[90.8324,22.634],[90.8361,22.6292]]],[[[90.8086,22.6406],[90.8009,22.6455],[90.8074,22.6503],[90.8086,22.6406]]],[[[91.5319,22.3833],[91.4797,22.3926],[91.4214,22.4978],[91.4047,22.5855],[91.4409,22.6172],[91.47,22.6075],[91.5661,22.4689],[91.5744,22.4103],[91.5319,22.3833]]],[[[91.2819,22.4958],[91.2618,22.5078],[91.2673,22.523],[91.2804,22.5499],[91.3158,22.5658],[91.3215,22.5502],[91.2819,22.4958]]],[[[90.8903,22.4917],[90.8759,22.4968],[90.866,22.5055],[90.8909,22.5076],[90.8903,22.4917]]],[[[90.8533,22.5923],[90.9241,22.5741],[90.9785,22.5272],[90.9867,22.5008],[90.927,22.4881],[90.8369,22.5658],[90.8533,22.5923]]],[[[90.9911,22.5396],[90.9827,22.5361],[90.9844,22.5465],[90.9911,22.5396]]],[[[91.3903,22.6042],[91.3301,22.6299],[91.3048,22.6603],[91.302,22.7202],[91.3538,22.7156],[91.3999,22.6697],[91.409,22.6546],[91.3903,22.6042]]],[[[90.9194,22.2917],[90.9048,22.3021],[90.9321,22.3583],[90.941,22.3354],[90.9194,22.2917]]],[[[90.8847,22.4],[90.8861,22.3333],[90.876,22.3631],[90.858,22.3467],[90.8847,22.4]]],[[[90.6569,22.3542],[90.6549,22.3868],[90.6659,22.3874],[90.6673,22.364],[90.6569,22.3542]]],[[[91.0393,22.3753],[91.059,22.3715],[91.0576,22.3466],[91.0299,22.3341],[91.0006,22.3729],[90.9882,22.4575],[91.023,22.4619],[91.0548,22.4382],[91.0393,22.3753]]],[[[90.9778,22.3708],[90.9493,22.3827],[90.9577,22.4188],[90.9452,22.4373],[90.9664,22.4507],[90.9882,22.411],[90.9778,22.3708]]],[[[90.8895,22.1119],[90.8789,22.1092],[90.966,22.2854],[90.966,22.3486],[90.9837,22.3548],[91.0048,22.2788],[90.991,22.1979],[90.9243,22.0716],[90.908,22.0702],[90.8947,22.0914],[90.8848,22.0785],[90.8895,22.1119]],[[90.8962,22.1137],[90.8929,22.1172],[90.8917,22.1125],[90.8962,22.1137]]],[[[91.1547,22.1341],[91.1494,22.1318],[91.1514,22.1381],[91.1547,22.1341]]],[[[91.0569,22.0208],[91.055,22.0582],[91.0882,22.0657],[91.0867,22.0467],[91.0569,22.0208]]],[[[90.8944,22.0458],[90.8744,22.0576],[90.887,22.0756],[90.9006,22.0671],[90.8944,22.0458]]],[[[90.9538,22.0146],[90.9495,22.0141],[90.9527,22.0169],[90.9538,22.0146]]],[[[90.9615,22.0422],[90.9553,22.0295],[90.9494,22.0231],[90.9615,22.0422]]],[[[90.9885,22.0871],[91.0339,22.0716],[91.0286,22.052],[90.9843,22.0215],[90.9714,22.0522],[90.9885,22.0871]]],[[[91.0042,22.1542],[91.0076,22.1426],[91.0011,22.1371],[91.0042,22.1542]]],[[[91.0042,22.1542],[90.9971,22.1631],[91.0034,22.1615],[91.0042,22.1542]]],[[[90.8986,22.2208],[90.8912,22.2299],[90.9013,22.2756],[90.912,22.2604],[90.8986,22.2208]]],[[[90.9319,22.2417],[90.9206,22.2471],[90.9354,22.2912],[90.9464,22.2863],[90.9319,22.2417]]],[[[91.0083,22.0917],[91.0672,22.2451],[91.0721,22.4294],[91.1282,22.4076],[91.1578,22.3647],[91.1964,22.2841],[91.1953,22.2353],[91.1702,22.1676],[91.1355,22.1256],[91.0593,22.0744],[91.0083,22.0917]]],[[[91.0153,22.2333],[91.0035,22.2495],[91.0215,22.2704],[91.011,22.3417],[91.0381,22.3091],[91.0153,22.2333]]],[[[72.5948,21.6422],[72.621,21.6403],[72.6071,21.6161],[72.5786,21.6262],[72.5948,21.6422]],[[72.6042,21.6375],[72.5953,21.6345],[72.6029,21.6328],[72.6042,21.6375]]],[[[90.8284,21.8951],[90.8295,21.8842],[90.7744,21.8759],[90.7951,21.9131],[90.8284,21.8951]],[[90.8163,21.8947],[90.8196,21.8911],[90.8208,21.8958],[90.8163,21.8947]]],[[[88.6212,21.7809],[88.6288,21.7267],[88.6142,21.708],[88.5875,21.7167],[88.6089,21.6841],[88.5953,21.6613],[88.6071,21.621],[88.575,21.625],[88.5868,21.58],[88.5505,21.5619],[88.5375,21.5792],[88.5326,21.5424],[88.5062,21.5381],[88.4833,21.5513],[88.4798,21.573],[88.4885,21.599],[88.5074,21.5954],[88.5298,21.6663],[88.4994,21.783],[88.5413,21.8131],[88.5702,21.798],[88.5662,21.7758],[88.5997,21.7923],[88.6212,21.7809]],[[88.6004,21.7178],[88.597,21.7214],[88.5958,21.7167],[88.6004,21.7178]],[[88.5863,21.7212],[88.5828,21.7179],[88.5875,21.7167],[88.5863,21.7212]],[[88.5738,21.6296],[88.5703,21.6262],[88.575,21.625],[88.5738,21.6296]],[[88.5363,21.5837],[88.5328,21.5804],[88.5375,21.5792],[88.5363,21.5837]],[[88.5208,21.5917],[88.5288,21.5884],[88.5283,21.591],[88.5208,21.5917]],[[88.5208,21.5917],[88.5128,21.5949],[88.5133,21.5923],[88.5208,21.5917]],[[88.5778,21.725],[88.5839,21.7469],[88.568,21.7672],[88.5661,21.7616],[88.5778,21.725]],[[88.562,21.6308],[88.5663,21.6312],[88.5652,21.6336],[88.562,21.6308]]],[[[90.3788,21.8726],[90.3608,21.8504],[90.3184,21.8462],[90.3038,21.8775],[90.3549,21.9824],[90.4186,22.0369],[90.4652,22.0583],[90.475,22.0458],[90.4843,22.0957],[90.574,22.1801],[90.5794,22.1908],[90.5619,22.1926],[90.5757,22.2367],[90.6324,22.2502],[90.6369,22.2145],[90.6091,22.1906],[90.6077,22.102],[90.5904,22.0541],[90.5048,21.9535],[90.4833,22.0125],[90.4952,21.952],[90.4572,21.8918],[90.4338,21.8785],[90.4087,21.8907],[90.3945,21.866],[90.3788,21.8726]],[[90.378,21.8796],[90.3744,21.8762],[90.3792,21.875],[90.378,21.8796]],[[90.3621,21.9062],[90.3579,21.9058],[90.3611,21.9042],[90.3621,21.9062]],[[90.4833,22.0292],[90.4833,22.0167],[90.4881,22.028],[90.4833,22.0292]]],[[[88.7417,21.6583],[88.6913,21.7441],[88.7087,21.7816],[88.6962,21.8608],[88.725,21.9333],[88.7215,21.9783],[88.7667,22.0167],[88.7458,22.0667],[88.7204,22.0535],[88.7,22.0792],[88.6831,22.0779],[88.6978,22.0547],[88.7378,22.0446],[88.7411,22.0136],[88.7167,22.0042],[88.68,21.9411],[88.6244,21.9577],[88.6339,21.998],[88.6629,22.0299],[88.631,22.1198],[88.6822,22.2011],[88.6755,22.2064],[88.6208,22.1125],[88.6381,22.0593],[88.5994,21.9757],[88.6161,21.9311],[88.5756,21.8783],[88.5575,21.8174],[88.5125,21.839],[88.5172,21.8551],[88.4833,21.8917],[88.5037,21.8146],[88.475,21.7958],[88.4577,21.7236],[88.4744,21.6729],[88.4534,21.6176],[88.4382,21.6137],[88.4342,21.6329],[88.4076,21.5966],[88.3881,21.6062],[88.3798,21.6866],[88.4,21.7083],[88.3542,21.6833],[88.3572,21.6426],[88.3171,21.6077],[88.3035,21.6093],[88.3092,21.6616],[88.2922,21.6272],[88.3089,21.5782],[88.2953,21.5634],[88.252,21.5589],[88.2324,21.6076],[88.2139,21.6168],[88.2172,21.6016],[88.2052,21.6045],[88.1786,21.6923],[88.1967,21.7367],[88.2071,21.7244],[88.2172,21.7757],[88.1672,21.8645],[88.1708,21.9167],[88.1494,21.9593],[88.2119,22.0353],[88.2203,22.1022],[88.1866,22.1866],[88.0675,22.209],[88.1036,22.2937],[88.0884,22.2994],[88.0792,22.2833],[88.0712,22.3017],[88.0715,22.423],[88.0881,22.4378],[88.0744,22.4699],[88.0909,22.4716],[88.0958,22.4958],[88.0634,22.5131],[88.0367,22.6118],[88.0167,22.6125],[88.0174,22.6294],[88.0459,22.6385],[88.0327,22.6752],[88.0417,22.7729],[88.0083,22.8708],[88.0256,22.9257],[88.0006,22.9603],[87.9917,23.0146],[88.0176,23.0616],[88.0545,23.0634],[88.0411,23.1449],[88.0583,23.1833],[88.0201,23.1828],[87.9083,23.2417],[87.8417,23.25],[87.8367,23.2701],[87.7382,23.3052],[87.7324,23.3285],[87.6884,23.3382],[87.6343,23.3796],[87.5425,23.3757],[87.533,23.4033],[87.5087,23.4142],[87.5125,23.45],[87.4771,23.4792],[87.4441,23.4663],[87.4,23.4833],[87.3792,23.5125],[87.3125,23.5208],[87.2798,23.5853],[87.2881,23.6171],[87.2708,23.6417],[87.2887,23.6631],[87.3324,23.6577],[87.4,23.5958],[87.4417,23.5958],[87.4461,23.6155],[87.3883,23.6631],[87.3825,23.6868],[87.3468,23.7051],[87.3583,23.7458],[87.3157,23.7951],[87.2715,23.8134],[87.2411,23.8814],[87.2125,23.9],[87.2333,23.95],[87.2792,23.9958],[87.2506,24.0603],[87.2503,24.103],[87.23,24.105],[87.1923,24.1593],[87.2135,24.2035],[87.2341,24.2047],[87.2182,24.2221],[87.2472,24.2216],[87.2176,24.2605],[87.212,24.2822],[87.2255,24.2969],[87.1917,24.3417],[87.1341,24.3507],[87.1053,24.3834],[87.0917,24.4125],[87.1411,24.4355],[87.0407,24.5244],[86.9524,24.5455],[86.8858,24.5288],[86.8578,24.5981],[86.825,24.6],[86.8285,24.62],[86.8078,24.6161],[86.7958,24.6333],[86.7559,24.6212],[86.6375,24.6583],[86.7083,24.75],[86.691,24.7824],[86.6564,24.7995],[86.6215,24.7866],[86.6172,24.7512],[86.548,24.7089],[86.5125,24.7042],[86.475,24.7833],[86.4566,24.7746],[86.4316,24.792],[86.3684,24.7746],[86.3478,24.7339],[86.3116,24.8158],[86.2743,24.8214],[86.2583,24.8083],[86.2714,24.7841],[86.2536,24.7509],[86.2618,24.7217],[86.2061,24.7006],[86.1839,24.7396],[86.2131,24.7838],[86.195,24.8243],[86.1758,24.8257],[86.15,24.8625],[86.1042,24.8583],[86.0958,24.8375],[86.0441,24.8371],[86.0191,24.8538],[85.9384,24.8631],[85.9131,24.8936],[85.9007,24.9658],[85.9621,25.0517],[85.94,25.0754],[85.8371,24.976],[85.8167,24.9792],[85.7674,24.9116],[85.7542,24.8167],[85.6512,24.7994],[85.6172,24.8353],[85.6006,24.9022],[85.6336,24.9634],[85.6383,25.0119],[85.725,25.0958],[85.7243,25.1242],[85.6958,25.1375],[85.6629,25.124],[85.6007,25.0491],[85.5955,24.9267],[85.575,24.875],[85.5465,24.8884],[85.5158,24.9327],[85.4833,24.9167],[85.475,24.9417],[85.4125,24.8625],[85.3875,24.9167],[85.2865,24.8548],[85.252,24.8869],[85.1833,24.8375],[85.1667,24.8938],[85.2163,24.9392],[85.2161,24.9605],[85.1917,24.9833],[85.1601,24.9712],[85.1583,25.0146],[85.1271,25.0417],[85.1066,25.0129],[85.0667,25.0167],[85.0792,25.0458],[85.0591,25.0659],[85.0786,25.0896],[85.0147,25.2036],[84.9837,25.19],[84.9783,25.0799],[84.9337,25.0574],[84.9147,25.0256],[84.8858,25.0379],[84.8708,25.0042],[84.8368,25.0336],[84.8159,25.1158],[84.7759,25.1259],[84.7741,25.1702],[84.7343,25.1702],[84.6771,25.1495],[84.6589,25.1189],[84.6839,25.0924],[84.6667,25.0792],[84.6964,25.0571],[84.6772,24.9881],[84.6506,25.001],[84.6413,25.0324],[84.6091,25.0343],[84.5917,25.0583],[84.5119,25.0134],[84.4258,24.9993],[84.3816,24.9587],[84.3333,24.9583],[84.3366,24.9866],[84.3062,25.012],[84.2917,24.9958],[84.2243,25.0048],[84.1892,24.9712],[84.1875,25.0042],[84.1453,25.0137],[84.1827,25.0676],[84.1953,25.1647],[84.1801,25.1715],[84.1625,25.2542],[84.1202,25.3005],[84.1284,25.3573],[84.0924,25.3718],[84.0625,25.4333],[84.05,25.425],[84.0549,25.3883],[84.109,25.2882],[84.101,25.2296],[84.1371,25.2157],[84.1547,25.1632],[84.1369,25.1363],[84.1417,25.0667],[84.1135,25.0663],[84.0923,25.0283],[84.1006,24.9699],[84.0866,24.9423],[84.0351,24.9379],[83.995,24.9825],[83.9032,24.9922],[83.8507,24.9615],[83.775,24.825],[83.7437,24.8208],[83.6875,24.8875],[83.665,24.883],[83.6134,24.909],[83.5617,24.9575],[83.5083,24.9514],[83.5384,24.9919],[83.5741,24.9878],[83.5702,25.0046],[83.5881,25.0213],[83.5532,25.0741],[83.5125,25.0917],[83.4759,25.07],[83.4661,24.9718],[83.3226,24.9913],[83.2632,24.97],[83.25,24.9292],[83.2132,24.9426],[83.2083,24.9708],[83.1816,24.983],[83.1551,24.9827],[83.1538,24.9559],[83.127,24.9506],[83.0758,24.9631],[83.0292,25.0083],[82.977,24.9631],[82.9542,25.0099],[82.9204,24.9929],[82.9015,24.9989],[82.9233,25.0045],[82.933,25.0142],[82.9294,25.0217],[82.8799,24.9866],[82.8661,24.9157],[82.875,24.8917],[82.8358,24.8837],[82.7851,24.8837],[82.766,24.9074],[82.7229,24.9208],[82.6655,24.9078],[82.6145,24.9172],[82.4649,24.9705],[82.3843,24.9451],[82.3483,24.9045],[82.29,24.9129],[82.2542,24.8792],[82.225,24.9208],[82.1618,24.9297],[82.0845,24.9161],[82.075,24.9583],[82.0483,24.9746],[81.965,24.9795],[81.9283,24.9259],[81.8958,24.9333],[81.8767,24.9212],[81.8875,24.9708],[81.874,24.9661],[81.7691,25.0337],[81.7465,25.024],[81.7537,24.9521],[81.7256,24.9272],[81.7292,24.8958],[81.7142,24.8962],[81.6824,24.9701],[81.6547,24.9895],[81.6787,25.0229],[81.6699,25.0452],[81.6301,25.0204],[81.588,24.9619],[81.4478,24.9703],[81.4118,24.9494],[81.334,24.9801],[81.3241,25.0118],[81.3076,25.0078],[81.2384,25.0551],[81.1896,25.1079],[81.1698,25.084],[81.0936,25.0828],[81.0826,25.0592],[81.0483,25.0629],[81.0375,25.0458],[80.9845,25.0506],[80.95,25.0208],[80.9048,25.0801],[80.9083,25.1167],[80.8022,25.0839],[80.7215,25.0926],[80.7038,25.1267],[80.7132,25.1825],[80.7575,25.2049],[80.7494,25.3064],[80.7095,25.3172],[80.6542,25.2958],[80.6241,25.3172],[80.5667,25.2875],[80.5618,25.4159],[80.5089,25.4311],[80.5297,25.4716],[80.5333,25.5292],[80.5188,25.537],[80.4759,25.5033],[80.4199,25.4007],[80.3798,25.3783],[80.3703,25.3493],[80.3917,25.3083],[80.3573,25.313],[80.3199,25.2911],[80.2716,25.3132],[80.2701,25.3284],[80.1458,25.3583],[80.0917,25.3542],[80.0134,25.3036],[79.9708,25.3208],[80.0245,25.4354],[80.025,25.4625],[80.0006,25.4676],[80.0047,25.4966],[79.9875,25.5292],[79.9256,25.4397],[79.9161,25.352],[79.8897,25.3256],[79.8754,25.3351],[79.892,25.4225],[79.875,25.4625],[79.7895,25.4369],[79.7417,25.4042],[79.7533,25.359],[79.7142,25.3545],[79.6517,25.3955],[79.6316,25.367],[79.5958,25.3583],[79.575,25.3125],[79.5512,25.3078],[79.4909,25.3699],[79.4741,25.3578],[79.4542,25.3667],[79.4494,25.4051],[79.5042,25.4833],[79.4679,25.4828],[79.4467,25.5283],[79.3619,25.4215],[79.3744,25.3687],[79.3333,25.3271],[79.3333,25.2542],[79.2625,25.2833],[79.2491,25.3117],[79.2184,25.308],[79.1292,25.2667],[79.125,25.25],[79.0634,25.2326],[79.0408,25.1965],[79.002,25.1911],[78.95,25.1583],[78.9625,25.2],[78.9059,25.233],[78.8858,25.192],[78.83,25.1741],[78.8167,25.1333],[78.7792,25.125],[78.7587,25.0983],[78.741,25.058],[78.759,25.0009],[78.7375,24.9875],[78.7009,25.0006],[78.666,25.0533],[78.6301,25.0577],[78.6167,25.0292],[78.4476,24.983],[78.4092,24.9491],[78.4,24.9292],[78.4125,24.8958],[78.47,24.9077],[78.4958,24.8833],[78.4869,24.8395],[78.4506,24.7865],[78.4493,24.7092],[78.4047,24.6647],[78.4038,24.6101],[78.3792,24.5542],[78.3017,24.5246],[78.3,24.4667],[78.2667,24.4458],[78.2667,24.4057],[78.2875,24.3833],[78.3292,24.375],[78.3119,24.3382],[78.3119,24.2591],[78.3294,24.2322],[78.3005,24.1979],[78.3092,24.1715],[78.3417,24.1625],[78.3458,24.1333],[78.3066,24.0754],[78.2809,24.0621],[78.2271,24.0708],[78.2036,24.0493],[78.175,23.9542],[78.1826,23.8966],[78.166,23.8796],[78.1798,23.8671],[78.1826,23.8133],[78.1583,23.7875],[78.1884,23.73],[78.2083,23.7208],[78.1701,23.6677],[78.1333,23.6542],[78.1328,23.6145],[78.1081,23.5716],[78.1458,23.5583],[78.1208,23.5208],[78.1333,23.5042],[78.1208,23.4583],[78.0576,23.4494],[77.9595,23.4672],[77.9786,23.4145],[77.9411,23.3549],[77.9333,23.3],[77.9009,23.2868],[77.8917,23.2583],[77.9119,23.2491],[77.909,23.1967],[77.9297,23.152],[77.9667,23.1167],[78.0035,23.1408],[78.023,23.0916],[78.0451,23.1336],[78.0567,23.0963],[78.0736,23.1114],[78.0553,23.0911],[78.0728,23.0589],[78.1214,23.0696],[78.1088,23.0854],[78.1214,23.1009],[78.1078,23.1216],[78.1167,23.1417],[78.1536,23.1147],[78.1733,23.0587],[78.1828,23.1134],[78.2003,23.1261],[78.1881,23.1436],[78.1958,23.1667],[78.2137,23.1494],[78.2318,23.1541],[78.2563,23.1213],[78.2828,23.1199],[78.3417,23.0083],[78.3827,23.0562],[78.3827,23.1104],[78.3625,23.1333],[78.3917,23.1333],[78.3875,23.175],[78.4167,23.1667],[78.4039,23.1386],[78.4408,23.1452],[78.4386,23.1215],[78.4547,23.1091],[78.4256,23.073],[78.4045,22.9975],[78.4292,22.975],[78.445,22.995],[78.4494,22.9509],[78.3826,22.9339],[78.3538,22.91],[78.3583,22.875],[78.4121,22.8733],[78.4413,22.7767],[78.4301,22.7715],[78.3784,22.8256],[78.3325,22.8339],[78.325,22.8208],[78.4203,22.7105],[78.4453,22.652],[78.3814,22.6089],[78.2809,22.6121],[78.2333,22.5833],[78.1275,22.5996],[78.1125,22.6292],[78.0436,22.6244],[78.0049,22.6074],[78.0131,22.5804],[77.9907,22.559],[77.9316,22.5754],[77.7625,22.5],[77.7621,22.4809],[77.725,22.4521],[77.7241,22.4131],[77.5983,22.3795],[77.5642,22.3871],[77.4928,22.3414],[77.4675,22.3465],[77.4355,22.3827],[77.4104,22.3713],[77.3579,22.4115],[77.3226,22.4121],[77.3047,22.3897],[77.3047,22.3436],[77.3286,22.3199],[77.3458,22.2625],[77.3083,22.2208],[77.2853,22.2214],[77.2382,22.2551],[77.2125,22.3125],[77.2006,22.3116],[77.2,22.2708],[77.2589,22.2135],[77.2494,22.1799],[77.2625,22.1292],[77.3246,22.1066],[77.3297,22.0409],[77.2689,21.9881],[77.1926,21.9576],[77.1867,21.9247],[77.1658,21.9092],[77.0615,21.8953],[76.9908,21.9366],[76.9108,21.9288],[76.8676,21.9381],[76.8241,21.9702],[76.792,21.9608],[76.8,21.9125],[76.7441,21.9413],[76.6353,21.9411],[76.6167,21.9292],[76.5458,21.9542],[76.5667,21.9042],[76.5509,21.9036],[76.5292,21.8292],[76.4784,21.8506],[76.4134,21.8535],[76.4375,21.8083],[76.4176,21.7996],[76.3908,21.7134],[76.3542,21.6875],[76.3101,21.6913],[76.2434,21.6538],[76.2042,21.6],[76.1525,21.6045],[76.0958,21.5875],[76.0964,21.6613],[76.0775,21.6754],[76.0358,21.6621],[76.0108,21.6788],[75.9917,21.6667],[75.972,21.6753],[75.9439,21.6506],[75.8601,21.6413],[75.8417,21.6167],[75.7728,21.6422],[75.7063,21.7125],[75.6208,21.7042],[75.6129,21.6649],[75.5833,21.6458],[75.5824,21.7214],[75.4824,21.6756],[75.4333,21.6875],[75.3576,21.6744],[75.3167,21.7083],[75.2229,21.7213],[75.1965,21.7384],[75.1908,21.7619],[75.1059,21.742],[75.1077,21.7992],[75.0708,21.8042],[75.062,21.8604],[75.0324,21.891],[74.9158,21.9785],[74.8728,21.9756],[74.7965,22.0343],[74.7708,22.075],[74.7271,21.9963],[74.6875,21.9917],[74.6833,22.0375],[74.575,22.0208],[74.5042,21.9917],[74.4435,22.0294],[74.5238,22.0492],[74.5575,22.0239],[74.5322,22.056],[74.4373,22.0348],[74.3858,22.0621],[74.3392,22.058],[74.2375,22.0083],[74.1989,22.0368],[74.1452,22.0327],[74.075,22.0792],[74.0575,22.0467],[74.0298,22.0366],[74.025,22.0125],[74.05,21.9875],[74.0358,21.9754],[73.9476,21.958],[73.9115,21.9132],[73.8233,21.8795],[73.8027,21.9],[73.7689,21.8839],[73.6792,21.8875],[73.6703,21.8478],[73.6411,21.8159],[73.6458,21.7917],[73.5875,21.8167],[73.5314,21.7917],[73.5622,21.8159],[73.5407,21.8167],[73.5108,21.7837],[73.4208,21.75],[73.437,21.6729],[73.4256,21.6561],[73.4542,21.6125],[73.4215,21.5783],[73.4283,21.5134],[73.3132,21.4575],[73.3083,21.4292],[73.3625,21.3625],[73.3333,21.3375],[73.3182,21.2915],[73.3986,21.225],[73.425,21.1667],[73.4743,21.1783],[73.524,21.1494],[73.5407,21.1589],[73.5917,21.1375],[73.6146,21.1046],[73.6729,21.1042],[73.7008,21.0798],[73.8042,21.0667],[73.8008,21.0132],[73.8284,21.0118],[73.8342,20.9868],[73.9355,20.984],[73.9576,21.0048],[73.975,20.975],[73.9292,20.9],[73.9292,20.8542],[73.9458,20.8375],[73.9458,20.725],[73.8343,20.7246],[73.825,20.6833],[73.8422,20.6677],[73.8422,20.6341],[73.8314,20.6131],[73.7517,20.5837],[73.6917,20.6875],[73.625,20.7],[73.6038,20.6566],[73.6288,20.6191],[73.6208,20.5792],[73.568,20.5715],[73.4509,20.5116],[73.4341,20.455],[73.4525,20.4413],[73.5208,20.45],[73.5167,20.425],[73.4341,20.3993],[73.4298,20.3812],[73.4458,20.3667],[73.4244,20.3576],[73.4542,20.2958],[73.3926,20.3007],[73.3833,20.3167],[73.3275,20.2996],[73.3101,20.3121],[73.2928,20.2538],[73.2441,20.2587],[73.2233,20.2455],[73.1292,20.275],[73.1064,20.2505],[73.0593,20.2505],[73.0397,20.2297],[72.9875,20.2167],[72.9785,20.295],[72.8842,20.342],[72.8619,20.398],[72.8292,20.4083],[72.8667,20.4417],[72.8587,20.4774],[72.8833,20.5],[72.8962,20.5934],[72.8494,20.7444],[72.8645,20.7381],[72.8792,20.7417],[72.8423,20.7551],[72.8417,20.8042],[72.8256,20.8104],[72.7923,20.8895],[72.7911,20.9355],[72.7757,20.9365],[72.7798,20.9142],[72.7636,20.9212],[72.7339,20.9895],[72.7202,21.0531],[72.7625,21.0625],[72.7049,21.0716],[72.7,21.1],[72.6845,21.0869],[72.6673,21.1009],[72.6667,21.1375],[72.6589,21.0642],[72.6247,21.0759],[72.6203,21.2104],[72.5869,21.3007],[72.6203,21.3478],[72.6256,21.3855],[72.6828,21.4436],[72.6427,21.4327],[72.6715,21.524],[72.7,21.5292],[72.6787,21.5381],[72.6227,21.491],[72.5965,21.5437],[72.6035,21.5796],[72.6258,21.6201],[72.6855,21.6381],[72.7142,21.6663],[72.785,21.6455],[72.8108,21.6545],[72.8292,21.6708],[72.7941,21.658],[72.7368,21.6881],[72.5342,21.6634],[72.5161,21.7134],[72.5411,21.7436],[72.5632,21.8241],[72.5783,21.83],[72.5866,21.8384],[72.6042,21.875],[72.5948,21.8591],[72.5438,21.8465],[72.5173,21.8562],[72.5673,21.8782],[72.5134,21.8744],[72.5048,21.8979],[72.4994,21.9628],[72.5256,22.0855],[72.5547,22.173],[72.5978,22.2161],[72.648,22.2203],[72.7493,22.1744],[72.802,22.2453],[72.8743,22.2244],[72.9083,22.2417],[72.9167,22.2667],[72.9036,22.2468],[72.8637,22.2411],[72.8542,22.2792],[72.8395,22.2786],[72.7409,22.2286],[72.6842,22.2382],[72.6397,22.2828],[72.5408,22.2411],[72.5333,22.2708],[72.5243,22.2385],[72.4829,22.1952],[72.466,22.2048],[72.484,22.232],[72.433,22.2989],[72.3884,22.3086],[72.4083,22.35],[72.3895,22.341],[72.3744,22.3163],[72.3895,22.3006],[72.4159,22.2993],[72.4202,22.2271],[72.4032,22.1957],[72.3855,22.2119],[72.3702,22.2027],[72.3958,22.1679],[72.3752,22.1493],[72.3585,22.1699],[72.3533,22.1243],[72.3125,22.15],[72.3244,22.1176],[72.3122,22.1114],[72.2728,21.9287],[72.2494,21.9866],[72.2589,22.0159],[72.2411,22.0365],[72.2542,22.0625],[72.2384,22.0574],[72.2367,22.0174],[72.2218,22.016],[72.2202,22.0103],[72.2434,22.0076],[72.2243,21.9549],[72.1958,21.9417],[72.172,21.9589],[72.1118,21.9536],[72.0729,21.9704],[72.0493,21.9536],[71.9866,22.0047],[71.9375,22.0042],[71.9583,21.9667],[71.8125,22.0083],[71.7649,21.9837],[71.7358,21.992],[71.6625,21.9708],[71.45,22.0417],[71.4464,22.0186],[71.4714,21.9924],[71.4625,21.9833],[71.4243,21.991],[71.4117,22.0118],[71.337,22.0119],[71.3083,22.05],[71.2458,21.9708],[71.2032,21.9756],[71.172,21.9578],[71.1073,21.9672],[71.0884,21.9533],[71.1004,21.9184],[71.1496,21.8899],[71.1167,21.8708],[71.0583,21.8833],[71.0186,21.9131],[70.9422,21.9978],[70.9333,22.0375],[70.9,22.0167],[70.8996,21.9642],[70.8792,21.9083],[70.8566,21.8962],[70.8229,21.8958],[70.7667,21.9625],[70.7146,21.9167],[70.6608,21.9121],[70.6341,21.9216],[70.6244,21.9563],[70.5983,21.9712],[70.5216,21.9369],[70.4478,21.9411],[70.3967,21.9158],[70.3392,21.8587],[70.2962,21.885],[70.2792,21.9417],[70.25,21.9667],[70.2625,21.989],[70.2455,22.0524],[70.1792,22.1375],[70.245,22.1966],[70.2667,22.2792],[70.2994,22.2884],[70.3047,22.323],[70.3327,22.3426],[70.3551,22.4371],[70.4114,22.4839],[70.4417,22.4792],[70.3923,22.5384],[70.3837,22.6066],[70.4267,22.5879],[70.5042,22.5875],[70.5125,22.6125],[70.5816,22.6545],[70.6583,22.6333],[70.5797,22.7561],[70.5757,22.7949],[70.6135,22.8046],[70.6535,22.7866],[70.6717,22.7506],[70.7783,22.7369],[70.8167,22.7],[70.8286,22.7186],[70.8208,22.7542],[70.8632,22.8159],[70.9032,22.8077],[70.9368,22.7744],[70.9573,22.7756],[70.9833,22.8083],[71.0366,22.8034],[71.075,22.775],[71.117,22.8858],[71.1566,22.9045],[71.2657,22.8576],[71.301,22.8087],[71.3323,22.8036],[71.3772,22.7589],[71.4618,22.805],[71.4375,22.9],[71.5243,22.9718],[71.5292,23.0042],[71.574,23.0343],[71.5882,23.0742],[71.6451,23.0491],[71.7034,22.9716],[71.725,23.0167],[71.7605,23.0131],[71.8603,23.0703],[71.9005,23.041],[71.9272,23.0506],[72.0116,23.1206],[72.025,23.1583],[72.1458,23.2333],[72.1583,23.2333],[72.1369,23.1551],[72.1203,23.1426],[72.1292,23.1333],[72.1647,23.1506],[72.2254,23.2239],[72.291,23.2593],[72.2924,23.2782],[72.3283,23.2923],[72.375,23.3417],[72.3922,23.2924],[72.3755,23.2521],[72.384,23.2135],[72.4301,23.1673],[72.4575,23.1675],[72.4792,23.2271],[72.4795,23.2517],[72.4458,23.2729],[72.4625,23.3083],[72.5174,23.3698],[72.5542,23.375],[72.5783,23.4007],[72.575,23.4167],[72.6292,23.4375],[72.6465,23.4009],[72.6866,23.3907],[72.7093,23.3497],[72.8157,23.3581],[72.8422,23.3863],[72.834,23.3384],[72.8595,23.3244],[72.9073,23.3382],[72.9084,23.3528],[72.9625,23.3833],[72.9662,23.3646],[72.9247,23.3155],[72.9295,23.2559],[72.9533,23.245],[72.951,23.2285],[72.9875,23.2417],[73.0259,23.3077],[73.0542,23.3083],[73.0131,23.248],[73.0172,23.1951],[72.9965,23.1699],[73.0187,23.138],[73.067,23.2325],[73.2042,23.3458],[73.2684,23.3705],[73.3006,23.3383],[73.2966,23.2924],[73.3574,23.2744],[73.38,23.2175],[73.3945,23.2167],[73.4342,23.2798],[73.4958,23.2792],[73.5132,23.2217],[73.5464,23.2196],[73.55,23.15],[73.5767,23.1955],[73.6525,23.2087],[73.6629,23.2441],[73.6979,23.2662],[73.8191,23.2712],[73.8337,23.2858],[73.8332,23.3228],[73.8558,23.3312],[73.8653,23.3116],[73.8633,23.3277],[73.8958,23.3333],[73.9125,23.3083],[73.8955,23.2934],[73.8958,23.2375],[73.9117,23.2368],[73.9295,23.1892],[73.9917,23.1625],[74.0132,23.1009],[74.0667,23.0708],[74.0583,23.05],[74.1589,23.0155],[74.1453,22.9882],[74.1506,22.9343],[74.1699,22.9243],[74.1795,22.8476],[74.2012,22.8369],[74.2375,22.8583],[74.3042,22.9583],[74.375,22.9542],[74.3796,22.9896],[74.3993,23.0089],[74.4458,23.0167],[74.4542,23.0063],[74.4351,22.9379],[74.5375,22.9083],[74.5951,22.9425],[74.5708,23.0042],[74.6146,23.0042],[74.6309,23.0246],[74.6743,23.0339],[74.6991,23.0241],[74.725,22.9833],[74.7783,22.9785],[74.7916,22.9387],[74.8284,22.9117],[74.8417,22.8625],[74.8667,22.8667],[74.925,22.9417],[74.8004,23.0434],[74.7979,23.0912],[74.8271,23.0671],[74.8833,23.075],[74.8257,23.1052],[74.7968,23.1454],[74.9226,23.2205],[74.9583,23.1958],[75.1284,23.2464],[75.1664,23.2406],[75.202,23.2006],[75.25,23.1875],[75.2382,23.2657],[75.2717,23.3283],[75.3782,23.3216],[75.3578,23.3591],[75.3631,23.3939],[75.4021,23.4542],[75.4233,23.4371],[75.4958,23.4292],[75.5036,23.4395],[75.4875,23.55],[75.5163,23.5892],[75.5048,23.623],[75.5465,23.717],[75.516,23.7628],[75.5252,23.7907],[75.5535,23.8011],[75.5379,23.8775],[75.5794,23.9072],[75.5506,23.9302],[75.5545,23.9559],[75.5241,24.02],[75.4875,24.0375],[75.5125,24.0875],[75.4375,24.15],[75.3715,24.2483],[75.3792,24.1667],[75.3542,24.1208],[75.3,24.2375],[75.25,24.2542],[75.2631,24.2927],[75.2513,24.3053],[75.2267,24.2996],[75.2385,24.3145],[75.1991,24.3128],[75.2485,24.3215],[75.2587,24.3434],[75.1917,24.3833],[75.1698,24.4327],[75.0926,24.4754],[75.0619,24.5659],[75.0686,24.5828],[75.1036,24.5939],[75.0855,24.6119],[75.0646,24.6046],[75.034,24.6217],[75.0583,24.6875],[75.015,24.7045],[74.9958,24.6958],[75.0119,24.7509],[75.0574,24.7965],[75.0525,24.8121],[75.0259,24.8077],[74.9771,24.7588],[74.93,24.77],[74.9119,24.7384],[74.8559,24.7045],[74.807,24.788],[74.7923,24.7342],[74.766,24.8366],[74.7493,24.8464],[74.6917,24.8333],[74.6832,24.8699],[74.6466,24.8757],[74.6507,24.9086],[74.6292,24.9375],[74.5601,24.9379],[74.5479,24.95],[74.5333,24.9375],[74.5131,24.9592],[74.5119,25.0022],[74.458,25.0767],[74.4833,25.1396],[74.4583,25.1667],[74.4542,25.2113],[74.4299,25.23],[74.434,25.257],[74.3875,25.2917],[74.4007,25.3408],[74.453,25.3536],[74.4616,25.3825],[74.38,25.4425],[74.3708,25.4833],[74.3917,25.5083],[74.4491,25.5134],[74.4882,25.5949],[74.5535,25.6533],[74.5054,25.6506],[74.4657,25.6244],[74.4256,25.6772],[74.5061,25.7578],[74.5841,25.7494],[74.6366,25.7798],[74.6282,25.8035],[74.5686,25.8047],[74.5417,25.8208],[74.5464,25.8355],[74.5762,25.8714],[74.6066,25.867],[74.6434,25.9038],[74.6996,25.9142],[74.6913,26.0017],[74.7042,26.0417],[74.7371,26.0551],[74.7801,26.116],[74.8327,26.1467],[74.8496,26.1726],[74.8425,26.245],[74.8897,26.2589],[74.9006,26.2866],[74.9039,26.272],[74.9201,26.2758],[74.9729,26.3744],[75.0483,26.3712],[75.0978,26.4119],[75.2233,26.4038],[75.2542,26.3792],[75.3525,26.4045],[75.4542,26.4],[75.4892,26.4371],[75.5542,26.4417],[75.5908,26.4674],[75.6087,26.5225],[75.6042,26.5875],[75.7017,26.5504],[75.7688,26.5538],[75.7947,26.537],[75.8,26.5542],[75.8189,26.5494],[75.8667,26.5083],[75.8762,26.5256],[75.9083,26.525],[75.909,26.5658],[76.0203,26.5895],[76.0542,26.6875],[76.0411,26.7012],[76.0422,26.7564],[76.0708,26.7917],[76.0491,26.8006],[75.9875,26.7333],[75.9676,26.7421],[75.9578,26.8093],[75.9711,26.828],[75.9505,26.8521],[75.95,26.9292],[76.0434,26.958],[76.0575,26.9452],[76.0673,27.0043],[76.0501,27.0221],[76.0541,27.0466],[76.0209,27.0415],[76.0471,27.1191],[76.057,27.087],[76.0416,27.0608],[76.0578,27.0761],[76.0601,27.058],[76.0775,27.0587],[76.1,27.0917],[76.109,27.0717],[76.1741,27.0534],[76.1882,27.0259],[76.2417,27.0125],[76.25,27.0458],[76.2006,27.0843],[76.1828,27.1216],[76.1792,27.1917],[76.2146,27.1875],[76.2458,27.2083],[76.2625,27.1917],[76.2719,27.2131],[76.3333,27.1875],[76.3205,27.285],[76.334,27.3323],[76.3615,27.3589],[76.373,27.3536],[76.4167,27.2875],[76.4417,27.339],[76.4339,27.453],[76.4173,27.4592],[76.4203,27.548],[76.3865,27.6077],[76.2881,27.6978],[76.2828,27.7299],[76.3,27.7458],[76.2741,27.7868],[76.2583,27.7833],[76.2708,27.8083],[76.2375,27.8],[76.2208,27.8333],[76.3047,27.8929],[76.2978,27.9286],[76.3917,27.95],[76.4047,28.0468],[76.3333,28.0667],[76.3292,28.1],[76.3702,28.1343],[76.3875,28.1833],[76.4034,28.184],[76.409,28.2326],[76.4604,28.2662],[76.5618,28.2801],[76.5811,28.3078],[76.6202,28.3217],[76.6208,28.3375],[76.5926,28.3451],[76.6655,28.3628],[76.6792,28.3417],[76.6369,28.4216],[76.6417,28.4583],[76.6651,28.4875],[76.6887,28.4619],[76.7371,28.4865],[76.7667,28.4333],[76.7875,28.4375],[76.8167,28.4083],[76.8603,28.4869],[76.9,28.475],[76.9006,28.4949],[76.945,28.5009],[76.9383,28.5326],[76.9733,28.5504],[77.0,28.5458],[76.9833,28.6125],[77.0021,28.6333],[77.025,28.6333],[77.0007,28.6592],[76.9914,28.7033],[77.0375,28.7096],[77.0327,28.7323],[77.0583,28.7625],[77.0822,28.7497],[77.103,28.7712],[77.1284,28.7411],[77.1467,28.7577],[77.2191,28.7663],[77.2417,28.7333],[77.2701,28.7284],[77.266,28.7045],[77.2917,28.6833],[77.309,28.7116],[77.35,28.7208],[77.3589,28.7949],[77.4066,28.7746],[77.4129,28.7434],[77.4525,28.7246],[77.545,28.7507],[77.5205,28.8517],[77.5333,28.8958],[77.5116,28.9243],[77.4917,28.9208],[77.5006,28.973],[77.5336,28.9759],[77.5244,28.9986],[77.545,29.0212],[77.5422,29.0479],[77.575,29.0833],[77.5961,29.0655],[77.6042,29.025],[77.6458,29.0125],[77.6508,28.9881],[77.6875,28.9875],[77.7042,29.0083],[77.7684,29.0038],[77.8176,29.0618],[77.8714,29.0696],[77.8463,29.0271],[77.8459,28.9765],[77.8756,28.9424],[77.8797,28.8926],[77.8625,28.8583],[77.8767,28.8496],[77.925,28.8833],[77.9583,28.8667],[78.025,28.8875],[78.016,28.9575],[77.9756,28.9978],[77.975,29.0792],[77.9978,29.0547],[78.0651,29.0296],[78.0542,28.9937],[78.1129,28.9475],[78.105,28.9009],[78.1392,28.8879],[78.1604,28.8833],[78.2159,28.9135],[78.2328,28.9396],[78.2131,28.9979],[78.2667,29.0458],[78.275,28.9833],[78.2992,28.9826],[78.305,28.9497],[78.3198,28.9533],[78.3559,28.9212],[78.3993,28.9258],[78.4132,28.9534],[78.445,28.9658],[78.5742,28.8867],[78.5884,28.8592],[78.6175,28.8536],[78.6246,28.8733],[78.5958,28.9208],[78.6417,28.975],[78.6125,29.0792],[78.6628,29.0532],[78.6577,29.0389],[78.6962,28.9886],[78.7131,28.9827],[78.7458,29.0167],[78.7583,28.9083],[78.8167,28.8875],[78.834,28.9093],[78.8291,28.953],[78.8836,28.9926],[78.8799,29.0117],[78.9017,29.033],[78.9042,29.0098],[78.9542,28.9833],[78.9545,29.015],[78.9939,29.0411],[79.0292,28.9708],[79.0533,28.9717],[79.0747,29.0033],[79.0841,28.9633],[79.1125,28.9583],[79.1285,28.9718],[79.1456,29.0822],[79.1625,29.0958],[79.1991,29.0757],[79.2292,29.1],[79.2119,28.9632],[79.2399,28.9087],[79.2914,28.9783],[79.3282,28.9715],[79.377,29.0203],[79.4328,29.0436],[79.525,29.1958],[79.5375,29.2542],[79.5616,29.2467],[79.5792,29.275],[79.6175,29.2384],[79.6717,29.2173],[79.7667,29.2167],[79.8493,29.1449],[79.8542,29.125],[79.8958,29.1375],[79.9909,29.1159],[80.0342,29.0384],[80.0784,29.0164],[80.0816,29.0288],[80.0882,28.9925],[80.102,28.9881],[80.2,29.0792],[80.2292,29.0458],[80.3125,29.0583],[80.475,29.0208],[80.5072,29.0337],[80.5036,29.053],[80.5208,29.0667],[80.5583,29.0792],[80.6121,29.0399],[80.6333,28.9917],[80.6991,28.9869],[80.7441,28.9538],[80.7478,28.8964],[80.825,28.8667],[80.858,28.885],[80.8625,28.9125],[80.9104,28.8833],[80.9608,28.883],[80.9545,28.835],[80.9708,28.8208],[81.1158,28.7744],[81.1467,28.734],[81.2059,28.6962],[81.2511,28.7461],[81.3533,28.7118],[81.3712,28.6226],[81.425,28.5917],[81.4417,28.5542],[81.5079,28.5282],[81.7292,28.3792],[81.7708,28.375],[81.8949,28.3076],[81.9208,28.2667],[81.8884,28.2384],[81.9241,28.2282],[82.0125,28.1542],[82.0208,28.1],[82.1191,28.0705],[82.3559,27.9504],[82.4965,27.9074],[82.4827,27.8712],[82.4924,27.8427],[82.52,27.8592],[82.5311,27.8994],[82.5775,27.9045],[82.7272,27.8953],[82.7625,27.8667],[82.8689,27.8953],[82.8884,27.8714],[82.9744,27.8574],[82.9851,27.8379],[83.099,27.8327],[83.1095,27.8161],[83.1578,27.8116],[83.1954,27.7479],[83.1699,27.7087],[83.1173,27.6783],[83.122,27.6661],[83.1522,27.6714],[83.1955,27.7101],[83.2354,27.7958],[83.265,27.7879],[83.2851,27.8121],[83.3083,27.8125],[83.3083,27.7708],[83.3491,27.766],[83.3698,27.7453],[83.4534,27.7299],[83.4667,27.7542],[83.4715,27.7384],[83.5733,27.7038],[83.6158,27.709],[83.6218,27.7256],[83.8816,27.7163],[83.925,27.7042],[83.9379,27.5767],[83.9708,27.5542],[83.9703,27.6799],[84.0167,27.7057],[83.9958,27.7375],[84.0083,27.7667],[84.05,27.7792],[84.0792,27.7625],[84.1333,27.7708],[84.1583,27.7542],[84.2,27.7667],[84.2009,27.7256],[84.2323,27.716],[84.2625,27.6625],[84.3483,27.6746],[84.3708,27.6417],[84.4667,27.6917],[84.4464,27.6145],[84.5108,27.5621],[84.6983,27.5746],[84.7214,27.5174],[84.7088,27.4854],[84.725,27.4458],[84.7938,27.441],[84.9309,27.367],[84.9991,27.366],[85.0063,27.3546],[85.0917,27.3625],[85.0958,27.3208],[85.1201,27.3157],[85.1632,27.2619],[85.1929,27.2797],[85.2375,27.2583],[85.2875,27.3125],[85.3493,27.2783],[85.3715,27.2176],[85.4199,27.1911],[85.5743,27.2381],[85.6646,27.2327],[85.6937,27.2048],[85.8125,27.1625],[85.8663,27.1975],[85.9103,27.2619],[85.9699,27.2785],[86.0042,27.2333],[86.1005,27.191],[86.1167,27.2042],[86.1491,27.1993],[86.2395,27.1256],[86.2616,27.1408],[86.3167,27.1],[86.348,27.1078],[86.4034,27.0825],[86.4228,27.059],[86.5437,27.0255],[86.5855,27.0286],[86.6042,27.0167],[86.6,26.9792],[86.6226,26.9545],[86.7,26.9375],[86.7507,26.8676],[86.7858,26.858],[86.8483,26.8629],[86.8775,26.8837],[86.9522,26.8786],[86.9729,26.863],[87.0937,26.8708],[87.1583,26.9125],[87.2542,26.8667],[87.2983,26.8746],[87.3667,26.8458],[87.4292,26.8833],[87.475,26.8625],[87.5167,26.8875],[87.5617,26.8868],[87.5676,26.859],[87.5875,26.8583],[87.675,26.8708],[87.6917,26.9125],[87.7816,26.9129],[87.85,26.9458],[87.8417,26.8875],[87.8634,26.8507],[87.8884,26.8453],[87.9074,26.8587],[87.925,26.9125],[88.0,26.8667],[88.0708,26.8958],[88.1208,26.95],[88.1292,26.9833],[88.1816,27.0129],[88.2542,27.0125],[88.2875,26.9958],[88.3017,27.0205],[88.3783,27.0507],[88.4076,27.0797],[88.4661,27.0593],[88.5833,27.125],[88.6104,27.0963],[88.6491,27.1035],[88.6816,27.0795],[88.7125,27.0958],[88.7132,27.1241],[88.7358,27.1371],[88.7708,27.0917],[88.8158,27.0783],[88.8299,27.0133],[88.8576,27.0031],[88.8625,26.95],[88.8845,26.9411],[88.9137,26.9589],[88.9451,26.9549],[88.9718,27.0157],[89.0208,27.0375],[89.0286,26.9049],[89.0342,26.8923],[89.05,26.9],[89.0458,26.8833],[89.0951,26.9006],[89.1616,26.8869],[89.2191,26.8996],[89.2375,26.8875],[89.2728,26.9036],[89.3176,26.8994],[89.3375,26.9208],[89.3493,26.8953],[89.4118,26.9131],[89.4614,26.9039],[89.5108,26.9288],[89.5625,26.8042],[89.6397,26.7828],[89.6708,26.7542],[89.7184,26.7496],[89.7333,26.7667],[89.8167,26.7875],[89.8208,26.8458],[89.8676,26.8119],[89.8882,26.8256],[89.9741,26.7911],[90.0244,26.8051],[90.0408,26.8297],[90.0667,26.825],[90.0577,26.7963],[90.0758,26.7633],[90.1233,26.7413],[90.18,26.6747],[90.1993,26.6801],[90.2083,26.7292],[90.2292,26.6958],[90.2496,26.7059],[90.2422,26.8147],[90.3119,26.9134],[90.3131,26.949],[90.3283,26.9533],[90.4036,26.8939],[90.4173,26.8051],[90.4536,26.7574],[90.4922,26.5853],[90.5667,26.5208],[90.5833,26.55],[90.53,26.5842],[90.5131,26.6186],[90.4962,26.7899],[90.5659,26.8631],[90.5938,26.859],[90.6132,26.8825],[90.6417,26.8875],[90.6917,26.9625],[90.7275,26.9621],[90.7625,26.9292],[90.7994,26.8855],[90.8006,26.8436],[90.8167,26.8292],[90.9542,26.8375],[90.9875,26.825],[91.1108,26.8545],[91.1771,26.8379],[91.2358,26.8496],[91.2476,26.8295],[91.2729,26.825],[91.325,26.8625],[91.4033,26.8325],[91.4536,26.7314],[91.4506,26.6436],[91.4965,26.5924],[91.5009,26.5619],[91.5292,26.5667],[91.5161,26.7064],[91.4951,26.8033],[91.4631,26.8259],[91.4583,26.8583],[91.5108,26.8754],[91.5267,26.8996],[91.5792,26.925],[91.6167,26.8917],[91.6525,26.8913],[91.6733,26.8538],[91.7375,26.8625],[91.7828,26.8853],[91.7911,26.9451],[91.8066,26.958],[91.8246,26.9399],[91.8379,26.8767],[91.8542,26.7],[91.8881,26.6424],[91.8701,26.5467],[91.8463,26.5313],[91.8369,26.4924],[91.8506,26.4676],[91.8256,26.4064],[91.8375,26.375],[91.8994,26.4603],[91.8796,26.5021],[91.9161,26.5384],[91.9297,26.6424],[91.8913,26.8733],[91.8583,26.9458],[91.9024,26.9337],[91.9601,26.9705],[91.9941,26.9663],[92.0434,26.9295],[92.0829,26.9325],[92.105,26.8956],[92.1214,26.9738],[92.1,27.0125],[92.1733,27.042],[92.1934,27.0788],[92.2354,27.0833],[92.2542,27.05],[92.275,27.05],[92.2934,27.0788],[92.3119,27.0811],[92.3217,27.12],[92.3479,27.1088],[92.397,27.1256],[92.4167,27.1208],[92.4122,27.0928],[92.4339,27.0821],[92.4299,27.0592],[92.5252,27.0534],[92.5517,27.0004],[92.6083,26.9917],[92.6241,27.0044],[92.752,26.9381],[92.8149,26.9413],[92.8708,26.9],[92.9103,26.9619],[92.9743,26.9676],[92.9853,27.0119],[93.0441,26.9413],[93.1118,26.9759],[93.1283,27.0535],[93.0936,27.0589],[93.0881,27.0772],[93.1208,27.1167],[93.1608,27.108],[93.2125,27.1208],[93.2746,27.1031],[93.291,27.0786],[93.3159,27.0825],[93.346,27.0363],[93.3375,26.9958],[93.3804,26.9786],[93.4077,26.9967],[93.409,27.0158],[93.4375,27.025],[93.4603,26.9922],[93.4993,27.0047],[93.5316,26.9962],[93.5424,27.0159],[93.7066,27.0629],[93.7542,27.0958],[93.7458,27.1417],[93.8116,27.1674],[93.833,27.2101],[93.8255,27.2438],[93.8506,27.2946],[93.8298,27.3051],[93.8351,27.3246],[93.8792,27.3375],[93.9458,27.2875],[94.01,27.2871],[94.0246,27.3191],[93.9837,27.3684],[93.9788,27.4017],[94.0342,27.4533],[94.0958,27.4792],[94.1667,27.4583],[94.2326,27.4964],[94.2808,27.4834],[94.2596,27.5297],[94.2896,27.4792],[94.325,27.4875],[94.3078,27.551],[94.3375,27.5833],[94.4125,27.5917],[94.4296,27.6365],[94.3897,27.6619],[94.3417,27.6667],[94.3559,27.6871],[94.4741,27.7076],[94.4738,27.6834],[94.4382,27.67],[94.4333,27.6375],[94.4728,27.6006],[94.6208,27.6583],[94.6761,27.6122],[94.691,27.6217],[94.7006,27.7073],[94.725,27.725],[94.7379,27.7816],[94.8189,27.7881],[94.8908,27.8215],[94.8929,27.8506],[94.9042,27.8375],[94.945,27.8509],[95.0116,27.9215],[95.0047,27.9564],[95.0365,27.9921],[95.0385,28.0243],[95.1125,28.0333],[95.2103,28.0786],[95.2436,28.0464],[95.2814,28.0381],[95.37,28.1092],[95.405,28.17],[95.4208,28.1792],[95.4173,28.1103],[95.4465,28.0421],[95.4289,28.0051],[95.4417,27.9958],[95.4255,27.9313],[95.4423,27.8801],[95.4917,27.8583],[95.5208,27.8875],[95.5659,27.8743],[95.5881,27.8466],[95.5757,27.8052],[95.6042,27.7625],[95.5333,27.7542],[95.5493,27.7218],[95.5244,27.6968],[95.5325,27.6744],[95.57,27.6618],[95.5775,27.633],[95.6146,27.6458],[95.6246,27.6358],[95.5382,27.5491],[95.5909,27.4467],[95.5554,27.4464],[95.5413,27.3926],[95.4958,27.3917],[95.5034,27.3675],[95.476,27.3619],[95.4696,27.3369],[95.4438,27.3579],[95.404,27.3612],[95.4077,27.3384],[95.3831,27.3239],[95.3917,27.2792],[95.375,27.2557],[95.4203,27.2103],[95.3838,27.1563],[95.3708,27.1],[95.3228,27.0994],[95.2556,27.0416],[95.228,27.0876],[95.1762,27.0876],[95.159,27.0658],[95.1716,27.0216],[95.1917,27.0095],[95.1833,26.9354],[95.2042,26.9208],[95.1539,26.8804],[95.128,26.8961],[95.0784,26.8964],[95.0667,26.8833],[95.0238,26.9129],[94.9833,26.8875],[94.9869,26.8686],[94.9616,26.8465],[94.9434,26.842],[94.9137,26.8714],[94.898,26.8547],[94.8625,26.8542],[94.8708,26.8708],[94.8507,26.8801],[94.8408,26.9202],[94.7771,26.9454],[94.7458,26.9417],[94.7339,26.8686],[94.7733,26.8621],[94.7879,26.8392],[94.7619,26.7353],[94.7053,26.7038],[94.6581,26.7091],[94.6542,26.7417],[94.5917,26.7458],[94.6042,26.725],[94.5174,26.6616],[94.4897,26.6047],[94.4188,26.6412],[94.3592,26.6464],[94.3038,26.7408],[94.2675,26.7575],[94.2708,26.6958],[94.3125,26.65],[94.3534,26.6325],[94.3668,26.6054],[94.2833,26.5292],[94.2201,26.5589],[94.1333,26.55],[94.1167,26.5333],[94.0519,26.5495],[94.0092,26.5159],[94.0244,26.4717],[93.9833,26.4458],[93.9351,26.4496],[93.8726,26.4045],[93.8341,26.4174],[93.8327,26.4361],[93.8459,26.443],[93.8369,26.5003],[93.8791,26.5388],[93.8576,26.5701],[93.8292,26.575],[93.7871,26.5434],[93.8034,26.43],[93.7239,26.3789],[93.6676,26.3798],[93.6797,26.43],[93.5728,26.4756],[93.5533,26.5202],[93.4395,26.4911],[93.4272,26.4672],[93.3674,26.4493],[93.3667,26.4375],[93.2858,26.458],[93.1688,26.45],[93.0772,26.3964],[93.0333,26.3917],[92.9295,26.2983],[92.925,26.275],[92.9059,26.2754],[92.8886,26.3007],[92.8742,26.2549],[92.8509,26.2491],[92.837,26.2219],[92.8505,26.2094],[92.8458,26.1724],[92.8233,26.1621],[92.798,26.1828],[92.6979,26.1708],[92.6275,26.192],[92.5816,26.1504],[92.5483,26.1538],[92.5331,26.172],[92.5421,26.2157],[92.5245,26.2365],[92.5375,26.2625],[92.5118,26.2578],[92.4521,26.2875],[92.425,26.275],[92.4412,26.2354],[92.4284,26.2052],[92.4035,26.1948],[92.4119,26.177],[92.3824,26.1134],[92.3538,26.1574],[92.2618,26.1756],[92.2458,26.1625],[92.2535,26.1174],[92.1385,26.0661],[92.0743,26.0714],[92.0613,26.0536],[92.0095,26.0751],[91.9396,26.0338],[91.9243,26.0547],[91.875,26.0375],[91.8449,26.0547],[91.7625,26.0042],[91.7191,26.0462],[91.634,25.9824],[91.6283,25.9549],[91.6,25.9625],[91.5673,25.8931],[91.5259,25.8878],[91.5159,25.8632],[91.477,25.8673],[91.4752,25.8949],[91.4508,25.9089],[91.4536,25.9605],[91.4417,25.9708],[91.4712,26.003],[91.458,26.0255],[91.441,26.0236],[91.4409,26.0415],[91.4216,26.0367],[91.4256,25.9968],[91.4133,25.995],[91.3867,25.9091],[91.3392,25.9121],[91.2917,25.8917],[91.3006,25.9466],[91.2831,25.9742],[91.3083,25.9804],[91.299,25.9992],[91.2508,26.0344],[91.254,26.0616],[91.2259,26.0673],[91.2206,26.0452],[91.1792,26.0542],[91.1625,26.025],[91.1825,26.016],[91.1964,25.9613],[91.1786,25.9301],[91.2,25.9083],[91.1994,25.8853],[91.1608,25.8587],[91.1342,25.8743],[91.0451,25.7953],[91.0134,25.8007],[91.0083,25.8375],[90.9716,25.8466],[90.9994,25.9811],[91.0,26.0208],[90.9858,26.033],[90.9632,26.0158],[90.9661,25.9686],[90.9411,25.9426],[90.9494,25.8676],[90.9341,25.8536],[90.9196,25.8714],[90.9,25.8417],[90.8559,25.8587],[90.8542,25.8833],[90.8208,25.8667],[90.7962,25.8892],[90.7858,25.933],[90.7042,25.8667],[90.7003,25.8905],[90.675,25.9042],[90.5708,25.9],[90.5786,25.9593],[90.608,26.0059],[90.5937,26.0333],[90.5366,25.9592],[90.4963,25.9354],[90.4993,25.9051],[90.4708,25.875],[90.4338,25.8965],[90.4135,25.8952],[90.4032,25.8706],[90.3708,25.875],[90.3797,25.9257],[90.3625,25.9542],[90.375,25.9833],[90.1847,26.0381],[90.1744,25.9811],[90.1458,25.9708],[90.1544,25.9009],[90.1354,25.8963],[90.12,25.9201],[90.0583,25.925],[90.0047,25.8938],[90.0741,25.8702],[90.0879,25.8059],[90.0792,25.7542],[89.9397,25.7953],[89.8917,25.775],[89.8908,25.8253],[89.8634,25.8163],[89.8438,25.7714],[89.7708,25.7708],[89.7375,25.7042],[89.75,25.6542],[89.7855,25.6589],[89.8532,25.7172],[89.8868,25.7172],[89.9142,25.6879],[89.9525,25.6913],[89.9726,25.6545],[90.0165,25.649],[90.0216,25.6258],[90.0367,25.6243],[90.0125,25.525],[90.059,25.4841],[90.0392,25.4288],[89.9814,25.4911],[89.9345,25.4956],[89.8855,25.5244],[89.8458,25.5083],[89.8696,25.4915],[89.8836,25.5025],[89.9173,25.4653],[89.9217,25.4256],[89.9949,25.4119],[89.9714,25.3604],[89.984,25.2921],[89.9702,25.2716],[89.9881,25.2466],[89.9715,25.2367],[89.9625,25.1792],[90.0146,25.2542],[90.0525,25.2629],[90.0881,25.2946],[90.0952,25.2259],[90.0827,25.1926],[90.0547,25.1814],[90.05,25.1458],[90.1033,25.1592],[90.1434,25.2455],[90.1501,25.2139],[90.1917,25.1625],[90.2083,25.1833],[90.2534,25.1802],[90.2978,25.2328],[90.3316,25.2337],[90.3458,25.25],[90.3947,25.2461],[90.4286,25.2022],[90.426,25.1548],[90.4865,25.1452],[90.5092,25.0923],[90.5574,25.0785],[90.5667,25.0542],[90.6042,25.0292],[90.663,25.0305],[90.6588,25.0896],[90.6833,25.125],[90.7333,25.1042],[90.7917,25.175],[90.7833,25.1515],[90.8119,25.123],[90.8129,25.0767],[90.8413,25.0399],[90.8417,25.0042],[90.8663,25.0184],[90.8886,25.0836],[90.991,25.08],[90.9958,25.1125],[91.0534,25.0744],[91.0771,25.0995],[91.1022,25.0953],[91.109,25.0676],[91.1387,25.0541],[91.1662,25.0535],[91.1718,25.0669],[91.2197,25.0456],[91.249,25.0535],[91.2618,25.0369],[91.3275,25.0413],[91.347,24.9997],[91.3909,25.0256],[91.4375,25.0208],[91.475,24.9958],[91.5655,25.0631],[91.6167,25.125],[91.625,25.1083],[91.5993,25.0341],[91.5757,25.0326],[91.5411,24.9716],[91.5467,24.93],[91.5826,24.9203],[91.6284,24.9299],[91.6204,24.9572],[91.6453,24.977],[91.6634,25.0327],[91.7199,25.0452],[91.7468,25.0161],[91.7941,25.042],[91.8701,25.0383],[91.8619,25.0655],[91.8958,25.1083],[91.9285,25.1093],[91.95,25.15],[91.9917,25.1417],[91.9267,25.0164],[92.0032,25.0547],[92.0292,25.0208],[92.0855,25.0215],[92.1218,25.0576],[92.1608,25.0621],[92.1744,25.052],[92.1382,24.9926],[92.15,24.9708],[92.2052,24.9494],[92.2378,25.0442],[92.2785,25.0716],[92.2833,25.1208],[92.3365,25.1201],[92.3284,25.0841],[92.291,25.0421],[92.3172,25.0007],[92.3036,24.9799],[92.3083,24.9458],[92.3517,24.9705],[92.3875,24.9708],[92.4161,24.9522],[92.4417,24.9],[92.4865,24.9047],[92.4875,24.925],[92.545,24.9425],[92.5714,24.9824],[92.6272,24.9922],[92.6833,25.0583],[92.725,25.0417],[92.7078,24.9882],[92.7256,24.9738],[92.7426,24.9132],[92.7858,24.9129],[92.8738,24.9502],[92.9047,25.0134],[92.8884,25.0215],[92.875,25.0667],[92.9534,25.0716],[92.9551,25.0881],[93.048,25.1006],[93.1134,25.145],[93.15,25.15],[93.158,25.0892],[93.1417,25.05],[93.1705,25.0316],[93.1708,24.9917],[93.2407,24.9579],[93.25,24.975],[93.2958,24.9833],[93.2744,24.8978],[93.1871,24.7434],[93.1785,24.6134],[93.1339,24.5522],[93.1375,24.5292],[93.1042,24.4542],[93.0608,24.467],[92.9792,24.4333],[92.9917,24.475],[92.9208,24.4958],[92.8882,24.4698],[92.8869,24.4353],[92.8633,24.4243],[92.85,24.3667],[92.8157,24.3423],[92.7625,24.3375],[92.7714,24.3905],[92.7468,24.3913],[92.6744,24.2299],[92.6964,24.1591],[92.675,24.0583],[92.6458,24.0583],[92.6288,24.099],[92.598,24.1161],[92.55,24.1042],[92.5417,24.0375],[92.5191,24.0295],[92.5042,24.0292],[92.5083,24.0708],[92.4667,24.0667],[92.4617,24.0909],[92.4245,24.1048],[92.3965,24.0991],[92.3792,24.0292],[92.3508,24.0341],[92.3149,24.083],[92.2396,24.0995],[92.1958,24.075],[92.1618,24.0923],[92.1298,24.0355],[92.1417,23.9792],[92.0958,23.9792],[92.0824,23.959],[92.0449,23.9714],[92.024,23.9423],[91.9333,23.925],[91.9012,23.9547],[91.7958,23.9125],[91.7929,23.8924],[91.8451,23.8742],[91.875,23.8208],[91.9577,23.8199],[91.975,23.7333],[91.9464,23.7323],[91.9333,23.6875],[91.8967,23.6825],[91.8667,23.65],[91.8333,23.7],[91.7458,23.675],[91.7289,23.7011],[91.742,23.7309],[91.7283,23.7533],[91.7,23.7708],[91.6229,23.7704],[91.572,23.7631],[91.5708,23.7375],[91.4625,23.6583],[91.491,23.6449],[91.4917,23.6],[91.5119,23.5855],[91.5545,23.4351],[91.5839,23.3841],[91.5119,23.3091],[91.5409,23.2784],[91.5462,23.247],[91.5296,23.2146],[91.5792,23.1417],[91.575,23.1208],[91.5134,23.0994],[91.4548,23.0396],[91.445,22.9841],[91.425,22.975],[91.4413,22.9649],[91.4417,22.8958],[91.4132,22.9034],[91.4083,22.8708],[91.4366,22.8368],[91.4292,22.8099],[91.4437,22.7963],[91.4845,22.8214],[91.5292,22.775],[91.5623,22.7926],[91.5579,22.8117],[91.5903,22.8041],[91.6066,22.8163],[91.6659,22.6549],[91.618,22.65],[91.6069,22.616],[91.5884,22.6217],[91.5493,22.6699],[91.4635,22.7171],[91.4413,22.7865],[91.4238,22.7453],[91.3812,22.7829],[91.3667,22.775],[91.3922,22.7634],[91.3855,22.7506],[91.3011,22.7461],[91.2635,22.6953],[91.2375,22.7042],[91.2744,22.6605],[91.284,22.6381],[91.2702,22.6323],[91.2881,22.6283],[91.2657,22.5635],[91.1918,22.5321],[91.1833,22.5208],[91.2071,22.5085],[91.1564,22.4672],[91.1203,22.4679],[91.1354,22.4993],[91.0799,22.4577],[91.0784,22.4954],[91.0639,22.4832],[91.0502,22.5278],[90.9999,22.5737],[90.8873,22.6575],[90.8305,22.6793],[90.7798,22.7646],[90.7746,22.8441],[90.7441,22.8871],[90.7176,22.8796],[90.6464,22.9811],[90.6328,23.0424],[90.6378,23.2197],[90.6176,23.2202],[90.55,23.0555],[90.5965,22.9627],[90.6007,22.9252],[90.5827,22.9089],[90.6132,22.9026],[90.6063,22.884],[90.5785,22.8825],[90.6112,22.8751],[90.6207,22.8882],[90.6786,22.8314],[90.6781,22.7923],[90.6587,22.7892],[90.7045,22.6559],[90.7621,22.6024],[90.7754,22.5434],[90.8712,22.435],[90.842,22.3649],[90.8452,22.2645],[90.8161,22.1228],[90.7009,21.9827],[90.7167,22.0208],[90.6774,21.9962],[90.6208,21.9958],[90.5784,21.884],[90.5383,21.8826],[90.5486,21.8452],[90.5403,21.8576],[90.505,21.8632],[90.5167,21.8861],[90.4952,21.8744],[90.4869,21.9008],[90.5072,21.9082],[90.4999,21.9179],[90.5089,21.9355],[90.5408,21.9633],[90.5369,21.9823],[90.5668,21.9887],[90.5494,21.9967],[90.5958,22.0333],[90.6163,22.0976],[90.6163,22.1809],[90.6746,22.2726],[90.6754,22.385],[90.658,22.4142],[90.6708,22.475],[90.6579,22.5532],[90.6042,22.5625],[90.5992,22.5425],[90.575,22.55],[90.6,22.5208],[90.6052,22.5492],[90.6207,22.5548],[90.659,22.5418],[90.6452,22.5293],[90.6451,22.3745],[90.6333,22.3833],[90.6036,22.2769],[90.5339,22.2064],[90.5244,22.1676],[90.5051,22.1659],[90.4703,22.1103],[90.3389,21.9874],[90.3369,22.0216],[90.3869,22.0853],[90.3799,22.1241],[90.3797,22.0824],[90.3385,22.0538],[90.2618,21.8385],[90.1896,21.7964],[90.0961,21.8219],[90.084,21.8617],[90.1,21.8792],[90.0772,21.8589],[90.0311,21.8714],[90.0203,21.9257],[90.0244,21.9488],[90.0699,21.9714],[90.0881,22.0439],[90.1551,22.116],[90.1924,22.1078],[90.2203,22.1311],[90.2381,22.2007],[90.2167,22.2292],[90.2083,22.3375],[90.2077,22.237],[90.234,22.1909],[90.2034,22.1216],[90.152,22.1202],[90.0844,22.0538],[90.0574,21.9747],[89.9923,22.0011],[89.9828,22.0344],[90.0199,22.0465],[90.0125,22.0625],[89.9842,22.0491],[89.9744,22.0159],[89.9922,21.9618],[89.9689,21.9422],[89.9342,21.9545],[89.9154,22.0208],[89.8925,22.0128],[89.8971,22.0374],[89.9132,22.0336],[89.8952,22.061],[89.909,22.1462],[89.8744,22.2396],[89.8621,22.2327],[89.8494,22.2549],[89.8994,22.3395],[89.8994,22.3781],[89.9739,22.4378],[89.9869,22.4687],[89.9882,22.495],[90.0125,22.4958],[89.9845,22.5006],[89.9788,22.4559],[89.9566,22.4295],[89.8975,22.3871],[89.8792,22.3958],[89.8913,22.3601],[89.842,22.2691],[89.8379,22.2267],[89.8962,22.16],[89.8792,22.0917],[89.8483,22.0629],[89.8042,22.0708],[89.858,22.0358],[89.8788,21.8976],[89.8559,21.8705],[89.8417,21.875],[89.8411,21.8509],[89.7802,21.8286],[89.7698,21.8494],[89.7458,21.8542],[89.7257,21.8286],[89.6926,21.8422],[89.6759,21.8328],[89.666,21.8741],[89.6559,21.8538],[89.6292,21.8708],[89.7047,21.7926],[89.7035,21.7718],[89.6353,21.7506],[89.6078,21.7637],[89.6083,21.8042],[89.5911,21.7632],[89.6125,21.7223],[89.5966,21.7119],[89.5635,21.7131],[89.5464,21.7353],[89.5328,21.7659],[89.5464,21.7929],[89.5286,21.8201],[89.5387,21.8547],[89.5544,21.8554],[89.5381,21.9616],[89.6004,22.1309],[89.5478,22.2078],[89.5839,22.1074],[89.5324,21.9911],[89.5078,22.0219],[89.5339,22.0801],[89.5131,22.1011],[89.4756,22.2176],[89.4912,22.2646],[89.4744,22.3022],[89.4339,22.352],[89.4464,22.4052],[89.4286,22.4855],[89.4083,22.5208],[89.4412,22.3854],[89.4257,22.3468],[89.4797,22.2759],[89.4589,22.202],[89.5214,22.0718],[89.4968,22.0286],[89.4744,22.036],[89.5131,21.9591],[89.5119,21.9135],[89.4535,21.905],[89.4755,21.9033],[89.4535,21.8498],[89.4757,21.7869],[89.4532,21.7551],[89.4159,21.7216],[89.3914,21.7202],[89.3548,21.7562],[89.3452,21.8132],[89.3785,21.877],[89.384,21.9127],[89.3507,22.0145],[89.3667,22.05],[89.3422,22.0272],[89.3547,21.9826],[89.3449,21.9703],[89.2881,22.0561],[89.3047,22.0884],[89.299,22.0952],[89.2619,22.0926],[89.2839,22.148],[89.3203,22.1853],[89.3083,22.2125],[89.3121,22.1809],[89.2795,22.1566],[89.2663,22.11],[89.2458,22.1],[89.2618,22.0828],[89.2964,22.0841],[89.2797,22.052],[89.3631,21.9132],[89.3619,21.8968],[89.325,21.875],[89.3715,21.8795],[89.3369,21.8133],[89.3346,21.7834],[89.3074,21.8506],[89.3035,21.8174],[89.2785,21.8326],[89.2744,21.8747],[89.2952,21.9021],[89.2904,21.9125],[89.2596,21.9125],[89.2355,21.941],[89.2077,21.9535],[89.2458,21.9833],[89.2049,21.9615],[89.2035,21.9492],[89.2175,21.934],[89.2397,21.9327],[89.2501,21.9137],[89.2881,21.9037],[89.2715,21.8813],[89.2672,21.8354],[89.291,21.7897],[89.2789,21.6968],[89.2965,21.6764],[89.2438,21.6506],[89.2051,21.6544],[89.2244,21.7104],[89.1764,21.8051],[89.1918,21.8342],[89.2085,21.9091],[89.17,21.8008],[89.157,21.791],[89.1003,21.8092],[89.0994,21.8688],[89.0785,21.8992],[89.091,22.0063],[89.0464,22.0895],[89.0667,22.125],[89.0217,22.163],[89.0199,22.2032],[88.9674,22.2093],[88.9619,22.2397],[88.95,22.25],[88.9672,22.1728],[88.9759,22.1592],[88.9875,22.1542],[88.9716,22.195],[89.016,22.1993],[89.0174,22.1591],[89.0535,22.1313],[89.0327,22.0918],[89.0798,21.996],[89.0576,21.9239],[89.0632,21.8854],[89.0882,21.861],[89.0798,21.8104],[89.1325,21.7739],[89.1492,21.7297],[89.1088,21.7174],[89.041,21.7849],[89.0577,21.8604],[89.0239,21.9038],[89.0263,21.9249],[89.0151,21.8993],[89.0021,21.9007],[88.9298,21.9396],[88.9257,21.9646],[88.9465,21.9915],[88.934,22.0618],[88.9743,22.0729],[88.9965,22.1332],[88.9875,22.15],[88.9701,22.0759],[88.9244,22.0593],[88.9381,21.9966],[88.9216,21.9786],[88.9047,22.0314],[88.9083,21.9292],[89.0339,21.8635],[89.0214,21.7686],[89.0964,21.6676],[89.0952,21.6343],[89.0674,21.6161],[89.0417,21.6208],[89.0213,21.5994],[88.9592,21.6132],[88.9369,21.645],[88.9548,21.6829],[88.9492,21.6995],[88.9202,21.718],[88.9298,21.737],[88.9208,21.7583],[88.9174,21.7175],[88.9453,21.6896],[88.9242,21.63],[88.8931,21.6459],[88.8702,21.695],[88.8786,21.7563],[88.8341,21.7798],[88.8536,21.8813],[88.8161,21.9245],[88.8536,21.9119],[88.8625,21.9167],[88.8272,21.9369],[88.8,21.9208],[88.8423,21.8918],[88.8215,21.8354],[88.834,21.813],[88.8243,21.7918],[88.8354,21.7673],[88.8673,21.7614],[88.841,21.7127],[88.8618,21.6354],[88.8485,21.616],[88.8077,21.6307],[88.8201,21.6604],[88.8138,21.7069],[88.8002,21.6535],[88.7752,21.6632],[88.7417,21.6583]],[[88.7493,22.0676],[88.75,22.075],[88.7458,22.0667],[88.7493,22.0676]],[[88.7546,22.0762],[88.7512,22.0797],[88.75,22.075],[88.7546,22.0762]],[[88.7155,22.0087],[88.7119,22.0054],[88.7167,22.0042],[88.7155,22.0087]],[[88.475,21.7958],[88.467,21.7991],[88.4675,21.7965],[88.475,21.7958]],[[88.353,21.6879],[88.3494,21.6845],[88.3542,21.6833],[88.353,21.6879]],[[88.1708,21.9167],[88.1741,21.9247],[88.1715,21.9242],[88.1708,21.9167]],[[72.6272,21.2256],[72.618,21.2298],[72.6167,21.225],[72.6272,21.2256]],[[72.7095,21.6496],[72.7131,21.653],[72.7083,21.6542],[72.7095,21.6496]],[[72.3785,22.2199],[72.375,22.2208],[72.3792,22.2125],[72.3785,22.2199]],[[72.3738,22.2254],[72.3703,22.222],[72.375,22.2208],[72.3738,22.2254]],[[90.4587,25.897],[90.4554,25.9006],[90.4542,25.8958],[90.4587,25.897]],[[91.4256,22.8366],[91.425,22.825],[91.4292,22.8375],[91.4256,22.8366]],[[91.1417,22.5],[91.1458,22.5042],[91.1425,22.5033],[91.1417,22.5]],[[91.1458,22.5042],[91.1733,22.5129],[91.1792,22.5208],[91.1507,22.5199],[91.1458,22.5042]],[[90.6572,22.7962],[90.6536,22.7929],[90.6583,22.7917],[90.6572,22.7962]],[[90.7167,22.0208],[90.7208,22.025],[90.7175,22.0241],[90.7167,22.0208]],[[90.7208,22.025],[90.725,22.0292],[90.7217,22.0283],[90.7208,22.025]],[[90.725,22.0292],[90.7283,22.0372],[90.7257,22.0367],[90.725,22.0292]],[[90.6042,22.5625],[90.6,22.5667],[90.6009,22.5634],[90.6042,22.5625]],[[90.6,22.5667],[90.5958,22.5708],[90.5967,22.5675],[90.6,22.5667]],[[90.5947,22.5754],[90.5911,22.572],[90.5958,22.5708],[90.5947,22.5754]],[[90.6007,22.5134],[90.6042,22.5125],[90.6,22.5208],[90.6007,22.5134]],[[90.6115,22.5118],[90.6094,22.4746],[90.6339,22.4905],[90.6115,22.5118]],[[90.6333,22.3833],[90.6292,22.3875],[90.63,22.3842],[90.6333,22.3833]],[[90.6292,22.3875],[90.625,22.3917],[90.6259,22.3884],[90.6292,22.3875]],[[90.625,22.3917],[90.6137,22.4089],[90.6079,22.4071],[90.625,22.3917]],[[89.9012,22.0579],[89.9047,22.0613],[89.9,22.0625],[89.9012,22.0579]],[[89.8405,21.8796],[89.8369,21.8762],[89.8417,21.875],[89.8405,21.8796]],[[89.7452,21.8647],[89.741,21.8555],[89.7458,21.8542],[89.7452,21.8647]],[[89.6292,21.8708],[89.6262,21.8797],[89.6244,21.8721],[89.6292,21.8708]],[[89.6083,21.8042],[89.6042,21.8083],[89.605,21.805],[89.6083,21.8042]],[[89.6033,21.8118],[89.5958,21.8125],[89.6042,21.8083],[89.6033,21.8118]],[[89.5958,21.8125],[89.5917,21.8167],[89.5925,21.8134],[89.5958,21.8125]],[[89.5917,21.8167],[89.5875,21.8208],[89.5884,21.8175],[89.5917,21.8167]],[[89.5875,21.8208],[89.5833,21.825],[89.5842,21.8217],[89.5875,21.8208]],[[89.5824,21.8285],[89.575,21.8292],[89.5833,21.825],[89.5824,21.8285]],[[89.575,21.8292],[89.5708,21.8333],[89.5717,21.83],[89.575,21.8292]],[[89.5642,21.8337],[89.565,21.8413],[89.5583,21.8417],[89.5642,21.8337]],[[89.5572,21.8462],[89.5536,21.8429],[89.5583,21.8417],[89.5572,21.8462]],[[89.325,21.875],[89.3208,21.8708],[89.3241,21.8717],[89.325,21.875]],[[89.3163,21.8697],[89.3196,21.8661],[89.3208,21.8708],[89.3163,21.8697]],[[89.0667,22.125],[89.0708,22.1292],[89.0675,22.1283],[89.0667,22.125]],[[89.0754,22.1303],[89.072,22.1339],[89.0708,22.1292],[89.0754,22.1303]],[[89.025,21.925],[89.0208,21.9292],[89.0217,21.9259],[89.025,21.925]],[[89.0208,21.9292],[89.0167,21.9333],[89.0175,21.93],[89.0208,21.9292]],[[89.0167,21.9333],[89.0125,21.9375],[89.0134,21.9342],[89.0167,21.9333]],[[89.0125,21.9375],[89.0045,21.9408],[89.005,21.9382],[89.0125,21.9375]],[[89.0405,21.6254],[89.0369,21.622],[89.0417,21.6208],[89.0405,21.6254]],[[72.374,22.2618],[72.375,22.2417],[72.3785,22.2426],[72.374,22.2618]],[[72.3704,22.2405],[72.3738,22.2369],[72.375,22.2417],[72.3704,22.2405]],[[72.3667,22.2625],[72.3587,22.2658],[72.3592,22.2632],[72.3667,22.2625]],[[90.5204,22.8905],[90.5238,22.8869],[90.525,22.8917],[90.5204,22.8905]],[[90.5625,22.8917],[90.5538,22.9006],[90.525,22.8917],[90.5625,22.8917]],[[90.5637,22.8871],[90.5672,22.8905],[90.5625,22.8917],[90.5637,22.8871]],[[90.5101,22.883],[90.4962,22.8691],[90.4958,22.8583],[90.5121,22.8725],[90.5101,22.883]],[[90.4958,22.8583],[90.4917,22.8542],[90.495,22.855],[90.4958,22.8583]],[[90.4917,22.8542],[90.4875,22.85],[90.4908,22.8509],[90.4917,22.8542]],[[90.484,22.8491],[90.4833,22.8417],[90.4875,22.85],[90.484,22.8491]],[[90.4833,22.8417],[90.4801,22.8337],[90.4827,22.8342],[90.4833,22.8417]],[[90.5171,22.8845],[90.5137,22.8881],[90.5125,22.8833],[90.5171,22.8845]],[[90.5583,22.7958],[90.5333,22.7917],[90.5387,22.7788],[90.5583,22.7958]],[[90.5322,22.7962],[90.5286,22.7929],[90.5333,22.7917],[90.5322,22.7962]],[[90.5629,22.797],[90.5595,22.8006],[90.5583,22.7958],[90.5629,22.797]],[[88.4,21.8792],[88.3958,21.875],[88.3991,21.8759],[88.4,21.8792]],[[88.4046,21.8803],[88.4012,21.8839],[88.4,21.8792],[88.4046,21.8803]],[[88.3375,21.7042],[88.3417,21.7],[88.3408,21.7033],[88.3375,21.7042]],[[88.3428,21.6954],[88.3464,21.6988],[88.3417,21.7],[88.3428,21.6954]],[[88.3363,21.7087],[88.3328,21.7054],[88.3375,21.7042],[88.3363,21.7087]],[[88.9012,22.1496],[88.9047,22.153],[88.9,22.1542],[88.9012,22.1496]],[[88.8988,22.1587],[88.8953,22.1554],[88.9,22.1542],[88.8988,22.1587]],[[88.9204,22.0947],[88.9238,22.0911],[88.925,22.0958],[88.9204,22.0947]],[[88.925,22.0958],[88.9284,22.112],[88.9257,22.1118],[88.925,22.0958]],[[88.9019,22.0786],[88.8912,22.0635],[88.9042,22.0542],[88.8996,22.0684],[88.9019,22.0786]],[[88.9048,22.0395],[88.909,22.0527],[88.9042,22.0542],[88.9048,22.0395]],[[88.9087,22.0803],[88.9054,22.0839],[88.9042,22.0792],[88.9087,22.0803]],[[89.0833,22.1542],[89.0792,22.15],[89.0825,22.1509],[89.0833,22.1542]],[[89.0746,22.1488],[89.078,22.1453],[89.0792,22.15],[89.0746,22.1488]],[[89.0879,22.1553],[89.0845,22.1589],[89.0833,22.1542],[89.0879,22.1553]],[[89.0913,22.1447],[89.0946,22.1411],[89.0958,22.1458],[89.0913,22.1447]],[[89.1004,22.147],[89.097,22.1506],[89.0958,22.1458],[89.1004,22.147]],[[89.2167,22.0958],[89.2292,22.0833],[89.225,22.1],[89.2167,22.0958]],[[89.2155,22.1004],[89.2119,22.097],[89.2167,22.0958],[89.2155,22.1004]],[[89.4667,22.1417],[89.4634,22.1337],[89.466,22.1342],[89.4667,22.1417]],[[89.4667,22.1417],[89.4756,22.1447],[89.4679,22.1464],[89.4667,22.1417]],[[89.4345,21.9454],[89.4381,21.9488],[89.4333,21.95],[89.4345,21.9454]],[[89.4322,21.9546],[89.4286,21.9512],[89.4333,21.95],[89.4322,21.9546]],[[89.45,21.9417],[89.458,21.9384],[89.4575,21.941],[89.45,21.9417]],[[89.45,21.9417],[89.442,21.9449],[89.4425,21.9423],[89.45,21.9417]],[[89.7176,21.8965],[89.725,21.8958],[89.7167,21.9],[89.7176,21.8965]],[[89.7262,21.8913],[89.7282,21.8932],[89.725,21.8958],[89.7262,21.8913]],[[89.7155,21.9046],[89.7119,21.9012],[89.7167,21.9],[89.7155,21.9046]],[[90.5996,22.4655],[90.603,22.4619],[90.6042,22.4667],[90.5996,22.4655]],[[90.6087,22.4678],[90.6054,22.4714],[90.6042,22.4667],[90.6087,22.4678]],[[90.5913,22.453],[90.5946,22.4494],[90.5958,22.4542],[90.5913,22.453]],[[90.6004,22.4553],[90.597,22.4589],[90.5958,22.4542],[90.6004,22.4553]],[[76.6189,25.2869],[76.5868,25.2703],[76.5625,25.2833],[76.5631,25.2728],[76.5783,25.2494],[76.5947,25.2587],[76.6077,25.2449],[76.6089,25.2135],[76.6458,25.1792],[76.6247,25.2011],[76.666,25.2259],[76.666,25.2396],[76.6189,25.2869]],[[72.3667,22.375],[72.3813,22.3792],[72.4125,22.3542],[72.3858,22.383],[72.3667,22.375]],[[72.3704,22.2308],[72.3746,22.2312],[72.3735,22.2336],[72.3704,22.2308]],[[72.3009,22.1884],[72.3033,22.1908],[72.3,22.1917],[72.3009,22.1884]],[[72.3134,22.1658],[72.3158,22.1634],[72.3167,22.1667],[72.3134,22.1658]],[[72.2583,22.0625],[72.2882,22.0756],[72.299,22.0663],[72.2991,22.1045],[72.2583,22.0625]],[[72.2167,22.0082],[72.2172,22.0085],[72.2167,22.0083],[72.2167,22.0082]],[[72.2071,22.0036],[72.2074,22.0049],[72.2028,22.008],[72.2071,22.0036]],[[72.4829,22.2391],[72.4871,22.2396],[72.486,22.2419],[72.4829,22.2391]],[[72.8384,21.6741],[72.8408,21.6717],[72.8417,21.675],[72.8384,21.6741]],[[72.7009,21.1116],[72.7033,21.1092],[72.7042,21.1125],[72.7009,21.1116]],[[72.7925,21.0592],[72.7958,21.0625],[72.7917,21.0625],[72.7925,21.0592]],[[72.8495,20.7641],[72.8538,20.7646],[72.8527,20.7669],[72.8495,20.7641]],[[91.06,24.0957],[91.0548,24.0693],[91.0151,24.0328],[91.0316,24.0038],[91.0833,24.0083],[91.1125,24.0667],[91.0575,24.1575],[91.0375,24.1708],[91.0031,24.1538],[91.06,24.0957]],[[91.1752,24.0161],[91.1909,24.0377],[91.234,24.0465],[91.2452,24.0719],[91.1721,24.035],[91.1752,24.0161]],[[90.5735,22.8878],[90.5736,22.8833],[90.5746,22.8854],[90.5735,22.8878]],[[90.4547,22.8339],[90.4494,22.8316],[90.4528,22.8292],[90.4547,22.8339]],[[90.4569,22.7708],[90.4534,22.8157],[90.4467,22.8173],[90.4452,22.7915],[90.4569,22.7708]],[[90.5698,22.7994],[90.5868,22.8047],[90.6506,22.8005],[90.6299,22.8089],[90.577,22.8078],[90.5698,22.7994]],[[90.5246,22.7979],[90.5204,22.7975],[90.5236,22.7958],[90.5246,22.7979]],[[90.45,22.7583],[90.5087,22.71],[90.5081,22.5843],[90.5708,22.55],[90.5405,22.6001],[90.5289,22.5967],[90.5168,22.6359],[90.5323,22.6423],[90.5343,22.6287],[90.5743,22.655],[90.566,22.698],[90.5497,22.7033],[90.5616,22.6622],[90.5383,22.6867],[90.5366,22.6593],[90.5174,22.6508],[90.521,22.7054],[90.4871,22.7489],[90.45,22.7583]],[[90.5403,22.7125],[90.5421,22.7427],[90.53,22.7548],[90.5285,22.7248],[90.5403,22.7125]],[[90.5204,22.6766],[90.5246,22.6771],[90.5235,22.6794],[90.5204,22.6766]],[[90.5412,22.6141],[90.5455,22.6146],[90.5443,22.6169],[90.5412,22.6141]],[[90.562,22.6016],[90.5663,22.6021],[90.5652,22.6044],[90.562,22.6016]],[[90.0288,22.5184],[90.0215,22.5701],[90.0167,22.4958],[90.0288,22.5184]],[[90.3691,22.4955],[90.3726,22.4879],[90.375,22.4875],[90.3691,22.4955]],[[90.3577,22.4759],[90.3548,22.4949],[90.3542,22.475],[90.3577,22.4759]],[[89.5726,22.233],[89.5542,22.2125],[89.5871,22.2267],[89.5913,22.2767],[89.633,22.3351],[89.6246,22.3983],[89.5833,22.5083],[89.5881,22.4437],[89.6256,22.3547],[89.5786,22.263],[89.5867,22.2382],[89.5726,22.233]],[[89.5825,22.5158],[89.58,22.5134],[89.5833,22.5125],[89.5825,22.5158]],[[89.5667,22.5583],[89.5757,22.5217],[89.5792,22.5208],[89.5786,22.5355],[89.5667,22.5583]],[[89.4116,22.5259],[89.4092,22.5283],[89.4083,22.525],[89.4116,22.5259]],[[89.4256,22.551],[89.4083,22.5625],[89.4214,22.5507],[89.4125,22.5333],[89.4243,22.5384],[89.4256,22.551]],[[89.5616,22.57],[89.5592,22.5675],[89.5625,22.5667],[89.5616,22.57]],[[90.4495,22.56],[90.4538,22.5604],[90.4527,22.5628],[90.4495,22.56]],[[90.0292,22.575],[90.0375,22.6083],[90.0167,22.6042],[90.0292,22.575]],[[89.5542,22.5792],[89.525,22.6125],[89.5295,22.6017],[89.5542,22.5792]],[[90.4819,22.5792],[90.4701,22.584],[90.466,22.58],[90.4819,22.5792]],[[90.0491,22.6175],[90.0467,22.62],[90.0458,22.6167],[90.0491,22.6175]],[[89.525,22.6208],[89.5216,22.6283],[89.5203,22.622],[89.525,22.6208]],[[90.0509,22.6283],[90.0533,22.6259],[90.0542,22.6292],[90.0509,22.6283]],[[90.0285,22.6342],[90.0257,22.6408],[90.025,22.6333],[90.0285,22.6342]],[[89.525,22.6417],[89.5292,22.6458],[89.5259,22.645],[89.525,22.6417]],[[89.5325,22.655],[89.53,22.6575],[89.5292,22.6542],[89.5325,22.655]],[[89.5333,22.7],[89.5333,22.6875],[89.5381,22.6988],[89.5333,22.7]],[[89.5325,22.7116],[89.53,22.7092],[89.5333,22.7083],[89.5325,22.7116]],[[90.4292,22.7458],[90.425,22.75],[90.4259,22.7467],[90.4292,22.7458]],[[90.4411,22.7605],[90.4375,22.7583],[90.4417,22.7583],[90.4411,22.7605]],[[89.1884,22.3842],[89.1908,22.3866],[89.1875,22.3875],[89.1884,22.3842]],[[89.2083,22.3667],[89.2125,22.3667],[89.2095,22.3714],[89.2083,22.3667]],[[88.9507,22.3574],[88.9535,22.3509],[88.9542,22.3583],[88.9507,22.3574]],[[89.2092,22.3533],[89.2116,22.3509],[89.2125,22.3542],[89.2092,22.3533]],[[89.2634,22.3425],[89.2667,22.3458],[89.2625,22.3458],[89.2634,22.3425]],[[88.95,22.3417],[88.9522,22.3381],[88.9547,22.3405],[88.95,22.3417]],[[88.9,22.3375],[88.9422,22.2966],[88.934,22.2551],[88.9458,22.25],[88.95,22.3125],[88.9316,22.308],[88.9,22.3375]],[[89.2125,22.3292],[89.2167,22.325],[89.2158,22.3283],[89.2125,22.3292]],[[88.95,22.325],[88.9478,22.3286],[88.9453,22.3262],[88.95,22.325]],[[89.267,22.3184],[89.2691,22.3205],[89.2667,22.3208],[89.267,22.3184]],[[89.411,22.3128],[89.4111,22.3083],[89.4121,22.3104],[89.411,22.3128]],[[89.2757,22.3009],[89.2785,22.3074],[89.275,22.3083],[89.2757,22.3009]],[[89.28,22.2925],[89.2825,22.295],[89.2792,22.2958],[89.28,22.2925]],[[89.2595,22.2922],[89.2625,22.2792],[89.2657,22.28],[89.2672,22.2844],[89.2595,22.2922]],[[89.3214,22.2863],[89.3125,22.2708],[89.3201,22.2759],[89.3214,22.2863]],[[89.2458,22.2667],[89.2494,22.2551],[89.25,22.2667],[89.2458,22.2667]],[[89.2925,22.2616],[89.295,22.2592],[89.2958,22.2625],[89.2925,22.2616]],[[89.4119,22.2526],[89.4172,22.2549],[89.4139,22.2589],[89.4119,22.2526]],[[88.6776,22.3212],[88.6792,22.3208],[88.6792,22.3212],[88.6776,22.3212]],[[88.6462,22.2358],[88.655,22.2404],[88.6579,22.2458],[88.6462,22.2358]],[[88.6648,22.2119],[88.663,22.2173],[88.6583,22.2125],[88.6648,22.2119]],[[88.6425,22.2092],[88.6456,22.2092],[88.6419,22.2114],[88.6425,22.2092]],[[88.4759,21.8925],[88.4783,21.895],[88.475,21.8958],[88.4759,21.8925]],[[88.3958,21.8542],[88.4006,21.8655],[88.3958,21.8667],[88.3958,21.8542]],[[88.3917,21.8292],[88.3917,21.8417],[88.3869,21.8304],[88.3917,21.8292]],[[88.3958,21.8167],[88.3958,21.8208],[88.3911,21.8179],[88.3958,21.8167]],[[88.3833,21.7833],[88.3994,21.7968],[88.4006,21.8113],[88.3958,21.8125],[88.3833,21.7833]],[[88.3795,21.7725],[88.3816,21.7746],[88.3792,21.775],[88.3795,21.7725]],[[88.3759,21.7368],[88.3824,21.734],[88.3833,21.7375],[88.3759,21.7368]],[[88.3792,21.7208],[88.3941,21.7205],[88.4,21.7167],[88.3949,21.7243],[88.3792,21.7208]],[[88.2842,21.7134],[88.2866,21.7158],[88.2833,21.7167],[88.2842,21.7134]],[[88.3068,21.7128],[88.3069,21.7083],[88.308,21.7104],[88.3068,21.7128]],[[88.2991,21.7033],[88.2879,21.7059],[88.3125,21.6833],[88.2991,21.7033]],[[88.2162,21.6725],[88.2205,21.6729],[88.2193,21.6753],[88.2162,21.6725]],[[88.412,21.6808],[88.4163,21.6812],[88.4152,21.6836],[88.412,21.6808]],[[88.4162,21.6725],[88.4205,21.6729],[88.4193,21.6753],[88.4162,21.6725]],[[88.4119,21.6609],[88.4172,21.6633],[88.4139,21.6673],[88.4119,21.6609]],[[88.7829,22.1766],[88.7871,22.1771],[88.786,22.1794],[88.7829,22.1766]],[[88.9027,22.1753],[88.9028,22.1708],[88.9038,22.1729],[88.9027,22.1753]],[[88.8913,22.1687],[88.887,22.1683],[88.8903,22.1667],[88.8913,22.1687]],[[88.7955,22.1684],[88.7837,22.1608],[88.7833,22.1583],[88.7955,22.1684]],[[88.7733,22.1462],[88.7767,22.1538],[88.7708,22.1458],[88.7733,22.1462]],[[88.8495,22.1516],[88.8538,22.1521],[88.8527,22.1544],[88.8495,22.1516]],[[88.7592,22.1452],[88.7658,22.1423],[88.7667,22.1458],[88.7592,22.1452]],[[88.9068,22.1419],[88.9069,22.1375],[88.908,22.1396],[88.9068,22.1419]],[[88.7533,22.1384],[88.7509,22.1408],[88.75,22.1375],[88.7533,22.1384]],[[88.7208,22.1068],[88.7413,22.1184],[88.7417,22.1333],[88.7208,22.1068]],[[88.8277,22.1294],[88.8278,22.125],[88.8288,22.1271],[88.8277,22.1294]],[[88.9193,22.1253],[88.9194,22.1208],[88.9205,22.1229],[88.9193,22.1253]],[[88.8153,22.125],[88.8152,22.1294],[88.812,22.1266],[88.8153,22.125]],[[88.7903,22.1083],[88.7866,22.1131],[88.7827,22.1093],[88.7903,22.1083]],[[88.7788,22.1062],[88.7745,22.1058],[88.7778,22.1042],[88.7788,22.1062]],[[88.7755,22.0966],[88.7702,22.0943],[88.7736,22.0917],[88.7755,22.0966]],[[88.708,22.0979],[88.7037,22.0975],[88.7069,22.0958],[88.708,22.0979]],[[88.712,22.1016],[88.7163,22.1021],[88.7152,22.1044],[88.712,22.1016]],[[88.9152,22.0878],[88.9153,22.0833],[88.9163,22.0854],[88.9152,22.0878]],[[88.7611,22.0833],[88.761,22.0878],[88.7579,22.085],[88.7611,22.0833]],[[88.8131,22.0228],[88.8135,22.025],[88.8125,22.025],[88.8131,22.0228]],[[88.8342,22.0217],[88.8373,22.0218],[88.8339,22.0228],[88.8342,22.0217]],[[88.8708,22.0208],[88.8739,22.017],[88.8741,22.02],[88.8708,22.0208]],[[88.7778,21.725],[88.7788,21.7271],[88.7745,21.7266],[88.7778,21.725]],[[88.7922,21.7101],[88.7976,21.7127],[88.7931,21.7131],[88.7922,21.7101]],[[88.7655,21.712],[88.7634,21.7118],[88.7629,21.71],[88.7655,21.712]],[[88.7842,21.7077],[88.7838,21.706],[88.7879,21.708],[88.7842,21.7077]],[[88.7618,21.7008],[88.7579,21.7071],[88.7592,21.7003],[88.7618,21.7008]],[[88.8833,21.9208],[88.8905,21.9161],[88.8917,21.9208],[88.8833,21.9208]],[[88.87,21.9175],[88.8675,21.92],[88.8667,21.9167],[88.87,21.9175]],[[88.9509,21.7798],[88.9574,21.7827],[88.95,21.7833],[88.9509,21.7798]],[[88.9601,21.7705],[88.9566,21.7629],[88.9625,21.7708],[88.9601,21.7705]],[[88.9286,21.7647],[88.925,21.7625],[88.9292,21.7625],[88.9286,21.7647]],[[88.9458,21.7625],[88.9488,21.7578],[88.95,21.7625],[88.9458,21.7625]],[[89.0287,21.6308],[89.033,21.6312],[89.0318,21.6336],[89.0287,21.6308]],[[88.9912,21.9516],[88.9955,21.9521],[88.9943,21.9544],[88.9912,21.9516]],[[88.9954,21.9433],[88.9996,21.9437],[88.9985,21.9461],[88.9954,21.9433]],[[89.4443,22.2461],[89.4444,22.2417],[89.4455,22.2437],[89.4443,22.2461]],[[89.4121,22.2437],[89.4079,22.2433],[89.4111,22.2417],[89.4121,22.2437]],[[89.2458,22.2458],[89.2369,22.2326],[89.2469,22.2172],[89.2833,22.2167],[89.2465,22.2216],[89.2458,22.2458]],[[89.305,22.22],[89.3083,22.2167],[89.3083,22.2208],[89.305,22.22]],[[89.0413,22.2312],[89.037,22.2308],[89.0403,22.2292],[89.0413,22.2312]],[[89.3045,22.2392],[89.3066,22.2413],[89.3042,22.2417],[89.3045,22.2392]],[[89.3092,22.2283],[89.3116,22.2259],[89.3125,22.2292],[89.3092,22.2283]],[[89.0703,22.1899],[89.0756,22.1922],[89.0741,22.1997],[89.0703,22.1899]],[[89.062,22.1641],[89.0663,22.1646],[89.0652,22.1669],[89.062,22.1641]],[[89.0871,22.1396],[89.0829,22.1391],[89.0861,22.1375],[89.0871,22.1396]],[[89.2333,22.1],[89.2375,22.1],[89.2345,22.1047],[89.2333,22.1]],[[89.2337,22.0809],[89.2455,22.0517],[89.2083,22.0],[89.2458,21.9875],[89.2161,22.0095],[89.2495,22.0519],[89.2337,22.0809]],[[89.15,22.0333],[89.1625,21.9958],[89.1691,21.9964],[89.1627,22.0214],[89.15,22.0333]],[[89.1586,22.0501],[89.1559,22.0538],[89.15,22.0458],[89.1586,22.0501]],[[89.1715,22.0684],[89.1717,22.0675],[89.1734,22.0671],[89.1715,22.0684]],[[89.1664,22.0717],[89.1634,22.0717],[89.1667,22.0708],[89.1664,22.0717]],[[89.1568,22.0785],[89.155,22.0759],[89.1583,22.075],[89.1568,22.0785]],[[89.15,22.0833],[89.1489,22.0867],[89.1458,22.0875],[89.15,22.0833]],[[89.1328,21.947],[89.1379,21.9608],[89.1625,21.9875],[89.1384,21.9702],[89.1328,21.947]],[[89.1428,21.9209],[89.1518,21.9199],[89.1375,21.9375],[89.1428,21.9209]],[[89.1661,21.9255],[89.1673,21.9255],[89.1662,21.9256],[89.1661,21.9255]],[[89.1788,21.9166],[89.1907,21.9163],[89.1869,21.9173],[89.1788,21.9166]],[[89.312,21.86],[89.3163,21.8604],[89.3152,21.8628],[89.312,21.86]],[[89.3833,22.1],[89.3816,22.0955],[89.3875,22.0917],[89.3833,22.1]],[[89.3667,22.0542],[89.3756,22.0689],[89.3921,22.0863],[89.3712,22.0691],[89.3667,22.0542]],[[89.4286,22.0151],[89.4339,22.0174],[89.4306,22.0214],[89.4286,22.0151]],[[89.4327,21.9901],[89.438,21.9924],[89.4348,21.9964],[89.4327,21.9901]],[[89.4454,21.9141],[89.4496,21.9146],[89.4485,21.9169],[89.4454,21.9141]],[[89.8827,22.1526],[89.888,22.1549],[89.8848,22.1589],[89.8827,22.1526]],[[89.8167,22.0917],[89.8265,22.096],[89.8375,22.1167],[89.8342,22.1158],[89.8167,22.0917]],[[89.675,22.0542],[89.6908,22.0634],[89.6917,22.0667],[89.6851,22.0663],[89.675,22.0542]],[[89.6754,22.0475],[89.6775,22.0496],[89.675,22.05],[89.6754,22.0475]],[[89.6884,22.0382],[89.6958,22.0375],[89.6875,22.0417],[89.6884,22.0382]],[[89.7,22.0333],[89.6909,22.0009],[89.7033,22.0326],[89.7,22.0333]],[[89.6833,21.9917],[89.6833,21.9333],[89.6911,21.9436],[89.6922,21.9674],[89.6833,21.9917]],[[89.6376,21.9312],[89.6295,21.935],[89.6399,21.9253],[89.6376,21.9312]],[[89.6798,21.9283],[89.6827,21.9217],[89.6833,21.9292],[89.6798,21.9283]],[[89.7277,21.9211],[89.7278,21.9167],[89.7288,21.9187],[89.7277,21.9211]],[[89.7205,21.9146],[89.7162,21.9141],[89.7194,21.9125],[89.7205,21.9146]],[[89.6792,21.9167],[89.6576,21.8994],[89.6467,21.9075],[89.6414,21.897],[89.6566,21.8879],[89.6792,21.9167]],[[89.633,21.8854],[89.6287,21.885],[89.6319,21.8833],[89.633,21.8854]],[[89.575,21.9417],[89.5708,21.9417],[89.5738,21.9369],[89.575,21.9417]],[[89.7402,21.8753],[89.7403,21.8708],[89.7413,21.8729],[89.7402,21.8753]],[[90.3208,22.4667],[90.2994,22.4576],[90.3042,22.45],[90.3208,22.4667]],[[90.175,22.4542],[90.1703,22.4429],[90.175,22.4417],[90.175,22.4542]],[[90.3042,22.4458],[90.2839,22.423],[90.2833,22.4208],[90.2996,22.4309],[90.3042,22.4458]],[[90.1705,22.4267],[90.1629,22.4233],[90.1625,22.4208],[90.1705,22.4267]],[[90.1825,22.4675],[90.18,22.47],[90.1792,22.4667],[90.1825,22.4675]],[[90.3467,22.47],[90.3491,22.4675],[90.35,22.4708],[90.3467,22.47]],[[90.1509,22.4158],[90.1533,22.4134],[90.1542,22.4167],[90.1509,22.4158]],[[90.2708,22.4083],[90.2619,22.3645],[90.2583,22.35],[90.2663,22.3559],[90.2708,22.4083]],[[90.0991,22.3509],[90.0967,22.3533],[90.0958,22.35],[90.0991,22.3509]],[[90.1163,22.3642],[90.1045,22.3566],[90.1042,22.3542],[90.1163,22.3642]],[[90.1283,22.3842],[90.1259,22.3866],[90.125,22.3833],[90.1283,22.3842]],[[90.1371,22.3975],[90.1295,22.3941],[90.1292,22.3917],[90.1371,22.3975]],[[90.2271,22.35],[90.2396,22.3333],[90.2583,22.3458],[90.2271,22.35]],[[90.1006,22.3311],[90.0911,22.3323],[90.1086,22.3178],[90.1006,22.3311]],[[90.1045,22.3017],[90.1118,22.3076],[90.1042,22.3083],[90.1045,22.3017]],[[90.1092,22.2825],[90.1116,22.28],[90.1125,22.2833],[90.1092,22.2825]],[[90.0989,22.2794],[90.0795,22.2608],[90.0721,22.2165],[90.084,22.2605],[90.0989,22.2794]],[[90.0667,22.2167],[90.0267,22.208],[90.0208,22.1917],[90.0259,22.1993],[90.0667,22.2167]],[[89.8663,22.2687],[89.862,22.2683],[89.8653,22.2667],[89.8663,22.2687]],[[90.1037,22.2725],[90.108,22.2729],[90.1068,22.2753],[90.1037,22.2725]],[[90.024,22.0621],[90.0286,22.1259],[90.066,22.1551],[90.0672,22.1676],[90.0534,22.1797],[90.0342,22.1716],[90.0629,22.1595],[90.0161,22.1215],[90.024,22.0621]],[[90.43,22.1866],[90.4325,22.1842],[90.4333,22.1875],[90.43,22.1866]],[[90.4217,22.1825],[90.4241,22.18],[90.425,22.1833],[90.4217,22.1825]],[[90.4006,22.1699],[90.4036,22.1426],[90.4042,22.1708],[90.4006,22.1699]],[[90.1375,21.95],[90.1375,21.9542],[90.1328,21.9512],[90.1375,21.95]],[[90.1208,21.925],[90.1375,21.925],[90.122,21.9297],[90.1208,21.925]],[[90.1167,21.9125],[90.1167,21.9167],[90.1119,21.9137],[90.1167,21.9125]],[[90.1087,21.8941],[90.1121,21.885],[90.1167,21.9],[90.1087,21.8941]],[[90.5079,21.9225],[90.5121,21.9229],[90.511,21.9253],[90.5079,21.9225]],[[90.6453,23.1191],[90.6506,23.1214],[90.6491,23.1288],[90.6453,23.1191]],[[90.73,22.9009],[90.7325,22.9033],[90.7292,22.9042],[90.73,22.9009]],[[90.7342,22.8925],[90.7366,22.895],[90.7333,22.8958],[90.7342,22.8925]],[[91.4217,22.82],[91.4241,22.8175],[91.425,22.8208],[91.4217,22.82]],[[91.4208,22.8],[91.4167,22.8125],[91.4134,22.8117],[91.412,22.8073],[91.4208,22.8]],[[91.3592,22.7759],[91.3616,22.7783],[91.3583,22.7792],[91.3592,22.7759]],[[91.2912,22.7475],[91.2955,22.7479],[91.2943,22.7503],[91.2912,22.7475]],[[91.2259,22.7173],[91.2333,22.7083],[91.2326,22.7157],[91.2259,22.7173]],[[91.2116,22.7158],[91.2092,22.7134],[91.2125,22.7125],[91.2116,22.7158]],[[91.062,22.5058],[91.0663,22.5062],[91.0652,22.5086],[91.062,22.5058]]],[[[86.8028,20.4583],[86.8006,20.4854],[86.8055,20.4965],[86.8131,20.4838],[86.8028,20.4583]]],[[[72.0975,21.2537],[72.0975,21.2554],[72.0988,21.2549],[72.0975,21.2537]]],[[[72.5906,21.3421],[72.5842,21.334],[72.5829,21.3406],[72.5906,21.3421]]],[[[83.8407,20.926],[83.8361,20.9542],[83.85,20.9583],[83.8537,20.9437],[83.8407,20.926]]],[[[72.5862,21.3625],[72.58,21.3581],[72.5794,21.3658],[72.5862,21.3625]]],[[[72.5939,21.3672],[72.5989,21.388],[72.6047,21.3862],[72.5939,21.3672]]],[[[72.6381,21.4093],[72.6194,21.3958],[72.6119,21.3968],[72.6271,21.4203],[72.6381,21.4093]]],[[[89.3506,21.7091],[89.3285,21.6977],[89.3369,21.7215],[89.3506,21.7091]]],[[[90.609,21.7487],[90.5921,21.7406],[90.6014,21.7506],[90.609,21.7487]]],[[[89.7198,21.7546],[89.7133,21.7465],[89.712,21.7531],[89.7198,21.7546]]],[[[90.5965,21.7606],[90.5827,21.7509],[90.5912,21.7631],[90.5965,21.7606]]],[[[90.5644,21.766],[90.5638,21.7584],[90.5593,21.7798],[90.5644,21.766]]],[[[88.8861,21.5458],[88.8298,21.5645],[88.8298,21.6075],[88.8949,21.5824],[88.9078,21.5604],[88.8861,21.5458]]],[[[88.6319,21.6458],[88.6256,21.6605],[88.637,21.6798],[88.641,21.6645],[88.6319,21.6458]]],[[[88.0199,21.5825],[88.0176,21.5674],[88.0142,21.5839],[88.0199,21.5825]]],[[[88.1903,21.5583],[88.1715,21.5687],[88.1674,21.6034],[88.1923,21.5861],[88.1903,21.5583]]],[[[88.7429,21.6536],[88.7741,21.6576],[88.7756,21.6228],[88.8006,21.5988],[88.7897,21.5797],[88.7382,21.5703],[88.7089,21.5811],[88.7172,21.6368],[88.6869,21.6826],[88.697,21.7172],[88.705,21.6884],[88.7429,21.6536]]],[[[88.2048,21.769],[88.191,21.7602],[88.1995,21.7715],[88.2048,21.769]]],[[[90.8153,21.8583],[90.8035,21.8662],[90.8053,21.8756],[90.8242,21.8743],[90.8153,21.8583]]],[[[90.8575,21.9493],[90.8512,21.9454],[90.85,21.95],[90.8575,21.9493]]],[[[90.8342,21.9506],[90.8299,21.97],[90.8491,21.9743],[90.8574,21.955],[90.8342,21.9506]]],[[[90.7736,21.8375],[90.7674,21.8615],[90.7825,21.871],[90.7839,21.8537],[90.7736,21.8375]]],[[[90.7297,21.8071],[90.7202,21.7968],[90.7218,21.809],[90.7297,21.8071]]],[[[90.4797,21.7738],[90.4592,21.7673],[90.4637,21.7839],[90.4797,21.7738]]],[[[90.5744,21.773],[90.5845,21.7922],[90.5964,21.7842],[90.5897,21.7756],[90.5744,21.773]]],[[[90.3923,21.802],[90.3747,21.7883],[90.3873,21.8048],[90.3923,21.802]]],[[[90.3203,21.7979],[90.3119,21.7968],[90.3137,21.8048],[90.3203,21.7979]]],[[[89.8528,21.7958],[89.8383,21.7965],[89.8292,21.8154],[89.8576,21.8201],[89.8528,21.7958]]],[[[84.3917,21.7792],[84.425,21.7542],[84.3882,21.72],[84.4087,21.6725],[84.3983,21.6545],[84.3267,21.642],[84.2759,21.6799],[84.2508,21.7338],[84.2327,21.6853],[84.1958,21.6542],[84.2203,21.6272],[84.2125,21.5812],[84.2417,21.5688],[84.2468,21.4881],[84.2691,21.4587],[84.2837,21.4983],[84.3125,21.5229],[84.2996,21.5358],[84.3087,21.5733],[84.3333,21.5792],[84.3408,21.6006],[84.4105,21.5953],[84.4407,21.5744],[84.4608,21.5996],[84.4958,21.575],[84.4414,21.5114],[84.4408,21.484],[84.4137,21.4705],[84.4172,21.4561],[84.4645,21.3964],[84.5159,21.3909],[84.5678,21.2579],[84.6076,21.2839],[84.6746,21.2608],[84.6157,21.1796],[84.5667,21.15],[84.5667,21.1265],[84.5958,21.1],[84.6436,21.1453],[84.702,21.1619],[84.8816,21.1663],[84.8625,21.0771],[84.7923,21.0158],[84.7917,21.0],[84.8033,20.9925],[84.8493,21.0214],[84.9083,21.0167],[84.9244,20.977],[84.8875,20.9375],[84.9176,20.9035],[84.9417,20.9083],[84.976,20.8702],[85.1566,20.8288],[85.1809,20.792],[85.2282,20.7869],[85.3292,20.8167],[85.3103,20.7464],[85.345,20.7507],[85.3867,20.7965],[85.4199,20.7878],[85.4174,20.7591],[85.4458,20.7375],[85.507,20.7535],[85.55,20.7917],[85.6313,20.7912],[85.7368,20.7284],[85.7538,20.6744],[85.8167,20.6792],[85.8603,20.716],[85.8867,20.7174],[85.8872,20.7739],[86.0208,20.775],[86.0618,20.8048],[86.125,20.7875],[86.1417,20.8208],[86.2408,20.791],[86.2583,20.7625],[86.2983,20.758],[86.3184,20.7337],[86.3458,20.75],[86.3422,20.7772],[86.3583,20.7917],[86.3799,20.7677],[86.4896,20.7172],[86.5787,20.7465],[86.6333,20.725],[86.6939,20.7286],[86.7616,20.6922],[86.7376,20.6755],[86.6816,20.7038],[86.6114,20.6972],[86.6398,20.6858],[86.6822,20.6971],[86.737,20.657],[86.6631,20.634],[86.6785,20.6255],[86.6714,20.6061],[86.6163,20.6062],[86.6236,20.5774],[86.6071,20.5689],[86.5941,20.5981],[86.5708,20.5972],[86.5786,20.6132],[86.5709,20.6213],[86.5453,20.6045],[86.5735,20.6142],[86.5687,20.5903],[86.5936,20.5955],[86.5995,20.5667],[86.6156,20.5653],[86.6354,20.5815],[86.6214,20.6036],[86.6703,20.6006],[86.6823,20.6312],[86.7295,20.6514],[86.6994,20.5716],[86.7081,20.5303],[86.758,20.5066],[86.7333,20.4083],[86.7923,20.3806],[86.7951,20.4323],[86.7966,20.3785],[86.8008,20.4252],[86.8173,20.4126],[86.8075,20.3717],[86.7604,20.3215],[86.7135,20.299],[86.7214,20.2847],[86.5424,20.1866],[86.4292,20.05],[86.3999,19.9853],[86.4206,19.9808],[86.4106,19.9807],[86.3676,19.9645],[86.3424,19.9846],[86.329,19.9815],[86.3741,19.9506],[86.1355,19.8672],[85.9145,19.8203],[85.6728,19.7411],[85.3686,19.5953],[85.1173,19.4241],[85.0878,19.3714],[84.9259,19.2699],[84.8125,19.1583],[84.8061,19.1214],[84.7695,19.097],[84.7626,19.0716],[84.7208,19.0667],[84.7017,19.033],[84.6896,19.0417],[84.6559,19.0212],[84.5741,19.1047],[84.4855,19.0547],[84.45,19.0667],[84.4159,19.0578],[84.4042,19.0667],[84.4204,19.1063],[84.4078,19.1299],[84.4292,19.175],[84.4131,19.2105],[84.517,19.31],[84.492,19.335],[84.4962,19.3475],[84.4875,19.3542],[84.4867,19.366],[84.3993,19.3703],[84.3625,19.4],[84.3453,19.4615],[84.3617,19.5076],[84.342,19.5184],[84.3369,19.5507],[84.3837,19.6316],[84.4205,19.66],[84.4375,19.725],[84.4667,19.7292],[84.4425,19.7509],[84.433,19.7941],[84.442,19.8483],[84.4583,19.8625],[84.4417,19.8917],[84.459,19.9408],[84.5202,19.9843],[84.5333,20.0542],[84.5667,20.0542],[84.5621,20.0725],[84.6311,20.1244],[84.6417,20.125],[84.6462,20.0809],[84.6295,20.0101],[84.6375,19.9875],[84.6617,19.9882],[84.6792,20.0292],[84.6542,20.125],[84.6619,20.1924],[84.7101,20.2496],[84.7292,20.25],[84.7375,20.2861],[84.6965,20.3091],[84.6958,20.3458],[84.6542,20.375],[84.687,20.4271],[84.6792,20.4375],[84.6514,20.4244],[84.637,20.4381],[84.6162,20.4327],[84.5991,20.4544],[84.5645,20.4506],[84.5206,20.4845],[84.5413,20.5142],[84.516,20.5299],[84.5369,20.5562],[84.5381,20.5949],[84.4754,20.6559],[84.4669,20.728],[84.451,20.724],[84.408,20.6385],[84.3716,20.6365],[84.366,20.5966],[84.3292,20.5917],[84.325,20.6292],[84.2875,20.6792],[84.25,20.7083],[84.1909,20.7078],[84.1712,20.7309],[84.1792,20.8042],[84.1575,20.8325],[84.0458,20.8667],[84.0158,20.916],[83.9632,20.9509],[83.9422,21.0061],[83.9621,21.0434],[83.95,21.0708],[83.9201,21.0619],[83.8771,21.0917],[83.8566,21.083],[83.8458,21.1],[83.8186,21.0922],[83.7716,21.1172],[83.6583,21.0958],[83.65,21.1333],[83.5478,21.0964],[83.4458,21.1792],[83.4458,21.2125],[83.4177,21.2257],[83.4074,21.266],[83.3333,21.3167],[83.25,21.3083],[83.2363,21.2744],[83.2092,21.2784],[83.1771,21.234],[83.1346,21.2207],[83.0583,21.3125],[82.9842,21.3134],[82.9382,21.3717],[82.9333,21.4],[82.8839,21.4478],[82.8867,21.4743],[82.8467,21.4675],[82.7991,21.5116],[82.7583,21.4917],[82.6708,21.5333],[82.6619,21.4885],[82.6292,21.4583],[82.5949,21.4672],[82.5583,21.425],[82.5091,21.4341],[82.4792,21.4708],[82.4964,21.4946],[82.4549,21.5009],[82.4458,21.5583],[82.4316,21.5538],[82.4108,21.5788],[82.3563,21.5958],[82.3191,21.5754],[82.2642,21.5788],[82.2274,21.5504],[82.1726,21.5496],[82.15,21.5083],[82.1108,21.4955],[82.1211,21.5655],[82.0375,21.5958],[82.0199,21.5632],[81.9339,21.5074],[81.9327,21.4509],[81.8934,21.4379],[81.8691,21.4621],[81.825,21.4667],[81.7833,21.5667],[81.8208,21.6375],[81.7923,21.6634],[81.7837,21.7108],[81.8004,21.7608],[81.8453,21.8061],[81.8503,21.8489],[81.8259,21.8672],[81.8042,21.925],[81.8616,21.9509],[81.8708,22.0042],[81.9061,21.9881],[81.9961,21.9842],[81.9828,22.0466],[82.0047,22.0926],[81.9708,22.1688],[81.9913,22.1656],[82.0091,22.1382],[82.0458,22.15],[82.0203,22.2341],[82.0208,22.3],[82.0667,22.2958],[82.0958,22.2125],[82.125,22.2208],[82.142,22.1934],[82.1601,22.1254],[82.2417,22.1292],[82.2333,22.1646],[82.2625,22.2146],[82.2625,22.2521],[82.2868,22.2714],[82.4032,22.2452],[82.4646,22.1671],[82.5,22.1708],[82.5292,22.2167],[82.5895,22.159],[82.6917,22.1583],[82.7678,22.1206],[82.8146,22.1333],[82.8246,22.1142],[82.7958,22.0625],[82.8048,22.0176],[82.8292,21.9917],[82.9417,21.9833],[82.9333,21.95],[82.9784,21.9672],[83.0366,21.9549],[83.0991,21.9882],[83.1,22.0417],[83.1524,22.0621],[83.2105,22.0453],[83.2701,21.9911],[83.348,21.9744],[83.355,21.9466],[83.4028,21.9119],[83.3871,22.0017],[83.4125,22.0583],[83.4417,22.0375],[83.4741,22.0452],[83.4979,22.0296],[83.5689,22.0422],[83.6208,22.075],[83.6792,22.0208],[83.6801,21.9965],[83.7042,21.9917],[83.7048,21.9634],[83.75,21.9167],[83.8125,21.9125],[83.8126,21.8932],[83.8551,21.8506],[83.8958,21.8542],[83.9458,21.889],[83.9417,21.9042],[83.9775,21.8746],[84.0397,21.8672],[84.0756,21.9157],[84.1083,21.9292],[84.1229,21.913],[84.1542,21.9167],[84.1883,21.8757],[84.2316,21.8538],[84.2833,21.8458],[84.2922,21.8657],[84.3483,21.883],[84.3917,21.7792]],[[86.6749,20.3256],[86.6741,20.3286],[86.6681,20.3288],[86.6749,20.3256]],[[86.6819,20.312],[86.6869,20.3105],[86.6835,20.3142],[86.6819,20.312]],[[86.6879,20.3017],[86.69,20.3038],[86.6875,20.3042],[86.6879,20.3017]],[[86.5647,20.209],[86.5648,20.2087],[86.5662,20.2101],[86.5647,20.209]],[[86.5366,20.1968],[86.5408,20.1994],[86.5405,20.2004],[86.5366,20.1968]],[[86.515,20.1794],[86.5176,20.1822],[86.5145,20.1795],[86.515,20.1794]],[[86.4161,20.0359],[86.4214,20.0383],[86.4181,20.0423],[86.4161,20.0359]],[[86.3124,20.0375],[86.3152,20.0344],[86.3172,20.0363],[86.3124,20.0375]],[[86.2464,20.027],[86.2492,20.026],[86.2464,20.0271],[86.2464,20.027]],[[86.2994,20.023],[86.3058,20.0207],[86.2986,20.0241],[86.2994,20.023]],[[86.2783,20.0217],[86.275,20.021],[86.275,20.0208],[86.2783,20.0217]],[[86.259,20.0222],[86.259,20.0217],[86.262,20.021],[86.259,20.0222]],[[85.9172,19.9008],[85.8628,19.8672],[85.8867,19.8356],[85.9386,19.8508],[85.9172,19.9008]],[[85.0701,19.3723],[85.0786,19.3732],[85.0807,19.3755],[85.0701,19.3723]],[[84.7881,19.1189],[84.7921,19.1169],[84.7942,19.1246],[84.7881,19.1189]]],[[[84.3913,21.7858],[84.4125,21.8167],[84.4215,21.8158],[84.4201,21.7927],[84.3913,21.7858]]],[[[88.1299,21.6244],[88.0464,21.6426],[88.0328,21.6743],[88.0714,21.7814],[88.1324,21.8797],[88.1756,21.8135],[88.1756,21.7549],[88.1578,21.652],[88.1299,21.6244]]],[[[88.1881,21.7925],[88.1785,21.7862],[88.1801,21.8006],[88.1881,21.7925]]],[[[88.1881,21.8215],[88.1744,21.8243],[88.1766,21.8298],[88.1881,21.8215]]],[[[90.4536,21.8069],[90.4672,21.8135],[90.4613,21.7995],[90.4536,21.8069]]],[[[90.4406,21.8171],[90.4342,21.809],[90.4329,21.8156],[90.4406,21.8171]]],[[[90.4508,21.8215],[90.4571,21.8254],[90.4583,21.8208],[90.4508,21.8215]]],[[[90.3944,21.8167],[90.3927,21.834],[90.4048,21.8323],[90.4035,21.827],[90.3944,21.8167]]],[[[90.4248,21.8318],[90.4122,21.8176],[90.4241,21.8376],[90.4248,21.8318]]],[[[90.4653,21.8292],[90.4577,21.8301],[90.4616,21.834],[90.4653,21.8292]]],[[[72.2446,21.9252],[72.2297,21.9353],[72.2289,21.9413],[72.2446,21.9252]]],[[[72.3611,21.925],[72.3466,21.9257],[72.351,21.9465],[72.3576,21.9449],[72.3611,21.925]]],[[[89.8922,21.9631],[89.8869,21.9607],[89.8908,21.9705],[89.8922,21.9631]]],[[[90.3322,21.963],[90.3302,21.9495],[90.3245,21.9556],[90.3322,21.963]]],[[[72.5592,21.8339],[72.5784,21.8464],[72.5827,21.8448],[72.5792,21.8333],[72.5592,21.8339]]],[[[90.7339,21.8466],[90.7286,21.8443],[90.7306,21.8506],[90.7339,21.8466]]],[[[90.5297,21.8561],[90.5161,21.8487],[90.5297,21.8322],[90.5193,21.8215],[90.4926,21.8078],[90.4745,21.8156],[90.4936,21.8578],[90.5297,21.8561]]],[[[90.4756,21.8655],[90.4521,21.834],[90.4285,21.8357],[90.452,21.8619],[90.4756,21.8655]]],[[[90.3783,21.8492],[90.3676,21.8381],[90.3625,21.8443],[90.3783,21.8492]]],[[[90.2986,21.85],[90.2924,21.8382],[90.2911,21.8491],[90.2986,21.85]]],[[[89.8611,21.8292],[89.8494,21.8451],[89.8507,21.8617],[89.8703,21.8438],[89.8611,21.8292]]],[[[88.6451,21.7883],[88.5883,21.7965],[88.5756,21.8313],[88.6438,21.9244],[88.6715,21.9156],[88.6451,21.7883]]],[[[88.5792,21.8792],[88.5866,21.8619],[88.5799,21.8635],[88.5792,21.8792]]],[[[90.4278,21.8583],[90.4202,21.8593],[90.4241,21.8631],[90.4278,21.8583]]],[[[90.6199,21.8671],[90.6069,21.8458],[90.5916,21.8569],[90.6199,21.8671]]],[[[90.5611,21.8667],[90.5535,21.8727],[90.5669,21.874],[90.5611,21.8667]]],[[[90.6281,21.8795],[90.6175,21.8715],[90.617,21.874],[90.6281,21.8795]]],[[[88.1465,21.9174],[88.1398,21.891],[88.1134,21.9074],[88.1035,21.8843],[88.1048,21.9075],[88.1242,21.9298],[88.1465,21.9174]]],[[[90.7361,21.8583],[90.718,21.8588],[90.7088,21.8815],[90.7298,21.9238],[90.7528,21.9287],[90.762,21.906],[90.7361,21.8583]]],[[[90.6278,21.8875],[90.6085,21.8932],[90.6257,21.97],[90.7034,21.9785],[90.6739,21.9171],[90.6278,21.8875]]],[[[72.4229,22.2033],[72.4154,22.205],[72.4175,22.2079],[72.4229,22.2033]]],[[[89.5797,22.2321],[89.578,22.2244],[89.575,22.2333],[89.5797,22.2321]]],[[[90.6153,22.2583],[90.6298,22.3438],[90.6493,22.3534],[90.6535,22.2885],[90.6153,22.2583]]],[[[89.8792,22.0917],[89.8868,22.0716],[89.8675,22.058],[89.8792,22.0917]]],[[[90.4972,22.1371],[90.5125,22.1542],[90.5118,22.1382],[90.4972,22.1371]]],[[[90.8285,21.9895],[90.8077,21.98],[90.8243,22.0007],[90.8285,21.9895]]],[[[89.9002,21.9929],[89.8786,21.9935],[89.8992,21.9993],[89.9002,21.9929]]],[[[89.9137,22.0089],[89.9136,22.0006],[89.908,22.0071],[89.9137,22.0089]]],[[[90.8589,21.9903],[90.8467,21.9798],[90.8531,21.9922],[90.8589,21.9903]]],[[[90.8661,22.0021],[90.8577,22.0009],[90.8596,22.009],[90.8661,22.0021]]],[[[90.8444,21.9917],[90.8327,22.0079],[90.8412,22.0215],[90.8506,22.0197],[90.8444,21.9917]]],[[[90.8073,22.0463],[90.8008,22.0382],[90.7995,22.0448],[90.8073,22.0463]]],[[[90.5125,22.1542],[90.5256,22.1615],[90.5241,22.1452],[90.5125,22.1542]]],[[[90.8547,22.1799],[90.8494,22.1776],[90.8514,22.1839],[90.8547,22.1799]]],[[[90.838,22.1799],[90.8327,22.1776],[90.8348,22.1839],[90.838,22.1799]]]]}}