{"type":"Feature","properties":{"speciesId":431,"category":"EN","source":"IUCN Red List","simplifyTol":0.01,"clippedToSubcontinent":true},"geometry":{"type":"MultiPolygon","coordinates":[[[[71.5792,33.425],[71.5792,33.4375],[71.5833,33.425],[71.5792,33.425]]],[[[66.613,24.8971],[66.5958,24.8982],[66.6029,24.9046],[66.613,24.8971]]],[[[66.5562,25.4275],[66.5537,25.4284],[66.5558,25.4296],[66.5562,25.4275]]],[[[66.3656,25.5505],[66.3592,25.5424],[66.3579,25.5489],[66.3656,25.5505]]],[[[69.3203,26.1929],[69.3238,26.1962],[69.325,26.1917],[69.3203,26.1929]]],[[[67.1528,24.7333],[67.116,24.743],[67.1176,24.7548],[67.1355,24.7535],[67.1528,24.7333]]],[[[94.2458,25.225],[94.275,25.2375],[94.2955,25.2142],[94.2462,25.1316],[94.1993,24.9929],[94.1677,24.9965],[94.1583,24.9792],[94.1504,24.9476],[94.175,24.9417],[94.1417,24.8563],[94.1375,24.7764],[94.1206,24.7699],[94.1243,24.705],[94.0583,24.6833],[94.059,24.6633],[94.0993,24.6449],[94.1134,24.6049],[94.1782,24.5657],[94.1994,24.5355],[94.1952,24.5134],[94.173,24.4922],[94.0979,24.488],[94.0424,24.5117],[94.0083,24.4417],[93.9715,24.4449],[93.9625,24.3667],[93.916,24.2995],[93.9208,24.2625],[93.897,24.2839],[93.875,24.2708],[93.8542,24.2792],[93.8165,24.3363],[93.7717,24.3465],[93.7564,24.3703],[93.7197,24.3456],[93.6811,24.3547],[93.6506,24.4314],[93.6758,24.4993],[93.6991,24.5044],[93.7089,24.5345],[93.6994,24.6201],[93.7288,24.6642],[93.725,24.7458],[93.7704,24.8562],[93.7581,24.9114],[93.795,24.955],[93.7913,25.01],[93.8535,25.0301],[93.8667,25.0625],[93.9032,25.0797],[93.9491,25.0675],[93.9673,25.1074],[93.9908,25.1175],[94.0,25.1625],[94.0381,25.1449],[94.0299,25.1049],[94.0792,25.0875],[94.1083,25.1208],[94.1208,25.075],[94.1297,25.1064],[94.2033,25.1798],[94.2333,25.25],[94.2458,25.225]]],[[[67.3006,24.3256],[67.2913,24.3274],[67.299,24.3337],[67.3006,24.3256]]],[[[67.2444,24.5042],[67.2369,24.5107],[67.2425,24.5131],[67.2444,24.5042]]],[[[68.0778,23.7035],[68.0535,23.7245],[68.0786,23.7563],[68.0841,23.8074],[68.1103,23.8285],[68.1872,23.8407],[68.1952,23.777],[68.1606,23.7035],[68.1302,23.7048],[68.1195,23.7215],[68.1117,23.7091],[68.0778,23.7035]],[[68.078,23.7129],[68.0744,23.7095],[68.0792,23.7083],[68.078,23.7129]],[[68.1038,23.7146],[68.0995,23.7141],[68.1028,23.7125],[68.1038,23.7146]]],[[[90.7486,22.8167],[90.7369,22.8286],[90.7386,22.8381],[90.7585,22.8262],[90.7486,22.8167]]],[[[90.613,22.9216],[90.6077,22.9193],[90.6098,22.9256],[90.613,22.9216]]],[[[90.6369,22.9367],[90.6506,22.9353],[90.6545,22.9301],[90.6369,22.9367]]],[[[90.641,22.9532],[90.6257,22.9426],[90.6161,22.9694],[90.641,22.9532]]],[[[90.6047,22.9988],[90.5952,22.9884],[90.5968,23.0006],[90.6047,22.9988]]],[[[85.8417,23.2417],[85.8285,23.2491],[85.825,23.2542],[85.8417,23.2417]]],[[[67.9992,23.7659],[67.9926,23.7548],[67.9891,23.7673],[67.9992,23.7659]]],[[[68.609,23.8111],[68.5924,23.7965],[68.5935,23.8173],[68.609,23.8111]]],[[[68.4529,23.7286],[68.4453,23.7303],[68.4542,23.7333],[68.4529,23.7286]]],[[[67.7667,23.8292],[67.7625,23.822],[67.7581,23.8283],[67.7667,23.8292]]],[[[67.4266,23.9646],[67.425,23.9521],[67.4138,23.9608],[67.4266,23.9646]]],[[[67.4406,23.9755],[67.4342,23.9674],[67.4329,23.9739],[67.4406,23.9755]]],[[[67.3278,24.2042],[67.316,24.205],[67.3175,24.2382],[67.3293,24.2263],[67.3278,24.2042]]],[[[89.5797,22.2321],[89.578,22.2244],[89.575,22.2333],[89.5797,22.2321]]],[[[90.908,22.2896],[90.9037,22.2891],[90.9068,22.2919],[90.908,22.2896]]],[[[90.8086,22.6406],[90.8009,22.6455],[90.8074,22.6503],[90.8086,22.6406]]],[[[90.8361,22.6292],[90.8285,22.6301],[90.8324,22.634],[90.8361,22.6292]]],[[[91.5319,22.3833],[91.4797,22.3926],[91.4214,22.4978],[91.4047,22.5855],[91.4409,22.6172],[91.47,22.6075],[91.5661,22.4689],[91.5744,22.4103],[91.5319,22.3833]]],[[[90.8903,22.4917],[90.8759,22.4968],[90.866,22.5055],[90.8909,22.5076],[90.8903,22.4917]]],[[[91.2819,22.4958],[91.2618,22.5078],[91.2673,22.523],[91.2804,22.5499],[91.3158,22.5658],[91.3215,22.5502],[91.2819,22.4958]]],[[[90.9911,22.5396],[90.9827,22.5361],[90.9844,22.5465],[90.9911,22.5396]]],[[[90.8533,22.5923],[90.9241,22.5741],[90.9785,22.5272],[90.9867,22.5008],[90.927,22.4881],[90.8369,22.5658],[90.8533,22.5923]]],[[[91.3903,22.6042],[91.3301,22.6299],[91.3048,22.6603],[91.302,22.7202],[91.3538,22.7156],[91.3999,22.6697],[91.409,22.6546],[91.3903,22.6042]]],[[[91.2944,22.425],[91.2801,22.4256],[91.2678,22.4498],[91.2824,22.4534],[91.2944,22.425]]],[[[91.2994,22.3938],[91.291,22.3926],[91.2929,22.4006],[91.2994,22.3938]]],[[[91.2653,22.4],[91.2411,22.4157],[91.247,22.4381],[91.2714,22.43],[91.2653,22.4]]],[[[90.6153,22.2583],[90.6298,22.3438],[90.6493,22.3534],[90.6535,22.2885],[90.6153,22.2583]]],[[[90.9194,22.2917],[90.9048,22.3021],[90.9321,22.3583],[90.941,22.3354],[90.9194,22.2917]]],[[[90.6333,22.3708],[90.6405,22.3625],[90.6341,22.3581],[90.6333,22.3708]]],[[[90.6569,22.3542],[90.6549,22.3868],[90.6659,22.3874],[90.6673,22.364],[90.6569,22.3542]]],[[[90.8847,22.4],[90.8861,22.3333],[90.876,22.3631],[90.858,22.3467],[90.8847,22.4]]],[[[91.0393,22.3753],[91.059,22.3715],[91.0576,22.3466],[91.0299,22.3341],[91.0006,22.3729],[90.9882,22.4575],[91.023,22.4619],[91.0548,22.4382],[91.0393,22.3753]]],[[[90.9778,22.3708],[90.9493,22.3827],[90.9577,22.4188],[90.9452,22.4373],[90.9664,22.4507],[90.9882,22.411],[90.9778,22.3708]]],[[[90.8895,22.1119],[90.8789,22.1092],[90.966,22.2854],[90.966,22.3486],[90.9837,22.3548],[91.0048,22.2788],[90.991,22.1979],[90.9243,22.0716],[90.908,22.0702],[90.8947,22.0914],[90.8848,22.0785],[90.8895,22.1119]],[[90.8962,22.1137],[90.8929,22.1172],[90.8917,22.1125],[90.8962,22.1137]]],[[[89.8792,22.0917],[89.8868,22.0716],[89.8675,22.058],[89.8792,22.0917]]],[[[91.1547,22.1341],[91.1494,22.1318],[91.1514,22.1381],[91.1547,22.1341]]],[[[90.8944,22.0458],[90.8744,22.0576],[90.887,22.0756],[90.9006,22.0671],[90.8944,22.0458]]],[[[90.4972,22.1371],[90.5125,22.1542],[90.5118,22.1382],[90.4972,22.1371]]],[[[90.8073,22.0463],[90.8008,22.0382],[90.7995,22.0448],[90.8073,22.0463]]],[[[90.5125,22.1542],[90.5256,22.1615],[90.5241,22.1452],[90.5125,22.1542]]],[[[90.8986,22.2208],[90.8912,22.2299],[90.9013,22.2756],[90.912,22.2604],[90.8986,22.2208]]],[[[90.838,22.1799],[90.8327,22.1776],[90.8348,22.1839],[90.838,22.1799]]],[[[91.0042,22.1542],[91.0076,22.1426],[91.0011,22.1371],[91.0042,22.1542]]],[[[91.0042,22.1542],[90.9971,22.1631],[91.0034,22.1615],[91.0042,22.1542]]],[[[90.8547,22.1799],[90.8494,22.1776],[90.8514,22.1839],[90.8547,22.1799]]],[[[90.9319,22.2417],[90.9206,22.2471],[90.9354,22.2912],[90.9464,22.2863],[90.9319,22.2417]]],[[[91.0083,22.0917],[91.0672,22.2451],[91.0721,22.4294],[91.1282,22.4076],[91.1578,22.3647],[91.1964,22.2841],[91.1953,22.2353],[91.1702,22.1676],[91.1355,22.1256],[91.0593,22.0744],[91.0229,22.0954],[91.0083,22.0917]]],[[[91.0153,22.2333],[91.0035,22.2495],[91.0215,22.2704],[91.011,22.3417],[91.0381,22.3091],[91.0153,22.2333]]],[[[88.6212,21.7809],[88.6288,21.7267],[88.6142,21.708],[88.5875,21.7167],[88.6089,21.6841],[88.5953,21.6613],[88.6071,21.621],[88.575,21.625],[88.5868,21.58],[88.5505,21.5619],[88.5375,21.5792],[88.5326,21.5424],[88.5062,21.5381],[88.4833,21.5513],[88.4798,21.573],[88.4885,21.599],[88.5074,21.5954],[88.5298,21.6663],[88.4994,21.783],[88.5413,21.8131],[88.5702,21.798],[88.5662,21.7758],[88.5997,21.7923],[88.6212,21.7809]],[[88.6004,21.7178],[88.597,21.7214],[88.5958,21.7167],[88.6004,21.7178]],[[88.5863,21.7212],[88.5828,21.7179],[88.5875,21.7167],[88.5863,21.7212]],[[88.5738,21.6296],[88.5703,21.6262],[88.575,21.625],[88.5738,21.6296]],[[88.5363,21.5837],[88.5328,21.5804],[88.5375,21.5792],[88.5363,21.5837]],[[88.5208,21.5917],[88.5288,21.5884],[88.5283,21.591],[88.5208,21.5917]],[[88.5208,21.5917],[88.5128,21.5949],[88.5133,21.5923],[88.5208,21.5917]],[[88.5778,21.725],[88.5839,21.7469],[88.568,21.7672],[88.5661,21.7616],[88.5778,21.725]],[[88.562,21.6308],[88.5663,21.6312],[88.5652,21.6336],[88.562,21.6308]]],[[[90.8284,21.8951],[90.8295,21.8842],[90.7744,21.8759],[90.7951,21.9131],[90.8284,21.8951]],[[90.8163,21.8947],[90.8196,21.8911],[90.8208,21.8958],[90.8163,21.8947]]],[[[90.3788,21.8726],[90.3608,21.8504],[90.3184,21.8462],[90.3038,21.8775],[90.3549,21.9824],[90.4186,22.0369],[90.4652,22.0583],[90.475,22.0458],[90.4843,22.0957],[90.574,22.1801],[90.5794,22.1908],[90.5619,22.1926],[90.5757,22.2367],[90.6324,22.2502],[90.6369,22.2145],[90.6091,22.1906],[90.6077,22.102],[90.5904,22.0541],[90.5048,21.9535],[90.4833,22.0125],[90.4952,21.952],[90.4572,21.8918],[90.4338,21.8785],[90.4087,21.8907],[90.3945,21.866],[90.3788,21.8726]],[[90.378,21.8796],[90.3744,21.8762],[90.3792,21.875],[90.378,21.8796]],[[90.3621,21.9062],[90.3579,21.9058],[90.3611,21.9042],[90.3621,21.9062]],[[90.4833,22.0292],[90.4833,22.0167],[90.4881,22.028],[90.4833,22.0292]]],[[[88.7417,21.6583],[88.6913,21.7441],[88.7087,21.7816],[88.6962,21.8608],[88.725,21.9333],[88.7215,21.9783],[88.7667,22.0167],[88.7458,22.0667],[88.7204,22.0535],[88.7,22.0792],[88.6831,22.0779],[88.6978,22.0547],[88.7378,22.0446],[88.7411,22.0136],[88.7167,22.0042],[88.68,21.9411],[88.6244,21.9577],[88.6339,21.998],[88.6629,22.0299],[88.631,22.1198],[88.6822,22.2011],[88.6755,22.2064],[88.6208,22.1125],[88.6381,22.0593],[88.5994,21.9757],[88.6161,21.9311],[88.5756,21.8783],[88.5575,21.8174],[88.5125,21.839],[88.5172,21.8551],[88.4833,21.8917],[88.5037,21.8146],[88.475,21.7958],[88.4577,21.7236],[88.4744,21.6729],[88.4534,21.6176],[88.4382,21.6137],[88.4342,21.6329],[88.4076,21.5966],[88.3881,21.6062],[88.3798,21.6866],[88.4,21.7083],[88.3542,21.6833],[88.3572,21.6426],[88.3171,21.6077],[88.3035,21.6093],[88.3092,21.6616],[88.2922,21.6272],[88.3089,21.5782],[88.2953,21.5634],[88.2688,21.5547],[88.2388,21.5711],[88.2422,21.5926],[88.2139,21.6168],[88.2172,21.6016],[88.2052,21.6045],[88.1797,21.677],[88.2172,21.7757],[88.1672,21.8645],[88.1708,21.9167],[88.1494,21.9593],[88.2119,22.0353],[88.2203,22.1022],[88.1866,22.1866],[88.0675,22.209],[88.1036,22.2937],[88.0884,22.2994],[88.0741,22.2424],[88.0335,22.2127],[88.0784,22.1869],[88.1366,22.1868],[88.1953,22.1061],[88.1647,22.0672],[88.0537,22.0068],[87.9826,21.8551],[87.9324,21.8007],[87.8958,21.7875],[87.7892,21.6913],[87.755,21.695],[87.6772,21.6506],[87.6387,21.6545],[87.4625,21.6042],[87.4059,21.5538],[87.3542,21.5708],[87.3905,21.5453],[87.2311,21.5494],[87.1167,21.5125],[87.066,21.4592],[86.9966,21.42],[86.8958,21.3167],[86.8244,21.1905],[86.8244,21.1424],[86.9621,20.8649],[86.9633,20.7863],[86.9737,20.7746],[86.9919,20.7824],[87.0039,20.7217],[87.0215,20.7231],[86.9985,20.704],[87.0464,20.711],[86.7583,20.5042],[86.7333,20.4083],[86.7923,20.3806],[86.7951,20.4323],[86.7966,20.3785],[86.8008,20.4252],[86.8173,20.4126],[86.782,20.3417],[86.7135,20.299],[86.7214,20.2847],[86.6826,20.2593],[86.577,20.216],[86.5424,20.1866],[86.4292,20.05],[86.3999,19.9853],[86.4206,19.9808],[86.4106,19.9807],[86.3676,19.9645],[86.3424,19.9846],[86.329,19.9815],[86.3741,19.9506],[86.0397,19.8422],[85.9083,19.8167],[85.8551,19.8285],[85.8201,19.8036],[85.7513,19.8132],[85.7535,19.8574],[85.7381,19.8689],[85.7855,19.8839],[85.8494,19.9384],[85.8494,19.9741],[85.8167,19.9988],[85.8535,20.0091],[85.8548,20.0364],[85.8295,20.0684],[85.8333,20.1167],[85.7757,20.1176],[85.765,20.1663],[85.7167,20.1708],[85.7454,20.2063],[85.7256,20.2311],[85.7244,20.2813],[85.65,20.375],[85.6583,20.3875],[85.7022,20.3798],[85.7329,20.409],[85.7708,20.3958],[85.7922,20.4593],[85.7792,20.5125],[85.8,20.5417],[85.852,20.5006],[85.8697,20.5003],[85.8589,20.5384],[85.8257,20.5593],[85.7911,20.626],[85.8244,20.6645],[85.8083,20.6792],[85.895,20.7257],[85.8872,20.7739],[85.9451,20.8592],[85.9244,20.8966],[85.9625,20.9833],[85.9384,21.0575],[86.0243,21.1383],[86.0242,21.1617],[85.9333,21.25],[85.9875,21.2667],[86.0575,21.3258],[86.083,21.3601],[86.0879,21.3983],[86.1288,21.4309],[86.125,21.4625],[86.1993,21.4161],[86.2405,21.4206],[86.2686,21.4578],[86.3167,21.4708],[86.3467,21.5116],[86.3728,21.4881],[86.4283,21.4884],[86.4544,21.5489],[86.4298,21.5635],[86.4205,21.6441],[86.4066,21.6587],[86.3625,21.6417],[86.3545,21.6851],[86.3786,21.7228],[86.3924,21.7991],[86.4438,21.8204],[86.4993,21.7967],[86.5295,21.8691],[86.5667,21.8792],[86.6049,21.9491],[86.6574,21.9797],[86.667,22.0108],[86.6504,22.0775],[86.6833,22.0917],[86.675,22.1333],[86.7024,22.1413],[86.7333,22.1167],[86.8208,22.1417],[86.8125,22.2667],[86.7839,22.2842],[86.7917,22.325],[86.7788,22.3441],[86.7417,22.3542],[86.725,22.3792],[86.7292,22.4333],[86.8275,22.4121],[86.9292,22.4333],[86.9504,22.4934],[86.9292,22.5042],[86.934,22.5213],[86.8958,22.5708],[87.0,22.6458],[87.0259,22.6951],[87.0792,22.7167],[87.0833,22.7583],[87.1705,22.7725],[87.1714,22.8147],[87.2119,22.8436],[87.1991,22.8661],[87.1708,22.8667],[87.1833,22.9],[87.2125,22.9208],[87.2592,22.8759],[87.2983,22.8705],[87.3208,22.8167],[87.3649,22.8212],[87.4006,22.9299],[87.3911,22.9613],[87.4047,23.0049],[87.3795,23.0441],[87.4395,23.0744],[87.6064,23.0328],[87.6208,23.0125],[87.6674,23.0297],[87.7312,22.9838],[87.7116,23.0325],[87.6667,23.0708],[87.6839,23.101],[87.6417,23.175],[87.7,23.1958],[87.7351,23.1629],[87.7429,23.1756],[87.8049,23.1744],[87.8344,23.2494],[87.8708,23.25],[87.8767,23.2705],[87.924,23.3006],[87.9533,23.2965],[87.9792,23.3167],[88.0072,23.3039],[88.009,23.3201],[88.0867,23.3427],[88.1076,23.3676],[88.116,23.4409],[88.0917,23.4583],[88.0792,23.5083],[88.1201,23.5507],[88.1292,23.5917],[88.1083,23.6333],[88.1288,23.6434],[88.1208,23.6667],[88.1464,23.7132],[88.1375,23.75],[88.0833,23.7542],[88.099,23.7587],[88.1049,23.7991],[88.1368,23.8092],[88.1381,23.8238],[88.1025,23.8746],[88.0625,23.85],[88.0333,23.9042],[88.125,23.9667],[88.1083,23.9792],[88.1536,24.002],[88.1792,24.0792],[88.1375,24.1042],[88.1454,24.1438],[88.1203,24.1762],[88.1203,24.2199],[88.1417,24.2729],[88.1083,24.3042],[88.1083,24.35],[88.0338,24.4146],[88.0458,24.5],[88.0083,24.5125],[88.0201,24.5491],[87.9483,24.5413],[87.9149,24.5871],[87.9,24.5708],[87.8645,24.5756],[87.823,24.6077],[87.7708,24.6125],[87.7439,24.5797],[87.6951,24.5619],[87.6311,24.5797],[87.5951,24.6131],[87.5267,24.6129],[87.4875,24.6542],[87.4542,24.625],[87.4179,24.6589],[87.3892,24.6462],[87.3483,24.6705],[87.2583,24.6458],[87.2708,24.6667],[87.2566,24.6996],[87.2208,24.7125],[87.1823,24.7036],[87.1574,24.7326],[87.1051,24.7547],[87.0865,24.7994],[87.0583,24.8083],[87.0381,24.7814],[87.0412,24.7062],[87.0,24.625],[86.9423,24.6842],[86.9327,24.77],[86.9146,24.7786],[86.8589,24.7105],[86.8667,24.6583],[86.7559,24.6212],[86.6375,24.6583],[86.7078,24.7478],[86.691,24.7824],[86.6384,24.7991],[86.6215,24.7866],[86.6172,24.7512],[86.5429,24.7078],[86.5368,24.7172],[86.5125,24.7042],[86.4958,24.7182],[86.4917,24.7708],[86.4316,24.792],[86.3625,24.7708],[86.3478,24.7339],[86.3116,24.8158],[86.255,24.8092],[86.2333,24.8917],[86.2134,24.8866],[86.1855,24.8464],[86.1434,24.8621],[86.1042,24.8583],[86.0958,24.8375],[86.0441,24.8371],[85.9792,24.8583],[85.9798,24.8385],[86.0162,24.8021],[85.975,24.75],[85.9458,24.7375],[85.9134,24.7509],[85.8825,24.795],[85.8326,24.809],[85.8135,24.7992],[85.7865,24.7215],[85.7326,24.7256],[85.6733,24.6879],[85.5853,24.6922],[85.5756,24.7363],[85.5465,24.7491],[85.5208,24.65],[85.4566,24.6996],[85.4333,24.6875],[85.4379,24.735],[85.4105,24.7869],[85.3375,24.7625],[85.3186,24.8036],[85.277,24.7869],[85.259,24.7592],[85.2619,24.8218],[85.2792,24.8542],[85.2583,24.8875],[85.1754,24.8324],[85.1458,24.7708],[85.1076,24.8243],[85.0833,24.8292],[85.026,24.7742],[85.0333,24.7208],[85.0034,24.7339],[84.9866,24.6965],[84.9667,24.6917],[84.9691,24.7496],[84.8917,24.75],[84.8575,24.8075],[84.8233,24.7913],[84.7854,24.8375],[84.7375,24.7903],[84.7464,24.7549],[84.7257,24.7177],[84.6869,24.7938],[84.6674,24.805],[84.6282,24.9032],[84.5792,24.9208],[84.5625,24.9125],[84.5958,24.8083],[84.5522,24.8286],[84.525,24.8167],[84.5309,24.8705],[84.4911,24.8103],[84.4,24.7292],[84.3921,24.8063],[84.4038,24.8441],[84.3733,24.8879],[84.3669,24.8553],[84.3417,24.8667],[84.3449,24.8383],[84.2964,24.7897],[84.2783,24.6842],[84.2507,24.7259],[84.2631,24.8132],[84.242,24.8108],[84.2246,24.765],[84.2292,24.6833],[84.1816,24.733],[84.0958,24.6875],[84.0824,24.7202],[83.9968,24.7544],[83.9642,24.7379],[83.9625,24.7542],[83.9146,24.7708],[83.8816,24.808],[83.8375,24.8125],[83.8409,24.8285],[83.7437,24.8208],[83.6875,24.8875],[83.6517,24.8879],[83.5534,24.959],[83.4952,24.9153],[83.4994,24.8978],[83.4708,24.8583],[83.4618,24.8825],[83.425,24.9042],[83.3966,24.9035],[83.3867,24.8715],[83.3583,24.8708],[83.3631,24.9382],[83.348,24.9619],[83.2813,24.9786],[83.2436,24.9297],[83.2132,24.9426],[83.2083,24.9708],[83.1816,24.983],[83.1551,24.9827],[83.1538,24.9559],[83.127,24.9506],[83.0758,24.9631],[83.0292,25.0083],[82.9792,24.9625],[82.9542,24.8625],[82.9146,24.8912],[82.7792,24.8875],[82.6684,24.8379],[82.5585,24.854],[82.5336,24.8724],[82.4333,24.8],[82.4161,24.8283],[82.3758,24.8424],[82.3617,24.9076],[82.29,24.9129],[82.2465,24.8843],[82.1983,25.008],[82.0814,24.9589],[81.9941,24.9795],[81.874,24.9661],[81.7858,25.033],[81.7395,25.0381],[81.7083,25.0708],[81.6833,25.0667],[81.6733,25.042],[81.655,25.045],[81.6059,24.9962],[81.5833,25.0208],[81.5922,25.0382],[81.5702,25.1074],[81.5339,25.152],[81.5208,25.2208],[81.4667,25.2],[81.4615,25.1827],[81.413,25.1923],[81.3382,25.1799],[81.3285,25.2962],[81.3696,25.3084],[81.3782,25.3366],[81.3049,25.3242],[81.2833,25.2708],[81.25,25.3458],[81.1604,25.3375],[81.1587,25.2941],[81.1125,25.25],[81.1297,25.3716],[81.1074,25.3952],[81.05,25.3875],[81.0605,25.4119],[81.0241,25.3994],[80.9708,25.4083],[80.9621,25.4566],[80.9458,25.4583],[80.925,25.5042],[80.7967,25.4618],[80.7907,25.4339],[80.7337,25.4031],[80.7159,25.3759],[80.6708,25.3708],[80.6922,25.4049],[80.6922,25.4882],[80.6661,25.573],[80.6367,25.6075],[80.605,25.5867],[80.575,25.525],[80.5188,25.537],[80.4917,25.525],[80.4825,25.5575],[80.453,25.5753],[80.3936,25.5578],[80.3625,25.4875],[80.3272,25.5327],[80.2968,25.534],[80.2792,25.5125],[80.2605,25.5411],[80.2375,25.5375],[80.2369,25.6075],[80.216,25.6213],[80.225,25.6375],[80.1708,25.6542],[80.1218,25.6366],[80.095,25.5798],[80.075,25.5792],[80.0879,25.6434],[80.0342,25.6715],[80.125,25.6583],[80.1167,25.7083],[80.0242,25.7202],[79.9924,25.7383],[79.9917,25.7542],[79.9733,25.7496],[79.9354,25.775],[79.9208,25.7583],[79.9066,25.7871],[79.8152,25.7243],[79.7967,25.7342],[79.8,25.7583],[79.7241,25.7744],[79.6667,25.7417],[79.6539,25.7866],[79.6673,25.7924],[79.6659,25.841],[79.5434,25.8754],[79.5333,25.8958],[79.5576,25.9451],[79.4927,25.9203],[79.4505,25.9521],[79.491,25.9884],[79.4923,26.0075],[79.5048,25.9994],[79.5404,26.021],[79.5284,26.0534],[79.4905,26.0836],[79.4345,26.0661],[79.3875,26.1125],[79.3467,26.1259],[79.3547,26.1549],[79.298,26.1994],[79.2762,26.1828],[79.2451,26.2131],[79.2118,26.1994],[79.1762,26.2089],[79.1436,26.1881],[79.1132,26.2384],[79.1079,26.2865],[79.0693,26.3167],[78.9958,26.3167],[79.0203,26.352],[79.0167,26.3875],[78.9451,26.4006],[78.9042,26.3708],[78.8759,26.38],[78.8672,26.4189],[78.8875,26.4417],[78.9142,26.4371],[78.9337,26.4767],[78.9012,26.4786],[78.8867,26.5201],[78.8139,26.5119],[78.7625,26.5472],[78.7542,26.5833],[78.7333,26.5875],[78.7447,26.6378],[78.6814,26.6619],[78.5549,26.6592],[78.5282,26.6922],[78.3875,26.6417],[78.2993,26.6797],[78.2429,26.6619],[78.2457,26.6904],[78.2179,26.6828],[78.2047,26.6978],[78.2083,26.7458],[78.1483,26.7413],[78.0688,26.8035],[78.0466,26.7956],[78.0458,26.8125],[78.0173,26.8134],[78.0039,26.847],[78.0131,26.8772],[78.0264,26.8958],[78.0531,26.8869],[78.0494,26.9105],[78.0283,26.9326],[78.0034,26.9286],[77.9824,26.9619],[77.9522,26.9744],[77.9116,26.9661],[77.8978,26.9786],[77.8506,26.949],[77.855,26.9217],[77.9048,26.8948],[77.9035,26.8635],[77.8744,26.8278],[77.8876,26.8095],[77.7804,26.7828],[77.7741,26.8369],[77.7333,26.85],[77.7536,26.8978],[77.7458,26.9583],[77.6843,26.9324],[77.6647,26.9006],[77.6173,26.9366],[77.6211,26.9095],[77.5658,26.8382],[77.465,26.808],[77.4358,26.8337],[77.3917,26.8125],[77.3616,26.8743],[77.3399,26.8871],[77.2792,26.8333],[77.2212,26.9309],[77.2257,26.9699],[77.2436,26.9828],[77.3064,26.9911],[77.4258,26.8954],[77.4506,26.9132],[77.4083,27.0],[77.2479,27.012],[77.205,26.995],[77.175,26.9583],[77.0958,26.9833],[77.1328,27.0311],[77.1244,27.0593],[77.1417,27.1083],[77.1281,27.1244],[77.0512,27.1422],[76.9741,27.0911],[76.9578,27.1071],[76.975,27.1375],[76.9375,27.1833],[76.9,27.2125],[76.8854,27.2],[76.8458,27.2083],[76.8587,27.2691],[76.9061,27.3578],[76.9271,27.3704],[76.9951,27.3494],[77.05,27.3583],[76.973,27.3994],[76.8642,27.4254],[76.8078,27.4637],[76.8704,27.5354],[76.8258,27.5699],[76.8708,27.5542],[76.926,27.5578],[76.9829,27.6146],[76.9785,27.6283],[76.9384,27.63],[76.9147,27.6578],[76.8801,27.6589],[76.8744,27.6759],[76.9161,27.7978],[76.9129,27.8733],[76.9333,27.8833],[76.9417,28.0458],[76.9243,28.1117],[76.8965,28.1395],[76.9131,28.151],[76.8952,28.237],[76.9326,28.2716],[76.9417,28.3167],[76.9243,28.3339],[76.8645,28.3339],[76.8161,28.3698],[76.8173,28.4158],[76.8549,28.4824],[76.8741,28.4884],[76.8879,28.5428],[76.8625,28.575],[76.8325,28.5661],[76.8033,28.6077],[76.7674,28.6133],[76.7877,28.6778],[76.7715,28.6885],[76.7619,28.7488],[76.7917,28.7938],[76.7608,28.8246],[76.6771,28.8292],[76.6504,28.8475],[76.6583,28.8646],[76.6375,28.8917],[76.6785,28.9301],[76.6958,29.0042],[76.6535,29.0283],[76.6441,29.017],[76.6176,29.0258],[76.6035,29.0778],[76.6215,29.1153],[76.5708,29.1333],[76.5952,29.1854],[76.5828,29.2117],[76.5632,29.2133],[76.5616,29.2378],[76.465,29.2246],[76.4146,29.2417],[76.375,29.2208],[76.3824,29.2577],[76.3583,29.275],[76.375,29.3083],[76.3177,29.3173],[76.32,29.2966],[76.2333,29.3],[76.2381,29.3196],[76.2203,29.3366],[76.1593,29.3633],[76.1284,29.4368],[76.0042,29.5167],[75.9801,29.5079],[75.9578,29.4551],[75.9092,29.441],[75.8996,29.474],[75.8259,29.5081],[75.8125,29.5542],[75.7979,29.5579],[75.7713,29.5396],[75.7839,29.5116],[75.7704,29.4843],[75.7243,29.4786],[75.6939,29.5203],[75.6478,29.5173],[75.6104,29.5494],[75.5684,29.5462],[75.5164,29.5843],[75.5208,29.6042],[75.5033,29.6201],[75.4562,29.6255],[75.4449,29.641],[75.3483,29.6413],[75.2396,29.6708],[75.1771,29.6417],[75.1381,29.6728],[75.1417,29.6875],[75.0429,29.6411],[75.041,29.6866],[75.0101,29.6962],[74.9958,29.725],[74.9539,29.7158],[74.9668,29.6885],[74.9325,29.651],[74.8733,29.667],[74.775,29.6667],[74.73,29.6491],[74.7051,29.6203],[74.6917,29.625],[74.7042,29.6708],[74.6493,29.6922],[74.6405,29.6789],[74.6159,29.7006],[74.5723,29.6952],[74.5654,29.7083],[74.5133,29.6951],[74.5117,29.6801],[74.3958,29.675],[74.3745,29.6989],[74.2936,29.7172],[74.2829,29.7365],[74.1917,29.7333],[74.1909,29.7659],[74.1042,29.8],[74.0866,29.8405],[74.0514,29.8327],[74.0292,29.8583],[73.9233,29.8629],[73.8451,29.8411],[73.6967,29.8631],[73.6954,29.9465],[73.6706,29.9366],[73.6708,29.8625],[73.6548,29.8675],[73.6494,29.9063],[73.6331,29.9158],[73.6336,29.855],[73.5311,29.8328],[73.4941,29.8045],[73.475,29.8125],[73.4385,29.7952],[73.4216,29.7619],[73.4091,29.7756],[73.3625,29.7583],[73.3751,29.7804],[73.3521,29.7952],[73.3181,29.7744],[73.2875,29.8167],[73.2784,29.7965],[73.202,29.7869],[73.1034,29.7203],[73.0826,29.7339],[73.0511,29.7164],[73.0226,29.7205],[73.0208,29.6847],[72.9868,29.6217],[72.9313,29.5881],[72.9055,29.5827],[72.862,29.6173],[72.8355,29.5797],[72.7616,29.5466],[72.6829,29.5452],[72.661,29.5667],[72.6301,29.5581],[72.6244,29.58],[72.6458,29.5958],[72.6548,29.6323],[72.6103,29.6369],[72.5798,29.6158],[72.57,29.5425],[72.5326,29.5328],[72.5115,29.5535],[72.472,29.5536],[72.4579,29.5738],[72.4665,29.5947],[72.4324,29.6128],[72.3758,29.6133],[72.3667,29.6292],[72.3494,29.6034],[72.3617,29.5633],[72.3146,29.562],[72.2616,29.5257],[72.1669,29.5032],[72.173,29.4673],[72.1493,29.4839],[72.0383,29.4701],[72.0207,29.401],[71.9542,29.4042],[71.9116,29.3799],[71.8882,29.3867],[71.8792,29.3708],[71.8375,29.3792],[71.8325,29.359],[71.8073,29.3465],[71.7468,29.341],[71.7536,29.2936],[71.7214,29.2604],[71.7211,29.2175],[71.6646,29.1838],[71.5833,29.1667],[71.5625,29.1083],[71.4311,29.1036],[71.3708,29.0542],[71.3823,29.0175],[71.3134,28.991],[71.2688,28.9421],[71.1842,28.945],[71.1792,28.9083],[71.1549,28.9077],[71.1451,28.8758],[71.03,28.8201],[71.0244,28.8037],[71.0458,28.7667],[71.0008,28.7409],[70.9832,28.6721],[70.9833,28.65],[71.0086,28.6573],[71.0211,28.6304],[70.9426,28.5746],[70.9211,28.5342],[70.7767,28.5288],[70.7667,28.5],[70.7285,28.5381],[70.6632,28.4785],[70.6403,28.4965],[70.5972,28.4875],[70.5755,28.5048],[70.5042,28.4708],[70.5188,28.4381],[70.5538,28.4548],[70.5951,28.4493],[70.5917,28.4292],[70.5702,28.434],[70.558,28.4092],[70.5202,28.401],[70.5336,28.3991],[70.5295,28.3684],[70.5958,28.3417],[70.5952,28.3259],[70.4634,28.2701],[70.425,28.2292],[70.3638,28.2203],[70.3667,28.2458],[70.3478,28.2453],[70.3199,28.209],[70.2439,28.1797],[70.1917,28.2542],[70.1581,28.2492],[70.1529,28.2292],[70.1042,28.2125],[70.1091,28.1757],[70.15,28.1479],[70.1125,28.1375],[70.1209,28.1224],[70.1039,28.0929],[70.1284,28.0991],[70.112,28.076],[70.1199,28.0661],[70.1661,28.0689],[70.1438,28.0465],[70.1175,28.0456],[70.121,28.0259],[70.1507,28.0095],[70.0966,28.0003],[70.0951,27.9758],[70.0521,27.9632],[70.0407,27.9794],[70.002,27.9744],[69.9329,27.9452],[69.9175,27.9711],[69.9501,27.9763],[69.9146,27.9911],[69.8625,27.9625],[69.7895,27.9536],[69.7456,27.9072],[69.7506,27.8868],[69.7049,27.8366],[69.7083,27.8167],[69.6886,27.8206],[69.6667,27.875],[69.6454,27.8881],[69.622,27.8582],[69.6211,27.8259],[69.5715,27.798],[69.5963,27.7722],[69.5702,27.7527],[69.5744,27.7271],[69.5449,27.6926],[69.4882,27.674],[69.4827,27.6431],[69.5077,27.6229],[69.5,27.5888],[69.4604,27.5869],[69.4145,27.5506],[69.3716,27.5676],[69.3922,27.5966],[69.3809,27.6038],[69.3508,27.5826],[69.3628,27.5782],[69.3438,27.5423],[69.2566,27.5288],[69.2353,27.5411],[69.1991,27.4965],[69.1507,27.4824],[69.1464,27.4408],[69.1216,27.4133],[69.137,27.391],[69.1667,27.3875],[69.1544,27.3677],[69.1134,27.3586],[69.1042,27.3375],[69.1441,27.3121],[69.165,27.3379],[69.2125,27.3333],[69.209,27.3176],[69.2375,27.3125],[69.1994,27.2945],[69.2007,27.2799],[69.2256,27.2778],[69.2076,27.2218],[69.1676,27.2036],[69.1466,27.2115],[69.1534,27.1633],[69.1333,27.1554],[69.2118,27.1324],[69.2203,27.1147],[69.1583,27.0583],[69.2074,27.0199],[69.2039,26.9801],[69.2458,26.9417],[69.2417,26.9222],[69.2626,26.9113],[69.2551,26.8716],[69.275,26.8521],[69.2381,26.8147],[69.2333,26.775],[69.1868,26.7744],[69.1708,26.7958],[69.15,26.7833],[69.1417,26.725],[69.1616,26.7202],[69.175,26.6917],[69.1744,26.6311],[69.1174,26.5133],[69.1375,26.5083],[69.1387,26.4828],[69.17,26.4993],[69.1792,26.4625],[69.2116,26.4619],[69.2319,26.5256],[69.2424,26.4924],[69.2729,26.4798],[69.3,26.4917],[69.3133,26.52],[69.3454,26.5146],[69.3256,26.4897],[69.3246,26.4142],[69.2593,26.3204],[69.2745,26.2896],[69.2205,26.1642],[69.2125,26.05],[69.2447,26.0668],[69.2618,26.0925],[69.2577,26.1195],[69.325,26.1917],[69.3458,26.2],[69.3688,26.1505],[69.425,26.2042],[69.4132,26.1384],[69.4215,26.1217],[69.4625,26.125],[69.4871,26.0601],[69.4295,26.0066],[69.3625,25.8833],[69.4066,25.8837],[69.4309,25.908],[69.4658,25.9076],[69.472,25.8911],[69.4949,25.9007],[69.5257,26.0115],[69.5561,26.0369],[69.559,25.9549],[69.5826,25.9631],[69.5962,25.9434],[69.583,25.9009],[69.6215,25.9325],[69.6184,25.9544],[69.6579,25.9798],[69.675,25.975],[69.6612,25.9416],[69.6424,25.9403],[69.6034,25.8507],[69.5718,25.845],[69.5244,25.7962],[69.5649,25.7879],[69.6996,25.884],[69.7288,25.8733],[69.7006,25.8314],[69.6953,25.7686],[69.6744,25.7311],[69.6282,25.6715],[69.577,25.6578],[69.5583,25.6333],[69.565,25.608],[69.608,25.6108],[69.5417,25.55],[69.5618,25.5366],[69.5714,25.4842],[69.6078,25.4522],[69.5801,25.4244],[69.5672,25.3686],[69.6083,25.2792],[69.6241,25.2826],[69.6423,25.2385],[69.6667,25.2292],[69.6542,25.0958],[69.7274,25.1004],[69.815,25.1337],[69.825,25.125],[69.7467,25.0741],[69.7449,25.0426],[69.6708,24.9985],[69.6749,24.9762],[69.6992,24.9701],[69.6875,24.9375],[69.7449,24.9631],[69.762,24.9521],[69.7621,24.9267],[69.7205,24.885],[69.7125,24.8292],[69.6292,24.8125],[69.6326,24.7716],[69.6119,24.7463],[69.625,24.7417],[69.6208,24.7083],[69.5542,24.6625],[69.5663,24.61],[69.5417,24.5958],[69.5289,24.609],[69.4956,24.5868],[69.4693,24.5933],[69.4785,24.5563],[69.4542,24.5375],[69.4275,24.5504],[69.3517,24.5413],[69.3452,24.5135],[69.2715,24.4867],[69.2833,24.4583],[69.3129,24.4534],[69.2678,24.4366],[69.2756,24.3889],[69.227,24.3827],[69.184,24.3448],[69.1965,24.2992],[69.1866,24.2882],[69.1425,24.2825],[69.1301,24.2657],[69.1161,24.2246],[69.1334,24.2146],[69.1399,24.1824],[69.1163,24.0975],[69.0691,24.067],[68.975,24.0625],[68.9525,24.0962],[68.8659,24.0744],[68.8521,24.0869],[68.8208,24.0667],[68.8,24.1042],[68.7434,24.0955],[68.8042,24.0292],[68.7842,24.0092],[68.7991,23.9994],[68.8579,24.0115],[68.866,23.9634],[68.8292,23.95],[68.812,23.9715],[68.7716,23.9574],[68.7673,23.9093],[68.7417,23.8625],[68.7079,23.8452],[68.668,23.859],[68.6397,23.834],[68.595,23.8381],[68.5372,23.755],[68.5222,23.7631],[68.4718,23.7119],[68.4582,23.7402],[68.4327,23.7424],[68.454,23.7755],[68.4629,23.7606],[68.5066,23.7531],[68.4645,23.7673],[68.4551,23.8177],[68.5296,23.8285],[68.5735,23.8844],[68.6338,23.9016],[68.5957,23.9646],[68.5884,23.9453],[68.5555,23.9359],[68.5253,23.9594],[68.5487,23.9278],[68.5913,23.9184],[68.5326,23.8811],[68.5124,23.9063],[68.5285,23.9176],[68.5208,23.9458],[68.4884,23.8991],[68.5026,23.9009],[68.4894,23.8669],[68.4833,23.8875],[68.4742,23.8591],[68.4438,23.8464],[68.4275,23.8575],[68.4419,23.8794],[68.4256,23.8644],[68.4055,23.7963],[68.3799,23.8371],[68.3962,23.7925],[68.3767,23.79],[68.4186,23.7911],[68.4285,23.777],[68.396,23.7517],[68.4156,23.7507],[68.4202,23.7187],[68.3763,23.619],[68.3634,23.6282],[68.348,23.5965],[68.28,23.5799],[68.272,23.6126],[68.2512,23.5791],[68.2396,23.5911],[68.2133,23.5841],[68.2213,23.5991],[68.2002,23.5927],[68.1827,23.6162],[68.2034,23.6506],[68.2699,23.6551],[68.3381,23.7305],[68.2968,23.7241],[68.2591,23.6785],[68.2342,23.6798],[68.191,23.7284],[68.2173,23.787],[68.209,23.8325],[68.2326,23.8382],[68.2119,23.8468],[68.2132,23.87],[68.2571,23.8791],[68.2867,23.9256],[68.3204,23.916],[68.3374,23.922],[68.3465,23.937],[68.3473,23.9666],[68.3322,23.9235],[68.3201,23.9174],[68.3261,23.9292],[68.287,23.9423],[68.2455,23.9011],[68.2035,23.8869],[68.19,23.9125],[68.1941,23.8545],[68.1017,23.8413],[68.0629,23.8559],[68.0551,23.9031],[68.0133,23.9448],[68.0408,23.9081],[68.0452,23.7937],[68.0146,23.7673],[67.9927,23.7882],[67.9813,23.7715],[67.9414,23.7784],[67.9451,23.767],[67.9382,23.7674],[67.9368,23.7985],[67.9624,23.8138],[67.9535,23.8313],[67.9104,23.8423],[67.8618,23.9086],[67.9292,23.9875],[67.8702,23.9926],[67.9048,23.9723],[67.8423,23.9188],[67.8285,23.8535],[67.8381,23.8348],[67.8248,23.8176],[67.7757,23.8133],[67.7743,23.8241],[67.7667,23.8292],[67.7622,23.8365],[67.755,23.8384],[67.753,23.846],[67.7366,23.8369],[67.7139,23.8543],[67.7297,23.8138],[67.6741,23.8036],[67.6507,23.8175],[67.6492,23.8493],[67.6319,23.8367],[67.6095,23.8587],[67.6155,23.8836],[67.5698,23.8828],[67.55,23.9125],[67.5299,23.9037],[67.5292,23.925],[67.4843,23.9215],[67.4964,23.9695],[67.4561,23.9714],[67.4453,23.9927],[67.4744,24.0095],[67.475,24.0292],[67.4701,24.0133],[67.4135,24.009],[67.409,23.9966],[67.3952,24.0532],[67.4096,24.0456],[67.434,24.0656],[67.3801,24.0801],[67.3674,24.1285],[67.3881,24.1323],[67.3468,24.1494],[67.3327,24.2153],[67.3467,24.2368],[67.4208,24.225],[67.4201,24.2368],[67.3093,24.2551],[67.2952,24.3047],[67.3354,24.341],[67.3627,24.3423],[67.4086,24.316],[67.4333,24.3208],[67.3091,24.3591],[67.2952,24.4377],[67.316,24.4646],[67.2811,24.4369],[67.2918,24.4614],[67.2582,24.4635],[67.2494,24.4866],[67.2669,24.4884],[67.2741,24.5241],[67.2493,24.5202],[67.216,24.5549],[67.2296,24.5756],[67.3006,24.582],[67.2869,24.6088],[67.2958,24.6292],[67.2741,24.5965],[67.2452,24.5953],[67.2138,24.6209],[67.2113,24.646],[67.1896,24.6422],[67.1755,24.6646],[67.2004,24.6804],[67.1759,24.7284],[67.2354,24.762],[67.2509,24.7423],[67.2667,24.7458],[67.2305,24.7881],[67.1865,24.7508],[67.1494,24.7611],[67.1591,24.7742],[67.1861,24.7702],[67.2166,24.7972],[67.2097,24.809],[67.1729,24.7839],[67.1537,24.7923],[67.12,24.7744],[67.0958,24.7875],[67.1089,24.7634],[67.0844,24.7453],[67.0189,24.8078],[66.9906,24.813],[66.9823,24.7829],[66.8647,24.8578],[66.8407,24.8589],[66.8241,24.8382],[66.7534,24.8506],[66.6814,24.8256],[66.6494,24.8405],[66.6801,24.8827],[66.6939,24.8839],[66.7115,24.8962],[66.6928,24.8871],[66.6744,24.9385],[66.6994,24.9552],[66.6994,25.0882],[66.7506,25.1716],[66.6941,25.2496],[66.5506,25.3562],[66.5465,25.3867],[66.5667,25.3917],[66.5549,25.3966],[66.5661,25.4229],[66.5535,25.4358],[66.5782,25.4244],[66.5798,25.4361],[66.5593,25.4461],[66.5532,25.4907],[66.498,25.516],[66.4412,25.5077],[66.4244,25.5216],[66.4375,25.5417],[66.3926,25.5336],[66.3951,25.5782],[66.3368,25.5964],[66.2667,25.5792],[66.2542,25.55],[66.3533,25.5494],[66.3552,25.5295],[66.3955,25.524],[66.4283,25.4869],[66.5241,25.4952],[66.5328,25.452],[66.5119,25.4321],[66.5297,25.4175],[66.5241,25.405],[66.4978,25.4006],[66.3173,25.4672],[66.0554,25.4411],[66.0337,25.4774],[66.1167,25.6625],[66.1616,25.6491],[66.1936,25.6131],[66.2292,25.6],[66.2333,25.6167],[66.247,25.6039],[66.3077,25.6302],[66.309,25.6534],[66.3625,25.6958],[66.3958,25.6375],[66.4292,25.625],[66.4161,25.6966],[66.4339,25.7696],[66.4203,25.7841],[66.4329,25.8146],[66.4244,25.8385],[66.4507,25.9033],[66.5146,25.8792],[66.5458,25.8875],[66.6226,25.983],[66.6934,26.0246],[66.6792,25.925],[66.7163,25.9157],[66.775,25.8542],[66.841,25.8242],[66.8424,25.805],[66.875,25.8125],[66.8536,25.8784],[66.858,25.9524],[66.8333,26.0583],[66.8917,26.075],[66.9504,25.9559],[66.9674,25.8508],[67.0047,25.7738],[66.9911,25.7345],[67.0246,25.6816],[67.025,25.65],[67.0521,25.6579],[67.0842,25.6298],[67.1667,25.6042],[67.1458,25.5625],[67.2083,25.4833],[67.3158,25.516],[67.3208,25.4265],[67.2958,25.4042],[67.2923,25.3676],[67.3327,25.3614],[67.3563,25.3125],[67.3967,25.3619],[67.4355,25.3619],[67.4803,25.3247],[67.4923,25.3741],[67.5324,25.3715],[67.5958,25.3958],[67.6042,25.3125],[67.6708,25.3125],[67.6782,25.3339],[67.6947,25.3246],[67.6952,25.3782],[67.7199,25.4077],[67.6762,25.4036],[67.6583,25.4167],[67.6122,25.4593],[67.6215,25.4903],[67.5958,25.5083],[67.627,25.5369],[67.7577,25.5676],[67.6383,25.6049],[67.6379,25.6441],[67.65,25.6917],[67.6958,25.7042],[67.7218,25.6629],[67.75,25.6583],[67.7424,25.6868],[67.7575,25.6882],[67.7619,25.7147],[67.675,25.7958],[67.69,25.8087],[67.7316,25.8004],[67.7774,25.8129],[67.7996,25.8434],[67.8042,25.9042],[67.7542,25.9042],[67.7576,25.9493],[67.7344,25.9507],[67.6909,26.016],[67.6545,26.0225],[67.6458,26.1458],[67.5788,26.2574],[67.5292,26.2875],[67.5088,26.3563],[67.5172,26.401],[67.495,26.4366],[67.4645,26.4619],[67.4006,26.4312],[67.4009,26.4705],[67.4284,26.4757],[67.4667,26.5167],[67.45,26.5292],[67.466,26.5867],[67.3281,26.6868],[67.301,26.6882],[67.2904,26.7125],[67.2639,26.6994],[67.2331,26.7779],[67.3385,26.7703],[67.3658,26.784],[67.3746,26.8233],[67.3375,26.8708],[67.3983,26.8795],[67.4246,26.9267],[67.4339,26.9924],[67.4199,27.0366],[67.3478,27.0506],[67.3325,27.0743],[67.3125,27.075],[67.3131,27.0948],[67.3387,27.1172],[67.352,27.1047],[67.4625,27.0958],[67.4199,27.1536],[67.3633,27.159],[67.3452,27.2272],[67.3129,27.2392],[67.3119,27.2814],[67.2958,27.2917],[67.3365,27.2992],[67.362,27.266],[67.3813,27.2673],[67.4167,27.2833],[67.4173,27.3157],[67.4683,27.3246],[67.4476,27.3699],[67.4772,27.356],[67.4794,27.3377],[67.4887,27.3672],[67.5283,27.3632],[67.553,27.3795],[67.5909,27.3619],[67.6325,27.3717],[67.6333,27.3875],[67.5156,27.387],[67.5089,27.4403],[67.4758,27.4343],[67.475,27.525],[67.5657,27.5506],[67.6191,27.517],[67.6583,27.5583],[67.5983,27.5788],[67.5274,27.5663],[67.4917,27.6042],[67.4881,27.648],[67.5478,27.6786],[67.5896,27.6833],[67.6299,27.6661],[67.6616,27.6882],[67.6786,27.7229],[67.6625,27.7738],[67.6756,27.7991],[67.6465,27.8051],[67.6465,27.8532],[67.6295,27.8691],[67.6663,27.8851],[67.6958,27.925],[67.6914,27.9491],[67.741,27.9884],[67.7502,28.0262],[67.7333,28.0458],[67.8125,28.1224],[67.7958,28.1682],[67.8137,28.2087],[67.8483,28.1955],[67.8875,28.2042],[67.8661,28.2406],[67.8672,28.2656],[67.8964,28.2784],[67.8952,28.3533],[67.8797,28.3647],[67.8917,28.3792],[67.9195,28.366],[67.9506,28.4092],[67.9203,28.4405],[67.9339,28.4885],[67.9203,28.5049],[67.9369,28.5259],[67.9417,28.6104],[67.9579,28.6396],[67.9286,28.7091],[67.9458,28.7625],[67.925,28.7833],[67.9465,28.8742],[67.9792,28.9167],[67.9338,28.9896],[67.9536,29.0218],[67.9583,29.0792],[67.9381,29.0855],[67.975,29.15],[67.9509,29.1592],[67.9463,29.2104],[67.991,29.2551],[67.9796,29.2979],[67.9922,29.3424],[67.9717,29.3866],[68.0042,29.4292],[68.0048,29.4091],[68.045,29.391],[68.0833,29.3458],[68.2701,29.3618],[68.4517,29.242],[68.5708,29.2333],[68.5625,29.1937],[68.583,29.1691],[68.5917,29.1],[68.5802,29.0796],[68.6616,29.045],[68.6792,28.9583],[68.7686,28.9256],[68.9063,28.9046],[68.9814,28.9381],[68.9976,28.9621],[69.1333,28.9333],[69.2101,28.9663],[69.2492,28.966],[69.3333,28.868],[69.3132,28.8573],[69.3083,28.8333],[69.3229,28.8046],[69.4021,28.8792],[69.4434,28.8212],[69.4866,28.8466],[69.4833,28.8583],[69.4957,28.8553],[69.5242,28.8926],[69.5247,28.9199],[69.5457,28.9262],[69.5552,28.9535],[69.5866,28.9634],[69.5922,28.9905],[69.5796,29.0021],[69.5967,29.0327],[69.7125,29.0917],[69.7078,29.1174],[69.7663,29.2517],[69.7468,29.2829],[69.7697,29.3004],[69.7884,29.2911],[69.8637,29.3464],[69.9075,29.3342],[69.925,29.3625],[69.9616,29.3673],[69.972,29.3922],[69.9917,29.3875],[70.0037,29.4146],[69.9913,29.4782],[69.965,29.4955],[69.8892,29.4962],[69.8708,29.5083],[69.875,29.5292],[69.9326,29.5506],[70.0114,29.5247],[70.0396,29.5454],[70.1125,29.5292],[70.1125,29.5417],[70.0425,29.5628],[70.0451,29.5951],[70.0177,29.5871],[69.9831,29.6324],[69.9292,29.6542],[69.9434,29.6705],[69.973,29.6702],[70.0062,29.6465],[70.0576,29.645],[70.0591,29.6258],[70.1208,29.5875],[70.1295,29.6225],[70.092,29.6726],[70.092,29.7142],[70.0714,29.7353],[70.0429,29.8297],[70.1274,29.7996],[70.2101,29.7337],[70.2292,29.7417],[70.1917,29.8042],[70.2292,29.8],[70.3083,29.9333],[70.2381,29.9645],[70.2422,29.9946],[70.213,30.0312],[70.2083,30.0958],[70.275,30.1],[70.3288,30.1809],[70.3458,30.2667],[70.408,30.3726],[70.4,30.4542],[70.3625,30.4792],[70.4202,30.5342],[70.4208,30.5875],[70.4409,30.5882],[70.4375,30.6167],[70.4542,30.6208],[70.459,30.6451],[70.5118,30.6466],[70.5133,30.6705],[70.5373,30.6798],[70.6664,30.684],[70.7167,30.6625],[70.7534,30.6674],[70.7625,30.6833],[70.7358,30.7121],[70.5073,30.6994],[70.4625,30.7542],[70.4825,30.7964],[70.5689,30.7911],[70.6233,30.767],[70.667,30.8267],[70.6191,30.8379],[70.5274,30.8087],[70.4767,30.8129],[70.4256,30.8561],[70.425,30.9],[70.3809,30.9045],[70.3608,30.9246],[70.3042,30.925],[70.2869,31.0341],[70.3172,31.1093],[70.2792,31.1625],[70.2375,31.1771],[70.2545,31.2559],[70.2461,31.3783],[70.2083,31.4],[70.2458,31.4375],[70.2283,31.466],[70.1924,31.4758],[70.2167,31.5458],[70.2128,31.5864],[70.1879,31.6184],[70.1965,31.6495],[70.1827,31.6829],[70.2162,31.7423],[70.2855,31.741],[70.3812,31.7131],[70.4125,31.7208],[70.3866,31.7451],[70.3282,31.7494],[70.3105,31.7661],[70.215,31.7538],[70.1962,31.7767],[70.1923,31.8824],[70.2448,31.8923],[70.2667,31.9167],[70.3076,31.9676],[70.3,32.0021],[70.3212,32.0309],[70.3064,32.0619],[70.2762,32.0672],[70.2665,32.0429],[70.2517,32.0462],[70.2066,32.0955],[70.1254,32.1434],[70.2476,32.117],[70.2912,32.1354],[70.2792,32.1458],[70.3078,32.2353],[70.3083,32.2917],[70.2583,32.2958],[70.2911,32.3355],[70.2439,32.3744],[70.2,32.3792],[70.2,32.4208],[70.2438,32.441],[70.3562,32.3465],[70.4725,32.3205],[70.4909,32.3299],[70.4913,32.3649],[70.4667,32.4083],[70.4938,32.4083],[70.5292,32.3792],[70.5733,32.3962],[70.5958,32.4292],[70.6267,32.4205],[70.6375,32.4333],[70.5594,32.4924],[70.5583,32.5125],[70.45,32.5667],[70.4896,32.5912],[70.5521,32.5422],[70.6118,32.6093],[70.6174,32.6409],[70.7292,32.7042],[70.7006,32.7936],[70.7083,32.8333],[70.7354,32.8412],[70.7887,32.8246],[70.8144,32.838],[70.7619,32.8962],[70.7657,32.9235],[70.731,32.9254],[70.7239,32.9311],[70.7697,32.9278],[70.7833,32.8833],[70.8417,32.975],[70.9483,32.9754],[71.0284,32.9964],[71.125,32.9667],[71.1517,33.0038],[71.1771,33.0125],[71.225,33.0208],[71.2417,33.0],[71.34,33.0254],[71.3871,32.9983],[71.4042,32.9167],[71.4316,32.8996],[71.475,32.9],[71.4078,32.9799],[71.4708,33.0458],[71.4175,33.1075],[71.4875,33.1375],[71.4839,33.1772],[71.5134,33.2285],[71.5667,33.25],[71.4635,33.2633],[71.425,33.3292],[71.4458,33.3375],[71.4601,33.3705],[71.5417,33.3667],[71.5718,33.4159],[71.6288,33.4434],[71.6,33.4625],[71.6161,33.4728],[71.6257,33.5283],[71.75,33.5792],[71.7493,33.5992],[71.7131,33.6312],[71.7184,33.6663],[71.8101,33.6996],[71.8649,33.7004],[71.8925,33.745],[71.9574,33.7714],[71.9929,33.7494],[72.05,33.7583],[72.0547,33.7738],[72.0172,33.8186],[72.0242,33.8493],[72.0042,33.8583],[71.9843,33.8411],[71.9507,33.8464],[71.875,33.8208],[71.8399,33.7837],[71.7259,33.784],[71.6354,33.8162],[71.6167,33.8021],[71.6254,33.7816],[71.6049,33.7716],[71.6048,33.8712],[71.5833,33.8958],[71.5577,33.8103],[71.5083,33.7333],[71.4853,33.7411],[71.4701,33.7286],[71.3917,33.75],[71.3875,33.7917],[71.3167,33.8292],[71.2991,33.866],[71.2176,33.8964],[71.2955,33.9517],[71.2786,34.0259],[71.2881,34.0466],[71.2667,34.0875],[71.2289,34.0967],[71.2325,34.1169],[71.2062,34.1089],[71.1583,34.15],[71.1592,34.1658],[71.2355,34.1756],[71.2903,34.204],[71.2887,34.1937],[71.3075,34.1878],[71.3072,34.1619],[71.3561,34.162],[71.3229,34.1744],[71.3091,34.1633],[71.3119,34.1854],[71.2917,34.2042],[71.3365,34.2212],[71.3458,34.2667],[71.4083,34.2708],[71.4208,34.3708],[71.477,34.3339],[71.5,34.3417],[71.5125,34.3708],[71.5538,34.385],[71.5625,34.4542],[71.6,34.4583],[71.625,34.4417],[71.6574,34.4629],[71.658,34.5142],[71.6926,34.5786],[71.7496,34.5907],[71.7714,34.5696],[71.7675,34.5425],[71.8125,34.5292],[71.8534,34.5383],[71.8687,34.566],[71.9063,34.5588],[71.9542,34.5792],[71.9991,34.566],[72.0208,34.5292],[72.0941,34.4705],[72.115,34.4837],[72.1566,34.4754],[72.1684,34.4955],[72.2083,34.5083],[72.2254,34.4642],[72.2642,34.4337],[72.316,34.4425],[72.32,34.4575],[72.3301,34.4423],[72.374,34.4369],[72.3926,34.4089],[72.425,34.4042],[72.4333,34.375],[72.4783,34.3702],[72.4783,34.3217],[72.4453,34.303],[72.4542,34.275],[72.4701,34.2743],[72.45,34.2361],[72.4548,34.2093],[72.4217,34.1911],[72.3833,34.1083],[72.45,34.0833],[72.4458,34.0167],[72.4008,33.9799],[72.4164,33.9783],[72.43,33.9425],[72.4667,33.9292],[72.417,33.8733],[72.4045,33.8267],[72.4313,33.8083],[72.4542,33.8125],[72.4635,33.7879],[72.5208,33.7417],[72.4925,33.7283],[72.4995,33.6561],[72.4866,33.6257],[72.4021,33.5921],[72.2917,33.6],[72.2837,33.5608],[72.2833,33.4917],[72.3125,33.425],[72.3792,33.4167],[72.3757,33.3717],[72.4009,33.3298],[72.4649,33.3254],[72.5441,33.3462],[72.6105,33.3328],[72.6491,33.3118],[72.6631,33.2801],[72.6958,33.2792],[72.7004,33.2392],[72.7167,33.225],[72.6833,33.2042],[72.6958,33.1875],[72.7983,33.2129],[72.8667,33.1958],[72.9066,33.2129],[72.9408,33.2077],[72.9509,33.1757],[73.025,33.1458],[73.0948,33.1964],[73.1458,33.1542],[73.2218,33.1328],[73.3093,33.1881],[73.3301,33.1786],[73.4274,33.192],[73.442,33.2267],[73.4292,33.2417],[73.4792,33.2917],[73.5531,33.2869],[73.6134,33.2547],[73.5913,33.3194],[73.5969,33.3409],[73.6232,33.2445],[73.6671,33.2158],[73.6999,33.3104],[73.7294,33.3027],[73.7442,33.3207],[73.7561,33.288],[73.7333,33.2458],[73.7186,33.2514],[73.6941,33.2193],[73.7453,33.24],[73.7437,33.2207],[73.813,33.207],[73.7925,33.1869],[73.8123,33.1622],[73.8508,33.1627],[73.8651,33.1315],[73.8536,33.1145],[73.8273,33.1155],[73.8022,33.1624],[73.7644,33.1812],[73.7369,33.1752],[73.7063,33.2112],[73.6914,33.1997],[73.7009,33.1523],[73.6816,33.141],[73.7358,33.1496],[73.7983,33.133],[73.8409,33.0743],[73.8381,33.027],[73.8603,32.9881],[73.9524,32.9754],[74.0167,32.9958],[74.0208,32.9625],[74.0534,32.9494],[74.0854,32.962],[74.1366,32.9549],[74.1583,32.9792],[74.145,32.9384],[74.1008,32.9076],[74.0958,32.8875],[74.1375,32.8667],[74.1875,32.9042],[74.205,32.9491],[74.2744,32.9866],[74.3453,32.9064],[74.3715,32.7842],[74.4119,32.7439],[74.4173,32.7176],[74.4605,32.7078],[74.4698,32.6818],[74.4821,32.6906],[74.4978,32.6547],[74.5733,32.6413],[74.6032,32.6119],[74.623,32.6161],[74.6604,32.5921],[74.6824,32.5924],[74.7073,32.6172],[74.75,32.6167],[74.695,32.5592],[74.6175,32.5241],[74.6051,32.4674],[74.6397,32.4631],[74.6824,32.4964],[74.7554,32.4828],[74.8105,32.4911],[74.8816,32.4663],[74.975,32.4833],[74.9801,32.4663],[75.0698,32.5214],[75.0917,32.5167],[75.1167,32.5458],[75.1212,32.4767],[75.1661,32.423],[75.1682,32.3917],[75.1842,32.4075],[75.1993,32.3953],[75.2583,32.4208],[75.2792,32.3667],[75.3,32.3583],[75.2833,32.3208],[75.3368,32.2825],[75.3757,32.1592],[75.4345,32.1672],[75.4804,32.1411],[75.575,32.1625],[75.5871,32.1233],[75.5788,32.0858],[75.6131,32.0343],[75.676,31.9881],[75.7116,31.991],[75.7509,31.9342],[75.8163,31.8907],[75.8384,31.8509],[75.9326,31.8284],[75.9833,31.7667],[75.975,31.7417],[76.0257,31.6301],[76.0619,31.6033],[76.075,31.5583],[76.1667,31.4167],[76.0824,31.4214],[75.9965,31.3449],[75.95,31.2583],[75.9907,31.2632],[76.0145,31.3119],[76.0868,31.3384],[76.1186,31.3744],[76.1564,31.3797],[76.1783,31.4033],[76.205,31.2965],[76.258,31.2866],[76.2934,31.2462],[76.3167,31.2458],[76.3842,31.1509],[76.4292,31.1167],[76.4342,31.0884],[76.5083,31.1083],[76.672,30.9661],[76.7235,30.9625],[76.7375,30.9292],[76.7958,30.8958],[76.8467,30.8384],[76.8833,30.825],[76.8754,30.7934],[76.8917,30.7583],[76.9167,30.75],[76.9353,30.7172],[76.9743,30.7078],[77.0083,30.725],[77.0892,30.6837],[77.1458,30.675],[77.1632,30.6092],[77.184,30.5924],[77.1783,30.5587],[77.1382,30.524],[77.1292,30.4833],[77.1467,30.4592],[77.1741,30.4658],[77.1863,30.4455],[77.202,30.4703],[77.2897,30.4839],[77.322,30.5169],[77.3576,30.5036],[77.3875,30.5167],[77.4542,30.4625],[77.5167,30.4542],[77.5313,30.4125],[77.5875,30.425],[77.6074,30.3994],[77.6616,30.4035],[77.7125,30.3375],[77.8634,30.2674],[77.9625,30.2458],[78.0417,30.1],[78.0701,30.0824],[78.075,30.0417],[78.1483,30.0621],[78.1936,30.0381],[78.2625,30.0333],[78.2801,30.0004],[78.3905,29.9203],[78.4077,29.9384],[78.3911,29.9841],[78.4,30.0042],[78.4792,29.9542],[78.4922,29.9218],[78.4792,29.8958],[78.5714,29.8632],[78.5172,29.7855],[78.5047,29.7103],[78.525,29.6917],[78.5553,29.7582],[78.6032,29.7718],[78.6201,29.7965],[78.6625,29.7792],[78.6589,29.7561],[78.6871,29.7142],[78.613,29.6771],[78.6788,29.6324],[78.6775,29.6088],[78.7233,29.5758],[78.7222,29.5697],[78.713,29.5772],[78.71,29.5772],[78.7078,29.5755],[78.7479,29.5221],[78.7614,29.5231],[78.75,29.5375],[78.7992,29.5331],[78.8303,29.5669],[78.9125,29.525],[79.0649,29.5121],[79.1184,29.4712],[79.1313,29.4787],[79.1958,29.4417],[79.1795,29.3816],[79.1895,29.3506],[79.2314,29.3506],[79.2701,29.3714],[79.295,29.3633],[79.3186,29.4078],[79.3811,29.4369],[79.4203,29.4366],[79.4589,29.3757],[79.4466,29.3425],[79.4783,29.3325],[79.5131,29.2927],[79.5083,29.2708],[79.5583,29.2458],[79.5792,29.275],[79.5506,29.3145],[79.5411,29.3605],[79.5215,29.3717],[79.5167,29.3875],[79.5333,29.4],[79.6368,29.3115],[79.6509,29.2716],[79.675,29.2792],[79.7157,29.2536],[79.7917,29.2458],[79.7673,29.2093],[79.8163,29.1782],[79.8542,29.125],[79.8958,29.1375],[79.8965,29.1576],[79.9271,29.1632],[79.9542,29.1958],[80.0426,29.1631],[80.0733,29.1754],[80.1449,29.1577],[80.1551,29.1047],[80.1866,29.0952],[80.2292,29.0458],[80.3125,29.0583],[80.4333,29.0292],[80.383,28.9142],[80.3917,28.85],[80.4059,28.842],[80.4533,28.8382],[80.5271,28.9245],[80.5605,28.9214],[80.6059,28.9413],[80.6366,28.9326],[80.6464,28.9132],[80.6286,28.8821],[80.6375,28.8333],[80.6255,28.7769],[80.6426,28.7048],[80.6559,28.7004],[80.6785,28.7009],[80.6797,28.7176],[80.6546,28.7896],[80.6634,28.8535],[80.7147,28.8756],[80.7375,28.9042],[80.8316,28.867],[80.858,28.885],[80.8625,28.9125],[80.9104,28.8833],[80.9608,28.883],[80.9545,28.835],[81.0458,28.7917],[81.0173,28.7616],[81.0204,28.6937],[81.0047,28.6772],[81.0208,28.5917],[81.0375,28.5875],[81.041,28.6698],[81.091,28.727],[81.1042,28.775],[81.2059,28.6962],[81.2511,28.7461],[81.3533,28.7118],[81.375,28.6167],[81.425,28.5917],[81.4417,28.5542],[81.465,28.5538],[81.4833,28.5271],[81.4705,28.4975],[81.4788,28.4559],[81.4551,28.409],[81.5191,28.4038],[81.6042,28.3375],[81.6375,28.35],[81.7042,28.3375],[81.7866,28.295],[81.7926,28.2757],[81.8441,28.2746],[81.8667,28.2521],[81.8625,28.2375],[81.9241,28.2282],[82.0125,28.1542],[82.0208,28.1],[82.1191,28.0705],[82.3559,27.9504],[82.4965,27.9074],[82.4827,27.8712],[82.4924,27.8427],[82.52,27.8592],[82.5256,27.8948],[82.5451,27.9047],[82.7272,27.8953],[82.7625,27.8667],[82.7417,27.7792],[82.8,27.7667],[82.8287,27.7881],[82.8803,27.7961],[82.9991,27.7964],[83.0167,27.8333],[83.075,27.8375],[83.0798,27.8616],[83.1189,27.8631],[83.1583,27.8958],[83.1824,27.891],[83.2034,27.8619],[83.2354,27.8745],[83.3116,27.8533],[83.3045,27.7809],[83.3159,27.7661],[83.4417,27.7292],[83.4667,27.7542],[83.4715,27.7384],[83.5733,27.7038],[83.6158,27.709],[83.6218,27.7256],[83.7233,27.7121],[83.7983,27.7246],[83.925,27.7042],[83.9301,27.7327],[83.9958,27.7375],[84.0083,27.7667],[84.0353,27.7786],[84.0792,27.7625],[84.1149,27.7746],[84.1583,27.7542],[84.2,27.7667],[84.2009,27.7256],[84.2323,27.716],[84.2625,27.6625],[84.3483,27.6746],[84.3708,27.6417],[84.4667,27.6917],[84.4453,27.6216],[84.4551,27.6004],[84.4917,27.5833],[84.4828,27.572],[84.5483,27.558],[84.6983,27.5746],[84.7214,27.5174],[84.7088,27.4854],[84.725,27.4458],[84.7938,27.441],[84.9309,27.367],[84.9991,27.366],[85.0063,27.3546],[85.1396,27.3667],[85.1592,27.334],[85.1936,27.3172],[85.291,27.3116],[85.3493,27.2783],[85.3811,27.2089],[85.4458,27.1917],[85.4726,27.1629],[85.5083,27.175],[85.565,27.1455],[85.5674,27.0549],[85.7022,27.0881],[85.7504,27.1615],[85.7858,27.1788],[85.8059,27.1629],[85.8333,27.1708],[85.8642,27.1295],[85.8823,27.1464],[85.9371,27.124],[85.9465,27.0884],[86.002,27.0214],[86.1066,27.0163],[86.1833,26.9875],[86.2311,26.9506],[86.2825,26.9533],[86.3476,26.9129],[86.4208,26.9083],[86.4603,26.8881],[86.5625,26.8917],[86.5994,26.823],[86.6048,26.7801],[86.6714,26.7446],[86.6625,26.7125],[86.6767,26.692],[86.7125,26.7083],[86.7163,26.7892],[86.7496,26.8225],[86.7625,26.8625],[86.8274,26.8587],[86.8775,26.8837],[86.9917,26.8625],[87.1083,26.8792],[87.1244,26.8145],[87.0797,26.7605],[87.0786,26.7186],[87.0297,26.6689],[87.0074,26.6131],[86.9672,26.5855],[86.9762,26.5619],[87.0083,26.5792],[87.0464,26.6368],[87.0427,26.6534],[87.0955,26.6892],[87.1642,26.783],[87.2191,26.8004],[87.2542,26.8667],[87.2892,26.8746],[87.3199,26.8548],[87.2007,26.7449],[87.15,26.675],[87.1688,26.6671],[87.2189,26.6839],[87.3,26.7583],[87.3089,26.7216],[87.2786,26.6632],[87.2937,26.625],[87.3,26.6417],[87.3201,26.6342],[87.4078,26.7436],[87.4089,26.7689],[87.4618,26.8134],[87.4759,26.8658],[87.5167,26.8875],[87.5617,26.8868],[87.575,26.8583],[87.5337,26.7858],[87.5464,26.7395],[87.6196,26.6869],[87.6881,26.7799],[87.6673,26.801],[87.6662,26.8396],[87.6384,26.866],[87.6875,26.8833],[87.7208,26.85],[87.7674,26.8286],[87.7833,26.8375],[87.7801,26.8216],[87.802,26.8131],[87.8829,26.8077],[87.9075,26.8132],[87.9228,26.841],[87.9858,26.8504],[88.0476,26.8955],[88.0708,26.8958],[88.1208,26.95],[88.1833,26.8875],[88.245,26.895],[88.2625,26.8667],[88.3125,26.9292],[88.3917,26.9167],[88.405,26.8759],[88.4625,26.8625],[88.5083,26.7917],[88.5813,26.784],[88.616,26.8133],[88.6292,26.8875],[88.7119,26.9645],[88.7339,27.0507],[88.7078,27.1091],[88.7292,27.1375],[88.7708,27.0917],[88.8158,27.0783],[88.8299,27.0133],[88.8576,27.0031],[88.8625,26.95],[88.8845,26.9411],[88.9137,26.9589],[88.9451,26.9549],[88.9718,27.0157],[89.0208,27.0375],[89.0286,26.9049],[89.0342,26.8923],[89.05,26.9],[89.0458,26.8833],[89.0951,26.9006],[89.1616,26.8869],[89.2191,26.8996],[89.2375,26.8875],[89.2728,26.9036],[89.3176,26.8994],[89.3375,26.9208],[89.3493,26.8953],[89.4118,26.9131],[89.4614,26.9039],[89.5108,26.9288],[89.5625,26.8042],[89.6397,26.7828],[89.6708,26.7542],[89.7184,26.7496],[89.7333,26.7667],[89.8167,26.7875],[89.8208,26.8458],[89.8676,26.8119],[89.8882,26.8256],[89.9741,26.7911],[90.0244,26.8051],[90.0408,26.8297],[90.0824,26.8256],[90.1034,26.8506],[90.1417,26.8542],[90.1866,26.8285],[90.1965,26.7509],[90.2292,26.6958],[90.2536,26.7145],[90.2381,26.7551],[90.2422,26.8147],[90.3119,26.9134],[90.3186,26.9536],[90.3704,26.9324],[90.4036,26.8939],[90.4173,26.8051],[90.4536,26.7574],[90.4631,26.7061],[90.4783,26.7006],[90.4542,26.8333],[90.4369,26.8574],[90.4422,26.9355],[90.5083,26.9542],[90.548,26.9464],[90.5782,26.9756],[90.5917,26.9708],[90.5785,26.9133],[90.5468,26.9116],[90.4923,26.8051],[90.5201,26.8134],[90.5659,26.8631],[90.5938,26.859],[90.6132,26.8825],[90.6417,26.8875],[90.6917,26.9625],[90.7275,26.9621],[90.7875,26.8958],[90.8396,26.8921],[90.8614,26.8956],[90.8721,26.9169],[90.9521,26.9042],[91.027,26.9494],[91.0506,26.9405],[91.0509,26.9089],[91.0826,26.9036],[91.1688,26.9333],[91.1896,26.9213],[91.2159,26.9339],[91.3333,26.925],[91.4375,26.975],[91.4462,26.9475],[91.4288,26.9142],[91.4476,26.8587],[91.5108,26.8754],[91.5267,26.8996],[91.5792,26.925],[91.6167,26.8917],[91.6525,26.8913],[91.6733,26.8538],[91.7788,26.8801],[91.8,26.9583],[91.7667,27.0],[91.8,27.0167],[91.8496,26.9941],[91.8583,26.9458],[91.8792,26.9333],[91.9667,26.9708],[92.0434,26.9295],[92.0829,26.9325],[92.105,26.8956],[92.1283,26.8965],[92.1467,26.9368],[92.1828,26.9509],[92.1926,26.9829],[92.2118,26.9884],[92.2126,27.0193],[92.3033,27.0785],[92.3344,27.041],[92.3583,27.0404],[92.3549,27.0133],[92.408,26.9774],[92.4254,26.91],[92.4176,26.8299],[92.5445,26.7285],[92.5367,26.791],[92.4885,26.8171],[92.4298,26.9424],[92.4337,27.0066],[92.4807,27.0548],[92.5252,27.0534],[92.5517,27.0004],[92.6083,26.9917],[92.6241,27.0044],[92.6917,26.9708],[92.7187,26.991],[92.7699,26.9869],[92.7858,26.9996],[92.8167,26.9667],[92.8866,26.9842],[92.925,27.0583],[92.9875,27.025],[93.0292,26.9458],[93.0483,26.942],[93.0887,26.9714],[93.1199,26.9618],[93.1858,26.9288],[93.225,26.8833],[93.2583,26.8958],[93.2676,26.9243],[93.3042,26.9458],[93.3129,26.972],[93.3009,26.9911],[93.3855,26.9797],[93.409,27.0158],[93.4375,27.025],[93.4603,26.9922],[93.4993,27.0047],[93.5316,26.9962],[93.5424,27.0159],[93.7066,27.0629],[93.7542,27.0958],[93.7458,27.1417],[93.8167,27.175],[93.8375,27.2292],[93.8255,27.2438],[93.8494,27.2718],[93.8292,27.3208],[93.8792,27.3375],[93.9125,27.3833],[93.9457,27.3846],[94.0342,27.4533],[94.0925,27.4783],[94.1316,27.4788],[94.1667,27.4583],[94.2326,27.4964],[94.2808,27.4834],[94.2596,27.5297],[94.2896,27.4792],[94.325,27.4875],[94.3078,27.551],[94.3375,27.5833],[94.4125,27.5917],[94.441,27.5647],[94.4452,27.502],[94.4087,27.3892],[94.4312,27.3667],[94.47,27.3884],[94.4703,27.4113],[94.4964,27.4343],[94.4786,27.4571],[94.4958,27.4875],[94.4663,27.5725],[94.4833,27.6],[94.4333,27.6375],[94.4382,27.67],[94.4738,27.6834],[94.475,27.7042],[94.5118,27.6924],[94.5125,27.7125],[94.5771,27.75],[94.6784,27.7757],[94.7062,27.8035],[94.7729,27.7755],[94.8908,27.8215],[94.8929,27.8506],[94.9042,27.8375],[94.945,27.8509],[95.0116,27.9215],[95.0047,27.9564],[95.0365,27.9921],[95.0385,28.0243],[95.1125,28.0333],[95.2103,28.0786],[95.2436,28.0464],[95.2814,28.0381],[95.3333,28.0875],[95.342,28.135],[95.3292,28.1667],[95.3729,28.1542],[95.4464,28.1887],[95.4667,28.2542],[95.4941,28.2538],[95.5202,28.2199],[95.5631,28.0841],[95.541,28.0217],[95.4792,27.9708],[95.5006,27.8842],[95.5251,27.8887],[95.5244,27.9671],[95.5616,28.0003],[95.584,28.0755],[95.5881,28.138],[95.566,28.263],[95.5882,28.3033],[95.6267,28.2754],[95.7077,28.2616],[95.709,28.1342],[95.7258,28.1259],[95.8524,28.1538],[95.8816,28.1371],[95.9375,28.1417],[95.9583,28.0792],[96.0021,28.0755],[96.0366,28.0991],[96.0547,28.0591],[96.0292,27.9083],[96.0542,27.9],[96.0466,27.8632],[96.1108,27.8754],[96.1316,27.8455],[96.2042,27.85],[96.175,27.8167],[96.1298,27.7991],[96.1292,27.7792],[96.1526,27.7875],[96.176,27.7379],[96.2167,27.725],[96.1879,27.6066],[96.2078,27.5728],[96.1578,27.5155],[96.1583,27.4833],[96.2066,27.483],[96.2246,27.4649],[96.2116,27.4384],[96.1429,27.4339],[96.1208,27.4193],[96.1163,27.3892],[96.0816,27.367],[96.0145,27.3839],[95.9833,27.4125],[95.9755,27.3979],[95.9955,27.374],[95.9792,27.3667],[95.9875,27.3104],[95.9663,27.276],[95.9217,27.2673],[95.9032,27.3047],[95.8772,27.2506],[95.8105,27.2047],[95.759,27.1908],[95.7189,27.1547],[95.6917,27.1542],[95.6741,27.1991],[95.6423,27.2187],[95.6409,27.2409],[95.5949,27.2328],[95.5292,27.2667],[95.551,27.1927],[95.5881,27.1867],[95.5708,27.15],[95.4341,27.141],[95.4292,27.1292],[95.4233,27.1413],[95.3851,27.1413],[95.3708,27.1],[95.3387,27.1047],[95.35,27.05],[95.3104,27.0495],[95.284,27.0283],[95.2625,27.0027],[95.2579,26.9593],[95.1539,26.8804],[95.128,26.8961],[95.0784,26.8964],[95.0667,26.8833],[95.0238,26.9129],[94.9833,26.8875],[94.9869,26.8686],[94.9616,26.8465],[94.9434,26.842],[94.9137,26.8714],[94.898,26.8547],[94.8625,26.8542],[94.8125,26.7792],[94.7686,26.7786],[94.7574,26.7298],[94.7053,26.7038],[94.6581,26.7091],[94.6542,26.7417],[94.5917,26.7458],[94.6131,26.7196],[94.6119,26.6728],[94.5833,26.6333],[94.5676,26.6327],[94.5672,26.5908],[94.5382,26.5782],[94.5159,26.53],[94.4574,26.4843],[94.4292,26.5083],[94.3684,26.483],[94.3076,26.4051],[94.2605,26.3672],[94.2259,26.3618],[94.167,26.3066],[94.1417,26.2792],[94.1327,26.2342],[94.0583,26.1708],[94.0449,26.109],[94.0042,26.064],[94.0167,26.0542],[93.9962,26.0316],[94.0042,26.0],[93.9441,25.9788],[93.9104,26.0167],[93.8925,26.0158],[93.8728,25.9631],[93.8369,26.0314],[93.8125,26.0583],[93.8,26.0542],[93.8004,26.0142],[93.8487,25.9036],[93.8047,25.9214],[93.7728,25.9131],[93.7667,25.9625],[93.7313,25.9546],[93.6833,25.9792],[93.692,25.9975],[93.6785,26.0272],[93.609,26.0717],[93.6,26.1125],[93.5795,26.0983],[93.575,26.0458],[93.4625,25.9833],[93.4542,25.9625],[93.4135,25.9617],[93.4077,25.9217],[93.3797,25.9478],[93.3839,25.9738],[93.35,26.0375],[93.3311,26.0369],[93.3009,26.016],[93.3006,25.9845],[93.2712,25.9775],[93.2587,25.9233],[93.2375,25.9083],[93.1892,25.892],[93.1542,25.9208],[93.1132,25.895],[93.1042,25.8458],[93.0066,25.8545],[92.9858,25.8371],[92.9542,25.8458],[92.9426,25.8992],[92.9696,25.9172],[93.0061,25.8964],[93.0542,25.8958],[93.0051,25.909],[92.9566,25.9621],[92.855,25.949],[92.8369,25.9321],[92.85,25.9167],[92.8208,25.8833],[92.8054,25.9172],[92.7833,25.8958],[92.7923,25.9299],[92.7625,25.9542],[92.7458,25.9458],[92.7239,25.8831],[92.6686,25.8953],[92.6051,25.8703],[92.5542,25.8708],[92.5381,25.8895],[92.5465,25.9323],[92.5298,25.9437],[92.5284,25.974],[92.505,25.9705],[92.4909,25.9216],[92.4306,25.8952],[92.4033,25.9451],[92.3592,25.9467],[92.3542,25.9708],[92.3272,25.9828],[92.2345,25.9703],[92.2042,26.0083],[92.15,25.9792],[92.1158,26.0077],[92.0717,26.0131],[92.0951,26.0383],[92.0866,26.0702],[92.0613,26.0536],[92.0095,26.0751],[91.9396,26.0338],[91.9243,26.0547],[91.8759,26.0408],[91.8708,25.9875],[91.8368,26.0048],[91.7863,25.9624],[91.7667,25.9708],[91.7625,26.0042],[91.7316,26.0413],[91.702,26.0411],[91.634,25.9824],[91.6283,25.9549],[91.577,25.9786],[91.5092,25.9451],[91.4741,25.9036],[91.4417,25.9708],[91.4712,26.003],[91.427,26.041],[91.416,26.0139],[91.4256,25.9968],[91.4133,25.995],[91.3867,25.9091],[91.3392,25.9121],[91.2917,25.8917],[91.3006,25.9466],[91.2831,25.9742],[91.3083,25.9804],[91.2825,26.02],[91.2508,26.0344],[91.254,26.0616],[91.2259,26.0673],[91.2206,26.0452],[91.1792,26.0542],[91.1629,26.0358],[91.1964,25.9613],[91.1786,25.9301],[91.2,25.9083],[91.1994,25.8853],[91.1608,25.8587],[91.1342,25.8743],[91.0579,25.801],[91.025,25.7958],[91.0083,25.8375],[90.9716,25.8466],[90.9994,25.9811],[91.0,26.0208],[90.9858,26.033],[90.9632,26.0158],[90.9661,25.9686],[90.9411,25.9426],[90.9494,25.8676],[90.9341,25.8536],[90.9196,25.8714],[90.9,25.8417],[90.8559,25.8587],[90.8542,25.8833],[90.8208,25.8667],[90.7962,25.8892],[90.7858,25.933],[90.7042,25.8667],[90.7003,25.8905],[90.675,25.9042],[90.5708,25.9],[90.5786,25.9593],[90.608,26.0059],[90.5937,26.0333],[90.5366,25.9592],[90.4963,25.9354],[90.4993,25.9051],[90.4708,25.875],[90.4338,25.8965],[90.4135,25.8952],[90.4032,25.8706],[90.3708,25.875],[90.3797,25.9257],[90.3625,25.9542],[90.375,25.9833],[90.1847,26.0381],[90.1744,25.9811],[90.1458,25.9708],[90.1544,25.9009],[90.1354,25.8963],[90.12,25.9201],[90.0583,25.925],[90.0047,25.8938],[90.0741,25.8702],[90.0879,25.8059],[90.0792,25.7542],[89.9397,25.7953],[89.8917,25.775],[89.8908,25.8253],[89.8634,25.8163],[89.8541,25.7762],[89.7672,25.7647],[89.7375,25.7042],[89.75,25.6542],[89.7855,25.6589],[89.8532,25.7172],[89.8868,25.7172],[89.9142,25.6879],[89.9525,25.6913],[89.9726,25.6545],[90.0165,25.649],[90.0416,25.6097],[90.0202,25.5945],[90.0328,25.5688],[90.0122,25.5576],[90.0125,25.525],[90.059,25.4841],[90.05,25.4417],[90.0742,25.441],[90.0809,25.4087],[90.1203,25.405],[90.1384,25.4336],[90.1745,25.4202],[90.2158,25.4366],[90.2167,25.3417],[90.2729,25.325],[90.3,25.3333],[90.3667,25.3042],[90.4625,25.3167],[90.4632,25.2968],[90.5076,25.2825],[90.5342,25.2259],[90.5892,25.2045],[90.6125,25.2],[90.6512,25.2339],[90.6771,25.2171],[90.7367,25.2258],[90.7542,25.3125],[90.8417,25.2875],[90.8909,25.3006],[90.9125,25.2792],[90.9637,25.3047],[90.9917,25.2625],[91.0355,25.2828],[91.077,25.2506],[91.1108,25.2788],[91.177,25.2297],[91.2125,25.25],[91.3167,25.2542],[91.3465,25.1926],[91.366,25.1866],[91.3756,25.0885],[91.3958,25.075],[91.4087,25.2108],[91.4333,25.2125],[91.4424,25.249],[91.4896,25.2464],[91.5708,25.275],[91.6134,25.2298],[91.6689,25.2172],[91.7158,25.2592],[91.7167,25.2833],[91.7476,25.2504],[91.7812,25.2542],[91.8208,25.2333],[91.85,25.2458],[91.8854,25.1673],[92.0033,25.145],[92.0157,25.1286],[92.0339,25.1451],[92.0214,25.173],[92.0532,25.2256],[92.0667,25.225],[92.0674,25.1758],[92.1006,25.1656],[92.0827,25.1527],[92.0928,25.1372],[92.1241,25.1298],[92.1949,25.1493],[92.2051,25.1257],[92.2292,25.1167],[92.3292,25.1208],[92.3619,25.1467],[92.3667,25.175],[92.4358,25.1621],[92.4424,25.1259],[92.5333,25.0958],[92.6324,25.1048],[92.6479,25.1204],[92.6958,25.1125],[92.7284,25.1259],[92.7313,25.1454],[92.8208,25.1667],[92.8716,25.1453],[92.9174,25.1547],[92.9405,25.1369],[92.97,25.1491],[92.9759,25.1339],[93.0198,25.1327],[93.025,25.1042],[93.0458,25.1],[93.1134,25.145],[93.15,25.15],[93.158,25.0892],[93.1417,25.05],[93.1705,25.0316],[93.1708,24.9917],[93.2407,24.9579],[93.25,24.975],[93.2958,24.9833],[93.2744,24.8978],[93.1871,24.7434],[93.1785,24.6134],[93.1339,24.5522],[93.1375,24.5292],[93.1042,24.4542],[93.0608,24.467],[92.9767,24.433],[92.9621,24.3892],[92.8899,24.3337],[92.8542,24.3792],[92.8157,24.3423],[92.7784,24.3328],[92.7625,24.3375],[92.7714,24.3905],[92.7605,24.3953],[92.7215,24.3551],[92.7161,24.3841],[92.7375,24.45],[92.7228,24.4536],[92.697,24.4036],[92.6715,24.4116],[92.6547,24.3855],[92.6167,24.2417],[92.5792,24.2417],[92.5538,24.1767],[92.5292,24.1667],[92.5083,24.0708],[92.4667,24.0667],[92.4617,24.0909],[92.3965,24.0991],[92.3792,24.0292],[92.3645,24.0298],[92.3149,24.083],[92.2792,24.0833],[92.275,23.9917],[92.2446,24.0001],[92.2222,23.9827],[92.1892,24.0038],[92.1524,23.9795],[92.0958,23.9792],[92.0824,23.959],[92.0449,23.9714],[92.0042,23.9375],[92.0244,23.898],[92.0121,23.8726],[91.9542,23.8708],[91.975,23.7333],[91.9464,23.7323],[91.9452,23.6967],[91.9087,23.6691],[91.9254,23.6233],[91.8996,23.5816],[91.9254,23.5316],[91.9,23.5125],[91.9241,23.5159],[91.9375,23.4708],[91.9524,23.4712],[91.9714,23.4882],[91.9583,23.5375],[92.0292,23.5292],[92.0205,23.51],[92.0381,23.4061],[92.1163,23.3024],[92.1672,23.1311],[92.18,23.1134],[92.2167,23.1167],[92.2422,23.0718],[92.213,23.0055],[92.2421,23.0265],[92.2271,23.0026],[92.2431,23.0015],[92.2182,22.9842],[92.2376,22.9921],[92.225,22.975],[92.2908,22.9756],[92.3033,23.0089],[92.3286,22.9897],[92.309,22.9658],[92.3083,22.8958],[92.2875,22.9083],[92.2828,22.8966],[92.2964,22.8424],[92.2828,22.8174],[92.2902,22.78],[92.3148,22.751],[92.2932,22.7456],[92.2929,22.708],[92.3215,22.7007],[92.2982,22.6868],[92.2691,22.708],[92.2631,22.6978],[92.3033,22.6744],[92.3328,22.6314],[92.4167,22.425],[92.3994,22.3926],[92.3729,22.3995],[92.3491,22.3757],[92.3333,22.3792],[92.3587,22.3309],[92.3917,22.3125],[92.35,22.2958],[92.3494,22.2634],[92.3244,22.2466],[92.3244,22.1966],[92.3417,22.1458],[92.3828,22.1314],[92.3542,22.0813],[92.3622,22.0553],[92.3869,22.0439],[92.3837,22.0184],[92.4545,22.0059],[92.4576,21.9716],[92.4339,21.9438],[92.4284,21.9049],[92.3997,21.8991],[92.4,21.8833],[92.4617,21.8575],[92.4829,21.8229],[92.4574,21.7632],[92.417,21.7434],[92.4381,21.6759],[92.4661,21.6605],[92.525,21.5667],[92.5167,21.525],[92.4728,21.5297],[92.4535,21.5783],[92.4271,21.5871],[92.3908,21.5298],[92.3476,21.5212],[92.3353,21.5328],[92.3032,21.484],[92.2125,21.4583],[92.2035,21.4823],[92.2298,21.5213],[92.2167,21.5625],[92.1854,21.5667],[92.1458,21.5417],[92.1625,21.475],[92.1366,21.4797],[92.1116,21.4549],[92.0824,21.4507],[92.0042,21.4708],[91.9782,21.4539],[91.9708,21.475],[91.9996,21.5142],[91.9913,21.5809],[92.008,21.6017],[91.9958,21.6583],[91.9784,21.5091],[91.9133,21.4993],[91.9146,21.4702],[91.8676,21.4968],[91.841,21.5288],[91.884,21.5437],[91.8577,21.5604],[91.8875,21.6458],[91.8545,21.6642],[91.8538,21.6892],[91.9121,21.8309],[91.9119,21.8855],[91.8661,22.0049],[91.8756,22.0507],[91.8576,22.1241],[91.844,22.1119],[91.8298,22.1312],[91.8125,22.2333],[91.7983,22.2246],[91.7629,22.2684],[91.7411,22.4022],[91.6785,22.5283],[91.5493,22.6699],[91.4635,22.7171],[91.4413,22.7865],[91.4238,22.7453],[91.3812,22.7829],[91.3667,22.775],[91.3922,22.7634],[91.3855,22.7506],[91.3011,22.7461],[91.2635,22.6953],[91.2375,22.7042],[91.2744,22.6605],[91.284,22.6381],[91.2702,22.6323],[91.2881,22.6283],[91.2657,22.5635],[91.1918,22.5321],[91.1833,22.5208],[91.2071,22.5085],[91.1564,22.4672],[91.1203,22.4679],[91.1354,22.4993],[91.0799,22.4577],[91.0784,22.4954],[91.0639,22.4832],[91.0502,22.5278],[90.9999,22.5737],[90.8873,22.6575],[90.8305,22.6793],[90.7798,22.7646],[90.7746,22.8441],[90.7441,22.8871],[90.7176,22.8796],[90.6464,22.9811],[90.6339,23.0145],[90.6333,23.2208],[90.5964,23.1897],[90.55,23.0555],[90.5965,22.9627],[90.6007,22.9252],[90.5827,22.9089],[90.6132,22.9026],[90.6063,22.884],[90.5785,22.8825],[90.6112,22.8751],[90.6207,22.8882],[90.6786,22.8314],[90.6781,22.7923],[90.6587,22.7892],[90.7045,22.6559],[90.7621,22.6024],[90.7754,22.5434],[90.8712,22.435],[90.842,22.3649],[90.8452,22.2645],[90.8161,22.1228],[90.7009,21.9827],[90.7167,22.0208],[90.6774,21.9962],[90.6208,21.9958],[90.5784,21.884],[90.5383,21.8826],[90.5486,21.8452],[90.5403,21.8576],[90.505,21.8632],[90.5167,21.8861],[90.4952,21.8744],[90.4869,21.9008],[90.5072,21.9082],[90.4999,21.9179],[90.5089,21.9355],[90.5408,21.9633],[90.5369,21.9823],[90.5668,21.9887],[90.5494,21.9967],[90.5958,22.0333],[90.6163,22.0976],[90.6163,22.1809],[90.6746,22.2726],[90.6754,22.385],[90.658,22.4142],[90.6708,22.475],[90.6579,22.5532],[90.6042,22.5625],[90.5992,22.5425],[90.575,22.55],[90.6,22.5208],[90.6052,22.5492],[90.6207,22.5548],[90.659,22.5418],[90.6452,22.5293],[90.6451,22.3745],[90.6333,22.3833],[90.6036,22.2769],[90.5339,22.2064],[90.5244,22.1676],[90.5051,22.1659],[90.4703,22.1103],[90.3389,21.9874],[90.3369,22.0216],[90.3869,22.0853],[90.3799,22.1241],[90.3797,22.0824],[90.3385,22.0538],[90.2618,21.8385],[90.1896,21.7964],[90.0961,21.8219],[90.084,21.8617],[90.1,21.8792],[90.0772,21.8589],[90.0311,21.8714],[90.0203,21.9257],[90.0244,21.9488],[90.0699,21.9714],[90.0881,22.0439],[90.1551,22.116],[90.1924,22.1078],[90.2203,22.1311],[90.2381,22.2007],[90.2167,22.2292],[90.2083,22.3375],[90.2077,22.237],[90.234,22.1909],[90.2034,22.1216],[90.152,22.1202],[90.0844,22.0538],[90.0574,21.9747],[89.9923,22.0011],[89.9828,22.0344],[90.0199,22.0465],[90.0125,22.0625],[89.9842,22.0491],[89.9744,22.0159],[89.9922,21.9618],[89.9689,21.9422],[89.9342,21.9545],[89.9154,22.0208],[89.8925,22.0128],[89.8971,22.0374],[89.9132,22.0336],[89.8952,22.061],[89.909,22.1462],[89.8744,22.2396],[89.8621,22.2327],[89.8494,22.2549],[89.8994,22.3395],[89.8994,22.3781],[89.9739,22.4378],[89.9869,22.4687],[89.9882,22.495],[90.0125,22.4958],[89.9845,22.5006],[89.9788,22.4559],[89.9566,22.4295],[89.8975,22.3871],[89.8792,22.3958],[89.8913,22.3601],[89.842,22.2691],[89.8379,22.2267],[89.8962,22.16],[89.8792,22.0917],[89.8483,22.0629],[89.8042,22.0708],[89.858,22.0358],[89.8788,21.8976],[89.8559,21.8705],[89.8417,21.875],[89.8411,21.8509],[89.7802,21.8286],[89.7698,21.8494],[89.7458,21.8542],[89.7257,21.8286],[89.6926,21.8422],[89.6759,21.8328],[89.666,21.8741],[89.6559,21.8538],[89.6292,21.8708],[89.7047,21.7926],[89.7035,21.7718],[89.6353,21.7506],[89.6078,21.7637],[89.6083,21.8042],[89.5911,21.7632],[89.6125,21.7223],[89.5966,21.7119],[89.5635,21.7131],[89.5464,21.7353],[89.5328,21.7659],[89.5464,21.7929],[89.5286,21.8201],[89.5387,21.8547],[89.5544,21.8554],[89.5381,21.9616],[89.6004,22.1309],[89.5478,22.2078],[89.5839,22.1074],[89.5324,21.9911],[89.5078,22.0219],[89.5339,22.0801],[89.5131,22.1011],[89.4756,22.2176],[89.4912,22.2646],[89.4744,22.3022],[89.4339,22.352],[89.4464,22.4052],[89.4286,22.4855],[89.4083,22.5208],[89.4412,22.3854],[89.4257,22.3468],[89.4797,22.2759],[89.4589,22.202],[89.5214,22.0718],[89.4968,22.0286],[89.4744,22.036],[89.5131,21.9591],[89.5119,21.9135],[89.4535,21.905],[89.4755,21.9033],[89.4535,21.8498],[89.4757,21.7869],[89.4532,21.7551],[89.4159,21.7216],[89.3914,21.7202],[89.3548,21.7562],[89.3452,21.8132],[89.3785,21.877],[89.384,21.9127],[89.3507,22.0145],[89.3667,22.05],[89.3422,22.0272],[89.3547,21.9826],[89.3449,21.9703],[89.2881,22.0561],[89.3047,22.0884],[89.299,22.0952],[89.2619,22.0926],[89.2839,22.148],[89.3203,22.1853],[89.3083,22.2125],[89.3121,22.1809],[89.2795,22.1566],[89.2663,22.11],[89.2458,22.1],[89.2618,22.0828],[89.2964,22.0841],[89.2797,22.052],[89.3631,21.9132],[89.3619,21.8968],[89.325,21.875],[89.3715,21.8795],[89.3369,21.8133],[89.3346,21.7834],[89.3074,21.8506],[89.3035,21.8174],[89.2785,21.8326],[89.2744,21.8747],[89.2952,21.9021],[89.2904,21.9125],[89.2596,21.9125],[89.2355,21.941],[89.2077,21.9535],[89.2458,21.9833],[89.2049,21.9615],[89.2035,21.9492],[89.2175,21.934],[89.2397,21.9327],[89.2501,21.9137],[89.2881,21.9037],[89.2715,21.8813],[89.2672,21.8354],[89.291,21.7897],[89.2789,21.6968],[89.2965,21.6764],[89.2438,21.6506],[89.2051,21.6544],[89.2244,21.7104],[89.1764,21.8051],[89.1918,21.8342],[89.2085,21.9091],[89.17,21.8008],[89.157,21.791],[89.1003,21.8092],[89.0994,21.8688],[89.0785,21.8992],[89.091,22.0063],[89.0464,22.0895],[89.0667,22.125],[89.0217,22.163],[89.0199,22.2032],[88.9674,22.2093],[88.9619,22.2397],[88.95,22.25],[88.9672,22.1728],[88.9759,22.1592],[88.9875,22.1542],[88.9716,22.195],[89.016,22.1993],[89.0174,22.1591],[89.0535,22.1313],[89.0327,22.0918],[89.0798,21.996],[89.0576,21.9239],[89.0632,21.8854],[89.0882,21.861],[89.0798,21.8104],[89.1325,21.7739],[89.1492,21.7297],[89.1088,21.7174],[89.041,21.7849],[89.0577,21.8604],[89.0239,21.9038],[89.0263,21.9249],[89.0151,21.8993],[89.0021,21.9007],[88.9298,21.9396],[88.9257,21.9646],[88.9465,21.9915],[88.934,22.0618],[88.9743,22.0729],[88.9965,22.1332],[88.9875,22.15],[88.9701,22.0759],[88.9244,22.0593],[88.9381,21.9966],[88.9216,21.9786],[88.9047,22.0314],[88.9083,21.9292],[89.0339,21.8635],[89.0214,21.7686],[89.0964,21.6676],[89.0952,21.6343],[89.0674,21.6161],[89.0417,21.6208],[89.0213,21.5994],[88.9592,21.6132],[88.9369,21.645],[88.9548,21.6829],[88.9492,21.6995],[88.9202,21.718],[88.9298,21.737],[88.9208,21.7583],[88.9174,21.7175],[88.9453,21.6896],[88.9242,21.63],[88.8931,21.6459],[88.8702,21.695],[88.8786,21.7563],[88.8341,21.7798],[88.8536,21.8813],[88.8161,21.9245],[88.8536,21.9119],[88.8625,21.9167],[88.8272,21.9369],[88.8,21.9208],[88.8423,21.8918],[88.8215,21.8354],[88.834,21.813],[88.8243,21.7918],[88.8354,21.7673],[88.8673,21.7614],[88.841,21.7127],[88.8618,21.6354],[88.8485,21.616],[88.8077,21.6307],[88.8201,21.6604],[88.8138,21.7069],[88.8002,21.6535],[88.7752,21.6632],[88.7417,21.6583]],[[88.7493,22.0676],[88.75,22.075],[88.7458,22.0667],[88.7493,22.0676]],[[88.7546,22.0762],[88.7512,22.0797],[88.75,22.075],[88.7546,22.0762]],[[88.7155,22.0087],[88.7119,22.0054],[88.7167,22.0042],[88.7155,22.0087]],[[88.475,21.7958],[88.467,21.7991],[88.4675,21.7965],[88.475,21.7958]],[[88.353,21.6879],[88.3494,21.6845],[88.3542,21.6833],[88.353,21.6879]],[[88.1708,21.9167],[88.1741,21.9247],[88.1715,21.9242],[88.1708,21.9167]],[[68.2697,23.7046],[68.2661,23.7012],[68.2708,23.7],[68.2697,23.7046]],[[67.5546,23.9137],[67.5512,23.9172],[67.55,23.9125],[67.5546,23.9137]],[[67.5337,23.9262],[67.5304,23.9297],[67.5292,23.925],[67.5337,23.9262]],[[67.2759,24.5119],[67.284,24.5199],[67.275,24.5208],[67.2759,24.5119]],[[90.5167,26.95],[90.5134,26.9467],[90.5167,26.9458],[90.5167,26.95]],[[90.4587,25.897],[90.4554,25.9006],[90.4542,25.8958],[90.4587,25.897]],[[91.8708,21.575],[91.8738,21.5661],[91.8756,21.5737],[91.8708,21.575]],[[91.8875,21.6458],[91.8908,21.6538],[91.8882,21.6533],[91.8875,21.6458]],[[91.1417,22.5],[91.1458,22.5042],[91.1425,22.5033],[91.1417,22.5]],[[91.1458,22.5042],[91.1733,22.5129],[91.1792,22.5208],[91.1507,22.5199],[91.1458,22.5042]],[[90.6572,22.7962],[90.6536,22.7929],[90.6583,22.7917],[90.6572,22.7962]],[[90.7167,22.0208],[90.7208,22.025],[90.7175,22.0241],[90.7167,22.0208]],[[90.7208,22.025],[90.725,22.0292],[90.7217,22.0283],[90.7208,22.025]],[[90.725,22.0292],[90.7283,22.0372],[90.7257,22.0367],[90.725,22.0292]],[[90.6042,22.5625],[90.6,22.5667],[90.6009,22.5634],[90.6042,22.5625]],[[90.6,22.5667],[90.5958,22.5708],[90.5967,22.5675],[90.6,22.5667]],[[90.5947,22.5754],[90.5911,22.572],[90.5958,22.5708],[90.5947,22.5754]],[[90.6007,22.5134],[90.6042,22.5125],[90.6,22.5208],[90.6007,22.5134]],[[90.6115,22.5118],[90.6094,22.4746],[90.6339,22.4905],[90.6115,22.5118]],[[90.6333,22.3833],[90.6292,22.3875],[90.63,22.3842],[90.6333,22.3833]],[[90.6292,22.3875],[90.625,22.3917],[90.6259,22.3884],[90.6292,22.3875]],[[90.625,22.3917],[90.6137,22.4089],[90.6079,22.4071],[90.625,22.3917]],[[89.9012,22.0579],[89.9047,22.0613],[89.9,22.0625],[89.9012,22.0579]],[[89.8405,21.8796],[89.8369,21.8762],[89.8417,21.875],[89.8405,21.8796]],[[89.7452,21.8647],[89.741,21.8555],[89.7458,21.8542],[89.7452,21.8647]],[[89.6292,21.8708],[89.6262,21.8797],[89.6244,21.8721],[89.6292,21.8708]],[[89.6083,21.8042],[89.6042,21.8083],[89.605,21.805],[89.6083,21.8042]],[[89.6033,21.8118],[89.5958,21.8125],[89.6042,21.8083],[89.6033,21.8118]],[[89.5958,21.8125],[89.5917,21.8167],[89.5925,21.8134],[89.5958,21.8125]],[[89.5917,21.8167],[89.5875,21.8208],[89.5884,21.8175],[89.5917,21.8167]],[[89.5875,21.8208],[89.5833,21.825],[89.5842,21.8217],[89.5875,21.8208]],[[89.5824,21.8285],[89.575,21.8292],[89.5833,21.825],[89.5824,21.8285]],[[89.575,21.8292],[89.5708,21.8333],[89.5717,21.83],[89.575,21.8292]],[[89.5642,21.8337],[89.565,21.8413],[89.5583,21.8417],[89.5642,21.8337]],[[89.5572,21.8462],[89.5536,21.8429],[89.5583,21.8417],[89.5572,21.8462]],[[89.325,21.875],[89.3208,21.8708],[89.3241,21.8717],[89.325,21.875]],[[89.3163,21.8697],[89.3196,21.8661],[89.3208,21.8708],[89.3163,21.8697]],[[89.0667,22.125],[89.0708,22.1292],[89.0675,22.1283],[89.0667,22.125]],[[89.0754,22.1303],[89.072,22.1339],[89.0708,22.1292],[89.0754,22.1303]],[[89.025,21.925],[89.0208,21.9292],[89.0217,21.9259],[89.025,21.925]],[[89.0208,21.9292],[89.0167,21.9333],[89.0175,21.93],[89.0208,21.9292]],[[89.0167,21.9333],[89.0125,21.9375],[89.0134,21.9342],[89.0167,21.9333]],[[89.0125,21.9375],[89.0045,21.9408],[89.005,21.9382],[89.0125,21.9375]],[[89.0405,21.6254],[89.0369,21.622],[89.0417,21.6208],[89.0405,21.6254]],[[67.3458,24.7583],[67.3488,24.7494],[67.3506,24.7571],[67.3458,24.7583]],[[67.3458,24.7583],[67.3542,24.775],[67.3333,24.7625],[67.3458,24.7583]],[[67.2046,24.722],[67.2012,24.7256],[67.2,24.7208],[67.2046,24.722]],[[67.1954,24.7197],[67.1988,24.7161],[67.2,24.7208],[67.1954,24.7197]],[[67.3417,24.65],[67.3375,24.6417],[67.3417,24.6417],[67.3417,24.65]],[[67.3462,24.6512],[67.3429,24.6547],[67.3417,24.65],[67.3462,24.6512]],[[67.4394,24.6453],[67.4328,24.6388],[67.4458,24.6458],[67.4394,24.6453]],[[67.4458,24.6458],[67.4491,24.6538],[67.4465,24.6533],[67.4458,24.6458]],[[67.3465,24.4824],[67.3458,24.475],[67.35,24.4833],[67.3465,24.4824]],[[67.3413,24.4738],[67.3446,24.4703],[67.3458,24.475],[67.3413,24.4738]],[[67.3506,24.4906],[67.3589,24.4905],[67.3571,24.4962],[67.3506,24.4906]],[[67.3322,24.4879],[67.3286,24.4845],[67.3333,24.4833],[67.3322,24.4879]],[[67.3345,24.4788],[67.3381,24.4821],[67.3333,24.4833],[67.3345,24.4788]],[[67.3637,24.3579],[67.3672,24.3613],[67.3625,24.3625],[67.3637,24.3579]],[[67.3613,24.3671],[67.3578,24.3637],[67.3625,24.3625],[67.3613,24.3671]],[[67.8704,24.0697],[67.8738,24.0661],[67.875,24.0708],[67.8704,24.0697]],[[67.8743,24.0783],[67.8908,24.0785],[67.8667,24.0833],[67.8743,24.0783]],[[68.4799,23.9956],[68.4854,23.9955],[68.4827,24.0],[68.4799,23.9956]],[[68.4827,24.0],[68.5042,23.9833],[68.5,24.0083],[68.4686,24.0078],[68.4387,23.9909],[68.4605,24.0],[68.4827,24.0]],[[67.7282,23.8867],[67.726,23.8737],[67.7324,23.8758],[67.7282,23.8867]],[[67.7206,23.8879],[67.7178,23.8964],[67.7155,23.8956],[67.7206,23.8879]],[[68.3708,23.8042],[68.3723,23.7999],[68.3756,23.803],[68.3708,23.8042]],[[68.3696,23.8088],[68.3641,23.8077],[68.3708,23.8042],[68.3696,23.8088]],[[90.5204,22.8905],[90.5238,22.8869],[90.525,22.8917],[90.5204,22.8905]],[[90.5625,22.8917],[90.5538,22.9006],[90.525,22.8917],[90.5625,22.8917]],[[90.5637,22.8871],[90.5672,22.8905],[90.5625,22.8917],[90.5637,22.8871]],[[90.5101,22.883],[90.4962,22.8691],[90.4958,22.8583],[90.5121,22.8725],[90.5101,22.883]],[[90.4958,22.8583],[90.4917,22.8542],[90.495,22.855],[90.4958,22.8583]],[[90.4917,22.8542],[90.4875,22.85],[90.4908,22.8509],[90.4917,22.8542]],[[90.484,22.8491],[90.4833,22.8417],[90.4875,22.85],[90.484,22.8491]],[[90.4833,22.8417],[90.4801,22.8337],[90.4827,22.8342],[90.4833,22.8417]],[[90.5171,22.8845],[90.5137,22.8881],[90.5125,22.8833],[90.5171,22.8845]],[[90.5583,22.7958],[90.5333,22.7917],[90.5387,22.7788],[90.5583,22.7958]],[[90.5322,22.7962],[90.5286,22.7929],[90.5333,22.7917],[90.5322,22.7962]],[[90.5629,22.797],[90.5595,22.8006],[90.5583,22.7958],[90.5629,22.797]],[[88.4,21.8792],[88.3958,21.875],[88.3991,21.8759],[88.4,21.8792]],[[88.4046,21.8803],[88.4012,21.8839],[88.4,21.8792],[88.4046,21.8803]],[[88.3375,21.7042],[88.3417,21.7],[88.3408,21.7033],[88.3375,21.7042]],[[88.3428,21.6954],[88.3464,21.6988],[88.3417,21.7],[88.3428,21.6954]],[[88.3363,21.7087],[88.3328,21.7054],[88.3375,21.7042],[88.3363,21.7087]],[[88.9012,22.1496],[88.9047,22.153],[88.9,22.1542],[88.9012,22.1496]],[[88.8988,22.1587],[88.8953,22.1554],[88.9,22.1542],[88.8988,22.1587]],[[88.9204,22.0947],[88.9238,22.0911],[88.925,22.0958],[88.9204,22.0947]],[[88.925,22.0958],[88.9284,22.112],[88.9257,22.1118],[88.925,22.0958]],[[88.9019,22.0786],[88.8912,22.0635],[88.9042,22.0542],[88.8996,22.0684],[88.9019,22.0786]],[[88.9048,22.0395],[88.909,22.0527],[88.9042,22.0542],[88.9048,22.0395]],[[88.9087,22.0803],[88.9054,22.0839],[88.9042,22.0792],[88.9087,22.0803]],[[89.0833,22.1542],[89.0792,22.15],[89.0825,22.1509],[89.0833,22.1542]],[[89.0746,22.1488],[89.078,22.1453],[89.0792,22.15],[89.0746,22.1488]],[[89.0879,22.1553],[89.0845,22.1589],[89.0833,22.1542],[89.0879,22.1553]],[[89.0913,22.1447],[89.0946,22.1411],[89.0958,22.1458],[89.0913,22.1447]],[[89.1004,22.147],[89.097,22.1506],[89.0958,22.1458],[89.1004,22.147]],[[89.2167,22.0958],[89.2292,22.0833],[89.225,22.1],[89.2167,22.0958]],[[89.2155,22.1004],[89.2119,22.097],[89.2167,22.0958],[89.2155,22.1004]],[[89.4667,22.1417],[89.4634,22.1337],[89.466,22.1342],[89.4667,22.1417]],[[89.4667,22.1417],[89.4756,22.1447],[89.4679,22.1464],[89.4667,22.1417]],[[89.4345,21.9454],[89.4381,21.9488],[89.4333,21.95],[89.4345,21.9454]],[[89.4322,21.9546],[89.4286,21.9512],[89.4333,21.95],[89.4322,21.9546]],[[89.45,21.9417],[89.458,21.9384],[89.4575,21.941],[89.45,21.9417]],[[89.45,21.9417],[89.442,21.9449],[89.4425,21.9423],[89.45,21.9417]],[[89.7176,21.8965],[89.725,21.8958],[89.7167,21.9],[89.7176,21.8965]],[[89.7262,21.8913],[89.7282,21.8932],[89.725,21.8958],[89.7262,21.8913]],[[89.7155,21.9046],[89.7119,21.9012],[89.7167,21.9],[89.7155,21.9046]],[[90.5996,22.4655],[90.603,22.4619],[90.6042,22.4667],[90.5996,22.4655]],[[90.6087,22.4678],[90.6054,22.4714],[90.6042,22.4667],[90.6087,22.4678]],[[90.5913,22.453],[90.5946,22.4494],[90.5958,22.4542],[90.5913,22.453]],[[90.6004,22.4553],[90.597,22.4589],[90.5958,22.4542],[90.6004,22.4553]],[[85.198,27.1506],[85.241,27.1967],[85.2533,27.245],[85.2064,27.2786],[85.1587,27.2637],[85.1201,27.3157],[85.0958,27.3208],[85.0756,27.2811],[85.1288,27.2316],[85.1708,27.1542],[85.198,27.1506]],[[79.8458,28.8125],[79.8351,28.8163],[79.8175,28.7924],[79.8355,28.7964],[79.8458,28.8125]],[[79.8417,28.8208],[79.8708,28.8708],[79.8508,28.9008],[79.8542,28.925],[79.8333,28.9375],[79.8333,28.8854],[79.8504,28.8642],[79.8417,28.8208]],[[78.6733,29.2504],[78.6667,29.2583],[78.6667,29.25],[78.6733,29.2504]],[[70.6783,31.0384],[70.675,31.0458],[70.675,31.0375],[70.6783,31.0384]],[[70.8042,32.8583],[70.8042,32.8833],[70.7875,32.8792],[70.8042,32.8583]],[[73.6757,33.1402],[73.6331,33.1364],[73.6292,33.0958],[73.6426,33.116],[73.6757,33.1402]],[[73.6556,33.204],[73.6239,33.2102],[73.6347,33.2271],[73.6122,33.2439],[73.605,33.2009],[73.6314,33.1922],[73.6556,33.204]],[[70.3625,29.6208],[70.4,29.6208],[70.4,29.6333],[70.35,29.6583],[70.3625,29.6208]],[[70.6958,28.5458],[70.6911,28.5689],[70.6833,28.5792],[70.6756,28.5561],[70.6958,28.5458]],[[69.7375,28.4542],[69.7458,28.45],[69.7417,28.4583],[69.7375,28.4542]],[[66.5705,25.3854],[66.5662,25.385],[66.5694,25.3833],[66.5705,25.3854]],[[66.9658,24.8575],[66.9305,24.8416],[66.9667,24.8292],[66.9658,24.8575]],[[66.9675,24.8217],[66.97,24.8241],[66.9667,24.825],[66.9675,24.8217]],[[67.2833,24.7667],[67.2983,24.7754],[67.325,24.7625],[67.3036,24.784],[67.2833,24.7667]],[[67.4042,24.775],[67.4083,24.775],[67.4054,24.7797],[67.4042,24.775]],[[67.4,24.775],[67.3958,24.7708],[67.3991,24.7717],[67.4,24.775]],[[67.3667,24.775],[67.3625,24.775],[67.3655,24.7703],[67.3667,24.775]],[[67.2783,24.7592],[67.2759,24.7616],[67.275,24.7583],[67.2783,24.7592]],[[67.2245,24.7266],[67.2288,24.7271],[67.2277,24.7294],[67.2245,24.7266]],[[67.2163,24.7229],[67.212,24.7225],[67.2153,24.7208],[67.2163,24.7229]],[[67.2286,24.7151],[67.2339,24.7174],[67.2306,24.7214],[67.2286,24.7151]],[[67.412,24.7016],[67.4163,24.7021],[67.4152,24.7044],[67.412,24.7016]],[[67.3954,24.6933],[67.3996,24.6937],[67.3985,24.6961],[67.3954,24.6933]],[[67.3871,24.6896],[67.3829,24.6891],[67.3861,24.6875],[67.3871,24.6896]],[[67.3327,24.6759],[67.3403,24.675],[67.3407,24.6839],[67.3327,24.6759]],[[67.208,24.6812],[67.2037,24.6808],[67.2069,24.6792],[67.208,24.6812]],[[67.3287,24.6683],[67.333,24.6687],[67.3318,24.6711],[67.3287,24.6683]],[[67.3485,24.6669],[67.3486,24.6625],[67.3496,24.6646],[67.3485,24.6669]],[[67.4287,24.6558],[67.433,24.6562],[67.4318,24.6586],[67.4287,24.6558]],[[67.3741,24.6328],[67.4296,24.6387],[67.4104,24.6538],[67.3583,24.6458],[67.3741,24.6328]],[[67.3333,24.6375],[67.3051,24.6369],[67.3042,24.6333],[67.3229,24.625],[67.3333,24.6375]],[[67.3355,24.6214],[67.3592,24.6048],[67.3791,24.6073],[67.3615,24.6244],[67.3355,24.6214]],[[67.3111,24.6417],[67.311,24.6461],[67.3079,24.6433],[67.3111,24.6417]],[[69.2125,24.5542],[69.2292,24.5542],[69.2333,24.5667],[69.225,24.5667],[69.2125,24.5542]],[[67.4035,24.4843],[67.4119,24.4854],[67.4054,24.4923],[67.4035,24.4843]],[[67.3777,24.4711],[67.3778,24.4667],[67.3788,24.4687],[67.3777,24.4711]],[[67.3568,24.4628],[67.3569,24.4583],[67.358,24.4604],[67.3568,24.4628]],[[67.3496,24.4562],[67.3454,24.4558],[67.3486,24.4542],[67.3496,24.4562]],[[67.3322,24.4539],[67.3274,24.4621],[67.3208,24.4625],[67.3322,24.4539]],[[67.362,24.385],[67.3663,24.3854],[67.3652,24.3878],[67.362,24.385]],[[67.5,24.3375],[67.5167,24.3417],[67.5159,24.3448],[67.5118,24.3464],[67.5,24.3375]],[[69.125,24.3458],[69.0708,24.3083],[69.1211,24.266],[69.1419,24.303],[69.125,24.3458]],[[67.475,24.325],[67.4708,24.325],[67.4738,24.3203],[67.475,24.325]],[[67.445,24.3217],[67.4425,24.3241],[67.4417,24.3208],[67.445,24.3217]],[[67.4833,24.325],[67.4907,24.3254],[67.4917,24.3292],[67.4833,24.325]],[[67.525,24.3375],[67.5208,24.3375],[67.5238,24.3328],[67.525,24.3375]],[[67.4217,24.2134],[67.425,24.2167],[67.4208,24.2167],[67.4217,24.2134]],[[67.4074,24.1298],[67.4111,24.125],[67.4122,24.1279],[67.4074,24.1298]],[[67.3955,24.1271],[67.3912,24.1266],[67.3944,24.125],[67.3955,24.1271]],[[67.8509,24.0884],[67.8542,24.0917],[67.85,24.0917],[67.8509,24.0884]],[[67.8583,24.0875],[67.8625,24.0833],[67.8616,24.0866],[67.8583,24.0875]],[[67.5783,24.0786],[67.5458,24.075],[67.5792,24.075],[67.5783,24.0786]],[[67.8193,24.0753],[67.8194,24.0708],[67.8205,24.0729],[67.8193,24.0753]],[[67.6494,24.0634],[67.6465,24.0741],[67.6458,24.0625],[67.6494,24.0634]],[[67.5233,24.0629],[67.5267,24.0705],[67.5208,24.0625],[67.5233,24.0629]],[[67.4705,24.0604],[67.4662,24.06],[67.4694,24.0583],[67.4705,24.0604]],[[67.9256,24.0562],[67.9548,24.0005],[67.9389,23.9827],[67.9541,23.9887],[67.9633,24.0117],[67.9958,24.0208],[67.9476,24.0212],[67.9256,24.0562]],[[68.0092,24.0134],[68.0116,24.0158],[68.0083,24.0167],[68.0092,24.0134]],[[68.0212,24.0101],[68.0295,24.0017],[68.0208,23.975],[68.0339,24.0009],[68.0212,24.0101]],[[68.4735,23.9958],[68.4765,23.9992],[68.4645,23.9961],[68.4735,23.9958]],[[68.3662,23.9912],[68.3562,23.9869],[68.3491,23.9807],[68.3587,23.9804],[68.3662,23.9912]],[[68.5089,23.978],[68.5007,23.9509],[68.5125,23.9458],[68.5089,23.978]],[[68.5454,23.9683],[68.5496,23.9687],[68.5485,23.9711],[68.5454,23.9683]],[[68.3871,23.9729],[68.3829,23.9725],[68.3861,23.9708],[68.3871,23.9729]],[[68.4441,23.9764],[68.4455,23.9767],[68.4458,23.979],[68.4441,23.9764]],[[67.8746,24.0146],[67.8704,24.0141],[67.8736,24.0125],[67.8746,24.0146]],[[67.5125,24.0583],[67.4792,24.0333],[67.4803,24.0289],[67.4897,24.0339],[67.5125,24.0583]],[[67.4427,24.066],[67.4653,24.0666],[67.4616,24.0827],[67.4426,24.0788],[67.4427,24.066]],[[67.5884,24.0714],[67.6241,24.0744],[67.5875,24.075],[67.5884,24.0714]],[[67.6292,24.0708],[67.6333,24.0667],[67.6325,24.07],[67.6292,24.0708]],[[67.8967,24.0717],[67.9108,24.0705],[67.8958,24.075],[67.8967,24.0717]],[[67.7167,23.9791],[67.7167,23.9792],[67.7165,23.9791],[67.7167,23.9791]],[[67.4995,23.9725],[67.5038,23.9729],[67.5027,23.9753],[67.4995,23.9725]],[[67.6631,23.9398],[67.6677,23.942],[67.6637,23.9422],[67.6631,23.9398]],[[67.6782,23.9387],[67.6869,23.9349],[67.6814,23.9411],[67.6782,23.9387]],[[67.6985,23.9382],[67.6991,23.9384],[67.6996,23.9402],[67.6985,23.9382]],[[67.6507,23.9324],[67.6424,23.9368],[67.6414,23.9215],[67.6507,23.9324]],[[67.5413,23.9354],[67.537,23.935],[67.5403,23.9333],[67.5413,23.9354]],[[67.5579,23.9058],[67.5621,23.9062],[67.561,23.9086],[67.5579,23.9058]],[[67.6337,23.9004],[67.6286,23.8701],[67.632,23.8657],[67.6337,23.9004]],[[67.7053,23.8756],[67.7048,23.8734],[67.707,23.8738],[67.7053,23.8756]],[[67.7131,23.8654],[67.7089,23.8603],[67.7113,23.8578],[67.7131,23.8654]],[[68.0173,23.9616],[68.0202,23.9509],[68.0208,23.9625],[68.0173,23.9616]],[[68.0973,23.9623],[68.0899,23.922],[68.0725,23.9125],[68.0858,23.917],[68.0996,23.9309],[68.0973,23.9623]],[[68.066,23.9207],[68.0645,23.9203],[68.0626,23.9186],[68.066,23.9207]],[[67.9244,23.8484],[67.9297,23.8508],[67.9264,23.8548],[67.9244,23.8484]],[[67.9454,23.785],[67.9496,23.7854],[67.9485,23.7878],[67.9454,23.785]],[[68.0641,23.9086],[68.0649,23.9087],[68.0654,23.9092],[68.0641,23.9086]],[[68.0566,23.9045],[68.0577,23.9056],[68.0574,23.9055],[68.0566,23.9045]],[[68.4282,23.9425],[68.4283,23.9425],[68.4284,23.9427],[68.4282,23.9425]],[[68.4157,23.9219],[68.4246,23.9309],[68.425,23.9372],[68.4157,23.9219]],[[68.4107,23.917],[68.4108,23.917],[68.4108,23.9171],[68.4107,23.917]],[[68.3947,23.9133],[68.3936,23.9119],[68.3993,23.9141],[68.3947,23.9133]],[[68.3831,23.9086],[68.3601,23.9121],[68.3551,23.9072],[68.3831,23.9086]],[[68.35,23.8875],[68.35,23.8904],[68.3497,23.8876],[68.35,23.8875]],[[68.35,23.8583],[68.3547,23.8821],[68.35,23.8833],[68.35,23.8583]],[[68.347,23.8534],[68.3496,23.8475],[68.35,23.8542],[68.347,23.8534]],[[68.3408,23.8342],[68.3464,23.8259],[68.3417,23.8366],[68.3408,23.8342]],[[68.3305,23.8102],[68.3274,23.8045],[68.335,23.8121],[68.3305,23.8102]],[[68.325,23.8],[68.3189,23.782],[68.3221,23.7775],[68.332,23.7887],[68.325,23.8]],[[68.3373,23.7441],[68.3327,23.7579],[68.3382,23.7769],[68.329,23.7565],[68.3373,23.7441]],[[68.483,23.7479],[68.4787,23.7475],[68.4819,23.7458],[68.483,23.7479]],[[68.7037,23.8558],[68.708,23.8562],[68.7068,23.8586],[68.7037,23.8558]],[[90.5735,22.8878],[90.5736,22.8833],[90.5746,22.8854],[90.5735,22.8878]],[[90.4547,22.8339],[90.4494,22.8316],[90.4528,22.8292],[90.4547,22.8339]],[[90.4452,22.7915],[90.4569,22.7708],[90.4467,22.8173],[90.4452,22.7915]],[[90.5698,22.7994],[90.5868,22.8047],[90.6506,22.8005],[90.6299,22.8089],[90.577,22.8078],[90.5698,22.7994]],[[90.5246,22.7979],[90.5204,22.7975],[90.5236,22.7958],[90.5246,22.7979]],[[90.45,22.7583],[90.5087,22.71],[90.5081,22.5843],[90.5708,22.55],[90.5405,22.6001],[90.5289,22.5967],[90.5168,22.6359],[90.5323,22.6423],[90.5343,22.6287],[90.5743,22.655],[90.566,22.698],[90.5497,22.7033],[90.5616,22.6622],[90.5383,22.6867],[90.5366,22.6593],[90.5174,22.6508],[90.521,22.7054],[90.4871,22.7489],[90.45,22.7583]],[[90.5403,22.7125],[90.5421,22.7427],[90.53,22.7548],[90.5285,22.7248],[90.5403,22.7125]],[[90.5204,22.6766],[90.5246,22.6771],[90.5235,22.6794],[90.5204,22.6766]],[[90.5412,22.6141],[90.5455,22.6146],[90.5443,22.6169],[90.5412,22.6141]],[[90.562,22.6016],[90.5663,22.6021],[90.5652,22.6044],[90.562,22.6016]],[[90.0288,22.5184],[90.0215,22.5701],[90.0167,22.4958],[90.0288,22.5184]],[[90.3691,22.4955],[90.3726,22.4879],[90.375,22.4875],[90.3691,22.4955]],[[90.3577,22.4759],[90.3548,22.4949],[90.3542,22.475],[90.3577,22.4759]],[[89.5726,22.233],[89.5542,22.2125],[89.5871,22.2267],[89.5913,22.2767],[89.633,22.3351],[89.6246,22.3983],[89.5833,22.5083],[89.5881,22.4437],[89.6256,22.3547],[89.5786,22.263],[89.5867,22.2382],[89.5726,22.233]],[[89.5825,22.5158],[89.58,22.5134],[89.5833,22.5125],[89.5825,22.5158]],[[89.5667,22.5583],[89.5757,22.5217],[89.5792,22.5208],[89.5786,22.5355],[89.5667,22.5583]],[[89.4116,22.5259],[89.4092,22.5283],[89.4083,22.525],[89.4116,22.5259]],[[89.4256,22.551],[89.4083,22.5625],[89.4214,22.5507],[89.4125,22.5333],[89.4243,22.5384],[89.4256,22.551]],[[89.5616,22.57],[89.5592,22.5675],[89.5625,22.5667],[89.5616,22.57]],[[90.4495,22.56],[90.4538,22.5604],[90.4527,22.5628],[90.4495,22.56]],[[90.0292,22.575],[90.0375,22.6083],[90.0167,22.6042],[90.0292,22.575]],[[89.5542,22.5792],[89.525,22.6125],[89.5295,22.6017],[89.5542,22.5792]],[[90.4819,22.5792],[90.4701,22.584],[90.466,22.58],[90.4819,22.5792]],[[90.0491,22.6175],[90.0467,22.62],[90.0458,22.6167],[90.0491,22.6175]],[[89.525,22.6208],[89.5216,22.6283],[89.5203,22.622],[89.525,22.6208]],[[90.0509,22.6283],[90.0533,22.6259],[90.0542,22.6292],[90.0509,22.6283]],[[90.0285,22.6342],[90.0257,22.6408],[90.025,22.6333],[90.0285,22.6342]],[[89.525,22.6417],[89.5292,22.6458],[89.5259,22.645],[89.525,22.6417]],[[89.5325,22.655],[89.53,22.6575],[89.5292,22.6542],[89.5325,22.655]],[[89.5333,22.7],[89.5333,22.6875],[89.5381,22.6988],[89.5333,22.7]],[[89.5325,22.7116],[89.53,22.7092],[89.5333,22.7083],[89.5325,22.7116]],[[90.4292,22.7458],[90.425,22.75],[90.4259,22.7467],[90.4292,22.7458]],[[90.4411,22.7605],[90.4375,22.7583],[90.4417,22.7583],[90.4411,22.7605]],[[87.9062,22.4312],[87.9083,22.4333],[87.9028,22.4333],[87.9062,22.4312]],[[87.8918,22.4327],[87.8976,22.4254],[87.9006,22.4253],[87.8918,22.4327]],[[87.9259,22.4092],[87.929,22.4101],[87.9255,22.4106],[87.9259,22.4092]],[[87.9379,22.3851],[87.9396,22.3956],[87.9393,22.3963],[87.9375,22.3958],[87.9379,22.3851]],[[89.1875,22.3875],[89.1917,22.3833],[89.1908,22.3866],[89.1875,22.3875]],[[89.2083,22.3667],[89.2125,22.3667],[89.2095,22.3714],[89.2083,22.3667]],[[88.9507,22.3574],[88.9535,22.3509],[88.9542,22.3583],[88.9507,22.3574]],[[89.2092,22.3533],[89.2116,22.3509],[89.2125,22.3542],[89.2092,22.3533]],[[89.2634,22.3425],[89.2667,22.3458],[89.2625,22.3458],[89.2634,22.3425]],[[88.95,22.3417],[88.9522,22.3381],[88.9547,22.3405],[88.95,22.3417]],[[88.9,22.3375],[88.9422,22.2966],[88.934,22.2551],[88.9458,22.25],[88.95,22.3125],[88.9316,22.308],[88.9,22.3375]],[[89.2125,22.3292],[89.2167,22.325],[89.2158,22.3283],[89.2125,22.3292]],[[88.95,22.325],[88.9478,22.3286],[88.9453,22.3262],[88.95,22.325]],[[89.267,22.3184],[89.2691,22.3205],[89.2667,22.3208],[89.267,22.3184]],[[89.411,22.3128],[89.4111,22.3083],[89.4121,22.3104],[89.411,22.3128]],[[89.2757,22.3009],[89.2785,22.3074],[89.275,22.3083],[89.2757,22.3009]],[[89.28,22.2925],[89.2825,22.295],[89.2792,22.2958],[89.28,22.2925]],[[89.2595,22.2922],[89.2625,22.2792],[89.2657,22.28],[89.2672,22.2844],[89.2595,22.2922]],[[89.3214,22.2863],[89.3125,22.2708],[89.3201,22.2759],[89.3214,22.2863]],[[89.2458,22.2667],[89.2494,22.2551],[89.25,22.2667],[89.2458,22.2667]],[[89.2925,22.2616],[89.295,22.2592],[89.2958,22.2625],[89.2925,22.2616]],[[89.4119,22.2526],[89.4172,22.2549],[89.4139,22.2589],[89.4119,22.2526]],[[87.9524,22.3192],[87.9375,22.3167],[87.9381,22.2677],[87.9918,22.2186],[87.9496,22.2838],[87.9524,22.3192]],[[88.6792,22.3208],[88.6792,22.3212],[88.6776,22.3212],[88.6792,22.3208]],[[88.0009,22.2092],[88.0158,22.204],[88.0004,22.2111],[88.0009,22.2092]],[[87.971,22.1047],[87.9776,22.1038],[87.9783,22.1041],[87.971,22.1047]],[[87.9646,22.1006],[87.973,22.0964],[87.9751,22.098],[87.9646,22.1006]],[[87.9893,22.1003],[88.002,22.0797],[88.0076,22.0783],[87.9893,22.1003]],[[88.0389,22.0246],[88.0248,22.0664],[88.0084,22.0775],[88.0259,22.0339],[88.0389,22.0246]],[[87.3214,21.577],[87.325,21.5792],[87.3208,21.5792],[87.3214,21.577]],[[87.3467,21.5717],[87.3498,21.5714],[87.3466,21.5719],[87.3467,21.5717]],[[86.7542,20.5167],[86.7564,20.5131],[86.7589,20.5155],[86.7542,20.5167]],[[86.6749,20.3256],[86.6741,20.3286],[86.6681,20.3288],[86.6749,20.3256]],[[86.6819,20.312],[86.6869,20.3105],[86.6835,20.3142],[86.6819,20.312]],[[86.6879,20.3017],[86.69,20.3038],[86.6875,20.3042],[86.6879,20.3017]],[[86.5647,20.209],[86.5648,20.2087],[86.5662,20.2101],[86.5647,20.209]],[[86.5366,20.1968],[86.5408,20.1994],[86.5405,20.2004],[86.5366,20.1968]],[[86.515,20.1794],[86.5176,20.1822],[86.5145,20.1795],[86.515,20.1794]],[[86.4161,20.0359],[86.4214,20.0383],[86.4181,20.0423],[86.4161,20.0359]],[[86.3124,20.0375],[86.3152,20.0344],[86.3172,20.0363],[86.3124,20.0375]],[[86.2464,20.027],[86.2492,20.026],[86.2464,20.0271],[86.2464,20.027]],[[86.2994,20.023],[86.3058,20.0207],[86.2986,20.0241],[86.2994,20.023]],[[86.2783,20.0217],[86.275,20.021],[86.275,20.0208],[86.2783,20.0217]],[[86.259,20.0222],[86.259,20.0217],[86.262,20.021],[86.259,20.0222]],[[88.6462,22.2358],[88.655,22.2404],[88.6579,22.2458],[88.6462,22.2358]],[[88.6648,22.2119],[88.663,22.2173],[88.6583,22.2125],[88.6648,22.2119]],[[88.6425,22.2092],[88.6456,22.2092],[88.6419,22.2114],[88.6425,22.2092]],[[88.4759,21.8925],[88.4783,21.895],[88.475,21.8958],[88.4759,21.8925]],[[88.3958,21.8542],[88.4006,21.8655],[88.3958,21.8667],[88.3958,21.8542]],[[88.3917,21.8292],[88.3917,21.8417],[88.3869,21.8304],[88.3917,21.8292]],[[88.3958,21.8167],[88.3958,21.8208],[88.3911,21.8179],[88.3958,21.8167]],[[88.3833,21.7833],[88.3994,21.7968],[88.4006,21.8113],[88.3958,21.8125],[88.3833,21.7833]],[[88.3795,21.7725],[88.3816,21.7746],[88.3792,21.775],[88.3795,21.7725]],[[88.3759,21.7368],[88.3824,21.734],[88.3833,21.7375],[88.3759,21.7368]],[[88.3792,21.7208],[88.3941,21.7205],[88.4,21.7167],[88.3949,21.7243],[88.3792,21.7208]],[[88.2842,21.7134],[88.2866,21.7158],[88.2833,21.7167],[88.2842,21.7134]],[[88.3068,21.7128],[88.3069,21.7083],[88.308,21.7104],[88.3068,21.7128]],[[88.2991,21.7033],[88.2879,21.7059],[88.3125,21.6833],[88.2991,21.7033]],[[88.2162,21.6725],[88.2205,21.6729],[88.2193,21.6753],[88.2162,21.6725]],[[88.412,21.6808],[88.4163,21.6812],[88.4152,21.6836],[88.412,21.6808]],[[88.4162,21.6725],[88.4205,21.6729],[88.4193,21.6753],[88.4162,21.6725]],[[88.4119,21.6609],[88.4172,21.6633],[88.4139,21.6673],[88.4119,21.6609]],[[88.7829,22.1766],[88.7871,22.1771],[88.786,22.1794],[88.7829,22.1766]],[[88.9027,22.1753],[88.9028,22.1708],[88.9038,22.1729],[88.9027,22.1753]],[[88.8913,22.1687],[88.887,22.1683],[88.8903,22.1667],[88.8913,22.1687]],[[88.7955,22.1684],[88.7837,22.1608],[88.7833,22.1583],[88.7955,22.1684]],[[88.7733,22.1462],[88.7767,22.1538],[88.7708,22.1458],[88.7733,22.1462]],[[88.8495,22.1516],[88.8538,22.1521],[88.8527,22.1544],[88.8495,22.1516]],[[88.7592,22.1452],[88.7658,22.1423],[88.7667,22.1458],[88.7592,22.1452]],[[88.9068,22.1419],[88.9069,22.1375],[88.908,22.1396],[88.9068,22.1419]],[[88.7533,22.1384],[88.7509,22.1408],[88.75,22.1375],[88.7533,22.1384]],[[88.7208,22.1068],[88.7413,22.1184],[88.7417,22.1333],[88.7208,22.1068]],[[88.8277,22.1294],[88.8278,22.125],[88.8288,22.1271],[88.8277,22.1294]],[[88.9193,22.1253],[88.9194,22.1208],[88.9205,22.1229],[88.9193,22.1253]],[[88.8153,22.125],[88.8152,22.1294],[88.812,22.1266],[88.8153,22.125]],[[88.7903,22.1083],[88.7866,22.1131],[88.7827,22.1093],[88.7903,22.1083]],[[88.7788,22.1062],[88.7745,22.1058],[88.7778,22.1042],[88.7788,22.1062]],[[88.7755,22.0966],[88.7702,22.0943],[88.7736,22.0917],[88.7755,22.0966]],[[88.708,22.0979],[88.7037,22.0975],[88.7069,22.0958],[88.708,22.0979]],[[88.712,22.1016],[88.7163,22.1021],[88.7152,22.1044],[88.712,22.1016]],[[88.9152,22.0878],[88.9153,22.0833],[88.9163,22.0854],[88.9152,22.0878]],[[88.7611,22.0833],[88.761,22.0878],[88.7579,22.085],[88.7611,22.0833]],[[88.8131,22.0228],[88.8135,22.025],[88.8125,22.025],[88.8131,22.0228]],[[88.8342,22.0217],[88.8373,22.0218],[88.8339,22.0228],[88.8342,22.0217]],[[88.8708,22.0208],[88.8739,22.017],[88.8741,22.02],[88.8708,22.0208]],[[88.7778,21.725],[88.7788,21.7271],[88.7745,21.7266],[88.7778,21.725]],[[88.7922,21.7101],[88.7976,21.7127],[88.7931,21.7131],[88.7922,21.7101]],[[88.7655,21.712],[88.7634,21.7118],[88.7629,21.71],[88.7655,21.712]],[[88.7842,21.7077],[88.7838,21.706],[88.7879,21.708],[88.7842,21.7077]],[[88.7618,21.7008],[88.7579,21.7071],[88.7592,21.7003],[88.7618,21.7008]],[[88.8833,21.9208],[88.8905,21.9161],[88.8917,21.9208],[88.8833,21.9208]],[[88.87,21.9175],[88.8675,21.92],[88.8667,21.9167],[88.87,21.9175]],[[88.9509,21.7798],[88.9574,21.7827],[88.95,21.7833],[88.9509,21.7798]],[[88.9601,21.7705],[88.9566,21.7629],[88.9625,21.7708],[88.9601,21.7705]],[[88.9286,21.7647],[88.925,21.7625],[88.9292,21.7625],[88.9286,21.7647]],[[88.9458,21.7625],[88.9488,21.7578],[88.95,21.7625],[88.9458,21.7625]],[[89.0287,21.6308],[89.033,21.6312],[89.0318,21.6336],[89.0287,21.6308]],[[88.9912,21.9516],[88.9955,21.9521],[88.9943,21.9544],[88.9912,21.9516]],[[88.9954,21.9433],[88.9996,21.9437],[88.9985,21.9461],[88.9954,21.9433]],[[89.4443,22.2461],[89.4444,22.2417],[89.4455,22.2437],[89.4443,22.2461]],[[89.4121,22.2437],[89.4079,22.2433],[89.4111,22.2417],[89.4121,22.2437]],[[89.2458,22.2458],[89.2369,22.2326],[89.2469,22.2172],[89.2833,22.2167],[89.2465,22.2216],[89.2458,22.2458]],[[89.305,22.22],[89.3083,22.2167],[89.3083,22.2208],[89.305,22.22]],[[89.0413,22.2312],[89.037,22.2308],[89.0403,22.2292],[89.0413,22.2312]],[[89.3045,22.2392],[89.3066,22.2413],[89.3042,22.2417],[89.3045,22.2392]],[[89.3092,22.2283],[89.3116,22.2259],[89.3125,22.2292],[89.3092,22.2283]],[[89.0703,22.1899],[89.0756,22.1922],[89.0741,22.1997],[89.0703,22.1899]],[[89.062,22.1641],[89.0663,22.1646],[89.0652,22.1669],[89.062,22.1641]],[[89.0871,22.1396],[89.0829,22.1391],[89.0861,22.1375],[89.0871,22.1396]],[[89.2333,22.1],[89.2375,22.1],[89.2345,22.1047],[89.2333,22.1]],[[89.2337,22.0809],[89.2455,22.0517],[89.2083,22.0],[89.2458,21.9875],[89.2161,22.0095],[89.2495,22.0519],[89.2337,22.0809]],[[89.15,22.0333],[89.1625,21.9958],[89.1691,21.9964],[89.1627,22.0214],[89.15,22.0333]],[[89.1586,22.0501],[89.1559,22.0538],[89.15,22.0458],[89.1586,22.0501]],[[89.1715,22.0684],[89.1717,22.0675],[89.1734,22.0671],[89.1715,22.0684]],[[89.1664,22.0717],[89.1634,22.0717],[89.1667,22.0708],[89.1664,22.0717]],[[89.1568,22.0785],[89.155,22.0759],[89.1583,22.075],[89.1568,22.0785]],[[89.15,22.0833],[89.1489,22.0867],[89.1458,22.0875],[89.15,22.0833]],[[89.1328,21.947],[89.1379,21.9608],[89.1625,21.9875],[89.1384,21.9702],[89.1328,21.947]],[[89.1428,21.9209],[89.1518,21.9199],[89.1375,21.9375],[89.1428,21.9209]],[[89.1661,21.9255],[89.1673,21.9255],[89.1662,21.9256],[89.1661,21.9255]],[[89.1788,21.9166],[89.1907,21.9163],[89.1869,21.9173],[89.1788,21.9166]],[[89.312,21.86],[89.3163,21.8604],[89.3152,21.8628],[89.312,21.86]],[[89.3833,22.1],[89.3816,22.0955],[89.3875,22.0917],[89.3833,22.1]],[[89.3667,22.0542],[89.3756,22.0689],[89.3921,22.0863],[89.3712,22.0691],[89.3667,22.0542]],[[89.4286,22.0151],[89.4339,22.0174],[89.4306,22.0214],[89.4286,22.0151]],[[89.4327,21.9901],[89.438,21.9924],[89.4348,21.9964],[89.4327,21.9901]],[[89.4454,21.9141],[89.4496,21.9146],[89.4485,21.9169],[89.4454,21.9141]],[[89.8827,22.1526],[89.888,22.1549],[89.8848,22.1589],[89.8827,22.1526]],[[89.8167,22.0917],[89.8265,22.096],[89.8375,22.1167],[89.8342,22.1158],[89.8167,22.0917]],[[89.675,22.0542],[89.6908,22.0634],[89.6917,22.0667],[89.6851,22.0663],[89.675,22.0542]],[[89.6754,22.0475],[89.6775,22.0496],[89.675,22.05],[89.6754,22.0475]],[[89.6884,22.0382],[89.6958,22.0375],[89.6875,22.0417],[89.6884,22.0382]],[[89.7,22.0333],[89.6909,22.0009],[89.7033,22.0326],[89.7,22.0333]],[[89.6833,21.9917],[89.6833,21.9333],[89.6911,21.9436],[89.6922,21.9674],[89.6833,21.9917]],[[89.6376,21.9312],[89.6295,21.935],[89.6399,21.9253],[89.6376,21.9312]],[[89.6798,21.9283],[89.6827,21.9217],[89.6833,21.9292],[89.6798,21.9283]],[[89.7277,21.9211],[89.7278,21.9167],[89.7288,21.9187],[89.7277,21.9211]],[[89.7205,21.9146],[89.7162,21.9141],[89.7194,21.9125],[89.7205,21.9146]],[[89.6792,21.9167],[89.6576,21.8994],[89.6467,21.9075],[89.6414,21.897],[89.6566,21.8879],[89.6792,21.9167]],[[89.633,21.8854],[89.6287,21.885],[89.6319,21.8833],[89.633,21.8854]],[[89.575,21.9417],[89.5708,21.9417],[89.5738,21.9369],[89.575,21.9417]],[[89.7402,21.8753],[89.7403,21.8708],[89.7413,21.8729],[89.7402,21.8753]],[[90.3208,22.4667],[90.2994,22.4576],[90.3042,22.45],[90.3208,22.4667]],[[90.175,22.4542],[90.1703,22.4429],[90.175,22.4417],[90.175,22.4542]],[[90.3042,22.4458],[90.2839,22.423],[90.2833,22.4208],[90.2996,22.4309],[90.3042,22.4458]],[[90.1705,22.4267],[90.1629,22.4233],[90.1625,22.4208],[90.1705,22.4267]],[[90.1825,22.4675],[90.18,22.47],[90.1792,22.4667],[90.1825,22.4675]],[[90.3467,22.47],[90.3491,22.4675],[90.35,22.4708],[90.3467,22.47]],[[90.1509,22.4158],[90.1533,22.4134],[90.1542,22.4167],[90.1509,22.4158]],[[90.2708,22.4083],[90.2619,22.3645],[90.2583,22.35],[90.2663,22.3559],[90.2708,22.4083]],[[90.0991,22.3509],[90.0967,22.3533],[90.0958,22.35],[90.0991,22.3509]],[[90.1163,22.3642],[90.1045,22.3566],[90.1042,22.3542],[90.1163,22.3642]],[[90.1283,22.3842],[90.1259,22.3866],[90.125,22.3833],[90.1283,22.3842]],[[90.1371,22.3975],[90.1295,22.3941],[90.1292,22.3917],[90.1371,22.3975]],[[90.2271,22.35],[90.2396,22.3333],[90.2583,22.3458],[90.2271,22.35]],[[90.1006,22.3311],[90.0911,22.3323],[90.1086,22.3178],[90.1006,22.3311]],[[90.1045,22.3017],[90.1118,22.3076],[90.1042,22.3083],[90.1045,22.3017]],[[90.1092,22.2825],[90.1116,22.28],[90.1125,22.2833],[90.1092,22.2825]],[[90.0989,22.2794],[90.0795,22.2608],[90.0721,22.2165],[90.084,22.2605],[90.0989,22.2794]],[[90.0667,22.2167],[90.0267,22.208],[90.0208,22.1917],[90.0259,22.1993],[90.0667,22.2167]],[[89.8663,22.2687],[89.862,22.2683],[89.8653,22.2667],[89.8663,22.2687]],[[90.1037,22.2725],[90.108,22.2729],[90.1068,22.2753],[90.1037,22.2725]],[[90.024,22.0621],[90.0286,22.1259],[90.066,22.1551],[90.0672,22.1676],[90.0534,22.1797],[90.0342,22.1716],[90.0629,22.1595],[90.0161,22.1215],[90.024,22.0621]],[[90.43,22.1866],[90.4325,22.1842],[90.4333,22.1875],[90.43,22.1866]],[[90.4217,22.1825],[90.4241,22.18],[90.425,22.1833],[90.4217,22.1825]],[[90.4006,22.1699],[90.4036,22.1426],[90.4042,22.1708],[90.4006,22.1699]],[[90.1375,21.95],[90.1375,21.9542],[90.1328,21.9512],[90.1375,21.95]],[[90.1208,21.925],[90.1375,21.925],[90.122,21.9297],[90.1208,21.925]],[[90.1167,21.9125],[90.1167,21.9167],[90.1119,21.9137],[90.1167,21.9125]],[[90.1087,21.8941],[90.1121,21.885],[90.1167,21.9],[90.1087,21.8941]],[[90.5079,21.9225],[90.5121,21.9229],[90.511,21.9253],[90.5079,21.9225]],[[90.6453,23.1191],[90.6506,23.1214],[90.6491,23.1288],[90.6453,23.1191]],[[90.73,22.9009],[90.7325,22.9033],[90.7292,22.9042],[90.73,22.9009]],[[90.7342,22.8925],[90.7366,22.895],[90.7333,22.8958],[90.7342,22.8925]],[[91.4256,22.8366],[91.4285,22.8259],[91.4292,22.8375],[91.4256,22.8366]],[[91.4217,22.82],[91.4241,22.8175],[91.425,22.8208],[91.4217,22.82]],[[91.4208,22.8],[91.4167,22.8125],[91.4134,22.8117],[91.412,22.8073],[91.4208,22.8]],[[91.3592,22.7759],[91.3616,22.7783],[91.3583,22.7792],[91.3592,22.7759]],[[91.2912,22.7475],[91.2955,22.7479],[91.2943,22.7503],[91.2912,22.7475]],[[91.2259,22.7173],[91.2333,22.7083],[91.2326,22.7157],[91.2259,22.7173]],[[91.2116,22.7158],[91.2092,22.7134],[91.2125,22.7125],[91.2116,22.7158]],[[91.062,22.5058],[91.0663,22.5062],[91.0652,22.5086],[91.062,22.5058]],[[91.8167,22.275],[91.8208,22.2708],[91.82,22.2741],[91.8167,22.275]],[[91.8342,22.2634],[91.8366,22.2658],[91.8333,22.2667],[91.8342,22.2634]],[[91.817,22.2358],[91.833,22.2475],[91.8333,22.25],[91.817,22.2358]],[[91.8583,22.15],[91.8605,22.1464],[91.8631,22.1488],[91.8583,22.15]],[[91.8634,22.1298],[91.8699,22.1327],[91.8625,22.1333],[91.8634,22.1298]]],[[[86.4,19.9681],[86.3785,19.9593],[86.3991,19.9753],[86.4,19.9681]]],[[[86.8028,20.4583],[86.8006,20.4854],[86.8055,20.4965],[86.8131,20.4838],[86.8028,20.4583]]],[[[87.0569,20.7417],[87.0452,20.7425],[87.0534,20.7507],[87.0569,20.7417]]],[[[87.0694,20.7333],[87.0718,20.7574],[87.0907,20.7659],[87.0946,20.7507],[87.0694,20.7333]]],[[[87.0194,20.7958],[87.0048,20.8062],[87.0007,20.8325],[87.0214,20.8217],[87.0194,20.7958]]],[[[84.5577,21.2551],[84.5458,21.2583],[84.5583,21.2708],[84.5577,21.2551]]],[[[88.0199,21.5825],[88.0176,21.5674],[88.0142,21.5839],[88.0199,21.5825]]],[[[92.0,21.5958],[91.9927,21.609],[91.9993,21.6074],[92.0,21.5958]]],[[[88.8861,21.5458],[88.8298,21.5645],[88.8298,21.6075],[88.8949,21.5824],[88.9078,21.5604],[88.8861,21.5458]]],[[[88.1903,21.5583],[88.1715,21.5687],[88.1674,21.6034],[88.1923,21.5861],[88.1903,21.5583]]],[[[88.6319,21.6458],[88.6256,21.6605],[88.637,21.6798],[88.641,21.6645],[88.6319,21.6458]]],[[[89.3506,21.7091],[89.3285,21.6977],[89.3369,21.7215],[89.3506,21.7091]]],[[[88.7429,21.6536],[88.7741,21.6576],[88.7756,21.6228],[88.8006,21.5988],[88.7897,21.5797],[88.7382,21.5703],[88.7089,21.5811],[88.7172,21.6368],[88.6869,21.6826],[88.697,21.7172],[88.705,21.6884],[88.7429,21.6536]]],[[[89.8922,21.9631],[89.8869,21.9607],[89.8908,21.9705],[89.8922,21.9631]]],[[[90.3322,21.963],[90.3302,21.9495],[90.3245,21.9556],[90.3322,21.963]]],[[[90.8575,21.9493],[90.8512,21.9454],[90.85,21.95],[90.8575,21.9493]]],[[[90.8342,21.9506],[90.8299,21.97],[90.8491,21.9743],[90.8574,21.955],[90.8342,21.9506]]],[[[90.8589,21.9903],[90.8467,21.9798],[90.8531,21.9922],[90.8589,21.9903]]],[[[90.8285,21.9895],[90.8077,21.98],[90.8243,22.0007],[90.8285,21.9895]]],[[[88.1465,21.9174],[88.1398,21.891],[88.1134,21.9074],[88.1035,21.8843],[88.1048,21.9075],[88.1242,21.9298],[88.1465,21.9174]]],[[[88.0528,21.9083],[88.0465,21.9397],[88.072,21.9999],[88.1465,22.0273],[88.0909,21.9301],[88.0528,21.9083]]],[[[90.6278,21.8875],[90.6085,21.8932],[90.6257,21.97],[90.7034,21.9785],[90.6739,21.9171],[90.6278,21.8875]]],[[[90.4508,21.8215],[90.4571,21.8254],[90.4583,21.8208],[90.4508,21.8215]]],[[[90.609,21.7487],[90.5921,21.7406],[90.6014,21.7506],[90.609,21.7487]]],[[[89.7198,21.7546],[89.7133,21.7465],[89.712,21.7531],[89.7198,21.7546]]],[[[88.1299,21.6244],[88.0464,21.6426],[88.0328,21.6743],[88.0714,21.7814],[88.1324,21.8797],[88.1756,21.8135],[88.1756,21.7549],[88.1578,21.652],[88.1299,21.6244]]],[[[90.5965,21.7606],[90.5827,21.7509],[90.5912,21.7631],[90.5965,21.7606]]],[[[88.2048,21.769],[88.191,21.7602],[88.1995,21.7715],[88.2048,21.769]]],[[[90.5644,21.766],[90.5638,21.7584],[90.5593,21.7798],[90.5644,21.766]]],[[[90.7297,21.8071],[90.7202,21.7968],[90.7218,21.809],[90.7297,21.8071]]],[[[90.4797,21.7738],[90.4592,21.7673],[90.4637,21.7839],[90.4797,21.7738]]],[[[90.5744,21.773],[90.5845,21.7922],[90.5964,21.7842],[90.5897,21.7756],[90.5744,21.773]]],[[[88.1881,21.7925],[88.1785,21.7862],[88.1801,21.8006],[88.1881,21.7925]]],[[[90.3923,21.802],[90.3747,21.7883],[90.3873,21.8048],[90.3923,21.802]]],[[[90.3203,21.7979],[90.3119,21.7968],[90.3137,21.8048],[90.3203,21.7979]]],[[[89.8528,21.7958],[89.8383,21.7965],[89.8292,21.8154],[89.8576,21.8201],[89.8528,21.7958]]],[[[90.4536,21.8069],[90.4672,21.8135],[90.4613,21.7995],[90.4536,21.8069]]],[[[90.4406,21.8171],[90.4342,21.809],[90.4329,21.8156],[90.4406,21.8171]]],[[[88.1881,21.8215],[88.1744,21.8243],[88.1766,21.8298],[88.1881,21.8215]]],[[[91.8486,21.7375],[91.8328,21.745],[91.8506,21.8243],[91.8369,21.8743],[91.8423,21.9032],[91.8824,21.9243],[91.8994,21.8686],[91.8486,21.7375]]],[[[90.3944,21.8167],[90.3927,21.834],[90.4048,21.8323],[90.4035,21.827],[90.3944,21.8167]]],[[[90.4248,21.8318],[90.4122,21.8176],[90.4241,21.8376],[90.4248,21.8318]]],[[[90.4653,21.8292],[90.4577,21.8301],[90.4616,21.834],[90.4653,21.8292]]],[[[90.2986,21.85],[90.2924,21.8382],[90.2911,21.8491],[90.2986,21.85]]],[[[90.3783,21.8492],[90.3676,21.8381],[90.3625,21.8443],[90.3783,21.8492]]],[[[90.7339,21.8466],[90.7286,21.8443],[90.7306,21.8506],[90.7339,21.8466]]],[[[90.5297,21.8561],[90.5161,21.8487],[90.5297,21.8322],[90.5193,21.8215],[90.4926,21.8078],[90.4745,21.8156],[90.4936,21.8578],[90.5297,21.8561]]],[[[88.6451,21.7883],[88.5883,21.7965],[88.5756,21.8313],[88.6438,21.9244],[88.6715,21.9156],[88.6451,21.7883]]],[[[89.8611,21.8292],[89.8494,21.8451],[89.8507,21.8617],[89.8703,21.8438],[89.8611,21.8292]]],[[[90.4756,21.8655],[90.4521,21.834],[90.4285,21.8357],[90.452,21.8619],[90.4756,21.8655]]],[[[90.7736,21.8375],[90.7674,21.8615],[90.7825,21.871],[90.7839,21.8537],[90.7736,21.8375]]],[[[90.6199,21.8671],[90.6069,21.8458],[90.5916,21.8569],[90.6199,21.8671]]],[[[90.8153,21.8583],[90.8035,21.8662],[90.8053,21.8756],[90.8242,21.8743],[90.8153,21.8583]]],[[[88.5792,21.8792],[88.5866,21.8619],[88.5799,21.8635],[88.5792,21.8792]]],[[[90.4278,21.8583],[90.4202,21.8593],[90.4241,21.8631],[90.4278,21.8583]]],[[[90.5611,21.8667],[90.5535,21.8727],[90.5669,21.874],[90.5611,21.8667]]],[[[90.6281,21.8795],[90.6175,21.8715],[90.617,21.874],[90.6281,21.8795]]],[[[90.7361,21.8583],[90.718,21.8588],[90.7088,21.8815],[90.7298,21.9238],[90.7528,21.9287],[90.762,21.906],[90.7361,21.8583]]],[[[91.0569,22.0208],[91.055,22.0582],[91.0882,22.0657],[91.0867,22.0467],[91.0569,22.0208]]],[[[89.9002,21.9929],[89.8786,21.9935],[89.8992,21.9993],[89.9002,21.9929]]],[[[89.9137,22.0089],[89.9136,22.0006],[89.908,22.0071],[89.9137,22.0089]]],[[[90.8661,22.0021],[90.8577,22.0009],[90.8596,22.009],[90.8661,22.0021]]],[[[90.8444,21.9917],[90.8327,22.0079],[90.8412,22.0215],[90.8506,22.0197],[90.8444,21.9917]]],[[[90.9538,22.0146],[90.9495,22.0141],[90.9527,22.0169],[90.9538,22.0146]]],[[[90.9615,22.0422],[90.9553,22.0295],[90.9494,22.0231],[90.9615,22.0422]]],[[[90.9885,22.0871],[91.0339,22.0716],[91.0286,22.052],[90.9843,22.0215],[90.9714,22.0522],[90.9885,22.0871]]]]}}