{"type":"Feature","properties":{"speciesId":504,"category":"LC","source":"IUCN Red List","simplifyTol":0.01,"clippedToSubcontinent":true},"geometry":{"type":"MultiPolygon","coordinates":[[[[95.387,4.8735],[95.3773,4.8558],[95.3642,4.8747],[95.387,4.8735]]],[[[97.5884,5.1511],[97.5765,5.1602],[97.5769,5.1653],[97.5884,5.1511]]],[[[95.1651,5.5484],[95.1456,5.5515],[95.1662,5.5611],[95.1651,5.5484]]],[[[95.2094,5.5765],[95.1772,5.5691],[95.1766,5.5707],[95.2094,5.5765]]],[[[95.0756,5.6399],[95.0535,5.6194],[95.0469,5.6316],[95.0756,5.6399]]],[[[96.2773,4.0002],[96.1485,4.1405],[96.1249,4.128],[96.0536,4.206],[96.023,4.196],[95.7128,4.5268],[95.6081,4.6162],[95.5654,4.6262],[95.5834,4.6462],[95.5723,4.6567],[95.5387,4.6473],[95.4818,4.7609],[95.4119,4.8179],[95.4253,4.8339],[95.3755,4.9197],[95.3694,4.9459],[95.3817,4.9568],[95.3555,4.9993],[95.3623,5.0194],[95.3045,5.0793],[95.3152,5.0834],[95.3041,5.1067],[95.2825,5.1073],[95.3067,5.1271],[95.3055,5.1652],[95.2368,5.2204],[95.2503,5.2267],[95.2336,5.2472],[95.2385,5.2724],[95.2113,5.2699],[95.2156,5.3179],[95.2336,5.3195],[95.2223,5.3417],[95.2331,5.3582],[95.239,5.3385],[95.2483,5.3663],[95.2286,5.4272],[95.2409,5.4467],[95.2295,5.4922],[95.1897,5.5228],[95.2202,5.5705],[95.2424,5.5512],[95.2806,5.5506],[95.3247,5.5899],[95.3527,5.5887],[95.4315,5.6564],[95.4651,5.6437],[95.5107,5.5957],[95.6132,5.6266],[95.6729,5.5857],[95.879,5.5067],[95.9042,5.427],[96.049,5.327],[96.0735,5.2929],[96.1823,5.2636],[96.2587,5.2634],[96.3882,5.2149],[96.465,5.2376],[96.4908,5.2046],[96.5305,5.2024],[96.6139,5.2144],[96.7202,5.2559],[96.8273,5.2776],[96.8553,5.2774],[96.8303,5.2714],[96.8998,5.2516],[96.9753,5.2665],[97.0818,5.2328],[97.1454,5.2],[97.1432,5.1623],[97.1981,5.1461],[97.5013,5.2528],[97.5468,5.2151],[97.5273,5.2057],[97.57,5.1904],[97.5722,5.1386],[97.6017,5.1419],[97.611,5.1139],[97.6525,5.1197],[97.648,5.0751],[97.806,4.9341],[97.9036,4.8846],[97.9619,4.7262],[97.9615,4.668],[97.9946,4.6349],[98.0,4.6047],[97.9604,4.5316],[97.9823,4.5447],[98.0,4.5268],[98.0,4.0],[96.2773,4.0002]]],[[[97.998,4.6246],[98.0,4.6279],[98.0,4.6171],[97.998,4.6246]]],[[[95.1864,5.6057],[95.1411,5.5871],[95.1356,5.6045],[95.1213,5.5914],[95.1138,5.6084],[95.1404,5.6576],[95.1864,5.6057]]],[[[95.0695,5.7448],[95.0764,5.722],[95.1219,5.6951],[95.1341,5.663],[95.0728,5.6668],[95.0462,5.6464],[95.0602,5.6681],[95.0418,5.6688],[95.0586,5.6868],[95.0399,5.7078],[95.0581,5.7165],[95.0456,5.7323],[95.0229,5.7219],[95.0194,5.7349],[95.0293,5.7484],[95.0695,5.7448]]],[[[95.2152,5.9044],[95.2949,5.837],[95.2997,5.8668],[95.3217,5.8814],[95.313,5.8913],[95.3331,5.8926],[95.3736,5.847],[95.3742,5.8025],[95.3454,5.8252],[95.3354,5.773],[95.2859,5.778],[95.2549,5.8439],[95.218,5.8746],[95.2152,5.9044]]],[[[80.381,5.9629],[80.3804,5.9625],[80.3806,5.9629],[80.381,5.9629]]],[[[80.9429,6.0697],[80.9414,6.0702],[80.9414,6.0708],[80.9429,6.0697]]],[[[80.9381,6.0725],[80.9366,6.0729],[80.9365,6.0743],[80.9381,6.0725]]],[[[80.0958,6.1304],[80.097,6.1289],[80.0956,6.1291],[80.0958,6.1304]]],[[[80.0983,6.1373],[80.0977,6.1378],[80.0988,6.1395],[80.0983,6.1373]]],[[[80.0468,6.2371],[80.046,6.2364],[80.0453,6.2381],[80.0468,6.2371]]],[[[81.5571,7.9867],[81.5591,7.9854],[81.5576,7.9849],[81.5571,7.9867]]],[[[81.5564,7.9872],[81.5556,7.9868],[81.5558,7.9875],[81.5564,7.9872]]],[[[79.7791,8.2747],[79.7766,8.2652],[79.777,8.275],[79.7791,8.2747]]],[[[79.7638,8.2744],[79.7684,8.2783],[79.7695,8.2761],[79.7638,8.2744]]],[[[81.3944,8.363],[81.3949,8.3622],[81.3937,8.3626],[81.3944,8.363]]],[[[81.3967,8.3636],[81.3963,8.3639],[81.3969,8.3638],[81.3967,8.3636]]],[[[81.3932,8.3641],[81.3926,8.364],[81.393,8.3645],[81.3932,8.3641]]],[[[79.7895,8.3989],[79.7878,8.3958],[79.7957,8.3712],[79.7873,8.3951],[79.7895,8.3989]]],[[[97.6431,8.4856],[97.654,8.4777],[97.6391,8.4849],[97.6431,8.4856]]],[[[97.6483,8.497],[97.642,8.4963],[97.6352,8.5077],[97.6483,8.497]]],[[[79.7813,8.5303],[79.7954,8.4526],[79.7942,8.4096],[79.7774,8.4831],[79.7752,8.5193],[79.7813,8.5303]]],[[[97.6322,8.5734],[97.6405,8.5677],[97.6369,8.5595],[97.6322,8.5734]]],[[[97.6407,8.5914],[97.6349,8.5882],[97.636,8.5967],[97.6407,8.5914]]],[[[97.6506,8.6672],[97.6524,8.6326],[97.6492,8.6287],[97.6368,8.66],[97.6506,8.6672]]],[[[97.6484,8.6815],[97.6503,8.674],[97.6409,8.6802],[97.6484,8.6815]]],[[[81.2003,8.7157],[81.1994,8.7157],[81.2002,8.7165],[81.2003,8.7157]]],[[[81.204,8.7228],[81.2031,8.7219],[81.2033,8.7229],[81.204,8.7228]]],[[[81.125,8.8016],[81.1259,8.8015],[81.1253,8.8011],[81.125,8.8016]]],[[[79.9244,8.8084],[79.9247,8.8085],[79.9253,8.8084],[79.9244,8.8084]]],[[[79.9283,8.8091],[79.9273,8.8084],[79.9278,8.8093],[79.9283,8.8091]]],[[[79.927,8.8092],[79.926,8.8084],[79.9262,8.8097],[79.927,8.8092]]],[[[79.9193,8.8182],[79.9182,8.8182],[79.9184,8.8189],[79.9193,8.8182]]],[[[79.9154,8.8223],[79.9142,8.8206],[79.9163,8.8254],[79.9154,8.8223]]],[[[79.9196,8.8261],[79.9185,8.8259],[79.9188,8.8275],[79.9196,8.8261]]],[[[97.7962,8.8277],[97.8027,8.8284],[97.8002,8.8245],[97.7962,8.8277]]],[[[79.9189,8.8341],[79.9164,8.8272],[79.9186,8.8362],[79.9189,8.8341]]],[[[79.9181,8.9473],[79.9178,8.9473],[79.9181,8.9475],[79.9181,8.9473]]],[[[79.9175,8.9472],[79.9169,8.9477],[79.9173,8.9479],[79.9175,8.9472]]],[[[79.9223,8.9482],[79.922,8.9478],[79.9219,8.9481],[79.9223,8.9482]]],[[[79.9218,8.9482],[79.9214,8.9479],[79.9217,8.9484],[79.9218,8.9482]]],[[[79.9225,8.949],[79.922,8.9488],[79.922,8.949],[79.9225,8.949]]],[[[79.9198,8.951],[79.9194,8.9509],[79.9196,8.9511],[79.9198,8.951]]],[[[79.9219,8.9515],[79.9215,8.9513],[79.9215,8.9516],[79.9219,8.9515]]],[[[79.9236,8.9526],[79.9228,8.9524],[79.9231,8.9531],[79.9236,8.9526]]],[[[79.8925,8.9517],[79.89,8.9544],[79.8902,8.9553],[79.8925,8.9517]]],[[[79.9163,8.9584],[79.9186,8.9571],[79.9187,8.9554],[79.9163,8.9584]]],[[[79.9186,8.9597],[79.9167,8.9609],[79.9183,8.9611],[79.9186,8.9597]]],[[[79.8906,8.9562],[79.9067,8.9544],[79.8998,8.9463],[79.8906,8.9562]]],[[[79.8924,8.9616],[79.892,8.9619],[79.8926,8.9619],[79.8924,8.9616]]],[[[79.8952,8.9638],[79.8944,8.9637],[79.8952,8.9642],[79.8952,8.9638]]],[[[79.8859,8.9641],[79.8845,8.964],[79.8845,8.9648],[79.8859,8.9641]]],[[[79.8962,8.9654],[79.8955,8.965],[79.8959,8.9662],[79.8962,8.9654]]],[[[79.8878,8.9676],[79.8921,8.9647],[79.8925,8.9631],[79.8856,8.9673],[79.8857,8.9695],[79.8878,8.9676]]],[[[79.8794,8.9784],[79.8788,8.9774],[79.8784,8.9787],[79.8794,8.9784]]],[[[80.044,9.0249],[80.043,9.0251],[80.0436,9.0256],[80.044,9.0249]]],[[[79.6078,9.0703],[79.6095,9.0684],[79.6077,9.0699],[79.6078,9.0703]]],[[[79.6235,9.0719],[79.622,9.0708],[79.6217,9.071],[79.6235,9.0719]]],[[[79.6274,9.0713],[79.6342,9.0705],[79.6276,9.0647],[79.6274,9.0713]]],[[[79.6427,9.0722],[79.6406,9.0729],[79.6428,9.0734],[79.6427,9.0722]]],[[[79.6053,9.075],[79.6028,9.0722],[79.6021,9.0733],[79.6053,9.075]]],[[[79.6611,9.0746],[79.6577,9.0741],[79.6575,9.075],[79.6611,9.0746]]],[[[79.6638,9.0737],[79.6798,9.076],[79.6919,9.0731],[79.6638,9.0737]]],[[[79.5953,9.0807],[79.5949,9.0769],[79.5925,9.0794],[79.5953,9.0807]]],[[[97.8181,9.0681],[97.8064,9.0702],[97.8084,9.0838],[97.8181,9.0681]]],[[[79.5867,9.0848],[79.5857,9.0815],[79.5829,9.0832],[79.5867,9.0848]]],[[[79.5474,9.0912],[79.5461,9.0915],[79.5499,9.093],[79.5474,9.0912]]],[[[79.5712,9.0928],[79.5643,9.0905],[79.5717,9.094],[79.5712,9.0928]]],[[[79.5747,9.0938],[79.5729,9.094],[79.5748,9.0945],[79.5747,9.0938]]],[[[79.5473,9.0966],[79.5466,9.0975],[79.5476,9.0974],[79.5473,9.0966]]],[[[79.5356,9.0962],[79.5338,9.0976],[79.536,9.098],[79.5356,9.0962]]],[[[78.5892,9.0978],[78.5753,9.0966],[78.5884,9.1038],[78.5892,9.0978]]],[[[79.5264,9.1087],[79.5257,9.1044],[79.5213,9.107],[79.5264,9.1087]]],[[[79.7338,9.1069],[79.8607,9.0746],[79.9255,9.0118],[79.9112,9.0158],[79.9005,8.9966],[79.9264,8.9766],[79.9109,8.9751],[79.8957,8.9679],[79.8933,8.9623],[79.8897,8.9702],[79.8726,8.9881],[79.8834,8.9659],[79.8579,8.9987],[79.6902,9.0762],[79.701,9.0795],[79.6915,9.0882],[79.6989,9.0987],[79.7338,9.1069]],[[79.6991,9.0977],[79.6995,9.097],[79.6994,9.0976],[79.6991,9.0977]],[[79.6932,9.0892],[79.6935,9.0885],[79.6934,9.0894],[79.6932,9.0892]],[[79.8574,9.0652],[79.8571,9.0659],[79.8565,9.0659],[79.8574,9.0652]]],[[[78.8327,9.1623],[78.824,9.1592],[78.8333,9.1667],[78.8327,9.1623]]],[[[78.9463,9.1779],[78.9362,9.1745],[78.9002,9.172],[78.9116,9.1797],[78.9463,9.1779]]],[[[79.0642,9.1945],[79.0938,9.1926],[79.0888,9.1881],[79.0642,9.1945]]],[[[79.1895,9.2363],[79.2036,9.2358],[79.1847,9.2426],[79.1895,9.2363]]],[[[79.2282,9.2423],[79.2163,9.2428],[79.2097,9.2387],[79.2167,9.2457],[79.2282,9.2423]]],[[[80.8166,9.2739],[80.8162,9.2741],[80.8166,9.2743],[80.8166,9.2739]]],[[[80.8125,9.291],[80.8115,9.2908],[80.812,9.2914],[80.8125,9.291]]],[[[79.985,9.3066],[80.0052,9.2866],[79.9999,9.2706],[79.9718,9.2857],[79.985,9.3066]]],[[[80.0855,9.319],[80.0844,9.3194],[80.0847,9.32],[80.0855,9.319]]],[[[80.0795,9.3136],[80.083,9.3214],[80.0871,9.3131],[80.0908,9.3122],[80.0795,9.3136]]],[[[80.0745,9.3278],[80.0819,9.3268],[80.0737,9.3267],[80.0745,9.3278]]],[[[80.0589,9.3413],[80.0518,9.3382],[80.0555,9.348],[80.0589,9.3413]]],[[[97.8699,9.3689],[97.8625,9.3707],[97.8678,9.3747],[97.8699,9.3689]]],[[[97.8668,9.422],[97.8627,9.405],[97.8825,9.3808],[97.8401,9.4145],[97.8668,9.422]]],[[[97.8347,9.4245],[97.8284,9.4188],[97.8321,9.4258],[97.8347,9.4245]]],[[[80.1261,9.4287],[80.1261,9.4293],[80.1268,9.4294],[80.1261,9.4287]]],[[[80.1259,9.43],[80.1253,9.43],[80.1258,9.4311],[80.1259,9.43]]],[[[79.8884,9.4407],[79.8854,9.4395],[79.8849,9.4422],[79.8884,9.4407]]],[[[97.8544,9.4554],[97.9027,9.453],[97.9001,9.4218],[97.8775,9.4426],[97.8801,9.4145],[97.8462,9.4366],[97.8611,9.436],[97.8544,9.4554]]],[[[80.0113,9.4656],[80.004,9.4809],[80.0066,9.4859],[80.0184,9.4809],[80.0113,9.4656]]],[[[80.2669,9.5101],[80.2672,9.5096],[80.2647,9.5107],[80.2669,9.5101]]],[[[80.2622,9.5139],[80.2624,9.513],[80.26,9.5144],[80.2622,9.5139]]],[[[80.3866,9.5166],[80.3852,9.5167],[80.3863,9.5176],[80.3866,9.5166]]],[[[80.2239,9.5376],[80.2221,9.5381],[80.2215,9.5389],[80.2239,9.5376]]],[[[80.2208,9.539],[80.2202,9.539],[80.2208,9.5392],[80.2208,9.539]]],[[[80.219,9.5433],[80.2184,9.5432],[80.2187,9.5436],[80.219,9.5433]]],[[[79.6597,9.5555],[79.7238,9.5271],[79.7237,9.4762],[79.658,9.4992],[79.6597,9.5555]]],[[[79.8014,9.5799],[79.8006,9.5798],[79.8014,9.5804],[79.8014,9.5799]]],[[[79.8034,9.5811],[79.8021,9.5807],[79.8028,9.5823],[79.8034,9.5811]]],[[[79.7972,9.5924],[79.7999,9.5796],[79.7925,9.5842],[79.7925,9.5887],[79.7961,9.5892],[79.7972,9.5924]]],[[[79.8015,9.5951],[79.8025,9.5947],[79.8022,9.5944],[79.8015,9.5951]]],[[[80.2012,9.5976],[80.2045,9.597],[80.2009,9.5975],[80.2012,9.5976]]],[[[80.0894,9.5983],[80.0944,9.5979],[80.1042,9.5938],[80.0894,9.5983]]],[[[79.7972,9.5972],[79.7928,9.5898],[79.7951,9.6007],[79.7972,9.5972]]],[[[79.8462,9.6005],[79.8431,9.6016],[79.843,9.6022],[79.8462,9.6005]]],[[[79.8422,9.6029],[79.8416,9.6025],[79.8416,9.603],[79.8422,9.6029]]],[[[79.9677,9.6089],[79.9676,9.608],[79.9669,9.6082],[79.9677,9.6089]]],[[[80.0674,9.6089],[80.0774,9.6026],[80.0874,9.598],[80.0741,9.6038],[80.0674,9.6089]]],[[[79.9682,9.61],[79.9678,9.6099],[79.9678,9.6102],[79.9682,9.61]]],[[[79.9674,9.61],[79.9667,9.6101],[79.9671,9.6109],[79.9674,9.61]]],[[[80.0832,9.6096],[80.0774,9.6108],[80.0768,9.6116],[80.0832,9.6096]]],[[[79.8237,9.6068],[79.8374,9.6115],[79.8405,9.6085],[79.8237,9.6068]]],[[[80.0066,9.6188],[80.0059,9.6177],[80.0054,9.6182],[80.0066,9.6188]]],[[[79.8564,9.6181],[79.8535,9.6184],[79.8532,9.6189],[79.8564,9.6181]]],[[[79.8454,9.6202],[79.8548,9.6062],[79.8368,9.6124],[79.8454,9.6202]]],[[[79.8434,9.6204],[79.8427,9.6204],[79.8428,9.6208],[79.8434,9.6204]]],[[[79.7615,9.6082],[79.7753,9.6201],[79.7728,9.5849],[79.7615,9.6082]]],[[[79.8394,9.6252],[79.8382,9.6243],[79.8382,9.6253],[79.8394,9.6252]]],[[[79.8181,9.6252],[79.8214,9.6225],[79.82,9.6212],[79.8181,9.6252]]],[[[79.862,9.6257],[79.8642,9.6258],[79.8626,9.6246],[79.862,9.6257]]],[[[79.8148,9.6254],[79.8232,9.5899],[79.8629,9.6071],[79.8605,9.5706],[79.8037,9.5776],[79.8148,9.6254]]],[[[80.2019,9.6282],[80.2022,9.626],[80.2009,9.6275],[80.2019,9.6282]]],[[[79.9913,9.6305],[79.9911,9.63],[79.991,9.6304],[79.9913,9.6305]]],[[[79.9923,9.6307],[79.9913,9.6308],[79.9917,9.6314],[79.9923,9.6307]]],[[[79.9886,9.6231],[79.9875,9.6245],[79.9894,9.6274],[79.9892,9.6298],[79.9907,9.6314],[79.9886,9.6231]]],[[[79.9923,9.6314],[80.0031,9.6278],[80.0081,9.6298],[80.0,9.6033],[79.985,9.5972],[79.9662,9.606],[79.9783,9.6055],[79.9861,9.6133],[79.99,9.6213],[79.9893,9.624],[79.9924,9.6239],[79.9923,9.6314]]],[[[79.9892,9.6343],[79.9909,9.6335],[79.9939,9.6327],[79.9901,9.6318],[79.9892,9.6343]]],[[[79.9977,9.6329],[80.0043,9.6333],[80.0052,9.63],[79.9977,9.6329]]],[[[79.9884,9.6312],[79.9891,9.6275],[79.9869,9.6243],[79.9896,9.6217],[79.9837,9.614],[79.9884,9.6312]]],[[[79.9957,9.633],[79.9935,9.6343],[79.9976,9.6355],[79.9957,9.633]]],[[[79.9883,9.6359],[79.9877,9.6353],[79.9874,9.636],[79.9883,9.6359]]],[[[79.9857,9.6362],[79.9865,9.6361],[79.9865,9.6354],[79.9857,9.6362]]],[[[79.9871,9.6362],[79.987,9.6356],[79.9866,9.6366],[79.9871,9.6362]]],[[[79.8543,9.6253],[79.8624,9.6279],[79.8606,9.6196],[79.8619,9.6184],[79.8543,9.6253]]],[[[97.9537,9.6382],[97.9812,9.6199],[97.9709,9.6004],[97.9537,9.6382]]],[[[79.9934,9.6362],[79.9929,9.6379],[79.9992,9.6365],[79.9934,9.6362]]],[[[79.9892,9.6414],[79.9874,9.6367],[79.9878,9.6416],[79.9892,9.6414]]],[[[79.8579,9.6422],[79.858,9.6416],[79.8576,9.6423],[79.8579,9.6422]]],[[[79.9899,9.6429],[79.9897,9.6418],[79.9893,9.643],[79.9899,9.6429]]],[[[79.9874,9.6414],[79.9835,9.6418],[79.9836,9.6433],[79.9874,9.6414]]],[[[79.9911,9.6431],[79.9904,9.6434],[79.9906,9.6438],[79.9911,9.6431]]],[[[79.989,9.6438],[79.9887,9.6435],[79.9886,9.644],[79.989,9.6438]]],[[[79.8593,9.6442],[79.8586,9.643],[79.8575,9.6441],[79.8593,9.6442]]],[[[79.9903,9.6439],[79.9896,9.6437],[79.9896,9.6446],[79.9903,9.6439]]],[[[79.9986,9.6453],[80.004,9.6381],[79.9964,9.6398],[79.9924,9.642],[79.9916,9.6443],[79.9932,9.6426],[79.996,9.6426],[79.9986,9.6453]]],[[[79.9974,9.6452],[79.9929,9.6431],[79.9924,9.6447],[79.9974,9.6452]]],[[[79.9969,9.6464],[79.9943,9.6457],[79.9946,9.6476],[79.9969,9.6464]]],[[[80.0075,9.647],[80.0034,9.6462],[80.0044,9.6487],[80.0075,9.647]]],[[[79.7714,9.6499],[79.7781,9.6505],[79.7757,9.6451],[79.7714,9.6499]]],[[[79.9926,9.6536],[79.99,9.6532],[79.9897,9.6546],[79.9926,9.6536]]],[[[79.9347,9.668],[79.9354,9.6661],[79.9345,9.668],[79.9347,9.668]]],[[[79.9327,9.6683],[79.9323,9.6679],[79.9321,9.6686],[79.9327,9.6683]]],[[[79.9354,9.6683],[79.935,9.6685],[79.9354,9.6687],[79.9354,9.6683]]],[[[79.9311,9.67],[79.9309,9.6703],[79.9311,9.6703],[79.9311,9.67]]],[[[79.9341,9.6709],[79.9335,9.6707],[79.9338,9.6711],[79.9341,9.6709]]],[[[79.9346,9.6769],[79.9342,9.6768],[79.9345,9.6772],[79.9346,9.6769]]],[[[79.9382,9.6759],[79.9369,9.6759],[79.9374,9.6775],[79.9382,9.6759]]],[[[79.9369,9.6749],[79.9338,9.6738],[79.9352,9.6785],[79.9369,9.6749]]],[[[79.9387,9.6781],[79.9382,9.6783],[79.9383,9.6785],[79.9387,9.6781]]],[[[79.9357,9.68],[79.936,9.6784],[79.9348,9.68],[79.9357,9.68]]],[[[97.9119,9.6751],[97.904,9.6738],[97.911,9.6816],[97.9119,9.6751]]],[[[79.9157,9.682],[79.9145,9.6813],[79.9144,9.6819],[79.9157,9.682]]],[[[79.772,9.6522],[79.7645,9.6613],[79.7829,9.6883],[79.7862,9.6666],[79.772,9.6522]]],[[[79.7938,9.6889],[79.791,9.6882],[79.793,9.6903],[79.7938,9.6889]]],[[[79.8159,9.7163],[79.8115,9.7028],[79.8113,9.6862],[79.8074,9.6979],[79.8159,9.7163]]],[[[79.91,9.7487],[79.9041,9.7494],[79.905,9.7518],[79.91,9.7487]]],[[[79.8993,9.7647],[79.8972,9.6761],[79.9044,9.6703],[79.9176,9.6812],[79.9286,9.6803],[79.9342,9.6777],[79.9232,9.6615],[79.9827,9.6359],[79.9762,9.6131],[79.9017,9.6153],[79.8494,9.6675],[79.8517,9.7467],[79.8993,9.7647]],[[79.906,9.6692],[79.906,9.6696],[79.9053,9.6697],[79.906,9.6692]]],[[[80.2128,9.835],[80.2539,9.8233],[80.3696,9.6584],[80.663,9.4339],[80.811,9.2916],[80.8151,9.2757],[80.9331,9.0363],[80.9978,8.941],[81.072,8.8613],[81.0797,8.8687],[81.0903,8.8387],[81.2311,8.6511],[81.2522,8.5422],[81.2275,8.5356],[81.2269,8.5642],[81.2083,8.5708],[81.1924,8.5453],[81.2131,8.5094],[81.1856,8.5124],[81.188,8.5321],[81.1654,8.5405],[81.1305,8.5],[81.1442,8.4926],[81.1706,8.5139],[81.2146,8.4646],[81.2781,8.4639],[81.2806,8.5072],[81.3214,8.5254],[81.3614,8.4872],[81.4222,8.1979],[81.4454,8.1251],[81.466,8.113],[81.4573,8.0939],[81.472,8.0456],[81.5279,7.9845],[81.5525,7.9938],[81.5397,7.9626],[81.5833,7.9211],[81.5669,7.9121],[81.6139,7.8247],[81.7019,7.7514],[81.7246,7.711],[81.7233,7.7386],[81.7336,7.7294],[81.8003,7.6106],[81.8272,7.4847],[81.8145,7.4804],[81.8558,7.4053],[81.8817,7.2881],[81.8905,7.0006],[81.8322,6.7658],[81.7853,6.6725],[81.7778,6.6153],[81.6611,6.44],[81.3242,6.1983],[81.1374,6.1352],[81.1307,6.1212],[80.9926,6.097],[80.8292,6.0408],[80.7179,5.9601],[80.5872,5.9178],[80.4533,5.9407],[80.2008,6.0261],[80.1251,6.0976],[80.0784,6.1766],[80.0671,6.186],[80.0612,6.1936],[79.975,6.4612],[79.9691,6.5306],[79.8575,6.8019],[79.8364,6.9308],[79.8622,6.9801],[79.8584,7.0385],[79.8166,7.2026],[79.8315,7.21],[79.836,7.2683],[79.7893,7.5418],[79.7969,7.6614],[79.7064,8.0358],[79.6925,8.2125],[79.7344,8.252],[79.759,8.3269],[79.7846,8.3549],[79.7548,8.3049],[79.7684,8.3011],[79.7442,8.2366],[79.7769,8.2615],[79.7704,8.2212],[79.7557,8.226],[79.7384,8.2029],[79.749,8.182],[79.7276,8.1364],[79.7313,8.0846],[79.7551,8.063],[79.7369,8.0144],[79.7524,7.9879],[79.7869,7.9811],[79.83,8.0003],[79.7888,8.0751],[79.814,8.1012],[79.8133,8.2111],[79.7974,8.2212],[79.7927,8.2259],[79.8117,8.2196],[79.7884,8.234],[79.8086,8.2372],[79.8149,8.2561],[79.8661,8.535],[79.9147,8.5622],[79.9419,8.6308],[79.95,8.7239],[79.9416,8.7757],[79.9292,8.8084],[79.9192,8.816],[79.9286,8.8485],[79.9256,8.8685],[79.9184,8.8386],[79.9194,8.9112],[79.8925,8.9504],[79.9186,8.9166],[79.9034,8.9409],[79.9106,8.9558],[79.9141,8.9412],[79.9308,8.9463],[79.9903,8.9806],[79.9912,8.9945],[80.0375,9.015],[80.0476,9.0294],[80.1205,9.254],[80.1153,9.3],[80.089,9.3275],[80.0633,9.3316],[80.0551,9.3914],[80.1426,9.4353],[80.1857,9.4861],[80.0518,9.599],[80.0624,9.6108],[80.067,9.5994],[80.238,9.5308],[80.2767,9.4997],[80.393,9.4933],[80.3963,9.5036],[80.3931,9.5141],[80.3627,9.5413],[80.1866,9.6478],[80.1662,9.637],[80.1815,9.6172],[80.1946,9.6245],[80.1878,9.613],[80.1987,9.6215],[80.1918,9.6087],[80.2056,9.5823],[80.1205,9.6],[80.0247,9.6447],[79.944,9.6907],[79.9061,9.7638],[79.9833,9.8175],[80.1018,9.8096],[80.2128,9.835]],[[79.9904,8.9806],[79.9908,8.9808],[79.9907,8.9808],[79.9904,8.9806]],[[79.9775,6.4744],[79.9793,6.4736],[79.9789,6.4758],[79.9775,6.4744]]],[[[97.9959,10.0303],[97.9857,10.0312],[97.9923,10.0489],[97.9959,10.0303]]],[[[97.9784,10.0757],[97.9874,10.0526],[97.9745,10.0748],[97.9784,10.0757]]],[[[97.9321,10.1555],[97.92,10.1463],[97.9137,10.1544],[97.9321,10.1555]]],[[[97.9835,10.1325],[97.9731,10.1413],[97.9601,10.1236],[97.9814,10.1764],[97.9835,10.1325]]],[[[97.8819,10.2026],[97.876,10.1897],[97.8737,10.2003],[97.8819,10.2026]]],[[[98.0,10.3201],[97.9882,10.3267],[98.0,10.3565],[98.0,10.3201]]],[[[97.9718,10.3521],[97.9674,10.3544],[97.9723,10.3615],[97.9718,10.3521]]],[[[97.9439,10.3462],[97.9419,10.3598],[97.9521,10.3678],[97.9439,10.3462]]],[[[97.9507,10.3959],[97.9396,10.4023],[97.9455,10.4061],[97.9507,10.3959]]],[[[97.9655,10.4069],[97.9541,10.4173],[97.96,10.4338],[97.9637,10.4326],[97.9655,10.4069]]],[[[97.6887,10.4591],[97.6794,10.4619],[97.689,10.4663],[97.6887,10.4591]]],[[[97.909,10.4651],[97.9494,10.4738],[97.9352,10.4563],[97.9474,10.4528],[97.9458,10.4198],[97.9207,10.4268],[97.9132,10.4151],[97.9425,10.4115],[97.9155,10.3923],[97.8985,10.3965],[97.8941,10.4605],[97.9124,10.4938],[97.909,10.4651]]],[[[97.9217,10.5131],[97.8957,10.5024],[97.9208,10.5161],[97.9217,10.5131]]],[[[98.0,10.5605],[97.9915,10.537],[97.9451,10.5591],[97.9812,10.5704],[98.0,10.5605]]],[[[73.6848,10.8243],[73.6841,10.8274],[73.6842,10.8274],[73.6848,10.8243]]],[[[97.9961,10.8403],[97.9913,10.8487],[97.9957,10.8498],[97.9961,10.8403]]],[[[97.9996,10.8825],[98.0,10.8828],[98.0,10.8814],[97.9996,10.8825]]],[[[92.5396,10.8671],[92.5491,10.8035],[92.5764,10.7793],[92.5689,10.7433],[92.5828,10.7018],[92.5793,10.6721],[92.5594,10.6676],[92.5655,10.6512],[92.5231,10.6121],[92.5228,10.5895],[92.5511,10.5747],[92.5103,10.5127],[92.4776,10.5082],[92.4121,10.5461],[92.3599,10.5307],[92.4001,10.6138],[92.3897,10.6486],[92.3643,10.6685],[92.36,10.7812],[92.3972,10.7866],[92.4129,10.8212],[92.4438,10.8362],[92.446,10.8639],[92.4832,10.8872],[92.5064,10.8952],[92.5396,10.8671]]],[[[97.9464,10.9285],[97.9559,10.9027],[97.9448,10.867],[97.9226,10.8695],[97.8877,10.8415],[97.8927,10.8661],[97.9101,10.8674],[97.8944,10.8946],[97.9043,10.9151],[97.9267,10.9327],[97.9464,10.9285]]],[[[92.6257,10.9272],[92.6153,10.9263],[92.6168,10.9335],[92.6257,10.9272]]],[[[92.244,10.9779],[92.2173,10.9743],[92.2292,10.9837],[92.244,10.9779]]],[[[92.6794,10.9812],[92.6691,10.9785],[92.6706,10.9868],[92.6794,10.9812]]],[[[92.6905,11.1738],[92.6797,11.1812],[92.6836,11.1852],[92.6905,11.1738]]],[[[97.932,11.2717],[97.9241,11.275],[97.9321,11.277],[97.932,11.2717]]],[[[92.7064,11.2431],[92.7047,11.281],[92.7183,11.2893],[92.718,11.261],[92.7064,11.2431]]],[[[92.7326,11.3128],[92.7304,11.3194],[92.733,11.3199],[92.7326,11.3128]]],[[[97.9996,11.3836],[97.9922,11.3983],[97.999,11.4087],[98.0,11.4051],[97.9996,11.3836]]],[[[97.9995,11.4354],[97.9809,11.4361],[97.9723,11.4422],[98.0,11.4487],[97.9995,11.4354]]],[[[92.6507,11.5061],[92.6874,11.4719],[92.6976,11.4352],[92.6624,11.4038],[92.7013,11.3901],[92.7041,11.374],[92.6781,11.3536],[92.6151,11.3453],[92.5979,11.3683],[92.6072,11.3984],[92.6359,11.4002],[92.6249,11.4622],[92.6507,11.5061]]],[[[92.6173,11.5249],[92.6127,11.5205],[92.6158,11.5313],[92.6173,11.5249]]],[[[92.5744,11.5125],[92.562,11.5284],[92.567,11.535],[92.5782,11.522],[92.5744,11.5125]]],[[[92.6268,11.5308],[92.6174,11.547],[92.6266,11.5566],[92.6313,11.5518],[92.6268,11.5308]]],[[[92.607,11.5278],[92.5951,11.5448],[92.6014,11.5723],[92.6071,11.5669],[92.607,11.5278]]],[[[92.614,11.5691],[92.6272,11.5762],[92.6237,11.56],[92.614,11.5691]]],[[[92.2167,11.5805],[92.2827,11.5696],[92.2843,11.5171],[92.23,11.5263],[92.2167,11.5805]]],[[[92.5466,11.6005],[92.5802,11.5851],[92.575,11.5712],[92.5413,11.5502],[92.5466,11.6005]]],[[[97.5107,11.6427],[97.5009,11.6388],[97.5098,11.645],[97.5107,11.6427]]],[[[92.7737,11.6698],[92.7687,11.6757],[92.7773,11.6786],[92.7737,11.6698]]],[[[93.0987,11.7832],[93.0878,11.778],[93.0876,11.7865],[93.0987,11.7832]]],[[[97.4988,11.7733],[97.4677,11.7701],[97.4402,11.8008],[97.4764,11.7938],[97.4988,11.7733]]],[[[97.4982,11.806],[97.5283,11.813],[97.5285,11.7808],[97.4993,11.7818],[97.4781,11.8145],[97.4977,11.8179],[97.4982,11.806]]],[[[97.6691,11.8226],[97.6649,11.8108],[97.6479,11.8162],[97.6691,11.8226]]],[[[97.4725,11.8145],[97.4711,11.8256],[97.4739,11.826],[97.4725,11.8145]]],[[[93.0198,11.8443],[93.0815,11.8387],[93.0682,11.8095],[93.0214,11.8266],[93.0198,11.8443]]],[[[97.6752,11.8304],[97.6422,11.8705],[97.6742,11.8987],[97.6905,11.8764],[97.6752,11.8304]]],[[[92.6142,11.908],[92.6079,11.9095],[92.615,11.9156],[92.6142,11.908]]],[[[92.7388,11.9356],[92.7362,11.9478],[92.7436,11.9543],[92.7388,11.9356]]],[[[92.7595,11.9398],[92.7483,11.953],[92.7713,11.9617],[92.7741,11.949],[92.7595,11.9398]]],[[[97.9996,11.9566],[97.9753,11.9511],[97.9697,11.9569],[97.9915,11.9697],[97.9996,11.9566]]],[[[92.6142,11.9227],[92.6001,11.9685],[92.6022,11.9718],[92.6155,11.9568],[92.6142,11.9227]]],[[[92.7655,11.9855],[92.7473,11.9726],[92.7453,11.9802],[92.7655,11.9855]]],[[[97.9311,11.9989],[97.9226,11.9877],[97.9231,12.0011],[97.9311,11.9989]]],[[[92.78,11.991],[92.7686,11.9989],[92.7732,12.0045],[92.7786,12.0034],[92.78,11.991]]],[[[97.7537,11.9989],[97.7415,11.9906],[97.7355,12.0086],[97.7537,11.9989]]],[[[97.9849,12.0243],[97.9935,12.0019],[97.9683,12.014],[97.9849,12.0243]]],[[[92.9813,12.0303],[92.9881,12.0428],[93.0139,12.0238],[93.0625,11.8912],[93.0508,11.8777],[93.0067,11.9381],[93.0172,11.9428],[92.987,11.9429],[92.9709,11.976],[92.9368,11.9903],[92.9734,12.0447],[92.9813,12.0303]]],[[[97.791,12.0462],[97.7688,12.0359],[97.7609,12.0447],[97.7824,12.052],[97.791,12.0462]]],[[[97.9443,12.0419],[97.9397,12.0445],[97.9451,12.0528],[97.9443,12.0419]]],[[[97.6528,12.0075],[97.6522,12.0374],[97.6875,12.0546],[97.6828,12.0424],[97.6528,12.0075]]],[[[97.6468,12.0623],[97.6463,12.036],[97.6342,12.0365],[97.6354,12.057],[97.6468,12.0623]]],[[[97.9782,12.0519],[97.9626,12.0469],[97.9627,12.0244],[97.9537,12.061],[97.9782,12.0519]]],[[[97.9784,12.0812],[97.9737,12.0957],[97.9763,12.1033],[97.9849,12.0936],[97.9784,12.0812]]],[[[92.9711,12.0999],[93.0128,12.1002],[93.0059,12.0424],[92.9701,12.0739],[92.9842,12.0893],[92.9711,12.0999]]],[[[92.9649,12.0961],[92.9562,12.0859],[92.9584,12.1064],[92.9649,12.0961]]],[[[97.9973,12.0954],[97.9887,12.1039],[97.9897,12.1104],[98.0,12.1081],[97.9973,12.0954]]],[[[97.9746,12.1048],[97.9682,12.1183],[97.9735,12.1183],[97.9746,12.1048]]],[[[97.9811,12.13],[97.9745,12.1261],[97.9748,12.1337],[97.9811,12.13]]],[[[98.0,12.1232],[97.9979,12.1288],[97.9992,12.1421],[98.0,12.1232]]],[[[93.1275,12.1239],[93.1209,12.1379],[93.1316,12.1435],[93.1332,12.1336],[93.1275,12.1239]]],[[[93.0088,12.1154],[92.9766,12.1138],[92.9656,12.1413],[92.9963,12.141],[93.0088,12.1154]]],[[[97.7462,12.1425],[97.748,12.1239],[97.7271,12.1025],[97.7141,12.1348],[97.7462,12.1425]]],[[[93.0531,12.0439],[93.0199,12.0787],[93.0136,12.1251],[93.0371,12.1643],[93.0437,12.0958],[93.0594,12.0767],[93.0531,12.0439]]],[[[93.0959,12.1867],[93.0986,12.095],[93.0803,12.0827],[93.0465,12.1297],[93.0765,12.2052],[93.0959,12.1867]]],[[[92.9508,12.1922],[92.9374,12.2129],[92.9495,12.2223],[92.9508,12.1922]]],[[[97.9377,12.2073],[97.927,12.2312],[97.9324,12.2427],[97.9398,12.2287],[97.9377,12.2073]]],[[[92.8771,12.2441],[92.8699,12.2417],[92.8752,12.2468],[92.8771,12.2441]]],[[[97.877,12.2434],[97.8679,12.242],[97.8756,12.2468],[97.877,12.2434]]],[[[92.9053,12.2502],[92.9212,12.2203],[92.9019,12.2295],[92.8875,12.2058],[92.8811,12.2404],[92.8957,12.2347],[92.9053,12.2502]]],[[[93.095,12.233],[93.1097,12.2553],[93.1097,12.2038],[93.1008,12.2209],[93.0715,12.224],[93.0807,12.2561],[93.095,12.233]]],[[[93.0381,12.2726],[93.0289,12.2743],[93.037,12.2788],[93.0381,12.2726]]],[[[93.8685,12.2555],[93.8476,12.2599],[93.8523,12.2802],[93.8725,12.2784],[93.8685,12.2555]]],[[[97.9554,12.2751],[97.9431,12.2818],[97.96,12.2939],[97.9554,12.2751]]],[[[97.9698,12.2971],[97.9653,12.2893],[97.9675,12.2969],[97.9698,12.2971]]],[[[97.8671,12.2991],[97.8858,12.2931],[97.8635,12.28],[97.8671,12.2991]]],[[[97.7722,12.2629],[97.777,12.2806],[97.8035,12.3017],[97.7985,12.2759],[97.7722,12.2629]]],[[[92.9443,12.3033],[92.9376,12.2304],[92.9318,12.2283],[92.9315,12.2658],[92.912,12.2706],[92.9141,12.2851],[92.9385,12.2811],[92.9443,12.3033]]],[[[92.9286,12.3495],[92.917,12.3404],[92.9253,12.3532],[92.9286,12.3495]]],[[[97.9945,12.2795],[97.9813,12.3091],[97.9605,12.3213],[97.9453,12.3129],[97.9786,12.3388],[97.9686,12.3623],[97.9425,12.3311],[97.9567,12.3773],[97.9746,12.3869],[97.9765,12.3649],[98.0,12.3864],[97.9945,12.2795]]],[[[92.9665,12.4313],[92.943,12.3576],[92.9268,12.3624],[92.9378,12.4086],[92.9665,12.4313]]],[[[97.824,12.4268],[97.8198,12.4436],[97.8255,12.4728],[97.8371,12.4348],[97.824,12.4268]]],[[[97.795,12.5089],[97.8109,12.5042],[97.8027,12.4964],[97.795,12.5089]]],[[[92.6943,12.5319],[92.6806,12.5209],[92.6825,12.5357],[92.6943,12.5319]]],[[[97.8449,12.5994],[97.882,12.5668],[97.8529,12.539],[97.8266,12.5836],[97.8444,12.5842],[97.8449,12.5994]]],[[[97.8639,12.6069],[97.8515,12.606],[97.8555,12.6136],[97.8639,12.6069]]],[[[97.8616,12.621],[97.882,12.622],[97.8634,12.6145],[97.8616,12.621]]],[[[92.7323,12.7769],[92.7289,12.7694],[92.7277,12.7849],[92.7323,12.7769]]],[[[97.8716,12.8064],[97.8794,12.7659],[97.8403,12.7762],[97.8385,12.8003],[97.8557,12.8093],[97.8456,12.8203],[97.8716,12.8064]]],[[[92.7319,12.7436],[92.7257,12.7518],[92.7185,12.7176],[92.7034,12.7966],[92.7203,12.8309],[92.7319,12.7436]]],[[[92.7339,12.8589],[92.7145,12.837],[92.7335,12.8663],[92.7339,12.8589]]],[[[92.7636,12.8946],[92.7568,12.8924],[92.764,12.9096],[92.7636,12.8946]]],[[[92.8076,12.9003],[92.7941,12.8911],[92.7835,12.9089],[92.7977,12.9149],[92.8076,12.9003]]],[[[92.7841,12.929],[92.7792,12.9305],[92.7805,12.9337],[92.7841,12.929]]],[[[92.8664,12.9297],[92.8927,12.9321],[92.8974,12.9269],[92.88,12.9174],[92.8664,12.9297]]],[[[92.9668,12.9465],[92.9727,12.9422],[92.9571,12.9376],[92.9668,12.9465]]],[[[92.7095,12.9909],[92.7287,12.9772],[92.7264,12.8742],[92.7016,12.8373],[92.6855,12.8366],[92.6952,12.8158],[92.6762,12.7865],[92.6596,12.8587],[92.6862,12.9395],[92.6758,12.9594],[92.7095,12.9909]]],[[[92.9874,12.9643],[92.986,12.9332],[92.9602,12.9777],[92.9697,12.9873],[92.9796,12.9702],[93.0111,12.9971],[92.9874,12.9643]]],[[[92.9368,13.023],[92.9475,13.0167],[92.948,12.9944],[92.927,13.0044],[92.9368,13.023]]],[[[92.7323,13.0953],[92.7197,13.0873],[92.7121,13.0669],[92.7062,13.0979],[92.7323,13.0953]]],[[[74.7216,13.2204],[74.7182,13.2214],[74.7202,13.2234],[74.7216,13.2204]]],[[[74.7261,13.2235],[74.7246,13.2251],[74.7253,13.2255],[74.7261,13.2235]]],[[[74.7132,13.2372],[74.7113,13.2373],[74.7126,13.2378],[74.7132,13.2372]]],[[[74.6866,13.26],[74.6851,13.2615],[74.6864,13.2627],[74.6866,13.26]]],[[[74.6832,13.2658],[74.6813,13.2659],[74.6826,13.2664],[74.6832,13.2658]]],[[[74.6958,13.2753],[74.6922,13.2776],[74.6953,13.2789],[74.6958,13.2753]]],[[[74.693,13.2828],[74.6916,13.281],[74.6919,13.283],[74.693,13.2828]]],[[[93.0301,13.3005],[93.0238,13.3123],[93.0272,13.327],[93.0326,13.3235],[93.0301,13.3005]]],[[[74.6865,13.3263],[74.685,13.3266],[74.6858,13.3272],[74.6865,13.3263]]],[[[74.6783,13.3402],[74.6771,13.3389],[74.6772,13.3399],[74.6783,13.3402]]],[[[74.6725,13.3592],[74.6723,13.3617],[74.6735,13.361],[74.6725,13.3592]]],[[[74.6668,13.3763],[74.6665,13.373],[74.6652,13.3757],[74.6668,13.3763]]],[[[92.8227,13.411],[92.8168,13.3987],[92.8175,13.4148],[92.8227,13.411]]],[[[93.1009,13.4038],[93.0957,13.4058],[93.0991,13.4148],[93.1009,13.4038]]],[[[93.0809,13.4061],[93.0766,13.4155],[93.0817,13.4224],[93.0826,13.4199],[93.0809,13.4061]]],[[[93.1145,13.4247],[93.1044,13.4276],[93.1067,13.4317],[93.1145,13.4247]]],[[[92.8481,13.4236],[92.8281,13.4277],[92.8483,13.4385],[92.8481,13.4236]]],[[[94.2885,13.4515],[94.2921,13.4198],[94.2796,13.4215],[94.2885,13.4515]]],[[[92.8819,13.5064],[92.8751,13.5027],[92.8783,13.5108],[92.8819,13.5064]]],[[[93.0486,13.532],[93.0313,13.4264],[93.0571,13.3998],[93.071,13.4117],[93.0776,13.3959],[93.057,13.3699],[93.068,13.3762],[93.0973,13.3308],[93.0743,13.2994],[93.0674,13.3212],[93.0493,13.3207],[93.0551,13.3434],[93.0489,13.3622],[93.0492,13.3458],[93.0125,13.3479],[92.997,13.3327],[93.0011,13.3111],[93.0174,13.3157],[93.0298,13.2917],[93.0187,13.2773],[93.0525,13.2773],[93.0538,13.2552],[93.0699,13.2607],[93.0423,13.1752],[93.0383,13.0637],[93.0155,13.0284],[92.9744,13.0348],[92.9736,13.0111],[92.9476,13.0372],[92.9494,13.0607],[92.9259,13.0594],[92.9073,13.0177],[92.9283,12.9817],[92.943,12.9855],[92.9417,12.9625],[92.9166,12.947],[92.9054,12.9924],[92.8815,12.9386],[92.8633,12.9354],[92.861,12.9163],[92.8832,12.9081],[92.8818,12.8933],[92.9045,12.8971],[92.9053,12.9217],[92.93,12.9108],[92.9119,12.8845],[92.9347,12.8837],[92.9546,12.8349],[92.9607,12.8039],[92.9438,12.7715],[92.9701,12.7532],[92.9867,12.7118],[92.972,12.7042],[92.963,12.6164],[92.9835,12.5448],[92.9782,12.4943],[92.9701,12.4848],[92.9547,12.4977],[92.9416,12.4653],[92.9618,12.4752],[92.9643,12.4645],[92.9267,12.4451],[92.9264,12.4034],[92.8901,12.3769],[92.8818,12.3519],[92.8989,12.3484],[92.9081,12.329],[92.8886,12.3331],[92.9085,12.3179],[92.8681,12.3118],[92.8931,12.2807],[92.8963,12.2556],[92.8665,12.2446],[92.8892,12.1885],[92.8597,12.2015],[92.8575,12.1639],[92.8281,12.1586],[92.8124,12.1299],[92.8178,12.1007],[92.8049,12.1042],[92.8001,12.0811],[92.77,12.0633],[92.7686,12.048],[92.793,12.0403],[92.7888,12.0238],[92.7489,12.035],[92.7412,12.0183],[92.7649,11.997],[92.7344,11.9874],[92.7453,11.964],[92.7282,11.9525],[92.7249,11.9246],[92.7887,11.9361],[92.7999,11.8769],[92.7702,11.7022],[92.7534,11.7164],[92.7444,11.6818],[92.7675,11.666],[92.764,11.6181],[92.7214,11.4793],[92.7099,11.5102],[92.6837,11.5027],[92.6599,11.5182],[92.6571,11.578],[92.6411,11.5863],[92.634,11.5638],[92.6201,11.615],[92.6512,11.6092],[92.6588,11.6434],[92.6494,11.6366],[92.6455,11.6596],[92.6397,11.6289],[92.6221,11.633],[92.5993,11.7157],[92.5723,11.6971],[92.5571,11.829],[92.5342,11.8264],[92.526,11.8449],[92.5374,11.89],[92.5741,11.9336],[92.6025,11.8786],[92.6244,11.9203],[92.6201,12.0029],[92.6383,12.0382],[92.6309,12.0922],[92.6529,12.1793],[92.6696,12.2162],[92.662,12.1797],[92.6836,12.2184],[92.6872,12.1956],[92.7243,12.307],[92.7085,12.3295],[92.7149,12.4894],[92.7026,12.5079],[92.7174,12.5638],[92.6939,12.5978],[92.7153,12.6075],[92.7252,12.6362],[92.7287,12.6197],[92.7426,12.6303],[92.756,12.6641],[92.7359,12.6872],[92.7531,12.6944],[92.7429,12.7012],[92.7549,12.7161],[92.7403,12.7338],[92.7318,12.8278],[92.7466,12.8117],[92.7462,12.8332],[92.7534,12.8242],[92.7711,12.8597],[92.7846,12.8392],[92.7786,12.8607],[92.7997,12.8622],[92.816,12.8983],[92.8015,12.9766],[92.8071,12.9891],[92.8246,12.9816],[92.8105,12.9954],[92.8338,13.0086],[92.7973,13.0152],[92.8049,13.089],[92.8178,13.0731],[92.8121,13.0953],[92.8299,13.0949],[92.8172,13.1249],[92.8489,13.1246],[92.8524,13.1401],[92.8196,13.152],[92.8222,13.1689],[92.8417,13.1687],[92.8251,13.1786],[92.8337,13.2316],[92.8585,13.2366],[92.8296,13.2811],[92.8475,13.2967],[92.8321,13.3037],[92.8402,13.3567],[92.8737,13.38],[92.8488,13.396],[92.8746,13.3986],[92.8906,13.4258],[92.8836,13.4678],[92.9314,13.494],[92.9209,13.5042],[92.9334,13.5173],[92.9194,13.5235],[92.9711,13.5387],[92.9934,13.5246],[92.9952,13.5646],[93.0176,13.5421],[93.0372,13.5733],[93.0486,13.532]]],[[[92.8928,13.5729],[92.8977,13.5906],[92.9091,13.5982],[92.9088,13.5906],[92.8928,13.5729]]],[[[93.0445,13.6493],[93.0425,13.6389],[93.0417,13.6506],[93.0445,13.6493]]],[[[93.0551,13.6184],[93.0547,13.6402],[93.0745,13.6552],[93.0639,13.6426],[93.0551,13.6184]]],[[[93.0306,13.6689],[93.0331,13.6254],[93.018,13.6466],[92.9938,13.6427],[92.979,13.6571],[93.0028,13.6745],[93.0306,13.6689]]],[[[97.9207,13.8593],[97.9272,13.8187],[97.9134,13.7836],[97.907,13.8613],[97.9207,13.8593]]],[[[97.9173,13.8862],[97.9021,13.9267],[97.9074,13.9421],[97.9169,13.926],[97.9173,13.8862]]],[[[74.4756,14.0091],[74.4729,14.011],[74.4764,14.0124],[74.4756,14.0091]]],[[[93.2295,13.9736],[93.226,13.9869],[93.228,14.0164],[93.2383,13.9825],[93.2295,13.9736]]],[[[74.3309,14.0178],[74.3226,14.0179],[74.327,14.0217],[74.3309,14.0178]]],[[[74.4835,14.0238],[74.4799,14.0248],[74.4835,14.0253],[74.4835,14.0238]]],[[[74.4666,14.084],[74.4634,14.0859],[74.4654,14.0868],[74.4666,14.084]]],[[[74.4786,14.0953],[74.4748,14.0931],[74.4746,14.0957],[74.4786,14.0953]]],[[[74.4706,14.1051],[74.4668,14.1079],[74.4689,14.1095],[74.4706,14.1051]]],[[[97.8045,14.109],[97.8013,14.1339],[97.8154,14.1343],[97.8244,14.1246],[97.8045,14.109]]],[[[93.3776,14.1487],[93.3839,14.1007],[93.3734,14.0615],[93.3609,14.1446],[93.3776,14.1487]]],[[[97.7919,14.1344],[97.7792,14.1517],[97.7883,14.176],[97.8229,14.1869],[97.7919,14.1344]]],[[[93.3777,14.1913],[93.3641,14.1886],[93.3667,14.1916],[93.3777,14.1913]]],[[[97.8071,14.2613],[97.802,14.2771],[97.8138,14.2806],[97.817,14.2704],[97.8071,14.2613]]],[[[74.3985,14.3133],[74.3938,14.3089],[74.392,14.3117],[74.3985,14.3133]]],[[[97.7802,14.389],[97.7672,14.4001],[97.7835,14.4145],[97.7871,14.4064],[97.7802,14.389]]],[[[97.777,14.4412],[97.7657,14.4339],[97.7657,14.4376],[97.777,14.4412]]],[[[74.2486,14.6996],[74.246,14.702],[74.2488,14.7011],[74.2486,14.6996]]],[[[74.2345,14.7079],[74.2316,14.7096],[74.2353,14.7098],[74.2345,14.7079]]],[[[74.145,14.7215],[74.1419,14.7215],[74.1435,14.7234],[74.145,14.7215]]],[[[74.1524,14.7386],[74.1492,14.7349],[74.1488,14.7389],[74.1524,14.7386]]],[[[74.1152,14.754],[74.1034,14.7558],[74.1052,14.7621],[74.1152,14.754]]],[[[74.0833,14.7935],[74.0817,14.791],[74.0817,14.7939],[74.0833,14.7935]]],[[[74.0529,14.817],[74.0499,14.8172],[74.0568,14.8188],[74.0529,14.817]]],[[[74.1,14.8622],[74.0991,14.8645],[74.0999,14.8645],[74.1,14.8622]]],[[[74.0919,14.8759],[74.0891,14.8748],[74.0899,14.8778],[74.0919,14.8759]]],[[[93.6717,14.8489],[93.6695,14.8705],[93.7065,14.919],[93.6954,14.8812],[93.6717,14.8489]]],[[[97.7389,15.0666],[97.7274,15.0641],[97.739,15.0756],[97.7389,15.0666]]],[[[97.744,15.0871],[97.7371,15.088],[97.7381,15.0963],[97.744,15.0871]]],[[[97.7407,15.2026],[97.7301,15.2004],[97.7351,15.2073],[97.7407,15.2026]]],[[[73.7607,15.3543],[73.7569,15.3573],[73.7605,15.3573],[73.7607,15.3543]]],[[[73.7765,15.3545],[73.7666,15.3553],[73.774,15.3587],[73.7765,15.3545]]],[[[73.7896,15.3719],[73.7865,15.3772],[73.7904,15.3775],[73.7896,15.3719]]],[[[97.6462,15.5884],[97.6649,15.5236],[97.6552,15.494],[97.6462,15.5884]]],[[[95.1121,15.6704],[95.1074,15.6644],[95.1104,15.6706],[95.1121,15.6704]]],[[[95.0718,15.6742],[95.0564,15.6728],[95.0717,15.6793],[95.0718,15.6742]]],[[[95.2707,15.6782],[95.2641,15.6731],[95.2634,15.6823],[95.2707,15.6782]]],[[[95.2044,15.6826],[95.1915,15.6663],[95.1829,15.6738],[95.2044,15.6826]]],[[[95.0605,15.7203],[95.0181,15.7194],[95.0568,15.7419],[95.0605,15.7203]]],[[[95.0689,15.8164],[95.0534,15.8195],[95.0646,15.8444],[95.0689,15.8164]]],[[[94.2838,15.8652],[94.2738,15.8646],[94.2795,15.8707],[94.2838,15.8652]]],[[[95.0666,15.8747],[95.0606,15.8772],[95.0651,15.8834],[95.0666,15.8747]]],[[[73.4455,15.8897],[73.4446,15.8907],[73.4458,15.8903],[73.4455,15.8897]]],[[[73.4558,15.8935],[73.4541,15.8932],[73.4547,15.8939],[73.4558,15.8935]]],[[[94.8409,15.8952],[94.8346,15.8899],[94.8309,15.9062],[94.8409,15.8952]]],[[[94.4628,15.9129],[94.4518,15.9193],[94.464,15.9157],[94.4628,15.9129]]],[[[73.5407,15.925],[73.5379,15.9247],[73.5395,15.9267],[73.5407,15.925]]],[[[73.4576,15.9313],[73.4554,15.9319],[73.456,15.9337],[73.4576,15.9313]]],[[[94.8107,15.7875],[94.7375,15.7916],[94.7306,15.814],[94.8088,15.9425],[94.8402,15.869],[94.8107,15.7875]]],[[[94.5213,15.9208],[94.5155,15.9292],[94.5225,15.9426],[94.5213,15.9208]]],[[[95.3142,15.9296],[95.321,15.9478],[95.3328,15.9568],[95.3321,15.9424],[95.3142,15.9296]]],[[[94.6686,15.9667],[94.6578,15.9625],[94.6672,15.9685],[94.6686,15.9667]]],[[[95.3453,15.9583],[95.3384,15.9631],[95.3452,15.9714],[95.3453,15.9583]]],[[[73.4707,15.9724],[73.4688,15.9732],[73.4701,15.9747],[73.4707,15.9724]]],[[[95.241,15.9118],[95.2378,15.9276],[95.2678,15.9852],[95.2683,15.9572],[95.241,15.9118]]],[[[73.4516,15.9891],[73.4503,15.9909],[73.4513,15.9917],[73.4516,15.9891]]],[[[95.104,15.939],[95.1036,15.9645],[95.1207,15.9944],[95.1186,15.9526],[95.104,15.939]]],[[[94.3422,16.0097],[94.3218,15.978],[94.2799,15.9896],[94.3322,16.0117],[94.3422,16.0097]]],[[[95.0846,16.0328],[95.0752,16.0156],[95.0836,16.0383],[95.0846,16.0328]]],[[[94.6944,16.0016],[94.7016,16.0264],[94.7171,16.0504],[94.7196,16.0274],[94.6944,16.0016]]],[[[94.8099,15.9774],[94.8423,16.0605],[94.86,16.0582],[94.8491,16.0],[94.8099,15.9774]]],[[[95.3453,16.0479],[95.3256,15.968],[95.2736,15.8683],[95.2366,15.8652],[95.273,15.9563],[95.28,16.022],[95.3198,16.079],[95.3453,16.0479]]],[[[94.6173,16.0416],[94.6182,16.0528],[94.6513,16.0928],[94.6425,16.0649],[94.6173,16.0416]]],[[[95.1806,16.075],[95.1811,16.025],[95.1377,16.0363],[95.0988,15.98],[95.1122,16.0688],[95.1719,16.1117],[95.2106,16.1027],[95.1806,16.075]]],[[[95.1586,16.1178],[95.1399,16.1177],[95.1617,16.1199],[95.1586,16.1178]]],[[[94.6684,16.1227],[94.665,16.1337],[94.6683,16.1346],[94.6684,16.1227]]],[[[94.5203,16.1307],[94.5275,16.1457],[94.5448,16.1502],[94.5345,16.1377],[94.5203,16.1307]]],[[[95.1362,16.1514],[95.1272,16.1447],[95.1335,16.1565],[95.1362,16.1514]]],[[[95.3263,16.1146],[95.3113,16.1457],[95.3183,16.1719],[95.3666,16.2017],[95.3641,16.1565],[95.3263,16.1146]]],[[[95.8876,16.2228],[95.8727,16.2216],[95.8943,16.2393],[95.8876,16.2228]]],[[[94.6367,16.0898],[94.5953,16.038],[94.5788,16.0516],[94.5903,16.0994],[94.5718,16.0745],[94.573,16.0451],[94.5966,16.0307],[94.5938,16.0155],[94.5131,15.9889],[94.4469,15.9199],[94.3974,15.8322],[94.4109,15.8631],[94.3929,15.9017],[94.3863,16.0],[94.4535,16.0189],[94.5847,16.1991],[94.6492,16.2476],[94.6728,16.2032],[94.6367,16.0898]]],[[[94.6604,16.2697],[94.6579,16.2763],[94.6624,16.2782],[94.6604,16.2697]]],[[[94.5347,16.2006],[94.5185,16.2316],[94.5266,16.2838],[94.5602,16.2407],[94.5347,16.2006]]],[[[95.9016,16.2554],[95.9031,16.273],[95.9078,16.2866],[95.9133,16.2749],[95.9016,16.2554]]],[[[94.6827,16.2978],[94.6777,16.3019],[94.6812,16.3123],[94.6827,16.2978]]],[[[97.5936,16.2399],[97.5768,16.2936],[97.5955,16.3324],[97.6161,16.2773],[97.5936,16.2399]]],[[[95.9615,16.2951],[95.9577,16.313],[95.9577,16.3487],[95.9672,16.3175],[95.9615,16.2951]]],[[[96.0779,16.3521],[96.0722,16.3487],[96.0648,16.3563],[96.0779,16.3521]]],[[[95.8751,16.2001],[95.9178,16.273],[95.913,16.3313],[95.9399,16.3786],[95.9563,16.3263],[95.9441,16.2473],[95.8751,16.2001]]],[[[94.5831,16.2228],[94.5746,16.2472],[94.6086,16.2773],[94.6139,16.3189],[94.6499,16.3302],[94.6864,16.3779],[94.6279,16.2577],[94.5831,16.2228]]],[[[96.021,16.2485],[95.927,16.2097],[95.9519,16.2379],[95.9703,16.3017],[95.971,16.3446],[95.9938,16.382],[96.0736,16.3414],[96.0835,16.3147],[96.021,16.2485]]],[[[95.9343,16.3798],[95.9279,16.3735],[95.9334,16.3835],[95.9343,16.3798]]],[[[94.234,16.3846],[94.227,16.3781],[94.2321,16.3873],[94.234,16.3846]]],[[[95.9515,16.3793],[95.9437,16.3836],[95.9477,16.39],[95.9515,16.3793]]],[[[94.6979,16.3684],[94.698,16.3876],[94.7024,16.3907],[94.7021,16.3785],[94.6979,16.3684]]],[[[95.9399,16.3965],[95.9325,16.3958],[95.9328,16.3981],[95.9399,16.3965]]],[[[96.0071,16.3859],[95.9936,16.3955],[95.9936,16.399],[96.0071,16.3859]]],[[[95.9658,16.3464],[95.9522,16.3705],[95.9586,16.4063],[95.9924,16.3898],[95.9658,16.3464]]],[[[97.6046,16.3789],[97.601,16.3972],[97.6051,16.4101],[97.6131,16.3953],[97.6046,16.3789]]],[[[96.3192,16.4688],[96.309,16.4677],[96.3076,16.4757],[96.3192,16.4688]]],[[[97.5905,16.4882],[97.5739,16.4879],[97.5694,16.493],[97.5905,16.4882]]],[[[97.5793,16.4835],[97.6081,16.4883],[97.6162,16.4666],[97.5794,16.3995],[97.5904,16.3597],[97.5642,16.2884],[97.5721,16.2436],[97.5543,16.2238],[97.5084,16.2396],[97.4639,16.3021],[97.4565,16.3187],[97.482,16.3525],[97.4711,16.3576],[97.478,16.3796],[97.4418,16.4469],[97.472,16.4712],[97.4489,16.4675],[97.4547,16.4823],[97.5023,16.5124],[97.5793,16.4835]]],[[[97.5467,16.5019],[97.5285,16.5115],[97.5532,16.5085],[97.5467,16.5019]]],[[[97.6557,16.5165],[97.6474,16.5138],[97.6558,16.5234],[97.6557,16.5165]]],[[[97.6083,16.5085],[97.5876,16.5066],[97.5555,16.5248],[97.6083,16.5085]]],[[[97.5148,16.5236],[97.4991,16.5271],[97.5211,16.5336],[97.5148,16.5236]]],[[[94.253,16.5291],[94.2422,16.5182],[94.2493,16.5399],[94.253,16.5291]]],[[[97.7152,16.5643],[97.7047,16.5617],[97.7035,16.5633],[97.7152,16.5643]]],[[[97.6425,16.5285],[97.6262,16.5365],[97.6435,16.5772],[97.6647,16.5554],[97.6425,16.5285]]],[[[97.6573,16.5738],[97.6481,16.5787],[97.6515,16.5872],[97.6573,16.5738]]],[[[96.3026,16.4723],[96.2944,16.4457],[96.3266,16.4653],[96.3211,16.447],[96.336,16.4437],[96.3069,16.408],[96.155,16.322],[96.1241,16.314],[96.0992,16.3264],[96.0897,16.3464],[96.1023,16.3716],[96.1432,16.3846],[96.1689,16.4176],[96.1488,16.4548],[96.1585,16.453],[96.1804,16.4603],[96.1895,16.4766],[96.1831,16.4835],[96.1985,16.4841],[96.1788,16.5142],[96.1851,16.5578],[96.1801,16.5847],[96.2356,16.5983],[96.2628,16.5187],[96.3026,16.4723]]],[[[82.3479,16.6034],[82.3413,16.607],[82.3489,16.6109],[82.3479,16.6034]]],[[[97.6359,16.5736],[97.6122,16.58],[97.6261,16.6184],[97.6445,16.6024],[97.6359,16.5736]]],[[[96.3107,16.8499],[96.3016,16.8461],[96.3033,16.8612],[96.3107,16.8499]]],[[[97.1871,16.8463],[97.183,16.8705],[97.1928,16.8777],[97.1989,16.8658],[97.1871,16.8463]]],[[[96.6759,17.3462],[96.6652,17.3236],[96.655,17.3372],[96.6759,17.3462]]],[[[96.778,17.3694],[96.7677,17.3663],[96.7776,17.3754],[96.778,17.3694]]],[[[96.8399,17.4047],[96.7884,17.3795],[96.7385,17.4383],[96.792,17.4828],[96.8078,17.4389],[96.8399,17.4047]]],[[[94.5929,17.5688],[94.5871,17.5687],[94.588,17.5735],[94.5929,17.5688]]],[[[94.0883,18.0462],[94.0826,18.0583],[94.0996,18.0615],[94.0994,18.0544],[94.0883,18.0462]]],[[[94.4506,18.1328],[94.4417,18.1332],[94.4503,18.1388],[94.4506,18.1328]]],[[[94.3823,18.3461],[94.3727,18.3476],[94.3806,18.3498],[94.3823,18.3461]]],[[[93.9109,18.4304],[93.9043,18.4343],[93.9055,18.4414],[93.9109,18.4304]]],[[[94.2478,18.5369],[94.2351,18.5354],[94.2353,18.5403],[94.2478,18.5369]]],[[[93.7859,18.6024],[93.7754,18.6206],[93.7935,18.6657],[93.8024,18.6113],[93.7859,18.6024]]],[[[72.8151,18.7014],[72.8048,18.7003],[72.8072,18.7045],[72.8151,18.7014]]],[[[72.8424,18.7075],[72.8332,18.7041],[72.84,18.7114],[72.8424,18.7075]]],[[[93.8182,18.7147],[93.811,18.7247],[93.8158,18.7252],[93.8182,18.7147]]],[[[94.0065,18.729],[93.9915,18.7312],[93.9846,18.744],[93.9961,18.7475],[94.0065,18.729]]],[[[72.8456,18.7691],[72.835,18.7678],[72.8432,18.7728],[72.8456,18.7691]]],[[[72.8502,18.7868],[72.844,18.7916],[72.85,18.7971],[72.8502,18.7868]]],[[[93.9661,18.7794],[93.9393,18.8168],[93.9726,18.8367],[93.975,18.8025],[93.9923,18.7854],[93.9661,18.7794]]],[[[94.1131,18.8492],[94.1386,18.8543],[94.1191,18.8079],[94.0678,18.8476],[94.0864,18.8476],[94.1155,18.8697],[94.1131,18.8492]]],[[[93.5278,18.9017],[93.5252,18.8954],[93.5226,18.8981],[93.5278,18.9017]]],[[[93.6532,18.873],[93.7415,18.8723],[93.7474,18.7242],[93.7201,18.6758],[93.6913,18.6669],[93.6373,18.6853],[93.5448,18.7668],[93.4825,18.8677],[93.5766,18.8837],[93.6152,18.9146],[93.6532,18.873]]],[[[72.9321,18.9528],[72.9223,18.9629],[72.9424,18.9688],[72.939,18.9654],[72.9321,18.9528]]],[[[94.0394,19.0215],[94.0409,19.0389],[94.0542,19.0382],[94.0545,19.0336],[94.0394,19.0215]]],[[[94.0403,19.0527],[94.0186,19.0454],[94.0375,19.0623],[94.0403,19.0527]]],[[[94.0168,19.1014],[93.9972,19.103],[94.0165,19.106],[94.0168,19.1014]]],[[[93.8359,19.2586],[93.8195,19.2598],[93.8354,19.2629],[93.8359,19.2586]]],[[[93.7538,19.2865],[93.7518,19.2755],[93.7439,19.2818],[93.7538,19.2865]]],[[[93.8451,19.2768],[93.8351,19.2742],[93.8367,19.2933],[93.8451,19.2768]]],[[[93.8653,19.2833],[93.8532,19.2712],[93.8486,19.2721],[93.8502,19.296],[93.8653,19.2833]]],[[[93.8326,19.2758],[93.7868,19.2761],[93.7766,19.2976],[93.8275,19.295],[93.8326,19.2758]]],[[[94.0555,19.3461],[94.0403,19.3418],[94.0545,19.3488],[94.0555,19.3461]]],[[[93.6879,19.3625],[93.6571,19.3361],[93.6422,19.3591],[93.6746,19.377],[93.6879,19.3625]]],[[[93.6891,19.3979],[93.6737,19.391],[93.6631,19.4074],[93.6891,19.3979]]],[[[93.6616,19.429],[93.6551,19.4218],[93.6531,19.4273],[93.6616,19.429]]],[[[93.6362,19.4039],[93.6319,19.4231],[93.6274,19.4313],[93.6406,19.4241],[93.6362,19.4039]]],[[[93.6173,19.439],[93.5999,19.442],[93.614,19.4516],[93.6173,19.439]]],[[[93.5967,19.4615],[93.5902,19.4722],[93.5827,19.4751],[93.5946,19.4729],[93.5967,19.4615]]],[[[93.5372,19.4682],[93.5311,19.4769],[93.5522,19.4705],[93.5372,19.4682]]],[[[93.6273,19.4906],[93.6412,19.4492],[93.6058,19.4669],[93.6031,19.4877],[93.6273,19.4906]]],[[[93.5197,19.4767],[93.5116,19.4978],[93.5149,19.5022],[93.5338,19.4866],[93.5197,19.4767]]],[[[93.5182,19.5238],[93.5768,19.4794],[93.5489,19.4801],[93.5182,19.5238]]],[[[93.7689,19.5315],[93.8592,19.5002],[93.8301,19.4819],[93.7689,19.5315]]],[[[93.5319,19.5332],[93.5248,19.5359],[93.525,19.5391],[93.5319,19.5332]]],[[[93.6007,19.5511],[93.5878,19.5576],[93.5987,19.5569],[93.6007,19.5511]]],[[[93.4999,19.5532],[93.4938,19.5531],[93.4903,19.5639],[93.4999,19.5532]]],[[[93.6626,19.5572],[93.6502,19.5431],[93.6303,19.546],[93.6397,19.5666],[93.6626,19.5572]]],[[[93.6743,19.5716],[93.659,19.5753],[93.6597,19.5781],[93.6743,19.5716]]],[[[93.7184,19.5938],[93.7067,19.5966],[93.7034,19.6042],[93.7184,19.5938]]],[[[93.6354,19.6136],[93.6225,19.6185],[93.5988,19.612],[93.6156,19.6299],[93.6354,19.6136]]],[[[93.6614,19.6301],[93.6539,19.6291],[93.6549,19.6392],[93.6614,19.6301]]],[[[93.5469,19.649],[93.5394,19.6491],[93.5373,19.6578],[93.5469,19.649]]],[[[93.7,19.6579],[93.6921,19.6539],[93.6886,19.6621],[93.7,19.6579]]],[[[93.5894,19.6599],[93.5746,19.648],[93.5628,19.6584],[93.5801,19.6701],[93.5894,19.6599]]],[[[93.814,19.7108],[93.8093,19.7149],[93.8121,19.7273],[93.814,19.7108]]],[[[93.5022,19.7176],[93.4829,19.7251],[93.4726,19.7381],[93.4967,19.7301],[93.5022,19.7176]]],[[[93.4077,19.7406],[93.4407,19.7464],[93.495,19.7145],[93.5017,19.6741],[93.457,19.6907],[93.4077,19.7406]]],[[[93.5891,19.7461],[93.572,19.7093],[93.5452,19.7002],[93.5539,19.687],[93.5246,19.6804],[93.5162,19.7214],[93.5825,19.7697],[93.5891,19.7461]]],[[[93.704,19.7568],[93.69,19.7132],[93.6317,19.7182],[93.6559,19.7785],[93.6663,19.76],[93.6911,19.7895],[93.704,19.7568]]],[[[93.5518,19.7608],[93.5456,19.7889],[93.5806,19.7961],[93.5772,19.782],[93.5518,19.7608]]],[[[93.4054,19.7978],[93.3997,19.8053],[93.4035,19.8074],[93.4054,19.7978]]],[[[93.7368,19.7887],[93.6991,19.7962],[93.7435,19.8326],[93.7452,19.8097],[93.7368,19.7887]]],[[[93.5822,19.8035],[93.5507,19.8014],[93.5446,19.8059],[93.583,19.8359],[93.5964,19.8282],[93.5822,19.8035]]],[[[93.7265,19.8506],[93.7327,19.8242],[93.678,19.7891],[93.6827,19.8215],[93.7265,19.8506]]],[[[93.6423,19.8601],[93.7012,19.8521],[93.5996,19.7099],[93.593,19.7818],[93.6301,19.8135],[93.6423,19.8601]]],[[[93.7634,19.8635],[93.7925,19.8314],[93.7771,19.7662],[93.7124,19.7645],[93.7041,19.7837],[93.7335,19.7817],[93.7469,19.7906],[93.7545,19.8254],[93.7409,19.8453],[93.7634,19.8635]]],[[[93.7206,19.8914],[93.7113,19.8908],[93.7106,19.8934],[93.7206,19.8914]]],[[[93.7234,19.8811],[93.7357,19.8838],[93.7369,19.8696],[93.6902,19.8775],[93.6632,19.8581],[93.6521,19.8729],[93.6831,19.8949],[93.7234,19.8811]]],[[[93.575,19.8794],[93.5936,19.9044],[93.6058,19.9024],[93.5855,19.8796],[93.575,19.8794]]],[[[93.6607,19.9012],[93.5996,19.843],[93.5459,19.8272],[93.5471,19.8669],[93.594,19.8746],[93.6184,19.9037],[93.6607,19.9012]]],[[[93.5187,19.8667],[93.5011,19.9039],[93.5199,19.9157],[93.531,19.9023],[93.5187,19.8667]]],[[[93.7233,19.9209],[93.7142,19.9279],[93.7264,19.9232],[93.7233,19.9209]]],[[[93.5093,19.9231],[93.4897,19.9217],[93.5036,19.9304],[93.5093,19.9231]]],[[[93.4994,19.9347],[93.4678,19.935],[93.4991,19.9572],[93.4994,19.9347]]],[[[93.3958,19.9583],[93.4275,19.9541],[93.4602,19.9091],[93.4978,19.8995],[93.5081,19.8392],[93.4692,19.8297],[93.4989,19.8214],[93.5212,19.7592],[93.5112,19.7345],[93.4446,19.7875],[93.4312,19.8676],[93.3966,19.9247],[93.3958,19.9583]]],[[[93.4629,19.939],[93.4711,19.9623],[93.4875,19.9522],[93.4779,19.9436],[93.4629,19.939]]],[[[93.4864,19.9612],[93.4747,19.9808],[93.4747,19.9909],[93.497,19.9809],[93.4864,19.9612]]],[[[93.4609,19.9581],[93.4445,19.9836],[93.4499,19.9931],[93.4635,19.9765],[93.4609,19.9581]]],[[[93.235,19.8134],[93.1633,19.9447],[93.1267,20.0519],[93.1638,20.0113],[93.1809,19.9394],[93.2492,19.8221],[93.235,19.8134]]],[[[93.1285,20.062],[93.1188,20.0584],[93.1264,20.0691],[93.1285,20.062]]],[[[93.1585,20.0669],[93.1752,20.0428],[93.1373,20.0718],[93.1585,20.0669]]],[[[93.3333,20.0521],[93.3317,20.0642],[93.339,20.0728],[93.3416,20.066],[93.3333,20.0521]]],[[[93.0291,19.8189],[93.0134,19.8954],[92.9159,20.0553],[92.926,20.0833],[92.9602,20.0616],[93.02,19.9194],[93.0358,19.8746],[93.0291,19.8189]]],[[[92.9967,20.1116],[93.0682,20.116],[93.0872,20.0864],[93.074,20.0766],[93.1218,20.0396],[93.14,19.9983],[93.1133,19.9816],[93.1051,19.9366],[93.175,19.7877],[93.0568,19.9513],[93.0421,20.0089],[92.9793,20.0713],[92.9746,20.1264],[92.9967,20.1116]]],[[[93.328,20.1069],[93.3118,20.1313],[93.313,20.1366],[93.3256,20.1211],[93.328,20.1069]]],[[[93.1267,20.079],[93.1119,20.0615],[93.0988,20.0779],[93.0949,20.0879],[93.1195,20.0869],[93.0855,20.1002],[93.0736,20.1239],[93.0877,20.1388],[93.1092,20.1359],[93.1267,20.079]]],[[[93.0665,20.1258],[93.0674,20.1456],[93.0863,20.1643],[93.0895,20.1485],[93.0665,20.1258]]],[[[93.2991,20.0481],[93.2862,20.0946],[93.3034,20.1704],[93.3109,20.1152],[93.3309,20.0821],[93.2991,20.0481]]],[[[93.0953,20.1603],[93.095,20.1789],[93.113,20.179],[93.1024,20.1719],[93.0953,20.1603]]],[[[93.2119,20.1598],[93.2312,20.113],[93.2035,20.0935],[93.1892,20.0627],[93.1329,20.0846],[93.1113,20.1403],[93.0981,20.1542],[93.123,20.1798],[93.1717,20.1884],[93.1898,20.168],[93.2119,20.1598]]],[[[92.965,20.1694],[92.9516,20.1975],[92.9752,20.2112],[92.978,20.1795],[92.965,20.1694]]],[[[92.9744,20.2179],[92.9608,20.2151],[92.9804,20.2315],[92.9744,20.2179]]],[[[92.7417,20.2186],[92.7343,20.2213],[92.7338,20.2383],[92.7417,20.2186]]],[[[92.9286,20.1897],[92.9164,20.2045],[92.9252,20.2444],[92.9426,20.2506],[92.9504,20.2119],[92.9286,20.1897]]],[[[93.2528,20.1437],[93.2845,20.1445],[93.2744,20.0854],[93.2911,20.0604],[93.275,20.0333],[93.2057,20.0498],[93.2079,20.0922],[93.2467,20.116],[93.2292,20.1567],[93.1829,20.1916],[93.2081,20.2124],[93.2167,20.2346],[93.2528,20.2427],[93.2512,20.2636],[93.2766,20.2438],[93.3004,20.1904],[93.2837,20.158],[93.2528,20.1437]]],[[[93.2728,20.2683],[93.2347,20.2758],[93.2548,20.3126],[93.2708,20.3147],[93.2636,20.2969],[93.2728,20.2683]]],[[[93.3231,20.3224],[93.3364,20.2789],[93.3577,20.27],[93.3906,20.2092],[93.4112,20.1214],[93.4012,20.1103],[93.3839,20.1859],[93.3959,20.1024],[93.3666,20.084],[93.3799,20.0275],[93.3672,20.0156],[93.3556,20.0728],[93.3143,20.1414],[93.3067,20.2079],[93.2713,20.2575],[93.2776,20.2882],[93.2677,20.2972],[93.2839,20.3204],[93.3231,20.3224]]],[[[93.2914,20.353],[93.2847,20.3436],[93.2902,20.3544],[93.2914,20.353]]],[[[92.7522,20.3625],[92.7468,20.3513],[92.7418,20.3584],[92.7522,20.3625]]],[[[93.1334,20.3059],[93.1755,20.3243],[93.2152,20.3051],[93.143,20.2188],[93.1272,20.2428],[93.1284,20.2167],[93.0046,20.1324],[92.9958,20.1906],[93.0221,20.2687],[93.04,20.2773],[93.04,20.3263],[93.0911,20.3689],[93.12,20.3744],[93.1322,20.3447],[93.1199,20.3296],[93.1288,20.321],[93.1403,20.3166],[93.1334,20.3059]]],[[[92.8766,20.4023],[92.8882,20.3848],[92.8454,20.3947],[92.8766,20.4023]]],[[[92.8278,20.4109],[92.8169,20.4066],[92.8166,20.4091],[92.8278,20.4109]]],[[[92.7623,20.4323],[92.8214,20.4216],[92.8122,20.4063],[92.8665,20.3114],[92.8411,20.2875],[92.7948,20.2773],[92.7874,20.2901],[92.7807,20.2786],[92.7647,20.3199],[92.7623,20.4323]]],[[[92.8048,20.4859],[92.7789,20.4549],[92.7891,20.4417],[92.7635,20.4417],[92.7559,20.4701],[92.7683,20.4705],[92.7973,20.4995],[92.8048,20.4859]]],[[[93.1093,20.4186],[93.0785,20.4073],[93.0778,20.3641],[93.0435,20.3504],[93.038,20.423],[93.0851,20.5053],[93.1093,20.4186]]],[[[92.7219,20.5749],[92.7008,20.5817],[92.6991,20.6048],[92.7219,20.5749]]],[[[92.3262,20.5852],[92.3129,20.627],[92.3212,20.6346],[92.3296,20.5991],[92.3262,20.5852]]],[[[72.8793,20.6887],[72.89,20.6884],[72.8883,20.6806],[72.8793,20.6887]]],[[[92.6335,20.6965],[92.6086,20.6838],[92.5844,20.7087],[92.6185,20.7141],[92.6353,20.7243],[92.6335,20.6965]]],[[[92.3511,20.7187],[92.3599,20.7178],[92.3431,20.7244],[92.3511,20.7187]]],[[[72.8697,20.7172],[72.877,20.7252],[72.8737,20.6908],[72.8667,20.7131],[72.8577,20.706],[72.8726,20.6676],[72.8785,20.6761],[72.8779,20.6457],[72.8475,20.7183],[72.8454,20.7442],[72.8697,20.7172]]],[[[72.8752,20.7521],[72.8613,20.7556],[72.8767,20.754],[72.8752,20.7521]]],[[[92.5627,20.7432],[92.5806,20.749],[92.5749,20.7317],[92.5864,20.7294],[92.5754,20.7211],[92.5491,20.7402],[92.5512,20.757],[92.5627,20.7432]]],[[[72.8726,20.768],[72.8648,20.7678],[72.866,20.7692],[72.8726,20.768]]],[[[72.8404,20.7753],[72.8407,20.7799],[72.8547,20.7598],[72.8404,20.7753]]],[[[72.8436,20.7883],[72.8407,20.7969],[72.8444,20.7987],[72.8436,20.7883]]],[[[72.817,20.91],[72.807,20.9073],[72.8173,20.919],[72.817,20.91]]],[[[72.831,20.8052],[72.815,20.8357],[72.7824,20.9205],[72.8226,20.8255],[72.8415,20.8054],[72.831,20.8052]]],[[[92.2969,20.9277],[92.2813,20.9476],[92.3007,20.9774],[92.3098,20.9528],[92.2969,20.9277]]],[[[72.7868,20.9919],[72.7723,20.9793],[72.7658,20.9849],[72.7751,20.9933],[72.7868,20.9919]]],[[[92.3326,20.9939],[92.3553,20.9436],[92.3145,20.9072],[92.3036,20.9269],[92.3159,20.9543],[92.3067,20.9822],[92.3326,20.9939]]],[[[92.2638,21.0272],[92.2566,21.0234],[92.2613,21.0311],[92.2638,21.0272]]],[[[72.8453,21.0376],[72.8357,21.0425],[72.8453,21.0424],[72.8453,21.0376]]],[[[72.6852,21.0536],[72.6797,21.0622],[72.6751,21.0652],[72.6836,21.0665],[72.6852,21.0536]]],[[[92.2201,21.109],[92.211,21.1081],[92.2168,21.1148],[92.2201,21.109]]],[[[92.2179,21.1304],[92.2124,21.1257],[92.2076,21.1318],[92.2179,21.1304]]],[[[88.1948,21.5545],[88.1999,21.57],[88.214,21.5284],[88.1899,21.5445],[88.1738,21.5858],[88.1948,21.5545]]],[[[72.3597,21.5952],[72.3494,21.5989],[72.3492,21.604],[72.3597,21.5952]]],[[[88.8589,21.52],[88.8255,21.5594],[88.8278,21.5997],[88.85,21.6086],[88.9124,21.5624],[88.9036,21.5264],[88.8589,21.52]]],[[[92.0109,21.5983],[92.0041,21.6176],[92.0071,21.6241],[92.0135,21.6135],[92.0109,21.5983]]],[[[72.7443,21.6377],[72.807,21.6431],[72.7932,21.6206],[72.6902,21.5999],[72.674,21.5873],[72.6865,21.5808],[72.6432,21.5644],[72.6228,21.5682],[72.6295,21.5877],[72.6114,21.6017],[72.6241,21.6172],[72.6033,21.6436],[72.6336,21.6586],[72.7661,21.6553],[72.7443,21.6377]]],[[[92.0072,21.6281],[92.0021,21.6463],[92.0303,21.6683],[92.0347,21.6491],[92.0072,21.6281]]],[[[88.6459,21.6462],[88.6324,21.6546],[88.6509,21.6829],[88.6459,21.6462]]],[[[89.3542,21.7008],[89.3353,21.6995],[89.3422,21.7214],[89.3542,21.7008]]],[[[91.9741,21.509],[91.9479,21.4896],[91.9017,21.5092],[91.9114,21.4757],[91.8969,21.4671],[91.8684,21.4885],[91.8587,21.522],[91.8821,21.557],[91.8742,21.6069],[91.8913,21.6376],[91.8851,21.6807],[91.94,21.735],[91.9585,21.6702],[91.9875,21.6301],[91.9741,21.509]]],[[[90.3603,21.7406],[90.3554,21.7449],[90.3622,21.7465],[90.3603,21.7406]]],[[[89.2843,21.7036],[89.2613,21.6969],[89.2926,21.6939],[89.2953,21.6711],[89.2631,21.65],[89.1998,21.6592],[89.2319,21.7014],[89.2199,21.7399],[89.2401,21.7552],[89.2917,21.7472],[89.2843,21.7036]]],[[[91.9416,21.7483],[91.9207,21.73],[91.9145,21.7585],[91.9416,21.7483]]],[[[91.8806,21.6342],[91.8524,21.6604],[91.8884,21.7621],[91.9121,21.7468],[91.9045,21.7087],[91.8799,21.6822],[91.8806,21.6342]]],[[[90.4467,21.7712],[90.4403,21.768],[90.4396,21.7701],[90.4467,21.7712]]],[[[91.9442,21.7597],[91.9078,21.7618],[91.8934,21.7677],[91.9417,21.7736],[91.9442,21.7597]]],[[[89.7904,21.8225],[89.7773,21.8151],[89.7733,21.8198],[89.7904,21.8225]]],[[[90.4365,21.8359],[90.4281,21.8175],[90.4142,21.8272],[90.4365,21.8359]]],[[[90.3173,21.8476],[90.3152,21.8232],[90.2963,21.835],[90.3173,21.8476]]],[[[89.6231,21.7109],[89.5581,21.7187],[89.5646,21.7513],[89.5312,21.8231],[89.5459,21.8493],[89.6102,21.7968],[89.5922,21.7519],[89.6231,21.7109]]],[[[89.7771,21.856],[89.7591,21.849],[89.7553,21.8507],[89.7771,21.856]]],[[[90.51,21.8506],[90.5028,21.868],[90.538,21.8673],[90.531,21.8569],[90.51,21.8506]]],[[[88.1506,21.8808],[88.1833,21.8056],[88.1801,21.7304],[88.1543,21.6821],[88.1486,21.6257],[88.0622,21.6303],[88.0458,21.6486],[88.053,21.7208],[88.0925,21.8194],[88.1269,21.8739],[88.1506,21.8808]]],[[[89.3747,21.8824],[89.347,21.8143],[89.3432,21.7813],[89.3406,21.8292],[89.3284,21.8442],[89.329,21.8185],[89.3202,21.8415],[89.3747,21.8824]]],[[[89.6582,21.8587],[89.6452,21.8735],[89.6541,21.8891],[89.6633,21.8709],[89.6582,21.8587]]],[[[90.5626,21.8832],[90.5542,21.8825],[90.5613,21.8976],[90.5626,21.8832]]],[[[88.4991,21.8985],[88.4961,21.9076],[88.5028,21.9081],[88.4991,21.8985]]],[[[91.894,21.8587],[91.8783,21.8216],[91.8714,21.8878],[91.8567,21.8746],[91.8745,21.8059],[91.8311,21.7169],[91.8468,21.8128],[91.8409,21.8963],[91.868,21.9222],[91.894,21.8587]]],[[[88.6735,21.917],[88.6488,21.7863],[88.5828,21.8086],[88.6019,21.8772],[88.6414,21.9225],[88.6735,21.917]]],[[[90.5781,21.9243],[90.5651,21.9237],[90.5728,21.9301],[90.5781,21.9243]]],[[[90.6378,21.8985],[90.6209,21.9111],[90.6282,21.9359],[90.6555,21.9128],[90.6378,21.8985]]],[[[90.3972,21.9326],[90.3869,21.9302],[90.3941,21.9378],[90.3972,21.9326]]],[[[89.9725,21.9238],[89.9434,21.9296],[89.9606,21.9471],[89.9725,21.9238]]],[[[90.654,21.9222],[90.6288,21.9403],[90.6301,21.944],[90.6494,21.9475],[90.654,21.9222]]],[[[90.5431,21.8757],[90.5061,21.8778],[90.5093,21.9068],[90.5244,21.9406],[90.5607,21.9596],[90.5707,21.9475],[90.5456,21.9173],[90.5563,21.8993],[90.5431,21.8757]]],[[[89.5431,21.868],[89.5446,21.9589],[89.5495,21.9638],[89.565,21.9289],[89.5431,21.868]]],[[[90.3961,21.958],[90.3883,21.9603],[90.3958,21.9656],[90.3961,21.958]]],[[[90.0787,21.9525],[90.0953,21.9352],[90.0873,21.9],[90.1036,21.8865],[90.0644,21.8363],[90.0426,21.8319],[90.0194,21.8484],[90.0414,21.8443],[90.0217,21.8907],[90.0245,21.9466],[90.077,21.972],[90.0787,21.9525]]],[[[90.7173,21.9585],[90.7036,21.9613],[90.7099,21.9727],[90.7173,21.9585]]],[[[90.5146,21.9812],[90.4932,21.9323],[90.5012,21.9562],[90.4897,21.9609],[90.5146,21.9812]]],[[[90.3077,21.9587],[90.2712,21.8834],[90.2458,21.8987],[90.2753,21.9425],[90.2679,21.9697],[90.2862,21.9815],[90.3077,21.9587]]],[[[90.3303,21.9661],[90.3234,21.9739],[90.3317,21.9815],[90.3303,21.9661]]],[[[90.3851,21.9977],[90.355,21.8667],[90.3128,21.8557],[90.3036,21.8658],[90.3366,21.9548],[90.3496,21.9564],[90.3716,21.9963],[90.3851,21.9977]]],[[[90.5536,21.9927],[90.548,21.9916],[90.5572,22.0045],[90.5536,21.9927]]],[[[90.6835,21.9899],[90.6699,21.9968],[90.6687,22.0055],[90.6793,22.0038],[90.6835,21.9899]]],[[[90.5627,22.0093],[90.5512,22.0073],[90.558,22.0227],[90.5627,22.0093]]],[[[88.102,21.9713],[88.0954,21.9897],[88.1346,22.0231],[88.1304,21.9842],[88.102,21.9713]]],[[[90.5155,21.9906],[90.4995,21.9977],[90.5072,22.0115],[90.5409,22.027],[90.5155,21.9906]]],[[[90.4039,22.0148],[90.3995,22.0273],[90.4015,22.0338],[90.4074,22.0266],[90.4039,22.0148]]],[[[90.4543,22.0273],[90.4715,21.9969],[90.4579,21.9207],[90.4001,21.8996],[90.4216,22.016],[90.4129,22.0321],[90.4543,22.0273]]],[[[90.4401,22.0439],[90.4315,22.0338],[90.4136,22.0404],[90.4401,22.0439]]],[[[90.6684,22.028],[90.6566,22.0346],[90.6579,22.0479],[90.6684,22.028]]],[[[90.6221,21.9849],[90.6115,21.9988],[90.6455,22.0513],[90.648,22.0183],[90.6221,21.9849]]],[[[90.6855,22.0187],[90.6742,22.0232],[90.6691,22.0671],[90.7015,22.0616],[90.6855,22.0187]]],[[[90.3447,21.962],[90.341,21.9894],[90.3518,22.0194],[90.3958,22.0706],[90.4087,22.0466],[90.3447,21.962]]],[[[90.6646,22.067],[90.6559,22.0635],[90.6674,22.0801],[90.6646,22.067]]],[[[91.0491,22.0834],[91.0363,22.0839],[91.0367,22.0863],[91.0491,22.0834]]],[[[90.7527,22.0551],[90.7608,22.0875],[90.7763,22.0943],[90.7704,22.0781],[90.7527,22.0551]]],[[[90.5496,22.0162],[90.5394,22.007],[90.5491,22.0314],[90.5201,22.0312],[90.4915,22.0106],[90.5574,22.0982],[90.5496,22.0162]]],[[[90.3502,22.0981],[90.3752,22.0964],[90.3757,22.0796],[90.329,22.0288],[90.3076,21.9737],[90.2821,21.985],[90.284,22.0554],[90.3145,22.0777],[90.3159,22.086],[90.3473,22.0893],[90.3372,22.1035],[90.3502,22.0981]]],[[[90.4844,22.0437],[90.4821,22.0755],[90.5203,22.1038],[90.523,22.0807],[90.4844,22.0437]]],[[[91.0757,22.1064],[91.0613,22.1035],[91.0744,22.1086],[91.0757,22.1064]]],[[[90.5522,22.1054],[90.5056,22.0443],[90.531,22.0857],[90.5252,22.1097],[90.542,22.1173],[90.5522,22.1054]]],[[[90.5935,22.1025],[90.593,22.1161],[90.5964,22.1176],[90.5935,22.1025]]],[[[91.0842,22.128],[91.0542,22.1017],[91.0344,22.1048],[91.0576,22.1272],[91.0842,22.128]]],[[[90.6614,22.0905],[90.6315,22.0708],[90.6279,22.0452],[90.612,22.0583],[90.6238,22.0883],[90.6057,22.0544],[90.6228,22.0354],[90.6062,22.0237],[90.5951,22.0693],[90.6162,22.1069],[90.6394,22.1289],[90.6644,22.1248],[90.6614,22.0905]]],[[[90.5848,22.117],[90.5773,22.128],[90.5933,22.1292],[90.5954,22.1267],[90.5848,22.117]]],[[[91.0838,22.1321],[91.0693,22.1388],[91.0842,22.1351],[91.0838,22.1321]]],[[[91.0936,22.1349],[91.0677,22.1422],[91.0397,22.1309],[91.0462,22.1754],[91.103,22.1569],[91.0936,22.1349]]],[[[90.5108,22.1361],[90.5097,22.1749],[90.545,22.1737],[90.5386,22.1519],[90.5108,22.1361]]],[[[90.6168,22.1767],[90.6112,22.1743],[90.6161,22.1831],[90.6168,22.1767]]],[[[72.3604,22.1837],[72.3515,22.1743],[72.3581,22.1888],[72.3604,22.1837]]],[[[91.0396,22.1839],[91.0333,22.1946],[91.0382,22.2043],[91.0461,22.1954],[91.0396,22.1839]]],[[[90.9512,22.1167],[90.9211,22.1357],[90.9219,22.1646],[90.9521,22.213],[90.9512,22.1167]]],[[[72.4713,22.2145],[72.4656,22.2019],[72.4323,22.1795],[72.4442,22.2056],[72.4713,22.2145]]],[[[90.9265,22.1974],[90.9272,22.2134],[90.9348,22.215],[90.9348,22.207],[90.9265,22.1974]]],[[[90.8322,22.1853],[90.8307,22.2096],[90.8394,22.2206],[90.8406,22.217],[90.8322,22.1853]]],[[[91.8215,22.2134],[91.8151,22.214],[91.8228,22.2236],[91.8215,22.2134]]],[[[90.5462,22.1889],[90.5387,22.1974],[90.5654,22.2312],[90.5677,22.2145],[90.5462,22.1889]]],[[[72.5105,22.2179],[72.5039,22.2326],[72.5175,22.2305],[72.5105,22.2179]]],[[[90.9819,22.1762],[90.9751,22.2175],[90.9954,22.2463],[91.0004,22.2371],[90.9819,22.1762]]],[[[72.6615,22.2445],[72.7191,22.2376],[72.7317,22.2225],[72.6615,22.2445]]],[[[90.575,22.2311],[90.5686,22.2396],[90.5825,22.2508],[90.5841,22.2483],[90.575,22.2311]]],[[[89.8707,22.2377],[89.8616,22.2442],[89.8619,22.258],[89.87,22.2497],[89.8707,22.2377]]],[[[90.9792,22.2365],[90.9827,22.251],[90.9913,22.2609],[90.989,22.2459],[90.9792,22.2365]]],[[[91.8201,22.2775],[91.7995,22.2839],[91.806,22.2983],[91.8201,22.2775]]],[[[69.4516,22.3608],[69.4394,22.3542],[69.4349,22.3576],[69.4516,22.3608]]],[[[90.2892,22.3548],[90.2713,22.3515],[90.2864,22.3644],[90.2892,22.3548]]],[[[90.952,22.218],[90.9299,22.2287],[90.9681,22.3788],[90.9911,22.3296],[90.952,22.218]]],[[[69.3404,22.3842],[69.3267,22.379],[69.3398,22.3893],[69.3404,22.3842]]],[[[69.4874,22.391],[69.4802,22.3925],[69.4831,22.3989],[69.4874,22.391]]],[[[90.6486,22.3674],[90.6295,22.4056],[90.632,22.4123],[90.6489,22.3871],[90.6486,22.3674]]],[[[90.6552,22.4054],[90.6487,22.4076],[90.6505,22.4138],[90.6552,22.4054]]],[[[90.6476,22.4201],[90.6392,22.4252],[90.6408,22.4303],[90.6476,22.4201]]],[[[91.167,22.4276],[91.2002,22.4298],[91.1957,22.4072],[91.167,22.4276]]],[[[91.0338,22.4077],[91.0155,22.4168],[91.0224,22.4471],[91.0381,22.4262],[91.0338,22.4077]]],[[[69.6372,22.4077],[69.6025,22.4183],[69.5834,22.4378],[69.6191,22.4578],[69.6407,22.4498],[69.6372,22.4077]]],[[[90.6322,22.3575],[90.5965,22.4487],[90.6059,22.463],[90.6258,22.4422],[90.6322,22.3575]]],[[[69.321,22.465],[69.3183,22.4477],[69.2932,22.4574],[69.2957,22.468],[69.321,22.465]]],[[[90.9897,22.476],[90.9955,22.4486],[90.9735,22.463],[90.9897,22.476]]],[[[91.022,22.4838],[91.0099,22.4991],[91.0285,22.5053],[91.0316,22.4949],[91.022,22.4838]]],[[[91.1757,22.3359],[91.1828,22.2711],[91.1556,22.1843],[91.1232,22.1644],[91.1191,22.1934],[91.1011,22.2106],[91.1115,22.1597],[91.0505,22.1794],[91.0409,22.2503],[91.0519,22.4201],[91.0269,22.4766],[91.0408,22.508],[91.1223,22.492],[91.1369,22.3951],[91.1757,22.3359]]],[[[90.6512,22.5029],[90.6436,22.5073],[90.6452,22.5117],[90.6512,22.5029]]],[[[91.2106,22.4957],[91.1976,22.5092],[91.1975,22.5128],[91.2093,22.5065],[91.2106,22.4957]]],[[[91.192,22.4721],[91.1542,22.4887],[91.1388,22.5159],[91.1756,22.5187],[91.1942,22.4985],[91.192,22.4721]]],[[[69.3502,22.5033],[69.3221,22.5088],[69.3175,22.5179],[69.3498,22.5226],[69.3502,22.5033]]],[[[90.6556,22.4599],[90.6239,22.5069],[90.6136,22.5392],[90.6334,22.5244],[90.6556,22.4599]]],[[[69.9286,22.5196],[69.8908,22.5098],[69.8554,22.5272],[69.8999,22.5252],[69.8979,22.5412],[69.9159,22.5456],[69.9286,22.5196]]],[[[69.9522,22.5443],[69.9398,22.5358],[69.9363,22.5455],[69.9522,22.5443]]],[[[91.0309,22.5557],[91.0196,22.5535],[91.0318,22.5594],[91.0309,22.5557]]],[[[70.0285,22.5733],[69.9779,22.5461],[69.957,22.5545],[69.9646,22.5776],[69.9991,22.5897],[70.0285,22.5733]]],[[[69.9538,22.5944],[69.9391,22.5982],[69.9586,22.5993],[69.9538,22.5944]]],[[[90.5632,22.6057],[90.5577,22.6218],[90.5575,22.628],[90.5686,22.6208],[90.5632,22.6057]]],[[[91.2507,22.6313],[91.2979,22.574],[91.3048,22.5574],[91.2912,22.5408],[91.2517,22.5395],[91.2314,22.5665],[91.215,22.6366],[91.2507,22.6313]]],[[[91.5582,22.4111],[91.5161,22.3469],[91.4848,22.3429],[91.4551,22.3987],[91.4007,22.4361],[91.3798,22.4944],[91.3921,22.564],[91.3567,22.66],[91.3808,22.6624],[91.4506,22.6247],[91.5455,22.4693],[91.5582,22.4111]]],[[[91.1199,22.5624],[91.0996,22.5702],[91.0918,22.5984],[91.141,22.6642],[91.1719,22.6049],[91.1574,22.5797],[91.1199,22.5624]]],[[[91.2964,22.6763],[91.2806,22.6642],[91.2851,22.679],[91.2964,22.6763]]],[[[90.8217,22.6601],[90.7938,22.659],[90.7931,22.6879],[90.8157,22.6838],[90.8217,22.6601]]],[[[91.1284,22.6708],[91.0886,22.5983],[91.0853,22.553],[91.0658,22.569],[91.0582,22.6391],[91.0449,22.636],[91.0554,22.6978],[91.1122,22.7],[91.1284,22.6708]]],[[[91.0417,22.677],[91.0194,22.6926],[91.0181,22.7025],[91.0462,22.7046],[91.0417,22.677]]],[[[90.8021,22.7146],[90.7921,22.7155],[90.7923,22.7182],[90.8021,22.7146]]],[[[90.4893,22.7199],[90.4786,22.728],[90.4747,22.7461],[90.4833,22.7413],[90.4893,22.7199]]],[[[91.268,22.7307],[91.2995,22.7044],[91.2707,22.6674],[91.2165,22.7007],[91.2358,22.7099],[91.2122,22.7042],[91.1311,22.7361],[91.1898,22.7493],[91.268,22.7307]]],[[[91.3411,22.7184],[91.3104,22.7451],[91.3124,22.7514],[91.3475,22.7548],[91.3544,22.7304],[91.3411,22.7184]]],[[[69.6385,22.7619],[69.6458,22.751],[69.6293,22.76],[69.6385,22.7619]]],[[[90.5747,22.7445],[90.5657,22.7763],[90.6003,22.7771],[90.5747,22.7445]]],[[[90.7707,22.6464],[90.8678,22.5181],[90.8889,22.445],[90.8462,22.2419],[90.8318,22.2193],[90.8082,22.2193],[90.8254,22.1984],[90.8024,22.2081],[90.796,22.246],[90.7981,22.2038],[90.8209,22.1843],[90.7785,22.186],[90.8194,22.1776],[90.8219,22.1395],[90.7918,22.1083],[90.7958,22.1457],[90.783,22.1074],[90.7622,22.1112],[90.7168,22.0527],[90.7086,22.0646],[90.7371,22.132],[90.7058,22.0721],[90.6749,22.0707],[90.6781,22.1053],[90.6991,22.1114],[90.6703,22.1264],[90.6958,22.1379],[90.6597,22.1332],[90.6338,22.1481],[90.6334,22.1324],[90.6198,22.1325],[90.611,22.1582],[90.6706,22.2784],[90.6689,22.4825],[90.6066,22.6012],[90.5888,22.6067],[90.6186,22.5467],[90.5729,22.5947],[90.5746,22.6194],[90.5635,22.6408],[90.5889,22.6338],[90.5796,22.6542],[90.5439,22.6283],[90.539,22.641],[90.5792,22.7219],[90.6592,22.7846],[90.7309,22.7736],[90.7707,22.6464]]],[[[90.4576,22.7485],[90.4348,22.7706],[90.4527,22.7883],[90.4795,22.7568],[90.4576,22.7485]]],[[[90.5473,22.7143],[90.5288,22.6841],[90.4885,22.7697],[90.5006,22.7921],[90.5482,22.768],[90.5473,22.7143]]],[[[90.9414,22.8032],[91.0202,22.7154],[91.0079,22.7052],[90.9757,22.7222],[90.9658,22.7155],[91.0357,22.6706],[91.0292,22.642],[91.06,22.5964],[91.0553,22.5807],[91.0512,22.5934],[91.0248,22.5766],[91.0438,22.5696],[90.9943,22.5409],[90.955,22.5481],[90.9256,22.5787],[90.9401,22.5911],[90.9144,22.5899],[90.8618,22.6339],[90.8337,22.7293],[90.7969,22.7739],[90.8751,22.8055],[90.9414,22.8032]]],[[[90.6604,22.8159],[90.6197,22.783],[90.5955,22.7887],[90.6604,22.8159]]],[[[90.7021,22.8276],[90.6815,22.8128],[90.6665,22.8261],[90.7021,22.8276]]],[[[90.4706,22.8075],[90.4526,22.8264],[90.4843,22.8343],[90.4912,22.8191],[90.4706,22.8075]]],[[[90.6322,22.838],[90.639,22.8478],[90.6454,22.8492],[90.6453,22.8443],[90.6322,22.838]]],[[[90.6938,22.8538],[90.67,22.8458],[90.6796,22.8543],[90.6938,22.8538]]],[[[90.6521,22.8487],[90.6554,22.8821],[90.6725,22.8819],[90.6623,22.8543],[90.6521,22.8487]]],[[[90.6438,22.8594],[90.5568,22.7903],[90.4846,22.8396],[90.4608,22.8402],[90.4824,22.867],[90.5329,22.8745],[90.5502,22.8971],[90.5535,22.9442],[90.6496,22.894],[90.6438,22.8594]]],[[[90.6388,22.9635],[90.6342,22.959],[90.6318,22.9651],[90.6388,22.9635]]],[[[90.348,22.9398],[90.3131,22.9459],[90.2948,22.9664],[90.3136,22.9686],[90.348,22.9398]]],[[[90.368,22.9212],[90.3518,22.9514],[90.3227,22.9696],[90.3564,22.9623],[90.368,22.9212]]],[[[70.4425,22.9724],[70.4335,22.9737],[70.4491,22.9798],[70.4425,22.9724]]],[[[90.6884,22.9553],[90.6683,22.9639],[90.6485,22.9847],[90.6803,22.9808],[90.6884,22.9553]]],[[[70.4415,22.9801],[70.4295,22.9817],[70.4484,22.994],[70.4415,22.9801]]],[[[90.4512,22.9721],[90.4551,23.0016],[90.5389,22.9578],[90.5453,22.9077],[90.5236,22.8788],[90.4671,22.8659],[90.4447,22.8264],[90.4491,22.8052],[90.4275,22.8167],[90.4278,22.8417],[90.3951,22.8281],[90.3898,22.839],[90.4218,22.8989],[90.4173,22.9162],[90.3845,22.856],[90.3951,22.7999],[90.4151,22.7819],[90.3844,22.7899],[90.42,22.7752],[90.3999,22.7644],[90.3323,22.8477],[90.3807,22.9075],[90.3533,22.9932],[90.4309,22.9917],[90.4512,22.9721]]],[[[90.4295,22.9979],[90.4198,23.0042],[90.4418,23.0056],[90.4295,22.9979]]],[[[90.4052,23.0052],[90.3919,23.0089],[90.4172,23.0099],[90.4052,23.0052]]],[[[90.5067,23.0153],[90.5003,23.0214],[90.5043,23.0251],[90.5067,23.0153]]],[[[90.496,23.0157],[90.4733,23.0279],[90.4772,23.042],[90.496,23.0157]]],[[[70.4574,23.0388],[70.4468,23.0314],[70.4561,23.0439],[70.4574,23.0388]]],[[[70.4133,22.9907],[70.4164,23.0235],[70.4424,23.0472],[70.4312,23.0099],[70.4133,22.9907]]],[[[90.5628,22.9968],[90.5357,23.0213],[90.5551,23.048],[90.5669,23.0068],[90.5628,22.9968]]],[[[90.3079,23.0375],[90.2751,23.039],[90.2918,23.0496],[90.3079,23.0375]]],[[[70.4163,23.0281],[70.4187,23.0392],[70.4349,23.0499],[70.4345,23.0444],[70.4163,23.0281]]],[[[70.4728,23.0546],[70.4599,23.0526],[70.477,23.0622],[70.4728,23.0546]]],[[[90.5048,23.0334],[90.491,23.0532],[90.5057,23.0637],[90.5083,23.062],[90.5048,23.0334]]],[[[90.5266,23.0634],[90.5192,23.06],[90.5234,23.0689],[90.5266,23.0634]]],[[[90.5131,23.0812],[90.5003,23.1001],[90.5168,23.1384],[90.5241,23.0914],[90.5131,23.0812]]],[[[90.4691,23.1551],[90.4774,23.1301],[90.4571,23.1226],[90.4691,23.1551]]],[[[90.5338,23.169],[90.545,23.1982],[90.5412,23.1433],[90.5221,23.1767],[90.5317,23.2004],[90.5338,23.169]]],[[[90.4922,23.0819],[90.4684,23.097],[90.4478,23.0556],[90.4435,23.1068],[90.4907,23.1312],[90.4643,23.1915],[90.4687,23.2012],[90.4725,23.1855],[90.5053,23.1688],[90.4922,23.0819]]],[[[90.5569,23.16],[90.5541,23.1765],[90.5756,23.2083],[90.5761,23.1787],[90.5569,23.16]]],[[[90.5566,23.1903],[90.5544,23.2059],[90.5569,23.2114],[90.5661,23.2048],[90.5566,23.1903]]],[[[90.5963,23.2287],[90.5835,23.218],[90.5954,23.2312],[90.5963,23.2287]]],[[[90.6188,23.2298],[90.6138,23.2315],[90.6161,23.2364],[90.6188,23.2298]]],[[[90.5578,23.2282],[90.5631,23.2392],[90.5731,23.2392],[90.5705,23.2357],[90.5578,23.2282]]],[[[90.5803,23.239],[90.5713,23.2467],[90.5838,23.26],[90.586,23.2534],[90.5803,23.239]]],[[[90.6232,23.2389],[90.6198,23.258],[90.6207,23.2617],[90.6334,23.2534],[90.6232,23.2389]]],[[[90.5699,23.3181],[90.57,23.308],[90.5656,23.3198],[90.5699,23.3181]]],[[[90.5526,23.3295],[90.5583,23.3138],[90.5449,23.3286],[90.5526,23.3295]]],[[[90.1766,23.3369],[90.2574,23.3069],[90.2335,23.2961],[90.2286,23.2652],[90.1662,23.2687],[90.1826,23.2415],[90.1276,23.2454],[90.1311,23.2632],[90.1245,23.2738],[90.0893,23.2811],[90.1766,23.3369]]],[[[90.4511,23.3395],[90.5188,23.3285],[90.552,23.2822],[90.5409,23.2371],[90.5004,23.1797],[90.4761,23.1948],[90.5004,23.2449],[90.4938,23.299],[90.4511,23.3395]]],[[[90.591,23.3393],[90.5829,23.3499],[90.5832,23.3552],[90.5857,23.3557],[90.591,23.3393]]],[[[90.6816,23.3461],[90.6734,23.3486],[90.6782,23.3582],[90.6816,23.3461]]],[[[90.542,23.3558],[90.5275,23.3583],[90.5292,23.3648],[90.542,23.3558]]],[[[90.3749,23.3544],[90.4122,23.3025],[90.4838,23.2994],[90.4857,23.2465],[90.4512,23.1977],[90.4659,23.1672],[90.4338,23.1001],[90.4477,23.028],[90.3609,23.0111],[90.3426,22.9819],[90.326,22.9816],[90.3088,23.0538],[90.3259,23.0679],[90.3326,23.1087],[90.3229,23.1024],[90.2729,23.1468],[90.267,23.1328],[90.2905,23.1207],[90.2538,23.1253],[90.2445,23.1379],[90.2657,23.1601],[90.2142,23.1915],[90.1842,23.1708],[90.1781,23.1892],[90.2071,23.2097],[90.2108,23.224],[90.1721,23.262],[90.233,23.2607],[90.2526,23.2882],[90.24,23.2931],[90.2866,23.3161],[90.2985,23.35],[90.327,23.366],[90.3749,23.3544]]],[[[90.4849,23.346],[90.4467,23.3667],[90.4464,23.3699],[90.4849,23.346]]],[[[90.3463,23.3767],[90.3214,23.3768],[90.2989,23.3679],[90.3205,23.3807],[90.3463,23.3767]]],[[[90.1966,23.3718],[90.1883,23.3811],[90.1897,23.386],[90.1966,23.3718]]],[[[90.5605,23.3717],[90.5464,23.3722],[90.5471,23.3864],[90.553,23.3901],[90.5605,23.3717]]],[[[90.4864,23.3686],[90.4649,23.3665],[90.4238,23.3903],[90.443,23.395],[90.4864,23.3686]]],[[[90.4352,23.312],[90.3716,23.3623],[90.349,23.3965],[90.4372,23.3545],[90.4539,23.3185],[90.4352,23.312]]],[[[90.4506,23.3978],[90.4948,23.3982],[90.501,23.3839],[90.4506,23.3978]]],[[[90.4177,23.394],[90.3949,23.4],[90.3924,23.4059],[90.4093,23.4048],[90.4177,23.394]]],[[[90.184,23.3987],[90.1658,23.4199],[90.1682,23.4225],[90.184,23.3987]]],[[[90.5905,23.4175],[90.5798,23.4195],[90.5714,23.3878],[90.5818,23.3682],[90.5719,23.3743],[90.5656,23.4056],[90.5814,23.4285],[90.5905,23.4175]]],[[[90.1768,23.4246],[90.167,23.4337],[90.1686,23.4386],[90.1768,23.4246]]],[[[90.3316,23.3845],[90.286,23.3796],[90.2958,23.3708],[90.2708,23.3264],[90.2139,23.3613],[90.245,23.326],[90.2056,23.3503],[90.1836,23.4498],[90.3316,23.3845]]],[[[90.5754,23.4453],[90.5686,23.4417],[90.5742,23.4501],[90.5754,23.4453]]],[[[90.2377,23.4724],[90.2303,23.4706],[90.2255,23.4789],[90.2377,23.4724]]],[[[90.5591,23.449],[90.544,23.4542],[90.5431,23.4795],[90.5615,23.4807],[90.5591,23.449]]],[[[90.6257,23.4934],[90.6083,23.4922],[90.6263,23.4961],[90.6257,23.4934]]],[[[90.199,23.4973],[90.1865,23.4972],[90.1838,23.503],[90.199,23.4973]]],[[[90.7068,23.5051],[90.6946,23.4979],[90.702,23.5148],[90.7068,23.5051]]],[[[90.6821,23.4877],[90.6611,23.49],[90.6435,23.5019],[90.6637,23.5167],[90.6888,23.5014],[90.6821,23.4877]]],[[[90.5756,23.5199],[90.5607,23.5261],[90.5573,23.5384],[90.5756,23.5199]]],[[[90.7019,23.5256],[90.6906,23.5452],[90.7033,23.5523],[90.7019,23.5256]]],[[[90.6949,23.5552],[90.6936,23.5641],[90.6992,23.5613],[90.6949,23.5552]]],[[[90.5668,23.5437],[90.5542,23.5552],[90.5521,23.5666],[90.5566,23.5649],[90.5668,23.5437]]],[[[90.4697,23.5534],[90.4532,23.549],[90.4394,23.5536],[90.4698,23.5718],[90.4697,23.5534]]],[[[90.6905,23.568],[90.6789,23.5747],[90.6805,23.5794],[90.6905,23.568]]],[[[90.4258,23.5723],[90.408,23.5882],[90.4039,23.6053],[90.4199,23.5975],[90.4258,23.5723]]],[[[90.4335,23.558],[90.4244,23.6027],[90.431,23.6061],[90.4432,23.5992],[90.4335,23.558]]],[[[90.4844,23.5823],[90.5024,23.5851],[90.4538,23.5754],[90.4478,23.6043],[90.4844,23.5823]]],[[[90.6371,23.6107],[90.6945,23.5158],[90.6576,23.5209],[90.5851,23.4883],[90.5658,23.5872],[90.5918,23.5834],[90.6371,23.6107]]],[[[90.405,23.6106],[90.3909,23.6159],[90.4177,23.611],[90.405,23.6106]]],[[[90.1143,23.5944],[90.0967,23.6051],[90.0878,23.6174],[90.1101,23.6069],[90.1143,23.5944]]],[[[90.6195,23.6099],[90.6019,23.6062],[90.6261,23.6259],[90.6195,23.6099]]],[[[90.6769,23.6476],[90.7322,23.6524],[90.7598,23.6309],[90.7358,23.627],[90.7284,23.5956],[90.6956,23.5734],[90.6684,23.59],[90.6536,23.6235],[90.6585,23.6553],[90.6769,23.6476]]],[[[90.6474,23.6139],[90.6317,23.6169],[90.6427,23.6569],[90.6634,23.6642],[90.6503,23.6477],[90.6474,23.6139]]],[[[90.6841,23.6613],[90.6694,23.6627],[90.6724,23.669],[90.6841,23.6613]]],[[[90.6641,23.6736],[90.6529,23.6724],[90.6474,23.6798],[90.6641,23.6736]]],[[[90.7168,23.6598],[90.7013,23.6627],[90.6913,23.6714],[90.7264,23.6788],[90.7168,23.6598]]],[[[89.932,23.6851],[89.902,23.7014],[89.8987,23.7073],[89.9318,23.6995],[89.932,23.6851]]],[[[89.8689,23.7137],[89.8656,23.7067],[89.8625,23.712],[89.8689,23.7137]]],[[[68.4731,23.6881],[68.4681,23.7086],[68.5031,23.716],[68.4903,23.6983],[68.4731,23.6881]]],[[[90.7331,23.6942],[90.6945,23.6848],[90.7145,23.7266],[90.7331,23.6942]]],[[[89.8686,23.7271],[89.8652,23.7226],[89.8641,23.7265],[89.8686,23.7271]]],[[[89.8568,23.7306],[89.8515,23.7281],[89.8513,23.7308],[89.8568,23.7306]]],[[[90.3547,23.715],[90.3412,23.7247],[90.3291,23.7271],[90.3466,23.7315],[90.3547,23.715]]],[[[68.5914,23.7415],[68.5774,23.741],[68.5917,23.7475],[68.5914,23.7415]]],[[[90.3778,23.6956],[90.4183,23.6844],[90.4643,23.628],[90.4239,23.6183],[90.4349,23.637],[90.429,23.6418],[90.415,23.624],[90.3878,23.6461],[90.3978,23.6253],[90.3645,23.63],[90.288,23.6726],[90.2618,23.7243],[90.2876,23.7327],[90.3085,23.7608],[90.313,23.7323],[90.3778,23.6956]]],[[[89.8001,23.7322],[89.786,23.7414],[89.7868,23.7639],[89.7904,23.7596],[89.8001,23.7322]]],[[[68.6101,23.7728],[68.5693,23.7576],[68.6114,23.7804],[68.6101,23.7728]]],[[[68.6373,23.7816],[68.6283,23.7828],[68.6391,23.7899],[68.6373,23.7816]]],[[[90.2259,23.725],[90.2118,23.7551],[90.2416,23.792],[90.2522,23.7467],[90.2259,23.725]]],[[[89.741,23.7775],[89.6852,23.7895],[89.6826,23.8011],[89.718,23.8016],[89.741,23.7775]]],[[[89.6648,23.8039],[89.6752,23.7892],[89.6375,23.7862],[89.6373,23.7995],[89.6648,23.8039]]],[[[89.7791,23.7421],[89.7587,23.7631],[89.7438,23.8037],[89.7758,23.7887],[89.7791,23.7421]]],[[[89.6167,23.8034],[89.5991,23.8055],[89.5465,23.7973],[89.595,23.8151],[89.6167,23.8034]]],[[[89.5236,23.8188],[89.5155,23.7856],[89.4879,23.8167],[89.4901,23.8208],[89.5236,23.8188]]],[[[90.1436,23.827],[90.176,23.8211],[90.2026,23.8355],[90.2338,23.8213],[90.2236,23.8068],[90.2054,23.8221],[90.1823,23.8071],[90.1342,23.812],[90.0872,23.8364],[90.1157,23.8541],[90.1171,23.8704],[90.1436,23.827]]],[[[89.3479,23.8867],[89.3177,23.8867],[89.3147,23.893],[89.3479,23.8867]]],[[[89.4109,23.9196],[89.3791,23.9063],[89.3758,23.9121],[89.398,23.9267],[89.4109,23.9196]]],[[[89.7311,23.8789],[89.6953,23.9025],[89.6912,23.932],[89.7101,23.9194],[89.7311,23.8789]]],[[[89.3709,23.9404],[89.3556,23.8929],[89.3149,23.8989],[89.2906,23.9388],[89.3709,23.9404]]],[[[89.2496,23.9423],[89.2298,23.9463],[89.2358,23.9322],[89.2241,23.9316],[89.1825,23.9548],[89.2245,23.9607],[89.2496,23.9423]]],[[[89.1733,23.9947],[89.154,23.9895],[89.1391,23.9934],[89.1568,23.9991],[89.1733,23.9947]]],[[[78.9711,32.3508],[78.93,32.36],[78.7983,32.4561],[78.769,32.5222],[79.0893,32.3992],[79.078,32.3814],[78.9711,32.3508]]],[[[60.673,32.6771],[60.691,32.6592],[60.7099,32.6722],[60.8578,32.2347],[60.8069,31.9967],[60.8242,31.9444],[60.8114,31.6597],[60.8453,31.4961],[61.7136,31.3833],[61.7711,31.3183],[61.7668,31.2562],[61.8111,31.1772],[61.8514,31.0275],[61.7583,30.7903],[60.8663,29.8637],[61.3144,29.3958],[61.3603,29.2658],[61.4247,29.1553],[61.5119,29.0711],[61.6514,28.7853],[61.9055,28.555],[61.9539,28.5289],[62.405,28.4172],[62.4844,28.3633],[62.5925,28.2336],[62.7814,28.2669],[62.7889,28.2125],[62.7578,28.0003],[62.8219,27.7603],[62.8397,27.4744],[62.7997,27.3831],[62.7825,27.2606],[62.8231,27.2303],[62.9333,27.2133],[63.2058,27.2675],[63.2883,27.2186],[63.3419,27.1225],[63.32,27.1342],[63.2786,27.1219],[63.2531,27.0836],[63.2592,26.9344],[63.2161,26.8539],[63.1858,26.6372],[62.7728,26.6497],[62.743,26.6117],[62.4297,26.5642],[62.3103,26.5028],[62.2714,26.4247],[62.2911,26.3656],[62.278,26.354],[62.1414,26.3828],[62.1039,26.3144],[61.8658,26.2417],[61.8328,26.1794],[61.8126,26.0798],[60.0,26.0777],[60.0,32.6771],[60.673,32.6771]]],[[[94.6827,16.2978],[94.6989,16.3555],[94.7372,16.354],[94.7502,16.3834],[94.7858,16.3564],[94.8134,16.3558],[94.8254,16.3704],[94.7948,16.3601],[94.7519,16.3905],[94.7347,16.3608],[94.7116,16.376],[94.7432,16.4022],[94.75,16.4194],[94.7586,16.4096],[94.7705,16.4093],[94.7839,16.4261],[94.7588,16.4138],[94.7478,16.4265],[94.7126,16.3942],[94.6965,16.4844],[94.7323,16.5056],[94.7463,16.569],[94.7898,16.5778],[94.8004,16.5907],[94.7465,16.5768],[94.7281,16.5145],[94.6898,16.4927],[94.6782,16.5132],[94.7012,16.5517],[94.7103,16.6135],[94.7423,16.6328],[94.7216,16.6872],[94.7447,16.6957],[94.7416,16.7301],[94.7218,16.7336],[94.738,16.7245],[94.7361,16.7004],[94.7173,16.6913],[94.7098,16.6537],[94.733,16.629],[94.6784,16.6436],[94.6989,16.6797],[94.6889,16.7396],[94.6936,16.6767],[94.6754,16.6933],[94.6823,16.6714],[94.6688,16.6524],[94.6511,16.6702],[94.6557,16.6579],[94.6743,16.6497],[94.6581,16.6276],[94.6913,16.6391],[94.7012,16.6217],[94.6924,16.5549],[94.6644,16.5184],[94.6796,16.3932],[94.6529,16.3403],[94.6233,16.338],[94.6403,16.3835],[94.6062,16.3372],[94.6021,16.2844],[94.5648,16.2582],[94.531,16.2921],[94.5464,16.308],[94.5265,16.2987],[94.5119,16.2832],[94.5109,16.1802],[94.4336,16.0697],[94.3681,16.0546],[94.3419,16.0163],[94.2827,16.0],[94.2435,15.9541],[94.1976,16.0363],[94.2285,16.252],[94.2433,16.2647],[94.2309,16.3217],[94.2643,16.3968],[94.2771,16.4963],[94.2615,16.5308],[94.2907,16.5387],[94.2897,16.5191],[94.3149,16.5196],[94.3503,16.5688],[94.3234,16.6005],[94.3508,16.6207],[94.368,16.6149],[94.3563,16.6903],[94.3759,16.7572],[94.4039,16.7885],[94.3788,16.8748],[94.3885,16.907],[94.4106,16.8895],[94.4434,16.9306],[94.484,16.9432],[94.4782,16.9576],[94.443,16.9481],[94.4582,16.9806],[94.4567,17.0673],[94.4896,17.1177],[94.4558,17.1417],[94.4447,17.179],[94.4644,17.1882],[94.4993,17.1568],[94.5216,17.1687],[94.5363,17.1869],[94.5014,17.2162],[94.5083,17.2999],[94.5264,17.2768],[94.5464,17.2903],[94.5409,17.319],[94.5815,17.2885],[94.5917,17.3042],[94.5715,17.3171],[94.5654,17.4983],[94.5416,17.5488],[94.563,17.5931],[94.6099,17.5365],[94.6112,17.5501],[94.5769,17.5914],[94.5884,17.6192],[94.5692,17.6453],[94.5588,17.6362],[94.5416,17.6813],[94.5448,17.7349],[94.4897,17.7824],[94.4815,17.9029],[94.4375,17.9956],[94.4777,18.0065],[94.4847,18.0557],[94.4469,18.1691],[94.4198,18.1937],[94.4268,18.2197],[94.4075,18.2462],[94.3372,18.2416],[94.322,18.2642],[94.3284,18.302],[94.3911,18.2835],[94.4074,18.3107],[94.4023,18.3463],[94.3816,18.3656],[94.3376,18.3662],[94.3225,18.4359],[94.2492,18.5245],[94.2626,18.5486],[94.2513,18.5468],[94.2579,18.6085],[94.2402,18.6458],[94.1409,18.736],[94.1744,18.714],[94.1745,18.7283],[94.2197,18.7182],[94.28,18.7351],[94.253,18.7341],[94.2492,18.7552],[94.2388,18.7347],[94.2169,18.731],[94.2064,18.7431],[94.2243,18.7812],[94.2039,18.7527],[94.1916,18.7712],[94.1993,18.7931],[94.1831,18.7796],[94.1465,18.8144],[94.1762,18.8347],[94.1458,18.8353],[94.1523,18.8795],[94.1696,18.89],[94.1467,18.8848],[94.127,18.8567],[94.1169,18.8566],[94.1287,18.8786],[94.0553,18.8461],[94.0309,18.8633],[94.0439,18.8846],[94.0738,18.8676],[94.0906,18.8806],[94.1057,18.8997],[94.1353,18.892],[94.1086,18.9296],[94.113,18.9662],[94.0864,18.8798],[94.0718,18.8743],[94.031,18.9005],[94.0552,18.9352],[94.0364,18.9913],[94.0632,19.0376],[94.0586,19.0598],[94.1021,19.0766],[94.0897,19.085],[94.097,19.0986],[94.1228,19.0846],[94.109,19.1051],[94.1466,19.1191],[94.1161,19.1204],[94.0545,19.0754],[94.0272,19.0792],[94.0375,19.1067],[94.1385,19.1514],[94.1357,19.1796],[94.1295,19.1561],[94.1075,19.1513],[94.0927,19.1822],[94.0911,19.1484],[94.0648,19.1263],[94.0735,19.165],[94.0624,19.1881],[94.0568,19.1255],[94.0329,19.1296],[94.0492,19.2206],[94.0711,19.2339],[94.0469,19.2483],[94.0435,19.312],[94.0762,19.3746],[94.0686,19.3853],[94.0687,19.3706],[94.0394,19.3453],[94.0315,19.3281],[94.0355,19.2177],[94.0163,19.1814],[93.9914,19.2229],[94.0,19.1502],[93.9663,19.1395],[93.9438,19.1562],[93.938,19.2012],[93.9092,19.1995],[93.9677,19.1238],[93.9534,19.0885],[93.9557,19.0208],[93.9858,18.9614],[93.9325,18.8475],[93.8923,18.8923],[93.7728,18.9664],[93.7448,18.9689],[93.7151,19.0075],[93.6742,19.0102],[93.6659,19.0664],[93.6901,19.0844],[93.6976,19.1146],[93.7476,19.1212],[93.6942,19.1196],[93.6897,19.0961],[93.6629,19.0763],[93.6393,19.1378],[93.5992,19.1513],[93.5699,19.2256],[93.4722,19.3669],[93.4841,19.4091],[93.5135,19.4341],[93.5509,19.4324],[93.568,19.4163],[93.5514,19.4101],[93.5682,19.4046],[93.6041,19.4145],[93.6374,19.3542],[93.6343,19.3399],[93.6172,19.3482],[93.6001,19.3227],[93.6214,19.3411],[93.6672,19.3022],[93.6417,19.2398],[93.6446,19.2238],[93.6815,19.3001],[93.7215,19.2926],[93.6948,19.2819],[93.7269,19.2754],[93.7207,19.2445],[93.739,19.2567],[93.809,19.2263],[93.8733,19.2466],[93.9559,19.3061],[93.9498,19.3369],[93.9722,19.3514],[93.9817,19.385],[94.0108,19.381],[93.9834,19.4055],[93.9663,19.3584],[93.8921,19.2916],[93.8817,19.3076],[93.9191,19.3345],[93.9218,19.3772],[93.9111,19.3353],[93.8842,19.3196],[93.8889,19.3534],[93.8589,19.3878],[93.8824,19.3531],[93.8692,19.3068],[93.7751,19.301],[93.7392,19.345],[93.7463,19.3542],[93.7753,19.3403],[93.78,19.3542],[93.7704,19.3447],[93.7533,19.3575],[93.7323,19.3566],[93.7319,19.3826],[93.7121,19.4014],[93.7393,19.4088],[93.6517,19.4445],[93.6372,19.4889],[93.6546,19.4919],[93.6468,19.5122],[93.6875,19.5654],[93.7462,19.5422],[93.7688,19.4853],[93.7758,19.5037],[93.7933,19.5003],[93.8187,19.4643],[93.8567,19.4843],[93.8585,19.4404],[93.877,19.473],[93.9764,19.4188],[93.9971,19.4525],[93.9766,19.4629],[93.9536,19.4479],[93.9046,19.468],[93.9485,19.5081],[93.9383,19.564],[93.9323,19.4985],[93.9024,19.4885],[93.7768,19.5911],[93.8164,19.6042],[93.7935,19.614],[93.7602,19.5991],[93.722,19.6265],[93.7476,19.6525],[93.7943,19.6598],[93.7882,19.6815],[93.8193,19.7111],[93.8181,19.7292],[93.8066,19.7392],[93.7986,19.7014],[93.727,19.6711],[93.7059,19.7028],[93.7208,19.7483],[93.7914,19.7691],[93.7976,19.8329],[93.7863,19.8628],[93.7979,19.8666],[93.8012,19.891],[93.7933,19.916],[93.7937,19.873],[93.7386,19.8852],[93.7145,19.9079],[93.7457,19.9152],[93.7085,19.9375],[93.7091,19.9673],[93.702,19.9144],[93.6218,19.917],[93.5518,19.8885],[93.5419,19.9036],[93.5754,19.9201],[93.5867,19.9378],[93.5688,19.9212],[93.5416,19.924],[93.546,19.9363],[93.5161,19.9234],[93.5121,19.9438],[93.5365,19.9552],[93.5085,19.9613],[93.5071,19.9748],[93.5401,19.9909],[93.4818,19.9914],[93.4674,20.0443],[93.4585,20.0541],[93.4762,20.0609],[93.4548,20.0552],[93.4762,20.0065],[93.4661,19.9825],[93.4543,19.9959],[93.4392,19.9925],[93.4567,19.95],[93.416,19.9708],[93.3807,20.0659],[93.3841,20.0801],[93.4167,20.0799],[93.4148,20.1121],[93.4329,20.1052],[93.4126,20.1727],[93.3623,20.2736],[93.343,20.2772],[93.3234,20.3297],[93.2966,20.33],[93.3259,20.3859],[93.3254,20.4036],[93.2805,20.3482],[93.2801,20.3282],[93.2398,20.306],[93.2306,20.2739],[93.2464,20.2454],[93.2099,20.2347],[93.1825,20.1969],[93.117,20.1857],[93.2165,20.2861],[93.2259,20.3076],[93.2124,20.3278],[93.2512,20.4261],[93.2252,20.3917],[93.198,20.3871],[93.2235,20.376],[93.203,20.3226],[93.1243,20.3281],[93.1374,20.3425],[93.1321,20.3693],[93.1563,20.3591],[93.1748,20.3741],[93.1293,20.3762],[93.1742,20.3994],[93.1648,20.422],[93.1681,20.4002],[93.0939,20.3798],[93.0884,20.4013],[93.1111,20.4138],[93.1167,20.4272],[93.107,20.5041],[93.087,20.5198],[93.1051,20.5307],[93.0919,20.53],[93.0702,20.602],[93.0483,20.5975],[93.0217,20.6219],[93.0277,20.6439],[93.0055,20.6398],[93.0178,20.6122],[93.0757,20.5792],[93.081,20.5411],[93.0258,20.4274],[93.0173,20.454],[93.0428,20.4633],[93.0402,20.4931],[93.0636,20.5246],[93.035,20.5378],[93.0556,20.5207],[93.0195,20.4791],[93.0333,20.4857],[93.0386,20.4686],[93.0135,20.4606],[93.0243,20.3894],[93.0091,20.2869],[92.963,20.2257],[92.945,20.2675],[92.915,20.2419],[92.9146,20.2122],[92.8862,20.2095],[92.9203,20.1809],[92.8966,20.1094],[92.8531,20.1232],[92.7649,20.2],[92.7873,20.2401],[92.7969,20.2102],[92.8305,20.1805],[92.8458,20.1823],[92.799,20.2141],[92.7988,20.2583],[92.9445,20.3156],[92.8982,20.3078],[92.8393,20.3808],[92.9108,20.3717],[92.9315,20.3863],[92.9417,20.3522],[92.9508,20.374],[92.9127,20.414],[92.9289,20.4212],[92.9326,20.4327],[92.8983,20.4822],[92.9285,20.4299],[92.9072,20.421],[92.9175,20.3833],[92.9063,20.3787],[92.8867,20.4218],[92.8866,20.4039],[92.8571,20.4195],[92.8637,20.4051],[92.8418,20.4017],[92.8166,20.4429],[92.8337,20.4407],[92.8383,20.4688],[92.8487,20.4591],[92.8275,20.4968],[92.8108,20.4924],[92.7961,20.5101],[92.7639,20.4734],[92.7523,20.4794],[92.7322,20.5696],[92.7486,20.5782],[92.7524,20.5867],[92.7468,20.5986],[92.7266,20.6168],[92.7482,20.5876],[92.731,20.5792],[92.6844,20.6278],[92.6456,20.6891],[92.645,20.7277],[92.5832,20.7199],[92.591,20.732],[92.5697,20.7796],[92.5997,20.7956],[92.6024,20.8064],[92.5649,20.7864],[92.5494,20.8493],[92.5449,20.8118],[92.5713,20.7516],[92.5466,20.7631],[92.5441,20.743],[92.591,20.6851],[92.607,20.6776],[92.6395,20.6883],[92.6954,20.5825],[92.7292,20.5496],[92.72,20.4706],[92.7478,20.4143],[92.7299,20.2954],[92.747,20.256],[92.7285,20.26],[92.638,20.4332],[92.5281,20.5435],[92.5133,20.5993],[92.4633,20.6445],[92.4661,20.6597],[92.3774,20.6957],[92.3877,20.7048],[92.3611,20.7723],[92.3901,20.8168],[92.3787,20.8246],[92.3584,20.7833],[92.3353,20.8433],[92.3602,20.8647],[92.3366,20.8509],[92.3146,20.8826],[92.3164,20.901],[92.3619,20.9419],[92.3477,20.9871],[92.3313,20.9978],[92.2968,20.9872],[92.2891,21.0036],[92.2933,20.98],[92.2798,20.9694],[92.2694,21.0182],[92.2887,21.0225],[92.2646,21.0358],[92.3128,21.0579],[92.3122,21.0703],[92.2734,21.0458],[92.2297,21.1046],[92.2243,21.1365],[92.198,21.1546],[92.1976,21.1198],[92.255,21.0615],[92.2494,21.026],[92.2627,20.9273],[92.313,20.8469],[92.3408,20.7524],[92.3261,20.7433],[92.2996,20.7607],[92.2117,20.9253],[92.1847,21.0139],[92.0533,21.1632],[92.0496,21.2642],[92.0289,21.3402],[91.9535,21.4502],[91.9993,21.5054],[92.0221,21.4864],[91.9954,21.5518],[92.0389,21.6476],[92.0405,21.6722],[92.0251,21.6822],[92.0352,21.7006],[92.0181,21.7165],[92.0193,21.6685],[91.9817,21.656],[91.9796,21.7042],[91.9667,21.6782],[91.9481,21.7453],[91.9764,21.7418],[91.9925,21.7678],[91.9716,21.7472],[91.9545,21.7539],[91.9706,21.7862],[91.9424,21.8042],[91.9308,21.7855],[91.8912,21.7773],[91.9199,21.8473],[91.9095,21.9079],[91.9275,21.9345],[91.8949,21.9689],[91.8548,22.1276],[91.8345,22.1221],[91.8118,22.1905],[91.8351,22.2151],[91.842,22.2605],[91.8147,22.3049],[91.8665,22.3221],[91.9008,22.4007],[91.9451,22.4162],[92.0019,22.4046],[92.022,22.4167],[92.0349,22.4459],[92.0815,22.4371],[92.1417,22.4615],[92.1439,22.4703],[92.0873,22.4443],[92.0331,22.4505],[92.0029,22.4124],[91.9541,22.421],[91.8964,22.4094],[91.8722,22.3498],[91.7955,22.2927],[91.7952,22.2778],[91.829,22.2565],[91.798,22.2196],[91.7693,22.2784],[91.7519,22.3866],[91.7001,22.4841],[91.5811,22.6536],[91.4576,22.7511],[91.4859,22.7667],[91.4692,22.7787],[91.4778,22.7633],[91.4547,22.7602],[91.4369,22.7772],[91.4746,22.8241],[91.4356,22.8047],[91.4836,22.8741],[91.4566,22.8989],[91.4922,22.9007],[91.4452,22.9007],[91.441,22.8836],[91.464,22.8832],[91.4647,22.869],[91.4204,22.8087],[91.4086,22.7609],[91.33,22.8335],[91.3506,22.8515],[91.3427,22.8832],[91.3158,22.8394],[91.3525,22.7861],[91.3451,22.7758],[91.2963,22.8102],[91.1869,22.7977],[91.1164,22.8119],[91.1127,22.8262],[91.0831,22.8],[91.0287,22.7996],[90.9375,22.8561],[90.8246,22.8647],[90.8016,22.9088],[90.7578,22.9387],[90.7958,22.898],[90.7954,22.8634],[90.7332,22.8875],[90.6896,22.9783],[90.6294,22.9981],[90.5663,23.1036],[90.598,23.1778],[90.6524,23.2423],[90.6389,23.3167],[90.6776,23.3182],[90.6754,23.3407],[90.6978,23.3457],[90.6796,23.3628],[90.695,23.3777],[90.6733,23.3642],[90.6616,23.3375],[90.6738,23.3213],[90.5987,23.3393],[90.5796,23.3947],[90.6007,23.4314],[90.5856,23.4669],[90.6303,23.4903],[90.6818,23.4821],[90.7039,23.4901],[90.7177,23.5428],[90.7443,23.5443],[90.7253,23.5534],[90.7084,23.5387],[90.7057,23.5617],[90.732,23.5912],[90.7392,23.6216],[90.7646,23.629],[90.7414,23.6621],[90.7578,23.721],[90.7425,23.6937],[90.7403,23.7242],[90.7315,23.7102],[90.7157,23.7414],[90.6818,23.6867],[90.6429,23.6899],[90.6324,23.6392],[90.5628,23.5929],[90.5531,23.5715],[90.5147,23.5814],[90.505,23.6033],[90.484,23.5866],[90.4538,23.6148],[90.4702,23.6298],[90.4427,23.6684],[90.368,23.7186],[90.3837,23.7022],[90.3658,23.7034],[90.3421,23.7401],[90.3176,23.735],[90.3128,23.7642],[90.2548,23.7303],[90.2571,23.7758],[90.2298,23.8877],[90.2396,23.827],[90.194,23.8405],[90.1518,23.8291],[90.1319,23.8674],[90.1117,23.8736],[90.1104,23.8573],[90.0572,23.8201],[90.047,23.8255],[90.0625,23.8769],[90.0468,23.8894],[90.0262,23.8817],[90.0227,23.9072],[90.0,23.9228],[90.0144,23.8769],[90.0547,23.8732],[90.041,23.8278],[90.0466,23.8174],[90.069,23.8163],[90.0887,23.83],[90.1247,23.8071],[90.1837,23.8023],[90.2068,23.8157],[90.2226,23.8004],[90.2415,23.8149],[90.2059,23.7537],[90.221,23.7216],[90.2524,23.721],[90.2746,23.6862],[90.2557,23.7074],[90.2383,23.7112],[90.2208,23.7081],[90.1813,23.7401],[90.1924,23.7203],[90.1626,23.7198],[90.1492,23.7107],[90.1218,23.7371],[90.0698,23.7579],[90.0232,23.7635],[90.0245,23.7952],[90.0,23.8165],[90.0195,23.7627],[90.1205,23.7334],[90.1497,23.7043],[90.1739,23.7165],[90.2205,23.7031],[90.2477,23.7076],[90.276,23.6548],[90.3797,23.6165],[90.4018,23.5883],[90.3789,23.5678],[90.4098,23.5803],[90.4377,23.5451],[90.4635,23.5452],[90.5054,23.5721],[90.5302,23.5669],[90.5701,23.4832],[90.538,23.4837],[90.5339,23.4659],[90.5539,23.4263],[90.5281,23.3907],[90.4858,23.4204],[90.4204,23.4161],[90.2542,23.4608],[90.1641,23.5242],[90.1103,23.6129],[89.97,23.6581],[89.9179,23.7215],[89.8638,23.7451],[89.7915,23.8077],[89.7742,23.8995],[89.7688,23.8876],[89.7046,23.9579],[89.7275,23.9776],[89.7208,24.0],[89.7153,23.9718],[89.6983,23.9645],[89.7051,23.9991],[89.6707,24.0],[89.6614,23.9423],[89.7033,23.875],[89.7513,23.8659],[89.7708,23.8359],[89.7571,23.8473],[89.7242,23.8344],[89.6802,23.8626],[89.7179,23.8319],[89.6297,23.8456],[89.5467,23.8241],[89.4497,23.8706],[89.4256,23.9133],[89.3865,23.9431],[89.3288,23.9487],[89.2808,23.9875],[89.3161,23.9479],[89.2889,23.9467],[89.2414,23.9813],[89.1733,24.0],[89.0914,23.9991],[89.0608,23.9839],[89.0936,23.9665],[89.1225,23.9203],[89.1241,23.9542],[89.1671,23.9259],[89.2341,23.9194],[89.3047,23.8696],[89.4078,23.8978],[89.4384,23.8386],[89.4995,23.7788],[89.5928,23.7975],[89.6397,23.7768],[89.7017,23.7769],[89.8567,23.6605],[89.9485,23.6357],[90.0247,23.5566],[90.018,23.5823],[90.083,23.573],[90.1256,23.5455],[90.1578,23.4889],[90.1593,23.4206],[90.2067,23.3338],[90.17,23.3466],[90.1639,23.3638],[90.1862,23.359],[90.1608,23.3676],[90.1665,23.3332],[90.1253,23.3055],[90.1205,23.3356],[90.1417,23.3597],[90.1445,23.3786],[90.1279,23.351],[90.0995,23.359],[90.1208,23.3473],[90.1189,23.3041],[90.093,23.3005],[90.0871,23.2728],[90.1245,23.2685],[90.1217,23.2487],[90.1287,23.2416],[90.2023,23.2256],[90.1987,23.2096],[90.1681,23.2041],[90.1774,23.1665],[90.219,23.183],[90.2485,23.1621],[90.2336,23.1421],[90.2452,23.1232],[90.3091,23.1128],[90.3167,23.0671],[90.2677,23.0431],[90.2726,23.0254],[90.3072,23.0209],[90.3206,22.9865],[90.2739,22.9687],[90.3537,22.9212],[90.3456,22.884],[90.3205,22.8726],[90.3213,22.8502],[90.3726,22.7652],[90.3682,22.7366],[90.4195,22.7331],[90.4167,22.7138],[90.3964,22.729],[90.3831,22.7054],[90.4003,22.7234],[90.4204,22.7086],[90.4298,22.7305],[90.4193,22.7453],[90.378,22.7401],[90.3825,22.7586],[90.4243,22.7652],[90.4692,22.7349],[90.485,22.6991],[90.4769,22.6561],[90.4961,22.6723],[90.5193,22.6294],[90.5042,22.5879],[90.5187,22.5991],[90.5797,22.5261],[90.6132,22.3275],[90.5912,22.2573],[90.5588,22.2382],[90.5212,22.184],[90.5066,22.1851],[90.4373,22.0668],[90.4221,22.1192],[90.4427,22.1513],[90.4265,22.1505],[90.4192,22.1262],[90.4192,22.0904],[90.3882,22.0901],[90.3847,22.1054],[90.4039,22.1682],[90.4261,22.1813],[90.3999,22.2179],[90.4165,22.2648],[90.4035,22.2837],[90.4191,22.2895],[90.3788,22.2931],[90.4149,22.3387],[90.3642,22.2952],[90.406,22.271],[90.395,22.204],[90.4179,22.1836],[90.3986,22.1722],[90.3831,22.1366],[90.3408,22.1621],[90.3872,22.1955],[90.3873,22.2114],[90.3562,22.1794],[90.3438,22.1958],[90.3498,22.1792],[90.3338,22.1633],[90.3784,22.1309],[90.3751,22.1053],[90.3331,22.1088],[90.2616,22.0404],[90.2751,22.0358],[90.278,21.9971],[90.2568,21.9557],[90.211,21.9825],[90.2135,22.0022],[90.1962,21.9784],[90.2287,21.9716],[90.2343,21.9583],[90.2176,21.9508],[90.2685,21.9462],[90.2409,21.8994],[90.2606,21.8847],[90.2549,21.8666],[90.2241,21.8543],[90.2042,21.8874],[90.2401,21.9344],[90.1969,21.8906],[90.2199,21.8528],[90.263,21.8583],[90.2478,21.8376],[90.2163,21.8373],[90.2602,21.8346],[90.1755,21.7891],[90.1072,21.8012],[90.0816,21.8355],[90.0992,21.8517],[90.1222,21.8485],[90.1016,21.8534],[90.1021,21.8743],[90.1372,21.8899],[90.1543,21.8854],[90.1589,21.8603],[90.1728,21.8697],[90.1519,21.8957],[90.1886,21.9228],[90.144,21.8906],[90.1158,21.8993],[90.1163,21.9159],[90.15,21.9227],[90.1372,21.9485],[90.1685,21.9805],[90.1406,21.9702],[90.128,21.9914],[90.1418,21.9247],[90.1114,21.9219],[90.0988,21.8944],[90.0991,21.9413],[90.0733,22.0045],[90.1633,22.1145],[90.2134,22.1142],[90.2283,22.1641],[90.2542,22.1638],[90.2717,22.1772],[90.2864,22.2071],[90.2723,22.2089],[90.2588,22.1722],[90.229,22.1724],[90.2401,22.1932],[90.2206,22.219],[90.2077,22.3093],[90.2269,22.3379],[90.2896,22.3505],[90.2973,22.3714],[90.2696,22.3586],[90.2657,22.3711],[90.2809,22.4069],[90.3178,22.4676],[90.3413,22.4589],[90.3626,22.4846],[90.3405,22.4664],[90.3148,22.4741],[90.2586,22.3754],[90.2548,22.3443],[90.2223,22.3421],[90.1991,22.3026],[90.2097,22.2143],[90.2298,22.1915],[90.2032,22.1238],[90.1608,22.124],[90.0879,22.0555],[90.0534,21.9715],[90.0298,21.9971],[90.0275,21.9782],[90.0039,21.9845],[89.993,22.0361],[90.0307,22.0628],[90.0362,22.1269],[90.0717,22.1533],[90.1399,22.1551],[90.0801,22.1586],[90.0257,22.189],[90.081,22.2209],[90.1116,22.2858],[90.1016,22.3424],[90.176,22.4215],[90.2018,22.4859],[90.206,22.5118],[90.1876,22.5225],[90.2028,22.5725],[90.1857,22.6255],[90.2519,22.6212],[90.2832,22.6302],[90.2953,22.6531],[90.2487,22.628],[90.181,22.6276],[90.1975,22.5675],[90.1819,22.5223],[90.1989,22.509],[90.1936,22.4802],[90.1725,22.4297],[90.095,22.3491],[90.1048,22.3039],[90.0739,22.2271],[90.0211,22.1868],[90.0282,22.1691],[90.0633,22.1618],[90.0225,22.1322],[90.0183,22.0663],[89.9809,22.0416],[89.9896,21.991],[89.9578,21.9789],[89.9092,22.0731],[89.9175,22.136],[89.8787,22.2524],[89.9197,22.3718],[89.9847,22.4388],[90.0,22.487],[90.025,22.4901],[90.033,22.5719],[90.065,22.6087],[90.0571,22.6225],[90.0268,22.599],[90.0327,22.6527],[90.0059,22.68],[90.028,22.6463],[90.0132,22.5988],[90.0307,22.5814],[90.0179,22.4945],[89.9546,22.5055],[89.9855,22.4868],[89.9872,22.466],[89.9102,22.3882],[89.8834,22.4052],[89.8834,22.4302],[89.8788,22.4209],[89.8806,22.3954],[89.8987,22.3721],[89.8448,22.2487],[89.8905,22.1211],[89.8528,22.0679],[89.8188,22.066],[89.8533,22.0483],[89.8854,21.9055],[89.8584,21.8784],[89.8456,21.8859],[89.8408,21.856],[89.7715,21.8311],[89.7896,21.879],[89.7542,21.8561],[89.7334,21.891],[89.7493,21.8346],[89.7143,21.8341],[89.7023,21.8494],[89.6756,21.8377],[89.6586,21.8922],[89.6795,21.9049],[89.6554,21.9134],[89.6339,21.8679],[89.7121,21.7853],[89.7124,21.7662],[89.6592,21.7511],[89.6548,21.765],[89.6067,21.7601],[89.6137,21.8111],[89.5627,21.8637],[89.5901,21.9386],[89.5607,21.9692],[89.5603,21.9911],[89.5152,21.9904],[89.5251,21.9563],[89.5123,21.8993],[89.4971,21.9081],[89.4607,21.8522],[89.4337,21.8477],[89.4627,21.8461],[89.4712,21.8204],[89.4581,21.8139],[89.4796,21.8006],[89.4783,21.7724],[89.4257,21.7147],[89.3906,21.7084],[89.3654,21.746],[89.3557,21.809],[89.3899,21.9021],[89.3671,21.9046],[89.3181,21.8611],[89.3072,21.8207],[89.2867,21.8053],[89.2927,21.7564],[89.2312,21.7683],[89.2193,21.7572],[89.197,21.8047],[89.1643,21.79],[89.1079,21.8105],[89.1121,21.8547],[89.0887,21.908],[89.0948,21.9381],[89.0835,21.9386],[89.0635,21.9278],[89.0648,21.899],[89.0904,21.8542],[89.0935,21.7971],[89.1521,21.755],[89.1374,21.7198],[89.1153,21.7204],[89.0518,21.7859],[89.0677,21.8585],[89.0397,21.9077],[89.0067,21.8997],[89.0372,21.8577],[89.0324,21.8201],[89.1014,21.6618],[89.0968,21.625],[89.0075,21.6],[88.9208,21.6339],[88.8564,21.6328],[88.7844,21.5569],[88.7336,21.5508],[88.7072,21.5664],[88.6822,21.6961],[88.714,21.9312],[88.731,21.9794],[88.7651,22.0067],[88.7526,22.0437],[88.7228,22.0575],[88.7432,22.0174],[88.7223,22.0051],[88.6883,21.9347],[88.6342,21.9414],[88.623,21.9681],[88.6587,22.017],[88.6437,22.1181],[88.631,22.1198],[88.6214,22.105],[88.6438,22.046],[88.6084,21.972],[88.6202,21.9377],[88.601,21.9557],[88.6096,21.9095],[88.5833,21.8856],[88.557,21.8124],[88.5792,21.7877],[88.5691,21.7639],[88.6067,21.7869],[88.6329,21.7736],[88.6374,21.7259],[88.6096,21.6403],[88.618,21.6178],[88.5475,21.5305],[88.498,21.5206],[88.483,21.5569],[88.4997,21.5997],[88.5181,21.5953],[88.5279,21.7218],[88.5069,21.7573],[88.5297,21.7713],[88.5145,21.7764],[88.5319,21.8317],[88.5043,21.8741],[88.5175,21.9064],[88.5139,21.9253],[88.5105,21.9369],[88.473,21.8941],[88.5001,21.8489],[88.4788,21.8357],[88.4693,21.8171],[88.4925,21.8357],[88.5096,21.8101],[88.469,21.8051],[88.4684,21.7866],[88.4865,21.7932],[88.4688,21.7678],[88.4841,21.675],[88.4526,21.6002],[88.4177,21.5818],[88.3086,21.6031],[88.3078,21.6942],[88.2972,21.7728],[88.2619,21.8],[88.2892,21.7581],[88.3055,21.5933],[88.3253,21.5806],[88.2542,21.5486],[88.1994,21.6117],[88.1814,21.6636],[88.2053,21.7202],[88.2058,21.8014],[88.155,21.8747],[88.1481,21.9127],[88.0886,21.8494],[88.0669,21.8758],[88.1175,21.9629],[88.1446,21.9344],[88.1494,21.9797],[88.2158,22.0608],[88.2014,22.1494],[88.1458,22.1936],[88.0342,22.2183],[88.0321,22.2018],[88.1438,22.1871],[88.1902,22.133],[88.1961,22.1048],[88.1618,22.0645],[88.0822,22.018],[87.9719,21.8394],[87.8294,21.7192],[87.673,21.6439],[87.4588,21.6055],[87.3717,21.577],[87.366,21.5609],[87.2075,21.5494],[87.1228,21.5137],[86.9845,21.4043],[86.8755,21.2744],[86.8344,21.1894],[86.8413,21.0868],[86.9296,20.9008],[86.9701,20.8491],[86.9758,20.768],[87.0013,20.7584],[87.0138,20.7253],[86.996,20.6992],[87.0247,20.6897],[87.052,20.7035],[86.7663,20.5017],[86.7391,20.4593],[86.7242,20.3826],[86.7392,20.3722],[86.8028,20.4358],[86.8043,20.4822],[86.816,20.4409],[86.8074,20.3638],[86.7209,20.2934],[86.7629,20.3108],[86.5418,20.1847],[86.4566,20.0693],[86.4181,19.9776],[86.158,19.8714],[85.7414,19.7597],[85.6052,19.7074],[85.3281,19.5669],[85.1224,19.4197],[85.0869,19.3687],[84.9609,19.2916],[84.8127,19.1462],[84.6929,18.9579],[84.6006,18.8682],[84.5635,18.7904],[84.4572,18.6851],[84.4484,18.6543],[84.3818,18.5947],[84.3651,18.5534],[84.1375,18.3434],[84.1411,18.3142],[84.0758,18.2658],[83.8116,18.1569],[83.5755,18.0095],[83.5545,17.9644],[83.2341,17.5925],[83.0103,17.4872],[82.8842,17.4081],[82.7775,17.3722],[82.6044,17.2849],[82.4936,17.2121],[82.319,17.0518],[82.2789,16.9851],[82.2763,16.9411],[82.2529,16.9186],[82.2597,16.8754],[82.2771,16.8844],[82.2785,16.8585],[82.2921,16.8749],[82.3044,16.8567],[82.3192,16.8678],[82.3241,16.8372],[82.3419,16.8605],[82.3706,16.8507],[82.3673,16.88],[82.3709,16.8678],[82.3711,16.8453],[82.3686,16.8179],[82.3744,16.8303],[82.3729,16.934],[82.3489,16.9698],[82.3659,16.9638],[82.379,16.9182],[82.3792,16.831],[82.3559,16.7128],[82.3076,16.5991],[82.3175,16.5846],[81.9945,16.4078],[81.7273,16.3108],[81.4808,16.3575],[81.3307,16.3152],[81.2538,16.2597],[81.2019,16.179],[81.1903,16.1446],[81.2125,16.176],[81.2069,16.1316],[81.1567,16.015],[81.1551,15.9707],[81.0017,15.8444],[81.0206,15.7844],[80.9998,15.7776],[81.0318,15.7592],[80.9388,15.7079],[80.8948,15.7157],[80.815,15.6995],[80.7824,15.8485],[80.8093,15.7779],[80.8075,15.8406],[80.747,15.8766],[80.6936,15.8811],[80.5329,15.8542],[80.3757,15.774],[80.2936,15.7047],[80.2494,15.6334],[80.1996,15.4623],[80.0981,15.3248],[80.0826,15.2577],[80.091,15.2043],[80.0698,15.1901],[80.0491,15.0671],[80.1086,14.76],[80.1961,14.5712],[80.1775,14.3581],[80.1263,14.2025],[80.1514,14.0358],[80.2558,13.78],[80.2339,13.7186],[80.2326,13.6559],[80.3233,13.4439],[80.3497,13.3342],[80.3258,13.1817],[80.2628,12.9492],[80.2589,12.7822],[80.1603,12.4731],[79.8819,12.0511],[79.8039,11.7953],[79.7831,11.77],[79.7932,11.7502],[79.7589,11.6076],[79.7601,11.5391],[79.7719,11.4914],[79.8186,11.4263],[79.8598,11.1777],[79.8529,10.6781],[79.8761,10.2956],[79.8349,10.2733],[79.7682,10.2708],[79.7636,10.2583],[79.3992,10.3197],[79.3085,10.2652],[79.2701,10.2278],[79.2771,10.2105],[79.2358,10.1508],[79.2394,10.0883],[79.2669,10.0338],[78.9819,9.6642],[78.9408,9.5939],[78.908,9.4797],[78.9411,9.4094],[79.0213,9.3284],[79.1268,9.2917],[79.2023,9.2883],[79.2686,9.29],[79.2922,9.3161],[79.3255,9.3206],[79.3367,9.3084],[79.322,9.2669],[79.4386,9.1758],[79.4514,9.15],[79.2936,9.2468],[78.9626,9.2688],[78.7292,9.2003],[78.7216,9.183],[78.6465,9.1718],[78.6591,9.1502],[78.5784,9.1263],[78.4999,9.1268],[78.41,9.0969],[78.2339,8.9678],[78.1925,8.9042],[78.1581,8.7452],[78.1786,8.7594],[78.1952,8.7499],[78.2012,8.7785],[78.2055,8.7605],[78.196,8.7407],[78.1595,8.7231],[78.133,8.4883],[78.0697,8.3666],[77.9969,8.3383],[77.7382,8.1691],[77.5872,8.1347],[77.5616,8.1117],[77.5526,8.069],[77.3183,8.1173],[76.9675,8.3967],[76.6683,8.7819],[76.5464,8.8985],[76.5228,8.9871],[76.3803,9.2814],[76.3158,9.4636],[76.2405,9.9635],[76.1825,10.0894],[76.1655,10.1803],[76.0814,10.4067],[75.9104,10.7838],[75.8616,10.9806],[75.6972,11.415],[75.6557,11.4618],[75.613,11.4717],[75.5286,11.7003],[75.3892,11.8467],[75.3522,11.8601],[75.249,12.0038],[75.1925,12.0078],[75.0933,12.2689],[74.963,12.5147],[74.8103,12.8647],[74.7559,13.1368],[74.6921,13.3488],[74.6656,13.6378],[74.6427,13.671],[74.6094,13.8533],[74.5686,13.9336],[74.505,14.0011],[74.464,14.1872],[74.4147,14.2874],[74.3537,14.5117],[74.3008,14.5217],[74.2843,14.5996],[74.2635,14.6245],[74.2791,14.6286],[74.2508,14.7189],[74.2219,14.7379],[74.1985,14.7307],[74.1993,14.7176],[74.0989,14.7844],[74.0886,14.8036],[74.1014,14.8671],[74.0697,14.9091],[74.0388,14.9156],[74.0415,14.9488],[73.95,15.0729],[73.9051,15.0871],[73.9458,15.1408],[73.89,15.3245],[73.87,15.3519],[73.8032,15.377],[73.7794,15.4089],[73.88,15.4031],[73.8899,15.4192],[73.8439,15.4447],[73.7914,15.4506],[73.7575,15.4939],[73.6819,15.6978],[73.6872,15.7154],[73.6419,15.7403],[73.6505,15.7783],[73.6291,15.8319],[73.5752,15.9104],[73.5376,15.9339],[73.5041,15.94],[73.502,15.9734],[73.4478,16.0558],[73.408,16.2344],[73.3116,16.5403],[73.3362,16.56],[73.3125,16.6064],[73.2531,16.9989],[73.2575,17.0443],[73.2736,17.0347],[73.2747,17.0819],[73.2314,17.1954],[73.2349,17.2244],[73.1893,17.3016],[73.2135,17.3085],[73.1948,17.388],[73.1711,17.4039],[73.1884,17.4251],[73.1786,17.4711],[73.1144,17.6367],[73.1028,17.6894],[73.1222,17.7172],[73.1091,17.7697],[73.0114,17.9908],[72.9735,18.1171],[72.9705,18.2049],[72.9313,18.2186],[72.9388,18.2786],[72.9686,18.2601],[72.9672,18.3017],[72.9142,18.349],[72.8894,18.4342],[72.9028,18.5189],[72.8539,18.6606],[72.8575,18.7953],[72.9356,18.8241],[72.9918,18.7763],[72.9488,18.8469],[72.922,18.8554],[72.9119,18.9175],[72.9768,18.9474],[72.9539,18.9701],[73.0305,18.981],[73.0547,18.9961],[73.0542,19.0157],[73.0436,19.0265],[73.0061,19.005],[72.9957,19.0604],[72.9697,19.0789],[72.9322,19.0611],[72.9503,19.0538],[72.9439,19.0315],[72.9034,18.9938],[72.8932,19.0041],[72.8085,18.8975],[72.8016,18.9097],[72.8152,18.9164],[72.7717,18.9378],[72.8242,19.0464],[72.8239,19.0943],[72.808,19.1435],[72.7863,19.1386],[72.7667,19.2281],[72.7775,19.3086],[72.8514,19.3192],[72.9152,19.2915],[72.8799,19.3233],[72.7978,19.3261],[72.7544,19.3697],[72.7078,19.5875],[72.7009,19.7421],[72.6594,19.8391],[72.6661,19.9186],[72.7036,19.9878],[72.749,20.2818],[72.7817,20.3464],[72.8186,20.3717],[72.8262,20.4424],[72.883,20.508],[72.8771,20.5274],[72.8885,20.5288],[72.8927,20.5834],[72.8736,20.6444],[72.9022,20.5963],[72.8864,20.6374],[72.9015,20.6429],[72.8967,20.7022],[72.9087,20.7111],[72.8907,20.7199],[72.9037,20.743],[72.9339,20.7522],[72.9344,20.7747],[72.9178,20.7699],[72.9199,20.7893],[72.8861,20.7872],[72.8745,20.8015],[72.8845,20.8106],[72.8487,20.8411],[72.8268,20.8292],[72.846,20.8537],[72.844,20.875],[72.8245,20.8829],[72.841,20.9056],[72.8239,20.9212],[72.8415,20.9345],[72.8432,20.9759],[72.8052,20.9873],[72.827,21.014],[72.7661,21.0042],[72.7425,20.9769],[72.769,20.9288],[72.7473,20.9498],[72.7218,21.057],[72.7417,21.0289],[72.7856,21.0461],[72.8068,21.0247],[72.848,21.0375],[72.853,21.0678],[72.8326,21.0544],[72.831,21.0968],[72.808,21.1264],[72.7546,21.108],[72.7302,21.0781],[72.6759,21.0773],[72.6474,21.0496],[72.6692,21.0781],[72.6158,21.0972],[72.6178,21.1386],[72.6331,21.1303],[72.6467,21.1489],[72.6293,21.1338],[72.6227,21.1434],[72.6195,21.2089],[72.6817,21.2184],[72.6431,21.2497],[72.6304,21.2406],[72.6399,21.2575],[72.6075,21.2581],[72.5636,21.3728],[72.6877,21.4363],[72.6934,21.4664],[72.5858,21.4133],[72.6164,21.48],[72.824,21.6367],[72.8405,21.6659],[72.9147,21.6492],[73.1077,21.7298],[73.064,21.7328],[72.9438,21.6753],[72.7776,21.6604],[72.7389,21.686],[72.6033,21.6764],[72.543,21.6564],[72.5253,21.6947],[72.5569,21.7611],[72.5675,21.8481],[72.6264,21.9283],[72.6519,21.9411],[72.6811,21.9303],[72.7344,21.9864],[72.7137,21.9934],[72.6839,21.9646],[72.6719,21.9749],[72.6704,21.9621],[72.6311,21.9635],[72.5304,21.9024],[72.5008,21.9767],[72.5367,22.1378],[72.5672,22.1886],[72.6099,22.2151],[72.6631,22.211],[72.7419,22.1758],[72.7668,22.1936],[72.7581,22.2163],[72.712,22.2443],[72.6273,22.255],[72.6127,22.2672],[72.6495,22.2643],[72.6288,22.2759],[72.5679,22.2652],[72.6144,22.2799],[72.5931,22.2817],[72.5615,22.268],[72.5231,22.2332],[72.5031,22.2385],[72.4849,22.2205],[72.47,22.228],[72.4333,22.2045],[72.4151,22.2149],[72.4247,22.2006],[72.4084,22.1524],[72.381,22.1539],[72.3885,22.1924],[72.371,22.1814],[72.3689,22.1449],[72.367,22.1858],[72.3907,22.2002],[72.3697,22.1934],[72.3821,22.2262],[72.3758,22.2992],[72.3505,22.2989],[72.342,22.2572],[72.3316,22.2987],[72.3459,22.2239],[72.3172,22.204],[72.325,22.1464],[72.3053,22.0636],[72.242,22.0012],[72.255,21.8193],[72.239,21.7952],[72.2185,21.8163],[72.2081,21.8058],[72.3028,21.6256],[72.2425,21.4653],[72.1039,21.3097],[72.1105,21.2019],[72.0033,21.1347],[71.7922,21.0501],[71.8047,21.0394],[71.7127,21.0211],[71.6807,20.9969],[71.6397,20.994],[71.6368,20.9745],[71.5334,20.9464],[71.4669,20.8819],[70.9913,20.7048],[70.8269,20.6883],[70.5402,20.7996],[70.338,20.9143],[70.2191,21.0022],[70.0171,21.1847],[69.6047,21.6314],[69.5708,21.6422],[69.2286,21.9439],[68.9574,22.2382],[68.9348,22.3058],[68.9545,22.3665],[69.0056,22.4444],[69.0672,22.4808],[69.097,22.46],[69.1485,22.4705],[69.1446,22.4537],[69.117,22.4615],[69.1085,22.4481],[69.1519,22.4029],[69.1912,22.4175],[69.2014,22.3986],[69.1746,22.3651],[69.1711,22.3028],[69.2383,22.2733],[69.3081,22.2868],[69.3313,22.326],[69.4129,22.3181],[69.484,22.3395],[69.4962,22.3665],[69.5196,22.3724],[69.5154,22.426],[69.5492,22.4001],[69.5543,22.377],[69.5382,22.3779],[69.5584,22.3622],[69.691,22.4026],[69.7228,22.4761],[69.7325,22.4391],[69.7662,22.4287],[69.8708,22.4655],[69.9831,22.5431],[70.0405,22.5583],[70.1122,22.5473],[70.1779,22.5604],[70.2537,22.6928],[70.2377,22.6953],[70.2559,22.71],[70.2514,22.7324],[70.2757,22.7321],[70.3678,22.8932],[70.4481,22.97],[70.4921,23.0798],[70.4856,23.0888],[70.4029,23.036],[70.3894,22.9353],[70.343,22.9305],[70.2272,22.9575],[70.1307,22.9322],[70.0933,22.9022],[70.0647,22.9131],[69.8398,22.8558],[69.7472,22.7994],[69.7103,22.7428],[69.6957,22.7485],[69.7062,22.7367],[69.6607,22.7579],[69.6034,22.7695],[69.6118,22.7581],[69.5709,22.7617],[69.5549,22.7793],[69.4539,22.7998],[69.493,22.7751],[69.4555,22.7727],[69.392,22.8114],[69.1975,22.8335],[68.6522,23.1498],[68.5406,23.2668],[68.4406,23.419],[68.4286,23.4175],[68.4389,23.3891],[68.3937,23.4217],[68.3886,23.4546],[68.4203,23.4649],[68.4025,23.5206],[68.4117,23.6169],[68.6283,23.7598],[68.6581,23.7992],[68.6794,23.7916],[68.7414,23.8442],[68.5965,23.8008],[68.5235,23.7464],[68.5222,23.7641],[68.4902,23.7327],[68.4602,23.7334],[68.4824,23.7252],[68.4692,23.7178],[68.4475,23.7269],[68.4198,23.7053],[68.3827,23.6079],[68.2986,23.5663],[68.212,23.5859],[68.2226,23.5752],[68.2112,23.5734],[68.1403,23.6047],[68.2011,23.6642],[68.1867,23.723],[68.2118,23.8714],[68.2905,23.9444],[68.3742,23.9832],[68.383,23.9663],[68.7472,23.97],[68.7453,24.3164],[68.7831,24.3328],[68.9269,24.3256],[68.988,24.2569],[69.0803,24.2972],[69.2525,24.2797],[69.5901,24.2868],[69.7246,24.1751],[70.0147,24.1697],[70.0773,24.2156],[70.1201,24.309],[70.2544,24.3322],[70.4147,24.4022],[70.5555,24.4353],[70.6008,24.415],[70.583,24.3705],[70.5844,24.2783],[70.6505,24.2414],[70.7619,24.2358],[70.8858,24.2744],[70.8658,24.2843],[70.8644,24.3169],[70.9417,24.3692],[71.0292,24.3636],[71.1078,24.423],[71.0931,24.4359],[71.0203,24.4333],[71.0007,24.4489],[70.9778,24.6025],[71.0036,24.6478],[71.0774,24.6805],[70.9179,24.9864],[70.8813,25.1459],[70.7525,25.2717],[70.6659,25.396],[70.6724,25.6715],[70.6593,25.7015],[70.6064,25.7142],[70.5317,25.6839],[70.3861,25.6747],[70.2928,25.7014],[70.0961,25.9443],[70.0826,26.0739],[70.1539,26.1853],[70.1727,26.2451],[70.1646,26.2909],[70.1839,26.4868],[70.1677,26.5508],[70.1389,26.5744],[70.0714,26.5961],[69.917,26.5826],[69.8882,26.3822],[69.8623,26.0307],[69.87,25.6344],[69.9096,25.2842],[69.9934,24.8735],[69.9711,24.8142],[69.921,24.7853],[69.8691,24.7904],[69.589,24.9372],[69.2687,25.0736],[68.7267,25.2347],[68.427,25.2895],[68.1241,25.3215],[67.8196,25.3304],[67.496,25.3167],[67.0233,25.5054],[66.5392,25.6442],[66.0398,25.705],[65.6326,25.716],[65.5767,25.7459],[65.5546,25.7993],[65.5664,25.8502],[65.8563,26.2597],[66.1065,26.7294],[66.2379,27.0591],[66.3503,27.4423],[66.4242,27.8347],[66.4603,28.2768],[66.4509,28.676],[66.3849,29.1652],[66.3935,29.2167],[68.6065,31.0673],[68.9813,31.2496],[69.3179,31.4543],[69.6329,31.6909],[69.9233,31.9572],[70.1584,32.2168],[70.3948,32.5319],[70.5782,32.8303],[70.7638,33.2025],[71.2079,33.5933],[71.4148,33.8185],[71.6041,34.0587],[71.8842,34.5015],[72.129,35.0122],[72.5464,35.1337],[72.8318,35.2375],[73.1087,35.3625],[73.4573,35.5577],[73.4971,35.5669],[73.5421,35.5549],[73.9203,35.339],[74.2753,35.1821],[74.6437,35.06],[75.1046,34.9493],[75.1391,34.8897],[75.1463,34.6248],[75.243,34.6261],[75.3858,34.5569],[75.5651,34.5181],[75.7691,34.2985],[76.3508,33.4744],[76.6239,33.1648],[77.1345,32.9025],[78.6843,32.6829],[79.3974,31.1095],[79.33,31.1249],[79.3932,31.1011],[79.4086,31.0725],[79.4224,31.064],[79.4207,31.0759],[79.4079,31.0864],[79.4079,31.0864],[79.6399,30.9617],[79.7489,30.9897],[79.8658,30.965],[79.9236,30.8889],[80.1936,30.7925],[80.2564,30.7297],[80.2368,30.6411],[80.546,30.4749],[80.6069,30.4747],[80.7519,30.395],[80.8136,30.3217],[80.9989,30.2619],[81.0297,30.2094],[80.9638,30.187],[81.1601,30.0478],[82.1753,30.0709],[85.1215,28.3296],[86.9472,27.9555],[88.3988,27.984],[88.6289,28.1192],[88.8317,28.0133],[88.8636,27.9295],[89.3644,27.8686],[89.8839,28.2904],[90.8374,28.0433],[91.6572,27.7604],[92.072,27.7836],[92.1461,27.8183],[92.2539,27.8158],[92.2533,27.8614],[92.268,27.8747],[92.3061,27.7983],[92.3216,27.7975],[92.6881,27.9474],[92.7183,27.9736],[92.7284,28.036],[92.6752,28.0807],[92.7104,28.1419],[92.83,28.2128],[92.8873,28.1987],[93.0457,28.3103],[93.2221,28.3193],[93.2382,28.3874],[93.2155,28.4183],[93.3204,28.5405],[93.3287,28.595],[93.3519,28.6188],[93.5021,28.6792],[93.6473,28.6475],[93.7319,28.6776],[93.8107,28.6855],[93.9407,28.772],[93.9991,28.7739],[94.0211,28.836],[94.1525,28.9307],[94.2346,29.0735],[94.3081,29.1412],[94.4278,29.2155],[94.5389,29.2148],[94.5812,29.2315],[94.5932,29.2724],[94.6475,29.3335],[94.6974,29.3365],[94.7923,29.2608],[94.8641,29.175],[95.13,29.1175],[95.3878,29.0353],[95.4605,29.0517],[95.5253,29.1361],[95.5414,29.1911],[95.6247,29.255],[95.7897,29.3428],[95.9436,29.3933],[96.0839,29.4678],[96.1778,29.3578],[96.1869,29.3111],[96.2353,29.2544],[96.2894,29.2414],[96.3625,29.2906],[96.3953,29.2553],[96.353,29.1831],[96.2189,29.1472],[96.1489,29.0597],[96.1486,28.9433],[96.1728,28.8997],[96.2503,28.9408],[96.3439,29.0325],[96.4708,29.0567],[96.4958,29.0361],[96.4844,28.9683],[96.5647,28.8588],[97.1966,28.8797],[98.0,28.7869],[98.0,14.4825],[97.9851,14.4713],[97.9669,14.4417],[97.9654,14.4261],[97.9407,14.5262],[97.9058,14.5783],[97.9134,14.6195],[97.9047,14.6107],[97.8728,14.671],[97.8944,14.7054],[97.8855,14.7229],[97.8678,14.7078],[97.8392,14.7187],[97.7918,14.8683],[97.8083,14.9501],[97.7969,14.9973],[97.8132,15.0062],[97.8244,15.0243],[97.791,14.9984],[97.7707,15.0183],[97.7958,15.0271],[97.8063,15.1503],[97.787,15.1795],[97.7951,15.1903],[97.7653,15.1971],[97.7387,15.2445],[97.7417,15.295],[97.7215,15.3328],[97.7275,15.3548],[97.7469,15.3561],[97.7465,15.3837],[97.7828,15.397],[97.7408,15.4871],[97.762,15.5281],[97.6994,15.7541],[97.7217,15.7717],[97.7179,15.8434],[97.6754,15.9144],[97.6103,15.949],[97.6035,15.9803],[97.5713,16.0108],[97.5582,16.0726],[97.5967,16.0851],[97.6143,16.0611],[97.6277,16.0504],[97.648,16.0442],[97.6654,16.0486],[97.6772,16.0283],[97.6969,16.0275],[97.6673,16.0521],[97.6202,16.0587],[97.6072,16.1036],[97.5978,16.097],[97.6438,16.27],[97.6155,16.3556],[97.6294,16.3873],[97.6141,16.4256],[97.6284,16.4532],[97.6253,16.5],[97.6486,16.4984],[97.6621,16.5123],[97.6624,16.4765],[97.6823,16.4655],[97.7025,16.4706],[97.7044,16.4501],[97.7232,16.4502],[97.7198,16.4268],[97.7539,16.4141],[97.7355,16.4023],[97.7334,16.3833],[97.7784,16.3746],[97.7974,16.354],[97.7858,16.3396],[97.7874,16.3327],[97.8346,16.3236],[97.8601,16.2918],[97.8887,16.2862],[97.8521,16.3024],[97.8441,16.3234],[97.7924,16.3327],[97.8031,16.3534],[97.7905,16.3703],[97.7614,16.386],[97.7372,16.386],[97.7578,16.4177],[97.7289,16.4247],[97.7259,16.4541],[97.7068,16.4536],[97.7023,16.474],[97.6641,16.48],[97.6755,16.5007],[97.6684,16.5455],[97.7465,16.5616],[97.7089,16.5706],[97.6685,16.5549],[97.6442,16.6134],[97.6214,16.6433],[97.6076,16.581],[97.6264,16.5585],[97.6215,16.5187],[97.5325,16.5376],[97.4885,16.5387],[97.481,16.5218],[97.3928,16.5251],[97.3629,16.479],[97.3284,16.6589],[97.3466,16.6471],[97.3939,16.64],[97.4108,16.6424],[97.424,16.6584],[97.3927,16.6437],[97.3457,16.6544],[97.3406,16.6666],[97.3578,16.6694],[97.3476,16.6786],[97.328,16.667],[97.3301,16.6963],[97.3439,16.6953],[97.3419,16.7341],[97.3403,16.7095],[97.3207,16.7102],[97.3185,16.668],[97.2772,16.6862],[97.2398,16.7684],[97.2498,16.8225],[97.2349,16.8088],[97.2226,16.8417],[97.227,16.8573],[97.2664,16.8442],[97.2781,16.8505],[97.2659,16.8701],[97.265,16.8481],[97.2228,16.8672],[97.2092,16.8129],[97.1998,16.8823],[97.218,16.9017],[97.2191,16.9379],[97.1906,16.8911],[97.1748,16.8905],[97.1693,16.9107],[97.2072,17.008],[97.1547,17.0678],[97.1533,17.0952],[97.1909,17.1169],[97.2134,17.0874],[97.2645,17.1036],[97.2278,17.1029],[97.2063,17.1338],[97.1791,17.1294],[97.1365,17.1162],[97.1343,17.0806],[97.1143,17.0778],[97.0887,17.1652],[97.1067,17.1878],[97.0833,17.1817],[97.0592,17.2533],[97.0003,17.2667],[97.0091,17.3],[96.9116,17.357],[96.8832,17.4541],[96.8649,17.3961],[96.8434,17.3893],[96.849,17.4134],[96.8209,17.4331],[96.7945,17.4883],[96.7859,17.49],[96.7344,17.4353],[96.7735,17.3763],[96.7225,17.3474],[96.6924,17.3664],[96.6498,17.3383],[96.6683,17.2691],[96.6962,17.2479],[96.7086,17.2545],[96.6769,17.2675],[96.6854,17.3453],[96.725,17.3382],[96.8366,17.3809],[96.8401,17.3648],[96.8443,17.3762],[96.8597,17.3615],[96.856,17.3431],[96.863,17.3527],[96.9111,17.3215],[96.8907,17.3119],[96.9129,17.3049],[96.9024,17.2717],[96.8335,17.2052],[96.8487,17.2008],[96.8771,17.1123],[96.9001,17.0889],[96.9121,17.0177],[96.8737,16.911],[96.8383,16.9272],[96.8509,16.9591],[96.8346,16.9511],[96.8316,16.9194],[96.8552,16.8877],[96.8359,16.9046],[96.8251,16.8937],[96.8072,16.9106],[96.7967,16.9065],[96.8333,16.8788],[96.853,16.8372],[96.8078,16.7555],[96.7808,16.7818],[96.7746,16.7731],[96.8013,16.7397],[96.7713,16.6916],[96.5964,16.5366],[96.4938,16.5046],[96.3837,16.4966],[96.2847,16.5537],[96.2867,16.5918],[96.3336,16.6234],[96.4268,16.6076],[96.4699,16.6127],[96.3313,16.6287],[96.2874,16.6001],[96.2778,16.5775],[96.2638,16.6474],[96.2348,16.6789],[96.2228,16.7542],[96.3156,16.8334],[96.3456,16.8333],[96.3941,16.8594],[96.4084,16.8552],[96.4861,16.8699],[96.5119,16.8882],[96.4839,16.8731],[96.3948,16.864],[96.3244,16.8384],[96.32,16.869],[96.3477,16.9059],[96.3007,16.8637],[96.298,16.8408],[96.2776,16.8693],[96.3037,16.8261],[96.2035,16.7632],[96.1847,16.7765],[96.195,16.7898],[96.1915,16.7999],[96.2124,16.7983],[96.2246,16.8111],[96.2182,16.8412],[96.2089,16.8458],[96.2203,16.8109],[96.1917,16.8059],[96.1802,16.7767],[96.1973,16.7597],[96.1288,16.7711],[96.1207,16.8138],[96.1155,16.8122],[96.1319,16.7589],[96.119,16.7566],[96.1921,16.7409],[96.2157,16.6707],[96.2461,16.636],[96.2366,16.6078],[96.1735,16.5831],[96.1736,16.5163],[96.1926,16.4892],[96.1805,16.4874],[96.1754,16.4635],[96.1417,16.4537],[96.1628,16.4177],[96.0771,16.3572],[96.0173,16.3845],[95.9964,16.4107],[95.9121,16.4109],[95.9275,16.385],[95.9059,16.3295],[95.8912,16.2446],[95.7785,16.1291],[95.7544,16.1266],[95.7403,16.1452],[95.7269,16.264],[95.7096,16.2731],[95.7229,16.2566],[95.7382,16.1126],[95.6966,16.046],[95.6931,15.9992],[95.6483,15.9258],[95.5158,15.7881],[95.4264,15.7213],[95.358,15.7039],[95.2868,15.7187],[95.2704,15.8008],[95.2792,15.8463],[95.3045,15.8527],[95.2973,15.8621],[95.3195,15.8808],[95.3399,15.88],[95.3404,15.9022],[95.3479,15.8805],[95.3809,15.8721],[95.3989,15.8768],[95.4126,15.9057],[95.3871,15.8768],[95.3534,15.8849],[95.3388,15.9054],[95.3356,15.8829],[95.3225,15.8868],[95.2984,15.8701],[95.3478,15.9473],[95.364,16.0503],[95.3962,16.0616],[95.3628,16.0583],[95.3368,16.0993],[95.3705,16.1492],[95.3907,16.2396],[95.3144,16.1801],[95.3053,16.143],[95.3266,16.0873],[95.2792,16.0394],[95.2352,15.9326],[95.2101,15.8565],[95.2245,15.7932],[95.1768,15.7679],[95.1123,15.8061],[95.1257,15.9908],[95.1415,16.0255],[95.1896,16.0246],[95.1927,16.0799],[95.2671,16.1495],[95.1911,16.1138],[95.2079,16.1777],[95.1799,16.1374],[95.1526,16.1389],[95.165,16.1263],[95.1328,16.1239],[95.1442,16.168],[95.1293,16.2051],[95.1408,16.2315],[95.1236,16.2067],[95.1323,16.1672],[95.1198,16.1153],[95.0867,16.0923],[95.0561,16.0355],[95.0701,15.944],[95.037,15.8038],[95.0011,15.7787],[94.9868,15.7848],[94.9842,15.8484],[94.9821,15.76],[94.9391,15.7409],[94.8428,15.7733],[94.832,15.7955],[94.8893,15.8274],[94.8713,15.8954],[94.9508,15.9456],[94.9443,15.9536],[94.8637,15.8967],[94.873,15.8249],[94.845,15.8298],[94.8373,15.8467],[94.8501,15.8762],[94.8241,15.9493],[94.8619,16.0],[94.9145,16.0],[94.9218,16.0306],[94.9054,16.0747],[94.9333,16.0862],[94.9555,16.131],[95.0226,16.135],[95.0225,16.1603],[95.0557,16.1994],[95.0566,16.216],[95.0465,16.2391],[95.0693,16.2458],[95.1006,16.3006],[95.0652,16.2477],[95.0432,16.2457],[95.0479,16.1971],[95.0137,16.1616],[95.0162,16.1437],[94.9529,16.1388],[94.9304,16.0942],[94.903,16.083],[94.9154,16.0299],[94.8918,16.0061],[94.8785,16.0115],[94.8656,16.1351],[94.8888,16.1818],[94.9573,16.1962],[95.0257,16.2628],[95.0421,16.3097],[95.0649,16.3114],[95.0509,16.3127],[95.0505,16.3334],[95.0165,16.2669],[94.9522,16.211],[94.8727,16.1872],[94.8388,16.1108],[94.8497,16.0723],[94.8395,16.0663],[94.7987,15.989],[94.7995,15.9677],[94.7194,15.8505],[94.6856,15.8371],[94.634,15.8613],[94.6005,15.9203],[94.6697,15.9557],[94.7184,16.0],[94.7362,16.0636],[94.7845,16.0965],[94.763,16.1241],[94.7876,16.1316],[94.8071,16.1998],[94.8374,16.2115],[94.8529,16.2398],[94.8035,16.2062],[94.7764,16.1448],[94.7554,16.1316],[94.7516,16.0937],[94.7196,16.0669],[94.6841,16.0],[94.5696,15.929],[94.5501,15.966],[94.5608,15.9567],[94.5826,16.0],[94.6173,16.0191],[94.6846,16.1148],[94.6806,16.2026],[94.7209,16.2029],[94.7589,16.2373],[94.7395,16.2574],[94.7567,16.2809],[94.7336,16.2564],[94.7496,16.2377],[94.7262,16.2305],[94.7192,16.2091],[94.6748,16.2152],[94.6636,16.2472],[94.6981,16.2454],[94.7087,16.2549],[94.7058,16.2669],[94.6983,16.2493],[94.6636,16.2541],[94.6677,16.2693],[94.6827,16.2978]],[[70.8667,27.7069],[71.2258,27.8458],[71.6567,27.8838],[71.897,27.9626],[71.92,28.1208],[71.9922,28.2158],[72.1375,28.3253],[72.2066,28.4025],[72.2922,28.68],[72.3897,28.785],[72.7289,28.9536],[72.9446,29.0344],[72.9889,29.1419],[73.0864,29.2458],[73.2653,29.5531],[73.3975,29.9428],[73.5886,30.0203],[73.7989,30.0706],[73.9632,30.1897],[73.9472,30.2928],[73.915,30.3353],[73.8586,30.3603],[73.8725,30.3901],[73.9992,30.5106],[74.0489,30.5992],[74.1811,30.6917],[74.3075,30.8489],[74.4196,30.9158],[74.4706,30.966],[74.5022,30.9648],[74.5485,30.9928],[74.5584,31.0675],[74.6216,31.0253],[74.68,31.0568],[74.6718,31.1],[74.6125,31.1192],[74.5896,31.0795],[74.5573,31.076],[74.5227,31.1751],[74.5293,31.2217],[74.2301,31.0559],[73.8864,30.8242],[73.35,30.7008],[72.8537,30.5163],[72.5768,30.3791],[72.3113,30.221],[72.0586,30.0431],[71.7877,29.8166],[71.5079,29.5346],[71.2573,29.2264],[71.0383,28.895],[70.8656,28.5724],[70.6642,28.3236],[70.4734,28.0453],[70.5831,28.0067],[70.6636,27.9283],[70.6622,27.8634],[70.6728,27.8755],[70.6784,27.839],[70.7549,27.7214],[70.8667,27.7069]],[[79.3158,31.1324],[79.2965,31.2146],[79.2465,31.2444],[79.2188,31.3107],[79.2403,31.2442],[79.3158,31.1324]],[[80.2176,30.583],[80.2237,30.5974],[80.2142,30.5847],[80.2176,30.583]],[[78.9104,31.3183],[78.9524,31.3524],[78.937,31.3581],[78.9104,31.3183]],[[79.2233,31.3297],[79.227,31.3304],[79.219,31.338],[79.2233,31.3297]],[[79.151,31.403],[79.1623,31.3964],[79.1589,31.4012],[79.151,31.403]],[[79.0082,31.3978],[79.0869,31.4392],[79.1314,31.4146],[79.0722,31.4546],[79.0238,31.423],[79.0082,31.3978]],[[79.139,31.4101],[79.1371,31.4124],[79.132,31.4142],[79.139,31.4101]],[[78.7452,31.9986],[78.7711,31.9811],[78.769,31.9377],[78.7752,31.9863],[78.7452,31.9986]],[[78.6715,32.1203],[78.5968,32.1422],[78.5746,32.1815],[78.545,32.2091],[78.6028,32.1178],[78.6805,32.0353],[78.7351,32.0048],[78.6931,32.0355],[78.6905,32.0897],[78.6715,32.1203]],[[70.3986,23.0464],[70.4062,23.0505],[70.3996,23.0615],[70.3986,23.0464]],[[72.3004,22.2291],[72.3045,22.2284],[72.303,22.2311],[72.3004,22.2291]],[[72.6684,21.1542],[72.6736,21.1581],[72.6707,21.1568],[72.6684,21.1542]],[[72.8832,20.5168],[72.8861,20.5169],[72.8831,20.518],[72.8832,20.5168]],[[86.7632,20.3367],[86.8031,20.3666],[86.8049,20.3933],[86.7632,20.3367]],[[82.3623,16.829],[82.3686,16.8319],[82.3696,16.8403],[82.3623,16.829]],[[73.3559,16.5214],[73.3385,16.5554],[73.346,16.5293],[73.3559,16.5214]],[[73.3478,16.5129],[73.3521,16.517],[73.3477,16.5132],[73.3478,16.5129]],[[88.6289,21.7311],[88.6302,21.7314],[88.6288,21.7371],[88.6289,21.7311]]],[[[98.0,14.2877],[97.9679,14.3955],[98.0,14.4789],[98.0,14.2877]]],[[[62.8184,35.3109],[62.5794,35.226],[62.5184,35.2751],[62.4491,35.2832],[62.333,35.2146],[62.2782,35.2119],[62.2218,35.3084],[61.9695,35.4785],[61.874,35.5007],[61.8009,35.5533],[61.6342,35.7362],[61.6306,35.7812],[61.7388,35.8479],[61.7211,36.0344],[61.7698,36.2967],[61.7681,36.5271],[61.8566,36.8255],[61.9081,37.0655],[61.8762,37.1475],[61.8854,37.2814],[61.7829,37.4639],[61.6923,37.5656],[61.5602,37.6152],[61.4034,37.8806],[61.2725,37.9073],[61.1762,38.0],[63.1154,38.0],[63.1878,37.9226],[63.2304,37.7365],[63.1961,37.5499],[63.2119,37.2408],[63.2619,36.9197],[63.257,36.574],[63.2922,36.4015],[63.2314,36.1532],[63.2739,36.0443],[63.1888,35.8876],[63.1361,35.8404],[63.1686,35.7131],[63.15,35.6538],[63.0863,35.6106],[63.1183,35.4451],[63.0035,35.4314],[62.8184,35.3109]]]]}}