{"type":"Feature","properties":{"speciesId":620,"category":"LC","source":"IUCN Red List","simplifyTol":0.01,"clippedToSubcontinent":true},"geometry":{"type":"MultiPolygon","coordinates":[[[[95.387,4.8735],[95.3773,4.8558],[95.3642,4.8746],[95.387,4.8735]]],[[[97.5884,5.1511],[97.5765,5.1602],[97.5769,5.1653],[97.5884,5.1511]]],[[[95.1651,5.5484],[95.1456,5.5515],[95.1662,5.5611],[95.1651,5.5484]]],[[[95.2094,5.5765],[95.1773,5.5691],[95.1766,5.5707],[95.2094,5.5765]]],[[[95.0781,5.6323],[95.0535,5.6194],[95.0461,5.6207],[95.0502,5.6374],[95.0781,5.6323]]],[[[95.5221,5.5944],[95.5265,5.6109],[95.6132,5.6266],[95.6729,5.5857],[95.8291,5.5321],[95.879,5.5067],[95.8887,5.4537],[95.9291,5.4023],[96.049,5.327],[96.0735,5.2928],[96.1823,5.2636],[96.2587,5.2634],[96.3882,5.2148],[96.465,5.2376],[96.4908,5.2046],[96.5305,5.2024],[96.6139,5.2144],[96.7202,5.2559],[96.8273,5.2776],[96.8552,5.2774],[96.8303,5.2714],[96.8998,5.2516],[96.9753,5.2665],[97.0818,5.2327],[97.1448,5.2003],[97.1432,5.1623],[97.1981,5.1461],[97.4967,5.2537],[97.5137,5.2464],[97.5468,5.2151],[97.5273,5.2057],[97.57,5.1904],[97.5722,5.1386],[97.6017,5.1419],[97.611,5.1139],[97.6525,5.1197],[97.648,5.0751],[97.806,4.9341],[97.9015,4.8871],[97.934,4.808],[97.9619,4.7262],[97.9615,4.668],[97.9946,4.6349],[98.0,4.6047],[97.9604,4.5316],[97.9823,4.5447],[98.0,4.5268],[98.0,4.0],[96.2775,4.0],[96.1485,4.1406],[96.1249,4.128],[96.0536,4.206],[96.023,4.196],[95.7128,4.5268],[95.6081,4.6162],[95.5654,4.6262],[95.5834,4.6462],[95.5723,4.6567],[95.5387,4.6473],[95.4818,4.7609],[95.4119,4.8179],[95.4253,4.8339],[95.3756,4.9197],[95.3694,4.9459],[95.3817,4.9568],[95.3555,4.9993],[95.3623,5.0193],[95.3045,5.0793],[95.3152,5.0834],[95.3041,5.1067],[95.2825,5.1073],[95.3067,5.1271],[95.3055,5.1652],[95.2368,5.2204],[95.2503,5.2266],[95.2336,5.2472],[95.2385,5.2724],[95.2113,5.2699],[95.2156,5.3179],[95.2336,5.3195],[95.2223,5.3417],[95.2331,5.3582],[95.239,5.3385],[95.2483,5.3663],[95.2286,5.4272],[95.2409,5.4467],[95.2295,5.4922],[95.1897,5.5228],[95.2202,5.5705],[95.2424,5.5512],[95.2806,5.5506],[95.3247,5.5899],[95.3527,5.5887],[95.4314,5.6564],[95.4651,5.6437],[95.4974,5.5988],[95.5221,5.5944]]],[[[98.0,4.6171],[97.998,4.6246],[98.0,4.6279],[98.0,4.6171]]],[[[95.1864,5.6057],[95.1411,5.5871],[95.1356,5.6045],[95.1213,5.5914],[95.1137,5.6084],[95.1404,5.6576],[95.1864,5.6057]]],[[[95.0694,5.7448],[95.0764,5.722],[95.1219,5.6951],[95.1341,5.663],[95.0728,5.6668],[95.0462,5.6464],[95.0602,5.6681],[95.0418,5.6688],[95.0586,5.6868],[95.0399,5.7078],[95.0581,5.7165],[95.0456,5.7323],[95.0093,5.725],[95.0293,5.7484],[95.0694,5.7448]]],[[[95.2152,5.9044],[95.2949,5.837],[95.2997,5.8668],[95.3217,5.8814],[95.313,5.8913],[95.3331,5.8926],[95.3736,5.847],[95.3742,5.8025],[95.3454,5.8252],[95.3354,5.773],[95.2859,5.778],[95.2549,5.8439],[95.218,5.8746],[95.2152,5.9044]]],[[[93.7185,7.2117],[93.7113,7.2013],[93.7058,7.2258],[93.7185,7.2117]]],[[[93.8348,7.2369],[93.8821,7.197],[93.897,7.0791],[93.9251,7.0201],[93.9547,6.9984],[93.9206,6.9981],[93.95,6.9522],[93.9282,6.9466],[93.924,6.9097],[93.9074,6.8998],[93.9004,6.8466],[93.9191,6.8288],[93.9137,6.8025],[93.8934,6.7908],[93.8853,6.8065],[93.8663,6.8033],[93.8398,6.7471],[93.8175,6.7601],[93.8268,6.8034],[93.7974,6.8258],[93.8052,6.8429],[93.7851,6.8659],[93.7998,6.8743],[93.773,6.9125],[93.7605,6.9036],[93.7512,6.9152],[93.7477,6.9585],[93.6883,7.0176],[93.6598,7.0112],[93.6711,7.0319],[93.6573,7.0934],[93.6718,7.1099],[93.6536,7.12],[93.678,7.1442],[93.6724,7.1738],[93.6879,7.1853],[93.7329,7.1823],[93.7622,7.2069],[93.8033,7.1959],[93.8043,7.2255],[93.8348,7.2369]]],[[[93.7108,7.3892],[93.746,7.3621],[93.7339,7.3215],[93.6705,7.2797],[93.6453,7.2408],[93.6147,7.3039],[93.6295,7.3143],[93.6236,7.3688],[93.6613,7.3675],[93.702,7.3899],[93.6946,7.4414],[93.7108,7.3892]]],[[[79.8229,7.9447],[79.8199,7.9542],[79.822,7.9553],[79.8229,7.9447]]],[[[93.4042,8.0017],[93.4055,7.9631],[93.4593,7.9299],[93.4641,7.8666],[93.4193,7.899],[93.382,7.8756],[93.3568,7.8827],[93.3456,7.9032],[93.3617,7.9295],[93.3457,7.943],[93.3299,7.9122],[93.3151,7.9387],[93.3343,8.0054],[93.3713,8.0189],[93.4042,8.0017]]],[[[93.5263,8.0229],[93.5448,7.9988],[93.5413,8.0197],[93.5585,8.0212],[93.5755,7.9936],[93.5728,7.9256],[93.5072,7.98],[93.5263,8.0229]]],[[[93.5817,8.1185],[93.5964,8.0474],[93.5871,8.0374],[93.5698,8.0591],[93.5712,8.0722],[93.5845,8.0634],[93.5689,8.0914],[93.5767,8.112],[93.559,8.1088],[93.5605,8.1196],[93.5817,8.1185]]],[[[79.8083,8.166],[79.8027,8.1732],[79.8052,8.174],[79.8083,8.166]]],[[[93.5349,8.1763],[93.513,8.1811],[93.4996,8.1446],[93.5464,8.0824],[93.5445,8.0392],[93.5269,8.0471],[93.5052,8.0296],[93.4994,7.9924],[93.484,8.0109],[93.4839,8.0886],[93.4623,8.1053],[93.4713,8.1206],[93.4564,8.1165],[93.4513,8.1697],[93.4878,8.1987],[93.4908,8.2198],[93.5188,8.2298],[93.5382,8.2269],[93.5349,8.1763]]],[[[93.221,8.2279],[93.1996,8.2409],[93.2058,8.2633],[93.2216,8.2491],[93.221,8.2279]]],[[[79.7844,8.2605],[79.7777,8.261],[79.7791,8.2723],[79.7844,8.2605]]],[[[79.8009,8.2925],[79.7926,8.2999],[79.7966,8.3042],[79.8009,8.2925]]],[[[79.8078,8.3169],[79.8009,8.3335],[79.8028,8.3366],[79.8047,8.3357],[79.8078,8.3169]]],[[[93.1143,8.3577],[93.1148,8.275],[93.1821,8.2281],[93.1834,8.201],[93.1097,8.2255],[93.0744,8.2767],[93.0828,8.3384],[93.1143,8.3577]]],[[[79.7939,8.368],[79.7868,8.3829],[79.7887,8.3867],[79.7958,8.3849],[79.7939,8.368]]],[[[93.6378,8.391],[93.6287,8.3867],[93.6256,8.3915],[93.6378,8.391]]],[[[93.0391,8.441],[93.0237,8.4516],[93.0301,8.471],[93.0422,8.4652],[93.0391,8.441]]],[[[97.6488,8.4826],[97.6391,8.4771],[97.6319,8.487],[97.6488,8.4826]]],[[[97.6412,8.506],[97.6336,8.5047],[97.6299,8.5139],[97.6412,8.506]]],[[[79.7896,8.408],[79.7756,8.4782],[79.7801,8.526],[79.7777,8.4911],[79.7896,8.408]]],[[[81.2153,8.5394],[81.2059,8.54],[81.2108,8.5453],[81.2153,8.5394]]],[[[97.6298,8.5527],[97.6266,8.5674],[97.6349,8.5637],[97.6298,8.5527]]],[[[93.6254,8.4637],[93.6118,8.4665],[93.6052,8.4193],[93.5951,8.5693],[93.6254,8.4637]]],[[[97.6375,8.5899],[97.6308,8.5955],[97.6331,8.5957],[97.6375,8.5899]]],[[[97.6449,8.615],[97.6279,8.6523],[97.6409,8.6612],[97.645,8.6529],[97.6449,8.615]]],[[[97.6446,8.6708],[97.6354,8.666],[97.6319,8.669],[97.6446,8.6708]]],[[[97.8076,8.8264],[97.8006,8.8182],[97.7981,8.82],[97.8076,8.8264]]],[[[92.8519,8.8165],[92.8485,8.8282],[92.8608,8.8389],[92.8607,8.8302],[92.8519,8.8165]]],[[[79.9145,8.9439],[79.9039,8.9383],[79.9131,8.9481],[79.9145,8.9439]]],[[[79.923,8.8973],[79.888,8.9431],[79.8849,8.9512],[79.9086,8.9236],[79.923,8.8973]]],[[[79.9038,8.945],[79.8909,8.9525],[79.9027,8.9553],[79.9038,8.945]]],[[[79.6883,9.071],[79.689,9.075],[79.6993,9.0734],[79.6883,9.071]]],[[[97.8194,9.0489],[97.8102,9.0609],[97.8151,9.0784],[97.8233,9.062],[97.8194,9.0489]]],[[[79.6983,9.1014],[79.8586,9.0731],[79.9283,9.0085],[79.8576,9.0564],[79.9232,8.9722],[79.889,8.958],[79.8163,9.0326],[79.7004,9.0805],[79.6983,9.1014]]],[[[92.8047,9.2164],[92.8203,9.1354],[92.7964,9.1204],[92.768,9.1213],[92.7825,9.1266],[92.7737,9.1384],[92.7236,9.1216],[92.7166,9.216],[92.7605,9.2171],[92.7668,9.2593],[92.8047,9.2164]]],[[[80.0034,9.2659],[79.9981,9.2817],[80.0026,9.2875],[80.0067,9.2814],[80.0034,9.2659]]],[[[79.9918,9.2845],[79.971,9.2862],[79.9843,9.3061],[79.9872,9.3044],[79.9918,9.2845]]],[[[80.0916,9.3117],[80.0807,9.3119],[80.0761,9.3176],[80.0916,9.3117]]],[[[80.0607,9.3299],[80.0543,9.3392],[80.0579,9.3456],[80.0607,9.3299]]],[[[97.8771,9.3718],[97.8671,9.3691],[97.875,9.3762],[97.8771,9.3718]]],[[[97.8645,9.4351],[97.8668,9.4137],[97.8894,9.3845],[97.839,9.421],[97.8645,9.4351]]],[[[97.8293,9.4279],[97.824,9.4346],[97.83,9.4362],[97.8293,9.4279]]],[[[97.8899,9.484],[97.9106,9.4382],[97.8783,9.4595],[97.8839,9.4289],[97.8463,9.4465],[97.8604,9.4531],[97.8528,9.4724],[97.8899,9.484]]],[[[80.0129,9.4664],[80.0055,9.4812],[80.0059,9.4858],[80.0189,9.477],[80.0129,9.4664]]],[[[79.6916,9.5207],[79.7251,9.5226],[79.7271,9.4799],[79.6604,9.5007],[79.653,9.5535],[79.6746,9.5497],[79.6916,9.5207]]],[[[79.7995,9.5898],[79.794,9.5846],[79.7955,9.5892],[79.7995,9.5898]]],[[[79.8336,9.6055],[79.8273,9.6121],[79.8372,9.6099],[79.8336,9.6055]]],[[[79.8466,9.6175],[79.8431,9.6077],[79.8415,9.613],[79.8466,9.6175]]],[[[79.7733,9.5849],[79.7619,9.5986],[79.7722,9.6206],[79.7757,9.6141],[79.7733,9.5849]]],[[[79.8325,9.5865],[79.8639,9.6054],[79.8582,9.568],[79.8082,9.5772],[79.8102,9.6223],[79.8325,9.5865]]],[[[79.9989,9.6005],[79.9864,9.5962],[79.9663,9.6074],[79.9863,9.6088],[79.9993,9.6302],[79.9989,9.6005]]],[[[79.8648,9.6259],[79.8559,9.6243],[79.8543,9.6348],[79.8648,9.6259]]],[[[97.9699,9.6374],[97.9812,9.6199],[97.9709,9.6004],[97.9537,9.6324],[97.9699,9.6374]]],[[[80.0064,9.6328],[79.9936,9.6407],[79.9973,9.6451],[80.0,9.6437],[80.0064,9.6328]]],[[[80.0129,9.6428],[80.0071,9.6431],[80.0065,9.645],[80.0129,9.6428]]],[[[97.9119,9.6751],[97.904,9.6738],[97.911,9.6816],[97.9119,9.6751]]],[[[79.7759,9.6457],[79.7643,9.6596],[79.7832,9.6837],[79.7849,9.6647],[79.7759,9.6457]]],[[[79.7956,9.6829],[79.7918,9.6851],[79.7943,9.687],[79.7956,9.6829]]],[[[79.8513,9.6993],[79.8868,9.6968],[79.9108,9.6559],[79.9085,9.6712],[79.9334,9.6776],[79.9271,9.6624],[79.9831,9.6203],[79.9701,9.6115],[79.9249,9.6329],[79.9068,9.6135],[79.8743,9.6348],[79.8766,9.6666],[79.8611,9.6582],[79.8513,9.6993]]],[[[79.8128,9.6842],[79.8091,9.6937],[79.815,9.7137],[79.8122,9.6974],[79.8128,9.6842]]],[[[79.8964,9.7559],[79.8922,9.7076],[79.8562,9.7099],[79.8644,9.7594],[79.8964,9.7559]]],[[[80.2386,9.8235],[80.3657,9.6603],[80.8117,9.2909],[80.8841,9.1219],[81.0005,8.9388],[80.993,8.918],[81.0102,8.929],[81.013,8.8911],[81.021,8.9048],[81.0589,8.8595],[81.0875,8.8584],[81.1048,8.8126],[81.2267,8.6475],[81.2208,8.6062],[81.2298,8.581],[81.2451,8.5793],[81.2471,8.5458],[81.2257,8.5323],[81.2261,8.5695],[81.1927,8.5665],[81.2119,8.5077],[81.1896,8.5018],[81.1977,8.4615],[81.2624,8.4569],[81.304,8.4326],[81.304,8.4583],[81.2958,8.4465],[81.2809,8.4568],[81.2831,8.5032],[81.3222,8.5224],[81.353,8.4909],[81.3937,8.3567],[81.4077,8.2419],[81.4769,8.0343],[81.5686,7.9227],[81.5874,7.921],[81.5671,7.8981],[81.593,7.83],[81.6268,7.8247],[81.6544,7.7729],[81.6999,7.7536],[81.7713,7.6448],[81.8718,7.3159],[81.8586,7.0907],[81.8813,7.0267],[81.8704,6.9789],[81.8489,6.9896],[81.8577,6.9672],[81.8729,6.9669],[81.8364,6.8853],[81.8518,6.8884],[81.8482,6.8675],[81.8397,6.8542],[81.8211,6.8621],[81.8444,6.8344],[81.8233,6.8088],[81.8249,6.7653],[81.8084,6.7647],[81.8279,6.7586],[81.7759,6.6639],[81.7664,6.592],[81.7324,6.5669],[81.7003,6.482],[81.6518,6.4367],[81.5973,6.4241],[81.6135,6.4056],[81.56,6.3612],[81.522,6.3525],[81.4869,6.3055],[81.3285,6.1945],[81.2222,6.1589],[81.1946,6.1576],[81.197,6.1776],[81.178,6.1441],[81.1336,6.1174],[81.0167,6.1071],[80.8659,6.0408],[80.8255,6.0415],[80.7202,5.9607],[80.6641,5.9575],[80.5868,5.9168],[80.5532,5.9411],[80.4489,5.9431],[80.4522,5.9588],[80.4357,5.969],[80.4179,5.955],[80.3828,5.9595],[80.2442,6.0069],[80.2285,6.0351],[80.2186,6.022],[80.0986,6.1289],[80.0314,6.2656],[80.0357,6.2982],[80.0,6.4245],[79.9746,6.464],[79.9866,6.4771],[79.9796,6.5149],[79.8687,6.8057],[79.8431,6.9333],[79.8712,6.9756],[79.869,7.0027],[79.819,7.1934],[79.8592,7.2756],[79.8445,7.2761],[79.8027,7.4826],[79.7977,7.7275],[79.7513,7.9316],[79.7065,8.0445],[79.699,8.1154],[79.7095,8.1343],[79.6984,8.2138],[79.7179,8.2167],[79.7381,8.28],[79.7812,8.3497],[79.7563,8.3071],[79.7511,8.2617],[79.7655,8.2739],[79.7573,8.2571],[79.7766,8.2541],[79.7688,8.2156],[79.7404,8.2008],[79.7492,8.183],[79.7316,8.0868],[79.7541,8.0582],[79.7426,8.0],[79.8186,7.9718],[79.8082,7.8839],[79.8265,7.9206],[79.834,8.0071],[79.7896,8.0682],[79.8086,8.0611],[79.7948,8.0792],[79.8338,8.1396],[79.8154,8.2037],[79.7946,8.2203],[79.8095,8.2174],[79.7897,8.2301],[79.8101,8.2374],[79.8342,8.2919],[79.8476,8.2742],[79.8584,8.2845],[79.8362,8.3011],[79.8445,8.4289],[79.8632,8.4496],[79.8709,8.5352],[79.9263,8.559],[79.9193,8.5846],[79.9414,8.6155],[79.9558,8.7174],[79.9248,8.7907],[79.9401,8.8068],[79.9184,8.8083],[79.9307,8.8147],[79.919,8.8188],[79.9358,8.8913],[79.9123,8.9299],[80.0403,9.0133],[80.0661,9.0562],[80.0857,9.0999],[80.0761,9.1203],[80.1173,9.2072],[80.1116,9.2768],[80.1278,9.2906],[80.0676,9.3288],[80.0549,9.3914],[80.1466,9.4347],[80.1861,9.4827],[80.1461,9.5362],[80.054,9.5979],[80.0876,9.6249],[80.0176,9.6509],[79.971,9.7077],[79.948,9.6871],[79.9099,9.7587],[79.9528,9.7921],[80.0224,9.8126],[80.1056,9.8059],[80.2147,9.8314],[80.2386,9.8235]]],[[[97.9959,10.0303],[97.9857,10.0312],[97.9923,10.0489],[97.9959,10.0303]]],[[[97.9784,10.0757],[97.9874,10.0526],[97.9745,10.0748],[97.9784,10.0757]]],[[[97.9329,10.1523],[97.92,10.1463],[97.9133,10.1516],[97.9161,10.1553],[97.9329,10.1523]]],[[[97.9835,10.1325],[97.9731,10.1413],[97.9601,10.1236],[97.9814,10.1764],[97.9835,10.1325]]],[[[97.8819,10.2026],[97.876,10.1897],[97.8737,10.2003],[97.8819,10.2026]]],[[[98.0,10.3201],[97.9882,10.3267],[98.0,10.3565],[98.0,10.3201]]],[[[97.9718,10.3521],[97.9674,10.3544],[97.9723,10.3615],[97.9718,10.3521]]],[[[97.9439,10.3462],[97.9419,10.3598],[97.9521,10.3678],[97.9439,10.3462]]],[[[97.9507,10.3959],[97.9396,10.4023],[97.9455,10.4061],[97.9507,10.3959]]],[[[97.9655,10.4069],[97.9541,10.4173],[97.96,10.4338],[97.9637,10.4326],[97.9655,10.4069]]],[[[97.6887,10.4591],[97.6794,10.4619],[97.6889,10.4663],[97.6887,10.4591]]],[[[97.909,10.4651],[97.9494,10.4738],[97.9352,10.4563],[97.9474,10.4528],[97.9458,10.4198],[97.9207,10.4268],[97.9132,10.4151],[97.9425,10.4116],[97.9155,10.3923],[97.8986,10.3965],[97.8941,10.4605],[97.9124,10.4938],[97.909,10.4651]]],[[[97.9217,10.5131],[97.8957,10.5024],[97.9208,10.5161],[97.9217,10.5131]]],[[[98.0,10.5605],[97.9915,10.537],[97.9451,10.5591],[97.9812,10.5704],[98.0,10.5605]]],[[[97.9961,10.8404],[97.9913,10.8487],[97.9957,10.8498],[97.9961,10.8404]]],[[[97.9996,10.8825],[98.0,10.8828],[98.0,10.8814],[97.9996,10.8825]]],[[[92.5396,10.8671],[92.5491,10.8035],[92.5764,10.7793],[92.5689,10.7433],[92.5828,10.7018],[92.5793,10.6721],[92.5594,10.6676],[92.5655,10.6512],[92.5231,10.6121],[92.5228,10.5895],[92.5511,10.5747],[92.5103,10.5126],[92.4776,10.5082],[92.4121,10.5461],[92.3599,10.5307],[92.4001,10.6138],[92.3897,10.6486],[92.3643,10.6684],[92.36,10.7812],[92.3972,10.7866],[92.4129,10.8212],[92.4438,10.8362],[92.446,10.8639],[92.4832,10.8872],[92.5064,10.8952],[92.5396,10.8671]]],[[[97.9464,10.9285],[97.9559,10.9027],[97.9448,10.867],[97.9226,10.8695],[97.8877,10.8415],[97.8927,10.8661],[97.9101,10.8674],[97.8944,10.8946],[97.9043,10.9151],[97.9267,10.9327],[97.9464,10.9285]]],[[[92.6257,10.9272],[92.6153,10.9263],[92.6168,10.9335],[92.6257,10.9272]]],[[[92.244,10.9779],[92.2173,10.9743],[92.2292,10.9837],[92.244,10.9779]]],[[[92.6794,10.9812],[92.6691,10.9785],[92.6706,10.9868],[92.6794,10.9812]]],[[[92.6905,11.1738],[92.6797,11.1812],[92.6836,11.1852],[92.6905,11.1738]]],[[[97.932,11.2718],[97.9241,11.275],[97.9321,11.277],[97.932,11.2718]]],[[[92.7064,11.2431],[92.7047,11.281],[92.7183,11.2893],[92.718,11.261],[92.7064,11.2431]]],[[[92.7326,11.3128],[92.7304,11.3194],[92.733,11.3199],[92.7326,11.3128]]],[[[97.9996,11.3836],[97.9922,11.3983],[97.999,11.4087],[98.0,11.4051],[97.9996,11.3836]]],[[[97.9995,11.4354],[97.9809,11.4361],[97.9723,11.4422],[98.0,11.4487],[97.9995,11.4354]]],[[[92.6507,11.5061],[92.6874,11.4719],[92.6976,11.4352],[92.6624,11.4038],[92.7013,11.3901],[92.7041,11.3741],[92.6781,11.3536],[92.6151,11.3453],[92.5979,11.3683],[92.6072,11.3984],[92.6359,11.4002],[92.6249,11.4622],[92.6507,11.5061]]],[[[92.6173,11.5249],[92.6127,11.5205],[92.6158,11.5313],[92.6173,11.5249]]],[[[92.5744,11.5125],[92.562,11.5284],[92.567,11.535],[92.5782,11.522],[92.5744,11.5125]]],[[[92.6313,11.5518],[92.6231,11.5301],[92.6206,11.5554],[92.6313,11.5518]]],[[[92.607,11.5278],[92.5951,11.5448],[92.6014,11.5723],[92.6071,11.5669],[92.607,11.5278]]],[[[92.614,11.5691],[92.6272,11.5762],[92.6237,11.56],[92.614,11.5691]]],[[[92.2167,11.5804],[92.2827,11.5696],[92.2843,11.5171],[92.23,11.5263],[92.2167,11.5804]]],[[[92.5466,11.6005],[92.5802,11.5851],[92.575,11.5712],[92.5413,11.5502],[92.5466,11.6005]]],[[[97.5107,11.6427],[97.5009,11.6388],[97.5098,11.645],[97.5107,11.6427]]],[[[92.7737,11.6698],[92.7687,11.6757],[92.7773,11.6786],[92.7737,11.6698]]],[[[93.0987,11.7832],[93.0878,11.778],[93.0876,11.7865],[93.0987,11.7832]]],[[[97.4988,11.7733],[97.4677,11.7701],[97.4402,11.8008],[97.4764,11.7938],[97.4988,11.7733]]],[[[97.4982,11.806],[97.5283,11.813],[97.5285,11.7808],[97.4993,11.7818],[97.4781,11.8145],[97.4977,11.8179],[97.4982,11.806]]],[[[97.6691,11.8226],[97.6649,11.8108],[97.6479,11.8162],[97.6691,11.8226]]],[[[97.4725,11.8145],[97.4711,11.8256],[97.4739,11.826],[97.4725,11.8145]]],[[[93.0198,11.8443],[93.0815,11.8387],[93.0682,11.8095],[93.0214,11.8266],[93.0198,11.8443]]],[[[97.6752,11.8304],[97.6422,11.8705],[97.6742,11.8987],[97.6905,11.8764],[97.6752,11.8304]]],[[[92.6142,11.908],[92.6079,11.9095],[92.615,11.9156],[92.6142,11.908]]],[[[92.7388,11.9356],[92.7362,11.9478],[92.7436,11.9543],[92.7388,11.9356]]],[[[92.7595,11.9398],[92.7483,11.953],[92.7713,11.9617],[92.7741,11.949],[92.7595,11.9398]]],[[[97.9996,11.9566],[97.9753,11.9511],[97.9697,11.9569],[97.9915,11.9697],[97.9996,11.9566]]],[[[92.6142,11.9227],[92.6001,11.9685],[92.6022,11.9718],[92.6155,11.9568],[92.6142,11.9227]]],[[[92.7655,11.9855],[92.7473,11.9726],[92.7453,11.9802],[92.7655,11.9855]]],[[[97.9311,11.9989],[97.9226,11.9877],[97.9231,12.0011],[97.9311,11.9989]]],[[[92.7799,11.991],[92.7686,11.9989],[92.7732,12.0045],[92.7786,12.0034],[92.7799,11.991]]],[[[97.7537,11.9989],[97.7415,11.9906],[97.7355,12.0086],[97.7537,11.9989]]],[[[97.9849,12.0243],[97.9935,12.0019],[97.9683,12.014],[97.9849,12.0243]]],[[[92.9813,12.0303],[92.9881,12.0428],[93.0139,12.0238],[93.0625,11.8912],[93.0508,11.8777],[93.0067,11.9381],[93.0172,11.9428],[92.987,11.9429],[92.9709,11.976],[92.9368,11.9903],[92.9734,12.0447],[92.9813,12.0303]]],[[[97.791,12.0462],[97.7688,12.0359],[97.7609,12.0447],[97.7824,12.0519],[97.791,12.0462]]],[[[97.9443,12.0419],[97.9397,12.0445],[97.9451,12.0527],[97.9443,12.0419]]],[[[97.6528,12.0075],[97.6522,12.0374],[97.6875,12.0546],[97.6828,12.0424],[97.6528,12.0075]]],[[[97.6498,12.0561],[97.6463,12.036],[97.6342,12.0365],[97.6354,12.057],[97.6498,12.0561]]],[[[97.9533,12.058],[97.9829,12.0531],[97.9626,12.0469],[97.9627,12.0244],[97.9533,12.058]]],[[[97.9784,12.0812],[97.9737,12.0957],[97.9763,12.1033],[97.9849,12.0936],[97.9784,12.0812]]],[[[92.9711,12.0999],[93.0127,12.1002],[93.0059,12.0424],[92.9701,12.0739],[92.9842,12.0892],[92.9711,12.0999]]],[[[92.9649,12.0961],[92.9562,12.0859],[92.9584,12.1064],[92.9649,12.0961]]],[[[97.9973,12.0954],[97.9887,12.1039],[97.9897,12.1104],[98.0,12.1081],[97.9973,12.0954]]],[[[97.9746,12.1048],[97.9682,12.1183],[97.9735,12.1183],[97.9746,12.1048]]],[[[97.9811,12.13],[97.9746,12.1261],[97.9748,12.1337],[97.9811,12.13]]],[[[98.0,12.1232],[97.9979,12.1287],[97.9992,12.1421],[98.0,12.1232]]],[[[93.1274,12.1239],[93.1209,12.1379],[93.1316,12.1435],[93.1332,12.1336],[93.1274,12.1239]]],[[[93.0088,12.1154],[92.9766,12.1138],[92.9656,12.1412],[92.9963,12.141],[93.0088,12.1154]]],[[[97.7462,12.1425],[97.748,12.1239],[97.7271,12.1025],[97.7141,12.1348],[97.7462,12.1425]]],[[[93.0531,12.0439],[93.0199,12.0787],[93.0136,12.1251],[93.0371,12.1643],[93.0437,12.0958],[93.0594,12.0767],[93.0531,12.0439]]],[[[93.0959,12.1867],[93.0986,12.095],[93.0803,12.0828],[93.0465,12.1297],[93.0765,12.2052],[93.0959,12.1867]]],[[[92.9508,12.1922],[92.9374,12.2129],[92.9494,12.2223],[92.9508,12.1922]]],[[[97.9377,12.2073],[97.927,12.2312],[97.9324,12.2427],[97.9398,12.2287],[97.9377,12.2073]]],[[[92.8771,12.2441],[92.8699,12.2417],[92.8752,12.2468],[92.8771,12.2441]]],[[[97.877,12.2434],[97.8679,12.242],[97.8756,12.2468],[97.877,12.2434]]],[[[92.9053,12.2502],[92.9212,12.2203],[92.8974,12.2276],[92.8875,12.2058],[92.8811,12.2404],[92.8957,12.2347],[92.9053,12.2502]]],[[[93.095,12.233],[93.1097,12.2553],[93.1097,12.2038],[93.1008,12.2209],[93.0715,12.224],[93.0807,12.2561],[93.095,12.233]]],[[[93.0381,12.2726],[93.0289,12.2743],[93.0371,12.2788],[93.0381,12.2726]]],[[[93.8685,12.2555],[93.8476,12.2599],[93.8523,12.2802],[93.8725,12.2784],[93.8685,12.2555]]],[[[97.9554,12.2751],[97.9431,12.2818],[97.96,12.2939],[97.9554,12.2751]]],[[[97.9698,12.2971],[97.9653,12.2893],[97.9675,12.2969],[97.9698,12.2971]]],[[[97.8671,12.2991],[97.8858,12.2931],[97.8635,12.28],[97.8671,12.2991]]],[[[97.7723,12.2629],[97.777,12.2806],[97.8035,12.3017],[97.7985,12.2759],[97.7723,12.2629]]],[[[92.9443,12.3033],[92.9511,12.2681],[92.9318,12.2283],[92.9315,12.2658],[92.912,12.2706],[92.9141,12.2851],[92.9385,12.2811],[92.9443,12.3033]]],[[[92.9286,12.3495],[92.9171,12.3404],[92.9253,12.3532],[92.9286,12.3495]]],[[[97.9945,12.2796],[97.9813,12.3091],[97.9605,12.3213],[97.9453,12.3129],[97.9786,12.3388],[97.9686,12.3623],[97.9426,12.3311],[97.9567,12.3773],[97.9746,12.3869],[97.9765,12.3649],[98.0,12.3864],[97.9945,12.2796]]],[[[92.9665,12.4313],[92.943,12.3576],[92.9268,12.3624],[92.9448,12.4177],[92.9665,12.4313]]],[[[97.824,12.4268],[97.8198,12.4436],[97.8255,12.4728],[97.8371,12.4348],[97.824,12.4268]]],[[[97.795,12.5089],[97.8109,12.5042],[97.8027,12.4964],[97.795,12.5089]]],[[[92.6943,12.5319],[92.6806,12.5209],[92.6825,12.5357],[92.6943,12.5319]]],[[[97.8449,12.5994],[97.882,12.5668],[97.8529,12.539],[97.8266,12.5836],[97.8444,12.5842],[97.8449,12.5994]]],[[[97.8639,12.6069],[97.8515,12.606],[97.8555,12.6136],[97.8639,12.6069]]],[[[97.8616,12.6209],[97.882,12.622],[97.8634,12.6145],[97.8616,12.6209]]],[[[92.7323,12.7769],[92.7289,12.7694],[92.7277,12.7849],[92.7323,12.7769]]],[[[97.8716,12.8064],[97.8794,12.7659],[97.8403,12.7762],[97.8385,12.8003],[97.8557,12.8093],[97.8456,12.8203],[97.8716,12.8064]]],[[[92.7319,12.7436],[92.7257,12.7518],[92.7185,12.7176],[92.7034,12.7966],[92.7203,12.8309],[92.7319,12.7436]]],[[[92.7339,12.8589],[92.7145,12.837],[92.7335,12.8663],[92.7339,12.8589]]],[[[92.7636,12.8946],[92.7568,12.8924],[92.764,12.9096],[92.7636,12.8946]]],[[[92.8076,12.9003],[92.7941,12.8911],[92.7835,12.9089],[92.7977,12.9149],[92.8076,12.9003]]],[[[92.7841,12.929],[92.7792,12.9305],[92.7805,12.9337],[92.7841,12.929]]],[[[92.8664,12.9297],[92.8927,12.9321],[92.8974,12.9269],[92.88,12.9174],[92.8664,12.9297]]],[[[92.9668,12.9465],[92.9727,12.9422],[92.9571,12.9376],[92.9668,12.9465]]],[[[92.7095,12.9909],[92.7287,12.9772],[92.7264,12.8743],[92.7016,12.8373],[92.6855,12.8366],[92.6952,12.8158],[92.6762,12.7865],[92.6596,12.8587],[92.6862,12.9395],[92.6758,12.9594],[92.7095,12.9909]]],[[[93.0111,12.9971],[92.9941,12.9536],[92.986,12.9332],[92.9602,12.9777],[92.9697,12.9873],[92.9796,12.9702],[93.0111,12.9971]]],[[[92.9368,13.023],[92.9474,13.0167],[92.948,12.9944],[92.927,13.0044],[92.9368,13.023]]],[[[92.7323,13.0953],[92.7197,13.0873],[92.7121,13.0669],[92.7062,13.0979],[92.7323,13.0953]]],[[[93.0301,13.3005],[93.0238,13.3123],[93.0272,13.327],[93.0326,13.3235],[93.0301,13.3005]]],[[[92.8227,13.411],[92.8168,13.3987],[92.8175,13.4148],[92.8227,13.411]]],[[[93.1009,13.4038],[93.0957,13.4058],[93.0991,13.4148],[93.1009,13.4038]]],[[[93.0809,13.4061],[93.0766,13.4155],[93.0816,13.4224],[93.0826,13.4199],[93.0809,13.4061]]],[[[93.1145,13.4247],[93.1044,13.4276],[93.1067,13.4317],[93.1145,13.4247]]],[[[92.8481,13.4236],[92.8281,13.4276],[92.8483,13.4385],[92.8481,13.4236]]],[[[94.2985,13.4506],[94.2921,13.4198],[94.2796,13.4215],[94.2766,13.4353],[94.2985,13.4506]]],[[[92.8819,13.5064],[92.8751,13.5027],[92.8783,13.5107],[92.8819,13.5064]]],[[[93.0313,13.5727],[93.0498,13.4811],[93.0294,13.4602],[93.0418,13.4316],[93.0313,13.4264],[93.0571,13.3998],[93.071,13.4117],[93.0776,13.3959],[93.057,13.3699],[93.068,13.3762],[93.0973,13.3308],[93.0743,13.2994],[93.0674,13.3212],[93.0493,13.3208],[93.0551,13.3434],[93.0489,13.3622],[93.0492,13.3458],[93.0125,13.3479],[92.997,13.3327],[93.0011,13.3111],[93.0174,13.3157],[93.0297,13.2917],[93.0187,13.2773],[93.0525,13.2773],[93.0538,13.2552],[93.0699,13.2607],[93.0423,13.1752],[93.0383,13.0638],[93.0155,13.0284],[92.9744,13.0348],[92.9736,13.0111],[92.9476,13.0372],[92.9494,13.0607],[92.9259,13.0594],[92.9073,13.0177],[92.9283,12.9817],[92.943,12.9855],[92.9417,12.9625],[92.9166,12.947],[92.9054,12.9924],[92.8815,12.9386],[92.8633,12.9354],[92.861,12.9163],[92.8832,12.9081],[92.8818,12.8933],[92.9045,12.8971],[92.9053,12.9217],[92.93,12.9108],[92.9119,12.8845],[92.9347,12.8837],[92.9546,12.8349],[92.9607,12.804],[92.9438,12.7715],[92.9701,12.7532],[92.9867,12.7118],[92.972,12.7042],[92.963,12.6164],[92.9835,12.5448],[92.9782,12.4943],[92.9701,12.4848],[92.9547,12.4977],[92.9416,12.4653],[92.9618,12.4752],[92.9643,12.4645],[92.9267,12.4451],[92.9264,12.4034],[92.8901,12.3769],[92.8818,12.3519],[92.8989,12.3484],[92.9081,12.329],[92.8886,12.3331],[92.9085,12.3179],[92.8681,12.3118],[92.8931,12.2807],[92.8963,12.2556],[92.8665,12.2446],[92.8891,12.1885],[92.8597,12.2015],[92.8575,12.1639],[92.8281,12.1586],[92.8124,12.1299],[92.8178,12.1007],[92.8049,12.1042],[92.8001,12.0811],[92.77,12.0633],[92.7686,12.0479],[92.793,12.0402],[92.7888,12.0238],[92.7489,12.035],[92.7412,12.0183],[92.7649,11.997],[92.7344,11.9874],[92.7453,11.964],[92.7282,11.9525],[92.7249,11.9246],[92.7887,11.9361],[92.7999,11.8769],[92.7702,11.7022],[92.7534,11.7164],[92.7444,11.6818],[92.7675,11.666],[92.764,11.6181],[92.7214,11.4793],[92.7099,11.5102],[92.6837,11.5027],[92.6599,11.5182],[92.6571,11.578],[92.6411,11.5863],[92.634,11.5639],[92.6201,11.615],[92.6512,11.6092],[92.6588,11.6434],[92.6494,11.6366],[92.6455,11.6596],[92.6397,11.6289],[92.6222,11.633],[92.5993,11.7157],[92.5723,11.6971],[92.5571,11.829],[92.5342,11.8264],[92.526,11.8449],[92.5374,11.89],[92.5741,11.9336],[92.6025,11.8786],[92.6244,11.9202],[92.6201,12.0029],[92.6383,12.0382],[92.6309,12.0922],[92.6529,12.1793],[92.6696,12.2162],[92.662,12.1797],[92.6836,12.2184],[92.6872,12.1956],[92.7243,12.307],[92.7085,12.3295],[92.7149,12.4894],[92.7026,12.5079],[92.7174,12.5638],[92.6939,12.5977],[92.7153,12.6075],[92.7252,12.6362],[92.7287,12.6197],[92.7426,12.6302],[92.756,12.6641],[92.7359,12.6872],[92.7531,12.6944],[92.7429,12.7012],[92.7549,12.7161],[92.7403,12.7338],[92.7318,12.8278],[92.7466,12.8117],[92.7462,12.8332],[92.7534,12.8242],[92.7711,12.8597],[92.7846,12.8392],[92.7786,12.8607],[92.7997,12.8622],[92.816,12.8983],[92.8015,12.9766],[92.8071,12.9891],[92.8246,12.9816],[92.8106,12.9954],[92.8338,13.0086],[92.7973,13.0152],[92.8049,13.089],[92.8178,13.0731],[92.8121,13.0953],[92.8299,13.0949],[92.8173,13.1249],[92.8489,13.1246],[92.8524,13.1401],[92.8196,13.1521],[92.8222,13.1689],[92.8417,13.1687],[92.8251,13.1786],[92.8337,13.2316],[92.8585,13.2366],[92.8296,13.2811],[92.8475,13.2968],[92.8321,13.3037],[92.8402,13.3567],[92.8737,13.38],[92.8488,13.396],[92.8746,13.3986],[92.8906,13.4258],[92.8836,13.4678],[92.9314,13.494],[92.9209,13.5042],[92.9334,13.5173],[92.9194,13.5235],[92.9711,13.5387],[92.9934,13.5246],[92.9952,13.5646],[93.0176,13.5421],[93.0313,13.5727]]],[[[92.8928,13.5729],[92.8977,13.5906],[92.9091,13.5982],[92.9088,13.5906],[92.8928,13.5729]]],[[[93.0445,13.6493],[93.0425,13.6389],[93.0417,13.6506],[93.0445,13.6493]]],[[[93.0551,13.6184],[93.0547,13.6402],[93.0745,13.6552],[93.0639,13.6426],[93.0551,13.6184]]],[[[93.0306,13.6689],[93.0331,13.6254],[93.018,13.6466],[92.9938,13.6427],[92.979,13.6571],[93.0028,13.6745],[93.0306,13.6689]]],[[[97.9207,13.8593],[97.9272,13.8187],[97.9134,13.7836],[97.907,13.8613],[97.9207,13.8593]]],[[[97.9173,13.8862],[97.9021,13.9267],[97.9074,13.9421],[97.9169,13.926],[97.9173,13.8862]]],[[[93.2295,13.9736],[93.226,13.9869],[93.228,14.0164],[93.2383,13.9825],[93.2295,13.9736]]],[[[97.8045,14.109],[97.8013,14.1339],[97.8154,14.1343],[97.8244,14.1246],[97.8045,14.109]]],[[[93.3776,14.1487],[93.3839,14.1007],[93.3734,14.0615],[93.3609,14.1446],[93.3776,14.1487]]],[[[97.7919,14.1344],[97.7792,14.1517],[97.7883,14.176],[97.8229,14.1869],[97.7919,14.1344]]],[[[93.3777,14.1912],[93.3641,14.1886],[93.3667,14.1916],[93.3777,14.1912]]],[[[97.8071,14.2613],[97.802,14.2771],[97.8138,14.2806],[97.817,14.2704],[97.8071,14.2613]]],[[[97.7802,14.389],[97.7672,14.4001],[97.7835,14.4145],[97.7871,14.4064],[97.7802,14.389]]],[[[97.777,14.4412],[97.7657,14.4339],[97.7657,14.4376],[97.777,14.4412]]],[[[93.6717,14.8489],[93.6695,14.8705],[93.7065,14.919],[93.6954,14.8812],[93.6717,14.8489]]],[[[97.7389,15.0666],[97.7274,15.0641],[97.739,15.0756],[97.7389,15.0666]]],[[[97.744,15.0871],[97.7371,15.088],[97.7381,15.0962],[97.744,15.0871]]],[[[97.7407,15.2026],[97.7301,15.2004],[97.7351,15.2072],[97.7407,15.2026]]],[[[97.6462,15.5884],[97.6649,15.5236],[97.6552,15.494],[97.6462,15.5884]]],[[[95.1121,15.6704],[95.1074,15.6644],[95.1104,15.6706],[95.1121,15.6704]]],[[[95.0718,15.6742],[95.0564,15.6728],[95.0717,15.6793],[95.0718,15.6742]]],[[[95.2693,15.679],[95.2641,15.6731],[95.2634,15.6823],[95.2693,15.679]]],[[[95.2044,15.6826],[95.1915,15.6663],[95.1829,15.6738],[95.2044,15.6826]]],[[[95.0605,15.7203],[95.0181,15.7194],[95.0568,15.7419],[95.0605,15.7203]]],[[[95.0689,15.8164],[95.0534,15.8195],[95.0646,15.8444],[95.0689,15.8164]]],[[[94.2838,15.8652],[94.2738,15.8646],[94.2795,15.8707],[94.2838,15.8652]]],[[[95.0666,15.8747],[95.0606,15.8772],[95.0651,15.8834],[95.0666,15.8747]]],[[[94.8409,15.8952],[94.8346,15.8899],[94.8309,15.9062],[94.8409,15.8952]]],[[[94.4628,15.9129],[94.4518,15.9193],[94.464,15.9157],[94.4628,15.9129]]],[[[94.8107,15.7875],[94.7375,15.7916],[94.7306,15.814],[94.8088,15.9425],[94.8402,15.869],[94.8107,15.7875]]],[[[94.5213,15.9208],[94.5155,15.9292],[94.5225,15.9426],[94.5213,15.9208]]],[[[95.3142,15.9296],[95.321,15.9478],[95.3327,15.9568],[95.3321,15.9424],[95.3142,15.9296]]],[[[94.6686,15.9667],[94.6578,15.9625],[94.6672,15.9685],[94.6686,15.9667]]],[[[95.3453,15.9583],[95.3384,15.9631],[95.3452,15.9714],[95.3453,15.9583]]],[[[95.241,15.9118],[95.2378,15.9276],[95.2678,15.9852],[95.2682,15.9572],[95.241,15.9118]]],[[[95.104,15.939],[95.1036,15.9645],[95.1207,15.9944],[95.1186,15.9526],[95.104,15.939]]],[[[94.3422,16.0097],[94.3218,15.978],[94.2799,15.9896],[94.3322,16.0117],[94.3422,16.0097]]],[[[95.0846,16.0328],[95.0752,16.0156],[95.0836,16.0383],[95.0846,16.0328]]],[[[94.6944,16.0016],[94.7016,16.0264],[94.7171,16.0504],[94.7196,16.0274],[94.6944,16.0016]]],[[[94.8099,15.9774],[94.8423,16.0604],[94.8599,16.0582],[94.8491,16.0],[94.8099,15.9774]]],[[[95.3453,16.0479],[95.3256,15.9681],[95.2736,15.8683],[95.2366,15.8652],[95.273,15.9563],[95.28,16.022],[95.3198,16.079],[95.3453,16.0479]]],[[[94.6173,16.0416],[94.6182,16.0528],[94.6513,16.0928],[94.6425,16.0649],[94.6173,16.0416]]],[[[95.1806,16.075],[95.1811,16.025],[95.1377,16.0363],[95.0987,15.9801],[95.1122,16.0688],[95.1719,16.1117],[95.2106,16.1027],[95.1806,16.075]]],[[[95.1586,16.1178],[95.1399,16.1177],[95.1617,16.1199],[95.1586,16.1178]]],[[[94.6684,16.1227],[94.665,16.1337],[94.6683,16.1346],[94.6684,16.1227]]],[[[94.5203,16.1307],[94.5276,16.1457],[94.5448,16.1502],[94.5345,16.1377],[94.5203,16.1307]]],[[[95.1362,16.1514],[95.1272,16.1447],[95.1335,16.1565],[95.1362,16.1514]]],[[[95.3263,16.1146],[95.3113,16.1457],[95.3183,16.1719],[95.3666,16.2017],[95.3641,16.1565],[95.3263,16.1146]]],[[[95.8876,16.2228],[95.8727,16.2216],[95.8943,16.2393],[95.8876,16.2228]]],[[[94.6405,16.0972],[94.5953,16.038],[94.5788,16.0516],[94.5922,16.0997],[94.5743,16.0821],[94.573,16.0451],[94.5966,16.0307],[94.5938,16.0155],[94.5131,15.9889],[94.4469,15.9199],[94.3974,15.8322],[94.4109,15.8631],[94.3929,15.9017],[94.3863,16.0],[94.4535,16.0189],[94.5847,16.1991],[94.6492,16.2476],[94.6728,16.2032],[94.6405,16.0972]]],[[[94.6604,16.2697],[94.658,16.2763],[94.6624,16.2782],[94.6604,16.2697]]],[[[94.5347,16.2006],[94.5185,16.2316],[94.5266,16.2838],[94.5602,16.2407],[94.5347,16.2006]]],[[[95.9016,16.2554],[95.9031,16.273],[95.9078,16.2866],[95.9133,16.2749],[95.9016,16.2554]]],[[[94.6827,16.2978],[94.6827,16.2978],[94.6827,16.2978],[94.6827,16.2978]]],[[[94.6843,16.31],[94.678,16.2989],[94.6812,16.3123],[94.6843,16.31]]],[[[97.5936,16.2399],[97.5769,16.2936],[97.5955,16.3324],[97.6161,16.2774],[97.5936,16.2399]]],[[[95.9615,16.2951],[95.9577,16.313],[95.9577,16.3487],[95.9672,16.3175],[95.9615,16.2951]]],[[[96.0779,16.3521],[96.0722,16.3487],[96.0648,16.3563],[96.0779,16.3521]]],[[[95.8751,16.2001],[95.9178,16.273],[95.913,16.3313],[95.9399,16.3786],[95.9563,16.3263],[95.9441,16.2474],[95.8751,16.2001]]],[[[94.5831,16.2228],[94.5746,16.2472],[94.6086,16.2773],[94.6139,16.3189],[94.6499,16.3302],[94.6864,16.3779],[94.6279,16.2577],[94.5831,16.2228]]],[[[96.021,16.2485],[95.927,16.2097],[95.952,16.2379],[95.9703,16.3017],[95.971,16.3446],[95.9938,16.382],[96.0736,16.3414],[96.0835,16.3147],[96.021,16.2485]]],[[[95.9343,16.3798],[95.9279,16.3735],[95.9334,16.3835],[95.9343,16.3798]]],[[[94.234,16.3846],[94.227,16.3781],[94.2321,16.3873],[94.234,16.3846]]],[[[95.9515,16.3793],[95.9437,16.3836],[95.9477,16.39],[95.9515,16.3793]]],[[[94.6979,16.3684],[94.698,16.3876],[94.7024,16.3906],[94.7021,16.3785],[94.6979,16.3684]]],[[[95.9399,16.3965],[95.9325,16.3958],[95.9328,16.3981],[95.9399,16.3965]]],[[[96.0071,16.3859],[95.9936,16.3955],[95.9936,16.399],[96.0071,16.3859]]],[[[95.9658,16.3464],[95.9522,16.3705],[95.9586,16.4063],[95.9924,16.3898],[95.9658,16.3464]]],[[[97.6046,16.3789],[97.601,16.3972],[97.6051,16.4101],[97.6131,16.3953],[97.6046,16.3789]]],[[[96.1871,16.4718],[96.1871,16.4718],[96.1871,16.4718],[96.1871,16.4718]]],[[[96.3192,16.4688],[96.309,16.4677],[96.3076,16.4757],[96.3192,16.4688]]],[[[97.5905,16.4882],[97.5739,16.4879],[97.5694,16.493],[97.5905,16.4882]]],[[[97.5793,16.4835],[97.6081,16.4883],[97.6162,16.4666],[97.5794,16.3995],[97.5904,16.3597],[97.5642,16.2884],[97.5721,16.2436],[97.5543,16.2238],[97.5084,16.2396],[97.4639,16.3022],[97.4565,16.3187],[97.482,16.3525],[97.4711,16.3576],[97.478,16.3796],[97.4418,16.4469],[97.472,16.4712],[97.4489,16.4675],[97.4547,16.4823],[97.5023,16.5124],[97.5793,16.4835]]],[[[97.5532,16.5085],[97.5347,16.5082],[97.5285,16.5115],[97.5532,16.5085]]],[[[97.6557,16.5165],[97.6474,16.5138],[97.6558,16.5234],[97.6557,16.5165]]],[[[97.6083,16.5084],[97.5876,16.5066],[97.5555,16.5248],[97.6083,16.5084]]],[[[97.5148,16.5236],[97.4991,16.5271],[97.5211,16.5336],[97.5148,16.5236]]],[[[94.253,16.5291],[94.2422,16.5182],[94.2493,16.5399],[94.253,16.5291]]],[[[97.7152,16.5643],[97.7047,16.5617],[97.7036,16.5633],[97.7152,16.5643]]],[[[97.6425,16.5286],[97.6262,16.5365],[97.6435,16.5772],[97.6647,16.5554],[97.6425,16.5286]]],[[[97.6573,16.5738],[97.6481,16.5787],[97.6515,16.5872],[97.6573,16.5738]]],[[[96.1866,16.4686],[96.1983,16.4864],[96.1788,16.5142],[96.1851,16.5578],[96.1782,16.581],[96.2296,16.6002],[96.2628,16.5187],[96.3026,16.4722],[96.2944,16.4457],[96.3266,16.4653],[96.3211,16.447],[96.336,16.4437],[96.3069,16.408],[96.155,16.322],[96.1044,16.3223],[96.0914,16.3535],[96.109,16.3796],[96.1432,16.3846],[96.1668,16.414],[96.1488,16.4548],[96.1585,16.453],[96.1804,16.4603],[96.1866,16.4686]]],[[[82.3479,16.6034],[82.3413,16.607],[82.3489,16.6109],[82.3479,16.6034]]],[[[97.6359,16.5736],[97.6122,16.58],[97.6261,16.6184],[97.6445,16.6024],[97.6359,16.5736]]],[[[96.3107,16.85],[96.3016,16.8461],[96.3033,16.8612],[96.3107,16.85]]],[[[97.1871,16.8463],[97.183,16.8705],[97.1928,16.8777],[97.1989,16.8658],[97.1871,16.8463]]],[[[96.6759,17.3462],[96.6652,17.3236],[96.655,17.3371],[96.6759,17.3462]]],[[[96.778,17.3694],[96.7677,17.3663],[96.7776,17.3754],[96.778,17.3694]]],[[[96.8413,17.4059],[96.7884,17.3795],[96.7385,17.4383],[96.792,17.4828],[96.8078,17.4389],[96.8413,17.4059]]],[[[94.5929,17.5688],[94.5871,17.5687],[94.588,17.5735],[94.5929,17.5688]]],[[[83.4669,17.9095],[83.4535,17.9115],[83.4631,17.9187],[83.4669,17.9095]]],[[[94.0882,18.0462],[94.0826,18.0583],[94.0996,18.0615],[94.0994,18.0544],[94.0882,18.0462]]],[[[94.4506,18.1328],[94.4417,18.1332],[94.4503,18.1388],[94.4506,18.1328]]],[[[94.3823,18.3461],[94.371,18.3442],[94.3806,18.3498],[94.3823,18.3461]]],[[[93.9109,18.4304],[93.9043,18.4343],[93.9055,18.4414],[93.9109,18.4304]]],[[[94.2478,18.5369],[94.2351,18.5354],[94.2353,18.5403],[94.2478,18.5369]]],[[[93.7859,18.6024],[93.7754,18.6206],[93.7935,18.6657],[93.8024,18.6113],[93.7859,18.6024]]],[[[93.8182,18.7147],[93.811,18.7247],[93.8158,18.7252],[93.8182,18.7147]]],[[[94.0065,18.7291],[93.9915,18.7312],[93.9846,18.744],[93.9961,18.7475],[94.0065,18.7291]]],[[[93.9661,18.7794],[93.9393,18.8168],[93.9726,18.8367],[93.975,18.8025],[93.9923,18.7854],[93.9661,18.7794]]],[[[94.1131,18.8492],[94.1386,18.8543],[94.1191,18.8079],[94.0678,18.8476],[94.0864,18.8476],[94.1155,18.8697],[94.1131,18.8492]]],[[[93.5278,18.9017],[93.5252,18.8954],[93.5226,18.8981],[93.5278,18.9017]]],[[[93.6532,18.873],[93.7415,18.8723],[93.7474,18.7242],[93.7201,18.6758],[93.6913,18.6669],[93.6373,18.6853],[93.5448,18.7668],[93.4825,18.8677],[93.5766,18.8837],[93.6152,18.9146],[93.6532,18.873]]],[[[94.0394,19.0215],[94.0409,19.0389],[94.0542,19.0382],[94.0545,19.0336],[94.0394,19.0215]]],[[[94.0403,19.0527],[94.0186,19.0454],[94.0375,19.0623],[94.0403,19.0527]]],[[[94.0167,19.1014],[93.9972,19.103],[94.0165,19.106],[94.0167,19.1014]]],[[[93.8359,19.2586],[93.8195,19.2598],[93.8354,19.2629],[93.8359,19.2586]]],[[[93.7538,19.2865],[93.7518,19.2755],[93.7439,19.2818],[93.7538,19.2865]]],[[[93.8451,19.2768],[93.8351,19.2742],[93.8367,19.2933],[93.8451,19.2768]]],[[[93.8653,19.2833],[93.8532,19.2712],[93.8486,19.2721],[93.8502,19.296],[93.8653,19.2833]]],[[[93.8326,19.2758],[93.7868,19.2761],[93.7766,19.2976],[93.8275,19.295],[93.8326,19.2758]]],[[[94.0555,19.3461],[94.0403,19.3418],[94.0545,19.3488],[94.0555,19.3461]]],[[[93.6868,19.3655],[93.6631,19.3369],[93.6422,19.3591],[93.6746,19.377],[93.6868,19.3655]]],[[[93.6891,19.3979],[93.6737,19.391],[93.6631,19.4074],[93.6891,19.3979]]],[[[93.6616,19.429],[93.6551,19.4218],[93.6531,19.4273],[93.6616,19.429]]],[[[93.6363,19.4039],[93.6319,19.4231],[93.6274,19.4313],[93.6406,19.4241],[93.6363,19.4039]]],[[[93.6173,19.439],[93.5999,19.442],[93.614,19.4516],[93.6173,19.439]]],[[[93.5967,19.4615],[93.5902,19.4722],[93.5827,19.4751],[93.5946,19.4729],[93.5967,19.4615]]],[[[93.5372,19.4683],[93.5311,19.4769],[93.5522,19.4705],[93.5372,19.4683]]],[[[93.6273,19.4906],[93.6412,19.4492],[93.6058,19.4669],[93.6031,19.4878],[93.6273,19.4906]]],[[[93.5197,19.4768],[93.5116,19.4978],[93.5149,19.5022],[93.5338,19.4866],[93.5197,19.4768]]],[[[93.5182,19.5238],[93.5768,19.4794],[93.5489,19.4801],[93.5182,19.5238]]],[[[93.7689,19.5315],[93.8592,19.5001],[93.8301,19.4819],[93.7689,19.5315]]],[[[93.5319,19.5332],[93.5248,19.5359],[93.525,19.5391],[93.5319,19.5332]]],[[[93.6007,19.5511],[93.5878,19.5576],[93.5987,19.5569],[93.6007,19.5511]]],[[[93.4999,19.5532],[93.4938,19.5531],[93.4903,19.5639],[93.4999,19.5532]]],[[[93.6646,19.5619],[93.6621,19.5474],[93.6303,19.546],[93.6397,19.5666],[93.6646,19.5619]]],[[[93.6743,19.5716],[93.659,19.5754],[93.6597,19.5781],[93.6743,19.5716]]],[[[93.7184,19.5938],[93.7067,19.5966],[93.7034,19.6042],[93.7184,19.5938]]],[[[93.6354,19.6136],[93.6225,19.6185],[93.5988,19.612],[93.6156,19.6299],[93.6354,19.6136]]],[[[93.6614,19.6301],[93.6539,19.6291],[93.6549,19.6392],[93.6614,19.6301]]],[[[93.5469,19.649],[93.5394,19.6491],[93.5373,19.6578],[93.5469,19.649]]],[[[93.7,19.6579],[93.6921,19.6539],[93.6886,19.6621],[93.7,19.6579]]],[[[93.5894,19.6599],[93.5746,19.648],[93.5628,19.6584],[93.5801,19.6701],[93.5894,19.6599]]],[[[93.814,19.7108],[93.8094,19.7149],[93.8121,19.7273],[93.814,19.7108]]],[[[93.5022,19.7176],[93.4829,19.7251],[93.4726,19.7381],[93.4967,19.7301],[93.5022,19.7176]]],[[[93.4078,19.7406],[93.4406,19.7464],[93.495,19.7145],[93.5017,19.6741],[93.457,19.6907],[93.4078,19.7406]]],[[[93.5891,19.7461],[93.572,19.7093],[93.5452,19.7002],[93.5539,19.687],[93.5246,19.6804],[93.5162,19.7214],[93.5825,19.7697],[93.5891,19.7461]]],[[[93.704,19.7568],[93.69,19.7132],[93.6318,19.7184],[93.6559,19.7784],[93.6663,19.76],[93.6911,19.7895],[93.704,19.7568]]],[[[93.5518,19.7608],[93.5456,19.7889],[93.5806,19.7961],[93.5772,19.782],[93.5518,19.7608]]],[[[93.4054,19.7978],[93.3997,19.8053],[93.4035,19.8074],[93.4054,19.7978]]],[[[93.7368,19.7887],[93.6991,19.7962],[93.7435,19.8326],[93.7452,19.8097],[93.7368,19.7887]]],[[[93.5822,19.8035],[93.5507,19.8014],[93.5446,19.8059],[93.583,19.8359],[93.5964,19.8282],[93.5822,19.8035]]],[[[93.7265,19.8506],[93.7326,19.8242],[93.6781,19.7891],[93.6827,19.8215],[93.7265,19.8506]]],[[[93.6423,19.8601],[93.7012,19.8521],[93.5996,19.7099],[93.593,19.7818],[93.6301,19.8135],[93.6423,19.8601]]],[[[93.7634,19.8635],[93.7925,19.8314],[93.7771,19.7662],[93.7124,19.7645],[93.7041,19.7837],[93.7335,19.7817],[93.7469,19.7906],[93.7545,19.8254],[93.7409,19.8452],[93.7634,19.8635]]],[[[93.7206,19.8914],[93.7113,19.8909],[93.7106,19.8934],[93.7206,19.8914]]],[[[93.6945,19.8948],[93.719,19.882],[93.7357,19.8838],[93.7369,19.8696],[93.6902,19.8775],[93.6633,19.8581],[93.6547,19.8793],[93.6945,19.8948]]],[[[93.575,19.8794],[93.5936,19.9044],[93.6058,19.9024],[93.5855,19.8796],[93.575,19.8794]]],[[[93.6601,19.9028],[93.5996,19.843],[93.5459,19.8272],[93.5471,19.8669],[93.5941,19.8746],[93.6184,19.9037],[93.6601,19.9028]]],[[[93.5187,19.8667],[93.5011,19.9039],[93.5199,19.9157],[93.531,19.9023],[93.5187,19.8667]]],[[[93.7233,19.9209],[93.7142,19.9279],[93.7264,19.9232],[93.7233,19.9209]]],[[[93.5093,19.9231],[93.4897,19.9217],[93.5036,19.9304],[93.5093,19.9231]]],[[[93.4994,19.9347],[93.4678,19.9349],[93.4991,19.9572],[93.4994,19.9347]]],[[[93.3958,19.9583],[93.4274,19.9541],[93.4602,19.9091],[93.4978,19.8995],[93.5081,19.8392],[93.4692,19.8297],[93.499,19.8213],[93.5212,19.7592],[93.5112,19.7345],[93.4446,19.7875],[93.4313,19.8676],[93.3966,19.9247],[93.3958,19.9583]]],[[[93.4629,19.939],[93.4711,19.9623],[93.4875,19.9522],[93.4779,19.9436],[93.4629,19.939]]],[[[93.4864,19.9612],[93.4747,19.9808],[93.4747,19.9909],[93.497,19.9809],[93.4864,19.9612]]],[[[93.4609,19.9581],[93.4445,19.9836],[93.4499,19.9931],[93.4635,19.9765],[93.4609,19.9581]]],[[[93.235,19.8134],[93.1633,19.9447],[93.1267,20.0519],[93.1638,20.0113],[93.1809,19.9394],[93.2492,19.8221],[93.235,19.8134]]],[[[93.1284,20.062],[93.1188,20.0584],[93.1264,20.0691],[93.1284,20.062]]],[[[93.1585,20.0669],[93.1752,20.0428],[93.1373,20.0718],[93.1585,20.0669]]],[[[93.3333,20.0521],[93.3316,20.0642],[93.339,20.0728],[93.3416,20.066],[93.3333,20.0521]]],[[[93.0291,19.8189],[93.0134,19.8954],[92.9159,20.0553],[92.926,20.0833],[92.9602,20.0616],[93.02,19.9194],[93.0358,19.8746],[93.0291,19.8189]]],[[[92.9967,20.1116],[93.0682,20.116],[93.0872,20.0864],[93.074,20.0766],[93.1218,20.0396],[93.14,19.9983],[93.1133,19.9816],[93.1051,19.9366],[93.175,19.7877],[93.0568,19.9513],[93.0421,20.0089],[92.9793,20.0713],[92.9746,20.1264],[92.9967,20.1116]]],[[[93.328,20.1069],[93.3118,20.1313],[93.313,20.1365],[93.3256,20.1211],[93.328,20.1069]]],[[[93.1267,20.079],[93.1119,20.0615],[93.0988,20.0779],[93.0949,20.0879],[93.1195,20.0869],[93.0855,20.1002],[93.0736,20.1239],[93.0877,20.1388],[93.1092,20.1359],[93.1267,20.079]]],[[[93.0665,20.1258],[93.0674,20.1456],[93.0863,20.1643],[93.0895,20.1485],[93.0665,20.1258]]],[[[93.2991,20.0481],[93.2862,20.0946],[93.3034,20.1704],[93.3109,20.1152],[93.3309,20.0821],[93.2991,20.0481]]],[[[93.0953,20.1603],[93.095,20.1789],[93.113,20.179],[93.1024,20.1719],[93.0953,20.1603]]],[[[93.2119,20.1598],[93.2312,20.113],[93.2035,20.0935],[93.1892,20.0628],[93.1329,20.0846],[93.1113,20.1403],[93.0981,20.1542],[93.123,20.1798],[93.1717,20.1884],[93.1898,20.168],[93.2119,20.1598]]],[[[92.965,20.1694],[92.9516,20.1975],[92.9752,20.2112],[92.978,20.1795],[92.965,20.1694]]],[[[92.9744,20.2179],[92.9608,20.2151],[92.9804,20.2315],[92.9744,20.2179]]],[[[92.7417,20.2186],[92.7343,20.2213],[92.7338,20.2382],[92.7417,20.2186]]],[[[92.9286,20.1897],[92.9165,20.2045],[92.9252,20.2444],[92.9426,20.2506],[92.9504,20.2119],[92.9286,20.1897]]],[[[93.2528,20.1437],[93.2845,20.1445],[93.2744,20.0854],[93.2911,20.0604],[93.275,20.0333],[93.2057,20.0498],[93.2079,20.0922],[93.2467,20.116],[93.2317,20.1537],[93.1829,20.1916],[93.2081,20.2124],[93.2167,20.2346],[93.2528,20.2427],[93.2512,20.2636],[93.2766,20.2438],[93.3004,20.1904],[93.2837,20.158],[93.2528,20.1437]]],[[[86.7002,20.2874],[86.6889,20.2951],[86.7088,20.2939],[86.7002,20.2874]]],[[[93.2728,20.2683],[93.2347,20.2758],[93.2548,20.3126],[93.2708,20.3147],[93.2636,20.2969],[93.2728,20.2683]]],[[[93.3231,20.3224],[93.3364,20.2789],[93.3577,20.27],[93.3906,20.2092],[93.4112,20.1214],[93.4012,20.1103],[93.3839,20.1859],[93.3959,20.1024],[93.3666,20.084],[93.3799,20.0275],[93.3672,20.0156],[93.3556,20.0728],[93.3143,20.1414],[93.3067,20.2079],[93.2713,20.2575],[93.2776,20.2882],[93.2677,20.2972],[93.2839,20.3204],[93.3231,20.3224]]],[[[93.2914,20.353],[93.2847,20.3436],[93.2902,20.3544],[93.2914,20.353]]],[[[92.7522,20.3624],[92.7468,20.3513],[92.7418,20.3584],[92.7522,20.3624]]],[[[93.1334,20.3059],[93.1755,20.3243],[93.2152,20.3051],[93.143,20.2188],[93.1272,20.2428],[93.1284,20.2167],[93.0046,20.1324],[92.9958,20.1906],[93.0221,20.2687],[93.04,20.2773],[93.04,20.3263],[93.0911,20.3689],[93.12,20.3744],[93.1322,20.3447],[93.1199,20.3296],[93.1288,20.321],[93.1403,20.3166],[93.1334,20.3059]]],[[[92.8766,20.4023],[92.8882,20.3848],[92.8454,20.3947],[92.8766,20.4023]]],[[[92.8278,20.4109],[92.8169,20.4066],[92.8166,20.4091],[92.8278,20.4109]]],[[[92.7623,20.4322],[92.8214,20.4216],[92.8122,20.4063],[92.8664,20.3114],[92.8411,20.2875],[92.7948,20.2773],[92.8025,20.3036],[92.8357,20.3129],[92.8128,20.3389],[92.8143,20.3141],[92.8056,20.3113],[92.7807,20.2786],[92.7647,20.3199],[92.7623,20.4322]]],[[[86.7981,20.3886],[86.7909,20.4204],[86.8043,20.4822],[86.816,20.4409],[86.7981,20.3886]]],[[[92.8045,20.4869],[92.7789,20.4549],[92.7891,20.4417],[92.7636,20.4417],[92.7559,20.4701],[92.7683,20.4705],[92.7972,20.4995],[92.8045,20.4869]]],[[[93.1093,20.4186],[93.0785,20.4073],[93.0778,20.3641],[93.0435,20.3504],[93.038,20.423],[93.0851,20.5053],[93.1093,20.4186]]],[[[92.7219,20.5749],[92.7008,20.5817],[92.6991,20.6048],[92.7219,20.5749]]],[[[92.3262,20.5853],[92.3129,20.627],[92.3212,20.6346],[92.3296,20.5991],[92.3262,20.5853]]],[[[92.6335,20.6965],[92.6086,20.6838],[92.5844,20.7087],[92.6185,20.7141],[92.6353,20.7243],[92.6335,20.6965]]],[[[92.3447,20.7232],[92.3599,20.7178],[92.3431,20.7244],[92.3447,20.7232]]],[[[92.5627,20.7432],[92.5806,20.749],[92.5749,20.7317],[92.5864,20.7294],[92.5754,20.7211],[92.5491,20.7402],[92.5512,20.757],[92.5627,20.7432]]],[[[92.2969,20.9277],[92.2813,20.9476],[92.3007,20.9774],[92.3098,20.9528],[92.2969,20.9277]]],[[[92.3326,20.9939],[92.3552,20.9436],[92.3145,20.9072],[92.3036,20.9269],[92.3159,20.9543],[92.3067,20.9822],[92.3326,20.9939]]],[[[92.2638,21.0272],[92.2566,21.0234],[92.2613,21.0311],[92.2638,21.0272]]],[[[92.2201,21.109],[92.211,21.1081],[92.2168,21.1148],[92.2201,21.109]]],[[[92.2179,21.1304],[92.2124,21.1257],[92.2076,21.1318],[92.2179,21.1304]]],[[[88.1948,21.5545],[88.1999,21.57],[88.214,21.5284],[88.1899,21.5446],[88.1738,21.5858],[88.1948,21.5545]]],[[[88.5477,21.5353],[88.5304,21.5249],[88.4864,21.5467],[88.4997,21.5997],[88.5382,21.5822],[88.5477,21.5353]]],[[[88.8767,21.5333],[88.8353,21.5592],[88.8438,21.6063],[88.9085,21.5719],[88.9119,21.5463],[88.8767,21.5333]]],[[[92.0109,21.5983],[92.0041,21.6176],[92.0071,21.6241],[92.0135,21.6135],[92.0109,21.5983]]],[[[88.5654,21.556],[88.5161,21.6059],[88.5266,21.6569],[88.5929,21.607],[88.5955,21.5862],[88.5654,21.556]]],[[[92.0072,21.6281],[92.0021,21.6463],[92.0303,21.6683],[92.0347,21.6491],[92.0072,21.6281]]],[[[88.6459,21.6462],[88.6324,21.6546],[88.6509,21.6829],[88.6459,21.6462]]],[[[88.3518,21.6872],[88.3508,21.6151],[88.3264,21.6021],[88.316,21.615],[88.3233,21.7035],[88.3518,21.6872]]],[[[88.5229,21.7156],[88.572,21.6819],[88.5599,21.6377],[88.5332,21.6558],[88.5229,21.7156]]],[[[88.2186,21.6736],[88.2331,21.6742],[88.2393,21.647],[88.2218,21.6272],[88.2219,21.6019],[88.1876,21.6808],[88.2151,21.7158],[88.2211,21.7034],[88.2026,21.6903],[88.2186,21.6736]]],[[[88.762,21.6462],[88.7787,21.6526],[88.782,21.6162],[88.8062,21.5887],[88.7996,21.5749],[88.7391,21.5609],[88.7126,21.5765],[88.7252,21.6306],[88.6902,21.6844],[88.6971,21.7184],[88.7103,21.6829],[88.762,21.6462]]],[[[89.3542,21.7008],[89.3353,21.6995],[89.3422,21.7214],[89.3542,21.7008]]],[[[88.2152,21.722],[88.1999,21.7108],[88.212,21.7319],[88.2152,21.722]]],[[[88.3078,21.7303],[88.3014,21.7282],[88.3016,21.7348],[88.3078,21.7303]]],[[[91.9741,21.509],[91.9479,21.4896],[91.9017,21.5093],[91.9114,21.4757],[91.8969,21.4671],[91.8684,21.4885],[91.8587,21.5221],[91.8821,21.557],[91.8742,21.6069],[91.8913,21.6376],[91.8851,21.6807],[91.9399,21.735],[91.9585,21.6702],[91.9875,21.6301],[91.9741,21.509]]],[[[90.3603,21.7406],[90.3554,21.7449],[90.3622,21.7465],[90.3603,21.7406]]],[[[89.2843,21.7036],[89.2613,21.6969],[89.2926,21.6939],[89.2953,21.6711],[89.2631,21.65],[89.1998,21.6592],[89.2319,21.7014],[89.2199,21.7399],[89.2401,21.7552],[89.2917,21.7472],[89.2843,21.7036]]],[[[91.9416,21.7483],[91.9207,21.7299],[91.9145,21.7585],[91.9416,21.7483]]],[[[91.9045,21.7545],[91.9045,21.7087],[91.8799,21.6822],[91.8806,21.6342],[91.8541,21.6549],[91.8547,21.6786],[91.886,21.7611],[91.9045,21.7545]]],[[[88.3724,21.7312],[88.4033,21.7103],[88.3778,21.6847],[88.3606,21.6916],[88.3486,21.7126],[88.3573,21.7176],[88.36,21.7617],[88.4005,21.7602],[88.3724,21.7312]]],[[[90.4467,21.7712],[90.4403,21.768],[90.4396,21.7701],[90.4467,21.7712]]],[[[91.9442,21.7597],[91.9078,21.7618],[91.8934,21.7677],[91.9417,21.7736],[91.9442,21.7597]]],[[[88.2156,21.7564],[88.2088,21.7409],[88.21,21.7763],[88.2156,21.7564]]],[[[88.59,21.7744],[88.5909,21.7566],[88.6272,21.7354],[88.6022,21.7161],[88.5867,21.7213],[88.5905,21.7451],[88.573,21.7718],[88.59,21.7744]]],[[[88.6374,21.7259],[88.6074,21.7072],[88.6302,21.7314],[88.6277,21.7412],[88.5968,21.7582],[88.5998,21.7841],[88.6294,21.7804],[88.6374,21.7259]]],[[[88.1075,21.7943],[88.1454,21.7562],[88.1315,21.7347],[88.1449,21.7002],[88.1361,21.6857],[88.1507,21.6709],[88.1465,21.6232],[88.0993,21.639],[88.0858,21.6304],[88.0496,21.6523],[88.0901,21.7851],[88.1075,21.7943]]],[[[88.298,21.7928],[88.3134,21.7922],[88.3183,21.7914],[88.3091,21.7865],[88.298,21.7928]]],[[[88.4865,21.7932],[88.4587,21.7307],[88.4841,21.675],[88.4526,21.6002],[88.4295,21.6003],[88.4483,21.6233],[88.427,21.6599],[88.4273,21.6899],[88.4436,21.7026],[88.4366,21.7671],[88.4564,21.7929],[88.4865,21.7932]]],[[[88.5323,21.7884],[88.5144,21.7732],[88.5298,21.7965],[88.5323,21.7884]]],[[[88.3873,21.7702],[88.3684,21.7709],[88.3493,21.7566],[88.3528,21.7212],[88.3365,21.7285],[88.3345,21.7054],[88.3143,21.7168],[88.3144,21.7844],[88.3309,21.7846],[88.3603,21.7984],[88.3864,21.7918],[88.3873,21.7702]]],[[[88.58,21.7201],[88.6154,21.679],[88.6017,21.6541],[88.6125,21.6055],[88.5642,21.6419],[88.5808,21.6629],[88.5699,21.7091],[88.5233,21.7224],[88.5069,21.7573],[88.5331,21.7746],[88.5469,21.8165],[88.5779,21.7923],[88.5666,21.7684],[88.58,21.7201]]],[[[89.7806,21.8233],[89.783,21.8145],[89.7733,21.8198],[89.7806,21.8233]]],[[[88.5055,21.8035],[88.4734,21.8011],[88.4606,21.8159],[88.4925,21.8357],[88.5055,21.8035]]],[[[90.4365,21.8359],[90.4281,21.8175],[90.4142,21.8272],[90.4365,21.8359]]],[[[90.3173,21.8476],[90.3152,21.8232],[90.2964,21.835],[90.3173,21.8476]]],[[[89.6231,21.7109],[89.5581,21.7187],[89.5646,21.7513],[89.5313,21.8231],[89.5459,21.8493],[89.6102,21.7968],[89.5922,21.7519],[89.6231,21.7109]]],[[[88.6137,21.7971],[88.5834,21.8142],[88.6002,21.8509],[88.622,21.8302],[88.6137,21.7971]]],[[[89.7771,21.856],[89.7591,21.849],[89.7553,21.8507],[89.7771,21.856]]],[[[88.1917,21.8544],[88.1932,21.8362],[88.1811,21.8622],[88.1917,21.8544]]],[[[90.51,21.8506],[90.5028,21.868],[90.538,21.8673],[90.531,21.8569],[90.51,21.8506]]],[[[88.1802,21.7986],[88.1801,21.7304],[88.1542,21.6821],[88.1386,21.7341],[88.1523,21.7597],[88.1138,21.7999],[88.0944,21.7905],[88.1462,21.8823],[88.1802,21.7986]]],[[[89.3747,21.8824],[89.347,21.8143],[89.3432,21.7813],[89.3406,21.8292],[89.3284,21.8442],[89.329,21.8185],[89.3202,21.8415],[89.3747,21.8824]]],[[[89.6582,21.8587],[89.6452,21.8736],[89.6541,21.8891],[89.6633,21.8709],[89.6582,21.8587]]],[[[90.5626,21.8832],[90.5542,21.8825],[90.5613,21.8976],[90.5626,21.8832]]],[[[88.642,21.8673],[88.6618,21.87],[88.6451,21.7857],[88.6272,21.7976],[88.627,21.8319],[88.601,21.8613],[88.6242,21.8974],[88.642,21.8673]]],[[[88.0934,21.8569],[88.0821,21.875],[88.0922,21.8982],[88.1093,21.8728],[88.0934,21.8569]]],[[[88.4991,21.8986],[88.4961,21.9076],[88.5028,21.9081],[88.4991,21.8986]]],[[[91.8924,21.8737],[91.8783,21.8216],[91.8714,21.8878],[91.8567,21.8746],[91.8745,21.8059],[91.8311,21.7169],[91.8468,21.8128],[91.8409,21.8963],[91.8725,21.922],[91.8924,21.8737]]],[[[88.658,21.8751],[88.6408,21.8761],[88.6271,21.9038],[88.6414,21.9224],[88.6735,21.917],[88.658,21.8751]]],[[[88.1162,21.8816],[88.0922,21.9134],[88.0937,21.9267],[88.1279,21.8976],[88.1162,21.8816]]],[[[90.5781,21.9243],[90.5651,21.9237],[90.5728,21.9301],[90.5781,21.9243]]],[[[90.6378,21.8985],[90.6209,21.9111],[90.6282,21.9359],[90.6555,21.9128],[90.6378,21.8985]]],[[[90.3972,21.9326],[90.3869,21.9302],[90.3941,21.9377],[90.3972,21.9326]]],[[[89.9725,21.9238],[89.9434,21.9296],[89.9606,21.9471],[89.9725,21.9238]]],[[[90.654,21.9222],[90.6288,21.9403],[90.6301,21.944],[90.6494,21.9475],[90.654,21.9222]]],[[[90.5431,21.8757],[90.5061,21.8778],[90.5093,21.9068],[90.5244,21.9406],[90.5607,21.9596],[90.5707,21.9475],[90.5456,21.9173],[90.5563,21.8993],[90.5431,21.8757]]],[[[88.1422,21.8976],[88.099,21.9318],[88.1175,21.9629],[88.1543,21.928],[88.1422,21.8976]]],[[[89.5431,21.868],[89.5446,21.9589],[89.5495,21.9638],[89.565,21.9289],[89.5431,21.868]]],[[[90.3961,21.958],[90.3883,21.9603],[90.3958,21.9656],[90.3961,21.958]]],[[[90.0787,21.9526],[90.0953,21.9352],[90.0873,21.9],[90.1036,21.8865],[90.0644,21.8363],[90.0426,21.8319],[90.0194,21.8484],[90.0414,21.8443],[90.0217,21.8907],[90.0245,21.9466],[90.077,21.972],[90.0787,21.9526]]],[[[90.7172,21.9585],[90.7036,21.9613],[90.7099,21.9727],[90.7172,21.9585]]],[[[90.5146,21.9812],[90.4932,21.9323],[90.5012,21.9562],[90.4898,21.9609],[90.5146,21.9812]]],[[[90.3077,21.9587],[90.2712,21.8834],[90.2458,21.8987],[90.2753,21.9426],[90.2679,21.9696],[90.2862,21.9815],[90.3077,21.9587]]],[[[90.3303,21.9661],[90.3234,21.9739],[90.3317,21.9815],[90.3303,21.9661]]],[[[90.3899,21.9866],[90.355,21.8667],[90.3128,21.8557],[90.3036,21.8658],[90.3366,21.9548],[90.3496,21.9564],[90.3796,21.9986],[90.3899,21.9866]]],[[[90.5536,21.9927],[90.548,21.9916],[90.5577,22.0054],[90.5536,21.9927]]],[[[90.5577,22.0054],[90.5577,22.0054],[90.5577,22.0054],[90.5577,22.0054]]],[[[90.6835,21.9899],[90.6699,21.9968],[90.6687,22.0055],[90.6793,22.0038],[90.6835,21.9899]]],[[[88.6834,22.0024],[88.7183,22.0017],[88.7011,21.9599],[88.6871,21.9454],[88.6418,21.9509],[88.647,22.0036],[88.6639,22.0153],[88.6834,22.0024]]],[[[88.6877,22.0147],[88.6742,22.014],[88.6743,22.0171],[88.6877,22.0147]]],[[[90.5627,22.0093],[90.5512,22.0073],[90.558,22.0227],[90.5627,22.0093]]],[[[88.102,21.9713],[88.0954,21.9897],[88.1346,22.0231],[88.1304,21.9842],[88.102,21.9713]]],[[[90.5155,21.9906],[90.4996,21.9977],[90.5072,22.0115],[90.5409,22.027],[90.5155,21.9906]]],[[[90.4039,22.0148],[90.3995,22.0273],[90.4015,22.0338],[90.4074,22.0266],[90.4039,22.0148]]],[[[90.4543,22.0273],[90.4715,21.9969],[90.4579,21.9207],[90.4001,21.8996],[90.4216,22.016],[90.4129,22.0321],[90.4543,22.0273]]],[[[90.4401,22.0439],[90.4315,22.0338],[90.4136,22.0404],[90.4401,22.0439]]],[[[90.6684,22.028],[90.6566,22.0346],[90.6579,22.0479],[90.6684,22.028]]],[[[90.6455,22.0513],[90.6221,21.9849],[90.6115,21.9988],[90.6455,22.0513]]],[[[90.6855,22.0187],[90.6742,22.0232],[90.6691,22.0671],[90.7015,22.0616],[90.6855,22.0187]]],[[[90.3447,21.962],[90.341,21.9894],[90.3518,22.0194],[90.3958,22.0706],[90.4087,22.0466],[90.3447,21.962]]],[[[90.6646,22.067],[90.6559,22.0635],[90.6674,22.0801],[90.6646,22.067]]],[[[91.0491,22.0834],[91.0363,22.0839],[91.0367,22.0862],[91.0491,22.0834]]],[[[90.7527,22.0551],[90.7607,22.0875],[90.7763,22.0943],[90.7704,22.0781],[90.7527,22.0551]]],[[[90.5496,22.0163],[90.5394,22.007],[90.5491,22.0314],[90.5201,22.0312],[90.4915,22.0106],[90.5574,22.0982],[90.5496,22.0163]]],[[[90.3502,22.0981],[90.3751,22.0964],[90.3757,22.0796],[90.329,22.0288],[90.3076,21.9737],[90.2821,21.985],[90.284,22.0554],[90.3145,22.0777],[90.3159,22.086],[90.3473,22.0893],[90.3372,22.1034],[90.3502,22.0981]]],[[[90.4844,22.0437],[90.4821,22.0755],[90.5167,22.1057],[90.523,22.0807],[90.4844,22.0437]]],[[[91.0744,22.1086],[91.0636,22.1019],[91.0613,22.1034],[91.0744,22.1086]]],[[[90.5522,22.1054],[90.5056,22.0443],[90.531,22.0858],[90.5252,22.1097],[90.542,22.1173],[90.5522,22.1054]]],[[[90.593,22.1161],[90.5935,22.1025],[90.5862,22.098],[90.593,22.1161]]],[[[91.0842,22.128],[91.0542,22.1017],[91.0344,22.1048],[91.0576,22.1273],[91.0842,22.128]]],[[[90.6614,22.0905],[90.6315,22.0708],[90.633,22.0481],[90.6158,22.0458],[90.6238,22.0883],[90.6057,22.0544],[90.6228,22.0354],[90.6062,22.0237],[90.5951,22.0693],[90.6162,22.1069],[90.6394,22.1289],[90.6644,22.1249],[90.6614,22.0905]],[[90.6057,22.0544],[90.6057,22.0544],[90.6057,22.0544],[90.6057,22.0544]]],[[[90.5848,22.117],[90.5773,22.128],[90.5933,22.1292],[90.5954,22.1267],[90.5848,22.117]]],[[[91.0838,22.1321],[91.0693,22.1388],[91.0842,22.1351],[91.0838,22.1321]]],[[[91.0936,22.1349],[91.0677,22.1422],[91.0397,22.1309],[91.0462,22.1754],[91.103,22.1569],[91.0936,22.1349]]],[[[90.5108,22.1361],[90.5097,22.1749],[90.5449,22.1737],[90.5386,22.1519],[90.5108,22.1361]]],[[[90.6168,22.1767],[90.6113,22.1743],[90.6161,22.1831],[90.6168,22.1767]]],[[[91.0396,22.1839],[91.0333,22.1946],[91.0382,22.2043],[91.0461,22.1954],[91.0396,22.1839]]],[[[90.9512,22.1168],[90.9211,22.1356],[90.9219,22.1646],[90.9521,22.213],[90.9512,22.1168]]],[[[90.9265,22.1974],[90.9272,22.2134],[90.9348,22.215],[90.9348,22.207],[90.9265,22.1974]]],[[[90.8322,22.1853],[90.8307,22.2096],[90.8394,22.2206],[90.8406,22.217],[90.8322,22.1853]]],[[[91.8215,22.2134],[91.8151,22.214],[91.8227,22.2236],[91.8215,22.2134]]],[[[90.5462,22.1889],[90.5387,22.1974],[90.5654,22.2313],[90.5677,22.2145],[90.5462,22.1889]]],[[[90.9819,22.1762],[90.9751,22.2175],[90.9954,22.2463],[91.0004,22.2371],[90.9819,22.1762]]],[[[90.575,22.2311],[90.5686,22.2396],[90.5825,22.2508],[90.5841,22.2483],[90.575,22.2311]]],[[[89.8707,22.2377],[89.8616,22.2442],[89.8619,22.258],[89.8699,22.2497],[89.8707,22.2377]]],[[[90.9792,22.2365],[90.9827,22.251],[90.9913,22.2609],[90.989,22.2459],[90.9792,22.2365]]],[[[91.8201,22.2775],[91.7995,22.2839],[91.806,22.2983],[91.8201,22.2775]]],[[[90.2892,22.3548],[90.2713,22.3515],[90.2864,22.3644],[90.2892,22.3548]]],[[[90.952,22.218],[90.9299,22.2287],[90.9681,22.3788],[90.9911,22.3296],[90.952,22.218]]],[[[90.6486,22.3674],[90.6295,22.4056],[90.632,22.4123],[90.6489,22.3871],[90.6486,22.3674]]],[[[90.6552,22.4054],[90.6487,22.4076],[90.6505,22.4138],[90.6552,22.4054]]],[[[90.6476,22.4201],[90.6393,22.4252],[90.6408,22.4303],[90.6476,22.4201]]],[[[91.167,22.4276],[91.2002,22.4298],[91.1957,22.4072],[91.167,22.4276]]],[[[91.0338,22.4077],[91.0155,22.4168],[91.0224,22.4471],[91.0381,22.4262],[91.0338,22.4077]]],[[[90.6322,22.3575],[90.5965,22.4487],[90.6059,22.463],[90.6258,22.4422],[90.6322,22.3575]]],[[[90.9897,22.476],[90.9955,22.4486],[90.9735,22.463],[90.9897,22.476]]],[[[91.022,22.4838],[91.0099,22.4991],[91.0285,22.5053],[91.0316,22.4949],[91.022,22.4838]]],[[[91.1757,22.3359],[91.1828,22.2711],[91.1556,22.1843],[91.1222,22.1649],[91.1191,22.1934],[91.1011,22.2106],[91.1115,22.1597],[91.0505,22.1794],[91.0519,22.4201],[91.0269,22.4766],[91.0408,22.508],[91.1223,22.492],[91.1369,22.3951],[91.1757,22.3359]]],[[[90.6512,22.5029],[90.6436,22.5073],[90.6452,22.5117],[90.6512,22.5029]]],[[[91.2106,22.4958],[91.1976,22.5092],[91.1975,22.5129],[91.2093,22.5065],[91.2106,22.4958]]],[[[91.192,22.4721],[91.1542,22.4887],[91.1388,22.5159],[91.1756,22.5187],[91.1942,22.4985],[91.192,22.4721]]],[[[90.6556,22.4599],[90.6239,22.5069],[90.6136,22.5392],[90.6334,22.5244],[90.6556,22.4599]]],[[[91.0309,22.5557],[91.0189,22.5533],[91.0318,22.5594],[91.0309,22.5557]]],[[[90.5632,22.6057],[90.5577,22.6218],[90.5575,22.628],[90.5686,22.6208],[90.5632,22.6057]]],[[[91.2507,22.6313],[91.2979,22.574],[91.3048,22.5574],[91.2912,22.5408],[91.2517,22.5395],[91.2314,22.5666],[91.215,22.6366],[91.2507,22.6313]]],[[[91.5582,22.4111],[91.5161,22.3469],[91.4849,22.3429],[91.4551,22.3987],[91.4007,22.4361],[91.3798,22.4944],[91.3921,22.564],[91.3567,22.66],[91.3808,22.6624],[91.4506,22.6247],[91.5454,22.4693],[91.5582,22.4111]]],[[[91.1199,22.5624],[91.0996,22.5702],[91.0918,22.5984],[91.141,22.6642],[91.1719,22.6049],[91.1574,22.5798],[91.1199,22.5624]]],[[[91.2964,22.6763],[91.2806,22.6642],[91.2851,22.6791],[91.2964,22.6763]]],[[[90.8217,22.6601],[90.7938,22.659],[90.7931,22.6879],[90.8157,22.6838],[90.8217,22.6601]]],[[[91.1284,22.6708],[91.0886,22.5983],[91.0853,22.553],[91.0658,22.569],[91.0582,22.6391],[91.0449,22.6359],[91.0554,22.6978],[91.1122,22.7],[91.1284,22.6708]]],[[[91.0417,22.6769],[91.0194,22.6926],[91.0181,22.7025],[91.0462,22.7046],[91.0417,22.6769]]],[[[90.8021,22.7146],[90.7921,22.7155],[90.7923,22.7182],[90.8021,22.7146]]],[[[90.4893,22.7199],[90.4786,22.728],[90.4747,22.7461],[90.4833,22.7413],[90.4893,22.7199]]],[[[91.268,22.7307],[91.2995,22.7044],[91.2707,22.6674],[91.2165,22.7007],[91.2357,22.7099],[91.2122,22.7042],[91.1311,22.7361],[91.1898,22.7493],[91.268,22.7307]]],[[[91.3411,22.7184],[91.3104,22.7451],[91.3124,22.7514],[91.3474,22.7548],[91.3544,22.7304],[91.3411,22.7184]]],[[[90.6001,22.7764],[90.5747,22.7445],[90.571,22.7444],[90.5676,22.7785],[90.6001,22.7764]]],[[[90.7309,22.7736],[90.7856,22.6131],[90.8678,22.5181],[90.8889,22.445],[90.8462,22.2419],[90.8319,22.2192],[90.8082,22.2193],[90.8254,22.1984],[90.8024,22.2081],[90.796,22.246],[90.7981,22.2038],[90.8209,22.1843],[90.7784,22.186],[90.8194,22.1776],[90.8219,22.1395],[90.7919,22.1083],[90.7958,22.1457],[90.783,22.1074],[90.7622,22.1112],[90.7168,22.0527],[90.7086,22.0646],[90.7371,22.132],[90.7058,22.0721],[90.6749,22.0707],[90.6781,22.1053],[90.6991,22.1114],[90.6703,22.1264],[90.6957,22.1379],[90.6597,22.1332],[90.6338,22.1481],[90.6334,22.1324],[90.6198,22.1325],[90.6111,22.1582],[90.6706,22.2784],[90.6689,22.4825],[90.6066,22.6012],[90.5888,22.6067],[90.6186,22.5467],[90.5729,22.5947],[90.5746,22.6194],[90.5634,22.6408],[90.5889,22.6338],[90.5796,22.6542],[90.5439,22.6283],[90.539,22.641],[90.5792,22.7219],[90.6594,22.7846],[90.7309,22.7736]]],[[[90.4795,22.7569],[90.4576,22.7485],[90.4346,22.7747],[90.4604,22.7881],[90.4795,22.7569]]],[[[90.5473,22.7143],[90.5288,22.6841],[90.4885,22.7697],[90.5006,22.7921],[90.5482,22.768],[90.5473,22.7143]]],[[[90.9414,22.8032],[91.0171,22.7208],[91.0126,22.7056],[90.9757,22.7222],[90.9658,22.7155],[91.0357,22.6706],[91.0292,22.6419],[91.06,22.5964],[91.0553,22.5807],[91.0512,22.5934],[91.0248,22.5766],[91.0438,22.5696],[90.9943,22.5409],[90.955,22.5481],[90.9256,22.5787],[90.9401,22.5911],[90.9144,22.5899],[90.8618,22.6339],[90.8337,22.7293],[90.7969,22.7739],[90.8751,22.8055],[90.9414,22.8032]]],[[[90.6604,22.8159],[90.6197,22.783],[90.5955,22.7887],[90.6604,22.8159]]],[[[90.7021,22.8276],[90.6815,22.8128],[90.6665,22.8261],[90.7021,22.8276]]],[[[90.4706,22.8074],[90.4526,22.8264],[90.4843,22.8343],[90.4912,22.8191],[90.4706,22.8074]]],[[[90.6322,22.838],[90.639,22.8478],[90.6454,22.8492],[90.6453,22.8443],[90.6322,22.838]]],[[[90.6937,22.8538],[90.6745,22.8379],[90.6692,22.8416],[90.6796,22.8543],[90.6937,22.8538]]],[[[90.6741,22.8794],[90.6521,22.8487],[90.6608,22.8845],[90.6741,22.8794]]],[[[90.6438,22.8594],[90.5568,22.7903],[90.4846,22.8396],[90.4608,22.8402],[90.4824,22.867],[90.5329,22.8745],[90.5502,22.8971],[90.5535,22.9442],[90.6496,22.8941],[90.6438,22.8594]]],[[[90.6388,22.9635],[90.6342,22.959],[90.6318,22.9651],[90.6388,22.9635]]],[[[90.3481,22.9398],[90.301,22.9519],[90.2948,22.9664],[90.3136,22.9686],[90.3481,22.9398]]],[[[90.368,22.9212],[90.3518,22.9514],[90.3227,22.9696],[90.3564,22.9623],[90.368,22.9212]]],[[[90.6884,22.9553],[90.6683,22.9639],[90.6485,22.9847],[90.6803,22.9808],[90.6884,22.9553]]],[[[90.4512,22.9721],[90.4551,23.0016],[90.5389,22.9578],[90.5453,22.9077],[90.5236,22.8788],[90.4671,22.8659],[90.4447,22.8264],[90.4491,22.8052],[90.4274,22.8167],[90.4278,22.8417],[90.3951,22.8281],[90.3898,22.839],[90.4218,22.8989],[90.4173,22.9163],[90.3845,22.856],[90.3951,22.7999],[90.4151,22.7819],[90.3844,22.7899],[90.42,22.7752],[90.3999,22.7644],[90.3323,22.8477],[90.3807,22.9076],[90.3533,22.9932],[90.4309,22.9917],[90.4512,22.9721]]],[[[90.4295,22.9979],[90.4198,23.0042],[90.4418,23.0056],[90.4295,22.9979]]],[[[90.4052,23.0052],[90.3919,23.0089],[90.4172,23.0099],[90.4052,23.0052]]],[[[90.5067,23.0154],[90.5003,23.0214],[90.5044,23.0251],[90.5067,23.0154]]],[[[90.496,23.0157],[90.4733,23.0279],[90.4772,23.042],[90.496,23.0157]]],[[[90.5628,22.9968],[90.5357,23.0213],[90.5551,23.048],[90.5669,23.0068],[90.5628,22.9968]]],[[[90.3079,23.0375],[90.2751,23.039],[90.2918,23.0496],[90.3079,23.0375]]],[[[90.5048,23.0334],[90.491,23.0532],[90.5057,23.0637],[90.5083,23.062],[90.5048,23.0334]]],[[[90.5266,23.0634],[90.5192,23.06],[90.5234,23.0689],[90.5266,23.0634]]],[[[90.5131,23.0812],[90.5003,23.1001],[90.5168,23.1384],[90.5241,23.0914],[90.5131,23.0812]]],[[[90.4691,23.1551],[90.4774,23.1301],[90.4571,23.1226],[90.4691,23.1551]]],[[[90.5338,23.169],[90.5449,23.1982],[90.5412,23.1433],[90.5221,23.1767],[90.5317,23.2004],[90.5338,23.169]]],[[[90.4922,23.0819],[90.4684,23.097],[90.4477,23.0556],[90.4435,23.1068],[90.4907,23.1312],[90.4643,23.1914],[90.4687,23.2012],[90.4724,23.1855],[90.5053,23.1688],[90.4922,23.0819]]],[[[90.5569,23.1601],[90.5541,23.1765],[90.5756,23.2083],[90.5761,23.1787],[90.5569,23.1601]]],[[[90.5566,23.1903],[90.5544,23.2059],[90.5569,23.2114],[90.5661,23.2048],[90.5566,23.1903]]],[[[90.5963,23.2287],[90.5835,23.218],[90.5954,23.2312],[90.5963,23.2287]]],[[[90.6188,23.2298],[90.6138,23.2315],[90.6161,23.2364],[90.6188,23.2298]]],[[[90.5578,23.2282],[90.5631,23.2392],[90.5731,23.2392],[90.5704,23.2357],[90.5578,23.2282]]],[[[90.5803,23.239],[90.5713,23.2467],[90.5838,23.26],[90.586,23.2534],[90.5803,23.239]]],[[[90.6334,23.2534],[90.6232,23.2389],[90.6207,23.2617],[90.6334,23.2534]]],[[[94.1067,23.0619],[94.026,23.0953],[93.9926,23.176],[94.026,23.2566],[94.1067,23.29],[94.1873,23.2566],[94.2207,23.176],[94.1873,23.0953],[94.1067,23.0619]]],[[[90.5699,23.3181],[90.57,23.308],[90.5656,23.3198],[90.5699,23.3181]]],[[[90.5526,23.3295],[90.5583,23.3138],[90.5449,23.3286],[90.5526,23.3295]]],[[[90.1766,23.3369],[90.2574,23.3069],[90.2334,23.2961],[90.2286,23.2652],[90.1662,23.2687],[90.1826,23.2415],[90.1276,23.2454],[90.1311,23.2632],[90.1245,23.2738],[90.0892,23.2811],[90.1766,23.3369]]],[[[90.4511,23.3395],[90.5188,23.3285],[90.552,23.2822],[90.5409,23.2371],[90.5004,23.1797],[90.4761,23.1948],[90.5004,23.2449],[90.4938,23.299],[90.4511,23.3395]]],[[[90.591,23.3393],[90.5829,23.3499],[90.5832,23.3552],[90.5857,23.3557],[90.591,23.3393]]],[[[90.6816,23.3461],[90.6734,23.3486],[90.6783,23.3582],[90.6816,23.3461]]],[[[90.542,23.3558],[90.5275,23.3583],[90.5292,23.3648],[90.542,23.3558]]],[[[90.3749,23.3544],[90.4122,23.3025],[90.4839,23.2994],[90.4857,23.2465],[90.4622,23.2026],[90.4646,23.2254],[90.4534,23.2116],[90.4659,23.1672],[90.4326,23.0911],[90.4477,23.028],[90.3609,23.0111],[90.3426,22.9819],[90.326,22.9816],[90.3087,23.0538],[90.3259,23.0679],[90.3326,23.1087],[90.3229,23.1024],[90.2729,23.1468],[90.267,23.1328],[90.2905,23.1207],[90.2538,23.1253],[90.2444,23.1379],[90.2657,23.1601],[90.2142,23.1915],[90.1842,23.1708],[90.1781,23.1892],[90.2071,23.2097],[90.2108,23.224],[90.1721,23.262],[90.233,23.2607],[90.2526,23.2882],[90.24,23.2931],[90.2866,23.3161],[90.2985,23.35],[90.327,23.366],[90.3749,23.3544]]],[[[90.4849,23.346],[90.4467,23.3667],[90.4464,23.3699],[90.4849,23.346]]],[[[90.3463,23.3767],[90.3214,23.3768],[90.2989,23.3679],[90.3205,23.3807],[90.3463,23.3767]]],[[[90.1966,23.3718],[90.1883,23.3811],[90.1896,23.386],[90.1966,23.3718]]],[[[90.5444,23.3781],[90.5605,23.3717],[90.5602,23.3673],[90.5444,23.3781]]],[[[90.4838,23.3712],[90.4649,23.3665],[90.4238,23.3903],[90.443,23.395],[90.4838,23.3712]]],[[[90.4311,23.3598],[90.4532,23.3159],[90.4206,23.3182],[90.3478,23.3944],[90.4311,23.3598]]],[[[90.4506,23.3978],[90.4948,23.3982],[90.501,23.3839],[90.4506,23.3978]]],[[[90.4177,23.394],[90.3949,23.4],[90.3924,23.4059],[90.4093,23.4048],[90.4177,23.394]]],[[[90.184,23.3987],[90.1658,23.4199],[90.1682,23.4225],[90.184,23.3987]]],[[[90.5905,23.4175],[90.5798,23.4195],[90.5714,23.3878],[90.5818,23.3682],[90.5719,23.3743],[90.5656,23.4056],[90.5814,23.4285],[90.5905,23.4175]]],[[[90.1768,23.4246],[90.167,23.4337],[90.1686,23.4386],[90.1768,23.4246]]],[[[90.3316,23.3845],[90.286,23.3796],[90.2958,23.3708],[90.2708,23.3264],[90.2139,23.3613],[90.245,23.326],[90.2056,23.3503],[90.1836,23.4498],[90.3316,23.3845]]],[[[90.5754,23.4453],[90.5686,23.4417],[90.5742,23.4501],[90.5754,23.4453]]],[[[90.2377,23.4724],[90.2303,23.4706],[90.2255,23.4789],[90.2377,23.4724]]],[[[90.5591,23.449],[90.544,23.4543],[90.5431,23.4794],[90.5615,23.4807],[90.5591,23.449]]],[[[90.6257,23.4934],[90.6083,23.4922],[90.6263,23.4961],[90.6257,23.4934]]],[[[90.199,23.4973],[90.1865,23.4972],[90.1838,23.5031],[90.199,23.4973]]],[[[90.7068,23.5051],[90.6946,23.4979],[90.702,23.5148],[90.7068,23.5051]]],[[[90.6821,23.4877],[90.6611,23.49],[90.6436,23.5019],[90.6637,23.5167],[90.6888,23.5014],[90.6821,23.4877]]],[[[90.5756,23.5199],[90.5607,23.5261],[90.5573,23.5384],[90.5756,23.5199]]],[[[90.7032,23.5522],[90.7019,23.5256],[90.6912,23.5485],[90.7032,23.5522]]],[[[90.6949,23.5552],[90.6936,23.5641],[90.6992,23.5613],[90.6949,23.5552]]],[[[90.5668,23.5437],[90.5542,23.5553],[90.5521,23.5666],[90.5566,23.5649],[90.5668,23.5437]]],[[[90.4697,23.5534],[90.4532,23.549],[90.4394,23.5536],[90.4698,23.5718],[90.4697,23.5534]]],[[[90.6905,23.5679],[90.6789,23.5747],[90.6804,23.5794],[90.6905,23.5679]]],[[[90.4258,23.5723],[90.408,23.5882],[90.4039,23.6053],[90.4199,23.5975],[90.4258,23.5723]]],[[[90.4335,23.558],[90.4244,23.6027],[90.431,23.6061],[90.4432,23.5992],[90.4335,23.558]]],[[[90.4844,23.5823],[90.5024,23.5851],[90.4538,23.5754],[90.4477,23.6043],[90.4844,23.5823]]],[[[90.6371,23.6107],[90.6946,23.5158],[90.6576,23.5209],[90.5851,23.4883],[90.5658,23.5872],[90.5918,23.5834],[90.6371,23.6107]]],[[[90.405,23.6106],[90.3909,23.6159],[90.4177,23.611],[90.405,23.6106]]],[[[90.1143,23.5944],[90.0967,23.6051],[90.0878,23.6174],[90.1101,23.6069],[90.1143,23.5944]]],[[[90.6195,23.6099],[90.6019,23.6062],[90.6261,23.6259],[90.6195,23.6099]]],[[[90.6769,23.6476],[90.7322,23.6524],[90.7598,23.6309],[90.7358,23.6271],[90.7284,23.5956],[90.6956,23.5734],[90.6684,23.59],[90.6536,23.6235],[90.6585,23.6553],[90.6769,23.6476]]],[[[90.6474,23.6139],[90.6317,23.6169],[90.6428,23.6569],[90.6634,23.6642],[90.6503,23.6478],[90.6474,23.6139]]],[[[90.6841,23.6613],[90.6694,23.6628],[90.6724,23.669],[90.6841,23.6613]]],[[[90.6641,23.6736],[90.6529,23.6724],[90.6474,23.6798],[90.6641,23.6736]]],[[[90.7168,23.6597],[90.7013,23.6628],[90.6913,23.6714],[90.7264,23.6788],[90.7168,23.6597]]],[[[89.932,23.6851],[89.902,23.7014],[89.8987,23.7073],[89.9318,23.6995],[89.932,23.6851]]],[[[89.8689,23.7138],[89.8656,23.7068],[89.8625,23.712],[89.8689,23.7138]]],[[[90.7331,23.6942],[90.6946,23.6848],[90.7146,23.7266],[90.7331,23.6942]]],[[[89.8686,23.7271],[89.8652,23.7226],[89.8641,23.7265],[89.8686,23.7271]]],[[[89.8568,23.7306],[89.8515,23.7281],[89.8513,23.7308],[89.8568,23.7306]]],[[[90.3547,23.715],[90.3412,23.7247],[90.3291,23.7271],[90.3466,23.7315],[90.3547,23.715]]],[[[90.3778,23.6956],[90.4183,23.6844],[90.4643,23.628],[90.4239,23.6183],[90.4349,23.637],[90.429,23.6419],[90.415,23.624],[90.3878,23.6461],[90.3978,23.6253],[90.3645,23.63],[90.288,23.6726],[90.2617,23.7243],[90.2876,23.7327],[90.3085,23.7608],[90.313,23.7323],[90.3778,23.6956]]],[[[89.8001,23.7323],[89.786,23.7414],[89.7868,23.7639],[89.7904,23.7596],[89.8001,23.7323]]],[[[90.2259,23.725],[90.2118,23.7551],[90.2416,23.792],[90.2522,23.7467],[90.2259,23.725]]],[[[89.5194,23.7947],[89.5108,23.7867],[89.5043,23.7927],[89.5194,23.7947]]],[[[89.6352,23.7783],[89.7308,23.7624],[89.8567,23.6605],[89.9485,23.6357],[90.0246,23.5566],[90.0179,23.5823],[90.083,23.573],[90.1256,23.5454],[90.1578,23.4889],[90.1593,23.4206],[90.2067,23.3338],[90.17,23.3466],[90.1639,23.3639],[90.1862,23.3591],[90.1608,23.3676],[90.1665,23.3332],[90.1253,23.3055],[90.1205,23.3356],[90.1417,23.3597],[90.1445,23.3786],[90.1279,23.351],[90.0995,23.359],[90.1208,23.3473],[90.1189,23.3041],[90.093,23.3005],[90.0871,23.2728],[90.1245,23.2685],[90.1217,23.2487],[90.1287,23.2416],[90.2023,23.2256],[90.1987,23.2096],[90.1681,23.2041],[90.1774,23.1665],[90.219,23.1829],[90.2485,23.1621],[90.2336,23.1421],[90.2452,23.1232],[90.3091,23.1128],[90.3167,23.0671],[90.2678,23.0431],[90.2726,23.0254],[90.3072,23.0209],[90.3206,22.9865],[90.2739,22.9687],[90.2991,22.9434],[90.3537,22.9212],[90.3456,22.884],[90.3205,22.8726],[90.3213,22.8502],[90.3726,22.7652],[90.3682,22.7366],[90.4195,22.7331],[90.4167,22.7138],[90.3964,22.729],[90.3831,22.7054],[90.4003,22.7234],[90.4204,22.7086],[90.4297,22.7305],[90.4193,22.7453],[90.378,22.7401],[90.3825,22.7586],[90.4243,22.7652],[90.4692,22.7349],[90.485,22.6991],[90.4769,22.6561],[90.4961,22.6723],[90.5194,22.6294],[90.5042,22.5879],[90.5187,22.5991],[90.5798,22.5261],[90.6096,22.3743],[90.6012,22.2741],[90.5587,22.2382],[90.5212,22.184],[90.5066,22.1851],[90.4373,22.0668],[90.4221,22.1192],[90.4427,22.1513],[90.4269,22.1517],[90.4192,22.1262],[90.4192,22.0904],[90.3882,22.0901],[90.3847,22.1054],[90.4039,22.1682],[90.4261,22.1813],[90.3999,22.2179],[90.4165,22.2649],[90.4035,22.2838],[90.4191,22.2895],[90.3788,22.2931],[90.4149,22.3388],[90.3641,22.2952],[90.4059,22.2709],[90.395,22.204],[90.4179,22.1836],[90.3986,22.1722],[90.3831,22.1366],[90.3408,22.1621],[90.3872,22.1955],[90.3873,22.2114],[90.3562,22.1794],[90.3438,22.1957],[90.3498,22.1792],[90.3338,22.1633],[90.3784,22.1309],[90.3751,22.1053],[90.3331,22.1088],[90.2616,22.0404],[90.2751,22.0358],[90.278,21.9971],[90.2568,21.9557],[90.211,21.9826],[90.2135,22.0022],[90.1962,21.9784],[90.2287,21.9716],[90.2343,21.9583],[90.2176,21.9508],[90.2685,21.9463],[90.2409,21.8994],[90.2606,21.8846],[90.2549,21.8666],[90.2241,21.8543],[90.2042,21.8874],[90.2401,21.9344],[90.1969,21.8906],[90.2199,21.8528],[90.2631,21.8583],[90.2478,21.8376],[90.2163,21.8373],[90.2556,21.8273],[90.2116,21.8183],[90.1755,21.7891],[90.132,21.7907],[90.092,21.8147],[90.0824,21.841],[90.1222,21.8485],[90.1003,21.8554],[90.1103,21.884],[90.1543,21.8854],[90.1589,21.8603],[90.1728,21.8697],[90.1519,21.8956],[90.1886,21.9228],[90.144,21.8906],[90.1158,21.8993],[90.1162,21.9159],[90.15,21.9227],[90.1372,21.9485],[90.1685,21.9805],[90.1406,21.9702],[90.128,21.9914],[90.1418,21.9247],[90.1114,21.9219],[90.0988,21.8944],[90.0991,21.9412],[90.0725,22.0004],[90.0992,22.0506],[90.1633,22.1145],[90.2134,22.1143],[90.2283,22.1641],[90.2542,22.1638],[90.2717,22.1772],[90.2864,22.2071],[90.2723,22.2089],[90.2588,22.1722],[90.229,22.1724],[90.2401,22.1932],[90.2206,22.219],[90.2077,22.3093],[90.2269,22.3379],[90.2896,22.3505],[90.2973,22.3714],[90.2696,22.3586],[90.2657,22.3711],[90.2809,22.4069],[90.3137,22.4635],[90.3413,22.4589],[90.3619,22.4905],[90.3405,22.4664],[90.3148,22.4741],[90.2586,22.3754],[90.2548,22.3443],[90.2223,22.3421],[90.1991,22.3026],[90.2097,22.2143],[90.2298,22.1915],[90.2032,22.1238],[90.1608,22.1241],[90.0879,22.0556],[90.0515,21.9702],[90.0298,21.9971],[90.0275,21.9782],[90.0,21.9882],[89.993,22.0361],[90.0307,22.0628],[90.0436,22.1336],[90.0717,22.1533],[90.1399,22.1551],[90.0801,22.1586],[90.0257,22.189],[90.081,22.2209],[90.1116,22.2858],[90.1016,22.3424],[90.176,22.4215],[90.2018,22.4859],[90.206,22.5118],[90.1876,22.5224],[90.2028,22.5725],[90.1858,22.6255],[90.2519,22.6212],[90.2832,22.6302],[90.2942,22.6556],[90.2487,22.6279],[90.181,22.6276],[90.1975,22.5676],[90.1819,22.5223],[90.1989,22.509],[90.1936,22.4802],[90.1724,22.4297],[90.095,22.3491],[90.1048,22.3039],[90.0669,22.2145],[90.025,22.1966],[90.0234,22.1724],[90.0632,22.1618],[90.0153,22.1191],[90.0183,22.0663],[89.9809,22.0416],[89.9896,21.991],[89.9644,21.9769],[89.9092,22.0731],[89.9175,22.136],[89.8787,22.2524],[89.9197,22.3718],[89.9847,22.4388],[90.0,22.4869],[90.025,22.4901],[90.033,22.5719],[90.065,22.6087],[90.0571,22.6225],[90.0268,22.599],[90.0327,22.6527],[90.0038,22.6772],[90.028,22.6463],[90.0132,22.5988],[90.0307,22.5814],[90.0179,22.4944],[89.9546,22.5055],[89.9855,22.4867],[89.9782,22.4521],[89.9057,22.3863],[89.8834,22.4052],[89.8834,22.4302],[89.8774,22.4139],[89.8987,22.3721],[89.8448,22.2487],[89.8905,22.1211],[89.8528,22.0679],[89.8188,22.066],[89.8534,22.0483],[89.8854,21.9055],[89.8584,21.8784],[89.8456,21.8859],[89.8408,21.856],[89.7715,21.8311],[89.7896,21.879],[89.7542,21.8561],[89.7334,21.8909],[89.7493,21.8346],[89.7143,21.8341],[89.7023,21.8494],[89.6756,21.8377],[89.6586,21.8922],[89.6795,21.9049],[89.6554,21.9134],[89.6339,21.8679],[89.7121,21.7853],[89.7124,21.7662],[89.6592,21.7511],[89.6548,21.765],[89.6067,21.7601],[89.6137,21.8111],[89.5627,21.8637],[89.5901,21.9386],[89.5607,21.9692],[89.5603,21.9911],[89.5152,21.9904],[89.5251,21.9563],[89.5123,21.8993],[89.4971,21.9081],[89.4607,21.8522],[89.4337,21.8477],[89.4627,21.8461],[89.4712,21.8204],[89.4581,21.8139],[89.4796,21.8006],[89.4783,21.7724],[89.4257,21.7147],[89.3906,21.7084],[89.3654,21.746],[89.3557,21.8089],[89.3899,21.9021],[89.3671,21.9046],[89.3181,21.8611],[89.3072,21.8207],[89.2867,21.8053],[89.2927,21.7564],[89.2312,21.7683],[89.2193,21.7572],[89.197,21.8047],[89.1643,21.79],[89.1079,21.8105],[89.1121,21.8547],[89.0887,21.908],[89.0948,21.9381],[89.0835,21.9386],[89.0634,21.9272],[89.0904,21.8542],[89.0866,21.8134],[89.1522,21.7414],[89.1374,21.7198],[89.1154,21.7204],[89.0518,21.7859],[89.0648,21.8682],[89.0397,21.9077],[89.001,21.9031],[88.9972,21.8895],[89.0372,21.8577],[89.0246,21.8014],[89.0356,21.7544],[89.0801,21.7081],[89.1033,21.645],[89.0968,21.625],[89.0595,21.6116],[89.028,21.6634],[89.0061,21.6549],[89.0292,21.6541],[89.043,21.6175],[89.0167,21.6008],[88.9943,21.6465],[88.9946,21.6095],[88.9519,21.6408],[88.928,21.6302],[88.8989,21.6496],[88.8754,21.701],[88.8799,21.7675],[88.8496,21.7251],[88.8692,21.6433],[88.8529,21.6161],[88.8139,21.631],[88.8229,21.6604],[88.7594,21.6566],[88.7243,21.6805],[88.6993,21.7411],[88.7229,21.8073],[88.6998,21.8403],[88.7311,21.9352],[88.7291,21.976],[88.7903,22.0183],[88.7667,22.0237],[88.7594,22.0502],[88.7747,22.0519],[88.7486,22.0659],[88.7157,22.0484],[88.7415,22.0282],[88.735,22.0071],[88.6685,22.0226],[88.6445,22.1181],[88.631,22.1198],[88.6214,22.105],[88.6438,22.046],[88.6084,21.972],[88.6202,21.9377],[88.5852,21.9852],[88.5792,21.9633],[88.611,21.9322],[88.6096,21.9095],[88.5833,21.8856],[88.5618,21.814],[88.5031,21.8849],[88.5314,21.9303],[88.5095,21.9704],[88.5525,21.9851],[88.5652,22.0228],[88.5449,21.9865],[88.5049,21.973],[88.5103,21.9217],[88.485,21.8966],[88.4664,21.9001],[88.4688,21.9487],[88.4597,21.9382],[88.4534,21.9068],[88.4633,21.8964],[88.4841,21.8913],[88.5001,21.8489],[88.4583,21.8201],[88.469,21.7932],[88.4479,21.8015],[88.4292,21.7659],[88.4363,21.7042],[88.4196,21.6881],[88.4183,21.6661],[88.4412,21.6244],[88.4216,21.6097],[88.4177,21.5818],[88.3929,21.6083],[88.4045,21.6197],[88.3891,21.6672],[88.4121,21.717],[88.3795,21.7303],[88.3991,21.7368],[88.4075,21.7646],[88.3915,21.7795],[88.4082,21.7984],[88.4001,21.8346],[88.4213,21.8892],[88.3996,21.8993],[88.4164,21.9231],[88.4056,21.9516],[88.3903,21.9667],[88.4057,21.9738],[88.4124,21.9947],[88.3873,21.9675],[88.4114,21.9216],[88.396,21.9071],[88.3979,21.8949],[88.4077,21.8854],[88.3976,21.8749],[88.3953,21.7943],[88.3717,21.8007],[88.3643,21.8528],[88.3642,21.8014],[88.3296,21.7886],[88.3146,21.7988],[88.2816,21.7969],[88.2765,21.8073],[88.3154,21.8303],[88.3238,21.8496],[88.311,21.8646],[88.2686,21.865],[88.3175,21.8502],[88.2587,21.7956],[88.2892,21.7581],[88.2832,21.7309],[88.3067,21.6718],[88.3004,21.5917],[88.3253,21.5806],[88.3064,21.5615],[88.2626,21.5575],[88.2265,21.6188],[88.2493,21.6474],[88.2411,21.6786],[88.2116,21.6855],[88.2308,21.6996],[88.2186,21.7919],[88.2381,21.7646],[88.2396,21.7811],[88.2115,21.8029],[88.2035,21.8456],[88.166,21.888],[88.1748,21.9239],[88.1487,21.9596],[88.1863,21.9934],[88.2351,22.0789],[88.2142,22.1574],[88.1788,22.195],[88.0826,22.2206],[88.0342,22.2183],[88.0321,22.2018],[88.1438,22.1871],[88.1902,22.1329],[88.1961,22.1048],[88.1618,22.0645],[88.067,22.0155],[87.9805,21.8551],[87.9519,21.8236],[87.8866,21.803],[87.8924,21.7812],[87.8286,21.7222],[87.7551,21.7008],[87.7498,21.6855],[87.6786,21.6537],[87.6499,21.6646],[87.6369,21.6472],[87.3726,21.5781],[87.366,21.5609],[87.1955,21.5494],[87.0644,21.4708],[86.8946,21.3136],[86.8168,21.1382],[86.9296,20.9008],[86.9701,20.8491],[86.9758,20.768],[87.0013,20.7584],[87.0138,20.7253],[86.996,20.6992],[87.0247,20.6897],[87.052,20.7035],[86.7655,20.5046],[86.7358,20.449],[86.7409,20.4177],[86.7226,20.3935],[86.7414,20.3757],[86.7284,20.3611],[86.7785,20.3974],[86.7709,20.3651],[86.7859,20.3717],[86.7636,20.3353],[86.8031,20.3666],[86.8079,20.3953],[86.8074,20.3638],[86.7191,20.2992],[86.6865,20.3181],[86.683,20.2911],[86.6943,20.2819],[86.7649,20.3146],[86.5418,20.1847],[86.4254,20.0257],[86.4299,20.0505],[86.4185,20.038],[86.4012,20.0047],[86.4288,19.9947],[86.4181,19.9776],[86.2504,19.9029],[85.8202,19.7902],[85.6052,19.7074],[85.3281,19.5669],[85.1224,19.4198],[85.0869,19.3687],[84.9609,19.2916],[84.8096,19.1478],[84.8041,19.1159],[84.6929,18.9579],[84.6006,18.8682],[84.5635,18.7904],[84.4572,18.6851],[84.4484,18.6543],[84.3818,18.5947],[84.3651,18.5534],[84.1666,18.3787],[84.1375,18.3434],[84.1411,18.3142],[83.9623,18.2157],[83.9344,18.2254],[83.9453,18.21],[83.8113,18.1604],[83.6734,18.085],[83.5755,18.0095],[83.5411,17.9497],[83.4722,17.8985],[83.4679,17.9212],[83.4438,17.934],[83.449,17.9081],[83.4672,17.8865],[83.4135,17.8402],[83.4172,17.8083],[83.3542,17.7525],[83.3507,17.7279],[83.2944,17.6912],[83.3009,17.6775],[83.2456,17.6371],[83.2152,17.5903],[83.0229,17.5088],[82.9939,17.4732],[82.8843,17.4241],[82.8832,17.4381],[82.8655,17.4155],[82.6197,17.2943],[82.4936,17.2121],[82.3045,17.0442],[82.2794,17.0015],[82.2777,16.9443],[82.2529,16.9186],[82.2666,16.8866],[82.2571,16.864],[82.2721,16.8873],[82.276,16.8548],[82.2921,16.8749],[82.3044,16.8567],[82.3192,16.8678],[82.3205,16.8373],[82.3419,16.8605],[82.3691,16.8561],[82.3656,16.8116],[82.3749,16.9175],[82.3489,16.9698],[82.3717,16.953],[82.3799,16.9037],[82.3559,16.7128],[82.3225,16.6489],[82.3214,16.6135],[82.3019,16.6042],[82.3175,16.5846],[81.9553,16.3973],[81.6953,17.1125],[81.6953,17.8878],[82.7619,19.2487],[83.5928,20.0475],[84.6473,20.7506],[86.1173,21.9969],[87.9832,23.3077],[89.2798,23.7627],[89.4873,23.7904],[89.5154,23.7764],[89.5362,23.7953],[89.5572,23.7892],[89.6008,23.7972],[89.6352,23.7783]]],[[[89.741,23.7775],[89.6852,23.7896],[89.6826,23.8011],[89.718,23.8016],[89.741,23.7775]]],[[[89.6648,23.8039],[89.6752,23.7892],[89.6375,23.7862],[89.6373,23.7995],[89.6648,23.8039]]],[[[89.7791,23.7421],[89.7587,23.7631],[89.7438,23.8037],[89.7758,23.7887],[89.7791,23.7421]]],[[[89.5659,23.796],[89.5465,23.7973],[89.599,23.8054],[89.5659,23.796]]],[[[89.6167,23.8034],[89.5997,23.8055],[89.6184,23.8079],[89.6167,23.8034]]],[[[90.0567,23.865],[90.0409,23.8278],[90.0514,23.8153],[90.0887,23.83],[90.1247,23.8071],[90.1837,23.8023],[90.2068,23.8157],[90.2226,23.8004],[90.2415,23.8149],[90.2059,23.7537],[90.221,23.7216],[90.2524,23.721],[90.2746,23.6862],[90.2557,23.7074],[90.2383,23.7112],[90.2208,23.7081],[90.1813,23.7401],[90.1924,23.7203],[90.1626,23.7198],[90.1492,23.7107],[90.1219,23.7371],[90.0698,23.7579],[90.0232,23.7635],[90.0245,23.7952],[90.0021,23.816],[90.0195,23.7627],[90.1205,23.7334],[90.1497,23.7043],[90.1739,23.7165],[90.2205,23.7031],[90.2477,23.7076],[90.276,23.6548],[90.3797,23.6165],[90.4018,23.5883],[90.3789,23.5678],[90.4098,23.5802],[90.4377,23.5451],[90.4635,23.5452],[90.5054,23.5721],[90.5302,23.5669],[90.5701,23.4832],[90.538,23.4837],[90.5339,23.4659],[90.5539,23.4263],[90.5281,23.3907],[90.4858,23.4204],[90.4204,23.4161],[90.2542,23.4608],[90.1641,23.5242],[90.1103,23.6129],[89.97,23.6581],[89.9179,23.7216],[89.8058,23.7917],[89.7855,23.8303],[90.0567,23.865]]],[[[90.1436,23.827],[90.176,23.8211],[90.2026,23.8355],[90.2338,23.8213],[90.2236,23.8068],[90.2054,23.8221],[90.1823,23.8071],[90.1342,23.812],[90.0872,23.8364],[90.1157,23.8541],[90.1171,23.8704],[90.1436,23.827]]],[[[98.0,14.2877],[97.9679,14.3954],[98.0,14.4789],[98.0,14.2877]]],[[[97.9973,14.4796],[97.9654,14.4261],[97.9408,14.5262],[97.9058,14.5783],[97.9134,14.6195],[97.9047,14.6107],[97.8728,14.671],[97.8944,14.7054],[97.8855,14.723],[97.8678,14.7078],[97.8392,14.7188],[97.7918,14.8683],[97.8083,14.9501],[97.7969,14.9972],[97.8132,15.0062],[97.8244,15.0243],[97.791,14.9984],[97.7707,15.0183],[97.7958,15.0271],[97.8063,15.1503],[97.787,15.1795],[97.7951,15.1903],[97.7653,15.1971],[97.7387,15.2445],[97.7417,15.295],[97.7215,15.3328],[97.7275,15.3548],[97.7469,15.3561],[97.7465,15.3837],[97.7828,15.397],[97.7408,15.4871],[97.762,15.5281],[97.6994,15.7541],[97.7217,15.7717],[97.7179,15.8434],[97.6754,15.9144],[97.6103,15.949],[97.6035,15.9803],[97.5713,16.0108],[97.5582,16.0726],[97.5967,16.0851],[97.6143,16.0611],[97.6277,16.0504],[97.648,16.0442],[97.6654,16.0486],[97.6772,16.0283],[97.6969,16.0274],[97.6673,16.0521],[97.6202,16.0587],[97.6072,16.1036],[97.5978,16.097],[97.6438,16.27],[97.6155,16.3556],[97.6294,16.3873],[97.6141,16.4256],[97.6284,16.4532],[97.6253,16.5],[97.6486,16.4984],[97.6621,16.5123],[97.6624,16.4765],[97.6823,16.4655],[97.7025,16.4706],[97.7044,16.4501],[97.7232,16.4502],[97.7198,16.4268],[97.7539,16.4141],[97.7355,16.4023],[97.7334,16.3833],[97.7784,16.3746],[97.7974,16.354],[97.7858,16.3396],[97.7874,16.3327],[97.8346,16.3236],[97.8601,16.2918],[97.8887,16.2862],[97.8521,16.3024],[97.8441,16.3234],[97.7924,16.3327],[97.8031,16.3534],[97.7905,16.3703],[97.7614,16.386],[97.7372,16.386],[97.7578,16.4177],[97.7289,16.4247],[97.7259,16.4541],[97.7068,16.4536],[97.7023,16.474],[97.6641,16.48],[97.6755,16.5007],[97.6684,16.5455],[97.7465,16.5616],[97.7089,16.5706],[97.6685,16.5549],[97.6441,16.6134],[97.6214,16.6433],[97.6076,16.581],[97.6264,16.5585],[97.6215,16.5187],[97.5325,16.5376],[97.4885,16.5387],[97.481,16.5218],[97.3928,16.5251],[97.3629,16.479],[97.3284,16.6589],[97.3466,16.6471],[97.3939,16.64],[97.4108,16.6424],[97.4241,16.6584],[97.3928,16.6437],[97.3457,16.6544],[97.3406,16.6666],[97.3578,16.6694],[97.3476,16.6786],[97.328,16.667],[97.3301,16.6963],[97.3439,16.6953],[97.3419,16.7341],[97.3402,16.7096],[97.3207,16.7102],[97.3185,16.668],[97.2772,16.6862],[97.2398,16.7684],[97.2498,16.8225],[97.2349,16.8088],[97.2226,16.8417],[97.227,16.8573],[97.2664,16.8441],[97.2781,16.8505],[97.2659,16.8701],[97.265,16.8481],[97.2228,16.8672],[97.2092,16.8129],[97.1998,16.8823],[97.2181,16.9017],[97.2191,16.9379],[97.1906,16.8911],[97.1749,16.8905],[97.1693,16.9107],[97.2072,17.008],[97.1547,17.0679],[97.1533,17.0952],[97.1909,17.1169],[97.2134,17.0874],[97.2646,17.1036],[97.2278,17.1029],[97.2063,17.1338],[97.1791,17.1294],[97.1365,17.1162],[97.1343,17.0806],[97.1143,17.0778],[97.0887,17.1652],[97.1067,17.1878],[97.0833,17.1817],[97.0592,17.2533],[97.0003,17.2668],[97.0091,17.3],[96.9116,17.357],[96.8832,17.4541],[96.8649,17.3961],[96.8417,17.3905],[96.849,17.4134],[96.8209,17.4331],[96.7918,17.4904],[96.7344,17.4353],[96.7735,17.3764],[96.7225,17.3474],[96.6924,17.3664],[96.6584,17.3486],[96.6488,17.3303],[96.6683,17.2691],[96.6962,17.2479],[96.7086,17.2545],[96.6769,17.2675],[96.6854,17.3453],[96.7251,17.3382],[96.8366,17.3809],[96.8401,17.3648],[96.8443,17.3762],[96.8597,17.3615],[96.856,17.3431],[96.863,17.3527],[96.9111,17.3214],[96.8907,17.3119],[96.9129,17.3049],[96.9024,17.2717],[96.8335,17.2052],[96.8487,17.2008],[96.8771,17.1122],[96.9001,17.0889],[96.9121,17.0177],[96.8737,16.911],[96.8383,16.9272],[96.8509,16.9591],[96.8346,16.9511],[96.8316,16.9194],[96.8552,16.8877],[96.8359,16.9046],[96.8251,16.8937],[96.8072,16.9106],[96.7967,16.9065],[96.8333,16.8788],[96.8531,16.8372],[96.8078,16.7555],[96.7808,16.7818],[96.7746,16.7731],[96.8013,16.7397],[96.7713,16.6916],[96.5964,16.5366],[96.4938,16.5046],[96.3837,16.4966],[96.2847,16.5537],[96.2867,16.5918],[96.3336,16.6234],[96.4269,16.6076],[96.4699,16.6127],[96.3313,16.6287],[96.2874,16.6001],[96.2777,16.5775],[96.2638,16.6474],[96.2348,16.6789],[96.2228,16.7542],[96.3156,16.8334],[96.3456,16.8333],[96.3941,16.8594],[96.4084,16.8552],[96.4861,16.8699],[96.5119,16.8882],[96.4839,16.8731],[96.3948,16.864],[96.3244,16.8384],[96.32,16.869],[96.3477,16.9059],[96.3007,16.8637],[96.298,16.8408],[96.2776,16.8693],[96.3037,16.8261],[96.2035,16.7632],[96.1848,16.7765],[96.195,16.7898],[96.1915,16.7999],[96.2124,16.7983],[96.2246,16.8111],[96.2182,16.8412],[96.2089,16.8458],[96.2203,16.8109],[96.1917,16.8059],[96.1802,16.7768],[96.1973,16.7597],[96.1288,16.7711],[96.1208,16.8137],[96.1155,16.8122],[96.1319,16.7589],[96.119,16.7566],[96.1921,16.7409],[96.2157,16.6707],[96.2461,16.636],[96.2365,16.6078],[96.1735,16.5831],[96.1736,16.5163],[96.1926,16.4892],[96.1754,16.4635],[96.1417,16.4537],[96.1627,16.4177],[96.0771,16.3572],[96.0173,16.3845],[95.9964,16.4107],[95.9121,16.4109],[95.9275,16.385],[95.9059,16.3295],[95.8912,16.2446],[95.7785,16.1291],[95.7544,16.1266],[95.7404,16.1452],[95.7269,16.264],[95.7096,16.2731],[95.7229,16.2566],[95.7382,16.113],[95.6966,16.046],[95.6931,15.9993],[95.6483,15.9258],[95.5158,15.7881],[95.4568,15.7474],[95.4672,15.7451],[95.3713,15.7047],[95.3125,15.7078],[95.283,15.721],[95.2704,15.8008],[95.2792,15.8463],[95.3045,15.8527],[95.2973,15.8621],[95.3195,15.8808],[95.3399,15.88],[95.3404,15.9022],[95.3479,15.8805],[95.3809,15.8721],[95.3989,15.8768],[95.4126,15.9057],[95.3871,15.8768],[95.3534,15.8849],[95.3388,15.9054],[95.3356,15.8829],[95.3225,15.8868],[95.2984,15.8701],[95.3478,15.9473],[95.364,16.0503],[95.3962,16.0616],[95.3628,16.0583],[95.3368,16.0993],[95.3706,16.1492],[95.3907,16.2396],[95.3263,16.1926],[95.306,16.1581],[95.3266,16.0873],[95.2792,16.0394],[95.2352,15.9326],[95.2101,15.8565],[95.2226,15.7902],[95.1768,15.7679],[95.1243,15.7917],[95.1094,15.8899],[95.1332,16.0193],[95.1896,16.0246],[95.1927,16.0799],[95.2671,16.1495],[95.1911,16.1138],[95.2079,16.1777],[95.1799,16.1374],[95.1526,16.1389],[95.165,16.1263],[95.1328,16.1239],[95.1442,16.168],[95.1293,16.2051],[95.1408,16.2315],[95.1236,16.2067],[95.1323,16.1672],[95.1198,16.1153],[95.0867,16.0923],[95.0561,16.0355],[95.0701,15.9441],[95.0369,15.8038],[95.0011,15.7788],[94.9868,15.7848],[94.9842,15.8484],[94.9821,15.76],[94.9476,15.7412],[94.8343,15.7808],[94.8398,15.8061],[94.8893,15.8274],[94.8713,15.8954],[94.9508,15.9456],[94.9443,15.9536],[94.8637,15.8968],[94.873,15.8249],[94.845,15.8298],[94.8373,15.8467],[94.8501,15.8762],[94.8384,15.9381],[94.8233,15.9327],[94.8283,15.9601],[94.8619,16.0],[94.9145,16.0],[94.9218,16.0306],[94.9054,16.0747],[94.9333,16.0861],[94.9556,16.131],[95.0226,16.135],[95.0225,16.1603],[95.0557,16.1994],[95.0566,16.216],[95.0465,16.2391],[95.0693,16.2458],[95.1006,16.3006],[95.0652,16.2477],[95.0432,16.2457],[95.0479,16.1971],[95.0137,16.1616],[95.0162,16.1437],[94.9529,16.1388],[94.9304,16.0942],[94.9029,16.083],[94.9154,16.0299],[94.8918,16.0061],[94.8785,16.0115],[94.8656,16.1351],[94.8888,16.1818],[94.9573,16.1962],[95.0257,16.2628],[95.0421,16.3097],[95.0649,16.3114],[95.0509,16.3127],[95.0505,16.3334],[95.0165,16.2669],[94.9522,16.211],[94.8726,16.1872],[94.8388,16.1108],[94.8497,16.0723],[94.8395,16.0663],[94.7987,15.989],[94.7995,15.9677],[94.7194,15.8505],[94.6856,15.8371],[94.634,15.8613],[94.6005,15.9203],[94.6697,15.9557],[94.7184,16.0],[94.7362,16.0636],[94.7845,16.0965],[94.763,16.1241],[94.7876,16.1316],[94.8071,16.1998],[94.8411,16.215],[94.8519,16.2428],[94.8035,16.2062],[94.7764,16.1448],[94.7554,16.1316],[94.7516,16.0937],[94.7196,16.0669],[94.6841,16.0],[94.5736,15.9294],[94.5495,15.9488],[94.5501,15.966],[94.5608,15.9567],[94.6846,16.1148],[94.6806,16.2026],[94.7209,16.2029],[94.7589,16.2373],[94.7395,16.2574],[94.7567,16.2809],[94.7336,16.2564],[94.7496,16.2377],[94.7262,16.2305],[94.7192,16.2091],[94.6748,16.2152],[94.6636,16.2472],[94.6981,16.2454],[94.7087,16.2549],[94.7058,16.2669],[94.6983,16.2493],[94.6636,16.2541],[94.6881,16.3066],[94.6989,16.3555],[94.7372,16.354],[94.7548,16.3841],[94.7858,16.3564],[94.8134,16.3559],[94.8254,16.3704],[94.7948,16.3601],[94.7519,16.3905],[94.7347,16.3608],[94.7116,16.376],[94.7432,16.4022],[94.75,16.4194],[94.7586,16.4096],[94.7705,16.4093],[94.7839,16.4261],[94.7588,16.4138],[94.7478,16.4265],[94.7126,16.3942],[94.6965,16.4844],[94.7323,16.5056],[94.7463,16.569],[94.7897,16.5778],[94.8004,16.5907],[94.7465,16.5768],[94.7281,16.5145],[94.6898,16.4927],[94.6782,16.5132],[94.7012,16.5517],[94.7103,16.6135],[94.7423,16.6328],[94.7216,16.6872],[94.7447,16.6957],[94.7416,16.7301],[94.7218,16.7336],[94.738,16.7245],[94.7361,16.7004],[94.7173,16.6913],[94.7097,16.6537],[94.733,16.629],[94.6784,16.6436],[94.6989,16.6798],[94.6889,16.7396],[94.6936,16.6767],[94.6754,16.6933],[94.6823,16.6714],[94.6688,16.6524],[94.6511,16.6702],[94.6557,16.6579],[94.6743,16.6497],[94.6581,16.6276],[94.6913,16.6391],[94.7012,16.6217],[94.6924,16.5549],[94.6644,16.5184],[94.6796,16.3932],[94.6529,16.3403],[94.6233,16.338],[94.6403,16.3836],[94.6062,16.3372],[94.6021,16.2844],[94.5648,16.2582],[94.5311,16.2921],[94.5464,16.308],[94.5265,16.2987],[94.5119,16.2832],[94.5109,16.1802],[94.4336,16.0697],[94.3681,16.0546],[94.3419,16.0163],[94.2827,16.0],[94.2435,15.9541],[94.1976,16.0363],[94.2285,16.2519],[94.2433,16.2647],[94.2309,16.3217],[94.2643,16.3968],[94.2771,16.4963],[94.2615,16.5308],[94.2907,16.5386],[94.2897,16.5191],[94.3149,16.5196],[94.3503,16.5688],[94.3234,16.6004],[94.3508,16.6207],[94.368,16.6149],[94.3563,16.6903],[94.3759,16.7572],[94.4039,16.7884],[94.3788,16.8748],[94.3885,16.907],[94.4106,16.8895],[94.4434,16.9306],[94.484,16.9432],[94.4782,16.9576],[94.443,16.9481],[94.4582,16.9806],[94.4567,17.0673],[94.4896,17.1177],[94.4558,17.1417],[94.4447,17.179],[94.4644,17.1882],[94.4993,17.1568],[94.5216,17.1687],[94.5363,17.1869],[94.5014,17.2162],[94.5083,17.2999],[94.5264,17.2768],[94.5464,17.2903],[94.5409,17.319],[94.5815,17.2885],[94.5917,17.3042],[94.5715,17.3171],[94.5654,17.4983],[94.5416,17.5488],[94.563,17.5931],[94.6099,17.5365],[94.6112,17.5501],[94.5769,17.5914],[94.5884,17.6192],[94.5693,17.6453],[94.5588,17.6362],[94.5416,17.6813],[94.5448,17.7349],[94.4898,17.7824],[94.4815,17.9029],[94.4375,17.9956],[94.4777,18.0065],[94.4847,18.0557],[94.4469,18.1691],[94.4201,18.1929],[94.4268,18.2197],[94.4075,18.2462],[94.3372,18.2416],[94.3221,18.2642],[94.3284,18.302],[94.3911,18.2835],[94.4074,18.3107],[94.4023,18.3463],[94.3816,18.3656],[94.3376,18.3662],[94.3225,18.4359],[94.2492,18.5245],[94.2626,18.5486],[94.2513,18.5468],[94.2579,18.6085],[94.2402,18.6458],[94.1409,18.736],[94.1744,18.714],[94.1745,18.7283],[94.2197,18.7182],[94.28,18.7351],[94.253,18.7341],[94.2492,18.7552],[94.2388,18.7347],[94.2169,18.731],[94.2064,18.7431],[94.2243,18.7812],[94.2039,18.7527],[94.1916,18.7712],[94.1994,18.7931],[94.1831,18.7796],[94.1465,18.8144],[94.1762,18.8347],[94.1458,18.8353],[94.1523,18.8795],[94.1696,18.89],[94.1467,18.8848],[94.127,18.8567],[94.1169,18.8566],[94.1287,18.8786],[94.0553,18.8461],[94.0309,18.8633],[94.0439,18.8846],[94.0738,18.8676],[94.0906,18.8806],[94.1057,18.8997],[94.1353,18.892],[94.1086,18.9296],[94.113,18.9662],[94.0864,18.8798],[94.0315,18.8964],[94.0552,18.9352],[94.0364,18.9913],[94.0632,19.0376],[94.0586,19.0598],[94.1021,19.0766],[94.0897,19.085],[94.097,19.0986],[94.1228,19.0846],[94.109,19.1051],[94.1466,19.1191],[94.1161,19.1204],[94.0545,19.0754],[94.0272,19.0792],[94.0375,19.1067],[94.1385,19.1514],[94.1357,19.1796],[94.1295,19.1561],[94.1075,19.1513],[94.0927,19.1822],[94.0911,19.1484],[94.0648,19.1263],[94.0735,19.165],[94.0624,19.1881],[94.0568,19.1255],[94.0329,19.1296],[94.0492,19.2206],[94.0711,19.2339],[94.0469,19.2483],[94.042,19.3002],[94.0763,19.3661],[94.0715,19.3837],[94.0687,19.3706],[94.0394,19.3453],[94.0315,19.3281],[94.0354,19.2177],[94.0163,19.1814],[93.9914,19.2229],[94.005,19.1555],[93.9663,19.1395],[93.9439,19.1562],[93.9453,19.1934],[93.9092,19.1995],[93.9677,19.1238],[93.9534,19.0885],[93.9557,19.0208],[93.9858,18.9614],[93.9559,18.9192],[93.9596,18.8981],[93.9399,18.8857],[93.9373,18.8473],[93.8923,18.8923],[93.7728,18.9664],[93.7448,18.9689],[93.7151,19.0075],[93.6742,19.0103],[93.6659,19.0664],[93.6901,19.0844],[93.6976,19.1146],[93.7476,19.1213],[93.6942,19.1196],[93.6897,19.0961],[93.6629,19.0763],[93.6393,19.1378],[93.5993,19.1513],[93.5699,19.2256],[93.4727,19.3633],[93.4841,19.4091],[93.5135,19.4341],[93.5508,19.4324],[93.568,19.4163],[93.5514,19.4101],[93.5682,19.4046],[93.6041,19.4144],[93.6374,19.3542],[93.6342,19.3399],[93.6172,19.3482],[93.6001,19.3227],[93.6214,19.3411],[93.6672,19.3022],[93.6417,19.2398],[93.6446,19.2238],[93.6815,19.3001],[93.7215,19.2926],[93.6948,19.2819],[93.7269,19.2754],[93.7207,19.2445],[93.739,19.2567],[93.809,19.2263],[93.8733,19.2466],[93.9559,19.3061],[93.9498,19.3369],[93.9722,19.3514],[93.9817,19.3851],[94.0108,19.381],[93.9834,19.4055],[93.9663,19.3584],[93.8921,19.2916],[93.8818,19.3076],[93.9191,19.3345],[93.9218,19.3773],[93.9111,19.3353],[93.8842,19.3196],[93.8889,19.3534],[93.8589,19.3878],[93.8824,19.3531],[93.8692,19.3068],[93.7751,19.3011],[93.7392,19.3449],[93.7463,19.3542],[93.7753,19.3403],[93.78,19.3542],[93.7704,19.3447],[93.7533,19.3576],[93.7323,19.3566],[93.7319,19.3826],[93.7121,19.4014],[93.7393,19.4088],[93.6516,19.4445],[93.6372,19.4889],[93.6546,19.4919],[93.6468,19.5122],[93.6875,19.5654],[93.7462,19.5422],[93.7688,19.4853],[93.7758,19.5037],[93.7933,19.5003],[93.8187,19.4643],[93.8567,19.4843],[93.8585,19.4404],[93.877,19.473],[93.9764,19.4188],[93.9971,19.4525],[93.9766,19.4629],[93.9536,19.4479],[93.9046,19.4681],[93.9485,19.5081],[93.9383,19.564],[93.9324,19.4985],[93.9024,19.4885],[93.7768,19.5911],[93.8164,19.6042],[93.7935,19.614],[93.7602,19.5991],[93.722,19.6265],[93.7476,19.6525],[93.7943,19.6598],[93.7882,19.6815],[93.8193,19.7111],[93.8181,19.7292],[93.8066,19.7392],[93.7986,19.7014],[93.727,19.6711],[93.7059,19.7028],[93.7208,19.7482],[93.7914,19.7691],[93.7976,19.8329],[93.7863,19.8628],[93.7979,19.8666],[93.8012,19.891],[93.7933,19.916],[93.7937,19.873],[93.7386,19.8852],[93.7145,19.9079],[93.7457,19.9152],[93.7085,19.9375],[93.7091,19.9673],[93.702,19.9144],[93.6219,19.9171],[93.5518,19.8885],[93.5419,19.9036],[93.5754,19.9201],[93.5867,19.9378],[93.5688,19.9212],[93.5416,19.924],[93.546,19.9363],[93.5161,19.9234],[93.5121,19.9438],[93.5365,19.9552],[93.5085,19.9613],[93.5071,19.9748],[93.5401,19.9909],[93.4818,19.9914],[93.4674,20.0443],[93.4585,20.0541],[93.4762,20.0609],[93.4548,20.0552],[93.4762,20.0065],[93.4661,19.9825],[93.4543,19.9959],[93.4392,19.9925],[93.4567,19.95],[93.416,19.9708],[93.3807,20.0659],[93.3841,20.0801],[93.4167,20.0799],[93.4148,20.1121],[93.4329,20.1052],[93.4126,20.1727],[93.3623,20.2736],[93.343,20.2772],[93.3234,20.3297],[93.2966,20.33],[93.3259,20.3859],[93.3254,20.4036],[93.2805,20.3482],[93.2801,20.3282],[93.2398,20.306],[93.2306,20.2739],[93.2464,20.2454],[93.2099,20.2347],[93.1825,20.1969],[93.117,20.1857],[93.2165,20.2861],[93.2259,20.3076],[93.2124,20.3278],[93.2512,20.4261],[93.2252,20.3917],[93.198,20.3871],[93.2235,20.376],[93.203,20.3226],[93.1243,20.3281],[93.1374,20.3425],[93.1321,20.3693],[93.1564,20.3591],[93.1748,20.3741],[93.1293,20.3762],[93.1742,20.3994],[93.1648,20.422],[93.1681,20.4002],[93.0939,20.3797],[93.0884,20.4013],[93.1111,20.4138],[93.1167,20.4272],[93.107,20.5041],[93.087,20.5198],[93.1051,20.5307],[93.0919,20.53],[93.0702,20.602],[93.0483,20.5976],[93.0218,20.6219],[93.0277,20.6439],[93.0055,20.6398],[93.0178,20.6122],[93.0757,20.5791],[93.081,20.5411],[93.0258,20.4274],[93.0173,20.454],[93.0428,20.4633],[93.0402,20.4931],[93.0636,20.5246],[93.035,20.5378],[93.0556,20.5207],[93.0195,20.4791],[93.0333,20.4857],[93.0386,20.4686],[93.0135,20.4606],[93.0243,20.3894],[93.0039,20.2776],[92.963,20.2257],[92.945,20.2675],[92.915,20.2419],[92.9146,20.2122],[92.8862,20.2095],[92.9203,20.1809],[92.8966,20.1094],[92.8531,20.1232],[92.7695,20.1934],[92.7873,20.2401],[92.7969,20.2102],[92.8305,20.1804],[92.8458,20.1823],[92.799,20.2141],[92.7988,20.2582],[92.9446,20.3156],[92.8982,20.3078],[92.8393,20.3808],[92.9108,20.3717],[92.9315,20.3863],[92.9417,20.3522],[92.9508,20.374],[92.9127,20.414],[92.9289,20.4211],[92.9326,20.4327],[92.8983,20.4822],[92.9285,20.4299],[92.9072,20.421],[92.9174,20.3833],[92.9063,20.3787],[92.8867,20.4218],[92.8866,20.4039],[92.8571,20.4195],[92.8637,20.4051],[92.8418,20.4017],[92.8166,20.4429],[92.8337,20.4407],[92.8383,20.4688],[92.8487,20.4591],[92.8275,20.4968],[92.8108,20.4924],[92.7961,20.5101],[92.7639,20.4734],[92.7523,20.4794],[92.7322,20.5696],[92.7486,20.5782],[92.7524,20.5868],[92.7468,20.5986],[92.7266,20.6168],[92.7482,20.5876],[92.731,20.5792],[92.6844,20.6278],[92.6456,20.6891],[92.6451,20.7277],[92.5832,20.7199],[92.591,20.732],[92.5697,20.7796],[92.5997,20.7956],[92.6024,20.8064],[92.5649,20.7864],[92.5494,20.8493],[92.5449,20.8118],[92.5713,20.7516],[92.5466,20.7631],[92.5441,20.743],[92.591,20.6851],[92.607,20.6776],[92.6395,20.6883],[92.6954,20.5825],[92.7292,20.5496],[92.72,20.4706],[92.7478,20.4143],[92.7299,20.2954],[92.747,20.256],[92.7284,20.26],[92.638,20.4332],[92.5281,20.5435],[92.5133,20.5993],[92.4608,20.6477],[92.4661,20.6597],[92.3774,20.6957],[92.3877,20.7048],[92.3611,20.7723],[92.3901,20.8168],[92.3787,20.8246],[92.3584,20.7833],[92.3353,20.8433],[92.3602,20.8647],[92.3366,20.8509],[92.3146,20.8826],[92.3164,20.901],[92.3619,20.9419],[92.3477,20.9871],[92.3313,20.9978],[92.2968,20.9872],[92.2891,21.0036],[92.2836,20.9674],[92.272,20.9911],[92.2694,21.0182],[92.2887,21.0225],[92.2662,21.0406],[92.279,21.0368],[92.3128,21.0579],[92.3122,21.0703],[92.2734,21.0458],[92.2298,21.1046],[92.2243,21.1365],[92.198,21.1546],[92.1976,21.1198],[92.255,21.0615],[92.2494,21.026],[92.2627,20.9273],[92.313,20.8469],[92.3351,20.7438],[92.2996,20.7607],[92.2117,20.9253],[92.1847,21.0139],[92.0533,21.1632],[92.0496,21.2642],[92.0289,21.3402],[91.9535,21.4502],[91.9993,21.5054],[92.0221,21.4864],[91.9963,21.5656],[92.0246,21.6034],[92.0184,21.6251],[92.0389,21.6476],[92.0405,21.6722],[92.0251,21.6822],[92.0352,21.7006],[92.021,21.7182],[92.0118,21.6601],[91.9852,21.6542],[91.9741,21.6664],[91.9841,21.6875],[91.9796,21.7042],[91.9766,21.6841],[91.9617,21.6831],[91.9481,21.7453],[91.9694,21.7384],[91.9964,21.7558],[91.9924,21.7678],[91.9716,21.7472],[91.9545,21.7539],[91.9706,21.7862],[91.9424,21.8042],[91.9308,21.7855],[91.8912,21.7773],[91.9199,21.8473],[91.9095,21.9079],[91.9274,21.9345],[91.8949,21.9689],[91.8548,22.1276],[91.8345,22.1221],[91.8141,22.1798],[91.842,22.2605],[91.8138,22.3017],[91.8666,22.3221],[91.9129,22.4086],[92.0019,22.4046],[92.0221,22.4167],[92.0349,22.4459],[92.0815,22.4371],[92.1417,22.4616],[92.1439,22.4703],[92.0873,22.4443],[92.0331,22.4505],[92.0029,22.4124],[91.8964,22.4094],[91.8723,22.3498],[91.7955,22.2927],[91.7952,22.2778],[91.829,22.2566],[91.798,22.2196],[91.7693,22.2784],[91.7519,22.3866],[91.7001,22.4841],[91.5811,22.6536],[91.4576,22.7511],[91.4859,22.7668],[91.4692,22.7787],[91.4778,22.7633],[91.4547,22.7602],[91.4369,22.7772],[91.4746,22.8241],[91.4356,22.8048],[91.4836,22.8741],[91.4566,22.8989],[91.4922,22.9007],[91.4452,22.9007],[91.441,22.8836],[91.464,22.8832],[91.4647,22.869],[91.4204,22.8087],[91.4086,22.7609],[91.3301,22.8335],[91.3506,22.8515],[91.3427,22.8832],[91.3158,22.8394],[91.3525,22.7861],[91.3451,22.7758],[91.2963,22.8102],[91.1869,22.7977],[91.1164,22.8119],[91.1127,22.8262],[91.0831,22.8],[91.0287,22.7996],[90.9375,22.8561],[90.8246,22.8647],[90.8016,22.9088],[90.7578,22.9387],[90.7958,22.898],[90.7954,22.8634],[90.7333,22.8875],[90.6896,22.9783],[90.6294,22.9981],[90.5663,23.1036],[90.598,23.1778],[90.6524,23.2423],[90.6389,23.3166],[90.6776,23.3183],[90.6754,23.3407],[90.6978,23.3457],[90.6796,23.3628],[90.695,23.3777],[90.6733,23.3642],[90.6616,23.3375],[90.6738,23.3213],[90.5987,23.3393],[90.5796,23.3948],[90.6007,23.4314],[90.5856,23.4669],[90.6303,23.4903],[90.6817,23.4821],[90.7039,23.4901],[90.7178,23.5428],[90.7443,23.5443],[90.7254,23.5534],[90.7084,23.5387],[90.7057,23.5618],[90.732,23.5912],[90.7392,23.6216],[90.7646,23.629],[90.7414,23.6621],[90.7578,23.721],[90.7425,23.6938],[90.7403,23.7242],[90.7315,23.7102],[90.7156,23.7414],[90.6818,23.6867],[90.6429,23.6899],[90.6324,23.6392],[90.5628,23.5929],[90.5507,23.571],[90.5147,23.5814],[90.505,23.6033],[90.4839,23.5866],[90.4539,23.6149],[90.4703,23.6298],[90.4427,23.6684],[90.368,23.7186],[90.3837,23.7022],[90.3658,23.7034],[90.3421,23.7401],[90.3176,23.735],[90.3128,23.7642],[90.2548,23.7303],[90.2571,23.7757],[90.2298,23.8877],[90.2396,23.827],[90.194,23.8405],[90.1518,23.8291],[90.1319,23.8674],[90.1117,23.8736],[90.1104,23.8573],[90.0572,23.8201],[90.047,23.8255],[90.0651,23.8677],[92.0489,24.1331],[93.1539,23.087],[93.6867,21.8881],[93.9531,21.1888],[94.053,20.7892],[94.5525,20.6227],[95.0853,20.9224],[95.4199,21.3228],[95.9968,20.0706],[96.6291,19.2428],[97.4632,18.9671],[98.0,18.9671],[97.9973,14.4796]]]]}}