{"type":"Feature","properties":{"speciesId":661,"category":"LC","source":"IUCN Red List","simplifyTol":0.01,"clippedToSubcontinent":true},"geometry":{"type":"MultiPolygon","coordinates":[[[[97.721,15.7346],[97.7101,15.7433],[97.7015,15.7549],[97.7167,15.7583],[97.721,15.7346]]],[[[97.7243,15.7582],[97.7249,15.7686],[97.7333,15.7583],[97.7243,15.7582]]],[[[97.725,15.8583],[97.7086,15.8629],[97.7209,15.875],[97.725,15.8583]]],[[[97.7062,15.8746],[97.6992,15.8698],[97.7049,15.8758],[97.7062,15.8746]]],[[[97.6982,15.8932],[97.6908,15.8968],[97.7,15.9],[97.6982,15.8932]]],[[[94.4052,15.9078],[94.439,15.8987],[94.4011,15.9043],[94.4052,15.9078]]],[[[97.6579,15.9324],[97.6503,15.9261],[97.651,15.933],[97.6579,15.9324]]],[[[94.4485,15.9124],[94.4112,15.9225],[94.4387,15.9388],[94.4485,15.9124]]],[[[94.4579,15.9408],[94.4503,15.9344],[94.451,15.9413],[94.4579,15.9408]]],[[[97.6657,15.9353],[97.6615,15.9425],[97.6675,15.9368],[97.6657,15.9353]]],[[[94.45,15.9417],[94.4424,15.9426],[94.4458,15.9512],[94.45,15.9417]]],[[[94.4244,15.944],[94.4159,15.9447],[94.4222,15.9518],[94.4244,15.944]]],[[[94.4077,15.9523],[94.3992,15.9531],[94.4055,15.9602],[94.4077,15.9523]]],[[[94.4372,15.9617],[94.4433,15.9715],[94.4497,15.9569],[94.4372,15.9617]]],[[[94.4167,15.975],[94.4243,15.9741],[94.4209,15.9654],[94.4167,15.975]]],[[[94.4625,15.92],[94.4684,15.9635],[94.4802,15.9801],[94.4886,15.9631],[94.4735,15.9286],[94.4625,15.92]]],[[[94.5682,15.9393],[94.5598,15.9614],[94.5806,15.982],[94.5803,15.9718],[94.5682,15.9393]]],[[[94.4164,15.975],[94.3878,15.9761],[94.3847,15.9862],[94.405,15.9896],[94.4164,15.975]]],[[[94.4663,15.9666],[94.4438,15.9774],[94.4447,15.9898],[94.4646,15.9811],[94.4663,15.9666]]],[[[94.5244,15.9856],[94.5159,15.9864],[94.5222,15.9935],[94.5244,15.9856]]],[[[94.5842,15.9968],[94.5768,15.9932],[94.575,16.0],[94.5842,15.9968]]],[[[94.2992,15.9994],[94.2948,15.9919],[94.2917,16.0],[94.2992,15.9994]]],[[[94.5167,16.0083],[94.5028,16.002],[94.4995,16.0045],[94.5167,16.0083]]],[[[94.4077,16.0023],[94.3992,16.0031],[94.4055,16.0102],[94.4077,16.0023]]],[[[94.4329,15.9748],[94.4179,16.002],[94.4375,16.0145],[94.4406,16.0058],[94.4329,15.9748]]],[[[94.5996,16.1324],[94.592,16.1261],[94.5927,16.133],[94.5996,16.1324]]],[[[97.5161,16.1772],[97.5122,16.18],[97.5138,16.1852],[97.5161,16.1772]]],[[[97.5456,16.1772],[97.5262,16.1876],[97.536,16.1989],[97.5488,16.1968],[97.5456,16.1772]]],[[[97.6083,16.2],[97.6,16.2049],[97.6041,16.2169],[97.6083,16.2]]],[[[94.6687,16.2369],[94.6649,16.2376],[94.6695,16.2395],[94.6687,16.2369]]],[[[94.6373,16.2402],[94.6563,16.2],[94.6375,16.1438],[94.6193,16.1373],[94.6287,16.1201],[94.6132,16.0709],[94.5721,16.0027],[94.498,16.0168],[94.4543,15.9999],[94.4518,16.0206],[94.5768,16.1898],[94.6373,16.2402]],[[94.617,16.2094],[94.6246,16.2158],[94.6177,16.2163],[94.617,16.2094]],[[94.642,16.1844],[94.6496,16.1908],[94.6427,16.1913],[94.642,16.1844]],[[94.6253,16.1594],[94.6329,16.1658],[94.626,16.1663],[94.6253,16.1594]],[[94.5962,16.1483],[94.5862,16.1269],[94.5973,16.1183],[94.6077,16.1366],[94.5962,16.1483]],[[94.6074,16.0908],[94.6012,16.0759],[94.6074,16.0759],[94.6074,16.0908]],[[94.5914,16.0739],[94.5838,16.0676],[94.5907,16.067],[94.5914,16.0739]],[[94.5487,16.063],[94.5418,16.0664],[94.5371,16.0512],[94.5487,16.063]],[[94.5509,16.0754],[94.5572,16.0831],[94.5504,16.0823],[94.5509,16.0754]]],[[[97.5827,16.2606],[97.5742,16.2614],[97.5805,16.2685],[97.5827,16.2606]]],[[[97.6001,16.2508],[97.5759,16.3],[97.5959,16.3296],[97.6141,16.279],[97.6001,16.2508]]],[[[97.475,16.3333],[97.4704,16.3251],[97.4671,16.3323],[97.475,16.3333]]],[[[94.6757,16.2581],[94.6758,16.2847],[94.6937,16.3462],[94.6942,16.3151],[94.6757,16.2581]]],[[[94.6954,16.3775],[94.6905,16.3782],[94.6954,16.3834],[94.6954,16.3775]]],[[[94.2333,16.3833],[94.2256,16.3833],[94.2291,16.3924],[94.2333,16.3833]]],[[[97.604,16.384],[97.6008,16.4058],[97.6167,16.4083],[97.6094,16.3971],[97.604,16.384]]],[[[97.475,16.3333],[97.4652,16.348],[97.489,16.3443],[97.4989,16.361],[97.4584,16.3636],[97.4271,16.4745],[97.4957,16.5076],[97.6056,16.489],[97.5889,16.3625],[97.5597,16.2948],[97.5724,16.2457],[97.5566,16.2117],[97.5014,16.2225],[97.4793,16.2943],[97.498,16.2958],[97.4996,16.3261],[97.4935,16.3326],[97.4879,16.3334],[97.4822,16.3336],[97.4796,16.3335],[97.4753,16.3333],[97.475,16.3333]],[[97.509,16.2994],[97.5167,16.2917],[97.516,16.2995],[97.509,16.2994]],[[97.5252,16.293],[97.5331,16.2989],[97.525,16.3],[97.5252,16.293]]],[[[94.2494,16.519],[94.2409,16.5197],[94.2472,16.5268],[94.2494,16.519]]],[[[94.688,16.4933],[94.6759,16.5184],[94.6933,16.5384],[94.6953,16.5038],[94.688,16.4933]]],[[[96.2989,16.6667],[96.3229,16.6624],[96.2775,16.6545],[96.2989,16.6667]]],[[[96.3411,16.669],[96.3325,16.6697],[96.3388,16.6768],[96.3411,16.669]]],[[[96.1947,16.6806],[96.2367,16.6486],[96.1416,16.6411],[96.1661,16.6453],[96.1619,16.6631],[96.1947,16.6806]],[[96.192,16.6594],[96.1996,16.6658],[96.1927,16.6663],[96.192,16.6594]]],[[[97.3917,16.6833],[97.3781,16.677],[97.3744,16.6797],[97.3917,16.6833]]],[[[97.3675,16.6782],[97.3605,16.6829],[97.3618,16.6842],[97.3675,16.6782]]],[[[96.2625,16.6753],[96.2501,16.6872],[96.2505,16.6885],[96.269,16.6875],[96.2625,16.6753]]],[[[96.325,16.6917],[96.3342,16.6882],[96.3282,16.6825],[96.325,16.6917]]],[[[96.1827,16.6856],[96.1742,16.6864],[96.1805,16.6935],[96.1827,16.6856]]],[[[96.325,16.6917],[96.3174,16.6926],[96.3208,16.7012],[96.325,16.6917]]],[[[96.2411,16.7273],[96.2325,16.7281],[96.2388,16.7352],[96.2411,16.7273]]],[[[96.3577,16.7292],[96.3344,16.7284],[96.3358,16.7409],[96.3577,16.7292]]],[[[96.1577,16.744],[96.1492,16.7447],[96.1555,16.7518],[96.1577,16.744]]],[[[96.2994,16.744],[96.2909,16.7447],[96.2972,16.7518],[96.2994,16.744]]],[[[96.3244,16.744],[96.3159,16.7447],[96.3222,16.7518],[96.3244,16.744]]],[[[96.345,16.7596],[96.3328,16.7628],[96.3524,16.7625],[96.345,16.7596]]],[[[96.2749,16.7504],[96.2804,16.7649],[96.314,16.7716],[96.3053,16.7603],[96.2749,16.7504]]],[[[96.2497,16.7744],[96.3072,16.719],[96.3067,16.6694],[96.2788,16.6783],[96.2888,16.6886],[96.2645,16.7374],[96.2349,16.7488],[96.2497,16.7744]]],[[[96.275,16.7833],[96.2673,16.7833],[96.2708,16.7924],[96.275,16.7833]]],[[[96.3573,16.7876],[96.3356,16.7856],[96.3265,16.7968],[96.3573,16.7876]]],[[[96.304,16.7938],[96.2861,16.8026],[96.2847,16.8049],[96.3135,16.806],[96.304,16.7938]]],[[[96.1167,16.8],[96.109,16.8009],[96.1125,16.8096],[96.1167,16.8]]],[[[96.0163,16.8158],[96.0086,16.8094],[96.0094,16.8163],[96.0163,16.8158]]],[[[96.0326,16.8082],[96.0333,16.8186],[96.0417,16.8083],[96.0326,16.8082]]],[[[96.3356,16.8169],[96.3438,16.8242],[96.3507,16.8208],[96.3356,16.8169]]],[[[96.3744,16.819],[96.3659,16.8197],[96.3722,16.8268],[96.3744,16.819]]],[[[96.0748,16.819],[96.0669,16.8307],[96.0728,16.8332],[96.0748,16.819]]],[[[96.3333,16.825],[96.3242,16.8285],[96.3302,16.8342],[96.3333,16.825]]],[[[96.0411,16.8273],[96.0325,16.8281],[96.0388,16.8352],[96.0411,16.8273]]],[[[96.1744,16.8273],[96.1659,16.8281],[96.1722,16.8352],[96.1744,16.8273]]],[[[96.175,16.7917],[96.1686,16.7793],[96.1805,16.7886],[96.1863,16.7687],[96.1455,16.7682],[96.1202,16.7925],[96.1366,16.8383],[96.175,16.7917]]],[[[96.095,16.8346],[96.0828,16.8378],[96.1024,16.8375],[96.095,16.8346]]],[[[96.0645,16.8412],[96.0575,16.8365],[96.0632,16.8425],[96.0645,16.8412]]],[[[96.0667,16.8583],[96.0758,16.8548],[96.0698,16.8492],[96.0667,16.8583]]],[[[96.1327,16.8523],[96.1242,16.8531],[96.1305,16.8602],[96.1327,16.8523]]],[[[96.1431,16.8751],[96.1581,16.8681],[96.1544,16.8352],[96.1426,16.8549],[96.1431,16.8751]]],[[[96.2577,16.869],[96.2492,16.8697],[96.2555,16.8768],[96.2577,16.869]]],[[[96.3494,16.869],[96.3409,16.8697],[96.3472,16.8768],[96.3494,16.869]]],[[[96.0662,16.8582],[96.0518,16.8795],[96.0684,16.8914],[96.0732,16.8869],[96.0662,16.8582]]],[[[96.369,16.8875],[96.3435,16.8878],[96.3404,16.891],[96.3557,16.8992],[96.369,16.8875]]],[[[96.0842,16.8948],[96.0772,16.8996],[96.0785,16.9008],[96.0842,16.8948]]],[[[96.1145,16.8996],[96.1075,16.8948],[96.1132,16.9008],[96.1145,16.8996]]],[[[97.175,16.9167],[97.1693,16.9147],[97.1689,16.9164],[97.175,16.9167]]],[[[96.3327,16.9106],[96.3242,16.9114],[96.3305,16.9185],[96.3327,16.9106]]],[[[96.1413,16.875],[96.121,16.8833],[96.1225,16.9043],[96.1035,16.9134],[96.1389,16.9224],[96.1413,16.875]]],[[[97.1667,16.925],[97.1635,16.9235],[97.1632,16.9248],[97.1667,16.925]]],[[[96.0577,16.919],[96.0492,16.9197],[96.0555,16.9268],[96.0577,16.919]]],[[[96.2994,16.9273],[96.2909,16.9281],[96.2972,16.9352],[96.2994,16.9273]]],[[[94.9769,16.9402],[94.9754,16.9489],[94.9822,16.95],[94.9769,16.9402]]],[[[96.2827,16.944],[96.2742,16.9447],[96.2805,16.9518],[96.2827,16.944]]],[[[97.9081,16.9614],[97.9006,16.9659],[97.9096,16.9625],[97.9081,16.9614]]],[[[97.1333,16.975],[97.1425,16.9715],[97.1365,16.9658],[97.1333,16.975]]],[[[97.1,16.975],[97.1035,16.9842],[97.1092,16.9782],[97.1,16.975]]],[[[97.1333,16.975],[97.1242,16.9785],[97.1302,16.9842],[97.1333,16.975]]],[[[97.0237,16.9882],[97.018,16.9888],[97.0222,16.9935],[97.0237,16.9882]]],[[[97.1001,16.9745],[97.0536,16.9776],[97.0352,16.9946],[97.0858,16.9899],[97.1001,16.9745]]],[[[96.4494,16.994],[96.4409,16.9947],[96.4472,17.0018],[96.4494,16.994]]],[[[96.2552,17.0092],[96.251,17.002],[96.2492,17.0035],[96.2552,17.0092]]],[[[96.4867,17.0155],[96.4954,16.9931],[96.4763,17.0037],[96.4867,17.0155]]],[[[97.1333,17.0167],[97.1502,17.0129],[97.137,17.0001],[97.1333,17.0167]]],[[[97.0705,17.0189],[97.0603,17.0108],[97.0576,17.0122],[97.0705,17.0189]]],[[[96.4783,17.0249],[96.4731,17.0102],[96.4654,17.0166],[96.4783,17.0249]]],[[[97.075,17.0333],[97.0614,17.027],[97.0578,17.0297],[97.075,17.0333]]],[[[96.2485,17.0317],[96.2268,17.0191],[96.2266,17.0319],[96.2485,17.0317]]],[[[97.1746,17.0491],[97.167,17.0428],[97.1677,17.0497],[97.1746,17.0491]]],[[[97.1307,17.0168],[97.0876,17.0026],[97.1144,17.0381],[97.0775,17.0398],[97.1463,17.048],[97.1307,17.0168]]],[[[96.3583,17.0384],[96.3502,17.0539],[96.3547,17.0582],[96.3583,17.0384]]],[[[97.1329,17.0574],[97.1253,17.0511],[97.126,17.058],[97.1329,17.0574]]],[[[96.5001,17.0087],[96.4733,17.0473],[96.4536,17.028],[96.4361,17.0384],[96.4558,17.0575],[96.5035,17.0568],[96.5001,17.0087]]],[[[96.0244,17.0523],[96.0159,17.0531],[96.0222,17.0602],[96.0244,17.0523]]],[[[97.1414,17.0594],[97.1338,17.0658],[97.1407,17.0663],[97.1414,17.0594]]],[[[96.4469,17.0675],[96.4426,17.0603],[96.4409,17.0618],[96.4469,17.0675]]],[[[96.4917,17.075],[96.5008,17.0715],[96.4948,17.0658],[96.4917,17.075]]],[[[96.4909,17.0899],[96.4756,17.0772],[96.477,17.0909],[96.4909,17.0899]]],[[[96.1425,17.0865],[96.1355,17.0912],[96.1368,17.0925],[96.1425,17.0865]]],[[[96.9978,17.0912],[96.9908,17.0865],[96.9965,17.0925],[96.9978,17.0912]]],[[[96.2244,17.094],[96.2159,17.0947],[96.2222,17.1018],[96.2244,17.094]]],[[[96.25,17.0958],[96.2335,17.0957],[96.2374,17.1084],[96.25,17.0958]]],[[[96.0413,17.1074],[96.0336,17.1011],[96.0344,17.108],[96.0413,17.1074]]],[[[96.1917,17.1],[96.184,17.1],[96.1874,17.1091],[96.1917,17.1]]],[[[95.0327,17.1023],[95.0242,17.1031],[95.0305,17.1102],[95.0327,17.1023]]],[[[96.1577,17.1023],[96.1492,17.1031],[96.1555,17.1102],[96.1577,17.1023]]],[[[96.3185,17.1144],[96.3472,17.0622],[96.334,17.0324],[96.3485,17.0287],[96.3565,16.9958],[96.2627,16.9933],[96.2722,17.0458],[96.2536,17.0538],[96.2533,17.0717],[96.2914,17.0435],[96.2688,17.1045],[96.2883,17.1055],[96.2988,17.0767],[96.3226,17.0785],[96.3185,17.1144]],[[96.3017,17.0583],[96.314,17.0504],[96.3163,17.0638],[96.3107,17.0661],[96.3017,17.0583]],[[96.3338,17.0009],[96.3414,17.0072],[96.3333,17.0083],[96.3338,17.0009]]],[[[96.3783,17.1096],[96.3661,17.1128],[96.3857,17.1125],[96.3783,17.1096]]],[[[96.511,17.0833],[96.5014,17.113],[96.5082,17.1162],[96.5147,17.1117],[96.511,17.0833]]],[[[97.1083,17.1083],[97.1007,17.1093],[97.1042,17.1179],[97.1083,17.1083]]],[[[96.4161,17.1106],[96.4075,17.1114],[96.4138,17.1185],[96.4161,17.1106]]],[[[96.4758,17.1218],[96.4685,17.1182],[96.4667,17.125],[96.4758,17.1218]]],[[[96.1744,17.119],[96.1659,17.1197],[96.1722,17.1268],[96.1744,17.119]]],[[[96.1164,17.1261],[96.1088,17.1324],[96.1157,17.133],[96.1164,17.1261]]],[[[96.1911,17.1273],[96.1825,17.1281],[96.1888,17.1352],[96.1911,17.1273]]],[[[96.9827,17.1273],[96.9742,17.1281],[96.9805,17.1352],[96.9827,17.1273]]],[[[96.9497,17.1332],[96.9748,17.1041],[96.9498,17.0676],[96.9264,17.132],[96.9497,17.1332]]],[[[96.9579,17.1408],[96.9503,17.1344],[96.951,17.1413],[96.9579,17.1408]]],[[[97.1754,17.141],[97.1356,17.0977],[97.1333,17.0667],[97.1106,17.0649],[97.1099,17.1047],[97.1463,17.1258],[97.137,17.1384],[97.1754,17.141]]],[[[95.0175,17.1365],[95.0105,17.1412],[95.0118,17.1425],[95.0175,17.1365]]],[[[96.3661,17.1356],[96.3575,17.1364],[96.3638,17.1435],[96.3661,17.1356]]],[[[96.2816,17.1426],[96.2583,17.15],[96.2828,17.1479],[96.2816,17.1426]]],[[[97.075,17.1364],[97.0668,17.1406],[97.0709,17.1507],[97.075,17.1364]]],[[[96.4016,17.1373],[96.3901,17.1429],[96.4077,17.1529],[96.4016,17.1373]]],[[[95.033,17.1249],[95.025,17.1419],[95.0353,17.1563],[95.0408,17.1381],[95.033,17.1249]]],[[[96.4842,17.1552],[96.4768,17.1515],[96.475,17.1583],[96.4842,17.1552]]],[[[96.5195,17.1459],[96.5069,17.1499],[96.5167,17.1583],[96.5195,17.1459]]],[[[96.2168,17.1482],[96.2083,17.1583],[96.2246,17.1551],[96.2168,17.1482]]],[[[97.0574,17.152],[97.0532,17.1592],[97.0592,17.1535],[97.0574,17.152]]],[[[96.4159,17.1661],[96.4114,17.1586],[96.4083,17.1667],[96.4159,17.1661]]],[[[96.3483,17.1593],[96.3261,17.1645],[96.3494,17.1646],[96.3483,17.1593]]],[[[96.8994,17.1606],[96.8909,17.1614],[96.8972,17.1685],[96.8994,17.1606]]],[[[96.2342,17.1718],[96.2268,17.1682],[96.225,17.175],[96.2342,17.1718]]],[[[97.1635,17.1758],[97.1593,17.1687],[97.1575,17.1702],[97.1635,17.1758]]],[[[96.3082,17.1973],[96.3003,17.1856],[96.3023,17.1998],[96.3082,17.1973]]],[[[95.0259,17.1948],[95.0189,17.1996],[95.0202,17.2008],[95.0259,17.1948]]],[[[96.8494,17.194],[96.8409,17.1947],[96.8472,17.2018],[96.8494,17.194]]],[[[96.5167,17.2083],[96.5258,17.2048],[96.5198,17.1992],[96.5167,17.2083]]],[[[95.0244,17.2106],[95.0159,17.2114],[95.0222,17.2185],[95.0244,17.2106]]],[[[96.8494,17.2106],[96.8409,17.2114],[96.8472,17.2185],[96.8494,17.2106]]],[[[96.5099,17.2226],[96.5101,17.1974],[96.5192,17.1616],[96.4947,17.1708],[96.5099,17.2226]]],[[[96.5297,17.2197],[96.524,17.22],[96.5306,17.2265],[96.5297,17.2197]]],[[[96.4758,17.2385],[96.4685,17.2349],[96.4667,17.2417],[96.4758,17.2385]]],[[[96.8911,17.2356],[96.8825,17.2364],[96.8888,17.2435],[96.8911,17.2356]]],[[[96.5333,17.25],[96.5336,17.2494],[96.5334,17.2473],[96.5333,17.25]]],[[[96.533,17.2499],[96.5061,17.2272],[96.5012,17.2289],[96.5034,17.2566],[96.533,17.2499]]],[[[96.9411,17.2606],[96.9325,17.2614],[96.9388,17.2685],[96.9411,17.2606]]],[[[96.5335,17.2583],[96.5334,17.2722],[96.5354,17.2747],[96.5363,17.2684],[96.5335,17.2583]]],[[[96.525,17.2833],[96.5215,17.2742],[96.5158,17.2802],[96.525,17.2833]]],[[[95.0159,17.2827],[95.0114,17.2753],[95.0083,17.2833],[95.0159,17.2827]]],[[[96.8205,17.2856],[96.8103,17.2775],[96.8076,17.2789],[96.8205,17.2856]]],[[[96.7997,17.2864],[96.7923,17.2909],[96.8012,17.2875],[96.7997,17.2864]]],[[[96.945,17.2846],[96.9328,17.2878],[96.9524,17.2875],[96.945,17.2846]]],[[[94.5052,17.3008],[94.501,17.2937],[94.4992,17.2952],[94.5052,17.3008]]],[[[96.945,17.3013],[96.9328,17.3045],[96.9524,17.3042],[96.945,17.3013]]],[[[96.7965,17.305],[96.783,17.2763],[96.78,17.3137],[96.7965,17.305]]],[[[96.9083,17.3083],[96.9006,17.3083],[96.9041,17.3174],[96.9083,17.3083]]],[[[96.9244,17.3106],[96.9159,17.3114],[96.9222,17.3185],[96.9244,17.3106]]],[[[96.525,17.2833],[96.5178,17.3114],[96.5377,17.322],[96.5359,17.2885],[96.5311,17.2841],[96.5264,17.2832],[96.525,17.2833]]],[[[96.7925,17.3198],[96.7855,17.3246],[96.7868,17.3258],[96.7925,17.3198]]],[[[96.8244,17.319],[96.8159,17.3197],[96.8222,17.3268],[96.8244,17.319]]],[[[96.4758,17.3302],[96.4685,17.3265],[96.4667,17.3333],[96.4758,17.3302]]],[[[96.5154,17.3166],[96.494,17.3283],[96.5042,17.3477],[96.5225,17.3302],[96.5154,17.3166]]],[[[95.0135,17.3592],[95.0093,17.352],[95.0075,17.3535],[95.0135,17.3592]]],[[[96.7911,17.3523],[96.7825,17.3531],[96.7888,17.3602],[96.7911,17.3523]]],[[[96.8244,17.3523],[96.8159,17.3531],[96.8222,17.3602],[96.8244,17.3523]]],[[[96.7911,17.3856],[96.7825,17.3864],[96.7888,17.3935],[96.7911,17.3856]]],[[[96.9077,17.3856],[96.8992,17.3864],[96.9055,17.3935],[96.9077,17.3856]]],[[[94.5744,17.394],[94.5659,17.3947],[94.5722,17.4018],[94.5744,17.394]]],[[[96.8167,17.4167],[96.8258,17.4132],[96.8198,17.4075],[96.8167,17.4167]]],[[[96.8538,17.4189],[96.8436,17.4108],[96.8409,17.4119],[96.8538,17.4189]]],[[[96.7791,17.4076],[96.7775,17.4217],[96.7806,17.4249],[96.7833,17.4167],[96.7791,17.4076]]],[[[95.0261,17.4281],[95.0237,17.4282],[95.0274,17.4321],[95.0261,17.4281]]],[[[96.8165,17.4239],[96.8084,17.4197],[96.8125,17.434],[96.8165,17.4239]]],[[[96.4833,17.425],[96.4859,17.4399],[96.487,17.4425],[96.4927,17.4301],[96.4833,17.425]]],[[[96.7908,17.4416],[96.7793,17.434],[96.7781,17.4481],[96.7813,17.4493],[96.7908,17.4416]]],[[[94.5645,17.4496],[94.5575,17.4448],[94.5632,17.4508],[94.5645,17.4496]]],[[[96.8585,17.4511],[96.8666,17.4553],[96.8625,17.441],[96.8585,17.4511]]],[[[96.8417,17.45],[96.834,17.45],[96.8374,17.4591],[96.8417,17.45]]],[[[96.8579,17.4658],[96.8503,17.4594],[96.851,17.4663],[96.8579,17.4658]]],[[[96.8079,17.5324],[96.8003,17.5261],[96.801,17.533],[96.8079,17.5324]]],[[[96.8164,17.5364],[96.8089,17.5409],[96.8179,17.5375],[96.8164,17.5364]]],[[[95.0856,17.6066],[95.0834,17.6072],[95.0852,17.6083],[95.0856,17.6066]]],[[[95.088,17.6524],[95.0823,17.6533],[95.088,17.6594],[95.088,17.6524]]],[[[96.9009,17.6885],[96.8935,17.6849],[96.8917,17.6917],[96.9009,17.6885]]],[[[94.5167,17.775],[94.5074,17.7657],[94.5005,17.7717],[94.5167,17.775]]],[[[94.525,17.775],[94.5174,17.7759],[94.5208,17.7846],[94.525,17.775]]],[[[96.775,17.8235],[96.7733,17.8187],[96.774,17.8248],[96.775,17.8235]]],[[[96.7916,17.8458],[96.7733,17.8467],[96.7791,17.8582],[96.7916,17.8458]]],[[[96.8167,17.8833],[96.804,17.8692],[96.7846,17.8739],[96.7935,17.8977],[96.8167,17.8833]]],[[[94.5,17.8763],[94.4836,17.882],[94.4874,17.9149],[94.5,17.8763]]],[[[96.7915,17.914],[96.7836,17.9023],[96.7856,17.9165],[96.7915,17.914]]],[[[96.8077,17.9126],[96.7987,17.9139],[96.805,17.9273],[96.8077,17.9126]]],[[[96.7829,17.9166],[96.7717,17.9308],[96.7876,17.9487],[96.7916,17.9323],[96.7829,17.9166]]],[[[94.4758,17.9652],[94.4888,17.946],[94.4709,17.928],[94.45,17.9663],[94.4758,17.9652]]],[[[94.4855,17.9758],[94.4772,17.9831],[94.4923,17.9792],[94.4855,17.9758]]],[[[96.7684,18.0289],[96.7682,18.0294],[96.769,18.0292],[96.7684,18.0289]]],[[[96.7917,18.1],[96.7882,18.0909],[96.7825,18.0968],[96.7917,18.1]]],[[[96.7666,18.1002],[96.7665,18.1002],[96.7664,18.1009],[96.7666,18.1002]]],[[[96.7917,18.1],[96.7833,18.1127],[96.7944,18.117],[96.7999,18.104],[96.7971,18.1006],[96.7935,18.1],[96.7917,18.1]]],[[[96.7744,18.1188],[96.7664,18.1201],[96.7722,18.1268],[96.7744,18.1188]]],[[[96.7766,18.15],[96.8046,18.156],[96.8226,18.1458],[96.7896,18.1417],[96.7766,18.15]]],[[[96.7741,18.1575],[96.7624,18.151],[96.7607,18.1574],[96.7741,18.1575]]],[[[96.7583,18.1667],[96.7583,18.1634],[96.7579,18.1666],[96.7583,18.1667]]],[[[96.8333,18.1583],[96.8185,18.1609],[96.8159,18.162],[96.8283,18.1677],[96.8333,18.1583]]],[[[96.7582,18.1671],[96.7732,18.175],[96.8059,18.1709],[96.788,18.1607],[96.7582,18.1671]]],[[[96.7994,18.194],[96.7909,18.1947],[96.7972,18.2018],[96.7994,18.194]]],[[[96.7581,18.1749],[96.7492,18.2046],[96.7531,18.2079],[96.7824,18.1918],[96.7581,18.1749]]],[[[96.7411,18.2606],[96.7325,18.2614],[96.7388,18.2685],[96.7411,18.2606]]],[[[96.7333,18.2833],[96.7282,18.2751],[96.7251,18.2822],[96.7333,18.2833]]],[[[96.7577,18.2773],[96.7492,18.2781],[96.7555,18.2852],[96.7577,18.2773]]],[[[96.7333,18.2833],[96.7368,18.2925],[96.7425,18.2865],[96.7333,18.2833]]],[[[94.3327,18.294],[94.3242,18.2947],[94.3305,18.3018],[94.3327,18.294]]],[[[96.7244,18.2938],[96.7204,18.2978],[96.7222,18.3018],[96.7244,18.2938]]],[[[96.7425,18.3218],[96.7351,18.3182],[96.7333,18.325],[96.7425,18.3218]]],[[[96.7161,18.3273],[96.7113,18.3302],[96.7138,18.3352],[96.7161,18.3273]]],[[[96.7414,18.3678],[96.7338,18.3741],[96.7407,18.3747],[96.7414,18.3678]]],[[[95.1581,18.4698],[95.1506,18.4742],[95.1596,18.4709],[95.1581,18.4698]]],[[[94.2578,18.5242],[94.2503,18.5198],[94.2488,18.5209],[94.2578,18.5242]]],[[[94.2373,18.6584],[94.2336,18.671],[94.25,18.675],[94.2488,18.6688],[94.2373,18.6584]]],[[[94.2149,18.7083],[94.2001,18.7124],[94.2121,18.7248],[94.2165,18.7216],[94.2149,18.7083]]],[[[94.2241,18.727],[94.2198,18.7342],[94.2258,18.7285],[94.2241,18.727]]],[[[93.9982,18.7402],[93.9935,18.7271],[93.9842,18.7383],[93.9982,18.7402]]],[[[97.0552,18.7508],[97.051,18.7437],[97.0492,18.7452],[97.0552,18.7508]]],[[[94.2333,18.7583],[94.2299,18.7492],[94.2242,18.7552],[94.2333,18.7583]]],[[[94.2333,18.7583],[94.2343,18.766],[94.2429,18.7625],[94.2333,18.7583]]],[[[94.2312,18.7746],[94.2242,18.7698],[94.2299,18.7758],[94.2312,18.7746]]],[[[97.0175,18.7885],[97.0101,18.7849],[97.0083,18.7917],[97.0175,18.7885]]],[[[94.2,18.825],[94.2092,18.8215],[94.2032,18.8158],[94.2,18.825]]],[[[97.025,18.8333],[97.0342,18.8298],[97.0282,18.8242],[97.025,18.8333]]],[[[94.1978,18.8331],[94.1896,18.8258],[94.1827,18.8292],[94.1978,18.8331]]],[[[93.9891,18.7793],[93.9621,18.7767],[93.9437,18.794],[93.9625,18.8315],[93.9802,18.8241],[93.9891,18.7793]]],[[[94.2744,18.8356],[94.2659,18.8364],[94.2722,18.8435],[94.2744,18.8356]]],[[[94.2327,18.844],[94.2242,18.8447],[94.2305,18.8518],[94.2327,18.844]]],[[[94.2577,18.844],[94.2492,18.8447],[94.2555,18.8518],[94.2577,18.844]]],[[[93.925,18.875],[93.9493,18.8633],[93.9376,18.8436],[93.925,18.875]]],[[[94.15,18.8667],[94.1423,18.8667],[94.1458,18.8758],[94.15,18.8667]]],[[[94.2746,18.8824],[94.267,18.8761],[94.2677,18.883],[94.2746,18.8824]]],[[[93.9411,18.8856],[93.9325,18.8864],[93.9388,18.8935],[93.9411,18.8856]]],[[[95.1663,18.8991],[95.1586,18.8928],[95.1594,18.8997],[95.1663,18.8991]]],[[[94.0833,18.8917],[94.0778,18.9072],[94.0995,18.8978],[94.0833,18.8917]]],[[[94.0661,18.9023],[94.0575,18.9031],[94.0638,18.9102],[94.0661,18.9023]]],[[[94.05,18.9],[94.034,18.9042],[94.0458,18.9162],[94.05,18.9]]],[[[94.1994,18.969],[94.1909,18.9697],[94.1972,18.9768],[94.1994,18.969]]],[[[94.1116,18.9846],[94.0994,18.9878],[94.119,18.9875],[94.1116,18.9846]]],[[[94.1492,18.9911],[94.1448,18.9836],[94.1417,18.9917],[94.1492,18.9911]]],[[[94.0329,19.0408],[94.0253,19.0344],[94.026,19.0413],[94.0329,19.0408]]],[[[94.0219,19.0508],[94.0176,19.0437],[94.0159,19.0452],[94.0219,19.0508]]],[[[94.0661,19.044],[94.0575,19.0447],[94.0638,19.0518],[94.0661,19.044]]],[[[94.0411,19.0523],[94.0325,19.0531],[94.0388,19.0602],[94.0411,19.0523]]],[[[93.6661,19.069],[93.6575,19.0697],[93.6638,19.0768],[93.6661,19.069]]],[[[94.121,19.0805],[94.0936,19.042],[94.0774,19.0624],[94.121,19.0805]]],[[[93.9417,19.0917],[93.9382,19.0825],[93.9325,19.0885],[93.9417,19.0917]]],[[[94.069,19.0792],[94.0508,19.0823],[94.054,19.0918],[94.069,19.0792]]],[[[94.145,19.0929],[94.1328,19.0962],[94.1524,19.0958],[94.145,19.0929]]],[[[93.6827,19.0875],[93.6594,19.0867],[93.6608,19.0992],[93.6827,19.0875]]],[[[93.9417,19.0917],[93.9458,19.1084],[93.9584,19.0958],[93.9478,19.0918],[93.9448,19.0917],[93.9417,19.0917]]],[[[93.9161,19.1023],[93.9075,19.1031],[93.9138,19.1102],[93.9161,19.1023]]],[[[94.0994,19.1023],[94.0909,19.1031],[94.0972,19.1102],[94.0994,19.1023]]],[[[94.0077,19.096],[93.9987,19.0972],[94.005,19.1106],[94.0077,19.096]]],[[[93.9327,19.1106],[93.9242,19.1114],[93.9305,19.1185],[93.9327,19.1106]]],[[[93.9577,19.119],[93.9492,19.1197],[93.9555,19.1268],[93.9577,19.119]]],[[[93.6515,19.1334],[93.6651,19.1296],[93.6727,19.1115],[93.6525,19.1115],[93.6515,19.1334]]],[[[94.158,19.1332],[94.1372,19.119],[94.1191,19.1291],[94.1404,19.1409],[94.158,19.1332]]],[[[93.6496,19.1408],[93.642,19.1344],[93.6427,19.1413],[93.6496,19.1408]]],[[[94.15,19.15],[94.1398,19.1584],[94.1488,19.1654],[94.1501,19.1625],[94.15,19.15]]],[[[93.9158,19.1656],[93.9,19.1583],[93.901,19.1656],[93.9158,19.1656]]],[[[93.6331,19.1781],[93.6256,19.1826],[93.6346,19.1792],[93.6331,19.1781]]],[[[94.12,19.1763],[94.1078,19.1795],[94.1274,19.1792],[94.12,19.1763]]],[[[93.925,19.1717],[93.9169,19.1826],[93.9209,19.1917],[93.925,19.1717]]],[[[94.1411,19.1856],[94.1325,19.1864],[94.1388,19.1935],[94.1411,19.1856]]],[[[94.0705,19.1939],[94.0603,19.1858],[94.0576,19.1872],[94.0705,19.1939]]],[[[93.9149,19.2015],[93.9075,19.2052],[93.9167,19.2083],[93.9149,19.2015]]],[[[94.0167,19.1958],[94.0002,19.1957],[94.004,19.2083],[94.0167,19.1958]]],[[[93.8148,19.2053],[93.8073,19.2116],[93.8167,19.2167],[93.8148,19.2053]]],[[[93.6728,19.2165],[93.6646,19.2091],[93.6577,19.2125],[93.6728,19.2165]]],[[[93.9833,19.225],[93.9925,19.2215],[93.9865,19.2158],[93.9833,19.225]]],[[[93.8241,19.2171],[93.8178,19.2247],[93.8247,19.224],[93.8241,19.2171]]],[[[93.6407,19.2187],[93.6365,19.2258],[93.6425,19.2202],[93.6407,19.2187]]],[[[93.7994,19.219],[93.7909,19.2197],[93.7972,19.2268],[93.7994,19.219]]],[[[94.0077,19.219],[93.9992,19.2197],[94.0055,19.2268],[94.0077,19.219]]],[[[93.9829,19.2252],[93.9889,19.1875],[93.9611,19.1867],[94.0075,19.1649],[93.9962,19.1527],[93.9711,19.1586],[93.9791,19.1362],[93.9428,19.1674],[93.945,19.1968],[93.9632,19.2061],[93.9192,19.2124],[93.9829,19.2252]]],[[[93.9914,19.2364],[93.9839,19.2409],[93.9929,19.2375],[93.9914,19.2364]]],[[[94.0077,19.2356],[93.9992,19.2364],[94.0055,19.2435],[94.0077,19.2356]]],[[[94.1077,19.2356],[94.0992,19.2364],[94.1055,19.2435],[94.1077,19.2356]]],[[[93.9829,19.2491],[93.9753,19.2428],[93.976,19.2497],[93.9829,19.2491]]],[[[93.6324,19.2437],[93.6282,19.2508],[93.6342,19.2452],[93.6324,19.2437]]],[[[93.6744,19.244],[93.6659,19.2447],[93.6722,19.2518],[93.6744,19.244]]],[[[93.9327,19.244],[93.9242,19.2447],[93.9305,19.2518],[93.9327,19.244]]],[[[93.895,19.2513],[93.8828,19.2545],[93.9024,19.2542],[93.895,19.2513]]],[[[93.975,19.25],[93.9565,19.2337],[93.9435,19.2542],[93.9642,19.2582],[93.975,19.25]]],[[[93.9925,19.2532],[93.9855,19.2579],[93.9868,19.2592],[93.9925,19.2532]]],[[[93.7521,19.2591],[93.7439,19.2665],[93.759,19.2625],[93.7521,19.2591]]],[[[93.825,19.2833],[93.8342,19.2798],[93.8282,19.2742],[93.825,19.2833]]],[[[93.9759,19.2701],[93.9988,19.2815],[93.9985,19.2683],[93.9759,19.2701]]],[[[93.9349,19.2755],[93.9493,19.2822],[93.9492,19.2761],[93.9349,19.2755]]],[[[93.7577,19.2773],[93.7492,19.2781],[93.7555,19.2852],[93.7577,19.2773]]],[[[93.9333,19.2833],[93.9242,19.2868],[93.9302,19.2925],[93.9333,19.2833]]],[[[93.8137,19.2852],[93.82,19.2927],[93.825,19.2833],[93.8137,19.2852]]],[[[93.6411,19.2856],[93.6325,19.2864],[93.6388,19.2935],[93.6411,19.2856]]],[[[93.6577,19.2856],[93.6492,19.2864],[93.6555,19.2935],[93.6577,19.2856]]],[[[93.9829,19.2837],[93.9611,19.2778],[93.9441,19.2957],[93.9753,19.2995],[93.9829,19.2837]]],[[[93.8161,19.3023],[93.8075,19.3031],[93.8138,19.3102],[93.8161,19.3023]]],[[[93.5997,19.2916],[93.5841,19.3034],[93.5959,19.316],[93.5997,19.3075],[93.5997,19.2916]]],[[[94.1518,19.3],[94.1502,19.3133],[94.1546,19.3164],[94.1666,19.3041],[94.1518,19.3]]],[[[93.75,19.3167],[93.7465,19.3075],[93.7408,19.3135],[93.75,19.3167]]],[[[93.6661,19.3106],[93.6575,19.3114],[93.6638,19.3185],[93.6661,19.3106]]],[[[94.0058,19.305],[93.9833,19.3],[93.9868,19.3233],[94.0058,19.305]]],[[[94.0951,19.3242],[94.1065,19.3012],[94.0933,19.3015],[94.0951,19.3242]]],[[[93.9248,19.3145],[93.9083,19.3124],[93.9209,19.3251],[93.9248,19.3145]]],[[[93.5758,19.3198],[93.5689,19.3246],[93.5702,19.3258],[93.5758,19.3198]]],[[[94.1675,19.3198],[94.1605,19.3246],[94.1618,19.3258],[94.1675,19.3198]]],[[[93.6494,19.319],[93.6409,19.3197],[93.6472,19.3268],[93.6494,19.319]]],[[[93.6182,19.3334],[93.6327,19.3281],[93.6292,19.3018],[93.6102,19.3123],[93.6182,19.3334]]],[[[94.1346,19.335],[94.1333,19.3167],[94.1171,19.3117],[94.1108,19.3374],[94.1346,19.335]]],[[[93.5999,19.329],[93.5838,19.3276],[93.5833,19.3417],[93.5999,19.329]]],[[[93.5414,19.3614],[93.5339,19.3659],[93.5429,19.3625],[93.5414,19.3614]]],[[[93.7592,19.3499],[93.7598,19.3656],[93.7738,19.3654],[93.7739,19.36],[93.7592,19.3499]]],[[[93.75,19.3167],[93.7521,19.347],[93.7794,19.3348],[93.8373,19.3723],[93.8715,19.3125],[93.8575,19.2848],[93.8138,19.3225],[93.7959,19.3171],[93.7837,19.3166],[93.75,19.3167]]],[[[93.9911,19.369],[93.9825,19.3697],[93.9888,19.3768],[93.9911,19.369]]],[[[94.1315,19.3765],[94.1242,19.3802],[94.1333,19.3833],[94.1315,19.3765]]],[[[93.9244,19.3773],[93.9159,19.3781],[93.9222,19.3852],[93.9244,19.3773]]],[[[93.6911,19.3856],[93.6825,19.3864],[93.6888,19.3935],[93.6911,19.3856]]],[[[93.9338,19.3332],[93.9435,19.3877],[93.9791,19.3977],[93.9731,19.3541],[93.9338,19.3332]]],[[[93.5661,19.394],[93.5575,19.3947],[93.5638,19.4018],[93.5661,19.394]]],[[[93.8744,19.394],[93.8659,19.3947],[93.8722,19.4018],[93.8744,19.394]]],[[[93.6163,19.3332],[93.5917,19.3492],[93.5522,19.3293],[93.5605,19.2869],[93.5765,19.2986],[93.6137,19.2805],[93.6095,19.256],[93.6317,19.2113],[93.6179,19.1999],[93.6289,19.1681],[93.6528,19.1966],[93.6658,19.187],[93.6965,19.2274],[93.6877,19.2559],[93.67,19.2626],[93.6959,19.2799],[93.7032,19.2618],[93.722,19.2719],[93.7283,19.2449],[93.7374,19.2551],[93.745,19.2367],[93.7637,19.2386],[93.7808,19.1927],[93.8229,19.1866],[93.8386,19.2406],[93.8552,19.2308],[93.8445,19.203],[93.8867,19.2306],[93.9051,19.2215],[93.8948,19.2027],[93.8796,19.2141],[93.8607,19.203],[93.8909,19.1759],[93.8777,19.1448],[93.8972,19.1555],[93.9219,19.1376],[93.8527,19.0864],[93.897,19.0889],[93.947,19.0387],[93.9285,19.0257],[93.9547,19.0214],[93.9531,19.0035],[93.9891,18.9623],[93.9539,18.911],[93.9191,18.9047],[93.9219,18.8778],[93.7809,18.9642],[93.7288,18.9769],[93.7123,19.04],[93.6931,19.0364],[93.696,19.0018],[93.6695,19.011],[93.6682,19.0546],[93.712,19.0967],[93.7319,19.078],[93.7355,19.1061],[93.7648,19.1031],[93.8147,19.1292],[93.7485,19.1489],[93.7632,19.1284],[93.7271,19.1192],[93.7295,19.1391],[93.7022,19.1541],[93.7207,19.1895],[93.6955,19.1742],[93.6848,19.1436],[93.6709,19.1555],[93.6333,19.1427],[93.6106,19.1521],[93.5723,19.2379],[93.5282,19.2866],[93.531,19.3042],[93.512,19.3036],[93.4781,19.3532],[93.4976,19.3546],[93.485,19.3959],[93.5324,19.3882],[93.5275,19.361],[93.5398,19.3509],[93.5986,19.4076],[93.6084,19.39],[93.5971,19.3674],[93.689,19.3638],[93.6638,19.3362],[93.6336,19.3417],[93.6163,19.3332]],[[93.8588,19.1509],[93.8664,19.1572],[93.8583,19.1583],[93.8588,19.1509]],[[93.7754,19.0926],[93.7831,19.0989],[93.775,19.1],[93.7754,19.0926]],[[93.7939,19.0904],[93.7847,19.0761],[93.7989,19.0903],[93.7939,19.0904]],[[93.7254,19.0592],[93.7331,19.0656],[93.725,19.0667],[93.7254,19.0592]],[[93.8984,19.0328],[93.8846,19.0257],[93.9,19.025],[93.8984,19.0328]],[[93.9088,19.0259],[93.9164,19.0322],[93.9083,19.0333],[93.9088,19.0259]],[[93.8746,19.0324],[93.867,19.0261],[93.875,19.025],[93.8746,19.0324]],[[93.7418,19.0108],[93.7583,19.0054],[93.7553,19.0242],[93.7418,19.0108]],[[93.7847,19.016],[93.8,19.0083],[93.7995,19.0148],[93.7847,19.016]],[[93.8171,19.0092],[93.8247,19.0156],[93.8167,19.0167],[93.8171,19.0092]],[[93.7744,19.0006],[93.7667,19.0083],[93.7674,19.0005],[93.7744,19.0006]],[[93.7504,18.9842],[93.7581,18.9906],[93.75,18.9917],[93.7504,18.9842]],[[93.9088,18.9509],[93.9164,18.9572],[93.9083,18.9583],[93.9088,18.9509]],[[93.9394,18.9488],[93.9355,18.9339],[93.9492,18.9353],[93.9394,18.9488]],[[93.7329,19.2241],[93.7253,19.2178],[93.7333,19.2167],[93.7329,19.2241]]],[[[94.1327,19.4023],[94.1242,19.4031],[94.1305,19.4102],[94.1327,19.4023]]],[[[93.5077,19.4106],[93.4992,19.4114],[93.5055,19.4185],[93.5077,19.4106]]],[[[93.7244,19.4106],[93.7159,19.4114],[93.7222,19.4185],[93.7244,19.4106]]],[[[93.5316,19.4235],[93.5269,19.4105],[93.5176,19.4217],[93.5316,19.4235]]],[[[93.6931,19.4094],[93.6978,19.4238],[93.708,19.4118],[93.6931,19.4094]]],[[[93.6411,19.419],[93.6325,19.4197],[93.6388,19.4268],[93.6411,19.419]]],[[[94.1149,19.4265],[94.1075,19.4302],[94.1167,19.4333],[94.1149,19.4265]]],[[[93.7081,19.4261],[93.7004,19.4324],[93.7073,19.433],[93.7081,19.4261]]],[[[93.5494,19.4273],[93.5409,19.4281],[93.5472,19.4352],[93.5494,19.4273]]],[[[93.6083,19.4417],[93.6175,19.4382],[93.6115,19.4325],[93.6083,19.4417]]],[[[93.6915,19.4322],[93.6834,19.428],[93.6875,19.4423],[93.6915,19.4322]]],[[[93.9994,19.4356],[93.9909,19.4364],[93.9972,19.4435],[93.9994,19.4356]]],[[[94.0744,19.4356],[94.0659,19.4364],[94.0722,19.4435],[94.0744,19.4356]]],[[[93.6083,19.4417],[93.5989,19.4461],[93.608,19.449],[93.6083,19.4417]]],[[[93.6509,19.4468],[93.6435,19.4432],[93.6417,19.45],[93.6509,19.4468]]],[[[93.95,19.45],[93.9592,19.4465],[93.9532,19.4408],[93.95,19.45]]],[[[93.6688,19.4488],[93.6729,19.434],[93.6587,19.4368],[93.6688,19.4488]]],[[[94.0994,19.444],[94.0909,19.4447],[94.0972,19.4518],[94.0994,19.444]]],[[[93.9244,19.4523],[93.9159,19.4531],[93.9222,19.4602],[93.9244,19.4523]]],[[[94.0827,19.4523],[94.0742,19.4531],[94.0805,19.4602],[94.0827,19.4523]]],[[[94.0982,19.4599],[94.0908,19.4635],[94.1,19.4667],[94.0982,19.4599]]],[[[93.9498,19.464],[93.9419,19.4523],[93.9439,19.4665],[93.9498,19.464]]],[[[93.9583,19.4667],[93.966,19.4657],[93.9625,19.4571],[93.9583,19.4667]]],[[[93.6831,19.4522],[93.6758,19.4604],[93.6792,19.4673],[93.6831,19.4522]]],[[[93.9747,19.4698],[93.9673,19.4742],[93.9762,19.4709],[93.9747,19.4698]]],[[[93.5833,19.475],[93.5925,19.4715],[93.5865,19.4658],[93.5833,19.475]]],[[[93.8083,19.475],[93.8049,19.4659],[93.7992,19.4718],[93.8083,19.475]]],[[[93.5335,19.4678],[93.5416,19.472],[93.5375,19.4577],[93.5335,19.4678]]],[[[93.9579,19.4741],[93.9503,19.4678],[93.951,19.4747],[93.9579,19.4741]]],[[[93.8661,19.469],[93.8575,19.4697],[93.8638,19.4768],[93.8661,19.469]]],[[[94.0244,19.469],[94.0159,19.4697],[94.0222,19.4768],[94.0244,19.469]]],[[[93.6417,19.4723],[93.6394,19.4534],[93.6292,19.4636],[93.6112,19.4531],[93.6181,19.4805],[93.6417,19.4723]]],[[[93.55,19.4833],[93.5592,19.4798],[93.5532,19.4742],[93.55,19.4833]]],[[[93.5811,19.4831],[93.5729,19.4758],[93.566,19.4792],[93.5811,19.4831]]],[[[93.6417,19.475],[93.6452,19.4842],[93.6509,19.4782],[93.6417,19.475]]],[[[93.8083,19.475],[93.8118,19.4842],[93.8175,19.4782],[93.8083,19.475]]],[[[93.6827,19.4773],[93.6742,19.4781],[93.6805,19.4852],[93.6827,19.4773]]],[[[93.8428,19.4915],[93.847,19.4834],[93.8327,19.4875],[93.8428,19.4915]]],[[[93.5332,19.489],[93.5253,19.4773],[93.5273,19.4915],[93.5332,19.489]]],[[[93.5496,19.4908],[93.542,19.4844],[93.5427,19.4913],[93.5496,19.4908]]],[[[93.9665,19.4822],[93.9584,19.478],[93.9625,19.4923],[93.9665,19.4822]]],[[[93.6135,19.4925],[93.6093,19.4853],[93.6075,19.4868],[93.6135,19.4925]]],[[[94.0161,19.4856],[94.0075,19.4864],[94.0138,19.4935],[94.0161,19.4856]]],[[[93.5244,19.4992],[93.517,19.4948],[93.5155,19.4959],[93.5244,19.4992]]],[[[93.5413,19.4991],[93.5336,19.4928],[93.5344,19.4997],[93.5413,19.4991]]],[[[93.6667,19.4917],[93.659,19.4917],[93.6624,19.5008],[93.6667,19.4917]]],[[[93.85,19.4917],[93.8535,19.5008],[93.8592,19.4948],[93.85,19.4917]]],[[[93.6833,19.5],[93.6756,19.5],[93.6791,19.5091],[93.6833,19.5]]],[[[93.5333,19.5],[93.5257,19.5009],[93.5292,19.5096],[93.5333,19.5]]],[[[94.0077,19.5023],[93.9992,19.5031],[94.0055,19.5102],[94.0077,19.5023]]],[[[93.9744,19.519],[93.9659,19.5197],[93.9722,19.5268],[93.9744,19.519]]],[[[93.5161,19.5273],[93.5075,19.5281],[93.5138,19.5352],[93.5161,19.5273]]],[[[93.8577,19.5273],[93.8492,19.5281],[93.8555,19.5352],[93.8577,19.5273]]],[[[93.9331,19.5364],[93.9256,19.5409],[93.9346,19.5375],[93.9331,19.5364]]],[[[93.7366,19.5346],[93.7244,19.5378],[93.744,19.5375],[93.7366,19.5346]]],[[[93.6411,19.5356],[93.6325,19.5364],[93.6388,19.5435],[93.6411,19.5356]]],[[[93.5,19.55],[93.5092,19.5465],[93.5032,19.5408],[93.5,19.55]]],[[[93.7389,19.4712],[93.7262,19.4558],[93.7555,19.4346],[93.7804,19.4374],[93.7721,19.4565],[93.7884,19.4491],[93.789,19.4092],[93.8123,19.4559],[93.8506,19.4423],[93.8928,19.4486],[93.8959,19.4277],[93.9304,19.4388],[93.9487,19.4152],[93.9236,19.3926],[93.8306,19.4324],[93.8471,19.4129],[93.8214,19.3769],[93.7796,19.3682],[93.7798,19.3976],[93.7124,19.4352],[93.6948,19.4613],[93.7067,19.4944],[93.6691,19.5295],[93.6857,19.5562],[93.713,19.5383],[93.7032,19.527],[93.7389,19.4712]]],[[[93.5,19.55],[93.4909,19.5535],[93.4969,19.5592],[93.5,19.55]]],[[[93.6668,19.5538],[93.6667,19.5333],[93.6537,19.5283],[93.6436,19.5628],[93.6668,19.5538]]],[[[93.6244,19.5606],[93.6159,19.5614],[93.6222,19.5685],[93.6244,19.5606]]],[[[93.6494,19.5773],[93.6409,19.5781],[93.6472,19.5852],[93.6494,19.5773]]],[[[93.8116,19.5846],[93.7994,19.5878],[93.819,19.5875],[93.8116,19.5846]]],[[[93.6667,19.5833],[93.659,19.5833],[93.6624,19.5924],[93.6667,19.5833]]],[[[93.7161,19.5856],[93.7075,19.5864],[93.7138,19.5935],[93.7161,19.5856]]],[[[93.7494,19.5856],[93.7409,19.5864],[93.7472,19.5935],[93.7494,19.5856]]],[[[93.8441,19.5998],[93.8374,19.584],[93.8257,19.5968],[93.8441,19.5998]]],[[[93.791,19.5963],[93.7681,19.593],[93.7609,19.5958],[93.7821,19.6168],[93.791,19.5963]]],[[[93.7494,19.619],[93.7409,19.6197],[93.7472,19.6268],[93.7494,19.619]]],[[[93.6334,19.6246],[93.6293,19.6123],[93.6026,19.604],[93.6116,19.6302],[93.6334,19.6246]]],[[[93.6333,19.625],[93.6368,19.6342],[93.6425,19.6282],[93.6333,19.625]]],[[[93.6577,19.6273],[93.6492,19.6281],[93.6555,19.6352],[93.6577,19.6273]]],[[[93.7327,19.6273],[93.7242,19.6281],[93.7305,19.6352],[93.7327,19.6273]]],[[[93.5494,19.644],[93.5409,19.6447],[93.5472,19.6518],[93.5494,19.644]]],[[[93.5897,19.6651],[93.5715,19.6434],[93.5685,19.6649],[93.5897,19.6651]]],[[[93.55,19.6833],[93.5592,19.6798],[93.5532,19.6742],[93.55,19.6833]]],[[[93.7773,19.6919],[93.7855,19.6992],[93.7923,19.6958],[93.7773,19.6919]]],[[[93.746,19.6845],[93.7344,19.7043],[93.7375,19.719],[93.7495,19.7039],[93.746,19.6845]]],[[[93.7561,19.7331],[93.7479,19.7258],[93.741,19.7292],[93.7561,19.7331]]],[[[93.4208,19.744],[93.4477,19.7394],[93.4714,19.7108],[93.4701,19.7384],[93.4898,19.7316],[93.5052,19.6617],[93.4194,19.7194],[93.4208,19.744]]],[[[93.7747,19.6999],[93.7591,19.7168],[93.7767,19.7488],[93.799,19.7319],[93.7969,19.7118],[93.7747,19.6999]]],[[[93.1994,19.744],[93.1909,19.7447],[93.1972,19.7518],[93.1994,19.744]]],[[[93.7994,19.7523],[93.7909,19.7531],[93.7972,19.7602],[93.7994,19.7523]]],[[[94.0326,19.7661],[94.0281,19.7586],[94.025,19.7667],[94.0326,19.7661]]],[[[94.0413,19.7741],[94.0336,19.7678],[94.0344,19.7747],[94.0413,19.7741]]],[[[93.7827,19.769],[93.7742,19.7697],[93.7805,19.7768],[93.7827,19.769]]],[[[93.7994,19.7773],[93.7909,19.7781],[93.7972,19.7852],[93.7994,19.7773]]],[[[93.7577,19.7856],[93.7492,19.7864],[93.7555,19.7935],[93.7577,19.7856]]],[[[93.2661,19.8023],[93.2575,19.8031],[93.2638,19.8102],[93.2661,19.8023]]],[[[93.7167,19.8167],[93.7132,19.8075],[93.7075,19.8135],[93.7167,19.8167]]],[[[93.8078,19.8242],[93.8003,19.8198],[93.7988,19.8209],[93.8078,19.8242]]],[[[93.7167,19.8167],[93.7202,19.8258],[93.7258,19.8198],[93.7167,19.8167]]],[[[93.1583,19.8208],[93.1418,19.8207],[93.1457,19.8333],[93.1583,19.8208]]],[[[93.7411,19.8356],[93.7325,19.8364],[93.7388,19.8435],[93.7411,19.8356]]],[[[93.1425,19.8468],[93.1351,19.8432],[93.1333,19.85],[93.1425,19.8468]]],[[[93.5497,19.6835],[93.5192,19.6776],[93.5189,19.7142],[93.5786,19.7638],[93.5978,19.7451],[93.5938,19.7792],[93.645,19.8557],[93.6626,19.8567],[93.6504,19.8208],[93.6648,19.7986],[93.6226,19.7187],[93.6056,19.7098],[93.5876,19.7314],[93.5497,19.6835]],[[93.5496,19.7158],[93.542,19.7094],[93.55,19.7083],[93.5496,19.7158]],[[93.5663,19.7408],[93.5586,19.7344],[93.5667,19.7333],[93.5663,19.7408]]],[[[93.4565,19.9432],[93.4492,19.9468],[93.4583,19.95],[93.4565,19.9432]]],[[[93.1755,19.9585],[93.215,19.888],[93.2444,19.8183],[93.2267,19.8219],[93.1755,19.9585]]],[[[93.175,19.9583],[93.1659,19.9618],[93.1719,19.9675],[93.175,19.9583]]],[[[93.1583,19.9833],[93.1675,19.9798],[93.1615,19.9742],[93.1583,19.9833]]],[[[93.1077,19.9773],[93.0992,19.9781],[93.1055,19.9852],[93.1077,19.9773]]],[[[93.1582,19.9906],[93.1501,19.9864],[93.1542,20.0007],[93.1582,19.9906]]],[[[93.3744,20.0273],[93.3659,20.0281],[93.3722,20.0352],[93.3744,20.0273]]],[[[93.1337,20.0417],[93.149,20.0301],[93.1461,20.0096],[93.1346,20.0287],[93.1337,20.0417]]],[[[93.3667,20.05],[93.3632,20.0409],[93.3575,20.0468],[93.3667,20.05]]],[[[93.1333,20.0417],[93.1242,20.0452],[93.1302,20.0508],[93.1333,20.0417]]],[[[93.0616,20.0513],[93.0494,20.0545],[93.069,20.0542],[93.0616,20.0513]]],[[[93.0993,20.046],[93.0904,20.0472],[93.0967,20.0606],[93.0993,20.046]]],[[[93.4083,20.0583],[93.4118,20.0675],[93.4175,20.0615],[93.4083,20.0583]]],[[[93.095,20.0679],[93.0828,20.0712],[93.1024,20.0708],[93.095,20.0679]]],[[[93.385,20.0713],[93.4158,20.0356],[93.4125,20.027],[93.385,20.0713]]],[[[93.0292,19.8194],[93.015,19.9046],[92.9433,20.0121],[92.9225,20.0733],[92.9417,20.075],[92.956,20.056],[93.0233,19.9212],[93.0292,19.8194]]],[[[93.4081,20.0781],[93.4006,20.0826],[93.4096,20.0792],[93.4081,20.0781]]],[[[93.3667,20.05],[93.3674,20.0799],[93.3724,20.0825],[93.3692,20.0501],[93.3679,20.0499],[93.3667,20.05]]],[[[93.0419,20.0833],[93.063,20.0904],[93.0663,20.0815],[93.0543,20.0678],[93.0419,20.0833]]],[[[93.4332,20.089],[93.4253,20.0773],[93.4273,20.0915],[93.4332,20.089]]],[[[93.3996,20.0908],[93.392,20.0844],[93.3927,20.0913],[93.3996,20.0908]]],[[[93.4228,20.0996],[93.4158,20.0948],[93.4215,20.1008],[93.4228,20.0996]]],[[[93.4649,20.1015],[93.4575,20.1052],[93.4667,20.1083],[93.4649,20.1015]]],[[[93.0413,20.0832],[93.0267,20.0959],[93.0377,20.1149],[93.0495,20.1022],[93.0413,20.0832]]],[[[93.0083,20.1083],[93.0141,20.118],[93.0256,20.112],[93.0083,20.1083]]],[[[93.0083,20.108],[93.1052,19.9539],[93.1318,19.8528],[93.0524,19.9607],[93.0483,20.0046],[93.0025,20.0608],[92.9781,20.1218],[93.0083,20.108]]],[[[92.9009,20.1218],[92.8935,20.1182],[92.8917,20.125],[92.9009,20.1218]]],[[[93.4175,20.1218],[93.4101,20.1182],[93.4083,20.125],[93.4175,20.1218]]],[[[93.4417,20.1333],[93.4508,20.1298],[93.4448,20.1242],[93.4417,20.1333]]],[[[92.8997,20.1364],[92.8923,20.1409],[92.9012,20.1375],[92.8997,20.1364]]],[[[93.4417,20.1333],[93.4322,20.1378],[93.4414,20.1407],[93.4417,20.1333]]],[[[93.4497,20.1448],[93.4423,20.1492],[93.4512,20.1459],[93.4497,20.1448]]],[[[93.2744,20.144],[93.2659,20.1447],[93.2722,20.1518],[93.2744,20.144]]],[[[92.9038,20.1521],[92.893,20.1633],[92.9135,20.173],[92.9155,20.1706],[92.9038,20.1521]]],[[[92.8127,20.1832],[92.8039,20.1667],[92.7997,20.1777],[92.8127,20.1832]]],[[[93.2244,20.1773],[93.2159,20.1781],[93.2222,20.1852],[93.2244,20.1773]]],[[[92.9077,20.1856],[92.8992,20.1864],[92.9055,20.1935],[92.9077,20.1856]]],[[[93.1244,20.1856],[93.1159,20.1864],[93.1222,20.1935],[93.1244,20.1856]]],[[[92.8612,20.1971],[92.8818,20.168],[92.887,20.1262],[92.8192,20.1678],[92.8553,20.1782],[92.8612,20.1971]]],[[[92.8,20.2],[92.7965,20.1909],[92.7908,20.1968],[92.8,20.2]]],[[[93.0911,20.194],[93.0825,20.1947],[93.0888,20.2018],[93.0911,20.194]]],[[[92.9244,20.2023],[92.9159,20.2031],[92.9222,20.2102],[92.9244,20.2023]]],[[[93.0743,20.196],[93.0654,20.1972],[93.0717,20.2106],[93.0743,20.196]]],[[[92.8899,20.2099],[92.8825,20.2135],[92.8917,20.2167],[92.8899,20.2099]]],[[[92.8419,20.2144],[92.8492,20.2062],[92.8458,20.1994],[92.8419,20.2144]]],[[[93.2827,20.2106],[93.2742,20.2114],[93.2805,20.2185],[93.2827,20.2106]]],[[[92.8575,20.2171],[92.8511,20.2247],[92.858,20.224],[92.8575,20.2171]]],[[[93.2581,20.2161],[93.2202,20.2033],[93.2172,20.2089],[93.2264,20.2249],[93.2581,20.2161]]],[[[93.2583,20.2167],[93.2618,20.2258],[93.2675,20.2198],[93.2583,20.2167]]],[[[93.1161,20.219],[93.1075,20.2197],[93.1138,20.2268],[93.1161,20.219]]],[[[93.1837,20.2249],[93.2042,20.2246],[93.2053,20.2035],[93.1796,20.2108],[93.1837,20.2249]]],[[[92.7999,20.2005],[92.8201,20.2308],[92.8381,20.2305],[92.8284,20.1948],[92.7999,20.2005]]],[[[93.125,20.2333],[93.1326,20.2311],[93.1292,20.2157],[93.125,20.2333]]],[[[93.1659,20.2272],[93.1761,20.2345],[93.1833,20.225],[93.1659,20.2272]]],[[[93.0622,20.2356],[93.052,20.2275],[93.0493,20.2289],[93.0622,20.2356]]],[[[93.1407,20.2353],[93.1365,20.2425],[93.1425,20.2368],[93.1407,20.2353]]],[[[93.2327,20.2356],[93.2242,20.2364],[93.2305,20.2435],[93.2327,20.2356]]],[[[93.125,20.2333],[93.0931,20.2374],[93.1023,20.2482],[93.125,20.2333]]],[[[93.0544,20.1945],[93.0035,20.2116],[93.0113,20.2389],[93.0468,20.247],[93.0332,20.2245],[93.0544,20.1945]]],[[[93.3747,20.2428],[93.3671,20.2491],[93.374,20.2497],[93.3747,20.2428]]],[[[93.0661,20.244],[93.0575,20.2447],[93.0638,20.2518],[93.0661,20.244]]],[[[92.8062,20.2579],[92.7992,20.2532],[92.8049,20.2592],[92.8062,20.2579]]],[[[93.0978,20.2579],[93.0908,20.2532],[93.0965,20.2592],[93.0978,20.2579]]],[[[93.1661,20.2523],[93.1575,20.2531],[93.1638,20.2602],[93.1661,20.2523]]],[[[93.0827,20.246],[93.0737,20.2472],[93.08,20.2606],[93.0827,20.246]]],[[[93.0616,20.2596],[93.0494,20.2628],[93.069,20.2625],[93.0616,20.2596]]],[[[93.2828,20.2742],[93.2753,20.2698],[93.2738,20.2709],[93.2828,20.2742]]],[[[92.7409,20.2744],[92.7364,20.2669],[92.7333,20.275],[92.7409,20.2744]]],[[[93.0994,20.269],[93.0909,20.2697],[93.0972,20.2768],[93.0994,20.269]]],[[[93.1911,20.269],[93.1825,20.2697],[93.1888,20.2768],[93.1911,20.269]]],[[[93.1583,20.2833],[93.1549,20.2742],[93.1492,20.2802],[93.1583,20.2833]]],[[[93.2913,20.2824],[93.2836,20.2761],[93.2844,20.283],[93.2913,20.2824]]],[[[93.1417,20.275],[93.134,20.275],[93.1374,20.2841],[93.1417,20.275]]],[[[92.7508,20.2782],[92.7439,20.2829],[92.7452,20.2842],[92.7508,20.2782]]],[[[92.7994,20.2773],[92.7909,20.2781],[92.7972,20.2852],[92.7994,20.2773]]],[[[93.1583,20.2833],[93.1618,20.2925],[93.1675,20.2865],[93.1583,20.2833]]],[[[92.8244,20.2856],[92.8159,20.2864],[92.8222,20.2935],[92.8244,20.2856]]],[[[92.8,20.3],[92.8077,20.2991],[92.8042,20.2904],[92.8,20.3]]],[[[92.7833,20.2917],[92.7756,20.2917],[92.7791,20.3008],[92.7833,20.2917]]],[[[93.325,20.2917],[93.3285,20.3008],[93.3342,20.2948],[93.325,20.2917]]],[[[92.7996,20.3074],[92.792,20.3011],[92.7927,20.308],[92.7996,20.3074]]],[[[92.8175,20.3032],[92.8105,20.3079],[92.8118,20.3092],[92.8175,20.3032]]],[[[92.8327,20.3023],[92.8242,20.3031],[92.8305,20.3102],[92.8327,20.3023]]],[[[93.0744,20.3023],[93.0659,20.3031],[93.0722,20.3102],[93.0744,20.3023]]],[[[93.1077,20.3023],[93.0992,20.3031],[93.1055,20.3102],[93.1077,20.3023]]],[[[93.1827,20.3023],[93.1742,20.3031],[93.1805,20.3102],[93.1827,20.3023]]],[[[93.3248,20.2912],[93.3453,20.2444],[93.3814,20.2291],[93.3692,20.2192],[93.3916,20.1983],[93.3781,20.1783],[93.3967,20.172],[93.4077,20.1425],[93.4053,20.1282],[93.3929,20.1359],[93.3899,20.0957],[93.3622,20.0859],[93.3261,20.1305],[93.3307,20.1712],[93.3171,20.1809],[93.3304,20.1899],[93.2845,20.2554],[93.3144,20.2776],[93.2862,20.2949],[93.2948,20.3133],[93.3248,20.2912]],[[93.3588,20.2009],[93.3664,20.2072],[93.3583,20.2083],[93.3588,20.2009]],[[93.3583,20.1917],[93.3657,20.1837],[93.3664,20.1906],[93.3583,20.1917]],[[93.3845,20.1658],[93.3907,20.1509],[93.3907,20.1658],[93.3845,20.1658]],[[93.35,20.15],[93.3342,20.1573],[93.3341,20.1511],[93.35,20.15]],[[93.3671,20.1092],[93.3747,20.1156],[93.3667,20.1167],[93.3671,20.1092]]],[[[92.7915,20.3145],[92.775,20.3124],[92.7876,20.3251],[92.7915,20.3145]]],[[[92.8618,20.3155],[92.8423,20.3018],[92.8577,20.3251],[92.8618,20.3155]]],[[[92.8161,20.319],[92.8075,20.3197],[92.8138,20.3268],[92.8161,20.319]]],[[[92.8327,20.319],[92.8242,20.3197],[92.8305,20.3268],[92.8327,20.319]]],[[[93.2327,20.3273],[93.2242,20.3281],[93.2305,20.3352],[93.2327,20.3273]]],[[[93.3244,20.3356],[93.3159,20.3364],[93.3222,20.3435],[93.3244,20.3356]]],[[[92.8065,20.3432],[92.7992,20.3468],[92.8083,20.35],[92.8065,20.3432]]],[[[93.2512,20.3481],[93.2576,20.3317],[93.2542,20.3249],[93.2512,20.3481]]],[[[93.024,20.3437],[93.0198,20.3508],[93.0258,20.3452],[93.024,20.3437]]],[[[93.2333,20.35],[93.2173,20.3542],[93.2292,20.3662],[93.2333,20.35]]],[[[93.2716,20.3449],[93.2502,20.3679],[93.254,20.389],[93.2746,20.3579],[93.2716,20.3449]]],[[[93.3415,20.3989],[93.3334,20.3947],[93.3375,20.409],[93.3415,20.3989]]],[[[93.3577,20.4023],[93.3492,20.4031],[93.3555,20.4102],[93.3577,20.4023]]],[[[93.2411,20.419],[93.2325,20.4197],[93.2388,20.4268],[93.2411,20.419]]],[[[93.3321,20.4211],[93.3166,20.4241],[93.3208,20.4411],[93.3321,20.4211]]],[[[93.3649,20.4432],[93.3575,20.4468],[93.3667,20.45],[93.3649,20.4432]]],[[[93.2333,20.4417],[93.2256,20.4417],[93.2291,20.4508],[93.2333,20.4417]]],[[[93.2911,20.444],[93.2825,20.4447],[93.2888,20.4518],[93.2911,20.444]]],[[[93.3399,20.4625],[93.3087,20.4561],[93.3125,20.4773],[93.3399,20.4625]]],[[[93.25,20.4917],[93.2423,20.4917],[93.2458,20.5008],[93.25,20.4917]]],[[[92.8092,20.4948],[92.8022,20.4996],[92.8035,20.5008],[92.8092,20.4948]]],[[[93.3399,20.5015],[93.3325,20.5052],[93.3417,20.5083],[93.3399,20.5015]]],[[[92.8244,20.5023],[92.8159,20.5031],[92.8222,20.5102],[92.8244,20.5023]]],[[[93.2994,20.5023],[93.2909,20.5031],[93.2972,20.5102],[93.2994,20.5023]]],[[[93.2148,20.5053],[93.2073,20.5116],[93.2167,20.5167],[93.2148,20.5053]]],[[[93.2167,20.5167],[93.2176,20.5243],[93.2262,20.5209],[93.2167,20.5167]]],[[[92.5661,20.5326],[92.5586,20.5281],[92.5571,20.5292],[92.5661,20.5326]]],[[[93.2165,20.5322],[93.2084,20.528],[93.2125,20.5423],[93.2165,20.5322]]],[[[93.2744,20.5356],[93.2659,20.5364],[93.2722,20.5435],[93.2744,20.5356]]],[[[92.808,20.5416],[92.7956,20.5262],[92.7846,20.5375],[92.7956,20.5489],[92.808,20.5416]]],[[[92.7493,20.5376],[92.7404,20.5389],[92.7467,20.5523],[92.7493,20.5376]]],[[[92.7909,20.5661],[92.7864,20.5586],[92.7833,20.5667],[92.7909,20.5661]]],[[[92.7247,20.5698],[92.7173,20.5742],[92.7262,20.5709],[92.7247,20.5698]]],[[[93.2327,20.569],[93.2242,20.5697],[93.2305,20.5768],[93.2327,20.569]]],[[[92.758,20.5666],[92.7433,20.5601],[92.7358,20.5808],[92.7379,20.5819],[92.758,20.5666]]],[[[93.2042,20.552],[93.1923,20.572],[93.1964,20.5826],[93.2135,20.5722],[93.2042,20.552]]],[[[92.783,20.5749],[92.7707,20.5595],[92.7584,20.5765],[92.7676,20.5833],[92.783,20.5749]]],[[[92.7167,20.575],[92.709,20.5759],[92.7125,20.5846],[92.7167,20.575]]],[[[93.0161,20.5773],[93.0075,20.5781],[93.0138,20.5852],[93.0161,20.5773]]],[[[93.2916,20.5677],[93.2773,20.5537],[93.2792,20.5857],[93.2916,20.5677]]],[[[92.9675,20.5865],[92.9605,20.5912],[92.9618,20.5925],[92.9675,20.5865]]],[[[93.2327,20.5856],[93.2242,20.5864],[93.2305,20.5935],[93.2327,20.5856]]],[[[92.7149,20.5932],[92.7075,20.5968],[92.7167,20.6],[92.7149,20.5932]]],[[[92.7661,20.594],[92.7575,20.5947],[92.7638,20.6018],[92.7661,20.594]]],[[[92.6994,20.6023],[92.6909,20.6031],[92.6972,20.6102],[92.6994,20.6023]]],[[[92.9661,20.6023],[92.9575,20.6031],[92.9638,20.6102],[92.9661,20.6023]]],[[[93.2244,20.6023],[93.2159,20.6031],[93.2222,20.6102],[93.2244,20.6023]]],[[[93.145,20.6096],[93.1328,20.6128],[93.1524,20.6125],[93.145,20.6096]]],[[[92.9478,20.6096],[92.9431,20.6239],[92.958,20.6215],[92.9478,20.6096]]],[[[93.275,20.625],[93.2611,20.6187],[93.2578,20.6212],[93.275,20.625]]],[[[93.0866,20.6263],[93.0744,20.6295],[93.094,20.6292],[93.0866,20.6263]]],[[[92.9413,20.6324],[92.9336,20.6261],[92.9344,20.633],[92.9413,20.6324]]],[[[92.5165,20.6239],[92.5084,20.6197],[92.5125,20.634],[92.5165,20.6239]]],[[[92.3333,20.625],[92.3256,20.625],[92.3291,20.6341],[92.3333,20.625]]],[[[92.6533,20.6346],[92.6411,20.6378],[92.6607,20.6375],[92.6533,20.6346]]],[[[92.7066,20.625],[92.6917,20.6291],[92.7038,20.6414],[92.7081,20.6383],[92.7066,20.625]]],[[[92.6157,20.6353],[92.6115,20.6425],[92.6175,20.6368],[92.6157,20.6353]]],[[[92.9491,20.6353],[92.9448,20.6425],[92.9508,20.6368],[92.9491,20.6353]]],[[[92.6327,20.6356],[92.6242,20.6364],[92.6305,20.6435],[92.6327,20.6356]]],[[[93.2349,20.6422],[93.2493,20.6489],[93.2492,20.6427],[93.2349,20.6422]]],[[[92.6911,20.644],[92.6825,20.6447],[92.6888,20.6518],[92.6911,20.644]]],[[[93.2329,20.6574],[93.2253,20.6511],[93.226,20.658],[93.2329,20.6574]]],[[[92.6161,20.6523],[92.6075,20.6531],[92.6138,20.6602],[92.6161,20.6523]]],[[[92.9327,20.6523],[92.9242,20.6531],[92.9305,20.6602],[92.9327,20.6523]]],[[[92.9994,20.6523],[92.9909,20.6531],[92.9972,20.6602],[92.9994,20.6523]]],[[[92.6349,20.6547],[92.644,20.6603],[92.6577,20.6535],[92.6349,20.6547]]],[[[92.6827,20.6606],[92.6742,20.6614],[92.6805,20.6685],[92.6827,20.6606]]],[[[92.6417,20.6667],[92.6426,20.6743],[92.6512,20.6709],[92.6417,20.6667]]],[[[93.0366,20.6679],[93.0244,20.6712],[93.044,20.6708],[93.0366,20.6679]]],[[[92.6232,20.6765],[92.6158,20.6802],[92.625,20.6833],[92.6232,20.6765]]],[[[93.2417,20.6833],[93.2508,20.6798],[93.2448,20.6742],[93.2417,20.6833]]],[[[92.9417,20.675],[92.934,20.675],[92.9374,20.6841],[92.9417,20.675]]],[[[92.4661,20.6773],[92.4575,20.6781],[92.4638,20.6852],[92.4661,20.6773]]],[[[92.6077,20.6773],[92.5992,20.6781],[92.6055,20.6852],[92.6077,20.6773]]],[[[92.998,20.6667],[92.984,20.6707],[92.9959,20.6912],[92.9999,20.681],[92.998,20.6667]]],[[[92.6409,20.6749],[92.6262,20.6849],[92.6263,20.6904],[92.6402,20.6906],[92.6409,20.6749]]],[[[93.2417,20.6833],[93.2325,20.6868],[93.2385,20.6925],[93.2417,20.6833]]],[[[92.9827,20.6856],[92.9742,20.6864],[92.9805,20.6935],[92.9827,20.6856]]],[[[92.6161,20.694],[92.6075,20.6947],[92.6138,20.7018],[92.6161,20.694]]],[[[93.0661,20.694],[93.0575,20.6947],[93.0638,20.7018],[93.0661,20.694]]],[[[92.6815,20.7015],[92.6742,20.7052],[92.6833,20.7083],[92.6815,20.7015]]],[[[92.9994,20.7023],[92.9909,20.7031],[92.9972,20.7102],[92.9994,20.7023]]],[[[92.9744,20.7106],[92.9659,20.7114],[92.9722,20.7185],[92.9744,20.7106]]],[[[93.0161,20.7106],[93.0075,20.7114],[93.0138,20.7185],[93.0161,20.7106]]],[[[92.6616,20.7179],[92.6494,20.7212],[92.669,20.7208],[92.6616,20.7179]]],[[[92.3994,20.719],[92.3909,20.7197],[92.3972,20.7268],[92.3994,20.719]]],[[[92.4161,20.719],[92.4075,20.7197],[92.4138,20.7268],[92.4161,20.719]]],[[[92.9577,20.7273],[92.9492,20.7281],[92.9555,20.7352],[92.9577,20.7273]]],[[[92.6033,20.7346],[92.5911,20.7378],[92.6107,20.7375],[92.6033,20.7346]]],[[[92.6649,20.7349],[92.6575,20.7385],[92.6667,20.7417],[92.6649,20.7349]]],[[[92.4077,20.7356],[92.3992,20.7364],[92.4055,20.7435],[92.4077,20.7356]]],[[[92.6494,20.7356],[92.6409,20.7364],[92.6472,20.7435],[92.6494,20.7356]]],[[[92.9911,20.7356],[92.9825,20.7364],[92.9888,20.7435],[92.9911,20.7356]]],[[[93.0577,20.7356],[93.0492,20.7364],[93.0555,20.7435],[93.0577,20.7356]]],[[[92.3911,20.7523],[92.3825,20.7531],[92.3888,20.7602],[92.3911,20.7523]]],[[[92.5994,20.7523],[92.5909,20.7531],[92.5972,20.7602],[92.5994,20.7523]]],[[[92.6494,20.7523],[92.6409,20.7531],[92.6472,20.7602],[92.6494,20.7523]]],[[[92.9738,20.7575],[92.9847,20.7597],[92.9905,20.7527],[92.9738,20.7575]]],[[[93.0583,20.7667],[93.0675,20.7632],[93.0615,20.7575],[93.0583,20.7667]]],[[[93.0583,20.7667],[93.0492,20.7702],[93.0552,20.7758],[93.0583,20.7667]]],[[[92.9661,20.769],[92.9575,20.7697],[92.9638,20.7768],[92.9661,20.769]]],[[[92.5583,20.7833],[92.5675,20.7798],[92.5615,20.7742],[92.5583,20.7833]]],[[[92.3244,20.7773],[92.3159,20.7781],[92.3222,20.7852],[92.3244,20.7773]]],[[[92.5827,20.7773],[92.5742,20.7781],[92.5805,20.7852],[92.5827,20.7773]]],[[[92.6077,20.7773],[92.5992,20.7781],[92.6055,20.7852],[92.6077,20.7773]]],[[[92.9833,20.7667],[92.9879,20.7905],[93.0071,20.7707],[92.9833,20.7667]]],[[[92.375,20.8],[92.3715,20.7909],[92.3658,20.7968],[92.375,20.8]]],[[[93.0917,20.7584],[93.083,20.7744],[93.0912,20.8002],[93.1002,20.7721],[93.0917,20.7584]]],[[[92.9577,20.794],[92.9492,20.7947],[92.9555,20.8018],[92.9577,20.794]]],[[[93.0161,20.794],[93.0075,20.7947],[93.0138,20.8018],[93.0161,20.794]]],[[[93.0411,20.794],[93.0325,20.7947],[93.0388,20.8018],[93.0411,20.794]]],[[[92.566,20.7959],[92.5502,20.7893],[92.5532,20.8076],[92.566,20.7959]]],[[[93.1083,20.8],[93.0925,20.8073],[93.1074,20.8073],[93.1083,20.8]]],[[[92.3877,20.7917],[92.3791,20.8083],[92.3913,20.8054],[92.3877,20.7917]]],[[[92.5664,20.8114],[92.5589,20.8159],[92.5679,20.8125],[92.5664,20.8114]]],[[[93.0,20.7967],[92.9919,20.8076],[92.9959,20.8167],[93.0,20.7967]]],[[[92.9577,20.8106],[92.9492,20.8114],[92.9555,20.8185],[92.9577,20.8106]]],[[[92.9744,20.8106],[92.9659,20.8114],[92.9722,20.8185],[92.9744,20.8106]]],[[[93.0161,20.819],[93.0075,20.8197],[93.0138,20.8268],[93.0161,20.819]]],[[[92.5582,20.8239],[92.5501,20.8197],[92.5542,20.834],[92.5582,20.8239]]],[[[92.3827,20.844],[92.3742,20.8447],[92.3805,20.8518],[92.3827,20.844]]],[[[92.4083,20.8417],[92.3923,20.8459],[92.4042,20.8579],[92.4083,20.8417]]],[[[92.2815,20.8515],[92.2742,20.8552],[92.2833,20.8583],[92.2815,20.8515]]],[[[92.5161,20.8523],[92.5075,20.8531],[92.5138,20.8602],[92.5161,20.8523]]],[[[92.5565,20.8599],[92.5492,20.8635],[92.5583,20.8667],[92.5565,20.8599]]],[[[92.5327,20.8606],[92.5242,20.8614],[92.5305,20.8685],[92.5327,20.8606]]],[[[92.9411,20.869],[92.9325,20.8697],[92.9388,20.8768],[92.9411,20.869]]],[[[93.0077,20.869],[92.9992,20.8697],[93.0055,20.8768],[93.0077,20.869]]],[[[93.0494,20.869],[93.0409,20.8697],[93.0472,20.8768],[93.0494,20.869]]],[[[92.3315,20.8765],[92.3242,20.8802],[92.3333,20.8833],[92.3315,20.8765]]],[[[93.0649,20.8765],[93.0575,20.8802],[93.0667,20.8833],[93.0649,20.8765]]],[[[92.3418,20.8761],[92.35,20.8803],[92.3459,20.866],[92.3418,20.8761]]],[[[92.5052,20.8679],[92.5026,20.8825],[92.5242,20.8798],[92.5052,20.8679]]],[[[92.5411,20.8773],[92.5325,20.8781],[92.5388,20.8852],[92.5411,20.8773]]],[[[92.3417,20.8833],[92.334,20.8843],[92.3375,20.8929],[92.3417,20.8833]]],[[[92.4994,20.894],[92.4909,20.8947],[92.4972,20.9018],[92.4994,20.894]]],[[[92.3663,20.9025],[92.3487,20.909],[92.3667,20.9167],[92.3663,20.9025]]],[[[92.9665,20.9223],[92.9586,20.9106],[92.9606,20.9248],[92.9665,20.9223]]],[[[93.0482,20.9265],[93.0408,20.9302],[93.05,20.9333],[93.0482,20.9265]]],[[[92.9671,20.9082],[92.9786,20.9387],[92.9875,20.9396],[92.9967,20.9103],[92.9769,20.8924],[92.9671,20.9082]]],[[[92.9327,20.9356],[92.9242,20.9364],[92.9305,20.9435],[92.9327,20.9356]]],[[[92.9997,20.9448],[92.9923,20.9492],[93.0012,20.9459],[92.9997,20.9448]]],[[[92.9164,20.9511],[92.9088,20.9574],[92.9157,20.958],[92.9164,20.9511]]],[[[92.3327,20.9523],[92.3242,20.9531],[92.3305,20.9602],[92.3327,20.9523]]],[[[92.9247,20.9594],[92.9171,20.9658],[92.924,20.9663],[92.9247,20.9594]]],[[[92.9135,20.9758],[92.9093,20.9687],[92.9075,20.9702],[92.9135,20.9758]]],[[[92.3244,20.9773],[92.3159,20.9781],[92.3222,20.9852],[92.3244,20.9773]]],[[[92.5385,20.9925],[92.5343,20.9853],[92.5325,20.9868],[92.5385,20.9925]]],[[[92.3496,20.9841],[92.3418,20.98],[92.3458,21.0003],[92.3496,20.9841]]],[[[92.3635,21.0008],[92.3593,20.9937],[92.3575,20.9952],[92.3635,21.0008]]],[[[92.3167,21.0],[92.309,21.0],[92.3124,21.0091],[92.3167,21.0]]],[[[92.4845,20.9916],[92.4843,21.0131],[92.4962,21.0148],[92.4983,20.9951],[92.4845,20.9916]]],[[[92.475,21.0083],[92.4673,21.0083],[92.4708,21.0174],[92.475,21.0083]]],[[[92.5327,21.0106],[92.5242,21.0114],[92.5305,21.0185],[92.5327,21.0106]]],[[[92.3085,21.0261],[92.3166,21.0303],[92.3125,21.016],[92.3085,21.0261]]],[[[92.9,21.025],[92.8924,21.0259],[92.8958,21.0346],[92.9,21.025]]],[[[92.3577,21.0273],[92.3492,21.0281],[92.3555,21.0352],[92.3577,21.0273]]],[[[92.3083,21.0333],[92.2992,21.0368],[92.3052,21.0425],[92.3083,21.0333]]],[[[92.2911,21.0356],[92.2825,21.0364],[92.2888,21.0435],[92.2911,21.0356]]],[[[92.3327,21.0356],[92.3242,21.0364],[92.3305,21.0435],[92.3327,21.0356]]],[[[92.3083,21.0547],[92.2892,21.051],[92.2832,21.0543],[92.3083,21.0547]]],[[[92.2494,21.0606],[92.2409,21.0614],[92.2472,21.0685],[92.2494,21.0606]]],[[[92.2577,21.0773],[92.2492,21.0781],[92.2555,21.0852],[92.2577,21.0773]]],[[[92.2164,21.0948],[92.2089,21.0992],[92.2179,21.0959],[92.2164,21.0948]]],[[[92.3411,21.119],[92.3325,21.1197],[92.3388,21.1268],[92.3411,21.119]]],[[[92.1827,21.144],[92.1742,21.1447],[92.1805,21.1518],[92.1827,21.144]]],[[[93.8994,21.144],[93.8909,21.1447],[93.8972,21.1518],[93.8994,21.144]]],[[[92.1744,21.169],[92.1659,21.1697],[92.1722,21.1768],[92.1744,21.169]]],[[[92.4164,21.2261],[92.4088,21.2324],[92.4157,21.233],[92.4164,21.2261]]],[[[92.1333,21.2333],[92.1257,21.2343],[92.1292,21.2429],[92.1333,21.2333]]],[[[92.2831,21.2511],[92.2754,21.2574],[92.2823,21.258],[92.2831,21.2511]]],[[[93.8732,21.2682],[93.8658,21.2718],[93.875,21.275],[93.8732,21.2682]]],[[[93.8728,21.3165],[93.8646,21.3091],[93.8577,21.3125],[93.8728,21.3165]]],[[[93.7425,21.4052],[93.7351,21.4015],[93.7333,21.4083],[93.7425,21.4052]]],[[[97.5663,21.4491],[97.5586,21.4428],[97.5594,21.4497],[97.5663,21.4491]]],[[[93.8468,21.4592],[93.8421,21.4522],[93.8409,21.4535],[93.8468,21.4592]]],[[[93.7661,21.4773],[93.7575,21.4781],[93.7638,21.4852],[93.7661,21.4773]]],[[[93.6897,21.501],[93.6825,21.5052],[93.6917,21.5083],[93.6897,21.501]]],[[[93.7342,21.5532],[93.727,21.5574],[93.7285,21.5592],[93.7342,21.5532]]],[[[92.0219,21.5758],[92.0171,21.5688],[92.0159,21.5702],[92.0219,21.5758]]],[[[93.6421,21.5583],[93.6418,21.5852],[93.6464,21.5911],[93.6499,21.5655],[93.6421,21.5583]]],[[[93.6385,21.6008],[93.6338,21.5938],[93.6325,21.5952],[93.6385,21.6008]]],[[[92.0494,21.6023],[92.0409,21.6031],[92.0472,21.6102],[92.0494,21.6023]]],[[[92.0494,21.619],[92.0409,21.6197],[92.0472,21.6268],[92.0494,21.619]]],[[[92.0161,21.6273],[92.0075,21.6281],[92.0138,21.6352],[92.0161,21.6273]]],[[[92.0635,21.6425],[92.0588,21.6355],[92.0575,21.6368],[92.0635,21.6425]]],[[[92.0167,21.675],[92.009,21.675],[92.0124,21.6841],[92.0167,21.675]]],[[[92.0746,21.6908],[92.067,21.6844],[92.0677,21.6913],[92.0746,21.6908]]],[[[91.9821,21.6357],[91.9781,21.5278],[91.9651,21.5553],[91.9422,21.5421],[91.9278,21.5612],[91.9289,21.7066],[91.9821,21.6357]]],[[[92.0662,21.6916],[92.0365,21.7113],[92.0357,21.7136],[92.0559,21.715],[92.0662,21.6916]]],[[[93.4994,21.719],[93.4909,21.7197],[93.4972,21.7268],[93.4994,21.719]]],[[[92.0333,21.7297],[92.0142,21.726],[92.0082,21.7293],[92.0333,21.7297]]],[[[92.0494,21.7273],[92.0409,21.7281],[92.0472,21.7352],[92.0494,21.7273]]],[[[92.2413,21.7491],[92.2336,21.7428],[92.2344,21.7497],[92.2413,21.7491]]],[[[92.0583,21.7583],[92.0549,21.7492],[92.0492,21.7552],[92.0583,21.7583]]],[[[92.0583,21.7583],[92.0614,21.7666],[92.0757,21.7625],[92.0656,21.7585],[92.0618,21.7583],[92.0583,21.7583]]],[[[93.6135,21.7675],[93.6088,21.7605],[93.6075,21.7618],[93.6135,21.7675]]],[[[92.05,21.7833],[92.0592,21.7798],[92.0532,21.7742],[92.05,21.7833]]],[[[92.0993,21.771],[92.0904,21.7722],[92.0967,21.7856],[92.0993,21.771]]],[[[92.05,21.7833],[92.0409,21.7868],[92.0469,21.7925],[92.05,21.7833]]],[[[92.0208,21.7836],[92.0085,21.7955],[92.0088,21.7968],[92.0274,21.7958],[92.0208,21.7836]]],[[[92.0814,21.801],[92.0742,21.8052],[92.0833,21.8083],[92.0814,21.801]]],[[[92.0647,21.826],[92.0575,21.8302],[92.0667,21.8333],[92.0647,21.826]]],[[[91.9994,21.8273],[91.9909,21.8281],[91.9972,21.8352],[91.9994,21.8273]]],[[[91.9899,21.8432],[91.9825,21.8468],[91.9917,21.85],[91.9899,21.8432]]],[[[91.9333,22.0083],[91.9299,21.9992],[91.9242,22.0052],[91.9333,22.0083]]],[[[91.9333,22.0083],[91.9345,22.0164],[91.9413,22.0157],[91.9408,22.0087],[91.9384,22.0082],[91.9333,22.0083]]],[[[91.9579,22.0158],[91.9503,22.0094],[91.951,22.0163],[91.9579,22.0158]]],[[[91.95,22.0167],[91.9424,22.0176],[91.9458,22.0262],[91.95,22.0167]]],[[[93.5175,22.0302],[93.5103,22.026],[93.5083,22.0333],[93.5175,22.0302]]],[[[91.9333,22.0667],[91.9299,22.0575],[91.9242,22.0635],[91.9333,22.0667]]],[[[91.9552,22.0675],[91.951,22.0603],[91.9492,22.0618],[91.9552,22.0675]]],[[[91.9333,22.0667],[91.9368,22.0758],[91.9425,22.0698],[91.9333,22.0667]]],[[[91.9161,22.0856],[91.9075,22.0864],[91.9138,22.0935],[91.9161,22.0856]]],[[[91.9917,22.1],[92.0008,22.0965],[91.9948,22.0908],[91.9917,22.1]]],[[[91.8827,22.096],[91.8737,22.0972],[91.88,22.1106],[91.8827,22.096]]],[[[91.8993,22.096],[91.8904,22.0972],[91.8967,22.1106],[91.8993,22.096]]],[[[91.8744,22.119],[91.8659,22.1197],[91.8722,22.1268],[91.8744,22.119]]],[[[91.9913,22.0999],[91.9688,22.1062],[91.9538,22.0779],[91.9286,22.0868],[91.9472,22.0969],[91.9277,22.1459],[91.9458,22.136],[91.9716,22.1466],[91.9704,22.126],[91.997,22.1134],[91.9913,22.0999]]],[[[91.9077,22.144],[91.8992,22.1447],[91.9055,22.1518],[91.9077,22.144]]],[[[91.9494,22.1523],[91.9409,22.1531],[91.9472,22.1602],[91.9494,22.1523]]],[[[91.991,22.1543],[91.982,22.1556],[91.9883,22.1689],[91.991,22.1543]]],[[[91.8417,22.175],[91.8359,22.1653],[91.8244,22.1714],[91.8417,22.175]]],[[[91.9667,22.175],[91.9758,22.1715],[91.9698,22.1658],[91.9667,22.175]]],[[[91.9327,22.169],[91.9242,22.1697],[91.9305,22.1768],[91.9327,22.169]]],[[[91.8417,22.175],[91.8452,22.1842],[91.8508,22.1782],[91.8417,22.175]]],[[[91.9667,22.175],[91.9575,22.1785],[91.9635,22.1842],[91.9667,22.175]]],[[[91.8661,22.1773],[91.8575,22.1781],[91.8638,22.1852],[91.8661,22.1773]]],[[[91.9411,22.1856],[91.9325,22.1864],[91.9388,22.1935],[91.9411,22.1856]]],[[[91.8754,22.1916],[91.8875,22.1987],[91.9085,22.1838],[91.8982,22.1798],[91.8754,22.1916]]],[[[91.975,22.2],[91.9715,22.1909],[91.9658,22.1968],[91.975,22.2]]],[[[91.8746,22.1991],[91.867,22.1928],[91.8677,22.1997],[91.8746,22.1991]]],[[[91.8494,22.194],[91.8409,22.1947],[91.8472,22.2018],[91.8494,22.194]]],[[[91.9577,22.194],[91.9492,22.1947],[91.9555,22.2018],[91.9577,22.194]]],[[[91.8661,22.2076],[91.8586,22.2031],[91.8571,22.2042],[91.8661,22.2076]]],[[[91.975,22.2],[91.9785,22.2092],[91.9842,22.2032],[91.975,22.2]]],[[[91.9244,22.2023],[91.9159,22.2031],[91.9222,22.2102],[91.9244,22.2023]]],[[[91.9411,22.2023],[91.9325,22.2031],[91.9388,22.2102],[91.9411,22.2023]]],[[[91.8747,22.2094],[91.8671,22.2158],[91.874,22.2163],[91.8747,22.2094]]],[[[93.5385,22.2175],[93.5338,22.2105],[93.5325,22.2118],[93.5385,22.2175]]],[[[91.9661,22.2106],[91.9575,22.2114],[91.9638,22.2185],[91.9661,22.2106]]],[[[91.85,22.225],[91.8592,22.2215],[91.8532,22.2158],[91.85,22.225]]],[[[91.8933,22.2174],[91.878,22.2245],[91.9001,22.2209],[91.8933,22.2174]]],[[[91.95,22.2333],[91.9465,22.2242],[91.9408,22.2302],[91.95,22.2333]]],[[[91.8327,22.2273],[91.8242,22.2281],[91.8305,22.2352],[91.8327,22.2273]]],[[[91.95,22.2333],[91.9511,22.2414],[91.958,22.2407],[91.9574,22.2337],[91.955,22.2332],[91.95,22.2333]]],[[[91.9077,22.2356],[91.8992,22.2364],[91.9055,22.2435],[91.9077,22.2356]]],[[[91.9243,22.2293],[91.9154,22.2306],[91.9217,22.2439],[91.9243,22.2293]]],[[[91.9833,22.25],[91.9925,22.2465],[91.9865,22.2408],[91.9833,22.25]]],[[[91.9738,22.2489],[91.9583,22.2417],[91.9602,22.2493],[91.9738,22.2489]]],[[[91.8994,22.2523],[91.8909,22.2531],[91.8972,22.2602],[91.8994,22.2523]]],[[[91.8495,22.2249],[91.8431,22.2588],[91.8531,22.2651],[91.8726,22.2377],[91.8495,22.2249]]],[[[91.9832,22.2572],[91.9751,22.253],[91.9792,22.2673],[91.9832,22.2572]]],[[[91.8333,22.2667],[91.8256,22.2667],[91.8291,22.2758],[91.8333,22.2667]]],[[[91.9506,22.2652],[91.9408,22.2761],[91.9544,22.2833],[91.9583,22.275],[91.9506,22.2652]]],[[[91.8744,22.2773],[91.8659,22.2781],[91.8722,22.2852],[91.8744,22.2773]]],[[[91.9994,22.2773],[91.9909,22.2781],[91.9972,22.2852],[91.9994,22.2773]]],[[[91.9815,22.2803],[91.974,22.2866],[91.9833,22.2917],[91.9815,22.2803]]],[[[91.9244,22.2856],[91.9159,22.2864],[91.9222,22.2935],[91.9244,22.2856]]],[[[91.8494,22.2802],[91.8327,22.285],[91.8469,22.2994],[91.8494,22.2802]]],[[[91.8083,22.3],[91.8175,22.2965],[91.8115,22.2908],[91.8083,22.3]]],[[[91.875,22.3],[91.8715,22.2909],[91.8658,22.2968],[91.875,22.3]]],[[[91.9908,22.2921],[91.9845,22.2997],[91.9913,22.299],[91.9908,22.2921]]],[[[91.8083,22.3],[91.7989,22.3044],[91.808,22.3073],[91.8083,22.3]]],[[[91.9417,22.3083],[91.938,22.2915],[91.9251,22.3047],[91.9417,22.3083]]],[[[91.875,22.3],[91.8785,22.3092],[91.8842,22.3032],[91.875,22.3]]],[[[92.0008,22.3032],[91.9937,22.3074],[91.9952,22.3092],[92.0008,22.3032]]],[[[91.7744,22.3023],[91.7659,22.3031],[91.7722,22.3102],[91.7744,22.3023]]],[[[91.8366,22.3096],[91.8244,22.3128],[91.844,22.3125],[91.8366,22.3096]]],[[[91.8175,22.3115],[91.8105,22.3162],[91.8118,22.3175],[91.8175,22.3115]]],[[[91.9417,22.3083],[91.9452,22.3175],[91.9508,22.3115],[91.9417,22.3083]]],[[[91.9982,22.3265],[91.9908,22.3302],[92.0,22.3333],[91.9982,22.3265]]],[[[91.8827,22.3273],[91.8742,22.3281],[91.8805,22.3352],[91.8827,22.3273]]],[[[91.9077,22.3273],[91.8992,22.3281],[91.9055,22.3352],[91.9077,22.3273]]],[[[91.9994,22.3492],[91.992,22.3448],[91.9904,22.3459],[91.9994,22.3492]]],[[[91.9167,22.35],[91.9132,22.3409],[91.9075,22.3468],[91.9167,22.35]]],[[[91.7661,22.344],[91.7575,22.3447],[91.7638,22.3518],[91.7661,22.344]]],[[[91.8705,22.3523],[91.8603,22.3442],[91.8576,22.3456],[91.8705,22.3523]]],[[[91.9421,22.3499],[91.9628,22.3566],[91.9707,22.3374],[91.947,22.3301],[91.9421,22.3499]]],[[[91.9167,22.35],[91.9176,22.3577],[91.9262,22.3542],[91.9167,22.35]]],[[[91.9135,22.3675],[91.9093,22.3603],[91.9075,22.3618],[91.9135,22.3675]]],[[[91.9982,22.3682],[91.9908,22.3718],[92.0,22.375],[91.9982,22.3682]]],[[[91.9417,22.35],[91.9317,22.3575],[91.9378,22.3751],[91.9417,22.35]]],[[[91.8833,22.3667],[91.8756,22.3667],[91.8791,22.3758],[91.8833,22.3667]]],[[[91.9583,22.3833],[91.9675,22.3798],[91.9615,22.3742],[91.9583,22.3833]]],[[[91.9161,22.3773],[91.9075,22.3781],[91.9138,22.3852],[91.9161,22.3773]]],[[[91.9583,22.3833],[91.9492,22.3868],[91.9552,22.3925],[91.9583,22.3833]]],[[[91.8911,22.3856],[91.8825,22.3864],[91.8888,22.3935],[91.8911,22.3856]]],[[[91.9911,22.3856],[91.9825,22.3864],[91.9888,22.3935],[91.9911,22.3856]]],[[[93.5147,22.399],[93.5075,22.3948],[93.5132,22.4008],[93.5147,22.399]]],[[[91.8667,22.3917],[91.8618,22.3997],[91.8739,22.397],[91.8667,22.3917]]],[[[91.9244,22.394],[91.9159,22.3947],[91.9222,22.4018],[91.9244,22.394]]],[[[91.8417,22.4083],[91.8493,22.4074],[91.8459,22.3988],[91.8417,22.4083]]],[[[91.8911,22.4023],[91.8825,22.4031],[91.8888,22.4102],[91.8911,22.4023]]],[[[91.8417,22.4083],[91.8325,22.4118],[91.8385,22.4175],[91.8417,22.4083]]],[[[91.8592,22.4115],[91.8522,22.4162],[91.8535,22.4175],[91.8592,22.4115]]],[[[91.7411,22.4273],[91.7325,22.4281],[91.7388,22.4352],[91.7411,22.4273]]],[[[91.8583,22.4583],[91.8549,22.4492],[91.8492,22.4552],[91.8583,22.4583]]],[[[91.9077,22.4523],[91.8992,22.4531],[91.9055,22.4602],[91.9077,22.4523]]],[[[93.523,22.4593],[93.5158,22.4635],[93.525,22.4667],[93.523,22.4593]]],[[[91.8583,22.4583],[91.8641,22.468],[91.8756,22.462],[91.8583,22.4583]]],[[[91.9243,22.4543],[91.9154,22.4555],[91.9217,22.4689],[91.9243,22.4543]]],[[[91.85,22.4917],[91.8592,22.4882],[91.8532,22.4825],[91.85,22.4917]]],[[[91.8572,22.5046],[91.8342,22.4901],[91.8459,22.5076],[91.8572,22.5046]]],[[[93.5314,22.5093],[93.5242,22.5135],[93.5333,22.5167],[93.5314,22.5093]]],[[[91.8161,22.5106],[91.8075,22.5114],[91.8138,22.5185],[91.8161,22.5106]]],[[[91.8415,22.5223],[91.8336,22.5106],[91.8356,22.5248],[91.8415,22.5223]]],[[[91.8841,22.5224],[91.8987,22.5199],[91.8869,22.5008],[91.8841,22.5224]]],[[[93.5877,22.5168],[93.5762,22.5272],[93.575,22.5333],[93.5906,22.532],[93.5877,22.5168]]],[[[91.8086,22.5376],[91.8238,22.5354],[91.8118,22.5253],[91.8086,22.5376]]],[[[91.9002,22.5255],[91.8782,22.5348],[91.8771,22.5401],[91.9065,22.5365],[91.9002,22.5255]]],[[[91.875,22.5417],[91.8545,22.5195],[91.8447,22.5265],[91.8469,22.5481],[91.875,22.5417]]],[[[91.825,22.5417],[91.8285,22.5508],[91.8342,22.5448],[91.825,22.5417]]],[[[91.9399,22.5515],[91.9325,22.5552],[91.9417,22.5583],[91.9399,22.5515]]],[[[91.6577,22.5523],[91.6492,22.5531],[91.6555,22.5602],[91.6577,22.5523]]],[[[93.6008,22.5802],[93.5937,22.576],[93.5917,22.5833],[93.6008,22.5802]]],[[[93.5314,22.624],[93.5242,22.6198],[93.5299,22.6258],[93.5314,22.624]]],[[[91.8827,22.619],[91.8742,22.6197],[91.8805,22.6268],[91.8827,22.619]]],[[[91.8077,22.6523],[91.7992,22.6531],[91.8055,22.6602],[91.8077,22.6523]]],[[[91.7815,22.6599],[91.7742,22.6635],[91.7833,22.6667],[91.7815,22.6599]]],[[[91.6161,22.6606],[91.6075,22.6614],[91.6138,22.6685],[91.6161,22.6606]]],[[[91.8411,22.6773],[91.8325,22.6781],[91.8388,22.6852],[91.8411,22.6773]]],[[[91.8069,22.6749],[91.7915,22.6667],[91.7767,22.6794],[91.7871,22.69],[91.8069,22.6749]]],[[[93.4833,22.6917],[93.4756,22.6917],[93.4791,22.7008],[93.4833,22.6917]]],[[[91.5911,22.694],[91.5825,22.6947],[91.5888,22.7018],[91.5911,22.694]]],[[[93.55,22.725],[93.5592,22.7215],[93.5532,22.7158],[93.55,22.725]]],[[[93.5495,22.7252],[93.5436,22.7158],[93.546,22.6856],[93.5333,22.7225],[93.5495,22.7252]]],[[[91.5083,22.7333],[91.5175,22.7298],[91.5115,22.7242],[91.5083,22.7333]]],[[[93.4925,22.7385],[93.4853,22.7343],[93.4833,22.7417],[93.4925,22.7385]]],[[[91.5083,22.7333],[91.49,22.7404],[91.502,22.7513],[91.5083,22.7333]]],[[[91.55,22.75],[91.5424,22.7509],[91.5458,22.7596],[91.55,22.75]]],[[[91.5412,22.7498],[91.5312,22.7292],[91.528,22.7274],[91.529,22.7649],[91.5412,22.7498]]],[[[93.5417,22.75],[93.5334,22.7549],[93.5374,22.7669],[93.5417,22.75]]],[[[91.4833,22.7833],[91.4925,22.7798],[91.4865,22.7742],[91.4833,22.7833]]],[[[91.4577,22.7773],[91.4492,22.7781],[91.4555,22.7852],[91.4577,22.7773]]],[[[91.5077,22.7773],[91.4992,22.7781],[91.5055,22.7852],[91.5077,22.7773]]],[[[91.5494,22.7773],[91.5409,22.7781],[91.5472,22.7852],[91.5494,22.7773]]],[[[91.4833,22.7833],[91.4742,22.7868],[91.4802,22.7925],[91.4833,22.7833]]],[[[91.4827,22.8106],[91.4742,22.8114],[91.4805,22.8185],[91.4827,22.8106]]],[[[91.5455,22.8189],[91.5353,22.8108],[91.5325,22.8119],[91.5455,22.8189]]],[[[91.5244,22.819],[91.5159,22.8197],[91.5222,22.8268],[91.5244,22.819]]],[[[91.5565,22.8349],[91.5492,22.8385],[91.5583,22.8417],[91.5565,22.8349]]],[[[91.5583,22.85],[91.5487,22.8552],[91.5547,22.8673],[91.5558,22.8647],[91.5583,22.85]]],[[[91.4288,22.8689],[91.4186,22.8608],[91.4159,22.8619],[91.4288,22.8689]]],[[[91.3744,22.869],[91.3659,22.8697],[91.3722,22.8768],[91.3744,22.869]]],[[[91.2994,22.8773],[91.2909,22.8781],[91.2972,22.8852],[91.2994,22.8773]]],[[[91.3327,22.8773],[91.3242,22.8781],[91.3305,22.8852],[91.3327,22.8773]]],[[[91.3827,22.894],[91.3742,22.8947],[91.3805,22.9018],[91.3827,22.894]]],[[[91.5077,22.894],[91.4992,22.8947],[91.5055,22.9018],[91.5077,22.894]]],[[[93.5151,22.8916],[93.5209,22.9076],[93.5328,22.8958],[93.5269,22.8925],[93.5151,22.8916]]],[[[91.3333,22.9083],[91.3425,22.9048],[91.3365,22.8992],[91.3333,22.9083]]],[[[91.5565,22.9015],[91.5492,22.9052],[91.5583,22.9083],[91.5565,22.9015]]],[[[91.4327,22.9023],[91.4242,22.9031],[91.4305,22.9102],[91.4327,22.9023]]],[[[91.3333,22.9083],[91.3242,22.9118],[91.3302,22.9175],[91.3333,22.9083]]],[[[91.2827,22.9106],[91.2742,22.9114],[91.2805,22.9185],[91.2827,22.9106]]],[[[91.3744,22.9106],[91.3659,22.9114],[91.3722,22.9185],[91.3744,22.9106]]],[[[91.5552,22.9258],[91.551,22.9187],[91.5492,22.9202],[91.5552,22.9258]]],[[[91.3994,22.919],[91.3909,22.9197],[91.3972,22.9268],[91.3994,22.919]]],[[[91.4494,22.919],[91.4409,22.9197],[91.4472,22.9268],[91.4494,22.919]]],[[[91.2411,22.9273],[91.2325,22.9281],[91.2388,22.9352],[91.2411,22.9273]]],[[[91.2744,22.9273],[91.2659,22.9281],[91.2722,22.9352],[91.2744,22.9273]]],[[[91.3455,22.9356],[91.3353,22.9275],[91.3325,22.9286],[91.3455,22.9356]]],[[[91.4661,22.9356],[91.4575,22.9364],[91.4638,22.9435],[91.4661,22.9356]]],[[[91.4305,22.9455],[91.4117,22.9114],[91.4281,22.9487],[91.4305,22.9455]]],[[[91.525,22.95],[91.5342,22.9465],[91.5282,22.9408],[91.525,22.95]]],[[[91.2911,22.944],[91.2825,22.9447],[91.2888,22.9518],[91.2911,22.944]]],[[[91.4077,22.944],[91.3992,22.9447],[91.4055,22.9518],[91.4077,22.944]]],[[[91.5494,22.944],[91.5409,22.9447],[91.5472,22.9518],[91.5494,22.944]]],[[[91.3626,22.9336],[91.3507,22.9544],[91.3553,22.9573],[91.3664,22.9531],[91.3626,22.9336]]],[[[91.2399,22.9515],[91.2325,22.9552],[91.2417,22.9583],[91.2399,22.9515]]],[[[91.25,22.9583],[91.2577,22.9574],[91.2542,22.9488],[91.25,22.9583]]],[[[91.3083,22.95],[91.3006,22.95],[91.3041,22.9591],[91.3083,22.95]]],[[[91.525,22.95],[91.5159,22.9535],[91.5219,22.9592],[91.525,22.95]]],[[[91.2244,22.9523],[91.2159,22.9531],[91.2222,22.9602],[91.2244,22.9523]]],[[[91.3411,22.9523],[91.3325,22.9531],[91.3388,22.9602],[91.3411,22.9523]]],[[[91.3827,22.946],[91.3737,22.9472],[91.38,22.9606],[91.3827,22.946]]],[[[91.5583,22.9667],[91.5447,22.9603],[91.5411,22.963],[91.5583,22.9667]]],[[[91.2675,22.9615],[91.2605,22.9662],[91.2618,22.9675],[91.2675,22.9615]]],[[[91.2827,22.9606],[91.2742,22.9614],[91.2805,22.9685],[91.2827,22.9606]]],[[[91.2498,22.9656],[91.2417,22.9614],[91.2458,22.9757],[91.2498,22.9656]]],[[[91.2327,22.969],[91.2242,22.9697],[91.2305,22.9768],[91.2327,22.969]]],[[[91.525,22.9833],[91.5342,22.9798],[91.5282,22.9742],[91.525,22.9833]]],[[[91.525,22.9833],[91.5159,22.9868],[91.5219,22.9925],[91.525,22.9833]]],[[[91.3744,22.9856],[91.3659,22.9864],[91.3722,22.9935],[91.3744,22.9856]]],[[[91.4283,23.0013],[91.4161,23.0045],[91.4357,23.0042],[91.4283,23.0013]]],[[[91.075,23.0083],[91.0842,23.0048],[91.0782,22.9992],[91.075,23.0083]]],[[[91.2494,23.0023],[91.2409,23.0031],[91.2472,23.0102],[91.2494,23.0023]]],[[[91.5161,23.0023],[91.5075,23.0031],[91.5138,23.0102],[91.5161,23.0023]]],[[[91.5327,23.0023],[91.5242,23.0031],[91.5305,23.0102],[91.5327,23.0023]]],[[[91.1205,23.0106],[91.1103,23.0025],[91.1075,23.0036],[91.1205,23.0106]]],[[[91.2833,23.0167],[91.2799,23.0075],[91.2742,23.0135],[91.2833,23.0167]]],[[[91.3732,23.0099],[91.3658,23.0135],[91.375,23.0167],[91.3732,23.0099]]],[[[91.3833,23.0167],[91.3925,23.0132],[91.3865,23.0075],[91.3833,23.0167]]],[[[91.2334,23.0147],[91.2276,22.9992],[91.2091,23.0039],[91.219,23.0156],[91.2334,23.0147]]],[[[91.075,23.0083],[91.0659,23.0118],[91.0719,23.0175],[91.075,23.0083]]],[[[91.3208,23.0004],[91.3274,23.0228],[91.3341,23.0168],[91.3208,23.0004]]],[[[91.0455,23.002],[91.0342,23.0115],[91.036,23.0238],[91.0585,23.0192],[91.0455,23.002]]],[[[91.2641,23.0101],[91.2573,23.0199],[91.2667,23.025],[91.2641,23.0101]]],[[[91.2833,23.0167],[91.2845,23.0247],[91.2913,23.024],[91.2908,23.0171],[91.2884,23.0166],[91.2833,23.0167]]],[[[91.3151,23.0245],[91.3008,23.0178],[91.3008,23.0239],[91.3151,23.0245]]],[[[91.404,23.0084],[91.4011,23.0236],[91.4167,23.025],[91.4155,23.0188],[91.404,23.0084]]],[[[91.1917,23.0167],[91.184,23.0167],[91.1874,23.0258],[91.1917,23.0167]]],[[[91.3833,23.0167],[91.3757,23.0176],[91.3792,23.0262],[91.3833,23.0167]]],[[[91.5327,23.019],[91.5242,23.0197],[91.5305,23.0268],[91.5327,23.019]]],[[[91.4542,23.0318],[91.4801,23.0106],[91.4451,23.0032],[91.4542,23.0318]]],[[[91.4373,23.0331],[91.4336,23.0164],[91.4249,23.0242],[91.4373,23.0331]]],[[[91.0732,23.0265],[91.0658,23.0302],[91.075,23.0333],[91.0732,23.0265]]],[[[91.2232,23.0265],[91.2158,23.0302],[91.225,23.0333],[91.2232,23.0265]]],[[[91.35,23.033],[91.3545,23.0132],[91.3458,23.0008],[91.3416,23.0247],[91.35,23.033]]],[[[91.2411,23.0182],[91.2345,23.0326],[91.2406,23.0325],[91.2411,23.0182]]],[[[91.2996,23.0324],[91.292,23.0261],[91.2927,23.033],[91.2996,23.0324]]],[[[91.3246,23.0324],[91.317,23.0261],[91.3177,23.033],[91.3246,23.0324]]],[[[91.2833,23.025],[91.2675,23.0323],[91.2824,23.0323],[91.2833,23.025]]],[[[91.4842,23.0166],[91.4756,23.0273],[91.4779,23.033],[91.4913,23.0306],[91.4842,23.0166]]],[[[91.153,23.0209],[91.1647,23.0298],[91.1625,23.0029],[91.1263,23.0263],[91.1446,23.0355],[91.153,23.0209]]],[[[91.0836,23.0333],[91.094,23.0411],[91.0996,23.0388],[91.0973,23.0254],[91.0836,23.0333]]],[[[91.1167,23.0417],[91.1132,23.0325],[91.1075,23.0385],[91.1167,23.0417]]],[[[91.3899,23.0349],[91.3825,23.0385],[91.3917,23.0417],[91.3899,23.0349]]],[[[91.5081,23.0394],[91.5006,23.0322],[91.5,23.0417],[91.5081,23.0394]]],[[[91.0829,23.0408],[91.0753,23.0344],[91.076,23.0413],[91.0829,23.0408]]],[[[91.2329,23.0408],[91.2253,23.0344],[91.226,23.0413],[91.2329,23.0408]]],[[[91.3145,23.0412],[91.3075,23.0365],[91.3132,23.0425],[91.3145,23.0412]]],[[[91.35,23.0333],[91.3535,23.0425],[91.3592,23.0365],[91.35,23.0333]]],[[[91.1583,23.0333],[91.1507,23.0343],[91.1542,23.0429],[91.1583,23.0333]]],[[[91.2917,23.0333],[91.284,23.0343],[91.2875,23.0429],[91.2917,23.0333]]],[[[91.3744,23.0356],[91.3659,23.0364],[91.3722,23.0435],[91.3744,23.0356]]],[[[91.2065,23.0432],[91.1992,23.0468],[91.2083,23.05],[91.2065,23.0432]]],[[[91.3333,23.05],[91.3299,23.0409],[91.3242,23.0468],[91.3333,23.05]]],[[[97.1982,23.0432],[97.1908,23.0468],[97.2,23.05],[97.1982,23.0432]]],[[[91.2246,23.0491],[91.217,23.0428],[91.2177,23.0497],[91.2246,23.0491]]],[[[91.1167,23.0417],[91.1202,23.0508],[91.1258,23.0448],[91.1167,23.0417]]],[[[91.0494,23.044],[91.0409,23.0447],[91.0472,23.0518],[91.0494,23.044]]],[[[91.2494,23.044],[91.2409,23.0447],[91.2472,23.0518],[91.2494,23.044]]],[[[91.4328,23.0569],[91.45,23.0333],[91.4365,23.0389],[91.4177,23.0306],[91.4328,23.0569]]],[[[91.0182,23.0584],[91.0313,23.0543],[91.0208,23.0267],[91.0102,23.037],[91.0182,23.0584]]],[[[91.0918,23.0474],[91.0699,23.0433],[91.0669,23.0527],[91.0858,23.0582],[91.0918,23.0474]]],[[[91.2167,23.05],[91.209,23.0509],[91.2125,23.0596],[91.2167,23.05]]],[[[91.2911,23.0523],[91.2825,23.0531],[91.2888,23.0602],[91.2911,23.0523]]],[[[91.4828,23.0498],[91.471,23.0346],[91.46,23.0544],[91.4717,23.0652],[91.4828,23.0498]]],[[[91.15,23.0667],[91.1577,23.0657],[91.1542,23.0571],[91.15,23.0667]]],[[[91.2583,23.0667],[91.2748,23.0621],[91.2621,23.0499],[91.2583,23.0667]]],[[[91.0167,23.0583],[91.0075,23.0618],[91.0135,23.0675],[91.0167,23.0583]]],[[[91.1994,23.0606],[91.1909,23.0614],[91.1972,23.0685],[91.1994,23.0606]]],[[[91.3532,23.0723],[91.375,23.0667],[91.3582,23.0509],[91.3532,23.0723]]],[[[91.2083,23.075],[91.2175,23.0715],[91.2115,23.0658],[91.2083,23.075]]],[[[91.15,23.0667],[91.1409,23.0702],[91.1469,23.0758],[91.15,23.0667]]],[[[91.1675,23.0698],[91.1605,23.0746],[91.1618,23.0758],[91.1675,23.0698]]],[[[91.2842,23.0698],[91.2772,23.0746],[91.2785,23.0758],[91.2842,23.0698]]],[[[91.3335,23.0505],[91.319,23.0627],[91.3217,23.0817],[91.3395,23.061],[91.3335,23.0505]]],[[[91.1175,23.0802],[91.1101,23.0765],[91.1083,23.0833],[91.1175,23.0802]]],[[[91.2079,23.0824],[91.2003,23.0761],[91.201,23.083],[91.2079,23.0824]]],[[[91.3077,23.0773],[91.2992,23.0781],[91.3055,23.0852],[91.3077,23.0773]]],[[[91.258,23.0668],[91.2369,23.0606],[91.2275,23.0705],[91.2471,23.0897],[91.258,23.0668]]],[[[91.0076,23.0911],[91.0031,23.0836],[91.0,23.0917],[91.0076,23.0911]]],[[[91.2175,23.0865],[91.2105,23.0912],[91.2118,23.0925],[91.2175,23.0865]]],[[[91.2917,23.1],[91.2882,23.0909],[91.2825,23.0968],[91.2917,23.1]]],[[[91.2417,23.0917],[91.2258,23.0989],[91.2407,23.0989],[91.2417,23.0917]]],[[[91.15,23.0917],[91.1423,23.0917],[91.1458,23.1008],[91.15,23.0917]]],[[[91.0193,23.106],[91.0487,23.09],[91.0103,23.0945],[91.0193,23.106]]],[[[91.0822,23.096],[91.0592,23.0961],[91.0709,23.1071],[91.0822,23.096]]],[[[91.1252,23.1061],[91.1325,23.0979],[91.1292,23.091],[91.1252,23.1061]]],[[[91.2583,23.1083],[91.2506,23.1083],[91.2541,23.1174],[91.2583,23.1083]]],[[[91.275,23.1083],[91.2673,23.1083],[91.2708,23.1174],[91.275,23.1083]]],[[[91.2917,23.1],[91.2975,23.1181],[91.3087,23.1106],[91.2917,23.1]]],[[[91.166,23.1043],[91.157,23.1056],[91.1633,23.1189],[91.166,23.1043]]],[[[91.0247,23.1198],[91.0173,23.1242],[91.0262,23.1209],[91.0247,23.1198]]],[[[91.1395,23.1096],[91.1355,23.1244],[91.1497,23.1215],[91.1395,23.1096]]],[[[91.2414,23.1178],[91.2338,23.1241],[91.2407,23.1247],[91.2414,23.1178]]],[[[91.0413,23.0999],[91.0333,23.1081],[91.037,23.1328],[91.0415,23.1271],[91.0413,23.0999]]],[[[91.3329,23.1163],[91.325,23.1283],[91.3333,23.1333],[91.3329,23.1163]]],[[[91.2497,23.1261],[91.2421,23.1324],[91.249,23.133],[91.2497,23.1261]]],[[[91.0986,23.1129],[91.0763,23.1193],[91.0792,23.1357],[91.0986,23.1129]]],[[[91.1333,23.125],[91.1131,23.0923],[91.1024,23.0863],[91.1189,23.1387],[91.1333,23.125]]],[[[91.0587,23.1418],[91.0666,23.1233],[91.0541,23.1093],[91.0515,23.1175],[91.0587,23.1418]]],[[[91.0497,23.1344],[91.0421,23.1408],[91.049,23.1413],[91.0497,23.1344]]],[[[91.1145,23.1496],[91.1075,23.1448],[91.1132,23.1508],[91.1145,23.1496]]],[[[91.0583,23.1417],[91.0507,23.1426],[91.0542,23.1512],[91.0583,23.1417]]],[[[91.1578,23.1488],[91.1502,23.1561],[91.1583,23.1583],[91.1578,23.1488]]],[[[91.1327,23.1523],[91.1242,23.1531],[91.1305,23.1602],[91.1327,23.1523]]],[[[91.1315,23.1682],[91.1242,23.1718],[91.1333,23.175],[91.1315,23.1682]]],[[[91.1413,23.1824],[91.1336,23.1761],[91.1344,23.183],[91.1413,23.1824]]],[[[91.1077,23.1773],[91.0992,23.1781],[91.1055,23.1852],[91.1077,23.1773]]],[[[91.1244,23.194],[91.1159,23.1947],[91.1222,23.2018],[91.1244,23.194]]],[[[91.312,23.2072],[91.3036,23.1838],[91.2929,23.1868],[91.312,23.2072]]],[[[91.2747,23.2031],[91.2673,23.2076],[91.2762,23.2042],[91.2747,23.2031]]],[[[91.1242,23.2244],[91.1198,23.2169],[91.1167,23.225],[91.1242,23.2244]]],[[[91.0747,23.2261],[91.0671,23.2324],[91.074,23.233],[91.0747,23.2261]]],[[[97.2079,23.2772],[97.2032,23.2842],[97.2092,23.2785],[97.2079,23.2772]]],[[[93.7579,23.2855],[93.7532,23.2925],[93.7592,23.2868],[93.7579,23.2855]]],[[[97.2675,23.3552],[97.2601,23.3515],[97.2583,23.3583],[97.2675,23.3552]]],[[[91.1163,23.3658],[91.1086,23.3594],[91.1094,23.3663],[91.1163,23.3658]]],[[[91.0758,23.3802],[91.0685,23.3765],[91.0667,23.3833],[91.0758,23.3802]]],[[[91.1399,23.5682],[91.1325,23.5718],[91.1417,23.575],[91.1399,23.5682]]],[[[91.1728,23.5746],[91.1658,23.5698],[91.1715,23.5758],[91.1728,23.5746]]],[[[91.1242,23.5911],[91.1198,23.5836],[91.1167,23.5917],[91.1242,23.5911]]],[[[91.1664,23.5844],[91.1588,23.5908],[91.1657,23.5913],[91.1664,23.5844]]],[[[91.0327,23.594],[91.0242,23.5947],[91.0305,23.6018],[91.0327,23.594]]],[[[97.975,23.6583],[97.9674,23.6593],[97.9708,23.6679],[97.975,23.6583]]],[[[93.848,23.6926],[93.8408,23.6968],[93.85,23.7],[93.848,23.6926]]],[[[91.0164,23.6856],[91.0085,23.6973],[91.0144,23.6998],[91.0164,23.6856]]],[[[91.024,23.702],[91.0198,23.7092],[91.0258,23.7035],[91.024,23.702]]],[[[91.0333,23.7167],[91.0425,23.7132],[91.0365,23.7075],[91.0333,23.7167]]],[[[91.1048,23.6943],[91.0847,23.6959],[91.0949,23.7227],[91.1069,23.7134],[91.1048,23.6943]]],[[[91.0833,23.7083],[91.0559,23.6942],[91.0513,23.6958],[91.0719,23.7237],[91.0833,23.7083]]],[[[91.0333,23.7167],[91.0239,23.7211],[91.033,23.724],[91.0333,23.7167]]],[[[97.7469,23.7258],[97.7426,23.7187],[97.7409,23.7202],[97.7469,23.7258]]],[[[91.0175,23.7302],[91.0101,23.7265],[91.0083,23.7333],[91.0175,23.7302]]],[[[91.0913,23.7324],[91.0836,23.7261],[91.0844,23.733],[91.0913,23.7324]]],[[[91.0425,23.7282],[91.0355,23.7329],[91.0368,23.7342],[91.0425,23.7282]]],[[[91.0577,23.7273],[91.0492,23.7281],[91.0555,23.7352],[91.0577,23.7273]]],[[[91.0828,23.7409],[91.0753,23.7364],[91.0738,23.7375],[91.0828,23.7409]]],[[[91.1244,23.744],[91.1159,23.7447],[91.1222,23.7518],[91.1244,23.744]]],[[[91.0914,23.744],[91.0835,23.7557],[91.0894,23.7582],[91.0914,23.744]]],[[[91.0161,23.7523],[91.0075,23.7531],[91.0138,23.7602],[91.0161,23.7523]]],[[[91.1167,23.7667],[91.1258,23.7632],[91.1198,23.7575],[91.1167,23.7667]]],[[[93.8564,23.7593],[93.8492,23.7635],[93.8583,23.7667],[93.8564,23.7593]]],[[[91.0802,23.7675],[91.076,23.7603],[91.0742,23.7618],[91.0802,23.7675]]],[[[91.0327,23.7606],[91.0242,23.7614],[91.0305,23.7685],[91.0327,23.7606]]],[[[97.7811,23.7748],[97.7729,23.7675],[97.766,23.7709],[97.7811,23.7748]]],[[[91.1167,23.7667],[91.1075,23.7702],[91.1135,23.7758],[91.1167,23.7667]]],[[[91.15,23.7917],[91.1407,23.7824],[91.1338,23.7884],[91.15,23.7917]]],[[[91.1585,23.7845],[91.1666,23.7887],[91.1625,23.7744],[91.1585,23.7845]]],[[[91.1167,23.8],[91.1258,23.7965],[91.1198,23.7908],[91.1167,23.8]]],[[[91.1579,23.7991],[91.1503,23.7928],[91.151,23.7997],[91.1579,23.7991]]],[[[91.1148,23.8071],[91.0984,23.8007],[91.0916,23.8042],[91.1148,23.8071]]],[[[91.1664,23.8011],[91.1588,23.8074],[91.1657,23.808],[91.1664,23.8011]]],[[[91.0167,23.8167],[91.0258,23.8132],[91.0198,23.8075],[91.0167,23.8167]]],[[[91.175,23.8083],[91.1674,23.8093],[91.1708,23.8179],[91.175,23.8083]]],[[[91.1261,23.8248],[91.1303,23.8167],[91.116,23.8208],[91.1261,23.8248]]],[[[91.1895,23.8246],[91.1825,23.8198],[91.1882,23.8258],[91.1895,23.8246]]],[[[91.1577,23.819],[91.1492,23.8197],[91.1555,23.8268],[91.1577,23.819]]],[[[91.065,23.8047],[91.0333,23.8079],[91.0458,23.8273],[91.065,23.8047]]],[[[91.2,23.8167],[91.1999,23.8292],[91.2012,23.8321],[91.2102,23.8251],[91.2,23.8167]]],[[[91.1408,23.8254],[91.1345,23.8331],[91.1413,23.8323],[91.1408,23.8254]]],[[[91.0153,23.8168],[91.0034,23.8126],[90.9951,23.7781],[90.9952,23.8356],[91.0153,23.8168]]],[[[91.1299,23.8413],[91.1268,23.8404],[91.1265,23.8407],[91.1299,23.8413]]],[[[91.0815,23.8349],[91.0742,23.8385],[91.0833,23.8417],[91.0815,23.8349]]],[[[91.0917,23.8417],[91.0986,23.836],[91.0952,23.8325],[91.0917,23.8417]]],[[[91.1969,23.8425],[91.1926,23.8353],[91.1909,23.8368],[91.1969,23.8425]]],[[[91.1622,23.8341],[91.1465,23.8431],[91.1745,23.8375],[91.1622,23.8341]]],[[[91.0366,23.8429],[91.0244,23.8462],[91.044,23.8458],[91.0366,23.8429]]],[[[91.0913,23.8491],[91.0836,23.8428],[91.0844,23.8497],[91.0913,23.8491]]],[[[91.225,23.8333],[91.2173,23.8346],[91.2208,23.8504],[91.225,23.8333]]],[[[91.1744,23.8524],[91.1684,23.8527],[91.1722,23.8602],[91.1744,23.8524]]],[[[91.0833,23.85],[91.0593,23.8557],[91.0817,23.8652],[91.0833,23.85]]],[[[91.0411,23.8606],[91.0325,23.8614],[91.0388,23.8685],[91.0411,23.8606]]],[[[91.0923,23.8692],[91.0901,23.8697],[91.092,23.8716],[91.0923,23.8692]]],[[[91.2069,23.854],[91.1841,23.8564],[91.1823,23.8739],[91.2069,23.854]]],[[[91.058,23.873],[91.0502,23.8607],[91.0523,23.8748],[91.058,23.873]]],[[[91.0719,23.8758],[91.0676,23.8687],[91.0659,23.8702],[91.0719,23.8758]]],[[[90.9957,23.8585],[90.9936,23.8773],[91.0048,23.8816],[91.0072,23.8792],[90.9957,23.8585]]],[[[91.0496,23.8824],[91.042,23.8761],[91.0427,23.883],[91.0496,23.8824]]],[[[91.0411,23.8909],[91.0336,23.8864],[91.0321,23.8875],[91.0411,23.8909]]],[[[91.1982,23.8849],[91.1908,23.8885],[91.2,23.8917],[91.1982,23.8849]]],[[[90.9997,23.8936],[90.9966,23.8941],[90.9984,23.9008],[90.9997,23.8936]]],[[[91.066,23.9123],[91.0779,23.8835],[91.0363,23.9034],[91.066,23.9123]]],[[[91.0417,23.9167],[91.0398,23.9167],[91.0416,23.9172],[91.0417,23.9167]]],[[[91.1917,23.9413],[91.1825,23.9206],[91.1704,23.9558],[91.1785,23.9446],[91.1917,23.9413]]],[[[91.1918,23.942],[91.1658,23.9705],[91.1682,23.978],[91.1975,23.9772],[91.1918,23.942]]],[[[91.3496,24.0074],[91.342,24.0011],[91.3427,24.008],[91.3496,24.0074]]],[[[91.2293,24.0004],[91.2207,24.0166],[91.2342,24.0109],[91.2293,24.0004]]],[[[91.3417,24.0083],[91.334,24.0093],[91.3375,24.0179],[91.3417,24.0083]]],[[[91.2167,24.0079],[91.2127,23.9955],[91.176,23.9941],[91.1931,24.023],[91.2167,24.0079]]],[[[91.2661,24.0242],[91.2586,24.0198],[91.2571,24.0209],[91.2661,24.0242]]],[[[91.3577,24.019],[91.3492,24.0197],[91.3555,24.0268],[91.3577,24.019]]],[[[91.225,24.0294],[91.2084,24.0207],[91.2113,24.033],[91.225,24.0294]]],[[[91.2,24.0333],[91.198,24.0336],[91.1999,24.0365],[91.2,24.0333]]],[[[91.2137,24.0436],[91.2086,24.049],[91.2177,24.0459],[91.2137,24.0436]]],[[[91.2643,24.0481],[91.2458,24.0269],[91.2332,24.0413],[91.2643,24.0481]]],[[[91.3219,24.1175],[91.3176,24.1103],[91.3159,24.1118],[91.3219,24.1175]]],[[[91.3328,24.1326],[91.3253,24.1281],[91.3238,24.1292],[91.3328,24.1326]]],[[[91.3414,24.1344],[91.3338,24.1408],[91.3407,24.1413],[91.3414,24.1344]]],[[[91.3175,24.1365],[91.3105,24.1412],[91.3118,24.1425],[91.3175,24.1365]]],[[[91.158,24.1416],[91.152,24.121],[91.1271,24.1458],[91.1412,24.1497],[91.158,24.1416]]],[[[91.3496,24.1491],[91.342,24.1428],[91.3427,24.1497],[91.3496,24.1491]]],[[[97.9417,24.15],[97.9452,24.1592],[97.9508,24.1532],[97.9417,24.15]]],[[[91.2667,24.15],[91.259,24.1509],[91.2625,24.1596],[91.2667,24.15]]],[[[91.5327,24.1523],[91.5242,24.1531],[91.5305,24.1602],[91.5327,24.1523]]],[[[91.5675,24.1635],[91.5601,24.1599],[91.5583,24.1667],[91.5675,24.1635]]],[[[91.125,24.1545],[91.1107,24.1546],[91.1209,24.1385],[91.0932,24.1615],[91.125,24.1545]]],[[[91.0784,24.1681],[91.074,24.1733],[91.0858,24.1715],[91.0784,24.1681]]],[[[91.1692,24.1737],[91.1644,24.1434],[91.1601,24.1437],[91.1692,24.1737]]],[[[91.1578,24.1742],[91.1503,24.1698],[91.1488,24.1709],[91.1578,24.1742]]],[[[91.1667,24.175],[91.159,24.1759],[91.1625,24.1846],[91.1667,24.175]]],[[[91.1122,24.1856],[91.102,24.1775],[91.0992,24.1786],[91.1122,24.1856]]],[[[91.0754,24.1851],[91.069,24.1906],[91.0861,24.1875],[91.0754,24.1851]]],[[[91.2411,24.1856],[91.2325,24.1864],[91.2388,24.1935],[91.2411,24.1856]]],[[[91.1833,24.1917],[91.1756,24.1917],[91.1791,24.2008],[91.1833,24.1917]]],[[[91.1411,24.194],[91.1325,24.1947],[91.1388,24.2018],[91.1411,24.194]]],[[[91.0911,24.2023],[91.0825,24.2031],[91.0888,24.2102],[91.0911,24.2023]]],[[[91.2827,24.2106],[91.2742,24.2114],[91.2805,24.2185],[91.2827,24.2106]]],[[[91.6747,24.2261],[91.6671,24.2324],[91.674,24.233],[91.6747,24.2261]]],[[[91.3728,24.2329],[91.3658,24.2282],[91.3715,24.2342],[91.3728,24.2329]]],[[[91.4283,24.2346],[91.4161,24.2378],[91.4357,24.2375],[91.4283,24.2346]]],[[[91.2459,24.2176],[91.2418,24.2294],[91.2457,24.2411],[91.2573,24.2289],[91.2459,24.2176]]],[[[91.4661,24.244],[91.4575,24.2447],[91.4638,24.2518],[91.4661,24.244]]],[[[91.3667,24.2583],[91.3632,24.2492],[91.3575,24.2552],[91.3667,24.2583]]],[[[97.5911,24.2523],[97.5825,24.2531],[97.5888,24.2602],[97.5911,24.2523]]],[[[91.2833,24.2667],[91.2799,24.2575],[91.2742,24.2635],[91.2833,24.2667]]],[[[91.5663,24.2658],[91.5586,24.2594],[91.5594,24.2663],[91.5663,24.2658]]],[[[91.3667,24.2583],[91.3702,24.2675],[91.3758,24.2615],[91.3667,24.2583]]],[[[91.5498,24.2656],[91.5417,24.2614],[91.5458,24.2757],[91.5498,24.2656]]],[[[91.2833,24.2667],[91.2868,24.2758],[91.2925,24.2698],[91.2833,24.2667]]],[[[91.1244,24.269],[91.1159,24.2697],[91.1222,24.2768],[91.1244,24.269]]],[[[91.4155,24.2624],[91.3928,24.2711],[91.4041,24.2821],[91.4155,24.2624]]],[[[91.6899,24.2765],[91.6825,24.2802],[91.6917,24.2833],[91.6899,24.2765]]],[[[91.1417,24.275],[91.134,24.275],[91.1374,24.2841],[91.1417,24.275]]],[[[91.2661,24.2773],[91.2575,24.2781],[91.2638,24.2852],[91.2661,24.2773]]],[[[91.3833,24.2917],[91.3925,24.2882],[91.3865,24.2825],[91.3833,24.2917]]],[[[91.2994,24.2856],[91.2909,24.2864],[91.2972,24.2935],[91.2994,24.2856]]],[[[91.4244,24.2856],[91.4159,24.2864],[91.4222,24.2935],[91.4244,24.2856]]],[[[91.3833,24.2917],[91.3739,24.2961],[91.383,24.299],[91.3833,24.2917]]],[[[91.3661,24.294],[91.3575,24.2947],[91.3638,24.3018],[91.3661,24.294]]],[[[91.4501,24.2992],[91.4361,24.2921],[91.4341,24.3063],[91.4394,24.3077],[91.4501,24.2992]]],[[[91.325,24.3083],[91.3215,24.2992],[91.3158,24.3052],[91.325,24.3083]]],[[[91.3925,24.3032],[91.3855,24.3079],[91.3868,24.3092],[91.3925,24.3032]]],[[[91.45,24.3],[91.4535,24.3092],[91.4592,24.3032],[91.45,24.3]]],[[[91.325,24.3083],[91.328,24.3166],[91.3423,24.3125],[91.3322,24.3085],[91.3285,24.3083],[91.325,24.3083]]],[[[91.4576,24.3244],[91.4531,24.3169],[91.45,24.325],[91.4576,24.3244]]],[[[91.5312,24.3246],[91.5242,24.3198],[91.5299,24.3258],[91.5312,24.3246]]],[[[91.3661,24.319],[91.3575,24.3197],[91.3638,24.3268],[91.3661,24.319]]],[[[91.3911,24.319],[91.3825,24.3197],[91.3888,24.3268],[91.3911,24.319]]],[[[91.4911,24.319],[91.4825,24.3197],[91.4888,24.3268],[91.4911,24.319]]],[[[91.4664,24.3281],[91.4589,24.3326],[91.4679,24.3292],[91.4664,24.3281]]],[[[91.4333,24.3083],[91.4205,24.3031],[91.4031,24.3304],[91.4218,24.3311],[91.4333,24.3083]]],[[[91.7325,24.3333],[91.7194,24.3254],[91.717,24.3388],[91.7227,24.3411],[91.7325,24.3333]]],[[[91.5161,24.3356],[91.5075,24.3364],[91.5138,24.3435],[91.5161,24.3356]]],[[[91.4525,24.349],[91.4472,24.3259],[91.4421,24.3285],[91.4525,24.349]]],[[[91.4667,24.35],[91.4758,24.3465],[91.4698,24.3408],[91.4667,24.35]]],[[[91.7333,24.3417],[91.7257,24.3426],[91.7292,24.3512],[91.7333,24.3417]]],[[[91.3244,24.344],[91.3159,24.3447],[91.3222,24.3518],[91.3244,24.344]]],[[[91.4077,24.344],[91.3992,24.3447],[91.4055,24.3518],[91.4077,24.344]]],[[[91.7073,24.3463],[91.6838,24.3458],[91.6958,24.3577],[91.7073,24.3463]]],[[[91.4469,24.3592],[91.4426,24.352],[91.4409,24.3535],[91.4469,24.3592]]],[[[91.4667,24.35],[91.459,24.3509],[91.4625,24.3596],[91.4667,24.35]]],[[[91.3827,24.3523],[91.3742,24.3531],[91.3805,24.3602],[91.3827,24.3523]]],[[[97.8,24.3583],[97.7924,24.3593],[97.7958,24.3679],[97.8,24.3583]]],[[[91.4994,24.3606],[91.4909,24.3614],[91.4972,24.3685],[91.4994,24.3606]]],[[[91.4208,24.3496],[91.4173,24.3655],[91.4207,24.3751],[91.425,24.3667],[91.4208,24.3496]]],[[[91.5507,24.3764],[91.5656,24.3645],[91.5625,24.3589],[91.5507,24.3764]]],[[[91.684,24.3818],[91.7251,24.3738],[91.7102,24.3666],[91.684,24.3818]]],[[[91.4065,24.3849],[91.3992,24.3885],[91.4083,24.3917],[91.4065,24.3849]]],[[[91.4167,24.3917],[91.4258,24.3882],[91.4198,24.3825],[91.4167,24.3917]]],[[[91.4595,24.3915],[91.4637,24.3834],[91.4494,24.3875],[91.4595,24.3915]]],[[[91.6666,24.378],[91.6585,24.3822],[91.6625,24.3923],[91.6666,24.378]]],[[[91.3911,24.3856],[91.3825,24.3864],[91.3888,24.3935],[91.3911,24.3856]]],[[[91.4667,24.3917],[91.4676,24.3993],[91.4762,24.3959],[91.4667,24.3917]]],[[[91.4167,24.3917],[91.409,24.3926],[91.4125,24.4012],[91.4167,24.3917]]],[[[91.7,24.3917],[91.6924,24.3926],[91.6958,24.4012],[91.7,24.3917]]],[[[91.2994,24.394],[91.2909,24.3947],[91.2972,24.4018],[91.2994,24.394]]],[[[91.5411,24.394],[91.5325,24.3947],[91.5388,24.4018],[91.5411,24.394]]],[[[91.5652,24.4075],[91.5516,24.4032],[91.5491,24.4042],[91.5652,24.4075]]],[[[91.6583,24.4083],[91.6549,24.3992],[91.6492,24.4052],[91.6583,24.4083]]],[[[91.3161,24.4023],[91.3075,24.4031],[91.3138,24.4102],[91.3161,24.4023]]],[[[91.6583,24.4083],[91.6593,24.416],[91.6679,24.4125],[91.6583,24.4083]]],[[[91.6828,24.4072],[91.6752,24.4144],[91.6833,24.4167],[91.6828,24.4072]]],[[[91.4662,24.4141],[91.4506,24.4022],[91.453,24.4164],[91.4662,24.4141]]],[[[91.4077,24.4106],[91.3992,24.4114],[91.4055,24.4185],[91.4077,24.4106]]],[[[91.4494,24.4242],[91.442,24.4198],[91.4405,24.4209],[91.4494,24.4242]]],[[[91.175,24.4333],[91.1842,24.4298],[91.1782,24.4242],[91.175,24.4333]]],[[[91.4581,24.4261],[91.4504,24.4324],[91.4573,24.433],[91.4581,24.4261]]],[[[91.2244,24.4273],[91.2159,24.4281],[91.2222,24.4352],[91.2244,24.4273]]],[[[91.3077,24.4273],[91.2992,24.4281],[91.3055,24.4352],[91.3077,24.4273]]],[[[91.1167,24.45],[91.1258,24.4465],[91.1198,24.4408],[91.1167,24.45]]],[[[91.175,24.4333],[91.1576,24.4447],[91.1701,24.4504],[91.175,24.4333]]],[[[91.1994,24.444],[91.1909,24.4447],[91.1972,24.4518],[91.1994,24.444]]],[[[91.5411,24.444],[91.5325,24.4447],[91.5388,24.4518],[91.5411,24.444]]],[[[91.5577,24.444],[91.5492,24.4447],[91.5555,24.4518],[91.5577,24.444]]],[[[91.1167,24.45],[91.1075,24.4535],[91.1135,24.4592],[91.1167,24.45]]],[[[91.0494,24.4523],[91.0409,24.4531],[91.0472,24.4602],[91.0494,24.4523]]],[[[91.2577,24.4523],[91.2492,24.4531],[91.2555,24.4602],[91.2577,24.4523]]],[[[91.5802,24.4675],[91.576,24.4603],[91.5742,24.4618],[91.5802,24.4675]]],[[[91.2827,24.4606],[91.2742,24.4614],[91.2805,24.4685],[91.2827,24.4606]]],[[[91.4994,24.4606],[91.4909,24.4614],[91.4972,24.4685],[91.4994,24.4606]]],[[[91.4167,24.475],[91.4132,24.4659],[91.4075,24.4718],[91.4167,24.475]]],[[[91.5417,24.475],[91.5508,24.4715],[91.5448,24.4658],[91.5417,24.475]]],[[[91.0411,24.469],[91.0325,24.4697],[91.0388,24.4768],[91.0411,24.469]]],[[[91.2161,24.469],[91.2075,24.4697],[91.2138,24.4768],[91.2161,24.469]]],[[[91.3994,24.469],[91.3909,24.4697],[91.3972,24.4768],[91.3994,24.469]]],[[[91.2622,24.4773],[91.252,24.4692],[91.2493,24.4706],[91.2622,24.4773]]],[[[91.4167,24.475],[91.4202,24.4842],[91.4258,24.4782],[91.4167,24.475]]],[[[91.2411,24.4773],[91.2325,24.4781],[91.2388,24.4852],[91.2411,24.4773]]],[[[91.541,24.4885],[91.5264,24.4712],[91.5357,24.4907],[91.541,24.4885]]],[[[91.2083,24.4917],[91.2175,24.4882],[91.2115,24.4825],[91.2083,24.4917]]],[[[91.3077,24.4856],[91.2992,24.4864],[91.3055,24.4935],[91.3077,24.4856]]],[[[91.2083,24.4917],[91.1992,24.4952],[91.2052,24.5008],[91.2083,24.4917]]],[[[91.2982,24.5015],[91.2908,24.5052],[91.3,24.5083],[91.2982,24.5015]]],[[[91.3583,24.5083],[91.3549,24.4992],[91.3492,24.5052],[91.3583,24.5083]]],[[[91.1761,24.5082],[91.1803,24.5001],[91.166,24.5041],[91.1761,24.5082]]],[[[91.3106,24.5002],[91.3188,24.5075],[91.3257,24.5041],[91.3106,24.5002]]],[[[91.0911,24.5023],[91.0825,24.5031],[91.0888,24.5102],[91.0911,24.5023]]],[[[91.1494,24.5023],[91.1409,24.5031],[91.1472,24.5102],[91.1494,24.5023]]],[[[91.2827,24.5023],[91.2742,24.5031],[91.2805,24.5102],[91.2827,24.5023]]],[[[91.4327,24.5023],[91.4242,24.5031],[91.4305,24.5102],[91.4327,24.5023]]],[[[91.1833,24.5083],[91.1868,24.5175],[91.1925,24.5115],[91.1833,24.5083]]],[[[91.3083,24.5083],[91.3007,24.5093],[91.3042,24.5179],[91.3083,24.5083]]],[[[91.0661,24.5106],[91.0575,24.5114],[91.0638,24.5185],[91.0661,24.5106]]],[[[91.4833,24.5083],[91.4758,24.5105],[91.4792,24.5259],[91.4833,24.5083]]],[[[91.0583,24.5253],[91.0574,24.5254],[91.058,24.5263],[91.0583,24.5253]]],[[[91.0911,24.519],[91.0825,24.5197],[91.0888,24.5268],[91.0911,24.519]]],[[[91.3583,24.5083],[91.3497,24.5255],[91.3625,24.5325],[91.3739,24.5124],[91.3684,24.5094],[91.3625,24.5085],[91.3608,24.5084],[91.3595,24.5083],[91.3583,24.5083]]],[[[91.4635,24.5313],[91.4686,24.4949],[91.4526,24.531],[91.4635,24.5313]]],[[[91.1161,24.5273],[91.1075,24.5281],[91.1138,24.5352],[91.1161,24.5273]]],[[[91.2411,24.5273],[91.2325,24.5281],[91.2388,24.5352],[91.2411,24.5273]]],[[[91.3077,24.5273],[91.2992,24.5281],[91.3055,24.5352],[91.3077,24.5273]]],[[[91.3411,24.5273],[91.3325,24.5281],[91.3388,24.5352],[91.3411,24.5273]]],[[[91.4758,24.5365],[91.4689,24.5412],[91.4702,24.5425],[91.4758,24.5365]]],[[[91.2911,24.5356],[91.2825,24.5364],[91.2888,24.5435],[91.2911,24.5356]]],[[[91.4577,24.544],[91.4492,24.5447],[91.4555,24.5518],[91.4577,24.544]]],[[[91.3083,24.5583],[91.3049,24.5492],[91.2992,24.5552],[91.3083,24.5583]]],[[[91.2656,24.5502],[91.2614,24.5583],[91.2757,24.5542],[91.2656,24.5502]]],[[[91.4744,24.5523],[91.4659,24.5531],[91.4722,24.5602],[91.4744,24.5523]]],[[[91.2455,24.5639],[91.2652,24.5364],[91.2625,24.5275],[91.236,24.5462],[91.2455,24.5639]]],[[[91.395,24.5596],[91.3828,24.5628],[91.4024,24.5625],[91.395,24.5596]]],[[[91.3083,24.5583],[91.3118,24.5675],[91.3175,24.5615],[91.3083,24.5583]]],[[[91.1411,24.5606],[91.1325,24.5614],[91.1388,24.5685],[91.1411,24.5606]]],[[[91.4978,24.5746],[91.4908,24.5698],[91.4965,24.5758],[91.4978,24.5746]]],[[[91.4661,24.569],[91.4575,24.5697],[91.4638,24.5768],[91.4661,24.569]]],[[[91.2911,24.5773],[91.2825,24.5781],[91.2888,24.5852],[91.2911,24.5773]]],[[[91.5394,24.5749],[91.5286,24.5763],[91.5095,24.5877],[91.5302,24.5906],[91.5394,24.5749]]],[[[91.2744,24.5856],[91.2659,24.5864],[91.2722,24.5935],[91.2744,24.5856]]],[[[91.4994,24.5856],[91.4909,24.5864],[91.4972,24.5935],[91.4994,24.5856]]],[[[91.5161,24.6106],[91.5075,24.6114],[91.5138,24.6185],[91.5161,24.6106]]],[[[91.5327,24.6106],[91.5242,24.6114],[91.5305,24.6185],[91.5327,24.6106]]],[[[98.0,24.6226],[97.9937,24.6176],[97.9917,24.625],[98.0,24.6226]]],[[[91.3911,24.619],[91.3825,24.6197],[91.3888,24.6268],[91.3911,24.619]]],[[[91.5095,24.6582],[91.5137,24.6501],[91.4994,24.6541],[91.5095,24.6582]]],[[[91.4744,24.6523],[91.4659,24.6531],[91.4722,24.6602],[91.4744,24.6523]]],[[[91.4333,24.6667],[91.4425,24.6632],[91.4365,24.6575],[91.4333,24.6667]]],[[[91.5167,24.6583],[91.5202,24.6675],[91.5259,24.6615],[91.5167,24.6583]]],[[[91.4911,24.6606],[91.4825,24.6614],[91.4888,24.6685],[91.4911,24.6606]]],[[[97.7008,24.6698],[97.6937,24.674],[97.6952,24.6758],[97.7008,24.6698]]],[[[91.4331,24.6668],[91.4201,24.6592],[91.4182,24.6817],[91.4238,24.6814],[91.4331,24.6668]]],[[[91.4044,24.6597],[91.3853,24.6687],[91.3851,24.6812],[91.4,24.6833],[91.4044,24.6597]]],[[[91.4744,24.6773],[91.4659,24.6781],[91.4722,24.6852],[91.4744,24.6773]]],[[[91.375,24.6833],[91.3673,24.6833],[91.3708,24.6924],[91.375,24.6833]]],[[[91.4135,24.6925],[91.4093,24.6853],[91.4075,24.6868],[91.4135,24.6925]]],[[[91.5244,24.6856],[91.5159,24.6864],[91.5222,24.6935],[91.5244,24.6856]]],[[[91.5815,24.6932],[91.5742,24.6968],[91.5833,24.7],[91.5815,24.6932]]],[[[91.4577,24.694],[91.4492,24.6947],[91.4555,24.7018],[91.4577,24.694]]],[[[91.3327,24.7023],[91.3242,24.7031],[91.3305,24.7102],[91.3327,24.7023]]],[[[91.4077,24.7023],[91.3992,24.7031],[91.4055,24.7102],[91.4077,24.7023]]],[[[91.4244,24.7023],[91.4159,24.7031],[91.4222,24.7102],[91.4244,24.7023]]],[[[91.4744,24.7023],[91.4659,24.7031],[91.4722,24.7102],[91.4744,24.7023]]],[[[91.55,24.7041],[91.5335,24.7041],[91.5374,24.7167],[91.55,24.7041]]],[[[91.2911,24.7106],[91.2825,24.7114],[91.2888,24.7185],[91.2911,24.7106]]],[[[91.3161,24.7106],[91.3075,24.7114],[91.3138,24.7185],[91.3161,24.7106]]],[[[91.4494,24.7106],[91.4409,24.7114],[91.4472,24.7185],[91.4494,24.7106]]],[[[91.5077,24.7106],[91.4992,24.7114],[91.5055,24.7185],[91.5077,24.7106]]],[[[91.5244,24.719],[91.5159,24.7197],[91.5222,24.7268],[91.5244,24.719]]],[[[91.3161,24.7273],[91.3075,24.7281],[91.3138,24.7352],[91.3161,24.7273]]],[[[91.3743,24.721],[91.3654,24.7222],[91.3717,24.7356],[91.3743,24.721]]],[[[97.8232,24.7349],[97.8158,24.7385],[97.825,24.7417],[97.8232,24.7349]]],[[[91.3994,24.7356],[91.3909,24.7364],[91.3972,24.7435],[91.3994,24.7356]]],[[[91.4244,24.7356],[91.4159,24.7364],[91.4222,24.7435],[91.4244,24.7356]]],[[[91.5189,24.7419],[91.5271,24.7492],[91.534,24.7458],[91.5189,24.7419]]],[[[91.7163,24.7491],[91.7086,24.7428],[91.7094,24.7497],[91.7163,24.7491]]],[[[91.5661,24.744],[91.5575,24.7447],[91.5638,24.7518],[91.5661,24.744]]],[[[91.5167,24.75],[91.5075,24.7535],[91.5135,24.7592],[91.5167,24.75]]],[[[91.3244,24.7523],[91.3159,24.7531],[91.3222,24.7602],[91.3244,24.7523]]],[[[91.4744,24.7523],[91.4659,24.7531],[91.4722,24.7602],[91.4744,24.7523]]],[[[91.5994,24.7523],[91.5909,24.7531],[91.5972,24.7602],[91.5994,24.7523]]],[[[91.4349,24.7508],[91.418,24.7532],[91.4158,24.7573],[91.4245,24.7628],[91.4349,24.7508]]],[[[91.5428,24.7665],[91.547,24.7584],[91.5327,24.7625],[91.5428,24.7665]]],[[[91.2911,24.769],[91.2825,24.7697],[91.2888,24.7768],[91.2911,24.769]]],[[[91.3077,24.769],[91.2992,24.7697],[91.3055,24.7768],[91.3077,24.769]]],[[[91.3744,24.769],[91.3659,24.7697],[91.3722,24.7768],[91.3744,24.769]]],[[[91.6083,24.7833],[91.616,24.7824],[91.6125,24.7738],[91.6083,24.7833]]],[[[91.5499,24.767],[91.5629,24.7831],[91.5737,24.78],[91.5644,24.7678],[91.5499,24.767]]],[[[91.6072,24.7895],[91.5851,24.7843],[91.584,24.7896],[91.6072,24.7895]]],[[[91.3661,24.7856],[91.3575,24.7864],[91.3638,24.7935],[91.3661,24.7856]]],[[[91.55,24.8],[91.5465,24.7909],[91.5408,24.7968],[91.55,24.8]]],[[[97.6996,24.7938],[97.6948,24.8008],[97.7008,24.7952],[97.6996,24.7938]]],[[[91.4327,24.794],[91.4242,24.7947],[91.4305,24.8018],[91.4327,24.794]]],[[[91.5833,24.7917],[91.5658,24.7962],[91.5721,24.8085],[91.5756,24.806],[91.5833,24.7917]]],[[[91.55,24.8],[91.5535,24.8092],[91.5592,24.8032],[91.55,24.8]]],[[[91.3494,24.8023],[91.3409,24.8031],[91.3472,24.8102],[91.3494,24.8023]]],[[[91.4494,24.8023],[91.4409,24.8031],[91.4472,24.8102],[91.4494,24.8023]]],[[[91.6135,24.8175],[91.6093,24.8103],[91.6075,24.8118],[91.6135,24.8175]]],[[[91.5994,24.819],[91.5909,24.8197],[91.5972,24.8268],[91.5994,24.819]]],[[[91.5274,24.8292],[91.5053,24.8273],[91.4996,24.8292],[91.5274,24.8292]]],[[[91.5833,24.825],[91.5756,24.825],[91.5791,24.8341],[91.5833,24.825]]],[[[91.4827,24.8273],[91.4742,24.8281],[91.4805,24.8352],[91.4827,24.8273]]],[[[91.4577,24.8356],[91.4492,24.8364],[91.4555,24.8435],[91.4577,24.8356]]],[[[91.6154,24.8416],[91.5997,24.8332],[91.5915,24.8433],[91.5963,24.8492],[91.6154,24.8416]]],[[[91.5815,24.8432],[91.5742,24.8468],[91.5833,24.85],[91.5815,24.8432]]],[[[91.4077,24.8523],[91.3992,24.8531],[91.4055,24.8602],[91.4077,24.8523]]],[[[91.5077,24.8523],[91.4992,24.8531],[91.5055,24.8602],[91.5077,24.8523]]],[[[91.4411,24.869],[91.4325,24.8697],[91.4388,24.8768],[91.4411,24.869]]],[[[91.4577,24.869],[91.4492,24.8697],[91.4555,24.8768],[91.4577,24.869]]],[[[91.5331,24.8811],[91.5256,24.8738],[91.525,24.8833],[91.5331,24.8811]]],[[[91.5033,24.8846],[91.4911,24.8878],[91.5107,24.8875],[91.5033,24.8846]]],[[[91.5996,24.8991],[91.592,24.8928],[91.5927,24.8997],[91.5996,24.8991]]],[[[91.4327,24.894],[91.4242,24.8947],[91.4305,24.9018],[91.4327,24.894]]],[[[91.4663,24.8942],[91.4503,24.8961],[91.4667,24.9083],[91.4663,24.8942]]],[[[91.6079,24.9074],[91.6003,24.9011],[91.601,24.908],[91.6079,24.9074]]],[[[91.6164,24.9114],[91.6089,24.9159],[91.6179,24.9125],[91.6164,24.9114]]],[[[91.6328,24.9159],[91.6253,24.9114],[91.6238,24.9125],[91.6328,24.9159]]],[[[91.4283,24.9096],[91.4161,24.9128],[91.4357,24.9125],[91.4283,24.9096]]],[[[91.45,24.9167],[91.4465,24.9075],[91.4408,24.9135],[91.45,24.9167]]],[[[91.45,24.9167],[91.4535,24.9258],[91.4592,24.9198],[91.45,24.9167]]],[[[91.6917,24.925],[91.6926,24.9327],[91.7012,24.9292],[91.6917,24.925]]],[[[91.4828,24.9212],[91.4671,24.9119],[91.4707,24.9327],[91.4828,24.9212]]],[[[91.3661,24.9273],[91.3575,24.9281],[91.3638,24.9352],[91.3661,24.9273]]],[[[91.4417,24.9417],[91.4382,24.9325],[91.4325,24.9385],[91.4417,24.9417]]],[[[91.5413,24.9416],[91.5245,24.8868],[91.4867,24.9024],[91.5143,24.9278],[91.4958,24.9398],[91.5413,24.9416]]],[[[91.4417,24.9417],[91.4426,24.9493],[91.4512,24.9459],[91.4417,24.9417]]],[[[97.9327,24.944],[97.9242,24.9447],[97.9305,24.9518],[97.9327,24.944]]],[[[91.4411,24.9576],[91.4336,24.9531],[91.4321,24.9542],[91.4411,24.9576]]],[[[91.395,24.9513],[91.3828,24.9545],[91.4024,24.9542],[91.395,24.9513]]],[[[91.491,24.9467],[91.4756,24.9439],[91.4769,24.9576],[91.491,24.9467]]],[[[91.4497,24.9614],[91.4423,24.9659],[91.4512,24.9625],[91.4497,24.9614]]],[[[91.5645,24.9662],[91.5575,24.9615],[91.5632,24.9675],[91.5645,24.9662]]],[[[91.3494,24.9606],[91.3409,24.9614],[91.3472,24.9685],[91.3494,24.9606]]],[[[91.2917,24.975],[91.3008,24.9715],[91.2948,24.9658],[91.2917,24.975]]],[[[91.4916,24.9614],[91.4835,24.9656],[91.4875,24.9757],[91.4916,24.9614]]],[[[91.4385,24.9758],[91.4343,24.9687],[91.4325,24.9702],[91.4385,24.9758]]],[[[91.3244,24.969],[91.3159,24.9697],[91.3222,24.9768],[91.3244,24.969]]],[[[91.3661,24.969],[91.3575,24.9697],[91.3638,24.9768],[91.3661,24.969]]],[[[97.9494,24.969],[97.9409,24.9697],[97.9472,24.9768],[97.9494,24.969]]],[[[91.4038,24.9773],[91.3936,24.9692],[91.3909,24.9703],[91.4038,24.9773]]],[[[91.2894,24.9831],[91.2812,24.9758],[91.2744,24.9792],[91.2894,24.9831]]],[[[91.325,24.9917],[91.3215,24.9825],[91.3158,24.9885],[91.325,24.9917]]],[[[91.5,24.9917],[91.5092,24.9882],[91.5032,24.9825],[91.5,24.9917]]],[[[91.4978,24.9998],[91.4896,24.9925],[91.4827,24.9959],[91.4978,24.9998]]],[[[91.325,24.9917],[91.3285,25.0008],[91.3342,24.9948],[91.325,24.9917]]],[[[91.3744,24.994],[91.3659,24.9947],[91.3722,25.0018],[91.3744,24.994]]],[[[91.4411,24.994],[91.4325,24.9947],[91.4388,25.0018],[91.4411,24.994]]],[[[91.5161,25.0023],[91.5075,25.0031],[91.5138,25.0102],[91.5161,25.0023]]],[[[92.1577,25.0106],[92.1492,25.0114],[92.1555,25.0185],[92.1577,25.0106]]],[[[92.1333,25.0333],[92.1425,25.0298],[92.1365,25.0242],[92.1333,25.0333]]],[[[92.1779,25.0236],[92.1667,25.0333],[92.1987,25.0298],[92.1779,25.0236]]],[[[92.0667,25.0417],[92.0632,25.0325],[92.0575,25.0385],[92.0667,25.0417]]],[[[92.1329,25.0408],[92.1253,25.0344],[92.126,25.0413],[92.1329,25.0408]]],[[[92.0667,25.0417],[92.0676,25.0493],[92.0762,25.0459],[92.0667,25.0417]]],[[[92.0397,25.051],[92.0325,25.0552],[92.0417,25.0583],[92.0397,25.051]]],[[[92.0244,25.0523],[92.0159,25.0531],[92.0222,25.0602],[92.0244,25.0523]]],[[[94.3326,25.1328],[94.3281,25.1253],[94.325,25.1333],[94.3326,25.1328]]],[[[94.55,25.1417],[94.5592,25.1382],[94.5532,25.1325],[94.55,25.1417]]],[[[92.125,25.1417],[92.1156,25.1461],[92.1247,25.149],[92.125,25.1417]]],[[[94.55,25.1417],[94.5406,25.1461],[94.5497,25.149],[94.55,25.1417]]],[[[94.5581,25.1531],[94.5506,25.1576],[94.5596,25.1542],[94.5581,25.1531]]],[[[94.4994,25.1523],[94.4909,25.1531],[94.4972,25.1602],[94.4994,25.1523]]],[[[94.5842,25.1802],[94.5768,25.1765],[94.575,25.1833],[94.5842,25.1802]]],[[[94.6827,25.2273],[94.6742,25.2281],[94.6805,25.2352],[94.6827,25.2273]]],[[[94.5758,25.2385],[94.5687,25.2343],[94.5667,25.2417],[94.5758,25.2385]]],[[[94.6167,25.2417],[94.6132,25.2325],[94.6075,25.2385],[94.6167,25.2417]]],[[[94.6167,25.2417],[94.6178,25.2497],[94.6247,25.249],[94.6241,25.2421],[94.6217,25.2416],[94.6167,25.2417]]],[[[94.6328,25.2742],[94.6253,25.2698],[94.6238,25.2709],[94.6328,25.2742]]],[[[94.6925,25.2802],[94.6851,25.2765],[94.6833,25.2833],[94.6925,25.2802]]],[[[94.6315,25.2932],[94.6242,25.2968],[94.6333,25.3],[94.6315,25.2932]]],[[[93.8425,25.3052],[93.8353,25.301],[93.8333,25.3083],[93.8425,25.3052]]],[[[93.9083,25.3083],[93.8992,25.3118],[93.9052,25.3175],[93.9083,25.3083]]],[[[93.8758,25.4552],[93.8687,25.451],[93.8667,25.4583],[93.8758,25.4552]]],[[[94.048,25.4657],[94.0408,25.4615],[94.0465,25.4675],[94.048,25.4657]]],[[[94.1258,25.4615],[94.1187,25.4657],[94.1202,25.4675],[94.1258,25.4615]]],[[[94.8397,25.4676],[94.8325,25.4718],[94.8417,25.475],[94.8397,25.4676]]],[[[94.3232,25.4849],[94.3158,25.4885],[94.325,25.4917],[94.3232,25.4849]]],[[[94.075,25.478],[94.0668,25.4822],[94.0709,25.4923],[94.075,25.478]]],[[[93.6417,25.4833],[93.6325,25.4868],[93.6385,25.4925],[93.6417,25.4833]]],[[[94.7167,25.5],[94.7258,25.4965],[94.7198,25.4908],[94.7167,25.5]]],[[[94.325,25.5667],[94.3215,25.5575],[94.3158,25.5635],[94.325,25.5667]]],[[[94.325,25.5667],[94.3261,25.5747],[94.333,25.574],[94.3324,25.5671],[94.33,25.5666],[94.325,25.5667]]],[[[94.3167,25.65],[94.3132,25.6409],[94.3075,25.6468],[94.3167,25.65]]],[[[94.3167,25.65],[94.3176,25.6577],[94.3262,25.6542],[94.3167,25.65]]],[[[93.9842,25.6635],[93.977,25.6593],[93.975,25.6667],[93.9842,25.6635]]],[[[94.95,25.7],[94.9592,25.6965],[94.9532,25.6908],[94.95,25.7]]],[[[94.925,25.7667],[94.9215,25.7575],[94.9158,25.7635],[94.925,25.7667]]],[[[94.925,25.7667],[94.9261,25.7747],[94.933,25.774],[94.9324,25.7671],[94.93,25.7666],[94.925,25.7667]]],[[[94.9493,25.7761],[94.9349,25.7828],[94.9492,25.7823],[94.9493,25.7761]]],[[[94.9581,25.7844],[94.9504,25.7908],[94.9573,25.7913],[94.9581,25.7844]]],[[[94.9664,25.7928],[94.9588,25.7991],[94.9657,25.7997],[94.9664,25.7928]]],[[[94.9758,25.8032],[94.9689,25.8079],[94.9702,25.8092],[94.9758,25.8032]]],[[[97.9994,25.894],[97.9909,25.8947],[97.9972,25.9018],[97.9994,25.894]]],[[[94.6663,26.0574],[94.6586,26.0511],[94.6594,26.058],[94.6663,26.0574]]],[[[95.7925,27.0052],[95.7851,27.0015],[95.7833,27.0083],[95.7925,27.0052]]],[[[96.7552,27.0175],[96.751,27.0103],[96.7492,27.0118],[96.7552,27.0175]]],[[[96.6744,27.0106],[96.6659,27.0114],[96.6722,27.0185],[96.6744,27.0106]]],[[[96.9827,27.0606],[96.9742,27.0614],[96.9805,27.0685],[96.9827,27.0606]]],[[[96.8899,27.0765],[96.8825,27.0802],[96.8917,27.0833],[96.8899,27.0765]]],[[[96.9232,27.0765],[96.9158,27.0802],[96.925,27.0833],[96.9232,27.0765]]],[[[96.9741,27.1437],[96.9698,27.1508],[96.9758,27.1452],[96.9741,27.1437]]],[[[93.332,27.1683],[93.3185,27.1771],[93.3131,27.1829],[93.325,27.1833],[93.332,27.1683]]],[[[93.3083,27.1917],[93.3028,27.189],[93.3003,27.1914],[93.3083,27.1917]]],[[[96.6157,27.2187],[96.6115,27.2258],[96.6175,27.2202],[96.6157,27.2187]]],[[[96.6157,27.3187],[96.6115,27.3258],[96.6175,27.3202],[96.6157,27.3187]]],[[[96.6327,27.3356],[96.6242,27.3364],[96.6305,27.3435],[96.6327,27.3356]]],[[[96.9324,27.352],[96.9282,27.3592],[96.9342,27.3535],[96.9324,27.352]]],[[[96.7399,27.3682],[96.7325,27.3718],[96.7417,27.375],[96.7399,27.3682]]],[[[97.0246,27.4241],[97.017,27.4178],[97.0177,27.4247],[97.0246,27.4241]]],[[[97.0163,27.4324],[97.0086,27.4261],[97.0094,27.433],[97.0163,27.4324]]],[[[96.8425,27.4282],[96.8355,27.4329],[96.8368,27.4342],[96.8425,27.4282]]],[[[97.0052,27.4425],[97.001,27.4353],[96.9992,27.4368],[97.0052,27.4425]]],[[[96.7565,27.5182],[96.7492,27.5218],[96.7583,27.525],[96.7565,27.5182]]],[[[96.9994,27.519],[96.9909,27.5197],[96.9972,27.5268],[96.9994,27.519]]],[[[96.8508,27.5365],[96.8439,27.5412],[96.8452,27.5425],[96.8508,27.5365]]],[[[96.995,27.5429],[96.9828,27.5462],[97.0024,27.5458],[96.995,27.5429]]],[[[96.7074,27.5687],[96.7032,27.5758],[96.7092,27.5702],[96.7074,27.5687]]],[[[96.995,27.5929],[96.9828,27.5962],[97.0024,27.5958],[96.995,27.5929]]],[[[96.4914,27.6114],[96.4839,27.6159],[96.4929,27.6125],[96.4914,27.6114]]],[[[96.4812,27.6246],[96.4742,27.6198],[96.4799,27.6258],[96.4812,27.6246]]],[[[96.3925,27.6552],[96.3851,27.6515],[96.3833,27.6583],[96.3925,27.6552]]],[[[96.625,27.6833],[96.6342,27.6798],[96.6282,27.6742],[96.625,27.6833]]],[[[93.2417,27.6725],[93.2332,27.6838],[93.2388,27.6912],[93.2417,27.6725]]],[[[96.625,27.6833],[96.6159,27.6868],[96.6219,27.6925],[96.625,27.6833]]],[[[96.5812,27.7579],[96.5742,27.7532],[96.5799,27.7592],[96.5812,27.7579]]],[[[93.3249,27.7534],[93.3084,27.747],[93.3125,27.769],[93.3249,27.7534]]],[[[96.775,27.775],[96.7715,27.7659],[96.7658,27.7718],[96.775,27.775]]],[[[96.775,27.775],[96.7761,27.7831],[96.783,27.7823],[96.7824,27.7754],[96.78,27.7749],[96.775,27.775]]],[[[96.4175,27.7885],[96.4101,27.7849],[96.4083,27.7917],[96.4175,27.7885]]],[[[96.5008,27.7885],[96.4935,27.7849],[96.4917,27.7917],[96.5008,27.7885]]],[[[96.4649,27.7932],[96.4575,27.7968],[96.4667,27.8],[96.4649,27.7932]]],[[[96.9982,27.7932],[96.9908,27.7968],[97.0,27.8],[96.9982,27.7932]]],[[[96.6161,27.844],[96.6075,27.8447],[96.6138,27.8518],[96.6161,27.844]]],[[[94.0579,27.8855],[94.0532,27.8925],[94.0592,27.8868],[94.0579,27.8855]]],[[[96.6758,27.9052],[96.6687,27.901],[96.6667,27.9083],[96.6758,27.9052]]],[[[96.623,27.9176],[96.6158,27.9218],[96.625,27.925],[96.623,27.9176]]],[[[96.4833,27.9333],[96.4757,27.9343],[96.4792,27.9429],[96.4833,27.9333]]],[[[96.5411,27.9356],[96.5325,27.9364],[96.5388,27.9435],[96.5411,27.9356]]],[[[96.9564,27.976],[96.9492,27.9802],[96.9583,27.9833],[96.9564,27.976]]],[[[94.398,28.149],[94.3908,28.1448],[94.3965,28.1508],[94.398,28.149]]],[[[95.948,28.149],[95.9408,28.1448],[95.9465,28.1508],[95.948,28.149]]],[[[96.4397,28.201],[96.4325,28.2052],[96.4417,28.2083],[96.4397,28.201]]],[[[94.423,28.2074],[94.4158,28.2032],[94.4215,28.2092],[94.423,28.2074]]],[[[97.0581,28.2159],[97.05,28.205],[97.0542,28.2251],[97.0581,28.2159]]],[[[94.5083,28.25],[94.4944,28.2437],[94.4912,28.2462],[94.5083,28.25]]],[[[94.3327,28.244],[94.3242,28.2447],[94.3305,28.2518],[94.3327,28.244]]],[[[95.9564,28.251],[95.9492,28.2552],[95.9583,28.2583],[95.9564,28.251]]],[[[94.0002,28.2595],[94.0083,28.2637],[94.0042,28.2494],[94.0002,28.2595]]],[[[94.0,28.2667],[93.9909,28.2702],[93.9969,28.2758],[94.0,28.2667]]],[[[94.448,28.276],[94.4408,28.2802],[94.45,28.2833],[94.448,28.276]]],[[[94.2885,28.3008],[94.2838,28.2938],[94.2825,28.2952],[94.2885,28.3008]]],[[[94.2052,28.3592],[94.2005,28.3522],[94.1992,28.3535],[94.2052,28.3592]]],[[[94.4885,28.3758],[94.4838,28.3688],[94.4825,28.3702],[94.4885,28.3758]]],[[[95.3647,28.376],[95.3575,28.3802],[95.3667,28.3833],[95.3647,28.376]]],[[[94.1079,28.3855],[94.1032,28.3925],[94.1092,28.3868],[94.1079,28.3855]]],[[[94.5314,28.3907],[94.5242,28.3865],[94.5299,28.3925],[94.5314,28.3907]]],[[[95.3468,28.4258],[95.3421,28.4188],[95.3409,28.4202],[95.3468,28.4258]]],[[[94.9912,28.4272],[94.9865,28.4342],[94.9925,28.4285],[94.9912,28.4272]]],[[[94.5635,28.4508],[94.5588,28.4438],[94.5575,28.4452],[94.5635,28.4508]]],[[[95.4661,28.444],[95.4575,28.4447],[95.4638,28.4518],[95.4661,28.444]]],[[[95.4494,28.4523],[95.4409,28.4531],[95.4472,28.4602],[95.4494,28.4523]]],[[[95.5579,28.4605],[95.5532,28.4675],[95.5592,28.4618],[95.5579,28.4605]]],[[[95.4718,28.4758],[95.4671,28.4688],[95.4659,28.4702],[95.4718,28.4758]]],[[[95.9342,28.4968],[95.927,28.4926],[95.925,28.5],[95.9342,28.4968]]],[[[95.6245,28.4988],[95.6169,28.5061],[95.625,28.5083],[95.6245,28.4988]]],[[[94.2959,28.5333],[94.2873,28.5167],[94.2837,28.5304],[94.2959,28.5333]]],[[[94.27,28.5346],[94.2578,28.5378],[94.2774,28.5375],[94.27,28.5346]]],[[[94.2244,28.5356],[94.2159,28.5364],[94.2222,28.5435],[94.2244,28.5356]]],[[[95.5397,28.551],[95.5325,28.5552],[95.5417,28.5583],[95.5397,28.551]]],[[[94.25,28.5458],[94.2335,28.5457],[94.2374,28.5584],[94.25,28.5458]]],[[[94.898,28.5593],[94.8908,28.5635],[94.9,28.5667],[94.898,28.5593]]],[[[94.5508,28.5698],[94.5437,28.574],[94.5452,28.5758],[94.5508,28.5698]]],[[[95.5161,28.569],[95.5075,28.5697],[95.5138,28.5768],[95.5161,28.569]]],[[[95.5583,28.575],[95.5507,28.5759],[95.5542,28.5846],[95.5583,28.575]]],[[[94.8592,28.5885],[94.852,28.5843],[94.85,28.5917],[94.8592,28.5885]]],[[[95.498,28.5843],[95.4908,28.5885],[95.5,28.5917],[95.498,28.5843]]],[[[95.5079,28.5991],[95.5003,28.5928],[95.501,28.5997],[95.5079,28.5991]]],[[[95.3246,28.5938],[95.3198,28.6008],[95.3258,28.5952],[95.3246,28.5938]]],[[[94.5719,28.6092],[94.5671,28.6022],[94.5659,28.6035],[94.5719,28.6092]]],[[[95.498,28.6074],[95.4908,28.6032],[95.4965,28.6092],[95.498,28.6074]]],[[[95.7064,28.6093],[95.6992,28.6135],[95.7083,28.6167],[95.7064,28.6093]]],[[[95.9842,28.6135],[95.977,28.6093],[95.975,28.6167],[95.9842,28.6135]]],[[[95.4744,28.619],[95.4659,28.6197],[95.4722,28.6268],[95.4744,28.619]]],[[[95.7746,28.6355],[95.7698,28.6425],[95.7758,28.6368],[95.7746,28.6355]]],[[[95.3244,28.644],[95.3159,28.6447],[95.3222,28.6518],[95.3244,28.644]]],[[[94.3579,28.6332],[94.3351,28.6526],[94.3352,28.6641],[94.3553,28.6486],[94.3579,28.6332]]],[[[95.7162,28.6688],[95.7115,28.6758],[95.7175,28.6702],[95.7162,28.6688]]],[[[94.3161,28.669],[94.3075,28.6697],[94.3138,28.6768],[94.3161,28.669]]],[[[94.3331,28.6826],[94.325,28.6717],[94.3292,28.6918],[94.3331,28.6826]]],[[[94.9417,28.6833],[94.934,28.6843],[94.9375,28.6929],[94.9417,28.6833]]],[[[94.3167,28.7083],[94.3258,28.7048],[94.3198,28.6992],[94.3167,28.7083]]],[[[94.3163,28.7158],[94.3086,28.7094],[94.3094,28.7163],[94.3163,28.7158]]],[[[94.3052,28.7258],[94.3005,28.7188],[94.2992,28.7202],[94.3052,28.7258]]],[[[95.6244,28.719],[95.6159,28.7197],[95.6222,28.7268],[95.6244,28.719]]],[[[95.5994,28.7356],[95.5909,28.7364],[95.5972,28.7435],[95.5994,28.7356]]],[[[94.2827,28.7523],[94.2742,28.7531],[94.2805,28.7602],[94.2827,28.7523]]],[[[94.5647,28.7843],[94.5575,28.7885],[94.5667,28.7917],[94.5647,28.7843]]],[[[94.575,28.7917],[94.5674,28.7926],[94.5708,28.8012],[94.575,28.7917]]],[[[94.2744,28.794],[94.2659,28.7947],[94.2722,28.8018],[94.2744,28.794]]],[[[95.2022,28.8002],[95.2105,28.8075],[95.2173,28.8041],[95.2022,28.8002]]],[[[95.1984,28.8161],[95.1841,28.8095],[95.1842,28.8156],[95.1984,28.8161]]],[[[95.8561,28.8415],[95.8479,28.8341],[95.841,28.8375],[95.8561,28.8415]]],[[[95.1746,28.8438],[95.1698,28.8508],[95.1758,28.8452],[95.1746,28.8438]]],[[[95.0744,28.844],[95.0659,28.8447],[95.0722,28.8518],[95.0744,28.844]]],[[[95.8577,28.894],[95.8492,28.8947],[95.8555,28.9018],[95.8577,28.894]]],[[[95.9748,28.8989],[95.9667,28.8947],[95.9708,28.909],[95.9748,28.8989]]],[[[94.6,28.928],[94.5918,28.9322],[94.5959,28.9423],[94.6,28.928]]],[[[95.7885,28.9758],[95.7838,28.9688],[95.7825,28.9702],[95.7885,28.9758]]],[[[95.7744,28.9773],[95.7659,28.9781],[95.7722,28.9852],[95.7744,28.9773]]],[[[94.7744,28.9856],[94.7659,28.9864],[94.7722,28.9935],[94.7744,28.9856]]],[[[94.5165,28.9989],[94.5084,28.9947],[94.5125,29.009],[94.5165,28.9989]]],[[[95.1076,29.0095],[95.0933,29.0161],[95.1075,29.0156],[95.1076,29.0095]]],[[[95.1188,29.0175],[95.1106,29.0248],[95.1257,29.0209],[95.1188,29.0175]]],[[[94.7997,29.0428],[94.7921,29.0491],[94.799,29.0497],[94.7997,29.0428]]],[[[94.8092,29.0532],[94.802,29.0574],[94.8035,29.0592],[94.8092,29.0532]]],[[[95.0092,29.0635],[95.002,29.0593],[95.0,29.0667],[95.0092,29.0635]]],[[[94.9826,29.0661],[94.9781,29.0586],[94.975,29.0667],[94.9826,29.0661]]],[[[95.1583,29.1583],[95.1675,29.1548],[95.1615,29.1492],[95.1583,29.1583]]],[[[95.1582,29.1723],[95.1503,29.1606],[95.1523,29.1748],[95.1582,29.1723]]],[[[95.25,29.1833],[95.2592,29.1798],[95.2532,29.1742],[95.25,29.1833]]],[[[95.1662,29.1772],[95.1615,29.1842],[95.1675,29.1785],[95.1662,29.1772]]],[[[95.25,29.1833],[95.2406,29.1878],[95.2497,29.1907],[95.25,29.1833]]],[[[95.1675,29.1968],[95.1603,29.1926],[95.1583,29.2],[95.1675,29.1968]]],[[[95.2994,29.194],[95.2909,29.1947],[95.2972,29.2018],[95.2994,29.194]]],[[[94.8911,29.2023],[94.8825,29.2031],[94.8888,29.2102],[94.8911,29.2023]]],[[[95.3244,29.2023],[95.3159,29.2031],[95.3222,29.2102],[95.3244,29.2023]]],[[[95.3244,29.219],[95.3159,29.2197],[95.3222,29.2268],[95.3244,29.219]]],[[[95.3342,29.2968],[95.327,29.2926],[95.325,29.3],[95.3342,29.2968]]],[[[95.4092,29.3218],[95.402,29.3176],[95.4,29.325],[95.4092,29.3218]]],[[[95.2079,29.3188],[95.2032,29.3258],[95.2092,29.3202],[95.2079,29.3188]]],[[[95.4577,29.344],[95.4492,29.3447],[95.4555,29.3518],[95.4577,29.344]]],[[[95.4425,29.3552],[95.4353,29.351],[95.4333,29.3583],[95.4425,29.3552]]],[[[95.2161,29.3773],[95.2075,29.3781],[95.2138,29.3852],[95.2161,29.3773]]],[[[95.4675,29.4468],[95.4603,29.4426],[95.4583,29.45],[95.4675,29.4468]]],[[[95.3147,29.476],[95.3075,29.4802],[95.3167,29.4833],[95.3147,29.476]]],[[[95.525,29.4917],[95.5342,29.4882],[95.5282,29.4825],[95.525,29.4917]]],[[[95.2833,29.5],[95.291,29.4991],[95.2875,29.4904],[95.2833,29.5]]],[[[95.5248,29.4989],[95.5167,29.4947],[95.5208,29.509],[95.5248,29.4989]]],[[[95.2833,29.5],[95.2742,29.5035],[95.2802,29.5092],[95.2833,29.5]]],[[[95.3008,29.5032],[95.2937,29.5074],[95.2952,29.5092],[95.3008,29.5032]]],[[[95.2994,29.6106],[95.2909,29.6114],[95.2972,29.6185],[95.2994,29.6106]]],[[[95.4911,29.6106],[95.4825,29.6114],[95.4888,29.6185],[95.4911,29.6106]]],[[[95.3147,29.6843],[95.3075,29.6885],[95.3167,29.6917],[95.3147,29.6843]]],[[[95.3994,29.7023],[95.3909,29.7031],[95.3972,29.7102],[95.3994,29.7023]]],[[[95.2744,29.7356],[95.2659,29.7364],[95.2722,29.7435],[95.2744,29.7356]]],[[[95.2246,29.8241],[95.217,29.8178],[95.2177,29.8247],[95.2246,29.8241]]],[[[95.216,29.83],[95.2006,29.8272],[95.2019,29.8409],[95.216,29.83]]],[[[95.2961,29.8474],[95.3195,29.7279],[95.4137,29.6709],[95.37,29.6379],[95.4156,29.6193],[95.394,29.5876],[95.4108,29.5358],[95.432,29.5192],[95.428,29.4859],[95.4554,29.5117],[95.4447,29.5371],[95.4794,29.5971],[95.4693,29.5291],[95.4897,29.5296],[95.5057,29.5043],[95.4696,29.5056],[95.4642,29.4607],[95.436,29.4378],[95.4466,29.4204],[95.3944,29.3967],[95.403,29.3696],[95.4293,29.3718],[95.4301,29.3597],[95.3953,29.3477],[95.3957,29.3276],[95.3537,29.3393],[95.3551,29.318],[95.3274,29.3058],[95.311,29.2898],[95.3467,29.27],[95.2794,29.2727],[95.2619,29.2575],[95.2618,29.2359],[95.2983,29.2376],[95.2993,29.213],[95.2851,29.2306],[95.2519,29.1942],[95.2213,29.2476],[95.1126,29.1895],[95.0963,29.1596],[95.06,29.1638],[95.0438,29.1459],[95.0722,29.1289],[95.0648,29.1042],[94.9866,29.0977],[94.9979,29.0708],[94.9767,29.0719],[94.9678,29.0602],[94.9811,29.0355],[94.9708,29.0197],[94.9508,29.0298],[94.9358,28.997],[94.9785,28.986],[95.0302,29.0153],[95.0887,29.0059],[95.0185,28.9708],[95.0807,28.9638],[95.0596,28.9432],[95.0697,28.9029],[95.0981,28.9046],[95.1112,28.869],[95.1317,28.8879],[95.1277,28.8529],[95.1808,28.8198],[95.1138,28.8389],[95.1018,28.8202],[95.0882,28.857],[95.0544,28.8532],[95.0277,28.8819],[94.9951,28.8784],[94.985,28.9241],[94.9531,28.9137],[94.9375,28.8832],[94.9191,28.894],[94.9135,28.9222],[94.8878,28.8946],[94.8769,28.9221],[94.8445,28.9049],[94.8633,28.8876],[94.8415,28.8664],[94.8445,28.8531],[94.8599,28.8652],[94.8787,28.8525],[94.8954,28.8722],[94.9107,28.8367],[94.9278,28.8568],[94.9444,28.8275],[94.9615,28.8471],[94.9824,28.8384],[94.9686,28.7956],[95.0157,28.7836],[94.9861,28.7432],[95.0218,28.7466],[95.0303,28.7285],[95.0113,28.7197],[95.0264,28.7113],[95.0631,28.7215],[95.0738,28.6918],[95.06,28.6722],[95.088,28.6266],[95.1066,28.6368],[95.1017,28.6712],[95.138,28.6635],[95.1313,28.6295],[95.119,28.6287],[95.1375,28.6019],[95.1548,28.63],[95.1947,28.5779],[95.2282,28.5681],[95.2389,28.5861],[95.229,28.5965],[95.2488,28.6096],[95.22,28.6634],[95.2464,28.6548],[95.2693,28.6192],[95.306,28.6541],[95.2691,28.5791],[95.3088,28.5906],[95.3146,28.5795],[95.2957,28.5725],[95.2945,28.5513],[95.2536,28.5562],[95.2442,28.5194],[95.3218,28.4883],[95.2874,28.4618],[95.2704,28.4727],[95.2669,28.4591],[95.3215,28.4384],[95.3091,28.4155],[95.3299,28.395],[95.293,28.3723],[95.3476,28.3374],[95.3113,28.3303],[95.3054,28.3014],[95.2531,28.3473],[95.2421,28.3191],[95.2552,28.296],[95.2357,28.2792],[95.3144,28.2728],[95.3044,28.2439],[95.2679,28.2445],[95.2938,28.2014],[95.3058,28.1949],[95.2949,28.2299],[95.3291,28.2271],[95.3295,28.2471],[95.3639,28.2533],[95.3452,28.2716],[95.3797,28.2889],[95.4001,28.234],[95.4044,28.2976],[95.4307,28.2978],[95.4697,28.2523],[95.4703,28.2798],[95.4893,28.2945],[95.4537,28.3102],[95.4656,28.3253],[95.4549,28.3401],[95.4035,28.3285],[95.3934,28.3529],[95.4133,28.3643],[95.3528,28.4103],[95.3737,28.4139],[95.3611,28.4378],[95.3698,28.455],[95.4036,28.4113],[95.4266,28.4013],[95.4456,28.4135],[95.4534,28.3949],[95.4805,28.3942],[95.4979,28.4125],[95.4697,28.4295],[95.4881,28.4968],[95.5175,28.4536],[95.5465,28.456],[95.5364,28.4368],[95.564,28.4221],[95.52,28.3757],[95.5411,28.3671],[95.5721,28.3802],[95.5904,28.3597],[95.6162,28.3658],[95.5844,28.3916],[95.6112,28.4387],[95.6208,28.4191],[95.6377,28.4301],[95.6879,28.4149],[95.7305,28.3848],[95.7725,28.4035],[95.6718,28.4352],[95.691,28.4594],[95.6613,28.4711],[95.7668,28.4511],[95.7878,28.4812],[95.7544,28.4974],[95.732,28.4767],[95.7221,28.4974],[95.7045,28.4866],[95.6967,28.5049],[95.6877,28.4954],[95.6044,28.5199],[95.6053,28.5385],[95.5693,28.5441],[95.511,28.5879],[95.5902,28.5599],[95.6055,28.5717],[95.6361,28.5524],[95.6387,28.5888],[95.6865,28.5525],[95.7041,28.5717],[95.7219,28.5513],[95.8049,28.5423],[95.7867,28.5543],[95.8141,28.5615],[95.8086,28.5705],[95.7462,28.5862],[95.6887,28.6471],[95.6535,28.662],[95.6553,28.6881],[95.6346,28.707],[95.6704,28.6972],[95.6845,28.6701],[95.7787,28.6101],[95.8041,28.6222],[95.8472,28.6112],[95.8198,28.6447],[95.8389,28.6633],[95.8031,28.6792],[95.8305,28.6898],[95.8029,28.7048],[95.8555,28.7101],[95.845,28.7378],[95.8553,28.7549],[95.8362,28.7788],[95.8645,28.8041],[95.8641,28.8388],[95.8407,28.8713],[95.8097,28.8822],[95.816,28.9346],[95.7944,28.9629],[95.8123,28.9726],[95.8875,28.8018],[95.9127,28.8014],[95.9555,28.8362],[95.9782,28.8889],[96.0052,28.8626],[95.9214,28.7619],[95.8842,28.7613],[95.876,28.7305],[95.8986,28.7001],[95.8697,28.6801],[95.8778,28.6277],[95.9124,28.6356],[95.9212,28.6553],[95.9401,28.643],[95.9848,28.6514],[95.9905,28.6736],[96.041,28.6671],[96.0881,28.6887],[96.1037,28.6693],[96.1747,28.6643],[96.1461,28.6444],[96.0388,28.6404],[96.029,28.5943],[96.003,28.6309],[95.9353,28.6052],[95.913,28.5852],[95.86,28.5788],[95.8888,28.5467],[95.8704,28.527],[95.8916,28.5177],[95.9221,28.5292],[95.9221,28.503],[95.8774,28.4889],[95.8968,28.4789],[95.9082,28.4212],[95.9292,28.4227],[95.9281,28.4032],[95.9444,28.3943],[95.9647,28.4045],[95.9651,28.4323],[95.9866,28.4114],[96.0038,28.4303],[96.0311,28.4143],[96.0241,28.3865],[95.9796,28.3815],[95.9677,28.3583],[96.0288,28.3265],[96.1544,28.3937],[96.1605,28.4393],[96.1996,28.4415],[96.2065,28.3624],[96.109,28.3014],[96.1694,28.299],[96.1803,28.2855],[96.1208,28.2562],[96.1082,28.2262],[96.054,28.2732],[96.0573,28.2387],[96.0365,28.2092],[96.0183,28.2201],[96.0049,28.2805],[95.9283,28.2618],[95.9318,28.3122],[95.9047,28.3026],[95.8692,28.3458],[95.8896,28.3715],[95.8528,28.3709],[95.8723,28.4057],[95.8036,28.3723],[95.7951,28.3524],[95.8285,28.3197],[95.8556,28.3206],[95.8449,28.3017],[95.8102,28.304],[95.8029,28.2445],[95.8302,28.2654],[95.8543,28.2526],[95.8733,28.263],[95.8606,28.2203],[95.9133,28.2131],[95.9125,28.1769],[95.9467,28.1798],[95.9371,28.1353],[95.9849,28.1656],[95.989,28.1428],[96.0696,28.1321],[96.1293,28.1025],[96.0943,28.1791],[96.1764,28.191],[96.1768,28.1537],[96.1998,28.1143],[96.1846,28.0802],[96.211,28.0511],[96.25,28.069],[96.2204,28.1735],[96.238,28.1742],[96.2697,28.1193],[96.2962,28.118],[96.3301,28.2225],[96.367,28.1834],[96.335,28.0954],[96.372,28.0553],[96.3698,28.0259],[96.3943,28.0177],[96.4153,28.0552],[96.4104,28.1227],[96.4348,28.1319],[96.4795,28.0998],[96.508,28.1153],[96.4362,28.2197],[96.4727,28.2377],[96.4366,28.2732],[96.4528,28.2821],[96.497,28.2611],[96.4779,28.2952],[96.486,28.3054],[96.5223,28.2842],[96.5495,28.2903],[96.5209,28.3393],[96.5792,28.3106],[96.5779,28.3641],[96.6044,28.3444],[96.6297,28.3566],[96.6551,28.3452],[96.5947,28.2886],[96.5911,28.2614],[96.543,28.2446],[96.5636,28.229],[96.5431,28.1971],[96.5719,28.1803],[96.5781,28.153],[96.6144,28.1439],[96.6517,28.2067],[96.6956,28.2318],[96.7394,28.2211],[96.6776,28.1649],[96.7058,28.1112],[96.6608,28.1229],[96.611,28.0801],[96.61,28.0626],[96.6375,28.0439],[96.6616,28.0639],[96.6725,28.0563],[96.6892,28.0291],[96.6585,27.994],[96.6825,27.9672],[96.7039,27.9685],[96.765,28.0217],[96.7729,28.0026],[96.7365,27.9606],[96.8206,27.9475],[96.8114,27.9094],[96.8678,27.8844],[96.9039,27.8932],[96.9043,27.9136],[96.9267,27.9011],[96.9465,27.9175],[96.9283,27.9292],[96.9568,27.9389],[96.9851,28.0712],[97.065,28.196],[97.0566,28.1288],[97.0183,28.0711],[97.0061,28.0044],[96.9848,27.9943],[97.0066,27.9807],[96.9857,27.9709],[96.951,27.8818],[97.0156,27.8341],[97.092,27.8502],[97.1229,27.8375],[97.0181,27.7848],[96.9823,27.8469],[96.9225,27.8662],[96.9038,27.8532],[96.8457,27.8645],[96.8463,27.8455],[96.7865,27.7859],[96.8073,27.8434],[96.7695,27.8542],[96.8116,27.8597],[96.8225,27.8718],[96.8032,27.8696],[96.7738,27.9134],[96.7341,27.9325],[96.7069,27.9183],[96.6709,27.9391],[96.6627,27.9112],[96.6296,27.9267],[96.6236,27.9694],[96.5991,27.9966],[96.5703,27.9783],[96.5532,28.0406],[96.496,28.0403],[96.4966,28.012],[96.4681,28.0111],[96.4713,27.9685],[96.4446,27.9636],[96.4792,27.9273],[96.5038,27.9269],[96.529,27.9559],[96.5265,27.9212],[96.563,27.9218],[96.5522,27.9042],[96.5883,27.8883],[96.5693,27.8712],[96.5985,27.84],[96.4947,27.8805],[96.5136,27.8462],[96.4951,27.8385],[96.5066,27.8223],[96.4794,27.786],[96.4719,27.8136],[96.4542,27.8106],[96.4366,27.8363],[96.4468,27.8456],[96.4353,27.8973],[96.4111,27.8472],[96.4228,27.8192],[96.4051,27.7947],[96.3849,27.8032],[96.3954,27.7693],[96.4253,27.7512],[96.472,27.7639],[96.5151,27.7261],[96.622,27.7461],[96.5862,27.7232],[96.6046,27.6936],[96.5696,27.7143],[96.5372,27.6865],[96.5119,27.6885],[96.5039,27.6699],[96.4155,27.6759],[96.3701,27.7061],[96.3808,27.6624],[96.3695,27.6362],[96.3876,27.6192],[96.4196,27.6386],[96.4383,27.6298],[96.4387,27.5929],[96.4764,27.6071],[96.5141,27.5776],[96.5544,27.6141],[96.5654,27.5843],[96.6596,27.5827],[96.7071,27.5511],[96.8378,27.5316],[96.7792,27.5193],[96.7417,27.5407],[96.6794,27.528],[96.65,27.5576],[96.6359,27.521],[96.7019,27.4781],[96.7376,27.4731],[96.7377,27.4517],[96.786,27.4564],[96.8102,27.4198],[96.8799,27.3965],[96.8785,27.3609],[96.9215,27.3477],[96.9272,27.3191],[96.9964,27.263],[97.0077,27.2328],[97.0011,27.1588],[96.8791,27.1945],[96.9059,27.2212],[96.8889,27.2392],[96.8452,27.2308],[96.842,27.1876],[96.87,27.1531],[96.8793,27.1633],[96.9516,27.1492],[96.9641,27.1378],[96.946,27.1266],[97.0049,27.1214],[97.0134,27.0868],[96.9653,27.0767],[96.946,27.0997],[96.8959,27.0861],[96.8946,27.1059],[96.8608,27.0977],[96.829,27.0615],[96.8307,27.1058],[96.8154,27.116],[96.7958,27.0607],[96.778,27.0779],[96.7797,27.1159],[96.7474,27.1237],[96.7346,27.0768],[96.7462,27.0519],[96.6844,27.078],[96.7222,27.0286],[96.714,27.0111],[96.6866,27.0319],[96.6541,27.027],[96.6365,27.0556],[96.6393,27.0272],[96.5944,27.0053],[96.6007,26.987],[96.6613,26.9906],[96.6876,26.9602],[96.7123,26.9581],[96.739,26.9988],[96.7637,27.0059],[96.7871,26.986],[96.8437,27.0073],[96.854,26.9601],[96.8875,26.9601],[96.9123,26.9974],[96.919,26.9606],[96.9375,26.9499],[96.983,26.9915],[96.9849,26.9454],[97.0114,26.9261],[97.0614,26.9721],[97.098,26.9623],[97.1074,27.0029],[97.0751,27.0459],[97.0968,27.0723],[97.156,27.031],[97.1941,26.9107],[97.2747,26.8261],[97.2712,26.8105],[97.2272,26.7978],[97.2149,26.7366],[97.1685,26.7461],[97.1847,26.6638],[97.2293,26.627],[97.2564,26.6297],[97.3061,26.5853],[97.3247,26.6358],[97.3096,26.6698],[97.3501,26.7462],[97.3177,26.7948],[97.3659,26.8417],[97.3183,26.8954],[97.3332,26.9392],[97.3115,26.971],[97.344,26.9914],[97.3876,26.9767],[97.4143,27.0387],[97.3894,27.081],[97.2889,27.1011],[97.2524,27.1274],[97.2459,27.1648],[97.1698,27.1854],[97.2062,27.2136],[97.1797,27.2399],[97.1354,27.2439],[97.1479,27.3059],[97.1278,27.3321],[97.0928,27.3282],[97.025,27.4007],[97.0819,27.4406],[97.1377,27.4184],[97.1304,27.473],[97.0726,27.5395],[97.011,27.5361],[97.0393,27.5712],[97.0117,27.5882],[97.0555,27.6197],[97.0536,27.6482],[97.0836,27.6657],[97.1022,27.6105],[97.1288,27.5931],[97.2392,27.6029],[97.2325,27.6301],[97.1868,27.652],[97.1971,27.6716],[97.168,27.6984],[97.1975,27.721],[97.177,27.7629],[97.222,27.7611],[97.2439,27.8397],[97.3266,27.7258],[97.3487,27.7388],[97.3552,27.7986],[97.4127,27.7895],[97.4279,27.7522],[97.4807,27.784],[97.4931,27.866],[97.531,27.831],[97.539,27.7874],[97.5297,27.752],[97.5017,27.7298],[97.5007,27.6652],[97.5476,27.6562],[97.5358,27.5861],[97.5459,27.56],[97.5721,27.561],[97.5684,27.5932],[97.5999,27.6357],[97.5855,27.7227],[97.6541,27.7725],[97.7034,27.736],[97.7229,27.7437],[97.7324,27.7597],[97.7176,27.7946],[97.7479,27.8208],[97.7213,27.8568],[97.6961,27.8349],[97.6784,27.8433],[97.6978,27.8792],[97.6703,27.9119],[97.6725,27.9308],[97.6117,27.9846],[97.5708,28.0472],[97.6149,28.0149],[97.6429,27.97],[97.6794,27.9565],[97.7012,27.9199],[97.7456,27.9052],[97.7775,27.8689],[97.821,27.8806],[97.8368,27.8614],[97.8575,27.8704],[97.8802,27.7597],[97.9178,27.7743],[97.9889,27.7443],[97.9819,27.8046],[97.9177,27.8852],[97.9638,27.8693],[97.9764,27.9326],[98.0,27.8709],[98.0,27.6469],[97.9728,27.6978],[97.9256,27.7158],[97.9089,27.7001],[97.9558,27.6811],[98.0,27.5628],[98.0,27.2796],[97.964,27.2989],[97.9274,27.2543],[97.9372,27.2017],[98.0,27.2017],[98.0,27.0632],[97.9863,27.0433],[97.9582,27.0573],[97.9356,27.0458],[98.0,27.0096],[98.0,26.9624],[97.8786,26.9737],[97.8606,26.8954],[97.8851,26.8832],[97.9362,26.8989],[97.9523,26.852],[97.9699,26.8425],[98.0,26.9172],[98.0,25.9128],[97.986,25.9133],[97.95,25.8622],[97.9676,25.8505],[98.0,25.8702],[98.0,25.3849],[97.9448,25.414],[97.9125,25.3016],[97.8653,25.3323],[97.8228,25.2939],[97.7606,25.2811],[97.7264,25.1955],[97.7628,25.1764],[97.8103,25.2403],[97.8314,25.2462],[97.8259,25.1134],[97.8738,25.0986],[97.8635,25.0679],[97.8189,25.028],[97.8984,24.9486],[97.8758,24.9389],[97.8637,24.9099],[97.8044,24.9197],[97.7809,24.9631],[97.7439,24.9716],[97.7489,24.9388],[97.7155,24.88],[97.6851,24.8818],[97.6514,24.8127],[97.6589,24.7869],[97.6906,24.7822],[97.6641,24.7105],[97.6346,24.7028],[97.6403,24.6634],[97.6192,24.6289],[97.6639,24.6721],[97.688,24.6645],[97.6774,24.6442],[97.7237,24.603],[97.7647,24.6374],[97.7934,24.6899],[97.8383,24.719],[97.8285,24.7476],[97.8648,24.7541],[97.8451,24.78],[97.8803,24.7949],[97.946,24.8719],[97.9803,24.8122],[97.9768,24.7711],[98.0,24.7795],[98.0,24.6322],[97.9857,24.6228],[97.9715,24.5952],[97.9514,24.5967],[97.77,24.4545],[97.805,24.4526],[97.9303,24.5156],[97.98,24.5151],[97.9885,24.501],[97.9278,24.448],[97.9461,24.4357],[98.0,24.4953],[98.0,22.6036],[97.9856,22.5962],[98.0,22.5659],[98.0,15.7584],[97.9964,15.7813],[97.9839,15.7733],[98.0,15.7454],[98.0,15.5684],[97.9692,15.5755],[97.8769,15.5231],[97.7618,15.5296],[97.7345,15.597],[97.7167,15.7145],[97.7476,15.7204],[97.7358,15.7555],[97.7552,15.7736],[97.7728,15.7619],[97.7617,15.7881],[97.7889,15.7896],[97.7629,15.8223],[97.7184,15.8293],[97.7328,15.8744],[97.7019,15.9046],[97.7058,15.9299],[97.6625,15.9111],[97.68,15.9479],[97.6559,15.9486],[97.6402,15.9346],[97.6114,15.953],[97.561,16.07],[97.5736,16.0827],[97.6059,16.0785],[97.6028,16.1209],[97.6412,16.259],[97.6172,16.3516],[97.6258,16.493],[97.6554,16.503],[97.67,16.5405],[97.7058,16.5628],[97.6626,16.5665],[97.6559,16.6059],[97.6101,16.6622],[97.6066,16.7711],[97.5924,16.6905],[97.6186,16.6129],[97.6491,16.6024],[97.6275,16.571],[97.6551,16.5656],[97.6566,16.5376],[97.6273,16.5284],[97.6124,16.5977],[97.6227,16.5206],[97.6126,16.5029],[97.5308,16.5094],[97.4874,16.533],[97.4609,16.5299],[97.4363,16.4978],[97.4188,16.5009],[97.4309,16.5211],[97.4095,16.5225],[97.1517,16.9652],[97.1518,16.9963],[97.1811,17.0461],[97.1723,17.0556],[97.1528,17.053],[97.1435,17.0859],[97.1558,17.0787],[97.1695,17.1138],[97.2226,17.1362],[97.186,17.1449],[97.2054,17.1722],[97.1686,17.1553],[97.1973,17.1868],[97.1903,17.2039],[97.1332,17.1848],[97.0948,17.2053],[97.0362,17.172],[97.0639,17.129],[97.0359,17.1113],[97.0796,17.1235],[97.1,17.0857],[97.0775,17.0796],[97.0714,17.0513],[97.0184,17.0118],[97.0101,17.0286],[97.0285,17.0548],[97.0556,17.0615],[97.0494,17.0776],[97.0034,17.0771],[97.024,17.1099],[97.0021,17.1041],[96.9952,17.1569],[96.9726,17.1425],[96.9427,17.1486],[96.9569,17.1834],[96.9453,17.1981],[96.9887,17.2202],[96.9977,17.2893],[96.9117,17.3617],[96.9159,17.4011],[96.8951,17.4112],[96.9053,17.4302],[96.8847,17.4325],[96.8989,17.4583],[96.879,17.4982],[96.8698,17.4683],[96.8089,17.4713],[96.8037,17.461],[96.8217,17.454],[96.8049,17.4432],[96.7789,17.4616],[96.7802,17.5303],[96.8206,17.5099],[96.8117,17.5215],[96.8311,17.5545],[96.8107,17.5665],[96.8047,17.5432],[96.7775,17.5521],[96.7813,17.6133],[96.7879,17.5856],[96.8301,17.6121],[96.8148,17.6296],[96.7777,17.6321],[96.7771,17.7196],[96.8055,17.7207],[96.7969,17.7384],[96.7766,17.7388],[96.7751,17.7941],[96.7885,17.7932],[96.7795,17.814],[96.8137,17.8451],[96.8239,17.8916],[96.7969,17.9639],[96.7712,17.9465],[96.7695,17.9809],[96.7861,17.9972],[96.8656,18.0053],[96.8359,18.1531],[96.8489,18.1774],[96.8184,18.1869],[96.7881,18.3224],[96.7665,18.3406],[96.7283,18.3279],[96.7072,18.3486],[96.7219,18.3656],[96.7312,18.3517],[96.7638,18.354],[96.7463,18.3892],[96.7121,18.3804],[96.712,18.3686],[96.6991,18.3767],[96.6565,18.5228],[96.4926,18.9227],[96.3149,19.6542],[96.2784,20.1896],[96.1804,20.6292],[96.1357,21.0048],[96.1592,21.3735],[96.2318,21.7484],[95.9704,22.1116],[96.0213,22.483],[95.7673,22.7305],[95.6493,23.094],[95.8969,23.736],[95.571,23.746],[95.4909,23.6103],[95.2833,23.4594],[95.253,23.1668],[95.1513,22.8417],[94.9349,22.4677],[94.9556,22.0142],[94.7915,21.6024],[94.6623,21.3873],[94.7175,21.1456],[94.6021,20.7979],[94.7491,20.2834],[95.0617,19.9138],[95.2661,19.814],[95.4453,19.6286],[95.5735,19.768],[95.541,19.9647],[95.48,20.2549],[95.2566,20.7271],[95.1974,20.9763],[95.5831,21.1329],[95.7039,21.0061],[95.711,20.6417],[95.8487,20.4364],[96.018,20.3579],[96.1705,20.1082],[96.1936,19.8168],[96.1259,19.6035],[96.2427,19.5246],[96.3481,19.1392],[96.3613,18.8632],[96.3965,18.615],[96.5626,17.6985],[96.5554,17.5672],[96.5429,17.5583],[96.5464,17.4235],[96.5131,17.4182],[96.4982,17.45],[96.479,17.4482],[96.4753,17.4334],[96.4948,17.4029],[96.5435,17.4055],[96.5444,17.3767],[96.5205,17.3528],[96.4888,17.381],[96.4524,17.3713],[96.4723,17.2876],[96.4653,17.2469],[96.4388,17.257],[96.4457,17.2352],[96.411,17.2377],[96.4727,17.1876],[96.4636,17.1278],[96.4188,17.1374],[96.4362,17.1735],[96.3571,17.1675],[96.329,17.1887],[96.3182,17.1714],[96.3146,17.2042],[96.2957,17.2224],[96.2861,17.1683],[96.3376,17.1473],[96.3373,17.1275],[96.2961,17.1365],[96.2779,17.1571],[96.2521,17.1536],[96.2642,17.1879],[96.2212,17.2229],[96.2239,17.1809],[96.1981,17.1537],[96.1499,17.1345],[96.1103,17.1465],[96.1027,17.127],[96.139,17.1043],[96.1014,17.0974],[96.1394,17.0727],[96.1497,17.0224],[96.1485,16.9719],[96.1291,16.9364],[96.1125,16.9731],[96.0359,17.0032],[96.0557,17.012],[96.0523,17.0465],[96.0619,17.0282],[96.0664,17.0388],[96.0364,17.078],[96.0556,17.0787],[96.0459,17.0956],[96.0573,17.1447],[96.0407,17.1717],[96.0287,17.1661],[96.0315,17.1126],[96.0026,17.1126],[96.0082,17.0061],[95.9948,16.9874],[96.0069,16.975],[95.9928,16.9417],[96.0083,16.8353],[95.9943,16.7791],[96.022,16.7779],[96.0198,16.8052],[96.0767,16.8101],[96.0884,16.8214],[96.0933,16.7882],[96.1076,16.7963],[96.1138,16.771],[96.0848,16.7631],[96.1139,16.7556],[96.1317,16.7084],[96.1193,16.7037],[96.1298,16.6786],[96.1029,16.67],[96.1396,16.6446],[95.9998,16.6196],[95.9763,16.6403],[95.9542,16.6294],[95.8794,16.9565],[95.889,16.964],[95.8677,17.0062],[95.838,17.1399],[95.839,17.4125],[95.861,17.6021],[95.8613,17.7708],[95.7908,18.0424],[95.8008,18.3262],[95.602,18.6731],[95.6231,18.7414],[95.6794,18.8285],[95.6271,18.9879],[95.514,19.0652],[95.3399,19.098],[95.3025,18.9541],[95.3011,18.5898],[95.2342,18.4415],[95.2345,18.3959],[95.2023,18.3957],[95.2376,18.3718],[95.2555,18.2448],[95.3234,18.1119],[95.175,17.8458],[95.1214,17.7694],[95.1026,17.7714],[95.1101,17.7554],[95.0753,17.6557],[95.0801,17.5933],[95.0609,17.5808],[95.071,17.5629],[95.0499,17.5037],[95.0094,17.4773],[95.0,17.1977],[95.0221,17.1798],[95.0006,17.1661],[95.0017,17.114],[95.0149,17.1082],[95.0032,17.0958],[95.0376,17.0685],[95.0405,17.1229],[95.0494,17.0745],[94.9863,16.9585],[94.9779,16.9721],[94.953,16.9553],[94.9619,16.9158],[94.9357,16.9243],[94.9208,16.9117],[94.8879,16.9331],[94.8616,16.9141],[94.9469,16.8966],[94.9156,16.8277],[94.6965,16.6247],[94.6905,16.5553],[94.6667,16.5207],[94.6827,16.3984],[94.6721,16.3857],[94.6523,16.3956],[94.6621,16.3692],[94.6819,16.3638],[94.6394,16.2773],[94.5767,16.2373],[94.6151,16.2872],[94.6117,16.3216],[94.6477,16.3274],[94.6645,16.353],[94.6306,16.343],[94.6278,16.3644],[94.6011,16.328],[94.6049,16.2855],[94.56,16.2546],[94.5552,16.2093],[94.5191,16.2047],[94.4155,16.0616],[94.3446,16.0471],[94.3387,15.986],[94.318,15.9862],[94.2949,16.0222],[94.2486,15.9509],[94.2011,16.0416],[94.2265,16.2514],[94.2414,16.2691],[94.2338,16.3328],[94.2744,16.4923],[94.2612,16.5291],[94.287,16.5386],[94.3212,16.5264],[94.3491,16.5638],[94.3343,16.6016],[94.3656,16.6554],[94.3591,16.7179],[94.3999,16.7857],[94.3778,16.8805],[94.3868,16.905],[94.4142,16.894],[94.4476,16.9357],[94.4529,17.0471],[94.4912,17.1079],[94.4514,17.1712],[94.4633,17.1807],[94.5002,17.1594],[94.5241,17.1697],[94.5323,17.1864],[94.5017,17.2205],[94.5014,17.2715],[94.5115,17.2886],[94.5387,17.2861],[94.5376,17.3139],[94.5655,17.305],[94.5706,17.2857],[94.5891,17.3029],[94.5886,17.3303],[94.5698,17.3293],[94.5822,17.3499],[94.5682,17.3734],[94.5827,17.401],[94.567,17.4274],[94.5806,17.4461],[94.5678,17.4835],[94.5804,17.5205],[94.5442,17.5541],[94.5604,17.5882],[94.5807,17.5785],[94.5834,17.6166],[94.5807,17.6465],[94.5613,17.6376],[94.5352,17.7037],[94.5311,17.7877],[94.4926,17.7922],[94.5056,17.8138],[94.4847,17.8507],[94.5149,17.8953],[94.5098,17.95],[94.5221,17.9649],[94.492,17.9912],[94.447,17.9691],[94.4353,17.9871],[94.4891,18.0125],[94.4816,18.0795],[94.4441,18.1376],[94.4728,18.1542],[94.4724,18.1798],[94.4531,18.1803],[94.4539,18.1611],[94.4444,18.1688],[94.413,18.2559],[94.3269,18.2458],[94.3194,18.2719],[94.3537,18.3051],[94.3774,18.2836],[94.4055,18.3028],[94.4054,18.3468],[94.3733,18.3723],[94.368,18.3594],[94.3445,18.3694],[94.347,18.4134],[94.2606,18.504],[94.2505,18.5961],[94.2637,18.6126],[94.2418,18.6377],[94.2643,18.6472],[94.2477,18.6812],[94.2113,18.6793],[94.2207,18.7062],[94.2477,18.702],[94.2725,18.778],[94.2448,18.7865],[94.2571,18.8109],[94.2279,18.8223],[94.2885,18.8273],[94.2614,18.8613],[94.2806,18.8818],[94.2701,18.8893],[94.2034,18.8685],[94.1944,18.8788],[94.2139,18.8884],[94.128,18.9448],[94.1474,18.9454],[94.1383,18.9735],[94.1972,18.9525],[94.2391,18.9883],[94.2026,18.9996],[94.1673,18.9837],[94.1298,19.0052],[94.1081,19.0077],[94.0589,19.0004],[94.0346,19.0224],[94.0871,19.0191],[94.1038,19.04],[94.1298,19.0359],[94.1361,19.0721],[94.1725,19.0871],[94.1511,19.1766],[94.189,19.1883],[94.1531,19.2126],[94.1894,19.2221],[94.1375,19.2437],[94.1095,19.2917],[94.1384,19.3139],[94.1361,19.2956],[94.1635,19.2694],[94.1903,19.3057],[94.1649,19.3623],[94.1364,19.3867],[94.1478,19.4125],[94.0977,19.4727],[94.0379,19.4842],[94.056,19.514],[94.0231,19.5473],[94.0135,19.5196],[93.9977,19.5184],[93.9732,19.5469],[93.9444,19.5445],[93.9469,19.5734],[93.9289,19.5892],[93.9286,19.5772],[93.9106,19.5788],[93.9303,19.555],[93.9192,19.5376],[93.9322,19.5065],[93.9075,19.5011],[93.8983,19.5287],[93.869,19.5457],[93.8732,19.5696],[93.8522,19.5794],[93.8643,19.589],[93.8489,19.6051],[93.8201,19.6031],[93.8111,19.6235],[93.7443,19.6364],[93.7586,19.6581],[93.8056,19.6444],[93.7945,19.6791],[93.8104,19.6894],[93.8543,19.6775],[93.8586,19.6893],[93.8136,19.8231],[93.7895,19.8624],[93.7184,19.8959],[93.7458,19.9148],[93.7069,19.9321],[93.6628,19.9066],[93.6147,19.8124],[93.5845,19.8051],[93.5725,19.7703],[93.5541,19.7616],[93.5448,19.7871],[93.5728,19.8458],[93.546,19.8279],[93.5442,19.8543],[93.5811,19.8722],[93.5427,19.8998],[93.5688,19.9556],[93.5364,19.9232],[93.5319,19.8724],[93.5025,19.8221],[93.5225,19.7435],[93.512,19.7365],[93.5054,19.7637],[93.479,19.7599],[93.4449,19.7845],[93.4315,19.8712],[93.3946,19.9542],[93.4314,19.9548],[93.4618,19.9028],[93.5063,19.9124],[93.4781,19.9295],[93.4743,19.9715],[93.46,19.9528],[93.4434,19.9636],[93.4476,19.9883],[93.4295,19.9695],[93.4294,19.9888],[93.4114,19.9962],[93.419,20.0213],[93.4475,20.0292],[93.4279,20.064],[93.4389,20.0718],[93.4643,20.0393],[93.4773,19.9952],[93.4942,20.0079],[93.5133,19.9982],[93.4951,19.9606],[93.5286,20.0131],[93.5643,20.0291],[93.5287,20.0343],[93.4771,20.0958],[93.4554,20.1553],[93.4353,20.1531],[93.4103,20.179],[93.389,20.2546],[93.3768,20.2544],[93.335,20.3456],[93.33,20.3823],[93.3707,20.3971],[93.3792,20.3696],[93.4059,20.387],[93.3364,20.5198],[93.3242,20.6031],[93.2987,20.5925],[93.2861,20.6111],[93.3228,20.6465],[93.2783,20.6279],[93.2796,20.6474],[93.2526,20.6527],[93.2805,20.6623],[93.2516,20.6974],[93.2641,20.704],[93.257,20.7206],[93.2376,20.7028],[93.2134,20.7152],[93.2097,20.6958],[93.2303,20.6695],[93.2107,20.6542],[93.2137,20.6292],[93.1942,20.6382],[93.1982,20.6133],[93.1866,20.6111],[93.1427,20.7237],[93.1728,20.7377],[93.1274,20.7523],[93.1135,20.8064],[93.0559,20.931],[93.0213,20.9504],[93.0124,20.9721],[92.9452,20.9197],[92.9482,20.9462],[92.9193,20.9875],[92.9305,21.0133],[92.9027,21.0409],[92.8843,21.0336],[92.8941,21.0035],[92.9035,21.022],[92.9084,21.0127],[92.8919,20.969],[92.9136,20.921],[92.8946,20.896],[92.9155,20.8781],[92.9257,20.7672],[92.9404,20.7499],[92.9293,20.7024],[92.9015,20.7448],[92.9109,20.6531],[92.9899,20.5295],[93.0251,20.3934],[93.0159,20.3617],[93.0047,20.3804],[92.9942,20.3725],[93.014,20.3387],[92.9949,20.3283],[93.0134,20.3217],[93.0128,20.3049],[92.9951,20.3074],[92.9893,20.2608],[92.9438,20.2174],[92.9117,20.2303],[92.893,20.2211],[92.8758,20.2403],[92.8599,20.228],[92.8548,20.2559],[92.8132,20.2448],[92.9127,20.3392],[92.8784,20.3367],[92.8438,20.3776],[92.8726,20.4286],[92.8425,20.4745],[92.8425,20.425],[92.8574,20.417],[92.8339,20.3911],[92.8476,20.3436],[92.8367,20.3361],[92.7932,20.3655],[92.778,20.353],[92.7724,20.4301],[92.7418,20.5064],[92.7624,20.5154],[92.8209,20.4774],[92.8472,20.4863],[92.8404,20.5045],[92.7865,20.577],[92.7719,20.6222],[92.7421,20.6004],[92.7106,20.6105],[92.7147,20.6379],[92.686,20.6792],[92.6971,20.7049],[92.6554,20.7637],[92.6204,20.7937],[92.6234,20.815],[92.5953,20.8118],[92.568,20.8492],[92.5612,20.8719],[92.5882,20.8605],[92.5839,20.8994],[92.5965,20.9076],[92.579,20.9226],[92.5542,20.8867],[92.5468,20.905],[92.4776,20.9118],[92.4864,20.9296],[92.4966,20.9201],[92.5221,20.9384],[92.4672,20.9429],[92.4696,20.8934],[92.5484,20.7795],[92.5273,20.7535],[92.5569,20.7635],[92.5632,20.7539],[92.5446,20.7434],[92.5612,20.7279],[92.5717,20.738],[92.5809,20.7199],[92.5996,20.6476],[92.5858,20.6201],[92.6151,20.6217],[92.641,20.5679],[92.6364,20.5196],[92.6568,20.5041],[92.6602,20.5688],[92.6853,20.5886],[92.7322,20.5511],[92.7193,20.5456],[92.7255,20.4839],[92.7487,20.4163],[92.7171,20.366],[92.7334,20.3035],[92.7227,20.2828],[92.6105,20.4877],[92.605,20.522],[92.5947,20.5045],[92.5969,20.5388],[92.5779,20.5113],[92.5655,20.5383],[92.537,20.5451],[92.5485,20.5605],[92.5184,20.6039],[92.5231,20.6375],[92.4869,20.6568],[92.4351,20.7381],[92.4361,20.7553],[92.4561,20.7557],[92.4106,20.8056],[92.4227,20.8371],[92.4013,20.8806],[92.4058,20.9057],[92.3704,20.9173],[92.3822,20.9527],[92.3525,20.9713],[92.3723,20.9787],[92.3725,21.0289],[92.3131,21.2391],[92.2604,21.28],[92.2689,21.2525],[92.2986,21.2277],[92.3027,21.1787],[92.3237,21.1616],[92.3006,21.1176],[92.3039,21.0943],[92.3243,21.1148],[92.3053,21.0692],[92.2478,21.1643],[92.2154,21.1598],[92.2222,21.1803],[92.1958,21.1832],[92.1445,21.171],[92.1568,21.1584],[92.1453,21.1423],[92.1824,21.1301],[92.1779,21.1029],[92.1992,21.1131],[92.2299,21.0632],[92.2274,20.9948],[92.2373,21.0302],[92.2635,21.0097],[92.2903,21.0198],[92.2975,20.9708],[92.2648,20.9908],[92.2498,20.9689],[92.2782,20.8953],[92.2988,20.8859],[92.2878,20.8604],[92.2275,20.9191],[92.1379,21.0907],[92.053,21.1781],[92.0673,21.28],[92.1292,21.2273],[92.1461,21.2468],[92.1644,21.2368],[92.1646,21.2726],[92.1179,21.295],[92.0953,21.331],[92.0781,21.3305],[92.0592,21.2866],[91.9779,21.4367],[92.0229,21.4289],[92.0222,21.4553],[91.9973,21.4512],[91.9845,21.4664],[92.0225,21.499],[92.0386,21.4973],[92.0553,21.4694],[92.0636,21.5324],[92.0379,21.5402],[92.0548,21.5275],[92.0163,21.5093],[92.0084,21.5306],[92.0302,21.5519],[92.0363,21.5886],[92.0804,21.6116],[92.0614,21.6211],[92.0886,21.6448],[92.0751,21.6646],[92.0892,21.6797],[92.0857,21.7143],[92.1645,21.7461],[92.1114,21.7698],[92.0632,21.8641],[92.0437,21.8544],[92.0389,21.811],[92.0201,21.8175],[91.9619,21.9294],[91.9717,21.9373],[91.9601,21.9546],[91.9804,21.9802],[91.9583,21.9902],[91.9682,22.0865],[91.9821,22.0887],[91.9899,22.0694],[92.0138,22.107],[92.0393,22.0895],[92.0624,22.0351],[92.0991,22.031],[92.086,22.0793],[92.1071,22.1055],[92.098,22.1543],[92.0286,22.1617],[92.0112,22.2124],[92.0002,22.3976],[92.0406,22.441],[92.0799,22.4194],[92.1463,22.4606],[92.1487,22.4789],[92.0965,22.4513],[92.0785,22.4615],[92.091,22.4848],[92.0723,22.4988],[92.0554,22.4613],[92.0282,22.4552],[92.0128,22.4263],[91.9875,22.4267],[91.9487,22.5198],[91.9257,22.5259],[91.9301,22.5398],[91.9558,22.5365],[91.9568,22.554],[91.9346,22.566],[91.9034,22.5617],[91.8949,22.5961],[91.9165,22.6073],[91.9389,22.5942],[91.9557,22.6136],[91.869,22.6357],[91.8472,22.689],[91.8035,22.684],[91.8132,22.7058],[91.7709,22.6981],[91.7524,22.671],[91.7693,22.562],[91.7971,22.5555],[91.7862,22.5373],[91.7948,22.5035],[91.8403,22.4651],[91.8215,22.4373],[91.811,22.4472],[91.8009,22.4352],[91.8326,22.3843],[91.811,22.3618],[91.8474,22.3538],[91.8378,22.3352],[91.8194,22.3354],[91.7849,22.3619],[91.7724,22.4213],[91.7268,22.4789],[91.6648,22.6296],[91.6451,22.646],[91.655,22.6547],[91.6356,22.6628],[91.6113,22.7185],[91.614,22.7397],[91.6033,22.7474],[91.6062,22.7294],[91.587,22.7112],[91.5699,22.7205],[91.5904,22.7386],[91.5811,22.7634],[91.5713,22.7368],[91.5529,22.7377],[91.5666,22.7895],[91.5662,22.9892],[91.5381,23.0474],[91.4959,23.081],[91.4937,23.0443],[91.4621,23.0892],[91.454,23.0697],[91.4121,23.0649],[91.3947,23.0446],[91.397,23.0717],[91.3448,23.0929],[91.3473,23.1221],[91.329,23.1474],[91.2446,23.1391],[91.1896,23.0784],[91.1638,23.0853],[91.1912,23.1095],[91.1705,23.1285],[91.1796,23.1392],[91.1568,23.1634],[91.1449,23.17],[91.1551,23.179],[91.1418,23.2062],[91.1555,23.1944],[91.1726,23.2128],[91.1524,23.232],[91.0875,23.2392],[91.0596,23.2363],[91.0689,23.2193],[91.0902,23.2174],[91.0612,23.1793],[91.0637,23.1593],[91.0444,23.1713],[91.0133,23.128],[91.0022,23.1465],[91.0136,23.1113],[90.9926,23.0976],[90.9916,23.4479],[91.0054,23.4708],[90.992,23.487],[90.9938,23.5948],[91.0135,23.5816],[91.0074,23.5677],[91.0584,23.5907],[91.0877,23.5697],[91.0958,23.5882],[91.1038,23.57],[91.1548,23.5549],[91.1354,23.5369],[91.1676,23.5408],[91.1717,23.5272],[91.1823,23.5752],[91.1722,23.591],[91.1464,23.6053],[91.1542,23.5695],[91.1221,23.5974],[91.0279,23.6119],[91.0224,23.6279],[91.0473,23.6401],[91.0132,23.6434],[91.0103,23.6572],[91.0069,23.6218],[90.9948,23.6191],[90.995,23.7626],[91.0046,23.6681],[91.0363,23.6884],[91.05,23.6765],[91.0694,23.6893],[91.0786,23.6754],[91.0962,23.6887],[91.1133,23.6782],[91.1211,23.6972],[91.1411,23.687],[91.1472,23.7052],[91.1195,23.7121],[91.1564,23.7212],[91.1778,23.8057],[91.2392,23.8212],[91.2171,23.8755],[91.2227,23.9386],[91.2059,23.8952],[91.1861,23.9102],[91.2112,23.979],[91.2411,23.9703],[91.2509,24.0074],[91.2891,23.996],[91.2887,24.0135],[91.2697,24.0116],[91.2737,24.0449],[91.2571,24.0637],[91.2264,24.0457],[91.2304,24.0946],[91.1692,24.1154],[91.1899,24.1387],[91.178,24.1568],[91.1875,24.172],[91.2208,24.1723],[91.2604,24.1448],[91.279,24.147],[91.2727,24.1205],[91.2594,24.1272],[91.2694,24.1107],[91.2982,24.1384],[91.3142,24.0958],[91.3045,24.0603],[91.3353,24.121],[91.3658,24.1384],[91.3717,24.1273],[91.3442,24.1111],[91.3611,24.0944],[91.3802,24.1077],[91.3693,24.055],[91.3372,24.0279],[91.3107,24.0381],[91.3011,24.0108],[91.3471,23.9942],[91.3893,24.0441],[91.3974,24.0867],[91.3888,24.1554],[91.3528,24.1539],[91.3717,24.1616],[91.3805,24.1957],[91.368,24.2097],[91.3805,24.2121],[91.3864,24.2557],[91.4296,24.2215],[91.4272,24.195],[91.4542,24.214],[91.4709,24.1947],[91.4892,24.2037],[91.4805,24.2566],[91.4385,24.2817],[91.5124,24.2803],[91.5194,24.2525],[91.5291,24.2803],[91.5376,24.2522],[91.5726,24.2611],[91.5589,24.3126],[91.5715,24.3313],[91.5374,24.3147],[91.5445,24.3386],[91.5806,24.3601],[91.5673,24.3839],[91.5804,24.4363],[91.5701,24.4459],[91.5976,24.4638],[91.5381,24.5003],[91.5436,24.5138],[91.5634,24.5024],[91.5568,24.5208],[91.5218,24.5149],[91.5234,24.4862],[91.4953,24.4978],[91.5052,24.4867],[91.478,24.4721],[91.4809,24.4472],[91.4636,24.4365],[91.4185,24.4528],[91.447,24.4615],[91.4461,24.4975],[91.4628,24.4775],[91.4803,24.4859],[91.5107,24.573],[91.5308,24.547],[91.5197,24.5279],[91.532,24.5301],[91.5571,24.6],[91.5353,24.6542],[91.589,24.6371],[91.5532,24.68],[91.6224,24.6698],[91.5868,24.6785],[91.6157,24.6926],[91.5869,24.7007],[91.5983,24.7276],[91.5782,24.7376],[91.631,24.7542],[91.6472,24.7901],[91.6216,24.7847],[91.6117,24.7989],[91.6375,24.8228],[91.6603,24.803],[91.681,24.8046],[91.6797,24.8224],[91.6508,24.8194],[91.6372,24.8563],[91.6201,24.845],[91.5443,24.8779],[91.5553,24.921],[91.5361,24.9552],[91.5714,24.9441],[91.5739,24.9683],[91.5614,24.9893],[91.5272,24.9616],[91.5384,24.9961],[91.5283,25.0057],[91.5695,25.0072],[91.5962,24.9858],[91.6759,24.9987],[91.6809,24.9857],[91.6856,25.0225],[91.7108,25.0478],[91.7577,25.0385],[91.8441,25.1311],[91.8888,25.1276],[91.9402,25.1631],[91.9272,25.1723],[91.8929,25.1423],[91.8518,25.1471],[91.7726,25.0774],[91.6954,25.065],[91.6191,25.0168],[91.5213,25.0817],[91.419,25.0939],[91.3699,25.1822],[91.3422,25.1675],[91.3124,25.1728],[91.2546,25.1184],[91.1182,25.0846],[91.1006,25.1882],[90.8917,25.2074],[90.5904,25.1613],[90.3356,25.1429],[90.0813,25.2299],[89.9067,25.3083],[89.8924,25.331],[89.8679,25.4898],[89.9176,25.7713],[90.0317,25.8647],[90.2397,25.896],[90.4233,26.0265],[90.5617,26.0261],[90.6936,25.9716],[90.8397,25.9689],[91.0687,25.896],[91.2398,25.9602],[91.4962,25.9814],[91.9063,26.2108],[92.2375,26.1142],[92.4563,26.1378],[92.6386,26.0691],[92.8064,25.9218],[93.0546,25.9558],[93.1336,26.158],[93.0374,26.2168],[92.8824,26.1165],[92.7972,26.2167],[92.7968,26.237],[92.967,26.4469],[93.1298,26.5679],[93.3603,26.6762],[93.5782,26.7245],[93.7433,26.635],[93.8953,26.5114],[93.9413,26.3709],[93.7974,26.0646],[93.7981,25.8964],[93.9604,26.1002],[94.1387,26.3981],[94.2961,26.568],[94.4721,26.6895],[94.7233,26.7986],[94.955,26.952],[95.1229,26.9817],[95.2799,27.0984],[95.4307,27.2832],[95.5895,27.4144],[95.7443,27.3642],[95.9055,27.4403],[95.9711,27.5752],[95.9613,27.7174],[96.0593,27.7641],[96.1542,27.882],[96.0974,27.9086],[95.8975,28.0931],[95.7542,28.2041],[95.7291,28.209],[95.5854,28.1818],[95.4045,28.1046],[95.3134,27.9731],[95.2146,27.8651],[94.9287,27.7399],[94.4867,27.5818],[93.831,27.1055],[93.5742,26.9698],[93.4065,26.907],[93.2961,26.9042],[93.1479,26.855],[93.0718,26.8739],[93.0097,26.914],[92.969,26.9649],[92.9763,27.0407],[93.0229,27.0875],[93.0855,27.1047],[93.208,27.1061],[93.3054,27.1583],[93.5218,27.151],[93.5393,27.1712],[93.5294,27.1898],[93.4721,27.1759],[93.438,27.2067],[93.3773,27.2107],[93.3442,27.2458],[93.3679,27.2884],[93.5061,27.3689],[93.5005,27.4077],[93.5158,27.435],[93.4842,27.4637],[93.4951,27.4986],[93.588,27.5183],[93.6275,27.5559],[93.6802,27.5736],[93.7413,27.5588],[93.7782,27.5822],[93.8052,27.5527],[93.8191,27.5895],[93.8379,27.5986],[93.8665,27.5442],[93.8558,27.5024],[93.8349,27.4862],[93.8484,27.4621],[93.8176,27.4362],[93.8218,27.4023],[93.887,27.4399],[93.9227,27.4354],[93.953,27.4722],[93.9792,27.4609],[94.0328,27.4788],[94.0381,27.489],[94.0198,27.4961],[94.0285,27.5383],[94.0639,27.5274],[94.0811,27.5445],[94.053,27.5799],[94.1543,27.6105],[94.1643,27.6449],[94.1005,27.6091],[94.116,27.651],[94.0864,27.6625],[94.122,27.6779],[94.1627,27.731],[94.1302,27.7024],[94.1205,27.7226],[94.0541,27.6869],[94.0021,27.6895],[93.9943,27.677],[94.0236,27.6386],[93.9952,27.6385],[93.9793,27.6168],[93.9376,27.6392],[93.794,27.6271],[93.7673,27.6655],[93.7893,27.7032],[93.7786,27.7225],[93.7522,27.7221],[93.7142,27.6858],[93.6375,27.6501],[93.5929,27.6993],[93.4627,27.678],[93.4463,27.7067],[93.355,27.726],[93.353,27.7571],[93.4563,27.8309],[93.3711,27.8818],[93.3297,27.8808],[93.2774,27.8644],[93.2312,27.81],[93.2107,27.8075],[93.236,27.8727],[93.2742,27.8999],[93.2572,27.9301],[93.2181,27.9433],[93.2091,27.9698],[93.2271,27.9832],[93.2655,27.9675],[93.2949,27.9736],[93.3387,27.9428],[93.4699,27.9264],[93.4481,28.0125],[93.3855,28.0273],[93.3797,28.0577],[93.3453,28.0619],[93.3297,28.09],[93.2024,28.1274],[93.1808,28.1559],[93.1526,28.1616],[93.1537,28.181],[93.1741,28.1787],[93.2039,28.2141],[93.2191,28.169],[93.2433,28.1508],[93.2804,28.1973],[93.2862,28.1275],[93.3345,28.1412],[93.3768,28.109],[93.3916,28.1273],[93.3862,28.1964],[93.4028,28.2065],[93.4234,28.188],[93.4306,28.1458],[93.4187,28.0875],[93.5219,28.0191],[93.606,28.0471],[93.503,28.1514],[93.5023,28.1728],[93.5541,28.173],[93.5614,28.1448],[93.629,28.1016],[93.6392,28.1876],[93.6196,28.2138],[93.6721,28.2475],[93.6835,28.2273],[93.6753,28.1024],[93.6888,28.079],[93.6785,28.0592],[93.7113,28.036],[93.8224,28.0194],[93.7516,28.1037],[93.7714,28.147],[93.7947,28.0864],[93.8929,27.9866],[93.93,27.9731],[93.9194,27.9277],[93.9814,27.9416],[94.0466,27.9298],[94.0118,27.9226],[94.0306,27.9031],[94.0008,27.8832],[94.0478,27.8793],[94.0548,27.8542],[94.0371,27.8028],[94.0953,27.8268],[94.0871,27.8384],[94.104,27.8474],[94.1289,27.8275],[94.1461,27.8469],[94.1979,27.8293],[94.1697,27.8696],[94.1886,27.8785],[94.1881,27.8975],[94.1122,27.8699],[94.0696,27.8709],[94.0696,27.9137],[94.1054,27.935],[94.0957,27.9581],[94.1311,27.9778],[94.1121,27.9787],[94.1142,27.9963],[94.0893,27.9931],[94.086,28.0058],[94.0613,27.9884],[94.0811,27.988],[94.0784,27.9763],[94.022,27.9682],[93.9278,28.0617],[93.9412,28.0737],[93.9846,28.0589],[94.0127,28.0805],[94.0312,28.071],[94.0033,28.1113],[94.0138,28.1303],[93.9559,28.1726],[93.9037,28.1855],[93.9102,28.206],[93.9613,28.2072],[94.0193,28.1895],[94.0121,28.1774],[94.04,28.1679],[94.0585,28.1821],[94.0816,28.1695],[94.1145,28.1945],[94.0365,28.2119],[94.0807,28.2457],[94.0551,28.2806],[94.0104,28.2705],[94.03,28.3224],[93.9637,28.3557],[93.8875,28.3443],[93.8197,28.3822],[93.7542,28.3891],[93.5226,28.3503],[93.4863,28.3714],[93.6628,28.4018],[93.697,28.4197],[93.7124,28.4585],[93.7386,28.4259],[93.8012,28.4411],[93.8554,28.4094],[93.9127,28.4225],[93.9306,28.3932],[94.0375,28.3775],[94.035,28.4196],[94.0681,28.4741],[94.0886,28.4456],[94.0776,28.4032],[94.0975,28.3794],[94.0608,28.3527],[94.0966,28.3382],[94.0937,28.3024],[94.1312,28.2854],[94.1461,28.3137],[94.1898,28.3197],[94.225,28.3572],[94.222,28.3197],[94.1784,28.2605],[94.2206,28.272],[94.2221,28.2524],[94.2985,28.2872],[94.2949,28.2617],[94.3134,28.2451],[94.2805,28.2483],[94.2524,28.2289],[94.2799,28.2032],[94.2271,28.2044],[94.2383,28.1795],[94.2268,28.1638],[94.2471,28.1462],[94.2194,28.1112],[94.2555,28.1217],[94.3152,28.0861],[94.3165,28.1575],[94.3485,28.1344],[94.3633,28.1549],[94.3934,28.1029],[94.4302,28.1113],[94.4021,28.1376],[94.4318,28.1462],[94.4117,28.1709],[94.4292,28.1977],[94.4774,28.1369],[94.505,28.1363],[94.5085,28.1621],[94.5326,28.1682],[94.503,28.1865],[94.4945,28.2124],[94.5382,28.2196],[94.5555,28.2401],[94.5185,28.2453],[94.5121,28.2734],[94.4523,28.289],[94.5064,28.3125],[94.4779,28.3447],[94.496,28.3643],[94.5615,28.3115],[94.5968,28.3191],[94.5595,28.3369],[94.5558,28.3624],[94.5344,28.3751],[94.5541,28.3968],[94.5734,28.376],[94.5977,28.3956],[94.5527,28.429],[94.5966,28.4438],[94.5785,28.4791],[94.6055,28.5052],[94.5711,28.5139],[94.5613,28.4934],[94.5401,28.5071],[94.4935,28.4886],[94.4875,28.4528],[94.4604,28.4709],[94.463,28.4975],[94.4283,28.5055],[94.4044,28.4774],[94.3964,28.5236],[94.3709,28.5026],[94.3387,28.5309],[94.3024,28.5219],[94.3126,28.547],[94.3555,28.536],[94.3894,28.5608],[94.3972,28.5898],[94.3592,28.6251],[94.3875,28.6383],[94.416,28.5846],[94.4021,28.5438],[94.4382,28.538],[94.4518,28.5197],[94.4695,28.5384],[94.5054,28.5277],[94.5236,28.5735],[94.5533,28.5445],[94.5703,28.5715],[94.5894,28.5618],[94.577,28.5961],[94.6205,28.5932],[94.6304,28.622],[94.5878,28.6197],[94.5367,28.655],[94.562,28.6635],[94.5781,28.6513],[94.6053,28.6818],[94.6561,28.6804],[94.646,28.6976],[94.628,28.6961],[94.622,28.7304],[94.5942,28.721],[94.6071,28.7532],[94.5789,28.7891],[94.6619,28.7415],[94.6868,28.6944],[94.7085,28.7157],[94.7235,28.6966],[94.708,28.652],[94.7237,28.6166],[94.7092,28.5907],[94.7232,28.5806],[94.6843,28.5414],[94.7321,28.5366],[94.7387,28.4625],[94.7275,28.4446],[94.7585,28.4123],[94.7439,28.3449],[94.7612,28.3804],[94.7905,28.3986],[94.7697,28.4707],[94.7976,28.472],[94.7695,28.4955],[94.8257,28.5579],[94.8388,28.5542],[94.8371,28.5022],[94.8619,28.5017],[94.8713,28.5217],[94.896,28.4774],[94.8951,28.5409],[94.955,28.5408],[94.9655,28.4736],[94.9356,28.437],[94.9609,28.4402],[94.9884,28.4156],[94.994,28.3698],[95.0139,28.3776],[95.0088,28.4411],[95.0316,28.4622],[95.0323,28.4919],[95.0128,28.4983],[94.9957,28.4696],[94.9849,28.4868],[94.9943,28.5456],[95.0127,28.5336],[95.0249,28.5455],[95.0075,28.5798],[94.986,28.571],[94.9893,28.605],[94.9533,28.595],[94.9642,28.6308],[94.9472,28.6403],[94.938,28.612],[94.91,28.5961],[94.9131,28.5699],[94.887,28.5785],[94.851,28.6268],[94.8703,28.663],[94.8965,28.6689],[94.8899,28.6945],[94.8712,28.7141],[94.8541,28.7027],[94.8377,28.7143],[94.8496,28.684],[94.8273,28.6374],[94.8481,28.5955],[94.8022,28.5956],[94.7949,28.6295],[94.807,28.6532],[94.788,28.6813],[94.7887,28.6529],[94.7692,28.6379],[94.783,28.5972],[94.771,28.5851],[94.7515,28.6469],[94.7572,28.6779],[94.734,28.7174],[94.7395,28.7883],[94.7236,28.7614],[94.7043,28.7607],[94.7145,28.8042],[94.7003,28.8159],[94.654,28.7853],[94.6366,28.8213],[94.6466,28.8394],[94.6043,28.8274],[94.6228,28.8631],[94.5795,28.87],[94.5681,28.8904],[94.5534,28.8702],[94.5369,28.9042],[94.5477,28.9226],[94.5032,28.9456],[94.5233,28.9889],[94.527,28.9544],[94.5686,28.9197],[94.5886,28.9219],[94.5871,28.9026],[94.6964,28.8524],[94.6953,28.8713],[94.7303,28.8851],[94.7205,28.8959],[94.7318,28.9114],[94.6784,28.9298],[94.704,28.955],[94.7544,28.936],[94.7709,28.9433],[94.8083,28.9941],[94.7789,29.0334],[94.8551,29.0114],[94.8615,29.0383],[94.9304,29.0935],[94.9192,29.1206],[94.9392,29.1117],[94.9524,29.1457],[94.9731,29.1544],[94.9125,29.1975],[94.969,29.1837],[95.0091,29.1996],[95.0468,29.1939],[95.0207,29.2305],[95.0718,29.2028],[95.0711,29.2307],[95.1027,29.2266],[95.1566,29.2543],[95.164,29.2719],[95.1279,29.2778],[95.156,29.2947],[95.1366,29.3127],[95.1642,29.312],[95.1939,29.3549],[95.185,29.2877],[95.2225,29.2836],[95.238,29.3051],[95.263,29.3025],[95.2762,29.3383],[95.3467,29.3774],[95.3285,29.3966],[95.3569,29.4033],[95.3887,29.4284],[95.3785,29.4464],[95.4143,29.4621],[95.3931,29.4802],[95.4027,29.5074],[95.3785,29.5138],[95.3277,29.4846],[95.3111,29.4944],[95.3895,29.5536],[95.3532,29.5623],[95.3813,29.6217],[95.3204,29.6027],[95.3102,29.6119],[95.347,29.6279],[95.3726,29.6639],[95.3548,29.6903],[95.3178,29.6952],[95.2862,29.7461],[95.2896,29.8062],[95.2271,29.8126],[95.2961,29.8474]],[[95.3921,29.5259],[95.3997,29.5322],[95.3917,29.5333],[95.3921,29.5259]],[[95.379,29.374],[95.3683,29.3598],[95.3907,29.3726],[95.379,29.374]],[[95.1908,29.2746],[95.1845,29.2669],[95.1913,29.2677],[95.1908,29.2746]],[[95.004,29.1262],[95.0061,29.1403],[94.9833,29.15],[94.9936,29.1347],[95.004,29.1262]],[[94.8397,28.7646],[94.8252,28.7494],[94.8287,28.7344],[94.8397,28.7646]],[[94.9671,28.7509],[94.9747,28.7572],[94.9667,28.7583],[94.9671,28.7509]],[[94.8324,28.6829],[94.8261,28.6753],[94.833,28.676],[94.8324,28.6829]],[[94.9107,28.6972],[94.938,28.6783],[94.9466,28.6838],[94.9474,28.6974],[94.9107,28.6972]],[[95.1004,28.6092],[95.1081,28.6156],[95.1,28.6167],[95.1004,28.6092]],[[95.1706,28.5978],[95.1854,28.5624],[95.189,28.5621],[95.1706,28.5978]],[[95.1249,28.5538],[95.1168,28.5638],[95.1195,28.55],[95.1249,28.5538]],[[95.1408,28.5496],[95.1345,28.5419],[95.1413,28.5427],[95.1408,28.5496]],[[95.1421,28.5176],[95.1497,28.5239],[95.1417,28.525],[95.1421,28.5176]],[[95.1364,28.4993],[95.1662,28.4596],[95.1429,28.436],[95.1517,28.4124],[95.198,28.3939],[95.1989,28.4195],[95.1781,28.4295],[95.1888,28.455],[95.1474,28.5052],[95.1364,28.4993]],[[95.1512,28.3749],[95.1627,28.3594],[95.1809,28.3613],[95.17,28.3906],[95.1512,28.3749]],[[94.8997,28.3572],[94.8921,28.3509],[94.899,28.3504],[94.8997,28.3572]],[[95.1416,28.3496],[95.1519,28.3347],[95.1656,28.3357],[95.1557,28.349],[95.1416,28.3496]],[[94.9247,28.3322],[94.9171,28.3259],[94.924,28.3254],[94.9247,28.3322]],[[94.9081,28.332],[94.9003,28.3261],[94.9083,28.325],[94.9081,28.332]],[[94.8238,28.4144],[94.8094,28.4098],[94.825,28.4083],[94.8238,28.4144]],[[94.6079,28.4741],[94.6003,28.4678],[94.6083,28.4667],[94.6079,28.4741]],[[94.6913,28.6324],[94.6836,28.6261],[94.6917,28.625],[94.6913,28.6324]],[[94.6996,28.6741],[94.692,28.6678],[94.7,28.6667],[94.6996,28.6741]],[[95.225,28.3167],[95.2323,28.3087],[95.2331,28.3156],[95.225,28.3167]],[[95.1088,28.2759],[95.1164,28.2822],[95.1083,28.2833],[95.1088,28.2759]],[[95.095,28.2649],[95.1135,28.2284],[95.0967,28.2113],[95.0689,28.212],[95.0917,28.2037],[95.1025,28.1784],[95.1211,28.2137],[95.1728,28.2035],[95.1279,28.2279],[95.1133,28.2574],[95.095,28.2649]],[[95.3171,28.1842],[95.3247,28.1906],[95.3167,28.1917],[95.3171,28.1842]],[[94.9421,28.1509],[94.9497,28.1572],[94.9417,28.1583],[94.9421,28.1509]],[[94.9583,28.1417],[94.9657,28.1337],[94.9664,28.1406],[94.9583,28.1417]],[[94.9825,28.1329],[94.9761,28.1253],[94.983,28.126],[94.9825,28.1329]],[[94.9498,28.1227],[94.9419,28.111],[94.9478,28.1085],[94.9498,28.1227]],[[95.2206,28.1077],[95.2115,28.0931],[95.2321,28.0946],[95.2206,28.1077]],[[94.1042,28.09],[94.0785,28.0818],[94.0767,28.0781],[94.1167,28.075],[94.1042,28.09]],[[95.2232,28.0682],[95.225,28.075],[95.2094,28.069],[95.2232,28.0682]],[[94.4027,28.0695],[94.4027,28.0616],[94.4228,28.0605],[94.4027,28.0695]],[[95.0328,28.0576],[95.0257,28.0505],[95.0327,28.0506],[95.0328,28.0576]],[[95.0891,28.0298],[95.0532,28.0459],[95.0528,28.0196],[95.0798,28.0181],[95.0891,28.0298]],[[95.1088,28.0259],[95.1164,28.0322],[95.1083,28.0333],[95.1088,28.0259]],[[95.0417,28.0153],[95.0331,28.0167],[95.0377,28.0082],[95.0417,28.0153]],[[94.3962,28.0244],[94.3849,28.005],[94.386,28.0009],[94.3991,28.0112],[94.3962,28.0244]],[[94.0406,28.0024],[94.018,27.998],[94.0194,27.9924],[94.0406,28.0024]],[[94.975,28.0417],[94.9673,28.0494],[94.9676,28.0421],[94.975,28.0417]],[[94.2676,28.0504],[94.2739,28.0581],[94.267,28.0573],[94.2676,28.0504]],[[94.0856,28.1473],[94.1225,28.1445],[94.124,28.1531],[94.0856,28.1473]],[[94.3658,27.9996],[94.3595,27.9919],[94.3663,27.9927],[94.3658,27.9996]],[[94.8578,27.9493],[94.8507,27.9422],[94.8577,27.9423],[94.8578,27.9493]],[[94.8066,27.9485],[94.793,27.9437],[94.8153,27.9351],[94.8066,27.9485]],[[94.2,27.9083],[94.2158,27.9011],[94.2159,27.9072],[94.2,27.9083]],[[94.6241,27.8746],[94.6178,27.8669],[94.6247,27.8677],[94.6241,27.8746]],[[94.5953,27.8729],[94.5702,27.8549],[94.5757,27.8448],[94.5982,27.8625],[94.5953,27.8729]],[[94.5333,27.8417],[94.5256,27.8494],[94.5259,27.8421],[94.5333,27.8417]],[[94.542,27.8511],[94.5496,27.8574],[94.5427,27.858],[94.542,27.8511]],[[93.7165,27.8104],[93.7084,27.8562],[93.7219,27.8732],[93.7916,27.8093],[93.8321,27.822],[93.8097,27.8571],[93.8176,27.8714],[93.8569,27.8785],[93.8217,27.9321],[93.7721,27.9715],[93.7645,27.9271],[93.6528,27.8926],[93.5696,27.9321],[93.5435,27.9211],[93.6041,27.8437],[93.6418,27.8574],[93.6641,27.8472],[93.6422,27.8011],[93.6521,27.7771],[93.7165,27.8104]],[[94.3838,27.7926],[94.3914,27.7989],[94.3833,27.8],[94.3838,27.7926]],[[93.6107,27.9362],[93.6895,27.9607],[93.6727,27.9979],[93.6101,27.9627],[93.6107,27.9362]],[[94.2315,27.7061],[94.2107,27.6902],[94.2103,27.6851],[94.2315,27.7061]],[[94.1838,27.6592],[94.1914,27.6656],[94.1833,27.6667],[94.1838,27.6592]],[[94.0088,27.4259],[94.0164,27.4322],[94.0083,27.4333],[94.0088,27.4259]],[[93.5958,27.2917],[93.6288,27.3149],[93.673,27.3189],[93.6813,27.3475],[93.6545,27.3735],[93.6207,27.3694],[93.5856,27.3878],[93.5586,27.3339],[93.5958,27.2917]],[[96.2995,27.9916],[96.3116,27.9592],[96.3631,27.9272],[96.3639,27.9637],[96.2995,27.9916]],[[96.6756,27.4094],[96.6704,27.4238],[96.6165,27.4245],[96.6242,27.4182],[96.6756,27.4094]],[[96.4764,27.3934],[96.49,27.4069],[96.4683,27.4068],[96.4764,27.3934]],[[96.55,27.4014],[96.5586,27.4],[96.554,27.4084],[96.55,27.4014]],[[96.7069,27.3909],[96.6616,27.3886],[96.6584,27.3682],[96.6378,27.3902],[96.6125,27.3899],[96.5722,27.3195],[96.5372,27.3132],[96.5297,27.2934],[96.5033,27.2976],[96.522,27.2777],[96.5878,27.2935],[96.5887,27.3237],[96.6136,27.3056],[96.6047,27.2787],[96.5534,27.2488],[96.5548,27.2286],[96.5196,27.2152],[96.5187,27.1951],[96.5458,27.214],[96.572,27.1941],[96.6044,27.2144],[96.6238,27.1757],[96.6803,27.1926],[96.6896,27.2228],[96.6536,27.2286],[96.655,27.2464],[96.6349,27.2554],[96.6522,27.2873],[96.6795,27.3222],[96.6974,27.3013],[96.7223,27.3027],[96.722,27.3488],[96.7908,27.3484],[96.7272,27.386],[96.7204,27.4067],[96.7069,27.3909]],[[96.8083,27.35],[96.794,27.3202],[96.8149,27.3149],[96.8224,27.2939],[96.8393,27.3222],[96.8083,27.35]],[[96.0489,27.18],[96.0194,27.1973],[96.0208,27.1683],[96.0489,27.18]],[[96.4842,27.2073],[96.5,27.2],[96.499,27.2073],[96.4842,27.2073]],[[96.5001,27.2236],[96.4915,27.225],[96.4961,27.2166],[96.5001,27.2236]],[[96.3746,27.3824],[96.367,27.3761],[96.375,27.375],[96.3746,27.3824]],[[96.0038,27.1258],[96.0152,27.14],[95.9917,27.1417],[95.9937,27.1354],[96.0038,27.1258]],[[95.8588,27.1009],[95.8664,27.1072],[95.8583,27.1083],[95.8588,27.1009]],[[95.9615,27.0829],[95.931,27.044],[95.8291,27.0112],[95.8266,27.0617],[95.8481,27.0794],[95.8123,27.0696],[95.7947,27.0805],[95.7983,27.0287],[95.7599,26.9881],[95.7313,26.9013],[95.7169,26.893],[95.7011,26.9156],[95.644,26.9145],[95.6031,26.8343],[95.5803,26.8723],[95.5609,26.8731],[95.4616,26.8155],[95.4521,26.7606],[95.4736,26.7423],[95.5311,26.7479],[95.5519,26.6869],[95.5724,26.6853],[95.5941,26.7142],[95.632,26.7287],[95.6193,26.7792],[95.6482,26.812],[95.6449,26.8405],[95.6876,26.8726],[95.7157,26.8366],[95.7721,26.9019],[95.7612,26.939],[95.8226,26.944],[95.8475,26.9697],[95.8375,26.9973],[95.8861,27.0014],[95.9351,27.0388],[95.9813,27.0035],[95.9613,27.0546],[95.9886,27.0764],[95.9909,27.0862],[95.9829,27.0749],[95.9615,27.0829]],[[96.0838,27.0342],[96.0914,27.0406],[96.0833,27.0417],[96.0838,27.0342]],[[96.5219,27.0083],[96.5118,27.0001],[96.525,27.0],[96.5219,27.0083]],[[96.5504,27.0009],[96.5581,27.0072],[96.55,27.0083],[96.5504,27.0009]],[[95.9426,27.0004],[95.9489,27.0081],[95.942,27.0073],[95.9426,27.0004]],[[96.4167,26.9917],[96.4325,26.9844],[96.4326,26.9905],[96.4167,26.9917]],[[95.9631,26.8348],[95.9167,26.8333],[95.8848,26.7711],[95.8926,26.7529],[95.9232,26.7683],[95.9524,26.8143],[96.0067,26.8266],[96.0307,26.8973],[95.9695,26.872],[95.9631,26.8348]],[[96.6754,26.8759],[96.6831,26.8822],[96.675,26.8833],[96.6754,26.8759]],[[96.9427,26.8667],[96.9532,26.8509],[96.9745,26.8542],[96.9714,26.8657],[96.9427,26.8667]],[[95.9301,26.7057],[95.8583,26.6833],[95.8505,26.6647],[95.8979,26.6394],[95.8968,26.5857],[95.9399,26.6207],[95.9476,26.6622],[95.9301,26.7057]],[[95.4343,26.5695],[95.4833,26.6241],[95.5146,26.6105],[95.5238,26.6378],[95.4561,26.658],[95.4281,26.6407],[95.3924,26.5933],[95.4149,26.5628],[95.4207,26.5184],[95.4472,26.535],[95.4343,26.5695]],[[97.2664,26.5073],[97.2194,26.5487],[97.2011,26.5366],[97.209,26.4317],[97.2218,26.4175],[97.2413,26.4315],[97.2337,26.4689],[97.2664,26.5073]],[[95.1676,26.4438],[95.2021,26.4586],[95.2483,26.4444],[95.307,26.5289],[95.2698,26.5448],[95.256,26.5726],[95.2209,26.5757],[95.2368,26.6152],[95.1791,26.6027],[95.1446,26.6227],[95.056,26.527],[94.9999,26.5504],[94.9609,26.5303],[94.9761,26.495],[95.0479,26.4561],[95.0489,26.3887],[94.9595,26.3218],[94.9387,26.2777],[94.8927,26.297],[94.8872,26.2676],[94.8115,26.199],[94.8252,26.1837],[94.8797,26.1973],[94.8891,26.1879],[94.8441,26.1392],[94.8332,26.096],[94.8718,26.0777],[94.8861,26.1474],[94.9277,26.126],[94.9359,26.1558],[94.9647,26.1791],[94.9557,26.2055],[94.9199,26.2271],[94.927,26.2392],[94.9542,26.2558],[95.0078,26.2254],[95.0722,26.2528],[95.1032,26.3322],[95.1728,26.3773],[95.1676,26.4438]],[[97.2481,26.3891],[97.2191,26.3811],[97.1856,26.3052],[97.1957,26.2851],[97.2153,26.2863],[97.2561,26.3358],[97.2481,26.3891]],[[94.95,25.7],[94.8948,25.6978],[94.914,25.678],[94.9044,25.6607],[94.8856,25.6631],[94.883,25.644],[94.8957,25.6103],[94.9224,25.6207],[94.921,25.5851],[94.9631,25.5772],[94.961,25.5974],[94.9823,25.6183],[94.9612,25.6456],[94.9885,25.653],[95.0038,25.6973],[95.0207,25.6603],[95.0486,25.674],[95.0646,25.6645],[95.0343,25.605],[95.078,25.5926],[95.1107,25.6393],[95.1741,25.664],[95.1714,25.6813],[95.1248,25.7047],[95.1248,25.7204],[95.2232,25.7458],[95.1943,25.7889],[95.2527,25.7846],[95.3275,25.856],[95.3562,25.845],[95.3427,25.9001],[95.3572,25.9283],[95.3418,25.949],[95.294,25.9394],[95.2815,25.9122],[95.2448,25.9053],[95.2352,25.8767],[95.1725,25.8818],[95.1563,25.8535],[95.1353,25.8638],[95.0927,25.8255],[95.0674,25.8414],[95.0928,25.8801],[95.1313,25.8958],[95.1428,25.9472],[95.1736,25.9261],[95.1971,25.936],[95.2188,26.0229],[95.3068,26.0294],[95.3152,26.0712],[95.2523,26.1356],[95.2425,26.178],[95.2953,26.2149],[95.3405,26.2114],[95.3736,26.2539],[95.3714,26.2815],[95.3378,26.2917],[95.284,26.2753],[95.2469,26.3072],[95.1547,26.2349],[95.0855,26.2145],[95.0666,26.1784],[95.081,26.1104],[95.07,26.1027],[95.0356,26.123],[95.0217,26.0846],[94.9843,26.053],[94.9848,26.0204],[95.0078,25.9911],[95.0054,25.9292],[94.9697,25.9136],[94.9801,25.8785],[94.945,25.8804],[94.9387,25.8531],[94.9035,25.8326],[94.9156,25.8053],[94.8929,25.7916],[94.9062,25.7722],[94.8763,25.7629],[94.8817,25.7509],[94.9399,25.7461],[94.95,25.7]],[[94.7163,25.5002],[94.6958,25.4856],[94.6766,25.5071],[94.6364,25.4968],[94.6465,25.4874],[94.6351,25.4637],[94.655,25.454],[94.6287,25.4476],[94.6471,25.4296],[94.6099,25.4028],[94.6219,25.3628],[94.6026,25.3541],[94.5977,25.3276],[94.5691,25.3291],[94.5904,25.3069],[94.5699,25.2968],[94.5823,25.2722],[94.5443,25.2044],[94.5717,25.1858],[94.544,25.1881],[94.5469,25.1617],[94.529,25.1364],[94.5091,25.1905],[94.5142,25.2302],[94.4948,25.215],[94.4958,25.1864],[94.4611,25.1863],[94.4737,25.2111],[94.4517,25.2222],[94.4336,25.1623],[94.4551,25.1546],[94.4493,25.1389],[94.4126,25.1312],[94.3929,25.1025],[94.3948,25.0758],[94.4058,25.0701],[94.4127,25.097],[94.4169,25.0775],[94.3946,25.0284],[94.4115,25.0114],[94.4493,25.0097],[94.4489,24.9573],[94.4346,24.94],[94.4533,24.8776],[94.4976,24.9112],[94.477,24.9141],[94.4697,24.9371],[94.4903,24.9524],[94.469,24.9626],[94.4595,24.99],[94.4602,25.0431],[94.4864,25.0806],[94.5137,25.0781],[94.5127,25.0969],[94.5549,25.0882],[94.5508,25.0235],[94.5706,25.0097],[94.5598,25.0377],[94.6136,25.0781],[94.6125,25.1064],[94.6873,25.1135],[94.7039,25.0943],[94.7203,25.1162],[94.7387,25.0925],[94.7644,25.1022],[94.7643,25.1813],[94.7503,25.1906],[94.729,25.1771],[94.7032,25.2214],[94.7529,25.2324],[94.81,25.1926],[94.847,25.2197],[94.8536,25.2482],[94.9312,25.2536],[94.9011,25.2931],[94.953,25.3656],[94.8952,25.3225],[94.8559,25.2688],[94.8029,25.2807],[94.8138,25.246],[94.7879,25.2348],[94.7451,25.2536],[94.7554,25.2706],[94.7365,25.2795],[94.7475,25.3054],[94.7286,25.3313],[94.7064,25.2868],[94.6868,25.297],[94.6454,25.2519],[94.6285,25.252],[94.6427,25.3196],[94.6721,25.3282],[94.6527,25.3458],[94.6608,25.3792],[94.6933,25.351],[94.7039,25.3815],[94.7226,25.3871],[94.7017,25.4054],[94.7042,25.4305],[94.7279,25.4269],[94.7466,25.4467],[94.7447,25.4202],[94.7718,25.3804],[94.7604,25.3624],[94.795,25.3512],[94.8152,25.3635],[94.8092,25.3928],[94.8285,25.4468],[94.8582,25.4375],[94.8719,25.4027],[94.8777,25.4471],[94.9496,25.4656],[94.9461,25.4808],[94.9,25.4595],[94.8707,25.4606],[94.8713,25.4807],[94.8453,25.4773],[94.8445,25.4968],[94.8741,25.5264],[94.8384,25.5971],[94.8198,25.5801],[94.8054,25.5195],[94.7601,25.5289],[94.7527,25.5468],[94.774,25.5917],[94.7599,25.6197],[94.7808,25.6204],[94.7865,25.6468],[94.8058,25.6454],[94.8038,25.6628],[94.8246,25.6756],[94.797,25.7145],[94.7636,25.6615],[94.7347,25.6464],[94.7222,25.5794],[94.6862,25.555],[94.7219,25.5306],[94.7024,25.5138],[94.7163,25.5002]],[[94.3364,25.528],[94.3748,25.5663],[94.3333,25.575],[94.3278,25.5971],[94.3714,25.6173],[94.3616,25.6304],[94.3869,25.6885],[94.4351,25.6444],[94.4555,25.6617],[94.4554,25.6802],[94.4351,25.6804],[94.4392,25.7049],[94.4207,25.6945],[94.4028,25.7042],[94.4292,25.7485],[94.3427,25.7046],[94.315,25.6613],[94.28,25.6808],[94.2694,25.6735],[94.2898,25.6631],[94.2764,25.6251],[94.29,25.6054],[94.2699,25.5965],[94.279,25.5778],[94.2439,25.5695],[94.2821,25.5472],[94.2613,25.5266],[94.2423,25.5381],[94.2378,25.5102],[94.2112,25.5053],[94.1945,25.4707],[94.2122,25.4607],[94.2338,25.4745],[94.2888,25.471],[94.2364,25.4404],[94.2407,25.4119],[94.2013,25.3961],[94.2307,25.3527],[94.1948,25.3555],[94.1514,25.2962],[94.1443,25.2793],[94.1656,25.225],[94.1529,25.1862],[94.1992,25.2573],[94.1777,25.2886],[94.2311,25.312],[94.2638,25.3655],[94.2958,25.3808],[94.3053,25.3611],[94.303,25.4039],[94.3303,25.4268],[94.3437,25.4711],[94.3635,25.4615],[94.3979,25.4944],[94.395,25.5058],[94.3302,25.4926],[94.3364,25.528]],[[94.375,25.4667],[94.3823,25.4587],[94.3831,25.4656],[94.375,25.4667]],[[94.5167,25.4333],[94.4523,25.3225],[94.4558,25.2925],[94.5306,25.3602],[94.5012,25.38],[94.5167,25.4333]],[[94.5833,25.4014],[94.5919,25.4],[94.5873,25.4084],[94.5833,25.4014]],[[94.2931,25.3127],[94.3313,25.3465],[94.2968,25.3487],[94.2781,25.3323],[94.2784,25.2776],[94.2965,25.2853],[94.2931,25.3127]],[[94.4821,25.282],[94.4687,25.2679],[94.4822,25.268],[94.4821,25.282]],[[94.5588,25.2676],[94.5664,25.2739],[94.5583,25.275],[94.5588,25.2676]],[[94.4333,25.375],[94.4564,25.3943],[94.4555,25.4223],[94.4109,25.39],[94.4333,25.375]],[[94.35,25.4167],[94.3427,25.4247],[94.342,25.4178],[94.35,25.4167]],[[94.5241,25.2579],[94.5178,25.2503],[94.5247,25.251],[94.5241,25.2579]],[[94.4623,25.2577],[94.4514,25.2379],[94.4526,25.2342],[94.4658,25.2445],[94.4623,25.2577]],[[94.4077,25.2428],[94.3762,25.2554],[94.3421,25.1915],[94.3405,25.2367],[94.3281,25.2319],[94.3257,25.1907],[94.3483,25.1797],[94.3363,25.1543],[94.3473,25.1443],[94.3191,25.1311],[94.3122,25.0851],[94.3643,25.1524],[94.3776,25.204],[94.3976,25.2021],[94.4077,25.2428]],[[94.4088,25.1426],[94.4164,25.1489],[94.4083,25.15],[94.4088,25.1426]],[[94.3602,25.129],[94.3423,25.0536],[94.3538,25.0367],[94.3808,25.0947],[94.3799,25.1307],[94.3602,25.129]],[[94.203,24.9858],[94.2282,25.0561],[94.2111,25.0401],[94.203,24.9858]],[[94.35,25.0167],[94.3577,25.009],[94.3575,25.0163],[94.35,25.0167]],[[94.3414,25.0072],[94.3338,25.0009],[94.3407,25.0004],[94.3414,25.0072]],[[93.8454,25.0046],[93.9,25.0572],[93.8857,25.0807],[93.9487,25.1623],[93.9381,25.1903],[93.8519,25.1793],[93.8446,25.1375],[93.8721,25.1122],[93.8652,25.0871],[93.8278,25.0717],[93.83,25.0284],[93.7946,25.0305],[93.7803,24.9947],[93.7352,24.9623],[93.7722,24.9542],[93.7443,24.9027],[93.7635,24.894],[93.7887,24.9113],[93.8141,24.9533],[93.8112,24.9875],[93.8446,24.9844],[93.8454,25.0046]],[[94.3421,24.9342],[94.3497,24.9406],[94.3417,24.9417],[94.3421,24.9342]],[[94.2223,24.9145],[94.2143,24.8775],[94.1871,24.8277],[94.2137,24.8362],[94.2303,24.8686],[94.2223,24.9145]],[[94.3583,24.8333],[94.366,24.8256],[94.3661,24.8326],[94.3583,24.8333]],[[93.1341,24.8255],[93.1408,24.8329],[93.1333,24.8333],[93.1341,24.8255]],[[91.7231,24.8183],[91.7121,24.8319],[91.7112,24.8096],[91.7231,24.8183]],[[94.3657,24.8158],[94.3595,24.8009],[94.3657,24.8009],[94.3657,24.8158]],[[91.8329,24.8074],[91.8253,24.8011],[91.8333,24.8],[91.8329,24.8074]],[[91.7663,24.8074],[91.7586,24.8011],[91.7667,24.8],[91.7663,24.8074]],[[91.7499,24.8025],[91.7344,24.8028],[91.7473,24.7841],[91.7499,24.8025]],[[91.7923,24.791],[91.8,24.7833],[91.7993,24.7911],[91.7923,24.791]],[[93.0661,24.791],[93.0591,24.7839],[93.066,24.784],[93.0661,24.791]],[[93.1408,24.7829],[93.1345,24.7753],[93.1413,24.776],[93.1408,24.7829]],[[91.7577,24.7673],[91.75,24.775],[91.7507,24.7672],[91.7577,24.7673]],[[91.7961,24.7729],[91.7946,24.7587],[91.8078,24.7603],[91.7961,24.7729]],[[91.8253,24.7594],[91.8329,24.7658],[91.826,24.7663],[91.8253,24.7594]],[[94.3658,24.7663],[94.3595,24.7586],[94.3663,24.7594],[94.3658,24.7663]],[[93.7472,24.7638],[93.7194,24.7399],[93.7214,24.7096],[93.7393,24.712],[93.7472,24.7638]],[[94.2004,24.7426],[94.2081,24.7489],[94.2,24.75],[94.2004,24.7426]],[[94.2241,24.7413],[94.2178,24.7336],[94.2247,24.7344],[94.2241,24.7413]],[[94.2254,24.7176],[94.2331,24.7239],[94.225,24.725],[94.2254,24.7176]],[[91.9736,24.7029],[91.9524,24.7056],[91.9438,24.6937],[91.9736,24.7029]],[[91.7747,24.6989],[91.7671,24.6926],[91.774,24.692],[91.7747,24.6989]],[[91.9243,24.6911],[91.9172,24.684],[91.925,24.6833],[91.9243,24.6911]],[[94.2002,24.6847],[94.2081,24.6906],[94.2,24.6917],[94.2002,24.6847]],[[91.6577,24.6756],[91.65,24.6833],[91.6507,24.6755],[91.6577,24.6756]],[[91.7993,24.6745],[91.7922,24.6674],[91.8,24.6667],[91.7993,24.6745]],[[91.8169,24.668],[91.8247,24.6739],[91.8167,24.675],[91.8169,24.668]],[[91.6911,24.6524],[91.6846,24.6738],[91.6861,24.6503],[91.6911,24.6524]],[[91.7173,24.6577],[91.725,24.65],[91.7243,24.6578],[91.7173,24.6577]],[[91.7427,24.6575],[91.75,24.6417],[91.7489,24.6576],[91.7427,24.6575]],[[91.8287,24.6437],[91.8413,24.6501],[91.8567,24.6459],[91.8314,24.6577],[91.8287,24.6437]],[[91.8797,24.643],[91.8898,24.656],[91.8684,24.6562],[91.8686,24.6517],[91.8797,24.643]],[[91.816,24.6411],[91.8089,24.634],[91.8167,24.6333],[91.816,24.6411]],[[94.2083,24.6417],[94.216,24.634],[94.2158,24.6413],[94.2083,24.6417]],[[94.1747,24.6322],[94.1671,24.6259],[94.174,24.6254],[94.1747,24.6322]],[[93.7081,24.6322],[93.7004,24.6259],[93.7073,24.6254],[93.7081,24.6322]],[[91.7913,24.6209],[91.7842,24.6398],[91.786,24.6171],[91.7913,24.6209]],[[91.687,24.6225],[91.6857,24.6034],[91.7222,24.594],[91.6956,24.6107],[91.687,24.6225]],[[91.767,24.6094],[91.7746,24.6158],[91.7677,24.6163],[91.767,24.6094]],[[93.5585,24.6097],[93.5664,24.6156],[93.5583,24.6167],[93.5585,24.6097]],[[97.7829,24.6158],[97.7753,24.6094],[97.7833,24.6083],[97.7829,24.6158]],[[97.6594,24.2899],[97.6781,24.3387],[97.6887,24.328],[97.774,24.3572],[97.7982,24.353],[97.8379,24.3801],[97.8624,24.3771],[97.9152,24.4375],[97.838,24.3935],[97.7531,24.3764],[97.6863,24.3972],[97.7055,24.3697],[97.6856,24.342],[97.6682,24.3542],[97.649,24.2946],[97.6205,24.2931],[97.5943,24.3227],[97.5862,24.312],[97.6057,24.295],[97.5619,24.2894],[97.5633,24.2619],[97.537,24.2637],[97.5222,24.2357],[97.5049,24.264],[97.486,24.2451],[97.5657,24.1965],[97.571,24.1685],[97.63,24.1692],[97.6116,24.1964],[97.6804,24.2366],[97.6615,24.2538],[97.6807,24.2627],[97.6594,24.2899]],[[97.9418,24.1496],[97.9275,24.1276],[97.9889,24.1604],[97.9605,24.1623],[97.9612,24.1989],[97.9104,24.1553],[97.9418,24.1496]],[[97.5709,24.1556],[97.5279,24.1738],[97.5174,24.1687],[97.554,24.1431],[97.5709,24.1556]],[[95.6831,24.1489],[95.6754,24.1426],[95.6823,24.142],[95.6831,24.1489]],[[94.066,24.134],[94.0583,24.1417],[94.0591,24.1339],[94.066,24.134]],[[91.5968,24.1341],[91.5699,24.1456],[91.5813,24.2053],[91.575,24.1833],[91.5521,24.1945],[91.5781,24.2403],[91.5363,24.2388],[91.5557,24.172],[91.5473,24.1363],[91.5361,24.1652],[91.5101,24.1613],[91.4523,24.1904],[91.4357,24.1806],[91.4796,24.1714],[91.5296,24.1183],[91.5722,24.1014],[91.5968,24.1341]],[[93.9597,24.1239],[93.9689,24.1096],[93.9739,24.1097],[93.9597,24.1239]],[[97.916,19.5756],[97.9083,19.5833],[97.9091,19.5755],[97.916,19.5756]],[[97.8604,19.5519],[97.8727,19.5732],[97.8606,19.5732],[97.8604,19.5519]],[[97.8916,19.5764],[97.9002,19.575],[97.8956,19.5834],[97.8916,19.5764]],[[96.8917,19.6083],[96.8764,19.616],[96.8754,19.61],[96.8917,19.6083]],[[97.8745,19.6163],[97.9223,19.6277],[97.9236,19.6377],[97.8982,19.6639],[97.8723,19.657],[97.8523,19.6361],[97.8745,19.6163]],[[96.8746,19.6408],[96.867,19.6344],[96.875,19.6333],[96.8746,19.6408]],[[96.8333,19.75],[96.8256,19.7577],[96.8255,19.7507],[96.8333,19.75]],[[96.8255,19.7924],[96.8326,19.7995],[96.8256,19.7994],[96.8255,19.7924]],[[96.8583,19.8014],[96.8669,19.8],[96.8623,19.8084],[96.8583,19.8014]],[[96.8259,19.8087],[96.8322,19.8164],[96.8254,19.8157],[96.8259,19.8087]],[[96.8963,19.808],[96.9146,19.8131],[96.8865,19.8395],[96.8971,19.822],[96.8963,19.808]],[[96.8247,19.8322],[96.8171,19.8259],[96.824,19.8254],[96.8247,19.8322]],[[96.8081,19.832],[96.8003,19.8261],[96.8083,19.825],[96.8081,19.832]],[[96.7996,19.8658],[96.792,19.8594],[96.8,19.8583],[96.7996,19.8658]],[[96.4417,20.0083],[96.4264,20.016],[96.4254,20.01],[96.4417,20.0083]],[[96.4083,20.025],[96.4006,20.0327],[96.4009,20.0254],[96.4083,20.025]],[[96.8472,20.0513],[96.8392,20.073],[96.827,20.0733],[96.8472,20.0513]],[[96.8498,20.0987],[96.842,20.0928],[96.85,20.0917],[96.8498,20.0987]],[[96.8325,20.1011],[96.8229,20.1217],[96.8083,20.1167],[96.8027,20.1392],[96.8012,20.1215],[96.8189,20.0953],[96.8325,20.1011]],[[96.7996,20.1074],[96.792,20.1011],[96.8,20.1],[96.7996,20.1074]],[[96.675,20.1583],[96.6673,20.166],[96.6676,20.1587],[96.675,20.1583]],[[96.7831,20.175],[96.7917,20.1736],[96.7877,20.1834],[96.7831,20.175]],[[97.0838,20.1759],[97.0914,20.1822],[97.0833,20.1833],[97.0838,20.1759]],[[96.7675,20.2062],[96.7826,20.2115],[96.7813,20.216],[96.7675,20.2062]],[[97.0601,20.2226],[97.0828,20.2053],[97.0721,20.2317],[97.0601,20.2226]],[[97.3927,20.3421],[97.4309,20.4451],[97.3976,20.4749],[97.3582,20.4458],[97.3765,20.3468],[97.3927,20.3421]],[[96.8163,20.3491],[96.8086,20.3428],[96.8167,20.3417],[96.8163,20.3491]],[[96.5661,20.4836],[96.55,20.5],[96.5525,20.5145],[96.5446,20.485],[96.5661,20.4836]],[[97.0182,20.5257],[97.0245,20.5679],[97.0073,20.5901],[96.9953,20.579],[97.0067,20.5792],[97.0182,20.5257]],[[97.2757,20.5684],[97.298,20.5886],[97.3348,20.5258],[97.3652,20.5871],[97.3584,20.654],[97.3752,20.723],[97.3634,20.7891],[97.3191,20.7309],[97.3061,20.6541],[97.2767,20.6296],[97.2757,20.5684]],[[97.2917,20.6819],[97.2831,20.6833],[97.2877,20.6749],[97.2917,20.6819]],[[97.2917,20.7342],[97.2832,20.7236],[97.2878,20.7168],[97.2917,20.7342]],[[97.5084,20.7295],[97.4987,20.7622],[97.4871,20.7651],[97.4852,20.7358],[97.5084,20.7295]],[[97.5083,20.6083],[97.4975,20.6317],[97.4768,20.6298],[97.4663,20.5895],[97.4773,20.5602],[97.4978,20.5685],[97.5083,20.6083]],[[97.734,20.6208],[97.7584,20.6169],[97.7463,20.6325],[97.734,20.6208]],[[97.5092,20.8254],[97.5156,20.8331],[97.5087,20.8323],[97.5092,20.8254]],[[96.6384,20.8924],[96.6414,20.9892],[96.6193,21.0626],[96.6406,21.0847],[96.6199,21.103],[96.6385,21.1038],[96.6502,21.1523],[96.6261,21.1679],[96.6458,21.1893],[96.665,21.1879],[96.6793,21.2392],[96.6454,21.2199],[96.628,21.2306],[96.6313,21.1958],[96.6024,21.1964],[96.6141,21.1542],[96.5771,21.1729],[96.5607,21.1614],[96.5892,21.1294],[96.5523,21.1289],[96.5768,21.0546],[96.5882,21.0629],[96.5985,21.0366],[96.5991,20.9906],[96.5778,20.9686],[96.601,20.937],[96.6215,20.9382],[96.6263,20.8887],[96.6384,20.8924]],[[96.6079,20.9158],[96.6003,20.9094],[96.6083,20.9083],[96.6079,20.9158]],[[97.3259,21.2421],[97.3322,21.2497],[97.3254,21.249],[97.3259,21.2421]],[[96.6756,21.2516],[96.6822,21.2659],[96.6761,21.2658],[96.6756,21.2516]],[[96.4748,21.2653],[96.467,21.2594],[96.475,21.2583],[96.4748,21.2653]],[[96.6773,21.2762],[96.6812,21.2911],[96.6675,21.2898],[96.6773,21.2762]],[[97.4293,21.2783],[97.4568,21.3304],[97.4515,21.3826],[97.4423,21.3751],[97.4293,21.2783]],[[96.672,21.3013],[96.6979,21.3553],[96.6613,21.3216],[96.672,21.3013]],[[97.442,21.3953],[97.4499,21.4112],[97.4451,21.4165],[97.442,21.3953]],[[97.543,21.4152],[97.5571,21.4189],[97.557,21.4239],[97.543,21.4152]],[[97.516,21.4173],[97.5083,21.425],[97.5091,21.4172],[97.516,21.4173]],[[97.4884,21.4172],[97.4987,21.4384],[97.487,21.4489],[97.4884,21.4172]],[[97.4369,21.4276],[97.447,21.5066],[97.4191,21.5457],[97.4404,21.6032],[97.4086,21.6691],[97.4326,21.7154],[97.4293,21.7643],[97.413,21.7201],[97.3924,21.7262],[97.3992,21.6772],[97.3838,21.6745],[97.3754,21.5438],[97.4063,21.5225],[97.4063,21.5043],[97.3862,21.4935],[97.4369,21.4276]],[[97.4192,21.7779],[97.4333,21.8],[97.4488,21.7962],[97.4468,21.8226],[97.4192,21.7779]],[[97.6759,21.9504],[97.6822,21.9581],[97.6754,21.9573],[97.6759,21.9504]],[[97.5,21.7917],[97.4923,21.7994],[97.4926,21.7921],[97.5,21.7917]],[[97.9165,21.657],[97.9086,21.6511],[97.9167,21.65],[97.9165,21.657]],[[97.8996,21.7324],[97.892,21.7261],[97.9,21.725],[97.8996,21.7324]],[[97.5658,21.4544],[97.5368,21.4478],[97.535,21.4369],[97.5726,21.4433],[97.5658,21.4544]],[[97.5864,21.4411],[97.5897,21.4259],[97.5993,21.4397],[97.5864,21.4411]],[[97.5207,21.4497],[97.5083,21.4417],[97.5113,21.4339],[97.5243,21.4354],[97.5207,21.4497]],[[97.2804,20.9441],[97.3083,21.0167],[97.304,21.0647],[97.2852,21.0381],[97.2893,21.0107],[97.2523,20.9804],[97.2804,20.9441]],[[97.3929,21.1032],[97.4143,21.0032],[97.4207,21.0555],[97.4454,20.9944],[97.481,21.011],[97.4681,21.0153],[97.4795,21.0308],[97.4616,21.0376],[97.4671,21.1644],[97.4804,21.1795],[97.4635,21.1972],[97.4348,21.1448],[97.4381,21.0865],[97.3929,21.1032]],[[97.4163,21.1158],[97.4086,21.1094],[97.4167,21.1083],[97.4163,21.1158]],[[97.4079,21.1491],[97.4003,21.1428],[97.4083,21.1417],[97.4079,21.1491]],[[97.6209,21.131],[97.6321,21.0903],[97.6104,21.0792],[97.6089,21.0555],[97.6471,21.0443],[97.6489,21.0862],[97.6209,21.131]],[[97.4237,20.9547],[97.4021,20.9692],[97.4224,20.9436],[97.4237,20.9547]],[[97.6809,22.127],[97.6895,22.1481],[97.6687,22.1267],[97.6809,22.127]],[[97.7126,22.2279],[97.6967,22.2655],[97.6859,22.2451],[97.7126,22.2279]],[[97.6583,22.2417],[97.6425,22.2489],[97.6424,22.2428],[97.6583,22.2417]],[[97.1583,22.7083],[97.1506,22.716],[97.1505,22.709],[97.1583,22.7083]],[[97.1426,22.7421],[97.1489,22.7497],[97.142,22.749],[97.1426,22.7421]],[[97.1325,22.7504],[97.1323,22.777],[97.1279,22.7813],[97.117,22.7574],[97.1325,22.7504]],[[97.1922,22.758],[97.2058,22.7718],[97.162,22.7972],[97.1595,22.7801],[97.1922,22.758]],[[97.1429,22.8109],[97.1487,22.8215],[97.1354,22.8321],[97.1429,22.8109]],[[97.2655,22.8509],[97.2593,22.8658],[97.2593,22.8509],[97.2655,22.8509]],[[97.2405,22.8593],[97.2343,22.8741],[97.2343,22.8592],[97.2405,22.8593]],[[96.9333,22.8667],[96.9109,22.8744],[96.9089,22.8688],[96.9333,22.8667]],[[97.9579,22.8908],[97.9503,22.8844],[97.9583,22.8833],[97.9579,22.8908]],[[96.8592,22.8921],[96.8656,22.8997],[96.8587,22.899],[96.8592,22.8921]],[[97.1292,22.8942],[97.1477,22.9207],[97.1274,22.9626],[97.1475,22.9712],[97.1372,23.0064],[97.1972,23.022],[97.2511,22.9617],[97.2644,22.9708],[97.2633,22.989],[97.2287,23.012],[97.2292,23.0312],[97.1963,23.0569],[97.1538,23.0722],[97.1363,23.0721],[97.123,23.0123],[97.1041,22.9952],[97.0941,23.0046],[97.0761,22.9679],[97.0979,22.9627],[97.1292,22.8942]],[[96.9905,22.9114],[96.9673,22.9222],[96.9689,22.9095],[96.9905,22.9114]],[[96.5423,22.9234],[96.6139,22.9481],[96.6367,22.9434],[96.6403,22.9546],[96.5851,22.9638],[96.5527,22.9472],[96.5423,22.9234]],[[96.4279,22.9365],[96.5153,22.9955],[96.493,22.995],[96.48,23.022],[96.4516,23.0221],[96.4261,22.9695],[96.4279,22.9365]],[[96.2329,23.0158],[96.2253,23.0094],[96.2333,23.0083],[96.2329,23.0158]],[[97.0491,23.0246],[97.0428,23.0169],[97.0497,23.0177],[97.0491,23.0246]],[[96.6427,22.975],[96.6522,22.9597],[96.6655,22.9613],[96.664,22.9821],[96.6427,22.975]],[[97.9746,22.9241],[97.967,22.9178],[97.975,22.9167],[97.9746,22.9241]],[[97.275,22.9167],[97.2677,22.9325],[97.2678,22.9176],[97.275,22.9167]],[[97.3176,22.9837],[97.3239,22.9914],[97.317,22.9907],[97.3176,22.9837]],[[97.2082,23.2173],[97.2291,23.2552],[97.2456,23.235],[97.2639,23.2432],[97.2535,23.2969],[97.2794,23.2691],[97.3054,23.2845],[97.2784,23.3125],[97.2934,23.363],[97.3112,23.3802],[97.332,23.3698],[97.3635,23.3942],[97.3628,23.4138],[97.3458,23.4025],[97.3208,23.4221],[97.3042,23.4026],[97.2618,23.431],[97.2822,23.3885],[97.2387,23.3361],[97.1973,23.3641],[97.1771,23.3501],[97.1153,23.3577],[97.0346,23.3028],[97.0972,23.2774],[97.1191,23.3059],[97.1949,23.3323],[97.2073,23.3167],[97.1858,23.3037],[97.1923,23.2318],[97.2082,23.2173]],[[97.175,23.275],[97.1592,23.2823],[97.1591,23.2761],[97.175,23.275]],[[97.0917,23.3583],[97.0844,23.3663],[97.0836,23.3594],[97.0917,23.3583]],[[97.1996,23.3824],[97.192,23.3761],[97.2,23.375],[97.1996,23.3824]],[[97.3684,23.426],[97.3911,23.4301],[97.3673,23.4312],[97.3684,23.426]],[[97.4011,23.4363],[97.4167,23.4167],[97.4045,23.4415],[97.4011,23.4363]],[[97.4844,23.4416],[97.4946,23.4339],[97.5155,23.4465],[97.4977,23.4498],[97.4844,23.4416]],[[97.5336,23.4511],[97.5413,23.4574],[97.5344,23.458],[97.5336,23.4511]],[[97.6899,23.625],[97.7136,23.6282],[97.7053,23.6489],[97.7396,23.6541],[97.7282,23.6789],[97.7482,23.6888],[97.737,23.705],[97.7644,23.7208],[97.7613,23.7456],[97.7819,23.7472],[97.7893,23.7708],[97.7764,23.7947],[97.7957,23.8487],[97.7609,23.839],[97.775,23.8],[97.7362,23.7889],[97.7061,23.7355],[97.6773,23.7253],[97.6532,23.7388],[97.6371,23.7113],[97.6198,23.7137],[97.6097,23.657],[97.6305,23.6366],[97.6018,23.5861],[97.6059,23.5607],[97.579,23.5356],[97.5614,23.5386],[97.5524,23.5035],[97.6145,23.5105],[97.6221,23.5561],[97.6643,23.5537],[97.6804,23.5792],[97.6615,23.5886],[97.6899,23.625]],[[97.4418,23.7259],[97.4583,23.7667],[97.4803,23.7731],[97.4625,23.7736],[97.3941,23.7374],[97.4418,23.7259]],[[93.9052,23.7588],[93.8612,23.7683],[93.8803,23.7791],[93.8605,23.7879],[93.8615,23.8049],[93.8874,23.792],[93.9228,23.8056],[93.8518,23.8206],[93.8439,23.8478],[93.8725,23.8626],[93.8529,23.8957],[93.8801,23.8947],[93.8794,23.9224],[93.9296,23.936],[93.9557,23.9627],[93.944,23.9895],[93.973,23.9965],[93.9428,24.0054],[93.9286,23.9609],[93.904,24.0226],[93.8714,23.9536],[93.8348,23.9447],[93.8486,23.9235],[93.8277,23.9056],[93.8412,23.8858],[93.8233,23.8121],[93.7694,23.8136],[93.8221,23.7888],[93.7863,23.7551],[93.8074,23.7429],[93.7974,23.7043],[93.7521,23.704],[93.8052,23.6798],[93.7862,23.6625],[93.8146,23.6543],[93.8058,23.6279],[93.7524,23.6293],[93.7906,23.6134],[93.8059,23.5875],[93.7621,23.5965],[93.7614,23.5761],[93.7123,23.5891],[93.7023,23.5723],[93.7714,23.555],[93.771,23.5271],[93.7285,23.5227],[93.7412,23.4924],[93.7194,23.4779],[93.7334,23.4425],[93.7808,23.4792],[93.782,23.3987],[93.7613,23.4057],[93.7362,23.3886],[93.745,23.3515],[93.7033,23.3642],[93.7216,23.3451],[93.6832,23.3343],[93.6504,23.3564],[93.6521,23.3206],[93.6702,23.3099],[93.7386,23.3211],[93.7201,23.3065],[93.7289,23.2944],[93.6775,23.2802],[93.6775,23.2612],[93.7466,23.2817],[93.7558,23.2699],[93.7276,23.245],[93.7542,23.2478],[93.7824,23.21],[93.7456,23.1698],[93.7209,23.1689],[93.7032,23.1903],[93.6691,23.1879],[93.6702,23.1694],[93.7389,23.154],[93.7205,23.1279],[93.6782,23.1142],[93.6982,23.1013],[93.6861,23.0778],[93.7297,23.1056],[93.7471,23.0806],[93.685,23.004],[93.7375,23.0565],[93.7709,23.0648],[93.7786,23.0276],[93.8129,23.0132],[93.8115,22.977],[93.8503,22.9176],[93.8739,22.9262],[93.8448,22.9698],[93.8364,23.0456],[93.8612,23.0725],[93.881,23.0533],[93.872,23.0885],[93.8279,23.0976],[93.7989,23.0671],[93.7887,23.1054],[93.7612,23.1213],[93.8223,23.1449],[93.7927,23.1582],[93.8303,23.22],[93.8028,23.2364],[93.8221,23.2551],[93.7843,23.2933],[93.8083,23.3074],[93.8318,23.2944],[93.8476,23.3221],[93.8205,23.3184],[93.7862,23.3388],[93.831,23.3872],[93.7941,23.4127],[93.8157,23.4323],[93.8112,23.4707],[93.8575,23.4849],[93.8106,23.5023],[93.8221,23.5296],[93.8116,23.5455],[93.8302,23.5534],[93.82,23.5705],[93.8306,23.6056],[93.8807,23.61],[93.8531,23.6197],[93.8638,23.6389],[93.8448,23.6556],[93.8889,23.6611],[93.8992,23.6943],[93.8523,23.7054],[93.9056,23.7281],[93.9052,23.7588]],[[93.9335,23.6597],[93.9414,23.6656],[93.9333,23.6667],[93.9335,23.6597]],[[93.8421,23.5509],[93.8497,23.5572],[93.8417,23.5583],[93.8421,23.5509]],[[93.8658,23.3329],[93.8595,23.3253],[93.8663,23.326],[93.8658,23.3329]],[[93.9562,23.0287],[93.9225,23.0321],[93.9188,23.0274],[93.9562,23.0287]],[[93.6208,22.9477],[93.6151,22.8953],[93.5901,22.8759],[93.5687,22.8806],[93.563,22.9327],[93.526,22.9556],[93.5576,23.0005],[93.5451,23.0649],[93.5876,23.0721],[93.6112,23.0595],[93.6141,23.0874],[93.5784,23.0952],[93.589,23.1136],[93.5726,23.1382],[93.5544,23.1281],[93.5363,23.1461],[93.5448,23.1889],[93.5809,23.1867],[93.5257,23.2168],[93.5385,23.2323],[93.573,23.2286],[93.551,23.2501],[93.572,23.2717],[93.5534,23.2781],[93.53,23.322],[93.5039,23.3109],[93.4927,23.3231],[93.504,23.3577],[93.5325,23.3535],[93.5656,23.403],[93.5296,23.3768],[93.5016,23.3779],[93.4952,23.4309],[93.4833,23.3859],[93.4993,23.3669],[93.4849,23.3625],[93.4607,23.2962],[93.4812,23.2812],[93.4826,23.2487],[93.4509,23.2318],[93.4719,23.2038],[93.4612,23.1778],[93.4975,23.1626],[93.4694,23.1434],[93.4861,23.1277],[93.5126,23.1314],[93.5236,23.1129],[93.5114,23.0876],[93.5334,23.0124],[93.521,22.994],[93.4979,23.0223],[93.4858,23.0142],[93.4995,22.9774],[93.478,22.9717],[93.4886,22.9462],[93.4694,22.9294],[93.5057,22.878],[93.4708,22.8772],[93.4454,22.9144],[93.4336,22.8997],[93.4364,22.8762],[93.4643,22.8624],[93.462,22.8439],[93.4885,22.8463],[93.4974,22.8294],[93.4908,22.8049],[93.4674,22.8011],[93.4824,22.7824],[93.4681,22.7596],[93.4803,22.7435],[93.4523,22.721],[93.4655,22.6835],[93.4504,22.6274],[93.4655,22.6083],[93.4428,22.5498],[93.4635,22.4711],[93.4427,22.4086],[93.4641,22.3706],[93.4369,22.3574],[93.4356,22.3391],[93.5055,22.3222],[93.4996,22.2781],[93.4593,22.2599],[93.4881,22.2382],[93.4696,22.2292],[93.4982,22.2047],[93.4938,22.1705],[93.5129,22.1687],[93.5134,22.197],[93.5671,22.1593],[93.573,22.1723],[93.5435,22.2044],[93.5877,22.2103],[93.5978,22.2291],[93.5785,22.2458],[93.5901,22.2598],[93.5652,22.3381],[93.52,22.3625],[93.5306,22.3972],[93.5113,22.4289],[93.5401,22.4387],[93.5274,22.4709],[93.541,22.5094],[93.5213,22.5657],[93.4865,22.5875],[93.5126,22.6135],[93.5241,22.5866],[93.5416,22.6394],[93.5207,22.6645],[93.4944,22.6375],[93.494,22.6948],[93.5385,22.6681],[93.5645,22.681],[93.57,22.6513],[93.5972,22.6381],[93.5874,22.6198],[93.5688,22.6289],[93.5971,22.6036],[93.5897,22.587],[93.5749,22.5988],[93.5526,22.5885],[93.5914,22.5539],[93.5615,22.5554],[93.5738,22.5069],[93.551,22.473],[93.562,22.4608],[93.5788,22.4803],[93.6199,22.4441],[93.6323,22.4565],[93.6218,22.4738],[93.6805,22.4789],[93.6701,22.4876],[93.6799,22.5228],[93.6555,22.51],[93.6267,22.537],[93.6472,22.5545],[93.6377,22.6161],[93.6543,22.6234],[93.705,22.5857],[93.6792,22.6308],[93.7134,22.6195],[93.7208,22.6501],[93.7811,22.6375],[93.7698,22.6569],[93.704,22.6642],[93.6599,22.6431],[93.5944,22.6528],[93.6119,22.705],[93.6461,22.7022],[93.6474,22.7287],[93.6287,22.7285],[93.6311,22.7545],[93.6128,22.7644],[93.5779,22.7276],[93.5597,22.8333],[93.5716,22.8461],[93.562,22.855],[93.5959,22.864],[93.641,22.8387],[93.6208,22.9477]],[[93.6772,22.9154],[93.6681,22.9011],[93.6822,22.9153],[93.6772,22.9154]],[[93.875,22.9083],[93.8827,22.9006],[93.8828,22.9076],[93.875,22.9083]],[[93.6754,22.8509],[93.6831,22.8572],[93.675,22.8583],[93.6754,22.8509]],[[93.6835,22.8355],[93.6946,22.818],[93.7069,22.8275],[93.6962,22.8409],[93.6835,22.8355]],[[93.7167,22.7583],[93.6873,22.7559],[93.6855,22.7526],[93.73,22.7439],[93.7167,22.7583]],[[93.7671,22.6092],[93.7747,22.6156],[93.7667,22.6167],[93.7671,22.6092]],[[93.6753,22.5594],[93.6829,22.5658],[93.676,22.5663],[93.6753,22.5594]],[[93.8333,22.5667],[93.841,22.559],[93.8408,22.5663],[93.8333,22.5667]],[[93.7247,22.5572],[93.7171,22.5509],[93.724,22.5504],[93.7247,22.5572]],[[93.7838,22.5342],[93.7914,22.5406],[93.7833,22.5417],[93.7838,22.5342]],[[93.7171,22.5009],[93.7247,22.5072],[93.7167,22.5083],[93.7171,22.5009]],[[93.6824,22.4663],[93.6761,22.4586],[93.683,22.4594],[93.6824,22.4663]],[[93.5791,22.4474],[93.5822,22.43],[93.5599,22.4306],[93.5442,22.4117],[93.5883,22.3882],[93.5613,22.3802],[93.5778,22.3613],[93.6224,22.3479],[93.6179,22.2892],[93.6384,22.2803],[93.6358,22.2537],[93.6649,22.2445],[93.6807,22.2611],[93.6771,22.2875],[93.7056,22.297],[93.6445,22.2945],[93.6393,22.3393],[93.6082,22.3794],[93.6318,22.429],[93.6129,22.4198],[93.5791,22.4474]],[[93.5579,22.6074],[93.5503,22.6011],[93.5583,22.6],[93.5579,22.6074]],[[93.5582,22.6473],[93.5503,22.6356],[93.5583,22.6333],[93.5582,22.6473]],[[93.6752,22.2277],[93.6831,22.2394],[93.675,22.2417],[93.6752,22.2277]],[[93.673,22.2129],[93.6349,22.2027],[93.6278,22.1448],[93.6718,22.1221],[93.6364,22.0717],[93.6208,22.0103],[93.5865,22.0458],[93.6065,22.0621],[93.6151,22.1043],[93.5866,22.0784],[93.5799,22.1222],[93.5448,22.1138],[93.5047,22.0349],[93.4697,22.046],[93.4803,22.1141],[93.4443,22.0797],[93.4439,22.0374],[93.4886,21.9957],[93.4535,21.9893],[93.4526,21.9612],[93.4721,21.9539],[93.4687,21.9297],[93.5053,21.8703],[93.4792,21.8533],[93.4505,21.883],[93.4358,21.8629],[93.4533,21.8364],[93.4906,21.8299],[93.5055,21.7878],[93.4536,21.7723],[93.4442,21.7194],[93.4531,21.703],[93.5066,21.6858],[93.4836,21.6556],[93.487,21.6446],[93.5158,21.6514],[93.4967,21.6012],[93.546,21.6021],[93.5617,21.6549],[93.5812,21.6443],[93.589,21.6126],[93.5729,21.5708],[93.5342,21.5596],[93.5648,21.5458],[93.553,21.5204],[93.5636,21.5043],[93.5272,21.5027],[93.556,21.4861],[93.5653,21.4583],[93.5524,21.4369],[93.5825,21.4373],[93.6032,21.3865],[93.6306,21.3705],[93.5938,21.3381],[93.6151,21.3299],[93.6365,21.2527],[93.6553,21.2792],[93.6433,21.3298],[93.6595,21.3402],[93.668,21.3197],[93.6876,21.3184],[93.689,21.3626],[93.6612,21.353],[93.6632,21.3896],[93.6277,21.3938],[93.6195,21.4294],[93.6406,21.4431],[93.6027,21.4628],[93.633,21.4841],[93.6099,21.5195],[93.6407,21.5547],[93.655,21.5212],[93.6449,21.5103],[93.6862,21.4261],[93.6995,21.4691],[93.6927,21.528],[93.7106,21.5551],[93.722,21.5486],[93.7096,21.5251],[93.7268,21.4542],[93.7467,21.4799],[93.7447,21.4519],[93.7739,21.4265],[93.7176,21.4108],[93.7385,21.3787],[93.7356,21.3537],[93.7579,21.3581],[93.7358,21.3108],[93.7472,21.3034],[93.7624,21.3307],[93.7977,21.3144],[93.7754,21.274],[93.8053,21.2708],[93.8032,21.2367],[93.8219,21.2289],[93.811,21.1959],[93.8274,21.1782],[93.8463,21.2143],[93.872,21.2056],[93.8818,21.147],[93.8452,21.1309],[93.8445,21.1044],[93.8684,21.0212],[93.8897,21.0209],[93.9051,20.9971],[93.894,20.9792],[93.9134,20.9719],[93.9115,20.952],[93.9434,20.9176],[93.9346,20.9695],[93.9639,20.9801],[93.9279,20.9947],[93.9392,21.012],[93.92,21.0195],[93.9309,21.0381],[93.9016,21.0389],[93.8946,21.0551],[93.9136,21.0708],[93.9017,21.0881],[93.9135,21.1054],[93.9555,21.0779],[93.9607,21.1231],[93.9802,21.1222],[93.9916,21.0926],[94.0044,21.1142],[94.0305,21.1198],[94.0383,21.1476],[93.9869,21.162],[93.9614,21.1878],[94.0442,21.1929],[94.0558,21.2207],[94.0119,21.2286],[93.99,21.2636],[93.9617,21.2616],[93.9808,21.2956],[93.9625,21.3231],[93.9441,21.3144],[93.9382,21.287],[93.903,21.2975],[93.8779,21.2779],[93.8803,21.3239],[93.8098,21.354],[93.8147,21.3654],[93.8801,21.3614],[93.9053,21.3783],[93.8867,21.3879],[93.8971,21.4052],[93.8281,21.4464],[93.8805,21.4552],[93.9228,21.4368],[93.9039,21.4818],[93.8363,21.5127],[93.8368,21.5384],[93.8539,21.5475],[93.9201,21.5107],[93.9319,21.5202],[93.8283,21.5876],[93.8551,21.6117],[93.8591,21.6372],[93.8889,21.6382],[93.8363,21.6805],[93.8387,21.6532],[93.8045,21.6027],[93.7808,21.6381],[93.7619,21.6371],[93.7485,21.6826],[93.7045,21.6107],[93.6931,21.6697],[93.7216,21.723],[93.6569,21.6594],[93.6389,21.6963],[93.6199,21.703],[93.6218,21.7298],[93.6033,21.7374],[93.6586,21.8124],[93.6882,21.8193],[93.6893,21.8382],[93.5976,21.7851],[93.5779,21.8204],[93.6213,21.8527],[93.6389,21.8971],[93.6194,21.898],[93.6053,21.8697],[93.5625,21.8445],[93.5533,21.8889],[93.5721,21.9053],[93.5349,21.9052],[93.5473,21.9222],[93.5261,21.9684],[93.5446,21.9886],[93.5545,21.9694],[93.5716,21.988],[93.579,21.9612],[93.6122,21.9803],[93.625,21.9594],[93.6455,21.9889],[93.6709,21.9584],[93.6972,21.9867],[93.6676,22.0267],[93.7052,22.0884],[93.6965,22.1227],[93.6445,22.1698],[93.673,22.2129]],[[93.5504,21.9342],[93.5581,21.9406],[93.55,21.9417],[93.5504,21.9342]],[[93.6888,21.9025],[93.6671,21.9131],[93.6603,21.8949],[93.6888,21.9025]],[[93.683,21.7749],[93.6882,21.7894],[93.6604,21.7968],[93.6605,21.7867],[93.683,21.7749]],[[93.8822,21.707],[93.8679,21.6978],[93.8681,21.6928],[93.8822,21.707]],[[93.95,21.5167],[93.9577,21.509],[93.9578,21.516],[93.95,21.5167]],[[93.9347,21.4322],[93.9439,21.4179],[93.9489,21.418],[93.9347,21.4322]],[[94.0088,21.2926],[94.0164,21.2989],[94.0083,21.3],[94.0088,21.2926]],[[93.9754,20.9759],[93.9831,20.9822],[93.975,20.9833],[93.9754,20.9759]],[[93.2084,20.9236],[93.1998,20.925],[93.2044,20.9166],[93.2084,20.9236]],[[93.7081,20.9489],[93.7004,20.9426],[93.7073,20.942],[93.7081,20.9489]],[[93.1998,20.9487],[93.192,20.9428],[93.2,20.9417],[93.1998,20.9487]],[[93.0329,20.9658],[93.0253,20.9594],[93.0333,20.9583],[93.0329,20.9658]],[[92.9509,20.9754],[92.9572,20.9831],[92.9504,20.9823],[92.9509,20.9754]],[[92.967,20.9844],[92.9746,20.9908],[92.9677,20.9913],[92.967,20.9844]],[[92.9858,20.9911],[92.9939,20.9759],[92.9991,20.9767],[92.9858,20.9911]],[[92.9917,21.0083],[92.9985,21.0526],[92.9782,21.0891],[92.9756,21.0171],[92.9917,21.0083]],[[92.4839,21.0252],[92.4531,21.0546],[92.4514,21.0121],[92.4954,20.9693],[92.5292,20.9681],[92.5556,20.9935],[92.5315,21.0387],[92.4839,21.0252]],[[92.85,21.025],[92.8658,21.0177],[92.8659,21.0239],[92.85,21.025]],[[92.85,21.0083],[92.8658,21.0011],[92.8659,21.0072],[92.85,21.0083]],[[92.8504,20.9842],[92.8581,20.9906],[92.85,20.9917],[92.8504,20.9842]],[[92.55,20.975],[92.5577,20.9673],[92.5578,20.9743],[92.55,20.975]],[[92.4329,21.0408],[92.4253,21.0344],[92.4333,21.0333],[92.4329,21.0408]],[[92.4333,21.05],[92.426,21.058],[92.4253,21.0511],[92.4333,21.05]],[[92.884,21.066],[92.8917,21.0583],[92.891,21.0661],[92.884,21.066]],[[92.5174,21.0672],[92.5245,21.0743],[92.5167,21.075],[92.5174,21.0672]],[[92.458,21.0771],[92.4632,21.0962],[92.4272,21.1217],[92.437,21.0757],[92.458,21.0771]],[[92.8512,21.1241],[92.8574,21.1092],[92.8574,21.1241],[92.8512,21.1241]],[[92.4592,21.1254],[92.4656,21.1331],[92.4587,21.1323],[92.4592,21.1254]],[[92.9833,21.1324],[93.0001,21.126],[92.9884,21.1406],[92.9833,21.1324]],[[92.9521,21.136],[92.9417,21.15],[92.927,21.1802],[92.9281,21.1599],[92.9521,21.136]],[[92.4623,21.1492],[92.4341,21.1443],[92.4667,21.1417],[92.4623,21.1492]],[[92.4586,21.1667],[92.45,21.1681],[92.454,21.1582],[92.4586,21.1667]],[[92.4245,21.1751],[92.4234,21.2257],[92.4036,21.2478],[92.3942,21.2206],[92.4064,21.2204],[92.4245,21.1751]],[[92.8833,21.2514],[92.8919,21.25],[92.8873,21.2584],[92.8833,21.2514]],[[93.672,21.2571],[93.7152,21.2131],[93.7013,21.1803],[93.725,21.1333],[93.7193,21.078],[93.7463,21.0186],[93.7262,21.1417],[93.7269,21.1797],[93.7475,21.203],[93.7347,21.2233],[93.7405,21.2609],[93.72,21.272],[93.6959,21.2423],[93.672,21.2571]],[[93.6446,21.0779],[93.6806,21.0963],[93.6556,21.1389],[93.6391,21.1399],[93.6446,21.0779]],[[92.8908,21.0844],[92.875,21.0917],[92.876,21.0844],[92.8908,21.0844]],[[92.5155,21.0842],[92.5093,21.0991],[92.5098,21.0838],[92.5155,21.0842]],[[92.9615,21.094],[92.981,21.1031],[92.9728,21.1144],[92.9526,21.1067],[92.9615,21.094]],[[92.4672,21.109],[92.4743,21.1161],[92.4673,21.116],[92.4672,21.109]],[[93.0083,21.1083],[93.016,21.1006],[93.0161,21.1076],[93.0083,21.1083]],[[92.975,21.15],[92.9673,21.1577],[92.9676,21.1504],[92.975,21.15]],[[93.6253,21.1594],[93.6329,21.1658],[93.626,21.1663],[93.6253,21.1594]],[[93.6246,21.1824],[93.617,21.1761],[93.625,21.175],[93.6246,21.1824]],[[92.907,21.1844],[92.8978,21.1987],[92.8928,21.1986],[92.907,21.1844]],[[92.9263,21.2022],[92.9404,21.1985],[92.9264,21.2072],[92.9263,21.2022]],[[92.9166,21.2242],[92.9334,21.2217],[92.9299,21.233],[92.9166,21.2242]],[[93.0754,21.2176],[93.0831,21.2239],[93.075,21.225],[93.0754,21.2176]],[[92.9241,21.0579],[92.9178,21.0503],[92.9247,21.051],[92.9241,21.0579]],[[92.532,21.0507],[92.5167,21.0583],[92.5172,21.0519],[92.532,21.0507]],[[93.6842,21.3004],[93.6906,21.3081],[93.6837,21.3073],[93.6842,21.3004]],[[92.8833,21.2667],[92.8756,21.2744],[92.8759,21.2671],[92.8833,21.2667]],[[92.9086,21.2761],[92.9163,21.2824],[92.9094,21.283],[92.9086,21.2761]],[[92.2759,21.2837],[92.2822,21.2914],[92.2754,21.2907],[92.2759,21.2837]],[[92.1416,21.3111],[92.1317,21.3239],[92.1263,21.3237],[92.1261,21.3098],[92.1416,21.3111]],[[92.8875,21.3105],[92.8811,21.338],[92.8699,21.3481],[92.8693,21.3438],[92.8875,21.3105]],[[92.0917,21.3417],[92.084,21.3494],[92.0839,21.3424],[92.0917,21.3417]],[[92.842,21.3511],[92.8496,21.3574],[92.8427,21.358],[92.842,21.3511]],[[93.373,21.3482],[93.3822,21.3631],[93.3622,21.3741],[93.3609,21.3682],[93.373,21.3482]],[[93.575,21.3583],[93.5827,21.3506],[93.5824,21.3579],[93.575,21.3583]],[[93.5664,21.3489],[93.5588,21.3426],[93.5657,21.342],[93.5664,21.3489]],[[92.0809,21.3869],[92.0708,21.4139],[92.0531,21.4146],[92.0702,21.3855],[92.0809,21.3869]],[[92.0496,21.3991],[92.042,21.3928],[92.05,21.3917],[92.0496,21.3991]],[[92.0339,21.4174],[92.041,21.4245],[92.034,21.4244],[92.0339,21.4174]],[[92.092,21.4261],[92.0996,21.4324],[92.0927,21.433],[92.092,21.4261]],[[92.0698,21.4278],[92.0789,21.4473],[92.0355,21.439],[92.0698,21.4278]],[[92.1678,21.4466],[92.196,21.4433],[92.1972,21.465],[92.186,21.4721],[92.1678,21.4466]],[[92.0829,21.4658],[92.0753,21.4594],[92.0833,21.4583],[92.0829,21.4658]],[[93.379,21.4503],[93.3822,21.4652],[93.3667,21.4667],[93.3679,21.4606],[93.379,21.4503]],[[93.3566,21.4331],[93.3632,21.4106],[93.3805,21.4389],[93.3718,21.4406],[93.3566,21.4331]],[[92.1497,21.4239],[92.1421,21.4176],[92.149,21.417],[92.1497,21.4239]],[[92.1,21.4],[92.1158,21.3927],[92.1159,21.3989],[92.1,21.4]],[[93.3588,21.3926],[93.3664,21.3989],[93.3583,21.4],[93.3588,21.3926]],[[92.1759,21.4837],[92.1822,21.4914],[92.1754,21.4907],[92.1759,21.4837]],[[92.0676,21.4921],[92.0739,21.4997],[92.067,21.499],[92.0676,21.4921]],[[93.4011,21.4929],[93.4086,21.5445],[93.4001,21.5661],[93.3915,21.4996],[93.4011,21.4929]],[[93.4855,21.5183],[93.5069,21.522],[93.475,21.5333],[93.4855,21.5183]],[[92.1083,21.5667],[92.0799,21.5747],[92.0756,21.57],[92.1083,21.5667]],[[92.0426,21.5754],[92.0489,21.5831],[92.042,21.5823],[92.0426,21.5754]],[[92.1583,21.5833],[92.166,21.5756],[92.1658,21.5829],[92.1583,21.5833]],[[92.5496,21.6074],[92.542,21.6011],[92.55,21.6],[92.5496,21.6074]],[[92.0943,21.6085],[92.1061,21.6164],[92.0918,21.6144],[92.0943,21.6085]],[[92.5421,21.6176],[92.5497,21.6239],[92.5417,21.625],[92.5421,21.6176]],[[92.3249,21.6267],[92.3554,21.6552],[92.3368,21.653],[92.3196,21.6728],[92.3019,21.6627],[92.2999,21.6371],[92.3249,21.6267]],[[92.1079,21.6408],[92.1003,21.6344],[92.1083,21.6333],[92.1079,21.6408]],[[92.2781,21.6455],[92.2903,21.6703],[92.2709,21.6738],[92.2781,21.6455]],[[92.3342,21.6823],[92.35,21.675],[92.349,21.6823],[92.3342,21.6823]],[[92.3588,21.6342],[92.3664,21.6406],[92.3583,21.6417],[92.3588,21.6342]],[[92.2807,21.6861],[92.2429,21.7292],[92.2724,21.7373],[92.2446,21.7533],[92.247,21.7802],[92.1863,21.8141],[92.1869,21.7775],[92.2135,21.7719],[92.2364,21.7197],[92.2807,21.6861]],[[92.4345,21.8098],[92.4411,21.8344],[92.4098,21.8657],[92.4068,21.9207],[92.3783,21.9138],[92.3929,21.8554],[92.4137,21.847],[92.4345,21.8098]],[[92.1938,21.8292],[92.217,21.8334],[92.2315,21.8298],[92.2211,21.8394],[92.1938,21.8292]],[[92.4004,21.8342],[92.4081,21.8406],[92.4,21.8417],[92.4004,21.8342]],[[92.2163,21.8741],[92.2086,21.8678],[92.2167,21.8667],[92.2163,21.8741]],[[92.0592,21.8754],[92.0656,21.8831],[92.0587,21.8823],[92.0592,21.8754]],[[92.2586,21.8844],[92.2663,21.8908],[92.2594,21.8913],[92.2586,21.8844]],[[92.2764,21.89],[92.2942,21.8763],[92.2989,21.8773],[92.2764,21.89]],[[91.9913,21.9074],[91.9836,21.9011],[91.9917,21.9],[91.9913,21.9074]],[[92.3516,21.9188],[92.35,21.925],[92.3446,21.9566],[92.3424,21.9301],[92.3516,21.9188]],[[92.2663,21.9324],[92.2586,21.9261],[92.2667,21.925],[92.2663,21.9324]],[[93.2509,21.9514],[93.2598,22.0111],[93.2811,22.0283],[93.2701,22.0406],[93.2441,22.0139],[93.2509,21.9514]],[[92.2721,21.9596],[92.266,21.987],[92.2618,21.9906],[92.259,21.971],[92.2721,21.9596]],[[92.2244,21.9756],[92.2167,21.9833],[92.2174,21.9755],[92.2244,21.9756]],[[92.2415,21.9917],[92.2501,21.9903],[92.2461,22.0001],[92.2415,21.9917]],[[92.0978,21.9855],[92.0799,21.9994],[92.0752,21.9892],[92.0978,21.9855]],[[92.4324,21.9996],[92.4261,21.9919],[92.433,21.9927],[92.4324,21.9996]],[[93.125,22.0],[93.1477,21.9837],[93.1572,21.9868],[93.125,22.0]],[[92.3846,21.9861],[92.4155,21.9968],[92.4045,21.9992],[92.3846,21.9861]],[[92.417,21.974],[92.425,21.9667],[92.4243,21.9745],[92.417,21.974]],[[93.1667,22.0333],[93.159,22.041],[93.1589,22.034],[93.1667,22.0333]],[[93.3513,21.9502],[93.3835,21.9356],[93.381,21.9111],[93.3527,21.9038],[93.3624,21.8358],[93.3985,21.8974],[93.4057,21.9537],[93.3851,21.9705],[93.3797,22.0057],[93.3403,22.0408],[93.3362,21.9711],[93.3545,21.9629],[93.3513,21.9502]],[[93.4166,21.9181],[93.4252,21.9167],[93.4206,21.9251],[93.4166,21.9181]],[[93.2375,21.8562],[93.2333,21.8428],[93.2382,21.8102],[93.2477,21.8205],[93.2375,21.8562]],[[92.44,21.8765],[92.4285,21.891],[92.4176,21.8891],[92.44,21.8765]],[[93.2448,21.8942],[93.2567,21.9195],[93.2353,21.9384],[93.2448,21.8942]],[[92.2254,21.8009],[92.2331,21.8072],[92.225,21.8083],[92.2254,21.8009]],[[92.4411,21.7984],[92.4345,21.7841],[92.4406,21.7842],[92.4411,21.7984]],[[93.4083,21.783],[93.4024,21.7457],[93.4124,21.7192],[93.4326,21.7599],[93.4083,21.783]],[[92.4663,21.7241],[92.4586,21.7178],[92.4667,21.7167],[92.4663,21.7241]],[[92.2999,21.7253],[92.3153,21.7353],[92.3151,21.7401],[92.2933,21.7402],[92.2999,21.7253]],[[92.3079,21.7574],[92.3003,21.7511],[92.3083,21.75],[92.3079,21.7574]],[[93.2413,21.7741],[93.2336,21.7678],[93.2417,21.7667],[93.2413,21.7741]],[[93.1358,22.1113],[93.1322,22.1702],[93.1197,22.1892],[93.1358,22.1113]],[[93.2916,22.1674],[93.3334,22.1958],[93.3023,22.2275],[93.3139,22.2472],[93.2922,22.2845],[93.3307,22.2958],[93.302,22.3139],[93.2735,22.3967],[93.2568,22.4074],[93.2451,22.3454],[93.2796,22.3314],[93.2835,22.3147],[93.2504,22.2423],[93.2802,22.2135],[93.2916,22.1674]],[[93.0996,22.2324],[93.092,22.2261],[93.1,22.225],[93.0996,22.2324]],[[93.1167,22.2833],[93.1014,22.291],[93.1004,22.285],[93.1167,22.2833]],[[93.1412,22.2915],[93.1475,22.338],[93.1339,22.3416],[93.1254,22.3243],[93.1412,22.2915]],[[93.1246,22.3741],[93.117,22.3678],[93.125,22.3667],[93.1246,22.3741]],[[93.0813,22.4014],[93.0679,22.4061],[93.0698,22.3845],[93.075,22.3833],[93.0813,22.4014]],[[93.1215,22.401],[93.1243,22.4217],[93.111,22.4243],[93.1093,22.4195],[93.1215,22.401]],[[93.2586,22.4261],[93.2663,22.4324],[93.2594,22.433],[93.2586,22.4261]],[[93.2916,22.4246],[93.3149,22.3691],[93.3555,22.478],[93.3449,22.4889],[93.3829,22.5323],[93.3795,22.5562],[93.3522,22.5541],[93.3484,22.5806],[93.3264,22.547],[93.3641,22.5209],[93.302,22.5299],[93.3323,22.49],[93.302,22.4877],[93.3139,22.4615],[93.2916,22.4246]],[[93.0659,22.4417],[93.0565,22.457],[93.0426,22.4559],[93.0439,22.4428],[93.0659,22.4417]],[[93.2722,22.4661],[93.2697,22.4506],[93.2826,22.452],[93.2722,22.4661]],[[93.0919,22.45],[93.0833,22.4514],[93.0873,22.4416],[93.0919,22.45]],[[93.0329,22.4665],[93.033,22.54],[93.0292,22.5478],[93.0329,22.4665]],[[92.1496,22.4991],[92.142,22.4928],[92.15,22.4917],[92.1496,22.4991]],[[91.9333,22.575],[91.926,22.583],[91.9255,22.5757],[91.9333,22.575]],[[93.3895,22.4561],[93.3774,22.4433],[93.3889,22.4348],[93.3895,22.4561]],[[93.3962,22.3933],[93.3903,22.4214],[93.3791,22.4229],[93.3761,22.4128],[93.3962,22.3933]],[[93.4667,22.2917],[93.4825,22.2844],[93.4826,22.2905],[93.4667,22.2917]],[[93.4338,22.2509],[93.4414,22.2572],[93.4333,22.2583],[93.4338,22.2509]],[[93.0632,22.6103],[93.0528,22.6543],[93.0526,22.6896],[93.0253,22.6338],[93.0473,22.6091],[93.0632,22.6103]],[[93.0246,22.6658],[93.017,22.6594],[93.025,22.6583],[93.0246,22.6658]],[[93.2242,22.6821],[93.2081,22.6746],[93.2221,22.6626],[93.2022,22.6468],[93.2132,22.6344],[93.2478,22.6607],[93.25,22.6977],[93.2016,22.7222],[93.1859,22.695],[93.2242,22.6821]],[[91.7487,22.7015],[91.7346,22.6978],[91.7347,22.6928],[91.7487,22.7015]],[[93.3583,22.7264],[93.3669,22.725],[93.3623,22.7334],[93.3583,22.7264]],[[93.3921,22.6749],[93.4096,22.6382],[93.4138,22.6359],[93.4067,22.6791],[93.3921,22.6749]],[[93.2917,22.6486],[93.2831,22.65],[93.2877,22.6416],[93.2917,22.6486]],[[93.2838,22.6259],[93.2914,22.6322],[93.2833,22.6333],[93.2838,22.6259]],[[91.7676,22.7421],[91.7739,22.7497],[91.767,22.749],[91.7676,22.7421]],[[91.7513,22.7504],[91.7477,22.7801],[91.7374,22.7694],[91.711,22.7805],[91.7274,22.7522],[91.7513,22.7504]],[[93.1952,22.7893],[93.2353,22.7458],[93.248,22.7524],[93.2291,22.8147],[93.1952,22.7893]],[[91.7744,22.809],[91.7667,22.8167],[91.7674,22.8089],[91.7744,22.809]],[[91.7329,22.8177],[91.7234,22.8389],[91.7193,22.8402],[91.7183,22.8188],[91.7329,22.8177]],[[93.3014,22.8072],[93.3106,22.7929],[93.3156,22.793],[93.3014,22.8072]],[[93.3338,22.7676],[93.3414,22.7739],[93.3333,22.775],[93.3338,22.7676]],[[93.3496,22.8741],[93.342,22.8678],[93.35,22.8667],[93.3496,22.8741]],[[93.3501,22.8989],[93.3352,22.923],[93.3384,22.8919],[93.3501,22.8989]],[[91.6236,22.9344],[91.6145,22.9487],[91.6095,22.9486],[91.6236,22.9344]],[[93.1996,22.9574],[93.192,22.9511],[93.2,22.95],[93.1996,22.9574]],[[93.1839,22.9682],[93.1906,22.9826],[93.1844,22.9825],[93.1839,22.9682]],[[91.7581,23.0156],[91.7504,23.0092],[91.7573,23.0087],[91.7581,23.0156]],[[91.7248,23.0153],[91.717,23.0094],[91.725,23.0083],[91.7248,23.0153]],[[91.6698,23.0122],[91.6739,23.0371],[91.6618,23.0479],[91.6698,23.0122]],[[91.5746,23.0408],[91.567,23.0344],[91.575,23.0333],[91.5746,23.0408]],[[91.7671,23.0426],[91.7747,23.0489],[91.7667,23.05],[91.7671,23.0426]],[[93.0586,23.0511],[93.0663,23.0574],[93.0594,23.058],[93.0586,23.0511]],[[93.2995,23.0515],[93.2677,23.0384],[93.2876,23.0354],[93.2995,23.0515]],[[93.0504,23.0259],[93.0581,23.0322],[93.05,23.0333],[93.0504,23.0259]],[[91.429,23.0988],[91.425,23.0833],[91.4195,23.0764],[91.4401,23.0862],[91.429,23.0988]],[[93.0914,23.1072],[93.0838,23.1009],[93.0907,23.1004],[93.0914,23.1072]],[[91.457,23.1011],[91.4478,23.1154],[91.4428,23.1153],[91.457,23.1011]],[[91.4167,23.1083],[91.409,23.116],[91.4089,23.109],[91.4167,23.1083]],[[93.3156,23.1288],[93.306,23.1484],[93.2936,23.1559],[93.302,23.1286],[93.3156,23.1288]],[[91.3167,23.15],[91.309,23.1577],[91.3089,23.1507],[91.3167,23.15]],[[91.2569,23.1531],[91.2795,23.1697],[91.2698,23.1896],[91.3017,23.176],[91.3229,23.194],[91.3013,23.2237],[91.3131,23.2474],[91.2859,23.2549],[91.296,23.2136],[91.2612,23.2067],[91.2723,23.171],[91.2569,23.1531]],[[91.2079,23.1658],[91.2003,23.1594],[91.2083,23.1583],[91.2079,23.1658]],[[91.1759,23.1671],[91.1822,23.1747],[91.1754,23.174],[91.1759,23.1671]],[[91.1913,23.2241],[91.1836,23.2178],[91.1917,23.2167],[91.1913,23.2241]],[[91.0327,23.234],[91.025,23.2417],[91.0257,23.2339],[91.0327,23.234]],[[91.1253,23.2428],[91.1329,23.2491],[91.126,23.2497],[91.1253,23.2428]],[[93.3092,23.274],[93.3313,23.2364],[93.3152,23.2827],[93.3092,23.274]],[[91.1333,23.2583],[91.1256,23.266],[91.1259,23.2587],[91.1333,23.2583]],[[91.4836,23.2678],[91.4913,23.2741],[91.4844,23.2747],[91.4836,23.2678]],[[91.0106,23.2762],[91.0152,23.2906],[91.0008,23.2898],[91.0106,23.2762]],[[91.1189,23.2989],[91.1263,23.2775],[91.1309,23.276],[91.1189,23.2989]],[[91.0904,23.2848],[91.0763,23.2811],[91.0764,23.2761],[91.0904,23.2848]],[[93.3257,23.2132],[93.3402,23.2017],[93.3276,23.2241],[93.3257,23.2132]],[[91.3253,23.1678],[91.3329,23.1741],[91.326,23.1747],[91.3253,23.1678]],[[93.25,23.175],[93.2658,23.1677],[93.2659,23.1739],[93.25,23.175]],[[91.3081,23.3239],[91.3004,23.3176],[91.3073,23.317],[91.3081,23.3239]],[[91.0005,23.3174],[91.0076,23.3245],[91.0006,23.3244],[91.0005,23.3174]],[[91.0473,23.3191],[91.0478,23.3379],[91.0201,23.3416],[91.0187,23.3287],[91.0473,23.3191]],[[91.0077,23.335],[91.0006,23.3485],[91.0015,23.3338],[91.0077,23.335]],[[91.1431,23.354],[91.1737,23.3541],[91.1583,23.3667],[91.1431,23.354]],[[91.0822,23.3529],[91.0874,23.389],[91.1093,23.3534],[91.1215,23.3588],[91.1135,23.3878],[91.0712,23.3973],[91.0277,23.3801],[91.0822,23.3529]],[[91.0163,23.3741],[91.0086,23.3678],[91.0167,23.3667],[91.0163,23.3741]],[[91.0083,23.3833],[91.0006,23.391],[91.0009,23.3837],[91.0083,23.3833]],[[91.0336,23.3928],[91.0413,23.3991],[91.0344,23.3997],[91.0336,23.3928]],[[91.0167,23.4008],[91.0067,23.4155],[91.0013,23.4154],[91.0011,23.4014],[91.0167,23.4008]],[[91.1588,23.4092],[91.1664,23.4156],[91.1583,23.4167],[91.1588,23.4092]],[[91.175,23.4167],[91.1823,23.4008],[91.1823,23.4157],[91.175,23.4167]],[[91.1581,23.3989],[91.1504,23.3926],[91.1573,23.392],[91.1581,23.3989]],[[91.2001,23.3758],[91.1831,23.3768],[91.1868,23.367],[91.2001,23.3758]],[[91.2083,23.3833],[91.2163,23.376],[91.2158,23.3829],[91.2083,23.3833]],[[91.2402,23.3817],[91.226,23.371],[91.2274,23.3593],[91.2402,23.3817]],[[91.2428,23.3658],[91.2491,23.3509],[91.2491,23.3658],[91.2428,23.3658]],[[91.2658,23.3496],[91.2595,23.3419],[91.2663,23.3427],[91.2658,23.3496]],[[91.2333,23.3382],[91.225,23.3463],[91.2286,23.3333],[91.2333,23.3382]],[[91.1917,23.3333],[91.184,23.341],[91.1842,23.3337],[91.1917,23.3333]],[[91.0914,23.3322],[91.0838,23.3259],[91.0907,23.3254],[91.0914,23.3322]],[[91.1576,23.3245],[91.1505,23.3174],[91.1583,23.3167],[91.1576,23.3245]],[[91.0671,23.3259],[91.0745,23.3326],[91.0667,23.3333],[91.0671,23.3259]],[[91.2086,23.3428],[91.2163,23.3491],[91.2094,23.3497],[91.2086,23.3428]],[[91.1842,23.3504],[91.1906,23.3581],[91.1837,23.3573],[91.1842,23.3504]],[[91.1746,23.3824],[91.167,23.3761],[91.175,23.375],[91.1746,23.3824]],[[91.2555,23.4252],[91.2417,23.4333],[91.2419,23.4278],[91.2555,23.4252]],[[91.0497,23.4322],[91.0421,23.4259],[91.049,23.4254],[91.0497,23.4322]],[[91.0248,23.432],[91.017,23.4261],[91.025,23.425],[91.0248,23.432]],[[93.2333,23.4417],[93.241,23.434],[93.2408,23.4413],[93.2333,23.4417]],[[91.2341,23.4422],[91.2411,23.4493],[91.2333,23.45],[91.2341,23.4422]],[[91.0333,23.4417],[91.0256,23.4494],[91.0259,23.4421],[91.0333,23.4417]],[[91.0836,23.4511],[91.0913,23.4574],[91.0844,23.458],[91.0836,23.4511]],[[91.0426,23.4587],[91.0489,23.4664],[91.042,23.4657],[91.0426,23.4587]],[[91.1338,23.4676],[91.1414,23.4739],[91.1333,23.475],[91.1338,23.4676]],[[91.0339,23.4757],[91.041,23.4828],[91.034,23.4827],[91.0339,23.4757]],[[91.0503,23.4761],[91.0579,23.4824],[91.051,23.483],[91.0503,23.4761]],[[91.0753,23.4844],[91.0829,23.4908],[91.076,23.4913],[91.0753,23.4844]],[[91.3173,23.4994],[91.325,23.4917],[91.3243,23.4995],[91.3173,23.4994]],[[92.9586,23.5011],[92.9663,23.5074],[92.9594,23.508],[92.9586,23.5011]],[[91.1952,23.5087],[91.1916,23.5247],[91.1962,23.5323],[91.1835,23.5179],[91.1952,23.5087]],[[91.1553,23.5173],[91.152,23.5325],[91.1424,23.5187],[91.1553,23.5173]],[[91.0167,23.525],[91.009,23.5327],[91.0089,23.5257],[91.0167,23.525]],[[91.3177,23.5325],[91.325,23.5167],[91.3239,23.5326],[91.3177,23.5325]],[[93.2419,23.5356],[93.2498,23.5473],[93.2439,23.5498],[93.2419,23.5356]],[[92.9582,23.5487],[92.9503,23.5428],[92.9583,23.5417],[92.9582,23.5487]],[[93.3583,23.5583],[93.366,23.5506],[93.3658,23.5579],[93.3583,23.5583]],[[92.9509,23.5587],[92.9572,23.5664],[92.9504,23.5657],[92.9509,23.5587]],[[91.1926,23.5671],[91.1989,23.5747],[91.192,23.574],[91.1926,23.5671]],[[93.5359,23.621],[93.5612,23.5445],[93.6137,23.522],[93.6311,23.4865],[93.632,23.5211],[93.6083,23.5496],[93.6309,23.553],[93.6385,23.573],[93.6056,23.5525],[93.5773,23.5693],[93.5527,23.631],[93.5359,23.621]],[[93.3,23.6083],[93.3225,23.6276],[93.3039,23.656],[93.2855,23.6378],[93.3,23.6083]],[[91.0592,23.6171],[91.0656,23.6247],[91.0587,23.624],[91.0592,23.6171]],[[91.0749,23.6242],[91.0835,23.6347],[91.0789,23.6415],[91.0749,23.6242]],[[91.1171,23.6426],[91.1247,23.6489],[91.1167,23.65],[91.1171,23.6426]],[[91.1081,23.6487],[91.1003,23.6428],[91.1083,23.6417],[91.1081,23.6487]],[[91.1574,23.6413],[91.1511,23.6336],[91.158,23.6344],[91.1574,23.6413]],[[93.5808,23.6306],[93.6138,23.6448],[93.5935,23.6554],[93.5959,23.6895],[93.5748,23.6674],[93.551,23.6779],[93.5808,23.6306]],[[91.1588,23.6676],[91.1661,23.6743],[91.1583,23.675],[91.1588,23.6676]],[[91.1332,23.6737],[91.1253,23.6678],[91.1333,23.6667],[91.1332,23.6737]],[[91.2078,23.6743],[91.2007,23.6672],[91.2077,23.6673],[91.2078,23.6743]],[[93.5167,23.6833],[93.509,23.691],[93.5089,23.684],[93.5167,23.6833]],[[93.6548,23.7047],[93.6635,23.6694],[93.6807,23.7112],[93.6502,23.7396],[93.6519,23.778],[93.672,23.7876],[93.6596,23.8251],[93.6725,23.8458],[93.6352,23.8541],[93.6365,23.906],[93.6024,23.8726],[93.5867,23.82],[93.6232,23.8363],[93.6192,23.7119],[93.6548,23.7047]],[[91.2339,23.7257],[91.241,23.7328],[91.234,23.7327],[91.2339,23.7257]],[[91.2588,23.7342],[91.2664,23.7406],[91.2583,23.7417],[91.2588,23.7342]],[[91.2176,23.7421],[91.2239,23.7497],[91.217,23.749],[91.2176,23.7421]],[[91.2,23.75],[91.1954,23.7664],[91.1836,23.7537],[91.2,23.75]],[[93.5595,23.7408],[93.5657,23.7259],[93.5652,23.7412],[93.5595,23.7408]],[[93.2428,23.783],[93.2805,23.7875],[93.2617,23.8125],[93.2804,23.8267],[93.2835,23.8588],[93.2689,23.8665],[93.2441,23.8473],[93.2428,23.783]],[[91.1926,23.7837],[91.1989,23.7914],[91.192,23.7907],[91.1926,23.7837]],[[92.9547,23.784],[92.9487,23.806],[92.9438,23.8072],[92.9427,23.7943],[92.9547,23.784]],[[93.1001,23.8258],[93.0916,23.8153],[93.0961,23.8085],[93.1001,23.8258]],[[92.9364,23.8173],[92.941,23.8463],[92.9364,23.8494],[92.9364,23.8173]],[[93.5813,23.8063],[93.5668,23.7911],[93.5703,23.7761],[93.5813,23.8063]],[[93.2828,23.8956],[93.267,23.8961],[93.2786,23.8757],[93.283,23.8798],[93.2828,23.8956]],[[93.6043,23.8948],[93.6222,23.9186],[93.6219,23.9474],[93.6101,23.9299],[93.6043,23.8948]],[[91.2667,23.9333],[91.2587,23.9407],[91.2592,23.9337],[91.2667,23.9333]],[[93.2926,23.9416],[93.288,23.9572],[93.2602,23.9554],[93.2782,23.9431],[93.2926,23.9416]],[[91.2997,23.9572],[91.2921,23.9509],[91.299,23.9504],[91.2997,23.9572]],[[91.225,23.95],[91.2173,23.9577],[91.2176,23.9504],[91.225,23.95]],[[91.2586,23.9594],[91.2663,23.9658],[91.2594,23.9663],[91.2586,23.9594]],[[93.2836,23.9678],[93.2913,23.9741],[93.2844,23.9747],[93.2836,23.9678]],[[91.2792,23.9727],[91.2822,23.9831],[91.2759,23.9828],[91.2792,23.9727]],[[93.3956,23.9834],[93.4141,24.0127],[93.3956,24.0309],[93.3773,24.0127],[93.3956,23.9834]],[[91.3834,23.9986],[91.3748,24.0],[91.3794,23.9916],[91.3834,23.9986]],[[93.9455,24.0256],[93.9568,24.045],[93.9557,24.0491],[93.9426,24.0388],[93.9455,24.0256]],[[93.7023,24.0365],[93.7083,24.0789],[93.7125,24.0979],[93.7007,24.0764],[93.7023,24.0365]],[[93.3997,24.0489],[93.3921,24.0426],[93.399,24.042],[93.3997,24.0489]],[[91.5748,24.0487],[91.567,24.0428],[91.575,24.0417],[91.5748,24.0487]],[[91.607,24.0568],[91.5929,24.0606],[91.6066,24.0509],[91.607,24.0568]],[[91.5689,24.0685],[91.5809,24.0891],[91.5688,24.0898],[91.5689,24.0685]],[[91.5917,24.0917],[91.6075,24.0844],[91.6076,24.0905],[91.5917,24.0917]],[[93.4417,24.1],[93.4491,24.0768],[93.4456,24.0998],[93.4417,24.1]],[[91.5926,24.1004],[91.5989,24.1081],[91.592,24.1073],[91.5926,24.1004]],[[93.9417,24.1083],[93.957,24.1007],[93.958,24.1067],[93.9417,24.1083]],[[93.9743,24.0995],[93.9672,24.0924],[93.975,24.0917],[93.9743,24.0995]],[[93.9777,23.8843],[93.9896,23.8903],[93.9676,23.8974],[93.9777,23.8843]],[[97.6941,24.0193],[97.7482,24.0362],[97.7725,24.0551],[97.7139,24.0486],[97.6941,24.0193]],[[93.9439,24.0602],[93.9643,24.0727],[93.9351,24.0714],[93.9439,24.0602]],[[94.024,24.092],[94.0167,24.1],[94.0171,24.0926],[94.024,24.092]],[[93.7004,23.9926],[93.7081,23.9989],[93.7,24.0],[93.7004,23.9926]],[[91.2997,23.9822],[91.2921,23.9759],[91.299,23.9754],[91.2997,23.9822]],[[93.6766,23.9743],[93.6945,23.9518],[93.7143,23.9531],[93.7045,23.973],[93.6766,23.9743]],[[93.7421,23.6842],[93.7497,23.6906],[93.7417,23.6917],[93.7421,23.6842]],[[93.3833,23.625],[93.391,23.6173],[93.3908,23.6246],[93.3833,23.625]],[[93.3331,23.6156],[93.3254,23.6092],[93.3323,23.6087],[93.3331,23.6156]],[[93.5241,23.4918],[93.5099,23.4984],[93.5099,23.4766],[93.5148,23.4764],[93.5241,23.4918]],[[91.1254,23.4842],[91.1328,23.491],[91.125,23.4917],[91.1254,23.4842]],[[91.2004,23.4842],[91.2081,23.4906],[91.2,23.4917],[91.2004,23.4842]],[[92.9817,23.5098],[92.9693,23.5246],[92.9592,23.5224],[92.9817,23.5098]],[[93.3836,23.55],[93.375,23.5514],[93.379,23.5416],[93.3836,23.55]],[[91.4078,23.4743],[91.4007,23.4672],[91.4077,23.4673],[91.4078,23.4743]],[[91.2081,23.4656],[91.2004,23.4592],[91.2073,23.4587],[91.2081,23.4656]],[[91.4574,23.4579],[91.4511,23.4503],[91.458,23.451],[91.4574,23.4579]],[[91.1754,23.4592],[91.1828,23.466],[91.175,23.4667],[91.1754,23.4592]],[[93.6588,23.3842],[93.6664,23.3906],[93.6583,23.3917],[93.6588,23.3842]],[[97.4256,23.7994],[97.4333,23.7917],[97.4326,23.7995],[97.4256,23.7994]],[[93.991,23.7661],[93.9839,23.759],[93.9917,23.7583],[93.991,23.7661]],[[97.9246,23.6491],[97.917,23.6428],[97.925,23.6417],[97.9246,23.6491]],[[97.968,23.6539],[97.9885,23.6623],[97.989,23.6956],[97.969,23.7044],[97.9615,23.7391],[97.9524,23.6697],[97.968,23.6539]],[[97.8092,23.7587],[97.8156,23.7664],[97.8087,23.7657],[97.8092,23.7587]],[[97.3746,23.3074],[97.367,23.3011],[97.375,23.3],[97.3746,23.3074]],[[97.4509,23.4171],[97.4572,23.4247],[97.4504,23.424],[97.4509,23.4171]],[[97.4395,23.4258],[97.4458,23.4413],[97.4342,23.4267],[97.4395,23.4258]],[[97.3021,23.489],[97.3457,23.4849],[97.3489,23.4948],[97.3021,23.489]],[[97.5581,23.4572],[97.5504,23.4509],[97.5573,23.4504],[97.5581,23.4572]],[[91.5058,24.1848],[91.5393,24.1789],[91.5298,24.2227],[91.5003,24.2414],[91.5227,24.2053],[91.5058,24.1848]],[[91.4996,24.2241],[91.492,24.2178],[91.5,24.2167],[91.4996,24.2241]],[[91.6716,24.2791],[91.653,24.228],[91.6702,24.2183],[91.7004,24.2303],[91.6773,24.2475],[91.7074,24.2535],[91.7019,24.2707],[91.7236,24.2783],[91.7392,24.3035],[91.7409,24.3589],[91.7276,24.3791],[91.7477,24.3786],[91.7573,24.4016],[91.7286,24.4036],[91.7139,24.4392],[91.704,24.4113],[91.6762,24.424],[91.6532,24.4199],[91.6457,24.4387],[91.6263,24.4275],[91.6534,24.3617],[91.6721,24.3537],[91.6444,24.3367],[91.7213,24.3142],[91.7163,24.2835],[91.6445,24.3055],[91.6716,24.2791]],[[91.5913,24.2741],[91.5836,24.2678],[91.5917,24.2667],[91.5913,24.2741]],[[91.7061,24.3026],[91.7045,24.3159],[91.6762,24.3142],[91.678,24.3096],[91.7061,24.3026]],[[91.5829,24.3908],[91.5753,24.3844],[91.5833,24.3833],[91.5829,24.3908]],[[91.6528,24.4562],[91.6894,24.4379],[91.6725,24.4546],[91.6528,24.4562]],[[91.6418,24.4588],[91.6266,24.4569],[91.6271,24.4438],[91.6333,24.4417],[91.6418,24.4588]],[[91.6947,24.4661],[91.698,24.4509],[91.7076,24.4647],[91.6947,24.4661]],[[91.7504,24.4676],[91.7581,24.4739],[91.75,24.475],[91.7504,24.4676]],[[91.7091,24.4755],[91.7161,24.4826],[91.7083,24.4833],[91.7091,24.4755]],[[91.6982,24.4763],[91.6861,24.4913],[91.676,24.4893],[91.6982,24.4763]],[[91.7018,24.4932],[91.7154,24.498],[91.693,24.5066],[91.7018,24.4932]],[[91.6254,24.5009],[91.6328,24.5076],[91.625,24.5083],[91.6254,24.5009]],[[91.5915,24.507],[91.5836,24.5011],[91.5917,24.5],[91.5915,24.507]],[[91.659,24.516],[91.6667,24.5083],[91.666,24.5161],[91.659,24.516]],[[91.8086,24.5178],[91.8163,24.5241],[91.8094,24.5247],[91.8086,24.5178]],[[91.5005,24.5257],[91.5076,24.5328],[91.5006,24.5327],[91.5005,24.5257]],[[91.7753,24.5261],[91.7829,24.5324],[91.776,24.533],[91.7753,24.5261]],[[91.6509,24.5337],[91.6572,24.5414],[91.6504,24.5407],[91.6509,24.5337]],[[91.5509,24.5421],[91.5572,24.5497],[91.5504,24.549],[91.5509,24.5421]],[[91.5753,24.5511],[91.5829,24.5574],[91.576,24.558],[91.5753,24.5511]],[[91.592,24.5594],[91.5996,24.5658],[91.5927,24.5663],[91.592,24.5594]],[[91.5759,24.5671],[91.5822,24.5747],[91.5754,24.574],[91.5759,24.5671]],[[91.6763,24.5735],[91.6904,24.5772],[91.6903,24.5822],[91.6763,24.5735]],[[91.7681,24.5822],[91.7772,24.5679],[91.7822,24.568],[91.7681,24.5822]],[[97.5921,24.5759],[97.5997,24.5822],[97.5917,24.5833],[97.5921,24.5759]],[[93.5683,24.5839],[93.5821,24.591],[93.5667,24.5917],[93.5683,24.5839]],[[91.6092,24.5837],[91.6156,24.5914],[91.6087,24.5907],[91.6092,24.5837]],[[91.5826,24.5922],[91.5793,24.6156],[91.5625,24.6236],[91.5688,24.5873],[91.5826,24.5922]],[[91.6696,24.639],[91.6716,24.6023],[91.68,24.6398],[91.6696,24.639]],[[91.6333,24.6333],[91.6256,24.641],[91.6255,24.634],[91.6333,24.6333]],[[91.7004,24.6259],[91.7081,24.6322],[91.7,24.6333],[91.7004,24.6259]],[[91.6202,24.6237],[91.6292,24.61],[91.6487,24.6111],[91.6472,24.6152],[91.6202,24.6237]],[[91.742,24.599],[91.75,24.5917],[91.7493,24.5995],[91.742,24.599]],[[91.6581,24.5886],[91.6506,24.5841],[91.6596,24.5875],[91.6581,24.5886]],[[97.6167,24.5667],[97.6172,24.5525],[97.6221,24.5505],[97.6327,24.5646],[97.6167,24.5667]],[[97.5502,24.5583],[97.5416,24.5598],[97.5456,24.5499],[97.5502,24.5583]],[[91.8081,24.5489],[91.8004,24.5426],[91.8073,24.542],[91.8081,24.5489]],[[97.6341,24.547],[97.6397,24.5257],[97.6398,24.5493],[97.6341,24.547]],[[91.7433,24.5422],[91.7571,24.5493],[91.7417,24.55],[91.7433,24.5422]],[[91.7414,24.5656],[91.7338,24.5592],[91.7407,24.5587],[91.7414,24.5656]],[[97.6491,24.5163],[97.6428,24.5086],[97.6497,24.5094],[97.6491,24.5163]],[[91.7376,24.5147],[91.7369,24.4944],[91.7816,24.4959],[91.75,24.5],[91.7376,24.5147]],[[91.8387,24.4849],[91.8339,24.4996],[91.7937,24.496],[91.8254,24.49],[91.8387,24.4849]],[[93.6829,24.4991],[93.6755,24.4924],[93.6833,24.4917],[93.6829,24.4991]],[[94.1419,24.493],[94.1497,24.4989],[94.1417,24.5],[94.1419,24.493]],[[91.8505,24.4924],[91.8576,24.4995],[91.8506,24.4994],[91.8505,24.4924]],[[91.9741,24.4829],[91.9678,24.4753],[91.9747,24.476],[91.9741,24.4829]],[[91.9847,24.4822],[91.9939,24.4679],[91.9989,24.468],[91.9847,24.4822]],[[93.675,24.475],[93.6526,24.4716],[93.6569,24.4385],[93.6368,24.4108],[93.6565,24.4128],[93.675,24.475]],[[97.7503,24.4261],[97.7579,24.4324],[97.751,24.433],[97.7503,24.4261]],[[91.9077,24.409],[91.9,24.4167],[91.9007,24.4089],[91.9077,24.409]],[[91.9807,24.4081],[91.969,24.4003],[91.9832,24.4023],[91.9807,24.4081]],[[91.8997,24.3989],[91.8921,24.3926],[91.899,24.392],[91.8997,24.3989]],[[91.8498,24.3918],[91.8486,24.4128],[91.8382,24.423],[91.8361,24.4014],[91.8498,24.3918]],[[91.7831,24.4072],[91.7754,24.4009],[91.7823,24.4004],[91.7831,24.4072]],[[91.7577,24.4167],[91.7657,24.4355],[91.7446,24.4462],[91.7445,24.4197],[91.7577,24.4167]],[[91.8458,24.4441],[91.8765,24.4426],[91.8825,24.4527],[91.8523,24.4546],[91.8458,24.4441]],[[91.9083,24.45],[91.9477,24.4176],[91.9735,24.4288],[91.9276,24.4538],[91.9139,24.4812],[91.8972,24.4825],[91.9141,24.4709],[91.9083,24.45]],[[91.8997,24.4656],[91.8921,24.4592],[91.899,24.4587],[91.8997,24.4656]],[[91.8415,24.4653],[91.8336,24.4594],[91.8417,24.4583],[91.8415,24.4653]],[[91.7684,24.4598],[91.7822,24.4777],[91.7812,24.4821],[91.7684,24.4598]],[[91.8597,24.4822],[91.8689,24.4679],[91.8739,24.468],[91.8597,24.4822]],[[91.975,24.4667],[91.9827,24.459],[91.9825,24.4663],[91.975,24.4667]],[[91.9664,24.4572],[91.9588,24.4509],[91.9657,24.4504],[91.9664,24.4572]],[[91.9908,24.4413],[91.9845,24.4336],[91.9913,24.4344],[91.9908,24.4413]],[[91.9247,24.4239],[91.9171,24.4176],[91.924,24.417],[91.9247,24.4239]],[[91.8757,24.4255],[91.8828,24.4326],[91.875,24.4333],[91.8757,24.4255]],[[91.8586,24.4011],[91.8663,24.4074],[91.8594,24.408],[91.8586,24.4011]],[[91.8826,24.3995],[91.8755,24.3924],[91.8833,24.3917],[91.8826,24.3995]],[[91.6831,24.5072],[91.6754,24.5009],[91.6823,24.5004],[91.6831,24.5072]],[[91.8917,24.3833],[91.9055,24.3752],[91.9082,24.381],[91.8917,24.3833]],[[91.9243,24.3745],[91.9172,24.3674],[91.925,24.3667],[91.9243,24.3745]],[[97.6169,24.368],[97.6247,24.3739],[97.6167,24.375],[97.6169,24.368]],[[91.9,24.3583],[91.8847,24.366],[91.8837,24.36],[91.9,24.3583]],[[97.6324,24.3579],[97.6261,24.3503],[97.633,24.351],[97.6324,24.3579]],[[91.9747,24.3489],[91.9671,24.3426],[91.974,24.342],[91.9747,24.3489]],[[91.8929,24.3485],[91.8714,24.3395],[91.8701,24.3353],[91.888,24.3273],[91.8929,24.3485]],[[93.4092,24.3259],[93.4251,24.3163],[93.4221,24.2687],[93.4392,24.3054],[93.4208,24.3316],[93.4092,24.3259]],[[97.5421,24.2759],[97.5497,24.2822],[97.5417,24.2833],[97.5421,24.2759]],[[91.8664,24.2739],[91.8588,24.2676],[91.8657,24.267],[91.8664,24.2739]],[[91.7564,24.2863],[91.7583,24.3083],[91.7622,24.3152],[91.7436,24.2883],[91.7564,24.2863]],[[91.8389,24.3319],[91.8454,24.2857],[91.8645,24.3138],[91.8389,24.3319]],[[91.8833,24.3167],[91.8907,24.3087],[91.8914,24.3156],[91.8833,24.3167]],[[91.8588,24.2926],[91.8664,24.2989],[91.8583,24.3],[91.8588,24.2926]],[[91.7515,24.3427],[91.7577,24.3637],[91.75,24.3667],[91.7515,24.3427]],[[91.837,24.3504],[91.8404,24.3646],[91.8268,24.3658],[91.8262,24.3599],[91.837,24.3504]],[[91.8506,24.3577],[91.8583,24.35],[91.8576,24.3578],[91.8506,24.3577]],[[91.8485,24.2654],[91.8522,24.2513],[91.8572,24.2514],[91.8485,24.2654]],[[91.8404,24.2485],[91.8263,24.2522],[91.84,24.2426],[91.8404,24.2485]],[[91.7417,24.2417],[91.7337,24.249],[91.7342,24.2421],[91.7417,24.2417]],[[91.8575,24.2413],[91.8511,24.2336],[91.858,24.2344],[91.8575,24.2413]],[[94.0336,24.2328],[94.0349,24.2204],[94.0469,24.1944],[94.0558,24.2371],[94.0336,24.2328]],[[94.0752,24.2027],[94.0831,24.2144],[94.075,24.2167],[94.0752,24.2027]],[[93.7581,24.2156],[93.7504,24.2092],[93.7573,24.2087],[93.7581,24.2156]],[[91.725,24.2333],[91.7173,24.241],[91.7176,24.2337],[91.725,24.2333]],[[94.017,24.1511],[94.0246,24.1574],[94.0177,24.158],[94.017,24.1511]],[[94.0826,24.1495],[94.0755,24.1424],[94.0833,24.1417],[94.0826,24.1495]],[[94.0496,24.1408],[94.042,24.1344],[94.05,24.1333],[94.0496,24.1408]],[[97.7756,24.3494],[97.7833,24.3417],[97.7826,24.3495],[97.7756,24.3494]],[[91.6318,24.6506],[91.6561,24.6649],[91.6249,24.658],[91.6318,24.6506]],[[91.5917,24.65],[91.5837,24.6573],[91.5842,24.6504],[91.5917,24.65]],[[91.6259,24.6837],[91.6322,24.6914],[91.6254,24.6907],[91.6259,24.6837]],[[91.6586,24.6928],[91.6663,24.6991],[91.6594,24.6997],[91.6586,24.6928]],[[91.7252,24.6943],[91.7331,24.7061],[91.725,24.7083],[91.7252,24.6943]],[[91.6943,24.7085],[91.7061,24.7164],[91.6918,24.7144],[91.6943,24.7085]],[[91.6089,24.709],[91.616,24.7161],[91.609,24.716],[91.6089,24.709]],[[91.6339,24.7189],[91.6493,24.7217],[91.6353,24.7326],[91.6339,24.7189]],[[91.75,24.7333],[91.7653,24.7257],[91.7663,24.7317],[91.75,24.7333]],[[91.6757,24.7339],[91.6828,24.741],[91.675,24.7417],[91.6757,24.7339]],[[91.6665,24.7403],[91.6586,24.7344],[91.6667,24.7333],[91.6665,24.7403]],[[91.6938,24.7549],[91.696,24.736],[91.7313,24.7379],[91.7126,24.756],[91.6938,24.7549]],[[91.6833,24.75],[91.6711,24.7672],[91.6686,24.7507],[91.6833,24.75]],[[91.6496,24.7574],[91.642,24.7511],[91.65,24.75],[91.6496,24.7574]],[[91.7754,24.7592],[91.7831,24.7656],[91.775,24.7667],[91.7754,24.7592]],[[91.742,24.7428],[91.7496,24.7491],[91.7427,24.7497],[91.742,24.7428]],[[91.7993,24.7411],[91.7922,24.734],[91.8,24.7333],[91.7993,24.7411]],[[91.8179,24.725],[91.8262,24.7103],[91.8318,24.71],[91.8319,24.7316],[91.8179,24.725]],[[91.741,24.7173],[91.7333,24.725],[91.7341,24.7172],[91.741,24.7173]],[[91.6832,24.7222],[91.6753,24.7106],[91.6833,24.7083],[91.6832,24.7222]],[[91.7009,24.7754],[91.7072,24.7831],[91.7004,24.7823],[91.7009,24.7754]],[[91.6811,24.7772],[91.6683,24.7893],[91.6598,24.7778],[91.6811,24.7772]],[[91.809,24.7827],[91.8167,24.775],[91.816,24.7828],[91.809,24.7827]],[[91.8254,24.7842],[91.8331,24.7906],[91.825,24.7917],[91.8254,24.7842]],[[91.7079,24.7991],[91.7003,24.7928],[91.7083,24.7917],[91.7079,24.7991]],[[91.8086,24.8261],[91.8163,24.8324],[91.8094,24.833],[91.8086,24.8261]],[[91.7924,24.8339],[91.7995,24.841],[91.7917,24.8417],[91.7924,24.8339]],[[91.675,24.8333],[91.6673,24.841],[91.6676,24.8337],[91.675,24.8333]],[[91.7586,24.8428],[91.7663,24.8491],[91.7594,24.8497],[91.7586,24.8428]],[[91.7018,24.8486],[91.7156,24.8522],[91.7153,24.8573],[91.7018,24.8486]],[[91.6843,24.8509],[91.6905,24.8658],[91.6843,24.8658],[91.6843,24.8509]],[[91.6092,24.8671],[91.6156,24.8747],[91.6087,24.874],[91.6092,24.8671]],[[91.6299,24.8688],[91.6473,24.9066],[91.6294,24.9235],[91.5954,24.9224],[91.5778,24.9036],[91.5865,24.8789],[91.6192,24.8987],[91.6299,24.8688]],[[91.5736,24.9262],[91.568,24.9326],[91.5708,24.914],[91.5736,24.9262]],[[91.6003,24.9344],[91.6079,24.9408],[91.601,24.9413],[91.6003,24.9344]],[[91.5916,24.9421],[91.6074,24.9624],[91.6048,24.9738],[91.5847,24.9551],[91.5916,24.9421]],[[91.6252,24.9611],[91.6331,24.9727],[91.625,24.975],[91.6252,24.9611]],[[91.6754,24.9676],[91.6831,24.9739],[91.675,24.975],[91.6754,24.9676]],[[91.687,24.9305],[91.6779,24.8943],[91.7157,24.9387],[91.7049,24.989],[91.687,24.9305]],[[91.6736,24.9261],[91.6645,24.9404],[91.6595,24.9403],[91.6736,24.9261]],[[91.6426,24.9342],[91.6489,24.9491],[91.6426,24.9491],[91.6426,24.9342]],[[91.6331,24.9489],[91.6254,24.9426],[91.6323,24.942],[91.6331,24.9489]],[[91.7287,24.9987],[91.7253,24.9918],[91.7405,24.9881],[91.7287,24.9987]],[[91.8536,24.9908],[91.9418,25.0084],[92.1879,25.0001],[92.2241,25.0263],[92.1425,25.0492],[92.0883,25.0447],[92.0872,25.0734],[92.0612,25.0525],[92.0197,25.0806],[91.9421,25.0506],[91.8772,25.0563],[91.8721,25.0031],[91.8536,24.9908]],[[91.7579,25.0074],[91.7503,25.0011],[91.7583,25.0],[91.7579,25.0074]],[[92.1004,25.0759],[92.1081,25.0822],[92.1,25.0833],[92.1004,25.0759]],[[93.711,25.0901],[93.7482,25.078],[93.7459,25.0439],[93.773,25.0692],[93.7728,25.088],[93.7523,25.0874],[93.7476,25.123],[93.7348,25.1197],[93.7326,25.0872],[93.711,25.0901]],[[92.0422,25.0924],[92.0493,25.0995],[92.0423,25.0994],[92.0422,25.0924]],[[92.0217,25.0935],[92.0083,25.1083],[92.0561,25.1135],[92.0161,25.1161],[91.9939,25.1039],[92.0217,25.0935]],[[91.9926,25.1171],[91.9989,25.1247],[91.992,25.124],[91.9926,25.1171]],[[92.142,25.1261],[92.1496,25.1324],[92.1427,25.133],[92.142,25.1261]],[[92.1104,25.1254],[92.1302,25.1474],[92.1214,25.1568],[92.0706,25.1665],[92.0091,25.1514],[92.1104,25.1254]],[[92.7264,25.141],[92.7417,25.1333],[92.7412,25.1398],[92.7264,25.141]],[[93.652,25.1481],[93.6361,25.1269],[93.6564,25.1482],[93.652,25.1481]],[[92.1917,25.125],[92.184,25.1327],[92.1842,25.1254],[92.1917,25.125]],[[93.5908,25.1246],[93.5845,25.1169],[93.5913,25.1177],[93.5908,25.1246]],[[93.6046,25.1164],[93.6094,25.0956],[93.6139,25.0929],[93.6156,25.1113],[93.6046,25.1164]],[[93.0583,25.0917],[93.0506,25.0994],[93.0505,25.0924],[93.0583,25.0917]],[[92.0829,25.0991],[92.0753,25.0928],[92.0833,25.0917],[92.0829,25.0991]],[[93.5253,25.1029],[93.541,25.1135],[93.5277,25.1163],[93.5253,25.1029]],[[91.9996,25.1574],[91.992,25.1511],[92.0,25.15],[91.9996,25.1574]],[[93.2415,25.175],[93.2501,25.1736],[93.2461,25.1834],[93.2415,25.175]],[[92.0498,25.182],[92.042,25.1761],[92.05,25.175],[92.0498,25.182]],[[93.9111,25.3084],[93.9304,25.3042],[93.9414,25.2607],[93.9252,25.217],[93.9443,25.2013],[93.9806,25.2349],[93.9755,25.2744],[93.9893,25.2959],[93.9777,25.3375],[93.9976,25.3639],[93.9774,25.38],[93.9803,25.3535],[93.9547,25.3115],[93.945,25.317],[93.92,25.3457],[93.9335,25.3706],[93.9221,25.4481],[93.8718,25.4658],[93.8596,25.4546],[93.8594,25.4391],[93.8898,25.4124],[93.8605,25.4126],[93.8394,25.3439],[93.8113,25.3638],[93.8304,25.3116],[93.8043,25.2687],[93.7688,25.2795],[93.7568,25.2286],[93.7349,25.211],[93.7369,25.1856],[93.7556,25.1854],[93.7953,25.2298],[93.8136,25.2281],[93.878,25.2887],[93.9047,25.295],[93.9083,25.3083],[93.9111,25.3084]],[[94.0504,25.2009],[94.0581,25.2072],[94.05,25.2083],[94.0504,25.2009]],[[94.0574,25.1913],[94.0511,25.1836],[94.058,25.1844],[94.0574,25.1913]],[[94.259,25.1827],[94.236,25.1373],[94.237,25.0854],[94.2815,25.1381],[94.3138,25.2307],[94.259,25.1827]],[[93.9928,25.143],[94.0071,25.1522],[94.007,25.1572],[93.9928,25.143]],[[93.4833,25.2083],[93.5412,25.2287],[93.5485,25.2538],[93.5043,25.248],[93.4833,25.2083]],[[93.3329,25.2491],[93.3253,25.2428],[93.3333,25.2417],[93.3329,25.2491]],[[93.5164,25.2656],[93.5088,25.2592],[93.5157,25.2587],[93.5164,25.2656]],[[93.4917,25.2583],[93.4789,25.2896],[93.4605,25.2723],[93.4917,25.2583]],[[93.3667,25.2667],[93.3508,25.2739],[93.3508,25.2678],[93.3667,25.2667]],[[93.7813,25.2942],[93.7727,25.3142],[93.7631,25.3158],[93.7611,25.3011],[93.7813,25.2942]],[[93.45,25.3083],[93.4694,25.3095],[93.473,25.3141],[93.4474,25.3242],[93.45,25.3083]],[[93.4581,25.3406],[93.4504,25.3342],[93.4573,25.3337],[93.4581,25.3406]],[[91.5748,25.3403],[91.567,25.3344],[91.575,25.3333],[91.5748,25.3403]],[[93.4914,25.3572],[93.4838,25.3509],[93.4907,25.3504],[93.4914,25.3572]],[[93.475,25.35],[93.4592,25.3573],[93.4591,25.3511],[93.475,25.35]],[[93.5079,25.3741],[93.5003,25.3678],[93.5083,25.3667],[93.5079,25.3741]],[[93.8156,25.4061],[93.8098,25.3934],[93.825,25.3917],[93.8156,25.4061]],[[93.5663,25.4241],[93.5586,25.4178],[93.5667,25.4167],[93.5663,25.4241]],[[91.9406,25.4666],[91.9327,25.4916],[91.9019,25.4707],[91.9165,25.4585],[91.9406,25.4666]],[[91.8746,25.4918],[91.8909,25.5365],[91.8537,25.5568],[91.8189,25.5226],[91.8175,25.4885],[91.8391,25.475],[91.8746,25.4918]],[[91.4456,25.5494],[91.4422,25.5285],[91.4529,25.5252],[91.4578,25.5372],[91.4456,25.5494]],[[93.9775,25.5487],[93.9513,25.5333],[93.897,25.549],[93.8764,25.5203],[93.8931,25.5011],[93.9301,25.503],[93.9401,25.5322],[93.9883,25.523],[93.9868,25.5034],[94.0073,25.4917],[93.9778,25.4733],[93.9857,25.4368],[94.0398,25.4447],[94.0628,25.4724],[94.0524,25.4285],[94.0779,25.4399],[94.0881,25.4192],[94.0942,25.471],[94.1202,25.4444],[94.1377,25.4516],[94.1349,25.4962],[94.1728,25.5374],[94.1443,25.5208],[94.1303,25.5966],[94.0809,25.6634],[94.0554,25.645],[94.0417,25.657],[94.0217,25.6361],[94.0118,25.6425],[94.0102,25.678],[94.0304,25.6875],[94.011,25.6959],[94.0098,25.7156],[93.978,25.7053],[93.9803,25.678],[93.9648,25.6619],[93.9519,25.6804],[93.8892,25.6105],[93.8429,25.6017],[93.8637,25.5607],[93.921,25.6139],[93.9107,25.5701],[93.9526,25.5736],[93.9775,25.5487]],[[93.7996,25.5741],[93.792,25.5678],[93.8,25.5667],[93.7996,25.5741]],[[93.8996,25.6491],[93.892,25.6428],[93.9,25.6417],[93.8996,25.6491]],[[94.1671,25.5009],[94.1747,25.5072],[94.1667,25.5083],[94.1671,25.5009]],[[94.1421,25.4759],[94.1497,25.4822],[94.1417,25.4833],[94.1421,25.4759]],[[93.6421,25.4832],[93.6557,25.5056],[93.6186,25.4978],[93.62,25.4769],[93.6421,25.4832]],[[93.8431,25.5183],[93.8577,25.5298],[93.8558,25.5408],[93.8431,25.5183]],[[94.1671,25.3342],[94.1747,25.3406],[94.1667,25.3417],[94.1671,25.3342]],[[94.0583,25.275],[94.0742,25.2677],[94.0743,25.2739],[94.0583,25.275]],[[94.0487,25.2399],[94.0283,25.2324],[94.0258,25.2279],[94.0388,25.2259],[94.0487,25.2399]],[[93.4736,25.1725],[93.452,25.1565],[93.4519,25.1522],[93.4736,25.1725]],[[93.8083,25.05],[93.8157,25.042],[93.8161,25.0493],[93.8083,25.05]],[[93.5917,25.0569],[93.5831,25.0583],[93.5877,25.0499],[93.5917,25.0569]],[[92.2339,25.0106],[92.2493,25.0133],[92.2353,25.0242],[92.2339,25.0106]],[[92.2903,25.0233],[92.2699,25.0158],[92.2677,25.0106],[92.2805,25.0092],[92.2903,25.0233]],[[92.3151,25.0078],[92.3013,25.0007],[92.3167,25.0],[92.3151,25.0078]],[[92.3253,25.0011],[92.3329,25.0074],[92.326,25.008],[92.3253,25.0011]],[[92.3833,25.0083],[92.3992,25.0011],[92.3993,25.0072],[92.3833,25.0083]],[[91.9577,24.9923],[91.95,25.0],[91.9507,24.9922],[91.9577,24.9923]],[[91.9081,24.9906],[91.9004,24.9842],[91.9073,24.9837],[91.9081,24.9906]],[[91.7578,24.9765],[91.7507,24.99],[91.7518,24.9754],[91.7578,24.9765]],[[91.8399,24.9795],[91.8098,24.9506],[91.7552,24.9511],[91.7286,24.9722],[91.7253,24.9593],[91.757,24.9424],[91.8087,24.9421],[91.8399,24.9795]],[[91.8504,24.9426],[91.8581,24.9489],[91.85,24.95],[91.8504,24.9426]],[[91.7331,24.9406],[91.7254,24.9342],[91.7323,24.9337],[91.7331,24.9406]],[[91.7671,24.9676],[91.7747,24.9739],[91.7667,24.975],[91.7671,24.9676]],[[91.7838,24.9676],[91.7914,24.9739],[91.7833,24.975],[91.7838,24.9676]],[[91.792,24.9223],[91.772,24.9111],[91.7599,24.9206],[91.7619,24.8693],[91.7725,24.8788],[91.7627,24.8986],[91.8133,24.9022],[91.792,24.9223]],[[91.8275,24.9057],[91.8472,24.8764],[91.8887,24.8703],[91.8275,24.9057]],[[93.7583,24.8833],[93.7656,24.8675],[93.7656,24.8824],[93.7583,24.8833]],[[94.1908,24.8663],[94.1845,24.8586],[94.1913,24.8594],[94.1908,24.8663]],[[93.6997,24.8572],[93.6921,24.8509],[93.699,24.8504],[93.6997,24.8572]],[[92.0081,24.8572],[92.0004,24.8509],[92.0073,24.8504],[92.0081,24.8572]],[[91.825,24.85],[91.8173,24.8577],[91.8176,24.8504],[91.825,24.85]],[[91.7446,24.8437],[91.7463,24.8654],[91.7263,24.8547],[91.7446,24.8437]],[[91.7764,24.8656],[91.7856,24.8513],[91.7906,24.8514],[91.7764,24.8656]],[[91.9256,24.866],[91.9333,24.8583],[91.9326,24.8661],[91.9256,24.866]],[[91.9009,24.8671],[91.9072,24.8747],[91.9004,24.874],[91.9009,24.8671]],[[91.7399,24.9225],[91.7194,24.8865],[91.75,24.875],[91.7475,24.9143],[91.7399,24.9225]],[[91.6653,24.9094],[91.6561,24.9237],[91.6511,24.9236],[91.6653,24.9094]],[[91.8514,24.8489],[91.8606,24.8346],[91.8656,24.8347],[91.8514,24.8489]],[[94.3074,25.0579],[94.3011,25.0503],[94.308,25.051],[94.3074,25.0579]],[[94.3333,25.725],[94.326,25.733],[94.3253,25.7261],[94.3333,25.725]],[[94.342,25.7344],[94.3496,25.7408],[94.3427,25.7413],[94.342,25.7344]],[[94.5262,25.7055],[94.5474,25.7193],[94.5545,25.8059],[94.571,25.7606],[94.6122,25.7969],[94.6234,25.7883],[94.5952,25.7024],[94.6381,25.7275],[94.6447,25.7553],[94.6638,25.7531],[94.6531,25.772],[94.6723,25.7815],[94.6264,25.8054],[94.6366,25.8305],[94.6467,25.8388],[94.6709,25.8191],[94.6956,25.8301],[94.7052,25.8112],[94.7227,25.8625],[94.6949,25.8431],[94.6608,25.846],[94.6679,25.953],[94.6956,25.9565],[94.7306,25.9183],[94.7482,25.9297],[94.7644,25.8948],[94.7739,25.9181],[94.7603,25.9544],[94.7956,25.9719],[94.806,25.9534],[94.8231,25.9962],[94.729,25.9525],[94.7029,25.988],[94.7308,25.9953],[94.7796,26.0566],[94.7553,26.0655],[94.6936,26.0377],[94.6395,25.9191],[94.6195,25.9129],[94.6305,25.8879],[94.6141,25.8606],[94.5795,25.8566],[94.5882,25.837],[94.5554,25.8324],[94.5432,25.8131],[94.5192,25.7551],[94.5262,25.7055]],[[94.3609,25.7529],[94.4533,25.8305],[94.4516,25.7952],[94.4728,25.7871],[94.4978,25.8371],[94.4782,25.8364],[94.4698,25.8638],[94.4786,25.888],[94.4986,25.8889],[94.4932,25.9197],[94.5206,25.9987],[94.5019,26.0042],[94.4886,25.9363],[94.4598,25.9195],[94.4563,25.8624],[94.429,25.8645],[94.4302,25.8345],[94.3953,25.8226],[94.3975,25.8023],[94.3609,25.7529]],[[94.1746,25.8574],[94.167,25.8511],[94.175,25.85],[94.1746,25.8574]],[[94.2079,25.8991],[94.2003,25.8928],[94.2083,25.8917],[94.2079,25.8991]],[[94.4917,25.9903],[94.4831,25.9917],[94.4877,25.9832],[94.4917,25.9903]],[[94.5846,25.9999],[94.599,25.9718],[94.5604,25.9795],[94.5722,25.9543],[94.5473,25.8924],[94.5643,25.8954],[94.6393,25.9945],[94.6041,26.0231],[94.5846,25.9999]],[[94.6679,26.05],[94.7146,26.069],[94.724,26.0917],[94.7112,26.1136],[94.7369,26.1406],[94.7736,26.1468],[94.7594,26.1832],[94.7737,26.2367],[94.7546,26.2653],[94.7358,26.2563],[94.7051,26.1928],[94.6679,26.1778],[94.6651,26.0701],[94.6543,26.0606],[94.6366,26.0721],[94.6191,26.0471],[94.6362,26.0109],[94.6635,26.0259],[94.6679,26.05]],[[94.2917,26.0986],[94.2831,26.1],[94.2877,26.0916],[94.2917,26.0986]],[[94.925,25.9917],[94.9482,25.9843],[94.9494,25.9895],[94.925,25.9917]],[[94.8838,25.8342],[94.8914,25.8406],[94.8833,25.8417],[94.8838,25.8342]],[[94.5,25.6667],[94.4966,25.6353],[94.5146,25.6564],[94.5,25.6667]],[[94.6318,25.5876],[94.6058,25.561],[94.5871,25.5277],[94.6137,25.5362],[94.6318,25.5876]],[[94.4079,25.5574],[94.4003,25.5511],[94.4083,25.55],[94.4079,25.5574]],[[94.9504,25.5592],[94.9581,25.5656],[94.95,25.5667],[94.9504,25.5592]],[[94.9584,25.5425],[94.9499,25.532],[94.9545,25.5251],[94.9584,25.5425]],[[94.9981,25.4728],[94.9774,25.4568],[94.977,25.4518],[94.9981,25.4728]],[[94.9338,25.2926],[94.9414,25.2989],[94.9333,25.3],[94.9338,25.2926]],[[94.8813,25.2146],[94.8668,25.1994],[94.8703,25.1844],[94.8813,25.2146]],[[94.7824,25.0913],[94.7761,25.0836],[94.783,25.0844],[94.7824,25.0913]],[[94.7075,25.0761],[94.6917,25.0833],[94.6927,25.0761],[94.7075,25.0761]],[[94.7533,25.049],[94.727,25.0057],[94.7194,24.9862],[94.747,24.9864],[94.7533,25.049]],[[94.7,24.9681],[94.7086,24.9667],[94.704,24.9751],[94.7,24.9681]],[[94.5504,24.9342],[94.5581,24.9406],[94.55,24.9417],[94.5504,24.9342]],[[97.1919,26.2082],[97.1593,26.1264],[97.1818,26.1007],[97.2058,26.1364],[97.1951,26.1564],[97.231,26.1779],[97.2211,26.2483],[97.1851,26.2382],[97.1919,26.2082]],[[97.15,26.1],[97.1271,26.0989],[97.1266,26.0932],[97.15,26.1]],[[97.6421,26.0426],[97.6497,26.0489],[97.6417,26.05],[97.6421,26.0426]],[[96.0583,25.9583],[96.0742,25.9511],[96.0743,25.9572],[96.0583,25.9583]],[[97.0961,25.8728],[97.0595,25.8636],[97.034,25.8179],[97.0496,25.7359],[97.026,25.6484],[97.0487,25.6171],[97.0807,25.6278],[97.0774,25.6643],[97.1305,25.6946],[97.1495,25.7408],[97.1451,25.7569],[97.0957,25.75],[97.0777,25.7612],[97.0933,25.8213],[97.1157,25.8401],[97.0961,25.8728]],[[97.0122,25.7395],[96.9841,25.7236],[97.016,25.7001],[97.0334,25.7171],[97.0122,25.7395]],[[95.3,26.3252],[95.3723,26.3361],[95.3807,26.3723],[95.2919,26.3429],[95.3,26.3252]],[[94.843,26.3828],[94.8189,26.3471],[94.8196,26.336],[94.8574,26.3632],[94.843,26.3828]],[[95.8374,26.4606],[95.8722,26.4766],[95.8677,26.5281],[95.8983,26.5462],[95.8961,26.5647],[95.8517,26.5723],[95.802,26.5311],[95.8107,26.4773],[95.8374,26.4606]],[[97.9329,26.7408],[97.9253,26.7344],[97.9333,26.7333],[97.9329,26.7408]],[[97.6238,27.5001],[97.6406,27.5361],[97.5968,27.5654],[97.6015,27.4957],[97.6238,27.5001]],[[95.8634,26.6087],[95.8835,26.6164],[95.8667,26.6417],[95.8581,26.6242],[95.8634,26.6087]],[[95.2656,26.8501],[95.2545,26.8656],[95.2417,26.8499],[95.2509,26.8417],[95.2656,26.8501]],[[95.5343,26.914],[95.5568,26.9384],[95.5365,26.9558],[95.5343,26.914]],[[95.6471,27.0028],[95.6545,27.0474],[95.6033,27.0022],[95.6471,27.0028]],[[95.5913,27.0074],[95.5836,27.0011],[95.5917,27.0],[95.5913,27.0074]],[[95.7496,27.0574],[95.742,27.0511],[95.75,27.05],[95.7496,27.0574]],[[91.5004,24.5092],[91.5081,24.5156],[91.5,24.5167],[91.5004,24.5092]],[[91.4588,24.4592],[91.4664,24.4656],[91.4583,24.4667],[91.4588,24.4592]],[[91.4996,24.2658],[91.492,24.2594],[91.5,24.2583],[91.4996,24.2658]],[[91.3273,24.0595],[91.3468,24.0651],[91.3258,24.0725],[91.3273,24.0595]],[[91.3496,24.0908],[91.342,24.0844],[91.35,24.0833],[91.3496,24.0908]],[[91.2717,24.0686],[91.2625,24.0811],[91.2437,24.0893],[91.2717,24.0686]],[[91.2835,24.0879],[91.2916,24.0779],[91.2888,24.0916],[91.2835,24.0879]],[[91.2101,24.1092],[91.2228,24.1245],[91.209,24.123],[91.2101,24.1092]],[[91.2359,24.1446],[91.2087,24.1499],[91.202,24.1537],[91.2146,24.1341],[91.2359,24.1446]],[[91.0497,23.5489],[91.0421,23.5426],[91.049,23.542],[91.0497,23.5489]],[[91.0165,23.5487],[91.0086,23.5428],[91.0167,23.5417],[91.0165,23.5487]],[[91.0,23.1833],[91.0158,23.1761],[91.0159,23.1822],[91.0,23.1833]],[[91.0324,23.1746],[91.0261,23.1669],[91.033,23.1677],[91.0324,23.1746]],[[91.1931,23.1406],[91.2022,23.1263],[91.2072,23.1264],[91.1931,23.1406]],[[91.7421,22.5926],[91.7497,22.5989],[91.7417,22.6],[91.7421,22.5926]],[[91.7504,22.5759],[91.7581,22.5822],[91.75,22.5833],[91.7504,22.5759]],[[91.8083,22.3931],[91.8169,22.3917],[91.8123,22.4001],[91.8083,22.3931]],[[92.0004,22.4676],[92.0081,22.4739],[92.0,22.475],[92.0004,22.4676]],[[92.0004,22.4426],[92.0081,22.4489],[92.0,22.45],[92.0004,22.4426]],[[92.0329,21.4908],[92.0253,21.4844],[92.0333,21.4833],[92.0329,21.4908]],[[92.2243,21.2245],[92.2172,21.2174],[92.225,21.2167],[92.2243,21.2245]],[[92.2835,21.218],[92.2914,21.2239],[92.2833,21.225],[92.2835,21.218]],[[92.1642,21.2089],[92.1562,21.2242],[92.1509,21.2233],[92.1642,21.2089]],[[92.192,21.2011],[92.1996,21.2074],[92.1927,21.208],[92.192,21.2011]],[[92.2252,21.2014],[92.2331,21.2072],[92.225,21.2083],[92.2252,21.2014]],[[92.1588,21.0842],[92.1664,21.0906],[92.1583,21.0917],[92.1588,21.0842]],[[92.5667,20.9583],[92.5729,20.9425],[92.5827,20.9563],[92.5667,20.9583]],[[92.5413,20.9491],[92.5336,20.9428],[92.5417,20.9417],[92.5413,20.9491]],[[92.4504,20.9259],[92.4581,20.9322],[92.45,20.9333],[92.4504,20.9259]],[[92.5161,20.8082],[92.5101,20.7881],[92.5117,20.7849],[92.5242,20.7965],[92.5161,20.8082]],[[92.5241,20.7746],[92.5178,20.7669],[92.5247,20.7677],[92.5241,20.7746]],[[92.4588,20.7259],[92.4664,20.7322],[92.4583,20.7333],[92.4588,20.7259]],[[92.5338,20.5926],[92.5414,20.5989],[92.5333,20.6],[92.5338,20.5926]],[[92.6754,20.4759],[92.6831,20.4822],[92.675,20.4833],[92.6754,20.4759]],[[92.5557,20.9312],[92.5355,20.9191],[92.5649,20.9194],[92.5557,20.9312]],[[92.8908,20.9246],[92.8845,20.9169],[92.8913,20.9177],[92.8908,20.9246]],[[92.8838,20.8759],[92.8914,20.8822],[92.8833,20.8833],[92.8838,20.8759]],[[92.6406,20.857],[92.6263,20.8478],[92.6264,20.8428],[92.6406,20.857]],[[92.6421,20.8092],[92.6497,20.8156],[92.6417,20.8167],[92.6421,20.8092]],[[92.8338,20.7842],[92.8414,20.7906],[92.8333,20.7917],[92.8338,20.7842]],[[92.9074,20.7829],[92.9011,20.7753],[92.908,20.776],[92.9074,20.7829]],[[92.8414,20.7739],[92.8338,20.7676],[92.8407,20.767],[92.8414,20.7739]],[[92.8421,20.7426],[92.8497,20.7489],[92.8417,20.75],[92.8421,20.7426]],[[92.8515,20.7036],[92.8974,20.678],[92.8417,20.7333],[92.8515,20.7036]],[[92.7163,20.6777],[92.7015,20.69],[92.7134,20.6674],[92.7163,20.6777]],[[92.8658,20.6246],[92.8595,20.6169],[92.8663,20.6177],[92.8658,20.6246]],[[92.7254,20.6092],[92.7331,20.6156],[92.725,20.6167],[92.7254,20.6092]],[[92.8333,20.6083],[92.8492,20.6011],[92.8493,20.6072],[92.8333,20.6083]],[[92.8642,20.598],[92.8443,20.5862],[92.8625,20.5443],[92.8745,20.5848],[92.8642,20.598]],[[92.8917,20.5417],[92.899,20.5258],[92.8989,20.5407],[92.8917,20.5417]],[[92.9428,20.5324],[92.949,20.5176],[92.949,20.5324],[92.9428,20.5324]],[[92.8672,20.5257],[92.8743,20.5328],[92.8673,20.5327],[92.8672,20.5257]],[[92.8945,20.5153],[92.9098,20.4941],[92.9149,20.4936],[92.8945,20.5153]],[[92.9417,20.5007],[92.9569,20.485],[92.9458,20.5077],[92.9417,20.5007]],[[92.891,20.4911],[92.9023,20.4539],[92.9217,20.4518],[92.9064,20.4799],[92.891,20.4911]],[[92.9834,20.4701],[92.9916,20.4803],[92.9833,20.4833],[92.9834,20.4701]],[[92.9747,20.4656],[92.9671,20.4592],[92.974,20.4587],[92.9747,20.4656]],[[92.9973,20.4581],[92.9856,20.4503],[92.9998,20.4523],[92.9973,20.4581]],[[92.8833,20.5],[92.8756,20.5077],[92.8759,20.5004],[92.8833,20.5]],[[92.7746,20.4908],[92.767,20.4844],[92.775,20.4833],[92.7746,20.4908]],[[92.8254,20.4426],[92.8331,20.4489],[92.825,20.45],[92.8254,20.4426]],[[92.8254,20.4176],[92.8331,20.4239],[92.825,20.425],[92.8254,20.4176]],[[92.8171,20.4009],[92.8247,20.4072],[92.8167,20.4083],[92.8171,20.4009]],[[92.7921,20.3759],[92.7997,20.3822],[92.7917,20.3833],[92.7921,20.3759]],[[92.9833,20.4333],[92.9871,20.417],[92.9997,20.4296],[92.9833,20.4333]],[[92.9413,20.4241],[92.9336,20.4178],[92.9417,20.4167],[92.9413,20.4241]],[[92.8994,20.418],[92.8895,20.4303],[92.8855,20.4311],[92.8858,20.41],[92.8994,20.418]],[[92.9329,20.4074],[92.9255,20.4007],[92.9333,20.4],[92.9329,20.4074]],[[92.9931,20.4072],[93.0022,20.3929],[93.0072,20.393],[92.9931,20.4072]],[[92.9189,20.4325],[92.9126,20.4171],[92.9241,20.4316],[92.9189,20.4325]],[[92.9333,20.325],[92.9437,20.3091],[92.9578,20.3199],[92.9543,20.3247],[92.9333,20.325]],[[92.9246,20.3241],[92.917,20.3178],[92.925,20.3167],[92.9246,20.3241]],[[92.9,20.3083],[92.9232,20.3009],[92.9245,20.3062],[92.9,20.3083]],[[92.9807,20.2998],[92.9691,20.2919],[92.9832,20.2939],[92.9807,20.2998]],[[92.8914,20.2906],[92.8838,20.2842],[92.8907,20.2837],[92.8914,20.2906]],[[92.9083,20.275],[92.916,20.2673],[92.9158,20.2746],[92.9083,20.275]],[[92.8997,20.2656],[92.8921,20.2592],[92.899,20.2587],[92.8997,20.2656]],[[92.8991,20.2413],[92.8928,20.2336],[92.8997,20.2344],[92.8991,20.2413]],[[92.9324,20.2329],[92.9261,20.2253],[92.933,20.226],[92.9324,20.2329]],[[92.9754,20.9592],[92.9831,20.9656],[92.975,20.9667],[92.9754,20.9592]],[[93.2009,20.8934],[93.216,20.8977],[93.2,20.9083],[93.2009,20.8934]],[[93.7158,20.8913],[93.7095,20.8836],[93.7163,20.8844],[93.7158,20.8913]],[[93.1331,20.8811],[93.1252,20.8693],[93.1311,20.8668],[93.1331,20.8811]],[[93.2169,20.868],[93.2247,20.8739],[93.2167,20.875],[93.2169,20.868]],[[93.7325,20.8663],[93.7261,20.8586],[93.733,20.8594],[93.7325,20.8663]],[[93.2707,20.8659],[93.2776,20.8519],[93.2903,20.8517],[93.29,20.8565],[93.2707,20.8659]],[[93.2547,20.8576],[93.2426,20.8471],[93.2438,20.8345],[93.2487,20.8356],[93.2547,20.8576]],[[93.3148,20.8363],[93.3008,20.8276],[93.3031,20.8185],[93.3148,20.8363]],[[93.3167,20.825],[93.3244,20.8173],[93.3245,20.8243],[93.3167,20.825]],[[93.2405,20.8197],[93.2268,20.8007],[93.2363,20.7852],[93.2347,20.8014],[93.2405,20.8197]],[[93.1498,20.7973],[93.1419,20.7856],[93.15,20.7833],[93.1498,20.7973]],[[93.2741,20.7829],[93.2678,20.7753],[93.2747,20.776],[93.2741,20.7829]],[[93.1332,20.7987],[93.1253,20.7928],[93.1333,20.7917],[93.1332,20.7987]],[[93.1416,20.8153],[93.15,20.8268],[93.1451,20.8331],[93.1416,20.8153]],[[93.1413,20.8491],[93.1336,20.8428],[93.1417,20.8417],[93.1413,20.8491]],[[93.2565,20.7728],[93.2357,20.7568],[93.2353,20.7518],[93.2565,20.7728]],[[93.2677,20.7477],[93.2833,20.7417],[93.2907,20.7358],[93.2805,20.7491],[93.2677,20.7477]],[[93.225,20.7299],[93.2167,20.7379],[93.2203,20.7249],[93.225,20.7299]],[[93.1673,20.6952],[93.1823,20.6971],[93.1667,20.7167],[93.1673,20.6952]],[[93.1873,20.667],[93.1906,20.6819],[93.175,20.6833],[93.1762,20.6773],[93.1873,20.667]],[[93.9571,20.7137],[93.9297,20.7077],[93.9261,20.7034],[93.9457,20.7007],[93.9571,20.7137]],[[93.8915,20.707],[93.8836,20.7011],[93.8917,20.7],[93.8915,20.707]],[[93.3838,20.4759],[93.3914,20.4822],[93.3833,20.4833],[93.3838,20.4759]],[[94.0167,20.4417],[94.0325,20.4344],[94.0326,20.4405],[94.0167,20.4417]],[[93.4253,20.3844],[93.4329,20.3908],[93.426,20.3913],[93.4253,20.3844]],[[94.0886,20.3905],[94.0759,20.3699],[94.0876,20.3669],[94.0886,20.3905]],[[93.3921,20.3669],[93.3858,20.3375],[93.4026,20.3339],[93.4058,20.3393],[93.3921,20.3669]],[[93.4585,20.3347],[93.4664,20.3406],[93.4583,20.3417],[93.4585,20.3347]],[[93.3667,20.3333],[93.3567,20.3489],[93.3513,20.3487],[93.3511,20.3348],[93.3667,20.3333]],[[93.3511,20.3597],[93.3654,20.3689],[93.3653,20.3739],[93.3511,20.3597]],[[93.3592,20.3239],[93.375,20.3167],[93.374,20.3239],[93.3592,20.3239]],[[93.4101,20.3236],[93.418,20.3023],[93.4227,20.301],[93.4241,20.3138],[93.4101,20.3236]],[[94.1958,20.3082],[94.2057,20.2921],[94.2081,20.3054],[94.1958,20.3082]],[[93.4325,20.2844],[93.4167,20.2917],[93.4177,20.2844],[93.4325,20.2844]],[[93.3917,20.2925],[93.3817,20.3072],[93.3763,20.3071],[93.3761,20.2931],[93.3917,20.2925]],[[93.3836,20.271],[93.3995,20.272],[93.3871,20.2829],[93.3836,20.271]],[[94.1504,20.2676],[94.1581,20.2739],[94.15,20.275],[94.1504,20.2676]],[[93.4161,20.2332],[93.4098,20.2034],[93.4383,20.1857],[93.4186,20.2045],[93.4161,20.2332]],[[93.5921,20.1009],[93.5997,20.1072],[93.5917,20.1083],[93.5921,20.1009]],[[93.535,20.0652],[93.5465,20.0507],[93.5575,20.0526],[93.535,20.0652]],[[93.6161,20.0401],[93.6095,20.0258],[93.6156,20.0258],[93.6161,20.0401]],[[93.7083,19.9667],[93.716,19.959],[93.7161,19.966],[93.7083,19.9667]],[[93.4663,19.9908],[93.4586,19.9844],[93.4667,19.9833],[93.4663,19.9908]],[[93.4584,20.0069],[93.4498,20.0083],[93.4544,19.9999],[93.4584,20.0069]],[[93.5082,19.9446],[93.5221,19.9204],[93.5176,19.958],[93.5082,19.9446]],[[93.7088,19.9426],[93.7164,19.9489],[93.7083,19.95],[93.7088,19.9426]],[[93.7491,19.9413],[93.7428,19.9336],[93.7497,19.9344],[93.7491,19.9413]],[[93.6252,19.925],[93.6166,19.9264],[93.6206,19.9166],[93.6252,19.925]],[[93.6,19.9083],[93.6421,19.9003],[93.6486,19.9042],[93.6,19.9083]],[[93.5914,19.8989],[93.5838,19.8926],[93.5907,19.892],[93.5914,19.8989]],[[93.6072,19.8903],[93.5929,19.8811],[93.5931,19.8761],[93.6072,19.8903]],[[93.6223,19.8629],[93.5942,19.8381],[93.603,19.8193],[93.6223,19.8629]],[[94.3004,19.9092],[94.3081,19.9156],[94.3,19.9167],[94.3004,19.9092]],[[93.8072,19.8903],[93.7929,19.8811],[93.7931,19.8761],[93.8072,19.8903]],[[94.0338,19.8342],[94.0414,19.8406],[94.0333,19.8417],[94.0338,19.8342]],[[94.0219,19.744],[94.0479,19.769],[94.0472,19.7976],[94.0338,19.7831],[94.0193,19.7974],[94.0309,19.7793],[94.0178,19.7609],[94.0219,19.744]],[[94.0671,19.7842],[94.0747,19.7906],[94.0667,19.7917],[94.0671,19.7842]],[[94.0249,19.6924],[94.0411,19.7254],[94.0346,19.7417],[94.0105,19.7136],[94.0249,19.6924]],[[94.0058,19.6821],[94.0124,19.6677],[94.0241,19.6691],[94.0058,19.6821]],[[94.0489,19.6736],[94.0346,19.6644],[94.0347,19.6594],[94.0489,19.6736]],[[93.8417,19.6583],[93.8337,19.6657],[93.8342,19.6587],[93.8417,19.6583]],[[94.025,19.65],[94.0389,19.6418],[94.0416,19.6477],[94.025,19.65]],[[94.0417,19.6333],[94.0497,19.626],[94.0491,19.6329],[94.0417,19.6333]],[[94.0081,19.6227],[94.0002,19.611],[94.0061,19.6085],[94.0081,19.6227]],[[93.9913,19.6158],[93.9836,19.6094],[93.9917,19.6083],[93.9913,19.6158]],[[93.8663,19.6158],[93.8586,19.6094],[93.8667,19.6083],[93.8663,19.6158]],[[93.9574,19.5913],[93.9511,19.5836],[93.958,19.5844],[93.9574,19.5913]],[[94.0171,19.5592],[94.0247,19.5656],[94.0167,19.5667],[94.0171,19.5592]],[[94.2167,19.3083],[94.224,19.3004],[94.2247,19.3072],[94.2167,19.3083]],[[94.2171,19.2759],[94.2247,19.2822],[94.2167,19.2833],[94.2171,19.2759]],[[94.1491,19.2663],[94.1428,19.2586],[94.1497,19.2594],[94.1491,19.2663]],[[94.2014,19.2239],[94.2106,19.2096],[94.2156,19.2097],[94.2014,19.2239]],[[94.1754,19.1176],[94.1831,19.1239],[94.175,19.125],[94.1754,19.1176]],[[94.1838,19.1009],[94.1914,19.1072],[94.1833,19.1083],[94.1838,19.1009]],[[94.2083,19.0917],[94.2157,19.0837],[94.2164,19.0906],[94.2083,19.0917]],[[94.1583,19.0417],[94.166,19.034],[94.1661,19.041],[94.1583,19.0417]],[[94.175,19.025],[94.1827,19.0173],[94.1828,19.0243],[94.175,19.025]],[[95.1083,19.0075],[95.1183,18.9928],[95.1237,18.9929],[95.1239,19.0069],[95.1083,19.0075]],[[94.3161,18.9901],[94.3095,18.9758],[94.3156,18.9758],[94.3161,18.9901]],[[95.1252,18.9764],[95.1331,18.9822],[95.125,18.9833],[95.1252,18.9764]],[[94.2645,18.9763],[94.2736,18.9906],[94.2595,18.9764],[94.2645,18.9763]],[[95.1332,18.96],[95.1345,18.9384],[95.1474,18.9106],[95.156,18.9215],[95.1332,18.96]],[[94.257,18.9511],[94.2478,18.9654],[94.2428,18.9653],[94.257,18.9511]],[[94.2003,18.9011],[94.2079,18.9074],[94.201,18.908],[94.2003,18.9011]],[[95.1583,18.9],[95.1534,18.8945],[95.1601,18.8851],[95.2218,18.8439],[95.1676,18.9028],[95.1583,18.9]],[[94.3079,18.8658],[94.3003,18.8594],[94.3083,18.8583],[94.3079,18.8658]],[[95.2088,18.8231],[95.2054,18.7342],[95.1377,18.6847],[95.2147,18.7291],[95.2219,18.8306],[95.2088,18.8231]],[[95.1041,18.6978],[95.1168,18.667],[95.0989,18.651],[95.0848,18.6707],[95.096,18.6357],[95.1246,18.6747],[95.1041,18.6978]],[[95.075,18.6667],[95.0677,18.6747],[95.067,18.6678],[95.075,18.6667]],[[94.3163,18.6908],[94.3086,18.6844],[94.3167,18.6833],[94.3163,18.6908]],[[94.3413,18.7074],[94.3336,18.7011],[94.3417,18.7],[94.3413,18.7074]],[[94.2958,18.7185],[94.2999,18.742],[94.3036,18.7564],[94.2943,18.7473],[94.2958,18.7185]],[[95.1917,18.75],[95.1994,18.7423],[95.1991,18.7496],[95.1917,18.75]],[[94.2913,18.7741],[94.2836,18.7678],[94.2917,18.7667],[94.2913,18.7741]],[[94.2671,18.6259],[94.2747,18.6322],[94.2667,18.6333],[94.2671,18.6259]],[[94.3243,18.6245],[94.3172,18.6174],[94.325,18.6167],[94.3243,18.6245]],[[95.0837,18.6148],[95.0823,18.5804],[95.0698,18.544],[95.0993,18.5822],[95.0969,18.6152],[95.0837,18.6148]],[[94.2829,18.5574],[94.2753,18.5511],[94.2833,18.55],[94.2829,18.5574]],[[94.2746,18.5741],[94.267,18.5678],[94.275,18.5667],[94.2746,18.5741]],[[94.3239,18.532],[94.3096,18.5228],[94.3097,18.5178],[94.3239,18.532]],[[95.0784,18.5314],[95.0945,18.51],[95.1059,18.5103],[95.0784,18.5314]],[[95.1177,18.5075],[95.1851,18.4183],[95.2217,18.4107],[95.2022,18.4224],[95.1968,18.4724],[95.1864,18.4445],[95.1641,18.4964],[95.1177,18.5075]],[[94.3746,18.4741],[94.367,18.4678],[94.375,18.4667],[94.3746,18.4741]],[[94.3573,18.5008],[94.35,18.5167],[94.3511,18.5008],[94.3573,18.5008]],[[95.2096,18.3448],[95.2319,18.3483],[95.2105,18.3563],[95.2096,18.3448]],[[94.4576,18.2578],[94.4509,18.2504],[94.4583,18.25],[94.4576,18.2578]],[[94.4752,18.2514],[94.4831,18.2572],[94.475,18.2583],[94.4752,18.2514]],[[94.4822,18.2403],[94.4679,18.2311],[94.4681,18.2261],[94.4822,18.2403]],[[94.4838,18.1176],[94.4914,18.1239],[94.4833,18.125],[94.4838,18.1176]],[[94.5254,17.9759],[94.5331,17.9822],[94.525,17.9833],[94.5254,17.9759]],[[94.5307,17.9329],[94.5183,17.9181],[94.5408,17.9308],[94.5307,17.9329]],[[94.5171,17.8009],[94.5247,17.8072],[94.5167,17.8083],[94.5171,17.8009]],[[95.0833,17.7917],[95.091,17.784],[95.0908,17.7913],[95.0833,17.7917]],[[94.5663,17.7824],[94.5586,17.7761],[94.5667,17.775],[94.5663,17.7824]],[[95.0681,17.7822],[95.0772,17.7679],[95.0822,17.768],[95.0681,17.7822]],[[94.5671,17.7342],[94.5747,17.7406],[94.5667,17.7417],[94.5671,17.7342]],[[95.082,17.6983],[95.0606,17.6904],[95.0594,17.6856],[95.0723,17.6843],[95.082,17.6983]],[[94.6088,17.6676],[94.6164,17.6739],[94.6083,17.675],[94.6088,17.6676]],[[95.0493,17.6661],[95.0422,17.659],[95.05,17.6583],[95.0493,17.6661]],[[95.0585,17.6597],[95.0664,17.6656],[95.0583,17.6667],[95.0585,17.6597]],[[95.0583,17.6417],[95.066,17.634],[95.0658,17.6413],[95.0583,17.6417]],[[95.0414,17.6322],[95.0338,17.6259],[95.0407,17.6254],[95.0414,17.6322]],[[95.0421,17.6009],[95.0497,17.6072],[95.0417,17.6083],[95.0421,17.6009]],[[95.0424,17.59],[95.0497,17.5772],[95.0479,17.5915],[95.0424,17.59]],[[95.054,17.5503],[95.0572,17.5652],[95.0417,17.5667],[95.0429,17.5606],[95.054,17.5503]],[[94.567,17.5344],[94.5746,17.5408],[94.5677,17.5413],[94.567,17.5344]],[[94.6,17.5417],[94.6021,17.5034],[94.6205,17.5013],[94.6151,17.5365],[94.6,17.5417]],[[95.039,17.5329],[95.0267,17.5181],[95.0491,17.5308],[95.039,17.5329]],[[94.6086,17.4844],[94.6163,17.4908],[94.6094,17.4913],[94.6086,17.4844]],[[94.6356,17.4904],[94.6264,17.4761],[94.6406,17.4903],[94.6356,17.4904]],[[94.9789,17.402],[94.9827,17.4421],[94.9667,17.45],[94.9692,17.4106],[94.9789,17.402]],[[94.9464,17.3769],[94.9625,17.3596],[94.989,17.3614],[94.9779,17.3905],[94.9464,17.3769]],[[94.9246,17.3658],[94.917,17.3594],[94.925,17.3583],[94.9246,17.3658]],[[94.9014,17.3572],[94.9106,17.3429],[94.9156,17.343],[94.9014,17.3572]],[[94.975,17.35],[94.9903,17.3423],[94.9913,17.3483],[94.975,17.35]],[[94.9453,17.3328],[94.9552,17.3199],[94.9441,17.2971],[94.9629,17.2773],[94.9532,17.2966],[94.972,17.3031],[94.9737,17.3212],[94.9625,17.3398],[94.9453,17.3328]],[[94.6266,17.285],[94.6488,17.2897],[94.6262,17.2981],[94.6266,17.285]],[[94.8911,17.291],[94.8841,17.2839],[94.891,17.284],[94.8911,17.291]],[[94.6005,17.3007],[94.6076,17.3078],[94.6006,17.3077],[94.6005,17.3007]],[[94.8833,17.3098],[94.8919,17.3083],[94.8873,17.3168],[94.8833,17.3098]],[[94.9088,17.3092],[94.9164,17.3156],[94.9083,17.3167],[94.9088,17.3092]],[[94.9163,17.3324],[94.9086,17.3261],[94.9167,17.325],[94.9163,17.3324]],[[94.9333,17.275],[94.941,17.2673],[94.9408,17.2746],[94.9333,17.275]],[[94.8831,17.2656],[94.8754,17.2592],[94.8823,17.2587],[94.8831,17.2656]],[[94.9417,17.2583],[94.9452,17.2424],[94.966,17.2537],[94.9615,17.2581],[94.9417,17.2583]],[[94.9164,17.2572],[94.9088,17.2509],[94.9157,17.2504],[94.9164,17.2572]],[[94.65,17.25],[94.6423,17.2577],[94.6426,17.2504],[94.65,17.25]],[[94.8925,17.1963],[94.9085,17.1997],[94.9009,17.2168],[94.8925,17.1963]],[[94.8187,17.1592],[94.8238,17.1729],[94.8102,17.1742],[94.8091,17.1689],[94.8187,17.1592]],[[94.8671,17.1676],[94.8747,17.1739],[94.8667,17.175],[94.8671,17.1676]],[[94.9417,17.1167],[94.9494,17.109],[94.9491,17.1163],[94.9417,17.1167]],[[94.7581,17.1072],[94.7504,17.1009],[94.7573,17.1004],[94.7581,17.1072]],[[95.0,17.0667],[95.0158,17.0594],[95.0159,17.0655],[95.0,17.0667]],[[94.9838,17.0247],[94.9918,17.0433],[94.9811,17.0502],[94.9749,17.0321],[94.9838,17.0247]],[[94.9741,17.0163],[94.9678,17.0086],[94.9747,17.0094],[94.9741,17.0163]],[[94.7711,17.0143],[94.7446,17.0138],[94.7427,17.0057],[94.7798,16.9868],[94.7711,17.0143]],[[94.9254,16.9926],[94.9331,16.9989],[94.925,17.0],[94.9254,16.9926]],[[94.4987,16.9848],[94.4846,16.9811],[94.4847,16.9761],[94.4987,16.9848]],[[94.7049,16.983],[94.6873,16.9753],[94.708,16.9779],[94.7049,16.983]],[[94.6746,16.9824],[94.667,16.9761],[94.675,16.975],[94.6746,16.9824]],[[94.7089,16.9924],[94.716,16.9995],[94.709,16.9994],[94.7089,16.9924]],[[94.867,16.9594],[94.8746,16.9658],[94.8677,16.9663],[94.867,16.9594]],[[94.9085,16.9597],[94.9164,16.9656],[94.9083,16.9667],[94.9085,16.9597]],[[94.8171,16.9426],[94.8247,16.9489],[94.8167,16.95],[94.8171,16.9426]],[[94.9082,16.9413],[94.9178,16.9335],[94.949,16.937],[94.9423,16.9415],[94.9082,16.9413]],[[94.8393,16.9298],[94.8295,16.9163],[94.8473,16.9102],[94.8393,16.9298]],[[94.8004,16.9057],[94.808,16.8938],[94.8062,16.9081],[94.8004,16.9057]],[[94.8324,16.8913],[94.8261,16.8836],[94.833,16.8844],[94.8324,16.8913]],[[94.7667,16.8583],[94.7825,16.8511],[94.7826,16.8572],[94.7667,16.8583]],[[94.5707,16.8007],[94.5828,16.8121],[94.5789,16.8245],[94.5674,16.8136],[94.5707,16.8007]],[[94.5588,16.7509],[94.5664,16.7572],[94.5583,16.7583],[94.5588,16.7509]],[[94.5838,16.6676],[94.5914,16.6739],[94.5833,16.675],[94.5838,16.6676]],[[94.6228,16.5905],[94.6033,16.5849],[94.6243,16.5777],[94.6228,16.5905]],[[94.675,16.5833],[94.6827,16.5756],[94.6828,16.5826],[94.675,16.5833]],[[94.6581,16.5739],[94.6504,16.5676],[94.6573,16.567],[94.6581,16.5739]],[[94.6416,16.5514],[94.6502,16.55],[94.6456,16.5584],[94.6416,16.5514]],[[94.6008,16.5323],[94.6167,16.525],[94.6157,16.5323],[94.6008,16.5323]],[[94.6338,16.5259],[94.6414,16.5322],[94.6333,16.5333],[94.6338,16.5259]],[[94.6421,16.4592],[94.6497,16.4656],[94.6417,16.4667],[94.6421,16.4592]],[[94.6338,16.3842],[94.6414,16.3906],[94.6333,16.3917],[94.6338,16.3842]],[[94.4421,16.3426],[94.4497,16.3489],[94.4417,16.35],[94.4421,16.3426]],[[94.5088,16.3009],[94.5164,16.3072],[94.5083,16.3083],[94.5088,16.3009]],[[94.2421,16.1592],[94.2497,16.1656],[94.2417,16.1667],[94.2421,16.1592]],[[94.3575,16.0913],[94.3511,16.0836],[94.358,16.0844],[94.3575,16.0913]],[[94.3404,16.0848],[94.3263,16.0811],[94.3264,16.0761],[94.3404,16.0848]],[[94.3171,16.0592],[94.3247,16.0656],[94.3167,16.0667],[94.3171,16.0592]],[[94.2671,16.0009],[94.2747,16.0072],[94.2667,16.0083],[94.2671,16.0009]],[[94.3254,15.9926],[94.3331,15.9989],[94.325,16.0],[94.3254,15.9926]],[[96.5504,17.6926],[96.5581,17.6989],[96.55,17.7],[96.5504,17.6926]],[[96.5338,17.6509],[96.5414,17.6572],[96.5333,17.6583],[96.5338,17.6509]],[[96.5254,17.6009],[96.5331,17.6072],[96.525,17.6083],[96.5254,17.6009]],[[96.5421,17.5842],[96.5497,17.5906],[96.5417,17.5917],[96.5421,17.5842]],[[96.3088,17.5259],[96.3164,17.5322],[96.3083,17.5333],[96.3088,17.5259]],[[96.3338,17.5092],[96.3414,17.5156],[96.3333,17.5167],[96.3338,17.5092]],[[95.9083,17.4833],[95.916,17.4756],[95.9158,17.4829],[95.9083,17.4833]],[[96.4241,17.4746],[96.4178,17.4669],[96.4247,17.4677],[96.4241,17.4746]],[[95.8917,17.4667],[95.8837,17.474],[95.8842,17.4671],[95.8917,17.4667]],[[95.8754,17.4509],[95.8831,17.4572],[95.875,17.4583],[95.8754,17.4509]],[[95.8671,17.4176],[95.8747,17.4239],[95.8667,17.425],[95.8671,17.4176]],[[96.4578,17.4082],[96.4685,17.3865],[96.4723,17.3853],[96.4736,17.4044],[96.4578,17.4082]],[[96.5,17.3917],[96.5077,17.384],[96.5078,17.391],[96.5,17.3917]],[[95.9342,17.3837],[95.9406,17.3914],[95.9337,17.3907],[95.9342,17.3837]],[[95.9176,17.3921],[95.9239,17.3997],[95.917,17.399],[95.9176,17.3921]],[[96.1412,17.3734],[96.1345,17.3591],[96.1406,17.3592],[96.1412,17.3734]],[[95.9041,17.3734],[95.8933,17.353],[95.9167,17.35],[95.9216,17.3645],[95.9041,17.3734]],[[95.9312,17.3489],[95.926,17.3267],[95.9313,17.3256],[95.9312,17.3489]],[[96.1754,17.3342],[96.1831,17.3406],[96.175,17.3417],[96.1754,17.3342]],[[95.8914,17.3322],[95.8838,17.3259],[95.8907,17.3254],[95.8914,17.3322]],[[96.1741,17.3246],[96.1678,17.3169],[96.1747,17.3177],[96.1741,17.3246]],[[95.9164,17.3156],[95.9088,17.3092],[95.9157,17.3087],[95.9164,17.3156]],[[96.1996,17.3074],[96.1922,17.3007],[96.2,17.3],[96.1996,17.3074]],[[96.4419,17.3014],[96.4497,17.3072],[96.4417,17.3083],[96.4419,17.3014]],[[95.9255,17.3007],[95.9326,17.3078],[95.9256,17.3077],[95.9255,17.3007]],[[95.8748,17.332],[95.867,17.3261],[95.875,17.325],[95.8748,17.332]],[[95.8746,17.3574],[95.867,17.3511],[95.875,17.35],[95.8746,17.3574]],[[95.8431,17.2989],[95.8522,17.2846],[95.8572,17.2847],[95.8431,17.2989]],[[95.9434,17.2986],[95.9513,17.2773],[95.9562,17.2761],[95.9574,17.289],[95.9434,17.2986]],[[95.8719,17.2804],[95.8514,17.2359],[95.8531,17.2277],[95.8817,17.2453],[95.8719,17.2804]],[[95.9807,17.2748],[95.9691,17.2669],[95.9832,17.2689],[95.9807,17.2748]],[[96.4411,17.2743],[96.4341,17.2672],[96.441,17.2673],[96.4411,17.2743]],[[96.4164,17.2739],[96.4088,17.2676],[96.4157,17.267],[96.4164,17.2739]],[[95.9226,17.2447],[95.8944,17.2719],[95.9028,17.2272],[95.9226,17.2447]],[[95.942,17.2511],[95.9496,17.2574],[95.9427,17.258],[95.942,17.2511]],[[95.9583,17.2583],[95.9742,17.2511],[95.9743,17.2572],[95.9583,17.2583]],[[95.9838,17.2509],[95.9914,17.2572],[95.9833,17.2583],[95.9838,17.2509]],[[96.2243,17.2495],[96.2172,17.2424],[96.225,17.2417],[96.2243,17.2495]],[[96.3417,17.25],[96.3494,17.2423],[96.3491,17.2496],[96.3417,17.25]],[[96.3081,17.2406],[96.3004,17.2342],[96.3073,17.2337],[96.3081,17.2406]],[[96.3241,17.2329],[96.3178,17.2253],[96.3247,17.226],[96.3241,17.2329]],[[95.9327,17.2267],[95.9232,17.1711],[95.9025,17.1791],[95.9255,17.1586],[95.956,17.1947],[95.9327,17.2267]],[[96.0254,17.1926],[96.0331,17.1989],[96.025,17.2],[96.0254,17.1926]],[[96.1342,17.1823],[96.15,17.175],[96.149,17.1823],[96.1342,17.1823]],[[96.1588,17.1759],[96.1664,17.1822],[96.1583,17.1833],[96.1588,17.1759]],[[96.175,17.1833],[96.1823,17.1675],[96.1823,17.1824],[96.175,17.1833]],[[96.1414,17.1656],[96.1338,17.1592],[96.1407,17.1587],[96.1414,17.1656]],[[95.9917,17.1667],[95.9997,17.1594],[95.9991,17.1663],[95.9917,17.1667]],[[95.8823,17.1378],[95.8783,17.1737],[95.878,17.135],[95.8823,17.1378]],[[95.8921,17.1426],[95.8997,17.1489],[95.8917,17.15],[95.8921,17.1426]],[[95.9245,17.1401],[95.9178,17.1258],[95.924,17.1258],[95.9245,17.1401]],[[95.9394,17.1323],[95.9264,17.1129],[95.9275,17.1093],[95.9394,17.1323]],[[95.9165,17.1153],[95.9086,17.1094],[95.9167,17.1083],[95.9165,17.1153]],[[95.8581,17.1072],[95.8504,17.1009],[95.8573,17.1004],[95.8581,17.1072]],[[95.8521,17.1178],[95.8583,17.1333],[95.8641,17.1408],[95.8509,17.1305],[95.8521,17.1178]],[[95.8579,17.1574],[95.8503,17.1511],[95.8583,17.15],[95.8579,17.1574]],[[95.85,17.1667],[95.8423,17.1744],[95.8422,17.1674],[95.85,17.1667]],[[95.8534,17.1837],[95.8708,17.1915],[95.8503,17.1888],[95.8534,17.1837]],[[95.8838,17.1842],[95.8914,17.1906],[95.8833,17.1917],[95.8838,17.1842]],[[95.875,17.2],[95.8673,17.2077],[95.8676,17.2004],[95.875,17.2]],[[95.9086,17.2094],[95.9163,17.2158],[95.9094,17.2163],[95.9086,17.2094]],[[95.9415,17.2333],[95.9501,17.2319],[95.9461,17.2418],[95.9415,17.2333]],[[95.9588,17.2342],[95.9664,17.2406],[95.9583,17.2417],[95.9588,17.2342]],[[96.2833,17.2417],[96.291,17.234],[96.2908,17.2413],[96.2833,17.2417]],[[96.2496,17.2324],[96.242,17.2261],[96.25,17.225],[96.2496,17.2324]],[[95.9077,17.284],[95.9,17.2917],[95.9007,17.2839],[95.9077,17.284]],[[95.9171,17.0842],[95.9247,17.0906],[95.9167,17.0917],[95.9171,17.0842]],[[95.9991,17.0829],[95.9928,17.0753],[95.9997,17.076],[95.9991,17.0829]],[[95.9086,17.0511],[95.9163,17.0574],[95.9094,17.058],[95.9086,17.0511]],[[95.9667,17.0583],[95.9744,17.0506],[95.9741,17.0579],[95.9667,17.0583]],[[95.9331,17.0489],[95.9254,17.0426],[95.9323,17.042],[95.9331,17.0489]],[[95.8987,17.0432],[95.8846,17.0394],[95.8847,17.0344],[95.8987,17.0432]],[[95.9854,17.0326],[95.9939,17.0179],[95.9989,17.018],[95.9854,17.0326]],[[95.975,17.0167],[95.967,17.024],[95.9676,17.0171],[95.975,17.0167]],[[95.9413,17.0241],[95.9336,17.0178],[95.9417,17.0167],[95.9413,17.0241]],[[95.8996,17.0241],[95.892,17.0178],[95.9,17.0167],[95.8996,17.0241]],[[95.8831,17.0156],[95.8754,17.0092],[95.8823,17.0087],[95.8831,17.0156]],[[95.8917,16.9917],[95.9075,16.9844],[95.9076,16.9905],[95.8917,16.9917]],[[95.941,16.9828],[95.9339,16.9757],[95.9417,16.975],[95.941,16.9828]],[[95.9828,16.9826],[95.9757,16.9755],[95.9827,16.9756],[95.9828,16.9826]],[[95.9584,16.9736],[95.9498,16.975],[95.9544,16.9666],[95.9584,16.9736]],[[95.9828,16.941],[95.9757,16.9339],[95.9827,16.934],[95.9828,16.941]],[[95.9334,16.9319],[95.9248,16.9333],[95.9294,16.9249],[95.9334,16.9319]],[[95.9164,16.9227],[95.9085,16.911],[95.9144,16.9085],[95.9164,16.9227]],[[95.975,16.9167],[95.9827,16.909],[95.9825,16.9163],[95.975,16.9167]],[[95.9331,16.9072],[95.9254,16.9009],[95.9323,16.9004],[95.9331,16.9072]],[[95.9658,16.8996],[95.9595,16.8919],[95.9663,16.8927],[95.9658,16.8996]],[[95.9414,16.8906],[95.9338,16.8842],[95.9407,16.8837],[95.9414,16.8906]],[[95.9991,16.8829],[95.9928,16.8753],[95.9997,16.876],[95.9991,16.8829]],[[95.917,16.8511],[95.9246,16.8574],[95.9177,16.858],[95.917,16.8511]],[[95.9669,16.8514],[95.9747,16.8572],[95.9667,16.8583],[95.9669,16.8514]],[[95.9504,16.7926],[95.9581,16.7989],[95.95,16.8],[95.9504,16.7926]],[[96.0171,16.7592],[96.0247,16.7656],[96.0167,16.7667],[96.0171,16.7592]],[[96.0101,16.7486],[96.0176,16.7283],[96.0221,16.7258],[96.0241,16.7388],[96.0101,16.7486]],[[96.1058,16.7351],[96.0848,16.7287],[96.0872,16.7182],[96.1058,16.7351]],[[96.0083,16.7167],[95.9775,16.7047],[95.9848,16.6942],[96.0083,16.7167]],[[96.0597,16.7072],[96.0689,16.6929],[96.0739,16.693],[96.0597,16.7072]],[[95.975,16.7167],[95.9673,16.7244],[95.9672,16.7174],[95.975,16.7167]],[[96.041,16.734],[96.0333,16.7417],[96.0341,16.7339],[96.041,16.734]],[[96.0254,16.6842],[96.0331,16.6906],[96.025,16.6917],[96.0254,16.6842]],[[96.0754,16.6676],[96.0831,16.6739],[96.075,16.675],[96.0754,16.6676]],[[96.0796,16.649],[96.0604,16.6346],[96.0833,16.6417],[96.0796,16.649]],[[96.1167,16.65],[96.1247,16.6427],[96.1241,16.6496],[96.1167,16.65]],[[96.0332,16.6472],[96.0253,16.6356],[96.0333,16.6333],[96.0332,16.6472]],[[96.0079,16.6408],[96.0003,16.6344],[96.0083,16.6333],[96.0079,16.6408]],[[96.0509,16.7837],[96.0572,16.7914],[96.0504,16.7907],[96.0509,16.7837]],[[96.067,16.7928],[96.0746,16.7991],[96.0677,16.7997],[96.067,16.7928]],[[96.2681,17.2072],[96.2772,17.1929],[96.2822,17.193],[96.2681,17.2072]],[[96.3421,17.2092],[96.3497,17.2156],[96.3417,17.2167],[96.3421,17.2092]],[[96.4074,17.2079],[96.4011,17.2003],[96.408,17.201],[96.4074,17.2079]],[[96.362,17.208],[96.3508,17.1978],[96.3518,17.1925],[96.3654,17.1938],[96.362,17.208]],[[97.0246,18.8335],[96.9862,18.822],[97.0073,18.8001],[96.9861,18.7873],[96.997,18.7614],[96.9692,18.7541],[96.9848,18.7119],[97.0327,18.6868],[97.0292,18.7472],[97.0529,18.728],[97.0642,18.738],[97.0697,18.7114],[97.0985,18.6943],[97.0836,18.7525],[97.0904,18.7866],[97.0523,18.8375],[97.056,18.8645],[97.003,18.8889],[96.9943,18.8702],[97.0218,18.8574],[97.0246,18.8335]],[[97.1083,18.75],[97.0925,18.7573],[97.0924,18.7511],[97.1083,18.75]],[[97.075,18.8237],[97.0916,18.8363],[97.0868,18.8409],[97.075,18.8237]],[[97.073,18.684],[97.0645,18.6987],[97.0595,18.6986],[97.073,18.684]],[[97.0913,18.9991],[97.0836,18.9928],[97.0917,18.9917],[97.0913,18.9991]],[[97.0255,19.3584],[96.9893,19.423],[96.9712,19.4308],[96.9354,19.4127],[96.9459,19.3685],[96.9552,19.3886],[97.0255,19.3584]],[[96.9178,19.4381],[96.9412,19.4465],[96.9382,19.4571],[96.9178,19.4381]],[[96.9167,19.45],[96.909,19.4577],[96.9089,19.4507],[96.9167,19.45]],[[97.0414,19.4239],[97.0338,19.4176],[97.0407,19.417],[97.0414,19.4239]],[[97.0836,18.646],[97.0995,18.647],[97.0871,18.6579],[97.0836,18.646]],[[97.0329,18.5241],[97.0253,18.5178],[97.0333,18.5167],[97.0329,18.5241]],[[96.9988,18.5552],[96.9764,18.5517],[96.9979,18.5437],[96.9988,18.5552]],[[96.9714,18.5927],[96.9962,18.6052],[96.9593,18.6113],[96.9714,18.5927]],[[96.9911,18.48],[96.9872,18.4995],[96.968,18.4891],[96.9776,18.4762],[96.9911,18.48]],[[96.8254,18.2009],[96.8331,18.2072],[96.825,18.2083],[96.8254,18.2009]],[[96.8824,18.1996],[96.8761,18.1919],[96.883,18.1927],[96.8824,18.1996]],[[96.9754,18.1426],[96.9831,18.1489],[96.975,18.15],[96.9754,18.1426]],[[96.9671,18.1092],[96.9747,18.1156],[96.9667,18.1167],[96.9671,18.1092]],[[96.9254,18.0676],[96.9331,18.0739],[96.925,18.075],[96.9254,18.0676]],[[96.9656,18.0653],[96.9513,18.0561],[96.9514,18.0511],[96.9656,18.0653]],[[96.9753,18.0428],[96.9829,18.0491],[96.976,18.0497],[96.9753,18.0428]],[[97.1669,18.043],[97.1747,18.0489],[97.1667,18.05],[97.1669,18.043]],[[96.9508,18.0333],[96.964,18.0254],[96.9663,18.0388],[96.9607,18.0411],[96.9508,18.0333]],[[96.9499,17.9971],[96.942,17.986],[96.9472,17.9834],[96.9499,17.9971]],[[96.8164,17.9822],[96.8088,17.9759],[96.8157,17.9754],[96.8164,17.9822]],[[96.8171,17.9509],[96.8247,17.9572],[96.8167,17.9583],[96.8171,17.9509]],[[96.8254,17.9176],[96.8331,17.9239],[96.825,17.925],[96.8254,17.9176]],[[96.8504,17.9009],[96.8581,17.9072],[96.85,17.9083],[96.8504,17.9009]],[[96.8824,17.8996],[96.8761,17.8919],[96.883,17.8927],[96.8824,17.8996]],[[96.8604,17.866],[96.8689,17.8513],[96.8739,17.8514],[96.8604,17.866]],[[96.8333,17.85],[96.8254,17.8573],[96.8259,17.8504],[96.8333,17.85]],[[96.8253,17.8344],[96.8329,17.8408],[96.826,17.8413],[96.8253,17.8344]],[[96.8518,17.8403],[96.8597,17.8188],[96.8644,17.8177],[96.8658,17.8305],[96.8518,17.8403]],[[97.1588,17.8259],[97.1664,17.8322],[97.1583,17.8333],[97.1588,17.8259]],[[96.8004,17.8092],[96.8081,17.8156],[96.8,17.8167],[96.8004,17.8092]],[[96.8241,17.8079],[96.8178,17.8003],[96.8247,17.801],[96.8241,17.8079]],[[96.9324,17.7913],[96.9261,17.7836],[96.933,17.7844],[96.9324,17.7913]],[[96.8917,17.7842],[96.8832,17.7736],[96.8878,17.7668],[96.8917,17.7842]],[[96.8126,17.7517],[96.8225,17.7636],[96.794,17.7645],[96.7953,17.7598],[96.8126,17.7517]],[[96.9143,17.7042],[96.875,17.7083],[96.8868,17.7556],[96.8673,17.7154],[96.8764,17.7032],[96.8885,17.6967],[96.878,17.6779],[96.9041,17.6691],[96.9143,17.7042]],[[97.5254,17.6759],[97.5331,17.6822],[97.525,17.6833],[97.5254,17.6759]],[[96.839,17.6751],[96.8376,17.6916],[96.8253,17.6881],[96.839,17.6751]],[[96.8009,17.6921],[96.8072,17.6997],[96.8004,17.699],[96.8009,17.6921]],[[96.8588,17.6842],[96.8664,17.6906],[96.8583,17.6917],[96.8588,17.6842]],[[96.8581,17.7156],[96.8504,17.7092],[96.8573,17.7087],[96.8581,17.7156]],[[96.8333,17.7083],[96.8261,17.7242],[96.8261,17.7093],[96.8333,17.7083]],[[96.8329,17.7408],[96.8253,17.7344],[96.8333,17.7333],[96.8329,17.7408]],[[96.8,17.6583],[96.819,17.6419],[96.8323,17.6546],[96.8,17.6583]],[[96.8779,17.6489],[96.8919,17.6412],[96.8785,17.6267],[96.8971,17.6277],[96.8894,17.6552],[96.8779,17.6489]],[[97.4754,17.6426],[97.4831,17.6489],[97.475,17.65],[97.4754,17.6426]],[[96.8618,17.6343],[96.8477,17.6485],[96.8361,17.6362],[96.8618,17.6343]],[[96.7913,17.6491],[96.7836,17.6428],[96.7917,17.6417],[96.7913,17.6491]],[[96.9411,17.616],[96.9341,17.6089],[96.941,17.609],[96.9411,17.616]],[[96.9825,17.6079],[96.9761,17.6003],[96.983,17.601],[96.9825,17.6079]],[[96.8707,17.5931],[96.8797,17.6142],[96.8438,17.6119],[96.8707,17.5931]],[[96.8921,17.6092],[96.8997,17.6156],[96.8917,17.6167],[96.8921,17.6092]],[[96.9108,17.6161],[96.9189,17.6008],[96.9241,17.6017],[96.9108,17.6161]],[[96.817,17.5761],[96.8246,17.5824],[96.8177,17.583],[96.817,17.5761]],[[96.875,17.5833],[96.8823,17.5675],[96.8823,17.5824],[96.875,17.5833]],[[96.8663,17.5741],[96.8586,17.5678],[96.8667,17.5667],[96.8663,17.5741]],[[96.8706,17.5253],[96.8739,17.5402],[96.8583,17.5417],[96.8596,17.5356],[96.8706,17.5253]],[[96.8083,17.4931],[96.8169,17.4917],[96.8123,17.5001],[96.8083,17.4931]],[[96.9503,17.4678],[96.9579,17.4741],[96.951,17.4747],[96.9503,17.4678]],[[97.4413,17.4574],[97.4336,17.4511],[97.4417,17.45],[97.4413,17.4574]],[[97.44,17.4],[97.4462,17.3841],[97.4584,17.3929],[97.44,17.4]],[[97.75,17.4],[97.7577,17.3923],[97.7574,17.3996],[97.75,17.4]],[[97.7408,17.3844],[97.725,17.3917],[97.726,17.3844],[97.7408,17.3844]],[[97.6956,17.3911],[97.6917,17.375],[97.6858,17.3676],[97.699,17.3777],[97.6956,17.3911]],[[97.1248,17.3737],[97.117,17.3678],[97.125,17.3667],[97.1248,17.3737]],[[96.9759,17.3837],[96.9822,17.3914],[96.9754,17.3907],[96.9759,17.3837]],[[97.6333,17.3583],[97.641,17.3506],[97.6408,17.3579],[97.6333,17.3583]],[[96.9831,17.3489],[96.9754,17.3426],[96.9823,17.342],[96.9831,17.3489]],[[97.0671,17.2759],[97.0747,17.2822],[97.0667,17.2833],[97.0671,17.2759]],[[97.0671,17.2592],[97.0747,17.2656],[97.0667,17.2667],[97.0671,17.2592]],[[97.1075,17.2579],[97.1011,17.2503],[97.108,17.251],[97.1075,17.2579]],[[97.1408,17.2413],[97.1345,17.2336],[97.1413,17.2344],[97.1408,17.2413]],[[97.1666,17.2278],[97.15,17.2215],[97.1552,17.217],[97.1666,17.2278]],[[97.2079,17.2241],[97.2003,17.2178],[97.2083,17.2167],[97.2079,17.2241]],[[97.0538,17.2096],[97.0583,17.225],[97.0729,17.2318],[97.0526,17.2239],[97.0538,17.2096]],[[97.6333,17.1667],[97.6256,17.1744],[97.6259,17.1671],[97.6333,17.1667]],[[97.6908,17.1663],[97.6845,17.1586],[97.6913,17.1594],[97.6908,17.1663]],[[97.5997,17.1572],[97.5921,17.1509],[97.599,17.1504],[97.5997,17.1572]],[[97.8413,17.1491],[97.8339,17.1424],[97.8417,17.1417],[97.8413,17.1491]],[[97.8502,17.143],[97.8581,17.1489],[97.85,17.15],[97.8502,17.143]],[[97.7777,17.1416],[97.7759,17.1268],[97.7904,17.1263],[97.7905,17.1317],[97.7777,17.1416]],[[97.716,17.1302],[97.7008,17.1272],[97.7138,17.1174],[97.716,17.1302]],[[97.2794,17.1189],[97.2881,17.1476],[97.2667,17.1333],[97.2704,17.148],[97.2508,17.1334],[97.2794,17.1189]],[[97.616,17.1495],[97.6092,17.1421],[97.6167,17.1417],[97.616,17.1495]],[[97.3088,17.1509],[97.3161,17.1576],[97.3083,17.1583],[97.3088,17.1509]],[[97.2255,17.1507],[97.2326,17.1578],[97.2256,17.1577],[97.2255,17.1507]],[[97.2503,17.1511],[97.2579,17.1574],[97.251,17.158],[97.2503,17.1511]],[[97.7003,17.1428],[97.7079,17.1491],[97.701,17.1497],[97.7003,17.1428]],[[97.3329,17.1408],[97.3253,17.1344],[97.3333,17.1333],[97.3329,17.1408]],[[97.2519,17.1671],[97.2644,17.1748],[97.2502,17.1728],[97.2519,17.1671]],[[97.7923,17.1827],[97.8,17.175],[97.7993,17.1828],[97.7923,17.1827]],[[97.2426,17.1837],[97.2489,17.1914],[97.242,17.1907],[97.2426,17.1837]],[[97.2496,17.2074],[97.242,17.2011],[97.25,17.2],[97.2496,17.2074]],[[97.0747,17.2072],[97.0671,17.2009],[97.074,17.2004],[97.0747,17.2072]],[[96.982,17.2015],[96.9679,17.1978],[96.9681,17.1928],[96.982,17.2015]],[[97.0176,17.2087],[97.0239,17.2164],[97.017,17.2157],[97.0176,17.2087]],[[97.0207,17.2397],[97.0407,17.2292],[97.0479,17.2382],[97.0207,17.2397]],[[96.9921,17.1759],[96.9997,17.1822],[96.9917,17.1833],[96.9921,17.1759]],[[97.0254,17.1259],[97.0331,17.1322],[97.025,17.1333],[97.0254,17.1259]],[[97.0336,17.0928],[97.0413,17.0991],[97.0344,17.0997],[97.0336,17.0928]],[[97.0583,17.1],[97.0656,17.0842],[97.0656,17.099],[97.0583,17.1]],[[97.218,17.1073],[97.2272,17.0935],[97.2331,17.0952],[97.218,17.1073]],[[97.2431,17.1072],[97.2522,17.0929],[97.2572,17.093],[97.2431,17.1072]],[[97.5583,17.1],[97.566,17.0923],[97.5661,17.0993],[97.5583,17.1]],[[97.1837,17.0773],[97.1858,17.0631],[97.2219,17.036],[97.2305,17.074],[97.1837,17.0773]],[[97.9581,17.0489],[97.9504,17.0426],[97.9573,17.042],[97.9581,17.0489]],[[97.666,17.034],[97.6583,17.0417],[97.6591,17.0339],[97.666,17.034]],[[97.4248,17.0403],[97.417,17.0344],[97.425,17.0333],[97.4248,17.0403]],[[97.809,17.0494],[97.8167,17.0417],[97.816,17.0495],[97.809,17.0494]],[[97.65,17.025],[97.6577,17.0173],[97.6574,17.0246],[97.65,17.025]],[[97.6073,17.0014],[97.6028,16.9698],[97.6158,16.9714],[97.6283,16.9447],[97.6473,16.9531],[97.6073,17.0014]],[[97.717,16.9761],[97.7246,16.9824],[97.7177,16.983],[97.717,16.9761]],[[97.7761,16.9825],[97.7833,16.9667],[97.7822,16.9826],[97.7761,16.9825]],[[97.9078,16.9794],[97.89,16.9613],[97.8792,16.9718],[97.8606,16.9609],[97.9113,16.9518],[97.9312,16.9724],[97.9078,16.9794]],[[97.4246,16.9491],[97.417,16.9428],[97.425,16.9417],[97.4246,16.9491]],[[97.45,16.975],[97.4423,16.9827],[97.4426,16.9754],[97.45,16.975]],[[97.2163,16.9991],[97.2086,16.9928],[97.2167,16.9917],[97.2163,16.9991]],[[97.7503,17.0011],[97.7579,17.0074],[97.751,17.008],[97.7503,17.0011]],[[97.2592,17.0087],[97.2656,17.0164],[97.2587,17.0157],[97.2592,17.0087]],[[97.8919,17.0014],[97.8997,17.0072],[97.8917,17.0083],[97.8919,17.0014]],[[97.6497,16.9239],[97.6421,16.9176],[97.649,16.917],[97.6497,16.9239]],[[97.9574,16.9163],[97.9511,16.9086],[97.958,16.9094],[97.9574,16.9163]],[[97.639,16.9056],[97.6186,16.8802],[97.6196,16.869],[97.6394,16.8942],[97.639,16.9056]],[[97.6917,16.8917],[97.7075,16.8844],[97.7076,16.8905],[97.6917,16.8917]],[[97.425,16.9083],[97.4188,16.9242],[97.409,16.9104],[97.425,16.9083]],[[97.5588,16.9176],[97.5664,16.9239],[97.5583,16.925],[97.5588,16.9176]],[[97.6147,16.7835],[97.6225,16.8126],[97.6126,16.8393],[97.5998,16.7912],[97.6147,16.7835]],[[97.8171,16.7759],[97.8247,16.7822],[97.8167,16.7833],[97.8171,16.7759]],[[97.3795,16.6984],[97.3356,16.6954],[97.3434,16.679],[97.3704,16.66],[97.414,16.6698],[97.3795,16.6984]],[[97.5583,16.6667],[97.566,16.659],[97.5661,16.666],[97.5583,16.6667]],[[97.5504,16.6426],[97.5581,16.6489],[97.55,16.65],[97.5504,16.6426]],[[97.7628,16.7251],[97.7686,16.7097],[97.7817,16.7098],[97.7736,16.7233],[97.7628,16.7251]],[[97.9658,16.7011],[97.95,16.7083],[97.951,16.7011],[97.9658,16.7011]],[[97.7906,16.657],[97.7763,16.6478],[97.7764,16.6428],[97.7906,16.657]],[[97.6833,16.6417],[97.691,16.634],[97.6908,16.6413],[97.6833,16.6417]],[[97.7411,16.6318],[97.7345,16.6174],[97.7406,16.6175],[97.7411,16.6318]],[[97.8417,16.625],[97.8494,16.6173],[97.8491,16.6246],[97.8417,16.625]],[[97.8325,16.6094],[97.8167,16.6167],[97.8177,16.6094],[97.8325,16.6094]],[[97.9741,16.6079],[97.9678,16.6003],[97.9747,16.601],[97.9741,16.6079]],[[97.803,16.6055],[97.7864,16.5939],[97.8126,16.5835],[97.8314,16.5942],[97.803,16.6055]],[[97.8917,16.5917],[97.8994,16.584],[97.8991,16.5913],[97.8917,16.5917]],[[97.9158,16.5829],[97.9095,16.5753],[97.9163,16.576],[97.9158,16.5829]],[[97.941,16.5745],[97.9339,16.5674],[97.9417,16.5667],[97.941,16.5745]],[[97.8291,16.5648],[97.8397,16.5374],[97.8033,16.5109],[97.8477,16.5356],[97.8291,16.5648]],[[97.7879,16.511],[97.7644,16.5404],[97.7521,16.5468],[97.7598,16.5269],[97.7879,16.511]],[[97.7413,16.5408],[97.7336,16.5344],[97.7417,16.5333],[97.7413,16.5408]],[[97.7962,16.5265],[97.8066,16.5386],[97.7904,16.5581],[97.7834,16.5403],[97.7962,16.5265]],[[97.7333,16.5583],[97.7195,16.5665],[97.7168,16.5607],[97.7333,16.5583]],[[97.892,16.5678],[97.8996,16.5741],[97.8927,16.5747],[97.892,16.5678]],[[97.6667,16.625],[97.659,16.6327],[97.6592,16.6254],[97.6667,16.625]],[[97.9509,16.4254],[97.9572,16.4331],[97.9504,16.4323],[97.9509,16.4254]],[[97.8976,16.1506],[97.8895,16.1658],[97.8842,16.165],[97.8976,16.1506]],[[97.9004,16.1676],[97.9078,16.1743],[97.9,16.175],[97.9004,16.1676]],[[97.7582,16.1737],[97.7503,16.1678],[97.7583,16.1667],[97.7582,16.1737]],[[97.8818,16.2],[97.8717,16.2144],[97.8436,16.2056],[97.8496,16.2004],[97.8818,16.2]],[[97.901,16.0894],[97.9237,16.0768],[97.9138,16.0908],[97.901,16.0894]],[[97.9336,16.0678],[97.9413,16.0741],[97.9344,16.0747],[97.9336,16.0678]],[[97.9583,16.075],[97.9742,16.0677],[97.9743,16.0739],[97.9583,16.075]],[[97.9833,16.0333],[97.9756,16.041],[97.9759,16.0337],[97.9833,16.0333]],[[97.9655,16.0343],[97.9593,16.0491],[97.9593,16.0342],[97.9655,16.0343]],[[97.623,16.0507],[97.6145,16.0654],[97.6095,16.0653],[97.623,16.0507]],[[97.9247,15.9906],[97.9171,15.9842],[97.924,15.9837],[97.9247,15.9906]],[[97.9489,15.9622],[97.9346,15.9719],[97.928,15.951],[97.9489,15.9622]],[[97.9331,15.9406],[97.9254,15.9342],[97.9323,15.9337],[97.9331,15.9406]],[[97.7665,15.906],[97.7585,15.8943],[97.7644,15.8918],[97.7665,15.906]],[[97.7473,15.9751],[97.746,15.9916],[97.7337,15.9881],[97.7473,15.9751]],[[97.7673,15.8827],[97.775,15.875],[97.7743,15.8828],[97.7673,15.8827]],[[97.9252,15.8764],[97.9331,15.8822],[97.925,15.8833],[97.9252,15.8764]],[[97.7497,15.8677],[97.7417,15.875],[97.7424,15.8672],[97.7497,15.8677]],[[97.9338,15.8509],[97.9414,15.8572],[97.9333,15.8583],[97.9338,15.8509]],[[97.8074,15.8329],[97.8011,15.8253],[97.808,15.826],[97.8074,15.8329]],[[97.7914,15.8239],[97.7838,15.8176],[97.7907,15.817],[97.7914,15.8239]],[[97.9284,15.8061],[97.9542,15.7601],[97.9522,15.7876],[97.9724,15.8044],[97.9456,15.794],[97.9284,15.8061]],[[97.9246,15.7824],[97.917,15.7761],[97.925,15.775],[97.9246,15.7824]],[[97.7588,15.7259],[97.7664,15.7322],[97.7583,15.7333],[97.7588,15.7259]],[[97.9741,15.7246],[97.9678,15.7169],[97.9747,15.7177],[97.9741,15.7246]],[[97.8408,15.7094],[97.825,15.7167],[97.826,15.7094],[97.8408,15.7094]],[[97.8171,24.9426],[97.8247,24.9489],[97.8167,24.95],[97.8171,24.9426]],[[95.4878,28.2418],[95.5033,28.25],[95.4835,28.2463],[95.4878,28.2418]],[[95.5711,28.3196],[95.575,28.3333],[95.5891,28.3476],[95.5522,28.3295],[95.5711,28.3196]],[[95.6626,28.3453],[95.6723,28.3722],[95.6275,28.3806],[95.6338,28.3617],[95.6626,28.3453]],[[95.6838,28.3592],[95.6914,28.3656],[95.6833,28.3667],[95.6838,28.3592]],[[95.7053,28.3499],[95.6943,28.3419],[95.7083,28.3417],[95.7053,28.3499]],[[95.7173,28.3485],[95.7239,28.3342],[95.7233,28.3496],[95.7173,28.3485]],[[95.7335,28.336],[95.7414,28.3477],[95.7333,28.35],[95.7335,28.336]],[[95.9421,28.3176],[95.9497,28.3239],[95.9417,28.325],[95.9421,28.3176]],[[95.8246,28.4491],[95.817,28.4428],[95.825,28.4417],[95.8246,28.4491]],[[95.8009,28.4504],[95.8072,28.4581],[95.8004,28.4573],[95.8009,28.4504]],[[95.8663,28.4991],[95.8586,28.4928],[95.8667,28.4917],[95.8663,28.4991]],[[95.5496,28.4158],[95.542,28.4094],[95.55,28.4083],[95.5496,28.4158]],[[95.4943,28.4335],[95.5061,28.4414],[95.4918,28.4394],[95.4943,28.4335]]],[[[98.0,24.5083],[97.9843,24.5265],[98.0,24.5342],[98.0,24.5083]]],[[[95.3079,29.8522],[95.3032,29.8592],[95.3092,29.8535],[95.3079,29.8522]]],[[[95.1333,29.8667],[95.1425,29.8632],[95.1365,29.8575],[95.1333,29.8667]]],[[[95.2093,29.8416],[95.2085,29.8688],[95.2125,29.8745],[95.2167,29.8502],[95.2093,29.8416]]],[[[95.1311,29.8748],[95.1229,29.8675],[95.116,29.8709],[95.1311,29.8748]]],[[[95.2,29.8667],[95.1923,29.8667],[95.1958,29.8758],[95.2,29.8667]]],[[[95.2258,29.8782],[95.2187,29.8824],[95.2202,29.8842],[95.2258,29.8782]]],[[[95.1577,29.8773],[95.1492,29.8781],[95.1555,29.8852],[95.1577,29.8773]]],[[[95.1917,29.8917],[95.2008,29.8882],[95.1948,29.8825],[95.1917,29.8917]]],[[[95.1898,29.8988],[95.1734,29.8924],[95.1666,29.8959],[95.1898,29.8988]]]]}}