{"type":"Feature","properties":{"speciesId":730,"category":"LC","source":"IUCN Red List","simplifyTol":0.01,"clippedToSubcontinent":true},"geometry":{"type":"MultiPolygon","coordinates":[[[[89.5585,22.0023],[89.5638,22.0102],[89.5661,22.001],[89.5585,22.0023]]],[[[89.8077,22.0089],[89.8266,22.0169],[89.8418,22.0079],[89.8269,22.0],[89.8077,22.0089]]],[[[89.8581,22.009],[89.8581,22.0161],[89.869,22.0125],[89.8581,22.009]]],[[[89.575,22.0167],[89.5991,22.0192],[89.5823,22.008],[89.575,22.0167]]],[[[89.6585,22.019],[89.6638,22.0268],[89.6661,22.0176],[89.6585,22.019]]],[[[89.5654,22.0218],[89.5716,22.0338],[89.575,22.0167],[89.5654,22.0218]]],[[[89.6029,22.034],[89.6088,22.0276],[89.6,22.025],[89.6029,22.034]]],[[[89.7911,22.0278],[89.7972,22.0352],[89.7992,22.0257],[89.7911,22.0278]]],[[[89.8015,22.0505],[89.8123,22.0569],[89.8173,22.0541],[89.8015,22.0505]]],[[[89.675,22.0667],[89.6819,22.0627],[89.679,22.0572],[89.675,22.0667]]],[[[89.9085,22.0607],[89.9138,22.0685],[89.9161,22.0593],[89.9085,22.0607]]],[[[89.7751,22.0913],[89.7688,22.0702],[89.7979,22.0627],[89.7737,22.0347],[89.7536,22.0452],[89.7557,22.0629],[89.7344,22.0674],[89.7447,22.0972],[89.7751,22.0913]]],[[[89.6832,22.0722],[89.687,22.0829],[89.7078,22.0799],[89.7083,22.0667],[89.6832,22.0722]]],[[[89.6168,22.0829],[89.5925,22.0665],[89.6041,22.0901],[89.6168,22.0829]]],[[[89.8001,22.0773],[89.8055,22.0852],[89.8077,22.076],[89.8001,22.0773]]],[[[89.8642,22.0876],[89.8328,22.0597],[89.8194,22.0701],[89.8469,22.0873],[89.8551,22.1139],[89.8642,22.0876]]],[[[89.7907,22.0897],[89.7865,22.0825],[89.7833,22.0917],[89.7907,22.0897]]],[[[89.655,22.1216],[89.6541,22.069],[89.6659,22.0966],[89.6728,22.0707],[89.6463,22.0529],[89.6028,22.1041],[89.655,22.1216]],[[89.6282,22.0917],[89.639,22.0998],[89.625,22.1],[89.6282,22.0917]]],[[[89.8161,22.0945],[89.8222,22.1018],[89.8242,22.0924],[89.8161,22.0945]]],[[[89.5784,22.0949],[89.5829,22.1148],[89.5826,22.0916],[89.5784,22.0949]]],[[[89.8718,22.1075],[89.8667,22.1143],[89.875,22.1167],[89.8718,22.1075]]],[[[89.6072,22.1206],[89.6165,22.1236],[89.6167,22.1167],[89.6072,22.1206]]],[[[89.841,22.1195],[89.8474,22.1254],[89.85,22.1167],[89.841,22.1195]]],[[[89.8661,22.1434],[89.8041,22.136],[89.7867,22.1475],[89.8321,22.1152],[89.778,22.0948],[89.7807,22.1212],[89.753,22.1363],[89.7449,22.1724],[89.728,22.1281],[89.7645,22.1111],[89.728,22.1138],[89.7308,22.0778],[89.7152,22.0591],[89.715,22.129],[89.6942,22.1298],[89.7052,22.0954],[89.6772,22.094],[89.6681,22.1079],[89.6817,22.1141],[89.6805,22.1397],[89.6423,22.1684],[89.6552,22.1824],[89.6871,22.1805],[89.6784,22.1703],[89.7045,22.1444],[89.7043,22.1805],[89.7289,22.1698],[89.7679,22.1826],[89.8378,22.1528],[89.8553,22.1638],[89.8822,22.1532],[89.8773,22.117],[89.8661,22.1434]]],[[[89.6169,22.1381],[89.6329,22.1364],[89.6167,22.125],[89.6169,22.1381]]],[[[89.6001,22.1357],[89.6055,22.1435],[89.6077,22.1343],[89.6001,22.1357]]],[[[89.6652,22.1372],[89.6468,22.1345],[89.6342,22.1546],[89.64,22.156],[89.6652,22.1372]]],[[[89.6258,22.1552],[89.6189,22.1505],[89.6167,22.1583],[89.6258,22.1552]]],[[[89.6052,22.1492],[89.6028,22.1569],[89.6083,22.1583],[89.6052,22.1492]]],[[[89.9085,22.1523],[89.9138,22.1602],[89.9161,22.151],[89.9085,22.1523]]],[[[89.6092,22.1587],[89.616,22.1661],[89.6167,22.1583],[89.6092,22.1587]]],[[[89.6169,22.1737],[89.6247,22.1678],[89.6167,22.1667],[89.6169,22.1737]]],[[[89.6009,22.1671],[89.6076,22.1745],[89.6083,22.1667],[89.6009,22.1671]]],[[[89.591,22.1779],[89.5974,22.1837],[89.6,22.175],[89.591,22.1779]]],[[[89.6279,22.184],[89.6338,22.1776],[89.625,22.175],[89.6279,22.184]]],[[[89.8418,22.1773],[89.8472,22.1852],[89.8494,22.176],[89.8418,22.1773]]],[[[89.5705,22.184],[89.5632,22.2088],[89.5721,22.1846],[89.5705,22.184]]],[[[89.611,22.1856],[89.5935,22.202],[89.5936,22.2066],[89.6167,22.2],[89.611,22.1856]]],[[[89.8291,22.1846],[89.8181,22.2028],[89.8205,22.2077],[89.8411,22.2034],[89.8291,22.1846]]],[[[89.8624,22.2074],[89.8644,22.1928],[89.8429,22.1947],[89.8417,22.2],[89.8624,22.2074]]],[[[89.5827,22.2112],[89.5891,22.2171],[89.5917,22.2083],[89.5827,22.2112]]],[[[89.8998,22.2173],[89.8998,22.2244],[89.9107,22.2208],[89.8998,22.2173]]],[[[89.5718,22.2252],[89.5714,22.2266],[89.575,22.2334],[89.5718,22.2252]]],[[[89.6096,22.2299],[89.6128,22.2423],[89.6128,22.2243],[89.6096,22.2299]]],[[[89.8585,22.2357],[89.8638,22.2435],[89.8661,22.2343],[89.8585,22.2357]]],[[[89.6424,22.2471],[89.636,22.2413],[89.6333,22.25],[89.6424,22.2471]]],[[[89.8362,22.2507],[89.8421,22.2443],[89.8333,22.2417],[89.8362,22.2507]]],[[[89.5833,22.25],[89.583,22.2501],[89.5833,22.2506],[89.5833,22.25]]],[[[89.6242,22.2532],[89.6312,22.2579],[89.6333,22.25],[89.6242,22.2532]]],[[[89.6085,22.2523],[89.6138,22.2602],[89.6161,22.251],[89.6085,22.2523]]],[[[89.6052,22.2658],[89.6,22.2726],[89.6083,22.275],[89.6052,22.2658]]],[[[89.6665,22.2673],[89.6665,22.2744],[89.6774,22.2708],[89.6665,22.2673]]],[[[89.8911,22.2695],[89.8972,22.2768],[89.8992,22.2674],[89.8911,22.2695]]],[[[89.6115,22.2842],[89.6167,22.2774],[89.6083,22.275],[89.6115,22.2842]]],[[[89.8085,22.2773],[89.8138,22.2852],[89.8161,22.276],[89.8085,22.2773]]],[[[89.6244,22.2783],[89.6372,22.2856],[89.6406,22.2763],[89.6244,22.2783]]],[[[89.9085,22.2857],[89.9138,22.2935],[89.9161,22.2843],[89.9085,22.2857]]],[[[89.7133,22.4055],[89.7734,22.3716],[89.7591,22.3406],[89.7691,22.3024],[89.7983,22.2712],[89.8016,22.2294],[89.8194,22.2476],[89.8306,22.2393],[89.8129,22.1922],[89.7236,22.1924],[89.7039,22.2142],[89.6837,22.1925],[89.6544,22.1949],[89.6459,22.2137],[89.6268,22.1951],[89.6196,22.2154],[89.6571,22.2283],[89.6868,22.2717],[89.7307,22.2635],[89.7127,22.2271],[89.7574,22.2651],[89.713,22.2769],[89.7136,22.2969],[89.6918,22.2833],[89.6659,22.2994],[89.6291,22.2956],[89.6642,22.3126],[89.6525,22.3873],[89.7128,22.3607],[89.7227,22.379],[89.7133,22.4055]],[[89.7282,22.3501],[89.739,22.3581],[89.725,22.3583],[89.7282,22.3501]],[[89.7382,22.3397],[89.7134,22.3266],[89.748,22.3286],[89.7382,22.3397]],[[89.6774,22.3352],[89.6942,22.3109],[89.6981,22.3108],[89.6974,22.3234],[89.6774,22.3352]],[[89.7333,22.3083],[89.7203,22.3167],[89.7166,22.3114],[89.7333,22.3083]],[[89.7522,22.3154],[89.7485,22.3013],[89.7572,22.3153],[89.7522,22.3154]],[[89.7263,22.2939],[89.7406,22.2847],[89.7264,22.2989],[89.7263,22.2939]],[[89.7754,22.2676],[89.7828,22.2743],[89.775,22.275],[89.7754,22.2676]],[[89.6754,22.2019],[89.6831,22.2144],[89.675,22.2167],[89.6754,22.2019]],[[89.741,22.2006],[89.7333,22.2083],[89.7338,22.2009],[89.741,22.2006]]],[[[89.6027,22.3016],[89.6102,22.3055],[89.603,22.299],[89.6027,22.3016]]],[[[89.9174,22.3055],[89.911,22.2996],[89.9083,22.3083],[89.9174,22.3055]]],[[[89.8585,22.3107],[89.8638,22.3185],[89.8661,22.3093],[89.8585,22.3107]]],[[[89.9006,22.3099],[89.9076,22.3237],[89.9083,22.3083],[89.9006,22.3099]]],[[[89.6327,22.3195],[89.6388,22.3268],[89.6409,22.3174],[89.6327,22.3195]]],[[[89.9115,22.3342],[89.9167,22.3274],[89.9083,22.325],[89.9115,22.3342]]],[[[89.6405,22.3373],[89.6499,22.3403],[89.65,22.3333],[89.6405,22.3373]]],[[[89.8085,22.3357],[89.8138,22.3435],[89.8161,22.3343],[89.8085,22.3357]]],[[[89.6196,22.3551],[89.6249,22.3454],[89.6211,22.326],[89.6193,22.3308],[89.6196,22.3551]]],[[[89.7911,22.3445],[89.7972,22.3518],[89.7992,22.3424],[89.7911,22.3445]]],[[[89.8744,22.3528],[89.8805,22.3602],[89.8826,22.3507],[89.8744,22.3528]]],[[[89.9168,22.369],[89.9222,22.3768],[89.9244,22.3676],[89.9168,22.369]]],[[[89.884,22.3805],[89.8776,22.3746],[89.875,22.3833],[89.884,22.3805]]],[[[89.7072,22.379],[89.7165,22.382],[89.7167,22.375],[89.7072,22.379]]],[[[89.613,22.3906],[89.6167,22.3887],[89.6158,22.3823],[89.613,22.3906]]],[[[89.697,22.3775],[89.679,22.4062],[89.6976,22.3979],[89.697,22.3775]]],[[[89.8654,22.3885],[89.8716,22.4004],[89.875,22.3833],[89.8654,22.3885]]],[[[89.6335,22.394],[89.6388,22.4018],[89.6411,22.3926],[89.6335,22.394]]],[[[89.608,22.4058],[89.6083,22.4083],[89.6083,22.405],[89.608,22.4058]]],[[[89.6577,22.4445],[89.6638,22.4518],[89.6659,22.4424],[89.6577,22.4445]]],[[[89.6077,22.4611],[89.6138,22.4685],[89.6159,22.459],[89.6077,22.4611]]],[[[89.8918,22.5023],[89.8972,22.5102],[89.8994,22.501],[89.8918,22.5023]]],[[[89.6552,22.5075],[89.65,22.5143],[89.6583,22.5167],[89.6552,22.5075]]],[[[89.6335,22.5107],[89.6388,22.5185],[89.6411,22.5093],[89.6335,22.5107]]],[[[89.6615,22.5258],[89.6667,22.5191],[89.6583,22.5167],[89.6615,22.5258]]],[[[89.6418,22.5273],[89.6472,22.5352],[89.6494,22.526],[89.6418,22.5273]]],[[[89.6085,22.5357],[89.6138,22.5435],[89.6161,22.5343],[89.6085,22.5357]]],[[[89.5924,22.5471],[89.586,22.5413],[89.5833,22.55],[89.5924,22.5471]]],[[[89.564,22.5572],[89.5667,22.5559],[89.5665,22.5479],[89.564,22.5572]]],[[[89.5742,22.5532],[89.5812,22.5579],[89.5833,22.55],[89.5742,22.5532]]],[[[89.6001,22.5523],[89.6055,22.5602],[89.6077,22.551],[89.6001,22.5523]]],[[[89.5668,22.569],[89.5722,22.5768],[89.5744,22.5676],[89.5668,22.569]]],[[[89.6242,22.5828],[89.6206,22.5738],[89.6167,22.5833],[89.6242,22.5828]]],[[[89.6072,22.5839],[89.6144,22.5915],[89.6167,22.5833],[89.6072,22.5839]]],[[[89.6282,22.5925],[89.6334,22.5857],[89.625,22.5833],[89.6282,22.5925]]],[[[89.5835,22.5857],[89.5888,22.5935],[89.5911,22.5843],[89.5835,22.5857]]],[[[89.5501,22.6023],[89.5555,22.6102],[89.5577,22.601],[89.5501,22.6023]]],[[[89.5835,22.6023],[89.5888,22.6102],[89.5911,22.601],[89.5835,22.6023]]],[[[89.6077,22.6028],[89.6138,22.6102],[89.6159,22.6007],[89.6077,22.6028]]],[[[89.5423,22.6238],[89.5577,22.6379],[89.546,22.6177],[89.5423,22.6238]]],[[[89.5718,22.6655],[89.5703,22.6432],[89.5583,22.6667],[89.5718,22.6655]]],[[[89.5918,22.6523],[89.5972,22.6602],[89.5994,22.651],[89.5918,22.6523]]],[[[89.5333,22.6583],[89.5329,22.6598],[89.5332,22.6661],[89.5333,22.6583]]],[[[89.5509,22.6671],[89.5576,22.6745],[89.5583,22.6667],[89.5509,22.6671]]],[[[89.5416,22.6801],[89.55,22.675],[89.5405,22.679],[89.5416,22.6801]]],[[[89.6415,22.6756],[89.6415,22.6827],[89.6524,22.6792],[89.6415,22.6756]]],[[[89.5827,22.6783],[89.5955,22.6856],[89.599,22.6763],[89.5827,22.6783]]],[[[89.6229,22.6762],[89.6104,22.691],[89.6242,22.6898],[89.6229,22.6762]]],[[[89.8577,22.6945],[89.8638,22.7018],[89.8659,22.6924],[89.8577,22.6945]]],[[[89.8494,22.7111],[89.8555,22.7185],[89.8576,22.709],[89.8494,22.7111]]],[[[89.8251,22.7107],[89.8305,22.7185],[89.8327,22.7093],[89.8251,22.7107]]],[[[89.7835,22.7107],[89.7888,22.7185],[89.7911,22.7093],[89.7835,22.7107]]],[[[89.7668,22.7107],[89.7722,22.7185],[89.7744,22.7093],[89.7668,22.7107]]],[[[89.7135,22.7158],[89.7083,22.7226],[89.7167,22.725],[89.7135,22.7158]]],[[[89.7498,22.7173],[89.7506,22.7244],[89.7607,22.7208],[89.7498,22.7173]]],[[[89.7831,22.7256],[89.7831,22.7327],[89.794,22.7292],[89.7831,22.7256]]],[[[89.7198,22.7342],[89.725,22.7274],[89.7167,22.725],[89.7198,22.7342]]],[[[89.5945,22.7805],[89.6233,22.7631],[89.631,22.7104],[89.5951,22.7138],[89.5716,22.6786],[89.5516,22.6865],[89.557,22.7195],[89.5435,22.7118],[89.5428,22.7279],[89.5945,22.7805]],[[89.599,22.7504],[89.5917,22.7583],[89.5921,22.7509],[89.599,22.7504]],[[89.6088,22.7426],[89.6161,22.7493],[89.6083,22.75],[89.6088,22.7426]],[[89.6171,22.7176],[89.6245,22.7243],[89.6167,22.725],[89.6171,22.7176]],[[89.5679,22.7106],[89.582,22.7068],[89.5681,22.7156],[89.5679,22.7106]]],[[[89.8411,22.7361],[89.8472,22.7435],[89.8492,22.734],[89.8411,22.7361]]],[[[89.7675,22.7468],[89.7605,22.7421],[89.7583,22.75],[89.7675,22.7468]]],[[[89.8251,22.744],[89.8305,22.7518],[89.8327,22.7426],[89.8251,22.744]]],[[[89.5555,22.7522],[89.5583,22.75],[89.5544,22.7501],[89.5555,22.7522]]],[[[89.7385,22.7492],[89.7361,22.7569],[89.7417,22.7583],[89.7385,22.7492]]],[[[89.7911,22.7528],[89.7972,22.7602],[89.7992,22.7507],[89.7911,22.7528]]],[[[89.7583,22.75],[89.7433,22.7652],[89.7547,22.7742],[89.7583,22.75]]],[[[89.8815,22.78],[89.8686,22.7544],[89.8808,22.7536],[89.8792,22.7436],[89.8513,22.7537],[89.8527,22.7807],[89.8815,22.78]]],[[[89.8998,22.7673],[89.8998,22.7744],[89.9107,22.7708],[89.8998,22.7673]]],[[[89.8335,22.769],[89.8388,22.7768],[89.8411,22.7676],[89.8335,22.769]]],[[[89.7268,22.7675],[89.7295,22.7831],[89.7417,22.7667],[89.7268,22.7675]]],[[[89.6198,22.7842],[89.625,22.7774],[89.6167,22.775],[89.6198,22.7842]]],[[[89.7827,22.7783],[89.7955,22.7856],[89.799,22.7763],[89.7827,22.7783]]],[[[89.5698,22.8305],[89.622,22.7951],[89.5961,22.7948],[89.5786,22.8147],[89.5826,22.7735],[89.5657,22.7597],[89.5698,22.8305]]],[[[89.7109,22.7979],[89.7093,22.8287],[89.7198,22.833],[89.7245,22.817],[89.7109,22.7979]]],[[[89.6161,22.8195],[89.6222,22.8268],[89.6242,22.8174],[89.6161,22.8195]]],[[[89.8744,22.8195],[89.8805,22.8268],[89.8826,22.8174],[89.8744,22.8195]]],[[[89.6006,22.8326],[89.6095,22.829],[89.6,22.825],[89.6006,22.8326]]],[[[89.884,22.8388],[89.8776,22.8329],[89.875,22.8417],[89.884,22.8388]]],[[[89.591,22.8362],[89.5974,22.8421],[89.6,22.8333],[89.591,22.8362]]],[[[89.8411,22.8361],[89.8472,22.8435],[89.8492,22.834],[89.8411,22.8361]]],[[[89.8658,22.8448],[89.8728,22.8496],[89.875,22.8417],[89.8658,22.8448]]],[[[89.5542,22.8532],[89.567,22.8543],[89.5583,22.8417],[89.5542,22.8532]]],[[[89.9001,22.8523],[89.9055,22.8602],[89.9077,22.851],[89.9001,22.8523]]],[[[89.8865,22.8571],[89.8746,22.8633],[89.8917,22.8667],[89.8865,22.8571]]],[[[89.8948,22.8758],[89.9,22.8691],[89.8917,22.8667],[89.8948,22.8758]]],[[[89.5523,22.8703],[89.5504,22.8929],[89.5583,22.8667],[89.5523,22.8703]]],[[[89.6585,22.8773],[89.6638,22.8852],[89.6661,22.876],[89.6585,22.8773]]],[[[89.7585,22.8857],[89.7638,22.8935],[89.7661,22.8843],[89.7585,22.8857]]],[[[89.5661,22.8867],[89.5788,22.8939],[89.5823,22.8847],[89.5661,22.8867]]],[[[89.8492,22.8869],[89.8622,22.8939],[89.8656,22.8847],[89.8492,22.8869]]],[[[89.7824,22.8991],[89.7789,22.8828],[89.775,22.9],[89.7824,22.8991]]],[[[89.6468,22.8908],[89.6417,22.8976],[89.65,22.9],[89.6468,22.8908]]],[[[89.766,22.9029],[89.7724,22.9087],[89.775,22.9],[89.766,22.9029]]],[[[89.6532,22.9092],[89.6584,22.9024],[89.65,22.9],[89.6532,22.9092]]],[[[89.5686,22.9119],[89.5847,22.9164],[89.5981,22.9129],[89.5873,22.9022],[89.5686,22.9119]]],[[[89.5554,22.9151],[89.5553,22.9158],[89.5566,22.9187],[89.5554,22.9151]]],[[[89.5628,22.9251],[89.5667,22.9331],[89.5758,22.9292],[89.5628,22.9251]]],[[[89.5918,22.9273],[89.5972,22.9352],[89.5994,22.926],[89.5918,22.9273]]],[[[89.5762,22.9495],[89.5689,22.9419],[89.5667,22.95],[89.5762,22.9495]]],[[[89.6327,22.9445],[89.6388,22.9518],[89.6409,22.9424],[89.6327,22.9445]]],[[[89.5652,22.9552],[89.5645,22.9511],[89.5648,22.9563],[89.5652,22.9552]]],[[[89.5697,22.9658],[89.5703,22.9741],[89.5768,22.9722],[89.5697,22.9658]]],[[[89.9001,22.994],[89.9055,23.0018],[89.9077,22.9926],[89.9001,22.994]]],[[[89.7085,22.994],[89.7138,23.0018],[89.7161,22.9926],[89.7085,22.994]]],[[[89.5903,22.9933],[89.5794,23.0137],[89.5862,23.0172],[89.5903,22.9933]]],[[[89.8523,23.0024],[89.8511,23.0142],[89.8632,23.0242],[89.8655,23.0118],[89.8523,23.0024]]],[[[89.9085,23.0107],[89.9138,23.0185],[89.9161,23.0093],[89.9085,23.0107]]],[[[89.7085,23.0273],[89.7138,23.0352],[89.7161,23.026],[89.7085,23.0273]]],[[[89.7827,23.0361],[89.7888,23.0435],[89.7909,23.034],[89.7827,23.0361]]],[[[89.8324,23.0309],[89.8089,23.0319],[89.822,23.0659],[89.8477,23.0555],[89.825,23.05],[89.8324,23.0309]]],[[[89.6397,23.0775],[89.6417,23.075],[89.638,23.0751],[89.6397,23.0775]]],[[[89.8668,23.094],[89.8722,23.1018],[89.8744,23.0926],[89.8668,23.094]]],[[[89.8411,23.095],[89.8538,23.1023],[89.8573,23.093],[89.8411,23.095]]],[[[89.8062,23.1707],[89.8015,23.1446],[89.8207,23.1555],[89.868,23.1422],[89.8618,23.1727],[89.8874,23.1619],[89.936,23.169],[89.9615,23.1988],[89.9512,23.1556],[89.9735,23.1171],[89.9291,23.1236],[89.8967,23.0846],[89.8835,23.104],[89.9056,23.1203],[89.8966,23.1318],[89.8541,23.1195],[89.8267,23.1306],[89.8124,23.0946],[89.8038,23.1251],[89.7694,23.1389],[89.789,23.0791],[89.7608,23.053],[89.7857,23.0119],[89.8218,23.0049],[89.8035,22.9931],[89.7516,23.0015],[89.7457,23.0484],[89.7035,23.0448],[89.7281,23.0906],[89.6712,23.0349],[89.614,23.0407],[89.6231,23.0586],[89.6442,23.0728],[89.6644,23.0619],[89.6576,23.0844],[89.7213,23.1502],[89.7087,23.1744],[89.747,23.1611],[89.7349,23.188],[89.7677,23.2076],[89.8062,23.1707]],[[89.7655,23.1676],[89.7589,23.1819],[89.7598,23.1672],[89.7655,23.1676]],[[89.9031,23.1417],[89.914,23.1498],[89.9,23.15],[89.9031,23.1417]],[[89.9266,23.1339],[89.9404,23.141],[89.925,23.1417],[89.9266,23.1339]],[[89.7244,23.1173],[89.7167,23.125],[89.7171,23.1176],[89.7244,23.1173]],[[89.7671,23.1009],[89.7745,23.1076],[89.7667,23.1083],[89.7671,23.1009]],[[89.7418,23.0861],[89.7498,23.0977],[89.7417,23.1],[89.7418,23.0861]],[[89.7599,23.0755],[89.7737,23.0827],[89.7583,23.0833],[89.7599,23.0755]],[[89.698,23.1061],[89.685,23.0933],[89.7066,23.0931],[89.698,23.1061]],[[89.6327,23.0506],[89.625,23.0583],[89.6254,23.0509],[89.6327,23.0506]]],[[[89.8841,23.1673],[89.8882,23.1756],[89.8917,23.1667],[89.8841,23.1673]]],[[[89.7379,23.2129],[89.7196,23.1846],[89.6939,23.1835],[89.7379,23.2129]]],[[[89.9148,23.1999],[89.9142,23.2166],[89.9264,23.2085],[89.9148,23.1999]]],[[[89.7505,23.2099],[89.7577,23.2237],[89.7583,23.2083],[89.7505,23.2099]]],[[[89.8985,23.209],[89.8457,23.1859],[89.8373,23.2149],[89.8024,23.2086],[89.7883,23.2304],[89.7583,23.225],[89.8876,23.2497],[89.8985,23.209]],[[89.8088,23.2259],[89.8161,23.2326],[89.8083,23.2333],[89.8088,23.2259]]],[[[89.8619,23.2627],[89.8829,23.2728],[89.8576,23.2585],[89.8619,23.2627]]],[[[89.7501,23.919],[89.7555,23.9268],[89.7577,23.9176],[89.7501,23.919]]],[[[89.7802,23.9242],[89.7778,23.9319],[89.7833,23.9333],[89.7802,23.9242]]],[[[89.7166,24.107],[89.7106,24.0701],[89.7247,24.073],[89.7151,24.0137],[89.6896,24.0126],[89.6977,24.0895],[89.7166,24.107]]],[[[89.7254,24.0975],[89.7416,24.096],[89.725,24.0833],[89.7254,24.0975]]],[[[89.9092,24.0921],[89.916,24.0995],[89.9167,24.0917],[89.9092,24.0921]]],[[[89.7575,24.1182],[89.7511,24.1285],[89.755,24.1356],[89.7575,24.1182]]],[[[89.7046,24.1158],[89.722,24.1489],[89.7078,24.1082],[89.7046,24.1158]]],[[[89.8001,24.169],[89.8055,24.1768],[89.8077,24.1676],[89.8001,24.169]]],[[[89.8911,24.1778],[89.8972,24.1852],[89.8992,24.1757],[89.8911,24.1778]]],[[[89.8802,24.1825],[89.8778,24.1902],[89.8833,24.1917],[89.8802,24.1825]]],[[[89.8001,24.1857],[89.8055,24.1935],[89.8077,24.1843],[89.8001,24.1857]]],[[[89.8418,24.1857],[89.8472,24.1935],[89.8494,24.1843],[89.8418,24.1857]]],[[[89.8635,24.1908],[89.8611,24.1986],[89.8667,24.2],[89.8635,24.1908]]],[[[89.7827,24.1945],[89.7888,24.2018],[89.7909,24.1924],[89.7827,24.1945]]],[[[89.7411,24.2028],[89.7472,24.2102],[89.7492,24.2007],[89.7411,24.2028]]],[[[89.7718,24.2158],[89.7695,24.2236],[89.775,24.225],[89.7718,24.2158]]],[[[89.7751,24.244],[89.7805,24.2518],[89.7827,24.2426],[89.7751,24.244]]],[[[89.8591,24.3673],[89.8627,24.3762],[89.8667,24.3667],[89.8591,24.3673]]],[[[89.925,24.3667],[89.9149,24.3753],[89.9218,24.3829],[89.925,24.3667]]],[[[89.8417,24.3833],[89.8475,24.3765],[89.8456,24.3738],[89.8417,24.3833]]],[[[89.8845,24.38],[89.9066,24.3879],[89.8833,24.3667],[89.8845,24.38]]],[[[89.7668,24.444],[89.7722,24.4518],[89.7744,24.4426],[89.7668,24.444]]],[[[89.8029,24.4674],[89.8088,24.461],[89.8,24.4583],[89.8029,24.4674]]],[[[89.7667,24.475],[89.7747,24.4646],[89.7703,24.4577],[89.7667,24.475]]],[[[89.8072,24.4839],[89.8144,24.4915],[89.8167,24.4833],[89.8072,24.4839]]],[[[89.9085,24.5023],[89.9138,24.5102],[89.9161,24.501],[89.9085,24.5023]]],[[[89.8001,24.519],[89.8055,24.5268],[89.8077,24.5176],[89.8001,24.519]]],[[[89.7833,24.6],[89.7882,24.4905],[89.7686,24.4872],[89.7519,24.4439],[89.7276,24.5127],[89.7527,24.5975],[89.7833,24.6]],[[89.7478,24.5073],[89.7608,24.5008],[89.773,24.5136],[89.7635,24.5227],[89.7478,24.5073]],[[89.749,24.4754],[89.7417,24.4833],[89.7421,24.4759],[89.749,24.4754]]],[[[89.7246,24.521],[89.7165,24.5346],[89.7259,24.5419],[89.7334,24.5336],[89.7246,24.521]]],[[[89.7968,24.568],[89.8088,24.5617],[89.7917,24.5583],[89.7968,24.568]]],[[[89.7875,24.6251],[89.7915,24.6042],[89.7886,24.6006],[89.7862,24.6],[89.7851,24.5999],[89.7833,24.6],[89.7875,24.6251]]],[[[89.7835,24.6357],[89.7888,24.6435],[89.7911,24.6343],[89.7835,24.6357]]],[[[89.7998,24.6506],[89.7998,24.6577],[89.8107,24.6542],[89.7998,24.6506]]],[[[89.7506,24.7159],[89.7595,24.7123],[89.75,24.7083],[89.7506,24.7159]]],[[[89.7838,24.7241],[89.7914,24.7178],[89.7833,24.7167],[89.7838,24.7241]]],[[[89.741,24.7195],[89.7474,24.7254],[89.75,24.7167],[89.741,24.7195]]],[[[89.7919,24.732],[89.7997,24.7261],[89.7917,24.725],[89.7919,24.732]]],[[[89.8029,24.7424],[89.8088,24.736],[89.8,24.7333],[89.8029,24.7424]]],[[[89.7583,24.7667],[89.7641,24.7598],[89.7623,24.7572],[89.7583,24.7667]]],[[[89.6925,24.7589],[89.6965,24.7673],[89.7,24.7583],[89.6925,24.7589]]],[[[89.6907,24.7814],[89.6865,24.7742],[89.6833,24.7833],[89.6907,24.7814]]],[[[89.6926,24.8087],[89.6993,24.8161],[89.7,24.8083],[89.6926,24.8087]]],[[[89.65,24.8417],[89.6314,24.8554],[89.6482,24.8566],[89.65,24.8417]]],[[[87.5799,26.9722],[87.7402,26.9743],[87.823,26.9375],[87.9363,26.9215],[88.1199,26.9354],[88.1669,26.8653],[88.1701,26.7492],[88.1296,26.7501],[88.0825,26.8372],[87.9934,26.886],[87.9194,26.862],[87.845,26.791],[87.7467,26.8061],[87.5307,26.9051],[87.5245,26.9459],[87.5799,26.9722]]],[[[89.9911,22.0611],[89.9972,22.0685],[89.9992,22.059],[89.9911,22.0611]]],[[[89.9168,22.1107],[89.9222,22.1185],[89.9244,22.1093],[89.9168,22.1107]]],[[[89.9918,22.2023],[89.9972,22.2102],[89.9994,22.201],[89.9918,22.2023]]],[[[89.9418,22.2107],[89.9472,22.2185],[89.9494,22.2093],[89.9418,22.2107]]],[[[89.9244,22.2111],[89.9305,22.2185],[89.9326,22.209],[89.9244,22.2111]]],[[[89.9661,22.2195],[89.9722,22.2268],[89.9742,22.2174],[89.9661,22.2195]]],[[[89.9168,22.2273],[89.9222,22.2352],[89.9244,22.226],[89.9168,22.2273]]],[[[89.9023,22.2473],[89.9218,22.25],[89.9409,22.2459],[89.9156,22.2416],[89.9023,22.2473]]],[[[89.9751,22.244],[89.9805,22.2518],[89.9827,22.2426],[89.9751,22.244]]],[[[89.9411,22.2611],[89.9472,22.2685],[89.9492,22.259],[89.9411,22.2611]]],[[[89.9911,22.2778],[89.9972,22.2852],[89.9992,22.2757],[89.9911,22.2778]]],[[[89.9751,22.2773],[89.9805,22.2852],[89.9827,22.276],[89.9751,22.2773]]],[[[89.9418,22.3023],[89.9472,22.3102],[89.9494,22.301],[89.9418,22.3023]]],[[[89.9742,22.3099],[89.9677,22.3201],[89.9717,22.3273],[89.9742,22.3099]]],[[[89.9425,22.3302],[89.9355,22.3255],[89.9333,22.3333],[89.9425,22.3302]]],[[[89.9242,22.3365],[89.9312,22.3412],[89.9333,22.3333],[89.9242,22.3365]]],[[[89.9918,22.3357],[89.9972,22.3435],[89.9994,22.3343],[89.9918,22.3357]]],[[[89.9668,22.344],[89.9722,22.3518],[89.9744,22.3426],[89.9668,22.344]]],[[[90.0001,22.3523],[90.0055,22.3602],[90.0077,22.351],[90.0001,22.3523]]],[[[89.9827,22.3528],[89.9888,22.3602],[89.9909,22.3507],[89.9827,22.3528]]],[[[89.9161,22.3528],[89.9222,22.3602],[89.9242,22.3507],[89.9161,22.3528]]],[[[89.9501,22.3523],[89.9555,22.3602],[89.9577,22.351],[89.9501,22.3523]]],[[[89.984,22.3971],[89.9776,22.3913],[89.975,22.4],[89.984,22.3971]]],[[[89.9552,22.3992],[89.9528,22.4069],[89.9583,22.4083],[89.9552,22.3992]]],[[[89.9676,22.4004],[89.9743,22.4078],[89.975,22.4],[89.9676,22.4004]]],[[[89.9591,22.4089],[89.9632,22.4173],[89.9667,22.4083],[89.9591,22.4089]]],[[[89.9335,22.694],[89.9388,22.7018],[89.9411,22.6926],[89.9335,22.694]]],[[[89.9751,22.769],[89.9805,22.7768],[89.9827,22.7676],[89.9751,22.769]]],[[[89.9585,22.7857],[89.9638,22.7935],[89.9661,22.7843],[89.9585,22.7857]]],[[[89.9327,22.8028],[89.9388,22.8102],[89.9409,22.8007],[89.9327,22.8028]]],[[[89.9494,22.8278],[89.9555,22.8352],[89.9576,22.8257],[89.9494,22.8278]]],[[[89.9418,22.8523],[89.9472,22.8602],[89.9494,22.851],[89.9418,22.8523]]],[[[89.9244,22.995],[89.9372,23.0023],[89.9406,22.993],[89.9244,22.995]]],[[[89.9335,23.0107],[89.9388,23.0185],[89.9411,23.0093],[89.9335,23.0107]]],[[[89.9492,23.0411],[89.9452,23.0327],[89.9417,23.0417],[89.9492,23.0411]]],[[[89.928,23.0479],[89.9417,23.0417],[89.9242,23.0453],[89.928,23.0479]]],[[[90.0084,22.9956],[89.9614,22.9949],[89.9894,23.0295],[89.9692,23.0202],[89.9358,23.0723],[90.0125,23.1057],[90.0084,22.9956]],[[89.993,23.0152],[90.0071,23.0189],[90.007,23.0239],[89.993,23.0152]]],[[[89.9302,23.0575],[89.9278,23.0652],[89.9333,23.0667],[89.9302,23.0575]]],[[[89.9417,23.0833],[89.9237,23.0825],[89.9343,23.0926],[89.9417,23.0833]]],[[[89.9744,23.2028],[89.9805,23.2102],[89.9826,23.2007],[89.9744,23.2028]]],[[[89.9968,23.2492],[89.9917,23.256],[90.0,23.2583],[89.9968,23.2492]]],[[[89.9937,23.2647],[89.8988,23.2832],[89.9631,23.3157],[89.9711,23.2937],[89.9955,23.2931],[89.9631,23.3295],[90.0134,23.3384],[90.0131,23.2194],[90.0033,23.2573],[89.9937,23.2647]]],[[[89.967,23.3811],[90.0073,23.4031],[89.9964,23.3678],[89.967,23.3811]]],[[[89.9667,23.3833],[89.9286,23.4069],[89.9329,23.4274],[89.9638,23.4208],[89.9667,23.3833]]],[[[90.0089,23.4239],[90.0129,23.4417],[90.0124,23.4166],[90.0089,23.4239]]],[[[89.9575,23.4522],[89.9442,23.4506],[89.9578,23.4584],[89.9575,23.4522]]],[[[90.0106,23.4533],[89.9741,23.4601],[89.9691,23.4633],[89.9995,23.4834],[90.006,23.4702],[90.0131,23.4916],[90.0106,23.4533]]],[[[89.9917,23.6715],[89.996,23.6853],[89.9991,23.6684],[89.9917,23.6715]]],[[[90.0001,23.694],[90.0055,23.7018],[90.0077,23.6926],[90.0001,23.694]]],[[[89.9666,23.6993],[89.9835,23.7031],[89.9788,23.6917],[89.9666,23.6993]]],[[[89.9553,23.7072],[89.9639,23.7159],[89.9667,23.7],[89.9553,23.7072]]],[[[90.3577,23.995],[90.3705,24.0023],[90.374,23.993],[90.3577,23.995]]],[[[90.5833,23.9917],[90.5732,24.0003],[90.5801,24.0079],[90.5833,23.9917]]],[[[90.4324,24.0064],[90.4282,23.9992],[90.425,24.0083],[90.4324,24.0064]]],[[[90.6061,24.0002],[90.5989,24.0078],[90.6083,24.0083],[90.6061,24.0002]]],[[[90.1577,24.0028],[90.1638,24.0102],[90.1659,24.0007],[90.1577,24.0028]]],[[[90.6091,24.0089],[90.6127,24.0178],[90.6167,24.0083],[90.6091,24.0089]]],[[[90.1918,24.0107],[90.1972,24.0185],[90.1994,24.0093],[90.1918,24.0107]]],[[[90.1763,24.0133],[90.1794,24.0257],[90.1794,24.0077],[90.1763,24.0133]]],[[[90.3407,24.023],[90.3365,24.0158],[90.3333,24.025],[90.3407,24.023]]],[[[90.5615,24.0258],[90.5667,24.0191],[90.5583,24.0167],[90.5615,24.0258]]],[[[90.5751,24.019],[90.5805,24.0268],[90.5827,24.0176],[90.5751,24.019]]],[[[89.9419,24.0403],[89.9497,24.0344],[89.9417,24.0333],[89.9419,24.0403]]],[[[90.4844,24.0279],[90.4875,24.0504],[90.4917,24.025],[90.4844,24.0279]]],[[[90.6342,24.0468],[90.6272,24.0421],[90.625,24.05],[90.6342,24.0468]]],[[[89.9911,24.0445],[89.9972,24.0518],[89.9992,24.0424],[89.9911,24.0445]]],[[[90.575,24.0833],[90.5713,24.0516],[90.5341,24.0526],[90.5562,24.0136],[90.548,24.0022],[90.525,23.9928],[90.4946,24.0097],[90.5026,24.0307],[90.5155,24.0139],[90.5099,24.0444],[90.5225,24.0474],[90.5023,24.0536],[90.5001,24.0783],[90.5258,24.1048],[90.575,24.0833]],[[90.5252,24.0764],[90.5331,24.0822],[90.525,24.0833],[90.5252,24.0764]]],[[[89.95,24.0417],[89.9705,24.0583],[89.9821,24.0544],[89.95,24.0417]]],[[[90.2659,24.0432],[90.2594,24.0535],[90.2633,24.0606],[90.2659,24.0432]]],[[[89.9416,24.0551],[89.95,24.05],[89.9405,24.054],[89.9416,24.0551]]],[[[90.5997,24.0542],[90.6211,24.0581],[90.625,24.05],[90.5997,24.0542]]],[[[89.9508,24.0589],[89.9544,24.0678],[89.9583,24.0583],[89.9508,24.0589]]],[[[90.2674,24.0721],[90.261,24.0663],[90.2583,24.075],[90.2674,24.0721]]],[[[89.9279,24.0757],[89.9338,24.0693],[89.925,24.0667],[89.9279,24.0757]]],[[[90.6161,24.0695],[90.6222,24.0768],[90.6242,24.0674],[90.6161,24.0695]]],[[[90.2508,24.0756],[90.2548,24.0839],[90.2583,24.075],[90.2508,24.0756]]],[[[90.4644,24.1554],[90.444,24.1382],[90.455,24.1212],[90.4276,24.1206],[90.4189,24.1038],[90.4546,24.1065],[90.49,24.0731],[90.45,24.0598],[90.4361,24.0722],[90.411,24.0541],[90.4315,24.0551],[90.4499,24.0259],[90.4643,24.0551],[90.4828,24.0177],[90.4733,23.995],[90.4359,24.0155],[90.4262,24.0134],[90.4125,23.9951],[90.3707,24.0101],[90.3582,24.0417],[90.3722,24.0717],[90.3423,24.0906],[90.3275,24.0724],[90.3318,24.0296],[90.3025,24.0139],[90.3295,23.9944],[90.2277,24.0041],[90.2883,24.019],[90.2779,24.0542],[90.3158,24.0678],[90.2774,24.0958],[90.3128,24.0939],[90.3131,24.1225],[90.3802,24.0947],[90.4136,24.1352],[90.4271,24.1728],[90.4611,24.173],[90.4644,24.1554]],[[90.4407,24.1587],[90.4333,24.1667],[90.4338,24.1592],[90.4407,24.1587]],[[90.4323,24.142],[90.425,24.15],[90.4254,24.1426],[90.4323,24.142]]],[[[89.9257,24.0888],[89.9193,24.0829],[89.9167,24.0917],[89.9257,24.0888]]],[[[90.5782,24.0925],[90.5834,24.0857],[90.575,24.0833],[90.5782,24.0925]]],[[[89.9417,24.1],[89.9475,24.0931],[89.9456,24.0905],[89.9417,24.1]]],[[[89.9898,24.0996],[89.9773,24.0919],[89.975,24.1],[89.9898,24.0996]]],[[[89.9618,24.0926],[89.9515,24.1067],[89.9729,24.1063],[89.975,24.1],[89.9618,24.0926]]],[[[90.5491,24.1064],[90.5448,24.0992],[90.5417,24.1083],[90.5491,24.1064]]],[[[90.3552,24.1075],[90.3528,24.1152],[90.3583,24.1167],[90.3552,24.1075]]],[[[90.3759,24.1087],[90.3826,24.1161],[90.3833,24.1083],[90.3759,24.1087]]],[[[89.9782,24.1175],[89.9834,24.1107],[89.975,24.1083],[89.9782,24.1175]]],[[[90.4982,24.1164],[90.5083,24.125],[90.5051,24.1088],[90.4982,24.1164]]],[[[89.9502,24.1237],[89.9581,24.1178],[89.95,24.1167],[89.9502,24.1237]]],[[[90.584,24.1305],[90.5776,24.1246],[90.575,24.1333],[90.584,24.1305]]],[[[89.9615,24.1342],[89.9667,24.1274],[89.9583,24.125],[89.9615,24.1342]]],[[[90.5994,24.1278],[90.6055,24.1352],[90.6076,24.1257],[90.5994,24.1278]]],[[[90.3989,24.1373],[90.4082,24.1403],[90.4083,24.1333],[90.3989,24.1373]]],[[[90.5376,24.1104],[90.5022,24.1363],[90.5208,24.1641],[90.5417,24.15],[90.5376,24.1104]],[[90.5323,24.1254],[90.525,24.1333],[90.5254,24.1259],[90.5323,24.1254]]],[[[90.5524,24.1387],[90.5648,24.1439],[90.5714,24.1571],[90.575,24.1333],[90.5524,24.1387]]],[[[90.491,24.1445],[90.4974,24.1504],[90.5,24.1417],[90.491,24.1445]]],[[[90.5448,24.1592],[90.55,24.1524],[90.5417,24.15],[90.5448,24.1592]]],[[[90.4025,24.1857],[90.4167,24.1667],[90.3624,24.1184],[90.365,24.1529],[90.3441,24.1871],[90.355,24.1784],[90.3762,24.1982],[90.3796,24.1854],[90.4025,24.1857]]],[[[90.4841,24.1617],[90.4667,24.1583],[90.4696,24.1662],[90.4841,24.1617]]],[[[90.4918,24.1607],[90.4972,24.1685],[90.4994,24.1593],[90.4918,24.1607]]],[[[89.9433,24.1672],[89.9576,24.1739],[89.9575,24.1677],[89.9433,24.1672]]],[[[89.9894,24.1669],[89.9822,24.1745],[89.9917,24.175],[89.9894,24.1669]]],[[[89.9926,24.1754],[89.9993,24.1828],[90.0,24.175],[89.9926,24.1754]]],[[[89.9585,24.182],[89.9664,24.1761],[89.9583,24.175],[89.9585,24.182]]],[[[90.4161,24.1861],[90.4222,24.1935],[90.4242,24.184],[90.4161,24.1861]]],[[[90.4494,24.1945],[90.4555,24.2018],[90.4576,24.1924],[90.4494,24.1945]]],[[[90.2759,24.1916],[90.2735,24.2084],[90.291,24.205],[90.2759,24.1916]]],[[[90.3862,24.209],[90.3921,24.2026],[90.3833,24.2],[90.3862,24.209]]],[[[90.3425,24.2061],[90.3462,24.2251],[90.3457,24.1999],[90.3425,24.2061]]],[[[90.3661,24.2111],[90.3722,24.2185],[90.3742,24.209],[90.3661,24.2111]]],[[[90.4661,24.2195],[90.4722,24.2268],[90.4742,24.2174],[90.4661,24.2195]]],[[[90.4269,24.2246],[90.4377,24.2353],[90.4407,24.2186],[90.4269,24.2246]]],[[[90.4501,24.2273],[90.4555,24.2352],[90.4577,24.226],[90.4501,24.2273]]],[[[90.3907,24.2407],[90.3872,24.2245],[90.3833,24.2417],[90.3907,24.2407]]],[[[90.3759,24.2421],[90.3826,24.2495],[90.3833,24.2417],[90.3759,24.2421]]],[[[89.9657,24.273],[89.9615,24.2658],[89.9583,24.275],[89.9657,24.273]]],[[[89.9849,24.2659],[89.979,24.2831],[90.0,24.2833],[89.9849,24.2659]]],[[[89.991,24.2945],[89.9974,24.3004],[90.0,24.2917],[89.991,24.2945]]],[[[89.9751,24.294],[89.9805,24.3018],[89.9827,24.2926],[89.9751,24.294]]],[[[90.4006,24.3242],[90.4095,24.3206],[90.4,24.3167],[90.4006,24.3242]]],[[[90.5409,24.3203],[90.5538,24.3273],[90.5573,24.318],[90.5409,24.3203]]],[[[90.5193,24.3339],[90.5322,24.3289],[90.5202,24.317],[90.5193,24.3339]]],[[[90.3926,24.3254],[90.3993,24.3328],[90.4,24.325],[90.3926,24.3254]]],[[[90.4245,24.3405],[90.4169,24.3478],[90.425,24.35],[90.4245,24.3405]]],[[[90.5887,24.3654],[90.5984,24.3542],[90.5824,24.3421],[90.5666,24.3579],[90.5887,24.3654]]],[[[90.4282,24.3592],[90.4334,24.3524],[90.425,24.35],[90.4282,24.3592]]],[[[90.5592,24.3587],[90.566,24.3661],[90.5667,24.3583],[90.5592,24.3587]]],[[[90.4836,24.371],[90.4761,24.3585],[90.4667,24.375],[90.4836,24.371]]],[[[89.9385,24.358],[89.9373,24.3751],[89.9524,24.3625],[89.9385,24.358]]],[[[90.5232,24.364],[90.514,24.3585],[90.5005,24.3623],[90.5086,24.3751],[90.5232,24.364]]],[[[90.3885,24.3658],[90.3861,24.3736],[90.3917,24.375],[90.3885,24.3658]]],[[[90.5509,24.3671],[90.5576,24.3745],[90.5583,24.3667],[90.5509,24.3671]]],[[[90.4418,24.369],[90.4472,24.3768],[90.4494,24.3676],[90.4418,24.369]]],[[[90.5885,24.3742],[90.5833,24.381],[90.5917,24.3833],[90.5885,24.3742]]],[[[90.5009,24.3754],[90.5076,24.3828],[90.5083,24.375],[90.5009,24.3754]]],[[[90.4575,24.3782],[90.4645,24.3829],[90.4667,24.375],[90.4575,24.3782]]],[[[90.4085,24.3773],[90.4138,24.3852],[90.4161,24.376],[90.4085,24.3773]]],[[[90.5085,24.3903],[90.5164,24.3844],[90.5083,24.3833],[90.5085,24.3903]]],[[[90.4251,24.3857],[90.4305,24.3935],[90.4327,24.3843],[90.4251,24.3857]]],[[[90.5917,24.3833],[90.6057,24.3985],[90.6239,24.3874],[90.5917,24.3833]]],[[[90.4661,24.3945],[90.4722,24.4018],[90.4742,24.3924],[90.4661,24.3945]]],[[[90.531,24.4044],[90.4976,24.3871],[90.4927,24.3906],[90.5052,24.4072],[90.531,24.4044]]],[[[90.0176,24.4254],[90.0243,24.4328],[90.025,24.425],[90.0176,24.4254]]],[[[89.9335,24.432],[89.9414,24.4261],[89.9333,24.425],[89.9335,24.432]]],[[[90.4659,24.4286],[90.4788,24.4356],[90.4823,24.4263],[90.4659,24.4286]]],[[[89.9718,24.4658],[89.9667,24.4726],[89.975,24.475],[89.9718,24.4658]]],[[[89.9782,24.4842],[89.9834,24.4774],[89.975,24.475],[89.9782,24.4842]]],[[[89.9195,24.484],[89.9254,24.4776],[89.9167,24.475],[89.9195,24.484]]],[[[89.9668,24.494],[89.9722,24.5018],[89.9744,24.4926],[89.9668,24.494]]],[[[89.9244,24.5028],[89.9305,24.5102],[89.9326,24.5007],[89.9244,24.5028]]],[[[90.6198,24.6008],[90.625,24.5941],[90.6167,24.5917],[90.6198,24.6008]]],[[[90.5418,24.7857],[90.5472,24.7935],[90.5494,24.7843],[90.5418,24.7857]]],[[[90.3167,24.8167],[90.3236,24.8127],[90.3206,24.8072],[90.3167,24.8167]]],[[[90.534,24.8138],[90.5276,24.8079],[90.525,24.8167],[90.534,24.8138]]],[[[90.5013,24.8216],[90.5044,24.834],[90.5044,24.816],[90.5013,24.8216]]],[[[90.5154,24.8218],[90.5221,24.8328],[90.525,24.8167],[90.5154,24.8218]]],[[[90.2826,24.8328],[90.279,24.8238],[90.275,24.8333],[90.2826,24.8328]]],[[[90.5918,24.8273],[90.5972,24.8352],[90.5994,24.826],[90.5918,24.8273]]],[[[90.5409,24.8266],[90.5344,24.8368],[90.5383,24.8439],[90.5409,24.8266]]],[[[90.2518,24.8385],[90.275,24.8333],[90.2495,24.8372],[90.2518,24.8385]]],[[[90.5741,24.8428],[90.5833,24.85],[90.5797,24.8325],[90.5741,24.8428]]],[[[90.4835,24.844],[90.4888,24.8518],[90.4911,24.8426],[90.4835,24.844]]],[[[90.45,24.8667],[90.4588,24.8579],[90.4537,24.8494],[90.45,24.8667]]],[[[90.5085,24.8607],[90.5138,24.8685],[90.5161,24.8593],[90.5085,24.8607]]],[[[90.5415,24.8673],[90.5423,24.8744],[90.5524,24.8708],[90.5415,24.8673]]],[[[90.6281,24.8972],[90.6479,24.8767],[90.6272,24.8437],[90.5953,24.8448],[90.579,24.8718],[90.5616,24.8621],[90.5706,24.8965],[90.6281,24.8972]]],[[[90.5218,24.8742],[90.5195,24.8819],[90.525,24.8833],[90.5218,24.8742]]],[[[90.4502,24.882],[90.4581,24.8761],[90.45,24.875],[90.4502,24.882]]],[[[90.4835,24.8773],[90.4888,24.8852],[90.4911,24.876],[90.4835,24.8773]]],[[[90.5509,24.8837],[90.5576,24.8911],[90.5583,24.8833],[90.5509,24.8837]]],[[[90.5532,24.9092],[90.5584,24.9024],[90.55,24.9],[90.5532,24.9092]]],[[[90.6008,24.9006],[90.6044,24.9095],[90.6083,24.9],[90.6008,24.9006]]],[[[90.4491,24.9314],[90.4448,24.9242],[90.4417,24.9333],[90.4491,24.9314]]],[[[90.5085,24.9273],[90.5138,24.9352],[90.5161,24.926],[90.5085,24.9273]]],[[[90.3939,24.9328],[90.4083,24.9417],[90.4133,24.9157],[90.404,24.9203],[90.3939,24.9328]]],[[[90.5333,24.9417],[90.5391,24.9348],[90.5373,24.9322],[90.5333,24.9417]]],[[[90.4657,24.9397],[90.4615,24.9325],[90.4583,24.9417],[90.4657,24.9397]]],[[[90.5668,24.9357],[90.5722,24.9435],[90.5744,24.9343],[90.5668,24.9357]]],[[[90.542,24.949],[90.5512,24.9456],[90.5417,24.9417],[90.542,24.949]]],[[[90.5994,24.9445],[90.6055,24.9518],[90.6076,24.9424],[90.5994,24.9445]]],[[[90.5915,24.9666],[90.604,24.9816],[90.6234,24.971],[90.6167,24.9583],[90.5915,24.9666]]],[[[90.5695,24.984],[90.5754,24.9776],[90.5667,24.975],[90.5695,24.984]]],[[[90.6168,25.0023],[90.6222,25.0102],[90.6244,25.001],[90.6168,25.0023]]],[[[90.2751,25.0107],[90.2805,25.0185],[90.2827,25.0093],[90.2751,25.0107]]],[[[90.5827,25.0111],[90.5888,25.0185],[90.5909,25.009],[90.5827,25.0111]]],[[[90.2244,25.0195],[90.2305,25.0268],[90.2326,25.0174],[90.2244,25.0195]]],[[[90.4585,25.0273],[90.4638,25.0352],[90.4661,25.026],[90.4585,25.0273]]],[[[90.6077,25.0283],[90.6205,25.0356],[90.624,25.0263],[90.6077,25.0283]]],[[[90.0362,25.0424],[90.0421,25.036],[90.0333,25.0333],[90.0362,25.0424]]],[[[90.3411,25.0361],[90.3472,25.0435],[90.3492,25.034],[90.3411,25.0361]]],[[[90.3744,25.0445],[90.3805,25.0518],[90.3826,25.0424],[90.3744,25.0445]]],[[[90.2751,25.044],[90.2805,25.0518],[90.2827,25.0426],[90.2751,25.044]]],[[[90.2668,25.0607],[90.2722,25.0685],[90.2744,25.0593],[90.2668,25.0607]]],[[[90.0751,25.0607],[90.0805,25.0685],[90.0827,25.0593],[90.0751,25.0607]]],[[[90.1744,25.0611],[90.1805,25.0685],[90.1826,25.059],[90.1744,25.0611]]],[[[90.1577,25.0611],[90.1638,25.0685],[90.1659,25.059],[90.1577,25.0611]]],[[[90.0601,25.0652],[90.0416,25.0712],[90.0667,25.075],[90.0601,25.0652]]],[[[90.3418,25.069],[90.3472,25.0768],[90.3494,25.0676],[90.3418,25.069]]],[[[90.1161,25.07],[90.1288,25.0773],[90.1323,25.068],[90.1161,25.07]]],[[[90.1508,25.0802],[90.1439,25.0755],[90.1417,25.0833],[90.1508,25.0802]]],[[[90.0718,25.0846],[90.0828,25.0779],[90.0667,25.075],[90.0718,25.0846]]],[[[90.1089,25.0879],[90.1345,25.0916],[90.1417,25.0836],[90.123,25.0839],[90.1089,25.0879]]],[[[90.3251,25.0857],[90.3305,25.0935],[90.3327,25.0843],[90.3251,25.0857]]],[[[90.4182,25.0964],[90.425,25.1083],[90.4316,25.0896],[90.4182,25.0964]]],[[[90.3667,25.125],[90.3725,25.1181],[90.3706,25.1155],[90.3667,25.125]]],[[[90.5,25.475],[90.5058,25.4681],[90.504,25.4655],[90.5,25.475]]],[[[90.4885,25.4658],[90.4861,25.4736],[90.4917,25.475],[90.4885,25.4658]]],[[[90.4468,25.4742],[90.4445,25.4819],[90.45,25.4833],[90.4468,25.4742]]],[[[90.4241,25.5147],[90.4198,25.5075],[90.4167,25.5167],[90.4241,25.5147]]],[[[90.3494,25.5195],[90.3555,25.5268],[90.3576,25.5174],[90.3494,25.5195]]],[[[90.0613,26.8476],[90.068,26.8457],[90.0583,26.8417],[90.0613,26.8476]]],[[[90.0995,26.8823],[90.0908,26.8842],[90.0999,26.8917],[90.0995,26.8823]]],[[[90.6257,26.8971],[90.6193,26.8913],[90.6167,26.9],[90.6257,26.8971]]],[[[90.1,26.8917],[90.1236,26.9141],[90.1234,26.8937],[90.1,26.8917]]],[[[90.6092,26.9004],[90.616,26.9078],[90.6167,26.9],[90.6092,26.9004]]],[[[90.5937,26.9142],[90.6036,26.9244],[90.6161,26.9212],[90.6083,26.9083],[90.5937,26.9142]]],[[[90.1274,26.9216],[90.1342,26.9196],[90.125,26.9167],[90.1274,26.9216]]],[[[90.2836,26.9326],[90.2917,26.9217],[90.2833,26.9167],[90.2836,26.9326]]],[[[90.5612,26.9424],[90.5671,26.936],[90.5583,26.9333],[90.5612,26.9424]]],[[[90.3744,26.9611],[90.3805,26.9685],[90.3826,26.959],[90.3744,26.9611]]],[[[90.5448,26.9925],[90.55,26.9857],[90.5417,26.9833],[90.5448,26.9925]]],[[[90.4581,26.9923],[90.4581,26.9994],[90.469,26.9958],[90.4581,26.9923]]],[[[91.0418,23.0023],[91.0472,23.0102],[91.0494,23.001],[91.0418,23.0023]]],[[[91.0335,23.019],[91.0388,23.0268],[91.0411,23.0176],[91.0335,23.019]]],[[[91.0827,23.0278],[91.0888,23.0352],[91.0909,23.0257],[91.0827,23.0278]]],[[[91.0661,23.0528],[91.0722,23.0602],[91.0742,23.0507],[91.0661,23.0528]]],[[[91.0168,23.0523],[91.0222,23.0602],[91.0244,23.051],[91.0168,23.0523]]],[[[91.0835,23.0523],[91.0888,23.0602],[91.0911,23.051],[91.0835,23.0523]]],[[[91.034,23.0888],[91.0276,23.0829],[91.025,23.0917],[91.034,23.0888]]],[[[91.0635,23.0825],[91.0583,23.0893],[91.0667,23.0917],[91.0635,23.0825]]],[[[91.0492,23.0849],[91.0427,23.0951],[91.0467,23.1023],[91.0492,23.0849]]],[[[91.0698,23.1008],[91.075,23.0941],[91.0667,23.0917],[91.0698,23.1008]]],[[[91.0084,23.0958],[91.0188,23.1076],[91.0242,23.1066],[91.025,23.0917],[91.0084,23.0958]]],[[[91.0077,23.1112],[91.0141,23.1171],[91.0167,23.1083],[91.0077,23.1112]]],[[[91.0653,23.1179],[91.0553,23.1265],[91.0641,23.1347],[91.0653,23.1179]]],[[[91.0744,23.1278],[91.0805,23.1352],[91.0826,23.1257],[91.0744,23.1278]]],[[[91.0257,23.1471],[91.0193,23.1413],[91.0167,23.15],[91.0257,23.1471]]],[[[90.9955,23.1434],[90.993,23.1716],[91.0129,23.1741],[91.0167,23.15],[90.9955,23.1434]],[[91.001,23.1663],[91.0083,23.1583],[91.0079,23.1658],[91.001,23.1663]]],[[[91.0344,23.1617],[91.0374,23.1751],[91.0375,23.1496],[91.0344,23.1617]]],[[[91.0592,23.1802],[91.0522,23.1755],[91.05,23.1833],[91.0592,23.1802]]],[[[91.0426,23.1837],[91.0493,23.1911],[91.05,23.1833],[91.0426,23.1837]]],[[[91.0667,23.2083],[91.0879,23.2242],[91.0917,23.2145],[91.0667,23.2083]]],[[[91.0175,23.2756],[91.021,23.2845],[91.025,23.275],[91.0175,23.2756]]],[[[91.0335,23.3273],[91.0388,23.3352],[91.0411,23.326],[91.0335,23.3273]]],[[[91.0158,23.3568],[91.0125,23.3408],[91.0083,23.3583],[91.0158,23.3568]]],[[[91.0184,23.3736],[91.0393,23.374],[91.041,23.361],[91.0167,23.3583],[91.0184,23.3736]]],[[[90.9939,23.3529],[90.992,23.3667],[90.9967,23.3831],[91.0084,23.3586],[90.9939,23.3529]]],[[[91.0835,23.3773],[91.0888,23.3852],[91.0911,23.376],[91.0835,23.3773]]],[[[91.0532,23.3821],[91.0413,23.3883],[91.0583,23.3917],[91.0532,23.3821]]],[[[91.0159,23.3869],[91.0288,23.3939],[91.0323,23.3847],[91.0159,23.3869]]],[[[91.0589,23.3992],[91.0673,23.3952],[91.0583,23.3917],[91.0589,23.3992]]],[[[90.9918,23.394],[90.9972,23.4018],[90.9994,23.3926],[90.9918,23.394]]],[[[91.0307,23.471],[91.0501,23.4579],[91.0333,23.4011],[90.9913,23.431],[91.0,23.462],[91.0307,23.471]],[[91.0081,23.4487],[91.0003,23.4428],[91.0083,23.4417],[91.0081,23.4487]],[[91.0261,23.4419],[91.032,23.4498],[91.025,23.45],[91.0261,23.4419]],[[91.024,23.4254],[91.0167,23.4333],[91.0171,23.4259],[91.024,23.4254]]],[[[91.0667,23.45],[91.0517,23.4735],[91.0648,23.4737],[91.0667,23.45]]],[[[91.075,23.4833],[91.0808,23.4765],[91.079,23.4738],[91.075,23.4833]]],[[[91.0418,23.5747],[91.0174,23.5699],[91.0291,23.5826],[91.0418,23.5747]]],[[[90.9911,23.5867],[91.0038,23.5939],[91.0073,23.5847],[90.9911,23.5867]]],[[[91.075,23.6083],[91.0676,23.6316],[91.0729,23.6328],[91.075,23.6083]]],[[[90.9998,23.6256],[90.9998,23.6327],[91.0107,23.6292],[90.9998,23.6256]]],[[[91.0806,23.6711],[91.054,23.611],[91.0443,23.671],[91.0625,23.6808],[91.0806,23.6711]]],[[[91.0328,23.6488],[91.0252,23.6561],[91.0333,23.6583],[91.0328,23.6488]]],[[[91.0167,23.6667],[90.9973,23.6594],[90.9916,23.6625],[91.0167,23.6667]]],[[[91.0338,23.6658],[91.0411,23.659],[91.0333,23.6583],[91.0338,23.6658]]],[[[91.0167,23.6667],[91.0245,23.6674],[91.0225,23.6666],[91.0167,23.6667]]],[[[91.0266,23.6755],[91.0349,23.6844],[91.0417,23.675],[91.0266,23.6755]]],[[[90.9911,23.6783],[91.0038,23.6856],[91.0073,23.6763],[90.9911,23.6783]]],[[[91.091,23.6862],[91.0974,23.6921],[91.1,23.6833],[91.091,23.6862]]],[[[91.0135,23.6908],[91.0083,23.6976],[91.0167,23.7],[91.0135,23.6908]]],[[[91.0552,23.6908],[91.0528,23.6986],[91.0583,23.7],[91.0552,23.6908]]],[[[91.0928,23.7078],[91.0856,23.7002],[91.0833,23.7083],[91.0928,23.7078]]],[[[91.0198,23.7092],[91.025,23.7024],[91.0167,23.7],[91.0198,23.7092]]],[[[91.0834,23.7087],[91.0596,23.7045],[91.0715,23.7236],[91.0834,23.7087]]],[[[91.0424,23.7138],[91.036,23.7079],[91.0333,23.7167],[91.0424,23.7138]]],[[[91.0249,23.7218],[91.0333,23.7167],[91.0239,23.7206],[91.0249,23.7218]]],[[[91.0911,23.7195],[91.0972,23.7268],[91.0992,23.7174],[91.0911,23.7195]]],[[[91.0174,23.7305],[91.011,23.7246],[91.0083,23.7333],[91.0174,23.7305]]],[[[91.0362,23.734],[91.0421,23.7276],[91.0333,23.725],[91.0362,23.734]]],[[[91.0501,23.7273],[91.0555,23.7352],[91.0577,23.726],[91.0501,23.7273]]],[[[91.0802,23.7325],[91.075,23.7393],[91.0833,23.7417],[91.0802,23.7325]]],[[[90.9989,23.7339],[91.0061,23.7415],[91.0083,23.7333],[90.9989,23.7339]]],[[[91.0865,23.7508],[91.0917,23.7441],[91.0833,23.7417],[91.0865,23.7508]]],[[[90.9992,23.7849],[90.9927,23.7951],[90.9967,23.8023],[90.9992,23.7849]]],[[[91.05,23.802],[91.0455,23.8133],[91.0577,23.8195],[91.05,23.802]]],[[[90.9917,23.8213],[91.0035,23.825],[91.0168,23.8209],[91.0053,23.8167],[90.9917,23.8213]]],[[[91.0331,23.8423],[91.034,23.8494],[91.044,23.8458],[91.0331,23.8423]]],[[[91.0335,23.8607],[91.0388,23.8685],[91.0411,23.8593],[91.0335,23.8607]]],[[[91.0751,23.8607],[91.0805,23.8685],[91.0827,23.8593],[91.0751,23.8607]]],[[[91.0757,23.8888],[91.0693,23.8829],[91.0667,23.8917],[91.0757,23.8888]]],[[[91.052,23.892],[91.0643,23.8998],[91.0667,23.8917],[91.052,23.892]]],[[[91.041,23.9029],[91.0474,23.9087],[91.05,23.9],[91.041,23.9029]]],[[[91.0757,23.9138],[91.0693,23.9079],[91.0667,23.9167],[91.0757,23.9138]]],[[[91.052,23.917],[91.0643,23.9248],[91.0667,23.9167],[91.052,23.917]]],[[[91.0669,23.932],[91.0747,23.9261],[91.0667,23.925],[91.0669,23.932]]],[[[91.0532,23.9425],[91.0584,23.9357],[91.05,23.9333],[91.0532,23.9425]]],[[[91.0782,23.9425],[91.0834,23.9357],[91.075,23.9333],[91.0782,23.9425]]],[[[91.0835,23.9523],[91.0888,23.9602],[91.0911,23.951],[91.0835,23.9523]]],[[[91.0307,23.9247],[90.9934,23.9288],[90.9957,23.9898],[91.0632,23.9883],[91.043,23.9723],[91.0728,23.9609],[91.0307,23.9247]],[[91.0094,23.958],[91.0167,23.95],[91.0163,23.9574],[91.0094,23.958]],[[91.0329,23.9741],[91.0255,23.9674],[91.0333,23.9667],[91.0329,23.9741]]],[[[90.8915,23.9923],[90.8915,23.9994],[90.9024,23.9958],[90.8915,23.9923]]],[[[90.806,24.0072],[90.8028,23.9926],[90.7917,24.0083],[90.806,24.0072]]],[[[91.0865,23.9987],[91.0755,24.0054],[91.0917,24.0083],[91.0865,23.9987]]],[[[91.0468,23.9992],[91.0417,24.006],[91.05,24.0083],[91.0468,23.9992]]],[[[90.6409,24.0157],[90.639,24.0056],[90.6201,23.9929],[90.6167,24.0083],[90.6409,24.0157]]],[[[90.7501,24.0023],[90.7555,24.0102],[90.7577,24.001],[90.7501,24.0023]]],[[[90.7391,24.0042],[90.6612,24.0048],[90.6974,24.0167],[90.7391,24.0042]]],[[[90.9946,24.0006],[90.9957,24.0167],[91.0083,24.0041],[90.9946,24.0006]]],[[[91.0504,24.0158],[91.0578,24.009],[91.05,24.0083],[91.0504,24.0158]]],[[[91.0948,24.0175],[91.1,24.0107],[91.0917,24.0083],[91.0948,24.0175]]],[[[90.7715,24.001],[90.759,24.0258],[90.7714,24.0335],[90.7918,24.0111],[90.7715,24.001]]],[[[90.7425,24.0218],[90.7355,24.0171],[90.7333,24.025],[90.7425,24.0218]]],[[[91.0416,24.0218],[91.05,24.0167],[91.0405,24.0206],[91.0416,24.0218]]],[[[91.0181,24.0365],[91.0251,24.023],[91.0158,24.0164],[91.0083,24.0247],[91.0181,24.0365]]],[[[90.9085,24.0273],[90.9138,24.0352],[90.9161,24.026],[90.9085,24.0273]]],[[[91.0006,24.0266],[91.0076,24.0404],[91.0083,24.025],[91.0006,24.0266]]],[[[90.7333,24.025],[90.6935,24.0377],[90.7213,24.0406],[90.7333,24.025]]],[[[90.6711,24.0255],[90.6625,24.0523],[90.6831,24.0302],[90.6711,24.0255]]],[[[90.9077,24.045],[90.9205,24.0523],[90.924,24.043],[90.9077,24.045]]],[[[91.0225,24.0637],[90.9627,24.0096],[90.9283,24.0285],[90.9657,24.04],[90.9448,24.0435],[90.9452,24.0642],[90.9645,24.0629],[90.939,24.0908],[91.0083,24.0833],[91.0225,24.0637]]],[[[90.9032,24.0654],[90.8971,24.0731],[90.9083,24.075],[90.9032,24.0654]]],[[[90.9287,24.068],[90.9098,24.0808],[90.9417,24.0667],[90.9287,24.068]]],[[[91.0491,24.0814],[91.0448,24.0742],[91.0417,24.0833],[91.0491,24.0814]]],[[[91.05,24.1083],[91.0293,24.0774],[91.002,24.0958],[91.0179,24.1159],[91.05,24.1083]]],[[[91.0499,24.1086],[91.0662,24.1167],[91.0628,24.1005],[91.0499,24.1086]]],[[[90.8085,24.1107],[90.8138,24.1185],[90.8161,24.1093],[90.8085,24.1107]]],[[[91.0009,24.1171],[91.0076,24.1245],[91.0083,24.1167],[91.0009,24.1171]]],[[[90.9789,24.1646],[90.9944,24.1012],[90.8598,24.1054],[90.9045,24.11],[90.9213,24.1302],[90.9383,24.1197],[90.9459,24.1469],[90.9635,24.1111],[90.9789,24.1646]]],[[[90.6659,24.1266],[90.6594,24.1368],[90.6633,24.1439],[90.6659,24.1266]]],[[[91.0695,24.1507],[91.0754,24.1443],[91.0667,24.1417],[91.0695,24.1507]]],[[[90.9251,24.144],[90.9305,24.1518],[90.9327,24.1426],[90.9251,24.144]]],[[[90.7411,24.1528],[90.7472,24.1602],[90.7492,24.1507],[90.7411,24.1528]]],[[[90.7263,24.1549],[90.7294,24.1673],[90.7294,24.1493],[90.7263,24.1549]]],[[[91.0664,24.1731],[91.0599,24.1342],[91.037,24.1476],[91.0363,24.128],[90.9943,24.1542],[91.0465,24.1609],[91.035,24.1848],[91.054,24.1893],[91.0664,24.1731]]],[[[91.0757,24.1638],[91.0693,24.1579],[91.0667,24.1667],[91.0757,24.1638]]],[[[90.992,24.174],[91.0012,24.1706],[90.9917,24.1667],[90.992,24.174]]],[[[90.8614,24.1722],[90.8748,24.1743],[90.8857,24.1708],[90.8735,24.1673],[90.8614,24.1722]]],[[[91.0259,24.1671],[91.0326,24.1745],[91.0333,24.1667],[91.0259,24.1671]]],[[[90.8001,24.169],[90.8055,24.1768],[90.8077,24.1676],[90.8001,24.169]]],[[[90.6835,24.1773],[90.6888,24.1852],[90.6911,24.176],[90.6835,24.1773]]],[[[90.7554,24.1854],[90.7417,24.1917],[90.7591,24.188],[90.7554,24.1854]]],[[[90.8577,24.1861],[90.8638,24.1935],[90.8659,24.184],[90.8577,24.1861]]],[[[90.9537,24.2307],[90.9889,24.2149],[90.989,24.1804],[90.9552,24.1613],[90.9034,24.1785],[90.93,24.1864],[90.9537,24.2307]],[[90.9606,24.1919],[90.9723,24.1998],[90.9583,24.2],[90.9606,24.1919]],[[90.9421,24.1842],[90.9497,24.1906],[90.9417,24.1917],[90.9421,24.1842]]],[[[90.7327,24.1945],[90.7391,24.2004],[90.7417,24.1917],[90.7327,24.1945]]],[[[90.6668,24.194],[90.6722,24.2018],[90.6744,24.1926],[90.6668,24.194]]],[[[90.6835,24.194],[90.6888,24.2018],[90.6911,24.1926],[90.6835,24.194]]],[[[91.0161,24.1945],[91.0222,24.2018],[91.0242,24.1924],[91.0161,24.1945]]],[[[90.9991,24.2064],[90.9948,24.1992],[90.9917,24.2083],[90.9991,24.2064]]],[[[90.6335,24.2273],[90.6388,24.2352],[90.6411,24.226],[90.6335,24.2273]]],[[[90.9918,24.2273],[90.9972,24.2352],[90.9994,24.226],[90.9918,24.2273]]],[[[90.9746,24.2249],[90.9568,24.2579],[90.9813,24.2463],[90.9746,24.2249]]],[[[90.9529,24.2679],[90.9546,24.2909],[90.9649,24.2697],[90.9529,24.2679]]],[[[90.6994,24.3111],[90.7055,24.3185],[90.7076,24.309],[90.6994,24.3111]]],[[[90.9585,24.3273],[90.9638,24.3352],[90.9661,24.326],[90.9585,24.3273]]],[[[90.9918,24.3273],[90.9972,24.3352],[90.9994,24.326],[90.9918,24.3273]]],[[[90.6835,24.3523],[90.6888,24.3602],[90.6911,24.351],[90.6835,24.3523]]],[[[90.9744,24.3528],[90.9805,24.3602],[90.9826,24.3507],[90.9744,24.3528]]],[[[90.9742,24.3682],[90.9677,24.3785],[90.9717,24.3856],[90.9742,24.3682]]],[[[90.8085,24.3857],[90.8138,24.3935],[90.8161,24.3843],[90.8085,24.3857]]],[[[90.6407,24.4064],[90.6365,24.3992],[90.6333,24.4083],[90.6407,24.4064]]],[[[90.9001,24.4023],[90.9055,24.4102],[90.9077,24.401],[90.9001,24.4023]]],[[[90.8661,24.4111],[90.8722,24.4185],[90.8742,24.409],[90.8661,24.4111]]],[[[90.9744,24.4111],[90.9805,24.4185],[90.9826,24.409],[90.9744,24.4111]]],[[[90.8533,24.4391],[90.8748,24.4372],[90.8467,24.4028],[90.8283,24.4031],[90.8533,24.4391]]],[[[90.8918,24.419],[90.8972,24.4268],[90.8994,24.4176],[90.8918,24.419]]],[[[90.7242,24.4182],[90.7177,24.4285],[90.7217,24.4356],[90.7242,24.4182]]],[[[90.8091,24.413],[90.7849,24.4215],[90.7864,24.4473],[90.8333,24.425],[90.8091,24.413]]],[[[90.7575,24.4286],[90.7705,24.4356],[90.774,24.4263],[90.7575,24.4286]]],[[[90.7335,24.4357],[90.7388,24.4435],[90.7411,24.4343],[90.7335,24.4357]]],[[[90.7001,24.4357],[90.7055,24.4435],[90.7077,24.4343],[90.7001,24.4357]]],[[[90.8168,24.444],[90.8222,24.4518],[90.8244,24.4426],[90.8168,24.444]]],[[[90.7743,24.4529],[90.7807,24.4587],[90.7833,24.45],[90.7743,24.4529]]],[[[90.7327,24.4528],[90.7388,24.4602],[90.7409,24.4507],[90.7327,24.4528]]],[[[90.9835,24.4523],[90.9888,24.4602],[90.9911,24.451],[90.9835,24.4523]]],[[[90.7085,24.4607],[90.7138,24.4685],[90.7161,24.4593],[90.7085,24.4607]]],[[[90.7468,24.4742],[90.7417,24.481],[90.75,24.4833],[90.7468,24.4742]]],[[[90.7691,24.4904],[90.7626,24.4756],[90.75,24.4833],[90.7567,24.4925],[90.7691,24.4904]]],[[[90.9911,24.5028],[90.9972,24.5102],[90.9992,24.5007],[90.9911,24.5028]]],[[[90.7425,24.5204],[90.7648,24.5125],[90.7421,24.4999],[90.7425,24.5204]]],[[[91.0835,24.519],[91.0888,24.5268],[91.0911,24.5176],[91.0835,24.519]]],[[[90.8168,24.5273],[90.8222,24.5352],[90.8244,24.526],[90.8168,24.5273]]],[[[91.0494,24.5278],[91.0555,24.5352],[91.0576,24.5257],[91.0494,24.5278]]],[[[90.7662,24.5409],[90.8087,24.5442],[90.7582,24.5338],[90.7662,24.5409]]],[[[90.7172,24.535],[90.7243,24.5487],[90.725,24.5333],[90.7172,24.535]]],[[[90.7418,24.544],[90.7472,24.5518],[90.7494,24.5426],[90.7418,24.544]]],[[[90.701,24.555],[90.7167,24.55],[90.6991,24.5542],[90.701,24.555]]],[[[90.7198,24.5675],[90.725,24.5607],[90.7167,24.5583],[90.7198,24.5675]]],[[[90.6615,24.5758],[90.6667,24.5691],[90.6583,24.5667],[90.6615,24.5758]]],[[[90.7501,24.569],[90.7555,24.5768],[90.7577,24.5676],[90.7501,24.569]]],[[[90.6885,24.5908],[90.6833,24.5976],[90.6917,24.6],[90.6885,24.5908]]],[[[90.6921,24.6074],[90.6995,24.6007],[90.6917,24.6],[90.6921,24.6074]]],[[[90.7718,24.6134],[90.7433,24.5983],[90.7,24.6097],[90.7048,24.6215],[90.7718,24.6134]]],[[[90.6417,24.6167],[90.6475,24.6098],[90.6456,24.6072],[90.6417,24.6167]]],[[[90.6712,24.6169],[90.6796,24.6297],[90.6915,24.6208],[90.6712,24.6169]]],[[[90.6657,24.6564],[90.6615,24.6492],[90.6583,24.6583],[90.6657,24.6564]]],[[[90.6668,24.669],[90.6722,24.6768],[90.6744,24.6676],[90.6668,24.669]]],[[[90.6532,24.7092],[90.6584,24.7024],[90.65,24.7],[90.6532,24.7092]]],[[[90.6583,25.025],[90.6641,25.0181],[90.6623,25.0155],[90.6583,25.025]]],[[[90.7417,25.025],[90.7571,25.0404],[90.7572,25.0264],[90.7417,25.025]]],[[[90.6583,25.0333],[90.6431,25.0267],[90.6343,25.0382],[90.6583,25.0333]]],[[[90.7001,25.0357],[90.7055,25.0435],[90.7077,25.0343],[90.7001,25.0357]]],[[[90.6509,25.0421],[90.6576,25.0495],[90.6583,25.0417],[90.6509,25.0421]]],[[[90.9675,25.0968],[90.9605,25.0921],[90.9583,25.1],[90.9675,25.0968]]],[[[90.9174,25.0971],[90.911,25.0913],[90.9083,25.1],[90.9174,25.0971]]],[[[90.866,25.0945],[90.8724,25.1004],[90.875,25.0917],[90.866,25.0945]]],[[[90.9009,25.1004],[90.9076,25.1078],[90.9083,25.1],[90.9009,25.1004]]],[[[90.9492,25.1032],[90.9562,25.1079],[90.9583,25.1],[90.9492,25.1032]]],[[[90.9744,25.1028],[90.9805,25.1102],[90.9826,25.1007],[90.9744,25.1028]]],[[[90.9085,25.1153],[90.9164,25.1094],[90.9083,25.1083],[90.9085,25.1153]]],[[[90.9169,25.1237],[90.9247,25.1178],[90.9167,25.1167],[90.9169,25.1237]]],[[[90.9759,25.5176],[90.9795,25.5339],[90.9833,25.5167],[90.9759,25.5176]]],[[[90.9754,25.7074],[90.9831,25.7011],[90.975,25.7],[90.9754,25.7074]]],[[[90.9739,25.7255],[90.9811,25.7331],[90.9833,25.725],[90.9739,25.7255]]],[[[90.6919,26.882],[90.6997,26.8761],[90.6917,26.875],[90.6919,26.882]]],[[[90.6743,26.8779],[90.6807,26.8837],[90.6833,26.875],[90.6743,26.8779]]],[[[90.7002,26.8903],[90.7081,26.8844],[90.7,26.8833],[90.7002,26.8903]]],[[[90.7083,26.8917],[90.7177,26.901],[90.7246,26.8949],[90.7083,26.8917]]],[[[91.0161,26.9028],[91.0222,26.9102],[91.0242,26.9007],[91.0161,26.9028]]],[[[91.0978,26.9085],[91.0905,26.9161],[91.1,26.9167],[91.0978,26.9085]]],[[[90.834,26.9305],[90.8276,26.9246],[90.825,26.9333],[90.834,26.9305]]],[[[90.9502,26.932],[90.9581,26.9261],[90.95,26.925],[90.9502,26.932]]],[[[90.9583,26.9333],[90.9868,26.9413],[90.9911,26.9367],[90.9583,26.9333]]],[[[90.816,26.9362],[90.8224,26.9421],[90.825,26.9333],[90.816,26.9362]]],[[[90.841,26.9362],[90.8474,26.9421],[90.85,26.9333],[90.841,26.9362]]],[[[90.9493,26.9445],[90.9557,26.9504],[90.9583,26.9417],[90.9493,26.9445]]],[[[90.9948,26.9508],[91.0,26.9441],[90.9917,26.9417],[90.9948,26.9508]]],[[[91.0686,26.9671],[91.0811,26.9748],[91.0833,26.9667],[91.0686,26.9671]]],[[[90.9362,26.984],[90.9421,26.9776],[90.9333,26.975],[90.9362,26.984]]],[[[91.0593,26.9759],[91.0628,26.9922],[91.0667,26.975],[91.0593,26.9759]]],[[[90.8052,26.9825],[90.8028,26.9902],[90.8083,26.9917],[90.8052,26.9825]]],[[[90.8188,27.0346],[90.8236,27.0489],[90.825,27.0333],[90.8188,27.0346]]],[[[90.9675,27.0552],[90.9605,27.0505],[90.9583,27.0583],[90.9675,27.0552]]],[[[90.7991,27.0657],[90.7955,27.0495],[90.7917,27.0667],[90.7991,27.0657]]],[[[90.9583,27.0583],[90.9275,27.0563],[90.9551,27.0805],[90.9583,27.0583]]],[[[90.7917,27.0667],[90.7683,27.0893],[90.7811,27.0902],[90.7917,27.0667]]],[[[90.9411,27.0945],[90.9472,27.1018],[90.9492,27.0924],[90.9411,27.0945]]],[[[90.7518,27.0926],[90.7567,27.1072],[90.7667,27.0917],[90.7518,27.0926]]],[[[90.7426,27.1087],[90.7493,27.1161],[90.75,27.1083],[90.7426,27.1087]]],[[[90.9335,27.119],[90.9388,27.1268],[90.9411,27.1176],[90.9335,27.119]]],[[[90.7417,27.1179],[90.7092,27.1139],[90.7122,27.1395],[90.7417,27.1179]]],[[[90.6468,27.1408],[90.6445,27.1486],[90.65,27.15],[90.6468,27.1408]]],[[[90.6877,27.1344],[90.6774,27.1466],[90.7051,27.1638],[90.7083,27.1417],[90.6877,27.1344]]],[[[90.655,27.1504],[90.6638,27.1736],[90.675,27.15],[90.655,27.1504]]],[[[90.6509,27.1754],[90.6576,27.1828],[90.6583,27.175],[90.6509,27.1754]]],[[[90.6426,27.1837],[90.6493,27.1911],[90.65,27.1833],[90.6426,27.1837]]],[[[90.6327,27.1945],[90.6391,27.2004],[90.6417,27.1917],[90.6327,27.1945]]],[[[91.1577,23.0028],[91.1638,23.0102],[91.1659,23.0007],[91.1577,23.0028]]],[[[91.3418,23.0023],[91.3472,23.0102],[91.3494,23.001],[91.3418,23.0023]]],[[[91.2418,23.0023],[91.2472,23.0102],[91.2494,23.001],[91.2418,23.0023]]],[[[91.3924,23.0138],[91.386,23.0079],[91.3833,23.0167],[91.3924,23.0138]]],[[[91.3161,23.0111],[91.3222,23.0185],[91.3242,23.009],[91.3161,23.0111]]],[[[91.2659,23.0099],[91.2594,23.0201],[91.2633,23.0273],[91.2659,23.0099]]],[[[91.3743,23.0195],[91.3807,23.0254],[91.3833,23.0167],[91.3743,23.0195]]],[[[91.1835,23.019],[91.1888,23.0268],[91.1911,23.0176],[91.1835,23.019]]],[[[91.2335,23.019],[91.2388,23.0268],[91.2411,23.0176],[91.2335,23.019]]],[[[91.1477,23.0101],[91.1326,23.0381],[91.1336,23.0402],[91.1477,23.0101]]],[[[91.3468,23.0242],[91.3417,23.031],[91.35,23.0333],[91.3468,23.0242]]],[[[91.3168,23.0273],[91.3222,23.0352],[91.3244,23.026],[91.3168,23.0273]]],[[[91.3532,23.0425],[91.3584,23.0357],[91.35,23.0333],[91.3532,23.0425]]],[[[91.2835,23.0357],[91.2888,23.0435],[91.2911,23.0343],[91.2835,23.0357]]],[[[91.3661,23.0361],[91.3722,23.0435],[91.3742,23.034],[91.3661,23.0361]]],[[[91.3575,23.0536],[91.3705,23.0606],[91.374,23.0513],[91.3575,23.0536]]],[[[91.3924,23.0564],[91.4,23.0667],[91.3958,23.0494],[91.3924,23.0564]]],[[[91.2659,23.0516],[91.2594,23.0618],[91.2633,23.0689],[91.2659,23.0516]]],[[[91.3168,23.0607],[91.3222,23.0685],[91.3244,23.0593],[91.3168,23.0607]]],[[[91.2327,23.0611],[91.2388,23.0685],[91.2409,23.059],[91.2327,23.0611]]],[[[91.1911,23.0611],[91.1972,23.0685],[91.1992,23.059],[91.1911,23.0611]]],[[[91.1585,23.069],[91.1638,23.0768],[91.1661,23.0676],[91.1585,23.069]]],[[[91.1418,23.069],[91.1472,23.0768],[91.1494,23.0676],[91.1418,23.069]]],[[[91.1174,23.0805],[91.111,23.0746],[91.1083,23.0833],[91.1174,23.0805]]],[[[91.1827,23.0778],[91.1888,23.0852],[91.1909,23.0757],[91.1827,23.0778]]],[[[91.2513,23.0865],[91.2446,23.0755],[91.2417,23.0917],[91.2513,23.0865]]],[[[91.0999,23.0884],[91.1083,23.0833],[91.0989,23.0873],[91.0999,23.0884]]],[[[91.2085,23.0857],[91.2138,23.0935],[91.2161,23.0843],[91.2085,23.0857]]],[[[91.1668,23.0857],[91.1722,23.0935],[91.1744,23.0843],[91.1668,23.0857]]],[[[91.1115,23.1008],[91.1167,23.0941],[91.1083,23.0917],[91.1115,23.1008]]],[[[91.2325,23.0948],[91.2395,23.0996],[91.2417,23.0917],[91.2325,23.0948]]],[[[91.2835,23.094],[91.2888,23.1018],[91.2911,23.0926],[91.2835,23.094]]],[[[91.1251,23.094],[91.1305,23.1018],[91.1327,23.0926],[91.1251,23.094]]],[[[91.1418,23.094],[91.1472,23.1018],[91.1494,23.0926],[91.1418,23.094]]],[[[91.1911,23.0945],[91.1972,23.1018],[91.1992,23.0924],[91.1911,23.0945]]],[[[91.1659,23.1016],[91.1594,23.1118],[91.1633,23.1189],[91.1659,23.1016]]],[[[91.3251,23.1107],[91.3305,23.1185],[91.3327,23.1093],[91.3251,23.1107]]],[[[91.2501,23.1107],[91.2555,23.1185],[91.2577,23.1093],[91.2501,23.1107]]],[[[91.1335,23.1107],[91.1388,23.1185],[91.1411,23.1093],[91.1335,23.1107]]],[[[91.2661,23.1111],[91.2722,23.1185],[91.2742,23.109],[91.2661,23.1111]]],[[[91.2191,23.1227],[91.2212,23.1025],[91.1922,23.1167],[91.1917,23.125],[91.2191,23.1227]]],[[[91.1159,23.1099],[91.1094,23.1201],[91.1133,23.1273],[91.1159,23.1099]]],[[[91.2335,23.119],[91.2388,23.1268],[91.2411,23.1176],[91.2335,23.119]]],[[[91.1827,23.1279],[91.1891,23.1337],[91.1917,23.125],[91.1827,23.1279]]],[[[91.1661,23.1278],[91.1722,23.1352],[91.1742,23.1257],[91.1661,23.1278]]],[[[91.1258,23.1385],[91.1189,23.1338],[91.1167,23.1417],[91.1258,23.1385]]],[[[91.3135,23.1325],[91.3083,23.1393],[91.3167,23.1417],[91.3135,23.1325]]],[[[91.1077,23.1445],[91.1141,23.1504],[91.1167,23.1417],[91.1077,23.1445]]],[[[91.2592,23.1504],[91.266,23.1578],[91.2667,23.15],[91.2592,23.1504]]],[[[91.1494,23.1528],[91.1555,23.1602],[91.1576,23.1507],[91.1494,23.1528]]],[[[91.1244,23.1528],[91.1305,23.1602],[91.1326,23.1507],[91.1244,23.1528]]],[[[91.3058,23.1583],[91.2855,23.1429],[91.2693,23.1447],[91.3211,23.1817],[91.3201,23.1427],[91.3058,23.1583]]],[[[91.2751,23.1773],[91.2805,23.1852],[91.2827,23.176],[91.2751,23.1773]]],[[[91.2989,23.1839],[91.3061,23.1915],[91.3083,23.1833],[91.2989,23.1839]]],[[[91.1429,23.1883],[91.1461,23.2007],[91.1461,23.1827],[91.1429,23.1883]]],[[[91.3112,23.2007],[91.3171,23.1943],[91.3083,23.1917],[91.3112,23.2007]]],[[[91.267,23.2073],[91.2762,23.204],[91.2667,23.2],[91.267,23.2073]]],[[[91.1468,23.2075],[91.1445,23.2152],[91.15,23.2167],[91.1468,23.2075]]],[[[91.1333,23.2917],[91.1391,23.2848],[91.1373,23.2822],[91.1333,23.2917]]],[[[91.2175,23.3339],[91.2215,23.3423],[91.225,23.3333],[91.2175,23.3339]]],[[[91.2502,23.3487],[91.2581,23.3428],[91.25,23.3417],[91.2502,23.3487]]],[[[91.2327,23.3445],[91.2391,23.3504],[91.2417,23.3417],[91.2327,23.3445]]],[[[91.1552,23.3575],[91.15,23.3643],[91.1583,23.3667],[91.1552,23.3575]]],[[[91.1583,23.3667],[91.1787,23.3675],[91.1815,23.3573],[91.1583,23.3667]]],[[[91.2135,23.3658],[91.2111,23.3736],[91.2167,23.375],[91.2135,23.3658]]],[[[91.1509,23.3754],[91.1576,23.3828],[91.1583,23.375],[91.1509,23.3754]]],[[[91.175,23.3917],[91.159,23.3854],[91.1602,23.3992],[91.175,23.3917]]],[[[91.1673,23.4031],[91.1735,23.424],[91.175,23.4],[91.1673,23.4031]]],[[[91.1759,23.4254],[91.1826,23.4328],[91.1833,23.425],[91.1759,23.4254]]],[[[91.1926,23.5171],[91.1993,23.5245],[91.2,23.5167],[91.1926,23.5171]]],[[[91.1655,23.5339],[91.1728,23.5415],[91.175,23.5333],[91.1655,23.5339]]],[[[91.1333,23.55],[91.1472,23.5563],[91.1505,23.5538],[91.1333,23.55]]],[[[91.1103,23.5508],[91.1124,23.5666],[91.125,23.55],[91.1103,23.5508]]],[[[91.1822,23.5589],[91.1894,23.5665],[91.1917,23.5583],[91.1822,23.5589]]],[[[91.1592,23.5718],[91.1522,23.5671],[91.15,23.575],[91.1592,23.5718]]],[[[91.1399,23.5829],[91.1499,23.589],[91.15,23.575],[91.1399,23.5829]]],[[[91.1583,23.5917],[91.1652,23.5877],[91.1623,23.5822],[91.1583,23.5917]]],[[[91.1244,23.6117],[91.1372,23.6189],[91.1406,23.6097],[91.1244,23.6117]]],[[[91.1333,23.6333],[91.1391,23.6265],[91.1373,23.6238],[91.1333,23.6333]]],[[[91.0993,23.6374],[91.115,23.6458],[91.1073,23.6051],[91.0795,23.6012],[91.0782,23.6564],[91.0993,23.6374]],[[91.0994,23.6097],[91.0917,23.625],[91.0934,23.6087],[91.0994,23.6097]]],[[[91.1169,23.632],[91.1247,23.6261],[91.1167,23.625],[91.1169,23.632]]],[[[91.1426,23.6337],[91.1493,23.6411],[91.15,23.6333],[91.1426,23.6337]]],[[[91.0917,23.6583],[91.1013,23.681],[91.1059,23.6824],[91.1076,23.6611],[91.0917,23.6583]]],[[[91.1342,23.6671],[91.141,23.6745],[91.1417,23.6667],[91.1342,23.6671]]],[[[91.1552,23.6742],[91.1528,23.6819],[91.1583,23.6833],[91.1552,23.6742]]],[[[91.1159,23.6787],[91.1293,23.6837],[91.1333,23.675],[91.1159,23.6787]]],[[[91.134,23.7055],[91.1276,23.6996],[91.125,23.7083],[91.134,23.7055]]],[[[91.116,23.7112],[91.1224,23.7171],[91.125,23.7083],[91.116,23.7112]]],[[[91.1577,23.7861],[91.1638,23.7935],[91.1659,23.784],[91.1577,23.7861]]],[[[91.0994,23.8028],[91.1055,23.8102],[91.1076,23.8007],[91.0994,23.8028]]],[[[91.1501,23.8357],[91.1555,23.8435],[91.1577,23.8343],[91.1501,23.8357]]],[[[91.1668,23.8523],[91.1722,23.8602],[91.1744,23.851],[91.1668,23.8523]]],[[[91.125,23.8583],[91.1404,23.8575],[91.1328,23.8486],[91.125,23.8583]]],[[[91.1158,23.8615],[91.1228,23.8662],[91.125,23.8583],[91.1158,23.8615]]],[[[91.1327,23.8861],[91.1388,23.8935],[91.1409,23.884],[91.1327,23.8861]]],[[[91.0911,23.895],[91.1038,23.9023],[91.1073,23.893],[91.0911,23.895]]],[[[91.1751,23.9023],[91.1805,23.9102],[91.1827,23.901],[91.1751,23.9023]]],[[[91.209,23.9138],[91.2026,23.9079],[91.2,23.9167],[91.209,23.9138]]],[[[91.1916,23.9218],[91.2,23.9167],[91.1905,23.9206],[91.1916,23.9218]]],[[[91.1555,23.9276],[91.1809,23.9197],[91.092,23.9297],[91.1124,23.9478],[91.1555,23.9276]]],[[[91.1532,23.9425],[91.1584,23.9357],[91.15,23.9333],[91.1532,23.9425]]],[[[91.1918,23.9523],[91.1972,23.9602],[91.1994,23.951],[91.1918,23.9523]]],[[[91.1552,23.9575],[91.15,23.9643],[91.1583,23.9667],[91.1552,23.9575]]],[[[91.2333,23.9667],[91.2092,23.9629],[91.2301,23.9739],[91.2333,23.9667]]],[[[91.1217,23.9799],[91.1246,23.95],[91.0838,23.9769],[91.0874,23.9887],[91.1217,23.9799]]],[[[91.1615,23.9758],[91.1667,23.9691],[91.1583,23.9667],[91.1615,23.9758]]],[[[91.2335,23.9857],[91.2388,23.9935],[91.2411,23.9843],[91.2335,23.9857]]],[[[91.2646,24.0063],[91.2514,23.9934],[91.2431,24.0053],[91.2646,24.0063]]],[[[91.2925,24.0052],[91.2855,24.0005],[91.2833,24.0083],[91.2925,24.0052]]],[[[91.2341,24.0117],[91.2167,24.0083],[91.2196,24.0162],[91.2341,24.0117]]],[[[91.3335,24.0107],[91.3388,24.0185],[91.3411,24.0093],[91.3335,24.0107]]],[[[91.2142,24.005],[91.1382,23.9916],[91.1193,24.0124],[91.1453,24.0016],[91.145,24.0238],[91.1802,24.0476],[91.2142,24.005]],[[91.1907,24.0087],[91.1833,24.0167],[91.1838,24.0092],[91.1907,24.0087]]],[[[91.2572,24.0206],[91.2665,24.0236],[91.2667,24.0167],[91.2572,24.0206]]],[[[91.2158,24.0166],[91.2133,24.0333],[91.225,24.0294],[91.2158,24.0166]]],[[[91.2444,24.0273],[91.2333,24.0417],[91.2643,24.0481],[91.2642,24.0441],[91.2444,24.0273]]],[[[91.1092,24.0396],[91.1165,24.0478],[91.1125,24.0327],[91.1092,24.0396]]],[[[91.1176,24.0504],[91.1243,24.0578],[91.125,24.05],[91.1176,24.0504]]],[[[91.2702,24.0157],[91.2605,24.0715],[91.2955,24.0725],[91.2877,24.0527],[91.3391,24.0527],[91.3484,24.0704],[91.3196,24.0697],[91.3194,24.0887],[91.337,24.097],[91.3547,24.0851],[91.3797,24.1089],[91.3672,24.0524],[91.3373,24.028],[91.3127,24.0391],[91.303,24.0181],[91.2702,24.0157]]],[[[91.3083,24.0634],[91.3167,24.0583],[91.3072,24.0623],[91.3083,24.0634]]],[[[91.2095,24.1106],[91.1983,24.0362],[91.1876,24.0721],[91.1684,24.0704],[91.1643,24.0368],[91.1528,24.0556],[91.1303,24.0278],[91.1278,24.074],[91.0692,24.018],[91.0532,24.0267],[91.0554,24.0464],[91.0361,24.0469],[91.088,24.0861],[91.0862,24.1042],[91.1044,24.0859],[91.1298,24.1053],[91.1465,24.096],[91.1379,24.085],[91.1676,24.083],[91.1809,24.0873],[91.185,24.1223],[91.2095,24.1106]],[[91.1504,24.0676],[91.1578,24.0743],[91.15,24.075],[91.1504,24.0676]],[[91.0921,24.0676],[91.0997,24.0739],[91.0917,24.075],[91.0921,24.0676]],[[91.0751,24.0693],[91.0832,24.048],[91.0785,24.0741],[91.0751,24.0693]]],[[[91.2676,24.0754],[91.2743,24.0828],[91.275,24.075],[91.2676,24.0754]]],[[[91.2592,24.0837],[91.266,24.0911],[91.2667,24.0833],[91.2592,24.0837]]],[[[91.2667,24.1163],[91.2433,24.0956],[91.2274,24.0449],[91.2099,24.0691],[91.2531,24.1478],[91.2522,24.1219],[91.2667,24.1163]]],[[[91.3493,24.0945],[91.3557,24.1004],[91.3583,24.0917],[91.3493,24.0945]]],[[[91.1004,24.1074],[91.1081,24.1011],[91.1,24.1],[91.1004,24.1074]]],[[[91.3169,24.0921],[91.2691,24.0953],[91.3017,24.1325],[91.3169,24.0921]]],[[[91.1087,24.1157],[91.1178,24.1123],[91.1083,24.1083],[91.1087,24.1157]]],[[[91.3168,24.1107],[91.3222,24.1185],[91.3244,24.1093],[91.3168,24.1107]]],[[[91.1381,24.1184],[91.1512,24.1245],[91.1645,24.1119],[91.1542,24.1092],[91.1381,24.1184]]],[[[91.3428,24.1245],[91.3356,24.1169],[91.3333,24.125],[91.3428,24.1245]]],[[[91.0995,24.1114],[91.088,24.1235],[91.0956,24.1405],[91.1083,24.1333],[91.0995,24.1114]]],[[[91.3667,24.1167],[91.361,24.1411],[91.3735,24.1301],[91.3667,24.1167]]],[[[91.2685,24.134],[91.2748,24.1206],[91.2667,24.1167],[91.2685,24.134]]],[[[91.3243,24.1279],[91.3307,24.1337],[91.3333,24.125],[91.3243,24.1279]]],[[[91.2,24.125],[91.1958,24.1494],[91.2074,24.1382],[91.2,24.125]]],[[[91.1415,24.134],[91.1415,24.1411],[91.1524,24.1375],[91.1415,24.134]]],[[[91.1115,24.1425],[91.1167,24.1357],[91.1083,24.1333],[91.1115,24.1425]]],[[[91.2615,24.1592],[91.2667,24.1524],[91.2583,24.15],[91.2615,24.1592]]],[[[91.1161,24.1528],[91.1222,24.1602],[91.1242,24.1507],[91.1161,24.1528]]],[[[91.1585,24.1523],[91.1638,24.1602],[91.1661,24.151],[91.1585,24.1523]]],[[[91.0956,24.1499],[91.0973,24.1676],[91.108,24.1626],[91.0956,24.1499]]],[[[91.2251,24.1607],[91.2305,24.1685],[91.2327,24.1593],[91.2251,24.1607]]],[[[91.1994,24.1611],[91.2055,24.1685],[91.2076,24.159],[91.1994,24.1611]]],[[[91.3666,24.1718],[91.375,24.1667],[91.3655,24.1706],[91.3666,24.1718]]],[[[91.1835,24.169],[91.1888,24.1768],[91.1911,24.1676],[91.1835,24.169]]],[[[91.1751,24.1857],[91.1805,24.1935],[91.1827,24.1843],[91.1751,24.1857]]],[[[91.2751,24.2107],[91.2805,24.2185],[91.2827,24.2093],[91.2751,24.2107]]],[[[91.2411,24.2195],[91.2472,24.2268],[91.2492,24.2174],[91.2411,24.2195]]],[[[91.3577,24.2528],[91.3638,24.2602],[91.3659,24.2507],[91.3577,24.2528]]],[[[91.1335,24.269],[91.1388,24.2768],[91.1411,24.2676],[91.1335,24.269]]],[[[91.2835,24.269],[91.2888,24.2768],[91.2911,24.2676],[91.2835,24.269]]],[[[91.3835,24.2857],[91.3888,24.2935],[91.3911,24.2843],[91.3835,24.2857]]],[[[91.3577,24.2945],[91.3638,24.3018],[91.3659,24.2924],[91.3577,24.2945]]],[[[91.3218,24.2992],[91.3167,24.306],[91.325,24.3083],[91.3218,24.2992]]],[[[91.3282,24.3175],[91.3334,24.3107],[91.325,24.3083],[91.3282,24.3175]]],[[[91.3585,24.319],[91.3638,24.3268],[91.3661,24.3176],[91.3585,24.319]]],[[[91.4001,24.344],[91.4055,24.3518],[91.4077,24.3426],[91.4001,24.344]]],[[[91.3744,24.3528],[91.3805,24.3602],[91.3826,24.3507],[91.3744,24.3528]]],[[[91.3994,24.3861],[91.4055,24.3935],[91.4076,24.384],[91.3994,24.3861]]],[[[91.2918,24.394],[91.2972,24.4018],[91.2994,24.3926],[91.2918,24.394]]],[[[91.1751,24.4273],[91.1805,24.4352],[91.1827,24.426],[91.1751,24.4273]]],[[[91.1918,24.444],[91.1972,24.4518],[91.1994,24.4426],[91.1918,24.444]]],[[[91.2494,24.4528],[91.2555,24.4602],[91.2576,24.4507],[91.2494,24.4528]]],[[[91.2744,24.4611],[91.2805,24.4685],[91.2826,24.459],[91.2744,24.4611]]],[[[91.2085,24.4857],[91.2138,24.4935],[91.2161,24.4843],[91.2085,24.4857]]],[[[91.2968,24.4992],[91.2945,24.5069],[91.3,24.5083],[91.2968,24.4992]]],[[[91.3174,24.5055],[91.311,24.4996],[91.3083,24.5083],[91.3174,24.5055]]],[[[91.1744,24.5028],[91.1805,24.5102],[91.1826,24.5007],[91.1744,24.5028]]],[[[91.2744,24.5028],[91.2805,24.5102],[91.2826,24.5007],[91.2744,24.5028]]],[[[91.3757,24.5138],[91.3693,24.5079],[91.3667,24.5167],[91.3757,24.5138]]],[[[91.3008,24.5089],[91.3044,24.5178],[91.3083,24.5083],[91.3008,24.5089]]],[[[91.3489,24.5223],[91.3654,24.5324],[91.3667,24.5167],[91.3489,24.5223]]],[[[91.2577,24.5361],[91.2638,24.5435],[91.2659,24.534],[91.2577,24.5361]]],[[[91.2385,24.5408],[91.2333,24.5476],[91.2417,24.55],[91.2385,24.5408]]],[[[91.2448,24.5592],[91.25,24.5524],[91.2417,24.55],[91.2448,24.5592]]],[[[91.2668,24.5523],[91.2722,24.5602],[91.2744,24.551],[91.2668,24.5523]]],[[[91.3835,24.5607],[91.3888,24.5685],[91.3911,24.5593],[91.3835,24.5607]]],[[[91.3994,24.6611],[91.4055,24.6685],[91.4076,24.659],[91.3994,24.6611]]],[[[91.3885,24.6658],[91.3833,24.6726],[91.3917,24.675],[91.3885,24.6658]]],[[[91.3948,24.6842],[91.4,24.6774],[91.3917,24.675],[91.3948,24.6842]]],[[[91.3668,24.6857],[91.3722,24.6935],[91.3744,24.6843],[91.3668,24.6857]]],[[[91.3251,24.7023],[91.3305,24.7102],[91.3327,24.701],[91.3251,24.7023]]],[[[91.3911,24.7361],[91.3972,24.7435],[91.3992,24.734],[91.3911,24.7361]]],[[[91.3577,24.7861],[91.3638,24.7935],[91.3659,24.784],[91.3577,24.7861]]],[[[91.3585,24.9273],[91.3638,24.9352],[91.3661,24.926],[91.3585,24.9273]]],[[[91.3918,24.9523],[91.3972,24.9602],[91.3994,24.951],[91.3918,24.9523]]],[[[91.3418,24.9607],[91.3472,24.9685],[91.3494,24.9593],[91.3418,24.9607]]],[[[91.3577,24.9695],[91.3638,24.9768],[91.3659,24.9674],[91.3577,24.9695]]],[[[91.3661,24.9945],[91.3722,25.0018],[91.3742,24.9924],[91.3661,24.9945]]],[[[91.2606,26.8835],[91.2688,26.8909],[91.2757,26.8875],[91.2606,26.8835]]],[[[91.3915,26.9006],[91.3915,26.9077],[91.4024,26.9042],[91.3915,26.9006]]],[[[91.2612,26.9174],[91.2671,26.911],[91.2583,26.9083],[91.2612,26.9174]]],[[[91.2577,26.9528],[91.2638,26.9602],[91.2659,26.9507],[91.2577,26.9528]]],[[[91.3175,26.9885],[91.3105,26.9838],[91.3083,26.9917],[91.3175,26.9885]]],[[[91.2993,26.9945],[91.3057,27.0004],[91.3083,26.9917],[91.2993,26.9945]]],[[[91.1592,26.9919],[91.1624,27.0076],[91.1751,26.992],[91.1592,26.9919]]],[[[91.2924,27.0138],[91.286,27.0079],[91.2833,27.0167],[91.2924,27.0138]]],[[[91.4008,27.0218],[91.3939,27.0171],[91.3917,27.025],[91.4008,27.0218]]],[[[91.2702,27.0178],[91.2637,27.0403],[91.2833,27.0167],[91.2702,27.0178]]],[[[91.3842,27.0254],[91.391,27.0328],[91.3917,27.025],[91.3842,27.0254]]],[[[91.3756,27.0349],[91.3826,27.0487],[91.3833,27.0333],[91.3756,27.0349]]],[[[91.1743,27.0445],[91.1807,27.0504],[91.1833,27.0417],[91.1743,27.0445]]],[[[91.3672,27.0516],[91.3743,27.0654],[91.375,27.05],[91.3672,27.0516]]],[[[91.1656,27.0658],[91.173,27.074],[91.1714,27.0586],[91.1656,27.0658]]],[[[91.2827,27.0779],[91.2891,27.0837],[91.2917,27.075],[91.2827,27.0779]]],[[[91.2993,27.0862],[91.3057,27.0921],[91.3083,27.0833],[91.2993,27.0862]]],[[[91.4001,27.094],[91.4055,27.1018],[91.4077,27.0926],[91.4001,27.094]]],[[[91.2208,27.0978],[91.2333,27.05],[91.1943,27.0626],[91.2108,27.106],[91.2322,27.1141],[91.2375,27.1805],[91.2473,27.1375],[91.2395,27.1043],[91.2208,27.0978]]],[[[91.2093,27.1176],[91.2128,27.1339],[91.2167,27.1167],[91.2093,27.1176]]],[[[91.3669,27.164],[91.3749,27.1531],[91.3667,27.15],[91.3669,27.164]]],[[[91.3577,27.1695],[91.3641,27.1754],[91.3667,27.1667],[91.3577,27.1695]]],[[[91.3752,27.1807],[91.3833,27.1697],[91.375,27.1667],[91.3752,27.1807]]],[[[91.3838,27.1908],[91.3914,27.1844],[91.3833,27.1833],[91.3838,27.1908]]],[[[91.2258,27.1968],[91.2189,27.1921],[91.2167,27.2],[91.2258,27.1968]]],[[[91.3918,27.2256],[91.4,27.2019],[91.392,27.1916],[91.3918,27.2256]]],[[[91.2167,27.2],[91.1783,27.2545],[91.1959,27.2725],[91.2167,27.2]]],[[[91.3993,27.2612],[91.4057,27.2671],[91.4083,27.2583],[91.3993,27.2612]]],[[[91.2032,27.2842],[91.2084,27.2774],[91.2,27.275],[91.2032,27.2842]]],[[[91.3911,27.2778],[91.3972,27.2852],[91.3992,27.2757],[91.3911,27.2778]]],[[[91.2092,27.2978],[91.2129,27.3167],[91.2124,27.2916],[91.2092,27.2978]]],[[[91.2096,27.3299],[91.2128,27.3423],[91.2128,27.3243],[91.2096,27.3299]]],[[[91.8,22.4917],[91.8139,22.498],[91.8172,22.4955],[91.8,22.4917]]],[[[91.8375,22.4844],[91.8454,22.5076],[91.8471,22.5071],[91.8375,22.4844]]],[[[91.8159,22.5266],[91.8094,22.5368],[91.8133,22.5439],[91.8159,22.5266]]],[[[91.7805,22.6576],[91.7746,22.6641],[91.7833,22.6667],[91.7805,22.6576]]],[[[91.7839,22.6762],[91.7915,22.6689],[91.7833,22.6667],[91.7839,22.6762]]],[[[91.5835,22.7107],[91.5888,22.7185],[91.5911,22.7093],[91.5835,22.7107]]],[[[91.5929,22.7299],[91.5961,22.7423],[91.5961,22.7243],[91.5929,22.7299]]],[[[91.7115,22.8342],[91.7162,22.8272],[91.7083,22.825],[91.7115,22.8342]]],[[[91.4668,23.0107],[91.4722,23.0185],[91.4744,23.0093],[91.4668,23.0107]]],[[[91.4085,23.019],[91.4138,23.0268],[91.4161,23.0176],[91.4085,23.019]]],[[[91.5251,23.019],[91.5305,23.0268],[91.5327,23.0176],[91.5251,23.019]]],[[[91.4327,23.0195],[91.4388,23.0268],[91.4409,23.0174],[91.4327,23.0195]]],[[[91.4635,23.0242],[91.4583,23.031],[91.4667,23.0333],[91.4635,23.0242]]],[[[91.4835,23.0273],[91.4888,23.0352],[91.4911,23.026],[91.4835,23.0273]]],[[[91.509,23.0388],[91.5026,23.0329],[91.5,23.0417],[91.509,23.0388]]],[[[91.4251,23.0357],[91.4305,23.0435],[91.4327,23.0343],[91.4251,23.0357]]],[[[91.4411,23.0361],[91.4472,23.0435],[91.4492,23.034],[91.4411,23.0361]]],[[[91.4712,23.0509],[91.4832,23.0428],[91.4667,23.0333],[91.4712,23.0509]]],[[[91.491,23.0445],[91.4974,23.0504],[91.5,23.0417],[91.491,23.0445]]],[[[91.4668,23.0607],[91.4722,23.0685],[91.4744,23.0593],[91.4668,23.0607]]],[[[91.4302,23.0658],[91.4278,23.0736],[91.4333,23.075],[91.4302,23.0658]]],[[[91.5802,24.0908],[91.5778,24.0986],[91.5833,24.1],[91.5802,24.0908]]],[[[91.5842,24.1004],[91.591,24.1078],[91.5917,24.1],[91.5842,24.1004]]],[[[91.5743,24.1112],[91.5807,24.1171],[91.5833,24.1083],[91.5743,24.1112]]],[[[91.5508,24.1089],[91.5544,24.1178],[91.5583,24.1083],[91.5508,24.1089]]],[[[91.5501,24.144],[91.5555,24.1518],[91.5577,24.1426],[91.5501,24.144]]],[[[91.5657,24.1647],[91.5615,24.1575],[91.5583,24.1667],[91.5657,24.1647]]],[[[91.4504,24.1824],[91.4581,24.1761],[91.45,24.175],[91.4504,24.1824]]],[[[91.5251,24.2079],[91.5032,24.1857],[91.5319,24.1766],[91.548,24.1881],[91.5555,24.1684],[91.5113,24.1612],[91.4778,24.1878],[91.5042,24.2223],[91.5251,24.2079]]],[[[91.5717,24.1841],[91.5591,24.1876],[91.5617,24.2156],[91.575,24.2083],[91.5717,24.1841]]],[[[91.4743,24.2029],[91.4807,24.2087],[91.4833,24.2],[91.4743,24.2029]]],[[[91.4763,24.2221],[91.4833,24.2333],[91.4912,24.2304],[91.4896,24.2174],[91.4763,24.2221]]],[[[91.6671,24.2324],[91.6747,24.2261],[91.6667,24.225],[91.6671,24.2324]]],[[[91.6752,24.2403],[91.6831,24.2344],[91.675,24.2333],[91.6752,24.2403]]],[[[91.4251,24.2357],[91.4305,24.2435],[91.4327,24.2343],[91.4251,24.2357]]],[[[91.6593,24.2343],[91.6628,24.2505],[91.6667,24.2333],[91.6593,24.2343]]],[[[91.6862,24.2507],[91.6921,24.2443],[91.6833,24.2417],[91.6862,24.2507]]],[[[91.4851,24.2387],[91.4766,24.2461],[91.4972,24.2635],[91.4605,24.2691],[91.4447,24.2788],[91.4513,24.2886],[91.5145,24.2709],[91.4851,24.2387]]],[[[91.5592,24.2587],[91.566,24.2661],[91.5667,24.2583],[91.5592,24.2587]]],[[[91.6668,24.2607],[91.6722,24.2685],[91.6744,24.2593],[91.6668,24.2607]]],[[[91.3923,24.2706],[91.4058,24.274],[91.416,24.2619],[91.4,24.2583],[91.3923,24.2706]]],[[[91.6612,24.284],[91.6671,24.2776],[91.6583,24.275],[91.6612,24.284]]],[[[91.7165,24.284],[91.7173,24.291],[91.7274,24.2875],[91.7165,24.284]]],[[[91.6918,24.2857],[91.6972,24.2935],[91.6994,24.2843],[91.6918,24.2857]]],[[[91.6842,24.2968],[91.6774,24.2917],[91.675,24.3],[91.6842,24.2968]]],[[[91.4351,24.2926],[91.4394,24.3076],[91.45,24.2917],[91.4351,24.2926]]],[[[91.675,24.3],[91.6515,24.2982],[91.6729,24.3063],[91.675,24.3]]],[[[91.7077,24.3028],[91.7138,24.3102],[91.7159,24.3007],[91.7077,24.3028]]],[[[91.4189,24.3094],[91.4207,24.3327],[91.4333,24.3083],[91.4189,24.3094]]],[[[91.6915,24.3173],[91.6915,24.3244],[91.7024,24.3208],[91.6915,24.3173]]],[[[91.4835,24.319],[91.4888,24.3268],[91.4911,24.3176],[91.4835,24.319]]],[[[91.6661,24.3195],[91.6722,24.3268],[91.6742,24.3174],[91.6661,24.3195]]],[[[91.4411,24.3278],[91.4472,24.3352],[91.4492,24.3257],[91.4411,24.3278]]],[[[91.4585,24.3273],[91.4638,24.3352],[91.4661,24.326],[91.4585,24.3273]]],[[[91.7168,24.3273],[91.7222,24.3352],[91.7244,24.326],[91.7168,24.3273]]],[[[91.7001,24.344],[91.7055,24.3518],[91.7077,24.3426],[91.7001,24.344]]],[[[91.6827,24.3445],[91.6888,24.3518],[91.6909,24.3424],[91.6827,24.3445]]],[[[91.4177,24.3617],[91.425,24.3667],[91.4208,24.3496],[91.4177,24.3617]]],[[[91.5625,24.3589],[91.551,24.3692],[91.5539,24.3828],[91.5667,24.375],[91.5625,24.3589]]],[[[91.7085,24.369],[91.7138,24.3768],[91.7161,24.3676],[91.7085,24.369]]],[[[91.6875,24.3753],[91.6874,24.3917],[91.7,24.3791],[91.6875,24.3753]]],[[[91.6596,24.3799],[91.6628,24.3923],[91.6628,24.3743],[91.6596,24.3799]]],[[[91.4577,24.3861],[91.4638,24.3935],[91.4659,24.384],[91.4577,24.3861]]],[[[91.7305,24.3993],[91.7246,24.4057],[91.7333,24.4083],[91.7305,24.3993]]],[[[91.6675,24.4135],[91.6607,24.4083],[91.6583,24.4167],[91.6675,24.4135]]],[[[91.6751,24.4107],[91.6805,24.4185],[91.6827,24.4093],[91.6751,24.4107]]],[[[91.6992,24.418],[91.7,24.4333],[91.7085,24.4206],[91.6992,24.418]]],[[[91.7321,24.428],[91.7402,24.4466],[91.7347,24.4083],[91.7321,24.428]]],[[[91.6579,24.4165],[91.6625,24.4474],[91.6808,24.4292],[91.6579,24.4165]]],[[[91.6341,24.4397],[91.6417,24.45],[91.6375,24.4327],[91.6341,24.4397]]],[[[91.4659,24.4494],[91.4623,24.4405],[91.4583,24.45],[91.4659,24.4494]]],[[[91.484,24.4471],[91.4776,24.4413],[91.475,24.45],[91.484,24.4471]]],[[[91.7592,24.4468],[91.7524,24.4417],[91.75,24.45],[91.7592,24.4468]]],[[[91.5739,24.4456],[91.5832,24.4486],[91.5833,24.4417],[91.5739,24.4456]]],[[[91.5501,24.444],[91.5555,24.4518],[91.5577,24.4426],[91.5501,24.444]]],[[[91.5327,24.4445],[91.5388,24.4518],[91.5409,24.4424],[91.5327,24.4445]]],[[[91.6823,24.4492],[91.6878,24.4577],[91.6881,24.4419],[91.6823,24.4492]]],[[[91.75,24.45],[91.7198,24.4637],[91.7213,24.4439],[91.7017,24.4374],[91.7124,24.4731],[91.7654,24.4708],[91.75,24.45]]],[[[91.4679,24.4519],[91.4708,24.4751],[91.475,24.45],[91.4679,24.4519]]],[[[91.4583,24.45],[91.4511,24.4694],[91.4542,24.4751],[91.4583,24.45]]],[[[91.5743,24.4612],[91.5807,24.4671],[91.5833,24.4583],[91.5743,24.4612]]],[[[91.5407,24.4907],[91.5372,24.4745],[91.5333,24.4917],[91.5407,24.4907]]],[[[91.7451,24.4762],[91.7471,24.4985],[91.7583,24.475],[91.7451,24.4762]]],[[[91.5333,24.4917],[91.5091,24.4965],[91.5312,24.4981],[91.5333,24.4917]]],[[[91.4757,24.4971],[91.4693,24.4913],[91.4667,24.5],[91.4757,24.4971]]],[[[91.4895,24.5062],[91.4885,24.4836],[91.4833,24.5083],[91.4895,24.5062]]],[[[91.4411,24.4945],[91.4472,24.5018],[91.4492,24.4924],[91.4411,24.4945]]],[[[91.4577,24.5029],[91.4641,24.5087],[91.4667,24.5],[91.4577,24.5029]]],[[[91.4251,24.5023],[91.4305,24.5102],[91.4327,24.501],[91.4251,24.5023]]],[[[91.8243,24.5021],[91.8083,24.5083],[91.8232,24.5159],[91.8243,24.5021]]],[[[91.75,24.5],[91.7552,24.5164],[91.7582,24.5041],[91.75,24.5]]],[[[91.4919,24.5215],[91.5079,24.5198],[91.4917,24.5083],[91.4919,24.5215]]],[[[91.4737,24.5135],[91.48,24.5254],[91.4833,24.5083],[91.4737,24.5135]]],[[[91.5302,24.5158],[91.5278,24.5236],[91.5333,24.525],[91.5302,24.5158]]],[[[91.5112,24.534],[91.5171,24.5276],[91.5083,24.525],[91.5112,24.534]]],[[[91.7279,24.5424],[91.7338,24.536],[91.725,24.5333],[91.7279,24.5424]]],[[[91.4494,24.5445],[91.4555,24.5518],[91.4576,24.5424],[91.4494,24.5445]]],[[[91.5842,24.5504],[91.591,24.5578],[91.5917,24.55],[91.5842,24.5504]]],[[[91.4668,24.5523],[91.4722,24.5602],[91.4744,24.551],[91.4668,24.5523]]],[[[91.5333,24.5417],[91.5029,24.5638],[91.5204,24.5725],[91.5333,24.5417]]],[[[91.491,24.5695],[91.4974,24.5754],[91.5,24.5667],[91.491,24.5695]]],[[[91.5425,24.5802],[91.5355,24.5755],[91.5333,24.5833],[91.5425,24.5802]]],[[[91.5243,24.5862],[91.5307,24.5921],[91.5333,24.5833],[91.5243,24.5862]]],[[[91.4918,24.5857],[91.4972,24.5935],[91.4994,24.5843],[91.4918,24.5857]]],[[[91.7002,24.5987],[91.7081,24.5928],[91.7,24.5917],[91.7002,24.5987]]],[[[91.5585,24.6057],[91.5664,24.594],[91.5583,24.5917],[91.5585,24.6057]]],[[[91.7089,24.6076],[91.7178,24.604],[91.7083,24.6],[91.7089,24.6076]]],[[[91.5676,24.6087],[91.5743,24.6161],[91.575,24.6083],[91.5676,24.6087]]],[[[91.5085,24.6107],[91.5138,24.6185],[91.5161,24.6093],[91.5085,24.6107]]],[[[91.5522,24.6096],[91.557,24.6239],[91.5583,24.6083],[91.5522,24.6096]]],[[[91.65,24.625],[91.6264,24.6185],[91.6263,24.6315],[91.65,24.625]]],[[[91.5589,24.6326],[91.5678,24.629],[91.5583,24.625],[91.5589,24.6326]]],[[[91.8385,24.6408],[91.8349,24.6482],[91.8417,24.65],[91.8385,24.6408]]],[[[91.5515,24.6395],[91.5363,24.6446],[91.5357,24.6559],[91.5558,24.6565],[91.5515,24.6395]]],[[[91.8168,24.644],[91.8222,24.6518],[91.8244,24.6426],[91.8168,24.644]]],[[[91.5135,24.6492],[91.5083,24.656],[91.5167,24.6583],[91.5135,24.6492]]],[[[91.4661,24.6528],[91.4722,24.6602],[91.4742,24.6507],[91.4661,24.6528]]],[[[91.4218,24.6575],[91.4167,24.6643],[91.425,24.6667],[91.4218,24.6575]]],[[[91.5198,24.6675],[91.525,24.6607],[91.5167,24.6583],[91.5198,24.6675]]],[[[91.4256,24.6742],[91.4345,24.6706],[91.425,24.6667],[91.4256,24.6742]]],[[[91.416,24.6779],[91.4224,24.6837],[91.425,24.675],[91.416,24.6779]]],[[[91.5827,24.6778],[91.5888,24.6852],[91.5909,24.6757],[91.5827,24.6778]]],[[[91.7585,24.6987],[91.7664,24.6928],[91.7583,24.6917],[91.7585,24.6987]]],[[[91.4501,24.694],[91.4555,24.7018],[91.4577,24.6926],[91.4501,24.694]]],[[[91.7747,24.6999],[91.7724,24.7248],[91.7904,24.7217],[91.7747,24.6999]]],[[[91.5327,24.7111],[91.5388,24.7185],[91.5409,24.709],[91.5327,24.7111]]],[[[91.7926,24.7254],[91.7993,24.7328],[91.8,24.725],[91.7926,24.7254]]],[[[91.7842,24.7337],[91.791,24.7411],[91.7917,24.7333],[91.7842,24.7337]]],[[[91.4168,24.7357],[91.4222,24.7435],[91.4244,24.7343],[91.4168,24.7357]]],[[[91.7092,24.7421],[91.716,24.7495],[91.7167,24.7417],[91.7092,24.7421]]],[[[91.5161,24.7445],[91.5222,24.7518],[91.5242,24.7424],[91.5161,24.7445]]],[[[91.5911,24.7528],[91.5972,24.7602],[91.5992,24.7507],[91.5911,24.7528]]],[[[91.5335,24.7607],[91.5388,24.7685],[91.5411,24.7593],[91.5335,24.7607]]],[[[91.5623,24.7665],[91.564,24.7843],[91.5747,24.7793],[91.5623,24.7665]]],[[[91.5971,24.7854],[91.5833,24.7917],[91.6008,24.788],[91.5971,24.7854]]],[[[91.6242,24.7911],[91.6202,24.7827],[91.6167,24.7917],[91.6242,24.7911]]],[[[91.8022,24.7907],[91.812,24.7993],[91.8244,24.7962],[91.8167,24.7833],[91.8022,24.7907]]],[[[91.7526,24.7838],[91.7545,24.7997],[91.7667,24.7833],[91.7526,24.7838]]],[[[91.8339,24.7849],[91.841,24.7987],[91.8417,24.7833],[91.8339,24.7849]]],[[[91.6253,24.799],[91.6345,24.7956],[91.625,24.7917],[91.6253,24.799]]],[[[91.6083,24.7968],[91.6167,24.7917],[91.6072,24.7956],[91.6083,24.7968]]],[[[91.7926,24.7921],[91.7993,24.7995],[91.8,24.7917],[91.7926,24.7921]]],[[[91.4251,24.794],[91.4305,24.8018],[91.4327,24.7926],[91.4251,24.794]]],[[[91.5664,24.7957],[91.5739,24.8082],[91.5833,24.7917],[91.5664,24.7957]]],[[[91.6175,24.8006],[91.621,24.8095],[91.625,24.8],[91.6175,24.8006]]],[[[91.5494,24.8028],[91.5555,24.8102],[91.5576,24.8007],[91.5494,24.8028]]],[[[91.6333,24.8218],[91.6417,24.8167],[91.6322,24.8206],[91.6333,24.8218]]],[[[91.5918,24.819],[91.5972,24.8268],[91.5994,24.8176],[91.5918,24.819]]],[[[91.5763,24.8216],[91.5794,24.834],[91.5794,24.816],[91.5763,24.8216]]],[[[91.5168,24.8273],[91.5222,24.8352],[91.5244,24.826],[91.5168,24.8273]]],[[[91.4744,24.8278],[91.4805,24.8352],[91.4826,24.8257],[91.4744,24.8278]]],[[[91.8259,24.8337],[91.8326,24.8411],[91.8333,24.8333],[91.8259,24.8337]]],[[[91.6001,24.8357],[91.6055,24.8435],[91.6077,24.8343],[91.6001,24.8357]]],[[[91.6323,24.8379],[91.6383,24.8504],[91.6417,24.8333],[91.6323,24.8379]]],[[[91.8176,24.8421],[91.8243,24.8495],[91.825,24.8417],[91.8176,24.8421]]],[[[91.8342,24.8421],[91.841,24.8495],[91.8417,24.8417],[91.8342,24.8421]]],[[[91.6172,24.8554],[91.6321,24.8632],[91.6207,24.8419],[91.6172,24.8554]]],[[[91.5833,24.8667],[91.6082,24.8625],[91.5867,24.8539],[91.5833,24.8667]]],[[[91.4501,24.869],[91.4555,24.8768],[91.4577,24.8676],[91.4501,24.869]]],[[[91.5263,24.8716],[91.5294,24.884],[91.5294,24.866],[91.5263,24.8716]]],[[[91.5917,24.8833],[91.5975,24.8765],[91.5956,24.8738],[91.5917,24.8833]]],[[[91.5411,24.8778],[91.5472,24.8852],[91.5492,24.8757],[91.5411,24.8778]]],[[[91.6002,24.8903],[91.6081,24.8844],[91.6,24.8833],[91.6002,24.8903]]],[[[91.6089,24.8975],[91.6194,24.898],[91.6264,24.8939],[91.6189,24.8866],[91.6089,24.8975]]],[[[91.75,24.8833],[91.7426,24.9065],[91.7479,24.9078],[91.75,24.8833]]],[[[91.5926,24.8921],[91.5993,24.8995],[91.6,24.8917],[91.5926,24.8921]]],[[[91.5263,24.8966],[91.5294,24.909],[91.5294,24.891],[91.5263,24.8966]]],[[[91.4596,24.8966],[91.4628,24.909],[91.4628,24.891],[91.4596,24.8966]]],[[[91.5707,24.9197],[91.5887,24.9294],[91.5888,24.8852],[91.5712,24.8669],[91.5594,24.8746],[91.5715,24.8824],[91.543,24.8999],[91.5635,24.9031],[91.5619,24.9397],[91.5746,24.9357],[91.5707,24.9197]]],[[[91.6009,24.9004],[91.6076,24.9078],[91.6083,24.9],[91.6009,24.9004]]],[[[91.4911,24.9028],[91.4972,24.9102],[91.4992,24.9007],[91.4911,24.9028]]],[[[91.6302,24.9075],[91.6278,24.9152],[91.6333,24.9167],[91.6302,24.9075]]],[[[91.6087,24.9157],[91.6178,24.9123],[91.6083,24.9083],[91.6087,24.9157]]],[[[91.6509,24.9087],[91.6576,24.9161],[91.6583,24.9083],[91.6509,24.9087]]],[[[91.5085,24.9107],[91.5138,24.9185],[91.5161,24.9093],[91.5085,24.9107]]],[[[91.4411,24.9111],[91.4472,24.9185],[91.4492,24.909],[91.4411,24.9111]]],[[[91.4244,24.9111],[91.4305,24.9185],[91.4326,24.909],[91.4244,24.9111]]],[[[91.7989,24.9089],[91.8122,24.9312],[91.825,24.9],[91.8113,24.9067],[91.7989,24.9089]]],[[[91.5251,24.919],[91.5305,24.9268],[91.5327,24.9176],[91.5251,24.919]]],[[[91.4679,24.9216],[91.4711,24.934],[91.4711,24.916],[91.4679,24.9216]]],[[[91.6009,24.9176],[91.6045,24.9339],[91.6083,24.9167],[91.6009,24.9176]]],[[[91.6923,24.9326],[91.7012,24.929],[91.6917,24.925],[91.6923,24.9326]]],[[[91.5418,24.9273],[91.5472,24.9352],[91.5494,24.926],[91.5418,24.9273]]],[[[91.5168,24.9357],[91.5222,24.9435],[91.5244,24.9343],[91.5168,24.9357]]],[[[91.4924,24.9471],[91.486,24.9413],[91.4833,24.95],[91.4924,24.9471]]],[[[91.5756,24.9492],[91.5845,24.9456],[91.575,24.9417],[91.5756,24.9492]]],[[[91.5436,24.9421],[91.5561,24.9498],[91.5583,24.9417],[91.5436,24.9421]]],[[[91.4418,24.944],[91.4472,24.9518],[91.4494,24.9426],[91.4418,24.944]]],[[[91.8292,24.9343],[91.8174,24.9447],[91.8374,24.965],[91.8417,24.95],[91.8292,24.9343]]],[[[91.566,24.9529],[91.5724,24.9587],[91.575,24.95],[91.566,24.9529]]],[[[91.5327,24.9529],[91.5391,24.9587],[91.5417,24.95],[91.5327,24.9529]]],[[[91.4742,24.9532],[91.4812,24.9579],[91.4833,24.95],[91.4742,24.9532]]],[[[91.4835,24.969],[91.4888,24.9768],[91.4911,24.9676],[91.4835,24.969]]],[[[91.5271,24.9674],[91.5333,24.9833],[91.5416,24.9706],[91.5271,24.9674]]],[[[91.5924,24.9805],[91.586,24.9746],[91.5833,24.9833],[91.5924,24.9805]]],[[[91.5994,24.9778],[91.6055,24.9852],[91.6076,24.9757],[91.5994,24.9778]]],[[[91.6842,24.9837],[91.691,24.9911],[91.6917,24.9833],[91.6842,24.9837]]],[[[91.7259,24.9837],[91.7326,24.9911],[91.7333,24.9833],[91.7259,24.9837]]],[[[91.5833,24.9833],[91.5692,24.9926],[91.58,24.9965],[91.5833,24.9833]]],[[[91.7459,25.0022],[91.8083,24.9917],[91.8308,24.9686],[91.8006,24.9503],[91.7892,24.9738],[91.7823,24.9532],[91.7639,24.9509],[91.7362,24.9614],[91.7389,24.9891],[91.728,24.9978],[91.7201,24.9526],[91.6929,25.0032],[91.7273,25.0327],[91.7459,25.0022]],[[91.7572,24.9759],[91.751,24.9908],[91.751,24.9759],[91.7572,24.9759]],[[91.7671,24.9676],[91.7745,24.9743],[91.7667,24.975],[91.7671,24.9676]]],[[[91.5662,24.995],[91.5345,24.9869],[91.5443,24.9987],[91.5662,24.995]]],[[[91.4327,24.9945],[91.4388,25.0018],[91.4409,24.9924],[91.4327,24.9945]]],[[[91.4918,24.994],[91.4972,25.0018],[91.4994,24.9926],[91.4918,24.994]]],[[[91.4175,26.8756],[91.421,26.8845],[91.425,26.875],[91.4175,26.8756]]],[[[91.4831,26.9046],[91.5062,26.913],[91.4839,26.8832],[91.4831,26.9046]]],[[[91.6249,26.9134],[91.6333,26.9083],[91.6239,26.9123],[91.6249,26.9134]]],[[[91.6365,26.9258],[91.6417,26.9191],[91.6333,26.9167],[91.6365,26.9258]]],[[[91.4835,26.9357],[91.4888,26.9435],[91.4911,26.9343],[91.4835,26.9357]]],[[[91.6168,26.944],[91.6222,26.9518],[91.6244,26.9426],[91.6168,26.944]]],[[[91.4218,27.0992],[91.4167,27.106],[91.425,27.1083],[91.4218,27.0992]]],[[[91.4282,27.1175],[91.4334,27.1107],[91.425,27.1083],[91.4282,27.1175]]],[[[91.4004,27.2408],[91.4081,27.2344],[91.4,27.2333],[91.4004,27.2408]]],[[[91.4085,27.2557],[91.4166,27.2447],[91.4083,27.2417],[91.4085,27.2557]]],[[[91.4195,27.2674],[91.4254,27.261],[91.4167,27.2583],[91.4195,27.2674]]],[[[91.4468,27.2658],[91.4417,27.2726],[91.45,27.275],[91.4468,27.2658]]],[[[91.4516,27.2828],[91.4654,27.2757],[91.45,27.275],[91.4516,27.2828]]],[[[91.4698,27.2925],[91.475,27.2857],[91.4667,27.2833],[91.4698,27.2925]]],[[[91.4835,27.294],[91.4888,27.3018],[91.4911,27.2926],[91.4835,27.294]]],[[[91.5001,27.3023],[91.5055,27.3102],[91.5077,27.301],[91.5001,27.3023]]],[[[91.5385,27.3158],[91.5333,27.3226],[91.5417,27.325],[91.5385,27.3158]]],[[[91.5448,27.3342],[91.55,27.3274],[91.5417,27.325],[91.5448,27.3342]]],[[[92.8744,20.1278],[92.8805,20.1352],[92.8826,20.1257],[92.8744,20.1278]]],[[[92.8824,20.1605],[92.843,20.1636],[92.8622,20.1881],[92.8824,20.1605]]],[[[92.8085,20.1773],[92.8138,20.1852],[92.8161,20.176],[92.8085,20.1773]]],[[[92.8418,20.2023],[92.8472,20.2102],[92.8494,20.201],[92.8418,20.2023]]],[[[92.8827,20.2111],[92.8888,20.2185],[92.8909,20.209],[92.8827,20.2111]]],[[[92.8161,20.2278],[92.8222,20.2352],[92.8242,20.2257],[92.8161,20.2278]]],[[[92.8335,20.2273],[92.8388,20.2352],[92.8411,20.226],[92.8335,20.2273]]],[[[92.8835,20.2357],[92.8888,20.2435],[92.8911,20.2343],[92.8835,20.2357]]],[[[92.8494,20.2367],[92.8622,20.2439],[92.8656,20.2347],[92.8494,20.2367]]],[[[92.8724,20.2508],[92.8428,20.258],[92.8535,20.2858],[92.8726,20.2705],[92.8724,20.2508]]],[[[92.7418,20.2773],[92.7472,20.2852],[92.7494,20.276],[92.7418,20.2773]]],[[[92.7918,20.2773],[92.7972,20.2852],[92.7994,20.276],[92.7918,20.2773]]],[[[92.8751,20.294],[92.8805,20.3018],[92.8827,20.2926],[92.8751,20.294]]],[[[92.8008,20.3052],[92.7939,20.3005],[92.7917,20.3083],[92.8008,20.3052]]],[[[92.7825,20.3115],[92.7895,20.3162],[92.7917,20.3083],[92.7825,20.3115]]],[[[92.8001,20.344],[92.8055,20.3518],[92.8077,20.3426],[92.8001,20.344]]],[[[92.7924,20.3555],[92.786,20.3496],[92.7833,20.3583],[92.7924,20.3555]]],[[[92.7749,20.3634],[92.7833,20.3583],[92.7739,20.3623],[92.7749,20.3634]]],[[[92.8314,20.4362],[92.8109,20.4193],[92.8199,20.4031],[92.8326,20.4152],[92.8466,20.4058],[92.8337,20.3893],[92.8473,20.3454],[92.8378,20.3358],[92.8147,20.3638],[92.7833,20.3667],[92.7779,20.3819],[92.799,20.3862],[92.7697,20.4209],[92.7946,20.4391],[92.8314,20.4362]]],[[[92.8833,20.425],[92.8891,20.4181],[92.8873,20.4155],[92.8833,20.425]]],[[[92.8635,20.4325],[92.8611,20.4402],[92.8667,20.4417],[92.8635,20.4325]]],[[[92.8251,20.4523],[92.8305,20.4602],[92.8327,20.451],[92.8251,20.4523]]],[[[92.7855,20.4778],[92.8148,20.4555],[92.7881,20.4566],[92.7715,20.436],[92.7451,20.5136],[92.7709,20.4857],[92.7833,20.5],[92.7855,20.4778]],[[92.774,20.467],[92.7667,20.475],[92.7671,20.4676],[92.774,20.467]]],[[[92.7926,20.4824],[92.8089,20.4788],[92.7917,20.475],[92.7926,20.4824]]],[[[92.7865,20.5092],[92.7917,20.5024],[92.7833,20.5],[92.7865,20.5092]]],[[[92.592,20.5153],[92.6,20.525],[92.5958,20.4997],[92.592,20.5153]]],[[[92.574,20.5158],[92.5795,20.5244],[92.5797,20.5086],[92.574,20.5158]]],[[[92.797,20.5268],[92.7846,20.5375],[92.7956,20.5489],[92.8084,20.5413],[92.797,20.5268]]],[[[92.7885,20.5575],[92.7861,20.5652],[92.7917,20.5667],[92.7885,20.5575]]],[[[92.7741,20.5741],[92.7705,20.5578],[92.7667,20.575],[92.7741,20.5741]]],[[[92.7168,20.569],[92.7222,20.5768],[92.7244,20.5676],[92.7168,20.569]]],[[[92.7335,20.569],[92.7388,20.5768],[92.7411,20.5676],[92.7335,20.569]]],[[[92.7577,20.5779],[92.7641,20.5837],[92.7667,20.575],[92.7577,20.5779]]],[[[92.7577,20.5945],[92.7638,20.6018],[92.7659,20.5924],[92.7577,20.5945]]],[[[92.7326,20.6078],[92.7285,20.5994],[92.725,20.6083],[92.7326,20.6078]]],[[[92.725,20.6083],[92.7149,20.6169],[92.7218,20.6246],[92.725,20.6083]]],[[[92.5096,20.6216],[92.5128,20.634],[92.5128,20.616],[92.5096,20.6216]]],[[[92.6501,20.6357],[92.6555,20.6435],[92.6577,20.6343],[92.6501,20.6357]]],[[[92.6994,20.6361],[92.7055,20.6435],[92.7076,20.634],[92.6994,20.6361]]],[[[92.6244,20.6361],[92.6305,20.6435],[92.6326,20.634],[92.6244,20.6361]]],[[[92.6498,20.6506],[92.6498,20.6577],[92.6607,20.6542],[92.6498,20.6506]]],[[[92.6885,20.6742],[92.6861,20.6819],[92.6917,20.6833],[92.6885,20.6742]]],[[[92.709,20.6805],[92.7026,20.6746],[92.7,20.6833],[92.709,20.6805]]],[[[92.6323,20.6825],[92.6397,20.6906],[92.6381,20.6753],[92.6323,20.6825]]],[[[92.6926,20.6837],[92.6993,20.6911],[92.7,20.6833],[92.6926,20.6837]]],[[[92.6751,20.7023],[92.6805,20.7102],[92.6827,20.701],[92.6751,20.7023]]],[[[92.4085,20.719],[92.4138,20.7268],[92.4161,20.7176],[92.4085,20.719]]],[[[92.6585,20.719],[92.6638,20.7268],[92.6661,20.7176],[92.6585,20.719]]],[[[92.6635,20.7325],[92.6611,20.7402],[92.6667,20.7417],[92.6635,20.7325]]],[[[92.6411,20.7361],[92.6472,20.7435],[92.6492,20.734],[92.6411,20.7361]]],[[[92.4001,20.7357],[92.4055,20.7435],[92.4077,20.7343],[92.4001,20.7357]]],[[[92.5668,20.7357],[92.5722,20.7435],[92.5744,20.7343],[92.5668,20.7357]]],[[[92.6418,20.7523],[92.6472,20.7602],[92.6494,20.751],[92.6418,20.7523]]],[[[92.5911,20.7528],[92.5972,20.7602],[92.5992,20.7507],[92.5911,20.7528]]],[[[92.5577,20.7945],[92.5638,20.8018],[92.5659,20.7924],[92.5577,20.7945]]],[[[92.3668,20.794],[92.3722,20.8018],[92.3744,20.7926],[92.3668,20.794]]],[[[92.3846,20.7966],[92.3878,20.809],[92.3878,20.791],[92.3846,20.7966]]],[[[92.399,20.8408],[92.4063,20.849],[92.4048,20.8336],[92.399,20.8408]]],[[[92.5077,20.8528],[92.5138,20.8602],[92.5159,20.8507],[92.5077,20.8528]]],[[[92.5244,20.8611],[92.5305,20.8685],[92.5326,20.859],[92.5244,20.8611]]],[[[92.5501,20.8607],[92.5555,20.8685],[92.5577,20.8593],[92.5501,20.8607]]],[[[92.5668,20.869],[92.5722,20.8768],[92.5744,20.8676],[92.5668,20.869]]],[[[92.3507,20.8805],[92.3443,20.8746],[92.3417,20.8833],[92.3507,20.8805]]],[[[92.3302,20.8742],[92.3278,20.8819],[92.3333,20.8833],[92.3302,20.8742]]],[[[92.5,20.8797],[92.5118,20.8833],[92.5251,20.8793],[92.5136,20.875],[92.5,20.8797]]],[[[92.3341,20.8839],[92.3377,20.8928],[92.3417,20.8833],[92.3341,20.8839]]],[[[92.354,20.9001],[92.3575,20.9161],[92.3667,20.9167],[92.354,20.9001]]],[[[92.5759,20.9087],[92.5826,20.9161],[92.5833,20.9083],[92.5759,20.9087]]],[[[92.5537,20.915],[92.5553,20.9034],[92.5292,20.9027],[92.5005,20.918],[92.5537,20.915]]],[[[92.475,20.9083],[92.4857,20.9303],[92.4882,20.9325],[92.4909,20.9109],[92.475,20.9083]]],[[[92.3251,20.9523],[92.3305,20.9602],[92.3327,20.951],[92.3251,20.9523]]],[[[92.359,20.9721],[92.3526,20.9663],[92.35,20.975],[92.359,20.9721]]],[[[92.341,20.9779],[92.3474,20.9837],[92.35,20.975],[92.341,20.9779]]],[[[92.3161,20.9778],[92.3222,20.9852],[92.3242,20.9757],[92.3161,20.9778]]],[[[92.5327,20.9862],[92.5391,20.9921],[92.5417,20.9833],[92.5327,20.9862]]],[[[92.2975,20.9706],[92.2749,21.0094],[92.28,21.0218],[92.2975,20.9706]]],[[[92.3577,20.9945],[92.3641,21.0004],[92.3667,20.9917],[92.3577,20.9945]]],[[[92.4833,21.0101],[92.4992,21.0129],[92.4836,20.9916],[92.4833,21.0101]]],[[[92.3077,21.0028],[92.3138,21.0102],[92.3159,21.0007],[92.3077,21.0028]]],[[[92.4679,21.0049],[92.4711,21.0173],[92.4711,20.9993],[92.4679,21.0049]]],[[[92.5251,21.0107],[92.5305,21.0185],[92.5327,21.0093],[92.5251,21.0107]]],[[[92.3096,21.0216],[92.3128,21.034],[92.3128,21.016],[92.3096,21.0216]]],[[[92.2346,21.0216],[92.2378,21.034],[92.2378,21.016],[92.2346,21.0216]]],[[[92.3494,21.0278],[92.3555,21.0352],[92.3576,21.0257],[92.3494,21.0278]]],[[[92.3244,21.0361],[92.3305,21.0435],[92.3326,21.034],[92.3244,21.0361]]],[[[92.2918,21.0523],[92.2972,21.0602],[92.2994,21.051],[92.2918,21.0523]]],[[[92.2501,21.0773],[92.2555,21.0852],[92.2577,21.076],[92.2501,21.0773]]],[[[92.2112,21.1007],[92.2171,21.0943],[92.2083,21.0917],[92.2112,21.1007]]],[[[92.3169,21.1159],[92.325,21.105],[92.3167,21.1],[92.3169,21.1159]]],[[[92.3327,21.1195],[92.3388,21.1268],[92.3409,21.1174],[92.3327,21.1195]]],[[[92.4085,21.232],[92.4164,21.2261],[92.4083,21.225],[92.4085,21.232]]],[[[92.1279,21.2424],[92.1338,21.236],[92.125,21.2333],[92.1279,21.2424]]],[[[92.2752,21.257],[92.2831,21.2511],[92.275,21.25],[92.2752,21.257]]],[[[92.0161,21.4945],[92.0222,21.5018],[92.0242,21.4924],[92.0161,21.4945]]],[[[92.0498,21.5256],[92.0506,21.5327],[92.0607,21.5292],[92.0498,21.5256]]],[[[92.0307,21.5479],[92.0325,21.5304],[92.0197,21.5106],[92.0124,21.5233],[92.0307,21.5479]]],[[[92.0075,21.5365],[92.0143,21.5417],[92.0167,21.5333],[92.0075,21.5365]]],[[[92.0327,21.5779],[92.0391,21.5837],[92.0417,21.575],[92.0327,21.5779]]],[[[92.0411,21.6028],[92.0472,21.6102],[92.0492,21.6007],[92.0411,21.6028]]],[[[91.9781,21.5277],[91.971,21.5562],[91.9342,21.5485],[91.9249,21.6835],[91.9362,21.7045],[91.9826,21.6338],[91.9781,21.5277]]],[[[92.0577,21.6362],[92.0641,21.6421],[92.0667,21.6333],[92.0577,21.6362]]],[[[92.0096,21.6716],[92.0128,21.684],[92.0128,21.666],[92.0096,21.6716]]],[[[92.0759,21.6754],[92.0826,21.6828],[92.0833,21.675],[92.0759,21.6754]]],[[[92.0658,21.6865],[92.0726,21.6917],[92.075,21.6833],[92.0658,21.6865]]],[[[92.0334,21.713],[92.0452,21.7166],[92.0585,21.7126],[92.0469,21.7083],[92.0334,21.713]]],[[[92.0165,21.7256],[92.0165,21.7327],[92.0274,21.7292],[92.0165,21.7256]]],[[[92.2341,21.7423],[92.2377,21.7512],[92.2417,21.7417],[92.2341,21.7423]]],[[[92.0665,21.759],[92.0665,21.7661],[92.0774,21.7625],[92.0665,21.759]]],[[[92.0992,21.7682],[92.0927,21.7785],[92.0967,21.7856],[92.0992,21.7682]]],[[[92.0242,21.7849],[92.0177,21.7951],[92.0217,21.8023],[92.0242,21.7849]]],[[[92.0751,21.8023],[92.0805,21.8102],[92.0827,21.801],[92.0751,21.8023]]],[[[91.9918,21.8273],[91.9972,21.8352],[91.9994,21.826],[91.9918,21.8273]]],[[[91.9885,21.8408],[91.9849,21.8482],[91.9917,21.85],[91.9885,21.8408]]],[[[92.0008,22.0968],[91.9941,22.0917],[91.9917,22.1],[92.0008,22.0968]]],[[[91.9701,22.1068],[91.9535,22.0783],[91.9283,22.1383],[91.9625,22.1396],[91.9917,22.1],[91.9701,22.1068]]],[[[91.8638,22.1993],[91.8579,22.2057],[91.8667,22.2083],[91.8638,22.1993]]],[[[91.8695,22.2174],[91.8754,22.211],[91.8667,22.2083],[91.8695,22.2174]]],[[[91.8458,22.2273],[91.8491,22.2487],[91.8542,22.269],[91.8661,22.24],[91.8458,22.2273]]],[[[91.8909,22.5099],[91.8844,22.5201],[91.8883,22.5273],[91.8909,22.5099]]],[[[91.8592,22.5218],[91.8524,22.5167],[91.85,22.525],[91.8592,22.5218]]],[[[91.8416,22.5301],[91.85,22.525],[91.8405,22.529],[91.8416,22.5301]]],[[[91.8529,22.5424],[91.8588,22.536],[91.85,22.5333],[91.8529,22.5424]]],[[[91.9385,22.5492],[91.9349,22.5565],[91.9417,22.5583],[91.9385,22.5492]]],[[[92.7749,22.8787],[92.7833,22.8833],[92.7805,22.8743],[92.7749,22.8787]]],[[[92.8112,22.984],[92.8171,22.9776],[92.8083,22.975],[92.8112,22.984]]],[[[92.7846,23.0048],[92.7967,23.0234],[92.7833,22.9917],[92.7846,23.0048]]],[[[92.8302,23.0158],[92.8265,23.0232],[92.8333,23.025],[92.8302,23.0158]]],[[[92.5529,23.2257],[92.5588,23.2193],[92.55,23.2167],[92.5529,23.2257]]],[[[92.8842,23.3302],[92.8774,23.325],[92.875,23.3333],[92.8842,23.3302]]],[[[92.7779,23.3507],[92.7838,23.3443],[92.775,23.3417],[92.7779,23.3507]]],[[[92.8417,23.3417],[92.8193,23.3795],[92.8346,23.3902],[92.8417,23.3417]]],[[[92.8611,23.3529],[92.8751,23.4045],[92.9057,23.3971],[92.8772,23.3731],[92.875,23.3333],[92.8611,23.3529]]],[[[92.8001,23.3773],[92.8055,23.3852],[92.8077,23.376],[92.8001,23.3773]]],[[[92.8263,23.4049],[92.8294,23.4173],[92.8294,23.3993],[92.8263,23.4049]]],[[[92.8773,23.4178],[92.8806,23.4324],[92.8917,23.4167],[92.8773,23.4178]]],[[[92.8339,23.4335],[92.8374,23.4657],[92.838,23.4271],[92.8339,23.4335]]],[[[92.7257,23.4897],[92.7333,23.5],[92.7292,23.4827],[92.7257,23.4897]]],[[[92.7179,23.5133],[92.7211,23.5257],[92.7211,23.5077],[92.7179,23.5133]]],[[[92.6923,23.6576],[92.7012,23.654],[92.6917,23.65],[92.6923,23.6576]]],[[[92.5841,23.6814],[92.5917,23.6917],[92.5875,23.6744],[92.5841,23.6814]]],[[[91.8509,24.3087],[91.8576,24.3161],[91.8583,24.3083],[91.8509,24.3087]]],[[[91.9652,24.4399],[91.9615,24.4325],[91.9583,24.4417],[91.9652,24.4399]]],[[[91.9917,24.475],[92.0135,24.4801],[92.0171,24.4792],[91.9917,24.475]]],[[[91.9759,24.4754],[91.9826,24.4828],[91.9833,24.475],[91.9759,24.4754]]],[[[91.9842,24.4837],[91.991,24.4911],[91.9917,24.4833],[91.9842,24.4837]]],[[[91.8423,24.5041],[91.8608,24.5155],[91.8657,24.5145],[91.8667,24.5],[91.8423,24.5041]]],[[[92.0388,24.5743],[92.0329,24.5807],[92.0417,24.5833],[92.0388,24.5743]]],[[[92.0167,24.6167],[92.0006,24.6034],[92.0033,24.6243],[92.0167,24.6167]]],[[[92.0496,24.6145],[92.0448,24.6075],[92.0417,24.6167],[92.0496,24.6145]]],[[[91.9004,24.6491],[91.9081,24.6428],[91.9,24.6417],[91.9004,24.6491]]],[[[91.8842,24.6421],[91.891,24.6495],[91.8917,24.6417],[91.8842,24.6421]]],[[[91.8743,24.6529],[91.8807,24.6587],[91.8833,24.65],[91.8743,24.6529]]],[[[92.0926,24.6671],[92.0993,24.6745],[92.1,24.6667],[92.0926,24.6671]]],[[[92.1009,24.6754],[92.1076,24.6828],[92.1083,24.675],[92.1009,24.6754]]],[[[91.9676,24.6754],[91.9743,24.6828],[91.975,24.675],[91.9676,24.6754]]],[[[91.9423,24.8159],[91.9512,24.8123],[91.9417,24.8083],[91.9423,24.8159]]],[[[92.0052,24.8575],[92.0015,24.8649],[92.0083,24.8667],[92.0052,24.8575]]],[[[91.8918,24.8773],[91.8972,24.8852],[91.8994,24.876],[91.8918,24.8773]]],[[[91.8411,24.8945],[91.8472,24.9018],[91.8492,24.8924],[91.8411,24.8945]]],[[[91.8997,24.9856],[91.8604,24.9532],[91.8608,24.9889],[91.8997,24.9856]]],[[[92.1668,25.0273],[92.1722,25.0352],[92.1744,25.026],[92.1668,25.0273]]],[[[92.0418,25.0607],[92.0472,25.0685],[92.0494,25.0593],[92.0418,25.0607]]],[[[92.0333,25.1218],[91.994,25.1299],[91.99,25.0871],[91.9628,25.0598],[91.861,25.0556],[91.8636,25.003],[91.847,24.9691],[91.7847,25.0205],[91.7867,25.0624],[91.8102,25.0899],[91.9462,25.1637],[92.0229,25.1393],[92.0333,25.1218]],[[91.8407,24.992],[91.8333,25.0],[91.8338,24.9926],[91.8407,24.992]]],[[[92.0758,25.0718],[92.0691,25.0667],[92.0667,25.075],[92.0758,25.0718]]],[[[92.0075,25.0766],[92.0011,25.0868],[92.005,25.0939],[92.0075,25.0766]]],[[[92.0305,25.0826],[92.0246,25.0891],[92.0333,25.0917],[92.0305,25.0826]]],[[[92.0467,25.0812],[92.057,25.0865],[92.0729,25.1058],[92.0667,25.075],[92.0467,25.0812]]],[[[92.0362,25.1007],[92.0421,25.0943],[92.0333,25.0917],[92.0362,25.1007]]],[[[92.0493,25.0945],[92.0557,25.1004],[92.0583,25.0917],[92.0493,25.0945]]],[[[92.633,25.1113],[92.6167,25.1167],[92.6294,25.125],[92.633,25.1113]]],[[[92.0826,25.1186],[92.0587,25.1151],[92.0707,25.1316],[92.0826,25.1186]]],[[[92.0493,25.1279],[92.0557,25.1337],[92.0583,25.125],[92.0493,25.1279]]],[[[91.9999,25.162],[92.0083,25.1667],[92.0055,25.1576],[91.9999,25.162]]],[[[92.0589,25.2428],[92.0665,25.2356],[92.0583,25.2333],[92.0589,25.2428]]],[[[92.3279,25.2507],[92.3338,25.2443],[92.325,25.2417],[92.3279,25.2507]]],[[[92.3418,25.2523],[92.3472,25.2602],[92.3494,25.251],[92.3418,25.2523]]],[[[92.1668,25.2523],[92.1722,25.2602],[92.1744,25.251],[92.1668,25.2523]]],[[[92.466,25.273],[92.45,25.2667],[92.453,25.2745],[92.466,25.273]]],[[[92.0161,25.2695],[92.0222,25.2768],[92.0242,25.2674],[92.0161,25.2695]]],[[[92.4695,25.284],[92.4754,25.2776],[92.4667,25.275],[92.4695,25.284]]],[[[92.1926,25.2926],[92.1962,25.3089],[92.2,25.2917],[92.1926,25.2926]]],[[[92.1175,25.3145],[92.1212,25.3334],[92.1207,25.3082],[92.1175,25.3145]]],[[[92.0096,25.3716],[92.0128,25.384],[92.0128,25.366],[92.0096,25.3716]]],[[[92.5744,25.4861],[92.5805,25.4935],[92.5826,25.484],[92.5744,25.4861]]],[[[92.5918,25.494],[92.5972,25.5018],[92.5994,25.4926],[92.5918,25.494]]],[[[92.6259,25.5048],[92.638,25.516],[92.6385,25.4932],[92.6364,25.4932],[92.6259,25.5048]]],[[[92.6085,25.5023],[92.6138,25.5102],[92.6161,25.501],[92.6085,25.5023]]],[[[92.6429,25.5299],[92.6461,25.5423],[92.6461,25.5243],[92.6429,25.5299]]],[[[92.6582,25.537],[92.6667,25.5417],[92.6638,25.5326],[92.6582,25.537]]],[[[92.5835,25.544],[92.5888,25.5518],[92.5911,25.5426],[92.5835,25.544]]],[[[92.6009,25.5561],[92.6045,25.5751],[92.6041,25.5499],[92.6009,25.5561]]],[[[92.6077,25.5862],[92.6141,25.5921],[92.6167,25.5833],[92.6077,25.5862]]],[[[92.4744,25.6445],[92.4805,25.6518],[92.4826,25.6424],[92.4744,25.6445]]],[[[92.5748,25.6506],[92.5756,25.6577],[92.5857,25.6542],[92.5748,25.6506]]],[[[92.5013,25.6634],[92.5106,25.6739],[92.525,25.675],[92.5139,25.6593],[92.5013,25.6634]]],[[[92.5833,25.6833],[92.5416,25.6671],[92.5272,25.6789],[92.5833,25.6833]]],[[[92.5425,25.6839],[92.546,25.6928],[92.55,25.6833],[92.5425,25.6839]]],[[[92.5327,25.7195],[92.5388,25.7268],[92.5409,25.7174],[92.5327,25.7195]]],[[[92.5993,25.7279],[92.6057,25.7337],[92.6083,25.725],[92.5993,25.7279]]],[[[92.3418,25.7523],[92.3472,25.7602],[92.3494,25.751],[92.3418,25.7523]]],[[[92.4968,25.7742],[92.4945,25.7819],[92.5,25.7833],[92.4968,25.7742]]],[[[92.4068,25.8232],[92.4032,25.8158],[92.4,25.825],[92.4068,25.8232]]],[[[92.0827,25.8528],[92.0888,25.8602],[92.0909,25.8507],[92.0827,25.8528]]],[[[92.1802,25.8575],[92.175,25.8643],[92.1833,25.8667],[92.1802,25.8575]]],[[[92.0675,25.8784],[92.0732,25.8605],[92.0523,25.861],[92.05,25.8667],[92.0675,25.8784]]],[[[92.2333,25.875],[92.2402,25.871],[92.2373,25.8655],[92.2333,25.875]]],[[[92.1838,25.8741],[92.1911,25.8674],[92.1833,25.8667],[92.1838,25.8741]]],[[[92.0408,25.8698],[92.0478,25.8746],[92.05,25.8667],[92.0408,25.8698]]],[[[92.1921,25.8824],[92.1997,25.8761],[92.1917,25.875],[92.1921,25.8824]]],[[[92.2419,25.889],[92.2499,25.8781],[92.2417,25.875],[92.2419,25.889]]],[[[92.2674,25.8971],[92.261,25.8913],[92.2583,25.9],[92.2674,25.8971]]],[[[92.0552,25.8908],[92.0515,25.8982],[92.0583,25.9],[92.0552,25.8908]]],[[[92.2499,25.9051],[92.2583,25.9],[92.2489,25.904],[92.2499,25.9051]]],[[[92.2749,25.912],[92.2833,25.9167],[92.2805,25.9076],[92.2749,25.912]]],[[[92.0885,25.9158],[92.0861,25.9236],[92.0917,25.925],[92.0885,25.9158]]],[[[92.2259,25.9587],[92.2326,25.9661],[92.2333,25.9583],[92.2259,25.9587]]],[[[92.2333,25.9667],[92.2486,25.9743],[92.2496,25.9683],[92.2333,25.9667]]],[[[92.2907,25.9814],[92.2865,25.9742],[92.2833,25.9833],[92.2907,25.9814]]],[[[91.8827,26.9695],[91.8888,26.9768],[91.8909,26.9674],[91.8827,26.9695]]],[[[92.0251,26.9926],[92.0083,26.9904],[92.0123,27.0077],[92.0251,26.9926]]],[[[92.7311,27.2752],[92.7239,27.2828],[92.7333,27.2833],[92.7311,27.2752]]],[[[93.1918,19.744],[93.1972,19.7518],[93.1994,19.7426],[93.1918,19.744]]],[[[93.1446,19.8173],[93.1457,19.8333],[93.1583,19.8208],[93.1446,19.8173]]],[[[93.1425,19.8468],[93.1355,19.8421],[93.1333,19.85],[93.1425,19.8468]]],[[[93.1833,19.9333],[93.2226,19.8726],[93.2444,19.8183],[93.2274,19.8205],[93.1833,19.9333]]],[[[93.1833,19.9333],[93.176,19.9566],[93.1812,19.9578],[93.1833,19.9333]]],[[[93.166,19.9612],[93.1724,19.9671],[93.175,19.9583],[93.166,19.9612]]],[[[93.1675,19.9802],[93.1605,19.9755],[93.1583,19.9833],[93.1675,19.9802]]],[[[93.0994,19.9778],[93.1055,19.9852],[93.1076,19.9757],[93.0994,19.9778]]],[[[93.1333,19.85],[93.0614,19.955],[93.055,20.0062],[93.0024,20.0608],[92.9876,20.1153],[93.0394,20.0624],[93.09,19.9713],[93.1333,19.85]]],[[[93.1509,19.9843],[93.1545,20.0005],[93.1583,19.9833],[93.1509,19.9843]]],[[[93.1418,20.0107],[93.1472,20.0185],[93.1494,20.0093],[93.1418,20.0107]]],[[[93.1411,20.0278],[93.1472,20.0352],[93.1492,20.0257],[93.1411,20.0278]]],[[[93.3635,20.0408],[93.3583,20.0476],[93.3667,20.05],[93.3635,20.0408]]],[[[93.1251,20.044],[93.1305,20.0518],[93.1327,20.0426],[93.1251,20.044]]],[[[93.0501,20.0523],[93.0555,20.0602],[93.0577,20.051],[93.0501,20.0523]]],[[[93.049,20.0742],[93.0563,20.0823],[93.0548,20.067],[93.049,20.0742]]],[[[93.0411,20.0945],[93.0472,20.1018],[93.0492,20.0924],[93.0411,20.0945]]],[[[93.0327,20.1111],[93.0388,20.1185],[93.0409,20.109],[93.0327,20.1111]]],[[[92.9743,20.1195],[92.9807,20.1254],[92.9833,20.1167],[92.9743,20.1195]]],[[[92.8918,20.119],[92.8972,20.1268],[92.8994,20.1176],[92.8918,20.119]]],[[[92.9001,20.1523],[92.9055,20.1602],[92.9077,20.151],[92.9001,20.1523]]],[[[93.2161,20.1778],[93.2222,20.1852],[93.2242,20.1757],[93.2161,20.1778]]],[[[93.0827,20.1945],[93.0888,20.2018],[93.0909,20.1924],[93.0827,20.1945]]],[[[93.3402,20.2779],[93.3453,20.2444],[93.3909,20.199],[93.3865,20.1851],[93.3611,20.1867],[93.397,20.172],[93.4068,20.1447],[93.3931,20.1357],[93.3903,20.0961],[93.3624,20.0864],[93.3267,20.129],[93.3307,20.1712],[93.3171,20.1809],[93.3309,20.1889],[93.2842,20.257],[93.3144,20.2776],[93.2862,20.2949],[93.2956,20.3135],[93.3402,20.2779]],[[93.3657,20.2004],[93.3583,20.2083],[93.3588,20.2009],[93.3657,20.2004]],[[93.3882,20.1503],[93.3906,20.1652],[93.375,20.1667],[93.3762,20.1606],[93.3882,20.1503]],[[93.3477,20.1581],[93.336,20.1502],[93.35,20.15],[93.3477,20.1581]],[[93.374,20.1087],[93.3667,20.1167],[93.3671,20.1092],[93.374,20.1087]]],[[[93.3135,20.1992],[93.3111,20.2069],[93.3167,20.2083],[93.3135,20.1992]]],[[[93.0173,20.2069],[93.0207,20.2378],[93.0559,20.2042],[93.0295,20.1998],[93.0173,20.2069]]],[[[93.1827,20.22],[93.1955,20.2273],[93.199,20.218],[93.1827,20.22]]],[[[92.9168,20.2273],[92.9222,20.2352],[92.9244,20.226],[92.9168,20.2273]]],[[[93.1335,20.2357],[93.1388,20.2435],[93.1411,20.2343],[93.1335,20.2357]]],[[[93.0418,20.244],[93.0472,20.2518],[93.0494,20.2426],[93.0418,20.244]]],[[[93.1827,20.2695],[93.1888,20.2768],[93.1909,20.2674],[93.1827,20.2695]]],[[[93.2833,20.2801],[93.2917,20.275],[93.2822,20.279],[93.2833,20.2801]]],[[[92.8989,20.2839],[92.9061,20.2915],[92.9083,20.2833],[92.8989,20.2839]]],[[[93.3282,20.3008],[93.3334,20.2941],[93.325,20.2917],[93.3282,20.3008]]],[[[92.9669,20.307],[92.9747,20.3011],[92.9667,20.3],[92.9669,20.307]]],[[[93.0994,20.3028],[93.1055,20.3102],[93.1076,20.3007],[93.0994,20.3028]]],[[[93.0077,20.3195],[93.0138,20.3268],[93.0159,20.3174],[93.0077,20.3195]]],[[[92.9324,20.3314],[92.9282,20.3242],[92.925,20.3333],[92.9324,20.3314]]],[[[93.2578,20.3405],[93.2502,20.3478],[93.2583,20.35],[93.2578,20.3405]]],[[[93.0195,20.3507],[93.0254,20.3443],[93.0167,20.3417],[93.0195,20.3507]]],[[[93.2583,20.35],[93.254,20.389],[93.2715,20.3448],[93.2583,20.35]]],[[[93.3343,20.3926],[93.3378,20.4089],[93.3417,20.3917],[93.3343,20.3926]]],[[[93.3501,20.4023],[93.3555,20.4102],[93.3577,20.401],[93.3501,20.4023]]],[[[93.334,20.4221],[93.3276,20.4163],[93.325,20.425],[93.334,20.4221]]],[[[93.2335,20.419],[93.2388,20.4268],[93.2411,20.4176],[93.2335,20.419]]],[[[93.3176,20.4259],[93.3212,20.4422],[93.325,20.425],[93.3176,20.4259]]],[[[93.2263,20.4383],[93.2294,20.4507],[93.2294,20.4327],[93.2263,20.4383]]],[[[93.3124,20.4511],[93.3125,20.4773],[93.3322,20.4624],[93.3124,20.4511]]],[[[93.2429,20.4883],[93.2461,20.5007],[93.2461,20.4827],[93.2429,20.4883]]],[[[93.2257,20.5221],[93.2193,20.5163],[93.2167,20.525],[93.2257,20.5221]]],[[[93.2093,20.5259],[93.2128,20.5422],[93.2167,20.525],[93.2093,20.5259]]],[[[93.1936,20.5703],[93.2147,20.572],[93.205,20.553],[93.1936,20.5703]]],[[[93.2892,20.5521],[93.2766,20.5727],[93.2792,20.5857],[93.2892,20.5521]]],[[[92.9612,20.5924],[92.9671,20.586],[92.9583,20.5833],[92.9612,20.5924]]],[[[93.2251,20.5857],[93.2305,20.5935],[93.2327,20.5843],[93.2251,20.5857]]],[[[93.1327,20.6111],[93.1388,20.6185],[93.1409,20.609],[93.1327,20.6111]]],[[[92.9479,20.622],[92.9417,20.6083],[92.9453,20.6258],[92.9479,20.622]]],[[[93.2728,20.6169],[93.2655,20.6245],[93.275,20.625],[93.2728,20.6169]]],[[[93.0751,20.6273],[93.0805,20.6352],[93.0827,20.626],[93.0751,20.6273]]],[[[92.9418,20.6357],[92.9472,20.6435],[92.9494,20.6343],[92.9418,20.6357]]],[[[93.2481,20.6496],[93.2356,20.6419],[93.2333,20.65],[93.2481,20.6496]]],[[[93.266,20.6563],[93.25,20.65],[93.253,20.6579],[93.266,20.6563]]],[[[93.2259,20.6504],[93.2326,20.6578],[93.2333,20.65],[93.2259,20.6504]]],[[[92.9251,20.6523],[92.9305,20.6602],[92.9327,20.651],[92.9251,20.6523]]],[[[92.9087,20.6657],[92.9178,20.6623],[92.9083,20.6583],[92.9087,20.6657]]],[[[93.0331,20.6673],[93.034,20.6744],[93.044,20.6708],[93.0331,20.6673]]],[[[92.9346,20.6716],[92.9378,20.684],[92.9378,20.666],[92.9346,20.6716]]],[[[93.2418,20.6773],[93.2472,20.6852],[93.2494,20.676],[93.2418,20.6773]]],[[[92.9929,20.6799],[92.9961,20.6923],[92.9961,20.6743],[92.9929,20.6799]]],[[[92.9751,20.6857],[92.9805,20.6935],[92.9827,20.6843],[92.9751,20.6857]]],[[[92.9911,20.7028],[92.9972,20.7102],[92.9992,20.7007],[92.9911,20.7028]]],[[[92.9494,20.7278],[92.9555,20.7352],[92.9576,20.7257],[92.9494,20.7278]]],[[[93.0987,20.7609],[93.0842,20.7848],[93.088,20.7894],[93.0987,20.7609]]],[[[92.9835,20.7773],[92.9888,20.7852],[92.9911,20.776],[92.9835,20.7773]]],[[[93.0335,20.794],[93.0388,20.8018],[93.0411,20.7926],[93.0335,20.794]]],[[[93.0989,20.8005],[93.1061,20.8081],[93.1083,20.8],[93.0989,20.8005]]],[[[92.9911,20.8028],[92.9972,20.8102],[92.9992,20.8007],[92.9911,20.8028]]],[[[92.9668,20.8107],[92.9722,20.8185],[92.9744,20.8093],[92.9668,20.8107]]],[[[93.0418,20.869],[93.0472,20.8768],[93.0494,20.8676],[93.0418,20.869]]],[[[92.9335,20.869],[92.9388,20.8768],[92.9411,20.8676],[92.9335,20.869]]],[[[92.9994,20.8695],[93.0055,20.8768],[93.0076,20.8674],[92.9994,20.8695]]],[[[92.9847,20.9287],[92.9905,20.9126],[92.9708,20.8948],[92.9667,20.9083],[92.9847,20.9287]]],[[[92.9589,20.9099],[92.966,20.9237],[92.9667,20.9083],[92.9589,20.9099]]],[[[92.9743,20.9362],[92.9807,20.9421],[92.9833,20.9333],[92.9743,20.9362]]],[[[92.9251,20.9357],[92.9305,20.9435],[92.9327,20.9343],[92.9251,20.9357]]],[[[92.9991,20.948],[92.9948,20.9408],[92.9917,20.95],[92.9991,20.948]]],[[[92.9135,20.9492],[92.9083,20.956],[92.9167,20.9583],[92.9135,20.9492]]],[[[92.9171,20.9658],[92.9245,20.959],[92.9167,20.9583],[92.9171,20.9658]]],[[[92.9077,20.9695],[92.9141,20.9754],[92.9167,20.9667],[92.9077,20.9695]]],[[[92.8945,21.034],[92.9004,21.0276],[92.8917,21.025],[92.8945,21.034]]],[[[93.3412,21.4478],[93.3365,21.4408],[93.3333,21.45],[93.3412,21.4478]]],[[[93.3173,21.5742],[93.3262,21.5706],[93.3167,21.5667],[93.3173,21.5742]]],[[[93.2577,21.6612],[93.2641,21.6671],[93.2667,21.6583],[93.2577,21.6612]]],[[[93.317,21.6823],[93.3262,21.679],[93.3167,21.675],[93.317,21.6823]]],[[[93.0652,21.6982],[93.0615,21.6908],[93.0583,21.7],[93.0652,21.6982]]],[[[93.0588,21.7574],[93.0661,21.7507],[93.0583,21.75],[93.0588,21.7574]]],[[[93.2032,21.9155],[93.2083,21.8905],[93.2003,21.8833],[93.2001,21.9047],[93.2032,21.9155]]],[[[93.1419,21.9237],[93.1497,21.9178],[93.1417,21.9167],[93.1419,21.9237]]],[[[93.1529,21.934],[93.1588,21.9276],[93.15,21.925],[93.1529,21.934]]],[[[93.2085,21.944],[93.2138,21.9518],[93.2161,21.9426],[93.2085,21.944]]],[[[93.1162,21.9728],[93.1115,21.9658],[93.1083,21.975],[93.1162,21.9728]]],[[[93.3154,22.0469],[93.3125,22.0172],[93.3083,22.05],[93.3154,22.0469]]],[[[93.1207,22.0434],[93.1208,22.0773],[93.1399,22.0625],[93.1207,22.0434]]],[[[93.3032,22.0512],[93.2965,22.0742],[93.3083,22.05],[93.3032,22.0512]]],[[[93.2168,22.0607],[93.2222,22.0685],[93.2244,22.0593],[93.2168,22.0607]]],[[[93.3167,22.1083],[93.3081,22.0982],[93.3005,22.1051],[93.3167,22.1083]]],[[[93.3166,22.1096],[93.3463,22.1388],[93.3486,22.1123],[93.3295,22.094],[93.3166,22.1096]]],[[[93.2668,22.1273],[93.2722,22.1352],[93.2744,22.126],[93.2668,22.1273]]],[[[93.0669,22.1487],[93.0747,22.1428],[93.0667,22.1417],[93.0669,22.1487]]],[[[93.0779,22.159],[93.0838,22.1526],[93.075,22.15],[93.0779,22.159]]],[[[93.3578,22.1572],[93.3502,22.1644],[93.3583,22.1667],[93.3578,22.1572]]],[[[93.2195,22.1674],[93.2254,22.161],[93.2167,22.1583],[93.2195,22.1674]]],[[[92.9939,22.1919],[93.0021,22.1992],[93.009,22.1958],[92.9939,22.1919]]],[[[93.0669,22.214],[93.0749,22.2031],[93.0667,22.2],[93.0669,22.214]]],[[[93.1332,22.212],[93.1417,22.2167],[93.1388,22.2076],[93.1332,22.212]]],[[[93.0518,22.2176],[93.0567,22.2322],[93.0667,22.2167],[93.0518,22.2176]]],[[[93.041,22.2362],[93.0474,22.2421],[93.05,22.2333],[93.041,22.2362]]],[[[93.0589,22.2428],[93.0665,22.2356],[93.0583,22.2333],[93.0589,22.2428]]],[[[93.0675,22.2645],[93.0712,22.2834],[93.0707,22.2582],[93.0675,22.2645]]],[[[93.2009,22.4074],[93.2172,22.4038],[93.2,22.4],[93.2009,22.4074]]],[[[93.0077,22.4361],[93.0138,22.4435],[93.0159,22.434],[93.0077,22.4361]]],[[[92.9945,22.4757],[93.0004,22.4693],[92.9917,22.4667],[92.9945,22.4757]]],[[[93.1606,22.4752],[93.1688,22.4825],[93.1757,22.4791],[93.1606,22.4752]]],[[[93.1007,22.4902],[93.1083,22.5083],[93.1042,22.4833],[93.1007,22.4902]]],[[[93.1662,22.5478],[93.1615,22.5408],[93.1583,22.55],[93.1662,22.5478]]],[[[93.2915,22.559],[93.2923,22.566],[93.3024,22.5625],[93.2915,22.559]]],[[[93.1077,22.5695],[93.1141,22.5754],[93.1167,22.5667],[93.1077,22.5695]]],[[[92.891,22.5779],[92.8974,22.5837],[92.9,22.575],[92.891,22.5779]]],[[[93.1678,22.7495],[93.1606,22.7419],[93.1583,22.75],[93.1678,22.7495]]],[[[93.1508,22.7506],[93.1548,22.7589],[93.1583,22.75],[93.1508,22.7506]]],[[[92.9996,22.8312],[92.9948,22.8242],[92.9917,22.8333],[92.9996,22.8312]]],[[[93.1821,22.8595],[93.1621,22.8601],[93.1603,22.8727],[93.1873,22.8811],[93.1749,22.8747],[93.1821,22.8595]]],[[[93.0837,22.8823],[93.0928,22.879],[93.0833,22.875],[93.0837,22.8823]]],[[[93.1001,22.9458],[93.1105,22.9576],[93.1158,22.9567],[93.1167,22.9417],[93.1001,22.9458]]],[[[93.2661,22.9572],[93.2586,22.9644],[93.2667,22.9667],[93.2661,22.9572]]],[[[93.0158,22.9615],[93.0226,22.9667],[93.025,22.9583],[93.0158,22.9615]]],[[[93.0993,22.9612],[93.1057,22.9671],[93.1083,22.9583],[93.0993,22.9612]]],[[[93.2902,22.9732],[93.2865,22.9658],[93.2833,22.975],[93.2902,22.9732]]],[[[93.2671,22.9741],[93.2745,22.9674],[93.2667,22.9667],[93.2671,22.9741]]],[[[93.0342,23.0052],[93.0274,23.0],[93.025,23.0083],[93.0342,23.0052]]],[[[93.0158,23.0115],[93.0226,23.0167],[93.025,23.0083],[93.0158,23.0115]]],[[[93.2172,23.0762],[93.2248,23.0689],[93.2167,23.0667],[93.2172,23.0762]]],[[[93.0112,23.109],[93.0171,23.1026],[93.0083,23.1],[93.0112,23.109]]],[[[93.1251,23.1273],[93.1305,23.1352],[93.1327,23.126],[93.1251,23.1273]]],[[[93.1791,23.2395],[93.182,23.1402],[93.1708,23.0856],[93.165,23.1547],[93.1362,23.1795],[93.1791,23.2395]]],[[[93.1925,23.1968],[93.1857,23.1917],[93.1833,23.2],[93.1925,23.1968]]],[[[93.2085,23.2023],[93.2138,23.2102],[93.2161,23.201],[93.2085,23.2023]]],[[[93.067,23.2323],[93.0762,23.229],[93.0667,23.225],[93.067,23.2323]]],[[[92.9833,23.2417],[92.9902,23.2377],[92.9873,23.2322],[92.9833,23.2417]]],[[[93.2135,23.2197],[93.1833,23.2417],[93.1863,23.2548],[93.2067,23.246],[93.2135,23.2197]]],[[[93.0829,23.2478],[93.0782,23.2408],[93.075,23.25],[93.0829,23.2478]]],[[[93.1759,23.2587],[93.1826,23.2661],[93.1833,23.2583],[93.1759,23.2587]]],[[[93.1676,23.2671],[93.1743,23.2745],[93.175,23.2667],[93.1676,23.2671]]],[[[93.0721,23.2743],[93.0663,23.2807],[93.075,23.2833],[93.0721,23.2743]]],[[[93.1451,23.2753],[93.1628,23.2831],[93.1667,23.275],[93.1451,23.2753]]],[[[93.0782,23.2925],[93.0829,23.2855],[93.075,23.2833],[93.0782,23.2925]]],[[[93.1833,23.2667],[93.2014,23.3114],[93.2053,23.3141],[93.2066,23.2708],[93.1833,23.2667]]],[[[93.1343,23.2843],[93.1378,23.3005],[93.1417,23.2833],[93.1343,23.2843]]],[[[93.2335,23.319],[93.2388,23.3268],[93.2411,23.3176],[93.2335,23.319]]],[[[93.0167,23.3083],[93.0386,23.3393],[93.0477,23.3126],[93.0167,23.3083]]],[[[93.2086,23.3326],[93.2167,23.3217],[93.2083,23.3167],[93.2086,23.3326]]],[[[93.2251,23.3357],[93.2305,23.3435],[93.2327,23.3343],[93.2251,23.3357]]],[[[92.9418,23.3523],[92.9472,23.3602],[92.9494,23.351],[92.9418,23.3523]]],[[[93.0425,23.361],[93.0727,23.3713],[93.0421,23.3415],[93.0425,23.361]]],[[[93.0756,23.3826],[93.0845,23.379],[93.075,23.375],[93.0756,23.3826]]],[[[93.0426,23.3754],[93.0493,23.3828],[93.05,23.375],[93.0426,23.3754]]],[[[93.0734,23.3862],[93.0314,23.3846],[93.0261,23.3947],[93.0384,23.4138],[93.0833,23.4],[93.0734,23.3862]]],[[[93.1302,23.4075],[93.1265,23.4149],[93.1333,23.4167],[93.1302,23.4075]]],[[[92.892,23.4157],[92.9012,23.4123],[92.8917,23.4083],[92.892,23.4157]]],[[[92.9248,23.4256],[92.9256,23.4327],[92.9357,23.4292],[92.9248,23.4256]]],[[[93.0782,23.4636],[93.147,23.4202],[93.1205,23.4231],[93.0855,23.4033],[93.0782,23.4636]]],[[[92.9055,23.4326],[92.8996,23.4391],[92.9083,23.4417],[92.9055,23.4326]]],[[[93.1417,23.4333],[93.1556,23.4397],[93.1589,23.4372],[93.1417,23.4333]]],[[[92.8862,23.4424],[92.8921,23.436],[92.8833,23.4333],[92.8862,23.4424]]],[[[92.9115,23.4508],[92.9162,23.4438],[92.9083,23.4417],[92.9115,23.4508]]],[[[93.1661,23.4445],[93.1722,23.4518],[93.1742,23.4424],[93.1661,23.4445]]],[[[93.1089,23.4595],[93.1165,23.4522],[93.1083,23.45],[93.1089,23.4595]]],[[[92.8929,23.4633],[92.8961,23.4757],[92.8961,23.4577],[92.8929,23.4633]]],[[[93.0071,23.4772],[92.9928,23.482],[93.0083,23.4833],[93.0071,23.4772]]],[[[93.0968,23.4742],[93.0921,23.4812],[93.1,23.4833],[93.0968,23.4742]]],[[[93.0088,23.4981],[93.0164,23.4856],[93.0083,23.4833],[93.0088,23.4981]]],[[[93.0167,23.5],[93.032,23.5077],[93.033,23.5017],[93.0167,23.5]]],[[[93.1003,23.5483],[93.114,23.504],[93.1004,23.4832],[93.1003,23.5483]]],[[[93.0586,23.5576],[93.0667,23.5467],[93.0583,23.5417],[93.0586,23.5576]]],[[[93.1112,23.5674],[93.1171,23.561],[93.1083,23.5583],[93.1112,23.5674]]],[[[93.0628,23.5921],[93.0542,23.619],[93.0748,23.5969],[93.0628,23.5921]]],[[[93.1085,23.6107],[93.1138,23.6185],[93.1161,23.6093],[93.1085,23.6107]]],[[[92.9918,23.619],[92.9972,23.6268],[92.9994,23.6176],[92.9918,23.619]]],[[[93.0668,23.619],[93.0722,23.6268],[93.0744,23.6176],[93.0668,23.619]]],[[[93.0077,23.6695],[93.0138,23.6768],[93.0159,23.6674],[93.0077,23.6695]]],[[[93.0699,23.6594],[93.0625,23.6857],[93.0821,23.6622],[93.0699,23.6594]]],[[[93.0763,23.6883],[93.0794,23.7007],[93.0794,23.6827],[93.0763,23.6883]]],[[[93.2425,23.6968],[93.2357,23.6917],[93.2333,23.7],[93.2425,23.6968]]],[[[93.2333,23.7],[93.2093,23.7142],[93.2306,23.7159],[93.2333,23.7]]],[[[92.9411,23.7195],[92.9472,23.7268],[92.9492,23.7174],[92.9411,23.7195]]],[[[93.0699,23.7335],[93.0708,23.7494],[93.0823,23.7373],[93.0699,23.7335]]],[[[93.2375,23.7336],[93.2374,23.75],[93.25,23.7374],[93.2375,23.7336]]],[[[93.0056,23.7715],[92.998,23.761],[92.9691,23.7455],[92.9792,23.7773],[93.0056,23.7715]]],[[[93.2211,23.7976],[93.2149,23.7788],[93.1941,23.7789],[93.2222,23.7473],[93.2079,23.7165],[93.1802,23.7807],[93.1626,23.7533],[93.1367,23.7708],[93.1555,23.7793],[93.1451,23.8076],[93.1809,23.8192],[93.2032,23.8472],[93.2011,23.7975],[93.2211,23.7976]]],[[[93.3577,23.8111],[93.3638,23.8185],[93.3659,23.809],[93.3577,23.8111]]],[[[92.9499,23.862],[92.9583,23.8667],[92.9555,23.8576],[92.9499,23.862]]],[[[93.2945,24.084],[93.3004,24.0776],[93.2917,24.075],[93.2945,24.084]]],[[[93.1779,24.084],[93.1838,24.0776],[93.175,24.075],[93.1779,24.084]]],[[[93.2169,24.107],[93.2247,24.1011],[93.2167,24.1],[93.2169,24.107]]],[[[93.1332,24.112],[93.1417,24.1167],[93.1388,24.1076],[93.1332,24.112]]],[[[93.2256,24.1178],[93.2331,24.1106],[93.225,24.1083],[93.2256,24.1178]]],[[[93.2508,24.1302],[93.2441,24.125],[93.2417,24.1333],[93.2508,24.1302]]],[[[93.2325,24.1365],[93.2393,24.1417],[93.2417,24.1333],[93.2325,24.1365]]],[[[93.2648,24.1333],[93.2691,24.15],[93.2827,24.1375],[93.2648,24.1333]]],[[[93.0423,24.1576],[93.0512,24.154],[93.0417,24.15],[93.0423,24.1576]]],[[[93.2756,24.1656],[93.2795,24.1834],[93.2791,24.1582],[93.2756,24.1656]]],[[[93.2501,24.194],[93.2555,24.2018],[93.2577,24.1926],[93.2501,24.194]]],[[[92.9508,25.1718],[92.9441,25.1667],[92.9417,25.175],[92.9508,25.1718]]],[[[93.3327,25.1695],[93.3391,25.1754],[93.3417,25.1667],[93.3327,25.1695]]],[[[93.2911,25.1695],[93.2972,25.1768],[93.2992,25.1674],[93.2911,25.1695]]],[[[92.9325,25.1782],[92.9393,25.1834],[92.9417,25.175],[92.9325,25.1782]]],[[[93.3001,25.1857],[93.3055,25.1935],[93.3077,25.1843],[93.3001,25.1857]]],[[[92.9417,25.2167],[92.9568,25.2016],[92.9453,25.1924],[92.9417,25.2167]]],[[[92.9417,25.2167],[92.9175,25.2129],[92.9384,25.2239],[92.9417,25.2167]]],[[[92.9195,25.2424],[92.9254,25.236],[92.9167,25.2333],[92.9195,25.2424]]],[[[93.1032,27.1508],[93.1084,27.1441],[93.1,27.1417],[93.1032,27.1508]]],[[[93.6335,19.419],[93.6388,19.4268],[93.6411,19.4176],[93.6335,19.419]]],[[[93.6843,19.4259],[93.6878,19.4422],[93.6917,19.425],[93.6843,19.4259]]],[[[93.6174,19.4388],[93.611,19.4329],[93.6083,19.4417],[93.6174,19.4388]]],[[[93.6665,19.434],[93.6673,19.441],[93.6774,19.4375],[93.6665,19.434]]],[[[93.6491,19.448],[93.6448,19.4408],[93.6417,19.45],[93.6491,19.448]]],[[[93.5999,19.4468],[93.6083,19.4417],[93.5989,19.4456],[93.5999,19.4468]]],[[[93.6763,19.4549],[93.6794,19.4673],[93.6794,19.4493],[93.6763,19.4549]]],[[[93.691,19.4612],[93.6974,19.4671],[93.7,19.4583],[93.691,19.4612]]],[[[93.635,19.4547],[93.6112,19.4531],[93.6181,19.4805],[93.6417,19.475],[93.635,19.4547]]],[[[93.5407,19.4741],[93.5372,19.4578],[93.5333,19.475],[93.5407,19.4741]]],[[[93.5835,19.469],[93.5888,19.4768],[93.5911,19.4676],[93.5835,19.469]]],[[[93.559,19.4805],[93.5526,19.4746],[93.55,19.4833],[93.559,19.4805]]],[[[93.6448,19.4842],[93.65,19.4774],[93.6417,19.475],[93.6448,19.4842]]],[[[93.6744,19.4778],[93.6805,19.4852],[93.6826,19.4757],[93.6744,19.4778]]],[[[93.5661,19.4778],[93.5722,19.4852],[93.5742,19.4757],[93.5661,19.4778]]],[[[93.5256,19.4766],[93.5326,19.4904],[93.5333,19.475],[93.5256,19.4766]]],[[[93.5426,19.4837],[93.5493,19.4911],[93.55,19.4833],[93.5426,19.4837]]],[[[93.6077,19.4862],[93.6141,19.4921],[93.6167,19.4833],[93.6077,19.4862]]],[[[93.6596,19.4883],[93.6628,19.5007],[93.6628,19.4827],[93.6596,19.4883]]],[[[93.5342,19.4921],[93.541,19.4995],[93.5417,19.4917],[93.5342,19.4921]]],[[[93.6763,19.4966],[93.6794,19.509],[93.6794,19.491],[93.6763,19.4966]]],[[[93.5243,19.5029],[93.5307,19.5087],[93.5333,19.5],[93.5243,19.5029]]],[[[93.5085,19.5273],[93.5138,19.5352],[93.5161,19.526],[93.5085,19.5273]]],[[[93.65,19.55],[93.666,19.5374],[93.6542,19.5256],[93.6505,19.5328],[93.65,19.55]]],[[[93.6327,19.5361],[93.6388,19.5435],[93.6409,19.534],[93.6327,19.5361]]],[[[93.509,19.5471],[93.5026,19.5413],[93.5,19.55],[93.509,19.5471]]],[[[93.491,19.5529],[93.4974,19.5587],[93.5,19.55],[93.491,19.5529]]],[[[93.6646,19.565],[93.6439,19.5518],[93.6428,19.5636],[93.6646,19.565]]],[[[93.6161,19.5611],[93.6222,19.5685],[93.6242,19.559],[93.6161,19.5611]]],[[[93.6411,19.5778],[93.6472,19.5852],[93.6492,19.5757],[93.6411,19.5778]]],[[[93.6596,19.5799],[93.6628,19.5923],[93.6628,19.5743],[93.6596,19.5799]]],[[[93.634,19.6138],[93.6276,19.6079],[93.625,19.6167],[93.634,19.6138]]],[[[93.6062,19.6031],[93.6014,19.6129],[93.6132,19.6315],[93.6251,19.6171],[93.6062,19.6031]]],[[[93.6494,19.6278],[93.6555,19.6352],[93.6576,19.6257],[93.6494,19.6278]]],[[[93.6327,19.6278],[93.6388,19.6352],[93.6409,19.6257],[93.6327,19.6278]]],[[[93.5418,19.644],[93.5472,19.6518],[93.5494,19.6426],[93.5418,19.644]]],[[[93.5715,19.6434],[93.5685,19.6649],[93.5897,19.6651],[93.5893,19.6524],[93.5715,19.6434]]],[[[93.5001,19.6607],[93.5055,19.6685],[93.5077,19.6593],[93.5001,19.6607]]],[[[93.5592,19.6802],[93.5522,19.6755],[93.55,19.6833],[93.5592,19.6802]]],[[[93.4461,19.7402],[93.4985,19.7067],[93.5058,19.6779],[93.4204,19.7187],[93.4181,19.736],[93.437,19.7286],[93.4461,19.7402]]],[[[93.492,19.724],[93.5012,19.7206],[93.4917,19.7167],[93.492,19.724]]],[[[93.4769,19.7254],[93.4894,19.7331],[93.4917,19.725],[93.4769,19.7254]]],[[[93.466,19.7362],[93.4724,19.7421],[93.475,19.7333],[93.466,19.7362]]],[[[93.5285,19.6747],[93.5174,19.7077],[93.5471,19.7113],[93.5434,19.7459],[93.5796,19.764],[93.5978,19.7451],[93.5938,19.7792],[93.6392,19.8276],[93.645,19.8558],[93.6626,19.8567],[93.6504,19.8208],[93.6644,19.7973],[93.6147,19.712],[93.5888,19.7318],[93.5285,19.6747]],[[93.5594,19.7413],[93.5667,19.7333],[93.5663,19.7408],[93.5594,19.7413]],[[93.626,19.783],[93.6333,19.775],[93.6329,19.7824],[93.626,19.783]]],[[[93.5676,19.7671],[93.5743,19.7745],[93.575,19.7667],[93.5676,19.7671]]],[[[93.5859,19.8645],[93.5977,19.8191],[93.5533,19.7617],[93.5516,19.811],[93.5859,19.8645]]],[[[93.6051,19.8179],[93.6189,19.8548],[93.6293,19.8568],[93.6167,19.8083],[93.6051,19.8179]]],[[[93.5424,19.8314],[93.55,19.8417],[93.5458,19.8244],[93.5424,19.8314]]],[[[93.6004,19.8574],[93.6078,19.8507],[93.6,19.85],[93.6004,19.8574]]],[[[93.5572,19.8445],[93.5444,19.8561],[93.5725,19.8636],[93.575,19.8583],[93.5572,19.8445]]],[[[93.6341,19.8589],[93.6377,19.8678],[93.6417,19.8583],[93.6341,19.8589]]],[[[93.4501,19.944],[93.4555,19.9518],[93.4577,19.9426],[93.4501,19.944]]],[[[93.4022,19.9429],[93.407,19.9573],[93.4083,19.9417],[93.4022,19.9429]]],[[[93.5243,20.0029],[93.5307,20.0087],[93.5333,20.0],[93.5243,20.0029]]],[[[93.3668,20.0273],[93.3722,20.0352],[93.3744,20.026],[93.3668,20.0273]]],[[[93.4158,20.0356],[93.4025,20.0353],[93.3868,20.0733],[93.4083,20.0583],[93.4158,20.0356]]],[[[93.4115,20.0675],[93.4167,20.0607],[93.4083,20.0583],[93.4115,20.0675]]],[[[93.367,20.0786],[93.3749,20.0569],[93.3667,20.05],[93.367,20.0786]]],[[[93.4006,20.0826],[93.4095,20.079],[93.4,20.075],[93.4006,20.0826]]],[[[93.4256,20.0766],[93.4326,20.0904],[93.4333,20.075],[93.4256,20.0766]]],[[[93.3926,20.0837],[93.3993,20.0911],[93.4,20.0833],[93.3926,20.0837]]],[[[93.416,20.0945],[93.4224,20.1004],[93.425,20.0917],[93.416,20.0945]]],[[[93.4635,20.0992],[93.4611,20.1069],[93.4667,20.1083],[93.4635,20.0992]]],[[[93.4077,20.1195],[93.4138,20.1268],[93.4159,20.1174],[93.4077,20.1195]]],[[[93.4507,20.1305],[93.4443,20.1246],[93.4417,20.1333],[93.4507,20.1305]]],[[[93.4333,20.1384],[93.4417,20.1333],[93.4322,20.1373],[93.4333,20.1384]]],[[[93.442,20.149],[93.4512,20.1456],[93.4417,20.1417],[93.442,20.149]]],[[[93.4327,20.1529],[93.4391,20.1587],[93.4417,20.15],[93.4327,20.1529]]],[[[93.3756,20.2242],[93.3845,20.2206],[93.375,20.2167],[93.3756,20.2242]]],[[[93.3675,20.2256],[93.371,20.2345],[93.375,20.225],[93.3675,20.2256]]],[[[93.6751,20.8773],[93.6805,20.8852],[93.6827,20.876],[93.6751,20.8773]]],[[[93.4577,20.9529],[93.4641,20.9587],[93.4667,20.95],[93.4577,20.9529]]],[[[93.4789,21.0223],[93.504,20.9358],[93.4864,20.9613],[93.4789,21.0223]]],[[[93.6823,21.0057],[93.6669,21.0114],[93.6794,21.0244],[93.6823,21.0057]]],[[[93.4993,21.0612],[93.5057,21.0671],[93.5083,21.0583],[93.4993,21.0612]]],[[[93.5991,21.1314],[93.5948,21.1242],[93.5917,21.1333],[93.5991,21.1314]]],[[[93.6324,21.223],[93.6282,21.2158],[93.625,21.225],[93.6324,21.223]]],[[[93.5411,21.3945],[93.5472,21.4018],[93.5492,21.3924],[93.5411,21.3945]]],[[[93.4828,21.4422],[93.4883,21.4576],[93.5001,21.4419],[93.4828,21.4422]]],[[[93.4833,21.4583],[93.4761,21.4777],[93.4792,21.4834],[93.4833,21.4583]]],[[[93.4657,21.4991],[93.4622,21.4828],[93.4583,21.5],[93.4657,21.4991]]],[[[93.4509,21.5004],[93.4576,21.5078],[93.4583,21.5],[93.4509,21.5004]]],[[[93.4426,21.5093],[93.4462,21.5255],[93.45,21.5083],[93.4426,21.5093]]],[[[93.4457,21.5333],[93.4487,21.5499],[93.4584,21.546],[93.4457,21.5333]]],[[[93.4668,21.5607],[93.4722,21.5685],[93.4744,21.5593],[93.4668,21.5607]]],[[[93.3835,21.5857],[93.3888,21.5935],[93.3911,21.5843],[93.3835,21.5857]]],[[[93.4318,21.6065],[93.4282,21.5992],[93.425,21.6083],[93.4318,21.6065]]],[[[93.3835,21.8057],[93.3914,21.794],[93.3833,21.7917],[93.3835,21.8057]]],[[[93.3921,21.8158],[93.3997,21.8094],[93.3917,21.8083],[93.3921,21.8158]]],[[[93.4029,21.8257],[93.4088,21.8193],[93.4,21.8167],[93.4029,21.8257]]],[[[93.6918,21.944],[93.6972,21.9518],[93.6994,21.9426],[93.6918,21.944]]],[[[93.4259,22.1478],[93.4295,22.1667],[93.4291,22.1416],[93.4259,22.1478]]],[[[93.3589,22.1762],[93.3665,22.1689],[93.3583,22.1667],[93.3589,22.1762]]],[[[93.4258,22.1802],[93.4191,22.175],[93.4167,22.1833],[93.4258,22.1802]]],[[[93.4092,22.1837],[93.416,22.1911],[93.4167,22.1833],[93.4092,22.1837]]],[[[93.3993,22.1945],[93.4057,22.2004],[93.4083,22.1917],[93.3993,22.1945]]],[[[93.3588,22.2003],[93.3736,22.2214],[93.363,22.1938],[93.3588,22.2003]]],[[[93.3846,22.2299],[93.3878,22.2423],[93.3878,22.2243],[93.3846,22.2299]]],[[[93.6831,22.784],[93.684,22.791],[93.694,22.7875],[93.6831,22.784]]],[[[93.6585,22.8107],[93.6638,22.8185],[93.6661,22.8093],[93.6585,22.8107]]],[[[93.3679,22.9216],[93.3711,22.934],[93.3711,22.916],[93.3679,22.9216]]],[[[93.6885,22.9325],[93.6849,22.9399],[93.6917,22.9417],[93.6885,22.9325]]],[[[93.6591,22.9397],[93.6667,22.95],[93.6625,22.9327],[93.6591,22.9397]]],[[[93.3661,22.9528],[93.3722,22.9602],[93.3742,22.9507],[93.3661,22.9528]]],[[[93.6138,22.991],[93.6079,22.9974],[93.6167,23.0],[93.6138,22.991]]],[[[93.6171,23.0074],[93.6245,23.0007],[93.6167,23.0],[93.6171,23.0074]]],[[[93.6252,23.0153],[93.6331,23.0094],[93.625,23.0083],[93.6252,23.0153]]],[[[93.6242,23.0282],[93.631,23.0334],[93.6333,23.025],[93.6242,23.0282]]],[[[93.4099,23.1088],[93.4206,23.1153],[93.4257,23.1125],[93.4099,23.1088]]],[[[93.3834,23.2278],[93.3916,23.2134],[93.3833,23.2083],[93.3834,23.2278]]],[[[93.6085,23.219],[93.6138,23.2268],[93.6161,23.2176],[93.6085,23.219]]],[[[93.6758,23.2302],[93.6691,23.225],[93.6667,23.2333],[93.6758,23.2302]]],[[[93.6575,23.2365],[93.6643,23.2417],[93.6667,23.2333],[93.6575,23.2365]]],[[[93.3759,23.2343],[93.3795,23.2505],[93.3833,23.2333],[93.3759,23.2343]]],[[[93.3679,23.2633],[93.3711,23.2757],[93.3711,23.2577],[93.3679,23.2633]]],[[[93.3672,23.2981],[93.3714,23.3238],[93.3707,23.2841],[93.3672,23.2981]]],[[[93.6818,23.4315],[93.6782,23.4242],[93.675,23.4333],[93.6818,23.4315]]],[[[93.6092,23.4254],[93.616,23.4328],[93.6167,23.425],[93.6092,23.4254]]],[[[93.5992,23.4365],[93.606,23.4417],[93.6083,23.4333],[93.5992,23.4365]]],[[[93.5668,23.4523],[93.5722,23.4602],[93.5744,23.451],[93.5668,23.4523]]],[[[93.6592,23.5885],[93.6524,23.5833],[93.65,23.5917],[93.6592,23.5885]]],[[[93.6408,23.5948],[93.6476,23.6],[93.65,23.5917],[93.6408,23.5948]]],[[[93.6263,23.6049],[93.6294,23.6173],[93.6294,23.5993],[93.6263,23.6049]]],[[[93.6385,23.6242],[93.6338,23.6312],[93.6417,23.6333],[93.6385,23.6242]]],[[[93.6421,23.6475],[93.6581,23.6456],[93.6417,23.6333],[93.6421,23.6475]]],[[[93.6772,23.6464],[93.7036,23.6647],[93.7063,23.6629],[93.6958,23.6427],[93.6772,23.6464]]],[[[93.6327,23.6529],[93.6391,23.6587],[93.6417,23.65],[93.6327,23.6529]]],[[[93.6911,23.7445],[93.6972,23.7518],[93.6992,23.7424],[93.6911,23.7445]]],[[[93.3911,23.8111],[93.3972,23.8185],[93.3992,23.809],[93.3911,23.8111]]],[[[93.3638,23.8493],[93.3579,23.8557],[93.3667,23.8583],[93.3638,23.8493]]],[[[93.3669,23.8723],[93.3748,23.8606],[93.3667,23.8583],[93.3669,23.8723]]],[[[93.3593,23.8759],[93.3628,23.8922],[93.3667,23.875],[93.3593,23.8759]]],[[[93.3921,23.8917],[93.3963,23.9161],[93.396,23.8843],[93.3921,23.8917]]],[[[93.5737,24.0552],[93.5709,24.0255],[93.5667,24.0583],[93.5737,24.0552]]],[[[93.4324,24.0574],[93.4289,24.0411],[93.425,24.0583],[93.4324,24.0574]]],[[[93.419,24.0596],[93.4236,24.0739],[93.425,24.0583],[93.419,24.0596]]],[[[93.5751,24.0773],[93.5805,24.0852],[93.5827,24.076],[93.5751,24.0773]]],[[[93.5667,24.0583],[93.5444,24.0882],[93.554,24.1059],[93.5667,24.0583]]],[[[93.4093,24.0907],[93.4255,24.0872],[93.4083,24.0833],[93.4093,24.0907]]],[[[93.5583,24.1083],[93.5722,24.1147],[93.5755,24.1122],[93.5583,24.1083]]],[[[93.5779,24.2644],[93.5596,24.1766],[93.5641,24.1447],[93.5345,24.103],[93.5208,24.011],[93.5114,24.0873],[93.5779,24.2644]],[[93.549,24.142],[93.5417,24.15],[93.5421,24.1426],[93.549,24.142]]],[[[93.4763,24.1383],[93.4794,24.1507],[93.4794,24.1327],[93.4763,24.1383]]],[[[93.4579,24.1562],[93.4532,24.1492],[93.45,24.1583],[93.4579,24.1562]]],[[[93.5673,24.1576],[93.5762,24.154],[93.5667,24.15],[93.5673,24.1576]]],[[[93.5118,24.1597],[93.4948,24.1593],[93.4917,24.175],[93.505,24.1817],[93.5118,24.1597]]],[[[93.5695,24.1757],[93.5754,24.1693],[93.5667,24.1667],[93.5695,24.1757]]],[[[93.5085,24.194],[93.5138,24.2018],[93.5161,24.1926],[93.5085,24.194]]],[[[93.5779,24.209],[93.5838,24.2026],[93.575,24.2],[93.5779,24.209]]],[[[93.4782,24.2613],[93.4887,24.2721],[93.497,24.2559],[93.4836,24.2374],[93.4899,24.1782],[93.4786,24.1616],[93.4647,24.2047],[93.4512,24.2055],[93.4362,24.1721],[93.4468,24.1616],[93.4206,24.1196],[93.4153,24.1943],[93.3776,24.2303],[93.4209,24.2106],[93.4451,24.2385],[93.456,24.2286],[93.453,24.2635],[93.4793,24.2978],[93.4782,24.2613]]],[[[93.5971,24.2437],[93.5833,24.25],[93.6008,24.2463],[93.5971,24.2437]]],[[[93.5655,24.2706],[93.5749,24.2736],[93.575,24.2667],[93.5655,24.2706]]],[[[93.5779,24.284],[93.5838,24.2776],[93.575,24.275],[93.5779,24.284]]],[[[93.5911,24.2778],[93.5972,24.2852],[93.5992,24.2757],[93.5911,24.2778]]],[[[93.3744,24.2778],[93.3805,24.2852],[93.3826,24.2757],[93.3744,24.2778]]],[[[93.5585,24.2857],[93.5638,24.2935],[93.5661,24.2843],[93.5585,24.2857]]],[[[93.5835,24.294],[93.5888,24.3018],[93.5911,24.2926],[93.5835,24.294]]],[[[93.5835,24.3107],[93.5888,24.3185],[93.5911,24.3093],[93.5835,24.3107]]],[[[93.4837,24.2999],[93.4972,24.3391],[93.4988,24.3123],[93.4837,24.2999]]],[[[93.4994,24.3528],[93.5055,24.3602],[93.5076,24.3507],[93.4994,24.3528]]],[[[93.5085,24.369],[93.5138,24.3768],[93.5161,24.3676],[93.5085,24.369]]],[[[93.5168,24.4273],[93.5222,24.4352],[93.5244,24.426],[93.5168,24.4273]]],[[[93.5971,24.4326],[93.5913,24.4391],[93.6,24.4417],[93.5971,24.4326]]],[[[93.6032,24.4508],[93.6079,24.4438],[93.6,24.4417],[93.6032,24.4508]]],[[[93.5505,24.4752],[93.5567,24.4451],[93.5457,24.4196],[93.5361,24.4454],[93.5505,24.4752]]],[[[93.5805,24.4576],[93.5746,24.4641],[93.5833,24.4667],[93.5805,24.4576]]],[[[93.4818,24.4732],[93.4782,24.4658],[93.475,24.475],[93.4818,24.4732]]],[[[93.5835,24.4872],[93.5916,24.4717],[93.5833,24.4667],[93.5835,24.4872]]],[[[93.5408,24.4782],[93.5476,24.4834],[93.55,24.475],[93.5408,24.4782]]],[[[93.5994,24.4778],[93.6055,24.4852],[93.6076,24.4757],[93.5994,24.4778]]],[[[93.5585,24.489],[93.5666,24.4781],[93.5583,24.475],[93.5585,24.489]]],[[[93.5508,24.4968],[93.5441,24.4917],[93.5417,24.5],[93.5508,24.4968]]],[[[93.5928,24.4961],[93.6156,24.5137],[93.5917,24.4917],[93.5928,24.4961]]],[[[93.5325,24.5032],[93.5393,24.5084],[93.5417,24.5],[93.5325,24.5032]]],[[[93.5601,24.5043],[93.5718,24.5232],[93.5833,24.4917],[93.5694,24.4937],[93.5601,24.5043]]],[[[93.6342,24.5135],[93.6274,24.5083],[93.625,24.5167],[93.6342,24.5135]]],[[[93.6176,24.5171],[93.6243,24.5245],[93.625,24.5167],[93.6176,24.5171]]],[[[93.6252,24.532],[93.6331,24.5261],[93.625,24.525],[93.6252,24.532]]],[[[93.5779,24.534],[93.5838,24.5276],[93.575,24.525],[93.5779,24.534]]],[[[93.6467,24.519],[93.6357,24.5471],[93.6551,24.5487],[93.6467,24.519]]],[[[93.4918,24.569],[93.4972,24.5768],[93.4994,24.5676],[93.4918,24.569]]],[[[93.441,24.5945],[93.4474,24.6004],[93.45,24.5917],[93.441,24.5945]]],[[[93.5425,24.6552],[93.5357,24.65],[93.5333,24.6583],[93.5425,24.6552]]],[[[93.5259,24.6587],[93.5326,24.6661],[93.5333,24.6583],[93.5259,24.6587]]],[[[93.6827,24.6945],[93.6888,24.7018],[93.6909,24.6924],[93.6827,24.6945]]],[[[93.4529,24.8424],[93.4588,24.836],[93.45,24.8333],[93.4529,24.8424]]],[[[93.6612,24.859],[93.6671,24.8526],[93.6583,24.85],[93.6612,24.859]]],[[[93.53,25.0333],[93.5421,25.0412],[93.5501,25.0375],[93.53,25.0333]]],[[[93.5244,25.0695],[93.5305,25.0768],[93.5326,25.0674],[93.5244,25.0695]]],[[[93.3589,25.1076],[93.3678,25.104],[93.3583,25.1],[93.3589,25.1076]]],[[[93.4508,25.1089],[93.4544,25.1178],[93.4583,25.1083],[93.4508,25.1089]]],[[[93.5235,25.1315],[93.5198,25.1242],[93.5167,25.1333],[93.5235,25.1315]]],[[[93.4032,25.1341],[93.3923,25.1453],[93.3955,25.1577],[93.4083,25.15],[93.4032,25.1341]]],[[[93.4908,25.1615],[93.4976,25.1667],[93.5,25.1583],[93.4908,25.1615]]],[[[93.6503,25.1803],[93.6606,25.1834],[93.6744,25.1792],[93.6626,25.1674],[93.6503,25.1803]]],[[[93.5258,25.1756],[93.5294,25.1845],[93.5333,25.175],[93.5258,25.1756]]],[[[93.35,25.1667],[93.3686,25.2046],[93.373,25.2053],[93.35,25.1667]]],[[[93.5668,25.194],[93.5722,25.2018],[93.5744,25.1926],[93.5668,25.194]]],[[[93.5494,25.1945],[93.5555,25.2018],[93.5576,25.1924],[93.5494,25.1945]]],[[[93.3754,25.2158],[93.3831,25.2094],[93.375,25.2083],[93.3754,25.2158]]],[[[93.6818,25.2232],[93.6782,25.2158],[93.675,25.225],[93.6818,25.2232]]],[[[93.4445,25.2257],[93.4504,25.2193],[93.4417,25.2167],[93.4445,25.2257]]],[[[93.3834,25.2361],[93.3916,25.2217],[93.3833,25.2167],[93.3834,25.2361]]],[[[93.3945,25.2507],[93.4004,25.2443],[93.3917,25.2417],[93.3945,25.2507]]],[[[93.5922,25.2432],[93.5993,25.2571],[93.6,25.2417],[93.5922,25.2432]]],[[[93.5839,25.2599],[93.591,25.2737],[93.5917,25.2583],[93.5839,25.2599]]],[[[93.5718,25.2658],[93.5682,25.2732],[93.575,25.275],[93.5718,25.2658]]],[[[93.5756,25.2766],[93.5826,25.2904],[93.5833,25.275],[93.5756,25.2766]]],[[[93.5963,25.2845],[93.5764,25.3038],[93.5776,25.3059],[93.5989,25.297],[93.5963,25.2845]]],[[[93.5763,25.3299],[93.5794,25.3423],[93.5794,25.3243],[93.5763,25.3299]]],[[[93.6743,25.3862],[93.6807,25.3921],[93.6833,25.3833],[93.6743,25.3862]]],[[[93.5583,26.1],[93.5722,26.1063],[93.5755,26.1038],[93.5583,26.1]]],[[[93.5508,26.1635],[93.5441,26.1583],[93.5417,26.1667],[93.5508,26.1635]]],[[[93.5325,26.1698],[93.5395,26.1746],[93.5417,26.1667],[93.5325,26.1698]]],[[[93.4691,26.2011],[93.4722,26.2158],[93.4833,26.2],[93.4691,26.2011]]],[[[93.4751,26.2273],[93.4805,26.2352],[93.4827,26.226],[93.4751,26.2273]]],[[[93.5719,26.2408],[93.5695,26.2486],[93.575,26.25],[93.5719,26.2408]]],[[[93.4176,26.2921],[93.4243,26.2995],[93.425,26.2917],[93.4176,26.2921]]],[[[93.4077,26.3029],[93.4141,26.3087],[93.4167,26.3],[93.4077,26.3029]]],[[[93.5577,27.8112],[93.5641,27.8171],[93.5667,27.8083],[93.5577,27.8112]]],[[[93.6635,28.0158],[93.6599,28.0232],[93.6667,28.025],[93.6635,28.0158]]],[[[93.6714,28.0254],[93.6931,28.0332],[93.7001,28.0253],[93.6714,28.0254]]],[[[94.0423,18.8989],[94.0462,18.9167],[94.0457,18.8916],[94.0423,18.8989]]],[[[94.0499,19.0134],[94.0583,19.0083],[94.0489,19.0123],[94.0499,19.0134]]],[[[94.0391,19.03],[94.0417,19.025],[94.0386,19.0179],[94.0391,19.03]]],[[[94.0585,19.044],[94.0638,19.0518],[94.0661,19.0426],[94.0585,19.044]]],[[[93.9815,19.245],[93.9779,19.2485],[93.9833,19.25],[93.9815,19.245]]],[[[93.9865,19.2592],[93.9917,19.2524],[93.9833,19.25],[93.9865,19.2592]]],[[[93.9667,19.2583],[93.9656,19.2546],[93.9602,19.2581],[93.9667,19.2583]]],[[[93.9895,19.2821],[93.9847,19.2677],[93.9833,19.2833],[93.9895,19.2821]]],[[[93.9424,19.2805],[93.936,19.2746],[93.9333,19.2833],[93.9424,19.2805]]],[[[93.9243,19.2862],[93.9307,19.2921],[93.9333,19.2833],[93.9243,19.2862]]],[[[93.8492,19.2869],[93.8622,19.2939],[93.8656,19.2847],[93.8492,19.2869]]],[[[93.9621,19.2846],[93.961,19.2988],[93.9814,19.2984],[93.9833,19.2833],[93.9621,19.2846]]],[[[93.8205,19.2939],[93.8185,19.2924],[93.8181,19.2926],[93.8205,19.2939]]],[[[93.9418,19.294],[93.9472,19.3018],[93.9494,19.2926],[93.9418,19.294]]],[[[93.9862,19.309],[93.9921,19.3026],[93.9833,19.3],[93.9862,19.309]]],[[[93.9165,19.309],[93.9173,19.316],[93.9274,19.3125],[93.9165,19.309]]],[[[93.9827,19.3195],[93.9888,19.3268],[93.9909,19.3174],[93.9827,19.3195]]],[[[93.8638,19.3455],[93.8714,19.3115],[93.8545,19.3026],[93.8138,19.3224],[93.7586,19.3173],[93.7505,19.341],[93.8027,19.343],[93.8382,19.3775],[93.8638,19.3455]]],[[[93.9668,19.3523],[93.9722,19.3602],[93.9744,19.351],[93.9668,19.3523]]],[[[93.7728,19.3585],[93.7655,19.3661],[93.775,19.3667],[93.7728,19.3585]]],[[[93.9425,19.3805],[93.9804,19.3959],[93.9369,19.3361],[93.9274,19.3452],[93.9455,19.3685],[93.9425,19.3805]]],[[[93.9333,19.3718],[93.9417,19.3667],[93.9322,19.3706],[93.9333,19.3718]]],[[[93.9168,19.3773],[93.9222,19.3852],[93.9244,19.376],[93.9168,19.3773]]],[[[93.8668,19.394],[93.8722,19.4018],[93.8744,19.3926],[93.8668,19.394]]],[[[93.949,19.4167],[93.9193,19.3938],[93.8833,19.4167],[93.9305,19.439],[93.949,19.4167]]],[[[93.6978,19.4238],[93.6931,19.4094],[93.6917,19.425],[93.6978,19.4238]]],[[[93.7004,19.4324],[93.7081,19.4261],[93.7,19.425],[93.7004,19.4324]]],[[[93.9918,19.4357],[93.9972,19.4435],[93.9994,19.4343],[93.9918,19.4357]]],[[[93.959,19.4471],[93.9526,19.4413],[93.95,19.45],[93.959,19.4471]]],[[[93.9168,19.4523],[93.9222,19.4602],[93.9244,19.451],[93.9168,19.4523]]],[[[93.9422,19.4516],[93.9493,19.4654],[93.95,19.45],[93.9422,19.4516]]],[[[93.7257,19.4675],[93.7568,19.4343],[93.7798,19.4369],[93.7695,19.4544],[93.782,19.4554],[93.7903,19.409],[93.8113,19.4556],[93.8973,19.4448],[93.8806,19.419],[93.8293,19.4319],[93.847,19.413],[93.8272,19.4042],[93.8214,19.3768],[93.7795,19.3682],[93.7797,19.3976],[93.7028,19.4516],[93.7073,19.4946],[93.6755,19.5323],[93.6869,19.5569],[93.713,19.5383],[93.7032,19.527],[93.7398,19.4794],[93.7257,19.4675]]],[[[93.9659,19.4661],[93.9623,19.4572],[93.9583,19.4667],[93.9659,19.4661]]],[[[93.967,19.474],[93.9762,19.4706],[93.9667,19.4667],[93.967,19.474]]],[[[93.9509,19.4671],[93.9576,19.4745],[93.9583,19.4667],[93.9509,19.4671]]],[[[93.8577,19.4695],[93.8638,19.4768],[93.8659,19.4674],[93.8577,19.4695]]],[[[93.7994,19.4695],[93.8055,19.4768],[93.8076,19.4674],[93.7994,19.4695]]],[[[94.0168,19.469],[94.0222,19.4768],[94.0244,19.4676],[94.0168,19.469]]],[[[93.9593,19.4759],[93.9628,19.4922],[93.9667,19.475],[93.9593,19.4759]]],[[[93.8491,19.4843],[93.8328,19.4878],[93.85,19.4917],[93.8491,19.4843]]],[[[93.8532,19.5008],[93.8584,19.4941],[93.85,19.4917],[93.8532,19.5008]]],[[[93.9994,19.5028],[94.0055,19.5102],[94.0076,19.5007],[93.9994,19.5028]]],[[[93.9668,19.519],[93.9722,19.5268],[93.9744,19.5176],[93.9668,19.519]]],[[[93.8501,19.5273],[93.8555,19.5352],[93.8577,19.526],[93.8501,19.5273]]],[[[93.9253,19.5407],[93.9345,19.5373],[93.925,19.5333],[93.9253,19.5407]]],[[[93.7331,19.534],[93.734,19.541],[93.744,19.5375],[93.7331,19.534]]],[[[93.9327,19.5612],[93.9391,19.5671],[93.9417,19.5583],[93.9327,19.5612]]],[[[93.8081,19.584],[93.8081,19.5911],[93.819,19.5875],[93.8081,19.584]]],[[[93.7418,19.5857],[93.7472,19.5935],[93.7494,19.5843],[93.7418,19.5857]]],[[[93.8377,19.5834],[93.825,19.6],[93.8414,19.597],[93.8377,19.5834]]],[[[93.7635,19.5908],[93.7583,19.5976],[93.7667,19.6],[93.7635,19.5908]]],[[[93.7695,19.6078],[93.7916,19.6037],[93.7667,19.6],[93.7695,19.6078]]],[[[93.7251,19.6273],[93.7305,19.6352],[93.7327,19.626],[93.7251,19.6273]]],[[[93.791,19.6779],[93.7974,19.6837],[93.8,19.675],[93.791,19.6779]]],[[[93.7831,19.6923],[93.7831,19.6994],[93.794,19.6958],[93.7831,19.6923]]],[[[93.7397,19.699],[93.7488,19.7063],[93.7461,19.6844],[93.7397,19.699]]],[[[93.7787,19.74],[93.7827,19.7084],[93.7592,19.7149],[93.7787,19.74]]],[[[93.792,19.7323],[93.8012,19.729],[93.7917,19.725],[93.792,19.7323]]],[[[93.7489,19.7255],[93.7561,19.7331],[93.7583,19.725],[93.7489,19.7255]]],[[[93.766,19.7445],[93.7724,19.7504],[93.775,19.7417],[93.766,19.7445]]],[[[94.0407,19.773],[94.0365,19.7658],[94.0333,19.775],[94.0407,19.773]]],[[[93.7911,19.7778],[93.7972,19.7852],[93.7992,19.7757],[93.7911,19.7778]]],[[[93.7501,19.7857],[93.7555,19.7935],[93.7577,19.7843],[93.7501,19.7857]]],[[[93.7135,19.8075],[93.7083,19.8143],[93.7167,19.8167],[93.7135,19.8075]]],[[[93.7198,19.8258],[93.725,19.8191],[93.7167,19.8167],[93.7198,19.8258]]],[[[93.716,19.9029],[93.7224,19.9087],[93.725,19.9],[93.716,19.9029]]],[[[94.0157,20.348],[94.0115,20.3408],[94.0083,20.35],[94.0157,20.348]]],[[[94.041,20.3445],[94.0474,20.3504],[94.05,20.3417],[94.041,20.3445]]],[[[93.7074,20.4064],[93.7032,20.3992],[93.7,20.4083],[93.7074,20.4064]]],[[[94.0585,20.4107],[94.0638,20.4185],[94.0661,20.4093],[94.0585,20.4107]]],[[[93.9948,20.4342],[94.0,20.4274],[93.9917,20.425],[93.9948,20.4342]]],[[[93.9532,20.5008],[93.9584,20.4941],[93.95,20.4917],[93.9532,20.5008]]],[[[94.0096,20.5466],[94.0128,20.559],[94.0128,20.541],[94.0096,20.5466]]],[[[93.8425,20.5729],[93.8498,20.5811],[93.8459,20.566],[93.8425,20.5729]]],[[[94.0009,20.5728],[94.0045,20.5917],[94.0041,20.5666],[94.0009,20.5728]]],[[[93.8917,20.6083],[93.879,20.5838],[93.8764,20.6067],[93.8917,20.6083]]],[[[94.0494,20.5945],[94.0555,20.6018],[94.0576,20.5924],[94.0494,20.5945]]],[[[93.8917,20.6083],[93.9089,20.6122],[93.9012,20.6089],[93.8976,20.6084],[93.8952,20.6083],[93.8917,20.6083]]],[[[93.9342,20.6146],[93.9415,20.6228],[93.9375,20.6077],[93.9342,20.6146]]],[[[93.9811,20.633],[93.9969,20.6035],[93.9776,20.6041],[93.9811,20.633]]],[[[93.9218,20.6158],[93.9195,20.6236],[93.925,20.625],[93.9218,20.6158]]],[[[93.9839,20.6409],[93.9923,20.6369],[93.9833,20.6333],[93.9839,20.6409]]],[[[93.9276,20.6264],[93.9102,20.6436],[93.9111,20.6489],[93.9333,20.6417],[93.9276,20.6264]]],[[[93.9009,20.6504],[93.9076,20.6578],[93.9083,20.65],[93.9009,20.6504]]],[[[93.891,20.6612],[93.8974,20.6671],[93.9,20.6583],[93.891,20.6612]]],[[[93.9327,20.6779],[93.9391,20.6837],[93.9417,20.675],[93.9327,20.6779]]],[[[93.7243,20.7362],[93.7307,20.7421],[93.7333,20.7333],[93.7243,20.7362]]],[[[93.8835,20.7607],[93.8888,20.7685],[93.8911,20.7593],[93.8835,20.7607]]],[[[93.9081,20.7673],[93.9081,20.7744],[93.919,20.7708],[93.9081,20.7673]]],[[[93.7257,20.7971],[93.7193,20.7913],[93.7167,20.8],[93.7257,20.7971]]],[[[93.7092,20.8004],[93.716,20.8078],[93.7167,20.8],[93.7092,20.8004]]],[[[93.8577,20.8028],[93.8638,20.8102],[93.8659,20.8007],[93.8577,20.8028]]],[[[93.8218,20.8325],[93.8167,20.8393],[93.825,20.8417],[93.8218,20.8325]]],[[[93.8226,20.8624],[93.8217,20.8891],[93.8273,20.842],[93.8226,20.8624]]],[[[93.7822,20.9005],[93.7894,20.9081],[93.7917,20.9],[93.7822,20.9005]]],[[[93.8172,20.9349],[93.8243,20.9487],[93.825,20.9333],[93.8172,20.9349]]],[[[94.0635,20.9408],[94.0611,20.9486],[94.0667,20.95],[94.0635,20.9408]]],[[[93.7957,20.9504],[93.8041,20.9659],[93.8168,20.9503],[93.7957,20.9504]]],[[[93.7827,20.9612],[93.7891,20.9671],[93.7917,20.9583],[93.7827,20.9612]]],[[[93.8529,20.9924],[93.8588,20.986],[93.85,20.9833],[93.8529,20.9924]]],[[[93.9994,21.0195],[94.0055,21.0268],[94.0076,21.0174],[93.9994,21.0195]]],[[[94.016,21.0279],[94.0224,21.0337],[94.025,21.025],[94.016,21.0279]]],[[[94.0168,21.0523],[94.0222,21.0602],[94.0244,21.051],[94.0168,21.0523]]],[[[93.7997,21.0927],[93.7847,21.0955],[93.7996,21.1168],[93.7997,21.0927]]],[[[93.8032,21.1258],[93.8084,21.1191],[93.8,21.1167],[93.8032,21.1258]]],[[[93.7839,21.1322],[93.7879,21.1501],[93.7874,21.1249],[93.7839,21.1322]]],[[[93.7911,21.1611],[93.7972,21.1685],[93.7992,21.159],[93.7911,21.1611]]],[[[93.9968,21.3325],[93.9945,21.3402],[94.0,21.3417],[93.9968,21.3325]]],[[[94.0174,21.3388],[94.011,21.3329],[94.0083,21.3417],[94.0174,21.3388]]],[[[94.0008,21.3423],[94.0044,21.3512],[94.0083,21.3417],[94.0008,21.3423]]],[[[93.9885,21.3908],[93.9861,21.3986],[93.9917,21.4],[93.9885,21.3908]]],[[[94.0408,21.4698],[94.0476,21.475],[94.05,21.4667],[94.0408,21.4698]]],[[[94.0509,21.5004],[94.0576,21.5078],[94.0583,21.5],[94.0509,21.5004]]],[[[94.041,21.5112],[94.0474,21.5171],[94.05,21.5083],[94.041,21.5112]]],[[[93.9418,21.6107],[93.9472,21.6185],[93.9494,21.6093],[93.9418,21.6107]]],[[[93.9411,21.6611],[93.9472,21.6685],[93.9492,21.659],[93.9411,21.6611]]],[[[93.9577,21.7195],[93.9638,21.7268],[93.9659,21.7174],[93.9577,21.7195]]],[[[93.9635,21.7325],[93.9611,21.7402],[93.9667,21.7417],[93.9635,21.7325]]],[[[93.7585,21.7523],[93.7638,21.7602],[93.7661,21.751],[93.7585,21.7523]]],[[[93.9085,21.7607],[93.9138,21.7685],[93.9161,21.7593],[93.9085,21.7607]]],[[[93.749,21.7742],[93.7563,21.7823],[93.7548,21.767],[93.749,21.7742]]],[[[93.7552,21.7908],[93.7505,21.7978],[93.7583,21.8],[93.7552,21.7908]]],[[[93.9135,21.7992],[93.9111,21.8069],[93.9167,21.8083],[93.9135,21.7992]]],[[[93.7596,21.8062],[93.7739,21.8014],[93.7583,21.8],[93.7596,21.8062]]],[[[93.8592,21.8671],[93.866,21.8745],[93.8667,21.8667],[93.8592,21.8671]]],[[[93.8239,21.8922],[93.8311,21.8998],[93.8333,21.8917],[93.8239,21.8922]]],[[[93.7662,21.9093],[93.7583,21.9315],[93.7663,21.9418],[93.7662,21.9093]]],[[[93.7925,21.9396],[93.7998,21.9478],[93.7959,21.9327],[93.7925,21.9396]]],[[[93.7671,21.9491],[93.7745,21.9424],[93.7667,21.9417],[93.7671,21.9491]]],[[[93.7085,21.944],[93.7138,21.9518],[93.7161,21.9426],[93.7085,21.944]]],[[[93.7496,21.9505],[93.7628,21.9581],[93.7667,21.95],[93.7496,21.9505]]],[[[93.7774,21.9845],[93.7805,21.9992],[93.7917,21.9833],[93.7774,21.9845]]],[[[93.7577,22.0029],[93.7641,22.0087],[93.7667,22.0],[93.7577,22.0029]]],[[[93.7743,22.0779],[93.7807,22.0837],[93.7833,22.075],[93.7743,22.0779]]],[[[93.7168,22.1607],[93.7222,22.1685],[93.7244,22.1593],[93.7168,22.1607]]],[[[93.7332,22.1703],[93.7417,22.175],[93.7388,22.166],[93.7332,22.1703]]],[[[93.7325,22.1865],[93.7393,22.1917],[93.7417,22.1833],[93.7325,22.1865]]],[[[93.8009,22.3671],[93.8076,22.3745],[93.8083,22.3667],[93.8009,22.3671]]],[[[93.7501,22.3773],[93.7555,22.3852],[93.7577,22.376],[93.7501,22.3773]]],[[[93.7668,22.3773],[93.7722,22.3852],[93.7744,22.376],[93.7668,22.3773]]],[[[93.7853,22.3805],[93.7959,22.3988],[93.8072,22.3877],[93.8,22.375],[93.7853,22.3805]]],[[[93.8418,22.4107],[93.8472,22.4185],[93.8494,22.4093],[93.8418,22.4107]]],[[[93.8501,22.469],[93.8555,22.4768],[93.8577,22.4676],[93.8501,22.469]]],[[[93.866,22.5029],[93.8724,22.5087],[93.875,22.5],[93.866,22.5029]]],[[[93.8571,22.6552],[93.8542,22.6255],[93.85,22.6583],[93.8571,22.6552]]],[[[93.8416,22.6634],[93.85,22.6583],[93.8405,22.6623],[93.8416,22.6634]]],[[[93.7311,22.7835],[93.7239,22.7911],[93.7333,22.7917],[93.7311,22.7835]]],[[[93.7061,22.8835],[93.6989,22.8911],[93.7083,22.8917],[93.7061,22.8835]]],[[[93.9077,22.8862],[93.9141,22.8921],[93.9167,22.8833],[93.9077,22.8862]]],[[[93.8362,22.8924],[93.8421,22.886],[93.8333,22.8833],[93.8362,22.8924]]],[[[93.7244,22.9695],[93.7305,22.9768],[93.7326,22.9674],[93.7244,22.9695]]],[[[93.8966,22.9738],[93.8965,22.9902],[93.9083,22.9667],[93.8966,22.9738]]],[[[93.8918,23.0023],[93.8972,23.0102],[93.8994,23.001],[93.8918,23.0023]]],[[[93.9135,23.0575],[93.9111,23.0652],[93.9167,23.0667],[93.9135,23.0575]]],[[[93.8552,23.1242],[93.8528,23.1319],[93.8583,23.1333],[93.8552,23.1242]]],[[[93.8582,23.2453],[93.8667,23.25],[93.8638,23.241],[93.8582,23.2453]]],[[[93.8572,23.2589],[93.8644,23.2665],[93.8667,23.2583],[93.8572,23.2589]]],[[[93.8552,23.3575],[93.8528,23.3652],[93.8583,23.3667],[93.8552,23.3575]]],[[[93.8418,23.419],[93.8472,23.4268],[93.8494,23.4176],[93.8418,23.419]]],[[[93.8493,23.4445],[93.8557,23.4504],[93.8583,23.4417],[93.8493,23.4445]]],[[[93.8749,23.5287],[93.8833,23.5333],[93.8805,23.5243],[93.8749,23.5287]]],[[[93.8668,23.5773],[93.8722,23.5852],[93.8744,23.576],[93.8668,23.5773]]],[[[93.9907,23.6509],[93.9745,23.6545],[93.9917,23.6583],[93.9907,23.6509]]],[[[93.7179,23.6966],[93.7211,23.709],[93.7211,23.691],[93.7179,23.6966]]],[[[93.994,23.6587],[93.96,23.7038],[93.9539,23.747],[93.9993,23.6846],[93.994,23.6587]]],[[[93.9478,23.7169],[93.9405,23.7245],[93.95,23.725],[93.9478,23.7169]]],[[[93.7168,23.7273],[93.7222,23.7352],[93.7244,23.726],[93.7168,23.7273]]],[[[93.9335,23.7607],[93.9388,23.7685],[93.9411,23.7593],[93.9335,23.7607]]],[[[93.6971,23.766],[93.6913,23.7724],[93.7,23.775],[93.6971,23.766]]],[[[93.7004,23.7824],[93.7078,23.7757],[93.7,23.775],[93.7004,23.7824]]],[[[93.7088,23.7908],[93.7164,23.7844],[93.7083,23.7833],[93.7088,23.7908]]],[[[93.7169,23.8057],[93.7249,23.7947],[93.7167,23.7917],[93.7169,23.8057]]],[[[93.7077,23.8112],[93.7141,23.8171],[93.7167,23.8083],[93.7077,23.8112]]],[[[93.7085,23.8273],[93.7138,23.8352],[93.7161,23.826],[93.7085,23.8273]]],[[[93.9408,23.8532],[93.9476,23.8584],[93.95,23.85],[93.9408,23.8532]]],[[[93.9161,23.8528],[93.9222,23.8602],[93.9242,23.8507],[93.9161,23.8528]]],[[[93.9335,23.869],[93.9388,23.8768],[93.9411,23.8676],[93.9335,23.869]]],[[[93.9968,24.0158],[93.9917,24.0226],[94.0,24.025],[93.9968,24.0158]]],[[[94.0257,24.0305],[94.0193,24.0246],[94.0167,24.0333],[94.0257,24.0305]]],[[[94.0004,24.0324],[94.0078,24.0257],[94.0,24.025],[94.0004,24.0324]]],[[[94.0091,24.0339],[94.0132,24.0423],[94.0167,24.0333],[94.0091,24.0339]]],[[[94.0001,24.0523],[94.0055,24.0602],[94.0077,24.051],[94.0001,24.0523]]],[[[93.7167,24.8167],[93.7236,24.8321],[93.7327,24.8198],[93.7167,24.8167]]],[[[93.7252,24.8473],[93.7333,24.8364],[93.725,24.8333],[93.7252,24.8473]]],[[[93.7362,24.859],[93.7421,24.8526],[93.7333,24.85],[93.7362,24.859]]],[[[93.7029,24.984],[93.7088,24.9776],[93.7,24.975],[93.7029,24.984]]],[[[93.7092,25.0468],[93.7024,25.0417],[93.7,25.05],[93.7092,25.0468]]],[[[93.6908,25.0532],[93.6976,25.0584],[93.7,25.05],[93.6908,25.0532]]],[[[93.7835,25.119],[93.7888,25.1268],[93.7911,25.1176],[93.7835,25.119]]],[[[93.7824,25.1491],[93.7789,25.1328],[93.775,25.15],[93.7824,25.1491]]],[[[93.7658,25.1532],[93.7726,25.1584],[93.775,25.15],[93.7658,25.1532]]],[[[93.7845,25.1617],[93.8058,25.1804],[93.7833,25.15],[93.7845,25.1617]]],[[[93.7138,25.2493],[93.7079,25.2557],[93.7167,25.2583],[93.7138,25.2493]]],[[[93.7173,25.2659],[93.7262,25.2623],[93.7167,25.2583],[93.7173,25.2659]]],[[[93.7019,25.2671],[93.7144,25.2748],[93.7167,25.2667],[93.7019,25.2671]]],[[[93.7327,25.2695],[93.7388,25.2768],[93.7409,25.2674],[93.7327,25.2695]]],[[[93.7068,25.3232],[93.7032,25.3158],[93.7,25.325],[93.7068,25.3232]]],[[[93.8324,25.448],[93.8282,25.4408],[93.825,25.45],[93.8324,25.448]]],[[[93.8252,25.4653],[93.8331,25.4594],[93.825,25.4583],[93.8252,25.4653]]],[[[93.9327,25.4611],[93.9388,25.4685],[93.9409,25.459],[93.9327,25.4611]]],[[[93.8333,25.4667],[93.8466,25.4829],[93.8576,25.4794],[93.8333,25.4667]]],[[[93.8665,25.4793],[93.8785,25.4833],[93.8918,25.4793],[93.8833,25.475],[93.8665,25.4793]]],[[[93.8998,25.4793],[93.9118,25.4833],[93.9251,25.4793],[93.9167,25.475],[93.8998,25.4793]]],[[[93.7742,25.4911],[93.7706,25.4822],[93.7667,25.4917],[93.7742,25.4911]]],[[[93.7593,25.4926],[93.7628,25.5089],[93.7667,25.4917],[93.7593,25.4926]]],[[[93.7661,25.5278],[93.7722,25.5352],[93.7742,25.5257],[93.7661,25.5278]]],[[[94.0574,25.7314],[94.0532,25.7242],[94.05,25.7333],[94.0574,25.7314]]],[[[93.9718,25.7825],[93.9695,25.7902],[93.975,25.7917],[93.9718,25.7825]]],[[[94.0385,25.8325],[94.0361,25.8402],[94.0417,25.8417],[94.0385,25.8325]]],[[[93.7743,27.3612],[93.7807,27.3671],[93.7833,27.3583],[93.7743,27.3612]]],[[[93.9994,27.7861],[94.0055,27.7935],[94.0076,27.784],[93.9994,27.7861]]],[[[93.7092,28.0087],[93.716,28.0161],[93.7167,28.0083],[93.7092,28.0087]]],[[[94.0501,28.0107],[94.0555,28.0185],[94.0577,28.0093],[94.0501,28.0107]]],[[[93.7009,28.0171],[93.7076,28.0245],[93.7083,28.0167],[93.7009,28.0171]]],[[[94.0263,28.0299],[94.0294,28.0423],[94.0294,28.0243],[94.0263,28.0299]]],[[[94.0077,28.0361],[94.0138,28.0435],[94.0159,28.034],[94.0077,28.0361]]],[[[94.0451,28.1114],[94.0345,28.139],[94.0374,28.1479],[94.0667,28.1179],[94.0451,28.1114]]],[[[94.0243,28.1529],[94.0307,28.1587],[94.0333,28.15],[94.0243,28.1529]]],[[[94.0561,28.2919],[94.0489,28.2995],[94.0583,28.3],[94.0561,28.2919]]],[[[93.991,28.3695],[93.9974,28.3754],[94.0,28.3667],[93.991,28.3695]]],[[[94.0581,28.3756],[94.0581,28.3827],[94.069,28.3792],[94.0581,28.3756]]],[[[94.4052,15.8325],[94.4,15.8393],[94.4083,15.8417],[94.4052,15.8325]]],[[[94.4088,15.8491],[94.4161,15.8424],[94.4083,15.8417],[94.4088,15.8491]]],[[[94.4333,15.8917],[94.4174,15.8536],[94.4027,15.8973],[94.4333,15.8917]]],[[[94.4365,15.9008],[94.4417,15.8941],[94.4333,15.8917],[94.4365,15.9008]]],[[[94.4238,15.9148],[94.4397,15.9264],[94.45,15.9083],[94.4358,15.91],[94.4238,15.9148]]],[[[94.4635,15.9158],[94.4583,15.9226],[94.4667,15.925],[94.4635,15.9158]]],[[[94.4698,15.9342],[94.475,15.9274],[94.4667,15.925],[94.4698,15.9342]]],[[[94.4744,15.9611],[94.4805,15.9685],[94.4826,15.959],[94.4744,15.9611]]],[[[94.3827,15.9778],[94.3888,15.9852],[94.3909,15.9757],[94.3827,15.9778]]],[[[94.4501,15.9773],[94.4555,15.9852],[94.4577,15.976],[94.4501,15.9773]]],[[[94.4013,15.9799],[94.4044,15.9923],[94.4044,15.9743],[94.4013,15.9799]]],[[[94.3282,15.9821],[94.3221,15.9898],[94.3333,15.9917],[94.3282,15.9821]]],[[[94.2917,16.0],[94.2975,15.9931],[94.2956,15.9905],[94.2917,16.0]]],[[[94.4824,16.0064],[94.4782,15.9992],[94.475,16.0083],[94.4824,16.0064]]],[[[94.5001,16.0023],[94.5055,16.0102],[94.5077,16.001],[94.5001,16.0023]]],[[[94.4001,16.0023],[94.4055,16.0102],[94.4077,16.001],[94.4001,16.0023]]],[[[94.2263,16.3799],[94.2294,16.3923],[94.2294,16.3743],[94.2263,16.3799]]],[[[94.2411,16.5195],[94.2472,16.5268],[94.2492,16.5174],[94.2411,16.5195]]],[[[94.4591,17.1756],[94.4632,17.1839],[94.4667,17.175],[94.4591,17.1756]]],[[[94.4993,17.2945],[94.5057,17.3004],[94.5083,17.2917],[94.4993,17.2945]]],[[[94.5001,17.769],[94.5055,17.7768],[94.5077,17.7676],[94.5001,17.769]]],[[[94.4905,17.8755],[94.4978,17.8831],[94.5,17.875],[94.4905,17.8755]]],[[[94.4846,17.9049],[94.4878,17.9173],[94.4878,17.8993],[94.4846,17.9049]]],[[[94.4729,17.9718],[94.4703,17.9281],[94.45,17.9667],[94.4729,17.9718]]],[[[94.4835,17.9773],[94.4888,17.9852],[94.4911,17.976],[94.4835,17.9773]]],[[[94.459,18.1721],[94.4526,18.1663],[94.45,18.175],[94.459,18.1721]]],[[[94.45,18.175],[94.4376,18.1995],[94.4576,18.1961],[94.45,18.175]]],[[[94.2833,18.4833],[94.2891,18.4765],[94.2873,18.4738],[94.2833,18.4833]]],[[[94.2552,18.5158],[94.2528,18.5236],[94.2583,18.525],[94.2552,18.5158]]],[[[94.2468,18.6658],[94.2445,18.6736],[94.25,18.675],[94.2468,18.6658]]],[[[94.2001,18.7124],[94.2105,18.7243],[94.2158,18.7234],[94.2167,18.7083],[94.2001,18.7124]]],[[[94.2195,18.734],[94.2254,18.7276],[94.2167,18.725],[94.2195,18.734]]],[[[94.2302,18.7492],[94.225,18.756],[94.2333,18.7583],[94.2302,18.7492]]],[[[94.2339,18.7659],[94.2423,18.7619],[94.2333,18.7583],[94.2339,18.7659]]],[[[94.2243,18.7695],[94.2307,18.7754],[94.2333,18.7667],[94.2243,18.7695]]],[[[94.2668,18.8357],[94.2722,18.8435],[94.2744,18.8343],[94.2668,18.8357]]],[[[94.2251,18.844],[94.2305,18.8518],[94.2327,18.8426],[94.2251,18.844]]],[[[94.2494,18.8445],[94.2555,18.8518],[94.2576,18.8424],[94.2494,18.8445]]],[[[94.1411,18.8695],[94.1472,18.8768],[94.1492,18.8674],[94.1411,18.8695]]],[[[94.2676,18.8754],[94.2743,18.8828],[94.275,18.875],[94.2676,18.8754]]],[[[94.1918,18.8773],[94.1972,18.8852],[94.1994,18.876],[94.1918,18.8773]]],[[[94.0751,18.8857],[94.0805,18.8935],[94.0827,18.8843],[94.0751,18.8857]]],[[[94.0744,18.9028],[94.0805,18.9102],[94.0826,18.9007],[94.0744,18.9028]]],[[[94.1243,18.9445],[94.1307,18.9504],[94.1333,18.9417],[94.1243,18.9445]]],[[[94.1918,18.969],[94.1972,18.9768],[94.1994,18.9676],[94.1918,18.969]]],[[[94.1468,18.9825],[94.1445,18.9902],[94.15,18.9917],[94.1468,18.9825]]],[[[94.1081,18.984],[94.1081,18.9911],[94.119,18.9875],[94.1081,18.984]]],[[[94.0659,19.0078],[94.0619,18.9994],[94.0583,19.0083],[94.0659,19.0078]]],[[[94.0793,19.0023],[94.0635,19.0317],[94.0895,19.0122],[94.0793,19.0023]]],[[[94.0835,19.0273],[94.0888,19.0352],[94.0911,19.026],[94.0835,19.0273]]],[[[94.0918,19.044],[94.0972,19.0518],[94.0994,19.0426],[94.0918,19.044]]],[[[94.1085,19.0523],[94.1138,19.0602],[94.1161,19.051],[94.1085,19.0523]]],[[[94.1592,19.0837],[94.166,19.0911],[94.1667,19.0833],[94.1592,19.0837]]],[[[94.1676,19.0921],[94.1743,19.0995],[94.175,19.0917],[94.1676,19.0921]]],[[[94.1418,19.094],[94.1472,19.1018],[94.1494,19.0926],[94.1418,19.094]]],[[[94.1397,19.1242],[94.1376,19.1392],[94.15,19.1417],[94.1397,19.1242]]],[[[94.5009,19.1671],[94.5076,19.1745],[94.5083,19.1667],[94.5009,19.1671]]],[[[94.1161,19.1778],[94.1222,19.1852],[94.1242,19.1757],[94.1161,19.1778]]],[[[94.1327,19.1861],[94.1388,19.1935],[94.1409,19.184],[94.1327,19.1861]]],[[[94.1581,19.209],[94.1581,19.2161],[94.169,19.2125],[94.1581,19.209]]],[[[94.4743,19.2112],[94.4807,19.2171],[94.4833,19.2083],[94.4743,19.2112]]],[[[94.1001,19.2357],[94.1055,19.2435],[94.1077,19.2343],[94.1001,19.2357]]],[[[94.1135,19.2825],[94.1111,19.2902],[94.1167,19.2917],[94.1135,19.2825]]],[[[94.1546,19.3164],[94.1664,19.3046],[94.166,19.3032],[94.15,19.3],[94.1546,19.3164]]],[[[94.1032,19.3011],[94.0925,19.3085],[94.0956,19.3246],[94.1083,19.3167],[94.1032,19.3011]]],[[[94.1612,19.3257],[94.1671,19.3193],[94.1583,19.3167],[94.1612,19.3257]]],[[[94.1088,19.3238],[94.1283,19.3392],[94.1395,19.3296],[94.1247,19.3082],[94.1088,19.3238]]],[[[94.1302,19.3742],[94.1278,19.3819],[94.1333,19.3833],[94.1302,19.3742]]],[[[94.1244,19.4028],[94.1305,19.4102],[94.1326,19.4007],[94.1244,19.4028]]],[[[94.4741,19.4397],[94.4698,19.4325],[94.4667,19.4417],[94.4741,19.4397]]],[[[94.0751,19.4523],[94.0805,19.4602],[94.0827,19.451],[94.0751,19.4523]]],[[[94.0968,19.4575],[94.0945,19.4652],[94.1,19.4667],[94.0968,19.4575]]],[[[94.4491,19.623],[94.4448,19.6158],[94.4417,19.625],[94.4491,19.623]]],[[[94.4448,19.6508],[94.45,19.6441],[94.4417,19.6417],[94.4448,19.6508]]],[[[94.4029,19.659],[94.4088,19.6526],[94.4,19.65],[94.4029,19.659]]],[[[94.4157,19.6897],[94.4115,19.6825],[94.4083,19.6917],[94.4157,19.6897]]],[[[94.3257,19.7805],[94.3193,19.7746],[94.3167,19.7833],[94.3257,19.7805]]],[[[94.3667,19.775],[94.3806,19.7813],[94.3839,19.7788],[94.3667,19.775]]],[[[94.3092,19.7837],[94.316,19.7911],[94.3167,19.7833],[94.3092,19.7837]]],[[[94.2993,19.7945],[94.3057,19.8004],[94.3083,19.7917],[94.2993,19.7945]]],[[[94.4257,19.798],[94.4333,19.8083],[94.4292,19.791],[94.4257,19.798]]],[[[94.3257,19.7961],[94.3297,19.8243],[94.3333,19.7917],[94.3257,19.7961]]],[[[94.3885,19.8158],[94.3861,19.8236],[94.3917,19.825],[94.3885,19.8158]]],[[[94.3925,19.8256],[94.396,19.8345],[94.4,19.825],[94.3925,19.8256]]],[[[94.3489,19.904],[94.3582,19.907],[94.3583,19.9],[94.3489,19.904]]],[[[94.3591,19.9089],[94.3627,19.9178],[94.3667,19.9083],[94.3591,19.9089]]],[[[94.3327,19.9111],[94.3388,19.9185],[94.3409,19.909],[94.3327,19.9111]]],[[[94.2506,19.9409],[94.2595,19.9373],[94.25,19.9333],[94.2506,19.9409]]],[[[94.1926,20.2504],[94.1993,20.2578],[94.2,20.25],[94.1926,20.2504]]],[[[94.1827,20.2612],[94.1891,20.2671],[94.1917,20.2583],[94.1827,20.2612]]],[[[94.1552,20.2908],[94.1528,20.2986],[94.1583,20.3],[94.1552,20.2908]]],[[[94.1135,20.3158],[94.1111,20.3236],[94.1167,20.325],[94.1135,20.3158]]],[[[94.1243,20.3695],[94.1307,20.3754],[94.1333,20.3667],[94.1243,20.3695]]],[[[94.0763,20.4216],[94.0794,20.434],[94.0794,20.416],[94.0763,20.4216]]],[[[94.1085,20.4607],[94.1138,20.4685],[94.1161,20.4593],[94.1085,20.4607]]],[[[94.1324,20.848],[94.1282,20.8408],[94.125,20.85],[94.1324,20.848]]],[[[94.091,21.1029],[94.0974,21.1087],[94.1,21.1],[94.091,21.1029]]],[[[94.0744,21.1111],[94.0805,21.1185],[94.0826,21.109],[94.0744,21.1111]]],[[[94.0905,21.1589],[94.0978,21.1665],[94.1,21.1583],[94.0905,21.1589]]],[[[94.3583,21.7551],[94.3667,21.75],[94.3572,21.754],[94.3583,21.7551]]],[[[94.3328,22.2322],[94.3252,22.2394],[94.3333,22.2417],[94.3328,22.2322]]],[[[94.3529,22.2256],[94.354,22.2417],[94.3667,22.2291],[94.3529,22.2256]]],[[[94.3365,22.2508],[94.3412,22.2438],[94.3333,22.2417],[94.3365,22.2508]]],[[[94.3424,22.2647],[94.35,22.275],[94.3458,22.2577],[94.3424,22.2647]]],[[[94.3918,22.2773],[94.3972,22.2852],[94.3994,22.276],[94.3918,22.2773]]],[[[94.284,22.3485],[94.2917,22.3667],[94.2875,22.3416],[94.284,22.3485]]],[[[94.2496,22.6228],[94.2448,22.6158],[94.2417,22.625],[94.2496,22.6228]]],[[[94.266,22.6362],[94.2724,22.6421],[94.275,22.6333],[94.266,22.6362]]],[[[94.2135,22.6408],[94.2111,22.6486],[94.2167,22.65],[94.2135,22.6408]]],[[[94.2585,22.694],[94.2638,22.7018],[94.2661,22.6926],[94.2585,22.694]]],[[[94.2493,22.8029],[94.2557,22.8087],[94.2583,22.8],[94.2493,22.8029]]],[[[94.2032,22.8425],[94.2084,22.8357],[94.2,22.8333],[94.2032,22.8425]]],[[[94.0695,23.684],[94.0754,23.6776],[94.0667,23.675],[94.0695,23.684]]],[[[94.0635,23.7325],[94.0611,23.7402],[94.0667,23.7417],[94.0635,23.7325]]],[[[94.1168,24.1023],[94.1222,24.1102],[94.1244,24.101],[94.1168,24.1023]]],[[[94.1072,24.2339],[94.1144,24.2415],[94.1167,24.2333],[94.1072,24.2339]]],[[[94.1916,24.3468],[94.2,24.3417],[94.1905,24.3456],[94.1916,24.3468]]],[[[94.1825,24.3782],[94.1893,24.3834],[94.1917,24.375],[94.1825,24.3782]]],[[[94.2243,24.3945],[94.2307,24.4004],[94.2333,24.3917],[94.2243,24.3945]]],[[[94.2679,24.4549],[94.2711,24.4673],[94.2711,24.4493],[94.2679,24.4549]]],[[[94.2418,24.4857],[94.2472,24.4935],[94.2494,24.4843],[94.2418,24.4857]]],[[[94.2509,24.5009],[94.2545,24.5172],[94.2583,24.5],[94.2509,24.5009]]],[[[94.3083,24.5384],[94.3167,24.5333],[94.3072,24.5373],[94.3083,24.5384]]],[[[94.2835,24.5357],[94.2888,24.5435],[94.2911,24.5343],[94.2835,24.5357]]],[[[94.2513,24.5633],[94.2544,24.5757],[94.2544,24.5577],[94.2513,24.5633]]],[[[94.2493,24.6112],[94.2557,24.6171],[94.2583,24.6083],[94.2493,24.6112]]],[[[94.2676,24.6421],[94.2743,24.6495],[94.275,24.6417],[94.2676,24.6421]]],[[[94.2577,24.6529],[94.2641,24.6587],[94.2667,24.65],[94.2577,24.6529]]],[[[94.3228,24.6919],[94.3155,24.6995],[94.325,24.7],[94.3228,24.6919]]],[[[94.3905,24.7172],[94.3978,24.7248],[94.4,24.7167],[94.3905,24.7172]]],[[[94.416,24.7279],[94.4224,24.7337],[94.425,24.725],[94.416,24.7279]]],[[[94.3282,24.7675],[94.3334,24.7607],[94.325,24.7583],[94.3282,24.7675]]],[[[94.4831,24.7673],[94.484,24.7744],[94.494,24.7708],[94.4831,24.7673]]],[[[94.4155,24.7672],[94.4228,24.7748],[94.425,24.7667],[94.4155,24.7672]]],[[[94.2796,24.8474],[94.3083,24.7417],[94.2863,24.7445],[94.2811,24.7709],[94.2529,24.7864],[94.2738,24.789],[94.2796,24.8474]]],[[[94.4748,24.7923],[94.4748,24.7994],[94.4857,24.7958],[94.4748,24.7923]]],[[[94.4166,24.8134],[94.425,24.8083],[94.4155,24.8123],[94.4166,24.8134]]],[[[94.4009,24.8587],[94.4076,24.8661],[94.4083,24.8583],[94.4009,24.8587]]],[[[94.2751,24.8607],[94.2805,24.8685],[94.2827,24.8593],[94.2751,24.8607]]],[[[94.3751,24.869],[94.3805,24.8768],[94.3827,24.8676],[94.3751,24.869]]],[[[94.3926,24.8676],[94.3962,24.8839],[94.4,24.8667],[94.3926,24.8676]]],[[[94.3839,24.8989],[94.3879,24.9167],[94.3874,24.8916],[94.3839,24.8989]]],[[[94.3911,24.9278],[94.3972,24.9352],[94.3992,24.9257],[94.3911,24.9278]]],[[[94.4501,25.5357],[94.4555,25.5435],[94.4577,25.5343],[94.4501,25.5357]]],[[[94.4668,25.569],[94.4722,25.5768],[94.4744,25.5676],[94.4668,25.569]]],[[[94.4918,25.6023],[94.4972,25.6102],[94.4994,25.601],[94.4918,25.6023]]],[[[94.2161,25.6695],[94.2222,25.6768],[94.2242,25.6674],[94.2161,25.6695]]],[[[94.4911,25.7028],[94.4972,25.7102],[94.4992,25.7007],[94.4911,25.7028]]],[[[94.2411,25.7155],[94.2336,25.7228],[94.2417,25.725],[94.2411,25.7155]]],[[[94.2674,25.7305],[94.261,25.7246],[94.2583,25.7333],[94.2674,25.7305]]],[[[94.2421,25.7324],[94.2495,25.7257],[94.2417,25.725],[94.2421,25.7324]]],[[[94.4846,25.7383],[94.4878,25.7507],[94.4878,25.7327],[94.4846,25.7383]]],[[[94.2506,25.7349],[94.2576,25.7487],[94.2583,25.7333],[94.2506,25.7349]]],[[[94.2585,25.764],[94.2666,25.7531],[94.2583,25.75],[94.2585,25.764]]],[[[94.2001,25.7607],[94.2055,25.7685],[94.2077,25.7593],[94.2001,25.7607]]],[[[94.2263,25.7716],[94.2294,25.784],[94.2294,25.766],[94.2263,25.7716]]],[[[94.2669,25.7807],[94.2748,25.769],[94.2667,25.7667],[94.2669,25.7807]]],[[[94.2552,25.7825],[94.25,25.7893],[94.2583,25.7917],[94.2552,25.7825]]],[[[94.2991,25.7897],[94.2948,25.7825],[94.2917,25.7917],[94.2991,25.7897]]],[[[94.2615,25.8008],[94.2667,25.7941],[94.2583,25.7917],[94.2615,25.8008]]],[[[94.2668,25.8107],[94.2722,25.8185],[94.2744,25.8093],[94.2668,25.8107]]],[[[94.2494,25.8111],[94.2555,25.8185],[94.2576,25.809],[94.2494,25.8111]]],[[[94.3327,25.8111],[94.3388,25.8185],[94.3409,25.809],[94.3327,25.8111]]],[[[94.0824,25.823],[94.0782,25.8158],[94.075,25.825],[94.0824,25.823]]],[[[94.3241,25.823],[94.3198,25.8158],[94.3167,25.825],[94.3241,25.823]]],[[[94.291,25.8362],[94.2974,25.8421],[94.3,25.8333],[94.291,25.8362]]],[[[94.3459,25.8268],[94.3431,25.8584],[94.3566,25.8371],[94.3459,25.8268]]],[[[94.3824,25.8647],[94.3782,25.8575],[94.375,25.8667],[94.3824,25.8647]]],[[[94.3921,25.9005],[94.375,25.9083],[94.3763,25.9137],[94.3902,25.915],[94.3921,25.9005]]],[[[94.2802,25.9075],[94.275,25.9143],[94.2833,25.9167],[94.2802,25.9075]]],[[[94.2838,25.9241],[94.2911,25.9174],[94.2833,25.9167],[94.2838,25.9241]]],[[[94.3948,25.9258],[94.4,25.9191],[94.3917,25.9167],[94.3948,25.9258]]],[[[94.3782,25.9342],[94.3834,25.9274],[94.375,25.925],[94.3782,25.9342]]],[[[94.2501,25.9273],[94.2555,25.9352],[94.2577,25.926],[94.2501,25.9273]]],[[[94.2759,25.9259],[94.2795,25.9422],[94.2833,25.925],[94.2759,25.9259]]],[[[94.383,25.9446],[94.3667,25.95],[94.3794,25.9583],[94.383,25.9446]]],[[[94.3929,25.9466],[94.3961,25.959],[94.3961,25.941],[94.3929,25.9466]]],[[[94.4508,25.9802],[94.4439,25.9755],[94.4417,25.9833],[94.4508,25.9802]]],[[[94.4283,25.9759],[94.426,25.9891],[94.4381,25.9993],[94.4417,25.9833],[94.4283,25.9759]]],[[[94.109,27.5055],[94.1026,27.4996],[94.1,27.5083],[94.109,27.5055]]],[[[94.0802,27.4992],[94.0778,27.5069],[94.0833,27.5083],[94.0802,27.4992]]],[[[94.1241,27.5147],[94.1198,27.5075],[94.1167,27.5167],[94.1241,27.5147]]],[[[94.0853,27.5087],[94.0977,27.5164],[94.1,27.5083],[94.0853,27.5087]]],[[[94.1385,27.5158],[94.1361,27.5236],[94.1417,27.525],[94.1385,27.5158]]],[[[94.0993,27.5612],[94.1057,27.5671],[94.1083,27.5583],[94.0993,27.5612]]],[[[94.3425,27.5673],[94.346,27.5762],[94.35,27.5667],[94.3425,27.5673]]],[[[94.5006,27.6826],[94.5095,27.679],[94.5,27.675],[94.5006,27.6826]]],[[[94.2992,27.7948],[94.306,27.8],[94.3083,27.7917],[94.2992,27.7948]]],[[[94.1418,27.794],[94.1472,27.8018],[94.1494,27.7926],[94.1418,27.794]]],[[[94.316,27.8029],[94.3224,27.8087],[94.325,27.8],[94.316,27.8029]]],[[[94.2168,27.8107],[94.2222,27.8185],[94.2244,27.8093],[94.2168,27.8107]]],[[[94.3166,27.8203],[94.325,27.825],[94.3221,27.816],[94.3166,27.8203]]],[[[94.4496,27.8562],[94.4448,27.8492],[94.4417,27.8583],[94.4496,27.8562]]],[[[94.4918,27.8523],[94.4972,27.8602],[94.4994,27.851],[94.4918,27.8523]]],[[[94.2327,27.8695],[94.2391,27.8754],[94.2417,27.8667],[94.2327,27.8695]]],[[[94.3905,27.879],[94.3999,27.882],[94.4,27.875],[94.3905,27.879]]],[[[94.1161,27.9111],[94.1222,27.9185],[94.1242,27.909],[94.1161,27.9111]]],[[[94.4746,27.9228],[94.4698,27.9158],[94.4667,27.925],[94.4746,27.9228]]],[[[94.1985,27.9315],[94.1948,27.9242],[94.1917,27.9333],[94.1985,27.9315]]],[[[94.3587,27.9407],[94.3678,27.9373],[94.3583,27.9333],[94.3587,27.9407]]],[[[94.3907,27.9593],[94.3745,27.9628],[94.3917,27.9667],[94.3907,27.9593]]],[[[94.3948,27.9758],[94.3996,27.9688],[94.3917,27.9667],[94.3948,27.9758]]],[[[94.4342,27.9837],[94.441,27.9911],[94.4417,27.9833],[94.4342,27.9837]]],[[[94.1718,27.9992],[94.1682,28.0065],[94.175,28.0083],[94.1718,27.9992]]],[[[94.4993,28.0029],[94.5057,28.0087],[94.5083,28.0],[94.4993,28.0029]]],[[[94.1218,28.0158],[94.1182,28.0232],[94.125,28.025],[94.1218,28.0158]]],[[[94.4325,28.0282],[94.4393,28.0334],[94.4417,28.025],[94.4325,28.0282]]],[[[94.4822,28.0422],[94.4894,28.0498],[94.4917,28.0417],[94.4822,28.0422]]],[[[94.2335,28.069],[94.2388,28.0768],[94.2411,28.0676],[94.2335,28.069]]],[[[94.3502,28.0807],[94.3583,28.0697],[94.35,28.0667],[94.3502,28.0807]]],[[[94.4655,28.0755],[94.4728,28.0831],[94.475,28.075],[94.4655,28.0755]]],[[[94.3589,28.0909],[94.3678,28.0873],[94.3583,28.0833],[94.3589,28.0909]]],[[[94.3492,28.0948],[94.356,28.1],[94.3583,28.0917],[94.3492,28.0948]]],[[[94.4758,28.1052],[94.4691,28.1],[94.4667,28.1083],[94.4758,28.1052]]],[[[94.4575,28.1115],[94.4643,28.1167],[94.4667,28.1083],[94.4575,28.1115]]],[[[94.0667,28.1167],[94.0986,28.1202],[94.0679,28.1121],[94.0667,28.1167]]],[[[94.1756,28.1242],[94.1845,28.1206],[94.175,28.1167],[94.1756,28.1242]]],[[[94.1325,28.1865],[94.1393,28.1917],[94.1417,28.1833],[94.1325,28.1865]]],[[[94.2235,28.2315],[94.2198,28.2242],[94.2167,28.2333],[94.2235,28.2315]]],[[[94.1033,28.225],[94.0913,28.2329],[94.1083,28.2333],[94.1033,28.225]]],[[[94.1529,28.284],[94.1588,28.2776],[94.15,28.275],[94.1529,28.284]]],[[[94.9074,15.9147],[94.9032,15.9075],[94.9,15.9167],[94.9074,15.9147]]],[[[94.9176,15.9171],[94.9243,15.9245],[94.925,15.9167],[94.9176,15.9171]]],[[[94.5667,15.95],[94.6115,15.9632],[94.6217,15.9559],[94.5948,15.9343],[94.569,15.9377],[94.5667,15.95]]],[[[94.5577,15.9529],[94.5641,15.9587],[94.5667,15.95],[94.5577,15.9529]]],[[[94.6335,15.9607],[94.6388,15.9685],[94.6411,15.9593],[94.6335,15.9607]]],[[[95.0474,16.2309],[95.0468,16.1774],[95.0625,16.2222],[95.1096,16.2159],[95.1334,16.1564],[95.1226,16.1191],[95.051,16.0363],[95.074,15.9651],[95.0532,15.9636],[95.0658,15.9406],[95.0426,15.9153],[95.0633,15.9215],[95.0646,15.894],[95.0044,15.8898],[95.0045,15.8681],[95.0289,15.86],[95.0198,15.8733],[95.0427,15.8828],[95.0473,15.8613],[94.9846,15.8445],[95.0383,15.831],[95.0195,15.8206],[95.0329,15.795],[94.9863,15.7803],[94.9885,15.7596],[94.9558,15.7417],[94.8553,15.7595],[94.8362,15.7762],[94.8511,15.8051],[94.8905,15.8222],[94.8784,15.8883],[94.9389,15.8932],[94.919,15.9042],[94.9387,15.9115],[94.9392,15.9296],[94.921,15.931],[94.8876,15.9111],[94.8262,15.9195],[94.8289,15.9024],[94.8646,15.8959],[94.8791,15.8274],[94.8459,15.827],[94.8365,15.8557],[94.8125,15.785],[94.7426,15.7949],[94.7346,15.8211],[94.7941,15.9225],[94.8889,16.0033],[94.8583,16.1147],[94.8855,16.1812],[94.9477,16.1939],[95.0,16.2324],[95.0046,16.2192],[95.0474,16.2309]],[[95.0329,16.1741],[95.0253,16.1678],[95.0333,16.1667],[95.0329,16.1741]],[[95.0657,16.167],[95.0583,16.175],[95.0588,16.1676],[95.0657,16.167]],[[95.0149,16.1334],[95.0251,16.148],[95.0128,16.1647],[94.9998,16.1412],[95.0149,16.1334]],[[95.0449,16.1501],[95.0557,16.1581],[95.0417,16.1583],[95.0449,16.1501]],[[95.0863,16.1477],[95.0985,16.1109],[95.1053,16.1475],[95.0863,16.1477]],[[95.0461,16.1164],[95.0284,16.1087],[95.05,16.1083],[95.0461,16.1164]],[[95.066,16.1173],[95.0583,16.125],[95.0588,16.1176],[95.066,16.1173]],[[95.0413,16.1324],[95.0339,16.1257],[95.0417,16.125],[95.0413,16.1324]],[[94.9504,16.0926],[94.9578,16.0993],[94.95,16.1],[94.9504,16.0926]],[[94.9256,16.0985],[94.9327,16.085],[94.9316,16.0996],[94.9256,16.0985]],[[95.0031,16.0417],[95.014,16.0498],[95.0,16.05],[95.0031,16.0417]],[[95.016,16.0173],[95.0083,16.025],[95.0088,16.0176],[95.016,16.0173]],[[95.0024,16.0002],[95.0147,16.008],[95.0,16.0083],[95.0024,16.0002]],[[94.9525,15.9998],[94.9366,15.9854],[94.9734,15.9969],[94.9525,15.9998]],[[94.9163,15.9991],[94.9089,15.9924],[94.9167,15.9917],[94.9163,15.9991]],[[94.9833,15.9583],[94.9902,15.9601],[94.9894,15.974],[94.9833,15.9583]],[[94.9288,15.9724],[94.9534,15.9358],[94.9716,15.9353],[94.9556,15.9553],[94.9288,15.9724]],[[95.0511,15.9419],[95.057,15.9498],[95.05,15.95],[95.0511,15.9419]],[[95.0085,15.9277],[95.0164,15.9394],[95.0083,15.9417],[95.0085,15.9277]],[[94.9838,15.9176],[94.9914,15.9239],[94.9833,15.925],[94.9838,15.9176]],[[95.0254,15.9092],[95.0328,15.916],[95.025,15.9167],[95.0254,15.9092]],[[94.8488,15.9394],[94.8346,15.9432],[94.8486,15.9344],[94.8488,15.9394]],[[94.8928,15.9419],[94.8987,15.9498],[94.8917,15.95],[94.8928,15.9419]],[[94.816,15.9006],[94.8083,15.9083],[94.8088,15.9009],[94.816,15.9006]],[[94.8361,15.8776],[94.8562,15.8728],[94.8352,15.8898],[94.8361,15.8776]],[[94.791,15.8423],[94.7833,15.85],[94.7838,15.8426],[94.791,15.8423]],[[94.7726,15.8142],[94.774,15.835],[94.7699,15.8394],[94.75,15.807],[94.7726,15.8142]],[[94.7988,15.8235],[94.7897,15.8325],[94.784,15.8302],[94.7865,15.8172],[94.7988,15.8235]],[[94.7994,15.7923],[94.7917,15.8],[94.7921,15.7926],[94.7994,15.7923]],[[94.9494,15.8715],[94.9632,15.8606],[94.9535,15.8808],[94.9807,15.8799],[94.9546,15.897],[94.9494,15.8715]],[[94.9256,15.866],[94.9333,15.8583],[94.9329,15.8658],[94.9256,15.866]],[[94.9136,15.8702],[94.9021,15.8803],[94.9028,15.852],[94.9136,15.8702]],[[94.9261,15.8253],[94.9324,15.8329],[94.925,15.8333],[94.9261,15.8253]],[[94.9838,15.8176],[94.9911,15.8243],[94.9833,15.825],[94.9838,15.8176]],[[94.9072,15.8247],[94.9009,15.8171],[94.9083,15.8167],[94.9072,15.8247]],[[95.0756,16.191],[95.0833,16.1833],[95.0829,16.1908],[95.0756,16.191]]],[[[94.7673,16.0409],[94.7762,16.0373],[94.7667,16.0333],[94.7673,16.0409]]],[[[94.6257,16.0555],[94.6193,16.0496],[94.6167,16.0583],[94.6257,16.0555]]],[[[94.5507,16.0721],[94.5443,16.0663],[94.5417,16.075],[94.5507,16.0721]]],[[[94.6313,16.0791],[94.5698,16.0015],[94.4978,16.0169],[94.4528,16.0041],[94.497,16.0619],[94.5186,16.121],[94.5852,16.1982],[94.6432,16.2407],[94.666,16.2013],[94.6571,16.1471],[94.6313,16.0791]],[[94.5192,16.0684],[94.5363,16.0522],[94.5545,16.06],[94.5563,16.097],[94.5192,16.0684]],[[94.6012,16.0759],[94.6078,16.0902],[94.6018,16.0913],[94.6012,16.0759]],[[94.5844,16.0747],[94.5917,16.0667],[94.5913,16.0741],[94.5844,16.0747]],[[94.5746,16.1241],[94.5672,16.1174],[94.575,16.1167],[94.5746,16.1241]],[[94.6054,16.1413],[94.5879,16.1427],[94.5923,16.1198],[94.6054,16.1276],[94.6054,16.1413]],[[94.627,16.118],[94.6234,16.1401],[94.6184,16.1403],[94.627,16.118]],[[94.5677,16.1413],[94.575,16.1333],[94.5746,16.1408],[94.5677,16.1413]],[[94.626,16.1663],[94.6333,16.1583],[94.6329,16.1658],[94.626,16.1663]],[[94.6427,16.1913],[94.65,16.1833],[94.6496,16.1908],[94.6427,16.1913]],[[94.6177,16.2163],[94.625,16.2083],[94.6246,16.2158],[94.6177,16.2163]]],[[[94.5925,16.1256],[94.5965,16.1339],[94.6,16.125],[94.5925,16.1256]]],[[[94.6827,16.1945],[94.6891,16.2004],[94.6917,16.1917],[94.6827,16.1945]]],[[[95.0112,16.2757],[95.0171,16.2693],[95.0083,16.2667],[95.0112,16.2757]]],[[[95.0092,16.2896],[95.0165,16.2978],[95.0125,16.2827],[95.0092,16.2896]]],[[[94.6918,16.3773],[94.6972,16.3852],[94.6994,16.376],[94.6918,16.3773]]],[[[95.0175,16.392],[95.0345,16.4],[95.0417,16.392],[95.0175,16.392]]],[[[95.0241,16.4093],[95.0078,16.4128],[95.025,16.4167],[95.0241,16.4093]]],[[[95.0168,16.4357],[95.0222,16.4435],[95.0244,16.4343],[95.0168,16.4357]]],[[[95.0085,16.5273],[95.0138,16.5352],[95.0161,16.526],[95.0085,16.5273]]],[[[95.0161,16.6695],[95.0222,16.6768],[95.0242,16.6674],[95.0161,16.6695]]],[[[95.0244,16.8028],[95.0305,16.8102],[95.0326,16.8007],[95.0244,16.8028]]],[[[95.0168,16.8273],[95.0222,16.8352],[95.0244,16.826],[95.0168,16.8273]]],[[[94.9585,16.894],[94.9638,16.9018],[94.9661,16.8926],[94.9585,16.894]]],[[[95.0112,16.909],[95.0171,16.9026],[95.0083,16.9],[95.0112,16.909]]],[[[94.9218,16.9158],[94.9167,16.9226],[94.925,16.925],[94.9218,16.9158]]],[[[94.9577,16.9195],[94.9638,16.9268],[94.9659,16.9174],[94.9577,16.9195]]],[[[94.9282,16.9342],[94.9334,16.9274],[94.925,16.925],[94.9282,16.9342]]],[[[94.9522,16.9335],[94.9605,16.9409],[94.9673,16.9375],[94.9522,16.9335]]],[[[95.0085,16.944],[95.0138,16.9518],[95.0161,16.9426],[95.0085,16.944]]],[[[95.0259,17.0587],[95.0326,17.0661],[95.0333,17.0583],[95.0259,17.0587]]],[[[95.0249,17.1301],[95.0333,17.125],[95.0239,17.129],[95.0249,17.1301]]],[[[95.0085,17.1773],[95.0138,17.1852],[95.0161,17.176],[95.0085,17.1773]]],[[[94.9029,17.1924],[94.9088,17.186],[94.9,17.1833],[94.9029,17.1924]]],[[[94.9072,17.2123],[94.9165,17.2153],[94.9167,17.2083],[94.9072,17.2123]]],[[[94.5327,17.3112],[94.5391,17.3171],[94.5417,17.3083],[94.5327,17.3112]]],[[[94.9849,17.3714],[94.9917,17.3833],[94.9982,17.3646],[94.9849,17.3714]]],[[[94.5679,17.3716],[94.5711,17.384],[94.5711,17.366],[94.5679,17.3716]]],[[[94.5759,17.6337],[94.5826,17.6411],[94.5833,17.6333],[94.5759,17.6337]]],[[[94.8577,18.0029],[94.8641,18.0087],[94.8667,18.0],[94.8577,18.0029]]],[[[94.8532,18.1175],[94.8584,18.1107],[94.85,18.1083],[94.8532,18.1175]]],[[[94.8343,18.1093],[94.8378,18.1255],[94.8417,18.1083],[94.8343,18.1093]]],[[[94.8168,18.1607],[94.8222,18.1685],[94.8244,18.1593],[94.8168,18.1607]]],[[[94.891,18.2695],[94.8974,18.2754],[94.9,18.2667],[94.891,18.2695]]],[[[94.9077,18.2779],[94.9141,18.2837],[94.9167,18.275],[94.9077,18.2779]]],[[[94.7009,18.3004],[94.7076,18.3078],[94.7083,18.3],[94.7009,18.3004]]],[[[94.691,18.3112],[94.6974,18.3171],[94.7,18.3083],[94.691,18.3112]]],[[[94.8091,18.3339],[94.8127,18.3428],[94.8167,18.3333],[94.8091,18.3339]]],[[[94.8091,18.3814],[94.8167,18.3917],[94.8125,18.3744],[94.8091,18.3814]]],[[[94.7532,18.4508],[94.7584,18.4441],[94.75,18.4417],[94.7532,18.4508]]],[[[94.7827,18.6445],[94.7891,18.6504],[94.7917,18.6417],[94.7827,18.6445]]],[[[94.7365,18.6675],[94.7417,18.6607],[94.7333,18.6583],[94.7365,18.6675]]],[[[94.7241,18.7064],[94.7198,18.6992],[94.7167,18.7083],[94.7241,18.7064]]],[[[94.716,18.8112],[94.7224,18.8171],[94.725,18.8083],[94.716,18.8112]]],[[[94.716,18.8695],[94.7224,18.8754],[94.725,18.8667],[94.716,18.8695]]],[[[94.6993,19.0112],[94.7057,19.0171],[94.7083,19.0083],[94.6993,19.0112]]],[[[94.65,19.025],[94.6558,19.0181],[94.654,19.0155],[94.65,19.025]]],[[[94.6587,19.0323],[94.6678,19.029],[94.6583,19.025],[94.6587,19.0323]]],[[[94.5493,19.1279],[94.5557,19.1337],[94.5583,19.125],[94.5493,19.1279]]],[[[94.5968,19.1492],[94.5945,19.1569],[94.6,19.1583],[94.5968,19.1492]]],[[[94.5175,19.1635],[94.5105,19.1588],[94.5083,19.1667],[94.5175,19.1635]]],[[[94.5698,19.2592],[94.575,19.2524],[94.5667,19.25],[94.5698,19.2592]]],[[[94.5552,19.2908],[94.5528,19.2986],[94.5583,19.3],[94.5552,19.2908]]],[[[94.925,28.7833],[94.8942,28.7702],[95.0301,28.6738],[95.1045,28.5381],[95.0933,28.5222],[95.1149,28.5045],[95.1191,28.4708],[95.1385,28.4624],[95.1113,28.4399],[95.1218,28.3944],[95.1126,28.3699],[95.0935,28.3874],[95.0794,28.3183],[95.0523,28.3302],[95.0389,28.2779],[95.0217,28.314],[94.9928,28.295],[95.0029,28.2614],[95.055,28.2384],[95.0275,28.2044],[95.0606,28.1689],[95.1292,28.144],[95.1549,28.1607],[95.1368,28.1708],[95.1617,28.1881],[95.1871,28.1689],[95.186,28.1879],[95.2046,28.1858],[95.1949,28.1957],[95.2139,28.2111],[95.2064,28.2378],[95.1689,28.2959],[95.2115,28.3477],[95.2016,28.2953],[95.2464,28.255],[95.2341,28.2322],[95.2552,28.2053],[95.2363,28.1782],[95.2862,28.1733],[95.3209,28.1439],[95.3486,28.1619],[95.3578,28.1894],[95.3451,28.2044],[95.3616,28.2216],[95.412,28.1942],[95.4381,28.2382],[95.4557,28.2123],[95.4357,28.18],[95.4457,28.1687],[95.4607,28.2061],[95.5312,28.2208],[95.5486,28.263],[95.5201,28.2703],[95.5304,28.2897],[95.478,28.3556],[95.5206,28.3306],[95.568,28.2699],[95.5955,28.2694],[95.6154,28.2808],[95.6207,28.3304],[95.6415,28.3008],[95.6791,28.3222],[95.7719,28.3281],[95.773,28.3455],[95.7511,28.3597],[95.7792,28.3898],[95.7983,28.3347],[95.7846,28.3264],[95.7973,28.2959],[95.79,28.2567],[95.7699,28.3158],[95.7523,28.3063],[95.7441,28.2696],[95.8113,28.1861],[95.8529,28.1894],[95.854,28.1687],[95.8968,28.1548],[95.8597,28.1447],[95.8791,28.1106],[95.9208,28.1063],[95.9521,28.0747],[95.9658,28.082],[95.9634,28.1138],[96.0048,28.0965],[96.0149,28.0591],[96.0705,28.0971],[96.0969,28.0719],[96.0937,28.0456],[96.1121,28.0413],[96.1319,28.0534],[96.1549,28.1218],[96.172,28.1042],[96.1698,28.026],[96.2226,28.0228],[96.2482,27.9963],[96.2447,27.9694],[96.2729,27.9611],[96.2618,27.9358],[96.2903,27.918],[96.3137,27.9305],[96.3278,27.9038],[96.3712,27.886],[96.397,27.9019],[96.4071,27.9526],[96.3874,27.9812],[96.3185,28.0211],[96.4156,27.9799],[96.4283,27.9261],[96.489,27.8961],[96.4613,27.8865],[96.4458,27.9064],[96.4221,27.9075],[96.4046,27.8787],[96.3603,27.8626],[96.3885,27.829],[96.3594,27.8276],[96.3683,27.7621],[96.4141,27.7289],[96.3518,27.738],[96.3442,27.6961],[96.3571,27.6732],[96.3352,27.679],[96.3274,27.6274],[96.3624,27.5853],[96.4041,27.5974],[96.4107,27.5704],[96.4478,27.5644],[96.4572,27.5301],[96.42,27.4989],[96.4265,27.4861],[96.5544,27.5642],[96.5358,27.5221],[96.5528,27.503],[96.5797,27.5065],[96.62,27.4612],[96.6469,27.4721],[96.689,27.4447],[96.6125,27.4445],[96.5792,27.4522],[96.5629,27.4733],[96.5456,27.4616],[96.5126,27.4752],[96.4545,27.4648],[96.4463,27.4444],[96.3943,27.4821],[96.3125,27.4894],[96.3141,27.4447],[96.2864,27.4656],[96.2453,27.4651],[96.2193,27.4451],[96.2794,27.4231],[96.2806,27.396],[96.21,27.3803],[96.1953,27.3442],[96.2645,27.3752],[96.328,27.365],[96.3182,27.3386],[96.3362,27.3275],[96.3947,27.3262],[96.438,27.3553],[96.4476,27.3345],[96.4891,27.3353],[96.2625,27.2777],[96.2291,27.2913],[96.199,27.2757],[96.1809,27.2907],[96.1875,27.2683],[96.1264,27.2428],[96.1116,27.2637],[96.1054,27.2366],[96.0787,27.2282],[96.0666,27.249],[96.0388,27.2282],[96.0208,27.2413],[96.0093,27.2267],[95.9852,27.2303],[95.9608,27.2054],[95.9717,27.1759],[95.9454,27.1816],[95.9279,27.1648],[95.9483,27.1153],[95.9151,27.0863],[95.9025,27.0873],[95.9223,27.1196],[95.9064,27.1543],[95.8884,27.172],[95.8793,27.1535],[95.8541,27.1736],[95.8119,27.1475],[95.8142,27.1286],[95.7877,27.1313],[95.7178,27.0717],[95.6873,27.0029],[95.7059,27.0875],[95.6699,27.099],[95.7471,27.1446],[95.7623,27.1731],[95.847,27.2114],[95.8718,27.2478],[95.7969,27.2031],[95.7721,27.2072],[95.7445,27.1852],[95.6858,27.1726],[95.6548,27.1286],[95.6108,27.1098],[95.6021,27.1222],[95.6386,27.156],[95.5711,27.1484],[95.5732,27.1204],[95.5446,27.1136],[95.5551,27.0946],[95.5345,27.0721],[95.5538,27.0805],[95.5779,27.0609],[95.6126,27.064],[95.5865,27.0397],[95.5962,27.0283],[95.5606,27.0228],[95.5615,26.9763],[95.5204,27.0061],[95.4268,26.9649],[95.3291,26.7361],[95.3311,26.8977],[95.2697,26.9406],[95.1941,26.9309],[95.1594,26.8948],[95.1563,26.8041],[95.1349,26.788],[95.1226,26.7357],[95.0773,26.6893],[95.056,26.6357],[95.028,26.6095],[94.9187,26.5878],[94.9177,26.455],[94.9576,26.4502],[94.9176,26.4153],[94.9575,26.3831],[94.928,26.3804],[94.9038,26.335],[94.8845,26.3397],[94.8997,26.3791],[94.8762,26.4316],[94.8804,26.5317],[94.8579,26.5497],[94.8195,26.536],[94.8391,26.5984],[94.7889,26.6098],[94.7651,26.6324],[94.7169,26.5087],[94.7709,26.5065],[94.7903,26.4621],[94.7697,26.4427],[94.7363,26.447],[94.6779,26.3647],[94.6882,26.3437],[94.6397,26.3036],[94.6122,26.3067],[94.5892,26.2773],[94.5526,26.2698],[94.6281,26.3636],[94.6903,26.4122],[94.6898,26.4459],[94.6604,26.45],[94.6747,26.4875],[94.6624,26.5227],[94.5791,26.4101],[94.5191,26.4395],[94.4918,26.406],[94.5141,26.3695],[94.4438,26.3896],[94.426,26.3765],[94.4489,26.3501],[94.4299,26.3117],[94.403,26.3478],[94.3811,26.3109],[94.3455,26.3066],[94.3101,26.2792],[94.3109,26.2445],[94.3564,26.2462],[94.3429,26.2135],[94.3806,26.1957],[94.3802,26.1509],[94.3969,26.1439],[94.4232,26.16],[94.4462,26.2141],[94.4669,26.1908],[94.4107,26.0719],[94.4399,26.0221],[94.4095,26.0411],[94.3854,26.0311],[94.3967,25.9957],[94.3673,25.9805],[94.3513,25.9431],[94.3724,25.922],[94.3734,25.8702],[94.363,25.853],[94.3527,25.8603],[94.3558,25.9055],[94.3366,25.9309],[94.3391,25.8613],[94.3109,25.8225],[94.3122,25.8027],[94.2765,25.7875],[94.3149,25.8538],[94.3226,25.9115],[94.2923,25.9411],[94.3238,25.9364],[94.3559,25.9874],[94.3355,25.987],[94.3195,26.0151],[94.2931,26.0111],[94.3251,26.0708],[94.3649,26.0791],[94.3666,26.1078],[94.3148,26.1555],[94.2804,26.1432],[94.2488,26.1746],[94.1857,26.0553],[94.2222,26.0194],[94.2129,26.011],[94.1877,26.0319],[94.1611,26.0307],[94.173,25.9638],[94.1356,25.9477],[94.1467,25.9116],[94.1219,25.931],[94.1105,25.9229],[94.1136,25.8876],[94.0858,25.8881],[94.0706,25.827],[94.0596,25.8765],[94.0737,25.936],[94.0378,25.9818],[94.01,25.9619],[94.0486,25.9378],[94.0468,25.9202],[94.0221,25.9234],[94.0168,25.9108],[94.0389,25.896],[94.0279,25.8684],[94.0555,25.8527],[94.0039,25.8484],[93.992,25.8087],[94.0205,25.8054],[94.047,25.7804],[94.0476,25.7365],[94.0115,25.7823],[93.9841,25.7542],[93.9805,25.8068],[93.9526,25.8146],[93.9261,25.7832],[93.9387,25.7624],[93.9282,25.745],[93.9464,25.7368],[93.8905,25.6699],[93.7858,25.6225],[93.7465,25.5785],[93.7106,25.5727],[93.6884,25.5285],[93.6365,25.5554],[93.5535,25.4741],[93.5633,25.4536],[93.5274,25.4478],[93.419,25.3643],[93.396,25.3187],[93.3455,25.3396],[93.3548,25.3188],[93.3176,25.3218],[93.31,25.3046],[93.3308,25.303],[93.3082,25.2764],[93.2792,25.3063],[93.2544,25.2951],[93.2372,25.3063],[93.2346,25.2724],[93.264,25.2461],[93.2282,25.2322],[93.2206,25.2028],[92.9803,25.0859],[92.9554,25.0972],[92.946,25.0785],[92.8936,25.0887],[92.8444,25.048],[92.8874,25.0364],[92.9124,25.0557],[92.9533,25.0429],[92.9852,25.0804],[93.0127,25.0803],[92.9884,25.0259],[92.9607,25.0224],[93.001,25.0091],[93.0805,25.0528],[93.0954,25.0896],[93.1296,25.1163],[93.1388,25.1117],[93.1105,25.071],[93.1388,25.0792],[93.13,25.0512],[93.1106,25.0459],[93.1279,25.0346],[93.1972,25.0868],[93.1781,25.1128],[93.1867,25.1468],[93.2194,25.094],[93.2796,25.1469],[93.2804,25.1266],[93.2431,25.1028],[93.2273,25.0633],[93.2384,25.0523],[93.2698,25.0802],[93.306,25.0869],[93.3471,25.1643],[93.374,25.125],[93.3531,25.1065],[93.3385,25.0523],[93.4142,25.1357],[93.4102,25.1629],[93.4374,25.2145],[93.4192,25.1125],[93.4476,25.1033],[93.4112,25.0144],[93.4211,25.0098],[93.4553,25.062],[93.4688,25.1291],[93.4992,25.153],[93.512,25.18],[93.5279,25.1696],[93.5643,25.1688],[93.5823,25.1887],[93.5786,25.2215],[93.6033,25.2384],[93.6151,25.2294],[93.6559,25.3196],[93.6363,25.3623],[93.662,25.3797],[93.6783,25.3765],[93.6901,25.3868],[93.6775,25.4289],[93.7155,25.4364],[93.7063,25.3609],[93.8062,25.4692],[93.7783,25.4979],[93.8111,25.4988],[93.8222,25.4804],[93.8221,25.4534],[93.7941,25.4393],[93.7718,25.3779],[93.7557,25.3986],[93.7214,25.3451],[93.6936,25.3456],[93.6845,25.3067],[93.6972,25.278],[93.6629,25.2837],[93.6591,25.2423],[93.672,25.2281],[93.6279,25.2051],[93.6468,25.1858],[93.6192,25.1893],[93.5611,25.1428],[93.5208,25.148],[93.4933,25.1113],[93.5022,25.0624],[93.5305,25.0539],[93.5093,25.0344],[93.5123,24.9942],[93.4846,25.0447],[93.4825,24.9755],[93.4695,24.9622],[93.4825,24.9321],[93.4599,24.9286],[93.4716,24.9042],[93.4439,24.8893],[93.4549,24.854],[93.4359,24.8388],[93.4652,24.8176],[93.5431,24.9722],[93.5569,24.9699],[93.5669,24.9205],[93.5895,24.927],[93.5531,24.9882],[93.5958,25.0022],[93.6297,25.0359],[93.6365,25.0654],[93.6977,25.1192],[93.6951,25.1466],[93.7557,25.1625],[93.7117,25.1321],[93.6019,24.9791],[93.6239,24.9135],[93.5773,24.8719],[93.6239,24.8781],[93.6603,24.9628],[93.6973,24.9723],[93.681,24.8972],[93.6617,24.8905],[93.6512,24.8584],[93.6622,24.8019],[93.7034,24.8223],[93.7155,24.8116],[93.6776,24.7805],[93.6798,24.7113],[93.6646,24.7708],[93.6157,24.8384],[93.5858,24.7969],[93.6136,24.7958],[93.6323,24.7417],[93.6095,24.7136],[93.6281,24.6864],[93.6479,24.6861],[93.6361,24.6627],[93.6735,24.6278],[93.6906,24.5763],[93.6816,24.5554],[93.6598,24.5544],[93.6565,24.5962],[93.6324,24.6215],[93.6111,24.6125],[93.6067,24.6736],[93.5948,24.681],[93.5683,24.6637],[93.5612,24.68],[93.581,24.7041],[93.5743,24.7595],[93.5345,24.7907],[93.5185,24.7709],[93.5544,24.7562],[93.5579,24.7406],[93.5217,24.6679],[93.4761,24.6359],[93.4966,24.5866],[93.4555,24.6394],[93.4464,24.6121],[93.4191,24.6056],[93.4275,24.5608],[93.4632,24.5968],[93.4601,24.5544],[93.4803,24.5638],[93.485,24.5211],[93.5039,24.5306],[93.5027,24.5109],[93.522,24.4957],[93.4791,24.4896],[93.4599,24.4695],[93.466,24.4465],[93.4361,24.4471],[93.4636,24.4203],[93.4281,24.4053],[93.3964,24.337],[93.3526,24.2969],[93.344,24.2448],[93.3628,24.2647],[93.3805,24.2617],[93.3515,24.221],[93.3632,24.1958],[93.3441,24.1624],[93.3654,24.1222],[93.3431,24.1225],[93.4059,24.079],[93.3595,24.0769],[93.3666,24.0383],[93.3513,23.9819],[93.373,23.9123],[93.3267,23.9789],[93.3178,24.0412],[93.2613,24.0137],[93.2367,23.9366],[93.2277,23.9707],[93.2558,24.0627],[93.2368,24.0724],[93.2293,24.0352],[93.1775,24.0374],[93.1761,23.9972],[93.2141,23.9207],[93.2051,23.8951],[93.1803,23.9227],[93.1752,23.9008],[93.2055,23.8697],[93.1366,23.8113],[93.0962,23.8812],[93.079,23.8444],[93.0514,23.8553],[93.0429,23.9099],[93.0597,24.003],[93.0806,24.0375],[93.0746,24.0747],[93.0456,24.061],[93.0385,24.0802],[93.0112,24.089],[93.0306,23.9959],[92.9948,23.9031],[93.0232,23.8631],[93.0187,23.8292],[93.0484,23.8195],[93.0369,23.8022],[93.0806,23.7871],[93.0709,23.7697],[93.0343,23.7753],[93.0488,23.7434],[93.0516,23.5007],[93.0185,23.5487],[93.0317,23.5779],[93.0115,23.5878],[93.0245,23.6125],[93.0221,23.6955],[93.0035,23.7042],[93.0221,23.7125],[93.0157,23.7782],[92.9778,23.8029],[93.006,23.8196],[92.9868,23.8458],[92.9993,23.868],[92.9624,23.8687],[92.9719,23.8885],[92.942,23.9092],[92.9454,23.9227],[92.9738,23.9234],[92.9618,23.9457],[92.9712,23.956],[92.9451,23.9625],[92.9634,23.9698],[92.943,23.9901],[92.9637,23.9952],[92.9641,24.0288],[92.9378,24.0281],[92.9301,24.0551],[92.91,24.0568],[92.9296,24.1313],[92.9149,24.0784],[92.8931,24.0789],[92.875,24.0206],[92.8829,23.9773],[92.8696,23.9358],[92.895,23.989],[92.9136,23.9877],[92.9074,23.8651],[92.8941,23.8606],[92.8792,23.8815],[92.867,23.8352],[92.9052,23.8375],[92.9155,23.8067],[92.9025,23.7614],[92.9134,23.7361],[92.9229,23.7697],[92.9261,23.6887],[92.949,23.6648],[92.9024,23.6699],[92.9554,23.6374],[92.8944,23.6318],[92.9304,23.6045],[92.9222,23.5544],[92.8929,23.5442],[92.8888,23.4942],[92.8698,23.4942],[92.8611,23.5292],[92.8824,23.5835],[92.8682,23.5795],[92.8596,23.6149],[92.8745,23.6794],[92.8724,23.7454],[92.8595,23.7515],[92.872,23.7804],[92.8504,23.7662],[92.8579,23.694],[92.8442,23.6709],[92.8403,23.5385],[92.8189,23.5208],[92.8047,23.4699],[92.7558,23.5058],[92.7355,23.5037],[92.7555,23.5232],[92.7196,23.5528],[92.7391,23.5697],[92.7275,23.5952],[92.7488,23.5984],[92.7279,23.6117],[92.7346,23.6296],[92.764,23.646],[92.734,23.6487],[92.7451,23.7218],[92.7684,23.6706],[92.7819,23.6799],[92.7808,23.7218],[92.7599,23.7416],[92.7804,23.76],[92.7804,23.7886],[92.7513,23.7847],[92.7736,23.8069],[92.759,23.9095],[92.7896,23.921],[92.796,23.9732],[92.736,23.9213],[92.7229,23.7521],[92.7053,23.7427],[92.678,23.7638],[92.6679,23.7365],[92.6973,23.6874],[92.6894,23.6618],[92.6768,23.6805],[92.651,23.6483],[92.722,23.6388],[92.7002,23.4689],[92.739,23.4293],[92.6856,23.4194],[92.7958,23.3187],[92.848,23.3382],[92.8188,23.3025],[92.9054,23.2388],[92.8848,23.2266],[92.8987,23.1665],[92.8868,23.1437],[92.905,23.136],[92.9138,23.1514],[92.9224,23.2457],[92.8941,23.2607],[92.878,23.313],[92.9027,23.3013],[92.9149,23.3282],[92.9124,23.2608],[92.9476,23.2703],[92.9338,23.2922],[92.9378,23.3308],[92.9447,23.2947],[92.9945,23.2604],[93.0142,23.2623],[93.0082,23.3075],[93.0509,23.2536],[93.0729,23.2629],[93.0611,23.2303],[93.0624,23.2027],[93.0064,23.2469],[92.9356,23.2538],[92.9452,23.2276],[93.0057,23.1888],[92.9669,23.1744],[92.9882,23.1542],[92.9684,23.1447],[92.9763,23.1139],[93.0074,23.0913],[92.9694,23.097],[93.0004,23.0393],[92.9965,23.0202],[92.978,23.0218],[92.9828,22.9839],[92.9693,22.96],[93.0194,22.9262],[93.0529,22.996],[93.0715,22.9887],[93.0507,22.968],[93.0504,22.9003],[93.0884,22.8965],[93.0776,22.8781],[93.0948,22.8359],[93.1405,22.9154],[93.1194,22.9361],[93.1319,22.9776],[93.1114,22.9878],[93.1237,23.015],[93.1203,23.0969],[93.1389,23.0596],[93.1697,23.0515],[93.1861,23.0819],[93.2525,23.0106],[93.2932,23.0095],[93.3227,23.0356],[93.3365,23.0872],[93.3721,23.1352],[93.3619,23.1708],[93.3723,23.2065],[93.4056,23.1203],[93.3592,23.0862],[93.3603,23.0626],[93.3822,23.0433],[93.3707,22.9779],[93.3595,23.0495],[93.2792,22.9779],[93.2625,22.9997],[93.2368,22.9967],[93.2284,22.9784],[93.2047,23.0403],[93.1437,23.0382],[93.136,23.0048],[93.1524,22.9608],[93.17,22.9261],[93.1974,22.9113],[93.1446,22.8968],[93.1344,22.8585],[93.1553,22.8037],[93.1477,22.7699],[93.123,22.8058],[93.1082,22.7894],[93.1111,22.7698],[93.1477,22.747],[93.1212,22.748],[93.1112,22.7292],[93.1265,22.639],[93.1664,22.6042],[93.1483,22.5294],[93.1276,22.5377],[93.1551,22.4883],[93.1439,22.469],[93.1803,22.4529],[93.2229,22.5042],[93.2445,22.5887],[93.2661,22.5473],[93.2519,22.5454],[93.2382,22.4868],[93.2032,22.4654],[93.1945,22.4387],[93.2008,22.3403],[93.222,22.3121],[93.2148,22.2221],[93.161,22.2405],[93.1511,22.2306],[93.1948,22.1698],[93.2315,22.146],[93.2447,22.0943],[93.2808,22.1053],[93.2879,22.0773],[93.2284,22.0785],[93.2305,22.1235],[93.1867,22.1285],[93.1887,22.1565],[93.1524,22.1857],[93.1361,22.2365],[93.1532,22.2631],[93.1693,22.2502],[93.191,22.2569],[93.1832,22.406],[93.1642,22.4394],[93.136,22.4378],[93.1304,22.488],[93.0975,22.5302],[93.0681,22.4986],[93.0736,22.5447],[93.0526,22.5793],[93.1032,22.5511],[93.1229,22.5689],[93.1325,22.5917],[93.0868,22.6459],[93.0972,22.6554],[93.0781,22.7122],[93.0973,22.7471],[93.0885,22.7738],[93.0529,22.7954],[93.0719,22.8314],[93.0491,22.8717],[93.0464,22.8533],[93.0361,22.8603],[93.0214,22.9059],[92.979,22.9143],[92.961,22.9031],[92.989,22.8363],[92.9457,22.8641],[92.9344,22.8448],[92.9274,22.8196],[92.9447,22.7945],[92.9715,22.7965],[92.9845,22.7615],[93.0131,22.7649],[93.0329,22.7409],[92.9944,22.7198],[92.9541,22.7724],[92.9364,22.7376],[92.9452,22.7107],[92.9884,22.6791],[92.9713,22.6529],[92.9506,22.6764],[92.9803,22.6222],[92.9682,22.5784],[92.9876,22.5686],[92.9946,22.5984],[93.0057,22.571],[92.9968,22.5378],[92.9759,22.5262],[92.9883,22.5027],[92.9668,22.4894],[92.9983,22.439],[92.9524,22.4449],[92.9691,22.4119],[93.005,22.3988],[93.0324,22.3428],[93.0194,22.3355],[92.9772,22.3716],[92.9777,22.3364],[92.9968,22.3207],[92.969,22.313],[92.9666,22.2962],[92.9905,22.2529],[92.9906,22.2067],[92.9787,22.2029],[92.982,22.2376],[92.964,22.2585],[92.9438,22.2546],[92.9358,22.2125],[92.9487,22.1933],[92.9447,22.1359],[92.9645,22.1458],[92.9667,22.1737],[92.9982,22.1432],[92.9859,22.0708],[93.0155,21.8916],[93.0013,21.8385],[93.0211,21.8553],[93.0496,21.8503],[93.0195,21.9625],[93.0366,22.0623],[93.0556,22.0709],[93.0261,22.1417],[93.0518,22.2075],[93.0765,22.0874],[93.0877,22.1149],[93.1082,22.1064],[93.0942,21.8861],[93.1065,21.8609],[93.1192,21.9063],[93.1386,21.9137],[93.135,21.8808],[93.1493,21.8675],[93.1276,21.8363],[93.1448,21.7771],[93.1721,21.7482],[93.169,21.72],[93.1822,21.743],[93.1598,21.7999],[93.1886,21.8353],[93.1955,21.881],[93.2072,21.8332],[93.1924,21.7824],[93.247,21.7053],[93.2512,21.6383],[93.2714,21.6269],[93.2961,21.9474],[93.311,21.9205],[93.3306,21.9206],[93.3009,21.8933],[93.322,21.8621],[93.3109,21.8371],[93.3329,21.8225],[93.3291,21.8114],[93.3108,21.8207],[93.3028,21.696],[93.322,21.646],[93.3026,21.6462],[93.3119,21.61],[93.3458,21.6028],[93.3542,21.6215],[93.3639,21.6027],[93.3806,21.6184],[93.3531,21.6462],[93.3498,21.7503],[93.3535,21.7716],[93.3824,21.7862],[93.3692,21.7113],[93.3973,21.6871],[93.368,21.6639],[93.3951,21.6363],[93.4132,21.6466],[93.4226,21.6126],[93.3845,21.6051],[93.3609,21.5594],[93.3327,21.583],[93.3011,21.5692],[93.302,21.5538],[93.3148,21.5635],[93.3321,21.5448],[93.311,21.504],[93.3299,21.4791],[93.3115,21.4699],[93.3307,21.4545],[93.3115,21.4464],[93.3096,21.4253],[93.3201,21.3948],[93.3388,21.3871],[93.3214,21.36],[93.2997,21.3739],[93.2858,21.3638],[93.3056,21.3042],[93.3024,21.2603],[93.3135,21.2523],[93.3388,21.2701],[93.3314,21.3559],[93.3676,21.295],[93.3788,21.3218],[93.3898,21.3134],[93.4028,21.203],[93.4481,21.204],[93.4487,21.2932],[93.4266,21.3122],[93.4318,21.3533],[93.4114,21.3955],[93.43,21.4302],[93.4551,21.3387],[93.4434,21.3221],[93.4636,21.3053],[93.4831,21.2392],[93.4691,21.1618],[93.4878,21.1647],[93.5078,21.145],[93.5141,21.2138],[93.4929,21.2401],[93.5056,21.3037],[93.4864,21.3454],[93.5,21.3938],[93.4864,21.413],[93.5083,21.4404],[93.5238,21.4017],[93.5189,21.3107],[93.5549,21.2964],[93.5521,21.2691],[93.6228,21.2302],[93.5805,21.2267],[93.563,21.2485],[93.5278,21.2557],[93.5552,21.2053],[93.5351,21.1792],[93.5624,21.1804],[93.5536,21.1591],[93.591,21.1418],[93.5456,21.1279],[93.5273,21.1374],[93.5446,21.0779],[93.6131,21.0548],[93.6114,21.0369],[93.6366,21.0113],[93.6638,21.0051],[93.6436,20.9947],[93.6389,20.9457],[93.623,21.0042],[93.5815,21.0303],[93.5696,21.02],[93.5433,21.0366],[93.5611,20.9519],[93.5309,20.9965],[93.5034,20.9939],[93.5162,21.0207],[93.5055,21.0895],[93.4521,21.0461],[93.455,20.9865],[93.419,21.0468],[93.4177,20.9739],[93.4386,20.9621],[93.4433,20.9194],[93.4735,20.9458],[93.4627,20.8764],[93.554,20.9055],[93.5718,20.8527],[93.5974,20.8788],[93.5862,20.8971],[93.6028,20.9154],[93.6242,20.8928],[93.6204,20.8518],[93.6384,20.8526],[93.6541,20.8899],[93.68,20.8625],[93.6611,20.8541],[93.6687,20.8208],[93.7061,20.8112],[93.6781,20.7967],[93.6736,20.7591],[93.6542,20.781],[93.6208,20.7853],[93.6102,20.814],[93.5862,20.7883],[93.5974,20.7538],[93.5867,20.7428],[93.5625,20.7813],[93.5455,20.77],[93.5181,20.7804],[93.5176,20.7618],[93.5556,20.7456],[93.5377,20.7114],[93.4776,20.7437],[93.5065,20.7208],[93.5119,20.6942],[93.5719,20.6946],[93.571,20.7221],[93.6048,20.7132],[93.6221,20.6695],[93.5759,20.6401],[93.5993,20.6465],[93.6164,20.6092],[93.629,20.6306],[93.6639,20.6113],[93.6535,20.6804],[93.6711,20.652],[93.6971,20.6528],[93.6614,20.7032],[93.6814,20.7044],[93.6784,20.7385],[93.7294,20.6608],[93.7357,20.7302],[93.76,20.7094],[93.7966,20.7381],[93.8133,20.7032],[93.7707,20.698],[93.7607,20.6696],[93.7835,20.6341],[93.7984,20.6453],[93.796,20.6723],[93.8288,20.6658],[93.8095,20.6403],[93.8302,20.6304],[93.818,20.6069],[93.8403,20.5887],[93.8113,20.5781],[93.7833,20.6077],[93.7795,20.5698],[93.7357,20.5876],[93.7609,20.5536],[93.7821,20.5528],[93.7354,20.5456],[93.7716,20.5126],[93.7594,20.4907],[93.7935,20.4126],[93.808,20.4251],[93.8016,20.4761],[93.8153,20.482],[93.8032,20.4961],[93.8068,20.557],[93.8473,20.5206],[93.8343,20.4889],[93.8687,20.4359],[93.8601,20.5032],[93.8809,20.4954],[93.8906,20.5244],[93.9051,20.5224],[93.9274,20.4784],[93.9464,20.4908],[93.9447,20.4613],[93.9723,20.4636],[93.9446,20.4301],[93.952,20.4039],[93.9865,20.4237],[93.9913,20.3793],[94.0308,20.3795],[93.9861,20.33],[94.0012,20.2971],[94.0305,20.2693],[94.0112,20.3221],[94.0573,20.3405],[94.0662,20.3258],[94.0533,20.3023],[94.0889,20.3125],[94.0781,20.2793],[94.0961,20.2714],[94.1137,20.2302],[94.1028,20.2101],[94.1555,20.1469],[94.1197,20.1385],[94.1398,20.1112],[94.1352,20.0876],[94.1538,20.0968],[94.1694,20.0778],[94.186,20.0912],[94.2056,20.0806],[94.1535,20.0493],[94.16,20.0209],[94.1818,20.0489],[94.2153,20.0313],[94.2221,20.0212],[94.2015,20.0055],[94.2308,19.9874],[94.2011,19.9719],[94.2308,19.9623],[94.2113,19.9431],[94.2213,19.9362],[94.2459,19.9564],[94.2519,19.9208],[94.2969,19.8805],[94.2899,19.8454],[94.2608,19.8548],[94.2709,19.8277],[94.2355,19.8363],[94.2902,19.7961],[94.3611,19.5288],[94.4056,19.5114],[94.3918,19.5455],[94.3696,19.5451],[94.3804,19.5637],[94.3597,19.5554],[94.3725,19.579],[94.364,19.6619],[94.3251,19.7442],[94.3376,19.7892],[94.3639,19.771],[94.3447,19.7427],[94.3738,19.7429],[94.3584,19.7128],[94.3682,19.6792],[94.389,19.6871],[94.396,19.7136],[94.4059,19.6974],[94.3847,19.6692],[94.3967,19.6457],[94.387,19.6339],[94.4402,19.6373],[94.3941,19.6029],[94.4032,19.5779],[94.4264,19.5899],[94.4292,19.569],[94.4633,19.5634],[94.4274,19.5462],[94.4436,19.5127],[94.4718,19.5118],[94.4793,19.53],[94.4878,19.4934],[94.5387,19.4861],[94.5388,19.5549],[94.5015,19.5653],[94.5393,19.5888],[94.5117,19.6041],[94.531,19.6125],[94.5119,19.6292],[94.5298,19.6409],[94.4934,19.657],[94.5142,19.6789],[94.4848,19.6887],[94.5061,19.712],[94.478,19.7278],[94.4804,19.7969],[94.4556,19.7934],[94.4307,19.8143],[94.4025,19.8209],[94.4375,19.8306],[94.4729,19.82],[94.4724,19.8715],[94.4443,19.8706],[94.4647,19.8959],[94.428,19.9142],[94.3609,19.8781],[94.3528,19.8882],[94.3676,19.905],[94.431,19.9372],[94.4036,19.962],[94.405,19.9824],[94.3712,19.9781],[94.3613,19.9973],[94.3283,19.9785],[94.356,20.0198],[94.3447,20.0392],[94.2943,20.0131],[94.2794,19.9609],[94.2733,20.0208],[94.2542,19.9947],[94.2429,20.0305],[94.2387,20.0648],[94.2636,20.0429],[94.2819,20.0648],[94.3054,20.0528],[94.3225,20.078],[94.3125,20.1056],[94.3462,20.0776],[94.3804,20.0969],[94.3357,20.1038],[94.3303,20.147],[94.3114,20.1364],[94.3045,20.1557],[94.2517,20.137],[94.2728,20.1873],[94.2477,20.1856],[94.2439,20.199],[94.2273,20.1961],[94.2047,20.1367],[94.1947,20.1527],[94.2028,20.2473],[94.2322,20.2259],[94.2807,20.2274],[94.2896,20.2729],[94.278,20.2904],[94.2541,20.2692],[94.2371,20.2851],[94.2472,20.297],[94.2179,20.3555],[94.2218,20.3889],[94.1933,20.3873],[94.1901,20.3473],[94.1698,20.338],[94.1635,20.3028],[94.1542,20.331],[94.1181,20.3296],[94.1256,20.3554],[94.1574,20.3736],[94.1279,20.4053],[94.1541,20.4139],[94.1768,20.4011],[94.183,20.416],[94.1639,20.4811],[94.1398,20.4203],[94.0948,20.4277],[94.1237,20.4538],[94.1305,20.4717],[94.1115,20.4872],[94.1306,20.496],[94.078,20.5028],[94.1146,20.5192],[94.1144,20.5379],[94.0947,20.5386],[94.1226,20.5629],[94.0944,20.5711],[94.1049,20.5975],[94.0687,20.5887],[94.0878,20.6559],[94.0712,20.6724],[94.0547,20.6616],[94.0292,20.6751],[94.0197,20.6346],[93.9955,20.6641],[93.9801,20.645],[93.9675,20.6546],[93.9542,20.6283],[93.9351,20.6463],[93.9452,20.6725],[93.9726,20.6691],[94.0045,20.7054],[94.08,20.7024],[94.072,20.7302],[94.0451,20.72],[94.0539,20.7502],[94.0278,20.7545],[94.0373,20.7726],[94.0563,20.7706],[94.0571,20.787],[93.9934,20.7721],[93.947,20.7353],[93.9566,20.7612],[93.9354,20.7778],[93.9634,20.789],[93.9179,20.816],[93.886,20.8031],[93.878,20.8119],[93.8976,20.8302],[93.8706,20.8749],[93.8221,20.9056],[93.7944,20.8954],[93.826,20.9296],[93.8413,20.9271],[93.8015,21.0739],[93.8526,20.9607],[93.8713,20.9466],[93.8684,20.9046],[93.8872,20.9053],[93.8978,20.8874],[93.8948,20.8613],[93.912,20.8637],[93.9305,20.8351],[93.9793,20.8311],[94.0138,20.8028],[94.0239,20.8433],[93.9947,20.871],[94.0021,20.9281],[94.0204,20.8842],[94.0518,20.8678],[94.0565,20.9046],[94.0364,20.9223],[94.0809,20.9444],[94.0558,20.988],[94.0363,20.9863],[94.0634,21.0076],[94.0268,21.0213],[94.0814,21.0524],[94.0886,21.0718],[94.07,21.0792],[94.1068,21.1037],[94.1162,21.1394],[94.1028,21.1555],[94.1237,21.2018],[94.1138,21.247],[94.0614,21.261],[94.082,21.2724],[94.0614,21.2963],[94.0807,21.314],[94.063,21.3311],[94.0604,21.3112],[94.0268,21.3377],[94.0279,21.3551],[94.0474,21.3628],[94.0396,21.381],[93.9941,21.4046],[94.0038,21.4216],[94.0554,21.4117],[94.0639,21.4373],[94.0447,21.4472],[94.054,21.4643],[94.0725,21.4621],[94.0609,21.4958],[94.0751,21.5709],[94.0203,21.587],[94.0192,21.6073],[93.9698,21.6028],[93.9636,21.6407],[93.9808,21.6466],[93.987,21.6196],[94.0074,21.6248],[93.9697,21.703],[93.9649,21.7957],[93.9527,21.7773],[93.9373,21.7883],[93.9283,21.7787],[93.9316,21.8122],[93.9046,21.8193],[93.9061,21.8331],[93.8694,21.8297],[93.8293,21.7782],[93.7864,21.8128],[93.8232,21.8113],[93.8537,21.8547],[93.872,21.8639],[93.9029,21.8512],[93.9158,21.8767],[93.8901,21.8594],[93.8647,21.8802],[93.8388,21.8841],[93.8475,21.9125],[93.8315,21.9544],[93.8056,21.9517],[93.8037,21.9642],[93.7777,21.9531],[93.8128,22.0056],[93.8402,21.9961],[93.8261,22.035],[93.8491,22.0754],[93.837,22.0891],[93.813,22.0535],[93.7865,22.0535],[93.7853,22.0704],[93.8146,22.0961],[93.8002,22.1071],[93.7866,22.0953],[93.7778,22.1291],[93.8429,22.1258],[93.8471,22.1458],[93.8123,22.1638],[93.7961,22.1533],[93.7876,22.1718],[93.7722,22.1601],[93.7444,22.1802],[93.7802,22.1986],[93.8142,22.1949],[93.7616,22.2117],[93.7885,22.2282],[93.7789,22.248],[93.8376,22.2028],[93.8425,22.2306],[93.8636,22.2281],[93.8727,22.2437],[93.8819,22.3039],[93.8536,22.2967],[93.8449,22.2784],[93.8345,22.2999],[93.8471,22.3219],[93.82,22.3204],[93.832,22.3448],[93.8113,22.3636],[93.8889,22.4018],[93.8781,22.4289],[93.9055,22.4541],[93.8763,22.4718],[93.8868,22.5217],[93.9031,22.4778],[93.9196,22.4966],[93.9392,22.4938],[93.9395,22.5293],[93.9092,22.5425],[93.9235,22.5704],[93.8942,22.5705],[93.9118,22.613],[93.9308,22.6112],[93.9279,22.6626],[93.9551,22.6444],[93.9639,22.6804],[93.9444,22.7292],[93.958,22.7524],[93.9479,22.7797],[93.9363,22.7804],[93.9476,22.7624],[93.9383,22.7449],[93.9195,22.7653],[93.9033,22.7574],[93.8959,22.7196],[93.8623,22.7975],[93.8285,22.7893],[93.8326,22.7614],[93.7859,22.7375],[93.8539,22.7141],[93.8645,22.6771],[93.8527,22.6699],[93.8384,22.7054],[93.7953,22.7036],[93.7668,22.7393],[93.8052,22.7691],[93.7985,22.7877],[93.7359,22.7964],[93.7963,22.8219],[93.832,22.8094],[93.8398,22.8206],[93.7879,22.8639],[93.7542,22.8725],[93.7292,22.8611],[93.7387,22.8799],[93.7108,22.8971],[93.7404,22.9371],[93.7124,22.935],[93.6517,22.9704],[93.6358,23.0208],[93.6326,23.1412],[93.6118,23.1543],[93.6305,23.1626],[93.6195,23.1959],[93.6308,23.2136],[93.6148,23.2963],[93.595,23.3207],[93.6273,23.4477],[93.6742,23.4719],[93.6688,23.5782],[93.6822,23.4636],[93.6717,23.4361],[93.6541,23.4476],[93.6354,23.4377],[93.6167,23.3417],[93.6716,23.0542],[93.6594,23.0054],[93.6708,22.9766],[93.7027,22.9811],[93.764,22.9387],[93.7646,22.9126],[93.7442,22.9038],[93.7595,22.8863],[93.7804,22.8859],[93.7966,22.9217],[93.8025,22.887],[93.8553,22.8636],[93.903,22.8015],[93.9451,22.8386],[93.9724,22.8289],[93.9116,22.8688],[93.9402,22.8964],[93.9301,22.9136],[93.9119,22.9118],[93.9146,22.9458],[93.886,22.9623],[93.9052,22.9613],[93.9215,22.9717],[93.9563,22.9284],[93.936,22.9878],[93.9886,23.001],[93.989,23.0542],[93.9448,23.082],[93.919,23.07],[93.8948,23.1116],[93.8978,23.1381],[93.8612,23.1364],[93.8891,23.1549],[93.8515,23.168],[93.8804,23.1699],[93.8708,23.197],[93.9142,23.1958],[93.8692,23.2531],[93.8959,23.2632],[93.9154,23.2468],[93.8865,23.3134],[93.9721,23.2427],[93.9822,23.2832],[93.9262,23.3223],[93.9557,23.3688],[93.9491,23.3801],[93.9212,23.3783],[93.9067,23.3991],[93.888,23.3702],[93.8616,23.369],[93.8908,23.4085],[93.8618,23.4119],[93.861,23.4376],[93.9304,23.4115],[93.9556,23.423],[93.9117,23.4634],[93.9824,23.458],[93.9615,23.4946],[93.9646,23.5467],[93.9256,23.5174],[93.9195,23.5488],[93.8855,23.5367],[93.8841,23.5659],[93.9557,23.5683],[93.9112,23.6115],[93.9127,23.6389],[93.9351,23.6114],[93.9542,23.6228],[93.9537,23.6024],[93.9767,23.5947],[93.9879,23.605],[94.0049,23.5948],[94.0128,23.6135],[94.0394,23.6022],[94.0573,23.6317],[94.0435,23.6711],[94.0801,23.6611],[94.0972,23.6933],[94.0894,23.7374],[94.0679,23.7485],[94.0806,23.7972],[94.024,23.8011],[94.0096,23.8152],[93.9958,23.8035],[93.9543,23.8253],[93.9505,23.8427],[93.9802,23.847],[94.0169,23.8256],[94.0891,23.8281],[94.0804,23.8649],[94.0424,23.8996],[94.0707,23.8857],[94.1138,23.9028],[94.1137,23.9722],[94.0803,23.9597],[94.071,23.9982],[94.0197,24.0034],[94.0374,24.0384],[94.046,24.0197],[94.0622,24.0301],[94.0779,24.0112],[94.0878,24.0217],[94.1306,24.0113],[94.1214,24.0389],[94.0532,24.0708],[94.0751,24.09],[94.1206,24.0886],[94.1361,24.0608],[94.1632,24.0775],[94.1445,24.1041],[94.1816,24.1124],[94.1363,24.1195],[94.1198,24.1629],[94.2048,24.1441],[94.1946,24.1625],[94.2147,24.1712],[94.2163,24.2062],[94.1531,24.1946],[94.1196,24.2302],[94.1374,24.2466],[94.1649,24.2363],[94.1655,24.2569],[94.1981,24.2542],[94.1695,24.279],[94.2058,24.2859],[94.1859,24.3125],[94.2058,24.3446],[94.196,24.3734],[94.2365,24.3515],[94.2351,24.3868],[94.2479,24.3881],[94.2579,24.3608],[94.2443,24.3039],[94.255,24.3027],[94.2727,24.3458],[94.2534,24.4051],[94.2963,24.4022],[94.3036,24.448],[94.3554,24.4936],[94.3538,24.5314],[94.3371,24.4917],[94.302,24.4885],[94.2867,24.4702],[94.2612,24.497],[94.3167,24.5042],[94.3224,24.5546],[94.3042,24.5635],[94.2889,24.5522],[94.2806,24.5888],[94.245,24.588],[94.2733,24.6047],[94.28,24.639],[94.3009,24.5869],[94.3124,24.5963],[94.325,24.5764],[94.3375,24.5881],[94.3723,24.561],[94.4144,24.5942],[94.3875,24.6056],[94.4311,24.6205],[94.4183,24.6404],[94.3697,24.6098],[94.3551,24.6388],[94.3283,24.6284],[94.3665,24.666],[94.3202,24.6783],[94.3306,24.7122],[94.3111,24.7402],[94.3224,24.7549],[94.3479,24.7275],[94.3453,24.7007],[94.3791,24.6897],[94.3888,24.6677],[94.4311,24.6703],[94.4013,24.7123],[94.4382,24.694],[94.4285,24.7226],[94.4644,24.7305],[94.4269,24.7542],[94.4468,24.7701],[94.4472,24.7956],[94.4026,24.8463],[94.413,24.8556],[94.4364,24.8276],[94.4548,24.8384],[94.46,24.7788],[94.4972,24.7125],[94.4602,24.7127],[94.4884,24.6792],[94.4676,24.6559],[94.4814,24.663],[94.5139,24.636],[94.5224,24.6538],[94.5002,24.6889],[94.5178,24.753],[94.5392,24.7537],[94.5268,24.7875],[94.5986,24.7971],[94.6073,24.8529],[94.589,24.8272],[94.5702,24.8281],[94.5975,24.8706],[94.5675,24.8917],[94.5987,24.897],[94.5946,24.9627],[94.6333,24.8508],[94.6495,24.8856],[94.6377,24.9983],[94.6987,25.029],[94.661,24.9541],[94.6786,24.8942],[94.738,24.9017],[94.768,24.9467],[94.7912,24.9454],[94.7785,24.98],[94.8654,25.064],[94.8255,25.0757],[94.8288,25.0894],[94.8723,25.1016],[94.8516,25.1375],[94.886,25.1262],[94.9198,25.172],[94.9472,25.178],[94.9358,25.2205],[94.947,25.2112],[94.9831,25.2339],[94.9605,25.2727],[95.0138,25.2946],[95.0119,25.3298],[95.0487,25.3539],[95.0225,25.3893],[94.9952,25.387],[94.9874,25.4142],[94.919,25.3892],[94.9033,25.3617],[94.8943,25.3871],[94.9109,25.4143],[94.9288,25.4304],[94.9461,25.4099],[95.0039,25.4388],[95.0379,25.4099],[95.1074,25.472],[95.1057,25.5305],[95.047,25.5345],[95.0139,25.5584],[94.9931,25.5532],[95.0056,25.5291],[94.9881,25.4866],[94.9391,25.5082],[94.9033,25.495],[94.9137,25.5396],[94.8283,25.6208],[94.8481,25.6303],[94.8557,25.7119],[94.811,25.7637],[94.8306,25.7646],[94.8598,25.7283],[94.8883,25.7217],[94.8677,25.7095],[94.8591,25.6156],[94.9376,25.5186],[94.9727,25.5188],[94.9782,25.5622],[94.9986,25.5802],[94.9865,25.5973],[95.0028,25.6138],[95.0272,25.5772],[95.0789,25.5667],[95.1143,25.5774],[95.1669,25.6242],[95.1526,25.5123],[95.1693,25.5091],[95.2226,25.569],[95.2579,25.6574],[95.2544,25.6815],[95.2147,25.6763],[95.2113,25.6901],[95.2874,25.7566],[95.2949,25.726],[95.3136,25.7254],[95.4362,25.866],[95.4807,25.8769],[95.4132,25.9012],[95.4112,25.9156],[95.4612,25.9177],[95.5291,25.9521],[95.5735,26.0121],[95.5741,26.0865],[95.5507,26.0997],[95.5027,26.0806],[95.5138,26.0364],[95.4384,25.961],[95.4192,25.979],[95.4398,26.0126],[95.4039,26.0251],[95.3213,25.9682],[95.2692,25.9698],[95.3311,25.9939],[95.3896,26.0525],[95.3536,26.0978],[95.3845,26.0925],[95.4114,26.1136],[95.4888,26.1193],[95.5385,26.1513],[95.5466,26.1826],[95.4886,26.2142],[95.4362,26.1844],[95.3948,26.1867],[95.4306,26.2631],[95.4267,26.3034],[95.4475,26.298],[95.4595,26.2528],[95.4809,26.2519],[95.5114,26.3053],[95.5969,26.351],[95.6022,26.4061],[95.6416,26.4256],[95.6324,26.4554],[95.6055,26.4575],[95.5133,26.3848],[95.557,26.4457],[95.5324,26.4579],[95.4375,26.4228],[95.422,26.4029],[95.3757,26.4163],[95.2789,26.3816],[95.1861,26.3193],[95.2235,26.3722],[95.2124,26.3973],[95.2545,26.3932],[95.372,26.4512],[95.3735,26.4794],[95.3509,26.5083],[95.3698,26.5557],[95.3901,26.5466],[95.384,26.4988],[95.4029,26.4696],[95.4631,26.4681],[95.4892,26.5408],[95.5063,26.5379],[95.5111,26.4944],[95.5388,26.5027],[95.543,26.5699],[95.5731,26.6121],[95.5688,26.6377],[95.621,26.6555],[95.6232,26.6295],[95.5761,26.5613],[95.5769,26.5121],[95.6058,26.5104],[95.632,26.541],[95.7071,26.5364],[95.731,26.5607],[95.7351,26.6046],[95.7583,26.6396],[95.7443,26.6498],[95.7194,26.6364],[95.7221,26.6721],[95.6869,26.6783],[95.6991,26.6921],[95.6944,26.7304],[95.731,26.7303],[95.686,26.7621],[95.716,26.783],[95.7471,26.7522],[95.765,26.7703],[95.77,26.8133],[95.7989,26.7946],[95.819,26.8894],[95.8626,26.9218],[95.8735,26.8928],[95.9222,26.9116],[95.8774,26.8643],[95.8559,26.7941],[95.8277,26.7731],[95.8476,26.7353],[95.8382,26.7278],[95.8107,26.7479],[95.7764,26.696],[95.7777,26.678],[95.8055,26.6623],[95.7568,26.5286],[95.6772,26.4467],[95.6993,26.4336],[95.739,26.4556],[95.6938,26.3945],[95.7053,26.3763],[95.7557,26.3697],[95.7366,26.3512],[95.6614,26.3471],[95.6488,26.32],[95.5689,26.256],[95.5694,26.211],[95.5976,26.2022],[95.6793,26.2603],[95.694,26.2894],[95.7295,26.2935],[95.806,26.344],[95.8697,26.4387],[95.9051,26.4595],[95.919,26.5227],[95.9556,26.5601],[95.9439,26.5893],[95.9717,26.6096],[95.9775,26.6392],[96.0239,26.6971],[96.0312,26.7311],[95.9944,26.753],[96.0119,26.7653],[96.0303,26.7723],[96.0643,26.7417],[96.1045,26.7889],[96.1385,26.7713],[96.0438,26.6807],[96.0438,26.6626],[96.0637,26.6529],[96.0094,26.58],[96.029,26.5668],[96.0554,26.5806],[96.0863,26.5428],[96.1054,26.614],[96.1366,26.526],[96.1529,26.5106],[96.181,26.5188],[96.1906,26.5864],[96.1265,26.6879],[96.2907,26.8116],[96.2989,26.836],[96.26,26.8704],[96.2725,26.897],[96.2561,26.9312],[96.117,26.9175],[96.1568,26.9547],[96.1481,26.9726],[96.0263,26.9779],[96.045,27.0133],[96.069,26.992],[96.1295,27.01],[96.2459,27.0901],[96.2559,27.0866],[96.2361,27.0446],[96.2766,27.0566],[96.2712,27.0355],[96.2957,27.073],[96.3473,27.0948],[96.3551,27.1143],[96.2641,27.0926],[96.2647,27.1128],[96.2465,27.1388],[96.1958,27.128],[96.1692,27.1459],[96.2477,27.169],[96.2657,27.19],[96.2533,27.2215],[96.2777,27.2179],[96.314,27.2402],[96.2764,27.2029],[96.2967,27.1792],[96.268,27.1545],[96.2801,27.1259],[96.3324,27.128],[96.3665,27.1908],[96.4055,27.1792],[96.3598,27.1632],[96.382,27.1171],[96.4394,27.1333],[96.4463,27.1101],[96.4947,27.1009],[96.5207,27.1559],[96.5475,27.1389],[96.5277,27.1197],[96.5654,27.1091],[96.6892,27.121],[96.6055,27.0984],[96.5956,27.0787],[96.5866,27.0884],[96.5791,27.053],[96.5724,27.0881],[96.5462,27.0978],[96.5457,27.0612],[96.4869,27.0813],[96.4985,27.0636],[96.4801,27.0361],[96.4643,27.0715],[96.4448,27.072],[96.4377,27.0196],[96.4227,27.0716],[96.4045,27.0532],[96.394,27.0716],[96.3871,27.0276],[96.3699,27.0723],[96.3632,27.0271],[96.3208,27.0482],[96.3129,27.012],[96.2923,27.0009],[96.2955,26.9856],[96.3302,26.9802],[96.3441,26.9521],[96.4042,26.9724],[96.4386,26.9511],[96.5245,26.9495],[96.6091,26.9255],[96.6542,26.9389],[96.6733,26.9264],[96.8059,26.9205],[96.7486,26.9013],[96.3904,26.9249],[96.3514,26.922],[96.3468,26.9015],[96.4045,26.8983],[96.4738,26.8505],[96.5156,26.8745],[96.5403,26.8513],[96.5636,26.8637],[96.5805,26.8435],[96.6053,26.8469],[96.6126,26.8187],[96.6448,26.8235],[96.6839,26.8003],[96.7709,26.8307],[96.7988,26.809],[96.8434,26.8238],[96.8971,26.8025],[96.9139,26.8304],[96.9308,26.8127],[96.9117,26.7756],[96.9647,26.7669],[96.9824,26.7816],[96.9695,26.8056],[96.9863,26.8156],[97.0333,26.7591],[97.0809,26.8114],[97.0532,26.8179],[97.0522,26.8394],[97.0971,26.8359],[97.093,26.878],[97.1147,26.8885],[97.1356,26.8292],[97.1656,26.8137],[97.1204,26.8067],[97.0944,26.7815],[97.1306,26.7635],[97.1307,26.7361],[97.1018,26.7556],[97.0592,26.7083],[97.0845,26.6699],[97.1221,26.6638],[97.1274,26.6274],[97.1666,26.5992],[97.1626,26.5779],[97.1263,26.5908],[97.1165,26.5793],[97.1183,26.5455],[97.1581,26.4726],[97.1357,26.4292],[97.1497,26.3958],[97.1358,26.3613],[97.1557,26.3292],[97.1166,26.2289],[97.1189,26.1958],[97.1388,26.1862],[97.1024,26.156],[97.0899,26.0788],[97.0607,26.0475],[97.0636,26.0197],[97.0183,25.9462],[97.039,25.9198],[96.9677,25.8778],[96.9681,25.854],[96.9969,25.82],[96.9365,25.8474],[96.9084,25.7711],[96.9106,25.7357],[96.9809,25.6625],[96.9721,25.6364],[96.9347,25.6213],[96.9349,25.5872],[96.9575,25.5584],[96.9247,25.5251],[96.957,25.4777],[96.9519,25.4372],[96.9794,25.4347],[97.0061,25.4522],[97.0267,25.4983],[97.1144,25.569],[97.1361,25.6471],[97.1904,25.6536],[97.1756,25.718],[97.2145,25.7638],[97.1696,25.786],[97.1914,25.8562],[97.1609,25.879],[97.1993,25.957],[97.1926,26.0448],[97.2389,26.0684],[97.2112,26.0803],[97.2621,26.1813],[97.2893,26.2029],[97.2759,26.243],[97.2991,26.2515],[97.2783,26.2813],[97.3114,26.3053],[97.3699,26.3178],[97.3819,26.337],[97.3432,26.3788],[97.3641,26.4054],[97.3419,26.4663],[97.4234,26.4875],[97.4231,26.5057],[97.386,26.528],[97.3831,26.5456],[97.4311,26.5959],[97.3608,26.5981],[97.403,26.6305],[97.4484,26.6195],[97.4663,26.642],[97.4644,26.7135],[97.4354,26.7043],[97.431,26.6669],[97.401,26.6696],[97.3912,26.7],[97.4394,26.7361],[97.4004,26.757],[97.424,26.8234],[97.4098,26.8712],[97.4823,26.9302],[97.4581,26.9666],[97.4906,27.0149],[97.482,27.1445],[97.4028,27.1594],[97.4026,27.1803],[97.4393,27.1971],[97.4032,27.2322],[97.3281,27.1844],[97.2605,27.1855],[97.1923,27.2738],[97.1959,27.3141],[97.2481,27.2542],[97.2535,27.2174],[97.2986,27.201],[97.3478,27.2532],[97.2937,27.3024],[97.3073,27.378],[97.2581,27.4369],[97.3152,27.462],[97.2926,27.4905],[97.2935,27.5542],[97.3305,27.5614],[97.3292,27.5983],[97.3643,27.5885],[97.2867,27.655],[97.3114,27.6738],[97.3555,27.6439],[97.405,27.6969],[97.4023,27.6106],[97.432,27.5966],[97.446,27.5687],[97.4887,27.5657],[97.4768,27.5209],[97.5327,27.5014],[97.5194,27.4531],[97.5887,27.422],[97.6268,27.336],[97.6696,27.3971],[97.6982,27.3733],[97.7163,27.3327],[97.7181,27.2287],[97.7305,27.2095],[97.7727,27.2062],[97.7674,27.1589],[97.7821,27.14],[97.7691,27.1195],[97.7888,27.1009],[97.8123,27.1081],[97.8113,27.1386],[97.8404,27.1556],[97.828,27.2373],[97.8566,27.2621],[97.8848,27.3861],[97.9055,27.3949],[97.9084,27.4141],[97.7697,27.5113],[97.7433,27.5545],[97.7647,27.5884],[97.7863,27.553],[97.9121,27.4515],[97.9384,27.4679],[97.9454,27.4969],[97.9627,27.4901],[97.9428,27.4301],[97.9904,27.3885],[97.9556,27.399],[97.9106,27.3644],[97.8609,27.197],[97.869,27.1273],[97.9074,27.1014],[97.8678,27.0694],[97.8817,27.0139],[97.7732,27.0239],[97.7446,27.0072],[97.7662,26.9507],[97.7248,26.848],[97.7458,26.8104],[97.7917,26.7927],[97.8264,26.8067],[97.8408,26.7779],[97.8387,26.7512],[97.7939,26.7227],[97.7836,26.6658],[97.8245,26.6348],[97.8011,26.5682],[97.8113,26.5109],[97.8387,26.5172],[97.8792,26.572],[97.9037,26.5348],[97.9389,26.5529],[97.9424,26.6679],[97.9709,26.7226],[97.9968,26.5878],[97.9839,26.5654],[98.0,26.5457],[98.0,26.5077],[97.8955,26.4482],[97.8912,26.4209],[97.9021,26.3855],[97.9952,26.3737],[98.0,26.3596],[97.9434,26.3344],[97.9243,26.3494],[97.8687,26.3471],[97.8238,26.2866],[97.7609,26.2603],[97.7856,26.219],[97.8232,26.221],[97.8136,26.1595],[97.896,26.1687],[97.904,26.2053],[97.9237,26.1841],[97.9803,26.1886],[98.0,26.1663],[97.9038,26.1481],[97.8614,26.1239],[97.8605,26.0689],[97.9144,26.029],[97.8706,26.0228],[97.8612,25.9984],[97.8828,25.9578],[97.8735,25.8955],[97.8227,25.8273],[97.7371,25.8067],[97.7009,25.7752],[97.7269,25.712],[97.7475,25.7082],[97.7987,25.7576],[97.8876,25.7724],[97.9134,25.7442],[97.9376,25.8222],[98.0,25.8046],[98.0,25.7412],[97.9254,25.6679],[97.9343,25.6449],[97.9724,25.6283],[97.9543,25.602],[97.9095,25.5968],[97.8758,25.5508],[97.9219,25.5265],[97.9561,25.5312],[97.974,25.4816],[97.8678,25.4718],[97.8265,25.4297],[97.8135,25.3678],[97.719,25.3144],[97.6598,25.2444],[97.6348,25.162],[97.6906,25.1301],[97.7238,25.0803],[97.6722,25.0678],[97.6569,25.1076],[97.6182,25.0712],[97.6185,25.0291],[97.6639,24.9969],[97.6441,24.9705],[97.682,24.9324],[97.6452,24.9216],[97.6376,24.9034],[97.6292,24.9226],[97.6035,24.9222],[97.5778,24.8882],[97.5968,24.8707],[97.5927,24.8407],[97.6079,24.8224],[97.5832,24.8041],[97.5854,24.7793],[97.6053,24.7705],[97.5943,24.7371],[97.608,24.7311],[97.5904,24.6639],[97.5708,24.6112],[97.5553,24.6805],[97.5202,24.6726],[97.522,24.6378],[97.4933,24.6128],[97.4844,24.5817],[97.4978,24.588],[97.4991,24.5724],[97.4593,24.4829],[97.4704,24.469],[97.4869,24.4974],[97.4989,24.4854],[97.4616,24.4274],[97.4875,24.4391],[97.5122,24.4267],[97.5034,24.4382],[97.5225,24.4459],[97.52,24.4636],[97.5397,24.4713],[97.5627,24.522],[97.5737,24.4819],[97.5527,24.4445],[97.639,24.4365],[97.5274,24.3976],[97.4444,24.3299],[97.4633,24.2952],[97.4459,24.2867],[97.4281,24.3059],[97.3951,24.2826],[97.4268,24.235],[97.4631,24.2216],[97.4737,24.1916],[97.4092,24.2136],[97.4028,24.2036],[97.4222,24.1862],[97.3947,24.1885],[97.4056,24.1712],[97.3851,24.1546],[97.3779,24.1031],[97.4125,24.0937],[97.4305,24.1304],[97.4363,24.0953],[97.4638,24.0883],[97.465,24.0725],[97.3711,24.0565],[97.3718,24.0194],[97.3444,24.0389],[97.3808,23.9874],[97.3626,23.9602],[97.31,24.0042],[97.3152,23.9553],[97.293,23.8955],[97.3055,23.8762],[97.3383,23.8799],[97.3555,23.8544],[97.3373,23.8364],[97.3201,23.8469],[97.2859,23.8182],[97.2533,23.8142],[97.2811,23.8043],[97.2697,23.7873],[97.2806,23.7611],[97.2203,23.7733],[97.1941,23.754],[97.2134,23.7117],[97.1552,23.7236],[97.111,23.6959],[97.1487,23.6598],[97.135,23.6431],[97.1463,23.6269],[97.1194,23.613],[97.129,23.6024],[97.1972,23.628],[97.1887,23.6655],[97.2265,23.6513],[97.2897,23.6774],[97.2972,23.6898],[97.2784,23.7042],[97.296,23.7248],[97.3257,23.7091],[97.3547,23.7148],[97.3803,23.6931],[97.3974,23.7052],[97.407,23.692],[97.3961,23.6766],[97.4613,23.6739],[97.4904,23.6469],[97.4446,23.6556],[97.3921,23.6419],[97.3696,23.6735],[97.3376,23.665],[97.3654,23.6516],[97.3541,23.5778],[97.278,23.5724],[97.2358,23.5559],[97.1789,23.4944],[97.0951,23.4393],[97.1137,23.4288],[97.1065,23.4193],[97.0302,23.3781],[96.9756,23.3799],[96.9798,23.3199],[96.9621,23.3401],[96.9072,23.3005],[96.8821,23.3406],[96.7951,23.281],[96.8153,23.2683],[96.8028,23.2305],[96.8151,23.2152],[96.8011,23.1983],[96.8191,23.1771],[96.8528,23.1903],[96.8708,23.1606],[96.8874,23.1713],[96.9077,23.1588],[96.9707,23.1891],[96.9786,23.17],[96.9964,23.1714],[97.0011,23.145],[97.0305,23.1302],[97.0127,23.1193],[96.9868,23.1388],[96.953,23.1218],[96.9541,23.1025],[96.9302,23.1304],[96.903,23.1135],[96.9475,23.0726],[96.9453,23.0525],[96.9885,23.0296],[96.9802,23.0113],[96.9292,23.0225],[96.9045,23.0116],[96.8903,23.0237],[96.8763,23.001],[96.7626,22.9917],[96.726,23.0158],[96.6945,23.0116],[96.6848,23.0322],[96.6543,23.0194],[96.6034,23.0392],[96.6084,23.0128],[96.5794,23.0113],[96.5516,23.0571],[96.5309,23.0423],[96.5124,23.0582],[96.4322,23.0491],[96.3694,23.0303],[96.3888,22.9961],[96.3349,22.963],[96.3551,22.9375],[96.3348,22.9198],[96.3464,22.9042],[96.3364,22.869],[96.3102,22.9204],[96.315,22.9546],[96.2948,22.9709],[96.329,22.9834],[96.3467,23.0228],[96.3044,23.0197],[96.2978,23.0414],[96.2722,23.0266],[96.261,23.0485],[96.2302,23.0432],[96.1877,23.0641],[96.1719,23.0447],[96.1361,23.0485],[96.1719,23.0207],[96.1361,23.0117],[96.1742,22.9919],[96.1523,22.9792],[96.1646,22.9542],[96.1175,22.8999],[96.1517,22.8843],[96.18,22.9052],[96.1691,22.8708],[96.1818,22.8426],[96.2054,22.8528],[96.213,22.8883],[96.2398,22.8546],[96.2364,22.835],[96.2699,22.803],[96.2795,22.8217],[96.2957,22.8114],[96.3041,22.8215],[96.3484,22.7927],[96.3916,22.8157],[96.4406,22.7924],[96.4626,22.8048],[96.4903,22.7944],[96.4918,22.7598],[96.4136,22.7892],[96.3877,22.7817],[96.3978,22.7554],[96.3613,22.7557],[96.3551,22.6943],[96.3377,22.7396],[96.2777,22.7378],[96.2962,22.7299],[96.2989,22.7085],[96.2784,22.6588],[96.3363,22.682],[96.3447,22.6531],[96.3819,22.6212],[96.3428,22.5865],[96.3722,22.5554],[96.3606,22.5187],[96.3723,22.5116],[96.3885,22.539],[96.4218,22.5043],[96.3837,22.4274],[96.4322,22.2801],[96.3688,22.2294],[96.4143,22.2372],[96.3942,22.1971],[96.413,22.188],[96.4152,22.1668],[96.3834,22.1623],[96.3582,22.1121],[96.3689,22.0856],[96.3971,22.0865],[96.3706,22.0531],[96.3012,22.0386],[96.2833,21.9852],[96.2957,21.936],[96.3557,21.9821],[96.3884,21.9718],[96.3607,21.9477],[96.3261,21.8334],[96.3292,21.7847],[96.405,21.7716],[96.3945,21.7094],[96.4226,21.7357],[96.4273,21.7708],[96.4483,21.7806],[96.4371,21.7958],[96.4477,21.8124],[96.4252,21.8291],[96.4459,21.8815],[96.4651,21.8612],[96.4693,21.8894],[96.505,21.9132],[96.5106,21.8605],[96.5387,21.8371],[96.5209,21.8106],[96.5723,21.8281],[96.553,21.8472],[96.6065,21.8707],[96.6126,21.9142],[96.6464,21.8859],[96.6982,21.9041],[96.6973,21.9547],[96.6781,21.9543],[96.6891,21.972],[96.6608,22.0376],[96.6806,22.0633],[96.6277,22.0955],[96.6552,22.103],[96.6809,22.1365],[96.6816,22.1628],[96.6509,22.2068],[96.6704,22.2317],[96.7213,22.2403],[96.7568,22.188],[96.7917,21.9877],[96.8388,21.9594],[96.8875,21.964],[96.9115,21.9443],[96.948,21.9456],[96.9573,21.9749],[96.9443,22.0125],[96.9725,22.1125],[96.9226,22.2809],[96.8697,22.3322],[96.7378,22.3359],[96.6931,22.4381],[96.7298,22.4467],[96.7362,22.3861],[96.7537,22.3776],[96.7794,22.3902],[96.821,22.3524],[96.7934,22.4707],[96.8205,22.4801],[96.8799,22.4649],[96.8968,22.4522],[96.8093,22.4526],[96.8439,22.3522],[96.8892,22.3392],[96.9531,22.2781],[97.0219,22.2429],[97.1305,22.2778],[97.1268,22.3046],[97.15,22.3474],[97.1393,22.3792],[97.1199,22.3876],[97.147,22.412],[97.1532,22.4802],[97.1721,22.5135],[97.1595,22.5325],[97.0763,22.5352],[97.0699,22.5463],[97.1074,22.5679],[97.0644,22.6228],[97.0375,22.6332],[97.005,22.6112],[97.0018,22.6209],[97.0137,22.6491],[97.0516,22.6433],[97.0626,22.655],[97.0857,22.6108],[97.119,22.5773],[97.1712,22.5682],[97.2406,22.6117],[97.2456,22.6398],[97.2716,22.6511],[97.3138,22.7117],[97.2616,22.7801],[97.3364,22.7188],[97.3608,22.7547],[97.3731,22.7461],[97.4416,22.9705],[97.4322,23.0525],[97.4044,23.0651],[97.3755,23.0412],[97.3894,22.9615],[97.3615,22.9962],[97.3526,23.0457],[97.3811,23.0703],[97.3529,23.0956],[97.3802,23.101],[97.3914,23.1328],[97.3271,23.1694],[97.3299,23.1808],[97.3729,23.1619],[97.3625,23.1811],[97.3364,23.1865],[97.3484,23.2],[97.3367,23.2217],[97.3629,23.2131],[97.3691,23.1917],[97.3886,23.1947],[97.396,23.2138],[97.4129,23.1941],[97.4126,23.2141],[97.4404,23.193],[97.4711,23.2052],[97.5374,23.1944],[97.5624,23.2226],[97.5627,23.2016],[97.6077,23.1921],[97.648,23.2031],[97.6795,23.2385],[97.7459,23.2437],[97.7954,23.2899],[97.8637,23.286],[98.0,23.3084],[98.0,23.2667],[97.9683,23.2567],[97.9467,23.2096],[97.9041,23.1765],[97.8863,23.1799],[97.9337,23.2501],[97.9042,23.275],[97.8712,23.2434],[97.8041,23.2194],[97.7555,23.2232],[97.7467,23.2031],[97.7157,23.2075],[97.7026,23.1848],[97.6619,23.181],[97.6651,23.1539],[97.6355,23.1374],[97.6468,23.1199],[97.6099,23.0694],[97.6102,23.0304],[97.6308,23.0205],[97.613,22.9931],[97.5776,23.0275],[97.5797,23.0477],[97.5535,23.0619],[97.5482,23.1042],[97.5142,23.1311],[97.4612,23.0979],[97.5093,22.9866],[97.521,23.0221],[97.5657,23.0084],[97.5526,22.9875],[97.5647,22.9458],[97.5172,22.9096],[97.5471,22.8696],[97.4777,22.7932],[97.496,22.7849],[97.5441,22.8228],[97.589,22.8305],[97.5527,22.7863],[97.6317,22.7877],[97.6108,22.7125],[97.6271,22.6688],[97.7641,22.6778],[97.7726,22.6954],[97.7521,22.7043],[97.7496,22.7249],[97.7643,22.7638],[97.7365,22.8048],[97.8129,22.8183],[97.8636,22.8486],[97.9014,22.843],[98.0,22.8661],[98.0,22.7627],[97.9633,22.712],[97.9186,22.721],[97.9014,22.6948],[97.9139,22.6788],[97.9071,22.6573],[97.8773,22.6477],[97.874,22.6116],[97.8268,22.6306],[97.7527,22.5515],[97.7124,22.536],[97.6635,22.5721],[97.5937,22.5498],[97.5498,22.5741],[97.5377,22.5365],[97.5244,22.5577],[97.5077,22.5428],[97.4687,22.5461],[97.4594,22.5168],[97.4719,22.4711],[97.4442,22.4138],[97.4636,22.404],[97.4647,22.379],[97.403,22.3637],[97.397,22.2864],[97.3657,22.2284],[97.3184,22.2304],[97.2686,22.1876],[97.2765,22.1138],[97.3654,22.08],[97.4056,22.0191],[97.4127,22.0388],[97.4645,22.0522],[97.4844,22.1302],[97.5323,22.1534],[97.5364,22.1803],[97.5709,22.1937],[97.5793,22.2148],[97.6054,22.2201],[97.5898,22.1707],[97.5445,22.1231],[97.5716,22.1129],[97.5652,22.0973],[97.5447,22.1054],[97.5466,22.0701],[97.5098,22.065],[97.5145,22.0376],[97.4774,22.0053],[97.5056,21.9709],[97.4965,21.8948],[97.4893,21.9392],[97.4541,21.9752],[97.3928,21.9467],[97.3628,21.9025],[97.368,21.9862],[97.4058,21.9982],[97.3626,22.002],[97.3528,22.0317],[97.2801,22.0404],[97.203,21.9146],[97.2137,21.8794],[97.1779,21.855],[97.1797,21.8105],[97.153,21.8301],[97.1428,21.7736],[97.167,21.7375],[97.1527,21.7109],[97.1818,21.6881],[97.1863,21.6195],[97.2227,21.6118],[97.2113,21.6289],[97.2209,21.6807],[97.2936,21.6111],[97.3107,21.6551],[97.3227,21.6397],[97.3234,21.6054],[97.2938,21.5875],[97.3049,21.5707],[97.2894,21.5533],[97.2454,21.5985],[97.2394,21.5606],[97.2097,21.5464],[97.1974,21.5284],[97.1792,21.5471],[97.1638,21.5276],[97.1368,21.5388],[97.0802,21.4505],[97.0449,21.4619],[97.0728,21.4798],[97.0518,21.4877],[97.0642,21.5304],[97.0421,21.5589],[97.0583,21.654],[97.0463,21.6974],[97.0196,21.7043],[97.0553,21.7532],[97.0423,21.7844],[97.0724,21.8363],[97.0611,21.9125],[97.089,21.9707],[97.0714,21.9985],[97.0045,21.9602],[96.9768,21.971],[96.9758,21.9323],[96.9978,21.9138],[96.996,21.8945],[96.8797,21.9484],[96.84,21.9344],[96.7946,21.9558],[96.8031,21.895],[96.8307,21.8624],[96.8101,21.8538],[96.809,21.824],[96.8555,21.7886],[96.8471,21.761],[96.7998,21.7908],[96.7707,21.7602],[96.7648,21.8046],[96.7367,21.7954],[96.7144,21.8331],[96.6788,21.8113],[96.6625,21.8311],[96.6379,21.8308],[96.6227,21.7941],[96.5781,21.7764],[96.5361,21.7802],[96.5453,21.744],[96.5986,21.7652],[96.6027,21.7453],[96.6248,21.7427],[96.6551,21.7597],[96.6548,21.781],[96.6719,21.7808],[96.6639,21.7294],[96.6357,21.7137],[96.6572,21.6883],[96.5924,21.6632],[96.5868,21.6525],[96.6135,21.6458],[96.5874,21.6275],[96.5691,21.6529],[96.5822,21.6823],[96.5711,21.6899],[96.5471,21.6113],[96.4625,21.5598],[96.4451,21.5614],[96.4492,21.6014],[96.4368,21.5992],[96.4378,21.577],[96.3938,21.5458],[96.4212,21.5191],[96.4565,21.5462],[96.4444,21.5044],[96.4664,21.4858],[96.4543,21.4516],[96.4798,21.4529],[96.497,21.4768],[96.4846,21.5166],[96.5051,21.5353],[96.4974,21.5481],[96.5383,21.5468],[96.5108,21.5223],[96.5306,21.4931],[96.5624,21.5216],[96.5945,21.5024],[96.596,21.5218],[96.6167,21.5128],[96.6387,21.5369],[96.6388,21.5801],[96.5869,21.5712],[96.6049,21.5784],[96.6037,21.5964],[96.6638,21.6197],[96.6534,21.6464],[96.7033,21.6888],[96.7043,21.6523],[96.721,21.6814],[96.7558,21.6802],[96.7274,21.6559],[96.7285,21.6274],[96.8102,21.6095],[96.8139,21.6386],[96.7781,21.6466],[96.839,21.6527],[96.8549,21.7052],[96.9092,21.6117],[96.936,21.6397],[96.9449,21.6011],[96.9726,21.5973],[96.9876,21.5776],[97.0024,21.6226],[97.0375,21.6557],[97.0327,21.5827],[97.0064,21.5531],[96.9933,21.5623],[97.0051,21.5177],[96.9344,21.4879],[96.9108,21.4554],[96.9041,21.4363],[96.8763,21.4903],[96.8892,21.5204],[96.8758,21.5341],[96.8892,21.5389],[96.8407,21.6301],[96.8261,21.6186],[96.8344,21.5846],[96.7848,21.5986],[96.703,21.5888],[96.6778,21.5614],[96.7133,21.5603],[96.6781,21.5386],[96.6734,21.4879],[96.6544,21.4981],[96.6525,21.4797],[96.6959,21.4691],[96.7182,21.4901],[96.7221,21.4628],[96.6794,21.4483],[96.6789,21.4279],[96.6447,21.4474],[96.6552,21.4045],[96.6359,21.3957],[96.6324,21.371],[96.6226,21.4041],[96.6034,21.4126],[96.6221,21.4374],[96.6026,21.4525],[96.6046,21.4725],[96.5779,21.472],[96.5828,21.451],[96.5589,21.4632],[96.5505,21.4423],[96.5634,21.4201],[96.5351,21.4196],[96.5275,21.387],[96.5723,21.379],[96.5436,21.354],[96.5437,21.3359],[96.5626,21.3101],[96.5963,21.3217],[96.6053,21.3059],[96.5872,21.2441],[96.5728,21.2976],[96.5181,21.3239],[96.5032,21.3035],[96.506,21.3477],[96.4395,21.4223],[96.4736,21.3531],[96.4707,21.3111],[96.4523,21.3117],[96.447,21.3402],[96.4367,21.3489],[96.4101,21.3201],[96.3894,21.371],[96.3696,21.3808],[96.3649,21.3303],[96.3342,21.3249],[96.3573,21.3075],[96.343,21.2941],[96.3429,21.2568],[96.3576,21.2596],[96.3506,21.2089],[96.3679,21.1304],[96.4433,20.962],[96.4772,20.9278],[96.4697,20.9974],[96.4969,20.972],[96.5079,20.904],[96.4945,20.8861],[96.5071,20.8634],[96.4763,20.8473],[96.4852,20.7954],[96.5067,20.778],[96.5098,20.7284],[96.539,20.7206],[96.5034,20.6867],[96.419,20.8135],[96.4178,20.7641],[96.439,20.764],[96.4274,20.7459],[96.4347,20.7287],[96.4888,20.6795],[96.4691,20.6707],[96.4536,20.6276],[96.4289,20.6327],[96.4296,20.6025],[96.3882,20.562],[96.3801,20.58],[96.3704,20.5613],[96.3601,20.5701],[96.3639,20.6138],[96.3359,20.6132],[96.2947,20.5649],[96.2836,20.5125],[96.2946,20.4779],[96.3137,20.4884],[96.3485,20.4527],[96.3555,20.3792],[96.3021,20.3883],[96.3109,20.3292],[96.3657,20.3533],[96.3612,20.32],[96.3975,20.2875],[96.3763,20.2693],[96.3757,20.2405],[96.406,20.2207],[96.3767,20.2122],[96.3973,20.1708],[96.3773,20.1453],[96.4047,20.1465],[96.4135,20.1278],[96.3944,20.1185],[96.4392,20.0873],[96.3875,20.0862],[96.3492,20.108],[96.3282,20.0993],[96.3719,20.071],[96.352,20.0546],[96.3544,20.027],[96.3264,20.0407],[96.3105,20.0313],[96.3307,19.9708],[96.3028,19.9551],[96.302,19.9356],[96.3365,19.9404],[96.3623,19.9223],[96.3725,19.8877],[96.3431,19.8874],[96.4,19.8424],[96.4034,19.8654],[96.431,19.8796],[96.3791,19.9973],[96.4538,19.9193],[96.4803,19.9196],[96.5016,19.9653],[96.5396,19.9459],[96.5459,19.9016],[96.5709,19.9016],[96.5819,19.9203],[96.5616,19.9462],[96.5627,19.9727],[96.4946,19.9793],[96.5066,20.0038],[96.4873,20.0024],[96.4775,20.0209],[96.5216,20.0339],[96.5157,20.076],[96.4971,20.1305],[96.444,20.1775],[96.4283,20.2461],[96.4545,20.2567],[96.4955,20.2187],[96.4959,20.2501],[96.5224,20.2458],[96.4645,20.3794],[96.4344,20.3733],[96.4644,20.4031],[96.4366,20.4208],[96.4642,20.4707],[96.4193,20.4956],[96.447,20.4946],[96.4623,20.5394],[96.4813,20.5028],[96.468,20.4916],[96.485,20.4205],[96.5306,20.3291],[96.5268,20.2955],[96.5984,20.178],[96.6027,20.1031],[96.6219,20.0873],[96.6184,20.0623],[96.6555,19.9804],[96.6433,19.9638],[96.7132,19.9311],[96.7006,19.9145],[96.7097,19.8869],[96.7469,19.8625],[96.7201,19.8451],[96.6865,19.8878],[96.6893,19.9215],[96.6438,19.9212],[96.6586,19.8353],[96.6437,19.7956],[96.6632,19.786],[96.6783,19.814],[96.6906,19.8088],[96.6733,19.7472],[96.6522,19.7475],[96.6428,19.7302],[96.6612,19.711],[96.6715,19.7297],[96.6881,19.7049],[96.6851,19.679],[96.7319,19.5943],[96.7117,19.6009],[96.685,19.6474],[96.6918,19.5763],[96.6686,19.5871],[96.6558,19.6297],[96.6364,19.6293],[96.6466,19.6892],[96.6049,19.7304],[96.5879,19.7198],[96.5612,19.7365],[96.5719,19.7636],[96.5462,19.7674],[96.5553,19.7815],[96.5282,19.7947],[96.5244,19.8215],[96.4769,19.821],[96.4885,19.7946],[96.461,19.7614],[96.5054,19.7722],[96.5033,19.7519],[96.5218,19.7373],[96.4939,19.7288],[96.5188,19.6792],[96.5637,19.6468],[96.5621,19.6273],[96.5965,19.6467],[96.6031,19.6017],[96.6312,19.5809],[96.605,19.5277],[96.5933,19.5627],[96.5846,19.5153],[96.6008,19.4777],[96.6393,19.4543],[96.6101,19.4539],[96.6073,19.3865],[96.5699,19.3929],[96.5887,19.4125],[96.5688,19.4211],[96.5689,19.4467],[96.5976,19.4301],[96.5453,19.4686],[96.5723,19.4882],[96.5454,19.502],[96.5486,19.5198],[96.5405,19.53],[96.5112,19.5446],[96.5395,19.5611],[96.5029,19.5695],[96.5305,19.5851],[96.5181,19.5917],[96.5303,19.6052],[96.4791,19.6112],[96.4967,19.6393],[96.4451,19.6642],[96.4636,19.646],[96.4513,19.6334],[96.4607,19.569],[96.478,19.5363],[96.5075,19.5235],[96.4761,19.4942],[96.4824,19.4388],[96.4357,19.4031],[96.491,19.3279],[96.4969,19.3127],[96.4784,19.3024],[96.5388,19.255],[96.5386,19.2295],[96.5176,19.2083],[96.5464,19.1963],[96.5365,19.1785],[96.557,19.1682],[96.5445,19.1027],[96.564,19.1227],[96.5883,19.1175],[96.61,19.1807],[96.6481,19.1542],[96.6377,19.0183],[96.6704,19.0108],[96.6724,19.0234],[96.7031,19.0234],[96.7017,18.9967],[96.7141,18.9938],[96.7324,19.015],[96.711,19.0294],[96.7184,19.0696],[96.749,19.0888],[96.711,19.0877],[96.6928,19.1182],[96.7223,19.1301],[96.6781,19.1447],[96.6533,19.1864],[96.6631,19.1978],[96.6265,19.2219],[96.6464,19.2276],[96.6368,19.2465],[96.664,19.2537],[96.6778,19.2811],[96.6849,19.2301],[96.6969,19.2279],[96.7063,19.296],[96.6367,19.3535],[96.6343,19.375],[96.6793,19.3981],[96.6948,19.3533],[96.7235,19.3276],[96.7183,19.4222],[96.7385,19.3955],[96.7358,19.3703],[96.7547,19.3713],[96.7616,19.3449],[96.7732,19.3526],[96.7529,19.3208],[96.7718,19.3133],[96.761,19.2948],[96.789,19.2371],[96.7798,19.2281],[96.7708,19.2386],[96.7446,19.2392],[96.734,19.2307],[96.728,19.1682],[96.7626,19.1729],[96.7715,19.1443],[96.7876,19.2054],[96.7943,19.1701],[96.8307,19.173],[96.8439,19.1034],[96.8908,19.1197],[96.8865,19.095],[96.9136,19.0705],[96.903,19.0534],[96.9334,19.0223],[96.9305,19.003],[96.9028,18.9949],[96.9302,18.979],[96.9277,18.9038],[96.9548,18.8785],[96.9278,18.861],[96.9037,18.881],[96.8945,18.8442],[96.8727,18.8979],[96.84,18.8931],[96.8381,18.9141],[96.7759,18.9151],[96.7794,18.8932],[96.8133,18.888],[96.8036,18.8691],[96.8311,18.8882],[96.8394,18.8626],[96.819,18.8386],[96.8259,18.822],[96.8718,18.7989],[96.9225,18.7208],[96.8856,18.7273],[96.846,18.7731],[96.7377,18.8234],[96.718,18.789],[96.7645,18.7793],[96.7714,18.745],[96.7425,18.7235],[96.7713,18.7216],[96.7706,18.6938],[96.8111,18.6901],[96.8742,18.651],[96.9053,18.6548],[96.8879,18.635],[96.8604,18.636],[96.9123,18.6226],[96.9031,18.6102],[96.9297,18.5964],[96.9404,18.5694],[96.9291,18.5599],[96.8942,18.5833],[96.8692,18.562],[96.8975,18.5631],[96.9043,18.536],[96.9304,18.5459],[96.9257,18.4988],[96.9469,18.4706],[96.9028,18.4543],[96.9216,18.4387],[96.912,18.4274],[96.9399,18.4125],[96.94,18.3876],[96.8932,18.3527],[96.8886,18.3989],[96.8374,18.4234],[96.8742,18.375],[96.836,18.3555],[96.8277,18.3279],[96.8572,18.3132],[96.8621,18.2941],[96.8856,18.3012],[96.9301,18.3273],[96.9024,18.3472],[96.9461,18.3809],[97.0208,18.3388],[97.0209,18.303],[96.9446,18.3301],[96.9363,18.3035],[96.9637,18.2795],[96.945,18.2717],[96.9554,18.2458],[96.9443,18.2294],[96.9736,18.2095],[97.0051,18.2261],[97.021,18.2636],[97.0294,18.2357],[97.0794,18.252],[97.0958,18.2802],[97.1043,18.261],[97.1234,18.2607],[97.1212,18.244],[97.0876,18.2395],[97.0561,18.2027],[97.0288,18.2061],[97.0188,18.1874],[97.0554,18.172],[97.0362,18.1603],[97.0684,18.1363],[97.0965,18.1441],[97.0779,18.1623],[97.0956,18.1724],[97.1722,18.1388],[97.104,18.1234],[97.1299,18.113],[97.1209,18.0947],[97.0777,18.0961],[97.0973,18.0809],[97.096,18.06],[97.139,18.0636],[97.0919,17.9792],[97.1457,17.9105],[97.1278,17.9361],[97.1433,17.9883],[97.1726,17.9868],[97.2136,18.0352],[97.2114,18.0553],[97.249,18.0816],[97.2468,18.1218],[97.2281,18.1292],[97.2469,18.1383],[97.1856,18.1856],[97.1697,18.239],[97.212,18.2015],[97.2464,18.1964],[97.2601,18.1685],[97.3049,18.1394],[97.286,18.0625],[97.3054,18.0622],[97.319,18.02],[97.3568,18.0453],[97.3321,18.103],[97.3107,18.128],[97.3405,18.1384],[97.3493,18.2434],[97.3376,18.2563],[97.3203,18.2363],[97.3116,18.2443],[97.3149,18.3031],[97.2863,18.3548],[97.3111,18.3359],[97.324,18.3575],[97.3547,18.3464],[97.3775,18.2858],[97.4317,18.2128],[97.4426,18.1472],[97.4711,18.1277],[97.4743,18.2097],[97.4183,18.2621],[97.4232,18.2963],[97.384,18.3572],[97.3966,18.3812],[97.354,18.4053],[97.3452,18.3869],[97.2969,18.447],[97.269,18.4356],[97.257,18.478],[97.2362,18.488],[97.2641,18.5054],[97.2365,18.5712],[97.2553,18.5884],[97.2274,18.6125],[97.2737,18.6445],[97.2468,18.6656],[97.2269,18.6368],[97.2131,18.6643],[97.1782,18.68],[97.2451,18.6845],[97.2552,18.6992],[97.1802,18.7096],[97.161,18.729],[97.1971,18.7384],[97.2312,18.7201],[97.2201,18.7625],[97.2473,18.7961],[97.1983,18.7843],[97.2041,18.8151],[97.1696,18.8041],[97.1821,18.825],[97.1699,18.8456],[97.189,18.8554],[97.1803,18.8965],[97.1512,18.9167],[97.1982,18.9126],[97.1864,18.9454],[97.1971,18.9965],[97.1134,19.0736],[97.1218,19.0367],[97.0612,19.0302],[97.0802,18.9464],[97.07,18.9445],[97.0642,18.9724],[97.0359,18.9961],[97.0479,19.0376],[97.0196,19.0377],[97.0387,19.0551],[97.0015,19.0739],[96.9785,19.0616],[96.9692,19.1044],[97.0167,19.0843],[97.046,19.1053],[97.0524,19.0688],[97.0763,19.0588],[97.0826,19.0927],[97.0585,19.1228],[97.081,19.1378],[97.0457,19.1584],[96.9862,19.1446],[96.9733,19.1816],[96.9555,19.1972],[96.944,19.187],[96.9219,19.2143],[96.9192,19.1782],[96.9033,19.2197],[96.9146,19.2377],[96.8844,19.24],[96.9071,19.2568],[96.893,19.3013],[96.913,19.2964],[96.9114,19.2782],[96.9544,19.2466],[96.9521,19.2191],[97.0111,19.1689],[97.0223,19.1708],[97.0126,19.1887],[97.0392,19.1876],[97.0194,19.2134],[97.0471,19.2114],[97.0365,19.2304],[97.0536,19.2388],[97.0751,19.1875],[97.105,19.1882],[97.093,19.1653],[97.1129,19.1546],[97.1174,19.1287],[97.1296,19.1384],[97.1371,19.1192],[97.1629,19.1277],[97.1721,19.1553],[97.2042,19.1106],[97.199,19.2095],[97.1616,19.2645],[97.2228,19.2283],[97.2214,19.3219],[97.2444,19.2261],[97.2534,19.257],[97.2823,19.2736],[97.2618,19.2958],[97.272,19.3053],[97.2613,19.3458],[97.2776,19.3626],[97.3054,19.3471],[97.3279,19.3022],[97.3441,19.3633],[97.3736,19.3544],[97.361,19.4043],[97.3734,19.438],[97.3264,19.4765],[97.3529,19.4974],[97.3721,19.4777],[97.3531,19.554],[97.3657,19.5736],[97.3977,19.5702],[97.3865,19.6215],[97.4076,19.6069],[97.3999,19.7726],[97.3653,19.8134],[97.3432,19.814],[97.3363,19.8287],[97.3557,19.8469],[97.3269,19.8457],[97.3404,19.9114],[97.3084,19.9561],[97.3385,19.9699],[97.339,19.9896],[97.3638,19.9693],[97.3967,19.9926],[97.3681,20.0128],[97.4227,20.0606],[97.4384,20.1393],[97.4263,19.9819],[97.4434,19.9121],[97.4719,19.8802],[97.4683,19.8556],[97.4883,19.8458],[97.4681,19.8333],[97.488,19.7626],[97.4586,19.6558],[97.4584,19.4147],[97.4419,19.3809],[97.4325,19.1738],[97.4147,19.1282],[97.4052,19.164],[97.3865,19.1484],[97.3752,19.0873],[97.3755,18.9006],[97.3854,18.854],[97.4138,18.8359],[97.4104,18.8862],[97.431,18.8793],[97.4179,18.9184],[97.4411,18.9839],[97.4429,19.1112],[97.4974,19.2198],[97.4864,19.2386],[97.5052,19.2532],[97.4922,19.2708],[97.5051,19.2886],[97.4863,19.3038],[97.5229,19.3213],[97.476,19.3649],[97.5248,19.5275],[97.5007,19.6262],[97.5236,19.672],[97.5267,19.7715],[97.5375,19.7886],[97.5475,19.7617],[97.572,19.8197],[97.5622,19.8299],[97.588,19.8358],[97.5786,19.8547],[97.6056,19.8695],[97.595,19.8792],[97.6053,19.8971],[97.5679,19.8886],[97.5804,19.953],[97.5703,19.9625],[97.5969,19.9934],[97.5848,20.0113],[97.6099,20.0631],[97.6405,20.0884],[97.6277,20.1208],[97.6496,20.184],[97.6431,20.2296],[97.722,20.2906],[97.7713,20.2901],[97.8107,20.2585],[97.8572,20.2866],[97.8989,20.3971],[97.8844,20.4403],[97.895,20.4636],[97.9098,20.4119],[97.9357,20.3853],[97.9629,20.3848],[98.0,20.4126],[98.0,20.2724],[97.976,20.2332],[97.9969,20.2124],[97.9532,20.1989],[97.9251,20.1291],[97.9622,20.1018],[97.9964,20.1047],[98.0,20.0836],[97.8792,20.0815],[97.8273,20.0059],[97.8227,19.9607],[97.7695,19.921],[97.7835,19.8938],[97.7696,19.8681],[97.8135,19.8443],[97.8157,19.8995],[97.8033,19.9127],[97.8392,19.9278],[97.8203,19.9398],[97.8489,19.9467],[97.8529,19.972],[97.8719,19.9613],[97.872,19.9818],[97.895,19.9615],[97.9129,19.9694],[97.9127,19.9888],[97.9462,19.9602],[97.9085,20.0092],[97.9136,20.0239],[97.9385,20.0223],[98.0,19.9455],[98.0,19.9205],[97.9673,19.9299],[97.9543,19.8861],[97.9275,19.9191],[97.9297,19.9393],[97.8887,19.9199],[97.8708,19.9312],[97.8528,19.9039],[97.8634,19.8616],[97.8424,19.8494],[97.8547,19.8283],[97.8191,19.8207],[97.9386,19.7192],[97.9274,19.7117],[97.854,19.7721],[97.8116,19.7368],[97.813,19.766],[97.7862,19.772],[97.8226,19.7889],[97.8029,19.7962],[97.7865,19.8394],[97.7614,19.8298],[97.7511,19.7834],[97.7806,19.7114],[97.7357,19.7199],[97.7891,19.6801],[97.7904,19.6628],[97.7296,19.6863],[97.7167,19.7074],[97.7084,19.6798],[97.6943,19.6888],[97.6845,19.6725],[97.73,19.6533],[97.6675,19.6501],[97.6876,19.6275],[97.7491,19.6493],[97.7728,19.6393],[97.7527,19.6116],[97.7861,19.6147],[97.789,19.5947],[97.7439,19.5777],[97.7888,19.5617],[97.7422,19.5074],[97.7796,19.4891],[97.7781,19.46],[97.8076,19.4545],[97.828,19.4106],[97.8712,19.4478],[97.8779,19.4027],[97.9131,19.4105],[97.9036,19.4226],[97.9478,19.4523],[98.0,19.5703],[98.0,18.9506],[97.9776,18.9541],[97.9785,18.9274],[98.0,18.9316],[98.0,18.8993],[97.9785,18.8894],[97.9884,18.8768],[97.9694,18.8624],[98.0,18.853],[98.0,18.8203],[97.9583,18.779],[97.9662,18.7678],[98.0,18.7752],[98.0,18.7491],[97.9601,18.7544],[97.9661,18.7025],[97.9496,18.677],[97.9552,18.6598],[97.9823,18.6684],[97.9611,18.6457],[97.9629,18.5596],[97.977,18.6126],[98.0,18.6333],[98.0,18.5043],[97.9803,18.5311],[97.9746,18.5086],[97.9783,18.4842],[97.9961,18.4883],[97.9998,18.4753],[98.0,18.3425],[97.995,18.3638],[97.9761,18.3234],[98.0,18.3045],[97.9668,18.2875],[97.9793,18.2606],[98.0,18.2878],[98.0,18.1125],[97.9858,18.1217],[97.9669,18.0787],[97.9714,18.0697],[97.9815,18.0888],[98.0,18.0643],[97.9884,18.02],[97.9693,18.0124],[97.9855,17.9625],[98.0,17.9571],[98.0,17.6541],[97.9696,17.6711],[97.9809,17.6957],[97.9598,17.7385],[97.966,17.7845],[97.9391,17.8397],[97.9267,17.8367],[97.9219,17.7862],[97.9023,17.7882],[97.8915,17.7564],[97.9156,17.7112],[97.9102,17.6711],[97.9368,17.645],[97.9473,17.6537],[97.9446,17.6281],[97.9967,17.6131],[97.9861,17.5878],[98.0,17.5825],[98.0,17.391],[97.9533,17.4056],[97.9356,17.3626],[97.9698,17.2946],[97.9948,17.2773],[98.0,17.2875],[98.0,15.7764],[97.9834,15.7707],[98.0,15.7455],[98.0,14.6623],[97.9838,14.7025],[97.9971,14.7235],[97.9593,14.7398],[97.9822,14.7778],[97.9531,14.7792],[97.9652,14.8275],[97.9369,14.8536],[97.9312,14.8884],[97.8693,14.855],[97.8989,14.8198],[97.8752,14.7792],[97.8999,14.7374],[97.8682,14.7092],[97.8267,14.7539],[97.7945,14.8709],[97.8097,14.9945],[97.8319,14.9962],[97.8474,15.0364],[97.8285,15.0474],[97.8134,15.011],[97.7932,15.0132],[97.8239,15.0654],[97.8,15.0774],[97.8306,15.1377],[97.8107,15.1862],[97.8572,15.1632],[97.8631,15.1437],[97.8811,15.1793],[97.8525,15.2045],[97.8727,15.2382],[97.8273,15.2274],[97.8125,15.2732],[97.7792,15.2108],[97.762,15.2117],[97.7636,15.2313],[97.734,15.2569],[97.7414,15.2975],[97.7264,15.3431],[97.7477,15.3283],[97.7429,15.3777],[97.7825,15.4082],[97.7445,15.4863],[97.758,15.541],[97.7167,15.7145],[97.7639,15.7266],[97.7358,15.7541],[97.7601,15.7723],[97.7812,15.745],[97.7701,15.7883],[97.7978,15.7803],[97.7643,15.8214],[97.7267,15.8307],[97.7195,15.8468],[97.7474,15.8873],[97.7044,15.9112],[97.7056,15.9298],[97.679,15.92],[97.6789,15.9485],[97.6361,15.9442],[97.6115,15.9596],[97.6136,15.9884],[97.5954,15.9869],[97.5774,16.0107],[97.5608,16.0711],[97.6059,16.0785],[97.6028,16.1208],[97.6411,16.259],[97.6171,16.3516],[97.6257,16.4929],[97.6554,16.503],[97.67,16.5405],[97.7056,16.5636],[97.6626,16.5665],[97.6559,16.6059],[97.6101,16.6622],[97.6042,16.7727],[97.5915,16.7001],[97.6166,16.639],[97.6134,16.5034],[97.463,16.5308],[97.4363,16.4979],[97.4114,16.5038],[97.4375,16.5234],[97.397,16.5137],[97.34,16.4674],[97.285,16.5287],[97.2739,16.6109],[97.2511,16.6147],[97.2725,16.6528],[97.2656,16.7114],[97.2184,16.7621],[97.2071,16.8521],[97.1853,16.8629],[97.1818,16.9126],[97.1516,16.9652],[97.1719,16.9783],[97.1512,16.9949],[97.1626,17.0148],[97.1795,17.0088],[97.183,17.0357],[97.181,17.0477],[97.1649,17.0639],[97.1514,17.0554],[97.1606,17.0962],[97.2009,17.1253],[97.2303,17.0952],[97.2298,17.156],[97.2035,17.1362],[97.1927,17.1481],[97.2222,17.1716],[97.1882,17.2054],[97.1535,17.2108],[97.1612,17.232],[97.1444,17.2195],[97.134,17.2383],[97.1455,17.2014],[97.1128,17.1917],[97.0956,17.2051],[97.0852,17.1954],[97.0714,17.2308],[97.0462,17.228],[97.0197,17.2563],[97.0022,17.2452],[97.0047,17.2825],[96.9181,17.3621],[96.9393,17.3879],[96.9199,17.3865],[96.9212,17.4058],[96.9019,17.4069],[96.9131,17.4243],[96.8852,17.4308],[96.8986,17.4597],[96.8801,17.5057],[96.8684,17.5035],[96.871,17.4687],[96.8622,17.4807],[96.8219,17.4765],[96.8196,17.4885],[96.8471,17.4873],[96.8197,17.521],[96.8303,17.5638],[96.8032,17.5723],[96.7894,17.5419],[96.7525,17.5609],[96.7864,17.6055],[96.7878,17.5858],[96.8804,17.5947],[96.887,17.6211],[96.8989,17.6141],[96.893,17.6528],[96.9137,17.6769],[96.9141,17.7041],[96.8768,17.7143],[96.8868,17.7555],[96.8545,17.7183],[96.8312,17.7388],[96.8249,17.7291],[96.828,17.7114],[96.8623,17.7139],[96.8884,17.6974],[96.8524,17.6872],[96.8796,17.673],[96.8792,17.6527],[96.846,17.6603],[96.8387,17.6888],[96.8177,17.6996],[96.7946,17.6969],[96.7955,17.668],[96.7683,17.6716],[96.7824,17.6823],[96.7778,17.7222],[96.8153,17.7135],[96.7948,17.7284],[96.7947,17.7541],[96.8152,17.7461],[96.831,17.7972],[96.7944,17.8221],[96.8305,17.8533],[96.818,17.8734],[96.8287,17.8977],[96.8562,17.9048],[96.8183,17.9215],[96.8227,17.9548],[96.8111,17.9445],[96.7943,17.9565],[96.8293,17.9979],[96.8726,18.0051],[96.8422,18.1425],[96.8484,18.1789],[96.8191,18.1855],[96.7806,18.3463],[96.762,18.3452],[96.7553,18.3881],[96.73,18.4054],[96.667,18.393],[96.612,18.431],[96.5777,18.3804],[96.5963,18.3701],[96.5699,18.3636],[96.581,18.3478],[96.5595,18.3081],[96.5722,18.2792],[96.5102,18.2787],[96.6457,18.2223],[96.6639,18.1972],[96.655,18.1765],[96.7149,18.1945],[96.6661,18.1672],[96.5941,18.1717],[96.6387,18.1542],[96.603,18.1459],[96.6132,18.1374],[96.6023,18.1108],[96.6198,18.0864],[96.6404,18.083],[96.6193,18.0713],[96.6195,18.0446],[96.7127,18.0229],[96.7117,18.0105],[96.661,18.0117],[96.7126,17.9978],[96.7278,17.9775],[96.7544,17.9967],[96.8136,17.9875],[96.7865,17.9803],[96.7848,17.9583],[96.7535,17.956],[96.7638,17.9447],[96.7446,17.9043],[96.7552,17.8947],[96.7259,17.888],[96.7024,17.8469],[96.7124,17.827],[96.7389,17.8275],[96.7569,17.8599],[96.7488,17.7887],[96.731,17.7606],[96.7126,17.7443],[96.6597,17.754],[96.722,17.7293],[96.6858,17.6716],[96.6714,17.6693],[96.6452,17.7008],[96.6558,17.7293],[96.6424,17.7331],[96.6195,17.722],[96.6392,17.6971],[96.6289,17.6609],[96.5926,17.6643],[96.6138,17.7055],[96.5702,17.692],[96.5454,17.7059],[96.536,17.6951],[96.5803,17.6706],[96.5274,17.6554],[96.5721,17.6456],[96.5527,17.6138],[96.572,17.6031],[96.5428,17.593],[96.5637,17.5779],[96.5344,17.5584],[96.5485,17.5252],[96.5361,17.5183],[96.5622,17.4858],[96.5797,17.4923],[96.5809,17.5121],[96.5601,17.5181],[96.5827,17.5247],[96.6222,17.4765],[96.6631,17.4857],[96.653,17.4983],[96.6766,17.5151],[96.6811,17.4926],[96.73,17.4979],[96.7232,17.4709],[96.6951,17.4582],[96.6368,17.4653],[96.6198,17.4292],[96.6304,17.3944],[96.6036,17.3948],[96.6218,17.4141],[96.5725,17.4072],[96.572,17.3779],[96.5429,17.3673],[96.5024,17.3804],[96.5209,17.4053],[96.5281,17.3777],[96.5408,17.3858],[96.5469,17.4305],[96.5296,17.4198],[96.5059,17.4478],[96.4771,17.45],[96.4673,17.4324],[96.4885,17.4117],[96.4366,17.4145],[96.4736,17.3781],[96.4503,17.3645],[96.4662,17.2586],[96.4368,17.2558],[96.4433,17.2351],[96.4091,17.2418],[96.4729,17.1876],[96.4624,17.1278],[96.4276,17.1376],[96.4281,17.1633],[96.4479,17.1798],[96.4211,17.1695],[96.4116,17.1884],[96.4022,17.1703],[96.3536,17.211],[96.3542,17.2306],[96.3365,17.2136],[96.339,17.1765],[96.3021,17.2127],[96.3038,17.2394],[96.278,17.2387],[96.2929,17.2007],[96.2708,17.2053],[96.2537,17.1985],[96.2474,17.2392],[96.2375,17.2191],[96.2119,17.2226],[96.2219,17.1879],[96.197,17.1527],[96.1805,17.1805],[96.1578,17.1915],[96.129,17.1607],[96.1114,17.1636],[96.0943,17.1029],[96.1498,17.0225],[96.1289,16.9443],[96.061,17.012],[96.0706,17.0226],[96.0887,17.0112],[96.0891,17.0303],[96.0516,17.0619],[96.0727,17.0869],[96.0597,17.089],[96.0485,17.1634],[96.0195,17.1721],[96.0322,17.1331],[96.0028,17.1121],[96.0052,16.996],[95.9771,16.9796],[96.0055,16.9781],[95.9608,16.9375],[95.9881,16.9382],[95.999,16.9113],[96.007,16.7985],[95.9844,16.7736],[96.0137,16.7651],[96.0163,16.7253],[95.9849,16.7305],[95.9697,16.7041],[95.9874,16.6862],[96.0133,16.7054],[96.0277,16.6844],[96.0367,16.7303],[96.0709,16.7393],[96.0889,16.7184],[96.1075,16.7272],[96.0931,16.7015],[96.1054,16.6873],[96.0984,16.6286],[96.0883,16.6111],[96.0691,16.6206],[96.069,16.5784],[96.0864,16.5974],[96.0972,16.5805],[96.0671,16.5577],[96.082,16.4891],[96.0445,16.4626],[96.0656,16.4485],[96.0441,16.4205],[96.0817,16.4015],[96.0643,16.3701],[96.0399,16.3971],[96.0276,16.3855],[95.9693,16.4279],[96.0058,16.4971],[95.961,16.4971],[95.9715,16.4542],[95.9374,16.4191],[95.9014,16.4724],[95.9105,16.5532],[95.9385,16.5699],[95.9462,16.597],[95.9881,16.6007],[95.9806,16.6388],[95.9543,16.6279],[95.9479,16.6625],[95.9232,16.6804],[95.8923,16.6755],[95.8796,16.6969],[95.8507,16.696],[95.8581,16.7161],[95.8284,16.7135],[95.8139,16.6932],[95.7611,16.7405],[95.7658,16.7054],[95.7278,16.6972],[95.7205,16.6527],[95.697,16.7052],[95.653,16.7138],[95.6652,16.6971],[95.644,16.6537],[95.6803,16.6361],[95.6618,16.6709],[95.6697,16.6886],[95.6971,16.6722],[95.7144,16.6372],[95.6943,16.6296],[95.7023,16.5949],[95.7195,16.631],[95.7282,16.6032],[95.7388,16.6139],[95.7657,16.6024],[95.755,16.5534],[95.7206,16.5893],[95.6984,16.5295],[95.6788,16.531],[95.6748,16.5123],[95.7239,16.4842],[95.7654,16.478],[95.7721,16.4881],[95.753,16.4964],[95.7621,16.5059],[95.7968,16.4893],[95.7691,16.4543],[95.7698,16.4184],[95.7891,16.4039],[95.7694,16.3806],[95.786,16.3449],[95.7944,16.3976],[95.8032,16.3696],[95.8205,16.3972],[95.8226,16.3761],[95.8459,16.388],[95.8549,16.3698],[95.8615,16.3886],[95.8809,16.3917],[95.8952,16.3689],[95.9182,16.3986],[95.9409,16.3751],[95.9194,16.3615],[95.9538,16.3607],[95.9694,16.3981],[95.97,16.3696],[96.0129,16.3817],[96.0648,16.3359],[96.0443,16.2886],[96.0483,16.2629],[96.0283,16.2634],[96.0381,16.2524],[95.9201,16.2032],[95.9739,16.2971],[95.9739,16.3363],[95.9621,16.3481],[95.9661,16.3007],[95.9476,16.2524],[95.8901,16.1947],[95.8715,16.1954],[95.8983,16.229],[95.903,16.2638],[95.9391,16.2787],[95.9472,16.315],[95.9098,16.3387],[95.9027,16.3284],[95.9304,16.3198],[95.9218,16.2929],[95.9012,16.2859],[95.8894,16.2273],[95.776,16.1348],[95.7607,16.1449],[95.7738,16.1641],[95.7805,16.222],[95.7526,16.2214],[95.7664,16.169],[95.7486,16.1348],[95.7473,16.1796],[95.7347,16.1808],[95.719,16.2469],[95.7088,16.1672],[95.7398,16.1165],[95.7105,16.0791],[95.6882,16.0033],[95.4505,15.9995],[95.4107,15.964],[95.4228,15.9427],[95.4798,15.9394],[95.486,15.9021],[95.485,15.9287],[95.5136,15.9198],[95.5174,15.9498],[95.5342,15.92],[95.5887,15.912],[95.5546,15.8767],[95.5272,15.8881],[95.5724,15.8566],[95.556,15.8275],[95.4614,15.7552],[95.4627,15.7354],[95.4128,15.7101],[95.3376,15.7005],[95.2944,15.7112],[95.2773,15.8397],[95.2878,15.8556],[95.3061,15.8367],[95.3098,15.9045],[95.3556,15.9373],[95.3619,15.9632],[95.3814,15.953],[95.4313,15.9954],[95.3695,16.0029],[95.3347,16.097],[95.3471,16.1218],[95.3195,16.1276],[95.3266,16.1796],[95.3561,16.2028],[95.3342,16.207],[95.3411,16.2581],[95.3284,16.2875],[95.3555,16.3236],[95.3445,16.3299],[95.3296,16.303],[95.3112,16.3223],[95.3154,16.2798],[95.2973,16.268],[95.2612,16.2966],[95.3013,16.3386],[95.3316,16.3459],[95.304,16.3485],[95.2794,16.3275],[95.2528,16.3567],[95.2282,16.3451],[95.2258,16.3606],[95.2835,16.3901],[95.3118,16.3612],[95.3296,16.3887],[95.3379,16.3684],[95.3716,16.3608],[95.3529,16.3968],[95.3696,16.4304],[95.4058,16.4464],[95.4059,16.4713],[95.3851,16.4721],[95.3868,16.5131],[95.451,16.5074],[95.4549,16.494],[95.4722,16.5101],[95.4452,16.5189],[95.447,16.5469],[95.4196,16.5543],[95.4405,16.5766],[95.4196,16.5795],[95.4031,16.6195],[95.4169,16.6459],[95.4032,16.6711],[95.4388,16.6779],[95.4452,16.7139],[95.4776,16.7013],[95.4846,16.7216],[95.514,16.7283],[95.4609,16.7463],[95.4977,16.7537],[95.4764,16.7933],[95.5129,16.826],[95.5036,16.8384],[95.5978,16.8545],[95.5793,16.889],[95.5709,16.8691],[95.5302,16.8529],[95.4971,16.8651],[95.4779,16.8468],[95.4844,16.8143],[95.4553,16.8091],[95.4431,16.8529],[95.4643,16.8461],[95.443,16.8935],[95.4605,16.899],[95.4696,16.8847],[95.477,16.9216],[95.5043,16.9166],[95.4943,16.9531],[95.5134,16.9651],[95.5552,16.9405],[95.5693,16.9033],[95.5817,16.9098],[95.5893,16.9219],[95.5614,16.9521],[95.5643,16.9714],[95.5467,16.9596],[95.5334,16.9771],[95.5726,17.0294],[95.5548,17.0317],[95.5208,16.9917],[95.0087,16.9913],[94.9999,16.8167],[95.0151,16.7848],[95.0011,16.7735],[95.0407,16.75],[95.0281,16.7303],[95.0379,16.719],[95.0111,16.7114],[95.0373,16.7019],[95.0622,16.7388],[95.0829,16.7207],[95.06,16.7121],[95.0556,16.669],[95.0356,16.6904],[95.0004,16.6916],[95.0014,16.3499],[95.0216,16.3375],[95.0011,16.3262],[95.0039,16.2582],[94.9477,16.2107],[94.9037,16.2067],[94.8608,16.1726],[94.8415,16.1166],[94.858,16.0255],[94.8393,15.9939],[94.8127,15.9777],[94.8023,15.9965],[94.8061,15.9625],[94.7531,15.9219],[94.7485,15.8871],[94.7129,15.8435],[94.6863,15.8365],[94.6522,15.8522],[94.639,15.888],[94.6028,15.9196],[94.674,15.9537],[94.7388,16.0113],[94.7349,16.0629],[94.7799,16.1024],[94.7611,16.1219],[94.7965,16.144],[94.793,16.1691],[94.8058,16.1713],[94.8038,16.2064],[94.7809,16.1524],[94.7516,16.1295],[94.7547,16.102],[94.7183,16.0712],[94.7144,16.0191],[94.682,15.9864],[94.6629,15.978],[94.6033,15.9952],[94.6773,16.1298],[94.6926,16.1181],[94.7311,16.1273],[94.7133,16.1554],[94.6859,16.1358],[94.6755,16.1576],[94.6968,16.1701],[94.7036,16.2075],[94.713,16.2132],[94.7217,16.1947],[94.749,16.232],[94.7044,16.2561],[94.7049,16.2264],[94.6864,16.2194],[94.6693,16.2372],[94.7141,16.3862],[94.7013,16.47],[94.7318,16.5036],[94.7518,16.5711],[94.7982,16.5871],[94.7511,16.5802],[94.7231,16.5122],[94.6872,16.4935],[94.6759,16.5181],[94.6989,16.547],[94.7044,16.6309],[94.6611,16.4805],[94.683,16.4003],[94.6523,16.3954],[94.6621,16.3694],[94.6819,16.3637],[94.631,16.269],[94.5767,16.2373],[94.6151,16.2872],[94.6117,16.3216],[94.6477,16.3274],[94.6645,16.353],[94.6306,16.343],[94.6287,16.3645],[94.6011,16.328],[94.605,16.2855],[94.5605,16.2561],[94.5558,16.2105],[94.5194,16.2047],[94.4155,16.0616],[94.3447,16.047],[94.3396,15.9953],[94.3047,16.0017],[94.2953,16.0221],[94.2874,16.0026],[94.2697,16.0054],[94.2733,15.979],[94.2485,15.9509],[94.2222,16.0128],[94.2102,16.0129],[94.2029,16.0958],[94.2242,16.1571],[94.2265,16.2514],[94.2414,16.2691],[94.234,16.3262],[94.2638,16.3961],[94.2744,16.4923],[94.2612,16.5291],[94.287,16.5386],[94.3212,16.5264],[94.3486,16.5622],[94.3343,16.6016],[94.3656,16.6554],[94.3594,16.7198],[94.3851,16.7651],[94.4073,16.7649],[94.3778,16.8805],[94.3868,16.905],[94.4142,16.894],[94.4476,16.9357],[94.4529,17.0471],[94.4912,17.1079],[94.4508,17.1688],[94.4826,17.1743],[94.5017,17.1594],[94.5241,17.1698],[94.5323,17.1864],[94.5017,17.2205],[94.5014,17.2715],[94.5115,17.2886],[94.5374,17.2853],[94.5475,17.3072],[94.5712,17.2859],[94.5903,17.3051],[94.5886,17.3303],[94.5697,17.3292],[94.5835,17.3897],[94.567,17.4292],[94.5806,17.4461],[94.5758,17.5511],[94.5998,17.5644],[94.5699,17.5572],[94.5705,17.5264],[94.5515,17.5368],[94.5518,17.5798],[94.5798,17.5774],[94.5847,17.6275],[94.5977,17.6309],[94.585,17.6487],[94.5605,17.6388],[94.5348,17.7052],[94.5236,17.8042],[94.4926,17.7921],[94.5056,17.8138],[94.4851,17.8521],[94.5148,17.8955],[94.5101,17.9206],[94.5401,17.9372],[94.5181,17.9294],[94.5222,17.9648],[94.4956,17.9899],[94.447,17.9691],[94.4353,17.9871],[94.4972,18.0123],[94.4669,18.1027],[94.4904,18.1195],[94.4439,18.1374],[94.4733,18.1555],[94.459,18.2141],[94.4811,18.2381],[94.4524,18.231],[94.4295,18.2023],[94.4134,18.2556],[94.3279,18.2446],[94.3198,18.2721],[94.3536,18.3051],[94.3725,18.2846],[94.3963,18.2857],[94.4054,18.3468],[94.3733,18.3723],[94.368,18.3594],[94.3445,18.3694],[94.347,18.4135],[94.3031,18.453],[94.2966,18.4822],[94.2615,18.5043],[94.2505,18.5961],[94.2637,18.6126],[94.2418,18.6377],[94.2643,18.6472],[94.2552,18.6738],[94.2167,18.6978],[94.2554,18.6945],[94.2529,18.7388],[94.2865,18.7643],[94.2923,18.7141],[94.3142,18.7119],[94.2984,18.765],[94.2439,18.7876],[94.2718,18.806],[94.2277,18.8213],[94.2968,18.8272],[94.2614,18.8613],[94.281,18.8806],[94.27,18.8893],[94.2129,18.8692],[94.2135,18.8885],[94.1369,18.9357],[94.147,18.9471],[94.1344,18.9684],[94.196,18.9524],[94.2259,18.9743],[94.2537,18.9445],[94.2567,18.9541],[94.2371,18.9899],[94.2154,18.9854],[94.2026,18.9996],[94.1654,18.9838],[94.1398,19.0138],[94.1109,19.0122],[94.1437,19.0556],[94.1895,19.0126],[94.1442,19.0711],[94.1657,19.0788],[94.1893,19.1028],[94.1701,19.1111],[94.1802,19.1217],[94.1531,19.1435],[94.1636,19.1554],[94.151,19.1751],[94.1881,19.1856],[94.1765,19.2015],[94.1893,19.2221],[94.1362,19.2447],[94.1454,19.265],[94.1182,19.2667],[94.1274,19.3061],[94.1625,19.2693],[94.1905,19.3069],[94.1649,19.3705],[94.1529,19.3618],[94.1364,19.3867],[94.1478,19.4125],[94.0977,19.4726],[94.0442,19.4794],[94.0433,19.5121],[94.064,19.5218],[94.0221,19.5475],[94.0047,19.5195],[93.971,19.5481],[93.9472,19.5444],[93.9553,19.5885],[93.9446,19.5784],[93.9377,19.5978],[93.9198,19.5969],[93.9303,19.5784],[93.9108,19.5779],[93.9324,19.5081],[93.9092,19.5007],[93.9129,19.5142],[93.8689,19.5457],[93.8726,19.5709],[93.8519,19.5806],[93.8638,19.6137],[93.8209,19.603],[93.8112,19.6234],[93.7443,19.6364],[93.7586,19.6581],[93.8054,19.6444],[93.8136,19.6903],[93.8643,19.679],[93.7895,19.8624],[93.7276,19.8936],[93.7556,19.922],[93.7042,19.9312],[93.6111,19.8607],[93.5942,19.8721],[93.6129,19.8895],[93.5825,19.8761],[93.5431,19.8955],[93.5641,19.9037],[93.5512,19.9276],[93.5772,19.964],[93.5364,19.9232],[93.5319,19.8723],[93.5025,19.8384],[93.5225,19.7435],[93.512,19.7365],[93.5054,19.7637],[93.479,19.7599],[93.4449,19.7845],[93.4315,19.8712],[93.4022,19.931],[93.4303,19.9557],[93.4608,19.9034],[93.4931,19.9007],[93.5047,19.9231],[93.5219,19.9196],[93.5304,19.9547],[93.5132,19.9566],[93.4839,19.9258],[93.4744,19.9714],[93.446,19.9601],[93.446,19.9889],[93.4286,19.97],[93.4294,19.9888],[93.4114,19.9962],[93.4176,20.0191],[93.4478,20.0289],[93.4279,20.064],[93.4389,20.0718],[93.4642,20.0392],[93.4776,19.9953],[93.5059,20.0039],[93.4946,19.9527],[93.5644,20.0306],[93.5287,20.0343],[93.469,20.1104],[93.4551,20.1572],[93.4102,20.1794],[93.4402,20.1879],[93.4186,20.207],[93.4302,20.2233],[93.4115,20.239],[93.4025,20.1949],[93.3517,20.321],[93.3888,20.2977],[93.3575,20.3465],[93.3458,20.3278],[93.335,20.3452],[93.33,20.3823],[93.3707,20.3971],[93.3792,20.3696],[93.4059,20.387],[93.3364,20.5198],[93.3242,20.6031],[93.2987,20.5925],[93.2861,20.6111],[93.3228,20.6465],[93.2782,20.6277],[93.2807,20.6619],[93.2538,20.6952],[93.257,20.7207],[93.2376,20.7028],[93.2135,20.7152],[93.2236,20.664],[93.2096,20.6607],[93.2138,20.6292],[93.1942,20.6382],[93.1982,20.6133],[93.1866,20.6111],[93.1427,20.7238],[93.1728,20.7377],[93.1274,20.7523],[93.0889,20.8712],[93.0761,20.8722],[93.0559,20.931],[92.9788,20.9977],[92.969,20.9875],[92.9895,20.981],[92.9905,20.9557],[92.9452,20.9197],[92.9482,20.9462],[92.9198,20.9878],[92.9305,21.0133],[92.9027,21.0409],[92.8843,21.0321],[92.8941,21.0038],[92.9079,21.006],[92.892,20.9709],[92.9053,20.9042],[92.8776,20.9043],[92.9151,20.8713],[92.9258,20.7674],[92.9404,20.7499],[92.9297,20.7027],[92.9019,20.746],[92.9026,20.6612],[92.9899,20.5295],[93.025,20.3954],[93.0118,20.3609],[93.013,20.3807],[92.9931,20.3806],[93.0055,20.396],[92.9969,20.4303],[92.978,20.4391],[92.985,20.3789],[93.0142,20.3378],[92.9939,20.3292],[92.9905,20.2645],[92.9597,20.2338],[92.8847,20.2559],[92.9131,20.2689],[92.913,20.2983],[92.9641,20.3136],[92.933,20.2675],[92.9819,20.3044],[92.9379,20.3397],[92.876,20.3445],[92.8454,20.3784],[92.8739,20.4063],[92.8974,20.4031],[92.8987,20.4211],[92.8607,20.4523],[92.7719,20.622],[92.737,20.6106],[92.7171,20.646],[92.7388,20.6563],[92.6553,20.7637],[92.6356,20.7775],[92.6296,20.8075],[92.6137,20.8224],[92.5953,20.8118],[92.5693,20.8463],[92.5885,20.8616],[92.5839,20.8994],[92.5972,20.9067],[92.5816,20.9219],[92.503,20.9482],[92.4676,20.9443],[92.4761,20.8805],[92.5387,20.8053],[92.5273,20.7535],[92.5631,20.7551],[92.5446,20.7436],[92.5899,20.6945],[92.5996,20.6439],[92.5862,20.6197],[92.606,20.6298],[92.6401,20.5711],[92.6369,20.5191],[92.6533,20.503],[92.6727,20.512],[92.6597,20.5545],[92.6953,20.58],[92.7134,20.5554],[92.7414,20.4493],[92.7177,20.425],[92.7389,20.4127],[92.7166,20.3624],[92.7308,20.2957],[92.7033,20.3178],[92.6106,20.4875],[92.5983,20.5457],[92.5751,20.5345],[92.5368,20.545],[92.5571,20.5598],[92.5349,20.5655],[92.523,20.6375],[92.4517,20.7121],[92.4363,20.754],[92.4572,20.7615],[92.4286,20.7761],[92.4301,20.7982],[92.4118,20.8124],[92.4245,20.8326],[92.4054,20.9063],[92.3697,20.9197],[92.3833,20.9436],[92.3682,20.9654],[92.3801,20.9791],[92.364,21.0801],[92.3065,21.2543],[92.2599,21.2792],[92.2689,21.2525],[92.298,21.229],[92.2858,21.2204],[92.3028,21.1788],[92.3237,21.1616],[92.3006,21.1177],[92.3017,21.0964],[92.3156,21.0928],[92.3049,21.0698],[92.2478,21.1642],[92.2219,21.1601],[92.222,21.1802],[92.1707,21.1972],[92.1446,21.1709],[92.1568,21.1583],[92.1453,21.1423],[92.1824,21.1301],[92.1779,21.1029],[92.1974,21.1132],[92.2026,21.0945],[92.2303,21.0623],[92.2271,20.995],[92.2638,21.0042],[92.2441,20.9697],[92.2773,20.896],[92.2988,20.8858],[92.2878,20.8607],[92.2275,20.9191],[92.1886,21.0146],[92.1517,21.0539],[92.147,21.097],[92.103,21.1196],[92.053,21.178],[92.0623,21.2732],[92.1318,21.226],[92.1642,21.237],[92.1723,21.2648],[92.1179,21.295],[92.0953,21.331],[92.0781,21.3305],[92.0618,21.2866],[91.9779,21.4367],[92.0402,21.4125],[92.022,21.4553],[91.9958,21.452],[91.9926,21.4693],[92.0376,21.4881],[92.0527,21.4678],[92.0522,21.4957],[92.0725,21.4954],[92.0612,21.5124],[92.0722,21.5469],[92.0452,21.5435],[92.0341,21.5582],[92.0818,21.6139],[92.0687,21.6276],[92.0903,21.6485],[92.085,21.713],[92.1645,21.7461],[92.0953,21.7953],[92.0635,21.8806],[92.0303,21.8109],[91.9941,21.8525],[91.989,21.9046],[91.9694,21.9291],[91.98,21.9801],[91.9583,22.0396],[91.9697,22.089],[91.9889,22.069],[92.0137,22.1055],[92.0768,22.0182],[92.1066,22.0124],[92.093,22.075],[92.1074,22.1364],[92.0944,22.1575],[92.0445,22.1695],[92.0267,22.2041],[92.0088,22.2506],[92.0003,22.3978],[92.0469,22.4405],[92.0799,22.4194],[92.1463,22.4606],[92.1488,22.4789],[92.0972,22.4594],[92.0812,22.5047],[92.0647,22.5077],[92.0555,22.4612],[92.0038,22.4561],[92.0148,22.4291],[91.9876,22.4266],[91.9568,22.5132],[91.9281,22.5292],[91.9555,22.5364],[91.9568,22.554],[91.9085,22.5756],[91.911,22.6055],[91.9389,22.5941],[91.9557,22.6135],[91.8708,22.6354],[91.8458,22.6899],[91.8115,22.6786],[91.8215,22.7143],[91.797,22.6948],[91.7639,22.6988],[91.7526,22.629],[91.7737,22.5749],[91.7614,22.5614],[91.7971,22.5542],[91.7848,22.5304],[91.7942,22.494],[91.8133,22.4791],[91.8014,22.4303],[91.8102,22.3877],[91.8219,22.3968],[91.8319,22.3767],[91.8108,22.3629],[91.8415,22.3492],[91.8195,22.3354],[91.7849,22.3619],[91.7724,22.4213],[91.7268,22.4789],[91.6142,22.7392],[91.5861,22.7735],[91.5687,22.7553],[91.5612,22.8876],[91.5821,22.9596],[91.54,23.0483],[91.497,23.0805],[91.4876,23.0702],[91.4575,23.0904],[91.4386,23.0769],[91.4305,23.0973],[91.4105,23.087],[91.4124,23.0695],[91.3786,23.0701],[91.3351,23.1372],[91.3233,23.2203],[91.3029,23.2213],[91.331,23.2462],[91.3034,23.2447],[91.2805,23.2644],[91.2804,23.2195],[91.2446,23.222],[91.2638,23.2124],[91.256,23.1605],[91.2136,23.1281],[91.1676,23.1554],[91.1722,23.2123],[91.1526,23.2223],[91.1727,23.2381],[91.1558,23.2559],[91.1188,23.2305],[91.1041,23.2469],[91.0563,23.2429],[91.0537,23.256],[91.0271,23.2391],[91.0193,23.2279],[91.0547,23.2316],[91.0616,23.1933],[91.0448,23.197],[91.0252,23.185],[90.9922,23.2042],[91.0053,23.2459],[90.9932,23.2558],[90.9955,23.2785],[91.0212,23.2691],[91.0326,23.2816],[90.9935,23.2959],[91.005,23.3212],[90.9954,23.3302],[91.0479,23.3188],[91.0556,23.3313],[91.0366,23.3459],[91.0604,23.365],[91.089,23.3459],[91.0637,23.3106],[91.0901,23.3296],[91.0953,23.3559],[91.1248,23.3623],[91.1205,23.3899],[91.0427,23.4135],[91.0528,23.4308],[91.0733,23.4212],[91.0611,23.439],[91.0887,23.4518],[91.0888,23.4972],[90.995,23.4783],[90.9949,23.5628],[91.0128,23.5631],[91.0025,23.5203],[91.0127,23.5105],[91.0279,23.5556],[91.0558,23.5621],[91.0452,23.5812],[91.0733,23.5798],[91.0627,23.5437],[91.096,23.5887],[91.1121,23.5273],[91.1301,23.5471],[91.1901,23.4874],[91.206,23.5223],[91.1972,23.5307],[91.1775,23.5303],[91.206,23.5797],[91.1877,23.5773],[91.1633,23.6051],[91.1522,23.5953],[91.1511,23.626],[91.1638,23.6403],[91.1487,23.6489],[91.1281,23.6362],[91.119,23.6554],[91.1561,23.6662],[91.1806,23.6528],[91.1509,23.7082],[91.174,23.7489],[91.178,23.8042],[91.2408,23.8057],[91.2305,23.8712],[91.2173,23.8755],[91.218,23.9192],[91.2309,23.9226],[91.222,23.9385],[91.2033,23.9273],[91.21,23.9457],[91.2473,23.9727],[91.2635,23.9359],[91.2525,23.9805],[91.2694,23.9975],[91.358,23.9924],[91.371,24.0132],[91.3816,23.996],[91.406,24.0875],[91.3779,24.1628],[91.389,24.1795],[91.3702,24.2041],[91.3855,24.2546],[91.3978,24.2546],[91.4031,24.2196],[91.4296,24.2218],[91.4271,24.1951],[91.4651,24.2037],[91.4647,24.1872],[91.4453,24.1897],[91.4373,24.1767],[91.457,24.1676],[91.4798,24.1715],[91.5296,24.1184],[91.5521,24.1033],[91.5643,24.1047],[91.5707,24.0687],[91.6138,24.0864],[91.5949,24.095],[91.5984,24.136],[91.5839,24.144],[91.5902,24.2026],[91.5692,24.2209],[91.5805,24.2384],[91.5369,24.2396],[91.5501,24.2166],[91.5378,24.1939],[91.5109,24.2455],[91.5291,24.2804],[91.5376,24.2522],[91.564,24.2525],[91.5722,24.26],[91.5602,24.2847],[91.5807,24.2954],[91.5611,24.3206],[91.5804,24.3304],[91.5611,24.331],[91.5432,24.3097],[91.5387,24.3213],[91.5806,24.3601],[91.5676,24.3821],[91.5699,24.4123],[91.5969,24.4459],[91.5816,24.4817],[91.5618,24.4788],[91.5371,24.5024],[91.5727,24.5108],[91.5348,24.5305],[91.555,24.5449],[91.5441,24.5625],[91.5634,24.5701],[91.5532,24.5866],[91.5732,24.5795],[91.5695,24.5527],[91.5842,24.5367],[91.5989,24.5565],[91.5764,24.6242],[91.597,24.6384],[91.553,24.6712],[91.6162,24.6618],[91.6183,24.6952],[91.6303,24.6867],[91.6393,24.7044],[91.6154,24.7155],[91.5963,24.7017],[91.5975,24.7291],[91.5785,24.7384],[91.6219,24.7363],[91.6444,24.7813],[91.6557,24.7794],[91.6455,24.7527],[91.6812,24.7798],[91.642,24.8008],[91.6457,24.814],[91.681,24.8046],[91.6804,24.822],[91.6613,24.8108],[91.6442,24.8277],[91.6348,24.8942],[91.656,24.9026],[91.6641,24.9149],[91.6557,24.9222],[91.6365,24.9198],[91.629,24.947],[91.5948,24.9455],[91.6189,24.9962],[91.6303,24.9972],[91.6309,24.9595],[91.6466,24.9987],[91.6772,24.9975],[91.6767,24.9696],[91.6984,24.9762],[91.6702,24.8855],[91.7296,24.9483],[91.7901,24.9373],[91.7865,24.9181],[91.7284,24.9155],[91.7107,24.8944],[91.739,24.8616],[91.7185,24.8635],[91.7037,24.8447],[91.7207,24.8557],[91.7478,24.8451],[91.7526,24.8809],[91.7889,24.8528],[91.7612,24.8957],[91.7831,24.9074],[91.815,24.8879],[91.7939,24.8794],[91.7976,24.8678],[91.8153,24.8697],[91.8303,24.8972],[91.8535,24.8615],[91.8881,24.8527],[91.9042,24.8643],[91.9198,24.8448],[91.9629,24.8357],[91.973,24.8546],[91.9371,24.8541],[91.9633,24.8677],[91.9568,24.8804],[91.9307,24.8681],[91.9113,24.8794],[91.9291,24.8982],[91.8626,24.8952],[91.8349,24.9204],[91.8448,24.9471],[91.9054,24.9613],[91.9073,24.9985],[91.9264,24.976],[91.9458,25.0048],[91.9789,24.9921],[92.2199,25.0069],[92.2647,24.9893],[92.2357,24.9552],[92.2537,24.9354],[92.2513,24.9604],[92.2724,24.9776],[92.2701,24.9977],[92.369,25.001],[92.3638,25.0221],[92.2956,25.0096],[92.2967,25.0305],[92.2573,25.018],[92.2459,25.0393],[92.2201,25.0359],[92.228,25.0571],[92.1961,25.0417],[92.1521,25.0524],[92.1453,25.0727],[92.1282,25.072],[92.1251,25.0515],[92.095,25.0618],[92.0872,25.0982],[92.1313,25.0877],[92.0938,25.1203],[92.1304,25.1113],[92.1389,25.1483],[92.0499,25.1824],[92.0496,25.1671],[92.0156,25.1677],[92.0039,25.1806],[91.9851,25.168],[91.9357,25.1749],[91.8946,25.1427],[91.8518,25.147],[91.7726,25.0774],[91.6954,25.065],[91.6292,25.0247],[91.5704,25.0433],[91.5212,25.0816],[91.4189,25.1022],[91.3727,25.1812],[91.3154,25.1743],[91.2462,25.1184],[91.122,25.0905],[91.0274,25.0476],[90.997,25.0028],[90.9964,25.0226],[90.9785,25.0306],[90.9628,25.0002],[90.9129,25.0142],[90.9078,25.0006],[90.7789,25.0026],[90.7542,25.048],[90.707,25.0008],[90.7145,25.048],[90.6962,25.048],[90.679,25.0251],[90.6572,25.0551],[90.6301,25.0642],[90.5958,25.0449],[90.5886,25.0719],[90.5485,25.062],[90.5375,25.1062],[90.5041,25.0441],[90.4938,25.0822],[90.4596,25.0631],[90.4209,25.1391],[90.4032,25.1081],[90.3788,25.1395],[90.347,25.1108],[90.337,25.1311],[90.3177,25.1092],[90.2866,25.1136],[90.2721,25.0864],[90.2292,25.0675],[90.1641,25.0771],[90.1572,25.0966],[90.1208,25.1137],[90.0572,25.0925],[90.0519,25.114],[90.0103,25.0957],[90.0319,25.0832],[90.0107,25.0713],[90.0107,25.0447],[90.0371,25.0268],[90.0594,25.0318],[90.0704,25.0115],[90.0861,25.022],[90.1517,25.0003],[90.1962,25.0135],[90.3174,24.9986],[90.329,24.9774],[90.3627,25.0053],[90.4818,24.9996],[90.5038,24.9858],[90.5178,24.9994],[90.5376,24.9696],[90.5454,24.9881],[90.5566,24.9818],[90.5625,24.9604],[90.4791,24.9283],[90.4697,24.9482],[90.4371,24.9473],[90.4293,24.9307],[90.3961,24.9584],[90.3511,24.9391],[90.3869,24.9333],[90.3973,24.8938],[90.3777,24.8849],[90.4109,24.8804],[90.4203,24.8607],[90.4277,24.9053],[90.5384,24.9101],[90.5474,24.8949],[90.5307,24.8858],[90.4521,24.8965],[90.4406,24.8558],[90.4196,24.8427],[90.4862,24.8236],[90.4954,24.7771],[90.5204,24.7769],[90.5261,24.7966],[90.5381,24.7729],[90.5277,24.7541],[90.5703,24.765],[90.6488,24.6979],[90.6551,24.6615],[90.6359,24.6461],[90.6633,24.6323],[90.6588,24.6212],[90.5932,24.6171],[90.5622,24.6308],[90.5599,24.613],[90.621,24.585],[90.647,24.5881],[90.6286,24.5691],[90.6544,24.5642],[90.645,24.5533],[90.6704,24.536],[90.7295,24.5282],[90.7195,24.5115],[90.7388,24.4949],[90.6953,24.4722],[90.6897,24.4295],[90.6694,24.4233],[90.6978,24.4115],[90.6903,24.3944],[90.621,24.447],[90.586,24.4282],[90.634,24.4127],[90.5704,24.3859],[90.5613,24.3964],[90.5803,24.4053],[90.5613,24.4143],[90.5546,24.3839],[90.5322,24.3761],[90.5417,24.4022],[90.5302,24.4304],[90.5116,24.4196],[90.4786,24.4561],[90.453,24.4381],[90.4695,24.4103],[90.4401,24.4011],[90.4058,24.4158],[90.3939,24.3793],[90.3611,24.4056],[90.397,24.3468],[90.3859,24.328],[90.404,24.2922],[90.4283,24.2984],[90.4555,24.2696],[90.4191,24.2645],[90.4041,24.2364],[90.3682,24.2722],[90.3623,24.2299],[90.3302,24.2551],[90.3166,24.2433],[90.3023,24.2548],[90.3041,24.2196],[90.3274,24.2115],[90.3559,24.1469],[90.329,24.1358],[90.307,24.1979],[90.2679,24.22],[90.2449,24.2558],[90.2735,24.1863],[90.2619,24.1687],[90.2951,24.1889],[90.3067,24.1799],[90.286,24.154],[90.2971,24.111],[90.2783,24.1389],[90.2707,24.102],[90.1947,24.0884],[90.1962,24.0684],[90.2205,24.0611],[90.2432,24.0742],[90.2452,24.0597],[90.1703,24.0402],[90.1272,24.0012],[90.0194,23.989],[90.0163,23.7504],[89.9882,23.711],[89.9676,23.7327],[89.9382,23.7317],[89.9316,23.7177],[89.9115,23.7282],[89.9206,23.7398],[89.885,23.7378],[89.8041,23.7967],[89.7615,23.8628],[89.7959,23.8689],[89.8119,23.8962],[89.8242,23.8892],[89.7934,23.9205],[89.8046,23.9393],[89.7846,23.939],[89.8067,23.9554],[89.7923,23.9775],[89.8055,23.997],[89.719,24.0041],[89.7521,24.0875],[89.7827,24.1072],[89.7598,24.1654],[89.7787,24.1442],[89.823,24.1547],[89.836,24.1275],[89.8581,24.149],[89.9373,24.1304],[89.9276,24.113],[89.9467,24.114],[89.9382,24.1017],[89.9032,24.1031],[89.9039,24.1227],[89.8527,24.0948],[89.8879,24.0977],[89.8787,24.0859],[89.8965,24.0886],[89.9221,24.0632],[89.9113,24.0448],[89.9552,24.0147],[89.9464,24.0013],[89.9633,24.0027],[89.9726,24.0325],[90.0056,24.0129],[90.0079,24.0894],[89.9947,24.1043],[90.0139,24.1125],[90.0054,24.1818],[89.9935,24.1905],[89.9713,24.1853],[89.9704,24.1976],[89.9317,24.1767],[89.9391,24.1962],[89.9214,24.1938],[89.9204,24.2059],[89.8855,24.1939],[89.8511,24.2575],[89.8478,24.202],[89.8275,24.1958],[89.8308,24.2296],[89.8121,24.2276],[89.8055,24.2475],[89.8033,24.218],[89.787,24.2118],[89.7856,24.2696],[89.8057,24.2806],[89.7865,24.2961],[89.7752,24.3793],[89.7973,24.4067],[89.8306,24.3953],[89.8236,24.4138],[89.7865,24.4204],[89.8058,24.4288],[89.7933,24.4538],[89.8143,24.4526],[89.8309,24.4694],[89.8194,24.4802],[89.8613,24.4848],[89.8728,24.5027],[89.8531,24.5034],[89.8624,24.5233],[89.8431,24.5095],[89.8274,24.5187],[89.8029,24.6223],[89.9854,24.5919],[90.0072,24.6027],[89.8274,24.6356],[89.8136,24.6636],[89.7696,24.6846],[89.767,24.7081],[89.783,24.7129],[89.7999,24.6758],[89.8125,24.6978],[89.8495,24.7123],[89.8556,24.7217],[89.8198,24.7376],[89.82,24.7626],[89.8484,24.7789],[89.8046,24.7736],[89.7834,24.7347],[89.779,24.7651],[89.7243,24.7828],[89.7558,24.7455],[89.7213,24.7484],[89.7195,24.7287],[89.7548,24.6978],[89.7443,24.6788],[89.7641,24.6625],[89.7277,24.6448],[89.7756,24.6426],[89.7532,24.6295],[89.7297,24.562],[89.7192,24.5712],[89.7054,24.5459],[89.6897,24.6126],[89.6815,24.7223],[89.6342,24.7759],[89.6302,24.8079],[89.6325,24.8292],[89.6517,24.839],[89.6874,24.8252],[89.6695,24.7971],[89.6786,24.7846],[89.6523,24.794],[89.6525,24.8236],[89.6358,24.7949],[89.7038,24.7354],[89.707,24.8183],[89.6879,24.8474],[89.6682,24.8378],[89.6553,24.8888],[89.6333,24.8643],[89.6307,24.9729],[89.6952,25.1951],[89.6597,25.2752],[89.6513,25.358],[89.7154,25.4827],[89.7371,25.6648],[89.9226,25.9061],[89.9825,25.9508],[90.0278,26.05],[89.9837,26.145],[89.9078,26.1786],[89.8807,26.2251],[89.9551,26.3956],[90.0432,26.4761],[90.0674,26.5891],[90.0236,26.7625],[90.035,26.7902],[90.0609,26.7981],[90.0681,26.7761],[90.0784,26.8046],[90.1046,26.7938],[90.0949,26.8054],[90.112,26.8233],[90.137,26.8108],[90.1407,26.8241],[90.1799,26.8191],[90.1681,26.8499],[90.1902,26.8556],[90.1869,26.8885],[90.2151,26.8779],[90.2319,26.9066],[90.2579,26.8922],[90.2621,26.9134],[90.2791,26.9148],[90.2945,26.8761],[90.3856,26.9498],[90.4204,26.9268],[90.4812,26.9189],[90.5075,26.94],[90.4699,26.9796],[90.4832,26.9833],[90.4967,26.979],[90.4944,26.962],[90.5149,26.9594],[90.5386,26.9806],[90.5401,26.9473],[90.5278,26.9434],[90.563,26.9232],[90.5512,26.9081],[90.5601,26.8946],[90.6048,26.8979],[90.5861,26.8515],[90.597,26.8359],[90.6125,26.8548],[90.6218,26.8365],[90.63,26.8633],[90.6304,26.8096],[90.6715,26.8021],[90.6876,26.8725],[90.6925,26.7988],[90.7115,26.778],[90.7388,26.7864],[90.7287,26.8046],[90.7791,26.8557],[90.7613,26.7945],[90.8203,26.7943],[90.8458,26.814],[90.8996,26.8158],[90.9138,26.803],[90.9237,26.8279],[90.8863,26.8364],[90.8956,26.8569],[90.8346,26.8554],[90.8992,26.8848],[90.8888,26.9137],[90.852,26.9208],[90.8638,26.9388],[90.845,26.9544],[90.8472,26.9804],[90.8112,26.9949],[90.8306,27.0108],[90.8286,27.0311],[90.8615,27.0179],[90.9027,27.048],[90.9232,27.0461],[90.8508,26.9986],[90.8786,26.9599],[90.9308,26.9718],[90.9031,26.9482],[90.9132,26.9371],[90.9026,26.9208],[90.9472,26.922],[90.9192,26.9041],[90.9351,26.8611],[90.9458,26.8798],[90.9647,26.8611],[91.0044,26.8968],[91.0129,26.869],[91.1107,26.8912],[91.139,26.8774],[91.1555,26.8864],[91.1448,26.9042],[91.1555,26.9219],[91.1044,26.9181],[91.1154,26.9443],[91.0854,26.9631],[91.1205,26.9636],[91.1363,26.9356],[91.1542,26.9434],[91.1787,26.9892],[91.2223,27.0186],[91.1866,27.0394],[91.2261,27.0342],[91.2705,27.0649],[91.33,27.0781],[91.3626,27.1474],[91.3726,27.121],[91.3612,27.086],[91.3901,27.1118],[91.3805,27.0778],[91.2444,27.0389],[91.2168,26.9671],[91.2557,26.9376],[91.2036,26.9402],[91.1961,26.912],[91.1775,26.9038],[91.2041,26.8857],[91.2555,26.9057],[91.2605,26.8355],[91.3172,26.7921],[91.3568,26.7958],[91.3556,26.8135],[91.3282,26.8209],[91.3458,26.8393],[91.36,26.826],[91.3803,26.843],[91.3683,26.86],[91.3786,26.8887],[91.3983,26.8679],[91.4806,26.8804],[91.4714,26.86],[91.4436,26.8629],[91.4502,26.8506],[91.5555,26.8527],[91.5711,26.872],[91.6182,26.8512],[91.6726,26.8781],[91.6711,26.8979],[91.6358,26.9042],[91.6703,26.9102],[91.6816,26.9324],[91.7208,26.9023],[91.7558,26.9121],[91.7632,26.9383],[91.7888,26.8941],[91.8199,26.9218],[91.8387,26.9199],[91.8451,26.9464],[91.8636,26.9274],[91.8873,26.9556],[91.8986,26.9175],[91.9542,26.9219],[91.9545,26.9023],[91.9958,26.9223],[92.0363,26.9093],[92.0645,26.9375],[92.0193,26.9786],[92.0318,26.9911],[92.121,26.9523],[92.147,26.9613],[92.1612,26.999],[92.1697,26.951],[92.2063,26.9413],[92.231,26.9439],[92.254,26.9723],[92.3296,26.9682],[92.3707,26.9973],[92.5533,26.993],[92.5985,27.0203],[92.5836,27.0976],[92.6124,27.1563],[92.7526,27.1999],[92.8031,27.1762],[92.8812,27.219],[92.8905,27.2449],[92.8714,27.2734],[92.822,27.2762],[92.7849,27.299],[92.736,27.2864],[92.769,27.3227],[92.8055,27.3196],[92.8124,27.4149],[92.8408,27.3934],[92.8189,27.3357],[92.8705,27.2934],[92.918,27.284],[92.9613,27.3138],[93.0013,27.309],[93.0235,27.3267],[93.0328,27.3512],[93.0115,27.3865],[93.0082,27.4313],[93.021,27.4805],[93.019,27.4191],[93.0519,27.3777],[93.0725,27.3986],[93.0818,27.3876],[93.056,27.3273],[93.0227,27.294],[92.9112,27.2488],[92.9121,27.2186],[92.9639,27.2125],[92.9188,27.2061],[92.908,27.1794],[92.9301,27.1593],[92.9963,27.1568],[93.0237,27.1255],[93.0909,27.1469],[93.0909,27.1284],[93.0362,27.0968],[93.0567,27.0862],[93.0343,27.0666],[93.0523,27.0441],[93.1554,27.0195],[93.1488,27.0529],[93.1257,27.0658],[93.1372,27.0893],[93.1647,27.0711],[93.1863,27.0276],[93.2028,27.0258],[93.2481,27.0543],[93.246,27.0891],[93.2773,27.0439],[93.3198,27.0426],[93.3406,27.0734],[93.3277,27.1056],[93.3456,27.1166],[93.3727,27.0978],[93.3927,27.053],[93.4244,27.0503],[93.4885,27.0773],[93.4636,27.1155],[93.5435,27.083],[93.581,27.1023],[93.5804,27.1406],[93.6196,27.1192],[93.6633,27.1267],[93.6718,27.1407],[93.6358,27.1624],[93.6557,27.1971],[93.6198,27.1947],[93.5615,27.2217],[93.6446,27.2177],[93.7958,27.269],[93.8124,27.289],[93.873,27.2689],[93.8814,27.2874],[93.8599,27.2961],[93.9138,27.3431],[93.9141,27.3639],[93.8806,27.3657],[93.8142,27.3336],[93.7864,27.3559],[93.8295,27.36],[93.939,27.4238],[93.9485,27.4125],[93.9258,27.3831],[93.936,27.369],[94.038,27.4031],[94.037,27.4213],[94.0878,27.4444],[94.1356,27.5061],[94.2135,27.5275],[94.1877,27.5393],[94.1525,27.5253],[94.1361,27.539],[94.1026,27.5206],[94.1121,27.5559],[94.1881,27.6108],[94.1864,27.6303],[94.2124,27.6334],[94.2175,27.6619],[94.2478,27.6605],[94.2535,27.6882],[94.2893,27.6941],[94.3141,27.7211],[94.295,27.7378],[94.3027,27.7574],[94.271,27.7564],[94.2458,27.7281],[94.2386,27.7555],[94.2157,27.7578],[94.1709,27.686],[94.1906,27.7431],[94.1653,27.7571],[94.0871,27.7388],[94.0828,27.7255],[94.0219,27.7401],[93.923,27.7012],[93.9269,27.7226],[93.9909,27.75],[93.9279,27.7907],[93.6608,27.7337],[93.604,27.7436],[93.5986,27.7881],[93.5694,27.8036],[93.5974,27.8062],[93.6207,27.7686],[93.6621,27.7584],[93.7614,27.7886],[93.8363,27.7929],[93.9051,27.8262],[93.9236,27.8613],[93.8691,27.9107],[93.8651,27.9482],[93.7891,27.9915],[93.7361,27.9611],[93.719,28.0042],[93.7391,28.0086],[93.8428,27.9991],[93.8823,27.9719],[93.8947,27.9176],[93.9456,27.9056],[93.965,27.8711],[93.9738,27.8401],[93.9527,27.8185],[94.0187,27.7611],[94.0457,27.7715],[94.0816,27.7527],[94.1053,27.7614],[94.1169,27.7908],[94.1209,27.7608],[94.146,27.7802],[94.2556,27.7692],[94.2795,27.7885],[94.3029,27.7845],[94.3313,27.8024],[94.339,27.8217],[94.3112,27.8407],[94.2818,27.8268],[94.2721,27.8488],[94.2279,27.8292],[94.2284,27.8463],[94.248,27.8462],[94.2453,27.8644],[94.2787,27.8689],[94.2807,27.8811],[94.2976,27.8595],[94.3164,27.867],[94.2975,27.9048],[94.2534,27.9185],[94.2726,27.9387],[94.2482,27.9637],[94.2026,27.9476],[94.1705,27.9197],[94.1357,27.9211],[94.1528,27.9554],[94.1901,27.9721],[94.1793,28.0316],[94.1614,28.0394],[94.1373,28.0197],[94.1143,28.0331],[94.0449,28.0283],[94.0711,28.0469],[94.1472,28.0532],[94.1471,28.0815],[94.1111,28.1125],[94.1556,28.1099],[94.1361,28.1707],[94.1481,28.1872],[94.1559,28.2208],[94.1113,28.2363],[94.0302,28.3555],[94.0039,28.3534],[94.0039,28.3646],[94.0406,28.3633],[94.0685,28.3102],[94.1285,28.2528],[94.1477,28.2715],[94.1447,28.2451],[94.17,28.2279],[94.2139,28.2387],[94.1767,28.2111],[94.1761,28.1572],[94.1968,28.1456],[94.1697,28.1386],[94.1735,28.1069],[94.1594,28.09],[94.1861,28.0985],[94.2223,28.0719],[94.2011,28.05],[94.2218,28.0301],[94.2192,28.0119],[94.2707,28.0135],[94.2884,27.9944],[94.3056,28.0128],[94.2952,28.0297],[94.3143,28.0286],[94.3202,28.055],[94.3465,28.0644],[94.3364,28.0451],[94.3639,28.0363],[94.3273,28.0144],[94.326,27.9732],[94.3638,27.9539],[94.3359,27.9204],[94.3633,27.9131],[94.3637,27.8963],[94.3278,27.8541],[94.3618,27.8363],[94.397,27.8448],[94.4029,27.8883],[94.4473,27.9285],[94.3924,27.9417],[94.4235,27.9823],[94.447,27.9527],[94.4452,28.0242],[94.4647,28.0215],[94.4779,27.9613],[94.5303,28.0033],[94.5302,28.0323],[94.4961,28.0351],[94.4976,28.0541],[94.4781,28.0685],[94.4863,28.0958],[94.5138,28.0873],[94.5109,28.0619],[94.5473,28.0524],[94.5536,28.1386],[94.5735,28.113],[94.5599,28.0376],[94.6057,28.0374],[94.5887,28.0026],[94.561,28.0141],[94.5438,27.9892],[94.5722,27.9599],[94.4762,27.9468],[94.4436,27.8957],[94.505,27.8856],[94.4792,27.8617],[94.4287,27.8728],[94.4384,27.8617],[94.4206,27.8361],[94.3885,27.8113],[94.3621,27.816],[94.3261,27.7386],[94.397,27.7737],[94.4204,27.7602],[94.4224,27.773],[94.4718,27.7985],[94.4964,27.7936],[94.5125,27.8132],[94.5264,27.8014],[94.6277,27.8179],[94.6242,27.8403],[94.6602,27.8114],[94.6801,27.8227],[94.6741,27.8055],[94.6442,27.7962],[94.6376,27.77],[94.6279,27.789],[94.5971,27.7616],[94.5878,27.7718],[94.5288,27.7562],[94.5465,27.7367],[94.503,27.7137],[94.4983,27.6862],[94.4864,27.715],[94.4455,27.7032],[94.4129,27.714],[94.3117,27.6725],[94.3383,27.6625],[94.3199,27.6442],[94.3904,27.6446],[94.3896,27.6642],[94.3611,27.6636],[94.4125,27.6889],[94.5112,27.6682],[94.5521,27.713],[94.6224,27.7475],[94.6968,27.7447],[94.7137,27.7905],[94.745,27.7531],[94.8129,27.7684],[94.8388,27.7852],[94.829,27.8065],[94.7816,27.7928],[94.7882,27.8142],[94.7603,27.7999],[94.7276,27.8129],[94.7644,27.8202],[94.7532,27.839],[94.7627,27.8553],[94.7804,27.8446],[94.7798,27.8641],[94.7539,27.8807],[94.7124,27.8613],[94.7304,27.8886],[94.6949,27.8973],[94.7224,27.9025],[94.7416,27.9235],[94.7693,27.8943],[94.7881,27.8964],[94.7891,27.876],[94.8446,27.8846],[94.9019,27.9303],[94.9144,27.9203],[94.9308,27.9444],[94.9192,27.9558],[94.9403,27.964],[94.9278,27.9884],[94.9537,28.0065],[95.0209,27.9892],[95.0364,27.9691],[95.0721,27.9888],[95.0788,27.9672],[95.0931,27.9593],[95.1035,27.9965],[95.1295,27.9934],[95.1461,28.0221],[95.1694,28.0185],[95.2296,28.0431],[95.2477,28.0607],[95.2664,28.0995],[95.2371,28.1476],[95.1707,28.1316],[95.1633,28.0866],[95.146,28.1145],[95.1126,28.0857],[95.1137,28.1138],[95.037,28.1559],[95.0299,28.1036],[94.9946,28.0861],[95.0136,28.1707],[94.9785,28.2037],[94.9873,28.2225],[94.9126,28.2153],[94.9212,28.1777],[94.8849,28.2039],[94.8887,28.1628],[94.8584,28.1441],[94.8886,28.1281],[94.8733,28.0796],[94.8616,28.0884],[94.8634,28.0702],[94.8446,28.0625],[94.8614,28.0431],[94.8208,28.036],[94.7833,28.0586],[94.7577,28.0338],[94.7099,28.0437],[94.704,28.0554],[94.7304,28.0535],[94.7289,28.0895],[94.7979,28.1029],[94.7533,28.1118],[94.7662,28.1411],[94.7466,28.164],[94.7208,28.1281],[94.7014,28.1542],[94.6941,28.1365],[94.7137,28.1112],[94.6883,28.0703],[94.6538,28.084],[94.6628,28.1062],[94.6456,28.0945],[94.6187,28.1055],[94.6364,28.1386],[94.6568,28.1445],[94.6465,28.1719],[94.6127,28.189],[94.5962,28.1696],[94.577,28.1959],[94.6062,28.2129],[94.578,28.2626],[94.5961,28.2634],[94.6101,28.2363],[94.6402,28.2378],[94.6262,28.2917],[94.6351,28.3292],[94.6727,28.3041],[94.6644,28.3548],[94.6471,28.3434],[94.628,28.3626],[94.6715,28.3774],[94.6713,28.4059],[94.6445,28.413],[94.6726,28.4213],[94.6618,28.4371],[94.6713,28.4492],[94.6451,28.4624],[94.6578,28.4809],[94.6393,28.5376],[94.6135,28.5482],[94.6559,28.5633],[94.6697,28.487],[94.698,28.4624],[94.6953,28.4341],[94.7304,28.4054],[94.7112,28.3889],[94.7142,28.3439],[94.6938,28.3368],[94.7288,28.3307],[94.72,28.3186],[94.7405,28.3015],[94.7191,28.2874],[94.7109,28.2555],[94.732,28.245],[94.7197,28.2112],[94.7555,28.2112],[94.7543,28.2554],[94.8056,28.2193],[94.7866,28.255],[94.8205,28.2519],[94.8485,28.2966],[94.8367,28.306],[94.7791,28.286],[94.7694,28.3038],[94.8446,28.3302],[94.8889,28.304],[94.862,28.2354],[94.9128,28.2555],[94.9807,28.2451],[94.98,28.264],[94.9362,28.2793],[94.9555,28.3399],[94.9027,28.3793],[94.8886,28.4307],[94.8625,28.4197],[94.8362,28.4364],[94.8363,28.4723],[94.8524,28.4417],[94.8877,28.4547],[94.8982,28.445],[94.9135,28.4632],[94.9104,28.4105],[94.9791,28.3437],[95.0652,28.3703],[95.062,28.4291],[95.08,28.4369],[95.0912,28.4743],[95.0643,28.5215],[95.0364,28.5207],[95.0737,28.5442],[94.9889,28.6472],[94.936,28.6615],[94.9645,28.6773],[94.9652,28.7065],[94.8982,28.7472],[94.8692,28.7377],[94.8695,28.7804],[94.925,28.7833]],[[94.9911,28.3181],[94.9845,28.3324],[94.9851,28.317],[94.9911,28.3181]],[[94.6741,28.2197],[94.6589,28.1842],[94.6625,28.1605],[94.683,28.175],[94.6741,28.2197]],[[94.849,28.167],[94.8417,28.175],[94.8421,28.1676],[94.849,28.167]],[[94.9919,27.946],[95.0086,27.9497],[95.0008,27.9584],[94.9919,27.946]],[[94.9678,27.8753],[94.9737,27.8831],[94.9667,27.8833],[94.9678,27.8753]],[[94.9429,27.8606],[94.957,27.8568],[94.9431,27.8656],[94.9429,27.8606]],[[94.949,27.8254],[94.9417,27.8333],[94.9421,27.8259],[94.949,27.8254]],[[94.845,27.8003],[94.8551,27.7939],[94.8811,27.8135],[94.8583,27.8167],[94.845,27.8003]],[[94.624,27.717],[94.6167,27.725],[94.6171,27.7176],[94.624,27.717]],[[94.5417,27.6917],[94.563,27.6766],[94.5975,27.697],[94.5417,27.6917]],[[94.4088,27.6592],[94.4161,27.666],[94.4083,27.6667],[94.4088,27.6592]],[[94.6104,27.6486],[94.6222,27.6426],[94.6325,27.6557],[94.6104,27.6486]],[[94.3066,27.6466],[94.2687,27.6311],[94.2527,27.6029],[94.299,27.6284],[94.3066,27.6466]],[[94.5674,27.6255],[94.5741,27.6329],[94.5667,27.6333],[94.5674,27.6255]],[[94.5419,27.618],[94.5497,27.6239],[94.5417,27.625],[94.5419,27.618]],[[94.4597,27.6072],[94.4689,27.5929],[94.4739,27.593],[94.4597,27.6072]],[[94.4917,27.5917],[94.484,27.5994],[94.4839,27.5924],[94.4917,27.5917]],[[94.4286,27.6073],[94.3721,27.5775],[94.3499,27.5904],[94.3094,27.5809],[94.3469,27.5608],[94.4065,27.5781],[94.4286,27.6073]],[[96.1774,27.5889],[96.2487,27.5426],[96.2464,27.5566],[96.273,27.5546],[96.2481,27.5719],[96.1774,27.5889]],[[94.2043,27.5752],[94.1938,27.589],[94.1528,27.5541],[94.1667,27.55],[94.2043,27.5752]],[[94.277,27.5781],[94.2971,27.5903],[94.2768,27.5977],[94.277,27.5781]],[[94.566,27.7995],[94.5589,27.7924],[94.5667,27.7917],[94.566,27.7995]],[[94.301,27.7747],[94.3083,27.7667],[94.3079,27.7741],[94.301,27.7747]],[[94.2266,27.5339],[94.2409,27.5405],[94.225,27.5417],[94.2266,27.5339]],[[94.1502,27.5347],[94.1581,27.5406],[94.15,27.5417],[94.1502,27.5347]],[[96.0739,27.3508],[96.0667,27.3667],[96.0678,27.3508],[96.0739,27.3508]],[[96.1,27.325],[96.0847,27.3327],[96.0837,27.3267],[96.1,27.325]],[[96.1823,27.3254],[96.175,27.3333],[96.1754,27.3259],[96.1823,27.3254]],[[96.2628,27.3311],[96.2479,27.3106],[96.2733,27.3303],[96.2628,27.3311]],[[96.1421,27.2676],[96.1497,27.2739],[96.1417,27.275],[96.1421,27.2676]],[[96.1256,27.2735],[96.1322,27.2592],[96.1316,27.2746],[96.1256,27.2735]],[[95.9389,27.2655],[95.9182,27.2524],[95.9487,27.2639],[95.9389,27.2655]],[[95.7573,27.2254],[95.75,27.2333],[95.7504,27.2259],[95.7573,27.2254]],[[93.6938,27.2061],[93.6787,27.1769],[93.7209,27.1769],[93.7491,27.21],[93.7282,27.223],[93.6938,27.2061]],[[95.5573,27.2087],[95.55,27.2167],[95.5504,27.2092],[95.5573,27.2087]],[[95.6683,27.1922],[95.6821,27.1993],[95.6667,27.2],[95.6683,27.1922]],[[95.6033,27.1987],[95.5863,27.1822],[95.5859,27.1769],[95.6167,27.1917],[95.6033,27.1987]],[[95.5674,27.1589],[95.5741,27.1663],[95.5667,27.1667],[95.5674,27.1589]],[[95.5374,27.1582],[95.5473,27.1421],[95.5497,27.1554],[95.5374,27.1582]],[[95.5169,27.1347],[95.5247,27.1406],[95.5167,27.1417],[95.5169,27.1347]],[[93.7033,27.0344],[93.7315,27.0526],[93.7296,27.0732],[93.6935,27.0548],[93.7033,27.0344]],[[95.4931,27.0199],[95.5146,27.0367],[95.507,27.0477],[95.5014,27.0449],[95.4931,27.0199]],[[93.6077,27.0302],[93.5924,27.0272],[93.6055,27.0174],[93.6077,27.0302]],[[93.0214,27.0111],[93.0045,27.0655],[92.9763,27.0548],[92.9763,27.0288],[92.9953,27.0097],[93.0214,27.0111]],[[93.3266,27.0005],[93.3404,27.0076],[93.325,27.0083],[93.3266,27.0005]],[[93.5219,26.9999],[93.5118,26.9917],[93.525,26.9917],[93.5219,26.9999]],[[93.5407,26.992],[93.5333,27.0],[93.5338,26.9926],[93.5407,26.992]],[[93.3584,26.9905],[93.3166,26.9911],[93.3106,26.9875],[93.3386,26.9773],[93.3584,26.9905]],[[93.2977,26.9831],[93.286,26.9752],[93.3,26.975],[93.2977,26.9831]],[[93.4998,26.9987],[93.492,26.9928],[93.5,26.9917],[93.4998,26.9987]],[[92.6316,27.0506],[92.6903,27.1073],[92.7223,27.0777],[92.7134,27.1236],[92.8294,27.1107],[92.8798,27.1268],[92.8908,27.1612],[92.7442,27.1664],[92.6371,27.1317],[92.6182,27.1127],[92.6096,27.0619],[92.6316,27.0506]],[[92.8509,27.0698],[92.9147,27.0688],[92.9046,27.1066],[92.8429,27.0958],[92.8509,27.0698]],[[95.4823,27.0254],[95.475,27.0333],[95.4754,27.0259],[95.4823,27.0254]],[[90.989,26.8086],[91.0667,26.8417],[91.1813,26.8252],[91.2477,26.8387],[91.2221,26.8643],[91.1792,26.8443],[91.0961,26.8583],[91.0558,26.8419],[91.0073,26.8492],[90.9673,26.8233],[90.989,26.8086]],[[91.2311,26.8831],[91.2193,26.8752],[91.2333,26.875],[91.2311,26.8831]],[[94.9395,26.7521],[94.869,26.7227],[94.8117,26.6592],[94.8624,26.6331],[94.8946,26.6721],[94.9544,26.6688],[94.9523,26.6957],[94.9978,26.7554],[94.9715,26.7818],[94.9417,26.7833],[94.9395,26.7521]],[[94.9995,26.7137],[94.9897,26.7241],[94.9846,26.7229],[94.9864,26.7089],[94.9995,26.7137]],[[94.5959,26.6556],[94.5691,26.6397],[94.5768,26.6271],[94.6,26.6417],[94.5959,26.6556]],[[90.0496,26.7824],[90.0422,26.7757],[90.05,26.775],[90.0496,26.7824]],[[94.5254,26.556],[94.5646,26.5879],[94.5533,26.5979],[94.5254,26.556]],[[94.468,26.5112],[94.3346,26.373],[94.3277,26.3526],[94.4898,26.4852],[94.5153,26.5124],[94.5153,26.5374],[94.468,26.5112]],[[93.675,26.3583],[93.6827,26.3506],[93.6824,26.3579],[93.675,26.3583]],[[93.425,26.2917],[93.4809,26.327],[93.4731,26.3393],[93.4208,26.3497],[93.394,26.3394],[93.3269,26.2793],[93.31,26.2126],[93.3441,26.2099],[93.406,26.2414],[93.4705,26.1935],[93.5049,26.1969],[93.4372,26.0602],[93.5472,26.0692],[93.55,26.0987],[93.5941,26.0675],[93.5948,26.0885],[93.6305,26.1029],[93.6573,26.1446],[93.6072,26.1346],[93.6138,26.1553],[93.5613,26.1723],[93.6073,26.1787],[93.656,26.2458],[93.6059,26.2663],[93.5794,26.2527],[93.5449,26.2716],[93.6215,26.3024],[93.5945,26.3288],[93.6305,26.3573],[93.6773,26.3661],[93.7197,26.3593],[93.7557,26.3887],[93.6706,26.3901],[93.5959,26.3644],[93.5709,26.3275],[93.5295,26.3402],[93.5262,26.306],[93.5472,26.2878],[93.5091,26.2795],[93.5129,26.2618],[93.4862,26.2432],[93.4603,26.2539],[93.472,26.2805],[93.4276,26.2706],[93.425,26.2917]],[[93.391,26.3661],[93.3839,26.359],[93.3917,26.3583],[93.391,26.3661]],[[93.3156,26.3914],[93.3092,26.3837],[93.3167,26.3833],[93.3156,26.3914]],[[94.2333,26.3167],[94.2564,26.2692],[94.29,26.3211],[94.2333,26.3167]],[[93.6256,26.266],[93.6333,26.2583],[93.6326,26.2661],[93.6256,26.266]],[[93.6428,26.2586],[93.6487,26.2665],[93.6417,26.2667],[93.6428,26.2586]],[[93.6323,26.1837],[93.625,26.1917],[93.6254,26.1842],[93.6323,26.1837]],[[93.4177,26.1163],[93.425,26.1083],[93.4246,26.1158],[93.4177,26.1163]],[[93.4427,26.1413],[93.45,26.1333],[93.4496,26.1408],[93.4427,26.1413]],[[93.3727,26.1748],[93.361,26.1669],[93.375,26.1667],[93.3727,26.1748]],[[93.3496,26.1824],[93.3422,26.1757],[93.35,26.175],[93.3496,26.1824]],[[93.4498,26.1903],[93.442,26.1844],[93.45,26.1833],[93.4498,26.1903]],[[92.8332,26.214],[92.8253,26.2023],[92.8333,26.2],[92.8332,26.214]],[[93.2902,26.2017],[93.2821,26.2224],[93.2776,26.2241],[93.276,26.2124],[93.2902,26.2017]],[[93.4083,26.2083],[93.3931,26.216],[93.3921,26.21],[93.4083,26.2083]],[[93.3144,26.2831],[93.3027,26.2752],[93.3167,26.275],[93.3144,26.2831]],[[93.3177,26.2997],[93.325,26.2917],[93.3246,26.2991],[93.3177,26.2997]],[[93.234,26.3952],[93.2717,26.3952],[93.2808,26.4307],[93.22,26.431],[93.234,26.3952]],[[93.3428,26.4362],[93.4062,26.4033],[93.4043,26.4395],[93.3734,26.4488],[93.3428,26.4362]],[[93.2367,26.4488],[93.1955,26.4495],[93.1833,26.4404],[93.2014,26.4341],[93.2367,26.4488]],[[93.1729,26.4431],[93.1612,26.4491],[93.1509,26.4359],[93.1729,26.4431]],[[93.2833,26.45],[93.2609,26.4578],[93.2586,26.4529],[93.2833,26.45]],[[93.5757,26.4505],[93.5824,26.4579],[93.575,26.4583],[93.5757,26.4505]],[[93.3,26.45],[93.3153,26.4423],[93.3163,26.4483],[93.3,26.45]],[[93.5367,26.4271],[93.5631,26.4349],[93.5648,26.4385],[93.546,26.4481],[93.5367,26.4271]],[[93.3167,26.4167],[93.3214,26.4006],[93.3324,26.4142],[93.3167,26.4167]],[[93.3068,26.4245],[93.293,26.4174],[93.3083,26.4167],[93.3068,26.4245]],[[93.1094,26.5247],[93.1167,26.5167],[93.1163,26.5241],[93.1094,26.5247]],[[92.3823,26.0337],[92.375,26.0417],[92.3754,26.0342],[92.3823,26.0337]],[[92.2748,25.9987],[92.267,25.9928],[92.275,25.9917],[92.2748,25.9987]],[[94.125,26.0],[94.1222,25.9679],[94.1306,25.9978],[94.125,26.0]],[[94.0085,25.9764],[94.0164,25.9822],[94.0083,25.9833],[94.0085,25.9764]],[[92.3278,25.9829],[92.3365,25.9674],[92.341,25.9687],[92.3278,25.9829]],[[92.3114,25.9881],[92.2386,25.9818],[92.1944,25.9616],[92.249,25.9511],[92.3042,25.9609],[92.3114,25.9881]],[[92.2881,25.9549],[92.2633,25.9113],[92.2432,25.9207],[92.2216,25.8617],[92.2056,25.8988],[92.1751,25.8875],[92.1585,25.8513],[92.1451,25.8707],[92.164,25.8956],[92.1453,25.9042],[92.1569,25.9166],[92.147,25.9386],[92.071,25.9321],[92.0793,25.8857],[92.0223,25.9405],[92.0297,25.9275],[92.0048,25.9038],[91.9942,25.913],[91.9833,25.8793],[91.9281,25.8488],[91.9156,25.7949],[91.8458,25.7729],[91.806,25.7272],[91.7774,25.7355],[91.7379,25.7817],[91.6669,25.7914],[91.6555,25.7276],[91.5789,25.7667],[91.5307,25.7568],[91.5178,25.7341],[91.4622,25.7398],[91.4685,25.676],[91.4114,25.7406],[91.3251,25.7501],[91.2688,25.7355],[91.2517,25.7823],[91.1956,25.7734],[91.1429,25.7425],[91.0537,25.7485],[91.0353,25.7376],[91.0293,25.6946],[91.0159,25.73],[90.9866,25.7111],[90.9887,25.7314],[90.9634,25.7489],[90.9189,25.7052],[90.936,25.6859],[90.9554,25.7071],[90.9728,25.6949],[90.9022,25.6143],[90.8944,25.5364],[90.9295,25.54],[90.9719,25.5014],[90.9948,25.515],[90.9964,25.4938],[91.0376,25.5399],[91.0695,25.4278],[91.0947,25.4108],[91.1237,25.4219],[91.1698,25.3448],[91.2288,25.2933],[91.2734,25.2861],[91.2951,25.3325],[91.3139,25.3391],[91.3223,25.279],[91.2859,25.248],[91.2984,25.2339],[91.3295,25.2349],[91.3858,25.2809],[91.4374,25.2917],[91.4821,25.2695],[91.4537,25.2439],[91.5263,25.241],[91.5539,25.2182],[91.5846,25.2172],[91.6025,25.2726],[91.6376,25.3143],[91.6558,25.2961],[91.6444,25.2444],[91.6799,25.2567],[91.6908,25.2419],[91.6777,25.2112],[91.7389,25.2023],[91.7645,25.2272],[91.7766,25.2819],[91.8232,25.2871],[91.8417,25.3494],[91.8661,25.2905],[91.8195,25.2177],[91.8511,25.2088],[91.8855,25.233],[91.9497,25.2253],[91.981,25.2887],[91.9341,25.3433],[91.9709,25.3725],[92.0057,25.3454],[92.0129,25.3182],[92.0515,25.3322],[92.1051,25.3062],[92.0387,25.2988],[92.0029,25.2732],[92.0042,25.2431],[92.0674,25.2171],[92.0963,25.2183],[92.1125,25.2384],[92.1386,25.2178],[92.1962,25.2185],[92.2042,25.2892],[92.2183,25.2359],[92.2718,25.255],[92.2425,25.2251],[92.273,25.2124],[92.2708,25.1773],[92.2979,25.1958],[92.3135,25.2407],[92.3554,25.1774],[92.4056,25.2013],[92.3763,25.2296],[92.4207,25.244],[92.4309,25.2656],[92.4469,25.2641],[92.4904,25.1926],[92.5034,25.2298],[92.5625,25.2471],[92.5613,25.2113],[92.5888,25.2123],[92.5696,25.1867],[92.5972,25.178],[92.5444,25.1448],[92.6026,25.1396],[92.6133,25.119],[92.5372,25.1031],[92.5139,25.1222],[92.5001,25.1096],[92.4341,25.1183],[92.5304,25.0767],[92.6025,25.0911],[92.7077,25.0838],[92.7614,25.105],[92.7724,25.0944],[92.7793,25.1222],[92.8092,25.1176],[92.8459,25.139],[92.9828,25.1285],[92.9814,25.2045],[92.9634,25.2405],[92.9187,25.2708],[92.9304,25.2972],[92.8957,25.2897],[92.8855,25.2721],[92.9069,25.2527],[92.9131,25.1947],[92.8876,25.2481],[92.8603,25.197],[92.8743,25.2762],[92.8363,25.2958],[92.8727,25.3111],[92.8427,25.3235],[92.8724,25.3377],[92.8716,25.3643],[92.8357,25.3876],[92.8723,25.4033],[92.8556,25.4304],[92.8044,25.439],[92.7819,25.4176],[92.7385,25.4637],[92.6999,25.4428],[92.6606,25.4605],[92.6597,25.5111],[92.6891,25.5383],[92.6198,25.5536],[92.618,25.5775],[92.6408,25.6014],[92.6108,25.6125],[92.6392,25.6204],[92.6542,25.6485],[92.653,25.6278],[92.6648,25.6348],[92.6737,25.6779],[92.6571,25.6682],[92.6309,25.6824],[92.6301,25.6611],[92.609,25.6586],[92.5836,25.692],[92.5854,25.7058],[92.6137,25.7264],[92.6216,25.748],[92.5948,25.7471],[92.5875,25.7196],[92.5189,25.7443],[92.5226,25.788],[92.4702,25.7952],[92.4642,25.8557],[92.4376,25.8369],[92.4191,25.8478],[92.3276,25.7898],[92.3629,25.7699],[92.279,25.7695],[92.2945,25.7883],[92.3059,25.7788],[92.3113,25.8035],[92.3477,25.8374],[92.3209,25.8357],[92.314,25.8545],[92.2784,25.8686],[92.2977,25.8958],[92.2881,25.9549]],[[92.3157,25.917],[92.3083,25.925],[92.3088,25.9176],[92.3157,25.917]],[[94.0007,25.8922],[94.0074,25.8996],[94.0,25.9],[94.0007,25.8922]],[[92.3835,25.8847],[92.3914,25.8906],[92.3833,25.8917],[92.3835,25.8847]],[[92.4104,25.883],[92.425,25.875],[92.4245,25.8815],[92.4104,25.883]],[[93.9823,25.8754],[93.975,25.8833],[93.9754,25.8759],[93.9823,25.8754]],[[92.3798,25.8717],[92.3701,25.8355],[92.3804,25.843],[92.3798,25.8717]],[[92.4073,25.8587],[92.4,25.8667],[92.4004,25.8592],[92.4073,25.8587]],[[92.4919,25.8443],[92.4998,25.8561],[92.4917,25.8583],[92.4919,25.8443]],[[93.9254,25.8342],[93.9328,25.841],[93.925,25.8417],[93.9254,25.8342]],[[93.9098,25.8394],[93.8945,25.8181],[93.9152,25.8394],[93.9098,25.8394]],[[92.4983,25.825],[92.4942,25.8084],[92.5084,25.8179],[92.4983,25.825]],[[92.5415,25.7737],[92.5336,25.7678],[92.5417,25.7667],[92.5415,25.7737]],[[93.9091,25.7672],[93.9158,25.7746],[93.9083,25.775],[93.9091,25.7672]],[[92.5669,25.7597],[92.5747,25.7656],[92.5667,25.7667],[92.5669,25.7597]],[[92.5333,25.7583],[92.5486,25.7507],[92.5496,25.7567],[92.5333,25.7583]],[[93.5525,25.501],[93.5726,25.5096],[93.5741,25.5143],[93.5619,25.5154],[93.5525,25.501]],[[92.7328,25.4765],[92.7262,25.4908],[92.7268,25.4754],[92.7328,25.4765]],[[93.5073,25.442],[93.5,25.45],[93.5004,25.4426],[93.5073,25.442]],[[93.2415,25.4153],[93.2336,25.4094],[93.2417,25.4083],[93.2415,25.4153]],[[93.419,25.4071],[93.4307,25.401],[93.4407,25.4142],[93.419,25.4071]],[[93.3921,25.3676],[93.3997,25.3739],[93.3917,25.375],[93.3921,25.3676]],[[93.3756,25.3735],[93.3822,25.3592],[93.3816,25.3746],[93.3756,25.3735]],[[92.9167,25.325],[92.894,25.3407],[92.8923,25.3279],[92.9167,25.325]],[[93.2397,25.3188],[93.231,25.3398],[93.2189,25.3402],[93.219,25.3348],[93.2397,25.3188]],[[92.949,25.267],[92.9417,25.275],[92.9421,25.2676],[92.949,25.267]],[[93.0331,25.2153],[93.0253,25.2094],[93.0333,25.2083],[93.0331,25.2153]],[[93.1924,25.2089],[93.1991,25.2163],[93.1917,25.2167],[93.1924,25.2089]],[[93.1252,25.2014],[93.1331,25.2072],[93.125,25.2083],[93.1252,25.2014]],[[93.0451,25.2065],[93.0533,25.1843],[93.064,25.1769],[93.0648,25.1892],[93.0451,25.2065]],[[93.0823,25.1837],[93.075,25.1917],[93.0754,25.1842],[93.0823,25.1837]],[[93.0157,25.167],[93.0083,25.175],[93.0088,25.1676],[93.0157,25.167]],[[93.0083,25.125],[93.001,25.133],[93.0003,25.1261],[93.0083,25.125]],[[93.0178,25.1253],[93.0237,25.1331],[93.0167,25.1333],[93.0178,25.1253]],[[92.101,25.083],[92.1083,25.075],[92.1079,25.0824],[92.101,25.083]],[[92.1651,25.0995],[92.1513,25.0924],[92.1667,25.0917],[92.1651,25.0995]],[[92.3186,25.1189],[92.337,25.1096],[92.35,25.1083],[92.3372,25.1244],[92.3186,25.1189]],[[92.1881,25.132],[92.1612,25.1235],[92.1596,25.1194],[92.178,25.1178],[92.1881,25.132]],[[92.1493,25.1328],[92.1422,25.1257],[92.15,25.125],[92.1493,25.1328]],[[92.0927,25.1747],[92.1,25.1667],[92.0996,25.1741],[92.0927,25.1747]],[[92.0169,25.1764],[92.0247,25.1822],[92.0167,25.1833],[92.0169,25.1764]],[[90.8633,25.2604],[90.8583,25.2917],[90.8819,25.2875],[90.8745,25.3049],[90.8386,25.2859],[90.8189,25.2966],[90.8426,25.2534],[90.8633,25.2604]],[[90.7917,25.3083],[90.799,25.3004],[90.7997,25.3072],[90.7917,25.3083]],[[90.7477,25.3081],[90.736,25.3002],[90.75,25.3],[90.7477,25.3081]],[[90.9009,25.265],[90.9243,25.2773],[90.8951,25.2967],[90.9009,25.265]],[[90.7394,25.3331],[90.7277,25.3252],[90.7417,25.325],[90.7394,25.3331]],[[90.6606,25.3689],[90.6813,25.3976],[90.6565,25.4219],[90.6459,25.4115],[90.623,25.4307],[90.6106,25.4229],[90.6188,25.3952],[90.6393,25.406],[90.6606,25.3689]],[[90.5886,25.4314],[90.5279,25.4819],[90.4541,25.4856],[90.4547,25.5059],[90.4296,25.5231],[90.3612,25.5485],[90.3447,25.5371],[90.3516,25.5631],[90.3945,25.5596],[90.414,25.5853],[90.3802,25.5974],[90.3038,25.5978],[90.3215,25.5519],[90.3032,25.5469],[90.2919,25.5182],[90.2539,25.5481],[90.2636,25.5212],[90.2357,25.4972],[90.3445,25.4359],[90.4184,25.4346],[90.4447,25.4486],[90.5888,25.3948],[90.5886,25.4314]],[[90.3921,25.5426],[90.3995,25.5493],[90.3917,25.55],[90.3921,25.5426]],[[90.901,25.6497],[90.9083,25.6417],[90.9079,25.6491],[90.901,25.6497]],[[90.3844,25.6663],[90.3917,25.6583],[90.3913,25.6658],[90.3844,25.6663]],[[90.3738,25.6728],[90.3596,25.6765],[90.3736,25.6678],[90.3738,25.6728]],[[90.9333,25.7431],[90.9025,25.727],[90.9194,25.7255],[90.9333,25.7431]],[[90.9927,25.7663],[91.0,25.7583],[90.9996,25.7658],[90.9927,25.7663]],[[91.8161,25.8748],[91.761,25.8437],[91.8228,25.802],[91.8325,25.8619],[91.8161,25.8748]],[[90.0091,25.8523],[90.019,25.8429],[90.025,25.8417],[90.0236,25.8572],[90.0091,25.8523]],[[90.0333,25.8667],[90.0106,25.8821],[90.009,25.8696],[90.0333,25.8667]],[[90.0416,25.933],[90.0304,25.956],[90.0104,25.9546],[90.0121,25.8934],[90.0416,25.933]],[[92.1797,25.956],[92.1803,25.9189],[92.2062,25.9386],[92.1797,25.956]],[[91.941,25.9495],[91.9342,25.9421],[91.9417,25.9417],[91.941,25.9495]],[[92.0167,25.975],[92.0244,25.9673],[92.0245,25.9743],[92.0167,25.975]],[[90.0163,25.9741],[90.0086,25.9678],[90.0167,25.9667],[90.0163,25.9741]],[[90.0328,25.9681],[90.0262,25.9824],[90.0268,25.967],[90.0328,25.9681]],[[92.0073,25.9754],[92.0,25.9833],[92.0004,25.9759],[92.0073,25.9754]],[[92.0341,25.9755],[92.0408,25.9829],[92.0333,25.9833],[92.0341,25.9755]],[[92.3994,25.9923],[92.3917,26.0],[92.3921,25.9926],[92.3994,25.9923]],[[94.0073,25.992],[94.0,26.0],[94.0004,25.9926],[94.0073,25.992]],[[94.0407,25.992],[94.0333,26.0],[94.0338,25.9926],[94.0407,25.992]],[[90.7583,25.1417],[90.7506,25.1494],[90.7505,25.1424],[90.7583,25.1417]],[[91.0032,25.1408],[90.917,25.1287],[90.894,25.1042],[90.8951,25.0779],[90.9307,25.0873],[90.9293,25.0523],[91.0083,25.1023],[91.0032,25.1408]],[[90.9856,25.0669],[90.9973,25.0748],[90.9833,25.075],[90.9856,25.0669]],[[90.9583,25.05],[90.951,25.058],[90.9503,25.0511],[90.9583,25.05]],[[90.9785,25.0425],[90.9976,25.0513],[90.9986,25.0566],[90.9859,25.0564],[90.9785,25.0425]],[[90.8493,25.0495],[90.8426,25.0421],[90.85,25.0417],[90.8493,25.0495]],[[90.7835,25.0268],[90.7966,25.0177],[90.8068,25.039],[90.7917,25.0417],[90.7835,25.0268]],[[90.9333,25.025],[90.9569,25.0185],[90.957,25.0315],[90.9333,25.025]],[[90.8227,25.0248],[90.8104,25.017],[90.825,25.0167],[90.8227,25.0248]],[[90.9002,25.0597],[90.9081,25.0656],[90.9,25.0667],[90.9002,25.0597]],[[90.8906,25.0664],[90.8847,25.0585],[90.8917,25.0583],[90.8906,25.0664]],[[90.8579,25.0731],[90.8502,25.0607],[90.8583,25.0583],[90.8579,25.0731]],[[90.8815,25.0975],[90.8677,25.1213],[90.8447,25.0854],[90.8727,25.0872],[90.8815,25.0975]],[[90.5913,25.0908],[90.5836,25.0844],[90.5917,25.0833],[90.5913,25.0908]],[[90.6915,25.0987],[90.6836,25.0928],[90.6917,25.0917],[90.6915,25.0987]],[[90.5913,25.1074],[90.5839,25.1007],[90.5917,25.1],[90.5913,25.1074]],[[90.5579,25.1158],[90.5505,25.109],[90.5583,25.1083],[90.5579,25.1158]],[[90.8157,25.117],[90.8083,25.125],[90.8088,25.1176],[90.8157,25.117]],[[90.4656,25.1272],[90.4518,25.1236],[90.4534,25.117],[90.4656,25.1272]],[[90.6345,25.1253],[90.6403,25.1331],[90.6333,25.1333],[90.6345,25.1253]],[[90.5996,25.1408],[90.5922,25.134],[90.6,25.1333],[90.5996,25.1408]],[[90.8956,25.1238],[90.8987,25.1332],[90.8917,25.1333],[90.8956,25.1238]],[[90.8092,25.0934],[90.8239,25.0984],[90.8083,25.1083],[90.8092,25.0934]],[[90.7177,25.0913],[90.725,25.0833],[90.7246,25.0908],[90.7177,25.0913]],[[90.0248,25.1237],[90.017,25.1178],[90.025,25.1167],[90.0248,25.1237]],[[90.0761,25.1169],[90.082,25.1248],[90.075,25.125],[90.0761,25.1169]],[[89.9204,24.9907],[89.9071,24.9919],[89.8832,24.9912],[89.913,24.9768],[89.9204,24.9907]],[[89.9924,24.9755],[89.9995,24.9826],[89.9917,24.9833],[89.9924,24.9755]],[[90.4102,24.9758],[90.422,24.9911],[90.409,24.9896],[90.4102,24.9758]],[[90.4761,24.9836],[90.4824,24.9913],[90.475,24.9917],[90.4761,24.9836]],[[90.2917,24.975],[90.3137,24.9523],[90.3477,24.9625],[90.2917,24.975]],[[89.9094,24.9663],[89.9167,24.9583],[89.9163,24.9658],[89.9094,24.9663]],[[90.2921,24.9426],[90.2997,24.9489],[90.2917,24.95],[90.2921,24.9426]],[[89.9478,24.94],[89.9613,24.9198],[90.005,24.8938],[89.9904,24.9386],[89.9735,24.9265],[89.9583,24.9333],[89.9618,24.9489],[89.9478,24.94]],[[90.3109,24.9298],[90.3476,24.9106],[90.3559,24.9114],[90.3313,24.939],[90.3109,24.9298]],[[90.2996,24.9241],[90.292,24.9178],[90.3,24.9167],[90.2996,24.9241]],[[90.3004,24.8926],[90.3078,24.8993],[90.3,24.9],[90.3004,24.8926]],[[90.2042,24.8898],[90.2143,24.8881],[90.2306,24.8692],[90.2165,24.8954],[90.2042,24.8898]],[[90.3429,24.8773],[90.3572,24.8819],[90.3417,24.8833],[90.3429,24.8773]],[[90.268,24.8739],[90.2435,24.8457],[90.2455,24.8272],[90.2958,24.81],[90.2833,24.8333],[90.2982,24.8475],[90.3189,24.7941],[90.3876,24.7684],[90.4031,24.774],[90.3428,24.7949],[90.3145,24.8478],[90.2791,24.8525],[90.268,24.8739]],[[90.3254,24.8509],[90.3328,24.8576],[90.325,24.8583],[90.3254,24.8509]],[[90.4482,24.7887],[90.4722,24.7862],[90.4611,24.8039],[90.4718,24.8144],[90.4478,24.8013],[90.4482,24.7887]],[[90.351,24.808],[90.3583,24.8],[90.3579,24.8074],[90.351,24.808]],[[90.4257,24.7672],[90.4328,24.7743],[90.425,24.775],[90.4257,24.7672]],[[90.484,24.766],[90.4917,24.7583],[90.491,24.7661],[90.484,24.766]],[[90.5023,24.7586],[90.5139,24.7665],[90.5,24.7667],[90.5023,24.7586]],[[90.413,24.7644],[90.4437,24.7182],[90.4634,24.7104],[90.413,24.7644]],[[90.5627,24.7595],[90.5594,24.7503],[90.5667,24.75],[90.5627,24.7595]],[[90.5691,24.7336],[90.5807,24.7415],[90.5667,24.7417],[90.5691,24.7336]],[[90.6007,24.7089],[90.6078,24.716],[90.6,24.7167],[90.6007,24.7089]],[[89.99,24.712],[89.9447,24.7123],[89.9695,24.7341],[89.9919,24.7302],[90.006,24.7624],[89.9537,24.7647],[89.9583,24.725],[89.8943,24.7124],[89.9215,24.7136],[89.9719,24.6763],[89.9885,24.697],[90.0048,24.6686],[89.99,24.712]],[[90.4679,24.6791],[90.4829,24.6804],[90.4715,24.6989],[90.4751,24.6906],[90.4679,24.6791]],[[90.5772,24.6821],[90.5735,24.668],[90.5822,24.682],[90.5772,24.6821]],[[90.1906,24.6747],[90.1847,24.6669],[90.1917,24.6667],[90.1906,24.6747]],[[90.2333,24.6667],[90.2566,24.6593],[90.2578,24.6645],[90.2333,24.6667]],[[90.299,24.6587],[90.2917,24.6667],[90.2921,24.6592],[90.299,24.6587]],[[90.3671,24.6509],[90.3747,24.6572],[90.3667,24.6583],[90.3671,24.6509]],[[90.4653,24.6303],[90.5054,24.6138],[90.525,24.5833],[90.5216,24.5359],[90.5393,24.562],[90.5266,24.564],[90.5277,24.6042],[90.5558,24.5873],[90.5392,24.6227],[90.5124,24.6389],[90.4861,24.6281],[90.488,24.6478],[90.4681,24.6574],[90.4653,24.6303]],[[90.5776,24.5596],[90.5977,24.5537],[90.5807,24.5814],[90.5835,24.5746],[90.5776,24.5596]],[[90.6113,24.5611],[90.6318,24.5554],[90.6116,24.5735],[90.6113,24.5611]],[[90.5663,24.5542],[90.5592,24.5731],[90.561,24.5504],[90.5663,24.5542]],[[90.351,24.5413],[90.3583,24.5333],[90.3579,24.5408],[90.351,24.5413]],[[90.1844,24.5413],[90.1917,24.5333],[90.1913,24.5408],[90.1844,24.5413]],[[89.9922,24.5398],[89.9847,24.509],[89.9666,24.5239],[89.98,24.5394],[89.9195,24.5194],[89.9043,24.565],[89.8898,24.4788],[89.8695,24.4599],[89.8936,24.4508],[89.8941,24.471],[89.9094,24.4744],[89.9115,24.452],[89.9372,24.4182],[89.9544,24.4415],[89.9875,24.4099],[89.997,24.4131],[89.9774,24.4291],[89.989,24.4335],[90.0479,24.4108],[90.0557,24.4216],[90.0031,24.4461],[89.9922,24.5398]],[[90.4165,24.5237],[90.4086,24.5178],[90.4167,24.5167],[90.4165,24.5237]],[[90.4921,24.5176],[90.4997,24.5239],[90.4917,24.525],[90.4921,24.5176]],[[90.5168,24.5113],[90.5249,24.5212],[90.5195,24.525],[90.5168,24.5113]],[[90.6685,24.5039],[90.6815,24.5137],[90.6636,24.5244],[90.6751,24.5163],[90.6685,24.5039]],[[90.693,24.5031],[90.7081,24.5067],[90.696,24.5238],[90.7001,24.5156],[90.693,24.5031]],[[90.6413,24.501],[90.6333,24.5083],[90.6345,24.5003],[90.6413,24.501]],[[90.5578,24.5085],[90.5515,24.4934],[90.5733,24.493],[90.5731,24.4976],[90.5578,24.5085]],[[90.7004,24.4842],[90.7078,24.491],[90.7,24.4917],[90.7004,24.4842]],[[90.6752,24.4764],[90.6831,24.4822],[90.675,24.4833],[90.6752,24.4764]],[[90.556,24.4724],[90.5276,24.4943],[90.5632,24.4437],[90.556,24.4724]],[[90.5823,24.4445],[90.577,24.4654],[90.578,24.4432],[90.5823,24.4445]],[[90.6657,24.4504],[90.6583,24.4583],[90.6588,24.4509],[90.6657,24.4504]],[[90.3163,24.4658],[90.3089,24.459],[90.3167,24.4583],[90.3163,24.4658]],[[90.2579,24.4741],[90.2505,24.4674],[90.2583,24.4667],[90.2579,24.4741]],[[90.4249,24.4889],[90.4168,24.4781],[90.425,24.475],[90.4249,24.4889]],[[90.3996,24.4991],[90.3922,24.4924],[90.4,24.4917],[90.3996,24.4991]],[[90.4165,24.507],[90.4086,24.5011],[90.4167,24.5],[90.4165,24.507]],[[90.4415,24.5153],[90.4336,24.5094],[90.4417,24.5083],[90.4415,24.5153]],[[90.4573,24.517],[90.45,24.525],[90.4504,24.5176],[90.4573,24.517]],[[90.4754,24.5009],[90.4828,24.5076],[90.475,24.5083],[90.4754,24.5009]],[[90.4544,24.4729],[90.4538,24.4649],[90.4655,24.4629],[90.4544,24.4729]],[[90.5998,24.5153],[90.592,24.5094],[90.6,24.5083],[90.5998,24.5153]],[[90.0915,24.4487],[90.0836,24.4428],[90.0917,24.4417],[90.0915,24.4487]],[[90.4197,24.444],[90.4403,24.4277],[90.4195,24.4487],[90.4197,24.444]],[[90.4,24.4417],[90.4082,24.4278],[90.4055,24.4414],[90.4,24.4417]],[[90.3803,24.4412],[90.3785,24.4252],[90.3917,24.425],[90.3803,24.4412]],[[90.0788,24.4308],[90.0882,24.401],[90.1477,24.3963],[90.1262,24.4242],[90.0788,24.4308]],[[90.3073,24.4087],[90.3,24.4167],[90.3004,24.4092],[90.3073,24.4087]],[[90.3421,24.4009],[90.3495,24.4076],[90.3417,24.4083],[90.3421,24.4009]],[[90.2844,24.3997],[90.2917,24.3917],[90.2913,24.3991],[90.2844,24.3997]],[[90.3169,24.3777],[90.3248,24.3894],[90.3167,24.3917],[90.3169,24.3777]],[[90.3372,24.3891],[90.3537,24.3522],[90.3645,24.3619],[90.3372,24.3891]],[[89.9925,24.3906],[89.8554,24.407],[89.8537,24.3867],[89.8427,24.3878],[89.8341,24.3765],[89.8555,24.3601],[89.828,24.345],[89.8458,24.3111],[89.8566,24.328],[89.8818,24.3213],[89.8752,24.3449],[89.8524,24.3463],[89.8688,24.3644],[89.9269,24.3497],[89.9279,24.3196],[89.9528,24.3025],[89.9598,24.3155],[89.9654,24.3009],[89.9352,24.2541],[90.0048,24.2362],[90.0083,24.3708],[89.9925,24.3906]],[[90.35,24.3299],[90.3584,24.3379],[90.3532,24.3417],[90.35,24.3299]],[[90.36,24.2885],[90.3741,24.3058],[90.371,24.3397],[90.3667,24.3],[90.36,24.2885]],[[90.2579,24.3324],[90.2503,24.3261],[90.2583,24.325],[90.2579,24.3324]],[[90.249,24.2754],[90.2417,24.2833],[90.2421,24.2759],[90.249,24.2754]],[[90.3088,24.2676],[90.3161,24.2743],[90.3083,24.275],[90.3088,24.2676]],[[90.1129,24.248],[90.1246,24.1831],[90.0929,24.1788],[90.1016,24.1611],[90.1393,24.1946],[90.1129,24.248]],[[90.2444,24.1926],[90.2475,24.2157],[90.2333,24.2167],[90.2444,24.1926]],[[90.0927,24.1997],[90.1,24.1917],[90.0996,24.1991],[90.0927,24.1997]],[[90.0496,24.2074],[90.0422,24.2007],[90.05,24.2],[90.0496,24.2074]],[[90.0329,24.2158],[90.0255,24.209],[90.0333,24.2083],[90.0329,24.2158]],[[90.1071,24.2228],[90.093,24.2265],[90.107,24.2178],[90.1071,24.2228]],[[89.9579,24.2408],[89.9505,24.234],[89.9583,24.2333],[89.9579,24.2408]],[[89.8996,24.2491],[89.8922,24.2424],[89.9,24.2417],[89.8996,24.2491]],[[89.8684,24.2573],[89.9041,24.2816],[89.8775,24.2801],[89.8684,24.2573]],[[89.8583,24.2833],[89.8657,24.2754],[89.8664,24.2822],[89.8583,24.2833]],[[89.8488,24.2811],[89.8346,24.2848],[89.8486,24.2761],[89.8488,24.2811]],[[89.9091,24.2589],[89.9161,24.266],[89.9083,24.2667],[89.9091,24.2589]],[[89.8913,24.3074],[89.8839,24.3007],[89.8917,24.3],[89.8913,24.3074]],[[89.8964,24.3306],[89.9016,24.3187],[89.9167,24.3167],[89.9132,24.3407],[89.8964,24.3306]],[[89.826,24.333],[89.8333,24.325],[89.8329,24.3324],[89.826,24.333]],[[89.801,24.383],[89.8083,24.375],[89.8079,24.3824],[89.801,24.383]],[[90.0915,24.3903],[90.0836,24.3844],[90.0917,24.3833],[90.0915,24.3903]],[[90.1011,24.3836],[90.107,24.3915],[90.1,24.3917],[90.1011,24.3836]],[[89.851,24.5413],[89.8583,24.5333],[89.8579,24.5408],[89.851,24.5413]],[[89.9928,24.5586],[89.9991,24.5663],[89.9917,24.5667],[89.9928,24.5586]],[[89.9738,24.5727],[89.9594,24.5681],[89.975,24.5667],[89.9738,24.5727]],[[89.9243,24.5828],[89.9176,24.5754],[89.925,24.575],[89.9243,24.5828]],[[90.4831,24.5903],[90.4753,24.5844],[90.4833,24.5833],[90.4831,24.5903]],[[90.466,24.5923],[90.4583,24.6],[90.4591,24.5922],[90.466,24.5923]],[[90.4313,24.6238],[90.4473,24.6306],[90.3944,24.6117],[90.4288,24.5941],[90.4313,24.6238]],[[90.3743,24.6161],[90.3672,24.609],[90.375,24.6083],[90.3743,24.6161]],[[90.3917,24.6333],[90.3994,24.6256],[90.3995,24.6326],[90.3917,24.6333]],[[90.2984,24.6328],[90.2841,24.6261],[90.3,24.625],[90.2984,24.6328]],[[90.2677,24.633],[90.275,24.625],[90.2746,24.6324],[90.2677,24.633]],[[90.2244,24.634],[90.2167,24.6417],[90.2174,24.6339],[90.2244,24.634]],[[89.9989,24.6414],[89.993,24.6335],[90.0,24.6333],[89.9989,24.6414]],[[90.3121,24.6409],[90.3157,24.6574],[90.3083,24.6583],[90.3121,24.6409]],[[89.8895,24.6429],[89.8932,24.657],[89.8845,24.643],[89.8895,24.6429]],[[89.8515,24.6746],[89.8285,24.6653],[89.8271,24.6601],[89.8485,24.6522],[89.8515,24.6746]],[[89.9423,24.6577],[89.95,24.65],[89.9493,24.6578],[89.9423,24.6577]],[[90.3498,24.6487],[90.342,24.6428],[90.35,24.6417],[90.3498,24.6487]],[[90.4007,24.6448],[90.4158,24.6395],[90.402,24.6493],[90.4007,24.6448]],[[90.375,24.6417],[90.3832,24.6278],[90.3805,24.6414],[90.375,24.6417]],[[90.3656,24.6414],[90.3597,24.6335],[90.3667,24.6333],[90.3656,24.6414]],[[90.4573,24.6087],[90.45,24.6167],[90.4504,24.6092],[90.4573,24.6087]],[[90.1918,24.5538],[90.2,24.5629],[90.1949,24.5667],[90.1918,24.5538]],[[89.9597,24.5583],[89.9462,24.542],[89.9666,24.5475],[89.9597,24.5583]],[[90.0826,24.6911],[90.0759,24.6837],[90.0833,24.6833],[90.0826,24.6911]],[[89.8427,24.6997],[89.85,24.6917],[89.8496,24.6991],[89.8427,24.6997]],[[89.8996,24.7324],[89.8922,24.7257],[89.9,24.725],[89.8996,24.7324]],[[89.9225,24.7649],[89.9022,24.7648],[89.8933,24.7444],[89.9,24.7583],[89.9225,24.7649]],[[89.8726,24.7664],[89.8612,24.7585],[89.875,24.7583],[89.8726,24.7664]],[[90.0084,24.8095],[90.0004,24.7809],[90.0046,24.7759],[90.0084,24.8095]],[[89.7417,24.7917],[89.7227,24.8146],[89.7184,24.8146],[89.7184,24.7939],[89.7417,24.7917]],[[90.2427,24.8663],[90.25,24.8583],[90.2496,24.8658],[90.2427,24.8663]],[[90.0338,24.8665],[90.0284,24.8826],[90.0166,24.8737],[90.0338,24.8665]],[[89.6829,24.8814],[89.6753,24.869],[89.6833,24.8667],[89.6829,24.8814]],[[90.084,24.8816],[90.0911,24.8681],[90.0902,24.8828],[90.084,24.8816]],[[90.1248,24.8737],[90.117,24.8678],[90.125,24.8667],[90.1248,24.8737]],[[90.1595,24.8669],[90.1653,24.8748],[90.1583,24.875],[90.1595,24.8669]],[[90.0746,24.8741],[90.067,24.8678],[90.075,24.8667],[90.0746,24.8741]],[[90.301,24.883],[90.3083,24.875],[90.3079,24.8824],[90.301,24.883]],[[89.6407,24.8754],[89.6333,24.8833],[89.6338,24.8759],[89.6407,24.8754]],[[89.7073,24.7092],[89.7,24.725],[89.7011,24.7091],[89.7073,24.7092]],[[89.7156,24.6425],[89.7083,24.6583],[89.7095,24.6424],[89.7156,24.6425]],[[89.7171,24.6259],[89.7247,24.6322],[89.7167,24.6333],[89.7171,24.6259]],[[89.6927,24.6325],[89.7,24.6167],[89.6989,24.6326],[89.6927,24.6325]],[[89.7023,24.6003],[89.714,24.6081],[89.7,24.6083],[89.7023,24.6003]],[[89.724,24.5837],[89.7167,24.5917],[89.7171,24.5842],[89.724,24.5837]],[[90.2157,24.1504],[90.2083,24.1583],[90.2088,24.1509],[90.2157,24.1504]],[[90.2504,24.1426],[90.2578,24.1493],[90.25,24.15],[90.2504,24.1426]],[[90.2167,24.125],[90.24,24.1021],[90.24,24.1228],[90.2167,24.125]],[[90.0674,24.0089],[90.0745,24.016],[90.0667,24.0167],[90.0674,24.0089]],[[89.876,24.008],[89.8833,24.0],[89.8829,24.0074],[89.876,24.008]],[[89.8977,24.0581],[89.886,24.0502],[89.9,24.05],[89.8977,24.0581]],[[89.866,24.059],[89.8583,24.0667],[89.8591,24.0589],[89.866,24.059]],[[89.8406,24.0664],[89.8347,24.0585],[89.8417,24.0583],[89.8406,24.0664]],[[89.8163,24.0741],[89.8089,24.0674],[89.8167,24.0667],[89.8163,24.0741]],[[89.7663,24.0824],[89.7589,24.0757],[89.7667,24.075],[89.7663,24.0824]],[[89.8311,24.1136],[89.8195,24.1018],[89.8019,24.1029],[89.8193,24.0939],[89.8311,24.1136]],[[89.8828,24.1326],[89.8757,24.1255],[89.8827,24.1256],[89.8828,24.1326]],[[89.8643,24.1331],[89.8528,24.1252],[89.8667,24.125],[89.8643,24.1331]],[[89.8073,23.817],[89.8,23.825],[89.8004,23.8176],[89.8073,23.817]],[[90.2907,24.242],[90.2833,24.25],[90.2838,24.2426],[90.2907,24.242]],[[90.2907,24.2254],[90.2833,24.2333],[90.2838,24.2259],[90.2907,24.2254]],[[90.074,25.1004],[90.0667,25.1083],[90.0671,25.1009],[90.074,25.1004]],[[90.474,25.0754],[90.4667,25.0833],[90.4671,25.0759],[90.474,25.0754]],[[90.5073,25.0587],[90.5,25.0667],[90.5004,25.0592],[90.5073,25.0587]],[[92.1657,25.0587],[92.1583,25.0667],[92.1588,25.0592],[92.1657,25.0587]],[[92.7673,25.0577],[92.775,25.05],[92.7743,25.0578],[92.7673,25.0577]],[[92.8261,25.0503],[92.832,25.0581],[92.825,25.0583],[92.8261,25.0503]],[[92.7566,25.0491],[92.7523,25.034],[92.7576,25.0353],[92.7566,25.0491]],[[92.8083,25.0167],[92.8312,25.0033],[92.8313,25.0385],[92.8275,25.0388],[92.8083,25.0167]],[[92.9667,25.0],[92.9594,25.008],[92.9586,25.0011],[92.9667,25.0]],[[93.1064,24.993],[93.1083,25.0083],[93.1141,25.0158],[93.1005,25.0042],[93.1064,24.993]],[[93.4064,24.9969],[93.3605,24.939],[93.3543,24.9181],[93.398,24.9626],[93.4064,24.9969]],[[91.987,24.9274],[91.9621,24.9231],[91.9522,24.9037],[91.9972,24.8863],[91.998,24.9131],[91.9758,24.9167],[91.987,24.9274]],[[92.2533,24.9145],[92.2256,24.8957],[92.2109,24.8777],[92.2725,24.9052],[92.2533,24.9145]],[[92.2915,24.907],[92.2836,24.9011],[92.2917,24.9],[92.2915,24.907]],[[92.4928,24.9003],[92.4987,24.9081],[92.4917,24.9083],[92.4928,24.9003]],[[93.3472,24.9057],[93.3015,24.8632],[93.2684,24.7794],[93.2523,24.7205],[93.2619,24.7099],[93.2803,24.7182],[93.3033,24.805],[93.325,24.8167],[93.323,24.7858],[93.3652,24.8458],[93.3527,24.8563],[93.3273,24.8197],[93.3472,24.9057]],[[93.4671,24.7772],[93.4775,24.7367],[93.514,24.7278],[93.4929,24.7553],[93.4894,24.8053],[93.4671,24.7772]],[[93.4326,24.7546],[93.4187,24.7568],[93.4093,24.7365],[93.425,24.7333],[93.4326,24.7546]],[[93.4275,24.7838],[93.4402,24.7688],[93.4487,24.7965],[93.4374,24.7991],[93.4275,24.7838]],[[93.4083,24.7833],[93.416,24.7756],[93.4158,24.7829],[93.4083,24.7833]],[[93.3887,24.6857],[93.3621,24.7049],[93.3359,24.6707],[93.3472,24.6375],[93.3348,24.6044],[93.3645,24.6144],[93.3737,24.5843],[93.3829,24.599],[93.3679,24.6282],[93.397,24.6535],[93.4127,24.7233],[93.3887,24.6857]],[[93.4677,24.7026],[93.4613,24.6683],[93.4882,24.6528],[93.5151,24.696],[93.4677,24.7026]],[[93.4182,24.665],[93.4147,24.643],[93.4238,24.6636],[93.4182,24.665]],[[92.1083,24.5798],[92.125,24.575],[92.1221,24.5355],[92.1405,24.5694],[92.1135,24.5893],[92.1083,24.5798]],[[93.3157,24.5754],[93.3083,24.5833],[93.3088,24.5759],[93.3157,24.5754]],[[93.0161,24.532],[93.023,24.563],[93.017,24.5666],[93.0081,24.5521],[93.0161,24.532]],[[93.3665,24.557],[93.3586,24.5511],[93.3667,24.55],[93.3665,24.557]],[[93.4004,24.5311],[93.4232,24.5468],[93.4004,24.5584],[93.4004,24.5311]],[[93.4424,24.5255],[93.4495,24.5326],[93.4417,24.5333],[93.4424,24.5255]],[[93.3294,24.5397],[93.3027,24.4791],[93.3132,24.4604],[93.3393,24.5284],[93.3294,24.5397]],[[93.3498,24.5153],[93.342,24.5094],[93.35,24.5083],[93.3498,24.5153]],[[93.3928,24.5086],[93.3987,24.5165],[93.3917,24.5167],[93.3928,24.5086]],[[93.424,24.4966],[93.428,24.4855],[93.4386,24.4927],[93.4398,24.5135],[93.4333,24.4917],[93.424,24.4966]],[[92.0826,24.4661],[92.0759,24.4587],[92.0833,24.4583],[92.0826,24.4661]],[[92.0229,24.4914],[91.9952,24.4941],[92.0141,24.5115],[92.0029,24.5144],[91.962,24.4825],[91.9719,24.4685],[91.9472,24.4432],[91.9144,24.4811],[91.8696,24.4949],[91.8882,24.5032],[91.8782,24.5137],[91.9129,24.572],[91.8765,24.5648],[91.8694,24.553],[91.8909,24.5584],[91.8763,24.5341],[91.8281,24.5476],[91.8544,24.5186],[91.8159,24.5236],[91.7937,24.5082],[91.7429,24.5304],[91.7805,24.5702],[91.7744,24.5798],[91.7542,24.5522],[91.7356,24.5631],[91.7179,24.5417],[91.7193,24.512],[91.7393,24.5054],[91.7316,24.4932],[91.7203,24.4866],[91.7024,24.5143],[91.7061,24.4784],[91.684,24.4905],[91.6691,24.4806],[91.6958,24.4685],[91.6458,24.4531],[91.6382,24.4722],[91.6261,24.4618],[91.626,24.4225],[91.6472,24.3876],[91.6444,24.3371],[91.6582,24.3309],[91.6429,24.2999],[91.6523,24.2202],[91.6849,24.2094],[91.7227,24.2287],[91.7033,24.2472],[91.7229,24.2547],[91.7371,24.322],[91.7448,24.2862],[91.7568,24.2886],[91.7641,24.3121],[91.7424,24.3528],[91.7456,24.3635],[91.7571,24.3473],[91.7608,24.4133],[91.7809,24.4035],[91.7666,24.4321],[91.7791,24.4732],[91.804,24.4887],[91.8212,24.4691],[91.8251,24.4898],[91.8662,24.472],[91.8662,24.4538],[91.8277,24.4373],[91.8569,24.4456],[91.8274,24.3963],[91.8578,24.3838],[91.8572,24.3985],[91.8973,24.3947],[91.8509,24.4151],[91.882,24.4473],[91.8784,24.4801],[91.914,24.4716],[91.9053,24.4532],[91.8933,24.4621],[91.9005,24.4455],[91.9468,24.4298],[91.9283,24.4024],[91.971,24.4224],[92.0124,24.4023],[91.9757,24.4512],[91.9873,24.4723],[92.0135,24.4552],[92.0229,24.4914]],[[93.4007,24.4422],[93.4074,24.4496],[93.4,24.45],[93.4007,24.4422]],[[93.1,24.4417],[93.0931,24.4195],[93.0886,24.3762],[93.1162,24.4253],[93.1,24.4417]],[[93.1507,24.3767],[93.1578,24.3902],[93.1518,24.3913],[93.1507,24.3767]],[[91.95,24.375],[91.9577,24.3673],[91.9574,24.3746],[91.95,24.375]],[[91.8862,24.3542],[91.905,24.3816],[91.8856,24.3728],[91.8697,24.3384],[91.8788,24.2939],[91.8972,24.3041],[91.8862,24.3542]],[[91.9898,24.3635],[91.9716,24.3275],[91.9901,24.3538],[91.9898,24.3635]],[[93.2588,24.3426],[93.2661,24.3493],[93.2583,24.35],[93.2588,24.3426]],[[93.1809,24.3469],[93.1046,24.262],[93.0863,24.2637],[93.0975,24.2364],[93.0727,24.1772],[93.0362,24.172],[93.0385,24.1451],[93.0176,24.1333],[93.0559,24.0951],[93.1019,24.2291],[93.1232,24.2196],[93.1386,24.245],[93.1427,24.3031],[93.179,24.3085],[93.1695,24.2544],[93.1887,24.2032],[93.1644,24.145],[93.1341,24.161],[93.1638,24.1302],[93.1631,24.11],[93.1527,24.1033],[93.1467,24.1152],[93.1294,24.1309],[93.1109,24.1051],[93.115,24.0761],[93.1479,24.0967],[93.1496,24.0675],[93.123,24.0046],[93.1111,24.0045],[93.1069,23.9474],[93.0832,23.9204],[93.0855,23.895],[93.1147,23.9049],[93.1459,23.852],[93.1643,23.8778],[93.1531,23.9374],[93.1824,23.9414],[93.1443,23.9958],[93.1617,24.066],[93.2127,24.0521],[93.2107,24.0967],[93.2362,24.0849],[93.2584,24.1154],[93.2624,24.0771],[93.3312,24.0629],[93.3097,24.1],[93.3245,24.2328],[93.285,24.2805],[93.2901,24.3209],[93.2729,24.2624],[93.2281,24.2386],[93.215,24.2092],[93.2011,24.2231],[93.2067,24.3045],[93.1809,24.3469]],[[93.3263,24.1022],[93.3404,24.0985],[93.3264,24.1072],[93.3263,24.1022]],[[93.1594,24.2163],[93.1667,24.2083],[93.1663,24.2158],[93.1594,24.2163]],[[92.951,24.1163],[92.9583,24.1083],[92.9579,24.1158],[92.951,24.1163]],[[92.8085,24.1264],[92.8164,24.1322],[92.8083,24.1333],[92.8085,24.1264]],[[92.7719,24.1298],[92.7807,24.0709],[92.7608,24.0215],[92.7706,24.0104],[92.8061,24.0879],[92.7775,24.1021],[92.7719,24.1298]],[[92.8154,24.1147],[92.7963,24.1236],[92.792,24.1213],[92.7955,24.1088],[92.8154,24.1147]],[[92.8917,24.1083],[92.9077,24.1021],[92.9065,24.1159],[92.8917,24.1083]],[[92.7924,24.0089],[92.7995,24.016],[92.7917,24.0167],[92.7924,24.0089]],[[92.6697,24.011],[92.7,24.1062],[92.6956,24.1648],[92.6697,24.011]],[[92.3835,24.043],[92.3914,24.0489],[92.3833,24.05],[92.3835,24.043]],[[91.5739,24.0497],[91.568,24.0419],[91.575,24.0417],[91.5739,24.0497]],[[91.6071,24.0561],[91.593,24.0598],[91.607,24.0511],[91.6071,24.0561]],[[92.5089,24.0819],[92.5155,24.0676],[92.5149,24.083],[92.5089,24.0819]],[[92.8022,24.1571],[92.7985,24.143],[92.8072,24.157],[92.8022,24.1571]],[[92.7665,24.057],[92.7586,24.0511],[92.7667,24.05],[92.7665,24.057]],[[92.8079,24.1741],[92.8005,24.1674],[92.8083,24.1667],[92.8079,24.1741]],[[92.9722,24.1671],[92.9635,24.1826],[92.959,24.1813],[92.9722,24.1671]],[[91.826,24.208],[91.8333,24.2],[91.8329,24.2074],[91.826,24.208]],[[91.8568,24.2391],[91.8361,24.232],[91.835,24.2259],[91.848,24.2193],[91.8568,24.2391]],[[91.8671,24.2269],[91.8748,24.2394],[91.8667,24.2417],[91.8671,24.2269]],[[91.7413,24.2491],[91.7339,24.2424],[91.7417,24.2417],[91.7413,24.2491]],[[91.8549,24.2537],[91.8616,24.2738],[91.829,24.2637],[91.825,24.2487],[91.8549,24.2537]],[[91.7395,24.2596],[91.7432,24.2737],[91.7345,24.2597],[91.7395,24.2596]],[[91.9754,24.2676],[91.9828,24.2743],[91.975,24.275],[91.9754,24.2676]],[[92.8248,24.282],[92.817,24.2761],[92.825,24.275],[92.8248,24.282]],[[92.9189,24.2904],[92.9152,24.2763],[92.9239,24.2903],[92.9189,24.2904]],[[91.8583,24.2987],[91.8645,24.2866],[91.8637,24.3148],[91.8365,24.339],[91.8472,24.3196],[91.8352,24.287],[91.8583,24.2987]],[[92.9367,24.3062],[92.9634,24.2529],[92.9968,24.2846],[92.9974,24.3222],[92.9778,24.2925],[92.9367,24.3062]],[[91.9594,24.3163],[91.9667,24.3083],[91.9663,24.3158],[91.9594,24.3163]],[[91.9919,24.2527],[92.0,24.2635],[91.9917,24.2667],[91.9919,24.2527]],[[92.9417,24.3333],[92.957,24.3257],[92.958,24.3317],[92.9417,24.3333]],[[91.9844,24.333],[91.9917,24.325],[91.9913,24.3324],[91.9844,24.333]],[[91.8502,24.3514],[91.8581,24.3572],[91.85,24.3583],[91.8502,24.3514]],[[91.8408,24.3649],[91.8262,24.36],[91.8417,24.35],[91.8408,24.3649]],[[91.8748,24.3737],[91.867,24.3678],[91.875,24.3667],[91.8748,24.3737]],[[91.8329,24.3824],[91.8255,24.3757],[91.8333,24.375],[91.8329,24.3824]],[[91.9182,24.3816],[91.9236,24.3688],[91.9316,24.3903],[91.9182,24.3816]],[[91.9447,24.3839],[91.9565,24.3992],[91.9429,24.3979],[91.9447,24.3839]],[[91.9094,24.3997],[91.9167,24.3917],[91.9163,24.3991],[91.9094,24.3997]],[[91.9833,24.4],[91.9681,24.4077],[91.9671,24.4017],[91.9833,24.4]],[[92.1748,24.407],[92.167,24.4011],[92.175,24.4],[92.1748,24.407]],[[92.1856,24.4003],[92.1973,24.4081],[92.1833,24.4083],[92.1856,24.4003]],[[91.9683,24.3815],[91.9808,24.3769],[91.99,24.3902],[91.9683,24.3815]],[[92.0091,24.4409],[92.0133,24.4335],[92.0185,24.4388],[92.0091,24.4409]],[[91.8971,24.4325],[91.8926,24.4195],[91.9059,24.4093],[91.9,24.4167],[91.8971,24.4325]],[[91.8826,24.4328],[91.8755,24.4257],[91.8833,24.425],[91.8826,24.4328]],[[91.9174,24.4172],[91.9241,24.4246],[91.9167,24.425],[91.9174,24.4172]],[[91.8177,24.4163],[91.825,24.4083],[91.8246,24.4158],[91.8177,24.4163]],[[91.776,24.433],[91.7833,24.425],[91.7829,24.4324],[91.776,24.433]],[[91.8344,24.4742],[91.8417,24.4583],[91.8406,24.4743],[91.8344,24.4742]],[[91.5844,24.2747],[91.5917,24.2667],[91.5913,24.2741],[91.5844,24.2747]],[[91.576,24.3913],[91.5833,24.3833],[91.5829,24.3908],[91.576,24.3913]],[[91.6094,24.4413],[91.6167,24.4333],[91.6163,24.4408],[91.6094,24.4413]],[[91.6319,24.5006],[91.6167,24.5083],[91.6172,24.5019],[91.6319,24.5006]],[[91.5844,24.508],[91.5917,24.5],[91.5913,24.5074],[91.5844,24.508]],[[91.6501,24.5078],[91.6728,24.501],[91.681,24.5031],[91.66,24.5158],[91.6501,24.5078]],[[91.6076,24.5135],[91.5925,24.5189],[91.6063,24.509],[91.6076,24.5135]],[[91.6576,24.5411],[91.6509,24.5337],[91.6583,24.5333],[91.6576,24.5411]],[[91.6246,24.5491],[91.6172,24.5424],[91.625,24.5417],[91.6246,24.5491]],[[91.6498,24.557],[91.642,24.5511],[91.65,24.55],[91.6498,24.557]],[[91.6163,24.5658],[91.6089,24.559],[91.6167,24.5583],[91.6163,24.5658]],[[91.6772,24.5615],[91.6921,24.5918],[91.7226,24.5698],[91.7293,24.6142],[91.7541,24.5941],[91.7446,24.6208],[91.7634,24.6626],[91.7531,24.6731],[91.8061,24.7281],[91.79,24.7472],[91.7194,24.7129],[91.7056,24.6758],[91.7579,24.7155],[91.7364,24.6471],[91.7469,24.6365],[91.7231,24.6196],[91.7046,24.6309],[91.703,24.61],[91.671,24.6186],[91.679,24.6399],[91.6513,24.6304],[91.6573,24.6636],[91.6279,24.6568],[91.6399,24.6379],[91.6252,24.637],[91.6027,24.6028],[91.66,24.6153],[91.6701,24.595],[91.6891,24.5972],[91.6691,24.5794],[91.6772,24.5615]],[[91.654,24.5854],[91.6444,24.5903],[91.6343,24.5774],[91.6417,24.5833],[91.654,24.5854]],[[91.616,24.5911],[91.6089,24.584],[91.6167,24.5833],[91.616,24.5911]],[[91.6094,24.6497],[91.6167,24.6417],[91.6163,24.6491],[91.6094,24.6497]],[[91.5984,24.6578],[91.5847,24.6507],[91.6,24.65],[91.5984,24.6578]],[[91.6912,24.6528],[91.6844,24.6734],[91.6873,24.6503],[91.6912,24.6528]],[[91.7174,24.6505],[91.7241,24.6579],[91.7167,24.6583],[91.7174,24.6505]],[[91.7002,24.643],[91.7081,24.6489],[91.7,24.65],[91.7002,24.643]],[[91.6519,24.6783],[91.6803,24.7226],[91.6521,24.6972],[91.6519,24.6783]],[[91.6394,24.7326],[91.6344,24.7181],[91.65,24.7167],[91.6488,24.7227],[91.6394,24.7326]],[[91.6941,24.7147],[91.6899,24.6937],[91.7063,24.715],[91.6941,24.7147]],[[91.6831,24.7406],[91.6754,24.7342],[91.6823,24.7337],[91.6831,24.7406]],[[91.6656,24.7414],[91.6597,24.7335],[91.6667,24.7333],[91.6656,24.7414]],[[91.6935,24.737],[91.7286,24.7358],[91.7326,24.7409],[91.715,24.7555],[91.6938,24.7549],[91.6935,24.737]],[[91.672,24.7674],[91.6693,24.7503],[91.6833,24.75],[91.672,24.7674]],[[91.7639,24.7628],[91.7726,24.8127],[91.7545,24.8311],[91.7638,24.812],[91.7417,24.8116],[91.7259,24.7819],[91.7639,24.7628]],[[91.701,24.783],[91.7083,24.775],[91.7079,24.7824],[91.701,24.783]],[[91.7227,24.8214],[91.7126,24.8308],[91.702,24.795],[91.7083,24.8083],[91.7227,24.8214]],[[91.8274,24.8267],[91.828,24.8097],[91.793,24.8122],[91.7774,24.7619],[91.8042,24.7606],[91.8222,24.7809],[91.8274,24.754],[91.8463,24.7439],[91.8449,24.78],[91.8638,24.7875],[91.8357,24.8307],[91.8634,24.8407],[91.8308,24.8581],[91.7609,24.8469],[91.8274,24.8267]],[[91.6746,24.8408],[91.6672,24.834],[91.675,24.8333],[91.6746,24.8408]],[[91.6911,24.8442],[91.6846,24.8654],[91.6861,24.842],[91.6911,24.8442]],[[91.9073,24.842],[91.9,24.85],[91.9004,24.8426],[91.9073,24.842]],[[91.9834,24.8328],[92.0148,24.8545],[92.0062,24.8729],[91.9857,24.8647],[91.9834,24.8328]],[[92.0323,24.867],[92.025,24.875],[92.0254,24.8676],[92.0323,24.867]],[[91.9829,24.8824],[91.9755,24.8757],[91.9833,24.875],[91.9829,24.8824]],[[92.0165,24.8903],[92.0086,24.8844],[92.0167,24.8833],[92.0165,24.8903]],[[92.0395,24.8886],[92.0507,24.8769],[92.0731,24.896],[92.0526,24.8849],[92.0395,24.8886]],[[92.0875,24.8857],[92.1141,24.8958],[92.0854,24.8888],[92.0875,24.8857]],[[92.1846,24.8689],[92.1985,24.8768],[92.1979,24.8906],[92.193,24.8895],[92.1846,24.8689]],[[93.0671,24.8676],[93.0747,24.8739],[93.0667,24.875],[93.0671,24.8676]],[[93.1173,24.866],[93.125,24.8583],[93.1243,24.8661],[93.1173,24.866]],[[93.1838,24.8509],[93.1911,24.8576],[93.1833,24.8583],[93.1838,24.8509]],[[93.2004,24.8426],[93.2078,24.8493],[93.2,24.85],[93.2004,24.8426]],[[93.075,24.8417],[93.0521,24.8405],[93.0516,24.8349],[93.075,24.8417]],[[93.1338,24.8259],[93.1411,24.8326],[93.1333,24.8333],[93.1338,24.8259]],[[91.9177,24.8247],[91.925,24.8167],[91.9246,24.8241],[91.9177,24.8247]],[[91.9605,24.8003],[91.9548,24.8236],[91.9367,24.816],[91.9443,24.8032],[91.9605,24.8003]],[[91.9167,24.8083],[91.922,24.792],[91.9249,24.8043],[91.9167,24.8083]],[[93.2073,24.8004],[93.2,24.8083],[93.2004,24.8009],[93.2073,24.8004]],[[92.082,24.8011],[92.0728,24.8154],[92.0678,24.8153],[92.082,24.8011]],[[91.9961,24.8164],[91.9775,24.809],[92.0,24.8083],[91.9961,24.8164]],[[92.2215,24.816],[92.2108,24.801],[92.2324,24.8143],[92.2215,24.816]],[[91.9923,24.791],[92.0,24.7833],[91.9993,24.7911],[91.9923,24.791]],[[93.0838,24.7842],[93.0914,24.7906],[93.0833,24.7917],[93.0838,24.7842]],[[93.1335,24.7693],[93.1414,24.7811],[93.1333,24.7833],[93.1335,24.7693]],[[93.0927,24.7747],[93.1,24.7667],[93.0996,24.7741],[93.0927,24.7747]],[[92.1919,24.7597],[92.1997,24.7656],[92.1917,24.7667],[92.1919,24.7597]],[[92.1237,24.7598],[92.1096,24.7561],[92.1097,24.7511],[92.1237,24.7598]],[[92.0957,24.761],[92.088,24.7714],[92.0682,24.761],[92.0635,24.7892],[92.0535,24.7825],[92.0443,24.7442],[92.0543,24.7357],[92.0634,24.7557],[92.0666,24.7366],[92.0455,24.6943],[92.0644,24.7039],[92.0784,24.7574],[92.0957,24.761]],[[92.043,24.567],[92.0748,24.6218],[92.0194,24.6535],[92.0389,24.6729],[92.0024,24.7024],[91.9971,24.7377],[91.9808,24.6947],[91.9581,24.7085],[91.937,24.706],[91.9304,24.6859],[91.9111,24.6972],[91.9361,24.6606],[91.9488,24.6912],[91.9694,24.6691],[92.0031,24.6893],[92.0215,24.6743],[92.0112,24.6519],[92.0414,24.6315],[92.032,24.5974],[92.0197,24.595],[92.022,24.6293],[91.9954,24.6393],[91.9856,24.5868],[92.0116,24.5901],[92.0183,24.5692],[92.043,24.567]],[[92.0921,24.5592],[92.0995,24.566],[92.0917,24.5667],[92.0921,24.5592]],[[92.0752,24.5514],[92.0831,24.5572],[92.075,24.5583],[92.0752,24.5514]],[[92.025,24.5583],[92.0403,24.5507],[92.0413,24.5567],[92.025,24.5583]],[[91.9829,24.5658],[91.9755,24.559],[91.9833,24.5583],[91.9829,24.5658]],[[91.8167,24.575],[91.8244,24.5673],[91.8245,24.5743],[91.8167,24.575]],[[91.874,24.5754],[91.8667,24.5833],[91.8671,24.5759],[91.874,24.5754]],[[91.8579,24.5908],[91.8505,24.584],[91.8583,24.5833],[91.8579,24.5908]],[[91.8227,24.5989],[91.8035,24.5931],[91.8242,24.5859],[91.8227,24.5989]],[[91.9081,24.607],[91.9003,24.6011],[91.9083,24.6],[91.9081,24.607]],[[91.9193,24.601],[91.9227,24.6239],[91.9083,24.625],[91.9193,24.601]],[[91.7911,24.6347],[91.7774,24.6469],[91.7802,24.62],[91.7613,24.6106],[91.7808,24.6122],[91.7911,24.6347]],[[91.811,24.6362],[91.8787,24.6404],[91.87,24.628],[91.8877,24.6191],[91.8925,24.6378],[91.9145,24.6374],[91.9138,24.6648],[91.8833,24.691],[91.8879,24.6697],[91.8464,24.6529],[91.8196,24.6723],[91.811,24.6362]],[[91.7993,24.6745],[91.7922,24.6674],[91.8,24.6667],[91.7993,24.6745]],[[91.8076,24.6911],[91.8005,24.684],[91.8083,24.6833],[91.8076,24.6911]],[[91.824,24.692],[91.8167,24.7],[91.8171,24.6926],[91.824,24.692]],[[91.9007,24.5839],[91.9074,24.5913],[91.9,24.5917],[91.9007,24.5839]],[[91.8582,24.7089],[91.8435,24.7187],[91.827,24.7384],[91.8259,24.7116],[91.8582,24.7089]],[[91.902,24.7115],[91.9236,24.7289],[91.9,24.7417],[91.902,24.7115]],[[91.9665,24.7487],[91.9586,24.7428],[91.9667,24.7417],[91.9665,24.7487]],[[91.8738,24.7478],[91.8596,24.7515],[91.8736,24.7428],[91.8738,24.7478]],[[91.9202,24.7507],[91.9317,24.7652],[91.9092,24.7526],[91.9202,24.7507]],[[91.992,24.7537],[91.9998,24.7707],[91.9917,24.775],[91.992,24.7537]],[[91.8746,24.7741],[91.8672,24.7674],[91.875,24.7667],[91.8746,24.7741]],[[91.8915,24.782],[91.8836,24.7761],[91.8917,24.775],[91.8915,24.782]],[[91.9141,24.7688],[91.9061,24.7822],[91.9011,24.782],[91.9013,24.7765],[91.9141,24.7688]],[[91.9388,24.7171],[91.9492,24.7271],[91.9483,24.7324],[91.9333,24.7333],[91.9388,24.7171]],[[91.9591,24.7172],[91.9658,24.7246],[91.9583,24.725],[91.9591,24.7172]],[[92.0331,24.732],[92.0253,24.7261],[92.0333,24.725],[92.0331,24.732]],[[92.0672,24.684],[92.0743,24.6911],[92.0673,24.691],[92.0672,24.684]],[[93.2504,24.6842],[93.2578,24.691],[93.25,24.6917],[93.2504,24.6842]],[[92.0982,24.6913],[92.0907,24.6591],[92.1163,24.6744],[92.1562,24.6708],[92.0982,24.6913]],[[93.2674,24.6672],[93.2745,24.6743],[93.2667,24.675],[93.2674,24.6672]],[[92.0596,24.6464],[92.0833,24.6417],[92.0882,24.6381],[92.068,24.6655],[92.0596,24.6464]],[[93.2983,24.6347],[93.2766,24.6457],[93.2764,24.586],[93.3083,24.6],[93.3306,24.6471],[93.2983,24.6347]],[[92.1419,24.593],[92.1497,24.5989],[92.1417,24.6],[92.1419,24.593]],[[92.1062,24.6003],[92.0917,24.6083],[92.0919,24.6028],[92.1062,24.6003]],[[92.15,24.625],[92.1715,24.617],[92.1747,24.6221],[92.15,24.625]],[[92.0833,24.6218],[92.0917,24.6167],[92.0915,24.6236],[92.0833,24.6218]],[[93.0591,24.7839],[93.0658,24.7913],[93.0583,24.7917],[93.0591,24.7839]],[[92.2167,24.7833],[92.2319,24.7756],[92.233,24.7817],[92.2167,24.7833]],[[92.1431,24.766],[92.1583,24.7583],[92.1578,24.7648],[92.1431,24.766]],[[91.8896,24.8029],[91.8634,24.8222],[91.8533,24.8231],[91.8627,24.8026],[91.8797,24.7952],[91.8896,24.8029]],[[91.8886,24.8173],[91.8861,24.8328],[91.8757,24.8187],[91.8886,24.8173]],[[92.0772,24.8281],[92.1091,24.858],[92.1408,24.8429],[92.1491,24.8529],[92.1077,24.8654],[92.0772,24.8281]],[[92.2262,24.8592],[92.2328,24.8735],[92.2268,24.8746],[92.2262,24.8592]],[[92.3823,24.867],[92.375,24.875],[92.3754,24.8676],[92.3823,24.867]],[[92.4171,24.8509],[92.4245,24.8576],[92.4167,24.8583],[92.4171,24.8509]],[[92.4002,24.843],[92.4081,24.8489],[92.4,24.85],[92.4002,24.843]],[[92.1908,24.8566],[92.1762,24.8516],[92.1917,24.8417],[92.1908,24.8566]],[[92.1594,24.858],[92.1667,24.85],[92.1663,24.8574],[92.1594,24.858]],[[91.9006,24.816],[91.9083,24.8083],[91.9076,24.8161],[91.9006,24.816]],[[91.7417,24.75],[91.7641,24.7422],[91.7664,24.7471],[91.7417,24.75]],[[91.7413,24.7658],[91.7339,24.759],[91.7417,24.7583],[91.7413,24.7658]],[[91.7022,24.5654],[91.6985,24.5513],[91.7072,24.5653],[91.7022,24.5654]],[[91.6671,24.5426],[91.6745,24.5493],[91.6667,24.55],[91.6671,24.5426]],[[91.8507,24.5505],[91.8574,24.5579],[91.85,24.5583],[91.8507,24.5505]],[[91.8002,24.543],[91.8081,24.5489],[91.8,24.55],[91.8002,24.543]],[[91.7754,24.5472],[91.7823,24.5266],[91.7794,24.5498],[91.7754,24.5472]],[[92.0668,24.5278],[92.0748,24.5394],[92.0667,24.5417],[92.0668,24.5278]],[[92.1004,24.5176],[92.1078,24.5243],[92.1,24.525],[92.1004,24.5176]],[[91.9832,24.5244],[91.9682,24.539],[91.9797,24.5094],[91.9832,24.5244]],[[92.0186,24.5292],[92.0333,24.5333],[92.0566,24.5389],[92.0386,24.5409],[92.0186,24.5292]],[[92.0581,24.5237],[92.0503,24.5178],[92.0583,24.5167],[92.0581,24.5237]],[[92.1498,24.507],[92.142,24.5011],[92.15,24.5],[92.1498,24.507]],[[93.1168,24.4946],[93.1249,24.5046],[93.1195,24.5083],[93.1168,24.4946]],[[92.1445,24.4826],[92.1504,24.4891],[92.1417,24.4917],[92.1445,24.4826]],[[92.0489,24.4909],[92.0422,24.4766],[92.05,24.475],[92.0489,24.4909]],[[93.1088,24.4676],[93.1161,24.4743],[93.1083,24.475],[93.1088,24.4676]],[[92.1594,24.5497],[92.1667,24.5417],[92.1663,24.5491],[92.1594,24.5497]],[[92.142,24.8999],[92.125,24.9083],[92.125,24.9066],[92.142,24.8999]],[[92.0427,24.908],[92.05,24.9],[92.0496,24.9074],[92.0427,24.908]],[[92.0161,24.9265],[92.009,24.94],[92.0101,24.9254],[92.0161,24.9265]],[[92.0326,24.935],[92.0257,24.9342],[92.0314,24.9333],[92.0326,24.935]],[[92.0625,24.9274],[92.0804,24.9391],[92.0525,24.9544],[92.0625,24.9274]],[[92.075,24.9667],[92.0669,24.9558],[92.0769,24.9499],[92.0806,24.9539],[92.075,24.9667]],[[92.0344,24.9663],[92.0417,24.9583],[92.0413,24.9658],[92.0344,24.9663]],[[92.2174,24.965],[92.2244,24.9515],[92.2235,24.9662],[92.2174,24.965]],[[92.1556,24.949],[92.1544,24.92],[92.1727,24.9463],[92.1556,24.949]],[[92.2174,24.9339],[92.2241,24.9413],[92.2167,24.9417],[92.2174,24.9339]],[[92.4833,24.9333],[92.4681,24.941],[92.4671,24.935],[92.4833,24.9333]],[[92.175,24.9333],[92.1903,24.9257],[92.1913,24.9317],[92.175,24.9333]],[[92.0987,24.9396],[92.1077,24.9354],[92.105,24.9523],[92.0987,24.9396]],[[92.1213,24.9506],[92.1314,24.966],[92.1173,24.9534],[92.1213,24.9506]],[[92.2745,24.9463],[92.2596,24.9515],[92.2724,24.9427],[92.2745,24.9463]],[[92.474,24.9504],[92.4667,24.9583],[92.4671,24.9509],[92.474,24.9504]],[[92.4567,24.9662],[92.443,24.959],[92.4583,24.9583],[92.4567,24.9662]],[[92.4244,24.984],[92.4167,24.9917],[92.4174,24.9839],[92.4244,24.984]],[[92.4054,25.0009],[92.3905,25.0085],[92.3832,24.9991],[92.3914,24.9916],[92.4054,25.0009]],[[92.3085,25.018],[92.3164,25.0239],[92.3083,25.025],[92.3085,25.018]],[[92.7333,25.0333],[92.7101,25.0407],[92.7089,25.0355],[92.7333,25.0333]],[[91.6993,24.8995],[91.6922,24.8924],[91.7,24.8917],[91.6993,24.8995]],[[91.6642,24.9384],[91.6439,24.9361],[91.6723,24.9277],[91.6642,24.9384]],[[91.6579,24.9741],[91.6505,24.9674],[91.6583,24.9667],[91.6579,24.9741]],[[91.401,24.158],[91.4083,24.15],[91.4079,24.1574],[91.401,24.158]],[[92.728,23.9762],[92.7327,23.9957],[92.7196,24.0071],[92.725,24.0],[92.728,23.9762]],[[92.493,23.9845],[92.4862,23.8876],[92.4993,23.8691],[92.4689,23.8208],[92.5048,23.7865],[92.5062,23.9967],[92.493,23.9845]],[[92.7088,23.9592],[92.7161,23.966],[92.7083,23.9667],[92.7088,23.9592]],[[92.5836,23.8727],[92.5677,23.8427],[92.5625,23.7773],[92.5898,23.7877],[92.5756,23.8225],[92.5892,23.8204],[92.5974,23.8444],[92.5975,23.9386],[92.5798,23.9645],[92.5836,23.8727]],[[92.7073,23.8254],[92.7,23.8333],[92.7004,23.8259],[92.7073,23.8254]],[[92.7073,23.7837],[92.7,23.7917],[92.7004,23.7842],[92.7073,23.7837]],[[92.3636,23.7881],[92.3589,23.7332],[92.3624,23.7272],[92.3741,23.7668],[92.3636,23.7881]],[[92.4823,23.767],[92.475,23.775],[92.4754,23.7676],[92.4823,23.767]],[[92.5683,23.7589],[92.5821,23.766],[92.5667,23.7667],[92.5683,23.7589]],[[92.4752,23.7514],[92.4831,23.7572],[92.475,23.7583],[92.4752,23.7514]],[[92.5683,23.7422],[92.5821,23.7493],[92.5667,23.75],[92.5683,23.7422]],[[92.5054,23.7463],[92.4857,23.7049],[92.4943,23.6939],[92.5054,23.7463]],[[92.5509,23.7085],[92.575,23.6417],[92.5539,23.656],[92.5425,23.6348],[92.5801,23.6389],[92.5913,23.6077],[92.5874,23.5693],[92.5598,23.5948],[92.5723,23.5207],[92.5609,23.4864],[92.6109,23.4035],[92.6471,23.3945],[92.6025,23.4284],[92.6406,23.4531],[92.6142,23.4962],[92.5943,23.4938],[92.5834,23.5319],[92.5873,23.5468],[92.5952,23.528],[92.6053,23.5347],[92.6041,23.5732],[92.6389,23.5682],[92.6128,23.6076],[92.6639,23.6115],[92.6095,23.657],[92.6478,23.6886],[92.6124,23.7229],[92.5935,23.6944],[92.5697,23.7312],[92.5509,23.7085]],[[92.6989,23.6092],[92.6917,23.625],[92.6928,23.6091],[92.6989,23.6092]],[[92.67,23.4291],[92.6908,23.4402],[92.6793,23.4646],[92.67,23.4291]],[[92.5207,23.3939],[92.5309,23.4621],[92.4945,23.4805],[92.4928,23.4477],[92.5083,23.4338],[92.4943,23.4195],[92.5115,23.3697],[92.5302,23.3613],[92.5392,23.3963],[92.5207,23.3939]],[[92.7015,23.3763],[92.6978,23.3904],[92.6928,23.3903],[92.7015,23.3763]],[[92.6137,23.3809],[92.6033,23.3537],[92.624,23.3554],[92.6137,23.3809]],[[92.6564,23.3544],[92.6554,23.3732],[92.6358,23.3729],[92.6363,23.3609],[92.6564,23.3544]],[[92.446,23.3185],[92.4282,23.4224],[92.4255,23.3453],[92.446,23.3185]],[[92.5495,23.2169],[92.5888,23.1931],[92.5673,23.2341],[92.5829,23.2576],[92.5615,23.2781],[92.5403,23.3491],[92.5194,23.3139],[92.5327,23.259],[92.5108,23.2041],[92.5385,23.1941],[92.5495,23.2169]],[[92.4844,23.1997],[92.4917,23.1917],[92.4913,23.1991],[92.4844,23.1997]],[[92.4716,23.2657],[92.4814,23.2461],[92.4884,23.2188],[92.4913,23.2523],[92.4716,23.2657]],[[91.125,23.2667],[91.1327,23.259],[91.1328,23.266],[91.125,23.2667]],[[91.0167,23.2583],[91.0244,23.2506],[91.0245,23.2576],[91.0167,23.2583]],[[91.0079,23.2658],[91.0005,23.259],[91.0083,23.2583],[91.0079,23.2658]],[[91.0417,23.2583],[91.034,23.266],[91.0339,23.259],[91.0417,23.2583]],[[91.1165,23.2798],[91.1005,23.2781],[91.1167,23.2667],[91.1165,23.2798]],[[91.0854,23.2977],[91.0609,23.2811],[91.0605,23.2772],[91.0833,23.275],[91.0854,23.2977]],[[91.1754,23.2926],[91.1828,23.2993],[91.175,23.3],[91.1754,23.2926]],[[91.2424,23.2983],[91.2494,23.2848],[91.2485,23.2995],[91.2424,23.2983]],[[91.2918,23.2788],[91.3,23.2879],[91.2949,23.2917],[91.2918,23.2788]],[[91.4939,23.2821],[91.4902,23.268],[91.4989,23.282],[91.4939,23.2821]],[[91.3156,23.2747],[91.3097,23.2669],[91.3167,23.2667],[91.3156,23.2747]],[[91.1696,23.2824],[91.1387,23.2975],[91.1201,23.2964],[91.134,23.2754],[91.1696,23.2824]],[[91.2291,23.2838],[91.2228,23.2992],[91.2176,23.2983],[91.2291,23.2838]],[[91.1998,23.282],[91.192,23.2761],[91.2,23.275],[91.1998,23.282]],[[91.3066,23.3215],[91.2861,23.3145],[91.2766,23.303],[91.2979,23.3104],[91.3066,23.3215]],[[91.2577,23.3173],[91.25,23.325],[91.2507,23.3172],[91.2577,23.3173]],[[91.1329,23.3241],[91.1253,23.3178],[91.1333,23.3167],[91.1329,23.3241]],[[91.1079,23.3324],[91.1005,23.3257],[91.1083,23.325],[91.1079,23.3324]],[[91.2263,23.3302],[91.2815,23.3292],[91.2542,23.3635],[91.236,23.3627],[91.2457,23.3816],[91.1789,23.3914],[91.2142,23.3953],[91.2137,23.4222],[91.1846,23.4155],[91.1967,23.4291],[91.187,23.4409],[91.2142,23.455],[91.1702,23.4727],[91.174,23.4394],[91.1517,23.4045],[91.1431,23.3536],[91.2263,23.3302]],[[91.1053,23.4143],[91.0848,23.4279],[91.1055,23.4097],[91.1053,23.4143]],[[91.1157,23.4254],[91.1083,23.4333],[91.1088,23.4259],[91.1157,23.4254]],[[91.1562,23.4731],[91.1445,23.4512],[91.1667,23.45],[91.1562,23.4731]],[[91.108,23.4723],[91.1003,23.4606],[91.1059,23.4584],[91.108,23.4723]],[[91.1363,23.4696],[91.1555,23.4887],[91.1272,23.4881],[91.1363,23.4696]],[[91.2083,23.4833],[91.2004,23.4907],[91.2009,23.4837],[91.2083,23.4833]],[[91.3171,23.4891],[91.3399,23.4801],[91.3208,23.5065],[91.3171,23.4891]],[[92.4306,23.5626],[92.4218,23.461],[92.4448,23.5706],[92.4668,23.5985],[92.4619,23.6138],[92.4445,23.5872],[92.4395,23.6446],[92.4185,23.6582],[92.4306,23.5626]],[[91.3339,23.5235],[91.3405,23.5092],[91.3399,23.5246],[91.3339,23.5235]],[[91.3249,23.5296],[91.3167,23.5204],[91.3218,23.5166],[91.3249,23.5296]],[[91.301,23.5913],[91.3083,23.5833],[91.3079,23.5908],[91.301,23.5913]],[[91.1594,23.6247],[91.1667,23.6167],[91.1663,23.6241],[91.1594,23.6247]],[[92.4883,23.6509],[92.4779,23.6738],[92.4772,23.6518],[92.4883,23.6509]],[[92.4333,23.675],[92.441,23.6673],[92.4411,23.6743],[92.4333,23.675]],[[91.2076,23.6745],[91.2009,23.6671],[91.2083,23.6667],[91.2076,23.6745]],[[92.4248,23.682],[92.417,23.6761],[92.425,23.675],[92.4248,23.682]],[[92.4823,23.6337],[92.475,23.6417],[92.4754,23.6342],[92.4823,23.6337]],[[92.4907,23.6004],[92.4833,23.6083],[92.4838,23.6009],[92.4907,23.6004]],[[92.4916,23.5304],[92.5058,23.5213],[92.4921,23.5668],[92.4916,23.5304]],[[92.4673,23.5652],[92.4739,23.5509],[92.4733,23.5663],[92.4673,23.5652]],[[92.5131,23.484],[92.5129,23.4992],[92.4916,23.4996],[92.5131,23.484]],[[91.2417,23.4667],[91.2494,23.459],[91.2495,23.466],[91.2417,23.4667]],[[91.4504,23.4509],[91.4578,23.4576],[91.45,23.4583],[91.4504,23.4509]],[[91.4278,23.4579],[91.4365,23.4424],[91.441,23.4437],[91.4278,23.4579]],[[91.2573,23.4453],[91.2278,23.4186],[91.2486,23.4193],[91.2573,23.4453]],[[91.2599,23.4089],[91.2737,23.416],[91.2583,23.4167],[91.2599,23.4089]],[[91.241,23.448],[91.2263,23.4394],[91.2264,23.4344],[91.241,23.448]],[[91.4073,23.467],[91.4,23.475],[91.4004,23.4676],[91.4073,23.467]],[[91.3577,23.4756],[91.35,23.4833],[91.3507,23.4755],[91.3577,23.4756]],[[91.2579,23.4824],[91.2505,23.4757],[91.2583,23.475],[91.2579,23.4824]],[[91.2394,23.4846],[91.2277,23.4907],[91.2176,23.4776],[91.2394,23.4846]],[[91.374,23.4837],[91.3667,23.4917],[91.3671,23.4842],[91.374,23.4837]],[[91.2417,23.3917],[91.2344,23.3997],[91.2336,23.3928],[91.2417,23.3917]],[[91.2511,23.3919],[91.257,23.3998],[91.25,23.4],[91.2511,23.3919]],[[91.2601,23.382],[91.2681,23.3604],[91.2729,23.3595],[91.2741,23.3721],[91.2601,23.382]],[[91.1658,23.3272],[91.1507,23.3219],[91.152,23.3174],[91.1658,23.3272]],[[91.2,23.3167],[91.1923,23.3244],[91.1922,23.3174],[91.2,23.3167]],[[92.6261,23.2966],[92.6311,23.3231],[92.6116,23.3315],[92.6261,23.2966]],[[92.6546,23.3298],[92.6738,23.2279],[92.7051,23.0527],[92.7143,23.079],[92.6922,23.1507],[92.6974,23.1971],[92.6546,23.3298]],[[92.7334,23.2372],[92.7461,23.2338],[92.7469,23.2554],[92.7797,23.2298],[92.7611,23.2195],[92.77,23.1946],[92.7899,23.2018],[92.7949,23.1009],[92.8125,23.0932],[92.8329,23.1168],[92.8357,23.0934],[92.8558,23.086],[92.8554,23.0984],[92.8197,23.1294],[92.8203,23.1803],[92.8531,23.1273],[92.8558,23.1624],[92.84,23.2121],[92.8181,23.2139],[92.805,23.2989],[92.753,23.3225],[92.7334,23.2372]],[[92.9331,23.1246],[92.9561,23.1218],[92.9447,23.1565],[92.9331,23.1246]],[[92.913,23.1243],[92.919,23.1022],[92.9236,23.1017],[92.913,23.1243]],[[92.8838,23.1222],[92.893,23.1097],[92.8988,23.1104],[92.898,23.1238],[92.8838,23.1222]],[[92.8833,23.1],[92.9433,23.0673],[92.9562,23.0804],[92.8833,23.1]],[[92.7833,22.9917],[92.784,22.9595],[92.8043,22.973],[92.8195,22.9357],[92.832,22.9598],[92.8134,22.8616],[92.7847,22.889],[92.7977,22.931],[92.7767,22.9489],[92.7535,22.9367],[92.7382,22.9806],[92.7471,22.9026],[92.7281,22.8943],[92.7123,22.9476],[92.7099,22.9123],[92.7534,22.8427],[92.7798,22.8381],[92.8468,22.7612],[92.8824,22.8154],[92.8724,22.8308],[92.8551,22.8111],[92.8452,22.8176],[92.828,22.8789],[92.857,22.8974],[92.8364,22.9129],[92.8449,22.938],[92.8584,22.9263],[92.8808,22.9366],[92.8452,22.9791],[92.8528,23.0121],[92.872,23.0119],[92.8718,23.0408],[92.8556,23.0485],[92.8387,23.0264],[92.8293,23.0647],[92.7623,23.0648],[92.7532,23.0366],[92.7719,23.0212],[92.7533,23.0115],[92.7613,22.9775],[92.7833,22.9917]],[[92.6496,22.9908],[92.642,22.9844],[92.65,22.9833],[92.6496,22.9908]],[[92.7165,22.9903],[92.7086,22.9844],[92.7167,22.9833],[92.7165,22.9903]],[[91.7752,23.0014],[91.7831,23.0072],[91.775,23.0083],[91.7752,23.0014]],[[91.6809,23.0195],[91.6612,23.0464],[91.6699,23.0026],[91.6809,23.0195]],[[91.5594,23.0163],[91.5667,23.0083],[91.5663,23.0158],[91.5594,23.0163]],[[91.5677,23.0413],[91.575,23.0333],[91.5746,23.0408],[91.5677,23.0413]],[[91.7674,23.0422],[91.7741,23.0496],[91.7667,23.05],[91.7674,23.0422]],[[92.6407,23.0254],[92.6333,23.0333],[92.6338,23.0259],[92.6407,23.0254]],[[91.7248,23.0153],[91.717,23.0094],[91.725,23.0083],[91.7248,23.0153]],[[91.7511,23.0086],[91.757,23.0165],[91.75,23.0167],[91.7511,23.0086]],[[92.9061,23.033],[92.8936,23.0122],[92.9242,23.0025],[92.9086,22.9638],[92.9196,22.9509],[92.9387,23.0031],[92.9281,23.0136],[92.9557,23.0293],[92.9294,23.0389],[92.9128,23.0266],[92.8969,23.0656],[92.9061,23.033]],[[92.9523,23.0419],[92.964,23.0498],[92.95,23.05],[92.9523,23.0419]],[[92.9689,23.0071],[92.9652,22.993],[92.9739,23.007],[92.9689,23.0071]],[[92.876,22.983],[92.8833,22.975],[92.8829,22.9824],[92.876,22.983]],[[92.8677,22.9997],[92.875,22.9917],[92.8746,22.9991],[92.8677,22.9997]],[[92.9491,22.9283],[92.9395,22.9477],[92.9333,22.95],[92.9345,22.9273],[92.9491,22.9283]],[[92.8996,22.9168],[92.8939,22.895],[92.9137,22.8946],[92.915,22.9124],[92.8963,22.9235],[92.8763,22.9043],[92.8996,22.9168]],[[92.8917,22.875],[92.8764,22.8827],[92.8754,22.8767],[92.8917,22.875]],[[92.949,22.8754],[92.9417,22.8833],[92.9421,22.8759],[92.949,22.8754]],[[92.9111,22.8643],[92.9138,22.8431],[92.923,22.8729],[92.9111,22.8643]],[[92.8855,22.7624],[92.9062,22.7528],[92.897,22.7721],[92.8855,22.7624]],[[92.8167,22.75],[92.8238,22.7272],[92.8208,22.7494],[92.8167,22.75]],[[92.8467,22.725],[92.8622,22.7332],[92.8417,22.7333],[92.8467,22.725]],[[91.7833,22.725],[91.791,22.7173],[91.7911,22.7243],[91.7833,22.725]],[[91.7583,22.7255],[91.7366,22.6985],[91.7365,22.6937],[91.772,22.7116],[91.7583,22.7255]],[[92.8332,22.6879],[92.8041,22.6902],[92.8031,22.6697],[92.84,22.6791],[92.8653,22.6031],[92.861,22.5621],[92.8882,22.5444],[92.8999,22.5704],[92.921,22.5688],[92.9324,22.5885],[92.922,22.6969],[92.8947,22.7055],[92.9079,22.6877],[92.8956,22.6444],[92.8702,22.6602],[92.8889,22.6799],[92.8542,22.7149],[92.8332,22.6879]],[[92.8288,22.5467],[92.8303,22.5211],[92.8094,22.4972],[92.8391,22.5041],[92.8383,22.4609],[92.8664,22.5346],[92.8288,22.5467]],[[92.8851,22.5132],[92.8889,22.4295],[92.8665,22.3914],[92.8792,22.3687],[92.9238,22.4152],[92.903,22.5321],[92.8851,22.5132]],[[92.924,22.5087],[92.9167,22.5167],[92.9171,22.5092],[92.924,22.5087]],[[92.949,22.3754],[92.9417,22.3833],[92.9421,22.3759],[92.949,22.3754]],[[92.7021,22.3827],[92.7083,22.3667],[92.7159,22.3815],[92.7021,22.3827]],[[92.9011,22.353],[92.9102,22.3213],[92.9476,22.2949],[92.9549,22.341],[92.9178,22.3667],[92.9011,22.353]],[[92.0829,22.3991],[92.0755,22.3924],[92.0833,22.3917],[92.0829,22.3991]],[[92.7017,22.3958],[92.7225,22.4135],[92.6777,22.5311],[92.6763,22.4805],[92.7017,22.3958]],[[92.2,22.5],[92.2153,22.4923],[92.2163,22.4983],[92.2,22.5]],[[92.1427,22.4997],[92.15,22.4917],[92.1496,22.4991],[92.1427,22.4997]],[[92.7328,22.5265],[92.7262,22.5408],[92.7268,22.5254],[92.7328,22.5265]],[[92.7453,22.4188],[92.7495,22.4324],[92.7375,22.481],[92.7253,22.4508],[92.7453,22.4188]],[[91.926,22.583],[91.9333,22.575],[91.9329,22.5824],[91.926,22.583]],[[92.7927,22.633],[92.8,22.625],[92.7996,22.6324],[92.7927,22.633]],[[91.851,22.708],[91.8583,22.7],[91.8579,22.7074],[91.851,22.708]],[[91.7413,22.7324],[91.7339,22.7257],[91.7417,22.725],[91.7413,22.7324]],[[92.6422,22.7257],[92.6493,22.7328],[92.6423,22.7327],[92.6422,22.7257]],[[91.7743,22.7495],[91.7676,22.7421],[91.775,22.7417],[91.7743,22.7495]],[[91.7583,22.75],[91.7555,22.7802],[91.7378,22.7783],[91.7303,22.797],[91.7111,22.7802],[91.7218,22.7512],[91.7583,22.75]],[[91.716,22.7995],[91.7089,22.7924],[91.7167,22.7917],[91.716,22.7995]],[[91.8424,22.7589],[91.8491,22.7663],[91.8417,22.7667],[91.8424,22.7589]],[[91.7977,22.7581],[91.786,22.7502],[91.8,22.75],[91.7977,22.7581]],[[91.7669,22.8097],[91.7747,22.8156],[91.7667,22.8167],[91.7669,22.8097]],[[91.7241,22.8088],[91.7315,22.831],[91.7042,22.8404],[91.7037,22.8275],[91.7241,22.8088]],[[92.6594,22.8997],[92.6667,22.8917],[92.6663,22.8991],[92.6594,22.8997]],[[91.6238,22.9394],[91.6096,22.9432],[91.6236,22.9344],[91.6238,22.9394]],[[92.6427,22.9747],[92.65,22.9667],[92.6496,22.9741],[92.6427,22.9747]],[[92.7651,23.1224],[92.7517,23.1659],[92.7643,23.1724],[92.744,23.189],[92.745,23.214],[92.7363,23.11],[92.755,23.0943],[92.7525,23.1193],[92.7651,23.1224]],[[92.7136,23.1829],[92.7119,23.1669],[92.725,23.1667],[92.7136,23.1829]],[[92.7166,23.2519],[92.7085,23.2319],[92.7164,23.2249],[92.7166,23.2519]],[[92.701,23.283],[92.7083,23.275],[92.7079,23.2824],[92.701,23.283]],[[92.526,23.083],[92.5333,23.075],[92.5329,23.0824],[92.526,23.083]],[[92.5177,23.0997],[92.525,23.0917],[92.5246,23.0991],[92.5177,23.0997]],[[91.4548,23.106],[91.4271,23.1187],[91.455,23.102],[91.4548,23.106]],[[91.4094,23.1163],[91.4167,23.1083],[91.4163,23.1158],[91.4094,23.1163]],[[91.4596,23.1189],[91.4737,23.1152],[91.4597,23.1239],[91.4596,23.1189]],[[92.5161,23.1181],[92.5095,23.1324],[92.5101,23.117],[92.5161,23.1181]],[[92.6252,23.161],[92.6103,23.1718],[92.6198,23.1285],[92.6248,23.134],[92.6252,23.161]],[[92.4882,23.1814],[92.5023,23.1455],[92.5127,23.1431],[92.5148,23.1553],[92.4882,23.1814]],[[92.647,23.2354],[92.6355,23.2481],[92.6355,23.2272],[92.647,23.2354]],[[92.6163,23.2991],[92.6089,23.2924],[92.6167,23.2917],[92.6163,23.2991]],[[92.5498,23.3653],[92.542,23.3594],[92.55,23.3583],[92.5498,23.3653]],[[91.2389,23.7264],[91.2236,23.7477],[91.2182,23.7477],[91.2389,23.7264]],[[91.1944,23.7668],[91.1832,23.757],[91.1954,23.7427],[91.2001,23.7566],[91.1944,23.7668]],[[91.2591,23.7339],[91.2658,23.7413],[91.2583,23.7417],[91.2591,23.7339]],[[92.2741,23.7913],[92.2678,23.7836],[92.2747,23.7844],[92.2741,23.7913]],[[91.1989,23.7914],[91.193,23.7835],[91.2,23.7833],[91.1989,23.7914]],[[92.1665,23.814],[92.1586,23.8023],[92.1667,23.8],[92.1665,23.814]],[[92.2611,23.802],[92.272,23.8231],[92.2616,23.8316],[92.2611,23.802]],[[92.275,23.8632],[92.2667,23.8713],[92.2703,23.8583],[92.275,23.8632]],[[92.3823,23.867],[92.375,23.875],[92.3754,23.8676],[92.3823,23.867]],[[92.376,23.8913],[92.3833,23.8833],[92.3829,23.8908],[92.376,23.8913]],[[91.2427,23.9163],[91.25,23.9083],[91.2496,23.9158],[91.2427,23.9163]],[[92.3756,23.9569],[92.3822,23.9426],[92.3816,23.958],[92.3756,23.9569]],[[91.2989,23.9581],[91.293,23.9502],[91.3,23.95],[91.2989,23.9581]],[[92.376,23.9747],[92.3833,23.9667],[92.3829,23.9741],[92.376,23.9747]],[[91.2826,23.9825],[91.2757,23.9817],[91.2792,23.9727],[91.2826,23.9825]],[[91.299,23.9754],[91.2917,23.9833],[91.2921,23.9759],[91.299,23.9754]],[[92.3826,23.9995],[92.3755,23.9924],[92.3833,23.9917],[92.3826,23.9995]],[[91.0083,23.5],[91.016,23.4923],[91.0161,23.4993],[91.0083,23.5]],[[91.0581,23.507],[91.0503,23.5011],[91.0583,23.5],[91.0581,23.507]],[[91.0329,23.5158],[91.0255,23.509],[91.0333,23.5083],[91.0329,23.5158]],[[91.075,23.5167],[91.0596,23.5321],[91.0594,23.5181],[91.075,23.5167]],[[91.0479,23.5357],[91.0435,23.5484],[91.0348,23.5267],[91.0479,23.5357]],[[91.1088,23.5092],[91.1164,23.5156],[91.1083,23.5167],[91.1088,23.5092]],[[91.0835,23.5097],[91.0914,23.5156],[91.0833,23.5167],[91.0835,23.5097]],[[91.1254,23.2426],[91.1328,23.2493],[91.125,23.25],[91.1254,23.2426]],[[91.2424,23.2422],[91.2491,23.2496],[91.2417,23.25],[91.2424,23.2422]],[[91.1917,23.2417],[91.207,23.234],[91.208,23.24],[91.1917,23.2417]],[[91.1907,23.217],[91.1833,23.225],[91.1838,23.2176],[91.1907,23.217]],[[91.1915,23.207],[91.1836,23.2011],[91.1917,23.2],[91.1915,23.207]],[[91.2421,23.2009],[91.2497,23.2072],[91.2417,23.2083],[91.2421,23.2009]],[[91.2006,23.2068],[91.2077,23.1934],[91.2066,23.208],[91.2006,23.2068]],[[91.2349,23.1839],[91.2487,23.191],[91.2333,23.1917],[91.2349,23.1839]],[[91.1828,23.1609],[91.1762,23.1821],[91.1778,23.1587],[91.1828,23.1609]],[[91.2179,23.1625],[91.2319,23.1708],[91.2216,23.1821],[91.2251,23.1739],[91.2179,23.1625]],[[91.2002,23.1597],[91.2081,23.1656],[91.2,23.1667],[91.2002,23.1597]],[[91.7323,22.642],[91.725,22.65],[91.7254,22.6426],[91.7323,22.642]],[[91.749,22.592],[91.7417,22.6],[91.7421,22.5926],[91.749,22.592]],[[91.7573,22.5754],[91.75,22.5833],[91.7504,22.5759],[91.7573,22.5754]],[[92.0078,22.4681],[92.0012,22.4824],[92.0018,22.467],[92.0078,22.4681]],[[92.724,22.2337],[92.7167,22.2417],[92.7171,22.2342],[92.724,22.2337]],[[92.7919,22.2193],[92.7998,22.2311],[92.7917,22.2333],[92.7919,22.2193]],[[92.2157,22.2004],[92.2083,22.2083],[92.2088,22.2009],[92.2157,22.2004]],[[92.4907,22.1754],[92.4833,22.1833],[92.4838,22.1759],[92.4907,22.1754]],[[92.8845,22.1607],[92.8984,22.1515],[92.898,22.1727],[92.8917,22.175],[92.8845,22.1607]],[[92.5594,22.158],[92.5667,22.15],[92.5663,22.1574],[92.5594,22.158]],[[92.5823,22.1004],[92.575,22.1083],[92.5754,22.1009],[92.5823,22.1004]],[[92.5907,22.0837],[92.5833,22.0917],[92.5838,22.0842],[92.5907,22.0837]],[[92.5248,22.0653],[92.517,22.0594],[92.525,22.0583],[92.5248,22.0653]],[[92.5921,22.0519],[92.5998,22.0644],[92.5917,22.0667],[92.5921,22.0519]],[[92.8173,22.0448],[92.8326,22.0478],[92.8195,22.0576],[92.8173,22.0448]],[[92.5939,22.0413],[92.5951,22.0008],[92.6133,21.9936],[92.5939,22.0413]],[[92.8328,22.011],[92.8271,22.0322],[92.8272,22.0088],[92.8328,22.011]],[[92.8751,21.9995],[92.8833,22.0184],[92.8789,22.0245],[92.8751,21.9995]],[[92.8256,21.9985],[92.8322,21.9842],[92.8316,21.9996],[92.8256,21.9985]],[[92.8752,21.9693],[92.8831,21.9811],[92.875,21.9833],[92.8752,21.9693]],[[92.8262,21.9658],[92.8324,21.9509],[92.8324,21.9658],[92.8262,21.9658]],[[92.603,21.9724],[92.6112,21.912],[92.6304,21.886],[92.6155,21.9682],[92.603,21.9724]],[[92.5833,21.9083],[92.5928,21.8787],[92.5973,21.8763],[92.5994,21.904],[92.5833,21.9083]],[[92.5303,21.8964],[92.5345,21.8466],[92.5386,21.8441],[92.5303,21.8964]],[[92.6166,21.8431],[92.6252,21.8417],[92.6206,21.8501],[92.6166,21.8431]],[[92.6505,21.8335],[92.6634,21.7627],[92.6515,21.7485],[92.6718,21.7371],[92.6637,21.7106],[92.6832,21.7389],[92.6505,21.8335]],[[93.124,21.817],[93.1167,21.825],[93.1171,21.8176],[93.124,21.817]],[[93.0485,21.7279],[93.0615,21.653],[93.09,21.6459],[93.079,21.6802],[93.165,21.6793],[93.1467,21.7324],[93.1188,21.7289],[93.105,21.7807],[93.0868,21.7032],[93.0542,21.8142],[93.0485,21.7279]],[[93.177,21.694],[93.1976,21.7068],[93.175,21.7083],[93.177,21.694]],[[93.179,21.6808],[93.1882,21.6519],[93.1977,21.6634],[93.179,21.6808]],[[93.1594,21.6663],[93.1667,21.6583],[93.1663,21.6658],[93.1594,21.6663]],[[93.1588,21.6426],[93.1661,21.6493],[93.1583,21.65],[93.1588,21.6426]],[[93.1332,21.6404],[93.1494,21.6179],[93.144,21.5544],[93.1599,21.5209],[93.1797,21.5298],[93.1957,21.5022],[93.229,21.5182],[93.206,21.5897],[93.1888,21.5986],[93.1871,21.5775],[93.1626,21.5767],[93.1567,21.6213],[93.1332,21.6404]],[[93.2823,21.5754],[93.275,21.5833],[93.2754,21.5759],[93.2823,21.5754]],[[93.1004,21.5055],[93.1073,21.4849],[93.1044,21.5081],[93.1004,21.5055]],[[93.2212,21.4976],[93.2273,21.4371],[93.2453,21.4345],[93.2551,21.4811],[93.2212,21.4976]],[[92.7476,21.438],[92.7366,21.4008],[92.755,21.3936],[92.7476,21.438]],[[93.1916,21.3831],[93.1995,21.3963],[93.1873,21.3998],[93.1842,21.3947],[93.1916,21.3831]],[[93.2345,21.3566],[93.2561,21.3778],[93.2429,21.4],[93.2358,21.38],[93.2345,21.3566]],[[93.1927,21.358],[93.2,21.35],[93.1996,21.3574],[93.1927,21.358]],[[93.0486,21.3369],[92.9717,21.3962],[92.9607,21.3897],[93.014,21.3261],[93.0486,21.3369]],[[92.869,21.3445],[92.8852,21.3122],[92.8895,21.3112],[92.8806,21.3379],[92.869,21.3445]],[[93.2591,21.3089],[93.2661,21.316],[93.2583,21.3167],[93.2591,21.3089]],[[93.2002,21.2943],[93.2083,21.3053],[93.2,21.3083],[93.2002,21.2943]],[[93.2606,21.2919],[93.2723,21.2998],[93.2583,21.3],[93.2606,21.2919]],[[92.275,21.2917],[92.2827,21.284],[92.2828,21.291],[92.275,21.2917]],[[92.684,21.2827],[92.6917,21.275],[92.691,21.2828],[92.684,21.2827]],[[92.9023,21.2753],[92.9148,21.2829],[92.9,21.2833],[92.9023,21.2753]],[[92.8752,21.268],[92.8831,21.2739],[92.875,21.275],[92.8752,21.268]],[[92.6919,21.2527],[92.6999,21.2636],[92.6917,21.2667],[92.6919,21.2527]],[[92.8834,21.2466],[92.8917,21.2546],[92.8865,21.2584],[92.8834,21.2466]],[[93.2671,21.2342],[93.2745,21.241],[93.2667,21.2417],[93.2671,21.2342]],[[93.3088,21.2259],[93.3161,21.2326],[93.3083,21.2333],[93.3088,21.2259]],[[93.2679,21.2188],[93.2781,21.209],[93.2827,21.2104],[93.2813,21.2242],[93.2679,21.2188]],[[92.4167,21.2333],[92.4031,21.2475],[92.394,21.2214],[92.4064,21.2204],[92.421,21.1691],[92.4167,21.2333]],[[92.9263,21.2022],[92.9406,21.193],[92.9264,21.2072],[92.9263,21.2022]],[[93.2805,21.1977],[93.285,21.1367],[93.3031,21.1179],[93.2805,21.1977]],[[93.4083,21.1917],[93.4263,21.105],[93.4383,21.0942],[93.4384,21.1812],[93.4083,21.1917]],[[93.475,21.0899],[93.4835,21.1014],[93.4789,21.1082],[93.475,21.0899]],[[93.3719,21.0693],[93.3642,21.1388],[93.3457,21.1811],[93.3359,21.1616],[93.3719,21.0693]],[[93.2959,21.0976],[93.2939,21.0608],[93.3167,21.0417],[93.3196,20.977],[93.3465,20.9348],[93.364,20.9456],[93.3362,20.9696],[93.3386,21.0383],[93.31,21.0537],[93.3216,21.0811],[93.2959,21.0976]],[[93.116,20.9411],[93.1092,20.9337],[93.1167,20.9333],[93.116,20.9411]],[[93.2002,20.9193],[93.2081,20.9311],[93.2,20.9333],[93.2002,20.9193]],[[93.3428,20.9169],[93.3487,20.9248],[93.3417,20.925],[93.3428,20.9169]],[[93.1998,20.9487],[93.192,20.9428],[93.2,20.9417],[93.1998,20.9487]],[[93.1844,20.9663],[93.1917,20.9583],[93.1913,20.9658],[93.1844,20.9663]],[[92.9988,21.0214],[92.9781,21.0892],[92.9677,21.067],[92.9804,21.0094],[92.9988,21.0214]],[[92.8106,21.0487],[92.8014,21.0344],[92.8156,21.0486],[92.8106,21.0487]],[[92.4971,20.979],[92.4867,20.969],[92.5252,20.9673],[92.5556,20.9862],[92.5392,21.0312],[92.4964,21.0392],[92.4825,21.0258],[92.4532,21.0559],[92.46,20.9954],[92.4971,20.979]],[[92.433,21.0541],[92.4255,21.036],[92.4303,21.0336],[92.433,21.0541]],[[92.5183,21.0505],[92.5321,21.0576],[92.5167,21.0583],[92.5183,21.0505]],[[92.8915,21.0653],[92.8836,21.0594],[92.8917,21.0583],[92.8915,21.0653]],[[92.523,21.067],[92.5083,21.075],[92.5089,21.0685],[92.523,21.067]],[[92.4687,21.0931],[92.4534,21.0947],[92.4267,21.1208],[92.4439,21.0685],[92.4687,21.0931]],[[92.85,21.1132],[92.8584,21.1213],[92.8532,21.125],[92.85,21.1132]],[[92.4663,21.1324],[92.4589,21.1257],[92.4667,21.125],[92.4663,21.1324]],[[92.9583,21.125],[92.961,21.0939],[92.9812,21.1045],[92.9279,21.1806],[92.9583,21.125]],[[92.4581,21.1501],[92.4411,21.1417],[92.4668,21.1421],[92.4581,21.1501]],[[92.4511,21.1742],[92.4583,21.1583],[92.4572,21.1743],[92.4511,21.1742]],[[92.7668,21.2004],[92.7516,21.198],[92.7525,21.1765],[92.7647,21.1852],[92.7668,21.2004]],[[92.9022,21.1845],[92.9076,21.198],[92.8938,21.1994],[92.8923,21.1947],[92.9022,21.1845]],[[92.7822,21.1914],[92.7759,21.1837],[92.7833,21.1833],[92.7822,21.1914]],[[92.974,21.1504],[92.9667,21.1583],[92.9671,21.1509],[92.974,21.1504]],[[92.9838,21.1301],[92.9994,21.1286],[92.9837,21.1501],[92.9838,21.1301]],[[93.0091,21.1005],[93.0161,21.1076],[93.0083,21.1083],[93.0091,21.1005]],[[92.5021,21.1071],[92.5096,21.0859],[92.5141,21.0842],[92.5157,21.096],[92.5021,21.1071]],[[92.8773,21.0836],[92.8898,21.0913],[92.875,21.0917],[92.8773,21.0836]],[[92.4669,21.0764],[92.4747,21.0822],[92.4667,21.0833],[92.4669,21.0764]],[[92.8077,21.109],[92.8,21.1167],[92.8004,21.1092],[92.8077,21.109]],[[92.4739,21.1164],[92.468,21.1085],[92.475,21.1083],[92.4739,21.1164]],[[92.9171,21.0509],[92.9245,21.0576],[92.9167,21.0583],[92.9171,21.0509]],[[92.8523,21.0169],[92.864,21.0248],[92.85,21.025],[92.8523,21.0169]],[[92.8516,21.0005],[92.8654,21.0076],[92.85,21.0083],[92.8516,21.0005]],[[92.8102,20.999],[92.822,20.9923],[92.8243,21.0052],[92.8187,21.0075],[92.8102,20.999]],[[92.8506,20.991],[92.8583,20.9833],[92.8576,20.9911],[92.8506,20.991]],[[92.8678,20.9836],[92.8737,20.9915],[92.8667,20.9917],[92.8678,20.9836]],[[92.5523,20.9669],[92.5648,20.9746],[92.55,20.975],[92.5523,20.9669]],[[92.474,21.242],[92.4667,21.25],[92.4671,21.2426],[92.474,21.242]],[[92.7907,21.242],[92.7833,21.25],[92.7838,21.2426],[92.7907,21.242]],[[92.6907,21.2254],[92.6833,21.2333],[92.6838,21.2259],[92.6907,21.2254]],[[92.9179,21.2235],[92.9303,21.2173],[92.9327,21.2302],[92.927,21.2325],[92.9179,21.2235]],[[93.0831,21.2237],[93.0753,21.2178],[93.0833,21.2167],[93.0831,21.2237]],[[92.8939,21.2321],[92.8847,21.2178],[92.8989,21.232],[92.8939,21.2321]],[[92.2489,21.2914],[92.243,21.2835],[92.25,21.2833],[92.2489,21.2914]],[[93.1833,21.3083],[93.1913,21.301],[93.1908,21.3079],[93.1833,21.3083]],[[92.291,21.3078],[92.2842,21.3004],[92.2917,21.3],[92.291,21.3078]],[[92.1417,21.3083],[92.1257,21.323],[92.1268,21.3092],[92.1417,21.3083]],[[92.6655,21.3259],[92.6593,21.3408],[92.6593,21.3259],[92.6655,21.3259]],[[92.0913,21.3491],[92.0839,21.3424],[92.0917,21.3417],[92.0913,21.3491]],[[92.6581,21.357],[92.6503,21.3511],[92.6583,21.35],[92.6581,21.357]],[[92.7543,21.382],[92.7894,21.3195],[92.7725,21.3731],[92.7543,21.382]],[[92.0788,21.3771],[92.0812,21.4468],[92.0359,21.447],[92.0639,21.4289],[92.0532,21.4116],[92.0788,21.3771]],[[92.0427,21.3997],[92.05,21.3917],[92.0496,21.3991],[92.0427,21.3997]],[[92.1849,21.4383],[92.1957,21.4547],[92.2133,21.4644],[92.1857,21.4719],[92.1666,21.4496],[92.1849,21.4383]],[[92.076,21.4663],[92.0833,21.4583],[92.0829,21.4658],[92.076,21.4663]],[[92.7907,21.4504],[92.7833,21.4583],[92.7838,21.4509],[92.7907,21.4504]],[[92.0998,21.432],[92.092,21.4261],[92.1,21.425],[92.0998,21.432]],[[92.1423,21.4244],[92.15,21.4167],[92.1493,21.4245],[92.1423,21.4244]],[[92.2086,21.4054],[92.2241,21.4049],[92.211,21.4242],[92.2086,21.4054]],[[92.1013,21.405],[92.0944,21.3943],[92.1219,21.3936],[92.1013,21.405]],[[92.6504,21.3842],[92.6578,21.391],[92.65,21.3917],[92.6504,21.3842]],[[92.8588,21.3759],[92.8661,21.3826],[92.8583,21.3833],[92.8588,21.3759]],[[92.849,21.3504],[92.8417,21.3583],[92.8421,21.3509],[92.849,21.3504]],[[92.8407,21.3254],[92.8333,21.3333],[92.8338,21.3259],[92.8407,21.3254]],[[92.6674,21.3089],[92.6741,21.3163],[92.6667,21.3167],[92.6674,21.3089]],[[93.1756,21.3827],[93.1833,21.375],[93.1826,21.3828],[93.1756,21.3827]],[[93.163,21.3826],[93.169,21.3605],[93.1736,21.36],[93.163,21.3826]],[[92.525,21.4833],[92.5327,21.4756],[92.5328,21.4826],[92.525,21.4833]],[[92.1829,21.4908],[92.1755,21.484],[92.1833,21.4833],[92.1829,21.4908]],[[92.725,21.4833],[92.7173,21.491],[92.7172,21.484],[92.725,21.4833]],[[92.712,21.5323],[92.7013,21.5044],[92.705,21.5003],[92.7168,21.5072],[92.712,21.5323]],[[92.9259,21.5218],[92.9641,21.5276],[92.974,21.5443],[92.9366,21.5452],[92.9488,21.5785],[92.9302,21.5906],[92.9178,21.5604],[92.9259,21.5218]],[[92.7,21.55],[92.7077,21.5423],[92.7078,21.5493],[92.7,21.55]],[[92.6239,21.5497],[92.618,21.5419],[92.625,21.5417],[92.6239,21.5497]],[[92.85,21.55],[92.8423,21.5577],[92.8422,21.5507],[92.85,21.55]],[[92.1484,21.5661],[92.1346,21.559],[92.15,21.5583],[92.1484,21.5661]],[[92.1083,21.5667],[92.0799,21.5747],[92.0756,21.57],[92.1083,21.5667]],[[92.1722,21.5671],[92.1635,21.5826],[92.159,21.5813],[92.1722,21.5671]],[[92.6988,21.5686],[92.6974,21.5824],[92.676,21.581],[92.6773,21.5762],[92.6988,21.5686]],[[92.8468,21.5826],[92.8384,21.5993],[92.8273,21.6056],[92.8344,21.5717],[92.8468,21.5826]],[[92.5493,21.6078],[92.5422,21.6007],[92.55,21.6],[92.5493,21.6078]],[[92.1068,21.6161],[92.093,21.609],[92.1083,21.6083],[92.1068,21.6161]],[[92.3313,21.6405],[92.3558,21.6549],[92.3196,21.6728],[92.2928,21.6302],[92.325,21.6167],[92.3313,21.6405]],[[92.101,21.6413],[92.1083,21.6333],[92.1079,21.6408],[92.101,21.6413]],[[92.2911,21.6664],[92.2424,21.7319],[92.28,21.739],[92.2538,21.752],[92.2469,21.7802],[92.1863,21.8141],[92.1863,21.7783],[92.2144,21.7708],[92.2356,21.721],[92.2643,21.6976],[92.2788,21.6451],[92.2911,21.6664]],[[92.1094,21.658],[92.1167,21.65],[92.1163,21.6574],[92.1094,21.658]],[[92.3889,21.8088],[92.3802,21.8243],[92.3757,21.823],[92.3889,21.8088]],[[92.2833,21.825],[92.291,21.8173],[92.2911,21.8243],[92.2833,21.825]],[[92.4132,21.8463],[92.4376,21.7856],[92.4405,21.8443],[92.4285,21.8372],[92.4112,21.8715],[92.439,21.8815],[92.4115,21.8947],[92.4067,21.9222],[92.3783,21.9137],[92.4011,21.8388],[92.4132,21.8463]],[[92.23,21.8286],[92.1966,21.8319],[92.1941,21.828],[92.23,21.8286]],[[92.2094,21.8747],[92.2167,21.8667],[92.2163,21.8741],[92.2094,21.8747]],[[92.2891,21.8898],[92.2766,21.8852],[92.2984,21.8765],[92.2891,21.8898]],[[92.2656,21.8914],[92.2592,21.8837],[92.2667,21.8833],[92.2656,21.8914]],[[92.3642,21.9133],[92.3449,21.9561],[92.3549,21.902],[92.3642,21.9133]],[[92.2594,21.933],[92.2667,21.925],[92.2663,21.9324],[92.2594,21.933]],[[92.5021,21.9364],[92.5224,21.9485],[92.5013,21.9463],[92.5021,21.9364]],[[92.5757,21.9339],[92.5828,21.941],[92.575,21.9417],[92.5757,21.9339]],[[92.5178,21.9237],[92.5321,21.9104],[92.5313,21.9238],[92.5178,21.9237]],[[92.5773,21.9169],[92.589,21.9248],[92.575,21.925],[92.5773,21.9169]],[[92.6073,21.817],[92.6,21.825],[92.6004,21.8176],[92.6073,21.817]],[[92.6026,21.7806],[92.6049,21.7353],[92.6126,21.8059],[92.6026,21.7806]],[[92.4191,21.7499],[92.4186,21.7264],[92.4321,21.7271],[92.4191,21.7499]],[[92.4588,21.7176],[92.4661,21.7243],[92.4583,21.725],[92.4588,21.7176]],[[92.2963,21.7415],[92.2998,21.7249],[92.316,21.7382],[92.2963,21.7415]],[[92.3079,21.7574],[92.3005,21.7507],[92.3083,21.75],[92.3079,21.7574]],[[92.4427,21.7747],[92.45,21.7667],[92.4496,21.7741],[92.4427,21.7747]],[[92.2326,21.8078],[92.2259,21.8004],[92.2333,21.8],[92.2326,21.8078]],[[92.6152,21.686],[92.6069,21.7138],[92.6028,21.7154],[92.6011,21.697],[92.6152,21.686]],[[92.6667,21.6917],[92.6818,21.6707],[92.6881,21.7067],[92.6667,21.6917]],[[92.9121,21.6676],[92.9168,21.6796],[92.9138,21.7065],[92.9082,21.7004],[92.9121,21.6676]],[[92.8417,21.6887],[92.8248,21.6787],[92.8289,21.6599],[92.8417,21.6887]],[[92.6082,21.6721],[92.6002,21.6621],[92.6055,21.6584],[92.6082,21.6721]],[[92.8927,21.6443],[92.9076,21.6556],[92.8917,21.6583],[92.8927,21.6443]],[[92.8291,21.6484],[92.8216,21.6183],[92.8417,21.6347],[92.8291,21.6484]],[[93.0254,21.6259],[93.0328,21.6326],[93.025,21.6333],[93.0254,21.6259]],[[92.9402,21.6294],[92.9171,21.6059],[92.9296,21.602],[92.9402,21.6294]],[[93.0671,21.6092],[93.0745,21.616],[93.0667,21.6167],[93.0671,21.6092]],[[93.02,21.5929],[93.0028,21.6056],[93.0029,21.5865],[93.0387,21.561],[93.0302,21.6144],[93.02,21.5929]],[[93.0829,21.5695],[93.076,21.5901],[93.079,21.5669],[93.0829,21.5695]],[[92.876,21.5997],[92.8833,21.5917],[92.8829,21.5991],[92.876,21.5997]],[[92.5496,21.6241],[92.5422,21.6174],[92.55,21.6167],[92.5496,21.6241]],[[92.6155,21.6259],[92.6093,21.6408],[92.6093,21.6259],[92.6155,21.6259]],[[92.4752,21.6347],[92.4831,21.6406],[92.475,21.6417],[92.4752,21.6347]],[[92.3656,21.6414],[92.3597,21.6335],[92.3667,21.6333],[92.3656,21.6414]],[[92.4738,21.6561],[92.4596,21.6598],[92.4736,21.6511],[92.4738,21.6561]],[[92.3565,21.6889],[92.3363,21.682],[92.3352,21.6767],[92.3471,21.6681],[92.3565,21.6889]],[[92.8907,21.692],[92.8833,21.7],[92.8838,21.6926],[92.8907,21.692]],[[92.9915,21.557],[92.9836,21.5511],[92.9917,21.55],[92.9915,21.557]],[[93.0838,21.5436],[93.0914,21.5561],[93.0833,21.5583],[93.0838,21.5436]],[[92.9852,21.5214],[92.9965,21.5179],[93.0062,21.5315],[92.9954,21.5398],[92.9852,21.5214]],[[92.2633,21.9912],[92.2425,21.9921],[92.2702,21.9605],[92.2667,21.9667],[92.2633,21.9912]],[[92.2177,21.983],[92.225,21.975],[92.2246,21.9824],[92.2177,21.983]],[[92.1,21.9833],[92.0706,21.9992],[92.067,21.9878],[92.1,21.9833]],[[92.4921,21.9926],[92.4997,21.9989],[92.4917,22.0],[92.4921,21.9926]],[[92.4252,21.993],[92.4331,21.9989],[92.425,22.0],[92.4252,21.993]],[[92.4055,21.9988],[92.3849,21.9857],[92.4154,21.9973],[92.4055,21.9988]],[[92.1095,21.9836],[92.1158,21.9913],[92.1083,21.9917],[92.1095,21.9836]],[[92.4924,21.9755],[92.4991,21.9829],[92.4917,21.9833],[92.4924,21.9755]],[[92.4169,21.968],[92.4247,21.9739],[92.4167,21.975],[92.4169,21.968]],[[92.4829,22.0491],[92.4755,22.0424],[92.4833,22.0417],[92.4829,22.0491]],[[92.1611,21.2089],[92.1623,21.2249],[92.1505,21.2222],[92.1611,21.2089]],[[92.224,21.217],[92.2167,21.225],[92.2171,21.2176],[92.224,21.217]],[[92.1998,21.207],[92.192,21.2011],[92.2,21.2],[92.1998,21.207]],[[92.2261,21.2003],[92.232,21.2081],[92.225,21.2083],[92.2261,21.2003]],[[92.1657,21.0837],[92.1583,21.0917],[92.1588,21.0842],[92.1657,21.0837]],[[92.2338,21.1759],[92.2411,21.1826],[92.2333,21.1833],[92.2338,21.1759]],[[92.567,20.938],[92.5825,20.9551],[92.5667,20.9583],[92.567,20.938]],[[92.5344,20.9497],[92.5417,20.9417],[92.5413,20.9491],[92.5344,20.9497]],[[92.4573,20.9254],[92.45,20.9333],[92.4504,20.9259],[92.4573,20.9254]],[[92.5112,20.7901],[92.5244,20.7982],[92.513,20.8151],[92.5167,20.8053],[92.5112,20.7901]],[[92.5171,20.7676],[92.5245,20.7743],[92.5167,20.775],[92.5171,20.7676]],[[92.4657,20.7254],[92.4583,20.7333],[92.4588,20.7259],[92.4657,20.7254]],[[92.5439,20.6071],[92.5402,20.593],[92.5489,20.607],[92.5439,20.6071]],[[92.6692,20.4769],[92.6817,20.4815],[92.66,20.4902],[92.6692,20.4769]],[[92.7189,20.4071],[92.7152,20.393],[92.7239,20.407],[92.7189,20.4071]],[[92.6844,20.5163],[92.6917,20.5083],[92.6913,20.5158],[92.6844,20.5163]],[[92.6844,20.558],[92.6917,20.55],[92.6913,20.5574],[92.6844,20.558]],[[92.8838,20.9176],[92.8911,20.9243],[92.8833,20.925],[92.8838,20.9176]],[[92.8573,20.892],[92.85,20.9],[92.8504,20.8926],[92.8573,20.892]],[[92.8907,20.8754],[92.8833,20.8833],[92.8838,20.8759],[92.8907,20.8754]],[[92.6356,20.8571],[92.6318,20.843],[92.6406,20.857],[92.6356,20.8571]],[[92.649,20.8087],[92.6417,20.8167],[92.6421,20.8092],[92.649,20.8087]],[[92.8411,20.7848],[92.8345,20.7991],[92.8351,20.7837],[92.8411,20.7848]],[[92.9004,20.7759],[92.9078,20.7826],[92.9,20.7833],[92.9004,20.7759]],[[92.8335,20.768],[92.8414,20.7739],[92.8333,20.775],[92.8335,20.768]],[[92.7081,20.7487],[92.7003,20.7428],[92.7083,20.7417],[92.7081,20.7487]],[[92.8428,20.7419],[92.8487,20.7498],[92.8417,20.75],[92.8428,20.7419]],[[92.8959,20.683],[92.8589,20.7282],[92.8417,20.7333],[92.8685,20.6849],[92.8959,20.683]],[[92.849,20.6587],[92.8417,20.6667],[92.8421,20.6592],[92.849,20.6587]],[[92.8588,20.6176],[92.8661,20.6243],[92.8583,20.625],[92.8588,20.6176]],[[92.8377,20.6069],[92.8634,20.5445],[92.8735,20.5881],[92.8629,20.5974],[92.8517,20.5865],[92.8377,20.6069]],[[92.8757,20.5422],[92.8828,20.5493],[92.875,20.55],[92.8757,20.5422]],[[92.895,20.5394],[92.8945,20.51],[92.9132,20.4939],[92.895,20.5394]],[[92.9494,20.5181],[92.9428,20.5324],[92.9434,20.517],[92.9494,20.5181]],[[92.9439,20.4962],[92.965,20.4781],[92.9447,20.5066],[92.9439,20.4962]],[[92.9835,20.4693],[92.9914,20.4811],[92.9833,20.4833],[92.9835,20.4693]],[[92.9669,20.4597],[92.9747,20.4656],[92.9667,20.4667],[92.9669,20.4597]],[[92.9849,20.4505],[92.9987,20.4576],[92.9833,20.4583],[92.9849,20.4505]],[[92.94,20.4292],[92.8769,20.5051],[92.9153,20.4443],[92.9113,20.395],[92.9384,20.3945],[92.9254,20.4226],[92.94,20.4292]],[[92.9415,20.4653],[92.9336,20.4594],[92.9417,20.4583],[92.9415,20.4653]],[[92.8677,20.533],[92.875,20.525],[92.8746,20.5324],[92.8677,20.533]],[[92.8763,20.3856],[92.8904,20.3818],[92.8764,20.3906],[92.8763,20.3856]],[[92.9591,20.2589],[92.9661,20.266],[92.9583,20.2667],[92.9591,20.2589]],[[92.944,20.9753],[92.9557,20.9831],[92.9417,20.9833],[92.944,20.9753]],[[92.9823,20.9587],[92.975,20.9667],[92.9754,20.9592],[92.9823,20.9587]],[[93.1296,20.8687],[93.1323,20.8861],[93.1199,20.9145],[93.118,20.9001],[93.1296,20.8687]],[[93.2162,20.897],[93.2063,20.9075],[93.2012,20.9063],[93.203,20.8923],[93.2162,20.897]],[[93.5381,20.8585],[93.5419,20.8714],[93.5382,20.8831],[93.5332,20.8691],[93.5381,20.8585]],[[93.4449,20.8661],[93.4474,20.8426],[93.4578,20.8623],[93.4449,20.8661]],[[93.325,20.85],[93.3327,20.8423],[93.3328,20.8493],[93.325,20.85]],[[93.6417,20.8417],[93.64,20.8006],[93.6562,20.8102],[93.6541,20.8393],[93.6417,20.8417]],[[93.5556,20.8161],[93.5541,20.8002],[93.5662,20.8028],[93.5556,20.8161]],[[93.2333,20.808],[93.2259,20.8015],[93.237,20.7851],[93.2333,20.808]],[[93.1422,20.7973],[93.1479,20.7761],[93.1478,20.7995],[93.1422,20.7973]],[[93.2674,20.7755],[93.2741,20.7829],[93.2667,20.7833],[93.2674,20.7755]],[[93.1326,20.7995],[93.1259,20.7921],[93.1333,20.7917],[93.1326,20.7995]],[[93.15,20.8268],[93.1416,20.8153],[93.1461,20.8085],[93.15,20.8268]],[[93.3028,20.8187],[93.3137,20.8398],[93.3033,20.8483],[93.3028,20.8187]],[[93.2557,20.8574],[93.2426,20.8471],[93.2438,20.8345],[93.2486,20.8354],[93.2557,20.8574]],[[93.1344,20.8497],[93.1417,20.8417],[93.1413,20.8491],[93.1344,20.8497]],[[93.2896,20.857],[93.275,20.8583],[93.2676,20.8641],[93.2791,20.8505],[93.2896,20.857]],[[93.3504,20.8509],[93.3581,20.8572],[93.35,20.8583],[93.3504,20.8509]],[[93.325,20.8167],[93.3177,20.8247],[93.317,20.8178],[93.325,20.8167]],[[93.5002,20.8027],[93.5081,20.8144],[93.5,20.8167],[93.5002,20.8027]],[[93.2246,20.8741],[93.2172,20.8674],[93.225,20.8667],[93.2246,20.8741]],[[93.2524,20.772],[93.2396,20.7519],[93.257,20.7722],[93.2524,20.772]],[[93.2888,20.7345],[93.2816,20.7485],[93.2677,20.7477],[93.269,20.743],[93.2888,20.7345]],[[93.2239,20.7408],[93.2176,20.7259],[93.2239,20.7259],[93.2239,20.7408]],[[93.1812,20.6987],[93.1728,20.7143],[93.1667,20.7167],[93.1678,20.694],[93.1812,20.6987]],[[93.1864,20.6671],[93.1882,20.6832],[93.175,20.6833],[93.1864,20.6671]],[[93.4968,20.5929],[93.4975,20.6073],[93.4772,20.6151],[93.4917,20.6083],[93.4968,20.5929]],[[93.4915,20.582],[93.4836,20.5761],[93.4917,20.575],[93.4915,20.582]],[[93.6624,20.5814],[93.6373,20.5449],[93.6717,20.5292],[93.6471,20.4947],[93.62,20.4942],[93.6792,20.464],[93.6613,20.4519],[93.6936,20.4281],[93.7138,20.4375],[93.6938,20.4043],[93.6955,20.3857],[93.66,20.4043],[93.6822,20.3599],[93.6689,20.3354],[93.6801,20.3273],[93.7054,20.3446],[93.7044,20.3722],[93.7465,20.3438],[93.7197,20.4873],[93.7394,20.4871],[93.7396,20.5059],[93.712,20.5035],[93.697,20.548],[93.6624,20.5814]],[[93.938,20.3364],[93.9551,20.3321],[93.9643,20.3032],[93.9724,20.3556],[93.9376,20.3571],[93.938,20.3364]],[[93.7632,20.3401],[93.7682,20.3036],[93.7718,20.3016],[93.7746,20.3276],[93.7632,20.3401]],[[93.4219,20.3023],[93.3933,20.364],[93.3851,20.3296],[93.4053,20.3303],[93.4219,20.3023]],[[93.3646,20.3723],[93.3521,20.3814],[93.3522,20.3606],[93.3561,20.3613],[93.3646,20.3723]],[[93.4573,20.3504],[93.45,20.3583],[93.4504,20.3509],[93.4573,20.3504]],[[93.4657,20.3337],[93.4583,20.3417],[93.4588,20.3342],[93.4657,20.3337]],[[93.7091,20.3172],[93.7158,20.3246],[93.7083,20.325],[93.7091,20.3172]],[[93.6319,20.4134],[93.6178,20.3955],[93.6333,20.375],[93.6319,20.4134]],[[93.426,20.3913],[93.4333,20.3833],[93.4329,20.3908],[93.426,20.3913]],[[93.3913,20.4824],[93.3839,20.4757],[93.3917,20.475],[93.3913,20.4824]],[[93.5894,20.5383],[93.575,20.518],[93.5794,20.5099],[93.5894,20.5383]],[[93.5344,20.5247],[93.5417,20.5167],[93.5413,20.5241],[93.5344,20.5247]],[[93.5079,20.5408],[93.5005,20.534],[93.5083,20.5333],[93.5079,20.5408]],[[93.5834,20.5587],[93.5682,20.565],[93.5683,20.5432],[93.5731,20.543],[93.5834,20.5587]],[[93.419,20.2836],[93.4307,20.2915],[93.4167,20.2917],[93.419,20.2836]],[[93.3995,20.272],[93.3897,20.2825],[93.3846,20.2813],[93.3864,20.2673],[93.3995,20.272]],[[93.5498,20.2737],[93.542,20.2678],[93.55,20.2667],[93.5498,20.2737]],[[93.9522,20.256],[93.9647,20.2517],[93.9735,20.2728],[93.9667,20.2583],[93.9522,20.256]],[[94.0257,20.2505],[94.0324,20.2579],[94.025,20.2583],[94.0257,20.2505]],[[94.0421,20.2426],[94.0495,20.2493],[94.0417,20.25],[94.0421,20.2426]],[[93.9669,20.2347],[93.9747,20.2406],[93.9667,20.2417],[93.9669,20.2347]],[[93.9838,20.2259],[93.9911,20.2326],[93.9833,20.2333],[93.9838,20.2259]],[[93.7645,20.2263],[93.7682,20.2404],[93.7595,20.2264],[93.7645,20.2263]],[[93.7068,20.2495],[93.693,20.2424],[93.7083,20.2417],[93.7068,20.2495]],[[93.9415,20.257],[93.9336,20.2511],[93.9417,20.25],[93.9415,20.257]],[[93.8174,20.1255],[93.8241,20.1329],[93.8167,20.1333],[93.8174,20.1255]],[[93.6169,20.118],[93.6247,20.1239],[93.6167,20.125],[93.6169,20.118]],[[93.599,20.1004],[93.5917,20.1083],[93.5921,20.1009],[93.599,20.1004]],[[93.624,20.0754],[93.6167,20.0833],[93.6171,20.0759],[93.624,20.0754]],[[93.5284,20.0599],[93.5554,20.0569],[93.5265,20.0643],[93.5284,20.0599]],[[93.6085,20.0277],[93.6164,20.0394],[93.6083,20.0417],[93.6085,20.0277]],[[93.8424,19.9672],[93.8491,19.9746],[93.8417,19.975],[93.8424,19.9672]],[[94.1754,19.9592],[94.1828,19.966],[94.175,19.9667],[94.1754,19.9592]],[[93.7163,19.9658],[93.7086,19.9594],[93.7167,19.9583],[93.7163,19.9658]],[[93.7331,19.9653],[93.7253,19.9594],[93.7333,19.9583],[93.7331,19.9653]],[[93.4594,19.9913],[93.4667,19.9833],[93.4663,19.9908],[93.4594,19.9913]],[[93.4506,20.0152],[93.4572,20.0009],[93.4566,20.0163],[93.4506,20.0152]],[[93.7091,19.9422],[93.7158,19.9496],[93.7083,19.95],[93.7091,19.9422]],[[93.7421,19.9342],[93.7495,19.941],[93.7417,19.9417],[93.7421,19.9342]],[[93.5989,19.9408],[93.5923,19.9265],[93.5983,19.9254],[93.5989,19.9408]],[[93.6189,19.9305],[93.6293,19.9114],[93.6023,19.9031],[93.6468,19.9023],[93.6403,19.9148],[93.6189,19.9305]],[[93.5835,19.893],[93.5914,19.8989],[93.5833,19.9],[93.5835,19.893]],[[93.8254,19.9176],[93.8328,19.9243],[93.825,19.925],[93.8254,19.9176]],[[93.8022,19.8904],[93.7985,19.8763],[93.8072,19.8903],[93.8022,19.8904]],[[93.8907,19.867],[93.8833,19.875],[93.8838,19.8676],[93.8907,19.867]],[[94.2203,19.8256],[94.2241,19.8388],[94.2108,19.8491],[94.2167,19.8417],[94.2203,19.8256]],[[94.05,19.8417],[94.0577,19.834],[94.0578,19.841],[94.05,19.8417]],[[94.0406,19.8414],[94.0347,19.8335],[94.0417,19.8333],[94.0406,19.8414]],[[94.2504,19.7926],[94.2578,19.7993],[94.25,19.8],[94.2504,19.7926]],[[94.0669,19.7847],[94.0747,19.7906],[94.0667,19.7917],[94.0669,19.7847]],[[94.048,19.797],[94.0199,19.7978],[94.0308,19.7779],[94.0107,19.7705],[94.0321,19.7347],[94.0108,19.7136],[94.0235,19.6926],[94.0474,19.7279],[94.048,19.797]],[[94.0657,19.7587],[94.0583,19.7667],[94.0588,19.7592],[94.0657,19.7587]],[[94.2748,19.7403],[94.267,19.7344],[94.275,19.7333],[94.2748,19.7403]],[[94.2845,19.7336],[94.2903,19.7415],[94.2833,19.7417],[94.2845,19.7336]],[[94.0021,19.6775],[94.024,19.6723],[94.0017,19.6819],[94.0021,19.6775]],[[94.0439,19.6737],[94.0402,19.6596],[94.0489,19.6736],[94.0439,19.6737]],[[93.8684,19.6653],[93.8764,19.6438],[93.8811,19.6427],[93.8825,19.6555],[93.8684,19.6653]],[[94.2504,19.6426],[94.2578,19.6493],[94.25,19.65],[94.2504,19.6426]],[[94.0282,19.6424],[94.044,19.628],[94.0486,19.6278],[94.0383,19.6488],[94.0282,19.6424]],[[94.0163,19.6408],[94.0086,19.6344],[94.0167,19.6333],[94.0163,19.6408]],[[93.8413,19.6658],[93.8336,19.6594],[93.8417,19.6583],[93.8413,19.6658]],[[94.0004,19.6103],[94.0081,19.6227],[94.0,19.625],[94.0004,19.6103]],[[93.9844,19.6163],[93.9917,19.6083],[93.9913,19.6158],[93.9844,19.6163]],[[94.024,19.5587],[94.0167,19.5667],[94.0171,19.5592],[94.024,19.5587]],[[94.3348,19.5141],[94.3473,19.493],[94.3438,19.5249],[94.3348,19.5141]],[[94.4213,19.4893],[94.4684,19.3794],[94.482,19.3844],[94.4771,19.3458],[94.5052,19.3386],[94.5222,19.2958],[94.5033,19.2861],[94.453,19.3139],[94.4738,19.268],[94.3612,19.3055],[94.3782,19.278],[94.4281,19.2819],[94.4637,19.2632],[94.4716,19.2458],[94.4513,19.2267],[94.4212,19.2505],[94.421,19.2181],[94.4907,19.2025],[94.4976,19.1778],[94.4788,19.16],[94.4528,19.1904],[94.4354,19.1729],[94.4572,19.135],[94.4432,19.1036],[94.4636,19.0943],[94.4764,19.1324],[94.5214,19.0769],[94.5249,19.1069],[94.5707,19.0772],[94.5451,19.1136],[94.5631,19.1221],[94.5848,19.1013],[94.5967,19.1215],[94.6121,19.0858],[94.6472,19.0638],[94.6199,19.0524],[94.656,19.036],[94.6374,19.0266],[94.5801,19.0559],[94.5769,19.0443],[94.6736,18.9596],[94.6295,18.9615],[94.5971,18.9892],[94.578,18.9612],[94.5125,19.0142],[94.5114,18.9869],[94.5303,18.9712],[94.5101,18.9459],[94.5626,18.9473],[94.5885,18.9313],[94.5445,18.9219],[94.5634,18.9123],[94.5554,18.8679],[94.5796,18.88],[94.5967,18.8696],[94.6027,18.9055],[94.6316,18.9085],[94.647,18.9042],[94.6191,18.8944],[94.6433,18.853],[94.6541,18.8631],[94.6789,18.8443],[94.6969,18.8639],[94.7373,18.8355],[94.728,18.8638],[94.7497,18.858],[94.7446,18.8261],[94.7126,18.8389],[94.687,18.8306],[94.6805,18.8118],[94.6618,18.8161],[94.6767,18.7676],[94.636,18.8324],[94.6041,18.8031],[94.589,18.8393],[94.5526,18.8186],[94.6628,18.7019],[94.6739,18.7078],[94.6637,18.748],[94.7139,18.7222],[94.7017,18.6871],[94.7609,18.6189],[94.7885,18.6112],[94.796,18.639],[94.8123,18.6281],[94.8221,18.6383],[94.8375,18.6196],[94.8531,18.639],[94.8715,18.6275],[94.8611,18.6458],[94.8706,18.6651],[94.8006,18.6587],[94.7681,18.677],[94.7811,18.7126],[94.7624,18.7202],[94.7718,18.7301],[94.7551,18.7471],[94.7283,18.7368],[94.7472,18.7648],[94.7096,18.7888],[94.7552,18.8237],[94.7976,18.8125],[94.7781,18.8294],[94.7819,18.878],[94.7651,18.9132],[94.7364,18.9213],[94.7468,18.9387],[94.7967,18.9105],[94.753,18.9614],[94.7729,18.9725],[94.7461,18.9891],[94.7294,18.9696],[94.7243,18.9964],[94.6948,18.9943],[94.7228,19.021],[94.6954,19.0353],[94.6945,19.0551],[94.7214,19.0519],[94.7396,19.0714],[94.6864,19.0612],[94.6809,19.0965],[94.6702,19.0786],[94.6193,19.1295],[94.6131,19.1558],[94.5869,19.1703],[94.589,19.188],[94.5506,19.1965],[94.5501,19.1597],[94.5202,19.1869],[94.5149,19.2296],[94.495,19.2459],[94.5042,19.2731],[94.5387,19.2721],[94.5693,19.2438],[94.5861,19.2357],[94.5935,19.2553],[94.6153,19.2525],[94.561,19.3021],[94.5894,19.3121],[94.5529,19.3293],[94.5732,19.3627],[94.5375,19.3603],[94.5029,19.4046],[94.5305,19.4208],[94.5115,19.4363],[94.5144,19.4717],[94.4567,19.4429],[94.4465,19.4811],[94.4213,19.4893]],[[96.449,19.4754],[96.4417,19.4833],[96.4421,19.4759],[96.449,19.4754]],[[95.1941,19.3314],[95.1678,19.1931],[95.1822,19.1683],[95.1734,19.1372],[95.1583,19.1083],[95.1197,19.0989],[95.101,19.0428],[95.1196,18.9938],[95.1273,19.0393],[95.1637,19.0783],[95.1598,19.1025],[95.1905,19.1553],[95.2125,19.3401],[95.1941,19.3314]],[[96.6254,19.0926],[96.6328,19.0993],[96.625,19.1],[96.6254,19.0926]],[[96.5837,19.0832],[96.5941,19.0533],[96.6222,19.0445],[96.6306,19.0631],[96.606,19.0969],[96.5837,19.0832]],[[94.701,19.0913],[94.7083,19.0833],[94.7079,19.0908],[94.701,19.0913]],[[94.6344,19.208],[94.6417,19.2],[94.6413,19.2074],[94.6344,19.208]],[[94.526,19.233],[94.5333,19.225],[94.5329,19.2324],[94.526,19.233]],[[96.6895,18.9895],[96.6773,18.9683],[96.6893,18.9683],[96.6895,18.9895]],[[96.9088,18.9592],[96.9164,18.9656],[96.9083,18.9667],[96.9088,18.9592]],[[95.1333,18.9558],[95.1349,18.937],[95.1484,18.9109],[95.1557,18.9226],[95.1333,18.9558]],[[96.4794,18.9339],[96.4951,18.9495],[96.4666,18.9497],[96.4794,18.9339]],[[96.8407,18.9254],[96.8333,18.9333],[96.8338,18.9259],[96.8407,18.9254]],[[96.7516,18.9089],[96.7654,18.916],[96.75,18.9167],[96.7516,18.9089]],[[96.4833,18.9583],[96.4681,18.966],[96.4671,18.96],[96.4833,18.9583]],[[95.1322,18.9831],[95.1264,18.9752],[95.1333,18.975],[95.1322,18.9831]],[[95.1536,18.897],[95.2073,18.8448],[95.2073,18.7385],[95.1458,18.6936],[95.1047,18.6986],[95.0946,18.6865],[95.1133,18.6787],[95.0702,18.6727],[95.0961,18.6359],[95.1142,18.6522],[95.128,18.6804],[95.2138,18.7279],[95.2308,18.7697],[95.222,18.8479],[95.1641,18.9049],[95.1536,18.897]],[[96.7407,18.742],[96.7333,18.75],[96.7338,18.7426],[96.7407,18.742]],[[96.7865,18.6488],[96.7779,18.5945],[96.8307,18.5862],[96.7862,18.6196],[96.7865,18.6488]],[[96.8476,18.6267],[96.822,18.6391],[96.8165,18.6246],[96.8378,18.6105],[96.8476,18.6267]],[[96.8573,18.6004],[96.85,18.6083],[96.8504,18.6009],[96.8573,18.6004]],[[95.0984,18.5789],[95.0852,18.621],[95.0698,18.544],[95.0984,18.5789]],[[96.6273,18.5647],[96.6477,18.5597],[96.6486,18.565],[96.6273,18.5647]],[[96.601,18.558],[96.6083,18.55],[96.6079,18.5574],[96.601,18.558]],[[94.8012,18.5491],[94.8074,18.5342],[94.8074,18.5491],[94.8012,18.5491]],[[96.6198,18.5394],[96.6195,18.5113],[96.6396,18.5034],[96.6198,18.5394]],[[96.8507,18.5005],[96.8578,18.5076],[96.85,18.5083],[96.8507,18.5005]],[[95.3856,18.4997],[95.3688,18.4271],[95.4128,18.4272],[95.3864,18.4459],[95.3856,18.4997]],[[95.4356,18.444],[95.4478,18.453],[95.4448,18.474],[95.425,18.4583],[95.4356,18.444]],[[95.4915,18.4653],[95.4836,18.4594],[95.4917,18.4583],[95.4915,18.4653]],[[96.8845,18.4586],[96.8903,18.4665],[96.8833,18.4667],[96.8845,18.4586]],[[96.5924,18.4172],[96.5995,18.4243],[96.5917,18.425],[96.5924,18.4172]],[[95.2029,18.421],[95.1976,18.4716],[95.1784,18.4612],[95.1636,18.4969],[95.1194,18.5144],[95.1195,18.5042],[95.1851,18.4183],[95.2224,18.4116],[95.2029,18.421]],[[95.259,18.4077],[95.2667,18.4],[95.266,18.4078],[95.259,18.4077]],[[95.4004,18.4009],[95.4078,18.4076],[95.4,18.4083],[95.4004,18.4009]],[[95.4271,18.3996],[95.4417,18.3917],[95.4412,18.3982],[95.4271,18.3996]],[[95.4581,18.3987],[95.4503,18.3928],[95.4583,18.3917],[95.4581,18.3987]],[[96.5671,18.3926],[96.5745,18.3993],[96.5667,18.4],[96.5671,18.3926]],[[95.9195,18.3996],[95.9282,18.384],[95.9327,18.3854],[95.9195,18.3996]],[[95.3834,18.4008],[95.3748,18.3924],[95.3795,18.3835],[95.3834,18.4008]],[[95.2398,18.3901],[95.2027,18.3937],[95.2384,18.3738],[95.2601,18.3267],[95.3333,18.2833],[95.3439,18.2523],[95.3829,18.22],[95.4101,18.1122],[95.4494,18.0428],[95.4264,17.9886],[95.4659,17.9933],[95.4524,17.9125],[95.4643,17.8779],[95.4552,17.8596],[95.4268,17.8398],[95.4062,17.8098],[95.4057,17.829],[95.3866,17.8375],[95.4155,17.8611],[95.3873,17.8601],[95.3828,17.9047],[95.3293,17.9031],[95.3121,17.9314],[95.2723,17.9321],[95.2541,17.8936],[95.211,17.8967],[95.2486,17.8651],[95.2032,17.8658],[95.1882,17.7925],[95.17,17.7965],[95.1612,17.7781],[95.1544,17.7978],[95.1371,17.7978],[95.1488,17.7758],[95.1379,17.7509],[95.0527,17.6883],[95.0971,17.6708],[95.0614,17.6636],[95.0745,17.5996],[95.0425,17.5849],[95.0819,17.5621],[95.0629,17.5445],[95.0628,17.5644],[95.0467,17.5653],[95.0393,17.5356],[95.0191,17.5295],[95.0404,17.5025],[95.0099,17.4795],[94.999,17.3889],[94.9438,17.3881],[94.9446,17.3529],[94.9811,17.353],[94.9275,17.3039],[94.9576,17.27],[94.9775,17.3299],[94.99,17.3128],[94.9972,17.3543],[94.9942,17.2042],[95.0131,17.1041],[95.0012,17.0899],[95.0303,17.0789],[95.0027,17.0623],[95.0234,17.0508],[95.0322,17.0529],[95.0411,17.0651],[95.0362,17.1218],[95.0803,17.1616],[95.0613,17.1788],[95.0907,17.1907],[95.0528,17.2284],[95.0725,17.2372],[95.0533,17.2542],[95.0726,17.2711],[95.0364,17.2877],[95.0812,17.2869],[95.0892,17.3129],[95.0696,17.3137],[95.106,17.3449],[95.0968,17.356],[95.0936,17.3427],[95.0697,17.3457],[95.0686,17.3876],[95.1057,17.3957],[95.0857,17.4042],[95.0777,17.4461],[95.1071,17.4264],[95.1636,17.4324],[95.1559,17.3949],[95.146,17.4143],[95.1366,17.4068],[95.1349,17.3696],[95.1449,17.3883],[95.1718,17.3865],[95.171,17.4064],[95.197,17.4042],[95.1775,17.363],[95.1901,17.3609],[95.1857,17.337],[95.1985,17.3469],[95.2065,17.3292],[95.1618,17.3171],[95.1357,17.33],[95.1229,17.2875],[95.1031,17.2884],[95.0937,17.2713],[95.1388,17.271],[95.1122,17.2644],[95.1072,17.2282],[95.0842,17.2251],[95.1303,17.1648],[95.12,17.1359],[95.1969,17.0946],[95.2184,17.1625],[95.2289,17.1441],[95.2472,17.1532],[95.2279,17.1708],[95.2461,17.1855],[95.2371,17.2076],[95.2558,17.2121],[95.2448,17.2555],[95.2726,17.2626],[95.2363,17.2972],[95.2716,17.2855],[95.2683,17.3545],[95.281,17.3717],[95.2877,17.3356],[95.2973,17.3613],[95.2859,17.3803],[95.3043,17.4142],[95.2639,17.4003],[95.252,17.4107],[95.279,17.4392],[95.3242,17.4142],[95.3218,17.4575],[95.3046,17.465],[95.2957,17.4439],[95.2842,17.4591],[95.3017,17.4804],[95.3389,17.4782],[95.2931,17.5003],[95.315,17.5128],[95.329,17.5561],[95.3559,17.5444],[95.3791,17.555],[95.4137,17.5321],[95.4031,17.5042],[95.4224,17.4468],[95.4014,17.4454],[95.3975,17.4026],[95.3768,17.4221],[95.3803,17.4474],[95.3617,17.4409],[95.3561,17.3957],[95.3343,17.4014],[95.3436,17.3625],[95.3796,17.4069],[95.3991,17.3723],[95.3783,17.3889],[95.3802,17.3617],[95.3603,17.3541],[95.3966,17.356],[95.3947,17.3195],[95.4127,17.3402],[95.4309,17.3376],[95.4053,17.2948],[95.3527,17.2983],[95.3685,17.2781],[95.3885,17.2808],[95.3807,17.2612],[95.3274,17.2629],[95.3286,17.2443],[95.3463,17.2463],[95.3449,17.2282],[95.3637,17.2221],[95.3503,17.1958],[95.3651,17.1843],[95.3637,17.1457],[95.319,17.1527],[95.3417,17.1454],[95.3534,17.1196],[95.3887,17.1223],[95.3697,17.061],[95.4128,17.0971],[95.4639,17.0862],[95.4468,17.1221],[95.4031,17.1123],[95.4155,17.1319],[95.4724,17.1365],[95.4367,17.1523],[95.4569,17.1695],[95.426,17.185],[95.472,17.1865],[95.4892,17.229],[95.4605,17.2457],[95.4599,17.278],[95.4876,17.2972],[95.5054,17.2862],[95.5047,17.3074],[95.476,17.3266],[95.5053,17.3281],[95.5144,17.3446],[95.4609,17.3366],[95.4887,17.3533],[95.477,17.38],[95.4871,17.3887],[95.4983,17.3711],[95.5055,17.3956],[95.4936,17.4097],[95.5164,17.4379],[95.5119,17.4469],[95.5025,17.4287],[95.495,17.4555],[95.4698,17.428],[95.4614,17.4555],[95.4884,17.47],[95.4888,17.5038],[95.4534,17.5259],[95.4595,17.545],[95.4718,17.5472],[95.4764,17.5261],[95.5208,17.5355],[95.5382,17.5552],[95.5685,17.4768],[95.5955,17.4517],[95.6628,17.4399],[95.6727,17.4197],[95.653,17.3932],[95.6633,17.3861],[95.6804,17.4144],[95.6976,17.3867],[95.7071,17.4275],[95.6934,17.4211],[95.6699,17.4534],[95.6798,17.4643],[95.6305,17.4682],[95.6287,17.4895],[95.5972,17.4675],[95.568,17.4952],[95.5597,17.5198],[95.5804,17.5626],[95.5603,17.5712],[95.5585,17.5913],[95.5707,17.6057],[95.5887,17.5944],[95.5915,17.6293],[95.5806,17.6402],[95.57,17.6202],[95.5613,17.6541],[95.5879,17.6527],[95.5886,17.6666],[95.6214,17.6807],[95.6394,17.6533],[95.6178,17.6973],[95.6262,17.7075],[95.6966,17.6439],[95.6774,17.6781],[95.6853,17.6961],[95.7221,17.6858],[95.7417,17.7154],[95.7549,17.6528],[95.7792,17.6896],[95.8226,17.6954],[95.8214,17.7141],[95.7942,17.7303],[95.8312,17.736],[95.7708,17.7529],[95.7974,17.7628],[95.7772,17.7791],[95.8115,17.7853],[95.8191,17.814],[95.8477,17.8128],[95.797,17.8555],[95.7878,17.8113],[95.7779,17.8316],[95.7177,17.845],[95.705,17.8806],[95.6774,17.8604],[95.6616,17.938],[95.6814,17.9543],[95.6628,17.964],[95.6468,17.9524],[95.6371,17.9726],[95.6033,17.9613],[95.6,17.9824],[95.5784,17.9607],[95.6221,17.9531],[95.5856,17.9308],[95.5993,17.9156],[95.5766,17.9036],[95.5762,17.8806],[95.6039,17.8803],[95.6024,17.8624],[95.6176,17.8589],[95.6373,17.8973],[95.6481,17.8625],[95.6041,17.844],[95.5721,17.8654],[95.5806,17.838],[95.5542,17.8275],[95.5534,17.8806],[95.5093,17.809],[95.5131,17.7947],[95.5309,17.8134],[95.5299,17.7867],[95.4952,17.7866],[95.4928,17.8279],[95.5227,17.8966],[95.476,17.8972],[95.5062,17.9373],[95.485,17.9278],[95.4762,17.9526],[95.5059,17.9639],[95.4849,17.9822],[95.4736,18.0548],[95.4185,18.1206],[95.4076,18.2347],[95.377,18.279],[95.3808,18.2964],[95.294,18.3192],[95.2398,18.3901]],[[95.4407,18.3754],[95.4333,18.3833],[95.4338,18.3759],[95.4407,18.3754]],[[95.5004,18.3676],[95.5078,18.3743],[95.5,18.375],[95.5004,18.3676]],[[95.9173,18.366],[95.925,18.3583],[95.9243,18.3661],[95.9173,18.366]],[[95.9345,18.3586],[95.9403,18.3665],[95.9333,18.3667],[95.9345,18.3586]],[[95.3417,18.3583],[95.3494,18.3506],[95.3495,18.3576],[95.3417,18.3583]],[[95.3831,18.3653],[95.3753,18.3594],[95.3833,18.3583],[95.3831,18.3653]],[[95.3421,18.3342],[95.3495,18.341],[95.3417,18.3417],[95.3421,18.3342]],[[95.3755,18.3193],[95.391,18.3227],[95.375,18.3333],[95.3755,18.3193]],[[95.4338,18.3176],[95.4414,18.3239],[95.4333,18.325],[95.4338,18.3176]],[[95.4173,18.3235],[95.4239,18.3092],[95.4233,18.3246],[95.4173,18.3235]],[[95.4338,18.3009],[95.4411,18.3076],[95.4333,18.3083],[95.4338,18.3009]],[[95.4085,18.286],[95.4166,18.2968],[95.4083,18.3],[95.4085,18.286]],[[95.5511,18.2836],[95.557,18.2915],[95.55,18.2917],[95.5511,18.2836]],[[95.4011,18.3242],[95.4083,18.3083],[95.4072,18.3243],[95.4011,18.3242]],[[95.4688,18.2736],[95.4805,18.2676],[95.4908,18.2807],[95.4688,18.2736]],[[95.4156,18.2747],[95.4097,18.2669],[95.4167,18.2667],[95.4156,18.2747]],[[95.474,18.2504],[95.4667,18.2583],[95.4671,18.2509],[95.474,18.2504]],[[95.5088,18.2426],[95.5161,18.2493],[95.5083,18.25],[95.5088,18.2426]],[[95.499,18.2254],[95.4917,18.2333],[95.4921,18.2259],[95.499,18.2254]],[[96.6171,18.2176],[96.6245,18.2243],[96.6167,18.225],[96.6171,18.2176]],[[95.4835,18.2097],[95.4914,18.2156],[95.4833,18.2167],[95.4835,18.2097]],[[95.5254,18.2009],[95.5328,18.2076],[95.525,18.2083],[95.5254,18.2009]],[[95.5429,18.1791],[95.557,18.1869],[95.5466,18.1988],[95.5501,18.1906],[95.5429,18.1791]],[[95.5522,18.1667],[95.54,18.1583],[95.5584,18.1592],[95.5522,18.1667]],[[95.5907,18.1587],[95.5833,18.1667],[95.5838,18.1592],[95.5907,18.1587]],[[95.4829,18.1658],[95.4753,18.1594],[95.4833,18.1583],[95.4829,18.1658]],[[95.5248,18.1653],[95.517,18.1594],[95.525,18.1583],[95.5248,18.1653]],[[95.5333,18.1417],[95.5181,18.1493],[95.5171,18.1433],[95.5333,18.1417]],[[95.6004,18.1426],[95.6078,18.1493],[95.6,18.15],[95.6004,18.1426]],[[95.5838,18.1472],[95.5907,18.1266],[95.5877,18.1498],[95.5838,18.1472]],[[95.6007,18.1255],[95.6074,18.1329],[95.6,18.1333],[95.6007,18.1255]],[[95.5551,18.1184],[95.5528,18.1398],[95.5354,18.1281],[95.5551,18.1184]],[[95.5673,18.1327],[95.575,18.125],[95.5743,18.1328],[95.5673,18.1327]],[[95.6757,18.1005],[95.6824,18.1079],[95.675,18.1083],[95.6757,18.1005]],[[95.6169,18.093],[95.6247,18.0989],[95.6167,18.1],[95.6169,18.093]],[[95.5419,18.0847],[95.5497,18.0906],[95.5417,18.0917],[95.5419,18.0847]],[[95.5581,18.0487],[95.5503,18.0428],[95.5583,18.0417],[95.5581,18.0487]],[[95.5856,18.0487],[95.5818,18.0346],[95.5906,18.0486],[95.5856,18.0487]],[[95.6591,18.0339],[95.6658,18.0413],[95.6583,18.0417],[95.6591,18.0339]],[[95.599,17.992],[95.5917,18.0],[95.5921,17.9926],[95.599,17.992]],[[95.5588,17.9259],[95.5661,17.9326],[95.5583,17.9333],[95.5588,17.9259]],[[95.5308,17.9317],[95.5116,17.9103],[95.5469,17.9198],[95.5484,17.9292],[95.5308,17.9317]],[[95.5585,17.8961],[95.5666,17.9116],[95.5583,17.9167],[95.5585,17.8961]],[[96.7596,17.9735],[96.7738,17.9772],[96.7736,17.9822],[96.7596,17.9735]],[[96.7145,17.9715],[96.6948,17.9588],[96.7138,17.9519],[96.7145,17.9715]],[[95.762,17.9735],[95.7363,17.9655],[95.7355,17.9452],[95.7804,17.944],[95.762,17.9735]],[[96.6272,17.9737],[96.6235,17.9596],[96.6322,17.9736],[96.6272,17.9737]],[[95.7822,17.9664],[95.7764,17.9585],[95.7833,17.9583],[95.7822,17.9664]],[[96.6671,17.9342],[96.6747,17.9406],[96.6667,17.9417],[96.6671,17.9342]],[[96.7265,17.9114],[96.7397,17.9315],[96.7167,17.9417],[96.7265,17.9114]],[[96.6921,17.9304],[96.699,17.9099],[96.6961,17.9331],[96.6921,17.9304]],[[96.6308,17.9075],[96.6189,17.8853],[96.6319,17.885],[96.6308,17.9075]],[[96.6502,17.8916],[96.6656,17.9001],[96.6416,17.8996],[96.6502,17.8916]],[[96.6849,17.8755],[96.6987,17.8826],[96.6833,17.8833],[96.6849,17.8755]],[[96.6335,17.8611],[96.6416,17.8719],[96.6333,17.875],[96.6335,17.8611]],[[96.6513,17.8606],[96.6654,17.8568],[96.6514,17.8656],[96.6513,17.8606]],[[96.616,17.8578],[96.6092,17.8504],[96.6167,17.85],[96.616,17.8578]],[[95.7461,17.852],[95.7459,17.8892],[95.7731,17.8706],[95.7583,17.8833],[95.7657,17.9029],[95.7457,17.9299],[95.7258,17.9182],[95.7283,17.8527],[95.7461,17.852]],[[95.6832,17.914],[95.6753,17.9023],[95.6833,17.9],[95.6832,17.914]],[[95.6938,17.9033],[95.7145,17.9118],[95.7038,17.9394],[95.6938,17.9033]],[[95.724,17.9337],[95.7167,17.9417],[95.7171,17.9342],[95.724,17.9337]],[[96.6504,17.9259],[96.6578,17.9326],[96.65,17.9333],[96.6504,17.9259]],[[96.5828,17.8942],[96.5762,17.9154],[96.5778,17.892],[96.5828,17.8942]],[[96.5998,17.907],[96.592,17.9011],[96.6,17.9],[96.5998,17.907]],[[96.5952,17.8745],[96.5998,17.8582],[96.616,17.8719],[96.5952,17.8745]],[[96.5677,17.8747],[96.575,17.8667],[96.5746,17.8741],[96.5677,17.8747]],[[96.6073,17.8337],[96.6,17.8417],[96.6004,17.8342],[96.6073,17.8337]],[[96.6597,17.8322],[96.6689,17.8179],[96.6739,17.818],[96.6597,17.8322]],[[96.6398,17.8136],[96.6335,17.8163],[96.6295,17.8015],[96.6398,17.8136]],[[96.7174,17.815],[96.7244,17.8015],[96.7235,17.8162],[96.7174,17.815]],[[96.7345,17.8003],[96.7403,17.8081],[96.7333,17.8083],[96.7345,17.8003]],[[96.7047,17.8145],[96.6856,17.8037],[96.7129,17.7693],[96.7159,17.7841],[96.7047,17.8145]],[[96.7323,17.7837],[96.725,17.7917],[96.7254,17.7842],[96.7323,17.7837]],[[96.5453,17.7684],[96.5586,17.7588],[96.5441,17.7286],[96.5873,17.7108],[96.6065,17.7291],[96.6045,17.7647],[96.5453,17.7684]],[[96.6188,17.7506],[96.6317,17.7658],[96.6167,17.7667],[96.6188,17.7506]],[[96.6424,17.7505],[96.6491,17.7579],[96.6417,17.7583],[96.6424,17.7505]],[[95.8291,17.7582],[95.8128,17.7502],[95.8333,17.75],[95.8291,17.7582]],[[95.849,17.7587],[95.8417,17.7667],[95.8421,17.7592],[95.849,17.7587]],[[95.8246,17.7741],[95.8172,17.7674],[95.825,17.7667],[95.8246,17.7741]],[[96.6176,17.7869],[96.6137,17.8149],[96.605,17.8227],[96.5858,17.7858],[96.5996,17.7759],[96.6176,17.7869]],[[96.5835,17.8014],[96.5914,17.8072],[96.5833,17.8083],[96.5835,17.8014]],[[95.8645,17.8013],[95.8682,17.8154],[95.8595,17.8014],[95.8645,17.8013]],[[96.0829,17.8241],[96.0753,17.8178],[96.0833,17.8167],[96.0829,17.8241]],[[96.5915,17.8237],[96.5836,17.8178],[96.5917,17.8167],[96.5915,17.8237]],[[96.649,17.792],[96.6417,17.8],[96.6421,17.7926],[96.649,17.792]],[[96.5671,17.7009],[96.5745,17.7076],[96.5667,17.7083],[96.5671,17.7009]],[[95.8573,17.6837],[95.85,17.6917],[95.8504,17.6842],[95.8573,17.6837]],[[95.7674,17.6505],[95.7745,17.6576],[95.7667,17.6583],[95.7674,17.6505]],[[95.7413,17.6574],[95.7339,17.6507],[95.7417,17.65],[95.7413,17.6574]],[[95.7169,17.668],[95.7247,17.6739],[95.7167,17.675],[95.7169,17.668]],[[95.7061,17.6748],[95.6943,17.6669],[95.7083,17.6667],[95.7061,17.6748]],[[95.65,17.65],[95.6653,17.6423],[95.6663,17.6483],[95.65,17.65]],[[95.717,17.628],[95.7333,17.6333],[95.7321,17.6396],[95.7186,17.6409],[95.717,17.628]],[[95.7513,17.6356],[95.7654,17.6318],[95.7514,17.6406],[95.7513,17.6356]],[[95.7917,17.625],[95.784,17.6327],[95.7839,17.6257],[95.7917,17.625]],[[96.5341,17.6255],[96.5408,17.6329],[96.5333,17.6333],[96.5341,17.6255]],[[96.5169,17.618],[96.5247,17.6239],[96.5167,17.625],[96.5169,17.618]],[[95.601,17.6163],[95.6083,17.6083],[95.6079,17.6158],[95.601,17.6163]],[[96.5269,17.6058],[96.5315,17.5933],[96.5402,17.615],[96.5269,17.6058]],[[95.691,17.5995],[95.6842,17.5921],[95.6917,17.5917],[95.691,17.5995]],[[95.6594,17.5997],[95.6667,17.5917],[95.6663,17.5991],[95.6594,17.5997]],[[95.6016,17.5937],[95.6105,17.5774],[95.6167,17.575],[95.6148,17.5987],[95.6016,17.5937]],[[95.6263,17.5724],[95.6407,17.579],[95.6391,17.5908],[95.6263,17.5724]],[[95.75,17.5833],[95.7724,17.5756],[95.7744,17.5812],[95.75,17.5833]],[[96.2921,17.5676],[96.2995,17.5743],[96.2917,17.575],[96.2921,17.5676]],[[95.6526,17.5725],[95.6728,17.5537],[95.6814,17.5622],[95.6526,17.5725]],[[95.7362,17.5507],[95.7559,17.5577],[95.7333,17.5583],[95.7362,17.5507]],[[96.3671,17.5426],[96.3747,17.5489],[96.3667,17.55],[96.3671,17.5426]],[[96.5254,17.5342],[96.5328,17.541],[96.525,17.5417],[96.5254,17.5342]],[[96.3252,17.5264],[96.3331,17.5322],[96.325,17.5333],[96.3252,17.5264]],[[95.6483,17.5217],[95.6258,17.5346],[95.6379,17.5103],[95.6483,17.5217]],[[96.3338,17.5092],[96.3411,17.516],[96.3333,17.5167],[96.3338,17.5092]],[[95.7677,17.508],[95.775,17.5],[95.7746,17.5074],[95.7677,17.508]],[[95.7875,17.5061],[95.783,17.4582],[95.761,17.4724],[95.7697,17.4451],[95.7964,17.4224],[95.7958,17.4026],[95.8116,17.439],[95.8305,17.4389],[95.811,17.4045],[95.8469,17.3696],[95.8472,17.397],[95.8362,17.4149],[95.8627,17.4329],[95.8622,17.4191],[95.8887,17.4111],[95.8975,17.4548],[95.8469,17.4358],[95.8289,17.4557],[95.797,17.4428],[95.8023,17.4707],[95.8223,17.4792],[95.7875,17.5061]],[[96.519,17.4919],[96.5305,17.4998],[96.5167,17.5],[96.519,17.4919]],[[96.3921,17.4759],[96.3997,17.4822],[96.3917,17.4833],[96.3921,17.4759]],[[96.6833,17.475],[96.6756,17.4827],[96.6755,17.4757],[96.6833,17.475]],[[96.6928,17.4753],[96.6987,17.4831],[96.6917,17.4833],[96.6928,17.4753]],[[96.4167,17.475],[96.4244,17.4673],[96.4245,17.4743],[96.4167,17.475]],[[96.5921,17.4592],[96.5995,17.466],[96.5917,17.4667],[96.5921,17.4592]],[[96.435,17.4652],[96.4465,17.4507],[96.4574,17.4524],[96.435,17.4652]],[[95.8913,17.4814],[95.8836,17.469],[95.8917,17.4667],[95.8913,17.4814]],[[95.9157,17.4754],[95.9083,17.4833],[95.9088,17.4759],[95.9157,17.4754]],[[95.9081,17.432],[95.9003,17.4261],[95.9083,17.425],[95.9081,17.432]],[[96.4428,17.4253],[96.4487,17.4331],[96.4417,17.4333],[96.4428,17.4253]],[[95.8748,17.3987],[95.867,17.3928],[95.875,17.3917],[95.8748,17.3987]],[[95.8993,17.3721],[95.8696,17.3566],[95.8884,17.3465],[95.8858,17.3285],[95.9083,17.3491],[95.9312,17.3284],[95.922,17.3961],[95.903,17.3974],[95.8993,17.3721]],[[95.9407,17.3837],[95.9333,17.3917],[95.9338,17.3842],[95.9407,17.3837]],[[96.1088,17.3759],[96.1161,17.3826],[96.1083,17.3833],[96.1088,17.3759]],[[96.1335,17.361],[96.1415,17.3726],[96.1333,17.375],[96.1335,17.361]],[[96.1737,17.3199],[96.1827,17.338],[96.18,17.3488],[96.1674,17.3365],[96.1737,17.3199]],[[96.4341,17.3339],[96.4408,17.3413],[96.4333,17.3417],[96.4341,17.3339]],[[96.2,17.3333],[96.2153,17.3257],[96.2163,17.3317],[96.2,17.3333]],[[95.9009,17.3047],[95.9267,17.3002],[95.933,17.3112],[95.9092,17.3223],[95.9009,17.3047]],[[96.2022,17.3154],[96.1985,17.3013],[96.2072,17.3153],[96.2022,17.3154]],[[96.4424,17.3005],[96.4491,17.3079],[96.4417,17.3083],[96.4424,17.3005]],[[96.3085,17.293],[96.3164,17.2989],[96.3083,17.3],[96.3085,17.293]],[[96.4421,17.2842],[96.4495,17.291],[96.4417,17.2917],[96.4421,17.2842]],[[95.9834,17.2821],[95.9652,17.2758],[95.943,17.2947],[95.9446,17.2697],[95.979,17.2646],[95.9877,17.2358],[95.9834,17.2821]],[[96.4167,17.2667],[96.409,17.2744],[96.4089,17.2674],[96.4167,17.2667]],[[96.4345,17.2669],[96.4403,17.2748],[96.4333,17.275],[96.4345,17.2669]],[[96.35,17.2667],[96.3577,17.259],[96.3578,17.266],[96.35,17.2667]],[[96.3156,17.2664],[96.3097,17.2585],[96.3167,17.2583],[96.3156,17.2664]],[[96.2394,17.255],[96.2014,17.2555],[96.1931,17.2377],[96.2394,17.255]],[[96.325,17.2417],[96.3173,17.2494],[96.3172,17.2424],[96.325,17.2417]],[[96.3428,17.2419],[96.3487,17.2498],[96.3417,17.25],[96.3428,17.2419]],[[95.9433,17.2117],[95.9724,17.2556],[95.9491,17.2578],[95.9267,17.2286],[95.9304,17.203],[95.9022,17.179],[95.8946,17.1278],[95.9095,17.155],[95.9546,17.1815],[95.9882,17.1773],[95.9739,17.2135],[95.9433,17.2117]],[[96.0331,17.2237],[96.0253,17.2178],[96.0333,17.2167],[96.0331,17.2237]],[[96.1511,17.2169],[96.157,17.2248],[96.15,17.225],[96.1511,17.2169]],[[96.0083,17.1917],[96.001,17.1997],[96.0003,17.1928],[96.0083,17.1917]],[[96.0261,17.1919],[96.032,17.1998],[96.025,17.2],[96.0261,17.1919]],[[96.0591,17.1755],[96.0661,17.1826],[96.0583,17.1833],[96.0591,17.1755]],[[95.999,17.1587],[95.9917,17.1667],[95.9921,17.1592],[95.999,17.1587]],[[95.9208,17.1474],[95.9032,17.1018],[95.9225,17.1021],[95.9405,17.1219],[95.9208,17.1474]],[[95.9756,17.141],[95.9833,17.1333],[95.9829,17.1408],[95.9756,17.141]],[[95.9928,17.1336],[95.9987,17.1415],[95.9917,17.1417],[95.9928,17.1336]],[[95.9667,17.1368],[95.9583,17.1288],[95.9635,17.125],[95.9667,17.1368]],[[95.9678,17.1003],[95.9737,17.1081],[95.9667,17.1083],[95.9678,17.1003]],[[95.8906,17.0997],[95.8842,17.0921],[95.8917,17.0917],[95.8906,17.0997]],[[95.9173,17.091],[95.925,17.0833],[95.9243,17.0911],[95.9173,17.091]],[[95.8846,17.077],[95.9,17.075],[95.9075,17.0693],[95.8959,17.0829],[95.8846,17.077]],[[95.9939,17.0821],[95.9902,17.068],[95.9989,17.082],[95.9939,17.0821]],[[95.97,17.075],[95.9545,17.0668],[95.975,17.0667],[95.97,17.075]],[[95.8651,17.0792],[95.8446,17.0692],[95.8796,17.0515],[95.8651,17.0792]],[[95.9673,17.0577],[95.975,17.05],[95.9746,17.0574],[95.9673,17.0577]],[[95.9845,17.0503],[95.9903,17.0581],[95.9833,17.0583],[95.9845,17.0503]],[[95.925,17.05],[95.9327,17.0423],[95.9328,17.0493],[95.925,17.05]],[[95.9672,17.039],[95.9746,17.0209],[95.972,17.0414],[95.9672,17.039]],[[95.9864,17.0312],[95.9979,17.0186],[95.9979,17.0395],[95.9864,17.0312]],[[95.9344,17.0247],[95.9417,17.0167],[95.9413,17.0241],[95.9344,17.0247]],[[95.9019,17.0309],[95.8772,17.0222],[95.8766,17.0112],[95.8975,17.02],[95.9019,17.0309]],[[95.6664,17.0156],[95.6588,17.0092],[95.6657,17.0087],[95.6664,17.0156]],[[95.7173,17.0077],[95.725,17.0],[95.7243,17.0078],[95.7173,17.0077]],[[95.8088,17.0009],[95.8164,17.0072],[95.8083,17.0083],[95.8088,17.0009]],[[95.7835,17.0014],[95.7914,17.0072],[95.7833,17.0083],[95.7835,17.0014]],[[95.6406,17.0164],[95.6347,17.0085],[95.6417,17.0083],[95.6406,17.0164]],[[95.6828,17.0187],[95.6993,17.049],[95.6971,17.064],[95.6697,17.0465],[95.6828,17.0187]],[[95.6002,17.0264],[95.6081,17.0322],[95.6,17.0333],[95.6002,17.0264]],[[95.5913,17.0397],[95.5836,17.0273],[95.5917,17.025],[95.5913,17.0397]],[[95.4752,17.0264],[95.4831,17.0322],[95.475,17.0333],[95.4752,17.0264]],[[95.4476,17.0311],[95.4418,17.0087],[95.4379,17.0015],[95.4489,17.012],[95.4476,17.0311]],[[95.4748,17.0153],[95.467,17.0094],[95.475,17.0083],[95.4748,17.0153]],[[95.51,17.0015],[95.531,17.0096],[95.5325,17.0141],[95.5207,17.0157],[95.51,17.0015]],[[94.982,17.0011],[94.9728,17.0154],[94.9678,17.0153],[94.982,17.0011]],[[94.9096,17.002],[94.925,17.0],[94.9325,16.9943],[94.9209,17.0079],[94.9096,17.002]],[[94.7723,17.0142],[94.7446,17.0138],[94.7427,17.0057],[94.7798,16.9868],[94.7723,17.0142]],[[94.498,16.9905],[94.4852,16.9758],[94.4988,16.9771],[94.498,16.9905]],[[94.6998,16.9835],[94.6925,16.9748],[94.7084,16.9758],[94.6998,16.9835]],[[94.9395,16.9722],[94.8939,16.9708],[94.9124,16.9606],[94.9395,16.9722]],[[94.9722,16.9797],[94.9444,16.9431],[94.8891,16.9342],[94.871,16.9644],[94.8644,16.9189],[94.8283,16.9284],[94.8205,16.9472],[94.8181,16.9292],[94.8528,16.9025],[94.9384,16.8965],[94.9382,16.8527],[94.9892,16.9029],[94.9779,16.9207],[94.9909,16.9778],[94.9722,16.9797]],[[94.7675,16.8551],[94.7781,16.8426],[94.7918,16.8503],[94.7846,16.8583],[94.7675,16.8551]],[[94.8028,16.8498],[94.8167,16.8417],[94.8165,16.8472],[94.8028,16.8498]],[[94.8415,16.8487],[94.8336,16.8428],[94.8417,16.8417],[94.8415,16.8487]],[[94.9595,16.8419],[94.9653,16.8498],[94.9583,16.85],[94.9595,16.8419]],[[94.9081,16.8653],[94.9003,16.8594],[94.9083,16.8583],[94.9081,16.8653]],[[94.8252,16.8847],[94.8331,16.8906],[94.825,16.8917],[94.8252,16.8847]],[[94.807,16.9062],[94.801,16.8943],[94.8142,16.8843],[94.807,16.9062]],[[94.7911,16.9069],[94.7845,16.8926],[94.7902,16.8922],[94.7911,16.9069]],[[94.6811,16.8929],[94.6849,16.907],[94.6761,16.893],[94.6811,16.8929]],[[94.8171,16.9009],[94.8245,16.9076],[94.8167,16.9083],[94.8171,16.9009]],[[94.6493,16.9245],[94.6426,16.9171],[94.65,16.9167],[94.6493,16.9245]],[[94.7377,16.9414],[94.7181,16.94],[94.718,16.9268],[94.7417,16.925],[94.7377,16.9414]],[[94.6746,16.9814],[94.6669,16.969],[94.675,16.9667],[94.6746,16.9814]],[[94.7167,16.9917],[94.7013,17.0071],[94.7011,16.9931],[94.7167,16.9917]],[[95.175,17.0083],[95.1673,17.016],[95.1672,17.009],[95.175,17.0083]],[[95.003,17.0173],[95.0063,17.0325],[95.0007,17.0302],[95.003,17.0173]],[[94.9243,17.0245],[94.9176,17.0171],[94.925,17.0167],[94.9243,17.0245]],[[94.9898,17.0262],[94.9765,17.0484],[94.9766,17.0265],[94.9898,17.0262]],[[95.2834,17.0466],[95.2917,17.0546],[95.2865,17.0584],[95.2834,17.0466]],[[95.1829,17.0658],[95.1755,17.059],[95.1833,17.0583],[95.1829,17.0658]],[[95.2649,17.0677],[95.2532,17.0745],[95.2507,17.0614],[95.2563,17.0592],[95.2649,17.0677]],[[95.1744,17.0756],[95.1667,17.0833],[95.1674,17.0755],[95.1744,17.0756]],[[95.0576,17.0828],[95.0509,17.0754],[95.0583,17.075],[95.0576,17.0828]],[[95.0831,17.0903],[95.0753,17.0844],[95.0833,17.0833],[95.0831,17.0903]],[[95.3601,17.0853],[95.3559,17.1063],[95.3437,17.1066],[95.3601,17.0853]],[[95.3083,17.1083],[95.316,17.1006],[95.3158,17.1079],[95.3083,17.1083]],[[95.225,17.1167],[95.2182,17.1149],[95.219,17.101],[95.225,17.1167]],[[95.2841,17.1172],[95.2908,17.1246],[95.2833,17.125],[95.2841,17.1172]],[[95.2579,17.1324],[95.2505,17.1257],[95.2583,17.125],[95.2579,17.1324]],[[95.3257,17.1255],[95.3324,17.1329],[95.325,17.1333],[95.3257,17.1255]],[[95.3085,17.118],[95.3164,17.1239],[95.3083,17.125],[95.3085,17.118]],[[95.2561,17.1164],[95.2443,17.1085],[95.2583,17.1083],[95.2561,17.1164]],[[95.2083,17.0917],[95.2236,17.084],[95.2246,17.09],[95.2083,17.0917]],[[95.3421,17.0759],[95.3497,17.0822],[95.3417,17.0833],[95.3421,17.0759]],[[95.2845,17.0824],[95.2907,17.0676],[95.2907,17.0824],[95.2845,17.0824]],[[95.3421,17.0592],[95.3495,17.066],[95.3417,17.0667],[95.3421,17.0592]],[[95.6043,17.043],[95.63,17.0509],[95.6649,17.1037],[95.6459,17.173],[95.6286,17.1623],[95.6399,17.1624],[95.6567,17.1037],[95.6043,17.043]],[[95.6,17.075],[95.5875,17.1059],[95.5701,17.0892],[95.5698,17.0691],[95.6,17.075]],[[95.4246,17.0824],[95.4172,17.0757],[95.425,17.075],[95.4246,17.0824]],[[95.4998,17.0903],[95.492,17.0844],[95.5,17.0833],[95.4998,17.0903]],[[95.5096,17.0818],[95.5238,17.0856],[95.5236,17.0906],[95.5096,17.0818]],[[95.6234,17.0849],[95.6153,17.0983],[95.6104,17.0978],[95.6101,17.0764],[95.6234,17.0849]],[[95.6252,17.1097],[95.6331,17.1156],[95.625,17.1167],[95.6252,17.1097]],[[95.5079,17.1158],[95.5003,17.1094],[95.5083,17.1083],[95.5079,17.1158]],[[95.5649,17.1177],[95.553,17.1244],[95.5507,17.1114],[95.5563,17.1092],[95.5649,17.1177]],[[95.4998,17.139],[95.4919,17.1274],[95.5,17.125],[95.4998,17.139]],[[95.5657,17.1337],[95.5583,17.1417],[95.5588,17.1342],[95.5657,17.1337]],[[95.6214,17.1257],[95.6325,17.1362],[95.6305,17.1492],[95.6167,17.1417],[95.6214,17.1257]],[[95.601,17.133],[95.6083,17.125],[95.6079,17.1324],[95.601,17.133]],[[95.6083,17.1083],[95.6006,17.116],[95.6005,17.109],[95.6083,17.1083]],[[95.5398,17.1508],[95.535,17.1656],[95.5262,17.1521],[95.5398,17.1508]],[[95.5079,17.1647],[95.5003,17.1523],[95.5083,17.15],[95.5079,17.1647]],[[95.4822,17.1664],[95.4764,17.1585],[95.4833,17.1583],[95.4822,17.1664]],[[95.5924,17.1672],[95.5991,17.1746],[95.5917,17.175],[95.5924,17.1672]],[[95.5689,17.1699],[95.5978,17.2134],[95.5804,17.2016],[95.5614,17.2224],[95.5689,17.1699]],[[95.5246,17.1824],[95.5172,17.1757],[95.525,17.175],[95.5246,17.1824]],[[95.5415,17.182],[95.5354,17.215],[95.5377,17.1768],[95.5415,17.182]],[[95.5213,17.2239],[95.5026,17.2071],[95.502,17.2017],[95.5142,17.202],[95.5213,17.2239]],[[95.6229,17.2083],[95.6027,17.2712],[95.6216,17.2825],[95.5861,17.2974],[95.5905,17.2584],[95.5561,17.3133],[95.5373,17.2922],[95.5391,17.3132],[95.5191,17.3132],[95.526,17.2782],[95.5653,17.2713],[95.5459,17.2415],[95.5865,17.2263],[95.5681,17.2531],[95.5967,17.2555],[95.6229,17.2083]],[[95.5094,17.258],[95.5167,17.25],[95.5163,17.2574],[95.5094,17.258]],[[95.4844,17.2747],[95.4917,17.2667],[95.4913,17.2741],[95.4844,17.2747]],[[95.6192,17.304],[95.6477,17.2919],[95.6552,17.315],[95.6969,17.3103],[95.7049,17.3664],[95.6533,17.3473],[95.689,17.3471],[95.6744,17.3204],[95.6611,17.3291],[95.6192,17.304]],[[95.586,17.3205],[95.6551,17.3695],[95.6496,17.3799],[95.586,17.3205]],[[95.5256,17.3402],[95.5322,17.3259],[95.5316,17.3413],[95.5256,17.3402]],[[95.5844,17.358],[95.5917,17.35],[95.5913,17.3574],[95.5844,17.358]],[[95.5641,17.3703],[95.5599,17.4142],[95.5516,17.4047],[95.5475,17.3673],[95.5641,17.3703]],[[95.5163,17.3814],[95.5086,17.369],[95.5167,17.3667],[95.5163,17.3814]],[[95.5323,17.3754],[95.525,17.3833],[95.5254,17.3759],[95.5323,17.3754]],[[95.5321,17.3978],[95.518,17.4015],[95.532,17.3928],[95.5321,17.3978]],[[95.6004,17.4009],[95.6078,17.4076],[95.6,17.4083],[95.6004,17.4009]],[[95.7375,17.3887],[95.7298,17.3611],[95.7642,17.3801],[95.7375,17.3887]],[[95.8029,17.3508],[95.8075,17.3638],[95.7943,17.3741],[95.8,17.3667],[95.8029,17.3508]],[[95.8174,17.3513],[95.8245,17.3651],[95.8167,17.3667],[95.8174,17.3513]],[[95.7669,17.343],[95.7747,17.3489],[95.7667,17.35],[95.7669,17.343]],[[95.7921,17.3342],[95.7995,17.341],[95.7917,17.3417],[95.7921,17.3342]],[[95.7981,17.3186],[95.803,17.2871],[95.8302,17.2941],[95.8009,17.3082],[95.8307,17.3389],[95.7981,17.3186]],[[95.8667,17.3216],[95.875,17.3296],[95.8699,17.3334],[95.8667,17.3216]],[[95.851,17.3247],[95.8583,17.3167],[95.8579,17.3241],[95.851,17.3247]],[[95.8284,17.3148],[95.8567,17.286],[95.8727,17.3047],[95.8535,17.2946],[95.8392,17.3143],[95.8284,17.3148]],[[95.8878,17.3057],[95.8466,17.2344],[95.8276,17.2296],[95.8301,17.2013],[95.8333,17.2167],[95.8649,17.2196],[95.8804,17.2401],[95.9126,17.227],[95.9332,17.2632],[95.9052,17.2884],[95.8785,17.2772],[95.8878,17.3057]],[[95.9,17.2083],[95.9158,17.1943],[95.9144,17.2156],[95.9,17.2083]],[[95.8784,17.1868],[95.8667,17.2074],[95.8583,17.175],[95.811,17.1888],[95.8533,17.1529],[95.8734,17.1792],[95.8737,17.1474],[95.8528,17.1196],[95.8819,17.1389],[95.8893,17.1964],[95.8784,17.1868]],[[95.8174,17.1284],[95.8358,17.118],[95.8414,17.122],[95.8357,17.1331],[95.8174,17.1284]],[[95.8065,17.1379],[95.7692,17.1369],[95.8055,17.1038],[95.8065,17.1379]],[[95.8504,17.1073],[95.8583,17.1],[95.8572,17.1081],[95.8504,17.1073]],[[95.8203,17.1072],[95.825,17.0917],[95.831,17.0765],[95.8203,17.1072]],[[95.7572,17.0831],[95.7509,17.0754],[95.7583,17.075],[95.7572,17.0831]],[[95.6663,17.076],[95.6583,17.0833],[95.6595,17.0753],[95.6663,17.076]],[[95.7292,17.0765],[95.7301,17.1059],[95.7194,17.114],[95.7292,17.0765]],[[95.6833,17.1],[95.691,17.0923],[95.6911,17.0993],[95.6833,17.1]],[[95.7073,17.1004],[95.7,17.1083],[95.7004,17.1009],[95.7073,17.1004]],[[95.7749,17.0962],[95.7588,17.0948],[95.775,17.0833],[95.7749,17.0962]],[[95.6822,17.1324],[95.6756,17.1181],[95.6816,17.117],[95.6822,17.1324]],[[95.7407,17.1337],[95.7333,17.1417],[95.7338,17.1342],[95.7407,17.1337]],[[95.7151,17.1495],[95.7013,17.1424],[95.7167,17.1417],[95.7151,17.1495]],[[95.7833,17.1667],[95.8057,17.1589],[95.8081,17.1637],[95.7833,17.1667]],[[95.7427,17.1663],[95.75,17.1583],[95.7496,17.1658],[95.7427,17.1663]],[[95.7,17.1713],[95.6917,17.1632],[95.6964,17.1583],[95.7,17.1713]],[[95.6728,17.1596],[95.6765,17.1737],[95.6678,17.1597],[95.6728,17.1596]],[[95.7328,17.1681],[95.7262,17.1824],[95.7268,17.167],[95.7328,17.1681]],[[95.691,17.184],[95.6833,17.1917],[95.6841,17.1839],[95.691,17.184]],[[95.62,17.1989],[95.6268,17.1849],[95.6406,17.1855],[95.6394,17.1904],[95.62,17.1989]],[[95.6667,17.1917],[95.6514,17.1994],[95.6504,17.1933],[95.6667,17.1917]],[[95.7474,17.1853],[95.748,17.2065],[95.727,17.2065],[95.7269,17.194],[95.7474,17.1853]],[[95.7115,17.2013],[95.7329,17.2584],[95.7363,17.2195],[95.7723,17.2282],[95.7358,17.2444],[95.7375,17.3226],[95.712,17.3144],[95.7234,17.2997],[95.7132,17.2852],[95.678,17.2972],[95.6987,17.2698],[95.686,17.2454],[95.699,17.2416],[95.6779,17.2198],[95.7115,17.2013]],[[95.6556,17.248],[95.6427,17.223],[95.6503,17.2169],[95.6556,17.248]],[[95.6417,17.275],[95.657,17.2673],[95.658,17.2733],[95.6417,17.275]],[[95.674,17.2754],[95.6667,17.2833],[95.6671,17.2759],[95.674,17.2754]],[[95.7553,17.319],[95.7441,17.3485],[95.7273,17.3469],[95.7553,17.319]],[[95.7177,17.333],[95.725,17.325],[95.7246,17.3324],[95.7177,17.333]],[[95.7674,17.318],[95.7745,17.3318],[95.7667,17.3333],[95.7674,17.318]],[[95.7581,17.307],[95.7503,17.3011],[95.7583,17.3],[95.7581,17.307]],[[95.7673,17.2994],[95.775,17.2917],[95.7743,17.2995],[95.7673,17.2994]],[[95.784,17.291],[95.7917,17.2833],[95.791,17.2911],[95.784,17.291]],[[95.7427,17.2744],[95.7635,17.2632],[95.7545,17.2433],[95.8154,17.2293],[95.8139,17.2487],[95.7833,17.25],[95.7703,17.282],[95.7427,17.2744]],[[95.7967,17.2667],[95.8122,17.2749],[95.7917,17.275],[95.7967,17.2667]],[[95.8421,17.2592],[95.8495,17.266],[95.8417,17.2667],[95.8421,17.2592]],[[95.8263,17.2522],[95.8406,17.243],[95.8264,17.2572],[95.8263,17.2522]],[[95.8088,17.2092],[95.8161,17.216],[95.8083,17.2167],[95.8088,17.2092]],[[95.7667,17.207],[95.7789,17.1926],[95.7981,17.1945],[95.7869,17.2158],[95.7667,17.207]],[[95.7594,17.1913],[95.7667,17.1833],[95.7663,17.1908],[95.7594,17.1913]],[[95.7921,17.1759],[95.7995,17.1826],[95.7917,17.1833],[95.7921,17.1759]],[[95.775,17.3667],[95.7827,17.359],[95.7828,17.366],[95.775,17.3667]],[[95.7489,17.3664],[95.743,17.3585],[95.75,17.3583],[95.7489,17.3664]],[[95.5513,17.1606],[95.5654,17.1568],[95.5514,17.1656],[95.5513,17.1606]],[[95.6007,17.1505],[95.6074,17.1579],[95.6,17.1583],[95.6007,17.1505]],[[95.7504,17.0592],[95.7578,17.066],[95.75,17.0667],[95.7504,17.0592]],[[95.5345,17.0574],[95.5407,17.0426],[95.5407,17.0574],[95.5345,17.0574]],[[95.4227,17.0498],[95.4103,17.0421],[95.425,17.0417],[95.4227,17.0498]],[[95.3677,17.0413],[95.375,17.0333],[95.3746,17.0408],[95.3677,17.0413]],[[95.2917,17.0333],[95.3056,17.0102],[95.3231,17.0218],[95.2917,17.0333]],[[95.2835,17.0097],[95.2914,17.0156],[95.2833,17.0167],[95.2835,17.0097]],[[95.2153,17.0233],[95.2017,17.0098],[95.2234,17.0099],[95.2153,17.0233]],[[95.2746,17.0408],[95.2672,17.034],[95.275,17.0333],[95.2746,17.0408]],[[95.066,17.0423],[95.0583,17.05],[95.0591,17.0422],[95.066,17.0423]],[[95.3079,17.0574],[95.3005,17.0507],[95.3083,17.05],[95.3079,17.0574]],[[95.4674,17.0505],[95.4741,17.0579],[95.4667,17.0583],[95.4674,17.0505]],[[95.5157,17.0504],[95.5083,17.0583],[95.5088,17.0509],[95.5157,17.0504]],[[95.7206,17.026],[95.7243,17.0457],[95.7113,17.0571],[95.7167,17.05],[95.7206,17.026]],[[95.9167,17.05],[95.909,17.0577],[95.9089,17.0507],[95.9167,17.05]],[[95.8417,17.05],[95.857,17.0423],[95.858,17.0483],[95.8417,17.05]],[[95.898,17.0452],[95.8614,17.0273],[95.8879,17.0349],[95.898,17.0452]],[[95.742,17.0381],[95.7514,17.0264],[95.7571,17.0271],[95.7563,17.0404],[95.742,17.0381]],[[95.7998,17.0487],[95.792,17.0428],[95.8,17.0417],[95.7998,17.0487]],[[95.8095,17.0419],[95.8153,17.0498],[95.8083,17.05],[95.8095,17.0419]],[[95.7073,17.017],[95.7,17.025],[95.7004,17.0176],[95.7073,17.017]],[[95.9744,17.3006],[95.9667,17.3083],[95.9674,17.3005],[95.9744,17.3006]],[[95.7329,17.4074],[95.7255,17.4007],[95.7333,17.4],[95.7329,17.4074]],[[95.744,17.4034],[95.7489,17.4288],[95.7446,17.4314],[95.744,17.4034]],[[95.7679,17.4106],[95.782,17.4068],[95.7681,17.4156],[95.7679,17.4106]],[[95.726,17.4413],[95.7333,17.4333],[95.7329,17.4408],[95.726,17.4413]],[[95.7058,17.4568],[95.6936,17.444],[95.7154,17.4445],[95.7058,17.4568]],[[95.7256,17.4818],[95.7436,17.454],[95.7477,17.4532],[95.756,17.4971],[95.7381,17.5152],[95.7256,17.4818]],[[95.676,17.483],[95.6833,17.475],[95.6829,17.4824],[95.676,17.483]],[[95.6927,17.4997],[95.7,17.4917],[95.6996,17.4991],[95.6927,17.4997]],[[95.7273,17.5355],[95.7548,17.5313],[95.7191,17.546],[95.7273,17.5355]],[[95.8095,17.5419],[95.8158,17.5496],[95.8083,17.55],[95.8095,17.5419]],[[96.309,17.5327],[96.3167,17.525],[96.3163,17.5324],[96.309,17.5327]],[[95.7927,17.533],[95.8,17.525],[95.7996,17.5324],[95.7927,17.533]],[[95.6079,17.5574],[95.6005,17.5507],[95.6083,17.55],[95.6079,17.5574]],[[95.7344,17.583],[95.7417,17.575],[95.7413,17.5824],[95.7344,17.583]],[[95.5913,17.5824],[95.5836,17.5761],[95.5917,17.575],[95.5913,17.5824]],[[95.725,17.6],[95.7173,17.6077],[95.7172,17.6007],[95.725,17.6]],[[95.6163,17.6536],[95.6086,17.6313],[95.6163,17.6249],[95.6163,17.6536]],[[95.6323,17.6337],[95.625,17.6417],[95.6254,17.6342],[95.6323,17.6337]],[[95.651,17.6663],[95.6583,17.6583],[95.6579,17.6658],[95.651,17.6663]],[[95.676,17.3997],[95.6833,17.3917],[95.6829,17.3991],[95.676,17.3997]],[[95.6094,17.433],[95.6167,17.425],[95.6163,17.4324],[95.6094,17.433]],[[95.5663,17.4408],[95.5589,17.434],[95.5667,17.4333],[95.5663,17.4408]],[[95.5329,17.4491],[95.5255,17.4424],[95.5333,17.4417],[95.5329,17.4491]],[[95.5748,17.457],[95.567,17.4511],[95.575,17.45],[95.5748,17.457]],[[95.5579,17.4658],[95.5505,17.459],[95.5583,17.4583],[95.5579,17.4658]],[[95.5079,17.4741],[95.5005,17.4674],[95.5083,17.4667],[95.5079,17.4741]],[[95.5333,17.475],[95.5179,17.4904],[95.5178,17.4764],[95.5333,17.475]],[[95.5097,17.5149],[95.5195,17.5009],[95.5323,17.5023],[95.5313,17.507],[95.5097,17.5149]],[[95.2895,17.1346],[95.2932,17.1487],[95.2845,17.1347],[95.2895,17.1346]],[[95.2844,17.1663],[95.2917,17.1583],[95.2913,17.1658],[95.2844,17.1663]],[[95.2691,17.1904],[95.273,17.1758],[95.3168,17.1755],[95.2691,17.1904]],[[95.2906,17.2081],[95.2847,17.2002],[95.2917,17.2],[95.2906,17.2081]],[[95.3244,17.2107],[95.3179,17.2321],[95.3194,17.2087],[95.3244,17.2107]],[[95.2977,17.2248],[95.286,17.2169],[95.3,17.2167],[95.2977,17.2248]],[[95.2663,17.2481],[95.2586,17.2357],[95.2667,17.2333],[95.2663,17.2481]],[[95.3055,17.2439],[95.3163,17.2572],[95.3104,17.2741],[95.2832,17.2504],[95.3055,17.2439]],[[95.34,17.2765],[95.3257,17.2916],[95.3174,17.2884],[95.34,17.2765]],[[95.276,17.3163],[95.2833,17.3083],[95.2829,17.3158],[95.276,17.3163]],[[95.376,17.333],[95.3833,17.325],[95.3829,17.3324],[95.376,17.333]],[[95.3329,17.3408],[95.3255,17.334],[95.3333,17.3333],[95.3329,17.3408]],[[95.3112,17.3993],[95.3167,17.375],[95.3238,17.3978],[95.3112,17.3993]],[[95.3339,17.4402],[95.3405,17.4259],[95.3399,17.4413],[95.3339,17.4402]],[[95.3744,17.459],[95.3667,17.4667],[95.3671,17.4592],[95.3744,17.459]],[[95.3489,17.4664],[95.343,17.4585],[95.35,17.4583],[95.3489,17.4664]],[[95.3857,17.4635],[95.4054,17.4613],[95.4052,17.4894],[95.3857,17.4635]],[[95.366,17.4828],[95.3592,17.4754],[95.3667,17.475],[95.366,17.4828]],[[95.3915,17.4903],[95.3836,17.4844],[95.3917,17.4833],[95.3915,17.4903]],[[95.3744,17.4923],[95.3667,17.5],[95.3674,17.4922],[95.3744,17.4923]],[[95.3413,17.4991],[95.3336,17.4928],[95.3417,17.4917],[95.3413,17.4991]],[[95.3578,17.4931],[95.3512,17.5074],[95.3518,17.492],[95.3578,17.4931]],[[95.3496,17.5241],[95.3422,17.5174],[95.35,17.5167],[95.3496,17.5241]],[[95.3895,17.5179],[95.3986,17.5322],[95.3845,17.518],[95.3895,17.5179]],[[95.0665,17.1223],[95.0586,17.1106],[95.0667,17.1083],[95.0665,17.1223]],[[95.101,17.2497],[95.1083,17.2417],[95.1079,17.2491],[95.101,17.2497]],[[95.0901,17.2578],[95.0763,17.2507],[95.0917,17.25],[95.0901,17.2578]],[[95.125,17.3167],[95.1092,17.3307],[95.1113,17.3091],[95.125,17.3167]],[[95.1662,17.3474],[95.1507,17.344],[95.1667,17.3333],[95.1662,17.3474]],[[95.1333,17.3417],[95.126,17.3561],[95.1181,17.3434],[95.1333,17.3417]],[[95.1083,17.3667],[95.0848,17.3827],[95.0765,17.3793],[95.1083,17.3667]],[[94.4993,17.0661],[94.4926,17.0587],[94.5,17.0583],[94.4993,17.0661]],[[94.5165,17.0737],[94.5086,17.0678],[94.5167,17.0667],[94.5165,17.0737]],[[94.7831,17.082],[94.7753,17.0761],[94.7833,17.075],[94.7831,17.082]],[[94.9487,17.0897],[94.9333,17.0917],[94.9259,17.0974],[94.9375,17.0838],[94.9487,17.0897]],[[94.7579,17.1064],[94.7503,17.094],[94.7583,17.0917],[94.7579,17.1064]],[[94.874,17.1004],[94.8667,17.1083],[94.8671,17.1009],[94.874,17.1004]],[[94.9498,17.1153],[94.942,17.1094],[94.95,17.1083],[94.9498,17.1153]],[[94.7746,17.1241],[94.7672,17.1174],[94.775,17.1167],[94.7746,17.1241]],[[94.8335,17.0764],[94.8414,17.0822],[94.8333,17.0833],[94.8335,17.0764]],[[94.9335,17.1347],[94.9414,17.1406],[94.9333,17.1417],[94.9335,17.1347]],[[94.8493,17.1411],[94.8426,17.1337],[94.85,17.1333],[94.8493,17.1411]],[[94.9165,17.1487],[94.9086,17.1428],[94.9167,17.1417],[94.9165,17.1487]],[[94.8731,17.1609],[94.8685,17.1734],[94.8598,17.1517],[94.8731,17.1609]],[[94.8088,17.1722],[94.818,17.1597],[94.8238,17.1604],[94.823,17.1738],[94.8088,17.1722]],[[94.892,17.1618],[94.9156,17.1821],[94.9229,17.213],[94.9132,17.2236],[94.885,17.2047],[94.892,17.1618]],[[94.8677,17.1997],[94.875,17.1917],[94.8746,17.1991],[94.8677,17.1997]],[[94.8417,17.2268],[94.8333,17.2146],[94.8378,17.2085],[94.8417,17.2268]],[[94.965,17.2197],[94.9891,17.2196],[94.9814,17.2384],[94.9698,17.2315],[94.965,17.2197]],[[94.9641,17.2508],[94.9448,17.2572],[94.9432,17.2355],[94.9583,17.2417],[94.9641,17.2508]],[[94.6499,17.2546],[94.6417,17.2454],[94.6468,17.2416],[94.6499,17.2546]],[[94.5996,17.2658],[94.5922,17.259],[94.6,17.2583],[94.5996,17.2658]],[[94.8762,17.2592],[94.8824,17.2741],[94.8762,17.2741],[94.8762,17.2592]],[[94.9407,17.267],[94.9333,17.275],[94.9338,17.2676],[94.9407,17.267]],[[94.975,17.2649],[94.9833,17.2782],[94.9789,17.2832],[94.975,17.2649]],[[94.9189,17.2654],[94.9097,17.2511],[94.9239,17.2653],[94.9189,17.2654]],[[94.9656,17.1925],[94.9583,17.2083],[94.9595,17.1924],[94.9656,17.1925]],[[94.9761,17.1919],[94.982,17.1998],[94.975,17.2],[94.9761,17.1919]],[[94.9428,17.1753],[94.9487,17.1831],[94.9417,17.1833],[94.9428,17.1753]],[[94.9507,17.1589],[94.9578,17.166],[94.95,17.1667],[94.9507,17.1589]],[[94.65,17.2833],[94.6271,17.2987],[94.6258,17.2861],[94.65,17.2833]],[[94.8907,17.2837],[94.8833,17.2917],[94.8838,17.2842],[94.8907,17.2837]],[[94.6079,17.3074],[94.6003,17.3011],[94.6083,17.3],[94.6079,17.3074]],[[94.8911,17.3015],[94.8845,17.3158],[94.8851,17.3004],[94.8911,17.3015]],[[94.9165,17.3053],[94.9095,17.3312],[94.9125,17.301],[94.9165,17.3053]],[[94.9323,17.317],[94.925,17.325],[94.9254,17.3176],[94.9323,17.317]],[[94.9232,17.362],[94.9119,17.3654],[94.9022,17.3518],[94.9129,17.3436],[94.9232,17.362]],[[94.9496,17.4074],[94.9422,17.4007],[94.95,17.4],[94.9496,17.4074]],[[94.9905,17.4114],[94.9749,17.4587],[94.9786,17.4731],[94.9608,17.438],[94.973,17.4211],[94.9523,17.4194],[94.9739,17.4005],[94.9905,17.4114]],[[94.6186,17.4902],[94.6227,17.5205],[94.6193,17.5479],[94.6011,17.5363],[94.6015,17.5038],[94.6127,17.4767],[94.6392,17.486],[94.6186,17.4902]],[[94.6823,17.5004],[94.675,17.5083],[94.6754,17.5009],[94.6823,17.5004]],[[94.9588,17.4926],[94.9661,17.4993],[94.9583,17.5],[94.9588,17.4926]],[[95.0327,17.6006],[95.025,17.6083],[95.0254,17.6009],[95.0327,17.6006]],[[95.0156,17.6081],[95.0097,17.6002],[95.0167,17.6],[95.0156,17.6081]],[[95.0421,17.602],[95.0498,17.6144],[95.0417,17.6167],[95.0421,17.602]],[[95.0344,17.633],[95.0417,17.625],[95.0413,17.6324],[95.0344,17.633]],[[95.0419,17.6597],[95.0497,17.6656],[95.0417,17.6667],[95.0419,17.6597]],[[94.5829,17.6731],[94.5753,17.6606],[94.5833,17.6583],[94.5829,17.6731]],[[94.6157,17.667],[94.6083,17.675],[94.6088,17.6676],[94.6157,17.667]],[[94.5751,17.7337],[94.5515,17.7391],[94.5619,17.7179],[94.5751,17.7337]],[[95.0903,17.7957],[95.07,17.7759],[95.1141,17.761],[95.0903,17.7957]],[[94.5583,17.7833],[94.5657,17.7754],[94.5664,17.7822],[94.5583,17.7833]],[[94.5489,17.7831],[94.543,17.7752],[94.55,17.775],[94.5489,17.7831]],[[95.176,17.8163],[95.1833,17.8083],[95.1829,17.8158],[95.176,17.8163]],[[94.8844,17.8497],[94.8917,17.8417],[94.8913,17.8491],[94.8844,17.8497]],[[94.8827,17.8733],[94.8756,17.8598],[94.8816,17.8587],[94.8827,17.8733]],[[94.891,17.8995],[94.8839,17.8924],[94.8917,17.8917],[94.891,17.8995]],[[95.1998,17.907],[95.192,17.9011],[95.2,17.9],[95.1998,17.907]],[[94.7247,17.9645],[94.7114,17.9974],[94.7246,17.9082],[94.7247,17.9645]],[[94.5329,17.9824],[94.5255,17.9757],[94.5333,17.975],[94.5329,17.9824]],[[94.646,17.9972],[94.6627,17.9858],[94.6808,17.9959],[94.6554,18.0479],[94.6262,18.0032],[94.6352,17.9793],[94.646,17.9972]],[[94.6094,18.0163],[94.6167,18.0083],[94.6163,18.0158],[94.6094,18.0163]],[[94.7617,18.0354],[94.7557,18.0963],[94.7024,18.1301],[94.7107,18.0701],[94.7297,18.0801],[94.7617,18.0354]],[[94.6726,18.1208],[94.6477,18.2144],[94.6038,18.2485],[94.6317,18.213],[94.6443,18.1027],[94.6623,18.0856],[94.6726,18.1208]],[[94.75,18.4417],[94.7822,18.3862],[94.7611,18.3698],[94.8107,18.3202],[94.8253,18.3321],[94.8386,18.3222],[94.8468,18.2945],[94.8272,18.2702],[94.8465,18.2803],[94.8741,18.2582],[94.8526,18.2546],[94.8359,18.2289],[94.8643,18.1794],[94.8417,18.1904],[94.82,18.1783],[94.8243,18.2179],[94.8067,18.2456],[94.7865,18.2448],[94.7858,18.2656],[94.7439,18.269],[94.7559,18.289],[94.7273,18.3208],[94.7058,18.4053],[94.705,18.3281],[94.669,18.3628],[94.6717,18.3808],[94.6607,18.3729],[94.6857,18.2867],[94.7206,18.2973],[94.7553,18.247],[94.7455,18.2277],[94.7097,18.218],[94.6861,18.239],[94.7109,18.1858],[94.7381,18.1606],[94.7285,18.1809],[94.7718,18.1964],[94.7822,18.1737],[94.7613,18.1562],[94.7618,18.1358],[94.7947,18.1399],[94.8044,18.1199],[94.8135,18.1295],[94.812,18.1023],[94.8468,18.1054],[94.8637,18.0716],[94.8279,18.0806],[94.829,18.0444],[94.8119,18.0733],[94.796,18.067],[94.8222,18.0293],[94.8016,18.0371],[94.8041,18.0028],[94.7675,18.0154],[94.8057,17.9683],[94.7627,17.9613],[94.7367,17.9974],[94.7339,17.9404],[94.804,17.936],[94.8194,17.9654],[94.8612,17.9093],[94.8572,17.9613],[94.8359,17.9875],[94.8781,17.969],[94.8963,17.977],[94.8692,17.9954],[94.8806,18.0143],[94.9053,18.0117],[94.9117,18.0302],[94.9318,18.0126],[94.9109,18.0542],[94.9187,18.0795],[94.9459,18.0527],[94.9532,18.0801],[94.9729,18.0797],[94.9628,18.0978],[94.9281,18.1032],[94.9213,18.122],[94.8849,18.1235],[94.9034,18.1465],[94.9642,18.1628],[94.9631,18.1809],[94.9277,18.1709],[94.9564,18.2132],[94.9055,18.2103],[94.9135,18.2299],[94.8947,18.2378],[94.9394,18.3048],[94.9113,18.2945],[94.904,18.3318],[94.862,18.3269],[94.8721,18.3469],[94.845,18.354],[94.8632,18.3615],[94.8517,18.3778],[94.8729,18.405],[94.8372,18.3779],[94.8015,18.4123],[94.8111,18.4304],[94.8658,18.4366],[94.8663,18.4631],[94.8458,18.4506],[94.8281,18.4634],[94.7946,18.4363],[94.7532,18.4705],[94.7625,18.4886],[94.7973,18.4864],[94.7678,18.5067],[94.7905,18.5487],[94.7766,18.574],[94.738,18.5434],[94.6943,18.5384],[94.7474,18.5221],[94.7288,18.4774],[94.6883,18.4977],[94.6774,18.4892],[94.75,18.4417]],[[94.7177,18.4497],[94.725,18.4417],[94.7246,18.4491],[94.7177,18.4497]],[[94.3669,18.468],[94.3747,18.4739],[94.3667,18.475],[94.3669,18.468]],[[94.3489,18.4747],[94.343,18.4669],[94.35,18.4667],[94.3489,18.4747]],[[94.3163,18.4824],[94.3089,18.4757],[94.3167,18.475],[94.3163,18.4824]],[[94.3246,18.5074],[94.317,18.5011],[94.325,18.5],[94.3246,18.5074]],[[94.3578,18.5015],[94.3512,18.5158],[94.3518,18.5004],[94.3578,18.5015]],[[94.3397,18.5304],[94.3198,18.5396],[94.3102,18.521],[94.325,18.5167],[94.3397,18.5304]],[[94.5599,18.5089],[94.5743,18.5155],[94.5583,18.5167],[94.5599,18.5089]],[[94.276,18.558],[94.2833,18.55],[94.2829,18.5574],[94.276,18.558]],[[94.7255,18.5722],[94.7347,18.5597],[94.7405,18.5604],[94.7396,18.5738],[94.7255,18.5722]],[[94.2746,18.5741],[94.2672,18.5674],[94.275,18.5667],[94.2746,18.5741]],[[94.6881,18.5689],[94.6874,18.6141],[94.7121,18.5785],[94.7326,18.5905],[94.7114,18.6211],[94.7147,18.6541],[94.611,18.6972],[94.6886,18.6379],[94.6441,18.6293],[94.6881,18.5689]],[[94.2826,18.5911],[94.2759,18.5837],[94.2833,18.5833],[94.2826,18.5911]],[[94.3331,18.5987],[94.3253,18.5928],[94.3333,18.5917],[94.3331,18.5987]],[[94.4581,18.607],[94.4503,18.6011],[94.4583,18.6],[94.4581,18.607]],[[94.3177,18.6247],[94.325,18.6167],[94.3246,18.6241],[94.3177,18.6247]],[[94.2734,18.6328],[94.2596,18.6257],[94.275,18.625],[94.2734,18.6328]],[[94.5988,18.6561],[94.5846,18.6598],[94.5986,18.6511],[94.5988,18.6561]],[[94.5521,18.6827],[94.5583,18.6667],[94.5659,18.6815],[94.5521,18.6827]],[[94.3163,18.6908],[94.3089,18.684],[94.3167,18.6833],[94.3163,18.6908]],[[95.117,18.5323],[95.125,18.525],[95.1239,18.5331],[95.117,18.5323]],[[95.0784,18.5314],[95.0945,18.51],[95.1064,18.5112],[95.0784,18.5314]],[[94.8094,18.5163],[94.8167,18.5083],[94.8163,18.5158],[94.8094,18.5163]],[[95.2268,18.3415],[95.2231,18.357],[95.2099,18.3567],[95.2096,18.3435],[95.2268,18.3415]],[[94.95,18.2667],[94.9347,18.2743],[94.9337,18.2683],[94.95,18.2667]],[[94.9415,18.232],[94.9336,18.2261],[94.9417,18.225],[94.9415,18.232]],[[95.3331,18.0653],[95.3253,18.0594],[95.3333,18.0583],[95.3331,18.0653]],[[95.4481,17.9717],[95.4108,17.9275],[95.4284,17.8943],[95.4454,17.8928],[95.4177,17.9335],[95.447,17.9515],[95.4481,17.9717]],[[95.4085,17.8847],[95.4164,17.8906],[95.4083,17.8917],[95.4085,17.8847]],[[95.4333,17.8833],[95.4373,17.859],[95.4487,17.8722],[95.4333,17.8833]],[[95.3691,17.9475],[95.3523,17.9379],[95.3455,17.9279],[95.3731,17.9286],[95.3691,17.9475]],[[94.9413,17.9408],[94.9339,17.934],[94.9417,17.9333],[94.9413,17.9408]],[[95.4,17.9333],[95.3847,17.941],[95.3837,17.935],[95.4,17.9333]],[[95.349,17.96],[95.3341,17.9647],[95.3354,17.9512],[95.349,17.96]],[[95.3921,17.9592],[95.3997,17.9656],[95.3917,17.9667],[95.3921,17.9592]],[[95.3669,17.9597],[95.3747,17.9656],[95.3667,17.9667],[95.3669,17.9597]],[[95.2417,17.9083],[95.234,17.916],[95.2339,17.909],[95.2417,17.9083]],[[94.7143,18.0306],[94.7035,18.0189],[94.7311,18.0104],[94.7143,18.0306]],[[94.4752,18.2514],[94.4831,18.2572],[94.475,18.2583],[94.4752,18.2514]],[[94.4644,18.2581],[94.4527,18.2502],[94.4667,18.25],[94.4644,18.2581]],[[94.401,18.2747],[94.4083,18.2667],[94.4079,18.2741],[94.401,18.2747]],[[94.6083,18.2833],[94.5863,18.3308],[94.5847,18.2955],[94.6083,18.2833]],[[94.6323,18.3087],[94.625,18.3167],[94.6254,18.3092],[94.6323,18.3087]],[[94.3993,18.3828],[94.3922,18.3757],[94.4,18.375],[94.3993,18.3828]],[[94.7823,18.3337],[94.775,18.3417],[94.7754,18.3342],[94.7823,18.3337]],[[94.6094,18.433],[94.6167,18.425],[94.6163,18.4324],[94.6094,18.433]],[[96.7663,18.6408],[96.7589,18.634],[96.7667,18.6333],[96.7663,18.6408]],[[95.1927,18.7497],[95.2,18.7417],[95.1996,18.7491],[95.1927,18.7497]],[[94.8099,18.8937],[94.819,18.8771],[94.825,18.875],[94.8231,18.8987],[94.8099,18.8937]],[[94.3413,18.7074],[94.3339,18.7007],[94.3417,18.7],[94.3413,18.7074]],[[94.5415,18.7153],[94.5336,18.7094],[94.5417,18.7083],[94.5415,18.7153]],[[94.541,18.8245],[94.5339,18.8174],[94.5417,18.8167],[94.541,18.8245]],[[94.5083,18.825],[94.502,18.8474],[94.4772,18.8282],[94.5083,18.825]],[[94.5323,18.8337],[94.525,18.8417],[94.5254,18.8342],[94.5323,18.8337]],[[94.3144,18.8664],[94.3027,18.8585],[94.3167,18.8583],[94.3144,18.8664]],[[94.4677,18.8997],[94.475,18.8917],[94.4746,18.8991],[94.4677,18.8997]],[[94.2079,18.9074],[94.2005,18.9007],[94.2083,18.9],[94.2079,18.9074]],[[94.4988,18.9456],[94.4692,18.9441],[94.4963,18.9266],[94.4988,18.9456]],[[94.464,18.9821],[94.4624,18.9985],[94.4361,19.0056],[94.4448,18.9705],[94.464,18.9821]],[[94.3095,18.9908],[94.3157,18.9759],[94.3157,18.9908],[94.3095,18.9908]],[[94.2645,18.9763],[94.2682,18.9904],[94.2595,18.9764],[94.2645,18.9763]],[[94.2845,18.9836],[94.2903,18.9915],[94.2833,18.9917],[94.2845,18.9836]],[[94.4243,19.0078],[94.4172,19.0007],[94.425,19.0],[94.4243,19.0078]],[[94.3677,19.0497],[94.375,19.0417],[94.3746,19.0491],[94.3677,19.0497]],[[94.3669,19.0911],[94.35,19.0917],[94.3346,19.1042],[94.3614,19.069],[94.3669,19.0911]],[[94.2227,19.099],[94.2026,19.0905],[94.201,19.0857],[94.2132,19.0846],[94.2227,19.099]],[[94.4106,19.1003],[94.4223,19.1081],[94.4083,19.1083],[94.4106,19.1003]],[[94.4073,19.0837],[94.4,19.0917],[94.4004,19.0842],[94.4073,19.0837]],[[94.3832,19.1379],[94.375,19.1288],[94.3802,19.125],[94.3832,19.1379]],[[94.1822,19.1414],[94.1764,19.1335],[94.1833,19.1333],[94.1822,19.1414]],[[94.4013,19.1391],[94.416,19.1465],[94.4141,19.1575],[94.4013,19.1391]],[[94.1677,19.1747],[94.175,19.1667],[94.1746,19.1741],[94.1677,19.1747]],[[94.3413,19.2074],[94.3339,19.2007],[94.3417,19.2],[94.3413,19.2074]],[[94.2153,19.2094],[94.2061,19.2237],[94.2011,19.2236],[94.2153,19.2094]],[[94.2246,19.2824],[94.2172,19.2757],[94.225,19.275],[94.2246,19.2824]],[[94.2835,19.3014],[94.2914,19.3072],[94.2833,19.3083],[94.2835,19.3014]],[[94.2239,19.3081],[94.218,19.3002],[94.225,19.3],[94.2239,19.3081]],[[94.4427,19.358],[94.45,19.35],[94.4496,19.3574],[94.4427,19.358]],[[94.3572,19.4831],[94.3509,19.4754],[94.3583,19.475],[94.3572,19.4831]],[[94.5687,16.8023],[94.5831,16.8347],[94.5785,16.8388],[94.5687,16.8023]],[[94.9407,16.8254],[94.9333,16.8333],[94.9338,16.8259],[94.9407,16.8254]],[[94.9272,16.7949],[94.9552,16.7872],[94.9645,16.8217],[94.9351,16.8128],[94.9272,16.7949]],[[94.9907,16.8087],[94.9833,16.8167],[94.9838,16.8092],[94.9907,16.8087]],[[94.9155,16.7947],[94.9014,16.7458],[94.9216,16.745],[94.9155,16.7947]],[[95.0,16.743],[95.0145,16.728],[95.0128,16.7568],[95.0,16.743]],[[94.9817,16.729],[94.9513,16.7117],[94.9679,16.7086],[94.9817,16.729]],[[94.526,16.7413],[94.5333,16.7333],[94.5329,16.7408],[94.526,16.7413]],[[94.5594,16.758],[94.5667,16.75],[94.5663,16.7574],[94.5594,16.758]],[[94.9305,16.6979],[94.9403,16.6597],[94.9281,16.6432],[94.9467,16.6275],[94.9514,16.6863],[94.9809,16.6969],[94.9305,16.6979]],[[94.9823,16.667],[94.975,16.675],[94.9754,16.6676],[94.9823,16.667]],[[94.5844,16.6747],[94.5917,16.6667],[94.5913,16.6741],[94.5844,16.6747]],[[94.5594,16.6913],[94.5667,16.6833],[94.5663,16.6908],[94.5594,16.6913]],[[94.5757,16.6172],[94.5824,16.6246],[94.575,16.625],[94.5757,16.6172]],[[94.4085,16.6097],[94.4164,16.6156],[94.4083,16.6167],[94.4085,16.6097]],[[94.5754,16.6009],[94.5828,16.6076],[94.575,16.6083],[94.5754,16.6009]],[[94.6312,16.5829],[94.6554,16.5625],[94.64,16.5426],[94.6807,16.5794],[94.6104,16.5915],[94.6026,16.57],[94.6312,16.5829]],[[94.6055,16.5092],[94.6166,16.5232],[94.6093,16.5335],[94.6001,16.528],[94.6055,16.5092]],[[94.6405,16.5109],[94.6333,16.5333],[94.6358,16.5092],[94.6405,16.5109]],[[94.3496,16.5158],[94.3422,16.509],[94.35,16.5083],[94.3496,16.5158]],[[94.6424,16.4589],[94.6491,16.4663],[94.6417,16.4667],[94.6424,16.4589]],[[94.5919,16.4514],[94.5997,16.4572],[94.5917,16.4583],[94.5919,16.4514]],[[94.5657,16.4254],[94.5583,16.4333],[94.5588,16.4259],[94.5657,16.4254]],[[94.5581,16.3903],[94.5503,16.3844],[94.5583,16.3833],[94.5581,16.3903]],[[94.6345,16.3836],[94.6403,16.3915],[94.6333,16.3917],[94.6345,16.3836]],[[94.449,16.342],[94.4417,16.35],[94.4421,16.3426],[94.449,16.342]],[[94.5573,16.3254],[94.55,16.3333],[94.5504,16.3259],[94.5573,16.3254]],[[94.4748,16.3153],[94.467,16.3094],[94.475,16.3083],[94.4748,16.3153]],[[94.5085,16.2961],[94.5166,16.3116],[94.5083,16.3167],[94.5085,16.2961]],[[94.4844,16.308],[94.4917,16.3],[94.4913,16.3074],[94.4844,16.308]],[[94.5323,16.267],[94.525,16.275],[94.5254,16.2676],[94.5323,16.267]],[[94.5081,16.257],[94.5003,16.2511],[94.5083,16.25],[94.5081,16.257]],[[94.5178,16.2503],[94.5237,16.2581],[94.5167,16.2583],[94.5178,16.2503]],[[94.4407,16.1837],[94.4333,16.1917],[94.4338,16.1842],[94.4407,16.1837]],[[94.249,16.1587],[94.2417,16.1667],[94.2421,16.1592],[94.249,16.1587]],[[94.3296,16.078],[94.3572,16.0878],[94.325,16.0847],[94.3296,16.078]],[[94.3221,16.0583],[94.3372,16.0665],[94.3167,16.0667],[94.3221,16.0583]],[[94.3073,16.0337],[94.3,16.0417],[94.3004,16.0342],[94.3073,16.0337]],[[94.7248,16.6237],[94.717,16.6178],[94.725,16.6167],[94.7248,16.6237]],[[94.8338,16.6176],[94.8414,16.6239],[94.8333,16.625],[94.8338,16.6176]],[[94.9427,16.597],[94.9573,16.5941],[94.9552,16.6155],[94.95,16.6167],[94.9427,16.597]],[[94.8833,16.5917],[94.8915,16.5778],[94.8889,16.5914],[94.8833,16.5917]],[[94.9574,16.5743],[94.9276,16.5445],[94.9536,16.5432],[94.9596,16.5633],[94.9823,16.5696],[94.9574,16.5743]],[[94.9754,16.5353],[94.9831,16.5476],[94.975,16.55],[94.9754,16.5353]],[[94.9138,16.5476],[94.894,16.5284],[94.9045,16.5104],[94.9138,16.5476]],[[94.925,16.5167],[94.9485,16.5188],[94.9476,16.5317],[94.925,16.5167]],[[94.9773,16.5169],[94.989,16.5248],[94.975,16.525],[94.9773,16.5169]],[[94.8113,16.525],[94.7961,16.5168],[94.8167,16.5167],[94.8113,16.525]],[[94.7167,16.5917],[94.7381,16.5837],[94.7414,16.5887],[94.7167,16.5917]],[[94.9333,16.5917],[94.9256,16.5994],[94.9255,16.5924],[94.9333,16.5917]],[[94.8077,16.6173],[94.8,16.625],[94.8004,16.6176],[94.8077,16.6173]],[[94.724,16.567],[94.7167,16.575],[94.7171,16.5676],[94.724,16.567]],[[94.8573,16.492],[94.85,16.5],[94.8504,16.4926],[94.8573,16.492]],[[94.799,16.4587],[94.7917,16.4667],[94.7921,16.4592],[94.799,16.4587]],[[94.8419,16.4443],[94.8498,16.4561],[94.8417,16.4583],[94.8419,16.4443]],[[94.9588,16.4342],[94.9661,16.441],[94.9583,16.4417],[94.9588,16.4342]],[[94.741,16.4411],[94.7342,16.4337],[94.7417,16.4333],[94.741,16.4411]],[[94.9557,16.4004],[94.9458,16.4166],[94.9423,16.4032],[94.9557,16.4004]],[[94.9667,16.4083],[94.9693,16.362],[94.9751,16.3588],[94.9907,16.3716],[94.9892,16.4057],[94.9667,16.4083]],[[94.9561,16.3664],[94.9443,16.3585],[94.9583,16.3583],[94.9561,16.3664]],[[94.7835,16.3514],[94.7914,16.3572],[94.7833,16.3583],[94.7835,16.3514]],[[94.8585,16.336],[94.8664,16.3477],[94.8583,16.35],[94.8585,16.336]],[[94.9169,16.3764],[94.9247,16.3822],[94.9167,16.3833],[94.9169,16.3764]],[[94.7989,16.3831],[94.793,16.3752],[94.8,16.375],[94.7989,16.3831]],[[94.7498,16.3237],[94.742,16.3178],[94.75,16.3167],[94.7498,16.3237]],[[94.8011,16.3169],[94.807,16.3248],[94.8,16.325],[94.8011,16.3169]],[[94.9667,16.3],[94.981,16.276],[94.9826,16.2972],[94.9667,16.3]],[[94.9089,16.2819],[94.9155,16.2676],[94.9149,16.283],[94.9089,16.2819]],[[94.9421,16.2592],[94.9495,16.266],[94.9417,16.2667],[94.9421,16.2592]],[[94.8778,16.2662],[94.8865,16.2507],[94.891,16.252],[94.8778,16.2662]],[[94.9253,16.246],[94.9412,16.247],[94.9288,16.2579],[94.9253,16.246]],[[94.8427,16.2497],[94.85,16.2417],[94.8496,16.2491],[94.8427,16.2497]],[[94.8303,16.2522],[94.8313,16.2825],[94.8107,16.2709],[94.8303,16.2522]],[[94.7344,16.2747],[94.7417,16.2667],[94.7413,16.2741],[94.7344,16.2747]],[[94.7163,16.2908],[94.7089,16.284],[94.7167,16.2833],[94.7163,16.2908]],[[94.7748,16.2987],[94.767,16.2928],[94.775,16.2917],[94.7748,16.2987]],[[94.9338,16.2926],[94.9414,16.2989],[94.9333,16.3],[94.9338,16.2926]],[[94.8669,16.293],[94.8747,16.2989],[94.8667,16.3],[94.8669,16.293]],[[94.874,16.2254],[94.8667,16.2333],[94.8671,16.2259],[94.874,16.2254]],[[94.8841,16.2089],[94.8908,16.2163],[94.8833,16.2167],[94.8841,16.2089]],[[94.7419,16.2014],[94.7497,16.2072],[94.7417,16.2083],[94.7419,16.2014]],[[94.7617,16.1725],[94.7532,16.1516],[94.7724,16.1806],[94.7617,16.1725]],[[94.7338,16.1019],[94.7414,16.1144],[94.7333,16.1167],[94.7338,16.1019]],[[94.6927,16.108],[94.7,16.1],[94.6996,16.1074],[94.6927,16.108]],[[94.699,16.0837],[94.6917,16.0917],[94.6921,16.0842],[94.699,16.0837]],[[94.6683,16.0566],[94.6524,16.0216],[94.6609,16.0108],[94.6726,16.0315],[94.6823,16.0178],[94.6976,16.0278],[94.6783,16.0458],[94.6973,16.0711],[94.6683,16.0566]],[[94.825,16.1667],[94.8177,16.1747],[94.817,16.1678],[94.825,16.1667]],[[94.8338,16.1603],[94.8414,16.1727],[94.8333,16.175],[94.8338,16.1603]],[[94.8189,16.1571],[94.8152,16.143],[94.8239,16.157],[94.8189,16.1571]],[[94.7917,16.125],[94.8074,16.1108],[94.806,16.1323],[94.7917,16.125]],[[94.7992,16.0734],[94.7951,16.0605],[94.8196,16.0805],[94.8305,16.0697],[94.8325,16.0856],[94.7992,16.0734]],[[94.7657,16.0298],[94.8034,16.0348],[94.8075,16.0446],[94.7724,16.048],[94.7619,16.0385],[94.7657,16.0298]],[[94.7683,16.0089],[94.7821,16.016],[94.7667,16.0167],[94.7683,16.0089]],[[94.774,15.9837],[94.7667,15.9917],[94.7671,15.9842],[94.774,15.9837]],[[94.7691,15.9669],[94.7807,15.9748],[94.7667,15.975],[94.7691,15.9669]],[[94.7257,15.9505],[94.7328,15.9576],[94.725,15.9583],[94.7257,15.9505]],[[94.6919,15.943],[94.6997,15.9489],[94.6917,15.95],[94.6919,15.943]],[[94.7157,15.917],[94.7083,15.925],[94.7088,15.9176],[94.7157,15.917]],[[94.6933,15.9005],[94.7076,15.9072],[94.6917,15.9083],[94.6933,15.9005]],[[94.7338,15.8926],[94.7411,15.8993],[94.7333,15.9],[94.7338,15.8926]],[[94.6579,15.8991],[94.6503,15.8928],[94.6583,15.8917],[94.6579,15.8991]],[[94.6739,15.8926],[94.6676,15.9074],[94.6676,15.8926],[94.6739,15.8926]],[[94.6907,15.8587],[94.6833,15.8667],[94.6838,15.8592],[94.6907,15.8587]],[[95.9049,16.9893],[95.8112,16.989],[95.7917,16.9583],[95.7687,16.961],[95.8043,16.9446],[95.8048,16.9641],[95.8182,16.9652],[95.8285,16.9355],[95.8445,16.9569],[95.8511,16.9281],[95.8778,16.9403],[95.8885,16.9194],[95.8895,16.9459],[95.8612,16.9628],[95.9128,16.9605],[95.9136,16.9719],[95.8845,16.9727],[95.9049,16.9893]],[[95.9281,16.9715],[95.9396,16.9614],[95.9389,16.9897],[95.9281,16.9715]],[[95.9521,16.9595],[95.9578,16.9806],[95.9522,16.9828],[95.9521,16.9595]],[[95.9328,16.9265],[95.9262,16.9408],[95.9268,16.9254],[95.9328,16.9265]],[[95.9752,16.911],[95.9831,16.9227],[95.975,16.925],[95.9752,16.911]],[[95.9063,16.9243],[95.9039,16.9015],[95.9273,16.8777],[95.9475,16.8943],[95.9292,16.9051],[95.9174,16.8953],[95.9063,16.9243]],[[95.9588,16.8926],[95.9661,16.8993],[95.9583,16.9],[95.9588,16.8926]],[[95.9625,16.881],[95.9668,16.8579],[95.9625,16.8273],[95.974,16.8499],[95.9625,16.881]],[[95.9823,16.867],[95.975,16.875],[95.9754,16.8676],[95.9823,16.867]],[[95.8876,16.828],[95.8769,16.8558],[95.8537,16.8136],[95.8614,16.7941],[95.8743,16.807],[95.8884,16.7949],[95.9227,16.8279],[95.8876,16.828]],[[95.9907,16.8197],[95.9514,16.7961],[95.9531,16.7775],[95.9583,16.8],[95.9815,16.8025],[95.9907,16.8197]],[[95.8917,16.7739],[95.9023,16.7596],[95.9142,16.7525],[95.9058,16.7721],[95.8917,16.7739]],[[95.952,16.7509],[95.9553,16.7661],[95.9424,16.7647],[95.952,16.7509]],[[95.9917,16.7466],[96.0,16.7546],[95.9949,16.7584],[95.9917,16.7466]],[[95.9752,16.743],[95.9831,16.7489],[95.975,16.75],[95.9752,16.743]],[[95.8833,16.7417],[95.8986,16.734],[95.8996,16.74],[95.8833,16.7417]],[[95.9088,16.7259],[95.9161,16.7326],[95.9083,16.7333],[95.9088,16.7259]],[[95.8163,16.7324],[95.8086,16.7261],[95.8167,16.725],[95.8163,16.7324]],[[95.7996,16.7408],[95.7922,16.734],[95.8,16.7333],[95.7996,16.7408]],[[95.6223,16.7409],[95.6011,16.7008],[95.594,16.724],[95.5695,16.7019],[95.5514,16.7136],[95.5343,16.6849],[95.545,16.6591],[95.5564,16.6541],[95.561,16.6887],[95.6111,16.6932],[95.6244,16.7157],[95.6309,16.6783],[95.6402,16.7298],[95.6223,16.7409]],[[95.599,16.667],[95.5917,16.675],[95.5921,16.6676],[95.599,16.667]],[[95.4835,16.668],[95.4914,16.6739],[95.4833,16.675],[95.4835,16.668]],[[95.4645,16.6679],[95.4682,16.682],[95.4595,16.668],[95.4645,16.6679]],[[95.531,16.7081],[95.5193,16.7002],[95.5333,16.7],[95.531,16.7081]],[[95.5427,16.733],[95.55,16.725],[95.5496,16.7324],[95.5427,16.733]],[[95.6496,16.7491],[95.6422,16.7424],[95.65,16.7417],[95.6496,16.7491]],[[95.6748,16.757],[95.667,16.7511],[95.675,16.75],[95.6748,16.757]],[[95.6079,16.7658],[95.6003,16.7594],[95.6083,16.7583],[95.6079,16.7658]],[[95.6494,16.7598],[95.6428,16.7741],[95.6434,16.7587],[95.6494,16.7598]],[[95.5996,16.7824],[95.5922,16.7757],[95.6,16.775],[95.5996,16.7824]],[[95.6609,16.77],[95.6818,16.7916],[95.6618,16.8301],[95.6725,16.7872],[95.6609,16.77]],[[95.6512,16.8074],[95.6574,16.7926],[95.6574,16.8074],[95.6512,16.8074]],[[95.6143,16.8139],[95.5941,16.8146],[95.5761,16.7959],[95.5917,16.8083],[95.6143,16.8139]],[[95.5478,16.8096],[95.5515,16.8237],[95.5428,16.8097],[95.5478,16.8096]],[[95.6298,16.8271],[95.6139,16.8873],[95.5948,16.9063],[95.6101,16.8453],[95.6298,16.8271]],[[95.6407,16.9004],[95.6333,16.9083],[95.6338,16.9009],[95.6407,16.9004]],[[95.66,16.9042],[95.6737,16.859],[95.7372,16.8715],[95.7557,16.8516],[95.8223,16.8363],[95.7544,16.869],[95.7465,16.8887],[95.6765,16.8791],[95.6693,16.8968],[95.6941,16.9227],[95.721,16.9307],[95.7376,16.9111],[95.7556,16.928],[95.739,16.9475],[95.6949,16.9376],[95.66,16.9042]],[[95.6237,16.9235],[95.6096,16.9272],[95.6239,16.918],[95.6237,16.9235]],[[95.6527,16.9337],[95.6464,16.9496],[95.6355,16.927],[95.6389,16.9265],[95.6527,16.9337]],[[95.6077,16.9552],[95.5923,16.9437],[95.6052,16.9421],[95.6077,16.9552]],[[95.7805,16.9171],[95.7719,16.9326],[95.7674,16.9313],[95.7805,16.9171]],[[95.8254,16.9176],[95.8331,16.9239],[95.825,16.925],[95.8254,16.9176]],[[95.7919,16.918],[95.7997,16.9239],[95.7917,16.925],[95.7919,16.918]],[[95.7178,16.9158],[95.724,16.9009],[95.724,16.9158],[95.7178,16.9158]],[[95.7717,16.9],[95.7872,16.9082],[95.7667,16.9083],[95.7717,16.9]],[[95.8838,16.9009],[95.8911,16.9076],[95.8833,16.9083],[95.8838,16.9009]],[[95.8194,16.8893],[95.8357,16.8668],[95.8916,16.8671],[95.9063,16.878],[95.8953,16.8902],[95.8691,16.8857],[95.8471,16.9048],[95.8194,16.8893]],[[95.8094,16.8663],[95.8167,16.8583],[95.8163,16.8658],[95.8094,16.8663]],[[95.9171,16.8509],[95.9245,16.8576],[95.9167,16.8583],[95.9171,16.8509]],[[95.9002,16.843],[95.9081,16.8489],[95.9,16.85],[95.9002,16.843]],[[95.791,16.8756],[95.7833,16.8833],[95.7838,16.8759],[95.791,16.8756]],[[95.7656,16.8831],[95.7597,16.8752],[95.7667,16.875],[95.7656,16.8831]],[[95.8004,16.8759],[95.8081,16.8822],[95.8,16.8833],[95.8004,16.8759]],[[95.7079,16.9074],[95.7003,16.9011],[95.7083,16.9],[95.7079,16.9074]],[[95.7471,16.8191],[95.7685,16.8089],[95.7751,16.8262],[95.754,16.8395],[95.7471,16.8191]],[[95.8424,16.8255],[95.8491,16.8329],[95.8417,16.8333],[95.8424,16.8255]],[[95.8002,16.818],[95.8081,16.8239],[95.8,16.825],[95.8002,16.818]],[[95.7311,16.8179],[95.7349,16.832],[95.7261,16.818],[95.7311,16.8179]],[[95.7,16.8417],[95.7073,16.8337],[95.7081,16.8406],[95.7,16.8417]],[[95.8333,16.7917],[95.8488,16.7847],[95.8488,16.7987],[95.8333,16.7917]],[[95.7844,16.783],[95.7917,16.775],[95.7913,16.7824],[95.7844,16.783]],[[95.7079,16.7908],[95.7005,16.784],[95.7083,16.7833],[95.7079,16.7908]],[[95.8564,16.7717],[95.8259,16.7431],[95.8445,16.7273],[95.8564,16.7717]],[[95.874,16.7587],[95.8667,16.7667],[95.8671,16.7592],[95.874,16.7587]],[[95.875,16.725],[95.8673,16.7403],[95.8685,16.7255],[95.875,16.725]],[[95.7833,16.7583],[95.7986,16.7507],[95.7996,16.7567],[95.7833,16.7583]],[[95.7234,16.7578],[95.7091,16.7511],[95.725,16.75],[95.7234,16.7578]],[[95.8091,16.7589],[95.8158,16.7663],[95.8083,16.7667],[95.8091,16.7589]],[[95.7677,16.758],[95.775,16.75],[95.7746,16.7574],[95.7677,16.758]],[[95.9327,16.815],[95.9253,16.8022],[95.9309,16.8001],[95.9327,16.815]],[[95.7219,16.9643],[95.6855,16.9704],[95.7223,16.9607],[95.7219,16.9643]],[[95.5829,16.9741],[95.5753,16.9678],[95.5833,16.9667],[95.5829,16.9741]],[[95.5496,16.9824],[95.5422,16.9757],[95.55,16.975],[95.5496,16.9824]],[[95.5665,16.9903],[95.5586,16.9844],[95.5667,16.9833],[95.5665,16.9903]],[[95.7583,16.9917],[95.781,16.9766],[95.7903,16.9889],[95.7583,16.9917]],[[95.7137,16.9848],[95.7456,16.9683],[95.7555,16.9694],[95.7288,16.9905],[95.7137,16.9848]],[[95.6038,16.9904],[95.5936,16.9688],[95.6155,16.98],[95.6038,16.9904]],[[95.5177,16.933],[95.525,16.925],[95.5246,16.9324],[95.5177,16.933]],[[95.5081,16.882],[95.5003,16.8761],[95.5083,16.875],[95.5081,16.882]],[[95.5595,16.8753],[95.5653,16.8831],[95.5583,16.8833],[95.5595,16.8753]],[[95.4657,16.817],[95.4583,16.825],[95.4588,16.8176],[95.4657,16.817]],[[95.5256,16.6494],[95.5333,16.6417],[95.5329,16.6491],[95.5256,16.6494]],[[95.619,16.6419],[95.6314,16.6496],[95.6167,16.65],[95.619,16.6419]],[[95.601,16.6413],[95.6083,16.6333],[95.6079,16.6408],[95.601,16.6413]],[[95.5594,16.633],[95.5667,16.625],[95.5663,16.6324],[95.5594,16.633]],[[95.665,16.6289],[95.6283,16.6298],[95.6465,16.6171],[95.665,16.6289]],[[95.4625,16.6318],[95.427,16.621],[95.4278,16.6122],[95.4423,16.5954],[95.4973,16.6033],[95.4698,16.6115],[95.4625,16.6318]],[[95.5337,16.6157],[95.5417,16.6083],[95.5406,16.6164],[95.5337,16.6157]],[[95.6757,16.6089],[95.6824,16.6163],[95.675,16.6167],[95.6757,16.6089]],[[95.6419,16.6014],[95.6497,16.6072],[95.6417,16.6083],[95.6419,16.6014]],[[95.5241,16.6117],[95.5088,16.6027],[95.5108,16.5926],[95.5241,16.6117]],[[95.75,16.5882],[95.7584,16.5963],[95.7532,16.6],[95.75,16.5882]],[[95.6752,16.5847],[95.6831,16.5906],[95.675,16.5917],[95.6752,16.5847]],[[95.6333,16.5833],[95.641,16.5756],[95.6411,16.5826],[95.6333,16.5833]],[[95.6506,16.5744],[95.6583,16.5667],[95.6576,16.5745],[95.6506,16.5744]],[[95.6928,16.5669],[95.6987,16.5748],[95.6917,16.575],[95.6928,16.5669]],[[95.4917,16.5667],[95.5043,16.5504],[95.5158,16.553],[95.4917,16.5667]],[[95.5838,16.5509],[95.5911,16.5576],[95.5833,16.5583],[95.5838,16.5509]],[[95.6346,16.5522],[95.6487,16.5485],[95.6347,16.5572],[95.6346,16.5522]],[[95.685,16.5437],[95.6981,16.556],[95.6767,16.5562],[95.685,16.5437]],[[95.6594,16.5492],[95.6667,16.5333],[95.6656,16.5493],[95.6594,16.5492]],[[95.6344,16.533],[95.6417,16.525],[95.6413,16.5324],[95.6344,16.533]],[[95.6554,16.5088],[95.6659,16.5188],[95.6649,16.5241],[95.65,16.525],[95.6554,16.5088]],[[95.6394,16.5164],[95.6278,16.5085],[95.6417,16.5083],[95.6394,16.5164]],[[95.5833,16.5083],[95.5915,16.4945],[95.5889,16.5081],[95.5833,16.5083]],[[95.6469,16.4999],[95.6368,16.4917],[95.65,16.4917],[95.6469,16.4999]],[[95.6706,16.4677],[95.6744,16.4871],[95.6613,16.4987],[95.6667,16.4917],[95.6706,16.4677]],[[95.6907,16.4754],[95.6833,16.4833],[95.6838,16.4759],[95.6907,16.4754]],[[95.7083,16.4583],[95.7152,16.4601],[95.7144,16.474],[95.7083,16.4583]],[[95.7288,16.4279],[95.7479,16.4473],[95.7362,16.4631],[95.7182,16.4419],[95.7288,16.4279]],[[95.6887,16.4486],[95.6937,16.4268],[95.7083,16.425],[95.6887,16.4486]],[[95.7504,16.4176],[95.7578,16.4243],[95.75,16.425],[95.7504,16.4176]],[[95.6438,16.4114],[95.6546,16.4063],[95.6648,16.3942],[95.6554,16.423],[95.6438,16.4114]],[[95.7305,16.4061],[95.6942,16.3777],[95.7068,16.3781],[95.7305,16.4061]],[[95.676,16.383],[95.6833,16.375],[95.6829,16.3824],[95.676,16.383]],[[95.6345,16.3974],[95.6259,16.3799],[95.6292,16.3753],[95.6414,16.3804],[95.6345,16.3974]],[[95.6157,16.3809],[95.5927,16.3689],[95.6057,16.3677],[95.6157,16.3809]],[[95.6169,16.3527],[95.6248,16.3644],[95.6167,16.3667],[95.6169,16.3527]],[[95.7618,16.3489],[95.7179,16.2973],[95.7625,16.2774],[95.7618,16.3489]],[[95.8498,16.3487],[95.842,16.3428],[95.85,16.3417],[95.8498,16.3487]],[[95.9831,16.357],[95.9753,16.3511],[95.9833,16.35],[95.9831,16.357]],[[95.9999,16.3408],[96.0085,16.3514],[96.0039,16.3582],[95.9999,16.3408]],[[95.8671,16.3342],[95.8745,16.341],[95.8667,16.3417],[95.8671,16.3342]],[[95.8838,16.3259],[95.8911,16.3326],[95.8833,16.3333],[95.8838,16.3259]],[[95.85,16.3083],[95.8347,16.316],[95.8337,16.31],[95.85,16.3083]],[[95.8755,16.3026],[95.891,16.3146],[95.875,16.3167],[95.8755,16.3026]],[[95.8399,16.2927],[95.828,16.2994],[95.8257,16.2864],[95.8313,16.2842],[95.8399,16.2927]],[[95.8704,16.2594],[95.8827,16.2793],[95.8784,16.2913],[95.8668,16.2855],[95.8704,16.2594]],[[95.7639,16.2655],[95.7432,16.2524],[95.7737,16.2639],[95.7639,16.2655]],[[95.662,16.2721],[95.6521,16.2529],[95.672,16.2436],[95.6738,16.2547],[95.662,16.2721]],[[95.8809,16.246],[95.7949,16.2456],[95.8336,16.2331],[95.8809,16.246]],[[95.7572,16.2414],[95.7509,16.2337],[95.7583,16.2333],[95.7572,16.2414]],[[95.6177,16.2369],[95.6333,16.2333],[95.6403,16.2279],[95.6221,16.2486],[95.6177,16.2369]],[[95.6929,16.2356],[95.707,16.2318],[95.6931,16.2406],[95.6929,16.2356]],[[95.6605,16.2325],[95.6542,16.2171],[95.6658,16.2316],[95.6605,16.2325]],[[95.555,16.224],[95.5191,16.2384],[95.5091,16.2084],[95.5357,16.1774],[95.5256,16.2178],[95.5457,16.2225],[95.5449,16.2037],[95.5559,16.1958],[95.5607,16.1691],[95.5773,16.1521],[95.6115,16.151],[95.63,16.1678],[95.5869,16.1617],[95.555,16.224]],[[95.612,16.1971],[95.632,16.1876],[95.6236,16.214],[95.612,16.1971]],[[95.6673,16.1994],[95.675,16.1917],[95.6746,16.1991],[95.6673,16.1994]],[[95.6928,16.1919],[95.6987,16.1998],[95.6917,16.2],[95.6928,16.1919]],[[95.6496,16.1991],[95.642,16.1928],[95.65,16.1917],[95.6496,16.1991]],[[95.6417,16.175],[95.6576,16.1603],[95.6565,16.1742],[95.6417,16.175]],[[95.6823,16.1587],[95.675,16.1667],[95.6754,16.1592],[95.6823,16.1587]],[[95.7004,16.1426],[95.7078,16.1493],[95.7,16.15],[95.7004,16.1426]],[[95.6669,16.1347],[95.6747,16.1406],[95.6667,16.1417],[95.6669,16.1347]],[[95.5536,16.1171],[95.57,16.1169],[95.5744,16.1212],[95.5503,16.1334],[95.5536,16.1171]],[[95.6424,16.1082],[95.6638,16.0858],[95.6826,16.1194],[95.6724,16.1229],[95.6424,16.1082]],[[95.5989,16.0991],[95.5923,16.0848],[95.5983,16.0837],[95.5989,16.0991]],[[95.6171,16.0759],[95.6245,16.0826],[95.6167,16.0833],[95.6171,16.0759]],[[95.6338,16.0686],[95.6414,16.0811],[95.6333,16.0833],[95.6338,16.0686]],[[95.6921,16.0592],[95.6995,16.066],[95.6917,16.0667],[95.6921,16.0592]],[[95.6502,16.0514],[95.6581,16.0572],[95.65,16.0583],[95.6502,16.0514]],[[95.4169,16.043],[95.4247,16.0489],[95.4167,16.05],[95.4169,16.043]],[[95.4673,16.041],[95.475,16.0333],[95.4743,16.0411],[95.4673,16.041]],[[95.5754,16.0342],[95.5828,16.041],[95.575,16.0417],[95.5754,16.0342]],[[95.659,16.0327],[95.6667,16.025],[95.666,16.0328],[95.659,16.0327]],[[95.6761,16.0253],[95.682,16.0331],[95.675,16.0333],[95.6761,16.0253]],[[95.6007,16.0309],[95.5917,16.0195],[95.5968,16.0084],[95.6082,16.0142],[95.6007,16.0309]],[[95.3901,16.0161],[95.3758,16.0095],[95.3917,16.0083],[95.3901,16.0161]],[[95.4081,16.0237],[95.4003,16.0178],[95.4083,16.0167],[95.4081,16.0237]],[[95.3829,16.0324],[95.3755,16.0257],[95.3833,16.025],[95.3829,16.0324]],[[95.4311,16.0263],[95.4403,16.0406],[95.4261,16.0264],[95.4311,16.0263]],[[95.5,16.025],[95.4923,16.0327],[95.4922,16.0257],[95.5,16.025]],[[95.5418,16.0245],[95.5643,16.0176],[95.5723,16.0197],[95.5598,16.0408],[95.5418,16.0245]],[[95.4568,16.0245],[95.443,16.0174],[95.4583,16.0167],[95.4568,16.0245]],[[95.4673,16.016],[95.475,16.0083],[95.4743,16.0161],[95.4673,16.016]],[[95.5474,16.0598],[95.5128,16.1228],[95.4937,16.1128],[95.4925,16.0738],[95.513,16.0519],[95.5474,16.0598]],[[95.4677,16.083],[95.475,16.075],[95.4746,16.0824],[95.4677,16.083]],[[95.451,16.0997],[95.4583,16.0917],[95.4579,16.0991],[95.451,16.0997]],[[95.4311,16.1164],[95.4193,16.1085],[95.4333,16.1083],[95.4311,16.1164]],[[95.6174,16.1005],[95.6241,16.1079],[95.6167,16.1083],[95.6174,16.1005]],[[95.5683,16.0839],[95.5826,16.0905],[95.5667,16.0917],[95.5683,16.0839]],[[95.5511,16.0908],[95.5583,16.075],[95.5572,16.0909],[95.5511,16.0908]],[[95.4579,16.1324],[95.4505,16.1257],[95.4583,16.125],[95.4579,16.1324]],[[95.4823,16.1337],[95.475,16.1417],[95.4754,16.1342],[95.4823,16.1337]],[[95.3561,16.1346],[95.3599,16.1487],[95.3511,16.1347],[95.3561,16.1346]],[[95.4933,16.1272],[95.5167,16.1417],[95.5154,16.1462],[95.5017,16.1482],[95.4933,16.1272]],[[95.6006,16.141],[95.6083,16.1333],[95.6076,16.1411],[95.6006,16.141]],[[95.5502,16.1514],[95.5581,16.1572],[95.55,16.1583],[95.5502,16.1514]],[[95.5146,16.1587],[95.5,16.1667],[95.5002,16.1611],[95.5146,16.1587]],[[95.4599,16.1709],[95.5055,16.188],[95.4846,16.1999],[95.4984,16.2207],[95.4702,16.2301],[95.4744,16.1922],[95.4599,16.1709]],[[95.4557,16.1991],[95.4426,16.1888],[95.4438,16.1761],[95.4486,16.1771],[95.4557,16.1991]],[[95.4167,16.2],[95.4244,16.1923],[95.4245,16.1993],[95.4167,16.2]],[[95.3843,16.2228],[95.3689,16.2142],[95.3694,16.1941],[95.375,16.2167],[95.3843,16.2228]],[[95.4511,16.2169],[95.457,16.2248],[95.45,16.225],[95.4511,16.2169]],[[95.5,16.2417],[95.5073,16.2337],[95.5081,16.2406],[95.5,16.2417]],[[95.4435,16.2474],[95.4265,16.2474],[95.4184,16.2366],[95.4373,16.2355],[95.4435,16.2474]],[[95.467,16.2443],[95.4749,16.2554],[95.4691,16.2582],[95.467,16.2443]],[[95.4579,16.2658],[95.4505,16.259],[95.4583,16.2583],[95.4579,16.2658]],[[95.4249,16.2789],[95.4167,16.2634],[95.425,16.2583],[95.4249,16.2789]],[[95.4657,16.2754],[95.4583,16.2833],[95.4588,16.2759],[95.4657,16.2754]],[[95.4823,16.2754],[95.475,16.2833],[95.4754,16.2759],[95.4823,16.2754]],[[95.6665,16.2903],[95.6586,16.2844],[95.6667,16.2833],[95.6665,16.2903]],[[95.3996,16.2991],[95.3922,16.2924],[95.4,16.2917],[95.3996,16.2991]],[[95.6762,16.3083],[95.6642,16.3467],[95.6451,16.3397],[95.645,16.3019],[95.6762,16.3083]],[[95.3802,16.3007],[95.3889,16.3162],[95.3757,16.302],[95.3802,16.3007]],[[95.4185,16.3036],[95.4272,16.3163],[95.4479,16.3035],[95.4291,16.3229],[95.4185,16.3036]],[[95.5073,16.317],[95.5,16.325],[95.5004,16.3176],[95.5073,16.317]],[[95.5395,16.3263],[95.5432,16.3404],[95.5345,16.3264],[95.5395,16.3263]],[[95.6261,16.3336],[95.632,16.3415],[95.625,16.3417],[95.6261,16.3336]],[[95.4988,16.3478],[95.484,16.3563],[95.4986,16.3428],[95.4988,16.3478]],[[95.291,16.3552],[95.2759,16.3605],[95.2897,16.3507],[95.291,16.3552]],[[95.5833,16.3583],[95.5756,16.366],[95.5755,16.359],[95.5833,16.3583]],[[95.7088,16.3426],[95.7161,16.3493],[95.7083,16.35],[95.7088,16.3426]],[[95.6956,16.301],[95.6993,16.3207],[95.6863,16.3321],[95.6917,16.325],[95.6956,16.301]],[[95.6845,16.2836],[95.6903,16.2915],[95.6833,16.2917],[95.6845,16.2836]],[[95.7833,16.275],[95.7756,16.2827],[95.7755,16.2757],[95.7833,16.275]],[[95.7227,16.2748],[95.7112,16.2668],[95.725,16.2667],[95.7227,16.2748]],[[95.534,16.266],[95.5417,16.2583],[95.5413,16.2658],[95.534,16.266]],[[95.592,16.246],[95.6073,16.2557],[95.5917,16.2667],[95.592,16.246]],[[95.5805,16.2451],[95.5621,16.2585],[95.5517,16.2544],[95.5703,16.236],[95.5805,16.2451]],[[95.4917,16.2583],[95.4994,16.2506],[95.4995,16.2576],[95.4917,16.2583]],[[95.5583,16.3833],[95.532,16.4052],[95.5262,16.4041],[95.5287,16.3769],[95.5583,16.3833]],[[95.3927,16.383],[95.4,16.375],[95.3996,16.3824],[95.3927,16.383]],[[95.6998,16.3987],[95.692,16.3928],[95.7,16.3917],[95.6998,16.3987]],[[95.6311,16.4164],[95.6193,16.4085],[95.6333,16.4083],[95.6311,16.4164]],[[95.6064,16.4146],[95.5863,16.4273],[95.6065,16.4103],[95.6064,16.4146]],[[95.5438,16.4174],[95.547,16.4327],[95.5423,16.4313],[95.5438,16.4174]],[[95.4542,16.4195],[95.4895,16.4551],[95.4667,16.45],[95.456,16.4804],[95.4325,16.4508],[95.4199,16.4805],[95.4111,16.4276],[95.4566,16.4547],[95.4542,16.4195]],[[95.4786,16.4722],[95.496,16.4726],[95.5053,16.4529],[95.5145,16.4791],[95.4786,16.4722]],[[95.5923,16.4735],[95.5993,16.46],[95.5983,16.4746],[95.5923,16.4735]],[[95.6294,16.4724],[95.6022,16.4383],[95.611,16.4272],[95.6391,16.465],[95.6294,16.4724]],[[95.6523,16.4349],[95.6734,16.456],[95.6525,16.4489],[95.6523,16.4349]],[[95.6674,16.4339],[95.6745,16.441],[95.6667,16.4417],[95.6674,16.4339]],[[95.5076,16.4328],[95.5009,16.4254],[95.5083,16.425],[95.5076,16.4328]],[[95.574,16.4337],[95.5667,16.4417],[95.5671,16.4342],[95.574,16.4337]],[[95.5783,16.4683],[95.5676,16.4721],[95.5606,16.4524],[95.5719,16.4515],[95.5667,16.4667],[95.5783,16.4683]],[[95.5411,16.4735],[95.5345,16.4592],[95.5402,16.4588],[95.5411,16.4735]],[[95.5671,16.4176],[95.5747,16.4239],[95.5667,16.425],[95.5671,16.4176]],[[95.4079,16.4991],[95.4003,16.4928],[95.4083,16.4917],[95.4079,16.4991]],[[95.5415,16.4987],[95.5336,16.4928],[95.5417,16.4917],[95.5415,16.4987]],[[95.5246,16.5074],[95.5172,16.5007],[95.525,16.5],[95.5246,16.5074]],[[95.6167,16.5083],[95.609,16.516],[95.6089,16.509],[95.6167,16.5083]],[[95.5475,16.5218],[95.5201,16.5385],[95.5481,16.5115],[95.5475,16.5218]],[[95.4927,16.5247],[95.5,16.5167],[95.4996,16.5241],[95.4927,16.5247]],[[95.5478,16.5345],[95.5404,16.5559],[95.5358,16.5574],[95.5478,16.5345]],[[95.6012,16.5271],[95.6224,16.5346],[95.6241,16.5391],[95.6119,16.5404],[95.6012,16.5271]],[[95.6081,16.4987],[95.6003,16.4928],[95.6083,16.4917],[95.6081,16.4987]],[[95.4738,16.5812],[95.4599,16.5732],[95.4605,16.5595],[95.4654,16.5606],[95.4738,16.5812]],[[95.5095,16.5753],[95.5153,16.5831],[95.5083,16.5833],[95.5095,16.5753]],[[95.6665,16.5903],[95.6586,16.5844],[95.6667,16.5833],[95.6665,16.5903]],[[95.4327,16.635],[95.4256,16.6485],[95.4265,16.6338],[95.4327,16.635]],[[95.5081,16.6487],[95.5003,16.6428],[95.5083,16.6417],[95.5081,16.6487]],[[95.299,16.3087],[95.2917,16.3167],[95.2921,16.3092],[95.299,16.3087]],[[95.3823,15.9254],[95.375,15.9333],[95.3754,15.9259],[95.3823,15.9254]],[[95.4341,15.9089],[95.4411,15.916],[95.4333,15.9167],[95.4341,15.9089]],[[95.409,15.8965],[95.4236,15.885],[95.4109,15.9075],[95.409,15.8965]],[[95.5096,15.8985],[95.5238,15.9022],[95.5236,15.9072],[95.5096,15.8985]],[[95.5345,15.9003],[95.5403,15.9081],[95.5333,15.9083],[95.5345,15.9003]],[[95.5573,15.9004],[95.55,15.9083],[95.5504,15.9009],[95.5573,15.9004]],[[95.4339,15.8985],[95.441,15.885],[95.4399,15.8996],[95.4339,15.8985]],[[95.4761,15.8836],[95.482,15.8915],[95.475,15.8917],[95.4761,15.8836]],[[95.4918,15.8788],[95.5,15.8879],[95.4949,15.8917],[95.4918,15.8788]],[[95.3584,15.8925],[95.3499,15.882],[95.3545,15.8751],[95.3584,15.8925]],[[95.3311,15.8763],[95.3349,15.8904],[95.3261,15.8764],[95.3311,15.8763]],[[95.3929,15.8689],[95.407,15.8652],[95.3931,15.8739],[95.3929,15.8689]],[[95.4924,15.8589],[95.4991,15.8663],[95.4917,15.8667],[95.4924,15.8589]],[[95.326,15.858],[95.3333,15.85],[95.3329,15.8574],[95.326,15.858]],[[95.4794,15.8563],[95.4788,15.8482],[95.4905,15.8462],[95.4794,15.8563]],[[95.5167,15.8417],[95.509,15.8494],[95.5089,15.8424],[95.5167,15.8417]],[[95.5273,15.8419],[95.539,15.8498],[95.525,15.85],[95.5273,15.8419]],[[95.4333,15.8417],[95.441,15.834],[95.4411,15.841],[95.4333,15.8417]],[[95.5171,15.8259],[95.5247,15.8322],[95.5167,15.8333],[95.5171,15.8259]],[[95.4927,15.8325],[95.5,15.8167],[95.4989,15.8326],[95.4927,15.8325]],[[95.4028,15.8473],[95.4,15.825],[95.3727,15.8022],[95.3261,15.8136],[95.3267,15.7874],[95.3719,15.7886],[95.3742,15.7616],[95.378,15.7967],[95.4069,15.8291],[95.4028,15.8473]],[[95.425,15.8],[95.4098,15.8077],[95.4087,15.8017],[95.425,15.8]],[[95.4407,15.8004],[95.4333,15.8083],[95.4338,15.8009],[95.4407,15.8004]],[[95.4134,15.7681],[95.4053,15.7898],[95.3945,15.7898],[95.3949,15.7777],[95.4134,15.7681]],[[95.4323,15.7754],[95.425,15.7833],[95.4254,15.7759],[95.4323,15.7754]],[[95.3571,15.7644],[95.343,15.7682],[95.357,15.7594],[95.3571,15.7644]],[[95.3252,15.7597],[95.3331,15.7656],[95.325,15.7667],[95.3252,15.7597]],[[95.4019,15.7432],[95.4141,15.7336],[95.4247,15.7385],[95.4104,15.7582],[95.4019,15.7432]],[[95.326,15.7497],[95.3333,15.7417],[95.3329,15.7491],[95.326,15.7497]],[[95.3082,15.764],[95.3003,15.7523],[95.3083,15.75],[95.3082,15.764]],[[95.2927,15.7997],[95.3,15.7917],[95.2996,15.7991],[95.2927,15.7997]],[[95.2993,15.8161],[95.2922,15.809],[95.3,15.8083],[95.2993,15.8161]],[[95.3577,15.8256],[95.35,15.8333],[95.3504,15.8259],[95.3577,15.8256]],[[95.3322,15.8331],[95.3264,15.8252],[95.3333,15.825],[95.3322,15.8331]],[[95.375,15.8299],[95.3834,15.8379],[95.3782,15.8417],[95.375,15.8299]],[[95.4248,15.8487],[95.417,15.8428],[95.425,15.8417],[95.4248,15.8487]],[[95.4583,15.8417],[95.4506,15.8494],[95.4505,15.8424],[95.4583,15.8417]],[[95.3583,15.725],[95.3743,15.7188],[95.3732,15.7325],[95.3583,15.725]],[[95.8013,16.204],[95.8239,16.2049],[95.802,16.2136],[95.8013,16.204]],[[95.7839,16.2069],[95.7905,16.1926],[95.7899,16.208],[95.7839,16.2069]],[[95.791,16.1687],[95.7833,16.175],[95.7865,16.1666],[95.791,16.1687]],[[95.8023,16.1753],[95.814,16.1831],[95.8,16.1833],[95.8023,16.1753]],[[95.9157,16.2337],[95.9083,16.2417],[95.9088,16.2342],[95.9157,16.2337]],[[96.0266,16.3089],[96.0409,16.3155],[96.025,16.3167],[96.0266,16.3089]],[[95.9856,16.3096],[96.0,16.3083],[96.0075,16.3026],[95.9963,16.3161],[95.9856,16.3096]],[[95.9907,16.292],[95.9833,16.3],[95.9838,16.2926],[95.9907,16.292]],[[96.0178,16.2753],[96.0241,16.2829],[96.0167,16.2833],[96.0178,16.2753]],[[95.9667,16.275],[95.9784,16.251],[95.9904,16.2528],[95.9667,16.275]],[[96.0095,16.2508],[96.0161,16.2651],[96.0083,16.2667],[96.0095,16.2508]],[[95.8746,16.3741],[95.8672,16.3674],[95.875,16.3667],[95.8746,16.3741]],[[95.9094,16.383],[95.9167,16.375],[95.9163,16.3824],[95.9094,16.383]],[[95.6844,16.6663],[95.6917,16.6583],[95.6913,16.6658],[95.6844,16.6663]],[[95.9504,16.7092],[95.9578,16.716],[95.95,16.7167],[95.9504,16.7092]],[[95.9171,16.6926],[95.9247,16.6989],[95.9167,16.7],[95.9171,16.6926]],[[95.8922,16.6985],[95.8993,16.685],[95.8983,16.6996],[95.8922,16.6985]],[[96.0754,16.6603],[96.0831,16.6726],[96.075,16.675],[96.0754,16.6603]],[[96.0283,16.6565],[96.0184,16.6455],[96.0302,16.6343],[96.081,16.6445],[96.0283,16.6565]],[[96.001,16.6413],[96.0083,16.6333],[96.0079,16.6408],[96.001,16.6413]],[[96.0573,16.617],[96.05,16.625],[96.0504,16.6176],[96.0573,16.617]],[[96.0573,16.6004],[96.05,16.6083],[96.0504,16.6009],[96.0573,16.6004]],[[96.0356,16.5586],[96.0473,16.5665],[96.0333,16.5667],[96.0356,16.5586]],[[96.0248,16.5487],[96.017,16.5428],[96.025,16.5417],[96.0248,16.5487]],[[96.0428,16.5419],[96.0487,16.5498],[96.0417,16.55],[96.0428,16.5419]],[[96.0338,16.5259],[96.0414,16.5322],[96.0333,16.5333],[96.0338,16.5259]],[[96.0006,16.5319],[96.0072,16.5176],[96.0066,16.533],[96.0006,16.5319]],[[96.0171,16.5092],[96.0245,16.516],[96.0167,16.5167],[96.0171,16.5092]],[[95.9826,16.5161],[95.9759,16.5087],[95.9833,16.5083],[95.9826,16.5161]],[[95.9323,16.4837],[95.925,16.4917],[95.9254,16.4842],[95.9323,16.4837]],[[96.0002,16.4714],[96.004,16.4582],[96.0312,16.4693],[96.0195,16.4751],[96.0002,16.4714]],[[95.994,16.4419],[96.0057,16.4498],[95.9917,16.45],[95.994,16.4419]],[[96.0254,16.4342],[96.0328,16.441],[96.025,16.4417],[96.0254,16.4342]],[[95.9833,16.425],[96.0069,16.4185],[96.007,16.4315],[95.9833,16.425]],[[96.024,16.417],[96.0167,16.425],[96.0171,16.4176],[96.024,16.417]],[[96.0741,16.7119],[96.0604,16.7022],[96.08,16.6849],[96.0741,16.7119]],[[96.3671,17.2259],[96.3747,17.2322],[96.3667,17.2333],[96.3671,17.2259]],[[96.3169,17.2264],[96.3247,17.2322],[96.3167,17.2333],[96.3169,17.2264]],[[96.4022,17.2071],[96.3985,17.193],[96.4072,17.207],[96.4022,17.2071]],[[96.5607,17.4336],[96.5723,17.4415],[96.5583,17.4417],[96.5607,17.4336]],[[96.5665,17.4237],[96.5586,17.4178],[96.5667,17.4167],[96.5665,17.4237]],[[96.5845,17.4169],[96.5903,17.4248],[96.5833,17.425],[96.5845,17.4169]],[[96.675,17.7132],[96.6834,17.7211],[96.6782,17.725],[96.675,17.7132]],[[96.6928,17.7086],[96.6987,17.7165],[96.6917,17.7167],[96.6928,17.7086]],[[96.6663,17.7158],[96.6586,17.7094],[96.6667,17.7083],[96.6663,17.7158]],[[96.6657,18.417],[96.6583,18.425],[96.6588,18.4176],[96.6657,18.417]],[[96.6708,18.4107],[96.6678,18.4003],[96.6741,18.4005],[96.6708,18.4107]],[[96.874,18.2337],[96.8667,18.2417],[96.8671,18.2342],[96.874,18.2337]],[[96.8823,18.217],[96.875,18.225],[96.8754,18.2176],[96.8823,18.217]],[[96.8323,18.2004],[96.825,18.2083],[96.8254,18.2009],[96.8323,18.2004]],[[96.8754,18.1926],[96.8828,18.1993],[96.875,18.2],[96.8754,18.1926]],[[96.9899,18.151],[96.978,18.1577],[96.9757,18.1448],[96.9813,18.1426],[96.9899,18.151]],[[97.019,18.1336],[97.0307,18.1415],[97.0167,18.1417],[97.019,18.1336]],[[96.974,18.1087],[96.9667,18.1167],[96.9671,18.1092],[96.974,18.1087]],[[96.9331,18.0737],[96.9253,18.0678],[96.9333,18.0667],[96.9331,18.0737]],[[97.0754,18.0676],[97.0828,18.0743],[97.075,18.075],[97.0754,18.0676]],[[96.9524,18.0731],[96.9514,18.0552],[96.9529,18.0513],[96.9654,18.063],[96.9524,18.0731]],[[96.9517,18.0286],[96.9627,18.0265],[96.9811,18.0479],[96.9694,18.0468],[96.9517,18.0286]],[[96.9428,17.9991],[96.9494,17.9848],[96.9485,17.9995],[96.9428,17.9991]],[[96.8421,17.9509],[96.8495,17.9576],[96.8417,17.9583],[96.8421,17.9509]],[[96.9323,17.9337],[96.925,17.9417],[96.9254,17.9342],[96.9323,17.9337]],[[97.538,17.8853],[97.6393,17.7309],[97.6428,17.6555],[97.6886,17.5944],[97.699,17.6266],[97.6759,17.6489],[97.6815,17.7045],[97.6357,17.7774],[97.6392,17.8063],[97.6196,17.8033],[97.5945,17.8283],[97.6223,17.8364],[97.6236,17.8542],[97.6053,17.8886],[97.5769,17.8958],[97.5719,17.93],[97.5531,17.9448],[97.5566,17.9703],[97.4917,18.0333],[97.4984,18.0547],[97.4618,18.1061],[97.538,17.8853]],[[97.8369,18.0898],[97.857,18.108],[97.847,18.1312],[97.8463,18.1024],[97.819,18.0954],[97.8369,18.0898]],[[97.6412,18.1224],[97.6257,18.119],[97.6417,18.1083],[97.6412,18.1224]],[[97.7665,18.132],[97.7586,18.1261],[97.7667,18.125],[97.7665,18.132]],[[97.6163,18.1408],[97.6089,18.134],[97.6167,18.1333],[97.6163,18.1408]],[[97.5663,18.1491],[97.5589,18.1424],[97.5667,18.1417],[97.5663,18.1491]],[[97.5781,18.1454],[97.5893,18.1645],[97.5702,18.1896],[97.5781,18.1454]],[[97.5427,18.1663],[97.55,18.1583],[97.5496,18.1658],[97.5427,18.1663]],[[97.8264,18.1919],[97.849,18.2316],[97.8286,18.2711],[97.8563,18.2626],[97.8362,18.2863],[97.8464,18.2976],[97.8031,18.3041],[97.8394,18.3205],[97.8087,18.3544],[97.8311,18.3545],[97.8112,18.3792],[97.8307,18.4128],[97.8112,18.4289],[97.8394,18.4379],[97.8198,18.4614],[97.8218,18.5217],[97.8026,18.5458],[97.8223,18.5695],[97.8095,18.594],[97.8225,18.5962],[97.8112,18.6544],[97.8222,18.679],[97.8035,18.6875],[97.8228,18.7041],[97.7865,18.7292],[97.8142,18.7391],[97.7926,18.7655],[97.7985,18.8343],[97.7869,18.8459],[97.7953,18.8715],[97.8307,18.8786],[97.8287,18.8979],[97.8556,18.92],[97.8364,18.954],[97.8562,18.9704],[97.779,18.9857],[97.7802,19.0052],[97.753,19.0114],[97.7402,19.0576],[97.7228,18.9855],[97.7016,18.9677],[97.6781,18.9805],[97.6466,18.9178],[97.6261,18.9108],[97.6316,18.8711],[97.601,18.8484],[97.6299,18.8531],[97.6546,18.8806],[97.6741,18.8613],[97.672,18.8277],[97.6345,18.8362],[97.6471,18.8125],[97.6176,18.7862],[97.6269,18.7526],[97.6275,18.7888],[97.6552,18.8032],[97.6547,18.8235],[97.6723,18.7971],[97.6545,18.7848],[97.6736,18.7864],[97.6862,18.8142],[97.6973,18.7985],[97.6781,18.7362],[97.7049,18.7717],[97.7094,18.6988],[97.73,18.6875],[97.6944,18.6629],[97.6858,18.6279],[97.7058,18.6028],[97.6857,18.5701],[97.7133,18.5888],[97.7651,18.5378],[97.7415,18.5291],[97.7448,18.5095],[97.7738,18.4951],[97.7594,18.4387],[97.7796,18.4635],[97.7969,18.4043],[97.7773,18.4027],[97.8059,18.386],[97.7936,18.3694],[97.7629,18.3978],[97.7526,18.3779],[97.8056,18.3384],[97.7705,18.3231],[97.7678,18.3135],[97.7961,18.2898],[97.7855,18.2709],[97.8046,18.2714],[97.822,18.2301],[97.7852,18.2205],[97.7947,18.1864],[97.8264,18.1919]],[[97.5669,18.2097],[97.5747,18.2156],[97.5667,18.2167],[97.5669,18.2097]],[[97.496,18.2109],[97.4892,18.2391],[97.4782,18.2556],[97.4779,18.2268],[97.496,18.2109]],[[97.7704,18.2507],[97.7644,18.2728],[97.7598,18.2733],[97.7704,18.2507]],[[97.7333,18.275],[97.741,18.2673],[97.7411,18.2743],[97.7333,18.275]],[[97.5572,18.2747],[97.5514,18.2669],[97.5583,18.2667],[97.5572,18.2747]],[[97.5493,18.231],[97.5394,18.2405],[97.5333,18.2417],[97.5348,18.2261],[97.5493,18.231]],[[97.7487,18.2184],[97.739,18.2324],[97.726,18.2311],[97.7271,18.2264],[97.7487,18.2184]],[[97.5585,18.2847],[97.5664,18.2906],[97.5583,18.2917],[97.5585,18.2847]],[[97.4406,18.2914],[97.4347,18.2835],[97.4417,18.2833],[97.4406,18.2914]],[[97.765,18.2938],[97.7509,18.3057],[97.7436,18.294],[97.765,18.2938]],[[97.5243,18.3078],[97.5172,18.3007],[97.525,18.3],[97.5243,18.3078]],[[97.65,18.3451],[97.6417,18.3371],[97.6468,18.3333],[97.65,18.3451]],[[97.774,18.342],[97.7667,18.35],[97.7671,18.3426],[97.774,18.342]],[[97.6371,18.3609],[97.6641,18.4364],[97.6517,18.4613],[97.6719,18.4719],[97.6279,18.5531],[97.6392,18.5708],[97.6317,18.5964],[97.6168,18.6072],[97.6023,18.5953],[97.5945,18.6311],[97.5753,18.6146],[97.5971,18.5787],[97.5904,18.5618],[97.5725,18.5514],[97.5622,18.5723],[97.5589,18.5595],[97.5759,18.4949],[97.5786,18.5131],[97.5956,18.503],[97.6064,18.5196],[97.6067,18.4873],[97.586,18.4626],[97.6133,18.4375],[97.5949,18.4298],[97.5944,18.4011],[97.5609,18.42],[97.5954,18.3764],[97.6371,18.3609]],[[97.5335,18.4264],[97.5414,18.4322],[97.5333,18.4333],[97.5335,18.4264]],[[97.3239,18.4331],[97.318,18.4252],[97.325,18.425],[97.3239,18.4331]],[[97.4596,18.4425],[97.4736,18.4962],[97.4471,18.5229],[97.4369,18.5127],[97.4428,18.4549],[97.4596,18.4425]],[[97.3,18.4667],[97.2848,18.4734],[97.2766,18.4599],[97.3,18.4667]],[[97.3095,18.4669],[97.3158,18.4746],[97.3083,18.475],[97.3095,18.4669]],[[97.3572,18.4759],[97.351,18.4908],[97.351,18.4759],[97.3572,18.4759]],[[97.4823,18.517],[97.475,18.525],[97.4754,18.5176],[97.4823,18.517]],[[97.5342,18.494],[97.5446,18.4844],[97.5558,18.5015],[97.5471,18.5212],[97.5342,18.494]],[[97.4852,18.5073],[97.497,18.5006],[97.4993,18.5136],[97.4937,18.5158],[97.4852,18.5073]],[[97.54,18.4457],[97.5535,18.4743],[97.5354,18.4452],[97.54,18.4457]],[[97.3744,18.5632],[97.3595,18.5611],[97.375,18.5417],[97.3744,18.5632]],[[97.2746,18.5741],[97.2672,18.5674],[97.275,18.5667],[97.2746,18.5741]],[[97.394,18.5528],[97.4141,18.5702],[97.4051,18.5818],[97.3945,18.5804],[97.394,18.5528]],[[97.5333,18.5456],[97.5478,18.5537],[97.5343,18.5819],[97.5248,18.5755],[97.5333,18.5456]],[[97.5754,18.5676],[97.5828,18.5743],[97.575,18.575],[97.5754,18.5676]],[[97.4227,18.5581],[97.4103,18.5504],[97.425,18.55],[97.4227,18.5581]],[[97.5165,18.5653],[97.5086,18.5594],[97.5167,18.5583],[97.5165,18.5653]],[[97.528,18.6077],[97.5306,18.5922],[97.541,18.6063],[97.528,18.6077]],[[97.4221,18.6829],[97.3962,18.6902],[97.3968,18.6628],[97.3781,18.6543],[97.39,18.6432],[97.3852,18.6042],[97.405,18.6214],[97.407,18.5924],[97.4247,18.6086],[97.43,18.671],[97.4221,18.6829]],[[97.6049,18.6483],[97.6083,18.6667],[97.6405,18.6712],[97.6379,18.6978],[97.6014,18.7038],[97.614,18.6778],[97.5918,18.6521],[97.6049,18.6483]],[[97.6657,18.6754],[97.6583,18.6833],[97.6588,18.6759],[97.6657,18.6754]],[[97.5252,18.643],[97.5331,18.6489],[97.525,18.65],[97.5252,18.643]],[[97.6088,18.6342],[97.6161,18.641],[97.6083,18.6417],[97.6088,18.6342]],[[97.5323,18.617],[97.525,18.625],[97.5254,18.6176],[97.5323,18.617]],[[97.293,18.6483],[97.3029,18.6342],[97.3156,18.6355],[97.3146,18.6403],[97.293,18.6483]],[[97.2927,18.6663],[97.3,18.6583],[97.2996,18.6658],[97.2927,18.6663]],[[97.7079,18.5445],[97.701,18.5651],[97.704,18.5419],[97.7079,18.5445]],[[97.724,18.5504],[97.7167,18.5583],[97.7171,18.5509],[97.724,18.5504]],[[97.6928,18.5295],[97.7017,18.5105],[97.7154,18.5196],[97.711,18.5329],[97.6928,18.5295]],[[97.6469,18.7414],[97.6434,18.7187],[97.6644,18.7194],[97.6647,18.7308],[97.6469,18.7414]],[[97.2496,18.7491],[97.2422,18.7424],[97.25,18.7417],[97.2496,18.7491]],[[97.6665,18.757],[97.6586,18.7511],[97.6667,18.75],[97.6665,18.757]],[[97.601,18.7913],[97.6083,18.7833],[97.6079,18.7908],[97.601,18.7913]],[[97.476,18.808],[97.4833,18.8],[97.4829,18.8074],[97.476,18.808]],[[97.6169,18.8264],[97.6247,18.8322],[97.6167,18.8333],[97.6169,18.8264]],[[97.2322,18.8331],[97.2264,18.8252],[97.2333,18.825],[97.2322,18.8331]],[[97.5096,18.8683],[97.4925,18.87],[97.5072,18.8417],[97.5096,18.8683]],[[97.4261,18.8658],[97.4333,18.85],[97.4322,18.8659],[97.4261,18.8658]],[[97.5166,18.9329],[97.5301,18.9482],[97.5029,18.9299],[97.5053,18.893],[97.5226,18.9028],[97.5166,18.9329]],[[97.6318,18.9272],[97.6411,18.9435],[97.6293,18.9568],[97.6255,18.9491],[97.6318,18.9272]],[[97.5462,18.9818],[97.5119,18.9729],[97.5096,18.9624],[97.5377,18.9611],[97.5472,18.9707],[97.5462,18.9818]],[[97.6919,19.0014],[97.6997,19.0072],[97.6917,19.0083],[97.6919,19.0014]],[[97.6246,19.0074],[97.6172,19.0007],[97.625,19.0],[97.6246,19.0074]],[[97.5734,19.0161],[97.5591,19.0095],[97.575,19.0083],[97.5734,19.0161]],[[97.5413,19.0241],[97.5339,19.0174],[97.5417,19.0167],[97.5413,19.0241]],[[97.575,19.0445],[97.5667,19.03],[97.575,19.025],[97.575,19.0445]],[[97.6712,19.0027],[97.7063,19.0215],[97.6677,19.033],[97.6982,19.0807],[97.6956,19.1316],[97.6681,19.129],[97.6543,19.0776],[97.6363,19.1067],[97.621,19.0948],[97.5702,19.1061],[97.5802,19.0957],[97.5697,19.0784],[97.6131,19.0475],[97.6108,19.0286],[97.6309,19.0395],[97.6585,19.0001],[97.6712,19.0027]],[[97.601,19.0163],[97.6083,19.0083],[97.6079,19.0158],[97.601,19.0163]],[[97.6401,19.1328],[97.6263,19.1257],[97.6417,19.125],[97.6401,19.1328]],[[97.6163,19.1408],[97.6089,19.134],[97.6167,19.1333],[97.6163,19.1408]],[[97.7877,19.1402],[97.7899,19.1562],[97.778,19.1571],[97.7767,19.1437],[97.7877,19.1402]],[[97.8218,19.1293],[97.8018,19.1375],[97.8387,19.097],[97.82,19.0885],[97.8318,19.0764],[97.8249,19.0507],[97.8661,19.1072],[97.8636,19.1467],[97.8469,19.1719],[97.8097,19.1621],[97.8384,19.1459],[97.8218,19.1293]],[[97.5992,19.1705],[97.6374,19.2725],[97.6442,19.2529],[97.6655,19.2347],[97.6526,19.2287],[97.6601,19.171],[97.698,19.1789],[97.6846,19.2279],[97.7042,19.2393],[97.7215,19.2276],[97.7225,19.2457],[97.6883,19.2434],[97.6843,19.261],[97.7312,19.2719],[97.6849,19.3098],[97.7389,19.3114],[97.7387,19.3299],[97.72,19.3286],[97.7175,19.3424],[97.7539,19.39],[97.7693,19.3606],[97.7764,19.3802],[97.7963,19.3812],[97.7963,19.3617],[97.7695,19.3448],[97.796,19.3478],[97.8074,19.328],[97.761,19.3304],[97.7697,19.3029],[97.816,19.3131],[97.8203,19.2774],[97.8554,19.2636],[97.8531,19.2362],[97.8798,19.2607],[97.8552,19.3137],[97.8379,19.3032],[97.8185,19.3213],[97.7816,19.4224],[97.7732,19.4038],[97.7543,19.4035],[97.7379,19.4233],[97.697,19.4239],[97.7403,19.4047],[97.7044,19.3945],[97.6945,19.4055],[97.6788,19.3862],[97.6533,19.4222],[97.6363,19.3784],[97.6464,19.3602],[97.6736,19.3569],[97.6454,19.3475],[97.6631,19.3367],[97.6376,19.3277],[97.5868,19.352],[97.597,19.3805],[97.5727,19.3671],[97.5436,19.3795],[97.5718,19.3387],[97.5619,19.3273],[97.5863,19.311],[97.6133,19.3132],[97.6301,19.2801],[97.5774,19.1629],[97.5992,19.1705]],[[97.6002,19.2347],[97.6081,19.2406],[97.6,19.2417],[97.6002,19.2347]],[[97.5156,19.2414],[97.5097,19.2335],[97.5167,19.2333],[97.5156,19.2414]],[[97.6051,19.299],[97.5862,19.2847],[97.6078,19.28],[97.6051,19.299]],[[97.5403,19.3563],[97.5343,19.3443],[97.5476,19.3343],[97.5403,19.3563]],[[97.6142,19.4157],[97.601,19.4057],[97.6023,19.3927],[97.607,19.3938],[97.6142,19.4157]],[[97.5084,19.4184],[97.4999,19.407],[97.5045,19.4001],[97.5084,19.4184]],[[97.5796,19.4811],[97.5698,19.4886],[97.5913,19.5126],[97.5782,19.5302],[97.6055,19.5484],[97.5454,19.5655],[97.5332,19.5083],[97.546,19.4183],[97.5654,19.4232],[97.5583,19.475],[97.5796,19.4811]],[[97.6864,19.48],[97.7143,19.4786],[97.7304,19.5146],[97.6968,19.4944],[97.6779,19.5057],[97.6779,19.4612],[97.6864,19.48]],[[97.6251,19.5069],[97.6165,19.5083],[97.6211,19.4999],[97.6251,19.5069]],[[97.6924,19.4589],[97.6995,19.466],[97.6917,19.4667],[97.6924,19.4589]],[[97.8064,19.2968],[97.753,19.2735],[97.7652,19.257],[97.7362,19.2129],[97.7447,19.1944],[97.8064,19.2968]],[[97.8073,19.2004],[97.8,19.2083],[97.8004,19.2009],[97.8073,19.2004]],[[97.7094,19.1997],[97.7167,19.1917],[97.7163,19.1991],[97.7094,19.1997]],[[97.701,19.2247],[97.7083,19.2167],[97.7079,19.2241],[97.701,19.2247]],[[97.7576,19.2995],[97.7505,19.2924],[97.7583,19.2917],[97.7576,19.2995]],[[97.7427,19.358],[97.75,19.35],[97.7496,19.3574],[97.7427,19.358]],[[97.7583,19.175],[97.7506,19.1827],[97.7505,19.1757],[97.7583,19.175]],[[97.7921,19.1686],[97.7998,19.1811],[97.7917,19.1833],[97.7921,19.1686]],[[97.6329,19.1741],[97.6255,19.1674],[97.6333,19.1667],[97.6329,19.1741]],[[97.7227,19.0914],[97.711,19.0835],[97.725,19.0833],[97.7227,19.0914]],[[97.7732,19.1209],[97.7435,19.1373],[97.7439,19.1114],[97.7732,19.1209]],[[97.7923,19.041],[97.8,19.0333],[97.7996,19.0408],[97.7923,19.041]],[[97.8261,19.0336],[97.832,19.0415],[97.825,19.0417],[97.8261,19.0336]],[[97.7746,19.0408],[97.767,19.0344],[97.775,19.0333],[97.7746,19.0408]],[[97.9585,18.961],[97.9664,18.9727],[97.9583,18.975],[97.9585,18.961]],[[97.8921,18.9103],[97.8998,18.9227],[97.8917,18.925],[97.8921,18.9103]],[[97.9678,18.9086],[97.9737,18.9165],[97.9667,18.9167],[97.9678,18.9086]],[[97.8733,18.9141],[97.8434,18.8876],[97.8372,18.852],[97.8638,18.853],[97.8527,18.8791],[97.8716,18.8696],[97.8897,18.8874],[97.8733,18.9141]],[[97.8757,18.8505],[97.8828,18.8576],[97.875,18.8583],[97.8757,18.8505]],[[97.8246,18.8574],[97.8172,18.8507],[97.825,18.85],[97.8246,18.8574]],[[97.8907,18.8337],[97.8833,18.8417],[97.8838,18.8342],[97.8907,18.8337]],[[97.8678,18.8092],[97.8744,18.8235],[97.8684,18.8246],[97.8678,18.8092]],[[97.8252,18.8014],[97.8331,18.8072],[97.825,18.8083],[97.8252,18.8014]],[[97.8096,18.7939],[97.8237,18.7902],[97.8097,18.7989],[97.8096,18.7939]],[[97.8823,18.7754],[97.875,18.7833],[97.8754,18.7759],[97.8823,18.7754]],[[97.874,18.7504],[97.8667,18.7583],[97.8671,18.7509],[97.874,18.7504]],[[97.8823,18.717],[97.875,18.725],[97.8754,18.7176],[97.8823,18.717]],[[97.9073,18.6754],[97.9,18.6833],[97.9004,18.6759],[97.9073,18.6754]],[[97.9248,18.6237],[97.917,18.6178],[97.925,18.6167],[97.9248,18.6237]],[[97.9356,18.6169],[97.9473,18.6248],[97.9333,18.625],[97.9356,18.6169]],[[97.9823,18.4587],[97.975,18.4667],[97.9754,18.4592],[97.9823,18.4587]],[[97.9762,18.3966],[97.9903,18.4292],[97.9667,18.4333],[97.9762,18.3966]],[[97.9907,18.3754],[97.9833,18.3833],[97.9838,18.3759],[97.9907,18.3754]],[[97.9657,18.242],[97.9583,18.25],[97.9588,18.2426],[97.9657,18.242]],[[97.9692,18.1776],[97.9751,18.1996],[97.9669,18.2328],[97.9602,18.2264],[97.9692,18.1776]],[[97.851,18.183],[97.8583,18.175],[97.8579,18.1824],[97.851,18.183]],[[97.8385,18.1805],[97.821,18.1527],[97.7952,18.1645],[97.7923,18.1116],[97.8,18.1417],[97.855,18.1441],[97.8385,18.1805]],[[97.9835,18.143],[97.9914,18.1489],[97.9833,18.15],[97.9835,18.143]],[[97.7723,18.1657],[97.7773,18.1439],[97.7819,18.1433],[97.7723,18.1657]],[[97.7677,18.0908],[97.775,18.075],[97.7739,18.0909],[97.7677,18.0908]],[[97.856,18.08],[97.8011,18.0643],[97.8216,18.0572],[97.84,18.0109],[97.8479,18.0214],[97.8333,18.0346],[97.856,18.08]],[[97.9823,18.042],[97.975,18.05],[97.9754,18.0426],[97.9823,18.042]],[[97.5913,18.0408],[97.5839,18.034],[97.5917,18.0333],[97.5913,18.0408]],[[97.6576,18.0522],[97.6333,18.0583],[97.6262,18.0708],[97.6281,18.0597],[97.6532,18.0356],[97.6576,18.0522]],[[97.6094,18.0663],[97.6167,18.0583],[97.6163,18.0658],[97.6094,18.0663]],[[97.6583,18.0667],[97.6431,18.0743],[97.6421,18.0683],[97.6583,18.0667]],[[97.7757,18.065],[97.7828,18.0515],[97.7819,18.0662],[97.7757,18.065]],[[97.6406,18.0914],[97.6347,18.0835],[97.6417,18.0833],[97.6406,18.0914]],[[97.8632,18.0063],[97.8439,17.9966],[97.8514,17.939],[97.8749,17.9147],[97.8589,17.8993],[97.8714,17.8784],[97.8275,17.8304],[97.8374,17.7942],[97.8542,17.8312],[97.8705,17.81],[97.889,17.8182],[97.8676,17.8516],[97.8942,17.8812],[97.9395,17.8626],[97.8883,17.9406],[97.8684,17.9462],[97.8821,17.9666],[97.8727,17.9978],[97.8632,18.0063]],[[97.9836,17.9229],[97.9997,17.9444],[97.9833,17.95],[97.9836,17.9229]],[[97.6927,17.7997],[97.7,17.7917],[97.6996,17.7991],[97.6927,17.7997]],[[97.7396,17.8947],[97.7109,17.8862],[97.7516,17.8174],[97.7422,17.8475],[97.757,17.8699],[97.7396,17.8947]],[[97.8268,17.8847],[97.8407,17.8943],[97.8394,17.9073],[97.8346,17.906],[97.8268,17.8847]],[[97.7131,17.9244],[97.7093,17.911],[97.7224,17.9009],[97.7167,17.9083],[97.7131,17.9244]],[[97.6579,17.9397],[97.6503,17.9273],[97.6583,17.925],[97.6579,17.9397]],[[97.8211,17.9348],[97.8377,17.9554],[97.8195,17.9554],[97.8211,17.9348]],[[97.65,17.95],[97.6282,17.9891],[97.6183,17.9624],[97.65,17.95]],[[97.6823,17.967],[97.675,17.975],[97.6754,17.9676],[97.6823,17.967]],[[97.6833,18.0],[97.6907,17.992],[97.6914,17.9989],[97.6833,18.0]],[[97.5406,17.9997],[97.5347,17.9919],[97.5417,17.9917],[97.5406,17.9997]],[[97.7125,17.7604],[97.7408,17.7386],[97.7122,17.7641],[97.7125,17.7604]],[[97.8174,17.7346],[97.8245,17.7484],[97.8167,17.75],[97.8174,17.7346]],[[97.8428,17.7336],[97.8487,17.7415],[97.8417,17.7417],[97.8428,17.7336]],[[97.8754,17.7259],[97.8828,17.7326],[97.875,17.7333],[97.8754,17.7259]],[[97.8921,17.7176],[97.8995,17.7243],[97.8917,17.725],[97.8921,17.7176]],[[97.7496,17.7241],[97.742,17.7178],[97.75,17.7167],[97.7496,17.7241]],[[97.8081,17.7237],[97.8003,17.7178],[97.8083,17.7167],[97.8081,17.7237]],[[97.7248,17.707],[97.717,17.7011],[97.725,17.7],[97.7248,17.707]],[[97.7419,17.6895],[97.7484,17.705],[97.7405,17.7083],[97.7337,17.7004],[97.7419,17.6895]],[[97.7657,17.692],[97.7583,17.7],[97.7588,17.6926],[97.7657,17.692]],[[97.8095,17.6336],[97.8158,17.6413],[97.8083,17.6417],[97.8095,17.6336]],[[97.7085,17.6193],[97.7166,17.6303],[97.7083,17.6333],[97.7085,17.6193]],[[97.7972,17.6226],[97.7756,17.5736],[97.7926,17.5449],[97.805,17.5739],[97.8384,17.5521],[97.8227,17.5812],[97.7932,17.5795],[97.7972,17.6226]],[[96.8819,17.5472],[96.8595,17.5367],[96.8712,17.5263],[96.8819,17.5472]],[[97.7674,17.5255],[97.7745,17.5326],[97.7667,17.5333],[97.7674,17.5255]],[[96.8489,17.5414],[96.843,17.5335],[96.85,17.5333],[96.8489,17.5414]],[[96.9077,17.5506],[96.9,17.5583],[96.9007,17.5505],[96.9077,17.5506]],[[96.8489,17.5581],[96.843,17.5502],[96.85,17.55],[96.8489,17.5581]],[[97.1107,17.5519],[97.1227,17.5569],[97.102,17.5729],[97.1107,17.5519]],[[96.8814,17.5806],[96.8612,17.5697],[96.8815,17.5611],[96.8814,17.5806]],[[96.8318,17.5828],[96.818,17.5757],[96.8333,17.575],[96.8318,17.5828]],[[97.5415,17.5903],[97.5336,17.5844],[97.5417,17.5833],[97.5415,17.5903]],[[96.9752,17.6014],[96.9831,17.6072],[96.975,17.6083],[96.9752,17.6014]],[[96.9238,17.6061],[96.9096,17.6098],[96.9236,17.6011],[96.9238,17.6061]],[[96.9417,17.6083],[96.934,17.616],[96.9339,17.609],[96.9417,17.6083]],[[97.6417,17.6167],[97.632,17.6395],[97.6275,17.6407],[97.6258,17.6195],[97.6417,17.6167]],[[97.4826,17.6495],[97.4759,17.6421],[97.4833,17.6417],[97.4826,17.6495]],[[97.5248,17.657],[97.517,17.6511],[97.525,17.65],[97.5248,17.657]],[[97.441,17.6745],[97.4342,17.6671],[97.4417,17.6667],[97.441,17.6745]],[[96.9329,17.6824],[96.9255,17.6757],[96.9333,17.675],[96.9329,17.6824]],[[97.5257,17.6755],[97.5324,17.6829],[97.525,17.6833],[97.5257,17.6755]],[[97.3945,17.7232],[97.401,17.6956],[97.4056,17.6929],[97.4072,17.7113],[97.3945,17.7232]],[[97.1633,17.74],[97.1518,17.7281],[97.1706,17.7099],[97.1667,17.7167],[97.1633,17.74]],[[97.5923,17.7244],[97.6,17.7167],[97.5996,17.7241],[97.5923,17.7244]],[[97.6095,17.7169],[97.6153,17.7248],[97.6083,17.725],[97.6095,17.7169]],[[97.2919,17.718],[97.2997,17.7239],[97.2917,17.725],[97.2919,17.718]],[[97.1068,17.7578],[97.093,17.7507],[97.1083,17.75],[97.1068,17.7578]],[[97.1787,17.7523],[97.2149,17.7702],[97.2118,17.8048],[97.2564,17.8122],[97.235,17.8388],[97.247,17.8567],[97.2268,17.874],[97.187,17.8599],[97.1536,17.8985],[97.1305,17.8293],[97.1028,17.8384],[97.1167,17.8],[97.0848,17.7869],[97.1027,17.7764],[97.1367,17.8071],[97.1512,17.7783],[97.1798,17.7738],[97.1787,17.7523]],[[96.8413,17.7741],[96.8339,17.7674],[96.8417,17.7667],[96.8413,17.7741]],[[96.8581,17.782],[96.8503,17.7761],[96.8583,17.775],[96.8581,17.782]],[[96.8833,17.7732],[96.8916,17.787],[96.8872,17.7915],[96.8833,17.7732]],[[96.9191,17.7836],[96.9307,17.7915],[96.9167,17.7917],[96.9191,17.7836]],[[96.8644,17.8208],[96.8525,17.8396],[96.8529,17.8111],[96.8644,17.8208]],[[96.816,17.8328],[96.8092,17.8254],[96.8167,17.825],[96.816,17.8328]],[[96.8331,17.8403],[96.8253,17.8344],[96.8333,17.8333],[96.8331,17.8403]],[[96.9748,17.8487],[96.967,17.8428],[96.975,17.8417],[96.9748,17.8487]],[[96.8738,17.8561],[96.8596,17.8598],[96.8736,17.8511],[96.8738,17.8561]],[[96.8826,17.8995],[96.8755,17.8924],[96.8833,17.8917],[96.8826,17.8995]],[[97.2573,17.7837],[97.25,17.7917],[97.2504,17.7842],[97.2573,17.7837]],[[97.1474,17.5231],[97.1334,17.4949],[97.1375,17.4849],[97.1474,17.5231]],[[97.949,17.5087],[97.9417,17.5167],[97.9421,17.5092],[97.949,17.5087]],[[97.7939,17.4904],[97.7902,17.4763],[97.7989,17.4903],[97.7939,17.4904]],[[97.0711,17.4686],[97.0787,17.4356],[97.1155,17.4559],[97.1227,17.4804],[97.0965,17.5224],[97.0965,17.485],[97.0711,17.4686]],[[96.951,17.4747],[96.9583,17.4667],[96.9579,17.4741],[96.951,17.4747]],[[96.9094,17.4663],[96.9167,17.4583],[96.9163,17.4658],[96.9094,17.4663]],[[96.976,17.4913],[96.9833,17.4833],[96.9829,17.4908],[96.976,17.4913]],[[97.4202,17.4592],[97.4393,17.468],[97.4403,17.4733],[97.4274,17.4729],[97.4202,17.4592]],[[97.4335,17.4443],[97.4414,17.4561],[97.4333,17.4583],[97.4335,17.4443]],[[97.4338,17.4259],[97.4411,17.4326],[97.4333,17.4333],[97.4338,17.4259]],[[96.9919,17.418],[96.9997,17.4239],[96.9917,17.425],[96.9919,17.418]],[[96.9504,17.4073],[96.9583,17.4],[96.9572,17.4081],[96.9504,17.4073]],[[97.6163,16.8357],[97.6002,16.8074],[97.6089,16.7835],[97.6224,16.7874],[97.6163,16.8357]],[[97.7387,16.6304],[97.7282,16.6026],[97.7477,16.612],[97.7387,16.6304]],[[97.9106,16.6237],[97.902,16.609],[97.9156,16.6236],[97.9106,16.6237]],[[97.8656,16.6164],[97.8597,16.6085],[97.8667,16.6083],[97.8656,16.6164]],[[97.9673,16.6077],[97.975,16.6],[97.9743,16.6078],[97.9673,16.6077]],[[97.9845,16.6003],[97.9903,16.6081],[97.9833,16.6083],[97.9845,16.6003]],[[97.881,16.606],[97.8285,16.5658],[97.8397,16.5374],[97.8026,16.5113],[97.8469,16.5346],[97.8362,16.5648],[97.881,16.606]],[[97.8951,16.5903],[97.8938,16.5697],[97.9045,16.5677],[97.9139,16.5798],[97.8951,16.5903]],[[97.9271,16.5775],[97.9484,16.5732],[97.9267,16.5819],[97.9271,16.5775]],[[97.876,16.583],[97.8833,16.575],[97.8829,16.5824],[97.876,16.583]],[[97.8904,16.5152],[97.8763,16.5189],[97.8906,16.5097],[97.8904,16.5152]],[[97.7879,16.511],[97.7554,16.5474],[97.7356,16.5369],[97.7879,16.511]],[[97.8062,16.5398],[97.7977,16.556],[97.7858,16.5554],[97.7928,16.5277],[97.8062,16.5398]],[[97.7311,16.5664],[97.7195,16.5585],[97.7333,16.5583],[97.7311,16.5664]],[[97.843,16.6168],[97.795,16.6234],[97.7846,16.613],[97.7846,16.5954],[97.8212,16.5846],[97.843,16.6168]],[[97.7677,16.608],[97.775,16.6],[97.7746,16.6074],[97.7677,16.608]],[[97.6906,16.6367],[97.6648,16.6491],[97.6522,16.6277],[97.6629,16.6191],[97.6906,16.6367]],[[97.79,16.6362],[97.7851,16.6455],[97.7872,16.6571],[97.7771,16.6461],[97.79,16.6362]],[[97.8743,16.6995],[97.8676,16.6921],[97.875,16.6917],[97.8743,16.6995]],[[97.9667,16.7],[97.9514,16.7077],[97.9504,16.7017],[97.9667,16.7]],[[97.7822,16.7135],[97.7591,16.7205],[97.7833,16.7083],[97.7822,16.7135]],[[97.8322,16.7664],[97.8264,16.7585],[97.8333,16.7583],[97.8322,16.7664]],[[97.8167,16.7833],[97.8244,16.7756],[97.8245,16.7826],[97.8167,16.7833]],[[97.8072,16.7831],[97.8014,16.7752],[97.8083,16.775],[97.8072,16.7831]],[[97.85,16.7833],[97.8423,16.791],[97.8422,16.784],[97.85,16.7833]],[[97.9413,16.8324],[97.9336,16.8261],[97.9417,16.825],[97.9413,16.8324]],[[97.6185,16.8699],[97.6368,16.9059],[97.6183,16.8795],[97.6185,16.8699]],[[97.4233,16.9236],[97.4093,16.914],[97.4104,16.9012],[97.425,16.9083],[97.4233,16.9236]],[[97.5657,16.917],[97.5583,16.925],[97.5588,16.9176],[97.5657,16.917]],[[97.4498,16.939],[97.4419,16.9273],[97.45,16.925],[97.4498,16.939]],[[97.4249,16.9462],[97.4167,16.9371],[97.4218,16.9333],[97.4249,16.9462]],[[97.6417,16.9583],[97.6099,16.9871],[97.6111,17.0314],[97.6026,16.9704],[97.6292,16.9439],[97.6417,16.9583]],[[97.1822,16.9664],[97.1759,16.9587],[97.1833,16.9583],[97.1822,16.9664]],[[97.4488,16.9798],[97.4304,16.9902],[97.4256,16.9877],[97.4384,16.9672],[97.4488,16.9798]],[[97.225,16.9833],[97.2091,16.998],[97.2101,16.9842],[97.225,16.9833]],[[97.324,17.0136],[97.3006,17.0168],[97.325,17.0],[97.324,17.0136]],[[97.2663,17.0158],[97.2589,17.009],[97.2667,17.0083],[97.2663,17.0158]],[[97.287,17.009],[97.281,17.0311],[97.2765,17.0317],[97.287,17.009]],[[97.2576,17.0328],[97.2505,17.0257],[97.2583,17.025],[97.2576,17.0328]],[[97.2152,17.0347],[97.2358,17.0822],[97.1939,17.0915],[97.1772,17.0806],[97.2152,17.0347]],[[97.6088,17.0686],[97.6164,17.0811],[97.6083,17.0833],[97.6088,17.0686]],[[97.6831,17.0737],[97.6753,17.0678],[97.6833,17.0667],[97.6831,17.0737]],[[97.9678,17.0669],[97.9737,17.0748],[97.9667,17.075],[97.9678,17.0669]],[[97.6,17.0583],[97.6054,17.042],[97.6082,17.0543],[97.6,17.0583]],[[97.9006,17.0494],[97.9083,17.0417],[97.9079,17.0491],[97.9006,17.0494]],[[97.9511,17.0419],[97.957,17.0498],[97.95,17.05],[97.9511,17.0419]],[[97.6737,17.0432],[97.6596,17.0394],[97.6597,17.0344],[97.6737,17.0432]],[[97.6489,17.0414],[97.643,17.0335],[97.65,17.0333],[97.6489,17.0414]],[[97.4239,17.0408],[97.4173,17.0265],[97.4233,17.0254],[97.4239,17.0408]],[[97.484,17.0244],[97.4917,17.0167],[97.491,17.0245],[97.484,17.0244]],[[97.5178,17.0169],[97.5237,17.0248],[97.5167,17.025],[97.5178,17.0169]],[[97.3583,17.0167],[97.366,17.009],[97.3661,17.016],[97.3583,17.0167]],[[97.5588,17.0009],[97.5661,17.0076],[97.5583,17.0083],[97.5588,17.0009]],[[97.5081,17.0487],[97.5003,17.0428],[97.5083,17.0417],[97.5081,17.0487]],[[97.8165,17.0487],[97.8086,17.0428],[97.8167,17.0417],[97.8165,17.0487]],[[97.5905,17.0592],[97.5839,17.0735],[97.5848,17.0588],[97.5905,17.0592]],[[97.5256,16.991],[97.5333,16.9833],[97.5329,16.9908],[97.5256,16.991]],[[97.5511,16.9836],[97.557,16.9915],[97.55,16.9917],[97.5511,16.9836]],[[97.4085,16.9847],[97.4164,16.9906],[97.4083,16.9917],[97.4085,16.9847]],[[97.6573,17.017],[97.65,17.025],[97.6504,17.0176],[97.6573,17.017]],[[97.8698,17.0014],[97.8992,17.0058],[97.8667,17.0083],[97.8698,17.0014]],[[97.7449,17.0065],[97.7784,16.9691],[97.7885,16.9687],[97.7807,16.9886],[97.7449,17.0065]],[[97.8877,16.9892],[97.8609,16.953],[97.9115,16.9511],[97.9314,16.9709],[97.8877,16.9892]],[[97.949,16.967],[97.9417,16.975],[97.9421,16.9676],[97.949,16.967]],[[97.974,16.9504],[97.9667,16.9583],[97.9671,16.9509],[97.974,16.9504]],[[97.7585,16.943],[97.7664,16.9489],[97.7583,16.95],[97.7585,16.943]],[[97.7335,16.9837],[97.7064,16.9914],[97.7012,16.9871],[97.7213,16.9763],[97.7335,16.9837]],[[97.6917,16.925],[97.684,16.9327],[97.6839,16.9257],[97.6917,16.925]],[[97.9083,16.925],[97.9236,16.9173],[97.9246,16.9233],[97.9083,16.925]],[[97.9516,16.9089],[97.9654,16.916],[97.95,16.9167],[97.9516,16.9089]],[[97.6417,16.925],[97.6494,16.9173],[97.6495,16.9243],[97.6417,16.925]],[[97.7046,16.8904],[97.688,16.8991],[97.6835,16.8955],[97.6875,16.8837],[97.7046,16.8904]],[[97.749,16.8837],[97.7417,16.8917],[97.7421,16.8842],[97.749,16.8837]],[[97.6919,17.093],[97.6997,17.0989],[97.6917,17.1],[97.6919,17.093]],[[97.5989,17.0997],[97.593,17.0919],[97.6,17.0917],[97.5989,17.0997]],[[97.5654,17.0985],[97.5513,17.1022],[97.5656,17.093],[97.5654,17.0985]],[[97.2628,17.103],[97.2691,17.1237],[97.286,17.1012],[97.2977,17.1219],[97.2824,17.1543],[97.2534,17.1439],[97.2641,17.1722],[97.2462,17.1897],[97.244,17.1041],[97.2525,17.0951],[97.2628,17.103]],[[97.7917,17.1333],[97.7833,17.1259],[97.8055,17.1363],[97.7968,17.181],[97.7917,17.1333]],[[97.8336,17.1416],[97.8506,17.15],[97.8249,17.1497],[97.8336,17.1416]],[[97.8424,17.1255],[97.8495,17.1326],[97.8417,17.1333],[97.8424,17.1255]],[[97.7097,17.1417],[97.7003,17.1315],[97.7138,17.1183],[97.7234,17.13],[97.7097,17.1417]],[[97.3326,17.1411],[97.3259,17.1337],[97.3333,17.1333],[97.3326,17.1411]],[[97.5081,17.1487],[97.5003,17.1428],[97.5083,17.1417],[97.5081,17.1487]],[[97.3163,17.1574],[97.3089,17.1507],[97.3167,17.15],[97.3163,17.1574]],[[97.6907,17.1587],[97.6833,17.1667],[97.6838,17.1592],[97.6907,17.1587]],[[97.6228,17.1596],[97.6265,17.1737],[97.6178,17.1597],[97.6228,17.1596]],[[97.2826,17.1745],[97.2759,17.1671],[97.2833,17.1667],[97.2826,17.1745]],[[97.5919,17.1471],[97.6159,17.1466],[97.5956,17.157],[97.5919,17.1471]],[[97.3573,17.1087],[97.35,17.1167],[97.3504,17.1092],[97.3573,17.1087]],[[97.2427,17.208],[97.25,17.2],[97.2496,17.2074],[97.2427,17.208]],[[97.5061,17.2096],[97.5099,17.2237],[97.5011,17.2097],[97.5061,17.2096]],[[97.2083,17.2285],[97.2,17.2204],[97.2052,17.2166],[97.2083,17.2285]],[[97.1085,17.2347],[97.1164,17.2406],[97.1083,17.2417],[97.1085,17.2347]],[[97.1077,17.2506],[97.1,17.2583],[97.1004,17.2509],[97.1077,17.2506]],[[97.0464,17.2744],[97.0427,17.261],[97.0557,17.2509],[97.05,17.2583],[97.0464,17.2744]],[[97.084,17.266],[97.0917,17.2583],[97.0913,17.2658],[97.084,17.266]],[[97.2504,17.2509],[97.2581,17.2572],[97.25,17.2583],[97.2504,17.2509]],[[97.1335,17.2514],[97.1414,17.2572],[97.1333,17.2583],[97.1335,17.2514]],[[97.0677,17.2663],[97.075,17.2583],[97.0746,17.2658],[97.0677,17.2663]],[[97.1327,17.2756],[97.125,17.2833],[97.1254,17.2759],[97.1327,17.2756]],[[97.0739,17.2831],[97.068,17.2752],[97.075,17.275],[97.0739,17.2831]],[[97.6504,17.2759],[97.6581,17.2822],[97.65,17.2833],[97.6504,17.2759]],[[97.0094,17.3163],[97.0167,17.3083],[97.0163,17.3158],[97.0094,17.3163]],[[97.576,17.333],[97.5833,17.325],[97.5829,17.3324],[97.576,17.333]],[[97.0246,17.3408],[97.0172,17.334],[97.025,17.3333],[97.0246,17.3408]],[[96.9829,17.3491],[96.9755,17.3424],[96.9833,17.3417],[96.9829,17.3491]],[[97.6343,17.3509],[97.6405,17.3658],[97.6343,17.3658],[97.6343,17.3509]],[[96.9579,17.3658],[96.9505,17.359],[96.9583,17.3583],[96.9579,17.3658]],[[97.119,17.3594],[97.1316,17.382],[97.1176,17.3721],[97.119,17.3594]],[[96.9831,17.3805],[96.9672,17.3796],[96.9696,17.3675],[96.9831,17.3805]],[[97.4559,17.398],[97.429,17.4001],[97.4181,17.3961],[97.4468,17.3861],[97.4559,17.398]],[[97.7507,17.3922],[97.7574,17.3996],[97.75,17.4],[97.7507,17.3922]],[[97.725,17.3917],[97.7403,17.384],[97.7413,17.39],[97.725,17.3917]],[[97.6977,17.3906],[97.6851,17.368],[97.6991,17.3779],[97.6977,17.3906]],[[97.2502,17.343],[97.2581,17.3489],[97.25,17.35],[97.2502,17.343]],[[97.0361,17.3496],[97.0448,17.334],[97.0493,17.3354],[97.0361,17.3496]],[[97.4523,16.7419],[97.464,16.7498],[97.45,16.75],[97.4523,16.7419]],[[97.3657,16.7254],[97.3583,16.7333],[97.3588,16.7259],[97.3657,16.7254]],[[97.3083,16.6981],[97.2859,16.7046],[97.308,16.6749],[97.3083,16.6981]],[[97.3653,16.6589],[97.4144,16.6721],[97.3417,16.7083],[97.343,16.6786],[97.3653,16.6589]],[[97.4616,16.6861],[97.481,16.6729],[97.4605,16.6978],[97.4616,16.6861]],[[97.5341,16.6672],[97.5411,16.6743],[97.5333,16.675],[97.5341,16.6672]],[[97.5511,16.6478],[97.5763,16.635],[97.5897,16.6454],[97.5697,16.6448],[97.5709,16.6669],[97.5529,16.6642],[97.5511,16.6478]],[[97.599,16.6254],[97.5917,16.6333],[97.5921,16.6259],[97.599,16.6254]],[[97.349,16.6004],[97.3417,16.6083],[97.3421,16.6009],[97.349,16.6004]],[[97.9579,16.4324],[97.9505,16.4257],[97.9583,16.425],[97.9579,16.4324]],[[97.888,16.1945],[97.8531,16.2151],[97.844,16.2034],[97.888,16.1945]],[[97.7579,16.1695],[97.751,16.1901],[97.754,16.1669],[97.7579,16.1695]],[[97.8922,16.1449],[97.9062,16.1714],[97.8917,16.1827],[97.883,16.165],[97.8922,16.1449]],[[97.7677,16.1663],[97.775,16.1583],[97.7746,16.1658],[97.7677,16.1663]],[[97.9667,16.1083],[97.959,16.116],[97.9589,16.109],[97.9667,16.1083]],[[97.8833,16.1083],[97.8986,16.1007],[97.8996,16.1067],[97.8833,16.1083]],[[97.9077,16.0918],[97.9093,16.0773],[97.9232,16.0763],[97.9229,16.0811],[97.9077,16.0918]],[[97.9296,15.9965],[97.9175,15.9726],[97.9394,15.9522],[97.9481,15.9707],[97.9296,15.9965]],[[97.691,15.959],[97.6833,15.9667],[97.6838,15.9592],[97.691,15.959]],[[97.6644,15.9664],[97.6527,15.9585],[97.6667,15.9583],[97.6644,15.9664]],[[97.7338,15.9592],[97.7414,15.9656],[97.7333,15.9667],[97.7338,15.9592]],[[97.7338,15.9863],[97.7437,15.9759],[97.7488,15.9771],[97.747,15.9911],[97.7338,15.9863]],[[97.975,16.0417],[97.9827,16.034],[97.9828,16.041],[97.975,16.0417]],[[97.9663,16.0481],[97.9586,16.0356],[97.9667,16.0333],[97.9663,16.0481]],[[97.9169,16.043],[97.9247,16.0489],[97.9167,16.05],[97.9169,16.043]],[[97.6561,16.0498],[97.6443,16.0419],[97.6583,16.0417],[97.6561,16.0498]],[[97.6238,16.0561],[97.6096,16.0598],[97.6236,16.0511],[97.6238,16.0561]],[[97.927,16.0617],[97.9727,16.0706],[97.9532,16.0796],[97.927,16.0617]],[[97.9323,15.9337],[97.925,15.9417],[97.9254,15.9342],[97.9323,15.9337]],[[97.9417,15.9],[97.9494,15.8923],[97.9495,15.8993],[97.9417,15.9]],[[97.7653,15.9054],[97.7602,15.8871],[97.773,15.8771],[97.7653,15.9054]],[[97.9423,15.8827],[97.95,15.875],[97.9496,15.8824],[97.9423,15.8827]],[[97.9845,15.8753],[97.9903,15.8831],[97.9833,15.8833],[97.9845,15.8753]],[[97.9329,15.8824],[97.9253,15.8761],[97.9333,15.875],[97.9329,15.8824]],[[97.741,15.9078],[97.7339,15.9007],[97.7417,15.9],[97.741,15.9078]],[[97.9587,15.9073],[97.9667,15.9],[97.9656,15.9081],[97.9587,15.9073]],[[97.924,15.8587],[97.9167,15.8667],[97.9171,15.8592],[97.924,15.8587]],[[97.9338,15.8509],[97.9411,15.8576],[97.9333,15.8583],[97.9338,15.8509]],[[97.9822,15.8414],[97.9759,15.8337],[97.9833,15.8333],[97.9822,15.8414]],[[97.9419,15.8264],[97.9497,15.8322],[97.9417,15.8333],[97.9419,15.8264]],[[97.7833,15.825],[97.7915,15.8111],[97.7889,15.8248],[97.7833,15.825]],[[97.8081,15.832],[97.8003,15.8261],[97.8083,15.825],[97.8081,15.832]],[[97.9304,15.7889],[97.953,15.7596],[97.9726,15.8038],[97.928,15.8057],[97.9188,15.7786],[97.9304,15.7889]],[[97.949,15.7337],[97.9417,15.7417],[97.9421,15.7342],[97.949,15.7337]],[[97.825,15.7167],[97.8403,15.709],[97.8413,15.715],[97.825,15.7167]],[[97.9748,15.7237],[97.967,15.7178],[97.975,15.7167],[97.9748,15.7237]],[[97.7906,15.6414],[97.7847,15.6335],[97.7917,15.6333],[97.7906,15.6414]],[[97.9254,15.5926],[97.9331,15.5989],[97.925,15.6],[97.9254,15.5926]],[[97.7839,15.5985],[97.7905,15.5842],[97.7899,15.5996],[97.7839,15.5985]],[[97.7669,15.5764],[97.7747,15.5822],[97.7667,15.5833],[97.7669,15.5764]],[[97.8573,15.517],[97.85,15.525],[97.8504,15.5176],[97.8573,15.517]],[[97.8083,15.5083],[97.8236,15.5007],[97.8246,15.5067],[97.8083,15.5083]],[[97.8213,15.2945],[97.7986,15.3389],[97.7778,15.3391],[97.7872,15.2934],[97.8113,15.2855],[97.8213,15.2945]],[[97.901,15.233],[97.9083,15.225],[97.9079,15.2324],[97.901,15.233]],[[97.8996,15.2491],[97.8922,15.2424],[97.9,15.2417],[97.8996,15.2491]],[[97.9743,15.2828],[97.9676,15.2754],[97.975,15.275],[97.9743,15.2828]],[[97.801,15.433],[97.8083,15.425],[97.8079,15.4324],[97.801,15.433]],[[97.8177,15.483],[97.825,15.475],[97.8246,15.4824],[97.8177,15.483]],[[97.7749,15.4879],[97.7666,15.479],[97.7718,15.475],[97.7749,15.4879]],[[97.9721,15.1712],[97.9524,15.1475],[97.9558,15.1422],[97.9734,15.1466],[97.9721,15.1712]],[[97.9413,14.9491],[97.9339,14.9424],[97.9417,14.9417],[97.9413,14.9491]],[[97.9256,14.9735],[97.9322,14.9592],[97.9316,14.9746],[97.9256,14.9735]],[[97.9344,15.0163],[97.9417,15.0083],[97.9413,15.0158],[97.9344,15.0163]],[[97.8977,15.0831],[97.8853,15.0754],[97.9,15.075],[97.8977,15.0831]],[[97.926,15.1247],[97.9333,15.1167],[97.9329,15.1241],[97.926,15.1247]],[[97.9427,15.1663],[97.95,15.1583],[97.9496,15.1658],[97.9427,15.1663]],[[97.9752,17.7597],[97.9831,17.7656],[97.975,17.7667],[97.9752,17.7597]],[[97.701,19.5913],[97.7083,19.5833],[97.7079,19.5908],[97.701,19.5913]],[[97.7002,19.6014],[97.7081,19.6072],[97.7,19.6083],[97.7002,19.6014]],[[97.6822,19.6081],[97.6764,19.6002],[97.6833,19.6],[97.6822,19.6081]],[[97.6677,19.683],[97.675,19.675],[97.6746,19.6824],[97.6677,19.683]],[[97.5493,19.7245],[97.5426,19.7171],[97.55,19.7167],[97.5493,19.7245]],[[97.6229,19.7275],[97.6579,19.8002],[97.7058,19.7611],[97.6594,19.8113],[97.7135,19.7947],[97.7229,19.8383],[97.6876,19.8312],[97.6831,19.8091],[97.6634,19.8558],[97.6315,19.811],[97.6191,19.8384],[97.6025,19.8125],[97.6023,19.7868],[97.6249,19.798],[97.6106,19.7353],[97.6229,19.7275]],[[97.7088,19.8543],[97.7035,19.8659],[97.6769,19.864],[97.6896,19.8428],[97.7088,19.8543]],[[97.726,19.8913],[97.7333,19.8833],[97.7329,19.8908],[97.726,19.8913]],[[97.6727,19.9414],[97.661,19.9335],[97.675,19.9333],[97.6727,19.9414]],[[97.6685,19.9773],[97.6723,19.9969],[97.6439,20.0049],[97.6353,19.9615],[97.6685,19.9773]],[[97.7673,20.0569],[97.7739,20.0426],[97.7733,20.058],[97.7673,20.0569]],[[97.6976,20.0537],[97.7323,20.1055],[97.7363,20.1406],[97.6941,20.1143],[97.6774,20.0526],[97.6976,20.0537]],[[97.8323,20.1087],[97.825,20.1167],[97.8254,20.1092],[97.8323,20.1087]],[[97.7911,20.0765],[97.7845,20.0908],[97.7851,20.0754],[97.7911,20.0765]],[[97.6639,19.7661],[97.6625,19.7502],[97.6746,19.7528],[97.6639,19.7661]],[[97.6665,19.7403],[97.6586,19.7344],[97.6667,19.7333],[97.6665,19.7403]],[[97.6761,19.7336],[97.682,19.7415],[97.675,19.7417],[97.6761,19.7336]],[[97.201,18.8497],[97.2083,18.8417],[97.2079,18.8491],[97.201,18.8497]],[[97.2589,18.9402],[97.2655,18.9259],[97.2649,18.9413],[97.2589,18.9402]],[[97.2156,18.9414],[97.2097,18.9335],[97.2167,18.9333],[97.2156,18.9414]],[[97.2313,19.006],[97.235,18.9622],[97.2477,18.9621],[97.2313,19.006]],[[97.2094,19.0497],[97.2167,19.0417],[97.2163,19.0491],[97.2094,19.0497]],[[97.2927,19.0913],[97.3,19.0833],[97.2996,19.0908],[97.2927,19.0913]],[[97.2927,19.108],[97.3,19.1],[97.2996,19.1074],[97.2927,19.108]],[[97.3588,19.2472],[97.3657,19.2266],[97.3627,19.2498],[97.3588,19.2472]],[[97.3838,19.3167],[97.3957,19.2609],[97.3874,19.3229],[97.3838,19.3167]],[[97.3561,19.2748],[97.3443,19.2669],[97.3583,19.2667],[97.3561,19.2748]],[[97.3844,19.9747],[97.3917,19.9667],[97.3913,19.9741],[97.3844,19.9747]],[[97.2647,18.1236],[97.2682,18.1017],[97.2738,18.1031],[97.2647,18.1236]],[[96.8923,19.0235],[96.8989,19.0092],[96.8983,19.0246],[96.8923,19.0235]],[[96.7496,19.0324],[96.7422,19.0257],[96.75,19.025],[96.7496,19.0324]],[[96.851,19.0913],[96.8583,19.0833],[96.8579,19.0908],[96.851,19.0913]],[[96.726,19.2747],[96.7333,19.2667],[96.7329,19.2741],[96.726,19.2747]],[[96.4335,19.6347],[96.4414,19.6406],[96.4333,19.6417],[96.4335,19.6347]],[[96.3821,19.6563],[96.3759,19.6445],[96.3917,19.6333],[96.3905,19.6476],[96.3821,19.6563]],[[96.4206,19.6578],[96.4141,19.6947],[96.4037,19.705],[96.4015,19.6552],[96.4206,19.6578]],[[96.4614,19.6671],[96.4632,19.6832],[96.45,19.6833],[96.4614,19.6671]],[[96.5733,19.6017],[96.5901,19.6102],[96.5903,19.6149],[96.5667,19.6167],[96.5733,19.6017]],[[96.5921,19.5842],[96.5995,19.591],[96.5917,19.5917],[96.5921,19.5842]],[[96.4478,19.7679],[96.4515,19.782],[96.4428,19.768],[96.4478,19.7679]],[[96.6341,19.7505],[96.6408,19.7579],[96.6333,19.7583],[96.6341,19.7505]],[[96.6095,19.7448],[96.6326,19.7378],[96.6083,19.75],[96.6095,19.7448]],[[96.674,19.6837],[96.6667,19.6917],[96.6671,19.6842],[96.674,19.6837]],[[96.5755,19.8863],[96.5854,19.8759],[96.5905,19.8771],[96.5886,19.8911],[96.5755,19.8863]],[[96.5064,19.8987],[96.4839,19.8938],[96.5083,19.8917],[96.5064,19.8987]],[[96.5295,20.0079],[96.5201,19.9922],[96.5417,19.9917],[96.5295,20.0079]],[[96.5719,20.1079],[96.5702,20.0919],[96.5833,20.0917],[96.5719,20.1079]],[[96.55,20.1417],[96.5653,20.134],[96.5663,20.14],[96.55,20.1417]],[[96.5344,20.1413],[96.5417,20.1333],[96.5413,20.1408],[96.5344,20.1413]],[[96.5583,20.1583],[96.5434,20.1892],[96.5278,20.1606],[96.5583,20.1583]],[[96.5396,20.2225],[96.5183,20.2269],[96.54,20.2181],[96.5396,20.2225]],[[95.1177,19.883],[95.125,19.875],[95.1246,19.8824],[95.1177,19.883]],[[94.4552,19.9257],[94.4605,19.9408],[94.4507,19.927],[94.4552,19.9257]],[[94.3677,20.033],[94.375,20.025],[94.3746,20.0324],[94.3677,20.033]],[[94.3844,20.083],[94.3917,20.075],[94.3913,20.0824],[94.3844,20.083]],[[96.3594,20.2413],[96.3667,20.2333],[96.3663,20.2408],[96.3594,20.2413]],[[96.3354,20.316],[96.3417,20.3],[96.3492,20.3148],[96.3354,20.316]],[[94.0993,20.6245],[94.0926,20.6171],[94.1,20.6167],[94.0993,20.6245]],[[96.352,20.6755],[96.3447,20.706],[96.3112,20.6716],[96.3182,20.6455],[96.3372,20.6264],[96.3698,20.6264],[96.373,20.6462],[96.3333,20.6583],[96.352,20.6755]],[[94.101,20.6497],[94.1083,20.6417],[94.1079,20.6491],[94.101,20.6497]],[[94.1849,20.759],[94.1667,20.7917],[94.1563,20.8705],[94.1199,20.9058],[94.1183,20.8116],[94.1302,20.8027],[94.1386,20.8305],[94.1849,20.759]],[[94.0403,20.8396],[94.0343,20.8277],[94.0474,20.8176],[94.0403,20.8396]],[[94.0727,20.8581],[94.061,20.8502],[94.075,20.85],[94.0727,20.8581]],[[94.0927,20.883],[94.1,20.875],[94.0996,20.8824],[94.0927,20.883]],[[94.1631,20.8905],[94.1888,20.8781],[94.1888,20.8981],[94.1539,20.9642],[94.1836,20.8995],[94.1631,20.8905]],[[94.2031,20.9644],[94.2277,20.9019],[94.2388,20.8942],[94.2031,20.9644]],[[96.3562,20.9554],[96.3395,20.981],[96.3018,20.9958],[96.2969,21.039],[96.2521,21.0213],[96.2748,20.9689],[96.2532,20.9467],[96.2633,20.9364],[96.2434,20.8791],[96.2726,20.8669],[96.3029,20.8824],[96.3242,20.8533],[96.3406,20.8719],[96.3416,20.9413],[96.3562,20.9554]],[[96.4084,20.8716],[96.4167,20.8796],[96.4115,20.8834],[96.4084,20.8716]],[[96.4761,20.8669],[96.482,20.8748],[96.475,20.875],[96.4761,20.8669]],[[96.3746,20.8741],[96.367,20.8678],[96.375,20.8667],[96.3746,20.8741]],[[96.4083,20.8514],[96.4169,20.85],[96.4123,20.8584],[96.4083,20.8514]],[[96.269,20.8373],[96.2707,20.8196],[96.2888,20.8195],[96.2882,20.8479],[96.269,20.8373]],[[94.2584,20.842],[94.2457,20.8812],[94.2542,20.8104],[94.2584,20.842]],[[95.274,20.9369],[95.2194,20.9389],[95.2187,20.9108],[95.271,20.8932],[95.2834,20.9163],[95.274,20.9369]],[[96.2305,21.0075],[96.2274,20.9928],[96.2417,20.9917],[96.2305,21.0075]],[[96.2243,21.0245],[96.2172,21.0174],[96.225,21.0167],[96.2243,21.0245]],[[94.2591,20.7922],[94.2658,20.7996],[94.2583,20.8],[94.2591,20.7922]],[[94.3163,21.0741],[94.3089,21.0674],[94.3167,21.0667],[94.3163,21.0741]],[[94.1333,21.075],[94.1101,21.0824],[94.1089,21.0772],[94.1333,21.075]],[[96.2114,21.0687],[96.2807,21.0865],[96.2532,21.0961],[96.2554,21.1552],[96.2264,21.1655],[96.2251,21.0754],[96.2114,21.0687]],[[94.1885,21.0924],[94.1939,21.1075],[94.184,21.0937],[94.1885,21.0924]],[[94.2893,21.0971],[94.2556,21.1563],[94.2446,21.1642],[94.2606,21.119],[94.2893,21.0971]],[[94.1844,21.1413],[94.1917,21.1333],[94.1913,21.1408],[94.1844,21.1413]],[[96.2668,21.1554],[96.2747,21.1713],[96.2697,21.1748],[96.2668,21.1554]],[[96.2578,21.2084],[96.2017,21.2211],[96.2192,21.1775],[96.2578,21.2084]],[[94.2427,21.1913],[94.25,21.1833],[94.2496,21.1908],[94.2427,21.1913]],[[94.1996,21.1991],[94.1922,21.1924],[94.2,21.1917],[94.1996,21.1991]],[[94.1667,21.3167],[94.1259,21.3436],[94.1346,21.3269],[94.1667,21.3167]],[[96.4932,21.395],[96.5072,21.405],[96.4861,21.4153],[96.4932,21.395]],[[96.5323,21.367],[96.525,21.375],[96.5254,21.3676],[96.5323,21.367]],[[96.8823,21.592],[96.875,21.6],[96.8754,21.5926],[96.8823,21.592]],[[96.974,21.5504],[96.9667,21.5583],[96.9671,21.5509],[96.974,21.5504]],[[96.9157,21.4754],[96.9083,21.4833],[96.9088,21.4759],[96.9157,21.4754]],[[96.7163,21.6324],[96.7089,21.6257],[96.7167,21.625],[96.7163,21.6324]],[[94.2329,21.5165],[94.2412,21.5581],[94.2174,21.5437],[94.2329,21.5165]],[[94.3118,21.5511],[94.3221,21.5821],[94.309,21.5707],[94.3118,21.5511]],[[94.241,21.5816],[94.2339,21.5681],[94.2399,21.567],[94.241,21.5816]],[[96.3243,21.5394],[96.3144,21.5488],[96.3083,21.55],[96.3098,21.5344],[96.3243,21.5394]],[[94.3323,21.6289],[94.318,21.613],[94.3194,21.5935],[94.3239,21.5962],[94.3323,21.6289]],[[94.2552,21.6287],[94.2886,21.6694],[94.2819,21.6806],[94.2357,21.6365],[94.2552,21.6287]],[[94.3916,21.7595],[94.3263,21.7966],[94.3418,21.8375],[94.3252,21.9975],[94.3489,22.0417],[94.3255,22.0932],[94.3461,22.1069],[94.3888,22.0719],[94.4006,21.9091],[94.4206,21.8522],[94.4274,21.8979],[94.4496,21.9173],[94.4262,21.9834],[94.4572,22.022],[94.4572,22.0777],[94.4363,22.0794],[94.4571,22.1098],[94.4362,22.1541],[94.4129,22.3329],[94.3942,22.3313],[94.3708,22.2614],[94.3529,22.2789],[94.3658,22.2922],[94.3711,22.3731],[94.3453,22.3645],[94.3545,22.3535],[94.3275,22.3293],[94.3557,22.3055],[94.3405,22.2863],[94.3211,22.2777],[94.3122,22.3083],[94.293,22.3074],[94.3086,22.3416],[94.2843,22.3986],[94.3057,22.4211],[94.2994,22.4744],[94.2608,22.5373],[94.2913,22.566],[94.2526,22.5959],[94.2797,22.6025],[94.2764,22.6273],[94.2892,22.6295],[94.2826,22.743],[94.2589,22.7931],[94.2973,22.7778],[94.2865,22.8044],[94.3055,22.8542],[94.261,22.878],[94.2808,22.9141],[94.2468,22.9309],[94.2285,22.8699],[94.2041,22.9644],[94.2056,22.8706],[94.1858,22.8377],[94.2146,22.821],[94.2183,22.7704],[94.2482,22.7462],[94.2335,22.7292],[94.2401,22.6291],[94.21,22.6704],[94.2028,22.7325],[94.1765,22.7215],[94.1762,22.6735],[94.1988,22.6446],[94.203,22.5866],[94.2554,22.5315],[94.2511,22.4887],[94.2744,22.4593],[94.2608,22.4454],[94.2743,22.4073],[94.2514,22.3942],[94.2552,22.3627],[94.2345,22.3433],[94.2485,22.3236],[94.2346,22.3068],[94.2684,22.1789],[94.308,22.1059],[94.3162,22.0272],[94.3013,22.007],[94.3168,21.9836],[94.3029,21.9621],[94.3139,21.9042],[94.3025,21.8708],[94.3164,21.8458],[94.3025,21.8213],[94.3168,21.8065],[94.2942,21.786],[94.3138,21.7789],[94.3324,21.7194],[94.3311,21.694],[94.3024,21.6722],[94.3292,21.6435],[94.3651,21.7055],[94.3667,21.75],[94.3916,21.7595]],[[94.2594,21.7057],[94.2682,21.6932],[94.2733,21.6931],[94.2728,21.7146],[94.2594,21.7057]],[[94.2844,21.733],[94.2917,21.725],[94.2913,21.7324],[94.2844,21.733]],[[93.8923,21.9152],[93.8989,21.9009],[93.8983,21.9163],[93.8923,21.9152]],[[93.8667,21.9274],[93.8583,21.9143],[93.8627,21.9086],[93.8667,21.9274]],[[94.2833,21.9583],[94.2608,21.9656],[94.2599,21.9523],[94.2833,21.9583]],[[93.9176,22.0324],[93.9239,22.0176],[93.9239,22.0324],[93.9176,22.0324]],[[94.2498,22.0473],[94.2418,22.0364],[94.25,22.0333],[94.2498,22.0473]],[[94.2994,22.0348],[94.2928,22.0491],[94.2934,22.0337],[94.2994,22.0348]],[[94.2246,22.1574],[94.2172,22.1507],[94.225,22.15],[94.2246,22.1574]],[[94.2478,22.1513],[94.257,22.1656],[94.2428,22.1514],[94.2478,22.1513]],[[94.2427,22.208],[94.25,22.2],[94.2496,22.2074],[94.2427,22.208]],[[93.8665,22.3608],[93.85,22.356],[93.8627,22.3428],[93.8665,22.3608]],[[93.8823,22.3504],[93.875,22.3583],[93.8754,22.3509],[93.8823,22.3504]],[[93.9024,22.4056],[93.905,22.3689],[93.9142,22.4048],[93.9024,22.4056]],[[94.201,22.7747],[94.2083,22.7667],[94.2079,22.7741],[94.201,22.7747]],[[93.9833,22.9035],[93.975,22.8954],[93.9802,22.8916],[93.9833,22.9035]],[[94.1907,22.9004],[94.1833,22.9083],[94.1838,22.9009],[94.1907,22.9004]],[[94.2274,22.9519],[94.2515,22.975],[94.2742,22.965],[94.263,22.9975],[94.2345,23.0057],[94.2585,23.0463],[94.2375,23.0724],[94.2164,22.976],[94.2274,22.9519]],[[94.1921,22.9972],[94.199,22.9766],[94.1961,22.9998],[94.1921,22.9972]],[[96.1573,22.992],[96.15,23.0],[96.1504,22.9926],[96.1573,22.992]],[[96.1355,22.8589],[96.1483,22.8742],[96.1333,22.875],[96.1355,22.8589]],[[96.1639,22.7858],[96.1626,22.8231],[96.1349,22.8294],[96.1356,22.7956],[96.1639,22.7858]],[[94.3023,22.7639],[94.3111,22.7276],[94.3409,22.7198],[94.3472,22.7297],[94.3283,22.7378],[94.3384,22.7728],[94.3198,22.7796],[94.3023,22.7639]],[[96.2652,22.7183],[96.257,22.7393],[96.2524,22.7407],[96.2513,22.7285],[96.2652,22.7183]],[[96.2599,22.694],[96.2739,22.6942],[96.2818,22.7145],[96.275,22.7],[96.2599,22.694]],[[94.3657,22.6837],[94.3583,22.6917],[94.3588,22.6842],[94.3657,22.6837]],[[94.3276,22.6135],[94.3474,22.6036],[94.3455,22.5862],[94.3793,22.5975],[94.3986,22.571],[94.3935,22.5596],[94.363,22.5649],[94.3428,22.5318],[94.3717,22.5208],[94.3534,22.5025],[94.398,22.5213],[94.4056,22.4374],[94.393,22.4052],[94.4021,22.3705],[94.4212,22.3679],[94.4413,22.4226],[94.4158,22.5929],[94.3923,22.6155],[94.4063,22.6459],[94.3783,22.6725],[94.3806,22.6364],[94.3276,22.6135]],[[96.199,22.6004],[96.1917,22.6083],[96.1921,22.6009],[96.199,22.6004]],[[96.319,22.5503],[96.3307,22.5581],[96.3167,22.5583],[96.319,22.5503]],[[96.1858,22.5146],[96.1945,22.494],[96.2055,22.4939],[96.2034,22.5323],[96.1858,22.5146]],[[94.601,22.533],[94.6083,22.525],[94.6079,22.5324],[94.601,22.533]],[[96.1999,22.4663],[96.2283,22.4588],[96.2321,22.464],[96.2128,22.4745],[96.1999,22.4663]],[[96.2421,22.4509],[96.2495,22.4576],[96.2417,22.4583],[96.2421,22.4509]],[[96.1907,22.4559],[96.1677,22.444],[96.1807,22.4427],[96.1907,22.4559]],[[96.2297,22.4311],[96.2365,22.3863],[96.2561,22.3868],[96.2483,22.4211],[96.2297,22.4311]],[[94.3722,22.3994],[94.3708,22.3835],[94.3829,22.3861],[94.3722,22.3994]],[[94.301,22.3913],[94.3083,22.3833],[94.3079,22.3908],[94.301,22.3913]],[[94.3518,22.474],[94.3636,22.4673],[94.366,22.4802],[94.3604,22.4825],[94.3518,22.474]],[[94.4725,22.2563],[94.469,22.2183],[94.4801,22.2106],[94.4828,22.2429],[94.4725,22.2563]],[[96.3504,22.0676],[96.3578,22.0743],[96.35,22.075],[96.3504,22.0676]],[[96.321,22.0747],[96.3174,22.0603],[96.332,22.0595],[96.3322,22.0645],[96.321,22.0747]],[[96.2919,22.0514],[96.2997,22.0572],[96.2917,22.0583],[96.2919,22.0514]],[[96.2533,21.9935],[96.2535,22.0395],[96.2416,22.008],[96.2533,21.9935]],[[96.2407,21.9587],[96.2333,21.9667],[96.2338,21.9592],[96.2407,21.9587]],[[94.3561,22.0248],[94.3443,22.0169],[94.3583,22.0167],[94.3561,22.0248]],[[94.3927,21.7967],[94.4223,21.8355],[94.4205,21.8404],[94.4032,21.8386],[94.3927,21.7967]],[[96.3754,21.6259],[96.3828,21.6326],[96.375,21.6333],[96.3754,21.6259]],[[96.4844,21.7247],[96.4917,21.7167],[96.4913,21.7241],[96.4844,21.7247]],[[96.4663,21.7324],[96.4589,21.7257],[96.4667,21.725],[96.4663,21.7324]],[[96.4663,21.814],[96.4585,21.8029],[96.4642,21.8001],[96.4663,21.814]],[[96.7784,21.8175],[96.7725,21.8396],[96.7681,21.84],[96.7784,21.8175]],[[96.7838,21.8009],[96.7911,21.8076],[96.7833,21.8083],[96.7838,21.8009]],[[97.1485,21.9901],[97.1606,21.9689],[97.1845,21.9671],[97.2241,22.0056],[97.2306,22.0216],[97.1996,22.0498],[97.2083,22.0917],[97.2323,22.0972],[97.2228,22.1219],[97.1388,22.0363],[97.0934,22.0293],[97.1021,21.9938],[97.1485,21.9901]],[[96.9977,22.0164],[96.986,22.0085],[97.0,22.0083],[96.9977,22.0164]],[[97.0667,22.0417],[97.0797,22.0334],[97.0834,22.0386],[97.0667,22.0417]],[[97.0427,22.0413],[97.05,22.0333],[97.0496,22.0408],[97.0427,22.0413]],[[97.0944,22.0509],[97.1319,22.0799],[97.1212,22.0893],[97.0957,22.077],[97.0837,22.1089],[97.114,22.1529],[97.0967,22.2154],[97.0677,22.2409],[97.0417,22.2263],[96.9676,22.2387],[96.9846,22.1221],[97.0033,22.0929],[97.0486,22.0514],[97.0624,22.0631],[97.0944,22.0509]],[[97.0329,22.0574],[97.0255,22.0507],[97.0333,22.05],[97.0329,22.0574]],[[97.197,22.2242],[97.2865,22.2264],[97.3242,22.2573],[97.322,22.2898],[97.303,22.2962],[97.2447,22.407],[97.2008,22.3805],[97.1761,22.328],[97.1775,22.2531],[97.197,22.2242]],[[97.1427,22.2663],[97.15,22.2583],[97.1496,22.2658],[97.1427,22.2663]],[[97.2273,22.0336],[97.239,22.0415],[97.225,22.0417],[97.2273,22.0336]],[[97.1573,21.7337],[97.15,21.7417],[97.1504,21.7342],[97.1573,21.7337]],[[97.224,21.592],[97.2167,21.6],[97.2171,21.5926],[97.224,21.592]],[[97.199,21.5504],[97.1917,21.5583],[97.1921,21.5509],[97.199,21.5504]],[[97.1178,21.5336],[97.1241,21.5413],[97.1167,21.5417],[97.1178,21.5336]],[[97.0919,21.5193],[97.0999,21.5303],[97.0917,21.5333],[97.0919,21.5193]],[[97.4204,22.4357],[97.4467,22.4809],[97.2936,22.5546],[97.3204,22.511],[97.355,22.4965],[97.353,22.4703],[97.376,22.4452],[97.3884,22.4637],[97.4204,22.4357]],[[97.276,22.5497],[97.2833,22.5417],[97.2829,22.5491],[97.276,22.5497]],[[97.3693,22.5342],[97.3824,22.5443],[97.3812,22.5572],[97.3764,22.5563],[97.3693,22.5342]],[[97.3594,22.5663],[97.3667,22.5583],[97.3663,22.5658],[97.3594,22.5663]],[[97.6833,22.5833],[97.6907,22.5754],[97.6914,22.5822],[97.6833,22.5833]],[[97.5322,22.5831],[97.5264,22.5752],[97.5333,22.575],[97.5322,22.5831]],[[97.7583,22.5833],[97.7506,22.591],[97.7505,22.584],[97.7583,22.5833]],[[97.6663,22.5991],[97.6589,22.5924],[97.6667,22.5917],[97.6663,22.5991]],[[97.6575,22.6363],[97.6445,22.6408],[97.6343,22.6274],[97.6417,22.6333],[97.6575,22.6363]],[[97.5822,22.7726],[97.5679,22.7622],[97.5875,22.7521],[97.5915,22.7604],[97.5822,22.7726]],[[97.6073,22.7587],[97.6,22.7667],[97.6004,22.7592],[97.6073,22.7587]],[[97.6177,22.783],[97.625,22.775],[97.6246,22.7824],[97.6177,22.783]],[[97.4177,22.8413],[97.425,22.8333],[97.4246,22.8408],[97.4177,22.8413]],[[97.4969,22.9162],[97.4952,22.9002],[97.5083,22.9],[97.4969,22.9162]],[[97.4594,23.0242],[97.4667,23.0083],[97.4656,23.0243],[97.4594,23.0242]],[[97.451,23.0413],[97.4583,23.0333],[97.4579,23.0408],[97.451,23.0413]],[[97.4094,23.1163],[97.4167,23.1083],[97.4163,23.1158],[97.4094,23.1163]],[[97.4646,23.1478],[97.4444,23.1476],[97.4444,23.1192],[97.4655,23.13],[97.4646,23.1478]],[[97.5823,23.0837],[97.575,23.0917],[97.5754,23.0842],[97.5823,23.0837]],[[97.4544,23.1736],[97.4135,23.1654],[97.4105,23.1616],[97.4335,23.1596],[97.4544,23.1736]],[[96.7094,22.433],[96.7167,22.425],[96.7163,22.4324],[96.7094,22.433]],[[96.6844,22.183],[96.6917,22.175],[96.6913,22.1824],[96.6844,22.183]],[[96.3254,23.0342],[96.3328,23.041],[96.325,23.0417],[96.3254,23.0342]],[[94.2094,23.083],[94.2167,23.075],[94.2163,23.0824],[94.2094,23.083]],[[94.2167,23.1035],[94.2083,23.0954],[94.2135,23.0916],[94.2167,23.1035]],[[96.849,23.1004],[96.8417,23.1083],[96.8421,23.1009],[96.849,23.1004]],[[94.2583,23.1417],[94.2657,23.1337],[94.2664,23.1406],[94.2583,23.1417]],[[94.2239,23.1414],[94.218,23.1335],[94.225,23.1333],[94.2239,23.1414]],[[96.9738,23.1561],[96.9596,23.1598],[96.9736,23.1511],[96.9738,23.1561]],[[96.7733,23.2627],[96.727,23.2292],[96.7027,23.1871],[96.7502,23.1999],[96.773,23.1868],[96.7733,23.2627]],[[93.9256,23.2402],[93.9322,23.2259],[93.9316,23.2413],[93.9256,23.2402]],[[96.1405,23.3477],[96.1192,23.3405],[96.1176,23.3357],[96.1293,23.3344],[96.1405,23.3477]],[[94.2535,23.3745],[94.2498,23.3585],[94.2535,23.3426],[94.2585,23.3585],[94.2535,23.3745]],[[96.9266,23.3589],[96.9404,23.366],[96.925,23.3667],[96.9266,23.3589]],[[96.8022,23.3654],[96.7933,23.3516],[96.8149,23.3514],[96.8146,23.3562],[96.8022,23.3654]],[[96.1145,23.3513],[96.1182,23.3654],[96.1095,23.3514],[96.1145,23.3513]],[[95.901,23.3913],[95.9083,23.3833],[95.9079,23.3908],[95.901,23.3913]],[[94.014,23.467],[94.0002,23.4509],[94.0195,23.4191],[94.025,23.4564],[94.014,23.467]],[[97.0,23.4583],[97.0466,23.4601],[97.0641,23.4719],[97.0372,23.4819],[97.0,23.4583]],[[97.1333,23.5583],[97.1121,23.5819],[97.0696,23.5469],[97.0452,23.4938],[97.0823,23.5032],[97.1333,23.5583]],[[96.1478,23.5596],[96.1515,23.5737],[96.1428,23.5597],[96.1478,23.5596]],[[97.224,23.567],[97.2167,23.575],[97.2171,23.5676],[97.224,23.567]],[[94.25,23.6],[94.2801,23.6396],[94.2525,23.6396],[94.2352,23.6051],[94.25,23.6]],[[94.2844,23.658],[94.2917,23.65],[94.2913,23.6574],[94.2844,23.658]],[[94.3153,23.7126],[94.277,23.678],[94.2997,23.6666],[94.3153,23.7126]],[[94.291,23.7245],[94.2839,23.7174],[94.2917,23.7167],[94.291,23.7245]],[[96.8677,23.7997],[96.875,23.7917],[96.8746,23.7991],[96.8677,23.7997]],[[96.8829,23.8158],[96.8755,23.809],[96.8833,23.8083],[96.8829,23.8158]],[[97.2199,23.8109],[97.2311,23.8458],[97.2292,23.8895],[97.2108,23.8555],[97.2199,23.8109]],[[95.5964,23.9066],[95.5714,23.9075],[95.5676,23.8953],[95.5884,23.8846],[95.5964,23.9066]],[[96.9305,23.9184],[96.9304,23.9554],[96.9117,23.9641],[96.9087,23.906],[96.9305,23.9184]],[[95.6413,24.0019],[95.6229,24.0166],[95.5851,24.0044],[95.5753,23.9755],[95.5924,23.945],[95.6417,23.9667],[95.6413,24.0019]],[[94.5072,24.0164],[94.5009,24.0087],[94.5083,24.0083],[94.5072,24.0164]],[[96.8657,23.992],[96.8583,24.0],[96.8588,23.9926],[96.8657,23.992]],[[96.8845,23.8919],[96.8908,23.8996],[96.8833,23.9],[96.8845,23.8919]],[[94.4993,24.0404],[94.4922,24.0266],[94.5,24.025],[94.4993,24.0404]],[[95.6021,24.0528],[95.7144,24.0773],[95.7377,24.1223],[95.777,24.0942],[95.7894,24.1021],[95.7983,24.138],[95.7585,24.2025],[95.7688,24.2227],[95.7987,24.2219],[95.7811,24.2562],[95.7459,24.2564],[95.7099,24.2179],[95.6519,24.2334],[95.6101,24.2226],[95.6121,24.2021],[95.6641,24.1872],[95.6274,24.1639],[95.6396,24.1107],[95.5924,24.0781],[95.6021,24.0528]],[[94.4927,24.0869],[94.4923,24.0685],[94.4996,24.0582],[94.5141,24.0973],[94.4927,24.0869]],[[94.501,24.1413],[94.5083,24.1333],[94.5079,24.1408],[94.501,24.1413]],[[94.4751,24.192],[94.4587,24.2029],[94.4618,24.1761],[94.4751,24.192]],[[94.1829,24.2241],[94.1755,24.2174],[94.1833,24.2167],[94.1829,24.2241]],[[94.5565,24.226],[94.5447,24.2327],[94.5424,24.2198],[94.548,24.2176],[94.5565,24.226]],[[95.1828,24.2265],[95.1762,24.2408],[95.1768,24.2254],[95.1828,24.2265]],[[94.6039,24.3185],[94.6143,24.3705],[94.6039,24.4062],[94.5539,24.2436],[94.5803,24.2601],[94.57,24.2721],[94.5886,24.2869],[94.5865,24.2968],[94.6039,24.3185]],[[95.6694,24.3198],[95.7356,24.2753],[95.8016,24.2841],[95.8081,24.3097],[95.7935,24.3241],[95.7697,24.3112],[95.754,24.339],[95.7303,24.3271],[95.7052,24.3724],[95.6806,24.3741],[95.6694,24.3198]],[[96.2467,24.3155],[96.2611,24.2761],[96.2909,24.332],[96.2863,24.4156],[96.2684,24.405],[96.2467,24.3155]],[[97.2128,24.4251],[97.2021,24.4397],[97.1921,24.414],[97.199,24.4117],[97.2128,24.4251]],[[94.5927,24.4247],[94.6,24.4167],[94.5996,24.4241],[94.5927,24.4247]],[[97.4657,24.3837],[97.4583,24.3917],[97.4588,24.3842],[97.4657,24.3837]],[[94.226,24.2663],[94.2333,24.2583],[94.2329,24.2658],[94.226,24.2663]],[[94.276,24.383],[94.2833,24.375],[94.2829,24.3824],[94.276,24.383]],[[96.199,24.0754],[96.1917,24.0833],[96.1921,24.0759],[96.199,24.0754]],[[96.325,24.4417],[96.3636,24.5019],[96.3823,24.5819],[96.3476,24.6083],[96.3099,24.563],[96.2921,24.4976],[96.313,24.4439],[96.325,24.4417]],[[95.7849,24.4788],[95.8729,24.5609],[95.8713,24.5733],[95.8521,24.5806],[95.7939,24.5394],[95.7759,24.5015],[95.7849,24.4788]],[[94.4094,24.508],[94.4167,24.5],[94.4163,24.5074],[94.4094,24.508]],[[94.4418,24.5421],[94.4177,24.5379],[94.4195,24.5185],[94.4418,24.5421]],[[94.3978,24.5429],[94.4015,24.557],[94.3928,24.543],[94.3978,24.5429]],[[95.7629,24.5773],[95.7806,24.6061],[95.7607,24.6084],[95.7438,24.5877],[95.7629,24.5773]],[[94.6002,24.593],[94.6081,24.5989],[94.6,24.6],[94.6002,24.593]],[[94.481,24.5947],[94.4937,24.6147],[94.4764,24.5945],[94.481,24.5947]],[[94.6031,24.6108],[94.6568,24.7206],[94.6465,24.7403],[94.6265,24.7214],[94.6308,24.6862],[94.6031,24.6108]],[[94.4844,24.633],[94.4917,24.625],[94.4913,24.6324],[94.4844,24.633]],[[96.0053,24.701],[96.0664,24.7421],[96.0411,24.7917],[96.0272,24.7879],[95.9999,24.7222],[96.0053,24.701]],[[94.6906,24.7637],[94.713,24.8304],[94.7381,24.8358],[94.7279,24.8551],[94.7724,24.9058],[94.6628,24.8483],[94.6466,24.801],[94.619,24.7946],[94.6447,24.7528],[94.6681,24.7427],[94.6906,24.7637]],[[95.7717,24.8928],[95.864,24.9029],[95.8651,24.9629],[95.8528,24.9906],[95.803,24.9777],[95.7553,25.016],[95.7415,24.9899],[95.7598,24.9121],[95.7717,24.8928]],[[95.8244,25.0112],[95.8319,25.0225],[95.8194,25.032],[95.8103,25.0211],[95.8244,25.0112]],[[96.4318,25.0355],[96.4226,25.0499],[96.4083,25.0322],[96.4198,25.0254],[96.4318,25.0355]],[[96.675,25.025],[96.648,24.9516],[96.5601,24.9066],[96.4937,24.8222],[96.4937,24.8033],[96.5386,24.828],[96.6042,24.8979],[96.6718,24.9178],[96.7561,25.019],[96.7821,25.0972],[96.7745,25.1133],[96.675,25.025]],[[96.5402,25.1376],[96.5237,25.164],[96.5041,25.1651],[96.4944,25.1026],[96.5307,25.1024],[96.5402,25.1376]],[[97.6407,24.992],[97.6333,25.0],[97.6338,24.9926],[97.6407,24.992]],[[97.6407,24.9337],[97.6333,24.9417],[97.6338,24.9342],[97.6407,24.9337]],[[97.5823,24.9087],[97.575,24.9167],[97.5754,24.9092],[97.5823,24.9087]],[[97.5157,24.8087],[97.5083,24.8167],[97.5088,24.8092],[97.5157,24.8087]],[[97.5105,24.7971],[97.5026,24.7709],[97.5177,24.7673],[97.5308,24.8037],[97.5105,24.7971]],[[97.5441,24.7593],[97.5575,24.7695],[97.5562,24.7822],[97.5513,24.781],[97.5441,24.7593]],[[96.2396,24.7453],[96.3072,24.8803],[96.3144,24.9463],[96.3032,24.9575],[96.2608,24.9309],[96.2323,24.8309],[96.2014,24.8215],[96.2197,24.7441],[96.2396,24.7453]],[[97.499,24.7504],[97.4917,24.7583],[97.4921,24.7509],[97.499,24.7504]],[[96.1807,24.8059],[96.1435,24.796],[96.1534,24.7512],[96.1833,24.7583],[96.1807,24.8059]],[[96.3455,24.9018],[96.383,24.9438],[96.3749,24.966],[96.3419,24.9327],[96.3455,24.9018]],[[96.4129,24.7233],[96.3753,24.6746],[96.3919,24.6006],[96.415,24.6204],[96.4314,24.7212],[96.4129,24.7233]],[[97.4823,24.6837],[97.475,24.6917],[97.4754,24.6842],[97.4823,24.6837]],[[97.075,24.6],[97.0907,24.5857],[97.0895,24.6072],[97.075,24.6]],[[95.8541,24.6332],[95.864,24.6171],[95.8664,24.6304],[95.8541,24.6332]],[[95.8313,24.6642],[95.8052,24.6659],[95.8014,24.6472],[95.8167,24.6417],[95.8313,24.6642]],[[95.8657,24.667],[95.8583,24.675],[95.8588,24.6676],[95.8657,24.667]],[[95.8939,24.6791],[95.9237,24.6458],[95.9246,24.6678],[95.9052,24.6909],[95.8939,24.6791]],[[96.1688,24.6589],[96.1816,24.6742],[96.1667,24.675],[96.1688,24.6589]],[[97.0653,24.5534],[97.0698,24.528],[97.0973,24.5365],[97.0866,24.5655],[97.0653,24.5534]],[[97.0008,24.5232],[97.0198,24.5104],[97.0314,24.5202],[97.012,24.5384],[97.0008,24.5232]],[[97.0328,24.4848],[97.0262,24.4991],[97.0268,24.4837],[97.0328,24.4848]],[[96.6718,25.3659],[96.6458,25.365],[96.6183,25.3297],[96.584,25.2428],[96.5874,25.2016],[96.6301,25.2262],[96.6907,25.3216],[96.6718,25.3659]],[[96.1321,25.3367],[96.1259,25.3139],[96.1513,25.2637],[96.1976,25.2184],[96.2075,25.2618],[96.1687,25.2856],[96.1555,25.3474],[96.1321,25.3367]],[[96.099,25.3888],[96.0935,25.3694],[96.1167,25.35],[96.1154,25.3785],[96.099,25.3888]],[[96.318,25.3839],[96.3412,25.3989],[96.33,25.4318],[96.2685,25.4041],[96.2723,25.3855],[96.318,25.3839]],[[96.2583,25.4167],[96.2426,25.4307],[96.244,25.4094],[96.2583,25.4167]],[[97.7087,25.3496],[97.7321,25.3535],[97.7235,25.3809],[97.7083,25.375],[97.7087,25.3496]],[[97.6911,25.5085],[97.7646,25.5524],[97.7724,25.5805],[97.7119,25.5764],[97.705,25.6313],[97.6533,25.631],[97.6738,25.6016],[97.6613,25.5261],[97.6911,25.5085]],[[97.4826,25.6656],[97.4551,25.7408],[97.4275,25.7396],[97.3928,25.7031],[97.385,25.604],[97.4559,25.5601],[97.4826,25.6656]],[[97.8024,25.7026],[97.8146,25.7316],[97.8023,25.7319],[97.8024,25.7026]],[[97.5335,25.9163],[97.549,25.8734],[97.5248,25.8129],[97.5391,25.8],[97.5726,25.8274],[97.5918,25.9005],[97.5611,25.9243],[97.5335,25.9163]],[[97.4006,25.8363],[97.41,25.8166],[97.4334,25.833],[97.4179,25.8495],[97.4006,25.8363]],[[97.6878,25.9833],[97.6745,26.0999],[97.6638,26.1074],[97.6184,26.0629],[97.6007,25.982],[97.6351,25.9497],[97.6878,25.9833]],[[97.4666,26.0545],[97.4776,26.0275],[97.4975,26.0292],[97.4885,26.0646],[97.4666,26.0545]],[[97.6143,26.1025],[97.6497,26.1663],[97.6294,26.1894],[97.6014,26.1118],[97.6143,26.1025]],[[97.6864,26.1687],[97.7152,26.2028],[97.6948,26.2114],[97.6913,26.2312],[97.7056,26.272],[97.654,26.2732],[97.6676,26.1882],[97.6864,26.1687]],[[97.5195,26.2606],[97.5285,26.2257],[97.5477,26.2205],[97.548,26.2632],[97.5195,26.2606]],[[97.6928,26.0792],[97.704,26.0436],[97.7711,26.0351],[97.7728,26.1394],[97.7345,26.1554],[97.6928,26.0792]],[[97.5917,26.375],[97.5681,26.416],[97.5521,26.4062],[97.5603,26.3686],[97.5917,26.375]],[[97.3886,26.3996],[97.3869,26.3835],[97.4,26.3833],[97.3886,26.3996]],[[97.4214,26.4486],[97.3695,26.426],[97.3914,26.4166],[97.4324,26.4304],[97.4214,26.4486]],[[97.5886,26.5065],[97.6203,26.5012],[97.6326,26.5164],[97.5918,26.6492],[97.5273,26.6059],[97.5164,26.5312],[97.5471,26.4761],[97.5781,26.4767],[97.5886,26.5065]],[[97.6207,27.2665],[97.6311,27.2524],[97.6501,27.2763],[97.6369,27.2816],[97.6207,27.2665]],[[96.5583,25.45],[96.5348,25.4558],[96.544,25.4432],[96.5583,25.45]],[[96.2818,25.4661],[96.2686,25.4587],[96.2833,25.4583],[96.2818,25.4661]],[[96.1838,25.6293],[96.176,25.6695],[96.2061,25.7124],[96.1914,25.7625],[96.2059,25.8125],[96.1919,25.8393],[96.224,25.8804],[96.2153,25.9198],[96.1957,25.9237],[96.1706,25.8933],[96.1529,25.8942],[96.1563,25.9377],[96.1092,25.972],[96.1237,26.0281],[96.0859,26.086],[96.088,26.1063],[96.0441,26.0642],[96.0295,26.0192],[96.0062,26.0874],[95.9705,26.132],[95.9501,26.1042],[95.9718,26.0851],[95.9628,26.0689],[95.9277,26.0638],[95.9264,26.0288],[95.997,25.9887],[96.0195,25.9194],[96.0649,25.9127],[96.0443,25.8768],[96.0973,25.8463],[96.0682,25.8297],[96.0822,25.7651],[96.0525,25.745],[96.1242,25.7216],[96.1101,25.6625],[96.1645,25.617],[96.1838,25.6293]],[[95.951,25.9776],[95.9609,25.9677],[95.975,25.9667],[95.9724,25.9825],[95.951,25.9776]],[[95.8635,26.1413],[95.8598,26.1271],[95.8811,26.1194],[95.8814,26.1308],[95.8635,26.1413]],[[96.9083,26.1345],[96.918,26.0758],[96.9304,26.1477],[96.9083,26.1345]],[[96.9875,26.1483],[96.8859,25.9968],[96.8818,25.9266],[96.8543,25.911],[96.8223,25.9238],[96.8125,25.8936],[96.7717,25.8987],[96.7521,25.881],[96.7521,25.8524],[96.7888,25.8219],[96.778,25.7862],[96.816,25.7868],[96.8611,25.8639],[96.9053,25.878],[96.9274,25.9393],[96.9818,25.9953],[97.0073,26.0918],[96.9875,26.1483]],[[96.3939,25.979],[96.4139,25.9192],[96.3931,25.9195],[96.3354,25.9941],[96.3557,26.0472],[96.3197,26.0361],[96.2796,26.0902],[96.253,26.0732],[96.2471,26.0109],[96.2137,26.0393],[96.2016,26.0216],[96.2483,25.9462],[96.2531,25.9024],[96.2718,25.9026],[96.2958,25.9399],[96.3178,25.8949],[96.3554,25.8888],[96.3608,25.8524],[96.3887,25.8261],[96.4058,25.8359],[96.402,25.8712],[96.4207,25.8735],[96.4434,25.7951],[96.4614,25.7844],[96.4618,25.8636],[96.4984,25.8174],[96.524,25.8582],[96.456,26.0314],[96.4364,26.0308],[96.3939,25.979]],[[96.3752,26.0202],[96.3898,26.0096],[96.3905,26.0303],[96.3848,26.0317],[96.3752,26.0202]],[[96.5384,25.959],[96.517,25.9751],[96.5091,25.9561],[96.5208,25.9436],[96.5384,25.959]],[[96.244,25.8146],[96.2257,25.7487],[96.2696,25.7343],[96.3058,25.773],[96.2725,25.823],[96.244,25.8146]],[[96.4625,26.0723],[96.4192,26.0614],[96.4651,26.0537],[96.4625,26.0723]],[[96.2338,25.7015],[96.2518,25.661],[96.2904,25.6803],[96.2716,25.7153],[96.2417,25.7167],[96.2338,25.7015]],[[96.8264,25.6285],[96.8512,25.6171],[96.8742,25.6387],[96.8429,25.6917],[96.8264,25.6285]],[[95.8598,26.1951],[95.843,26.1945],[95.8667,26.1833],[95.8598,26.1951]],[[95.9599,26.2053],[95.9477,26.2242],[95.9249,26.1988],[95.9434,26.1922],[95.9599,26.2053]],[[96.4109,26.186],[96.4327,26.3347],[96.3876,26.3978],[96.4079,26.2985],[96.4003,26.2103],[96.4109,26.186]],[[97.0893,26.4016],[97.0745,26.4209],[97.0583,26.425],[97.0612,26.3938],[97.0893,26.4016]],[[96.375,26.4],[96.328,26.464],[96.3439,26.4106],[96.375,26.4]],[[97.0395,26.4354],[97.0306,26.4722],[96.9945,26.481],[97.0031,26.434],[97.0395,26.4354]],[[97.0551,26.5574],[97.0443,26.5263],[97.0667,26.5167],[97.0716,26.5497],[97.0551,26.5574]],[[97.0488,26.6122],[97.0259,26.6115],[97.0365,26.5847],[97.058,26.5893],[97.0488,26.6122]],[[96.9917,26.5917],[96.9994,26.6681],[96.9819,26.6907],[96.9529,26.6398],[96.9638,26.6124],[96.9525,26.5948],[96.9917,26.5917]],[[96.9756,26.7235],[96.9822,26.7092],[96.9816,26.7246],[96.9756,26.7235]],[[96.4563,26.8202],[96.42,26.8235],[96.4103,26.8117],[96.4417,26.8083],[96.4563,26.8202]],[[96.4057,26.874],[96.3951,26.8589],[96.4167,26.8583],[96.4057,26.874]],[[96.2804,26.9828],[96.2694,26.9671],[96.2827,26.9698],[96.2804,26.9828]],[[96.1971,27.0369],[96.1768,27.0219],[96.1859,27.01],[96.1971,27.0369]],[[96.5331,27.0903],[96.5253,27.0844],[96.5333,27.0833],[96.5331,27.0903]],[[95.726,26.6997],[95.7333,26.6917],[95.7329,26.6991],[95.726,26.6997]],[[95.7094,26.7163],[95.7167,26.7083],[95.7163,26.7158],[95.7094,26.7163]],[[94.3844,24.6497],[94.3917,24.6417],[94.3913,24.6491],[94.3844,24.6497]],[[94.226,24.333],[94.2333,24.325],[94.2329,24.3324],[94.226,24.333]],[[93.9013,20.4833],[93.8869,20.4828],[93.8844,20.4775],[93.8973,20.4676],[93.9013,20.4833]],[[93.7561,20.6248],[93.7443,20.6169],[93.7583,20.6167],[93.7561,20.6248]],[[93.3844,21.2663],[93.3917,21.2583],[93.3913,21.2658],[93.3844,21.2663]],[[93.051,21.9247],[93.0583,21.9167],[93.0579,21.9241],[93.051,21.9247]],[[93.0802,22.0474],[93.0593,22.0177],[93.0513,21.9735],[93.0649,21.9652],[93.0503,21.9456],[93.0709,21.9276],[93.0802,22.0474]],[[93.149,22.567],[93.1417,22.575],[93.1421,22.5676],[93.149,22.567]],[[93.0339,22.9485],[93.0405,22.9342],[93.0399,22.9496],[93.0339,22.9485]],[[92.9427,23.183],[92.95,23.175],[92.9496,23.1824],[92.9427,23.183]],[[92.9326,23.1995],[92.9259,23.1921],[92.9333,23.1917],[92.9326,23.1995]],[[92.9498,23.207],[92.942,23.2011],[92.95,23.2],[92.9498,23.207]],[[92.8323,23.6754],[92.825,23.6833],[92.8254,23.6759],[92.8323,23.6754]],[[92.7686,23.5102],[92.7891,23.5321],[92.7667,23.5333],[92.7686,23.5102]],[[92.9423,24.0635],[92.9576,24.0606],[92.9565,24.0658],[92.9423,24.0635]],[[92.9907,23.9254],[92.9833,23.9333],[92.9838,23.9259],[92.9907,23.9254]],[[93.2667,24.05],[93.2827,24.0438],[93.2815,24.0575],[93.2667,24.05]],[[93.3511,24.0419],[93.3574,24.0496],[93.35,24.05],[93.3511,24.0419]],[[93.5634,24.8977],[93.5262,24.8362],[93.5443,24.8189],[93.5667,24.8405],[93.5634,24.8977]],[[93.6651,25.3489],[93.6601,25.3342],[93.675,25.3333],[93.6651,25.3489]],[[93.3396,25.0764],[93.3279,25.0824],[93.3176,25.0691],[93.3396,25.0764]],[[94.1157,25.9504],[94.1083,25.9583],[94.1088,25.9509],[94.1157,25.9504]],[[94.099,25.9254],[94.0917,25.9333],[94.0921,25.9259],[94.099,25.9254]],[[95.8907,27.1837],[95.8833,27.1917],[95.8838,27.1842],[95.8907,27.1837]],[[95.7311,28.2831],[95.7193,28.2752],[95.7333,28.275],[95.7311,28.2831]]],[[[98.0,14.3026],[97.9694,14.4209],[98.0,14.4657],[98.0,14.3026]]],[[[97.9994,14.4884],[97.9619,14.4448],[97.9404,14.5442],[97.9193,14.5523],[97.909,14.5822],[97.9307,14.6211],[97.922,14.6637],[97.8968,14.6513],[97.8778,14.6696],[97.8958,14.7066],[97.918,14.6759],[97.9273,14.7062],[97.9458,14.7148],[98.0,14.6458],[97.9994,14.4884]]],[[[98.0,17.3206],[97.9999,17.3317],[98.0,17.3355],[98.0,17.3206]]],[[[98.0,15.7636],[97.9959,15.7721],[98.0,15.775],[98.0,15.7636]]],[[[94.5916,24.3218],[94.6,24.3167],[94.5905,24.3206],[94.5916,24.3218]]],[[[94.6494,24.7611],[94.6555,24.7685],[94.6576,24.759],[94.6494,24.7611]]],[[[94.5158,24.7948],[94.5226,24.8],[94.525,24.7917],[94.5158,24.7948]]],[[[94.6279,24.884],[94.6338,24.8776],[94.625,24.875],[94.6279,24.884]]],[[[94.5572,24.9005],[94.5644,24.9081],[94.5667,24.9],[94.5572,24.9005]]],[[[94.584,24.9555],[94.5776,24.9496],[94.575,24.9583],[94.584,24.9555]]],[[[94.5658,24.9615],[94.5726,24.9667],[94.575,24.9583],[94.5658,24.9615]]],[[[94.5498,24.9673],[94.5506,24.9744],[94.5607,24.9708],[94.5498,24.9673]]],[[[94.5251,24.9857],[94.5305,24.9935],[94.5327,24.9843],[94.5251,24.9857]]],[[[94.6243,25.0029],[94.6307,25.0087],[94.6333,25.0],[94.6243,25.0029]]],[[[94.7002,25.0403],[94.7081,25.0344],[94.7,25.0333],[94.7002,25.0403]]],[[[94.7115,25.0508],[94.7167,25.0441],[94.7083,25.0417],[94.7115,25.0508]]],[[[94.8052,25.0492],[94.8005,25.0562],[94.8083,25.0583],[94.8052,25.0492]]],[[[94.6918,25.0523],[94.6972,25.0602],[94.6994,25.051],[94.6918,25.0523]]],[[[94.8112,25.0674],[94.8171,25.061],[94.8083,25.0583],[94.8112,25.0674]]],[[[94.8258,25.142],[94.8428,25.15],[94.8501,25.142],[94.8258,25.142]]],[[[94.7994,25.3111],[94.8055,25.3185],[94.8076,25.309],[94.7994,25.3111]]],[[[94.8491,25.3299],[94.8356,25.3183],[94.8372,25.3488],[94.8417,25.35],[94.8491,25.3299]]],[[[94.8433,25.3578],[94.8571,25.3507],[94.8417,25.35],[94.8433,25.3578]]],[[[94.8917,25.3833],[94.8605,25.3616],[94.853,25.3883],[94.8917,25.3833]]],[[[94.9241,25.3814],[94.9198,25.3742],[94.9167,25.3833],[94.9241,25.3814]]],[[[94.5661,25.5322],[94.5586,25.5394],[94.5667,25.5417],[94.5661,25.5322]]],[[[94.5673,25.5492],[94.5756,25.5452],[94.5667,25.5417],[94.5673,25.5492]]],[[[94.5522,25.57],[94.5645,25.5895],[94.5667,25.55],[94.5616,25.5524],[94.5522,25.57]]],[[[94.5675,25.6029],[94.5808,25.6236],[94.5667,25.5917],[94.5675,25.6029]]],[[[94.5085,25.6107],[94.5138,25.6185],[94.5161,25.6093],[94.5085,25.6107]]],[[[94.6529,25.609],[94.654,25.625],[94.6667,25.6124],[94.6529,25.609]]],[[[94.5385,25.6325],[94.5333,25.6393],[94.5417,25.6417],[94.5385,25.6325]]],[[[94.6041,25.6273],[94.577,25.6357],[94.5851,25.6641],[94.5867,25.6461],[94.6041,25.6273]]],[[[94.5421,25.6491],[94.5495,25.6424],[94.5417,25.6417],[94.5421,25.6491]]],[[[94.5506,25.6595],[94.5581,25.6522],[94.55,25.65],[94.5506,25.6595]]],[[[94.5922,25.6762],[94.5998,25.6689],[94.5917,25.6667],[94.5922,25.6762]]],[[[94.5248,25.6756],[94.5256,25.6827],[94.5357,25.6792],[94.5248,25.6756]]],[[[94.5751,25.6857],[94.5805,25.6935],[94.5827,25.6843],[94.5751,25.6857]]],[[[94.6759,25.6843],[94.6795,25.7005],[94.6833,25.6833],[94.6759,25.6843]]],[[[94.7913,25.7671],[94.8033,25.775],[94.8083,25.7667],[94.7913,25.7671]]],[[[94.8138,25.8195],[94.7441,25.7559],[94.7319,25.7056],[94.6991,25.6628],[94.6427,25.6342],[94.6032,25.6441],[94.6534,25.6797],[94.6637,25.6695],[94.6972,25.6862],[94.7153,25.7136],[94.7112,25.7625],[94.7317,25.7543],[94.7691,25.8212],[94.7819,25.8128],[94.7859,25.8466],[94.8059,25.8367],[94.8013,25.8777],[94.8376,25.9144],[94.8138,25.8195]]],[[[94.8338,25.7808],[94.8499,25.7794],[94.8333,25.7667],[94.8338,25.7808]]],[[[94.7327,25.7862],[94.7391,25.7921],[94.7417,25.7833],[94.7327,25.7862]]],[[[94.8585,25.7857],[94.8638,25.7935],[94.8661,25.7843],[94.8585,25.7857]]],[[[94.8241,25.8147],[94.8198,25.8075],[94.8167,25.8167],[94.8241,25.8147]]],[[[94.7592,25.8254],[94.766,25.8328],[94.7667,25.825],[94.7592,25.8254]]],[[[94.8342,25.8385],[94.8272,25.8338],[94.825,25.8417],[94.8342,25.8385]]],[[[94.7493,25.8362],[94.7557,25.8421],[94.7583,25.8333],[94.7493,25.8362]]],[[[94.8418,25.844],[94.8472,25.8518],[94.8494,25.8426],[94.8418,25.844]]],[[[94.77,25.8512],[94.7706,25.8737],[94.7833,25.85],[94.77,25.8512]]],[[[94.7509,25.8671],[94.7576,25.8745],[94.7583,25.8667],[94.7509,25.8671]]],[[[94.741,25.8779],[94.7474,25.8837],[94.75,25.875],[94.741,25.8779]]],[[[94.8751,25.8857],[94.8805,25.8935],[94.8827,25.8843],[94.8751,25.8857]]],[[[94.8001,25.919],[94.8055,25.9268],[94.8077,25.9176],[94.8001,25.919]]],[[[94.8424,25.9297],[94.8579,25.9289],[94.8417,25.9167],[94.8424,25.9297]]],[[[94.9425,25.9385],[94.9355,25.9338],[94.9333,25.9417],[94.9425,25.9385]]],[[[94.9218,25.9325],[94.9195,25.9402],[94.925,25.9417],[94.9218,25.9325]]],[[[94.907,25.9368],[94.8769,25.9333],[94.8666,25.9413],[94.8974,25.9414],[94.907,25.9368]]],[[[94.9258,25.9423],[94.9294,25.9512],[94.9333,25.9417],[94.9258,25.9423]]],[[[94.8605,25.9429],[94.8653,25.9573],[94.8667,25.9417],[94.8605,25.9429]]],[[[94.9665,25.959],[94.9673,25.966],[94.9774,25.9625],[94.9665,25.959]]],[[[94.8671,25.9783],[94.8825,25.9797],[94.8671,25.9582],[94.8671,25.9783]]],[[[94.8915,26.0048],[94.8753,26.0124],[94.8914,26.0251],[94.8915,26.0048]]],[[[94.8948,26.0342],[94.9,26.0274],[94.8917,26.025],[94.8948,26.0342]]],[[[94.5385,26.2492],[94.5333,26.256],[94.5417,26.2583],[94.5385,26.2492]]],[[[94.5421,26.2658],[94.5495,26.259],[94.5417,26.2583],[94.5421,26.2658]]],[[[94.8802,26.3242],[94.8778,26.3319],[94.8833,26.3333],[94.8802,26.3242]]],[[[94.6902,27.8149],[94.6865,27.8075],[94.6833,27.8167],[94.6902,27.8149]]],[[[94.8001,27.894],[94.8055,27.9018],[94.8077,27.8926],[94.8001,27.894]]],[[[94.6827,27.9029],[94.6891,27.9087],[94.6917,27.9],[94.6827,27.9029]]],[[[94.8161,27.9028],[94.8222,27.9102],[94.8242,27.9007],[94.8161,27.9028]]],[[[94.6661,27.9028],[94.6722,27.9102],[94.6742,27.9007],[94.6661,27.9028]]],[[[94.7085,27.9107],[94.7138,27.9185],[94.7161,27.9093],[94.7085,27.9107]]],[[[94.8335,27.9107],[94.8388,27.9185],[94.8411,27.9093],[94.8335,27.9107]]],[[[94.5905,27.9481],[94.5875,27.9249],[94.5833,27.95],[94.5905,27.9481]]],[[[94.9092,27.9337],[94.916,27.9411],[94.9167,27.9333],[94.9092,27.9337]]],[[[94.6324,27.9491],[94.6289,27.9328],[94.625,27.95],[94.6324,27.9491]]],[[[94.5092,27.9396],[94.5165,27.9478],[94.5125,27.9327],[94.5092,27.9396]]],[[[94.5759,27.9504],[94.5826,27.9578],[94.5833,27.95],[94.5759,27.9504]]],[[[94.5873,27.9591],[94.5765,27.9684],[94.5774,27.974],[94.5988,27.9719],[94.5873,27.9591]]],[[[94.6024,27.9602],[94.6283,27.989],[94.6384,27.9898],[94.625,27.95],[94.6024,27.9602]]],[[[94.8802,27.9825],[94.8755,27.9895],[94.8833,27.9917],[94.8802,27.9825]]],[[[94.7132,27.989],[94.7048,27.9534],[94.6711,27.9529],[94.6416,27.992],[94.653,28.0053],[94.678,28.0012],[94.6875,28.0217],[94.6959,28.0024],[94.7305,27.9955],[94.7132,27.989]]],[[[94.5751,27.9857],[94.5805,27.9935],[94.5827,27.9843],[94.5751,27.9857]]],[[[94.9133,27.984],[94.909,27.998],[94.922,27.9995],[94.925,27.9917],[94.9133,27.984]]],[[[94.8865,28.0008],[94.8912,27.9938],[94.8833,27.9917],[94.8865,28.0008]]],[[[94.5158,28.0198],[94.5226,28.025],[94.525,28.0167],[94.5158,28.0198]]],[[[94.9501,28.019],[94.9555,28.0268],[94.9577,28.0176],[94.9501,28.019]]],[[[94.8382,28.0115],[94.8353,28.0314],[94.8567,28.0295],[94.8382,28.0115]]],[[[94.7918,28.0357],[94.7972,28.0435],[94.7994,28.0343],[94.7918,28.0357]]],[[[94.8669,28.064],[94.8748,28.0523],[94.8667,28.05],[94.8669,28.064]]],[[[94.5829,28.0728],[94.5782,28.0658],[94.575,28.075],[94.5829,28.0728]]],[[[94.8753,28.074],[94.8845,28.0706],[94.875,28.0667],[94.8753,28.074]]],[[[94.9885,28.0742],[94.9849,28.0815],[94.9917,28.0833],[94.9885,28.0742]]],[[[94.5335,28.0773],[94.5388,28.0852],[94.5411,28.076],[94.5335,28.0773]]],[[[94.575,28.1167],[94.5843,28.126],[94.5912,28.1199],[94.575,28.1167]]],[[[94.7327,28.1278],[94.7388,28.1352],[94.7409,28.1257],[94.7327,28.1278]]],[[[94.7468,28.1408],[94.7432,28.1482],[94.75,28.15],[94.7468,28.1408]]],[[[94.6239,28.1422],[94.6311,28.1498],[94.6333,28.1417],[94.6239,28.1422]]],[[[94.9091,28.1647],[94.9167,28.175],[94.9125,28.1577],[94.9091,28.1647]]],[[[94.5741,28.1907],[94.5705,28.1745],[94.5667,28.1917],[94.5741,28.1907]]],[[[94.5496,28.1921],[94.5628,28.1998],[94.5667,28.1917],[94.5496,28.1921]]],[[[94.5802,28.2242],[94.5765,28.2315],[94.5833,28.2333],[94.5802,28.2242]]],[[[94.9186,28.2587],[94.9311,28.2664],[94.9333,28.2583],[94.9186,28.2587]]],[[[94.7718,28.2742],[94.7682,28.2815],[94.775,28.2833],[94.7718,28.2742]]],[[[94.5748,28.2756],[94.5756,28.2827],[94.5857,28.2792],[94.5748,28.2756]]],[[[94.7822,28.3172],[94.7894,28.3248],[94.7917,28.3167],[94.7822,28.3172]]],[[[94.6243,28.3362],[94.6307,28.3421],[94.6333,28.3333],[94.6243,28.3362]]],[[[94.9529,28.3924],[94.9588,28.386],[94.95,28.3833],[94.9529,28.3924]]],[[[94.8675,28.3968],[94.8607,28.3917],[94.8583,28.4],[94.8675,28.3968]]],[[[94.8506,28.4016],[94.8576,28.4154],[94.8583,28.4],[94.8506,28.4016]]],[[[94.7006,28.4409],[94.7095,28.4373],[94.7,28.4333],[94.7006,28.4409]]],[[[94.8168,28.4607],[94.8222,28.4685],[94.8244,28.4593],[94.8168,28.4607]]],[[[94.7006,28.4762],[94.7081,28.4689],[94.7,28.4667],[94.7006,28.4762]]],[[[94.8243,28.4779],[94.8307,28.4837],[94.8333,28.475],[94.8243,28.4779]]],[[[94.5168,28.519],[94.5222,28.5268],[94.5244,28.5176],[94.5168,28.519]]],[[[94.5413,28.5257],[94.5438,28.5327],[94.561,28.5292],[94.5413,28.5257]]],[[[94.5768,28.529],[94.577,28.5397],[94.5968,28.5484],[94.5982,28.5357],[94.5768,28.529]]],[[[94.616,28.5612],[94.6224,28.5671],[94.625,28.5583],[94.616,28.5612]]],[[[94.6588,28.5741],[94.6664,28.5678],[94.6583,28.5667],[94.6588,28.5741]]],[[[94.6669,28.589],[94.6748,28.5773],[94.6667,28.575],[94.6669,28.589]]],[[[94.6667,28.5917],[94.6593,28.6149],[94.6645,28.6161],[94.6667,28.5917]]],[[[94.9805,28.616],[94.9746,28.6224],[94.9833,28.625],[94.9805,28.616]]],[[[94.6493,28.6195],[94.6557,28.6254],[94.6583,28.6167],[94.6493,28.6195]]],[[[94.9838,28.6324],[94.9911,28.6257],[94.9833,28.625],[94.9838,28.6324]]],[[[94.6411,28.6361],[94.6472,28.6435],[94.6492,28.634],[94.6411,28.6361]]],[[[94.6585,28.6357],[94.6638,28.6435],[94.6661,28.6343],[94.6585,28.6357]]],[[[94.9333,28.6583],[94.9121,28.6425],[94.9088,28.6546],[94.9333,28.6583]]],[[[94.6668,28.6773],[94.6722,28.6852],[94.6744,28.676],[94.6668,28.6773]]],[[[94.925,28.725],[94.909,28.7188],[94.9102,28.7325],[94.925,28.725]]],[[[94.7663,28.7342],[94.7584,28.7512],[94.7664,28.7584],[94.7663,28.7342]]],[[[94.8078,28.7572],[94.8002,28.7644],[94.8083,28.7667],[94.8078,28.7572]]],[[[94.7669,28.7723],[94.7748,28.7606],[94.7667,28.7583],[94.7669,28.7723]]],[[[94.9585,28.769],[94.9638,28.7768],[94.9661,28.7676],[94.9585,28.769]]],[[[94.8088,28.7814],[94.8164,28.769],[94.8083,28.7667],[94.8088,28.7814]]],[[[94.9508,28.7802],[94.9441,28.775],[94.9417,28.7833],[94.9508,28.7802]]],[[[94.7752,28.789],[94.7833,28.7781],[94.775,28.775],[94.7752,28.789]]],[[[94.9417,28.7833],[94.927,28.7993],[94.9408,28.7983],[94.9417,28.7833]]],[[[94.925,28.8083],[94.8377,28.814],[94.8208,28.7855],[94.8008,28.8082],[94.8291,28.8307],[94.8584,28.8178],[94.8958,28.8308],[94.925,28.8083]]],[[[94.925,28.8083],[94.9499,28.8121],[94.9409,28.8086],[94.9372,28.8083],[94.925,28.8083]]],[[[94.7327,28.8195],[94.7388,28.8268],[94.7409,28.8174],[94.7327,28.8195]]],[[[94.7905,28.7964],[94.7694,28.8303],[94.8118,28.8569],[94.814,28.8366],[94.7856,28.8292],[94.8002,28.8171],[94.7905,28.7964]]],[[[94.8577,28.8279],[94.8641,28.8337],[94.8667,28.825],[94.8577,28.8279]]],[[[94.7492,28.8411],[94.7456,28.8322],[94.7417,28.8417],[94.7492,28.8411]]],[[[94.6779,28.834],[94.679,28.85],[94.6917,28.8374],[94.6779,28.834]]],[[[94.7417,28.8417],[94.7105,28.8379],[94.7384,28.8558],[94.7417,28.8417]]],[[[94.7502,28.8487],[94.7581,28.8428],[94.75,28.8417],[94.7502,28.8487]]],[[[94.8172,28.8678],[94.8248,28.8606],[94.8167,28.8583],[94.8172,28.8678]]],[[[94.741,28.9195],[94.7474,28.9254],[94.75,28.9167],[94.741,28.9195]]],[[[95.0008,28.9468],[94.9941,28.9417],[94.9917,28.95],[95.0008,28.9468]]],[[[94.9918,28.9505],[94.9091,28.9632],[94.896,28.9367],[94.8723,28.949],[94.8205,28.9115],[94.7959,28.9147],[94.7776,28.8709],[94.7971,28.8614],[94.7522,28.8604],[94.7655,28.8917],[94.7533,28.9144],[94.841,28.9455],[94.8445,28.9803],[94.8797,28.9688],[94.8945,29.0386],[94.938,29.0723],[94.9395,29.0528],[94.9108,29.0306],[94.9179,28.9805],[94.9918,28.9505]]],[[[94.8342,28.9837],[94.841,28.9911],[94.8417,28.9833],[94.8342,28.9837]]],[[[94.8243,28.9945],[94.8307,29.0004],[94.8333,28.9917],[94.8243,28.9945]]],[[[94.9419,29.082],[94.9497,29.0761],[94.9417,29.075],[94.9419,29.082]]],[[[94.9508,29.1028],[94.9806,29.113],[94.9505,29.0832],[94.9508,29.1028]]],[[[95.0241,29.1093],[95.0078,29.1128],[95.025,29.1167],[95.0241,29.1093]]],[[[95.0176,29.1259],[95.0212,29.1422],[95.025,29.125],[95.0176,29.1259]]],[[[95.0175,29.1552],[95.0107,29.15],[95.0083,29.1583],[95.0175,29.1552]]],[[[95.0009,29.1587],[95.0076,29.1661],[95.0083,29.1583],[95.0009,29.1587]]],[[[95.0089,29.1742],[95.0178,29.1706],[95.0083,29.1667],[95.0089,29.1742]]],[[[95.0244,29.1695],[95.0305,29.1768],[95.0326,29.1674],[95.0244,29.1695]]],[[[95.0083,29.175],[94.984,29.1707],[95.0051,29.1822],[95.0083,29.175]]],[[[95.0259,15.7214],[95.038,15.7327],[95.0385,15.7099],[95.0364,15.7098],[95.0259,15.7214]]],[[[95.1302,15.7908],[95.1278,15.7986],[95.1333,15.8],[95.1302,15.7908]]],[[[95.1311,15.8169],[95.1239,15.8245],[95.1333,15.825],[95.1311,15.8169]]],[[[95.0679,15.8299],[95.0711,15.8423],[95.0711,15.8243],[95.0679,15.8299]]],[[[95.0445,15.8424],[95.0504,15.836],[95.0417,15.8333],[95.0445,15.8424]]],[[[95.1168,15.8523],[95.1222,15.8602],[95.1244,15.851],[95.1168,15.8523]]],[[[95.1342,15.8587],[95.141,15.8661],[95.1417,15.8583],[95.1342,15.8587]]],[[[95.1166,15.9134],[95.125,15.9083],[95.1155,15.9123],[95.1166,15.9134]]],[[[95.1052,15.9408],[95.1028,15.9486],[95.1083,15.95],[95.1052,15.9408]]],[[[95.1168,15.9773],[95.1222,15.9852],[95.1244,15.976],[95.1168,15.9773]]],[[[95.1001,15.9773],[95.1055,15.9852],[95.1077,15.976],[95.1001,15.9773]]],[[[95.0918,16.0357],[95.0972,16.0435],[95.0994,16.0343],[95.0918,16.0357]]],[[[95.091,16.1362],[95.0974,16.1421],[95.1,16.1333],[95.091,16.1362]]],[[[95.1926,16.2171],[95.1993,16.2245],[95.2,16.2167],[95.1926,16.2171]]],[[[95.2029,16.234],[95.2088,16.2276],[95.2,16.225],[95.2029,16.234]]],[[[95.1251,16.2607],[95.1305,16.2685],[95.1327,16.2593],[95.1251,16.2607]]],[[[95.1501,16.2857],[95.1555,16.2935],[95.1577,16.2843],[95.1501,16.2857]]],[[[95.1157,16.298],[95.1115,16.2908],[95.1083,16.3],[95.1157,16.298]]],[[[95.1994,16.3028],[95.2055,16.3102],[95.2076,16.3007],[95.1994,16.3028]]],[[[95.1597,16.3199],[95.1667,16.3058],[95.1575,16.2998],[95.1499,16.3081],[95.1597,16.3199]]],[[[95.141,16.3112],[95.1474,16.3171],[95.15,16.3083],[95.141,16.3112]]],[[[95.2001,16.3273],[95.2055,16.3352],[95.2077,16.326],[95.2001,16.3273]]],[[[95.1244,16.3278],[95.1305,16.3352],[95.1326,16.3257],[95.1244,16.3278]]],[[[95.1411,16.3278],[95.1472,16.3352],[95.1492,16.3257],[95.1411,16.3278]]],[[[95.1421,16.4076],[95.1747,16.3855],[95.165,16.3621],[95.1261,16.3636],[95.111,16.3291],[95.1216,16.3117],[95.0698,16.2803],[95.0622,16.252],[95.0301,16.2358],[95.0125,16.244],[95.0658,16.3053],[95.044,16.3447],[95.0518,16.3625],[95.0984,16.407],[95.129,16.3764],[95.1266,16.4205],[95.1579,16.4297],[95.1646,16.4126],[95.1421,16.4076]],[[95.144,16.3753],[95.1564,16.3829],[95.1417,16.3833],[95.144,16.3753]],[[95.0694,16.3562],[95.0712,16.3429],[95.0898,16.3632],[95.0694,16.3562]]],[[[95.1635,16.3408],[95.1583,16.3476],[95.1667,16.35],[95.1635,16.3408]]],[[[95.1673,16.3576],[95.1762,16.354],[95.1667,16.35],[95.1673,16.3576]]],[[[95.1259,16.3574],[95.1422,16.3538],[95.125,16.35],[95.1259,16.3574]]],[[[95.0168,16.3556],[95.0269,16.3734],[95.0403,16.3725],[95.0417,16.35],[95.0168,16.3556]]],[[[95.1926,16.3592],[95.1777,16.3795],[95.1954,16.3888],[95.2153,16.3736],[95.1926,16.3592]]],[[[95.0419,16.389],[95.0499,16.3781],[95.0417,16.375],[95.0419,16.389]]],[[[95.1846,16.4133],[95.1878,16.4257],[95.1878,16.4077],[95.1846,16.4133]]],[[[95.0249,16.4175],[95.0416,16.4201],[95.0377,16.4084],[95.0249,16.4175]]],[[[95.0806,16.4125],[95.0691,16.4214],[95.0617,16.3866],[95.0568,16.4277],[95.0358,16.4471],[95.0895,16.4377],[95.0806,16.4125]]],[[[95.1993,16.4195],[95.2057,16.4254],[95.2083,16.4167],[95.1993,16.4195]]],[[[95.125,16.425],[95.0927,16.4298],[95.1129,16.4407],[95.125,16.425]]],[[[95.1587,16.4407],[95.1678,16.4373],[95.1583,16.4333],[95.1587,16.4407]]],[[[95.1198,16.4508],[95.125,16.4441],[95.1167,16.4417],[95.1198,16.4508]]],[[[95.1441,16.4422],[95.1547,16.4582],[95.1583,16.4417],[95.1441,16.4422]]],[[[95.0529,16.459],[95.0588,16.4526],[95.05,16.45],[95.0529,16.459]]],[[[95.1327,16.4529],[95.1391,16.4587],[95.1417,16.45],[95.1327,16.4529]]],[[[95.0668,16.4523],[95.0722,16.4602],[95.0744,16.451],[95.0668,16.4523]]],[[[95.0827,16.4611],[95.0888,16.4685],[95.0909,16.459],[95.0827,16.4611]]],[[[95.1842,16.4802],[95.1772,16.4754],[95.175,16.4833],[95.1842,16.4802]]],[[[95.0668,16.4773],[95.0722,16.4852],[95.0744,16.476],[95.0668,16.4773]]],[[[95.166,16.4862],[95.1724,16.4921],[95.175,16.4833],[95.166,16.4862]]],[[[95.1001,16.4857],[95.1055,16.4935],[95.1077,16.4843],[95.1001,16.4857]]],[[[95.1911,16.4861],[95.1972,16.4935],[95.1992,16.484],[95.1911,16.4861]]],[[[95.1327,16.4861],[95.1388,16.4935],[95.1409,16.484],[95.1327,16.4861]]],[[[95.0418,16.494],[95.0472,16.5018],[95.0494,16.4926],[95.0418,16.494]]],[[[95.1501,16.494],[95.1555,16.5018],[95.1577,16.4926],[95.1501,16.494]]],[[[95.1052,16.4992],[95.1,16.506],[95.1083,16.5083],[95.1052,16.4992]]],[[[95.0827,16.5028],[95.0888,16.5102],[95.0909,16.5007],[95.0827,16.5028]]],[[[95.1115,16.5175],[95.1167,16.5107],[95.1083,16.5083],[95.1115,16.5175]]],[[[95.1668,16.5107],[95.1722,16.5185],[95.1744,16.5093],[95.1668,16.5107]]],[[[95.0668,16.519],[95.0722,16.5268],[95.0744,16.5176],[95.0668,16.519]]],[[[95.1335,16.519],[95.1388,16.5268],[95.1411,16.5176],[95.1335,16.519]]],[[[95.0385,16.5242],[95.0333,16.531],[95.0417,16.5333],[95.0385,16.5242]]],[[[95.1161,16.5278],[95.1222,16.5352],[95.1242,16.5257],[95.1161,16.5278]]],[[[95.0835,16.5273],[95.0888,16.5352],[95.0911,16.526],[95.0835,16.5273]]],[[[95.1918,16.5273],[95.1972,16.5352],[95.1994,16.526],[95.1918,16.5273]]],[[[95.0483,16.5431],[95.0668,16.5372],[95.0417,16.5333],[95.0483,16.5431]]],[[[95.1327,16.5361],[95.1388,16.5435],[95.1409,16.534],[95.1327,16.5361]]],[[[95.1588,16.5334],[95.163,16.5578],[95.1627,16.526],[95.1588,16.5334]]],[[[95.1081,16.5423],[95.1081,16.5494],[95.119,16.5458],[95.1081,16.5423]]],[[[95.0718,16.5492],[95.0667,16.556],[95.075,16.5583],[95.0718,16.5492]]],[[[95.0498,16.5506],[95.0498,16.5577],[95.0607,16.5542],[95.0498,16.5506]]],[[[95.0666,16.5729],[95.0815,16.5819],[95.0814,16.5606],[95.075,16.5583],[95.0666,16.5729]]],[[[95.1259,16.5761],[95.1361,16.5826],[95.1524,16.5708],[95.1451,16.5611],[95.1259,16.5761]]],[[[95.0206,16.5609],[95.0375,16.594],[95.0557,16.5792],[95.0206,16.5609]]],[[[95.1679,16.5883],[95.1711,16.6007],[95.1711,16.5827],[95.1679,16.5883]]],[[[95.1885,16.5908],[95.1833,16.5976],[95.1917,16.6],[95.1885,16.5908]]],[[[95.0885,16.5908],[95.0833,16.5976],[95.0917,16.6],[95.0885,16.5908]]],[[[95.1302,16.5908],[95.1278,16.5986],[95.1333,16.6],[95.1302,16.5908]]],[[[95.0668,16.594],[95.0722,16.6018],[95.0744,16.5926],[95.0668,16.594]]],[[[95.0917,16.6],[95.1082,16.6044],[95.1044,16.5917],[95.0917,16.6]]],[[[95.1933,16.6078],[95.2071,16.6007],[95.1917,16.6],[95.1933,16.6078]]],[[[95.1742,16.6203],[95.1872,16.6273],[95.1906,16.618],[95.1742,16.6203]]],[[[95.0492,16.6203],[95.0622,16.6273],[95.0656,16.618],[95.0492,16.6203]]],[[[95.13,16.647],[95.1373,16.602],[95.0949,16.6217],[95.1226,16.6289],[95.13,16.647]]],[[[95.1433,16.6328],[95.1571,16.6257],[95.1417,16.625],[95.1433,16.6328]]],[[[95.1583,16.6333],[95.1736,16.641],[95.1746,16.635],[95.1583,16.6333]]],[[[95.0993,16.6362],[95.1057,16.6421],[95.1083,16.6333],[95.0993,16.6362]]],[[[95.0827,16.6361],[95.0888,16.6435],[95.0909,16.634],[95.0827,16.6361]]],[[[95.0273,16.6296],[95.0189,16.6468],[95.0478,16.6479],[95.0474,16.6358],[95.0273,16.6296]]],[[[95.175,16.6417],[95.1903,16.6493],[95.1913,16.6433],[95.175,16.6417]]],[[[95.1496,16.6496],[95.1418,16.6625],[95.15,16.6667],[95.1496,16.6496]]],[[[95.1921,16.6574],[95.1997,16.6511],[95.1917,16.65],[95.1921,16.6574]]],[[[95.0468,16.6575],[95.0445,16.6652],[95.05,16.6667],[95.0468,16.6575]]],[[[95.2002,16.6653],[95.2081,16.6594],[95.2,16.6583],[95.2002,16.6653]]],[[[95.1668,16.669],[95.1722,16.6768],[95.1744,16.6676],[95.1668,16.669]]],[[[95.1502,16.6807],[95.1581,16.669],[95.15,16.6667],[95.1502,16.6807]]],[[[95.0968,16.6742],[95.0917,16.681],[95.1,16.6833],[95.0968,16.6742]]],[[[95.0744,16.6778],[95.0805,16.6852],[95.0826,16.6757],[95.0744,16.6778]]],[[[95.1168,16.6773],[95.1222,16.6852],[95.1244,16.676],[95.1168,16.6773]]],[[[95.141,16.6862],[95.1474,16.6921],[95.15,16.6833],[95.141,16.6862]]],[[[95.1668,16.6857],[95.1722,16.6935],[95.1744,16.6843],[95.1668,16.6857]]],[[[95.2158,16.6851],[95.2006,16.6979],[95.2167,16.7],[95.2158,16.6851]]],[[[95.1665,16.709],[95.1673,16.716],[95.1774,16.7125],[95.1665,16.709]]],[[[95.2077,16.7112],[95.2141,16.7171],[95.2167,16.7083],[95.2077,16.7112]]],[[[95.1013,16.6833],[95.0924,16.7263],[95.1055,16.756],[95.1301,16.7209],[95.1106,16.7128],[95.1013,16.6833]]],[[[95.2085,16.7357],[95.2138,16.7435],[95.2161,16.7343],[95.2085,16.7357]]],[[[95.1327,16.7445],[95.1388,16.7518],[95.1409,16.7424],[95.1327,16.7445]]],[[[95.1577,16.7528],[95.1638,16.7602],[95.1659,16.7507],[95.1577,16.7528]]],[[[95.1087,16.7657],[95.1178,16.7623],[95.1083,16.7583],[95.1087,16.7657]]],[[[95.1581,16.7673],[95.1581,16.7744],[95.169,16.7708],[95.1581,16.7673]]],[[[95.0279,16.7757],[95.0338,16.7693],[95.025,16.7667],[95.0279,16.7757]]],[[[95.0993,16.7695],[95.1057,16.7754],[95.1083,16.7667],[95.0993,16.7695]]],[[[95.1327,16.7861],[95.1388,16.7935],[95.1409,16.784],[95.1327,16.7861]]],[[[95.1168,16.794],[95.1222,16.8018],[95.1244,16.7926],[95.1168,16.794]]],[[[95.1884,16.8325],[95.1907,16.8192],[95.1789,16.8088],[95.175,16.825],[95.1884,16.8325]]],[[[95.166,16.8279],[95.1724,16.8337],[95.175,16.825],[95.166,16.8279]]],[[[95.1718,16.8408],[95.1667,16.8476],[95.175,16.85],[95.1718,16.8408]]],[[[95.0668,16.8523],[95.0722,16.8602],[95.0744,16.851],[95.0668,16.8523]]],[[[95.175,16.85],[95.1874,16.8733],[95.2056,16.8533],[95.175,16.85]]],[[[95.1635,16.8658],[95.1611,16.8736],[95.1667,16.875],[95.1635,16.8658]]],[[[95.204,16.8666],[95.207,16.8833],[95.2167,16.8793],[95.204,16.8666]]],[[[95.1675,16.8756],[95.1715,16.8839],[95.175,16.875],[95.1675,16.8756]]],[[[95.0577,16.8737],[95.0413,16.8928],[95.0667,16.8833],[95.0577,16.8737]]],[[[95.0698,16.8925],[95.075,16.8857],[95.0667,16.8833],[95.0698,16.8925]]],[[[95.1677,16.9034],[95.1707,16.9168],[95.1708,16.8913],[95.1677,16.9034]]],[[[95.0661,16.9028],[95.0722,16.9102],[95.0742,16.9007],[95.0661,16.9028]]],[[[95.049,16.9075],[95.0563,16.9156],[95.0548,16.9003],[95.049,16.9075]]],[[[95.1918,16.919],[95.1972,16.9268],[95.1994,16.9176],[95.1918,16.919]]],[[[95.1751,16.9273],[95.1805,16.9352],[95.1827,16.926],[95.1751,16.9273]]],[[[95.0665,16.9306],[95.0712,16.9414],[95.0915,16.9374],[95.0859,16.9251],[95.0665,16.9306]]],[[[95.0994,16.9361],[95.1055,16.9435],[95.1076,16.934],[95.0994,16.9361]]],[[[95.0492,16.9349],[95.0427,16.9451],[95.0467,16.9523],[95.0492,16.9349]]],[[[95.2167,16.9333],[95.2069,16.9444],[95.2125,16.9656],[95.2167,16.9333]]],[[[95.0751,16.9523],[95.0805,16.9602],[95.0827,16.951],[95.0751,16.9523]]],[[[95.0507,16.9638],[95.0443,16.9579],[95.0417,16.9667],[95.0507,16.9638]]],[[[95.0325,16.9698],[95.0395,16.9746],[95.0417,16.9667],[95.0325,16.9698]]],[[[95.0827,16.9695],[95.0888,16.9768],[95.0909,16.9674],[95.0827,16.9695]]],[[[95.1585,16.969],[95.1638,16.9768],[95.1661,16.9676],[95.1585,16.969]]],[[[95.0668,16.9773],[95.0722,16.9852],[95.0744,16.976],[95.0668,16.9773]]],[[[95.1668,17.1273],[95.1722,17.1352],[95.1744,17.126],[95.1668,17.1273]]],[[[95.1333,17.1333],[95.1557,17.1411],[95.1578,17.1355],[95.1333,17.1333]]],[[[95.0256,17.1451],[95.0396,17.1493],[95.0412,17.1363],[95.0333,17.1333],[95.0256,17.1451]]],[[[95.1587,17.149],[95.1678,17.1456],[95.1583,17.1417],[95.1587,17.149]]],[[[95.0552,17.1492],[95.0528,17.1569],[95.0583,17.1583],[95.0552,17.1492]]],[[[95.0592,17.1587],[95.066,17.1661],[95.0667,17.1583],[95.0592,17.1587]]],[[[95.1994,17.1611],[95.2055,17.1685],[95.2076,17.159],[95.1994,17.1611]]],[[[95.1444,17.1645],[95.1556,17.1697],[95.1647,17.1809],[95.1583,17.15],[95.1444,17.1645]]],[[[95.1342,17.1671],[95.141,17.1745],[95.1417,17.1667],[95.1342,17.1671]]],[[[95.1259,17.1754],[95.1326,17.1828],[95.1333,17.175],[95.1259,17.1754]]],[[[95.1878,17.1835],[95.2033,17.1916],[95.2083,17.1833],[95.1878,17.1835]]],[[[95.1671,17.1908],[95.1747,17.1844],[95.1667,17.1833],[95.1671,17.1908]]],[[[95.1264,17.2029],[95.1382,17.2069],[95.1566,17.1959],[95.1333,17.1833],[95.1264,17.2029]]],[[[95.2285,17.2216],[95.228,17.1856],[95.211,17.207],[95.1757,17.2015],[95.2285,17.2216]]],[[[95.0552,17.2075],[95.0528,17.2152],[95.0583,17.2167],[95.0552,17.2075]]],[[[95.1112,17.2174],[95.1171,17.211],[95.1083,17.2083],[95.1112,17.2174]]],[[[95.1327,17.2195],[95.1388,17.2268],[95.1409,17.2174],[95.1327,17.2195]]],[[[95.1592,17.2302],[95.1522,17.2255],[95.15,17.2333],[95.1592,17.2302]]],[[[95.1835,17.2273],[95.1888,17.2352],[95.1911,17.226],[95.1835,17.2273]]],[[[95.141,17.2362],[95.1474,17.2421],[95.15,17.2333],[95.141,17.2362]]],[[[95.1677,17.2283],[95.175,17.2583],[95.1708,17.2183],[95.1677,17.2283]]],[[[95.1263,17.2383],[95.1294,17.2507],[95.1294,17.2327],[95.1263,17.2383]]],[[[95.2052,17.2408],[95.2,17.2476],[95.2083,17.25],[95.2052,17.2408]]],[[[95.1418,17.2523],[95.1472,17.2602],[95.1494,17.251],[95.1418,17.2523]]],[[[95.2089,17.2595],[95.2165,17.2522],[95.2083,17.25],[95.2089,17.2595]]],[[[95.1918,17.2664],[95.175,17.2642],[95.179,17.2828],[95.1918,17.2664]]],[[[95.1948,17.2758],[95.2,17.2691],[95.1917,17.2667],[95.1948,17.2758]]],[[[95.1411,17.2905],[95.1336,17.2978],[95.1417,17.3],[95.1411,17.2905]]],[[[95.1417,17.3],[95.1647,17.3041],[95.1543,17.2852],[95.1417,17.3]]],[[[95.1924,17.3055],[95.186,17.2996],[95.1833,17.3083],[95.1924,17.3055]]],[[[95.0501,17.3023],[95.0555,17.3102],[95.0577,17.301],[95.0501,17.3023]]],[[[95.1759,17.3087],[95.1826,17.3161],[95.1833,17.3083],[95.1759,17.3087]]],[[[95.0494,17.3195],[95.0555,17.3268],[95.0576,17.3174],[95.0494,17.3195]]],[[[95.2029,17.359],[95.2088,17.3526],[95.2,17.35],[95.2029,17.359]]],[[[95.0418,17.3523],[95.0472,17.3602],[95.0494,17.351],[95.0418,17.3523]]],[[[95.1917,17.3667],[95.2099,17.3743],[95.2168,17.3709],[95.1917,17.3667]]],[[[95.0494,17.3945],[95.0555,17.4018],[95.0576,17.3924],[95.0494,17.3945]]],[[[95.0673,17.4072],[95.0712,17.4251],[95.0707,17.3999],[95.0673,17.4072]]],[[[95.1835,17.4273],[95.1888,17.4352],[95.1911,17.426],[95.1835,17.4273]]],[[[95.167,17.4407],[95.1762,17.4373],[95.1667,17.4333],[95.167,17.4407]]],[[[95.0418,17.444],[95.0472,17.4518],[95.0494,17.4426],[95.0418,17.444]]],[[[95.2167,17.45],[95.1931,17.4464],[95.2133,17.4652],[95.2167,17.45]]],[[[95.0494,17.5028],[95.0555,17.5102],[95.0576,17.5007],[95.0494,17.5028]]],[[[95.163,17.5973],[95.1882,17.5689],[95.1856,17.5832],[95.2062,17.5728],[95.2025,17.5277],[95.2241,17.5371],[95.2455,17.5653],[95.2432,17.539],[95.2649,17.5371],[95.2637,17.5099],[95.2119,17.4975],[95.222,17.4784],[95.1967,17.4614],[95.1883,17.4802],[95.1682,17.4803],[95.1612,17.47],[95.1811,17.4608],[95.164,17.4444],[95.0952,17.4535],[95.0852,17.4967],[95.1145,17.497],[95.1027,17.5182],[95.0699,17.5288],[95.0753,17.5441],[95.1057,17.5337],[95.1392,17.5458],[95.0934,17.571],[95.1279,17.5684],[95.163,17.5973]],[[95.1507,17.5672],[95.1578,17.5743],[95.15,17.575],[95.1507,17.5672]],[[95.1823,17.542],[95.175,17.55],[95.1754,17.5426],[95.1823,17.542]],[[95.1503,17.5293],[95.1662,17.5303],[95.1538,17.5413],[95.1503,17.5293]],[[95.1581,17.5153],[95.1503,17.5094],[95.1583,17.5083],[95.1581,17.5153]],[[95.2011,17.5086],[95.207,17.5165],[95.2,17.5167],[95.2011,17.5086]],[[95.1674,17.4922],[95.1745,17.4993],[95.1667,17.5],[95.1674,17.4922]],[[95.1171,17.4686],[95.1248,17.4811],[95.1167,17.4833],[95.1171,17.4686]],[[95.101,17.4747],[95.1083,17.4667],[95.1079,17.4741],[95.101,17.4747]]],[[[95.0501,17.5273],[95.0555,17.5352],[95.0577,17.526],[95.0501,17.5273]]],[[[95.0824,17.5897],[95.0782,17.5825],[95.075,17.5917],[95.0824,17.5897]]],[[[95.0911,17.5861],[95.0972,17.5935],[95.0992,17.584],[95.0911,17.5861]]],[[[95.2088,17.6079],[95.1958,17.6001],[95.1917,17.6083],[95.2088,17.6079]]],[[[95.1822,17.6089],[95.1894,17.6165],[95.1917,17.6083],[95.1822,17.6089]]],[[[95.1418,17.6107],[95.1472,17.6185],[95.1494,17.6093],[95.1418,17.6107]]],[[[95.1585,17.6107],[95.1638,17.6185],[95.1661,17.6093],[95.1585,17.6107]]],[[[95.1468,17.6325],[95.1417,17.6393],[95.15,17.6417],[95.1468,17.6325]]],[[[95.1506,17.6492],[95.159,17.6452],[95.15,17.6417],[95.1506,17.6492]]],[[[95.1835,17.644],[95.1888,17.6518],[95.1911,17.6426],[95.1835,17.644]]],[[[95.1106,17.6441],[95.1094,17.6559],[95.1215,17.6659],[95.1238,17.6535],[95.1106,17.6441]]],[[[95.141,17.6529],[95.1474,17.6587],[95.15,17.65],[95.141,17.6529]]],[[[95.1259,17.6905],[95.1406,17.6963],[95.1292,17.6843],[95.1259,17.6905]]],[[[95.1513,17.6966],[95.1544,17.709],[95.1544,17.691],[95.1513,17.6966]]],[[[95.11,17.6886],[95.1152,17.7142],[95.1131,17.6855],[95.11,17.6886]]],[[[95.1668,17.7107],[95.1722,17.7185],[95.1744,17.7093],[95.1668,17.7107]]],[[[95.1421,17.7501],[95.1626,17.735],[95.189,17.7291],[95.1449,17.7196],[95.1421,17.7501]]],[[[95.2077,17.7445],[95.2138,17.7518],[95.2159,17.7424],[95.2077,17.7445]]],[[[95.1751,17.7607],[95.1805,17.7685],[95.1827,17.7593],[95.1751,17.7607]]],[[[95.2085,17.794],[95.2138,17.8018],[95.2161,17.7926],[95.2085,17.794]]],[[[95.2013,17.8299],[95.2044,17.8423],[95.2044,17.8243],[95.2013,17.8299]]],[[[95.1907,18.4564],[95.1865,18.4492],[95.1833,18.4583],[95.1907,18.4564]]],[[[95.1532,18.4758],[95.1584,18.4691],[95.15,18.4667],[95.1532,18.4758]]],[[[95.0942,18.6504],[95.1006,18.668],[95.1083,18.65],[95.0942,18.6504]]],[[[95.1592,18.8921],[95.166,18.8995],[95.1667,18.8917],[95.1592,18.8921]]],[[[95.1802,26.3075],[95.1778,26.3152],[95.1833,26.3167],[95.1802,26.3075]]],[[[95.0839,27.9742],[95.0928,27.9706],[95.0833,27.9667],[95.0839,27.9742]]],[[[95.1007,28.073],[95.1083,28.0833],[95.1042,28.066],[95.1007,28.073]]],[[[95.0418,28.094],[95.0472,28.1018],[95.0494,28.0926],[95.0418,28.094]]],[[[95.0612,28.184],[95.0671,28.1776],[95.0583,28.175],[95.0612,28.184]]],[[[95.1555,28.2743],[95.1496,28.2807],[95.1583,28.2833],[95.1555,28.2743]]],[[[95.1588,28.2908],[95.1661,28.284],[95.1583,28.2833],[95.1588,28.2908]]],[[[95.1572,28.3005],[95.1644,28.3081],[95.1667,28.3],[95.1572,28.3005]]],[[[95.2009,28.4754],[95.2076,28.4828],[95.2083,28.475],[95.2009,28.4754]]],[[[95.1859,28.4838],[95.1878,28.4997],[95.2,28.4833],[95.1859,28.4838]]],[[[95.1763,28.5133],[95.1794,28.5257],[95.1794,28.5077],[95.1763,28.5133]]],[[[95.0256,29.1242],[95.034,29.1202],[95.025,29.1167],[95.0256,29.1242]]],[[[95.0494,29.1778],[95.0555,29.1852],[95.0576,29.1757],[95.0494,29.1778]]],[[[95.0918,29.1857],[95.0972,29.1935],[95.0994,29.1843],[95.0918,29.1857]]],[[[95.0918,29.2023],[95.0972,29.2102],[95.0994,29.201],[95.0918,29.2023]]],[[[95.1085,29.2023],[95.1138,29.2102],[95.1161,29.201],[95.1085,29.2023]]],[[[95.1994,29.2695],[95.2055,29.2768],[95.2076,29.2674],[95.1994,29.2695]]],[[[95.2508,15.8635],[95.2439,15.8588],[95.2417,15.8667],[95.2508,15.8635]]],[[[95.2327,15.8695],[95.2391,15.8754],[95.2417,15.8667],[95.2327,15.8695]]],[[[95.2585,15.869],[95.2638,15.8768],[95.2661,15.8676],[95.2585,15.869]]],[[[95.3279,15.9757],[95.3338,15.9693],[95.325,15.9667],[95.3279,15.9757]]],[[[95.2982,16.1483],[95.3494,16.0429],[95.3392,15.9875],[95.3011,15.9935],[95.3321,15.939],[95.2792,15.8783],[95.2719,15.8966],[95.2451,15.8867],[95.2558,15.913],[95.2358,15.9214],[95.2115,15.8884],[95.2228,15.8708],[95.1939,15.8556],[95.2157,15.8513],[95.2141,15.7884],[95.2046,15.7783],[95.1887,15.7897],[95.1808,15.7677],[95.1473,15.777],[95.1643,15.7962],[95.136,15.8065],[95.1644,15.8381],[95.135,15.8292],[95.1476,15.8639],[95.1178,15.8764],[95.1392,15.9212],[95.1264,15.9226],[95.1296,15.9476],[95.1028,15.9623],[95.1551,15.9776],[95.1268,15.996],[95.1259,16.0195],[95.1813,16.0189],[95.1913,16.0582],[95.1753,16.026],[95.1024,16.0541],[95.1273,16.0893],[95.1892,16.1137],[95.1791,16.139],[95.1536,16.1394],[95.1612,16.1178],[95.1352,16.1206],[95.1489,16.1599],[95.1278,16.2042],[95.2041,16.2142],[95.2446,16.2012],[95.2432,16.2277],[95.2636,16.2474],[95.2694,16.1612],[95.3,16.1667],[95.2982,16.1483]],[[95.2084,16.1851],[95.2001,16.1714],[95.2045,16.1668],[95.2084,16.1851]],[[95.1561,16.1763],[95.1599,16.1904],[95.1511,16.1764],[95.1561,16.1763]],[[95.2244,16.184],[95.2167,16.1917],[95.2171,16.1842],[95.2244,16.184]],[[95.191,16.1506],[95.1833,16.1583],[95.1838,16.1509],[95.191,16.1506]],[[95.2644,16.1469],[95.2032,16.1139],[95.2098,16.1028],[95.2644,16.1469]],[[95.2928,16.1169],[95.2991,16.1246],[95.2917,16.125],[95.2928,16.1169]],[[95.2428,16.1158],[95.2494,16.1015],[95.2485,16.1162],[95.2428,16.1158]],[[95.1996,16.0908],[95.192,16.0844],[95.2,16.0833],[95.1996,16.0908]],[[95.2105,16.0704],[95.2559,16.0694],[95.2645,16.0788],[95.2211,16.0891],[95.2105,16.0704]],[[95.3106,16.0821],[95.3068,16.068],[95.3156,16.082],[95.3106,16.0821]],[[95.2746,16.0574],[95.267,16.0511],[95.275,16.05],[95.2746,16.0574]],[[95.2738,16.0334],[95.261,15.9715],[95.2674,15.9667],[95.2805,15.9706],[95.2773,16.0041],[95.2969,16.0117],[95.2762,16.0249],[95.298,16.0552],[95.2738,16.0334]],[[95.316,16.009],[95.3083,16.0167],[95.3088,16.0092],[95.316,16.009]],[[95.1671,15.9592],[95.1747,15.9656],[95.1667,15.9667],[95.1671,15.9592]],[[95.2006,15.9577],[95.2083,15.95],[95.2076,15.9578],[95.2006,15.9577]],[[95.249,15.9504],[95.2417,15.9583],[95.2421,15.9509],[95.249,15.9504]],[[95.3171,15.9426],[95.3245,15.9493],[95.3167,15.95],[95.3171,15.9426]],[[95.2673,15.9486],[95.275,15.9333],[95.2733,15.9496],[95.2673,15.9486]],[[95.1427,15.9663],[95.15,15.9583],[95.1496,15.9658],[95.1427,15.9663]],[[95.2006,15.9994],[95.2083,15.9917],[95.2079,15.9991],[95.2006,15.9994]],[[95.2256,16.0327],[95.2333,16.025],[95.2329,16.0324],[95.2256,16.0327]],[[95.1838,15.8676],[95.1911,15.8743],[95.1833,15.875],[95.1838,15.8676]],[[95.1588,15.8592],[95.1664,15.8656],[95.1583,15.8667],[95.1588,15.8592]],[[95.1921,15.8342],[95.1995,15.841],[95.1917,15.8417],[95.1921,15.8342]]],[[[95.3115,16.1508],[95.3167,16.1441],[95.3083,16.1417],[95.3115,16.1508]]],[[[95.3032,16.1758],[95.3084,16.1691],[95.3,16.1667],[95.3032,16.1758]]],[[[95.2292,16.2172],[95.2177,16.2276],[95.2205,16.2411],[95.2333,16.2333],[95.2292,16.2172]]],[[[95.2339,16.2349],[95.241,16.2487],[95.2417,16.2333],[95.2339,16.2349]]],[[[95.2243,16.2529],[95.2307,16.2587],[95.2333,16.25],[95.2243,16.2529]]],[[[95.2493,16.2529],[95.2557,16.2587],[95.2583,16.25],[95.2493,16.2529]]],[[[95.3083,16.2667],[95.3152,16.2627],[95.3123,16.2572],[95.3083,16.2667]]],[[[95.317,16.274],[95.3262,16.2706],[95.3167,16.2667],[95.317,16.274]]],[[[95.2342,16.2729],[95.2415,16.2811],[95.2375,16.266],[95.2342,16.2729]]],[[[95.2592,16.2802],[95.2522,16.2754],[95.25,16.2833],[95.2592,16.2802]]],[[[95.2426,16.2837],[95.2493,16.2911],[95.25,16.2833],[95.2426,16.2837]]],[[[95.2417,16.2917],[95.2252,16.2891],[95.2332,16.3014],[95.2417,16.2917]]],[[[95.2493,16.3029],[95.2557,16.3087],[95.2583,16.3],[95.2493,16.3029]]],[[[95.2674,16.3221],[95.261,16.3163],[95.2583,16.325],[95.2674,16.3221]]],[[[95.2346,16.3216],[95.2378,16.334],[95.2378,16.316],[95.2346,16.3216]]],[[[95.2506,16.3266],[95.2576,16.3404],[95.2583,16.325],[95.2506,16.3266]]],[[[95.2174,16.3555],[95.211,16.3496],[95.2083,16.3583],[95.2174,16.3555]]],[[[95.3087,16.3823],[95.3178,16.379],[95.3083,16.375],[95.3087,16.3823]]],[[[95.2257,16.3971],[95.2193,16.3913],[95.2167,16.4],[95.2257,16.3971]]],[[[95.3327,16.4028],[95.3388,16.4102],[95.3409,16.4007],[95.3327,16.4028]]],[[[95.3083,16.3833],[95.2612,16.4042],[95.3222,16.4308],[95.3083,16.3833]]],[[[95.2167,16.4],[95.2122,16.4165],[95.225,16.4127],[95.2167,16.4]]],[[[95.2418,16.4107],[95.2472,16.4185],[95.2494,16.4093],[95.2418,16.4107]]],[[[95.2501,16.4273],[95.2555,16.4352],[95.2577,16.426],[95.2501,16.4273]]],[[[95.3327,16.4278],[95.3388,16.4352],[95.3409,16.4257],[95.3327,16.4278]]],[[[95.2161,16.4361],[95.2222,16.4435],[95.2242,16.434],[95.2161,16.4361]]],[[[95.309,16.4471],[95.3026,16.4413],[95.3,16.45],[95.309,16.4471]]],[[[95.3759,16.4421],[95.3826,16.4495],[95.3833,16.4417],[95.3759,16.4421]]],[[[95.291,16.4529],[95.2974,16.4587],[95.3,16.45],[95.291,16.4529]]],[[[95.366,16.4529],[95.3724,16.4587],[95.375,16.45],[95.366,16.4529]]],[[[95.2494,16.4528],[95.2555,16.4602],[95.2576,16.4507],[95.2494,16.4528]]],[[[95.2918,16.469],[95.2972,16.4768],[95.2994,16.4676],[95.2918,16.469]]],[[[95.2541,16.4669],[95.254,16.4833],[95.2667,16.4708],[95.2541,16.4669]]],[[[95.3668,16.4773],[95.3722,16.4852],[95.3744,16.476],[95.3668,16.4773]]],[[[95.2327,16.4861],[95.2388,16.4935],[95.2409,16.484],[95.2327,16.4861]]],[[[95.2161,16.4945],[95.2222,16.5018],[95.2242,16.4924],[95.2161,16.4945]]],[[[95.3223,16.4856],[95.3083,16.508],[95.3213,16.5157],[95.3248,16.4998],[95.3223,16.4856]]],[[[95.3659,16.4932],[95.3594,16.5035],[95.3633,16.5106],[95.3659,16.4932]]],[[[95.2311,16.5085],[95.2239,16.5161],[95.2333,16.5167],[95.2311,16.5085]]],[[[95.2341,16.5173],[95.2382,16.5256],[95.2417,16.5167],[95.2341,16.5173]]],[[[95.3635,16.5242],[95.3583,16.531],[95.3667,16.5333],[95.3635,16.5242]]],[[[95.3418,16.5273],[95.3472,16.5352],[95.3494,16.526],[95.3418,16.5273]]],[[[95.3698,16.5425],[95.375,16.5357],[95.3667,16.5333],[95.3698,16.5425]]],[[[95.2585,16.5357],[95.2638,16.5435],[95.2661,16.5343],[95.2585,16.5357]]],[[[95.3235,16.607],[95.3269,16.5627],[95.3394,16.5715],[95.3472,16.545],[95.3196,16.5278],[95.3033,16.5806],[95.2945,16.5462],[95.3069,16.5129],[95.295,16.5303],[95.2884,16.5011],[95.2632,16.4931],[95.2453,16.5145],[95.2803,16.5283],[95.2939,16.6128],[95.3235,16.607]]],[[[95.2585,16.5523],[95.2638,16.5602],[95.2661,16.551],[95.2585,16.5523]]],[[[95.2179,16.5549],[95.2211,16.5673],[95.2211,16.5493],[95.2179,16.5549]]],[[[95.3502,16.564],[95.3583,16.5531],[95.35,16.55],[95.3502,16.564]]],[[[95.3588,16.5741],[95.3664,16.5678],[95.3583,16.5667],[95.3588,16.5741]]],[[[95.2627,16.5833],[95.2663,16.5706],[95.252,16.5677],[95.25,16.575],[95.2627,16.5833]]],[[[95.244,16.5762],[95.2486,16.5906],[95.25,16.575],[95.244,16.5762]]],[[[95.2199,16.5821],[95.2138,16.5898],[95.225,16.5917],[95.2199,16.5821]]],[[[95.2751,16.5857],[95.2805,16.5935],[95.2827,16.5843],[95.2751,16.5857]]],[[[95.3699,16.5958],[95.3711,16.5771],[95.3428,16.6001],[95.3531,16.6064],[95.3699,16.5958]]],[[[95.2659,16.5994],[95.2619,16.5911],[95.2583,16.6],[95.2659,16.5994]]],[[[95.2259,16.5921],[95.2326,16.5995],[95.2333,16.5917],[95.2259,16.5921]]],[[[95.2499,16.6051],[95.2583,16.6],[95.2489,16.604],[95.2499,16.6051]]],[[[95.2176,16.6004],[95.2243,16.6078],[95.225,16.6],[95.2176,16.6004]]],[[[95.3675,16.6006],[95.3715,16.6089],[95.375,16.6],[95.3675,16.6006]]],[[[95.2409,16.6244],[95.2369,16.6161],[95.2333,16.625],[95.2409,16.6244]]],[[[95.3585,16.619],[95.3638,16.6268],[95.3661,16.6176],[95.3585,16.619]]],[[[95.3333,16.6333],[95.3441,16.6324],[95.3501,16.6292],[95.3374,16.6166],[95.3333,16.6333]]],[[[95.2108,16.6104],[95.202,16.631],[95.2276,16.6484],[95.2197,16.6368],[95.2333,16.625],[95.2108,16.6104]]],[[[95.2991,16.6466],[95.3153,16.6215],[95.2956,16.623],[95.2719,16.6024],[95.2445,16.6268],[95.2647,16.6454],[95.2614,16.6723],[95.3044,16.665],[95.3083,16.6417],[95.2991,16.6466]],[[95.2822,16.6426],[95.2756,16.6569],[95.2765,16.6422],[95.2822,16.6426]]],[[[95.2482,16.6496],[95.2583,16.6557],[95.2583,16.6417],[95.2482,16.6496]]],[[[95.3486,16.6485],[95.3266,16.6362],[95.3183,16.661],[95.3429,16.6667],[95.3486,16.6485]]],[[[95.2242,16.6661],[95.2206,16.6572],[95.2167,16.6667],[95.2242,16.6661]]],[[[95.2091,16.6673],[95.2127,16.6762],[95.2167,16.6667],[95.2091,16.6673]]],[[[95.3343,16.6676],[95.3378,16.6839],[95.3417,16.6667],[95.3343,16.6676]]],[[[95.2395,16.6663],[95.2251,16.6735],[95.2368,16.6905],[95.25,16.6833],[95.2395,16.6663]]],[[[95.309,16.6805],[95.3026,16.6746],[95.3,16.6833],[95.309,16.6805]]],[[[95.2695,16.684],[95.2754,16.6776],[95.2667,16.675],[95.2695,16.684]]],[[[95.3699,16.7146],[95.3908,16.7072],[95.3627,16.6524],[95.3658,16.6794],[95.3583,16.692],[95.3699,16.7146]]],[[[95.3552,16.6825],[95.35,16.6893],[95.3583,16.6917],[95.3552,16.6825]]],[[[95.3173,16.6822],[95.3212,16.7001],[95.3207,16.6749],[95.3173,16.6822]]],[[[95.3,16.6833],[95.2863,16.6906],[95.305,16.7063],[95.3,16.6833]]],[[[95.2173,16.7076],[95.2262,16.704],[95.2167,16.7],[95.2173,16.7076]]],[[[95.2827,16.7029],[95.2891,16.7087],[95.2917,16.7],[95.2827,16.7029]]],[[[95.3327,16.7028],[95.3388,16.7102],[95.3409,16.7007],[95.3327,16.7028]]],[[[95.2342,16.7058],[95.2457,16.7312],[95.257,16.7181],[95.2813,16.7295],[95.2522,16.6837],[95.2342,16.7058]]],[[[95.309,16.7221],[95.3026,16.7163],[95.3,16.725],[95.309,16.7221]]],[[[95.2243,16.7195],[95.2307,16.7254],[95.2333,16.7167],[95.2243,16.7195]]],[[[95.3576,16.7328],[95.354,16.7238],[95.35,16.7333],[95.3576,16.7328]]],[[[95.3385,16.7242],[95.3361,16.7319],[95.3417,16.7333],[95.3385,16.7242]]],[[[95.3744,16.7278],[95.3805,16.7352],[95.3826,16.7257],[95.3744,16.7278]]],[[[95.294,16.7262],[95.2986,16.7406],[95.3,16.725],[95.294,16.7262]]],[[[95.3612,16.7424],[95.3671,16.736],[95.3583,16.7333],[95.3612,16.7424]]],[[[95.2302,16.7408],[95.225,16.7476],[95.2333,16.75],[95.2302,16.7408]]],[[[95.2749,16.7468],[95.2833,16.7417],[95.2739,16.7456],[95.2749,16.7468]]],[[[95.3353,16.7442],[95.3464,16.7576],[95.35,16.7333],[95.3446,16.7346],[95.3353,16.7442]]],[[[95.2833,16.75],[95.2986,16.7577],[95.2996,16.7517],[95.2833,16.75]]],[[[95.3168,16.7523],[95.3222,16.7602],[95.3244,16.751],[95.3168,16.7523]]],[[[95.3585,16.7523],[95.3638,16.7602],[95.3661,16.751],[95.3585,16.7523]]],[[[95.2339,16.7595],[95.2415,16.7522],[95.2333,16.75],[95.2339,16.7595]]],[[[95.3032,16.7675],[95.3084,16.7607],[95.3,16.7583],[95.3032,16.7675]]],[[[95.2516,16.7473],[95.2508,16.7704],[95.2624,16.7818],[95.2655,16.7562],[95.2516,16.7473]]],[[[95.3257,16.7721],[95.3193,16.7663],[95.3167,16.775],[95.3257,16.7721]]],[[[95.3418,16.769],[95.3472,16.7768],[95.3494,16.7676],[95.3418,16.769]]],[[[95.2763,16.7716],[95.2794,16.784],[95.2794,16.766],[95.2763,16.7716]]],[[[95.3014,16.7884],[95.3125,16.7988],[95.3239,16.7877],[95.3163,16.7749],[95.3014,16.7884]]],[[[95.2412,16.7996],[95.2334,16.8117],[95.2417,16.8167],[95.2412,16.7996]]],[[[95.2501,16.8023],[95.2555,16.8102],[95.2577,16.801],[95.2501,16.8023]]],[[[95.2835,16.8023],[95.2888,16.8102],[95.2911,16.801],[95.2835,16.8023]]],[[[95.3346,16.8049],[95.3378,16.8173],[95.3378,16.7993],[95.3346,16.8049]]],[[[95.2448,16.8258],[95.25,16.8191],[95.2417,16.8167],[95.2448,16.8258]]],[[[95.2835,16.8273],[95.2888,16.8352],[95.2911,16.826],[95.2835,16.8273]]],[[[95.2333,16.8333],[95.2232,16.8419],[95.2301,16.8496],[95.2333,16.8333]]],[[[95.3259,16.8421],[95.3326,16.8495],[95.3333,16.8417],[95.3259,16.8421]]],[[[95.2885,16.8446],[95.2618,16.8431],[95.2599,16.8639],[95.275,16.8583],[95.2885,16.8446]]],[[[95.2411,16.8528],[95.2472,16.8602],[95.2492,16.8507],[95.2411,16.8528]]],[[[95.3362,16.8574],[95.3117,16.8284],[95.3027,16.8638],[95.353,16.8683],[95.3635,16.8883],[95.3459,16.8354],[95.3362,16.8574]]],[[[95.2762,16.8644],[95.2906,16.8598],[95.275,16.8583],[95.2762,16.8644]]],[[[95.2509,16.8676],[95.2545,16.8839],[95.2583,16.8667],[95.2509,16.8676]]],[[[95.2327,16.8778],[95.2388,16.8852],[95.2409,16.8757],[95.2327,16.8778]]],[[[95.3491,16.8907],[95.3455,16.8745],[95.3417,16.8917],[95.3491,16.8907]]],[[[95.3302,16.8825],[95.3278,16.8902],[95.3333,16.8917],[95.3302,16.8825]]],[[[95.2833,16.875],[95.2776,16.8992],[95.2906,16.8978],[95.2833,16.875]]],[[[95.3751,16.8857],[95.3805,16.8935],[95.3827,16.8843],[95.3751,16.8857]]],[[[95.3341,16.8923],[95.3382,16.9006],[95.3417,16.8917],[95.3341,16.8923]]],[[[95.3165,16.9006],[95.3173,16.9077],[95.3274,16.9042],[95.3165,16.9006]]],[[[95.3418,16.9107],[95.3472,16.9185],[95.3494,16.9093],[95.3418,16.9107]]],[[[95.2918,16.919],[95.2972,16.9268],[95.2994,16.9176],[95.2918,16.919]]],[[[95.3585,16.9273],[95.3638,16.9352],[95.3661,16.926],[95.3585,16.9273]]],[[[95.2994,16.9445],[95.3055,16.9518],[95.3076,16.9424],[95.2994,16.9445]]],[[[95.3274,16.9561],[95.3461,16.9648],[95.3493,16.9588],[95.3299,16.9366],[95.3274,16.9561]]],[[[95.2509,16.9561],[95.2545,16.9751],[95.2541,16.9499],[95.2509,16.9561]]],[[[95.3748,16.9756],[95.3748,16.9827],[95.3857,16.9792],[95.3748,16.9756]]],[[[95.3802,17.1492],[95.375,17.156],[95.3833,17.1583],[95.3802,17.1492]]],[[[95.2103,17.1754],[95.2227,17.1831],[95.225,17.175],[95.2103,17.1754]]],[[[95.3744,17.1945],[95.3805,17.2018],[95.3826,17.1924],[95.3744,17.1945]]],[[[95.3657,17.2064],[95.3615,17.1992],[95.3583,17.2083],[95.3657,17.2064]]],[[[95.3751,17.2107],[95.3805,17.2185],[95.3827,17.2093],[95.3751,17.2107]]],[[[95.2302,17.2825],[95.2278,17.2902],[95.2333,17.2917],[95.2302,17.2825]]],[[[95.2158,17.3282],[95.2228,17.3329],[95.225,17.325],[95.2158,17.3282]]],[[[95.2342,17.3522],[95.2474,17.3205],[95.238,17.3106],[95.2249,17.3247],[95.231,17.331],[95.2342,17.3522]]],[[[95.2668,17.3587],[95.2355,17.3711],[95.2496,17.3828],[95.2668,17.3587]]],[[[95.269,17.3762],[95.2736,17.3906],[95.275,17.375],[95.269,17.3762]]],[[[95.2251,17.3857],[95.2305,17.3935],[95.2327,17.3843],[95.2251,17.3857]]],[[[95.3006,17.4409],[95.3095,17.4373],[95.3,17.4333],[95.3006,17.4409]]],[[[95.2592,17.4337],[95.266,17.4411],[95.2667,17.4333],[95.2592,17.4337]]],[[[95.2257,17.4471],[95.2193,17.4413],[95.2167,17.45],[95.2257,17.4471]]],[[[95.2489,17.4456],[95.2582,17.4486],[95.2583,17.4417],[95.2489,17.4456]]],[[[95.2587,17.4573],[95.2678,17.454],[95.2583,17.45],[95.2587,17.4573]]],[[[95.2522,17.4596],[95.257,17.4739],[95.2583,17.4583],[95.2522,17.4596]]],[[[95.2743,17.4695],[95.2807,17.4754],[95.2833,17.4667],[95.2743,17.4695]]],[[[95.2279,17.4924],[95.2338,17.486],[95.225,17.4833],[95.2279,17.4924]]],[[[95.2788,17.4848],[95.2607,17.4944],[95.2583,17.5],[95.2802,17.5067],[95.2788,17.4848]]],[[[95.267,17.524],[95.2762,17.5206],[95.2667,17.5167],[95.267,17.524]]],[[[95.2827,17.5278],[95.2888,17.5352],[95.2909,17.5257],[95.2827,17.5278]]],[[[95.3074,17.5407],[95.3039,17.5245],[95.3,17.5417],[95.3074,17.5407]]],[[[95.2493,17.5445],[95.2557,17.5504],[95.2583,17.5417],[95.2493,17.5445]]],[[[95.2175,17.5423],[95.221,17.5512],[95.225,17.5417],[95.2175,17.5423]]],[[[95.3,17.5417],[95.2864,17.5646],[95.3071,17.5642],[95.3,17.5417]]],[[[95.2161,17.5611],[95.2222,17.5685],[95.2242,17.559],[95.2161,17.5611]]],[[[95.3339,17.5628],[95.3492,17.5796],[95.3417,17.5583],[95.3339,17.5628]]],[[[95.2529,17.5757],[95.2588,17.5693],[95.25,17.5667],[95.2529,17.5757]]],[[[95.3838,17.5829],[95.3717,17.575],[95.3667,17.5833],[95.3838,17.5829]]],[[[95.3174,17.5888],[95.311,17.5829],[95.3083,17.5917],[95.3174,17.5888]]],[[[95.3583,17.5884],[95.3667,17.5833],[95.3572,17.5873],[95.3583,17.5884]]],[[[95.3676,17.5991],[95.3839,17.5955],[95.3667,17.5917],[95.3676,17.5991]]],[[[95.2993,17.5945],[95.3057,17.6004],[95.3083,17.5917],[95.2993,17.5945]]],[[[95.3424,17.6055],[95.336,17.5996],[95.3333,17.6083],[95.3424,17.6055]]],[[[95.2498,17.6006],[95.2498,17.6077],[95.2607,17.6042],[95.2498,17.6006]]],[[[95.3242,17.6115],[95.3312,17.6162],[95.3333,17.6083],[95.3242,17.6115]]],[[[95.2661,17.6111],[95.2722,17.6185],[95.2742,17.609],[95.2661,17.6111]]],[[[95.3085,17.619],[95.3138,17.6268],[95.3161,17.6176],[95.3085,17.619]]],[[[95.2929,17.6216],[95.2961,17.634],[95.2961,17.616],[95.2929,17.6216]]],[[[95.2501,17.644],[95.2555,17.6518],[95.2577,17.6426],[95.2501,17.644]]],[[[95.2744,17.6445],[95.2805,17.6518],[95.2826,17.6424],[95.2744,17.6445]]],[[[95.3492,17.6578],[95.3452,17.6494],[95.3417,17.6583],[95.3492,17.6578]]],[[[95.2918,17.6523],[95.2972,17.6602],[95.2994,17.651],[95.2918,17.6523]]],[[[95.3342,17.6587],[95.341,17.6661],[95.3417,17.6583],[95.3342,17.6587]]],[[[95.3529,17.6674],[95.3588,17.661],[95.35,17.6583],[95.3529,17.6674]]],[[[95.2661,17.6611],[95.2722,17.6685],[95.2742,17.659],[95.2661,17.6611]]],[[[95.3127,17.6675],[95.3188,17.6961],[95.329,17.6978],[95.3333,17.6667],[95.3127,17.6675]]],[[[95.2251,17.6857],[95.2305,17.6935],[95.2327,17.6843],[95.2251,17.6857]]],[[[95.3692,17.6838],[95.3711,17.6997],[95.3833,17.6833],[95.3692,17.6838]]],[[[95.2585,17.7023],[95.2638,17.7102],[95.2661,17.701],[95.2585,17.7023]]],[[[95.2325,17.7016],[95.2261,17.7118],[95.23,17.7189],[95.2325,17.7016]]],[[[95.2494,17.7195],[95.2555,17.7268],[95.2576,17.7174],[95.2494,17.7195]]],[[[95.3751,17.7273],[95.3805,17.7352],[95.3827,17.726],[95.3751,17.7273]]],[[[95.3251,17.7523],[95.3305,17.7602],[95.3327,17.751],[95.3251,17.7523]]],[[[95.2585,17.7857],[95.2638,17.7935],[95.2661,17.7843],[95.2585,17.7857]]],[[[95.2688,17.803],[95.275,17.8167],[95.2714,17.7992],[95.2688,17.803]]],[[[95.3577,17.8111],[95.3638,17.8185],[95.3659,17.809],[95.3577,17.8111]]],[[[95.2756,17.8242],[95.2845,17.8206],[95.275,17.8167],[95.2756,17.8242]]],[[[95.266,17.8279],[95.2724,17.8337],[95.275,17.825],[95.266,17.8279]]],[[[95.2501,17.8273],[95.2555,17.8352],[95.2577,17.826],[95.2501,17.8273]]],[[[95.3096,17.8383],[95.3128,17.8507],[95.3128,17.8327],[95.3096,17.8383]]],[[[95.3494,17.8445],[95.3555,17.8518],[95.3576,17.8424],[95.3494,17.8445]]],[[[95.3335,17.844],[95.3388,17.8518],[95.3411,17.8426],[95.3335,17.844]]],[[[95.3168,17.8607],[95.3222,17.8685],[95.3244,17.8593],[95.3168,17.8607]]],[[[95.3335,17.8607],[95.3388,17.8685],[95.3411,17.8593],[95.3335,17.8607]]],[[[95.3521,17.8726],[95.3619,17.8827],[95.3745,17.8795],[95.3667,17.8667],[95.3521,17.8726]]],[[[95.2758,17.8802],[95.2689,17.8755],[95.2667,17.8833],[95.2758,17.8802]]],[[[95.2592,17.8837],[95.266,17.8911],[95.2667,17.8833],[95.2592,17.8837]]],[[[95.2835,17.8857],[95.2888,17.8935],[95.2911,17.8843],[95.2835,17.8857]]],[[[95.3552,17.8908],[95.3528,17.8986],[95.3583,17.9],[95.3552,17.8908]]],[[[95.3013,17.8966],[95.3044,17.909],[95.3044,17.891],[95.3013,17.8966]]],[[[95.375,18.2417],[95.3653,18.2585],[95.3828,18.2544],[95.375,18.2417]]],[[[95.3595,18.2828],[95.3522,18.2752],[95.35,18.2833],[95.3595,18.2828]]],[[[95.336,18.2835],[95.3477,18.2914],[95.35,18.2833],[95.336,18.2835]]],[[[95.2635,25.9575],[95.2611,25.9652],[95.2667,25.9667],[95.2635,25.9575]]],[[[95.3592,26.5587],[95.366,26.5661],[95.3667,26.5583],[95.3592,26.5587]]],[[[95.3493,26.5695],[95.3557,26.5754],[95.3583,26.5667],[95.3493,26.5695]]],[[[95.2091,28.0423],[95.2127,28.0512],[95.2167,28.0417],[95.2091,28.0423]]],[[[95.2169,28.364],[95.2249,28.3531],[95.2167,28.35],[95.2169,28.364]]],[[[95.2661,28.3695],[95.2722,28.3768],[95.2742,28.3674],[95.2661,28.3695]]],[[[95.225,28.3667],[95.2344,28.4267],[95.243,28.432],[95.2556,28.3948],[95.225,28.3667]]],[[[95.2259,28.4337],[95.2326,28.4411],[95.2333,28.4333],[95.2259,28.4337]]],[[[95.2176,28.4426],[95.2212,28.4589],[95.225,28.4417],[95.2176,28.4426]]],[[[95.2175,28.4718],[95.2107,28.4667],[95.2083,28.475],[95.2175,28.4718]]],[[[95.2911,29.3028],[95.2972,29.3102],[95.2992,29.3007],[95.2911,29.3028]]],[[[95.2911,29.3195],[95.2972,29.3268],[95.2992,29.3174],[95.2911,29.3195]]],[[[95.3585,29.3773],[95.3638,29.3852],[95.3661,29.376],[95.3585,29.3773]]],[[[95.3751,29.394],[95.3805,29.4018],[95.3827,29.3926],[95.3751,29.394]]],[[[95.5752,15.8653],[95.5831,15.8594],[95.575,15.8583],[95.5752,15.8653]]],[[[95.5865,15.8758],[95.5917,15.8691],[95.5833,15.8667],[95.5865,15.8758]]],[[[95.5827,15.8861],[95.5888,15.8935],[95.5909,15.884],[95.5827,15.8861]]],[[[95.6001,15.8857],[95.6055,15.8935],[95.6077,15.8843],[95.6001,15.8857]]],[[[95.6001,15.9023],[95.6055,15.9102],[95.6077,15.901],[95.6001,15.9023]]],[[[95.6168,15.9023],[95.6222,15.9102],[95.6244,15.901],[95.6168,15.9023]]],[[[95.4949,15.9341],[95.484,15.9453],[95.4872,15.9577],[95.5,15.95],[95.4949,15.9341]]],[[[95.5661,15.9445],[95.5722,15.9518],[95.5742,15.9424],[95.5661,15.9445]]],[[[95.4322,15.954],[95.4415,15.957],[95.4417,15.95],[95.4322,15.954]]],[[[95.5362,15.959],[95.5421,15.9526],[95.5333,15.95],[95.5362,15.959]]],[[[95.5008,15.9506],[95.5044,15.9595],[95.5083,15.95],[95.5008,15.9506]]],[[[95.6577,15.9528],[95.6638,15.9602],[95.6659,15.9507],[95.6577,15.9528]]],[[[95.442,15.9582],[95.4464,15.9821],[95.4571,15.9711],[95.442,15.9582]]],[[[95.471,15.9604],[95.4708,15.9828],[95.4906,15.971],[95.471,15.9604]]],[[[95.5585,15.969],[95.5638,15.9768],[95.5661,15.9676],[95.5585,15.969]]],[[[95.5418,15.969],[95.5472,15.9768],[95.5494,15.9676],[95.5418,15.969]]],[[[95.5075,15.9766],[95.5011,15.9868],[95.505,15.9939],[95.5075,15.9766]]],[[[95.4532,15.9925],[95.4584,15.9857],[95.45,15.9833],[95.4532,15.9925]]],[[[95.3835,15.9857],[95.3888,15.9935],[95.3911,15.9843],[95.3835,15.9857]]],[[[95.5249,16.0801],[95.5333,16.075],[95.5239,16.079],[95.5249,16.0801]]],[[[95.6757,16.1138],[95.6693,16.1079],[95.6667,16.1167],[95.6757,16.1138]]],[[[95.5671,16.1741],[95.5747,16.1678],[95.5667,16.1667],[95.5671,16.1741]]],[[[95.5676,16.2421],[95.5743,16.2495],[95.575,16.2417],[95.5676,16.2421]]],[[[95.6592,16.3087],[95.666,16.3161],[95.6667,16.3083],[95.6592,16.3087]]],[[[95.6509,16.3171],[95.6576,16.3245],[95.6583,16.3167],[95.6509,16.3171]]],[[[95.7282,16.4425],[95.7334,16.4357],[95.725,16.4333],[95.7282,16.4425]]],[[[95.3865,16.4592],[95.3917,16.4524],[95.3833,16.45],[95.3865,16.4592]]],[[[95.7244,16.4945],[95.7305,16.5018],[95.7326,16.4924],[95.7244,16.4945]]],[[[95.6841,16.5147],[95.6917,16.525],[95.6875,16.5077],[95.6841,16.5147]]],[[[95.7074,16.523],[95.7032,16.5158],[95.7,16.525],[95.7074,16.523]]],[[[95.4252,16.5237],[95.4331,16.5178],[95.425,16.5167],[95.4252,16.5237]]],[[[95.7327,16.5195],[95.7388,16.5268],[95.7409,16.5174],[95.7327,16.5195]]],[[[95.4115,16.5237],[95.4055,16.5315],[95.4167,16.5333],[95.4115,16.5237]]],[[[95.4342,16.5254],[95.441,16.5328],[95.4417,16.525],[95.4342,16.5254]]],[[[95.7157,16.5397],[95.7115,16.5325],[95.7083,16.5417],[95.7157,16.5397]]],[[[95.4186,16.5337],[95.4311,16.5414],[95.4333,16.5333],[95.4186,16.5337]]],[[[95.7327,16.5445],[95.7388,16.5518],[95.7409,16.5424],[95.7327,16.5445]]],[[[95.7241,16.5564],[95.7198,16.5492],[95.7167,16.5583],[95.7241,16.5564]]],[[[95.3968,16.5492],[95.3917,16.556],[95.4,16.5583],[95.3968,16.5492]]],[[[95.4,16.5583],[95.4054,16.5819],[95.4067,16.5604],[95.4,16.5583]]],[[[95.4052,16.5908],[95.4028,16.5986],[95.4083,16.6],[95.4052,16.5908]]],[[[95.4426,16.6004],[95.4493,16.6078],[95.45,16.6],[95.4426,16.6004]]],[[[95.4341,16.6089],[95.4382,16.6173],[95.4417,16.6083],[95.4341,16.6089]]],[[[95.7259,16.6337],[95.7326,16.6411],[95.7333,16.6333],[95.7259,16.6337]]],[[[95.3832,16.6543],[95.3952,16.6583],[95.4085,16.6543],[95.4,16.65],[95.3832,16.6543]]],[[[95.3835,16.669],[95.3888,16.6768],[95.3911,16.6676],[95.3835,16.669]]],[[[95.5759,16.6921],[95.5826,16.6995],[95.5833,16.6917],[95.5759,16.6921]]],[[[95.4121,16.6936],[95.4124,16.7155],[95.4231,16.7046],[95.4121,16.6936]]],[[[95.4342,16.7171],[95.441,16.7245],[95.4417,16.7167],[95.4342,16.7171]]],[[[95.4675,16.7173],[95.471,16.7262],[95.475,16.7167],[95.4675,16.7173]]],[[[95.6302,16.7242],[95.6278,16.7319],[95.6333,16.7333],[95.6302,16.7242]]],[[[95.4243,16.7279],[95.4307,16.7337],[95.4333,16.725],[95.4243,16.7279]]],[[[95.4077,16.7278],[95.4138,16.7352],[95.4159,16.7257],[95.4077,16.7278]]],[[[95.45,16.7667],[95.4267,16.7451],[95.4189,16.7707],[95.45,16.7667]]],[[[95.4618,16.7602],[95.4553,16.7888],[95.4361,16.788],[95.4452,16.7984],[95.4654,16.7952],[95.4618,16.7602]]],[[[95.4385,16.8075],[95.4361,16.8152],[95.4417,16.8167],[95.4385,16.8075]]],[[[95.4159,16.8099],[95.4094,16.8201],[95.4133,16.8273],[95.4159,16.8099]]],[[[95.3827,16.8278],[95.3888,16.8352],[95.3909,16.8257],[95.3827,16.8278]]],[[[95.4168,16.8357],[95.4222,16.8435],[95.4244,16.8343],[95.4168,16.8357]]],[[[95.3868,16.8429],[95.3916,16.8581],[95.4081,16.8543],[95.3868,16.8429]]],[[[95.4168,16.8607],[95.4222,16.8685],[95.4244,16.8593],[95.4168,16.8607]]],[[[95.3994,16.8861],[95.4055,16.8935],[95.4076,16.884],[95.3994,16.8861]]],[[[95.4418,16.9184],[95.4544,16.9326],[95.4647,16.9303],[95.4533,16.9089],[95.4418,16.9184]]],[[[95.3918,16.919],[95.3972,16.9268],[95.3994,16.9176],[95.3918,16.919]]],[[[95.4916,16.9309],[95.4755,16.9421],[95.479,16.9493],[95.4916,16.9309]]],[[[95.4302,16.9408],[95.425,16.9476],[95.4333,16.95],[95.4302,16.9408]]],[[[95.4596,16.9466],[95.4628,16.959],[95.4628,16.941],[95.4596,16.9466]]],[[[95.4365,16.9592],[95.4417,16.9524],[95.4333,16.95],[95.4365,16.9592]]],[[[95.5168,16.9773],[95.5222,16.9852],[95.5244,16.976],[95.5168,16.9773]]],[[[95.4302,17.1408],[95.4278,17.1486],[95.4333,17.15],[95.4302,17.1408]]],[[[95.4186,17.1587],[95.4311,17.1664],[95.4333,17.1583],[95.4186,17.1587]]],[[[95.3846,17.1644],[95.3989,17.1598],[95.3833,17.1583],[95.3846,17.1644]]],[[[95.4077,17.1695],[95.4141,17.1754],[95.4167,17.1667],[95.4077,17.1695]]],[[[95.3822,17.1755],[95.3894,17.1831],[95.3917,17.175],[95.3822,17.1755]]],[[[95.409,17.1888],[95.4026,17.1829],[95.4,17.1917],[95.409,17.1888]]],[[[95.3903,17.1995],[95.4085,17.2044],[95.4,17.1917],[95.3903,17.1995]]],[[[95.4552,17.1992],[95.4528,17.2069],[95.4583,17.2083],[95.4552,17.1992]]],[[[95.425,17.2252],[95.4413,17.2284],[95.4297,17.2023],[95.4255,17.2087],[95.425,17.2252]]],[[[95.4614,17.2095],[95.4539,17.2326],[95.4667,17.2083],[95.4614,17.2095]]],[[[95.7001,17.219],[95.7055,17.2268],[95.7077,17.2176],[95.7001,17.219]]],[[[95.4001,17.2273],[95.4055,17.2352],[95.4077,17.226],[95.4001,17.2273]]],[[[95.4437,17.242],[95.4268,17.252],[95.4281,17.2652],[95.45,17.2583],[95.4437,17.242]]],[[[95.4509,17.2587],[95.4576,17.2661],[95.4583,17.2583],[95.4509,17.2587]]],[[[95.3991,17.273],[95.3948,17.2658],[95.3917,17.275],[95.3991,17.273]]],[[[95.4092,17.2812],[95.4165,17.2894],[95.4125,17.2744],[95.4092,17.2812]]],[[[95.4396,17.2762],[95.4271,17.291],[95.4409,17.2898],[95.4396,17.2762]]],[[[95.4592,17.2968],[95.4522,17.2921],[95.45,17.3],[95.4592,17.2968]]],[[[95.4167,17.3083],[95.4225,17.3015],[95.4206,17.2988],[95.4167,17.3083]]],[[[95.441,17.3029],[95.4474,17.3087],[95.45,17.3],[95.441,17.3029]]],[[[95.4674,17.3138],[95.461,17.3079],[95.4583,17.3167],[95.4674,17.3138]]],[[[95.4252,17.3153],[95.4331,17.3094],[95.425,17.3083],[95.4252,17.3153]]],[[[95.4368,17.317],[95.4544,17.3247],[95.4583,17.3167],[95.4368,17.317]]],[[[95.4009,17.3421],[95.4076,17.3495],[95.4083,17.3417],[95.4009,17.3421]]],[[[95.4368,17.3422],[95.4543,17.3581],[95.4583,17.3417],[95.4368,17.3422]]],[[[95.4718,17.3575],[95.4695,17.3652],[95.475,17.3667],[95.4718,17.3575]]],[[[95.4002,17.3653],[95.4081,17.3594],[95.4,17.3583],[95.4002,17.3653]]],[[[95.4089,17.3762],[95.4165,17.3689],[95.4083,17.3667],[95.4089,17.3762]]],[[[95.4325,17.3786],[95.4455,17.3856],[95.449,17.3763],[95.4325,17.3786]]],[[[95.4668,17.394],[95.4722,17.4018],[95.4744,17.3926],[95.4668,17.394]]],[[[95.4335,17.4023],[95.4388,17.4102],[95.4411,17.401],[95.4335,17.4023]]],[[[95.4168,17.4107],[95.4222,17.4185],[95.4244,17.4093],[95.4168,17.4107]]],[[[95.4744,17.4111],[95.4805,17.4185],[95.4826,17.409],[95.4744,17.4111]]],[[[95.4635,17.4158],[95.4611,17.4236],[95.4667,17.425],[95.4635,17.4158]]],[[[95.4324,17.4397],[95.4282,17.4325],[95.425,17.4417],[95.4324,17.4397]]],[[[95.4363,17.5558],[95.4486,17.4631],[95.4318,17.4508],[95.4363,17.5558]]],[[[95.4085,17.5487],[95.4164,17.5428],[95.4083,17.5417],[95.4085,17.5487]]],[[[95.4827,17.5445],[95.4891,17.5504],[95.4917,17.5417],[95.4827,17.5445]]],[[[95.516,17.5529],[95.5224,17.5587],[95.525,17.55],[95.516,17.5529]]],[[[95.5001,17.5523],[95.5055,17.5602],[95.5077,17.551],[95.5001,17.5523]]],[[[95.4757,17.5638],[95.4693,17.5579],[95.4667,17.5667],[95.4757,17.5638]]],[[[95.4445,17.5674],[95.4504,17.561],[95.4417,17.5583],[95.4445,17.5674]]],[[[95.4333,17.5583],[95.402,17.5537],[95.401,17.5686],[95.4304,17.5892],[95.4333,17.5583]]],[[[95.4575,17.5698],[95.4645,17.5746],[95.4667,17.5667],[95.4575,17.5698]]],[[[95.5218,17.5742],[95.5167,17.581],[95.525,17.5833],[95.5218,17.5742]]],[[[95.5282,17.5925],[95.5334,17.5857],[95.525,17.5833],[95.5282,17.5925]]],[[[95.4085,17.594],[95.4138,17.6018],[95.4161,17.5926],[95.4085,17.594]]],[[[95.4494,17.5945],[95.4555,17.6018],[95.4576,17.5924],[95.4494,17.5945]]],[[[95.4258,17.6037],[95.4365,17.6154],[95.4387,17.6154],[95.4388,17.5929],[95.4258,17.6037]]],[[[95.5084,17.6171],[95.475,17.5841],[95.4612,17.6122],[95.4992,17.6332],[95.5084,17.6171]]],[[[95.3907,17.6147],[95.3865,17.6075],[95.3833,17.6167],[95.3907,17.6147]]],[[[95.5174,17.6138],[95.511,17.6079],[95.5083,17.6167],[95.5174,17.6138]]],[[[95.5411,17.6111],[95.5472,17.6185],[95.5492,17.609],[95.5411,17.6111]]],[[[95.4077,17.6111],[95.4138,17.6185],[95.4159,17.609],[95.4077,17.6111]]],[[[95.4302,17.6242],[95.425,17.631],[95.4333,17.6333],[95.4302,17.6242]]],[[[95.4668,17.6273],[95.4722,17.6352],[95.4744,17.626],[95.4668,17.6273]]],[[[95.5112,17.6424],[95.5171,17.636],[95.5083,17.6333],[95.5112,17.6424]]],[[[95.4265,17.6472],[95.4391,17.649],[95.4493,17.6369],[95.4333,17.6333],[95.4265,17.6472]]],[[[95.5008,17.6468],[95.4939,17.6421],[95.4917,17.65],[95.5008,17.6468]]],[[[95.4167,17.6667],[95.4041,17.6267],[95.3764,17.621],[95.3949,17.6725],[95.4167,17.6667]]],[[[95.4913,17.6526],[95.4602,17.6457],[95.4707,17.6648],[95.4913,17.6526]]],[[[95.4335,17.6607],[95.4388,17.6685],[95.4411,17.6593],[95.4335,17.6607]]],[[[95.4173,17.6742],[95.4256,17.6702],[95.4167,17.6667],[95.4173,17.6742]]],[[[95.5759,17.6671],[95.5826,17.6745],[95.5833,17.6667],[95.5759,17.6671]]],[[[95.5655,17.679],[95.5749,17.682],[95.575,17.675],[95.5655,17.679]]],[[[95.3842,17.6754],[95.391,17.6828],[95.3917,17.675],[95.3842,17.6754]]],[[[95.4077,17.6779],[95.4141,17.6837],[95.4167,17.675],[95.4077,17.6779]]],[[[95.4825,17.6766],[95.4761,17.6868],[95.48,17.6939],[95.4825,17.6766]]],[[[95.5998,17.684],[95.6006,17.691],[95.6107,17.6875],[95.5998,17.684]]],[[[95.5779,17.6924],[95.5838,17.686],[95.575,17.6833],[95.5779,17.6924]]],[[[95.5302,17.6908],[95.525,17.6976],[95.5333,17.7],[95.5302,17.6908]]],[[[95.7176,17.6921],[95.7243,17.6995],[95.725,17.6917],[95.7176,17.6921]]],[[[95.5494,17.6945],[95.5555,17.7018],[95.5576,17.6924],[95.5494,17.6945]]],[[[95.5365,17.7092],[95.5417,17.7024],[95.5333,17.7],[95.5365,17.7092]]],[[[95.7077,17.7029],[95.7141,17.7087],[95.7167,17.7],[95.7077,17.7029]]],[[[95.5835,17.7023],[95.5888,17.7102],[95.5911,17.701],[95.5835,17.7023]]],[[[95.4668,17.7023],[95.4722,17.7102],[95.4744,17.701],[95.4668,17.7023]]],[[[95.4161,17.7117],[95.4288,17.7189],[95.4323,17.7097],[95.4161,17.7117]]],[[[95.65,17.6917],[95.6692,17.723],[95.6818,17.7389],[95.6731,17.6958],[95.65,17.6917]]],[[[95.6433,17.7323],[95.6494,17.7188],[95.6363,17.7172],[95.6333,17.725],[95.6433,17.7323]]],[[[95.6249,17.7301],[95.6333,17.725],[95.6239,17.729],[95.6249,17.7301]]],[[[95.7302,17.7325],[95.7278,17.7402],[95.7333,17.7417],[95.7302,17.7325]]],[[[95.6515,17.7408],[95.6676,17.7375],[95.65,17.7333],[95.6515,17.7408]]],[[[95.7085,17.7357],[95.7138,17.7435],[95.7161,17.7343],[95.7085,17.7357]]],[[[95.5251,17.7357],[95.5305,17.7435],[95.5327,17.7343],[95.5251,17.7357]]],[[[95.4835,17.7357],[95.4888,17.7435],[95.4911,17.7343],[95.4835,17.7357]]],[[[95.5494,17.7361],[95.5555,17.7435],[95.5576,17.734],[95.5494,17.7361]]],[[[95.6227,17.7535],[95.604,17.7192],[95.5846,17.7304],[95.5934,17.7629],[95.6097,17.7663],[95.6227,17.7535]]],[[[95.6835,17.7487],[95.6914,17.7428],[95.6833,17.7417],[95.6835,17.7487]]],[[[95.5085,17.744],[95.5138,17.7518],[95.5161,17.7426],[95.5085,17.744]]],[[[95.692,17.7573],[95.7012,17.754],[95.6917,17.75],[95.692,17.7573]]],[[[95.6345,17.7388],[95.6365,17.764],[95.6468,17.7723],[95.65,17.7417],[95.6345,17.7388]]],[[[95.4577,17.7528],[95.4638,17.7602],[95.4659,17.7507],[95.4577,17.7528]]],[[[95.4335,17.7523],[95.4388,17.7602],[95.4411,17.751],[95.4335,17.7523]]],[[[95.5659,17.7661],[95.5623,17.7572],[95.5583,17.7667],[95.5659,17.7661]]],[[[95.584,17.7638],[95.5776,17.7579],[95.575,17.7667],[95.584,17.7638]]],[[[95.7248,17.759],[95.7256,17.766],[95.7357,17.7625],[95.7248,17.759]]],[[[95.478,17.7638],[95.4915,17.766],[95.5024,17.7625],[95.4902,17.759],[95.478,17.7638]]],[[[95.6688,17.764],[95.6767,17.7734],[95.6884,17.782],[95.6917,17.7583],[95.6688,17.764]]],[[[95.5675,17.7673],[95.571,17.7762],[95.575,17.7667],[95.5675,17.7673]]],[[[95.7001,17.769],[95.7055,17.7768],[95.7077,17.7676],[95.7001,17.769]]],[[[95.5505,17.7683],[95.5577,17.782],[95.5583,17.7667],[95.5505,17.7683]]],[[[95.6172,17.7762],[95.6248,17.7689],[95.6167,17.7667],[95.6172,17.7762]]],[[[95.4751,17.7773],[95.4805,17.7852],[95.4827,17.776],[95.4751,17.7773]]],[[[95.5405,17.7873],[95.5499,17.7903],[95.55,17.7833],[95.5405,17.7873]]],[[[95.7243,17.7862],[95.7307,17.7921],[95.7333,17.7833],[95.7243,17.7862]]],[[[95.4073,17.7908],[95.4147,17.799],[95.4131,17.7836],[95.4073,17.7908]]],[[[95.7135,17.7908],[95.7083,17.7976],[95.7167,17.8],[95.7135,17.7908]]],[[[95.6257,17.7971],[95.6193,17.7913],[95.6167,17.8],[95.6257,17.7971]]],[[[95.484,17.7971],[95.4776,17.7913],[95.475,17.8],[95.484,17.7971]]],[[[95.5583,17.7833],[95.5558,17.8073],[95.5663,17.7887],[95.5583,17.7833]]],[[[95.6083,17.8],[95.5924,17.7938],[95.5935,17.8075],[95.6083,17.8]]],[[[95.6874,17.7916],[95.6904,17.8083],[95.7001,17.8043],[95.6874,17.7916]]],[[[95.466,17.8029],[95.4724,17.8087],[95.475,17.8],[95.466,17.8029]]],[[[95.7198,17.8092],[95.725,17.8024],[95.7167,17.8],[95.7198,17.8092]]],[[[95.6091,17.8006],[95.6127,17.8095],[95.6167,17.8],[95.6091,17.8006]]],[[[95.6401,17.7994],[95.6377,17.8159],[95.6611,17.8044],[95.6401,17.7994]]],[[[95.3779,17.8006],[95.379,17.8167],[95.3917,17.8041],[95.3779,17.8006]]],[[[95.4335,17.8107],[95.4388,17.8185],[95.4411,17.8093],[95.4335,17.8107]]],[[[95.5662,17.8084],[95.5625,17.8236],[95.5918,17.8087],[95.5662,17.8084]]],[[[95.6052,17.8158],[95.6,17.8226],[95.6083,17.825],[95.6052,17.8158]]],[[[95.7161,17.8195],[95.7222,17.8268],[95.7242,17.8174],[95.7161,17.8195]]],[[[95.7327,17.8195],[95.7388,17.8268],[95.7409,17.8174],[95.7327,17.8195]]],[[[95.6979,17.8321],[95.6957,17.817],[95.6917,17.8333],[95.6979,17.8321]]],[[[95.6115,17.8342],[95.6167,17.8274],[95.6083,17.825],[95.6115,17.8342]]],[[[95.4668,17.8273],[95.4722,17.8352],[95.4744,17.826],[95.4668,17.8273]]],[[[95.5968,17.8325],[95.5945,17.8402],[95.6,17.8417],[95.5968,17.8325]]],[[[95.4407,17.8397],[95.4365,17.8325],[95.4333,17.8417],[95.4407,17.8397]]],[[[95.7,17.8333],[95.7153,17.841],[95.7163,17.835],[95.7,17.8333]]],[[[95.6718,17.8264],[95.6527,17.8464],[95.6609,17.8554],[95.6903,17.8436],[95.6718,17.8264]]],[[[95.4915,17.8506],[95.4915,17.8577],[95.5024,17.8542],[95.4915,17.8506]]],[[[95.4671,17.8579],[95.475,17.87],[95.4709,17.8499],[95.4671,17.8579]]],[[[95.4998,17.8756],[95.5006,17.8827],[95.5107,17.8792],[95.4998,17.8756]]],[[[95.5827,17.8862],[95.5891,17.8921],[95.5917,17.8833],[95.5827,17.8862]]],[[[95.6001,17.894],[95.6055,17.9018],[95.6077,17.8926],[95.6001,17.894]]],[[[95.6415,17.909],[95.6415,17.9161],[95.6524,17.9125],[95.6415,17.909]]],[[[95.7327,17.9111],[95.7388,17.9185],[95.7409,17.909],[95.7327,17.9111]]],[[[95.6415,17.934],[95.6423,17.941],[95.6524,17.9375],[95.6415,17.934]]],[[[95.442,18.0157],[95.4512,18.0123],[95.4417,18.0083],[95.442,18.0157]]],[[[95.4592,18.0311],[95.4629,18.0501],[95.4624,18.0249],[95.4592,18.0311]]],[[[95.3968,18.2325],[95.3945,18.2402],[95.4,18.2417],[95.3968,18.2325]]],[[[95.3756,18.2409],[95.3845,18.2373],[95.375,18.2333],[95.3756,18.2409]]],[[[95.5052,26.3742],[95.5028,26.3819],[95.5083,26.3833],[95.5052,26.3742]]],[[[95.6635,27.0825],[95.6611,27.0902],[95.6667,27.0917],[95.6635,27.0825]]],[[[95.6827,27.1279],[95.6891,27.1337],[95.6917,27.125],[95.6827,27.1279]]],[[[95.4251,28.2523],[95.4305,28.2602],[95.4327,28.251],[95.4251,28.2523]]],[[[95.7332,28.362],[95.7417,28.3667],[95.7388,28.3576],[95.7332,28.362]]],[[[95.4658,28.3615],[95.4726,28.3667],[95.475,28.3583],[95.4658,28.3615]]],[[[95.7258,28.3718],[95.7191,28.3667],[95.7167,28.375],[95.7258,28.3718]]],[[[95.7075,28.3782],[95.7143,28.3834],[95.7167,28.375],[95.7075,28.3782]]],[[[95.6835,28.394],[95.6888,28.4018],[95.6911,28.3926],[95.6835,28.394]]],[[[95.7327,28.5278],[95.7388,28.5352],[95.7409,28.5257],[95.7327,28.5278]]],[[[96.0577,16.2611],[96.0638,16.2685],[96.0659,16.259],[96.0577,16.2611]]],[[[96.05,16.2833],[96.0653,16.291],[96.0663,16.285],[96.05,16.2833]]],[[[96.1085,16.2857],[96.1138,16.2935],[96.1161,16.2843],[96.1085,16.2857]]],[[[96.0695,16.3007],[96.0754,16.2943],[96.0667,16.2917],[96.0695,16.3007]]],[[[96.2077,16.2945],[96.2138,16.3018],[96.2159,16.2924],[96.2077,16.2945]]],[[[96.1336,16.3046],[96.1438,16.3159],[96.1491,16.315],[96.15,16.3],[96.1336,16.3046]]],[[[96.1604,16.3218],[96.181,16.3045],[96.1595,16.293],[96.1498,16.2995],[96.1604,16.3218]]],[[[96.209,16.3138],[96.2026,16.3079],[96.2,16.3167],[96.209,16.3138]]],[[[96.0791,16.3086],[96.079,16.325],[96.0917,16.3124],[96.0791,16.3086]]],[[[96.1905,16.3172],[96.1978,16.3248],[96.2,16.3167],[96.1905,16.3172]]],[[[96.1583,16.325],[96.1272,16.3229],[96.1547,16.34],[96.1583,16.325]]],[[[96.2002,16.339],[96.2083,16.3281],[96.2,16.325],[96.2002,16.339]]],[[[96.1289,16.3328],[96.1036,16.3283],[96.1137,16.3373],[96.103,16.3561],[96.125,16.35],[96.1289,16.3328]]],[[[96.2,16.35],[96.1688,16.3357],[96.1687,16.3559],[96.2,16.35]]],[[[96.2332,16.3738],[96.2468,16.3453],[96.2211,16.3362],[96.2026,16.3541],[96.2332,16.3738]]],[[[96.0971,16.3713],[96.0874,16.3436],[96.0699,16.3644],[96.0971,16.3713]]],[[[96.1261,16.3644],[96.149,16.361],[96.125,16.35],[96.1261,16.3644]]],[[[96.1529,16.3757],[96.1588,16.3693],[96.15,16.3667],[96.1529,16.3757]]],[[[96.1918,16.369],[96.1972,16.3768],[96.1994,16.3676],[96.1918,16.369]]],[[[96.1802,16.3673],[96.1696,16.3831],[96.1829,16.3806],[96.1802,16.3673]]],[[[96.0417,16.3833],[96.0475,16.3765],[96.0456,16.3738],[96.0417,16.3833]]],[[[96.1302,16.3742],[96.125,16.381],[96.1333,16.3833],[96.1302,16.3742]]],[[[96.0827,16.3779],[96.0891,16.3837],[96.0917,16.375],[96.0827,16.3779]]],[[[96.1335,16.4039],[96.1416,16.3884],[96.1333,16.3833],[96.1335,16.4039]]],[[[95.9365,16.4008],[95.9417,16.3941],[95.9333,16.3917],[95.9365,16.4008]]],[[[96.1161,16.3945],[96.1222,16.4018],[96.1242,16.3924],[96.1161,16.3945]]],[[[96.1501,16.4023],[96.1555,16.4102],[96.1577,16.401],[96.1501,16.4023]]],[[[96.0917,16.4167],[96.0986,16.4127],[96.0956,16.4072],[96.0917,16.4167]]],[[[96.1243,16.4112],[96.1307,16.4171],[96.1333,16.4083],[96.1243,16.4112]]],[[[95.8911,16.4111],[95.8972,16.4185],[95.8992,16.409],[95.8911,16.4111]]],[[[96.2118,16.4089],[96.2223,16.424],[96.2333,16.4083],[96.2118,16.4089]]],[[[96.1002,16.4237],[96.1081,16.4178],[96.1,16.4167],[96.1002,16.4237]]],[[[95.8501,16.419],[95.8555,16.4268],[95.8577,16.4176],[95.8501,16.419]]],[[[95.7918,16.419],[95.7972,16.4268],[95.7994,16.4176],[95.7918,16.419]]],[[[96.2254,16.4324],[96.2331,16.4261],[96.225,16.425],[96.2254,16.4324]]],[[[96.1,16.4262],[96.0693,16.4196],[96.0609,16.43],[96.0801,16.4395],[96.1,16.4262]]],[[[95.8742,16.4411],[95.8706,16.4322],[95.8667,16.4417],[95.8742,16.4411]]],[[[95.8576,16.4411],[95.854,16.4322],[95.85,16.4417],[95.8576,16.4411]]],[[[95.7968,16.4325],[95.7917,16.4393],[95.8,16.4417],[95.7968,16.4325]]],[[[95.8929,16.4383],[95.8961,16.4507],[95.8961,16.4327],[95.8929,16.4383]]],[[[95.8416,16.4468],[95.85,16.4417],[95.8405,16.4456],[95.8416,16.4468]]],[[[95.8592,16.4421],[95.866,16.4495],[95.8667,16.4417],[95.8592,16.4421]]],[[[95.875,16.4417],[95.8725,16.4582],[95.8848,16.4502],[95.875,16.4417]]],[[[95.7752,16.457],[95.7831,16.4511],[95.775,16.45],[95.7752,16.457]]],[[[95.8508,16.4506],[95.8548,16.4589],[95.8583,16.45],[95.8508,16.4506]]],[[[95.7856,16.4624],[95.8043,16.4809],[95.8385,16.4626],[95.8171,16.434],[95.7856,16.4624]],[[95.809,16.4577],[95.8167,16.45],[95.8163,16.4574],[95.809,16.4577]]],[[[96.2238,16.4779],[96.2197,16.4543],[96.2302,16.445],[96.2106,16.4373],[96.1925,16.3924],[96.1697,16.3954],[96.19,16.4213],[96.1724,16.4392],[96.1692,16.4263],[96.1547,16.433],[96.1491,16.4636],[96.1105,16.4536],[96.1219,16.4351],[96.1384,16.4463],[96.1531,16.4184],[96.0845,16.4486],[96.0972,16.4736],[96.1704,16.4852],[96.1958,16.5303],[96.2193,16.495],[96.2333,16.5],[96.2238,16.4779]],[[96.1953,16.4763],[96.1997,16.4832],[96.1845,16.4879],[96.1953,16.4763]],[[96.1591,16.4672],[96.1661,16.4743],[96.1583,16.475],[96.1591,16.4672]],[[96.1907,16.442],[96.1833,16.45],[96.1838,16.4426],[96.1907,16.442]]],[[[96.0732,16.4662],[96.0831,16.4729],[96.0833,16.4583],[96.0732,16.4662]]],[[[96.2253,16.474],[96.2345,16.4706],[96.225,16.4667],[96.2253,16.474]]],[[[96.0842,16.4754],[96.091,16.4828],[96.0917,16.475],[96.0842,16.4754]]],[[[95.8363,16.4756],[95.8374,16.4917],[95.85,16.4791],[95.8363,16.4756]]],[[[95.875,16.5],[95.8903,16.4715],[95.8788,16.468],[95.875,16.5]]],[[[95.809,16.4958],[95.8218,16.5068],[95.8216,16.4839],[95.8206,16.484],[95.809,16.4958]]],[[[96.1501,16.494],[96.1555,16.5018],[96.1577,16.4926],[96.1501,16.494]]],[[[95.7968,16.4992],[95.7917,16.506],[95.8,16.5083],[95.7968,16.4992]]],[[[96.0994,16.5028],[96.1055,16.5102],[96.1076,16.5007],[96.0994,16.5028]]],[[[95.8653,16.5078],[95.8835,16.5127],[95.875,16.5],[95.8653,16.5078]]],[[[96.2252,16.5122],[96.2396,16.516],[96.2412,16.503],[96.2333,16.5],[96.2252,16.5122]]],[[[95.7493,16.5112],[95.7557,16.5171],[95.7583,16.5083],[95.7493,16.5112]]],[[[96.1737,16.5135],[96.18,16.5254],[96.1833,16.5083],[96.1737,16.5135]]],[[[95.8302,16.5158],[95.8278,16.5236],[95.8333,16.525],[95.8302,16.5158]]],[[[95.7924,16.5221],[95.786,16.5163],[95.7833,16.525],[95.7924,16.5221]]],[[[95.8587,16.5323],[95.8678,16.529],[95.8583,16.525],[95.8587,16.5323]]],[[[95.8542,16.5395],[95.8451,16.5179],[95.8354,16.5314],[95.8542,16.5395]]],[[[95.7742,16.5282],[95.7812,16.5329],[95.7833,16.525],[95.7742,16.5282]]],[[[95.8911,16.5278],[95.8972,16.5352],[95.8992,16.5257],[95.8911,16.5278]]],[[[96.2085,16.5273],[96.2138,16.5352],[96.2161,16.526],[96.2085,16.5273]]],[[[95.8751,16.5273],[95.8805,16.5352],[95.8827,16.526],[95.8751,16.5273]]],[[[96.0918,16.5357],[96.0972,16.5435],[96.0994,16.5343],[96.0918,16.5357]]],[[[96.1744,16.5361],[96.1805,16.5435],[96.1826,16.534],[96.1744,16.5361]]],[[[95.7577,16.5361],[95.7638,16.5435],[95.7659,16.534],[95.7577,16.5361]]],[[[95.8718,16.5408],[95.8667,16.5476],[95.875,16.55],[95.8718,16.5408]]],[[[95.7943,16.5364],[95.8071,16.5554],[95.8125,16.5975],[95.8184,16.5554],[95.8304,16.5447],[95.8012,16.5083],[95.7943,16.5364]]],[[[96.2326,16.5578],[96.229,16.5488],[96.225,16.5583],[96.2326,16.5578]]],[[[95.8429,16.5549],[95.8461,16.5673],[95.8461,16.5493],[95.8429,16.5549]]],[[[96.1718,16.5575],[96.1667,16.5643],[96.175,16.5667],[96.1718,16.5575]]],[[[95.8968,16.5575],[95.8917,16.5643],[95.9,16.5667],[95.8968,16.5575]]],[[[95.8753,16.5713],[95.8833,16.555],[95.875,16.55],[95.8753,16.5713]]],[[[95.8251,16.5607],[95.8305,16.5685],[95.8327,16.5593],[95.8251,16.5607]]],[[[96.1077,16.5611],[96.1138,16.5685],[96.1159,16.559],[96.1077,16.5611]]],[[[96.1943,16.5543],[96.1957,16.5807],[96.2237,16.5684],[96.225,16.5583],[96.1943,16.5543]]],[[[95.9032,16.5758],[95.9084,16.5691],[95.9,16.5667],[95.9032,16.5758]]],[[[96.1782,16.5758],[96.1834,16.5691],[96.175,16.5667],[96.1782,16.5758]]],[[[95.866,16.5779],[95.8724,16.5837],[95.875,16.575],[95.866,16.5779]]],[[[95.8501,16.5773],[95.8555,16.5852],[95.8577,16.576],[95.8501,16.5773]]],[[[95.8274,16.5774],[95.8261,16.5978],[95.8391,16.5993],[95.8406,16.5868],[95.8274,16.5774]]],[[[95.8802,16.5908],[95.875,16.5976],[95.8833,16.6],[95.8802,16.5908]]],[[[96.0759,16.6004],[96.0826,16.6078],[96.0833,16.6],[96.0759,16.6004]]],[[[96.0921,16.6074],[96.0997,16.6011],[96.0917,16.6],[96.0921,16.6074]]],[[[95.7833,16.625],[95.7985,16.5881],[95.7889,16.5841],[95.7833,16.625]]],[[[95.8865,16.6092],[95.8917,16.6024],[95.8833,16.6],[95.8865,16.6092]]],[[[96.2282,16.6092],[96.2334,16.6024],[96.225,16.6],[96.2282,16.6092]]],[[[96.2067,16.5897],[96.2021,16.6211],[96.2293,16.6309],[96.224,16.5964],[96.2067,16.5897]]],[[[95.8327,16.6111],[95.8388,16.6185],[95.8409,16.609],[95.8327,16.6111]]],[[[95.7423,16.6242],[95.7512,16.6206],[95.7417,16.6167],[95.7423,16.6242]]],[[[95.8835,16.619],[95.8888,16.6268],[95.8911,16.6176],[95.8835,16.619]]],[[[95.7585,16.619],[95.7638,16.6268],[95.7661,16.6176],[95.7585,16.619]]],[[[96.1117,16.6474],[96.1326,16.6262],[96.1239,16.6113],[96.1029,16.6108],[96.1117,16.6474]]],[[[95.7342,16.6254],[95.741,16.6328],[95.7417,16.625],[95.7342,16.6254]]],[[[95.7994,16.6278],[95.8055,16.6352],[95.8076,16.6257],[95.7994,16.6278]]],[[[96.1886,16.6727],[96.1705,16.6191],[96.2222,16.6628],[96.1932,16.6275],[96.1954,16.6011],[96.1749,16.595],[96.1446,16.6381],[96.1656,16.6455],[96.1886,16.6727]]],[[[95.7762,16.6269],[95.7792,16.6501],[95.7833,16.625],[95.7762,16.6269]]],[[[95.8335,16.6357],[95.8388,16.6435],[95.8411,16.6343],[95.8335,16.6357]]],[[[95.7494,16.6361],[95.7555,16.6435],[95.7576,16.634],[95.7494,16.6361]]],[[[95.8929,16.6383],[95.8961,16.6507],[95.8961,16.6327],[95.8929,16.6383]]],[[[95.8655,16.6565],[95.8625,16.6333],[95.8583,16.6583],[95.8655,16.6565]]],[[[95.7362,16.6507],[95.7421,16.6443],[95.7333,16.6417],[95.7362,16.6507]]],[[[96.125,16.6417],[96.1257,16.6595],[96.1329,16.6446],[96.125,16.6417]]],[[[95.8583,16.6583],[95.8272,16.6546],[95.8467,16.6731],[95.8583,16.6583]]],[[[95.7407,16.6647],[95.7365,16.6575],[95.7333,16.6667],[95.7407,16.6647]]],[[[96.1575,16.662],[96.171,16.667],[96.175,16.6583],[96.1575,16.662]]],[[[96.2009,16.6671],[96.2076,16.6745],[96.2083,16.6667],[96.2009,16.6671]]],[[[96.1106,16.6752],[96.1188,16.6825],[96.1257,16.6791],[96.1106,16.6752]]],[[[96.1925,16.6756],[96.1965,16.6839],[96.2,16.675],[96.1925,16.6756]]],[[[95.7842,16.6885],[95.7772,16.6838],[95.775,16.6917],[95.7842,16.6885]]],[[[95.8468,16.6825],[95.8445,16.6902],[95.85,16.6917],[95.8468,16.6825]]],[[[95.7676,16.6921],[95.7743,16.6995],[95.775,16.6917],[95.7676,16.6921]]],[[[96.1168,16.694],[96.1222,16.7018],[96.1244,16.6926],[96.1168,16.694]]],[[[96.0176,16.7087],[96.0243,16.7161],[96.025,16.7083],[96.0176,16.7087]]],[[[95.9838,16.7241],[95.9914,16.7178],[95.9833,16.7167],[95.9838,16.7241]]],[[[96.0239,16.7373],[96.0332,16.7403],[96.0333,16.7333],[96.0239,16.7373]]],[[[96.0926,16.7337],[96.0993,16.7411],[96.1,16.7333],[96.0926,16.7337]]],[[[96.1112,16.7424],[96.1171,16.736],[96.1083,16.7333],[96.1112,16.7424]]],[[[96.0827,16.7445],[96.0891,16.7504],[96.0917,16.7417],[96.0827,16.7445]]],[[[96.1494,16.7445],[96.1555,16.7518],[96.1576,16.7424],[96.1494,16.7445]]],[[[96.109,16.7555],[96.1026,16.7496],[96.1,16.7583],[96.109,16.7555]]],[[[96.0916,16.7634],[96.1,16.7583],[96.0905,16.7623],[96.0916,16.7634]]],[[[96.1661,16.77],[96.1788,16.7773],[96.1823,16.768],[96.1661,16.77]]],[[[96.0923,16.7784],[96.1063,16.7826],[96.1079,16.7696],[96.1,16.7667],[96.0923,16.7784]]],[[[96.0115,16.7842],[96.0167,16.7774],[96.0083,16.775],[96.0115,16.7842]]],[[[96.0678,16.7944],[96.0831,16.779],[96.0723,16.7505],[96.0199,16.7523],[96.0384,16.7699],[96.0344,16.7944],[96.0543,16.8139],[96.0833,16.8083],[96.0678,16.7944]],[[96.044,16.7836],[96.0557,16.7915],[96.0417,16.7917],[96.044,16.7836]],[[96.0573,16.7587],[96.05,16.7667],[96.0504,16.7592],[96.0573,16.7587]]],[[[96.1239,16.7956],[96.1332,16.7986],[96.1333,16.7917],[96.1239,16.7956]]],[[[96.1454,16.7695],[96.1277,16.8126],[96.1373,16.8386],[96.1726,16.7959],[96.1454,16.7695]]],[[[95.8592,16.8087],[95.866,16.8161],[95.8667,16.8083],[95.8592,16.8087]]],[[[96.0865,16.8175],[96.0917,16.8107],[96.0833,16.8083],[96.0865,16.8175]]],[[[95.9029,16.8257],[95.9088,16.8193],[95.9,16.8167],[95.9029,16.8257]]],[[[96.0695,16.8257],[96.0754,16.8193],[96.0667,16.8167],[96.0695,16.8257]]],[[[96.1668,16.8273],[96.1722,16.8352],[96.1744,16.826],[96.1668,16.8273]]],[[[96.0827,16.8361],[96.0888,16.8435],[96.0909,16.834],[96.0827,16.8361]]],[[[96.0577,16.8361],[96.0638,16.8435],[96.0659,16.834],[96.0577,16.8361]]],[[[96.1417,16.875],[96.158,16.8433],[96.1544,16.8352],[96.1417,16.875]]],[[[96.0592,16.8704],[96.0629,16.8912],[96.0624,16.8585],[96.0592,16.8704]]],[[[95.8905,16.879],[95.8999,16.882],[95.9,16.875],[95.8905,16.879]]],[[[95.8327,16.8778],[95.8388,16.8852],[95.8409,16.8757],[95.8327,16.8778]]],[[[95.8492,16.8994],[95.8452,16.8911],[95.8417,16.9],[95.8492,16.8994]]],[[[96.1085,16.894],[96.1138,16.9018],[96.1161,16.8926],[96.1085,16.894]]],[[[96.1413,16.8749],[96.103,16.9128],[96.1374,16.9223],[96.149,16.8882],[96.1413,16.8749]]],[[[96.0501,16.919],[96.0555,16.9268],[96.0577,16.9176],[96.0501,16.919]]],[[[95.9827,16.9528],[95.9888,16.9602],[95.9909,16.9507],[95.9827,16.9528]]],[[[95.8425,16.9718],[95.8355,16.9671],[95.8333,16.975],[95.8425,16.9718]]],[[[95.8243,16.9779],[95.8307,16.9837],[95.8333,16.975],[95.8243,16.9779]]],[[[96.0657,16.998],[96.0615,16.9908],[96.0583,17.0],[96.0657,16.998]]],[[[96.0456,16.9919],[96.0463,17.0134],[96.0583,17.0083],[96.0456,16.9919]]],[[[96.0759,17.0254],[96.0826,17.0328],[96.0833,17.025],[96.0759,17.0254]]],[[[96.0513,17.0299],[96.0544,17.0423],[96.0544,17.0243],[96.0513,17.0299]]],[[[96.0468,17.0492],[96.0445,17.0569],[96.05,17.0583],[96.0468,17.0492]]],[[[96.0335,17.0773],[96.0388,17.0852],[96.0411,17.076],[96.0335,17.0773]]],[[[96.1335,17.0857],[96.1388,17.0935],[96.1411,17.0843],[96.1335,17.0857]]],[[[96.1827,17.1028],[96.1888,17.1102],[96.1909,17.1007],[96.1827,17.1028]]],[[[96.1282,17.1002],[96.1291,17.116],[96.1406,17.1039],[96.1282,17.1002]]],[[[96.0241,17.1147],[96.0198,17.1075],[96.0167,17.1167],[96.0241,17.1147]]],[[[95.9176,17.1087],[95.9243,17.1161],[95.925,17.1083],[95.9176,17.1087]]],[[[96.1835,17.1273],[96.1888,17.1352],[96.1911,17.126],[96.1835,17.1273]]],[[[96.1294,17.1334],[96.1167,17.15],[96.133,17.147],[96.1294,17.1334]]],[[[96.2168,17.1523],[96.2222,17.1602],[96.2244,17.151],[96.2168,17.1523]]],[[[96.1833,17.1667],[96.1457,17.136],[96.1356,17.1542],[96.1552,17.1616],[96.1542,17.1806],[96.1833,17.1667]]],[[[96.2251,17.169],[96.2305,17.1768],[96.2327,17.1676],[96.2251,17.169]]],[[[95.9583,17.2],[95.9641,17.1931],[95.9623,17.1905],[95.9583,17.2]]],[[[95.9676,17.2004],[95.9743,17.2078],[95.975,17.2],[95.9676,17.2004]]],[[[95.8591,17.2256],[95.8627,17.2345],[95.8667,17.225],[95.8591,17.2256]]],[[[95.8657,17.248],[95.8615,17.2408],[95.8583,17.25],[95.8657,17.248]]],[[[95.916,17.2529],[95.9224,17.2587],[95.925,17.25],[95.916,17.2529]]],[[[95.8769,17.2611],[95.888,17.2661],[95.8989,17.2539],[95.8887,17.2503],[95.8769,17.2611]]],[[[95.9092,17.3754],[95.916,17.3828],[95.9167,17.375],[95.9092,17.3754]]],[[[95.8342,17.3921],[95.841,17.3995],[95.8417,17.3917],[95.8342,17.3921]]],[[[95.8259,17.4004],[95.8326,17.4078],[95.8333,17.4],[95.8259,17.4004]]],[[[95.7842,17.4504],[95.791,17.4578],[95.7917,17.45],[95.7842,17.4504]]],[[[95.7425,17.4968],[95.7355,17.4921],[95.7333,17.5],[95.7425,17.4968]]],[[[95.7946,17.7063],[95.8083,17.7],[95.7909,17.7037],[95.7946,17.7063]]],[[[95.7732,17.7247],[95.7833,17.7333],[95.7801,17.7171],[95.7732,17.7247]]],[[[95.7507,17.7388],[95.7443,17.7329],[95.7417,17.7417],[95.7507,17.7388]]],[[[95.7842,17.7337],[95.791,17.7411],[95.7917,17.7333],[95.7842,17.7337]]],[[[95.7341,17.7423],[95.7382,17.7506],[95.7417,17.7417],[95.7341,17.7423]]],[[[95.7475,17.7829],[95.7456,17.7669],[95.7333,17.7833],[95.7475,17.7829]]],[[[95.7674,17.7888],[95.761,17.7829],[95.7583,17.7917],[95.7674,17.7888]]],[[[95.7493,17.7945],[95.7557,17.8004],[95.7583,17.7917],[95.7493,17.7945]]],[[[95.7751,17.794],[95.7805,17.8018],[95.7827,17.7926],[95.7751,17.794]]],[[[95.7993,17.8112],[95.8057,17.8171],[95.8083,17.8083],[95.7993,17.8112]]],[[[95.7577,17.8195],[95.7638,17.8268],[95.7659,17.8174],[95.7577,17.8195]]],[[[95.8001,17.8273],[95.8055,17.8352],[95.8077,17.826],[95.8001,17.8273]]],[[[95.7506,17.8932],[95.7576,17.9071],[95.7583,17.8917],[95.7506,17.8932]]],[[[96.0335,27.0273],[96.0388,27.0352],[96.0411,27.026],[96.0335,27.0273]]],[[[96.1322,27.0339],[96.1394,27.0415],[96.1417,27.0333],[96.1322,27.0339]]],[[[96.0417,27.0583],[96.0331,27.0482],[96.0255,27.0551],[96.0417,27.0583]]],[[[96.0448,27.0675],[96.05,27.0607],[96.0417,27.0583],[96.0448,27.0675]]],[[[96.1743,27.0612],[96.1807,27.0671],[96.1833,27.0583],[96.1743,27.0612]]],[[[95.8802,27.0658],[95.875,27.0726],[95.8833,27.075],[95.8802,27.0658]]],[[[95.7574,27.0814],[95.7532,27.0742],[95.75,27.0833],[95.7574,27.0814]]],[[[95.8849,27.0828],[95.8987,27.0757],[95.8833,27.075],[95.8849,27.0828]]],[[[95.8241,27.123],[95.8198,27.1158],[95.8167,27.125],[95.8241,27.123]]],[[[96.1894,27.1169],[96.1822,27.1245],[96.1917,27.125],[96.1894,27.1169]]],[[[96.1574,27.1259],[96.1412,27.1295],[96.1583,27.1333],[96.1574,27.1259]]],[[[96.1588,27.1408],[96.1661,27.134],[96.1583,27.1333],[96.1588,27.1408]]],[[[95.9824,27.173],[95.9782,27.1658],[95.975,27.175],[95.9824,27.173]]],[[[95.8695,28.1757],[95.8754,28.1693],[95.8667,28.1667],[95.8695,28.1757]]],[[[95.7915,28.2256],[95.7915,28.2327],[95.8024,28.2292],[95.7915,28.2256]]],[[[95.9751,28.3107],[95.9805,28.3185],[95.9827,28.3093],[95.9751,28.3107]]],[[[95.9845,28.3328],[95.9772,28.3252],[95.975,28.3333],[95.9845,28.3328]]],[[[95.9603,28.3337],[95.9727,28.3414],[95.975,28.3333],[95.9603,28.3337]]],[[[95.9493,28.3445],[95.9557,28.3504],[95.9583,28.3417],[95.9493,28.3445]]],[[[95.9203,28.3693],[95.9368,28.3817],[95.9471,28.3801],[95.943,28.36],[95.9203,28.3693]]],[[[95.7425,28.3673],[95.746,28.3762],[95.75,28.3667],[95.7425,28.3673]]],[[[95.8175,28.3968],[95.8107,28.3917],[95.8083,28.4],[95.8175,28.3968]]],[[[95.7862,28.4007],[95.7921,28.3943],[95.7833,28.3917],[95.7862,28.4007]]],[[[95.8079,28.3998],[95.7782,28.4302],[95.8403,28.4385],[95.8304,28.4719],[95.8121,28.4704],[95.7776,28.5044],[95.8049,28.5032],[95.8275,28.5242],[95.8522,28.4374],[95.8808,28.4308],[95.9237,28.3884],[95.8613,28.4241],[95.8079,28.3998]]],[[[95.7676,28.5087],[95.7743,28.5161],[95.775,28.5083],[95.7676,28.5087]]],[[[95.8418,28.5107],[95.8472,28.5185],[95.8494,28.5093],[95.8418,28.5107]]],[[[95.7592,28.5171],[95.766,28.5245],[95.7667,28.5167],[95.7592,28.5171]]],[[[95.7492,28.5282],[95.756,28.5334],[95.7583,28.525],[95.7492,28.5282]]],[[[95.8347,28.5249],[95.847,28.5879],[95.8488,28.5334],[95.8347,28.5249]]],[[[95.8635,28.5996],[95.8623,28.6168],[95.8774,28.6042],[95.8635,28.5996]]],[[[96.2585,16.369],[96.2638,16.3768],[96.2661,16.3676],[96.2585,16.369]]],[[[96.2802,16.3742],[96.275,16.381],[96.2833,16.3833],[96.2802,16.3742]]],[[[96.2865,16.3925],[96.2917,16.3857],[96.2833,16.3833],[96.2865,16.3925]]],[[[96.2501,16.3914],[96.2332,16.3905],[96.2373,16.4078],[96.2501,16.3914]]],[[[96.25,16.3917],[96.2645,16.4148],[96.2662,16.3961],[96.25,16.3917]]],[[[96.2987,16.4294],[96.2876,16.4029],[96.2726,16.4381],[96.2358,16.4387],[96.2716,16.4559],[96.2987,16.4294]]],[[[96.2839,16.4576],[96.2923,16.4535],[96.2833,16.45],[96.2839,16.4576]]],[[[96.2759,16.4587],[96.2826,16.4661],[96.2833,16.4583],[96.2759,16.4587]]],[[[96.275,16.4667],[96.2587,16.472],[96.2709,16.4749],[96.275,16.4667]]],[[[96.2833,16.4667],[96.2972,16.473],[96.3005,16.4705],[96.2833,16.4667]]],[[[96.2418,16.5273],[96.2472,16.5352],[96.2494,16.526],[96.2418,16.5273]]],[[[96.2365,16.5675],[96.2417,16.5607],[96.2333,16.5583],[96.2365,16.5675]]],[[[96.3077,16.5695],[96.3138,16.5768],[96.3159,16.5674],[96.3077,16.5695]]],[[[96.3001,16.5857],[96.3055,16.5935],[96.3077,16.5843],[96.3001,16.5857]]],[[[96.2744,16.5867],[96.2872,16.5939],[96.2906,16.5847],[96.2744,16.5867]]],[[[96.2668,16.6023],[96.2722,16.6102],[96.2744,16.601],[96.2668,16.6023]]],[[[96.3281,16.6096],[96.3102,16.6102],[96.3115,16.6318],[96.325,16.625],[96.3281,16.6096]]],[[[96.2744,16.6195],[96.2805,16.6268],[96.2826,16.6174],[96.2744,16.6195]]],[[[96.3255,16.6392],[96.3415,16.6286],[96.325,16.625],[96.3255,16.6392]]],[[[96.2751,16.6357],[96.2805,16.6435],[96.2827,16.6343],[96.2751,16.6357]]],[[[96.2335,16.644],[96.2388,16.6518],[96.2411,16.6426],[96.2335,16.644]]],[[[96.325,16.6417],[96.2775,16.6542],[96.3169,16.6658],[96.3307,16.6552],[96.325,16.6417]]],[[[96.3335,16.669],[96.3388,16.6768],[96.3411,16.6676],[96.3335,16.669]]],[[[96.2949,16.6737],[96.2888,16.6815],[96.3,16.6833],[96.2949,16.6737]]],[[[96.3251,16.6857],[96.3305,16.6935],[96.3327,16.6843],[96.3251,16.6857]]],[[[96.2452,16.7718],[96.3136,16.6785],[96.2767,16.7046],[96.2635,16.7386],[96.2369,16.7451],[96.2452,16.7718]]],[[[96.2327,16.7278],[96.2388,16.7352],[96.2409,16.7257],[96.2327,16.7278]]],[[[96.3398,16.725],[96.3441,16.7417],[96.3577,16.7292],[96.3398,16.725]]],[[[96.2754,16.7574],[96.2828,16.7507],[96.275,16.75],[96.2754,16.7574]]],[[[96.3052,16.7575],[96.3,16.7643],[96.3083,16.7667],[96.3052,16.7575]]],[[[96.3415,16.759],[96.3423,16.766],[96.3524,16.7625],[96.3415,16.759]]],[[[96.2865,16.7675],[96.2917,16.7607],[96.2833,16.7583],[96.2865,16.7675]]],[[[96.3115,16.7758],[96.3167,16.7691],[96.3083,16.7667],[96.3115,16.7758]]],[[[96.2679,16.7799],[96.2711,16.7923],[96.2711,16.7743],[96.2679,16.7799]]],[[[96.3333,16.7917],[96.3576,16.7869],[96.3355,16.7852],[96.3333,16.7917]]],[[[96.3242,16.7948],[96.3312,16.7996],[96.3333,16.7917],[96.3242,16.7948]]],[[[96.2924,16.8049],[96.3053,16.8082],[96.3158,16.8041],[96.3037,16.7927],[96.2924,16.8049]]],[[[96.3418,16.819],[96.3472,16.8268],[96.3494,16.8176],[96.3418,16.819]]],[[[96.3668,16.819],[96.3722,16.8268],[96.3744,16.8176],[96.3668,16.819]]],[[[96.3585,16.8857],[96.3638,16.8935],[96.3661,16.8843],[96.3585,16.8857]]],[[[96.325,16.9917],[96.3308,16.9848],[96.329,16.9822],[96.325,16.9917]]],[[[96.3365,17.0008],[96.3417,16.9941],[96.3333,16.9917],[96.3365,17.0008]]],[[[96.5001,16.994],[96.5055,17.0018],[96.5077,16.9926],[96.5001,16.994]]],[[[96.3501,16.994],[96.3555,17.0018],[96.3577,16.9926],[96.3501,16.994]]],[[[96.5251,16.994],[96.5305,17.0018],[96.5327,16.9926],[96.5251,16.994]]],[[[96.5744,17.0028],[96.5805,17.0102],[96.5826,17.0007],[96.5744,17.0028]]],[[[96.5411,17.0028],[96.5472,17.0102],[96.5492,17.0007],[96.5411,17.0028]]],[[[96.2864,17.0068],[96.3125,17.0226],[96.3241,16.9985],[96.2618,16.9949],[96.2822,17.0325],[96.3002,17.0246],[96.2864,17.0068]]],[[[96.3291,17.0322],[96.34,17.0234],[96.3479,17.0111],[96.325,17.0083],[96.3291,17.0322]]],[[[96.5052,17.0158],[96.5,17.0226],[96.5083,17.025],[96.5052,17.0158]]],[[[96.2314,17.0167],[96.237,17.0332],[96.2494,17.0208],[96.2314,17.0167]]],[[[96.5831,17.0256],[96.584,17.0327],[96.594,17.0292],[96.5831,17.0256]]],[[[96.5115,17.0342],[96.5167,17.0274],[96.5083,17.025],[96.5115,17.0342]]],[[[96.3083,17.025],[96.2947,17.0406],[96.3155,17.0474],[96.3083,17.025]]],[[[96.2655,17.0373],[96.2749,17.0403],[96.275,17.0333],[96.2655,17.0373]]],[[[96.4494,17.0361],[96.4555,17.0435],[96.4576,17.034],[96.4494,17.0361]]],[[[96.325,17.05],[96.3308,17.0431],[96.329,17.0405],[96.325,17.05]]],[[[96.5885,17.0408],[96.5833,17.0476],[96.5917,17.05],[96.5885,17.0408]]],[[[96.4885,17.0408],[96.4833,17.0476],[96.4917,17.05],[96.4885,17.0408]]],[[[96.5085,17.044],[96.5138,17.0518],[96.5161,17.0426],[96.5085,17.044]]],[[[96.5244,17.0445],[96.5305,17.0518],[96.5326,17.0424],[96.5244,17.0445]]],[[[96.5634,17.0463],[96.5419,17.0456],[96.5583,17.0583],[96.5634,17.0463]]],[[[96.2787,17.0591],[96.2837,17.0457],[96.275,17.0417],[96.2787,17.0591]]],[[[96.4948,17.0592],[96.5,17.0524],[96.4917,17.05],[96.4948,17.0592]]],[[[96.2585,17.0523],[96.2638,17.0602],[96.2661,17.051],[96.2585,17.0523]]],[[[96.3386,17.0657],[96.3189,17.0518],[96.3178,17.0636],[96.3386,17.0657]]],[[[96.2998,17.059],[96.3006,17.066],[96.3107,17.0625],[96.2998,17.059]]],[[[96.5615,17.0675],[96.5667,17.0607],[96.5583,17.0583],[96.5615,17.0675]]],[[[96.4418,17.0607],[96.4472,17.0685],[96.4494,17.0593],[96.4418,17.0607]]],[[[96.2501,17.069],[96.2555,17.0768],[96.2577,17.0676],[96.2501,17.069]]],[[[96.5167,17.1],[96.5375,17.0605],[96.5182,17.0634],[96.5167,17.1]]],[[[96.3302,17.0825],[96.325,17.0893],[96.3333,17.0917],[96.3302,17.0825]]],[[[96.4751,17.0857],[96.4805,17.0935],[96.4827,17.0843],[96.4751,17.0857]]],[[[96.5507,17.0971],[96.5443,17.0913],[96.5417,17.1],[96.5507,17.0971]]],[[[96.3339,17.0992],[96.3428,17.0956],[96.3333,17.0917],[96.3339,17.0992]]],[[[96.2327,17.0945],[96.2388,17.1018],[96.2409,17.0924],[96.2327,17.0945]]],[[[96.2667,17.1047],[96.2785,17.1083],[96.2918,17.1043],[96.2803,17.1],[96.2667,17.1047]]],[[[96.5092,17.1004],[96.516,17.1078],[96.5167,17.1],[96.5092,17.1004]]],[[[96.3259,17.1004],[96.3326,17.1078],[96.3333,17.1],[96.3259,17.1004]]],[[[96.5327,17.1029],[96.5391,17.1087],[96.5417,17.1],[96.5327,17.1029]]],[[[96.316,17.1112],[96.3224,17.1171],[96.325,17.1083],[96.316,17.1112]]],[[[96.4993,17.1112],[96.5057,17.1171],[96.5083,17.1083],[96.4993,17.1112]]],[[[96.4085,17.1107],[96.4138,17.1185],[96.4161,17.1093],[96.4085,17.1107]]],[[[96.5835,17.1107],[96.5888,17.1185],[96.5911,17.1093],[96.5835,17.1107]]],[[[96.3668,17.1107],[96.3722,17.1185],[96.3744,17.1093],[96.3668,17.1107]]],[[[96.5327,17.1195],[96.5388,17.1268],[96.5409,17.1174],[96.5327,17.1195]]],[[[96.3577,17.1361],[96.3638,17.1435],[96.3659,17.134],[96.3577,17.1361]]],[[[96.5501,17.1357],[96.5555,17.1435],[96.5577,17.1343],[96.5501,17.1357]]],[[[96.3322,17.1262],[96.3093,17.1366],[96.2948,17.1563],[96.3333,17.1417],[96.3322,17.1262]]],[[[96.2748,17.1423],[96.2748,17.1494],[96.2857,17.1458],[96.2748,17.1423]]],[[[96.416,17.1445],[96.4224,17.1504],[96.425,17.1417],[96.416,17.1445]]],[[[96.3365,17.1508],[96.3417,17.1441],[96.3333,17.1417],[96.3365,17.1508]]],[[[96.5159,17.1432],[96.5094,17.1535],[96.5133,17.1606],[96.5159,17.1432]]],[[[96.5552,17.1492],[96.55,17.156],[96.5583,17.1583],[96.5552,17.1492]]],[[[96.5341,17.1484],[96.5405,17.1648],[96.5375,17.1416],[96.5341,17.1484]]],[[[96.579,17.1499],[96.5807,17.1676],[96.5913,17.1626],[96.579,17.1499]]],[[[96.2769,17.1587],[96.2894,17.1664],[96.2917,17.1583],[96.2769,17.1587]]],[[[96.5615,17.1675],[96.5667,17.1607],[96.5583,17.1583],[96.5615,17.1675]]],[[[96.3244,17.1617],[96.3372,17.1689],[96.3406,17.1597],[96.3244,17.1617]]],[[[96.2624,17.159],[96.2508,17.1716],[96.2729,17.1731],[96.275,17.1667],[96.2624,17.159]]],[[[96.3885,17.1658],[96.3861,17.1736],[96.3917,17.175],[96.3885,17.1658]]],[[[96.5333,17.175],[96.5012,17.1788],[96.5038,17.1897],[96.5333,17.175]]],[[[96.5365,17.1842],[96.5417,17.1774],[96.5333,17.175],[96.5365,17.1842]]],[[[96.3639,17.1686],[96.3519,17.1853],[96.3528,17.1906],[96.375,17.1833],[96.3639,17.1686]]],[[[96.275,17.175],[96.2819,17.1905],[96.291,17.1782],[96.275,17.175]]],[[[96.5909,17.1766],[96.5844,17.1868],[96.5883,17.1939],[96.5909,17.1766]]],[[[96.3074,17.198],[96.3032,17.1908],[96.3,17.2],[96.3074,17.198]]],[[[96.2676,17.1921],[96.2743,17.1995],[96.275,17.1917],[96.2676,17.1921]]],[[[96.5668,17.194],[96.5722,17.2018],[96.5744,17.1926],[96.5668,17.194]]],[[[96.5501,17.2023],[96.5555,17.2102],[96.5577,17.201],[96.5501,17.2023]]],[[[96.5081,17.209],[96.509,17.216],[96.519,17.2125],[96.5081,17.209]]],[[[96.5004,17.2337],[96.514,17.2561],[96.5046,17.2272],[96.5004,17.2337]]],[[[96.5418,17.244],[96.5472,17.2518],[96.5494,17.2426],[96.5418,17.244]]],[[[96.5835,17.244],[96.5888,17.2518],[96.5911,17.2426],[96.5835,17.244]]],[[[96.5491,17.2593],[96.5328,17.2628],[96.55,17.2667],[96.5491,17.2593]]],[[[96.5161,17.2778],[96.5222,17.2852],[96.5242,17.2757],[96.5161,17.2778]]],[[[96.5487,17.2878],[96.5578,17.2949],[96.5521,17.2668],[96.5487,17.2878]]],[[[96.5385,17.2825],[96.5361,17.2902],[96.5417,17.2917],[96.5385,17.2825]]],[[[96.5757,17.2971],[96.5693,17.2913],[96.5667,17.3],[96.5757,17.2971]]],[[[96.5592,17.3004],[96.566,17.3078],[96.5667,17.3],[96.5592,17.3004]]],[[[96.5327,17.3029],[96.5391,17.3087],[96.5417,17.3],[96.5327,17.3029]]],[[[96.5161,17.3028],[96.5222,17.3102],[96.5242,17.3007],[96.5161,17.3028]]],[[[96.5493,17.3112],[96.5557,17.3171],[96.5583,17.3083],[96.5493,17.3112]]],[[[96.5751,17.3107],[96.5805,17.3185],[96.5827,17.3093],[96.5751,17.3107]]],[[[96.5934,17.3236],[96.5749,17.3295],[96.6,17.3333],[96.5934,17.3236]]],[[[96.5118,17.3185],[96.5042,17.3523],[96.5233,17.3288],[96.5118,17.3185]]],[[[96.4615,17.3592],[96.4667,17.3524],[96.4583,17.35],[96.4615,17.3592]]],[[[96.5135,17.3575],[96.5111,17.3652],[96.5167,17.3667],[96.5135,17.3575]]],[[[96.4905,17.3873],[96.4999,17.3903],[96.5,17.3833],[96.4905,17.3873]]],[[[96.4779,17.3924],[96.4838,17.386],[96.475,17.3833],[96.4779,17.3924]]],[[[96.5008,17.3923],[96.5048,17.4006],[96.5083,17.3917],[96.5008,17.3923]]],[[[96.5827,17.5778],[96.5888,17.5852],[96.5909,17.5757],[96.5827,17.5778]]],[[[96.5779,17.6174],[96.5838,17.611],[96.575,17.6083],[96.5779,17.6174]]],[[[96.5885,17.6492],[96.5861,17.6569],[96.5917,17.6583],[96.5885,17.6492]]],[[[96.5877,17.7565],[96.5982,17.7372],[96.5788,17.7344],[96.5667,17.75],[96.5877,17.7565]]],[[[96.5592,17.7504],[96.566,17.7578],[96.5667,17.75],[96.5592,17.7504]]],[[[96.5448,19.2675],[96.55,19.2607],[96.5417,19.2583],[96.5448,19.2675]]],[[[96.5674,19.3721],[96.561,19.3663],[96.5583,19.375],[96.5674,19.3721]]],[[[96.5751,19.369],[96.5805,19.3768],[96.5827,19.3676],[96.5751,19.369]]],[[[96.5493,19.3779],[96.5557,19.3837],[96.5583,19.375],[96.5493,19.3779]]],[[[96.5494,19.4111],[96.5555,19.4185],[96.5576,19.409],[96.5494,19.4111]]],[[[96.5411,19.4278],[96.5472,19.4352],[96.5492,19.4257],[96.5411,19.4278]]],[[[96.5385,19.5158],[96.5361,19.5236],[96.5417,19.525],[96.5385,19.5158]]],[[[96.4001,19.894],[96.4055,19.9018],[96.4077,19.8926],[96.4001,19.894]]],[[[96.5585,19.919],[96.5638,19.9268],[96.5661,19.9176],[96.5585,19.919]]],[[[96.4258,20.0635],[96.4189,20.0588],[96.4167,20.0667],[96.4258,20.0635]]],[[[96.4075,20.0698],[96.4145,20.0746],[96.4167,20.0667],[96.4075,20.0698]]],[[[96.4936,20.2671],[96.5061,20.2748],[96.5083,20.2667],[96.4936,20.2671]]],[[[96.4822,20.2755],[96.4894,20.2831],[96.4917,20.275],[96.4822,20.2755]]],[[[96.5445,20.284],[96.5504,20.2776],[96.5417,20.275],[96.5445,20.284]]],[[[96.4411,20.4611],[96.4472,20.4685],[96.4492,20.459],[96.4411,20.4611]]],[[[96.3911,20.4695],[96.3972,20.4768],[96.3992,20.4674],[96.3911,20.4695]]],[[[96.399,20.4908],[96.4063,20.499],[96.4048,20.4836],[96.399,20.4908]]],[[[96.3751,20.494],[96.3805,20.5018],[96.3827,20.4926],[96.3751,20.494]]],[[[96.4509,20.5426],[96.4545,20.5589],[96.4583,20.5417],[96.4509,20.5426]]],[[[96.3489,20.5922],[96.3561,20.5998],[96.3583,20.5917],[96.3489,20.5922]]],[[[96.4339,20.6159],[96.4428,20.6123],[96.4333,20.6083],[96.4339,20.6159]]],[[[96.4585,20.6107],[96.4638,20.6185],[96.4661,20.6093],[96.4585,20.6107]]],[[[96.484,20.6221],[96.4776,20.6163],[96.475,20.625],[96.484,20.6221]]],[[[96.4672,20.6266],[96.4743,20.6404],[96.475,20.625],[96.4672,20.6266]]],[[[96.3302,20.6492],[96.325,20.656],[96.3333,20.6583],[96.3302,20.6492]]],[[[96.5407,20.7064],[96.5365,20.6992],[96.5333,20.7083],[96.5407,20.7064]]],[[[96.5242,20.7411],[96.5206,20.7322],[96.5167,20.7417],[96.5242,20.7411]]],[[[96.4333,20.7417],[96.4472,20.748],[96.4505,20.7455],[96.4333,20.7417]]],[[[96.5279,20.7507],[96.5338,20.7443],[96.525,20.7417],[96.5279,20.7507]]],[[[96.5091,20.7423],[96.5132,20.7506],[96.5167,20.7417],[96.5091,20.7423]]],[[[96.4922,20.8322],[96.4998,20.8394],[96.4959,20.8244],[96.4922,20.8322]]],[[[96.3327,20.9445],[96.3391,20.9504],[96.3417,20.9417],[96.3327,20.9445]]],[[[96.2468,21.1075],[96.2445,21.1152],[96.25,21.1167],[96.2468,21.1075]]],[[[96.4478,21.3002],[96.4405,21.3078],[96.45,21.3083],[96.4478,21.3002]]],[[[96.4333,21.3384],[96.4417,21.3333],[96.4322,21.3373],[96.4333,21.3384]]],[[[96.316,21.9695],[96.3224,21.9754],[96.325,21.9667],[96.316,21.9695]]],[[[96.4324,22.2564],[96.4282,22.2492],[96.425,22.2583],[96.4324,22.2564]]],[[[96.4085,22.6357],[96.4138,22.6435],[96.4161,22.6343],[96.4085,22.6357]]],[[[96.4061,22.6739],[96.4028,22.6593],[96.3917,22.675],[96.4061,22.6739]]],[[[96.3705,22.6675],[96.3689,22.6822],[96.3905,22.6803],[96.3917,22.675],[96.3705,22.6675]]],[[[96.3592,22.6837],[96.366,22.6911],[96.3667,22.6833],[96.3592,22.6837]]],[[[96.4418,22.7607],[96.4472,22.7685],[96.4494,22.7593],[96.4418,22.7607]]],[[[96.4917,22.8],[96.5202,22.808],[96.5244,22.8033],[96.4917,22.8]]],[[[96.5252,22.8153],[96.5331,22.8094],[96.525,22.8083],[96.5252,22.8153]]],[[[96.5823,22.8158],[96.5897,22.824],[96.5881,22.8086],[96.5823,22.8158]]],[[[96.5675,22.8218],[96.5607,22.8167],[96.5583,22.825],[96.5675,22.8218]]],[[[96.5362,22.8257],[96.5421,22.8193],[96.5333,22.8167],[96.5362,22.8257]]],[[[96.5493,22.8279],[96.5557,22.8337],[96.5583,22.825],[96.5493,22.8279]]],[[[96.3422,22.8572],[96.3498,22.8644],[96.3459,22.8494],[96.3422,22.8572]]],[[[96.4032,25.9758],[96.4084,25.9691],[96.4,25.9667],[96.4032,25.9758]]],[[[96.2493,26.8862],[96.2557,26.8921],[96.2583,26.8833],[96.2493,26.8862]]],[[[96.3741,27.023],[96.3698,27.0158],[96.3667,27.025],[96.3741,27.023]]],[[[96.4907,27.0314],[96.4865,27.0242],[96.4833,27.0333],[96.4907,27.0314]]],[[[96.3385,27.0242],[96.3361,27.0319],[96.3417,27.0333],[96.3385,27.0242]]],[[[96.5327,27.0445],[96.5388,27.0518],[96.5409,27.0424],[96.5327,27.0445]]],[[[96.2468,27.0992],[96.2417,27.106],[96.25,27.1083],[96.2468,27.0992]]],[[[96.2504,27.1158],[96.2578,27.109],[96.25,27.1083],[96.2504,27.1158]]],[[[96.5503,27.149],[96.5595,27.1456],[96.55,27.1417],[96.5503,27.149]]],[[[96.5425,27.1506],[96.5465,27.1589],[96.55,27.15],[96.5425,27.1506]]],[[[96.4161,27.1861],[96.4222,27.1935],[96.4242,27.184],[96.4161,27.1861]]],[[[96.3667,27.2417],[96.3413,27.2339],[96.3338,27.2375],[96.3667,27.2417]]],[[[96.3698,27.2508],[96.375,27.2441],[96.3667,27.2417],[96.3698,27.2508]]],[[[96.4945,27.3507],[96.5004,27.3443],[96.4917,27.3417],[96.4945,27.3507]]],[[[96.4302,27.4242],[96.425,27.431],[96.4333,27.4333],[96.4302,27.4242]]],[[[96.4338,27.4408],[96.4411,27.434],[96.4333,27.4333],[96.4338,27.4408]]],[[[96.4061,27.4502],[96.3989,27.4578],[96.4083,27.4583],[96.4061,27.4502]]],[[[96.5583,27.5667],[96.5722,27.573],[96.5755,27.5705],[96.5583,27.5667]]],[[[96.4112,27.609],[96.4171,27.6026],[96.4083,27.6],[96.4112,27.609]]],[[[96.4827,27.7111],[96.4888,27.7185],[96.4909,27.709],[96.4827,27.7111]]],[[[96.4241,27.723],[96.4198,27.7158],[96.4167,27.725],[96.4241,27.723]]],[[[96.4757,27.7221],[96.4693,27.7163],[96.4667,27.725],[96.4757,27.7221]]],[[[96.4478,27.7252],[96.4405,27.7328],[96.45,27.7333],[96.4478,27.7252]]],[[[96.4592,27.7254],[96.466,27.7328],[96.4667,27.725],[96.4592,27.7254]]],[[[96.4508,27.7339],[96.4548,27.7423],[96.4583,27.7333],[96.4508,27.7339]]],[[[96.4758,27.8635],[96.4691,27.8583],[96.4667,27.8667],[96.4758,27.8635]]],[[[96.4575,27.8698],[96.4643,27.875],[96.4667,27.8667],[96.4575,27.8698]]],[[[96.5085,27.9023],[96.5138,27.9102],[96.5161,27.901],[96.5085,27.9023]]],[[[96.3885,27.9492],[96.3849,27.9565],[96.3917,27.9583],[96.3885,27.9492]]],[[[96.4167,27.9833],[96.4304,28.0065],[96.4385,27.9859],[96.4167,27.9833]]],[[[96.4338,28.0158],[96.4414,28.0094],[96.4333,28.0083],[96.4338,28.0158]]],[[[96.4422,28.0165],[96.4574,28.058],[96.4809,28.0545],[96.4422,28.0165]]],[[[96.5853,28.0421],[96.5977,28.0498],[96.6,28.0417],[96.5853,28.0421]]],[[[96.5759,28.0504],[96.5826,28.0578],[96.5833,28.05],[96.5759,28.0504]]],[[[96.4833,28.0583],[96.4992,28.0656],[96.4993,28.0595],[96.4833,28.0583]]],[[[96.5746,28.0605],[96.528,28.0736],[96.5024,28.0719],[96.5292,28.1052],[96.5746,28.0605]]],[[[96.7678,16.7328],[96.7606,16.7252],[96.7583,16.7333],[96.7678,16.7328]]],[[[96.7493,16.7362],[96.7557,16.7421],[96.7583,16.7333],[96.7493,16.7362]]],[[[96.7507,16.7555],[96.7443,16.7496],[96.7417,16.7583],[96.7507,16.7555]]],[[[96.7322,16.7589],[96.7394,16.7665],[96.7417,16.7583],[96.7322,16.7589]]],[[[96.7158,16.7735],[96.7125,16.7574],[96.7083,16.775],[96.7158,16.7735]]],[[[96.6954,16.7762],[96.6766,16.7884],[96.7083,16.775],[96.6954,16.7762]]],[[[96.7094,16.8007],[96.7275,16.7966],[96.7306,16.7783],[96.7167,16.775],[96.7094,16.8007]]],[[[96.758,16.7753],[96.7505,16.8085],[96.7727,16.7869],[96.758,16.7753]]],[[[96.6244,16.7945],[96.6305,16.8018],[96.6326,16.7924],[96.6244,16.7945]]],[[[96.7589,16.8159],[96.7678,16.8123],[96.7583,16.8083],[96.7589,16.8159]]],[[[96.6418,16.8107],[96.6472,16.8185],[96.6494,16.8093],[96.6418,16.8107]]],[[[96.7196,16.8247],[96.7325,16.8112],[96.7167,16.8083],[96.7196,16.8247]]],[[[96.683,16.8174],[96.6854,16.8243],[96.7027,16.8208],[96.683,16.8174]]],[[[96.7583,16.8167],[96.7412,16.8174],[96.7559,16.8326],[96.7583,16.8167]]],[[[96.6494,16.8278],[96.6555,16.8352],[96.6576,16.8257],[96.6494,16.8278]]],[[[96.7405,16.8339],[96.7478,16.8415],[96.75,16.8333],[96.7405,16.8339]]],[[[96.6968,16.8408],[96.6917,16.8476],[96.7,16.85],[96.6968,16.8408]]],[[[96.6327,16.845],[96.6455,16.8523],[96.649,16.843],[96.6327,16.845]]],[[[96.7159,16.8666],[96.723,16.8567],[96.7127,16.8347],[96.6999,16.851],[96.7159,16.8666]]],[[[96.7494,16.8528],[96.7555,16.8602],[96.7576,16.8507],[96.7494,16.8528]]],[[[96.6585,16.8523],[96.6638,16.8602],[96.6661,16.851],[96.6585,16.8523]]],[[[96.6802,16.8575],[96.6778,16.8652],[96.6833,16.8667],[96.6802,16.8575]]],[[[96.6926,16.8587],[96.6993,16.8661],[96.7,16.8583],[96.6926,16.8587]]],[[[96.6841,16.8673],[96.6882,16.8756],[96.6917,16.8667],[96.6841,16.8673]]],[[[96.7411,16.8695],[96.7472,16.8768],[96.7492,16.8674],[96.7411,16.8695]]],[[[96.7585,16.8773],[96.7638,16.8852],[96.7661,16.876],[96.7585,16.8773]]],[[[96.7168,16.8857],[96.7222,16.8935],[96.7244,16.8843],[96.7168,16.8857]]],[[[96.7501,16.9357],[96.7555,16.9435],[96.7577,16.9343],[96.7501,16.9357]]],[[[96.7244,16.9695],[96.7305,16.9768],[96.7326,16.9674],[96.7244,16.9695]]],[[[96.5999,17.0051],[96.6083,17.0],[96.5989,17.004],[96.5999,17.0051]]],[[[96.6691,16.9985],[96.6504,16.9917],[96.6418,17.0012],[96.6505,17.0168],[96.6691,16.9985]]],[[[96.6108,16.9954],[96.6123,17.0309],[96.6312,16.9945],[96.6108,16.9954]]],[[[96.7542,17.0476],[96.8083,17.0167],[96.7783,17.0145],[96.7696,16.9776],[96.6841,16.9985],[96.718,17.0235],[96.7625,17.0017],[96.7542,17.0476]]],[[[96.6426,17.0171],[96.6493,17.0245],[96.65,17.0167],[96.6426,17.0171]]],[[[96.7365,17.0258],[96.7417,17.0191],[96.7333,17.0167],[96.7365,17.0258]]],[[[96.6342,17.0254],[96.641,17.0328],[96.6417,17.025],[96.6342,17.0254]]],[[[96.6187,17.0337],[96.631,17.0414],[96.6333,17.0333],[96.6187,17.0337]]],[[[96.6362,17.0507],[96.6421,17.0443],[96.6333,17.0417],[96.6362,17.0507]]],[[[96.5948,17.0592],[96.6,17.0524],[96.5917,17.05],[96.5948,17.0592]]],[[[96.6925,17.0506],[96.6965,17.0589],[96.7,17.05],[96.6925,17.0506]]],[[[96.6085,17.0523],[96.6138,17.0602],[96.6161,17.051],[96.6085,17.0523]]],[[[96.7583,17.05],[96.7723,17.0735],[96.7818,17.0534],[96.7583,17.05]]],[[[96.762,17.0731],[96.7294,17.0651],[96.7312,17.0457],[96.713,17.0348],[96.6696,17.0375],[96.7125,17.0515],[96.6952,17.0716],[96.7379,17.0862],[96.7406,17.0985],[96.7629,17.0888],[96.762,17.0731]]],[[[96.7083,17.0884],[96.7167,17.0833],[96.7072,17.0873],[96.7083,17.0884]]],[[[96.7103,17.1026],[96.7214,17.1159],[96.725,17.0917],[96.7196,17.0929],[96.7103,17.1026]]],[[[96.7585,17.1023],[96.7638,17.1102],[96.7661,17.101],[96.7585,17.1023]]],[[[96.6585,17.1357],[96.6638,17.1435],[96.6661,17.1343],[96.6585,17.1357]]],[[[96.7585,17.1357],[96.7638,17.1435],[96.7661,17.1343],[96.7585,17.1357]]],[[[96.7735,17.1717],[96.7618,17.1514],[96.7633,17.1828],[96.7735,17.1717]]],[[[96.6923,17.1656],[96.6962,17.1834],[96.6957,17.1582],[96.6923,17.1656]]],[[[96.7698,17.1925],[96.775,17.1857],[96.7667,17.1833],[96.7698,17.1925]]],[[[96.701,17.2117],[96.7041,17.2251],[96.7041,17.1996],[96.701,17.2117]]],[[[96.7244,17.2117],[96.7372,17.2189],[96.7406,17.2097],[96.7244,17.2117]]],[[[96.7411,17.2278],[96.7472,17.2352],[96.7492,17.2257],[96.7411,17.2278]]],[[[96.7411,17.2445],[96.7472,17.2518],[96.7492,17.2424],[96.7411,17.2445]]],[[[96.7501,17.3023],[96.7555,17.3102],[96.7577,17.301],[96.7501,17.3023]]],[[[96.6757,17.3138],[96.6693,17.3079],[96.6667,17.3167],[96.6757,17.3138]]],[[[96.7052,17.3075],[96.7,17.3143],[96.7083,17.3167],[96.7052,17.3075]]],[[[96.7244,17.3111],[96.7305,17.3185],[96.7326,17.309],[96.7244,17.3111]]],[[[96.6575,17.3198],[96.6645,17.3246],[96.6667,17.3167],[96.6575,17.3198]]],[[[96.7089,17.3262],[96.7165,17.3189],[96.7083,17.3167],[96.7089,17.3262]]],[[[96.6032,17.3425],[96.6084,17.3357],[96.6,17.3333],[96.6032,17.3425]]],[[[96.6835,17.3357],[96.6888,17.3435],[96.6911,17.3343],[96.6835,17.3357]]],[[[96.7596,17.3383],[96.7628,17.3507],[96.7628,17.3327],[96.7596,17.3383]]],[[[96.6324,17.348],[96.6282,17.3408],[96.625,17.35],[96.6324,17.348]]],[[[96.7096,17.3549],[96.7128,17.3673],[96.7128,17.3493],[96.7096,17.3549]]],[[[96.6492,17.3661],[96.6456,17.3572],[96.6417,17.3667],[96.6492,17.3661]]],[[[96.6227,17.352],[96.5868,17.36],[96.5773,17.3717],[96.6396,17.3711],[96.6227,17.352]]],[[[96.6827,17.3611],[96.6888,17.3685],[96.6909,17.359],[96.6827,17.3611]]],[[[96.6515,17.3742],[96.6676,17.3709],[96.65,17.3667],[96.6515,17.3742]]],[[[96.65,17.375],[96.6466,17.3924],[96.6579,17.3877],[96.65,17.375]]],[[[96.675,17.4083],[96.6897,17.3924],[96.6759,17.3934],[96.675,17.4083]]],[[[96.7142,17.4017],[96.6946,17.4094],[96.6968,17.4226],[96.725,17.425],[96.7142,17.4017]]],[[[96.6658,17.4115],[96.6728,17.4162],[96.675,17.4083],[96.6658,17.4115]]],[[[96.725,17.425],[96.7484,17.4398],[96.7548,17.4283],[96.725,17.425]]],[[[96.7757,17.4388],[96.7693,17.4329],[96.7667,17.4417],[96.7757,17.4388]]],[[[96.725,17.4667],[96.7319,17.4627],[96.729,17.4572],[96.725,17.4667]]],[[[96.7342,17.4671],[96.741,17.4745],[96.7417,17.4667],[96.7342,17.4671]]],[[[96.7342,17.4837],[96.741,17.4911],[96.7417,17.4833],[96.7342,17.4837]]],[[[96.7448,17.5008],[96.75,17.4941],[96.7417,17.4917],[96.7448,17.5008]]],[[[96.6168,17.5023],[96.6222,17.5102],[96.6244,17.501],[96.6168,17.5023]]],[[[96.6135,17.5158],[96.6111,17.5236],[96.6167,17.525],[96.6135,17.5158]]],[[[96.6835,17.5237],[96.6914,17.5178],[96.6833,17.5167],[96.6835,17.5237]]],[[[96.6749,17.5301],[96.6833,17.525],[96.6739,17.529],[96.6749,17.5301]]],[[[96.6666,17.5476],[96.6559,17.5105],[96.6366,17.4944],[96.639,17.5212],[96.6197,17.5267],[96.6222,17.5545],[96.6102,17.5625],[96.6452,17.5739],[96.6666,17.5476]],[[96.641,17.5423],[96.6333,17.55],[96.6338,17.5426],[96.641,17.5423]]],[[[96.6072,17.5339],[96.6144,17.5415],[96.6167,17.5333],[96.6072,17.5339]]],[[[96.667,17.5657],[96.6762,17.5623],[96.6667,17.5583],[96.667,17.5657]]],[[[96.5918,17.5607],[96.5972,17.5685],[96.5994,17.5593],[96.5918,17.5607]]],[[[96.6364,17.6292],[96.7567,17.5874],[96.7295,17.5813],[96.7195,17.5626],[96.7539,17.55],[96.7462,17.5352],[96.7723,17.5384],[96.7555,17.5115],[96.7459,17.5217],[96.7036,17.5118],[96.6775,17.5459],[96.7065,17.5877],[96.6461,17.5933],[96.6364,17.6292]],[[96.7034,17.5396],[96.7225,17.5273],[96.7228,17.5465],[96.7034,17.5396]]],[[[96.6606,17.5679],[96.6652,17.5822],[96.6667,17.5667],[96.6606,17.5679]]],[[[96.6827,17.5779],[96.6891,17.5837],[96.6917,17.575],[96.6827,17.5779]]],[[[96.6394,17.5835],[96.6322,17.5911],[96.6417,17.5917],[96.6394,17.5835]]],[[[96.6948,17.6258],[96.7,17.6191],[96.6917,17.6167],[96.6948,17.6258]]],[[[96.5968,17.6242],[96.5917,17.631],[96.6,17.6333],[96.5968,17.6242]]],[[[96.6161,17.6278],[96.6222,17.6352],[96.6242,17.6257],[96.6161,17.6278]]],[[[96.6032,17.6425],[96.6084,17.6357],[96.6,17.6333],[96.6032,17.6425]]],[[[96.7624,17.6331],[96.7573,17.6425],[96.7631,17.6498],[96.7624,17.6331]]],[[[96.7385,17.6408],[96.7333,17.6476],[96.7417,17.65],[96.7385,17.6408]]],[[[96.7165,17.6423],[96.7173,17.6494],[96.7274,17.6458],[96.7165,17.6423]]],[[[96.7448,17.6592],[96.75,17.6524],[96.7417,17.65],[96.7448,17.6592]]],[[[96.6835,17.6523],[96.6888,17.6602],[96.6911,17.651],[96.6835,17.6523]]],[[[96.6424,17.6734],[96.6488,17.6898],[96.6459,17.6666],[96.6424,17.6734]]],[[[96.7335,17.6773],[96.7388,17.6852],[96.7411,17.676],[96.7335,17.6773]]],[[[96.7241,17.6907],[96.7205,17.6745],[96.7167,17.6917],[96.7241,17.6907]]],[[[96.7052,17.6825],[96.7028,17.6902],[96.7083,17.6917],[96.7052,17.6825]]],[[[96.725,17.6917],[96.7389,17.698],[96.7422,17.6955],[96.725,17.6917]]],[[[96.7092,17.6921],[96.716,17.6995],[96.7167,17.6917],[96.7092,17.6921]]],[[[96.7176,17.7004],[96.7243,17.7078],[96.725,17.7],[96.7176,17.7004]]],[[[96.7282,17.7175],[96.7334,17.7107],[96.725,17.7083],[96.7282,17.7175]]],[[[96.7494,17.7445],[96.7555,17.7518],[96.7576,17.7424],[96.7494,17.7445]]],[[[96.7407,17.7564],[96.7365,17.7492],[96.7333,17.7583],[96.7407,17.7564]]],[[[96.7833,17.7917],[96.76,17.7788],[96.7737,17.8006],[96.7833,17.7917]]],[[[96.7342,17.8337],[96.741,17.8411],[96.7417,17.8333],[96.7342,17.8337]]],[[[96.7218,17.8408],[96.7167,17.8476],[96.725,17.85],[96.7218,17.8408]]],[[[96.7661,17.8445],[96.7722,17.8518],[96.7742,17.8424],[96.7661,17.8445]]],[[[96.7254,17.8574],[96.7328,17.8507],[96.725,17.85],[96.7254,17.8574]]],[[[96.7362,17.8674],[96.7421,17.861],[96.7333,17.8583],[96.7362,17.8674]]],[[[96.7657,17.8897],[96.7615,17.8825],[96.7583,17.8917],[96.7657,17.8897]]],[[[96.7612,17.909],[96.7671,17.9026],[96.7583,17.9],[96.7612,17.909]]],[[[96.7655,17.929],[96.7749,17.932],[96.775,17.925],[96.7655,17.929]]],[[[96.7417,18.0],[96.739,18.0161],[96.7574,18.0127],[96.7417,18.0]]],[[[96.734,18.0305],[96.7276,18.0246],[96.725,18.0333],[96.734,18.0305]]],[[[96.7411,18.0278],[96.7472,18.0352],[96.7492,18.0257],[96.7411,18.0278]]],[[[96.6828,18.0337],[96.7147,18.0413],[96.7252,18.0338],[96.6828,18.0337]]],[[[96.6333,18.0417],[96.6621,18.047],[96.6665,18.0458],[96.6333,18.0417]]],[[[96.7251,18.0523],[96.7305,18.0602],[96.7327,18.051],[96.7251,18.0523]]],[[[96.689,18.0796],[96.6795,18.0717],[96.6527,18.0708],[96.6602,18.0909],[96.689,18.0796]]],[[[96.6994,18.0778],[96.7055,18.0852],[96.7076,18.0757],[96.6994,18.0778]]],[[[96.677,18.1092],[96.6827,18.0955],[96.6667,18.0917],[96.677,18.1092]]],[[[96.7585,18.1023],[96.7638,18.1102],[96.7661,18.101],[96.7585,18.1023]]],[[[96.6172,18.1091],[96.6329,18.1126],[96.6167,18.1],[96.6172,18.1091]]],[[[96.7001,18.1357],[96.7055,18.1435],[96.7077,18.1343],[96.7001,18.1357]]],[[[96.6577,18.1528],[96.6638,18.1602],[96.6659,18.1507],[96.6577,18.1528]]],[[[96.7242,18.1536],[96.7372,18.1606],[96.7406,18.1513],[96.7242,18.1536]]],[[[96.6766,18.1589],[96.6909,18.1655],[96.6908,18.1594],[96.6766,18.1589]]],[[[96.7085,18.1607],[96.7138,18.1685],[96.7161,18.1593],[96.7085,18.1607]]],[[[96.692,18.174],[96.7012,18.1706],[96.6917,18.1667],[96.692,18.174]]],[[[96.7748,18.1673],[96.7756,18.1744],[96.7857,18.1708],[96.7748,18.1673]]],[[[96.7166,18.1829],[96.7567,18.1782],[96.7291,18.1686],[96.7166,18.1829]]],[[[96.7612,18.1924],[96.7671,18.186],[96.7583,18.1833],[96.7612,18.1924]]],[[[96.7302,18.1908],[96.725,18.1976],[96.7333,18.2],[96.7302,18.1908]]],[[[96.7365,18.2092],[96.7417,18.2024],[96.7333,18.2],[96.7365,18.2092]]],[[[96.6769,18.2132],[96.7008,18.2169],[96.7221,18.2125],[96.6962,18.2082],[96.6769,18.2132]]],[[[96.5909,18.2619],[96.6038,18.2689],[96.6073,18.2597],[96.5909,18.2619]]],[[[96.6668,18.269],[96.6722,18.2768],[96.6744,18.2676],[96.6668,18.269]]],[[[96.6501,18.294],[96.6555,18.3018],[96.6577,18.2926],[96.6501,18.294]]],[[[96.729,18.3333],[96.7309,18.35],[96.7417,18.346],[96.729,18.3333]]],[[[96.6802,18.3408],[96.675,18.3476],[96.6833,18.35],[96.6802,18.3408]]],[[[96.6833,18.35],[96.7155,18.3541],[96.7053,18.3434],[96.6833,18.35]]],[[[96.6585,18.3607],[96.6638,18.3685],[96.6661,18.3593],[96.6585,18.3607]]],[[[96.6335,18.3607],[96.6388,18.3685],[96.6411,18.3593],[96.6335,18.3607]]],[[[96.7257,18.3888],[96.7193,18.3829],[96.7167,18.3917],[96.7257,18.3888]]],[[[96.6911,18.3861],[96.6972,18.3935],[96.6992,18.384],[96.6911,18.3861]]],[[[96.7092,18.3921],[96.716,18.3995],[96.7167,18.3917],[96.7092,18.3921]]],[[[96.6529,19.0674],[96.6588,19.061],[96.65,19.0583],[96.6529,19.0674]]],[[[96.6968,19.0908],[96.6945,19.0986],[96.7,19.1],[96.6968,19.0908]]],[[[96.6827,19.1279],[96.6891,19.1337],[96.6917,19.125],[96.6827,19.1279]]],[[[96.7698,19.1842],[96.775,19.1774],[96.7667,19.175],[96.7698,19.1842]]],[[[96.5993,19.1862],[96.6057,19.1921],[96.6083,19.1833],[96.5993,19.1862]]],[[[96.7337,19.199],[96.7428,19.1956],[96.7333,19.1917],[96.7337,19.199]]],[[[96.7668,19.194],[96.7722,19.2018],[96.7744,19.1926],[96.7668,19.194]]],[[[96.7417,19.2333],[96.7486,19.2293],[96.7456,19.2238],[96.7417,19.2333]]],[[[96.6327,19.2695],[96.6388,19.2768],[96.6409,19.2674],[96.6327,19.2695]]],[[[96.6865,19.2925],[96.6917,19.2857],[96.6833,19.2833],[96.6865,19.2925]]],[[[96.6585,19.3023],[96.6638,19.3102],[96.6661,19.301],[96.6585,19.3023]]],[[[96.6083,19.3833],[96.6152,19.3793],[96.6123,19.3738],[96.6083,19.3833]]],[[[96.617,19.3907],[96.6262,19.3873],[96.6167,19.3833],[96.617,19.3907]]],[[[96.6173,19.4159],[96.6262,19.4123],[96.6167,19.4083],[96.6173,19.4159]]],[[[96.7077,19.4279],[96.7141,19.4337],[96.7167,19.425],[96.7077,19.4279]]],[[[96.6491,19.448],[96.6448,19.4408],[96.6417,19.45],[96.6491,19.448]]],[[[96.6501,19.4607],[96.6555,19.4685],[96.6577,19.4593],[96.6501,19.4607]]],[[[96.7001,19.4773],[96.7055,19.4852],[96.7077,19.476],[96.7001,19.4773]]],[[[96.6929,19.5049],[96.6961,19.5173],[96.6961,19.4993],[96.6929,19.5049]]],[[[96.6099,19.5171],[96.6206,19.5236],[96.6257,19.5208],[96.6099,19.5171]]],[[[96.6251,19.5357],[96.6305,19.5435],[96.6327,19.5343],[96.6251,19.5357]]],[[[96.6885,19.5278],[96.6756,19.5649],[96.6829,19.5752],[96.6885,19.5278]]],[[[96.7083,19.65],[96.7222,19.6563],[96.7255,19.6538],[96.7083,19.65]]],[[[96.6921,19.6824],[96.6997,19.6761],[96.6917,19.675],[96.6921,19.6824]]],[[[96.7032,19.6925],[96.7084,19.6857],[96.7,19.6833],[96.7032,19.6925]]],[[[96.7251,19.769],[96.7305,19.7768],[96.7327,19.7676],[96.7251,19.769]]],[[[96.7241,19.7991],[96.7205,19.7828],[96.7167,19.8],[96.7241,19.7991]]],[[[96.7092,19.8004],[96.716,19.8078],[96.7167,19.8],[96.7092,19.8004]]],[[[96.6993,19.8112],[96.7057,19.8171],[96.7083,19.8083],[96.6993,19.8112]]],[[[96.7676,19.8504],[96.7743,19.8578],[96.775,19.85],[96.7676,19.8504]]],[[[96.7577,19.8612],[96.7641,19.8671],[96.7667,19.8583],[96.7577,19.8612]]],[[[96.734,19.9138],[96.7276,19.9079],[96.725,19.9167],[96.734,19.9138]]],[[[96.7176,19.9171],[96.7243,19.9245],[96.725,19.9167],[96.7176,19.9171]]],[[[96.6623,19.9669],[96.6799,19.9747],[96.683,19.9695],[96.6623,19.9669]]],[[[96.6865,19.9842],[96.6917,19.9774],[96.6833,19.975],[96.6865,19.9842]]],[[[96.6501,20.0273],[96.6555,20.0352],[96.6577,20.026],[96.6501,20.0273]]],[[[96.6008,20.1562],[96.6081,20.1644],[96.6042,20.1494],[96.6008,20.1562]]],[[[96.6759,21.4754],[96.6826,21.4828],[96.6833,21.475],[96.6759,21.4754]]],[[[96.6093,21.5176],[96.6128,21.5339],[96.6167,21.5167],[96.6093,21.5176]]],[[[96.6327,21.6195],[96.6391,21.6254],[96.6417,21.6167],[96.6327,21.6195]]],[[[96.6074,21.6314],[96.6032,21.6242],[96.6,21.6333],[96.6074,21.6314]]],[[[96.7596,21.6896],[96.7752,21.6881],[96.7583,21.6833],[96.7596,21.6896]]],[[[96.6552,22.0242],[96.6515,22.0315],[96.6583,22.0333],[96.6552,22.0242]]],[[[96.6968,22.4075],[96.6945,22.4152],[96.7,22.4167],[96.6968,22.4075]]],[[[96.706,22.4622],[96.6858,22.4448],[96.6696,22.4968],[96.7,22.4917],[96.706,22.4622]]],[[[96.7619,22.4928],[96.7621,22.5162],[96.775,22.4917],[96.7619,22.4928]]],[[[96.7023,22.492],[96.6777,22.5302],[96.7055,22.5385],[96.7023,22.492]]],[[[96.741,22.5195],[96.7474,22.5254],[96.75,22.5167],[96.741,22.5195]]],[[[96.666,22.5362],[96.6724,22.5421],[96.675,22.5333],[96.666,22.5362]]],[[[96.6577,27.0611],[96.6638,27.0685],[96.6659,27.059],[96.6577,27.0611]]],[[[96.6508,27.0817],[96.6572,27.0981],[96.6542,27.0749],[96.6508,27.0817]]],[[[96.6963,27.1247],[96.7018,27.1472],[96.7125,27.1561],[96.7143,27.1205],[96.6963,27.1247]]],[[[96.759,27.1471],[96.7526,27.1413],[96.75,27.15],[96.759,27.1471]]],[[[96.7661,27.1445],[96.7722,27.1518],[96.7742,27.1424],[96.7661,27.1445]]],[[[96.725,27.1607],[96.7449,27.2216],[96.78,27.205],[96.7524,27.1894],[96.75,27.15],[96.725,27.1607]]],[[[96.7346,27.2383],[96.7378,27.2507],[96.7378,27.2327],[96.7346,27.2383]]],[[[96.7668,27.4023],[96.7722,27.4102],[96.7744,27.401],[96.7668,27.4023]]],[[[96.7501,27.419],[96.7555,27.4268],[96.7577,27.4176],[96.7501,27.419]]],[[[96.7345,27.4328],[96.7272,27.4252],[96.725,27.4333],[96.7345,27.4328]]],[[[96.698,27.4336],[96.7039,27.4486],[96.7251,27.4337],[96.698,27.4336]]],[[[96.7085,27.9523],[96.7138,27.9602],[96.7161,27.951],[96.7085,27.9523]]],[[[96.6592,27.9718],[96.6524,27.9667],[96.65,27.975],[96.6592,27.9718]]],[[[96.6408,27.9782],[96.6476,27.9834],[96.65,27.975],[96.6408,27.9782]]],[[[96.6327,27.9945],[96.6388,28.0018],[96.6409,27.9924],[96.6327,27.9945]]],[[[96.6258,28.0218],[96.6191,28.0167],[96.6167,28.025],[96.6258,28.0218]]],[[[96.6092,28.0254],[96.616,28.0328],[96.6167,28.025],[96.6092,28.0254]]],[[[96.6009,28.0337],[96.6076,28.0411],[96.6083,28.0333],[96.6009,28.0337]]],[[[97.1501,16.5523],[97.1555,16.5602],[97.1577,16.551],[97.1501,16.5523]]],[[[97.1505,16.5834],[97.1546,16.6078],[97.1543,16.576],[97.1505,16.5834]]],[[[97.1494,16.6278],[97.1555,16.6352],[97.1576,16.6257],[97.1494,16.6278]]],[[[97.0884,16.6029],[97.0694,16.6547],[97.0786,16.6643],[97.0884,16.6029]]],[[[97.13,16.6115],[97.1083,16.6638],[97.1208,16.694],[97.1408,16.6684],[97.13,16.6115]]],[[[97.0072,16.7065],[97.0042,16.6833],[97.0,16.7083],[97.0072,16.7065]]],[[[97.1077,16.7028],[97.1138,16.7102],[97.1159,16.7007],[97.1077,16.7028]]],[[[96.7744,16.7111],[96.7805,16.7185],[96.7826,16.709],[96.7744,16.7111]]],[[[96.9922,16.7099],[96.9993,16.7237],[97.0,16.7083],[96.9922,16.7099]]],[[[96.9842,16.7254],[96.991,16.7328],[96.9917,16.725],[96.9842,16.7254]]],[[[96.9759,16.7337],[96.9826,16.7411],[96.9833,16.7333],[96.9759,16.7337]]],[[[96.7748,16.7423],[96.7756,16.7494],[96.7857,16.7458],[96.7748,16.7423]]],[[[96.966,16.7445],[96.9724,16.7504],[96.975,16.7417],[96.966,16.7445]]],[[[97.056,16.7894],[97.0378,16.6942],[97.0317,16.7378],[97.0006,16.7736],[97.0125,16.8273],[97.056,16.7894]],[[97.0323,16.792],[97.025,16.8],[97.0254,16.7926],[97.0323,16.792]],[[97.0323,16.767],[97.025,16.775],[97.0254,16.7676],[97.0323,16.767]]],[[[97.1835,16.7773],[97.1888,16.7852],[97.1911,16.776],[97.1835,16.7773]]],[[[96.8168,16.8023],[96.8222,16.8102],[96.8244,16.801],[96.8168,16.8023]]],[[[97.1649,16.8159],[97.1522,16.8006],[97.15,16.8167],[97.1649,16.8159]]],[[[97.1408,16.8198],[97.1478,16.8246],[97.15,16.8167],[97.1408,16.8198]]],[[[97.0585,16.819],[97.0638,16.8268],[97.0661,16.8176],[97.0585,16.819]]],[[[97.0346,16.8216],[97.0378,16.834],[97.0378,16.816],[97.0346,16.8216]]],[[[97.0582,16.8513],[97.07,16.858],[97.0824,16.8545],[97.0713,16.8353],[97.0582,16.8513]]],[[[96.7744,16.8695],[96.7805,16.8768],[96.7826,16.8674],[96.7744,16.8695]]],[[[97.0728,16.8821],[97.0681,16.8677],[97.0667,16.8833],[97.0728,16.8821]]],[[[97.003,16.9311],[97.042,16.8598],[97.0165,16.8344],[97.0028,16.8455],[97.0142,16.8707],[97.003,16.9311]],[[97.0323,16.8504],[97.025,16.8583],[97.0254,16.8509],[97.0323,16.8504]]],[[[97.0407,16.8897],[97.0365,16.8825],[97.0333,16.8917],[97.0407,16.8897]]],[[[97.0577,16.8862],[97.0641,16.8921],[97.0667,16.8833],[97.0577,16.8862]]],[[[97.1338,16.9141],[97.1499,16.9127],[97.1333,16.9],[97.1338,16.9141]]],[[[97.1675,16.9218],[97.1605,16.9171],[97.1583,16.925],[97.1675,16.9218]]],[[[97.1493,16.9279],[97.1557,16.9337],[97.1583,16.925],[97.1493,16.9279]]],[[[96.991,16.9362],[96.9974,16.9421],[97.0,16.9333],[96.991,16.9362]]],[[[97.0917,16.9663],[97.1304,16.9232],[97.1294,16.8851],[97.0444,16.9697],[97.0359,16.9962],[97.0565,16.9766],[97.0917,16.9663]]],[[[97.1425,16.9718],[97.1355,16.9671],[97.1333,16.975],[97.1425,16.9718]]],[[[97.1242,16.9782],[97.1312,16.9829],[97.1333,16.975],[97.1242,16.9782]]],[[[97.1001,16.9773],[97.1055,16.9852],[97.1077,16.976],[97.1001,16.9773]]],[[[97.0808,16.9925],[97.0912,16.9796],[97.0667,16.975],[97.0808,16.9925]]],[[[97.0168,16.9857],[97.0222,16.9935],[97.0244,16.9843],[97.0168,16.9857]]],[[[96.8399,17.0041],[96.7833,17.0],[96.8174,17.0166],[96.8399,17.0041]]],[[[97.1327,17.0028],[97.1388,17.0102],[97.1409,17.0007],[97.1327,17.0028]]],[[[97.1081,17.0173],[97.1081,17.0244],[97.119,17.0208],[97.1081,17.0173]]],[[[97.0091,17.023],[97.0167,17.0333],[97.0125,17.016],[97.0091,17.023]]],[[[97.0424,17.0305],[97.036,17.0246],[97.0333,17.0333],[97.0424,17.0305]]],[[[97.1299,17.0198],[97.1367,17.0482],[97.148,17.0387],[97.1299,17.0198]]],[[[97.0968,17.0325],[97.0917,17.0393],[97.1,17.0417],[97.0968,17.0325]]],[[[97.0193,17.0335],[97.0311,17.0414],[97.0333,17.0333],[97.0193,17.0335]]],[[[97.0751,17.0357],[97.0805,17.0435],[97.0827,17.0343],[97.0751,17.0357]]],[[[97.1667,17.05],[97.1736,17.046],[97.1706,17.0405],[97.1667,17.05]]],[[[97.1009,17.0491],[97.1172,17.0455],[97.1,17.0417],[97.1009,17.0491]]],[[[97.0333,17.0417],[97.0492,17.0489],[97.0493,17.0428],[97.0333,17.0417]]],[[[97.05,17.05],[97.0639,17.0563],[97.0672,17.0538],[97.05,17.05]]],[[[97.1335,17.0607],[97.1388,17.0685],[97.1411,17.0593],[97.1335,17.0607]]],[[[97.0736,17.0679],[97.0619,17.0748],[97.0724,17.0847],[97.0736,17.0679]]],[[[97.141,17.0779],[97.1474,17.0837],[97.15,17.075],[97.141,17.0779]]],[[[97.0,17.0833],[97.0318,17.0784],[97.0012,17.0788],[97.0,17.0833]]],[[[96.991,17.0862],[96.9974,17.0921],[97.0,17.0833],[96.991,17.0862]]],[[[97.0972,17.0778],[97.0626,17.1036],[97.0624,17.1055],[97.08,17.1149],[97.0972,17.0778]]],[[[96.7751,17.094],[96.7805,17.1018],[96.7827,17.0926],[96.7751,17.094]]],[[[97.1305,17.0856],[97.1099,17.0937],[97.1295,17.1145],[97.1418,17.108],[97.1305,17.0856]]],[[[97.0429,17.0966],[97.0461,17.109],[97.0461,17.091],[97.0429,17.0966]]],[[[96.9649,17.128],[96.9738,17.0956],[96.9471,17.0679],[96.9272,17.1364],[96.9534,17.12],[96.9649,17.128]],[[96.9555,17.0921],[96.9469,17.1076],[96.9424,17.1063],[96.9555,17.0921]]],[[[97.025,17.1111],[97.0333,17.0967],[97.025,17.0917],[97.025,17.1111]]],[[[97.0006,17.1072],[97.0045,17.1251],[97.0041,17.0999],[97.0006,17.1072]]],[[[96.7744,17.1111],[96.7805,17.1185],[96.7826,17.109],[96.7744,17.1111]]],[[[96.7918,17.1107],[96.7972,17.1185],[96.7994,17.1093],[96.7918,17.1107]]],[[[97.1479,17.122],[97.1417,17.1083],[97.1453,17.1258],[97.1479,17.122]]],[[[97.0362,17.1257],[97.0421,17.1193],[97.0333,17.1167],[97.0362,17.1257]]],[[[97.2175,17.1256],[97.2215,17.1339],[97.225,17.125],[97.2175,17.1256]]],[[[96.9744,17.1278],[96.9805,17.1352],[96.9826,17.1257],[96.9744,17.1278]]],[[[97.175,17.127],[97.1705,17.1383],[97.1827,17.1445],[97.175,17.127]]],[[[97.1501,17.1357],[97.1555,17.1435],[97.1577,17.1343],[97.1501,17.1357]]],[[[97.0418,17.1357],[97.0472,17.1435],[97.0494,17.1343],[97.0418,17.1357]]],[[[96.9917,17.1452],[97.0043,17.15],[97.0083,17.1417],[96.9998,17.1319],[96.9917,17.1452]]],[[[97.0302,17.1408],[97.025,17.1476],[97.0333,17.15],[97.0302,17.1408]]],[[[97.0365,17.1592],[97.0417,17.1524],[97.0333,17.15],[97.0365,17.1592]]],[[[97.0501,17.1523],[97.0555,17.1602],[97.0577,17.151],[97.0501,17.1523]]],[[[97.1668,17.1523],[97.1722,17.1602],[97.1744,17.151],[97.1668,17.1523]]],[[[96.8911,17.1611],[96.8972,17.1685],[96.8992,17.159],[96.8911,17.1611]]],[[[97.0508,17.1718],[97.0439,17.1671],[97.0417,17.175],[97.0508,17.1718]]],[[[97.195,17.1667],[97.1829,17.1745],[97.2,17.175],[97.195,17.1667]]],[[[97.1585,17.169],[97.1638,17.1768],[97.1661,17.1676],[97.1585,17.169]]],[[[97.0342,17.1754],[97.041,17.1828],[97.0417,17.175],[97.0342,17.1754]]],[[[97.0184,17.2097],[97.0292,17.2217],[97.0555,17.1958],[97.0041,17.1606],[96.9851,17.1635],[96.9778,17.1438],[96.945,17.1535],[96.9449,17.1714],[96.9732,17.1874],[96.9933,17.2388],[97.0184,17.2097]],[[96.9846,17.1856],[96.9987,17.1818],[96.9847,17.1906],[96.9846,17.1856]],[[96.966,17.159],[96.9583,17.1667],[96.9588,17.1592],[96.966,17.159]]],[[[97.0718,17.1908],[97.0695,17.1986],[97.075,17.2],[97.0718,17.1908]]],[[[96.975,17.2],[96.9513,17.1964],[96.9729,17.2065],[96.975,17.2]]],[[[96.8418,17.2107],[96.8472,17.2185],[96.8494,17.2093],[96.8418,17.2107]]],[[[97.0088,17.2408],[97.0161,17.234],[97.0083,17.2333],[97.0088,17.2408]]],[[[96.9327,17.2611],[96.9388,17.2685],[96.9409,17.259],[96.9327,17.2611]]],[[[96.7755,17.2751],[96.7796,17.2994],[96.7793,17.2677],[96.7755,17.2751]]],[[[96.9418,17.2857],[96.9472,17.2935],[96.9494,17.2843],[96.9418,17.2857]]],[[[96.9168,17.3107],[96.9222,17.3185],[96.9244,17.3093],[96.9168,17.3107]]],[[[96.9001,17.3107],[96.9055,17.3185],[96.9077,17.3093],[96.9001,17.3107]]],[[[96.8161,17.3195],[96.8222,17.3268],[96.8242,17.3174],[96.8161,17.3195]]],[[[96.7827,17.3195],[96.7888,17.3268],[96.7909,17.3174],[96.7827,17.3195]]],[[[96.7835,17.3523],[96.7888,17.3602],[96.7911,17.351],[96.7835,17.3523]]],[[[96.8096,17.4216],[96.8128,17.434],[96.8128,17.416],[96.8096,17.4216]]],[[[96.7835,17.4357],[96.7888,17.4435],[96.7911,17.4343],[96.7835,17.4357]]],[[[96.8577,17.4445],[96.8638,17.4518],[96.8659,17.4424],[96.8577,17.4445]]],[[[96.8327,17.4528],[96.8388,17.4602],[96.8409,17.4507],[96.8327,17.4528]]],[[[97.1007,17.4721],[97.0943,17.4663],[97.0917,17.475],[97.1007,17.4721]]],[[[96.7444,17.4539],[96.746,17.4818],[96.7814,17.4707],[96.7839,17.5215],[96.813,17.505],[96.8042,17.4526],[96.7738,17.4573],[96.764,17.4416],[96.7444,17.4539]]],[[[96.7759,17.5254],[96.7826,17.5328],[96.7833,17.525],[96.7759,17.5254]]],[[[96.8009,17.5574],[96.8172,17.5538],[96.8,17.55],[96.8009,17.5574]]],[[[96.8327,17.6029],[96.8391,17.6087],[96.8417,17.6],[96.8327,17.6029]]],[[[96.8656,17.6089],[96.8415,17.6246],[96.8714,17.6393],[96.8749,17.6173],[96.8656,17.6089]]],[[[96.8418,17.6324],[96.8173,17.6291],[96.8291,17.641],[96.8418,17.6324]]],[[[96.8885,17.6325],[96.8861,17.6402],[96.8917,17.6417],[96.8885,17.6325]]],[[[96.7831,17.634],[96.784,17.641],[96.794,17.6375],[96.7831,17.634]]],[[[96.8448,17.6425],[96.85,17.6357],[96.8417,17.6333],[96.8448,17.6425]]],[[[96.8572,17.6456],[96.8665,17.6486],[96.8667,17.6417],[96.8572,17.6456]]],[[[96.8333,17.6583],[96.8402,17.6543],[96.8373,17.6488],[96.8333,17.6583]]],[[[96.891,17.6695],[96.8974,17.6754],[96.9,17.6667],[96.891,17.6695]]],[[[96.809,17.6884],[96.8306,17.6612],[96.8036,17.6604],[96.809,17.6884]]],[[[96.8991,17.6897],[96.8948,17.6825],[96.8917,17.6917],[96.8991,17.6897]]],[[[96.7751,17.7357],[96.7805,17.7435],[96.7827,17.7343],[96.7751,17.7357]]],[[[96.8092,17.7587],[96.816,17.7661],[96.8167,17.7583],[96.8092,17.7587]]],[[[96.8154,17.7783],[96.7851,17.7705],[96.7949,17.8053],[96.825,17.8],[96.8154,17.7783]]],[[[96.7827,17.8445],[96.7888,17.8518],[96.7909,17.8424],[96.7827,17.8445]]],[[[96.8077,17.8529],[96.8141,17.8587],[96.8167,17.85],[96.8077,17.8529]]],[[[96.7835,17.8773],[96.7888,17.8852],[96.7911,17.876],[96.7835,17.8773]]],[[[96.8001,17.8857],[96.8055,17.8935],[96.8077,17.8843],[96.8001,17.8857]]],[[[96.8155,17.904],[96.8249,17.907],[96.825,17.9],[96.8155,17.904]]],[[[96.7925,17.9135],[96.7855,17.9088],[96.7833,17.9167],[96.7925,17.9135]]],[[[96.7759,17.9171],[96.7826,17.9245],[96.7833,17.9167],[96.7759,17.9171]]],[[[96.7837,17.9323],[96.7928,17.929],[96.7833,17.925],[96.7837,17.9323]]],[[[96.7759,17.9337],[96.7826,17.9411],[96.7833,17.9333],[96.7759,17.9337]]],[[[96.7835,17.9487],[96.7914,17.9428],[96.7833,17.9417],[96.7835,17.9487]]],[[[97.1993,18.0612],[97.2057,18.0671],[97.2083,18.0583],[97.1993,18.0612]]],[[[97.1448,18.0758],[97.15,18.0691],[97.1417,18.0667],[97.1448,18.0758]]],[[[97.2218,18.1158],[97.2195,18.1236],[97.225,18.125],[97.2218,18.1158]]],[[[96.8174,18.1471],[96.811,18.1413],[96.8083,18.15],[96.8174,18.1471]]],[[[96.7993,18.1529],[96.8057,18.1587],[96.8083,18.15],[96.7993,18.1529]]],[[[96.8159,18.1619],[96.8288,18.1689],[96.8323,18.1597],[96.8159,18.1619]]],[[[96.7911,18.1695],[96.7972,18.1768],[96.7992,18.1674],[96.7911,18.1695]]],[[[96.7825,18.1849],[96.7761,18.1951],[96.78,18.2023],[96.7825,18.1849]]],[[[97.0856,18.2169],[97.0938,18.2242],[97.1007,18.2208],[97.0856,18.2169]]],[[[97.1324,18.2397],[97.1282,18.2325],[97.125,18.2417],[97.1324,18.2397]]],[[[97.1577,18.2445],[97.1641,18.2504],[97.1667,18.2417],[97.1577,18.2445]]],[[[96.9356,18.4502],[96.9438,18.4575],[96.9507,18.4541],[96.9356,18.4502]]],[[[96.9407,18.523],[96.9365,18.5158],[96.9333,18.525],[96.9407,18.523]]],[[[96.9491,18.5564],[96.9448,18.5492],[96.9417,18.5583],[96.9491,18.5564]]],[[[97.2007,18.6397],[97.2083,18.65],[97.2042,18.6327],[97.2007,18.6397]]],[[[96.9161,18.7611],[96.9222,18.7685],[96.9242,18.759],[96.9161,18.7611]]],[[[97.1885,18.7742],[97.1861,18.7819],[97.1917,18.7833],[97.1885,18.7742]]],[[[96.9008,18.8312],[96.9081,18.8394],[96.9042,18.8244],[96.9008,18.8312]]],[[[96.8491,18.8564],[96.8448,18.8492],[96.8417,18.8583],[96.8491,18.8564]]],[[[96.9407,18.8564],[96.9365,18.8492],[96.9333,18.8583],[96.9407,18.8564]]],[[[96.9678,18.8578],[96.9606,18.8502],[96.9583,18.8583],[96.9678,18.8578]]],[[[96.9493,18.8612],[96.9557,18.8671],[96.9583,18.8583],[96.9493,18.8612]]],[[[96.9362,18.9257],[96.9421,18.9193],[96.9333,18.9167],[96.9362,18.9257]]],[[[96.9362,18.9674],[96.9421,18.961],[96.9333,18.9583],[96.9362,18.9674]]],[[[97.0326,18.9911],[97.0285,18.9827],[97.025,18.9917],[97.0326,18.9911]]],[[[97.0158,18.9948],[97.0228,18.9996],[97.025,18.9917],[97.0158,18.9948]]],[[[97.0001,19.0023],[97.0055,19.0102],[97.0077,19.001],[97.0001,19.0023]]],[[[97.016,19.0945],[97.0224,19.1004],[97.025,19.0917],[97.016,19.0945]]],[[[96.9572,19.1089],[96.9644,19.1165],[96.9667,19.1083],[96.9572,19.1089]]],[[[97.0241,19.1397],[97.0198,19.1325],[97.0167,19.1417],[97.0241,19.1397]]],[[[96.966,19.1612],[96.9724,19.1671],[96.975,19.1583],[96.966,19.1612]]],[[[96.9324,19.173],[96.9282,19.1658],[96.925,19.175],[96.9324,19.173]]],[[[97.1085,19.169],[97.1138,19.1768],[97.1161,19.1676],[97.1085,19.169]]],[[[96.9574,19.1814],[96.9532,19.1742],[96.95,19.1833],[96.9574,19.1814]]],[[[96.9052,19.1825],[96.9028,19.1902],[96.9083,19.1917],[96.9052,19.1825]]],[[[97.1827,19.1945],[97.1888,19.2018],[97.1909,19.1924],[97.1827,19.1945]]],[[[96.8835,19.194],[96.8888,19.2018],[96.8911,19.1926],[96.8835,19.194]]],[[[97.0779,19.2257],[97.0838,19.2193],[97.075,19.2167],[97.0779,19.2257]]],[[[97.0077,19.2195],[97.0141,19.2254],[97.0167,19.2167],[97.0077,19.2195]]],[[[97.0661,19.2445],[97.0722,19.2518],[97.0742,19.2424],[97.0661,19.2445]]],[[[97.0111,19.2446],[97.0214,19.2645],[97.0333,19.2333],[97.0293,19.2344],[97.0111,19.2446]]],[[[96.7833,19.2583],[96.7965,19.2747],[96.7989,19.2597],[96.7833,19.2583]]],[[[97.1493,19.2695],[97.1557,19.2754],[97.1583,19.2667],[97.1493,19.2695]]],[[[96.884,19.2888],[96.8776,19.2829],[96.875,19.2917],[96.884,19.2888]]],[[[96.875,19.2917],[96.8679,19.3144],[96.8726,19.3158],[96.875,19.2917]]],[[[96.8782,19.3258],[96.8834,19.3191],[96.875,19.3167],[96.8782,19.3258]]],[[[96.7752,19.3307],[96.7833,19.3197],[96.775,19.3167],[96.7752,19.3307]]],[[[96.784,19.8471],[96.7776,19.8413],[96.775,19.85],[96.784,19.8471]]],[[[96.9175,21.4479],[96.9248,21.4561],[96.9209,21.441],[96.9175,21.4479]]],[[[97.0161,21.4611],[97.0222,21.4685],[97.0242,21.459],[97.0161,21.4611]]],[[[96.9411,21.4695],[96.9472,21.4768],[96.9492,21.4674],[96.9411,21.4695]]],[[[97.1552,21.5158],[97.1515,21.5232],[97.1583,21.525],[97.1552,21.5158]]],[[[97.1885,21.5158],[97.1861,21.5236],[97.1917,21.525],[97.1885,21.5158]]],[[[97.2083,21.5417],[97.2191,21.5407],[97.2251,21.5376],[97.2124,21.525],[97.2083,21.5417]]],[[[96.8666,21.5468],[96.875,21.5417],[96.8655,21.5456],[96.8666,21.5468]]],[[[97.0161,21.7445],[97.0222,21.7518],[97.0242,21.7424],[97.0161,21.7445]]],[[[96.8592,21.7562],[96.8665,21.7644],[96.8625,21.7494],[96.8592,21.7562]]],[[[97.1833,21.8083],[97.1921,21.7996],[97.187,21.7911],[97.1833,21.8083]]],[[[97.0007,21.9388],[96.9943,21.9329],[96.9917,21.9417],[97.0007,21.9388]]],[[[96.9825,21.9448],[96.9893,21.95],[96.9917,21.9417],[96.9825,21.9448]]],[[[97.0658,21.9532],[97.0726,21.9584],[97.075,21.95],[97.0658,21.9532]]],[[[96.9016,22.4422],[96.9159,22.4489],[96.9158,22.4427],[96.9016,22.4422]]],[[[96.9172,22.4595],[96.9248,22.4522],[96.9167,22.45],[96.9172,22.4595]]],[[[96.7768,22.4759],[96.781,22.491],[96.7917,22.475],[96.7768,22.4759]]],[[[96.9263,22.4799],[96.9294,22.4923],[96.9294,22.4743],[96.9263,22.4799]]],[[[96.9385,22.4992],[96.9338,22.5062],[96.9417,22.5083],[96.9385,22.4992]]],[[[96.9445,22.5174],[96.9504,22.511],[96.9417,22.5083],[96.9445,22.5174]]],[[[97.0833,22.625],[97.0974,22.6416],[97.1076,22.6383],[97.0833,22.625]]],[[[97.1085,22.6487],[97.1164,22.6428],[97.1083,22.6417],[97.1085,22.6487]]],[[[97.1195,22.659],[97.1254,22.6526],[97.1167,22.65],[97.1195,22.659]]],[[[97.0052,22.6575],[97.0005,22.6645],[97.0083,22.6667],[97.0052,22.6575]]],[[[97.0089,22.6742],[97.0178,22.6706],[97.0083,22.6667],[97.0089,22.6742]]],[[[97.216,22.6779],[97.2224,22.6837],[97.225,22.675],[97.216,22.6779]]],[[[97.0252,22.7921],[96.9691,22.7389],[97.0058,22.68],[96.9843,22.6757],[96.972,22.7137],[96.9363,22.7302],[96.9528,22.7722],[97.0043,22.8059],[97.0252,22.7921]]],[[[97.0079,22.7562],[97.0032,22.7492],[97.0,22.7583],[97.0079,22.7562]]],[[[97.0345,22.7911],[97.0272,22.7835],[97.025,22.7917],[97.0345,22.7911]]],[[[97.0112,22.8174],[97.0171,22.811],[97.0083,22.8083],[97.0112,22.8174]]],[[[97.0417,22.825],[97.0331,22.8149],[97.0255,22.8217],[97.0417,22.825]]],[[[97.0445,22.834],[97.0504,22.8276],[97.0417,22.825],[97.0445,22.834]]],[[[96.9994,22.9778],[97.0055,22.9852],[97.0076,22.9757],[96.9994,22.9778]]],[[[97.0008,22.9968],[96.9939,22.9921],[96.9917,23.0],[97.0008,22.9968]]],[[[96.9842,23.0004],[96.991,23.0078],[96.9917,23.0],[96.9842,23.0004]]],[[[96.925,23.0167],[96.9319,23.0127],[96.929,23.0072],[96.925,23.0167]]],[[[96.9842,23.0718],[96.9774,23.0667],[96.975,23.075],[96.9842,23.0718]]],[[[96.9676,23.0754],[96.9743,23.0828],[96.975,23.075],[96.9676,23.0754]]],[[[96.9589,23.0849],[96.966,23.0987],[96.9667,23.0833],[96.9589,23.0849]]],[[[96.975,23.1917],[96.9962,23.2144],[97.0142,23.2043],[96.975,23.1917]]],[[[96.8195,23.284],[96.8254,23.2776],[96.8167,23.275],[96.8195,23.284]]],[[[96.9324,23.298],[96.9282,23.2908],[96.925,23.3],[96.9324,23.298]]],[[[97.1508,23.4468],[97.1441,23.4417],[97.1417,23.45],[97.1508,23.4468]]],[[[97.1342,23.4504],[97.141,23.4578],[97.1417,23.45],[97.1342,23.4504]]],[[[97.2106,23.5169],[97.2188,23.5242],[97.2257,23.5208],[97.2106,23.5169]]],[[[97.1739,23.6672],[97.1811,23.6748],[97.1833,23.6667],[97.1739,23.6672]]],[[[97.2115,23.7425],[97.2167,23.7357],[97.2083,23.7333],[97.2115,23.7425]]],[[[97.1253,26.8992],[97.1333,26.8883],[97.125,26.8833],[97.1253,26.8992]]],[[[96.8001,27.1357],[96.8055,27.1435],[96.8077,27.1343],[96.8001,27.1357]]],[[[97.9001,14.6357],[97.9055,14.6435],[97.9077,14.6343],[97.9001,14.6357]]],[[[97.9307,14.7454],[97.9026,14.7875],[97.922,14.7959],[97.9307,14.7454]]],[[[97.7744,15.0195],[97.7805,15.0268],[97.7826,15.0174],[97.7744,15.0195]]],[[[97.7978,15.0585],[97.7905,15.0661],[97.8,15.0667],[97.7978,15.0585]]],[[[97.7342,15.0561],[97.7379,15.0751],[97.7374,15.0499],[97.7342,15.0561]]],[[[97.8013,15.1299],[97.8044,15.1423],[97.8044,15.1243],[97.8013,15.1299]]],[[[97.8083,15.175],[97.791,15.1716],[97.7952,15.1827],[97.8083,15.175]]],[[[97.8655,15.1755],[97.8728,15.1831],[97.875,15.175],[97.8655,15.1755]]],[[[97.7327,15.1945],[97.7388,15.2018],[97.7409,15.1924],[97.7327,15.1945]]],[[[97.841,15.2112],[97.8474,15.2171],[97.85,15.2083],[97.841,15.2112]]],[[[97.8083,15.2968],[97.8167,15.2917],[97.8072,15.2956],[97.8083,15.2968]]],[[[97.7085,15.294],[97.7138,15.3018],[97.7161,15.2926],[97.7085,15.294]]],[[[97.7111,15.7424],[97.7167,15.7583],[97.7224,15.7356],[97.7111,15.7424]]],[[[97.7155,15.8589],[97.7228,15.8665],[97.725,15.8583],[97.7155,15.8589]]],[[[97.6596,15.9133],[97.6628,15.9257],[97.6628,15.9077],[97.6596,15.9133]]],[[[97.6491,15.9397],[97.6448,15.9325],[97.6417,15.9417],[97.6491,15.9397]]],[[[97.6585,15.9357],[97.6638,15.9435],[97.6661,15.9343],[97.6585,15.9357]]],[[[97.5508,16.1802],[97.5439,16.1754],[97.5417,16.1833],[97.5508,16.1802]]],[[[97.5322,16.1839],[97.5394,16.1915],[97.5417,16.1833],[97.5322,16.1839]]],[[[97.6009,16.1978],[97.6045,16.2167],[97.6041,16.1916],[97.6009,16.1978]]],[[[97.6054,16.2521],[97.576,16.3017],[97.5956,16.3311],[97.6054,16.2521]]],[[[97.5052,16.2992],[97.5028,16.3069],[97.5083,16.3083],[97.5052,16.2992]]],[[[97.4327,16.3278],[97.4388,16.3352],[97.4409,16.3257],[97.4327,16.3278]]],[[[97.4595,16.3495],[97.4522,16.3419],[97.45,16.35],[97.4595,16.3495]]],[[[97.4405,16.3505],[97.4478,16.3581],[97.45,16.35],[97.4405,16.3505]]],[[[97.4898,16.5062],[97.6014,16.4911],[97.6088,16.4764],[97.5841,16.4012],[97.5886,16.3614],[97.5527,16.2888],[97.5722,16.2446],[97.5613,16.2179],[97.5069,16.2172],[97.4444,16.3126],[97.5293,16.293],[97.5295,16.3135],[97.5118,16.3098],[97.5001,16.3257],[97.5023,16.3464],[97.5221,16.3466],[97.4945,16.3734],[97.4375,16.3685],[97.4311,16.404],[97.4011,16.4347],[97.4138,16.4371],[97.4188,16.4729],[97.4898,16.5062]],[[97.4583,16.4333],[97.451,16.4413],[97.4503,16.4344],[97.4583,16.4333]],[[97.4665,16.3903],[97.4586,16.3844],[97.4667,16.3833],[97.4665,16.3903]],[[97.5415,16.3403],[97.5336,16.3344],[97.5417,16.3333],[97.5415,16.3403]]],[[[97.6009,16.3895],[97.6045,16.4084],[97.6041,16.3832],[97.6009,16.3895]]],[[[97.6499,16.5968],[97.6273,16.5709],[97.6551,16.5656],[97.6574,16.5393],[97.6292,16.5274],[97.6177,16.6029],[97.6288,16.6143],[97.6499,16.5968]]],[[[97.2468,16.5992],[97.2445,16.6069],[97.25,16.6083],[97.2468,16.5992]]],[[[97.7917,16.6149],[97.8047,16.6165],[97.8079,16.6112],[97.7958,16.6],[97.7917,16.6149]]],[[[97.2323,16.6973],[97.2417,16.7083],[97.2565,16.6871],[97.2454,16.6846],[97.2323,16.6973]]],[[[97.8885,16.9575],[97.8833,16.9643],[97.8917,16.9667],[97.8885,16.9575]]],[[[97.8923,16.9742],[97.9006,16.9702],[97.8917,16.9667],[97.8923,16.9742]]],[[[97.2509,17.1004],[97.2576,17.1078],[97.2583,17.1],[97.2509,17.1004]]],[[[97.2751,17.1357],[97.2805,17.1435],[97.2827,17.1343],[97.2751,17.1357]]],[[[97.8591,17.9589],[97.8627,17.9678],[97.8667,17.9583],[97.8591,17.9589]]],[[[97.8407,18.0647],[97.8365,18.0575],[97.8333,18.0667],[97.8407,18.0647]]],[[[97.3302,18.0825],[97.3278,18.0902],[97.3333,18.0917],[97.3302,18.0825]]],[[[97.3008,18.1635],[97.2939,18.1588],[97.2917,18.1667],[97.3008,18.1635]]],[[[97.2827,18.1695],[97.2891,18.1754],[97.2917,18.1667],[97.2827,18.1695]]],[[[97.2751,18.1857],[97.2805,18.1935],[97.2827,18.1843],[97.2751,18.1857]]],[[[97.8085,18.2107],[97.8138,18.2185],[97.8161,18.2093],[97.8085,18.2107]]],[[[97.7849,18.3171],[97.7956,18.3236],[97.8007,18.3208],[97.7849,18.3171]]],[[[97.3802,18.3408],[97.3778,18.3486],[97.3833,18.35],[97.3802,18.3408]]],[[[97.7835,18.3653],[97.7914,18.3594],[97.7833,18.3583],[97.7835,18.3653]]],[[[97.6074,18.398],[97.6032,18.3908],[97.6,18.4],[97.6074,18.398]]],[[[97.6489,18.4373],[97.6582,18.4403],[97.6583,18.4333],[97.6489,18.4373]]],[[[97.8074,18.4574],[97.8039,18.4411],[97.8,18.4583],[97.8074,18.4574]]],[[[97.6083,18.4667],[97.6185,18.4581],[97.6116,18.4505],[97.6083,18.4667]]],[[[97.791,18.4612],[97.7974,18.4671],[97.8,18.4583],[97.791,18.4612]]],[[[97.6009,18.4671],[97.6076,18.4745],[97.6083,18.4667],[97.6009,18.4671]]],[[[97.2418,18.469],[97.2472,18.4768],[97.2494,18.4676],[97.2418,18.469]]],[[[97.6302,18.4742],[97.625,18.481],[97.6333,18.4833],[97.6302,18.4742]]],[[[97.6365,18.4925],[97.6417,18.4857],[97.6333,18.4833],[97.6365,18.4925]]],[[[97.2468,18.5075],[97.2445,18.5152],[97.25,18.5167],[97.2468,18.5075]]],[[[97.442,18.5157],[97.4512,18.5123],[97.4417,18.5083],[97.442,18.5157]]],[[[97.7506,18.5099],[97.7576,18.5237],[97.7583,18.5083],[97.7506,18.5099]]],[[[97.2244,18.5361],[97.2305,18.5435],[97.2326,18.534],[97.2244,18.5361]]],[[[97.5991,18.5564],[97.5948,18.5492],[97.5917,18.5583],[97.5991,18.5564]]],[[[97.8061,18.5669],[97.7989,18.5745],[97.8083,18.575],[97.8061,18.5669]]],[[[97.6259,18.5671],[97.6326,18.5745],[97.6333,18.5667],[97.6259,18.5671]]],[[[97.619,18.5762],[97.6236,18.5906],[97.625,18.575],[97.619,18.5762]]],[[[97.7327,18.5861],[97.7388,18.5935],[97.7409,18.584],[97.7327,18.5861]]],[[[97.7508,18.6052],[97.7439,18.6005],[97.7417,18.6083],[97.7508,18.6052]]],[[[97.7238,18.5964],[97.7106,18.6137],[97.7288,18.6309],[97.7418,18.6087],[97.7238,18.5964]]],[[[97.8001,18.6273],[97.8055,18.6352],[97.8077,18.626],[97.8001,18.6273]]],[[[97.7335,18.644],[97.7388,18.6518],[97.7411,18.6426],[97.7335,18.644]]],[[[97.7157,18.6564],[97.7115,18.6492],[97.7083,18.6583],[97.7157,18.6564]]],[[[97.4166,18.6718],[97.425,18.6667],[97.4155,18.6706],[97.4166,18.6718]]],[[[97.7446,18.6596],[97.7458,18.6828],[97.7571,18.6621],[97.7446,18.6596]]],[[[97.8001,18.669],[97.8055,18.6768],[97.8077,18.6676],[97.8001,18.669]]],[[[97.734,18.7471],[97.7276,18.7413],[97.725,18.75],[97.734,18.7471]]],[[[97.7176,18.7504],[97.7243,18.7578],[97.725,18.75],[97.7176,18.7504]]],[[[97.7254,18.7658],[97.7331,18.7594],[97.725,18.7583],[97.7254,18.7658]]],[[[97.7362,18.7757],[97.7421,18.7693],[97.7333,18.7667],[97.7362,18.7757]]],[[[97.7,18.7917],[97.7069,18.7877],[97.704,18.7822],[97.7,18.7917]]],[[[97.7748,18.784],[97.7748,18.7911],[97.7857,18.7875],[97.7748,18.784]]],[[[97.7129,18.8081],[97.7247,18.7962],[97.7244,18.7948],[97.7083,18.7917],[97.7129,18.8081]]],[[[97.6993,18.8112],[97.7057,18.8171],[97.7083,18.8083],[97.6993,18.8112]]],[[[97.7167,18.8083],[97.7236,18.8238],[97.7327,18.8115],[97.7167,18.8083]]],[[[97.6759,18.8171],[97.6826,18.8245],[97.6833,18.8167],[97.6759,18.8171]]],[[[97.7077,18.8279],[97.7141,18.8337],[97.7167,18.825],[97.7077,18.8279]]],[[[97.8426,18.8587],[97.8493,18.8661],[97.85,18.8583],[97.8426,18.8587]]],[[[97.7744,18.8778],[97.7805,18.8852],[97.7826,18.8757],[97.7744,18.8778]]],[[[97.8676,18.8837],[97.8743,18.8911],[97.875,18.8833],[97.8676,18.8837]]],[[[97.6362,18.8924],[97.6421,18.886],[97.6333,18.8833],[97.6362,18.8924]]],[[[97.8001,18.8857],[97.8055,18.8935],[97.8077,18.8843],[97.8001,18.8857]]],[[[97.7659,18.8849],[97.7594,18.8951],[97.7633,18.9023],[97.7659,18.8849]]],[[[97.6491,18.9064],[97.6448,18.8992],[97.6417,18.9083],[97.6491,18.9064]]],[[[97.8417,18.9167],[97.8174,18.9123],[97.8384,18.9239],[97.8417,18.9167]]],[[[97.8144,18.9669],[97.8072,18.9745],[97.8167,18.975],[97.8144,18.9669]]],[[[97.5342,18.9671],[97.541,18.9745],[97.5417,18.9667],[97.5342,18.9671]]],[[[97.7514,18.9888],[97.7605,18.9988],[97.7667,19.0],[97.7653,18.9844],[97.7514,18.9888]]],[[[97.7468,18.9992],[97.7445,19.0069],[97.75,19.0083],[97.7468,18.9992]]],[[[97.6676,19.0087],[97.6743,19.0161],[97.675,19.0083],[97.6676,19.0087]]],[[[97.6572,19.0206],[97.6665,19.0236],[97.6667,19.0167],[97.6572,19.0206]]],[[[97.6757,19.0555],[97.6693,19.0496],[97.6667,19.0583],[97.6757,19.0555]]],[[[97.6521,19.0642],[97.6619,19.0744],[97.6745,19.0712],[97.6667,19.0583],[97.6521,19.0642]]],[[[97.618,19.0705],[97.6284,19.0912],[97.6292,19.0595],[97.618,19.0705]]],[[[97.5856,19.0835],[97.5938,19.0909],[97.6007,19.0875],[97.5856,19.0835]]],[[[97.8509,19.1009],[97.8545,19.1172],[97.8583,19.1],[97.8509,19.1009]]],[[[97.8552,19.1242],[97.8528,19.1319],[97.8583,19.1333],[97.8552,19.1242]]],[[[97.3921,19.1491],[97.3997,19.1428],[97.3917,19.1417],[97.3921,19.1491]]],[[[97.6838,19.1908],[97.6914,19.1844],[97.6833,19.1833],[97.6838,19.1908]]],[[[97.6672,19.2012],[97.6748,19.1939],[97.6667,19.1917],[97.6672,19.2012]]],[[[97.4743,19.2112],[97.4807,19.2171],[97.4833,19.2083],[97.4743,19.2112]]],[[[97.6506,19.2595],[97.6581,19.2522],[97.65,19.25],[97.6506,19.2595]]],[[[97.6739,19.2672],[97.6811,19.2748],[97.6833,19.2667],[97.6739,19.2672]]],[[[97.8583,19.2801],[97.8667,19.275],[97.8572,19.279],[97.8583,19.2801]]],[[[97.6335,19.3023],[97.6388,19.3102],[97.6411,19.301],[97.6335,19.3023]]],[[[97.5841,19.3173],[97.5877,19.3262],[97.5917,19.3167],[97.5841,19.3173]]],[[[97.3327,19.3695],[97.3391,19.3754],[97.3417,19.3667],[97.3327,19.3695]]],[[[97.6968,19.3825],[97.6945,19.3902],[97.7,19.3917],[97.6968,19.3825]]],[[[97.6506,19.3905],[97.6581,19.3978],[97.6542,19.3827],[97.6506,19.3905]]],[[[97.7258,19.3896],[97.7331,19.3978],[97.7292,19.3827],[97.7258,19.3896]]],[[[97.8905,19.4123],[97.8999,19.4153],[97.9,19.4083],[97.8905,19.4123]]],[[[97.8756,19.4595],[97.8831,19.4522],[97.875,19.45],[97.8756,19.4595]]],[[[97.8093,19.4657],[97.8255,19.4622],[97.8083,19.4583],[97.8093,19.4657]]],[[[97.5,19.4583],[97.4899,19.4669],[97.4968,19.4746],[97.5,19.4583]]],[[[97.8335,19.469],[97.8388,19.4768],[97.8411,19.4676],[97.8335,19.469]]],[[[97.5493,19.4779],[97.5557,19.4837],[97.5583,19.475],[97.5493,19.4779]]],[[[97.8501,19.4857],[97.8555,19.4935],[97.8577,19.4843],[97.8501,19.4857]]],[[[97.7839,19.5012],[97.7915,19.4939],[97.7833,19.4917],[97.7839,19.5012]]],[[[97.341,19.5029],[97.3474,19.5087],[97.35,19.5],[97.341,19.5029]]],[[[97.566,19.5362],[97.5724,19.5421],[97.575,19.5333],[97.566,19.5362]]],[[[97.7991,19.5564],[97.7948,19.5492],[97.7917,19.5583],[97.7991,19.5564]]],[[[97.7945,19.5757],[97.8004,19.5693],[97.7917,19.5667],[97.7945,19.5757]]],[[[97.7991,19.6564],[97.7948,19.6492],[97.7917,19.6583],[97.7991,19.6564]]],[[[97.7994,19.6695],[97.8055,19.6768],[97.8076,19.6674],[97.7994,19.6695]]],[[[97.7883,19.7],[97.8004,19.7079],[97.8084,19.7041],[97.7883,19.7]]],[[[97.8751,19.7357],[97.8805,19.7435],[97.8827,19.7343],[97.8751,19.7357]]],[[[97.3827,19.7445],[97.3891,19.7504],[97.3917,19.7417],[97.3827,19.7445]]],[[[97.8921,19.7824],[97.8997,19.7761],[97.8917,19.775],[97.8921,19.7824]]],[[[97.7657,19.7897],[97.7615,19.7825],[97.7583,19.7917],[97.7657,19.7897]]],[[[97.9002,19.7903],[97.9081,19.7844],[97.9,19.7833],[97.9002,19.7903]]],[[[97.9112,19.8007],[97.9171,19.7943],[97.9083,19.7917],[97.9112,19.8007]]],[[[97.8688,19.8423],[97.8728,19.8571],[97.883,19.8452],[97.8688,19.8423]]],[[[97.8741,19.8814],[97.8698,19.8742],[97.8667,19.8833],[97.8741,19.8814]]],[[[97.5494,19.8945],[97.5555,19.9018],[97.5576,19.8924],[97.5494,19.8945]]],[[[97.8741,19.9064],[97.8698,19.8992],[97.8667,19.9083],[97.8741,19.9064]]],[[[97.8925,19.9756],[97.896,19.9845],[97.9,19.975],[97.8925,19.9756]]],[[[97.8577,19.9862],[97.8641,19.9921],[97.8667,19.9833],[97.8577,19.9862]]],[[[97.4259,20.1421],[97.4326,20.1495],[97.4333,20.1417],[97.4259,20.1421]]],[[[97.416,20.1529],[97.4224,20.1587],[97.425,20.15],[97.416,20.1529]]],[[[97.3178,21.4995],[97.3106,21.4919],[97.3083,21.5],[97.3178,21.4995]]],[[[97.3061,21.5003],[97.2942,21.5476],[97.311,21.5564],[97.3234,21.5123],[97.3061,21.5003]]],[[[97.3152,21.5899],[97.3115,21.5825],[97.3083,21.5917],[97.3152,21.5899]]],[[[97.3167,21.6583],[97.3123,21.6826],[97.3245,21.6629],[97.3167,21.6583]]],[[[97.3161,21.6945],[97.3222,21.7018],[97.3242,21.6924],[97.3161,21.6945]]],[[[97.3585,21.8857],[97.3638,21.8935],[97.3661,21.8843],[97.3585,21.8857]]],[[[97.3175,22.1006],[97.321,22.1095],[97.325,22.1],[97.3175,22.1006]]],[[[97.3945,22.4757],[97.4004,22.4693],[97.3917,22.4667],[97.3945,22.4757]]],[[[97.3805,22.4826],[97.3746,22.4891],[97.3833,22.4917],[97.3805,22.4826]]],[[[97.3843,22.4991],[97.4005,22.4955],[97.3833,22.4917],[97.3843,22.4991]]],[[[97.5552,22.5492],[97.5515,22.5565],[97.5583,22.5583],[97.5552,22.5492]]],[[[97.9241,22.673],[97.9198,22.6658],[97.9167,22.675],[97.9241,22.673]]],[[[97.2342,22.6718],[97.2272,22.6671],[97.225,22.675],[97.2342,22.6718]]],[[[97.9198,22.6925],[97.925,22.6857],[97.9167,22.6833],[97.9198,22.6925]]],[[[97.2842,22.6921],[97.291,22.6995],[97.2917,22.6917],[97.2842,22.6921]]],[[[97.2743,22.7029],[97.2807,22.7087],[97.2833,22.7],[97.2743,22.7029]]],[[[97.2926,22.7087],[97.2993,22.7161],[97.3,22.7083],[97.2926,22.7087]]],[[[97.2833,22.7218],[97.2917,22.7167],[97.2822,22.7206],[97.2833,22.7218]]],[[[97.2742,22.7994],[97.2702,22.7911],[97.2667,22.8],[97.2742,22.7994]]],[[[97.2779,22.809],[97.2838,22.8026],[97.275,22.8],[97.2779,22.809]]],[[[97.2577,22.8029],[97.2641,22.8087],[97.2667,22.8],[97.2577,22.8029]]],[[[97.2415,22.809],[97.2415,22.8161],[97.2524,22.8125],[97.2415,22.809]]],[[[97.5921,22.8408],[97.5997,22.8344],[97.5917,22.8333],[97.5921,22.8408]]],[[[97.566,22.8362],[97.5724,22.8421],[97.575,22.8333],[97.566,22.8362]]],[[[97.325,22.8583],[97.3134,22.8108],[97.2954,22.8111],[97.3079,22.8273],[97.3026,22.8806],[97.325,22.8583]]],[[[97.6002,22.8487],[97.6081,22.8428],[97.6,22.8417],[97.6002,22.8487]]],[[[97.8758,22.8506],[97.8794,22.8595],[97.8833,22.85],[97.8758,22.8506]]],[[[97.6089,22.8595],[97.6165,22.8522],[97.6083,22.85],[97.6089,22.8595]]],[[[97.3304,22.875],[97.3331,22.8606],[97.3305,22.8586],[97.3284,22.8583],[97.325,22.8583],[97.3304,22.875]]],[[[97.5585,22.8773],[97.5638,22.8852],[97.5661,22.876],[97.5585,22.8773]]],[[[97.3335,22.889],[97.3416,22.8781],[97.3333,22.875],[97.3335,22.889]]],[[[97.3417,22.8917],[97.357,22.8993],[97.358,22.8933],[97.3417,22.8917]]],[[[97.3506,22.9118],[97.3646,22.916],[97.3662,22.903],[97.3583,22.9],[97.3506,22.9118]]],[[[97.3669,22.9307],[97.3748,22.919],[97.3667,22.9167],[97.3669,22.9307]]],[[[97.3679,22.9448],[97.3767,22.9569],[97.3817,22.9569],[97.3803,22.9346],[97.3679,22.9448]]],[[[97.6362,23.034],[97.6421,23.0276],[97.6333,23.025],[97.6362,23.034]]],[[[97.6501,23.0357],[97.6555,23.0435],[97.6577,23.0343],[97.6501,23.0357]]],[[[97.3353,23.0504],[97.3477,23.0581],[97.35,23.05],[97.3353,23.0504]]],[[[97.3242,23.0615],[97.331,23.0667],[97.3333,23.0583],[97.3242,23.0615]]],[[[97.475,23.075],[97.4919,23.0829],[97.5001,23.0792],[97.475,23.075]]],[[[97.6568,23.1149],[97.6532,23.1075],[97.65,23.1167],[97.6568,23.1149]]],[[[97.3668,23.119],[97.3722,23.1268],[97.3744,23.1176],[97.3668,23.119]]],[[[97.8008,23.1802],[97.7941,23.175],[97.7917,23.1833],[97.8008,23.1802]]],[[[97.7731,23.1913],[97.7606,23.1836],[97.7583,23.1917],[97.7731,23.1913]]],[[[97.7856,23.1846],[97.7902,23.1989],[97.7917,23.1833],[97.7856,23.1846]]],[[[97.7509,23.1921],[97.7576,23.1995],[97.7583,23.1917],[97.7509,23.1921]]],[[[97.4083,23.2167],[97.405,23.2334],[97.4164,23.2299],[97.4083,23.2167]]],[[[97.5698,23.2342],[97.575,23.2274],[97.5667,23.225],[97.5698,23.2342]]],[[[97.4167,23.2333],[97.4314,23.2459],[97.4383,23.2724],[97.4473,23.2448],[97.4167,23.2333]]],[[[97.5988,23.2531],[97.5757,23.2456],[97.6,23.2583],[97.5988,23.2531]]],[[[97.4093,23.2426],[97.4128,23.2589],[97.4167,23.2417],[97.4093,23.2426]]],[[[97.6029,23.2674],[97.6088,23.261],[97.6,23.2583],[97.6029,23.2674]]],[[[97.6827,23.2611],[97.6888,23.2685],[97.6909,23.259],[97.6827,23.2611]]],[[[97.6665,23.2673],[97.6673,23.2744],[97.6774,23.2708],[97.6665,23.2673]]],[[[97.4445,23.284],[97.4504,23.2776],[97.4417,23.275],[97.4445,23.284]]],[[[97.4585,23.2857],[97.4638,23.2935],[97.4661,23.2843],[97.4585,23.2857]]],[[[97.6583,23.2917],[97.6524,23.299],[97.6746,23.296],[97.6583,23.2917]]],[[[97.275,23.5667],[97.2808,23.5598],[97.279,23.5572],[97.275,23.5667]]],[[[97.4991,23.6397],[97.4948,23.6325],[97.4917,23.6417],[97.4991,23.6397]]],[[[97.367,23.6407],[97.3762,23.6373],[97.3667,23.6333],[97.367,23.6407]]],[[[97.4919,23.6653],[97.4997,23.6594],[97.4917,23.6583],[97.4919,23.6653]]],[[[97.5029,23.6757],[97.5088,23.6693],[97.5,23.6667],[97.5029,23.6757]]],[[[97.4115,23.7092],[97.4167,23.7024],[97.4083,23.7],[97.4115,23.7092]]],[[[97.3746,23.9562],[97.3698,23.9492],[97.3667,23.9583],[97.3746,23.9562]]],[[[97.3818,23.9732],[97.3782,23.9658],[97.375,23.975],[97.3818,23.9732]]],[[[97.4695,24.1007],[97.4754,24.0943],[97.4667,24.0917],[97.4695,24.1007]]],[[[97.4157,24.1647],[97.4115,24.1575],[97.4083,24.1667],[97.4157,24.1647]]],[[[97.4782,24.2092],[97.4834,24.2024],[97.475,24.2],[97.4782,24.2092]]],[[[97.5324,24.3897],[97.5282,24.3825],[97.525,24.3917],[97.5324,24.3897]]],[[[97.6417,24.4417],[97.6586,24.4496],[97.6668,24.4459],[97.6417,24.4417]]],[[[97.6744,24.4533],[97.6872,24.4606],[97.6906,24.4513],[97.6744,24.4533]]],[[[97.5779,24.5007],[97.5838,24.4943],[97.575,24.4917],[97.5779,24.5007]]],[[[97.4948,24.5092],[97.5,24.5024],[97.4917,24.5],[97.4948,24.5092]]],[[[97.6248,24.734],[97.6256,24.741],[97.6357,24.7375],[97.6248,24.734]]],[[[97.6751,24.9607],[97.6805,24.9685],[97.6827,24.9593],[97.6751,24.9607]]],[[[97.3552,26.5825],[97.3528,26.5902],[97.3583,26.5917],[97.3552,26.5825]]],[[[97.291,27.6779],[97.2974,27.6837],[97.3,27.675],[97.291,27.6779]]],[[[97.9698,17.3258],[97.975,17.3191],[97.9667,17.3167],[97.9698,17.3258]]],[[[97.9885,17.6408],[97.9861,17.6486],[97.9917,17.65],[97.9885,17.6408]]],[[[97.9241,17.773],[97.9198,17.7658],[97.9167,17.775],[97.9241,17.773]]],[[[97.9923,18.0326],[98.0,18.0282],[97.9917,18.025],[97.9923,18.0326]]],[[[97.9751,18.6273],[97.9805,18.6352],[97.9827,18.626],[97.9751,18.6273]]],[[[98.0,18.6673],[97.9937,18.6795],[98.0,18.6875],[98.0,18.6673]]],[[[97.9763,18.7136],[97.9869,18.7244],[97.9995,18.7212],[97.9917,18.7083],[97.9763,18.7136]]],[[[97.9831,18.734],[97.984,18.741],[97.994,18.7375],[97.9831,18.734]]],[[[97.9926,18.8837],[97.9993,18.8911],[98.0,18.8833],[97.9926,18.8837]]],[[[97.9407,19.6907],[97.9372,19.6745],[97.9333,19.6917],[97.9407,19.6907]]],[[[97.9243,19.6945],[97.9307,19.7004],[97.9333,19.6917],[97.9243,19.6945]]],[[[97.9469,19.8742],[97.9445,19.8819],[97.95,19.8833],[97.9469,19.8742]]],[[[98.0,19.8797],[98.0,19.8774],[97.9992,19.8784],[98.0,19.8797]]],[[[97.9911,20.0028],[97.9972,20.0102],[97.9992,20.0007],[97.9911,20.0028]]],[[[97.9327,22.6195],[97.9388,22.6268],[97.9409,22.6174],[97.9327,22.6195]]],[[[97.9561,22.6336],[97.9528,22.6724],[97.9894,22.6792],[97.9974,22.6617],[97.9741,22.6374],[97.9561,22.6336]]],[[[97.9335,22.6607],[97.9388,22.6685],[97.9411,22.6593],[97.9335,22.6607]]],[[[98.0,25.6131],[98.0,25.6107],[97.9992,25.6117],[98.0,25.6131]]],[[[97.9752,26.739],[97.9833,26.7281],[97.975,26.725],[97.9752,26.739]]],[[[97.9862,26.7424],[97.9843,26.7557],[97.9964,26.7659],[98.0,26.75],[97.9862,26.7424]]]]}}