{"type":"Feature","properties":{"speciesId":771,"category":"LC","source":"IUCN Red List","simplifyTol":0.01,"clippedToSubcontinent":true},"geometry":{"type":"MultiPolygon","coordinates":[[[[94.9179,28.9889],[95.0055,28.9456],[94.9524,28.9496],[94.9373,28.9367],[94.9127,28.9642],[94.8968,28.937],[94.8723,28.9489],[94.829,28.9104],[94.8017,28.9137],[94.7861,28.8782],[94.807,28.8597],[94.8219,28.8716],[94.8245,28.8578],[94.8167,28.8333],[94.7937,28.8287],[94.8111,28.8108],[94.8288,28.8387],[94.8568,28.818],[94.8893,28.833],[94.9549,28.8133],[94.9362,28.8041],[94.9467,28.7701],[94.9037,28.7809],[94.8943,28.7702],[94.9554,28.747],[95.0316,28.6729],[95.0607,28.6107],[95.0903,28.586],[95.1047,28.5375],[95.0933,28.5222],[95.1385,28.4625],[95.1182,28.4448],[95.1115,28.4043],[95.1233,28.3868],[95.1127,28.3699],[95.0941,28.3884],[95.0766,28.3362],[95.0801,28.3194],[95.0459,28.3168],[95.0399,28.2783],[95.0217,28.314],[94.9925,28.2934],[95.0113,28.2613],[95.0633,28.2381],[95.036,28.228],[95.0628,28.1684],[95.1304,28.1442],[95.1549,28.1607],[95.1369,28.1708],[95.1545,28.1889],[95.175,28.1764],[95.1969,28.1865],[95.2066,28.2381],[95.1702,28.2449],[95.1891,28.2649],[95.1778,28.2819],[95.1535,28.2786],[95.145,28.3057],[95.1726,28.3034],[95.1865,28.3372],[95.2062,28.3456],[95.2391,28.4323],[95.2546,28.4303],[95.2656,28.3902],[95.2191,28.3476],[95.2097,28.2802],[95.2465,28.2551],[95.2338,28.234],[95.2552,28.2052],[95.2528,28.1778],[95.2695,28.1693],[95.2875,28.1727],[95.3127,28.1499],[95.3465,28.1608],[95.3579,28.1875],[95.3449,28.2055],[95.3615,28.2306],[95.3971,28.194],[95.422,28.2103],[95.4294,28.2557],[95.4512,28.2199],[95.4791,28.2107],[95.5472,28.2515],[95.5448,28.2653],[95.5027,28.2698],[95.5309,28.2887],[95.4779,28.3431],[95.4802,28.3575],[95.4962,28.3635],[95.5447,28.2947],[95.5711,28.2898],[95.5611,28.2777],[95.5763,28.2676],[95.6139,28.2862],[95.6031,28.3124],[95.6211,28.3306],[95.6415,28.3011],[95.6802,28.3235],[95.7562,28.3273],[95.7725,28.3456],[95.7517,28.362],[95.7865,28.3986],[95.7777,28.3695],[95.7987,28.3346],[95.7844,28.325],[95.7988,28.2735],[95.7883,28.2427],[95.769,28.2361],[95.8208,28.1854],[95.8616,28.1985],[95.8528,28.1697],[95.9049,28.1549],[95.8695,28.1383],[95.879,28.1105],[95.8957,28.1214],[95.9295,28.1066],[95.9561,28.0751],[95.9646,28.1138],[96.0054,28.0969],[96.0127,28.0606],[96.0441,28.0979],[96.0695,28.0991],[96.105,28.0797],[96.0941,28.0527],[96.1097,28.0425],[96.1477,28.0941],[96.1548,28.1385],[96.1722,28.1043],[96.1782,28.0259],[96.2292,28.0232],[96.2553,27.9955],[96.2434,27.9795],[96.2446,27.9696],[96.2806,27.9622],[96.2618,27.9356],[96.3138,27.9304],[96.3278,27.9038],[96.3708,27.8863],[96.3969,27.9035],[96.4068,27.9461],[96.3886,27.9803],[96.3099,28.0185],[96.3017,28.0445],[96.4031,27.9858],[96.4381,28.0146],[96.4398,27.982],[96.4189,27.954],[96.4356,27.9203],[96.4464,27.9295],[96.4894,27.8959],[96.4626,27.8859],[96.4304,27.9075],[96.4049,27.8704],[96.3946,27.8804],[96.3682,27.8619],[96.3697,27.843],[96.397,27.8291],[96.3598,27.8198],[96.3819,27.7763],[96.3697,27.7615],[96.4227,27.7193],[96.4122,27.7111],[96.3681,27.7408],[96.3505,27.7307],[96.3576,27.669],[96.3354,27.6477],[96.3352,27.6208],[96.3787,27.5937],[96.4041,27.5977],[96.414,27.5766],[96.4564,27.5709],[96.4647,27.529],[96.4209,27.4931],[96.5394,27.5523],[96.5476,27.5731],[96.5745,27.5743],[96.5525,27.5384],[96.5594,27.5115],[96.5887,27.5137],[96.6191,27.4703],[96.6291,27.4796],[96.7474,27.4281],[96.6411,27.4494],[96.5885,27.443],[96.5566,27.4722],[96.5455,27.4531],[96.5209,27.4747],[96.464,27.4653],[96.4377,27.4358],[96.4373,27.4559],[96.386,27.4446],[96.3944,27.4822],[96.3217,27.4818],[96.3215,27.4349],[96.3011,27.4573],[96.2448,27.4561],[96.2895,27.4052],[96.2526,27.3781],[96.3133,27.3796],[96.3384,27.3625],[96.319,27.3458],[96.3361,27.3276],[96.3879,27.3268],[96.4541,27.3639],[96.4529,27.3363],[96.4848,27.3407],[96.4886,27.3264],[96.2614,27.2763],[96.2214,27.2891],[96.1797,27.2535],[96.1209,27.2362],[96.0779,27.2283],[96.0601,27.2471],[96.0455,27.2196],[96.021,27.2396],[95.9685,27.2126],[95.9888,27.1884],[95.9813,27.1702],[95.9351,27.171],[95.9555,27.1128],[95.8965,27.0694],[95.8861,27.0811],[95.9222,27.1218],[95.9037,27.1567],[95.871,27.1447],[95.8714,27.1644],[95.852,27.1722],[95.8111,27.1466],[95.8287,27.1172],[95.7864,27.1307],[95.7553,27.0781],[95.7352,27.0802],[95.7121,27.0559],[95.7214,27.0459],[95.6886,27.0028],[95.6991,27.0861],[95.6633,27.0765],[95.661,27.0967],[95.6875,27.1313],[95.7393,27.1441],[95.7691,27.1809],[95.8395,27.2107],[95.8562,27.2384],[95.8042,27.2023],[95.7787,27.2063],[95.6773,27.1644],[95.654,27.1197],[95.6224,27.1235],[95.6042,27.1026],[95.5768,27.1223],[95.5601,27.1048],[95.5618,27.0689],[95.6307,27.0708],[95.5612,27.0065],[95.5731,26.9788],[95.4922,26.9827],[95.4351,26.9566],[95.3484,26.7454],[95.2633,26.6609],[95.2515,26.6794],[95.2893,26.719],[95.3154,26.7804],[95.324,26.8865],[95.268,26.9326],[95.1856,26.9144],[95.1667,26.8771],[95.1807,26.7875],[95.1585,26.7524],[95.1972,26.7026],[95.1822,26.6927],[95.1204,26.7068],[95.0857,26.681],[95.0478,26.6106],[94.9198,26.5825],[94.9177,26.4557],[94.9641,26.4545],[94.919,26.4195],[94.9726,26.3789],[94.9587,26.3677],[94.9342,26.3799],[94.9039,26.3268],[94.8775,26.3289],[94.8919,26.3897],[94.8677,26.4317],[94.8833,26.4794],[94.8727,26.5311],[94.8517,26.5491],[94.8117,26.5364],[94.823,26.606],[94.7871,26.6102],[94.7705,26.6309],[94.7533,26.6157],[94.7174,26.5139],[94.7277,26.5023],[94.7523,26.5164],[94.7794,26.5066],[94.7979,26.4608],[94.7778,26.4346],[94.7428,26.4385],[94.6864,26.3737],[94.6992,26.3369],[94.654,26.323],[94.6386,26.2945],[94.6186,26.3055],[94.4775,26.1976],[94.4191,26.0719],[94.4483,26.02],[94.4379,26.0108],[94.3926,26.0304],[94.3849,26.0122],[94.4054,25.9933],[94.3698,25.972],[94.3595,25.9446],[94.3867,25.9201],[94.3977,25.9296],[94.4054,25.9029],[94.3768,25.9042],[94.3826,25.8572],[94.3492,25.8201],[94.3195,25.8388],[94.3312,25.8192],[94.3031,25.7966],[94.2958,25.7602],[94.2851,25.7792],[94.2454,25.6942],[94.2274,25.705],[94.2739,25.7947],[94.231,25.7695],[94.2265,25.7792],[94.2565,25.802],[94.2701,25.8213],[94.2888,25.8112],[94.3139,25.8612],[94.3037,25.8708],[94.3146,25.9212],[94.2781,25.9034],[94.2764,25.9428],[94.2893,25.9372],[94.293,25.9653],[94.3212,25.9356],[94.3489,25.982],[94.3137,26.0055],[94.3007,25.996],[94.2927,26.0277],[94.3195,26.0744],[94.3659,26.0914],[94.3143,26.1477],[94.2781,26.1362],[94.25,26.166],[94.203,26.0982],[94.1941,26.0552],[94.2233,26.0123],[94.1779,26.0322],[94.1619,26.0244],[94.1599,25.9872],[94.1889,25.9542],[94.1514,25.9625],[94.1427,25.9402],[94.1553,25.9026],[94.1112,25.9223],[94.115,25.8887],[94.0864,25.88],[94.08,25.8193],[94.0595,25.8331],[94.0721,25.9315],[94.0473,25.9646],[94.0264,25.9615],[94.0495,25.933],[94.0342,25.8655],[94.0572,25.8469],[94.0373,25.8198],[94.0381,25.8478],[94.0041,25.8482],[93.992,25.817],[94.0214,25.8131],[94.0482,25.7875],[94.0567,25.7119],[94.0203,25.7453],[94.0128,25.7737],[93.9939,25.7713],[93.9958,25.7361],[93.9705,25.7543],[93.9734,25.8033],[93.9526,25.8064],[93.9343,25.7851],[93.9488,25.7349],[93.9385,25.7044],[93.9192,25.7045],[93.8563,25.637],[93.8274,25.6311],[93.8042,25.6034],[93.7859,25.6143],[93.7262,25.5717],[93.6965,25.5199],[93.6662,25.5413],[93.6207,25.5315],[93.5608,25.4725],[93.5632,25.4452],[93.5444,25.4474],[93.4513,25.3799],[93.3958,25.3103],[93.3606,25.3143],[93.3043,25.2692],[93.2703,25.2775],[93.2716,25.2972],[93.2456,25.2896],[93.2718,25.2457],[93.2285,25.2308],[93.2288,25.2029],[92.9866,25.0907],[93.0153,25.0735],[92.9872,25.0109],[93.0738,25.0533],[93.1307,25.1306],[93.1409,25.1075],[93.1175,25.0819],[93.1463,25.0801],[93.1429,25.0426],[93.1973,25.0867],[93.1769,25.112],[93.1785,25.1468],[93.2208,25.0943],[93.2779,25.1567],[93.2969,25.1376],[93.2435,25.1037],[93.2275,25.0623],[93.2442,25.0592],[93.2876,25.0978],[93.3068,25.0877],[93.3369,25.1714],[93.3712,25.2057],[93.3587,25.1607],[93.3745,25.1172],[93.3525,25.0801],[93.3626,25.0766],[93.4054,25.1269],[93.385,25.1465],[93.3957,25.1635],[93.4136,25.1443],[93.4198,25.2043],[93.4351,25.214],[93.4489,25.1919],[93.4294,25.1191],[93.4876,25.1437],[93.5058,25.1813],[93.5724,25.1778],[93.5363,25.2043],[93.5716,25.203],[93.5965,25.2275],[93.5776,25.2632],[93.586,25.2728],[93.6149,25.2292],[93.6496,25.3005],[93.6362,25.3637],[93.6819,25.3973],[93.6701,25.4299],[93.6976,25.4288],[93.7045,25.4555],[93.7227,25.4395],[93.7048,25.3611],[93.7985,25.4631],[93.7972,25.4887],[93.7694,25.4865],[93.7604,25.5047],[93.8195,25.5061],[93.8292,25.4775],[93.8582,25.4905],[93.9226,25.4801],[93.8606,25.4728],[93.8299,25.4363],[93.8102,25.4471],[93.7788,25.3773],[93.7619,25.37],[93.7602,25.3974],[93.7219,25.3447],[93.6953,25.3392],[93.685,25.3054],[93.714,25.2698],[93.6696,25.2806],[93.6588,25.2457],[93.672,25.2281],[93.6355,25.2053],[93.6799,25.1798],[93.6635,25.1619],[93.6194,25.1893],[93.5705,25.1363],[93.537,25.1281],[93.53,25.1472],[93.5206,25.1412],[93.5008,25.0653],[93.5231,25.0635],[93.5472,25.0363],[93.5112,25.0389],[93.5124,24.9944],[93.4848,25.021],[93.4731,24.8986],[93.4441,24.8805],[93.4553,24.8544],[93.436,24.8364],[93.4728,24.8355],[93.5353,24.9709],[93.5775,25.0132],[93.5956,25.0027],[93.6138,25.0194],[93.6447,25.0887],[93.6897,25.1126],[93.6867,25.1466],[93.7425,25.1661],[93.7794,25.1604],[93.8216,25.2063],[93.7891,25.1198],[93.7555,25.1561],[93.7126,25.1312],[93.6003,24.9743],[93.624,24.9167],[93.5938,24.8805],[93.5997,24.8675],[93.6318,24.8953],[93.6518,24.9651],[93.716,24.9829],[93.6783,24.9132],[93.6879,24.9019],[93.6613,24.8875],[93.6733,24.8765],[93.6616,24.8624],[93.6699,24.8026],[93.7414,24.8498],[93.7232,24.81],[93.6852,24.7881],[93.6884,24.6866],[93.631,24.8145],[93.6067,24.8324],[93.5926,24.8101],[93.6143,24.7957],[93.6406,24.7363],[93.6111,24.7185],[93.6274,24.6869],[93.6478,24.6876],[93.6435,24.6639],[93.6615,24.6365],[93.6807,24.6371],[93.6969,24.5778],[93.6799,24.5538],[93.6684,24.562],[93.6714,24.537],[93.6186,24.5036],[93.606,24.4451],[93.5966,24.4632],[93.5773,24.4625],[93.5808,24.4885],[93.5685,24.482],[93.5441,24.4117],[93.5257,24.4407],[93.5417,24.4795],[93.5281,24.5069],[93.5537,24.5105],[93.5624,24.5308],[93.5891,24.5021],[93.6548,24.5593],[93.6574,24.5914],[93.6303,24.6227],[93.6037,24.61],[93.6143,24.654],[93.5977,24.68],[93.578,24.6595],[93.5604,24.6689],[93.5741,24.7531],[93.5259,24.7887],[93.52,24.7761],[93.5642,24.7389],[93.5276,24.6873],[93.556,24.646],[93.5037,24.6559],[93.4834,24.6224],[93.4899,24.6095],[93.5151,24.6182],[93.4947,24.5966],[93.4972,24.569],[93.4565,24.6391],[93.4468,24.6116],[93.4192,24.604],[93.4235,24.5675],[93.4461,24.5983],[93.4634,24.5974],[93.5221,24.4948],[93.4612,24.4719],[93.4722,24.4543],[93.4637,24.4197],[93.4287,24.3975],[93.4308,24.3792],[93.4123,24.3723],[93.3969,24.3365],[93.3605,24.3143],[93.343,24.2526],[93.3791,24.2806],[93.3902,24.2602],[93.3776,24.2364],[93.4113,24.219],[93.431,24.2271],[93.4805,24.3104],[93.478,24.3398],[93.5136,24.3808],[93.4844,24.2816],[93.5,24.2545],[93.5222,24.2461],[93.5044,24.2362],[93.4856,24.2465],[93.4837,24.2021],[93.4943,24.1859],[93.5215,24.1967],[93.5109,24.179],[93.5231,24.161],[93.5567,24.2205],[93.5656,24.2556],[93.5529,24.2956],[93.5724,24.2953],[93.6049,24.3469],[93.5922,24.2625],[93.607,24.2389],[93.5864,24.2382],[93.5695,24.1456],[93.582,24.1248],[93.5606,24.0963],[93.5823,24.0864],[93.5694,24.0612],[93.5822,24.0235],[93.5565,23.9457],[93.5444,23.9537],[93.5667,24.0211],[93.555,24.0807],[93.5279,24.0483],[93.5303,24.0014],[93.5205,23.9861],[93.5112,23.9952],[93.5163,24.0644],[93.5026,24.0874],[93.5313,24.1375],[93.487,24.1644],[93.4801,24.1283],[93.4623,24.1569],[93.4279,24.1386],[93.4185,24.1116],[93.4155,24.1943],[93.3761,24.2246],[93.3528,24.2217],[93.3538,24.2026],[93.3715,24.1958],[93.3535,24.1884],[93.3631,24.1794],[93.3439,24.1462],[93.3627,24.1477],[93.3723,24.128],[93.3445,24.1201],[93.372,24.0933],[93.4156,24.0969],[93.4337,24.0518],[93.4281,24.0355],[93.406,24.0727],[93.3676,24.0681],[93.3525,24.0126],[93.3748,23.9393],[93.3695,23.8428],[93.3447,23.8865],[93.3555,23.9039],[93.3115,24.0046],[93.3128,24.0398],[93.2619,24.006],[93.2352,23.9207],[93.2255,23.9743],[93.2558,24.0626],[93.2378,24.0726],[93.2294,24.0352],[93.1776,24.0376],[93.1768,23.9954],[93.214,23.9206],[93.2053,23.8946],[93.1941,23.9153],[93.1763,23.9072],[93.2061,23.8691],[93.1381,23.8112],[93.0961,23.8812],[93.071,23.8351],[93.0432,23.862],[93.0414,23.8937],[93.0515,24.0015],[93.0744,24.0516],[93.0196,24.0723],[93.0323,23.9917],[93.0178,23.9651],[93.0303,23.9378],[93.0088,23.9006],[93.0327,23.8625],[93.0193,23.8443],[93.0636,23.8137],[93.0889,23.7709],[93.0418,23.7645],[93.0516,23.7446],[93.0824,23.7433],[93.0438,23.721],[93.0602,23.686],[93.0828,23.698],[93.0799,23.6447],[93.0428,23.6682],[93.0441,23.6201],[93.0732,23.6267],[93.0728,23.5783],[93.0467,23.5974],[93.0417,23.5878],[93.0727,23.5644],[93.0721,23.528],[93.0488,23.4949],[93.0268,23.497],[92.9982,23.4676],[93.0107,23.5123],[93.0331,23.5258],[92.993,23.5501],[93.0226,23.5627],[92.9949,23.5875],[93.0235,23.6121],[93.003,23.6291],[93.0223,23.6623],[93.0028,23.6711],[93.0138,23.6971],[92.978,23.7042],[93.0156,23.7196],[92.9977,23.7563],[92.9709,23.7362],[92.9607,23.754],[92.9707,23.7729],[93.0058,23.7785],[92.976,23.7982],[92.9969,23.812],[92.9978,23.8375],[92.9698,23.8459],[92.999,23.861],[92.9527,23.8627],[92.9642,23.8889],[92.9371,23.902],[92.9363,23.9197],[92.964,23.9294],[92.9535,23.9456],[92.9632,23.9551],[92.9453,23.9625],[92.9635,23.9717],[92.9428,23.9899],[92.9557,24.029],[92.9367,24.0204],[92.9297,24.056],[92.9115,24.0448],[92.8948,24.0722],[92.8969,24.0449],[92.8775,24.0197],[92.8857,23.9867],[92.9042,24.0136],[92.9218,23.9888],[92.9113,23.9781],[92.9222,23.9041],[92.9146,23.8622],[92.8782,23.8722],[92.8677,23.8316],[92.9034,23.841],[92.9168,23.8104],[92.91,23.7458],[92.9263,23.7734],[92.9364,23.7279],[92.9565,23.7359],[92.9625,23.7108],[92.9275,23.7116],[92.9567,23.6779],[92.9569,23.6301],[92.9027,23.6303],[92.9318,23.6113],[92.918,23.5749],[92.9303,23.5544],[92.9102,23.5538],[92.8946,23.4925],[92.8602,23.49],[92.8624,23.6395],[92.8349,23.5599],[92.8402,23.5307],[92.8191,23.5208],[92.8053,23.4611],[92.7884,23.4799],[92.7699,23.4756],[92.7469,23.5061],[92.7291,23.4781],[92.715,23.514],[92.7009,23.4928],[92.7102,23.4541],[92.7557,23.4209],[92.7035,23.4309],[92.7029,23.4118],[92.803,23.319],[92.8309,23.3376],[92.803,23.3792],[92.8153,23.3918],[92.803,23.4134],[92.8223,23.4121],[92.8308,23.4379],[92.8114,23.4386],[92.8291,23.4648],[92.857,23.4259],[92.8727,23.4354],[92.8697,23.4639],[92.8857,23.475],[92.8983,23.4699],[92.894,23.4452],[92.9207,23.448],[92.9441,23.419],[92.9723,23.4305],[92.9504,23.3087],[92.9958,23.2606],[93.0103,23.3382],[93.0311,23.3369],[93.0414,23.3588],[93.0111,23.3956],[93.0364,23.4137],[93.0542,23.4024],[93.0814,23.4125],[93.0891,23.4373],[93.0693,23.4541],[93.0986,23.5221],[93.0869,23.5542],[93.1145,23.5878],[93.1307,23.5542],[93.1094,23.5153],[93.1322,23.4901],[93.1108,23.488],[93.0945,23.4615],[93.1134,23.4719],[93.1273,23.442],[93.1459,23.4546],[93.1565,23.4448],[93.1795,23.4719],[93.1888,23.4548],[93.1457,23.4103],[93.1042,23.4149],[93.1046,23.3953],[93.0788,23.3891],[93.073,23.3627],[93.0514,23.3527],[93.0469,23.3028],[93.0182,23.3039],[93.0472,23.2607],[93.08,23.3135],[93.0779,23.2626],[93.0903,23.25],[93.0767,23.2317],[93.088,23.22],[93.0626,23.1948],[93.0129,23.2399],[92.9955,23.2282],[92.9695,23.2488],[92.9521,23.2378],[93.0082,23.1909],[93.0047,23.1772],[92.9689,23.1721],[92.9967,23.1542],[92.9775,23.1459],[92.9771,23.1123],[93.016,23.0998],[93.0049,23.0853],[92.9765,23.0864],[93.0073,23.0266],[92.9849,23.011],[92.9766,22.9619],[93.0125,22.9273],[93.0188,22.9693],[93.031,22.9621],[93.039,22.9861],[93.0199,23.0134],[93.0724,22.9887],[93.0518,22.9695],[93.0514,22.9133],[93.0637,22.8932],[93.0798,22.9052],[93.0964,22.8969],[93.0844,22.8669],[93.0959,22.8351],[93.1308,22.9206],[93.0941,22.9461],[93.1035,22.9717],[93.121,22.9528],[93.1323,22.9732],[93.1114,22.9878],[93.1224,23.0541],[93.1095,23.0765],[93.1247,23.1126],[93.1113,23.1377],[93.1388,23.1138],[93.1356,23.0687],[93.1626,23.06],[93.1572,23.1531],[93.128,23.172],[93.1804,23.252],[93.1695,23.2706],[93.1984,23.2971],[93.2044,23.3559],[93.2308,23.3373],[93.2115,23.3149],[93.2011,23.2598],[93.2236,23.2431],[93.2141,23.1957],[93.1969,23.2308],[93.1838,23.2249],[93.1987,23.1584],[93.1753,23.1024],[93.1947,23.0614],[93.2158,23.063],[93.2607,23.0086],[93.2977,23.0107],[93.3297,23.0525],[93.3664,23.1425],[93.3645,23.1626],[93.3449,23.171],[93.372,23.1785],[93.3822,23.2233],[93.3611,23.296],[93.3709,23.3309],[93.3762,23.2637],[93.3996,23.2159],[93.3861,23.2046],[93.3859,23.162],[93.405,23.1573],[93.4023,23.1292],[93.4328,23.1009],[93.4285,23.0777],[93.4019,23.1141],[93.3594,23.0782],[93.3819,23.0528],[93.3889,23.0041],[93.3752,22.9809],[93.379,22.9108],[93.3588,22.9775],[93.3723,23.0138],[93.3565,23.0475],[93.3297,23.0036],[93.2935,22.9871],[93.3033,22.96],[93.2755,22.9657],[93.2611,22.953],[93.2722,22.9901],[93.2356,22.9966],[93.2265,22.9423],[93.2053,23.0389],[93.1416,23.0312],[93.1688,22.9291],[93.2081,22.9125],[93.1889,22.8946],[93.1446,22.8971],[93.1345,22.86],[93.1438,22.8129],[93.1636,22.7964],[93.1482,22.7386],[93.1283,22.7472],[93.1182,22.7299],[93.1171,22.6923],[93.1441,22.6188],[93.1721,22.6129],[93.1613,22.5539],[93.1719,22.5378],[93.1525,22.5381],[93.1427,22.4999],[93.1723,22.479],[93.1442,22.4768],[93.179,22.4525],[93.1859,22.4795],[93.2058,22.4856],[93.2459,22.6137],[93.2739,22.5247],[93.2524,22.5382],[93.2357,22.4958],[93.2476,22.4627],[93.227,22.4806],[93.1944,22.4387],[93.2217,22.4042],[93.2011,22.3781],[93.201,22.3385],[93.2307,22.3144],[93.2386,22.2795],[93.2178,22.2529],[93.222,22.2207],[93.2048,22.2112],[93.1595,22.2306],[93.1762,22.1949],[93.2034,22.1699],[93.214,22.179],[93.2583,22.0924],[93.272,22.132],[93.2923,22.1087],[93.3381,22.1193],[93.3598,22.2194],[93.3896,22.2467],[93.3898,22.2212],[93.3674,22.2013],[93.3648,22.1209],[93.3299,22.087],[93.2944,22.0884],[93.3157,22.0679],[93.3146,22.0135],[93.2797,22.0733],[93.2434,22.072],[93.2198,22.0535],[93.2225,22.1215],[93.1858,22.1202],[93.1481,22.2121],[93.1281,22.2127],[93.1389,22.2291],[93.1294,22.2472],[93.1542,22.2632],[93.1891,22.261],[93.1818,22.3463],[93.1532,22.3626],[93.1803,22.3699],[93.1743,22.4263],[93.1516,22.4405],[93.136,22.4294],[93.1225,22.4896],[93.102,22.4891],[93.0978,22.5301],[93.073,22.4944],[93.0614,22.5109],[93.0737,22.543],[93.0522,22.5611],[93.0533,22.5799],[93.1015,22.5597],[93.131,22.5885],[93.0938,22.621],[93.0698,22.6946],[93.0893,22.7458],[93.081,22.7798],[93.0709,22.7617],[93.0509,22.7907],[93.0635,22.8126],[93.0567,22.8624],[93.0437,22.8453],[93.0155,22.8967],[92.9767,22.9085],[92.9609,22.9032],[92.9968,22.8283],[92.946,22.856],[92.9272,22.8208],[92.9519,22.7948],[92.972,22.7969],[92.9873,22.7604],[93.0327,22.751],[93.0313,22.7287],[93.0201,22.7384],[92.9958,22.7115],[92.9564,22.764],[92.944,22.7376],[92.9887,22.6788],[92.9722,22.653],[92.9531,22.6723],[92.9514,22.6542],[93.008,22.5744],[92.9933,22.5513],[93.0046,22.5368],[92.9753,22.5244],[92.9986,22.4971],[92.9691,22.4863],[93.0241,22.4346],[92.9695,22.4199],[93.0058,22.4062],[93.0335,22.3392],[93.0211,22.3268],[92.9766,22.3626],[92.9971,22.321],[92.9679,22.2987],[93.0069,22.1914],[92.9779,22.1945],[92.9817,22.238],[92.9523,22.255],[92.9509,22.1486],[92.9665,22.174],[93.0055,22.1456],[92.992,22.1144],[92.9917,22.0146],[93.0138,21.9604],[93.0198,22.029],[93.0475,22.0713],[93.047,22.1065],[93.0185,22.1319],[93.0301,22.1792],[93.0197,22.1889],[93.029,22.2062],[93.0638,22.2114],[93.0446,22.237],[93.0725,22.2968],[93.0611,22.2294],[93.0744,22.2071],[93.0526,22.1873],[93.0621,22.1525],[93.0815,22.1514],[93.0697,22.1181],[93.0789,22.1029],[93.0867,22.1221],[93.1042,22.115],[93.1384,22.0626],[93.1208,22.0282],[93.1092,22.0516],[93.1028,21.9875],[93.1221,21.9711],[93.1007,21.9678],[93.114,21.9306],[93.1007,21.916],[93.1028,21.8707],[93.1151,21.8718],[93.1203,21.9226],[93.1634,21.9385],[93.1501,21.9124],[93.1572,21.8635],[93.1276,21.838],[93.137,21.8024],[93.1706,21.7681],[93.1601,21.8029],[93.1893,21.8372],[93.1781,21.8789],[93.2145,21.9298],[93.2004,21.8541],[93.2137,21.8127],[93.192,21.7839],[93.2136,21.7802],[93.2115,21.7601],[93.2304,21.7539],[93.2349,21.7204],[93.2553,21.7039],[93.2617,21.6276],[93.2604,21.6597],[93.2739,21.6668],[93.2609,21.6887],[93.2818,21.7141],[93.2832,21.7479],[93.2694,21.8043],[93.2819,21.8349],[93.2679,21.8514],[93.2806,21.8537],[93.2943,21.9541],[93.347,21.9208],[93.3025,21.8972],[93.3217,21.8872],[93.3115,21.8701],[93.3391,21.8206],[93.3098,21.7949],[93.3087,21.7025],[93.3237,21.6817],[93.3117,21.6373],[93.3213,21.6292],[93.3029,21.6198],[93.3737,21.6129],[93.343,21.668],[93.3514,21.7679],[93.3878,21.8058],[93.3763,21.7069],[93.3975,21.6876],[93.3691,21.6695],[93.3963,21.6545],[93.3951,21.6362],[93.4134,21.6548],[93.4323,21.6064],[93.4212,21.5942],[93.3874,21.6062],[93.3622,21.5528],[93.3263,21.5791],[93.3196,21.5619],[93.339,21.5459],[93.3196,21.522],[93.33,21.4794],[93.3195,21.4695],[93.3406,21.4498],[93.3189,21.4463],[93.3167,21.4296],[93.3607,21.3038],[93.3732,21.305],[93.371,21.3305],[93.3987,21.3111],[93.4036,21.2106],[93.4208,21.2214],[93.4297,21.2027],[93.4501,21.2124],[93.4403,21.2944],[93.4109,21.3292],[93.4321,21.3485],[93.4031,21.3964],[93.4225,21.4038],[93.4034,21.4208],[93.4208,21.4479],[93.4825,21.243],[93.4766,21.1803],[93.5068,21.1543],[93.5076,21.2179],[93.4862,21.2708],[93.4988,21.2931],[93.4838,21.3412],[93.5001,21.3814],[93.4752,21.4527],[93.4857,21.4832],[93.5472,21.3968],[93.5173,21.3765],[93.5264,21.3041],[93.5706,21.3141],[93.5803,21.2946],[93.5534,21.2759],[93.5876,21.2438],[93.6049,21.2546],[93.6483,21.2126],[93.613,21.2116],[93.5361,21.2469],[93.5549,21.2054],[93.5435,21.1888],[93.5634,21.1788],[93.5529,21.1599],[93.5876,21.1647],[93.6142,21.1217],[93.5701,21.1388],[93.5353,21.121],[93.5437,21.0876],[93.5955,21.0519],[93.6207,21.0555],[93.639,21.0095],[93.6711,21.0187],[93.6818,21.0432],[93.6888,21.0043],[93.6446,20.9884],[93.6469,20.9359],[93.6135,21.0072],[93.5691,21.0192],[93.5498,21.0408],[93.5447,21.0118],[93.5805,20.97],[93.563,20.9367],[93.546,20.9361],[93.5475,20.9644],[93.5119,20.9903],[93.5004,20.9748],[93.507,20.9318],[93.4954,20.934],[93.4751,21.0108],[93.4793,21.0223],[93.4973,21.0015],[93.5152,21.0119],[93.5068,21.0806],[93.4797,21.0452],[93.4518,21.0458],[93.455,20.9782],[93.4311,21.0297],[93.4193,21.0284],[93.4363,20.9362],[93.4627,20.9637],[93.4739,20.9449],[93.4617,20.8772],[93.5069,20.8985],[93.5232,20.8864],[93.5561,20.9163],[93.5717,20.8611],[93.5884,20.8867],[93.5788,20.8966],[93.6053,20.9222],[93.6307,20.8875],[93.6202,20.8521],[93.6399,20.8618],[93.6469,20.9056],[93.6805,20.8789],[93.6685,20.8205],[93.6961,20.8182],[93.7128,20.8385],[93.7233,20.7985],[93.6863,20.7973],[93.6903,20.7637],[93.6723,20.7523],[93.6543,20.7811],[93.596,20.7902],[93.6132,20.7542],[93.5934,20.7258],[93.5532,20.7808],[93.5636,20.7455],[93.5479,20.7122],[93.5034,20.731],[93.5103,20.7107],[93.548,20.6996],[93.5735,20.7238],[93.6133,20.7132],[93.6235,20.6636],[93.5939,20.6545],[93.6125,20.6194],[93.6203,20.6376],[93.6395,20.6375],[93.6475,20.6817],[93.6808,20.6533],[93.6529,20.7031],[93.681,20.7121],[93.6636,20.7401],[93.6887,20.7474],[93.7291,20.6688],[93.7278,20.7474],[93.7544,20.7108],[93.7722,20.7315],[93.7893,20.7204],[93.8054,20.7473],[93.8031,20.7184],[93.8229,20.7042],[93.7874,20.6862],[93.7689,20.6966],[93.7676,20.6636],[93.7833,20.6425],[93.7973,20.6738],[93.8304,20.6656],[93.8198,20.6115],[93.8487,20.5749],[93.8053,20.5768],[93.7879,20.5978],[93.7791,20.5695],[93.7444,20.5887],[93.7608,20.5536],[93.782,20.5529],[93.7437,20.537],[93.7804,20.5139],[93.7586,20.4976],[93.7815,20.4779],[93.7773,20.4542],[93.8053,20.4193],[93.7928,20.4916],[93.8071,20.5578],[93.8237,20.5552],[93.8351,20.528],[93.8639,20.5291],[93.8343,20.5],[93.8612,20.452],[93.8517,20.505],[93.8665,20.5155],[93.8801,20.5032],[93.8957,20.5319],[93.913,20.5301],[93.9139,20.5098],[93.9631,20.4968],[93.944,20.462],[93.9805,20.4615],[93.9518,20.4123],[93.9946,20.4322],[94.0055,20.413],[93.9861,20.3863],[94.0393,20.3794],[94.002,20.3374],[94.0023,20.3024],[94.0221,20.2777],[94.0111,20.3305],[94.0467,20.3274],[94.0452,20.3552],[94.0712,20.3397],[94.0693,20.3121],[94.0886,20.3137],[94.1051,20.2704],[94.0946,20.2517],[94.1242,20.241],[94.1029,20.2115],[94.1638,20.1384],[94.1278,20.1354],[94.1476,20.1208],[94.1448,20.1031],[94.2055,20.0805],[94.1599,20.0291],[94.1875,20.0498],[94.2223,20.0303],[94.203,20.0115],[94.2318,19.987],[94.2029,19.9697],[94.2308,19.9714],[94.2281,19.9532],[94.2459,19.9561],[94.256,19.9394],[94.2531,19.9197],[94.2799,19.9132],[94.2703,19.8941],[94.2981,19.8944],[94.2969,19.8446],[94.2705,19.8391],[94.276,19.8264],[94.2438,19.8279],[94.2903,19.8028],[94.339,19.6637],[94.3516,19.5706],[94.3643,19.5957],[94.3508,19.6329],[94.3634,19.6469],[94.3451,19.6532],[94.3554,19.6636],[94.3386,19.7217],[94.3192,19.7357],[94.3232,19.763],[94.3006,19.7927],[94.3038,19.8049],[94.3228,19.7958],[94.3291,19.8304],[94.3366,19.8014],[94.3641,19.7873],[94.3438,19.7438],[94.3581,19.7345],[94.3719,19.7463],[94.3803,19.7309],[94.3682,19.6876],[94.3963,19.7138],[94.423,19.6943],[94.3861,19.6647],[94.4151,19.6598],[94.3932,19.6293],[94.4494,19.6429],[94.4473,19.6199],[94.4036,19.6058],[94.403,19.5777],[94.4294,19.598],[94.428,19.5697],[94.4637,19.5639],[94.4365,19.5383],[94.4453,19.5193],[94.485,19.5322],[94.495,19.4945],[94.5293,19.5021],[94.532,19.5528],[94.5008,19.5683],[94.5308,19.5888],[94.5116,19.6044],[94.5137,19.6397],[94.4849,19.6555],[94.4985,19.6777],[94.478,19.6884],[94.4972,19.7041],[94.4701,19.7292],[94.4821,19.7565],[94.4734,19.7954],[94.4291,19.7867],[94.4125,19.8146],[94.3862,19.8115],[94.3696,19.828],[94.3917,19.8405],[94.429,19.8277],[94.4455,19.8474],[94.4692,19.8258],[94.4651,19.8621],[94.4528,19.8529],[94.4369,19.8686],[94.4475,19.8888],[94.4307,19.9142],[94.413,19.8936],[94.3857,19.8976],[94.3611,19.8682],[94.3286,19.8782],[94.3474,19.8946],[94.3368,19.9216],[94.3749,19.9097],[94.3807,19.9224],[94.4062,19.9207],[94.397,19.9717],[94.3701,19.9705],[94.3542,19.9893],[94.3283,19.9699],[94.3263,19.994],[94.3477,20.02],[94.3382,20.0309],[94.2932,20.0123],[94.3071,19.982],[94.2862,19.9443],[94.2726,19.9894],[94.2449,20.0029],[94.2262,20.0642],[94.2288,20.0802],[94.2707,20.0441],[94.287,20.072],[94.3043,20.0519],[94.3157,20.0749],[94.3029,20.1041],[94.3297,20.1025],[94.3393,20.1297],[94.2885,20.1404],[94.2601,20.1202],[94.2448,20.1444],[94.2555,20.1543],[94.2455,20.198],[94.2114,20.1548],[94.2132,20.1283],[94.1856,20.1473],[94.1985,20.1667],[94.1867,20.1805],[94.2053,20.1959],[94.1866,20.205],[94.2073,20.2181],[94.1855,20.2634],[94.2306,20.2263],[94.2792,20.2277],[94.2811,20.2795],[94.2542,20.2609],[94.2287,20.2867],[94.2403,20.3015],[94.2114,20.3616],[94.2195,20.3821],[94.1934,20.3788],[94.1971,20.3529],[94.1876,20.3356],[94.1693,20.338],[94.1625,20.2936],[94.1484,20.3306],[94.1028,20.3207],[94.1281,20.3722],[94.1575,20.3749],[94.1382,20.3969],[94.1201,20.3953],[94.1236,20.4221],[94.0765,20.422],[94.1243,20.4583],[94.0954,20.4615],[94.1065,20.4873],[94.0529,20.5199],[94.0792,20.5109],[94.1157,20.5235],[94.0858,20.5377],[94.1146,20.5715],[94.0869,20.5617],[94.0874,20.5892],[94.0619,20.5696],[94.0526,20.5776],[94.0536,20.5975],[94.0809,20.611],[94.0677,20.6168],[94.0886,20.6366],[94.0705,20.6459],[94.0797,20.6561],[94.0304,20.6658],[94.0291,20.6277],[93.9932,20.6626],[94.0122,20.536],[93.9899,20.6122],[93.9711,20.6027],[93.9726,20.6311],[93.9535,20.6291],[93.9464,20.6471],[93.9384,20.595],[93.928,20.6225],[93.8763,20.582],[93.87,20.6046],[93.8889,20.6109],[93.9156,20.6318],[93.8874,20.6725],[93.9263,20.6505],[93.9518,20.6796],[93.9695,20.6683],[93.9965,20.6942],[93.9889,20.7148],[94.0358,20.7004],[94.0721,20.7097],[94.0721,20.722],[94.0362,20.7209],[94.0541,20.7485],[94.011,20.7459],[94.057,20.7874],[93.9795,20.765],[93.9678,20.7338],[93.9446,20.7375],[93.9549,20.7641],[93.8943,20.753],[93.8937,20.7723],[93.9558,20.7881],[93.9112,20.8151],[93.8709,20.8097],[93.8906,20.8264],[93.8707,20.875],[93.8273,20.8969],[93.8285,20.8444],[93.8036,20.8709],[93.813,20.8824],[93.7781,20.9043],[93.8051,20.9029],[93.8153,20.9204],[93.815,20.9454],[93.7942,20.9531],[93.8031,20.9716],[93.8331,20.9518],[93.8149,21.0212],[93.7948,21.0378],[93.7832,21.1398],[93.7957,21.1644],[93.8012,21.0972],[93.8719,20.9454],[93.8684,20.9128],[93.8964,20.9132],[93.9128,20.8517],[93.9615,20.8277],[93.9788,20.8386],[94.0137,20.8027],[94.0234,20.8463],[93.9862,20.8708],[93.9936,20.9352],[94.0204,20.884],[94.0464,20.8772],[94.0332,20.938],[94.0373,20.9551],[94.0493,20.9404],[94.0346,20.9902],[94.0488,21.0101],[93.9943,21.0216],[94.0311,21.0287],[94.0055,21.0566],[94.0501,21.0341],[94.0737,21.0537],[94.069,21.0861],[94.0905,21.0916],[94.0784,21.1132],[94.1058,21.1126],[94.087,21.13],[94.1156,21.1306],[94.0776,21.1626],[94.1146,21.1707],[94.1032,21.1873],[94.1157,21.2417],[94.0448,21.2536],[94.0741,21.275],[94.0479,21.3294],[93.9942,21.3295],[94.0022,21.3474],[94.0234,21.3462],[94.031,21.3881],[93.9528,21.3957],[93.9888,21.403],[93.9903,21.4403],[94.0117,21.4113],[94.0402,21.4128],[94.0282,21.454],[94.0468,21.4626],[94.0283,21.471],[94.0644,21.4703],[94.0447,21.4877],[94.0569,21.5152],[94.0452,21.5293],[94.0628,21.5358],[94.0644,21.5543],[94.0551,21.572],[94.0114,21.5781],[94.0049,21.6056],[93.9782,21.5868],[93.972,21.6304],[93.9517,21.6211],[93.9556,21.6471],[93.9365,21.6629],[93.9728,21.6534],[93.9612,21.671],[93.9723,21.6955],[93.9517,21.7206],[93.9642,21.7306],[93.9401,21.7793],[93.9214,21.7534],[93.9031,21.7528],[93.9235,21.7957],[93.8877,21.7943],[93.9064,21.8125],[93.8751,21.824],[93.8299,21.7703],[93.8113,21.789],[93.7963,21.7533],[93.7946,21.799],[93.7692,21.7979],[93.7516,21.7693],[93.7417,21.7873],[93.752,21.8061],[93.8043,21.8222],[93.8235,21.8113],[93.8205,21.8297],[93.8402,21.8389],[93.8479,21.871],[93.8196,21.8794],[93.8317,21.9457],[93.776,21.9387],[93.7537,21.8776],[93.7556,21.9474],[93.6857,21.9457],[93.7797,21.9605],[93.7695,21.997],[93.8051,21.9862],[93.8043,22.0137],[93.8401,22.0043],[93.8244,22.0717],[93.7874,22.045],[93.7682,22.0707],[93.7973,22.078],[93.8055,22.1055],[93.7862,22.095],[93.7726,22.1227],[93.7431,22.1236],[93.7734,22.1405],[93.8053,22.1278],[93.8145,22.1547],[93.7779,22.1532],[93.75,22.1738],[93.7216,22.1527],[93.7109,22.1619],[93.7308,22.178],[93.72,22.205],[93.748,22.1917],[93.789,22.2033],[93.7446,22.2209],[93.7889,22.2281],[93.7682,22.239],[93.7698,22.2717],[93.7955,22.2435],[93.8134,22.2547],[93.8208,22.2194],[93.8666,22.2711],[93.8568,22.2887],[93.8386,22.2766],[93.8265,22.2953],[93.8457,22.3236],[93.8026,22.3126],[93.7947,22.3371],[93.8153,22.3529],[93.7893,22.3727],[93.7625,22.3612],[93.6942,22.3789],[93.7972,22.3973],[93.8386,22.3696],[93.84,22.4241],[93.861,22.3951],[93.881,22.3951],[93.8737,22.4611],[93.8432,22.4764],[93.872,22.4865],[93.8709,22.5389],[93.9008,22.4867],[93.9129,22.505],[93.9308,22.4952],[93.9313,22.529],[93.9121,22.5286],[93.905,22.5571],[93.878,22.5713],[93.898,22.5796],[93.9107,22.6215],[93.9232,22.6128],[93.9285,22.6718],[93.956,22.6541],[93.9482,22.7212],[93.9216,22.7575],[93.9024,22.7564],[93.8951,22.7032],[93.8802,22.7718],[93.8405,22.791],[93.8464,22.7701],[93.7939,22.7378],[93.8196,22.7193],[93.8563,22.7194],[93.8655,22.6497],[93.8525,22.6283],[93.8365,22.6629],[93.847,22.6906],[93.788,22.7017],[93.7531,22.7531],[93.8051,22.7727],[93.7875,22.7889],[93.7189,22.7876],[93.7656,22.8155],[93.8336,22.8095],[93.8391,22.8218],[93.7677,22.8658],[93.7293,22.8529],[93.7304,22.8804],[93.6866,22.8867],[93.7405,22.928],[93.6789,22.9471],[93.6609,22.9368],[93.6393,23.0064],[93.6029,22.9789],[93.6417,23.0621],[93.6312,23.1394],[93.5947,23.1542],[93.6239,23.1668],[93.622,23.2064],[93.595,23.2208],[93.6137,23.2293],[93.6074,23.3096],[93.5778,23.3214],[93.6078,23.3323],[93.5952,23.3626],[93.6139,23.4207],[93.6017,23.4371],[93.6726,23.4778],[93.6529,23.5887],[93.6802,23.5876],[93.6829,23.4671],[93.6726,23.4367],[93.653,23.4475],[93.6358,23.4311],[93.6171,23.3375],[93.649,23.2262],[93.6509,23.1155],[93.672,23.0541],[93.6611,23.0031],[93.6713,22.9766],[93.7098,22.9901],[93.7262,22.9532],[93.7548,22.9548],[93.7669,22.923],[93.7445,22.9047],[93.7533,22.8931],[93.7742,22.8867],[93.7993,22.9298],[93.8035,22.894],[93.8381,22.8966],[93.837,22.8776],[93.9053,22.803],[93.9229,22.8129],[93.9258,22.8377],[93.9478,22.8452],[93.9096,22.8707],[93.9112,22.8886],[93.9393,22.8972],[93.9106,22.9124],[93.9138,22.9469],[93.8777,22.9545],[93.8967,22.9698],[93.8856,22.9895],[93.9038,23.0057],[93.9114,22.9699],[93.9464,22.9438],[93.9283,22.9967],[93.9807,22.994],[93.9914,23.0141],[93.978,23.0377],[93.9883,23.0559],[93.9544,23.0607],[93.94,23.0824],[93.9119,23.053],[93.8976,23.1298],[93.8541,23.1197],[93.844,23.136],[93.8893,23.1542],[93.8522,23.1609],[93.8442,23.1791],[93.8799,23.1692],[93.8616,23.1965],[93.8979,23.2043],[93.8795,23.2389],[93.8536,23.2453],[93.845,23.2801],[93.8907,23.2614],[93.9061,23.279],[93.8862,23.3118],[93.8952,23.3221],[93.9678,23.2532],[93.9752,23.2623],[93.9558,23.3048],[93.9178,23.3234],[93.9479,23.3799],[93.9207,23.3695],[93.9007,23.3913],[93.8872,23.3615],[93.8447,23.3609],[93.8825,23.41],[93.8544,23.403],[93.8368,23.4215],[93.8707,23.4413],[93.9319,23.4194],[93.9403,23.436],[93.8952,23.4702],[93.9031,23.4876],[93.9399,23.4677],[93.9654,23.4818],[93.9644,23.5385],[93.9256,23.5175],[93.9221,23.5468],[93.9092,23.5496],[93.8793,23.5277],[93.8695,23.5793],[93.9542,23.5682],[93.9107,23.6108],[93.9034,23.647],[93.9292,23.6189],[93.9539,23.6303],[93.9626,23.602],[93.9889,23.6134],[94.005,23.5948],[94.0114,23.6133],[94.0485,23.6288],[94.0361,23.672],[94.0698,23.6883],[94.0818,23.678],[94.0915,23.6937],[94.0804,23.7303],[94.036,23.7547],[94.0645,23.7619],[94.0723,23.7888],[94.0288,23.7934],[94.0097,23.8154],[93.9889,23.8023],[93.9805,23.8224],[93.9619,23.8118],[93.9433,23.8532],[94.0633,23.8267],[94.0726,23.864],[94.0283,23.87],[94.0353,23.9044],[94.0683,23.8927],[94.1137,23.9114],[94.1017,23.9234],[94.1054,23.9723],[94.0787,23.9599],[94.0613,23.9906],[94.0036,24.0034],[94.0223,24.0137],[94.0023,24.0292],[94.0031,24.0544],[94.0279,24.0277],[94.0564,24.0379],[94.0778,24.0107],[94.0817,24.0321],[94.113,24.0192],[94.1215,24.0392],[94.1037,24.0364],[94.0959,24.0563],[94.0532,24.0712],[94.0738,24.0908],[94.1135,24.0864],[94.121,24.108],[94.1327,24.0997],[94.128,24.0694],[94.1555,24.078],[94.1281,24.1282],[94.1314,24.1537],[94.1184,24.1573],[94.1278,24.172],[94.1976,24.1534],[94.1977,24.1966],[94.1727,24.1931],[94.1694,24.2058],[94.147,24.1848],[94.1323,24.2217],[94.0947,24.2377],[94.1372,24.2551],[94.1629,24.2439],[94.1537,24.254],[94.1717,24.2617],[94.1693,24.281],[94.1893,24.2878],[94.17,24.3293],[94.1976,24.353],[94.1786,24.3817],[94.2218,24.3716],[94.2312,24.3534],[94.2195,24.4138],[94.297,24.4028],[94.3022,24.4559],[94.3479,24.4944],[94.3453,24.5055],[94.2745,24.4514],[94.2745,24.4881],[94.2283,24.4866],[94.3226,24.511],[94.313,24.5479],[94.2858,24.5377],[94.2822,24.5804],[94.2513,24.5654],[94.245,24.5881],[94.2744,24.6074],[94.2685,24.6461],[94.302,24.5946],[94.3794,24.5695],[94.3891,24.5861],[94.3888,24.6135],[94.3628,24.6113],[94.3553,24.6388],[94.3347,24.6261],[94.3193,24.6363],[94.3653,24.6629],[94.3194,24.6699],[94.3214,24.6893],[94.2867,24.7036],[94.3222,24.7133],[94.3051,24.7386],[94.2761,24.7386],[94.2726,24.7709],[94.2525,24.7873],[94.2734,24.7878],[94.2745,24.8244],[94.2533,24.8375],[94.2894,24.8802],[94.3024,24.7604],[94.3148,24.7526],[94.3374,24.781],[94.3275,24.736],[94.3471,24.7288],[94.3518,24.6962],[94.4123,24.6764],[94.3781,24.73],[94.4293,24.7024],[94.4201,24.7299],[94.4519,24.7264],[94.4583,24.7393],[94.4097,24.7624],[94.4125,24.7804],[94.4396,24.7702],[94.4417,24.789],[94.4105,24.8111],[94.4125,24.8223],[94.4311,24.8127],[94.3961,24.8574],[94.37,24.8708],[94.3885,24.8783],[94.3777,24.9045],[94.3883,24.9223],[94.4342,24.8283],[94.4701,24.8556],[94.4797,24.8484],[94.4588,24.8154],[94.4885,24.7958],[94.4608,24.7795],[94.4881,24.7715],[94.4863,24.7352],[94.5131,24.7188],[94.5199,24.805],[94.5542,24.7941],[94.598,24.8046],[94.5528,24.8372],[94.5795,24.8441],[94.5705,24.8549],[94.5972,24.8699],[94.5607,24.8879],[94.5978,24.9021],[94.5888,24.9466],[94.5344,24.9698],[94.5205,25.0153],[94.5302,25.0209],[94.5458,24.977],[94.5983,24.9695],[94.63,24.8528],[94.6476,24.8794],[94.6361,24.9459],[94.6476,24.9793],[94.6277,25.0051],[94.6877,25.019],[94.6869,25.0562],[94.7043,25.045],[94.7141,25.055],[94.7221,25.0452],[94.6699,24.953],[94.6945,24.8945],[94.7405,24.9032],[94.7535,24.9465],[94.7972,24.9531],[94.7781,24.982],[94.8223,25.012],[94.8204,25.0312],[94.8639,25.0702],[94.8098,25.0626],[94.8354,25.0964],[94.8726,25.1026],[94.82,25.1478],[94.8373,25.1635],[94.8805,25.1273],[94.8961,25.1556],[94.9466,25.1857],[94.9281,25.1971],[94.9368,25.2214],[94.9723,25.2366],[94.9528,25.2615],[94.9594,25.2779],[94.9792,25.2967],[94.9867,25.2779],[94.9983,25.2847],[95.0084,25.3103],[94.9952,25.3316],[95.0415,25.3589],[95.0313,25.3812],[94.989,25.3849],[94.9779,25.4058],[94.9276,25.388],[94.9049,25.3619],[94.8967,25.3803],[94.8775,25.3729],[94.8285,25.3099],[94.8194,25.3212],[94.8558,25.3693],[94.853,25.3885],[94.8946,25.3927],[94.9303,25.4321],[94.9461,25.411],[94.9941,25.4415],[95.0376,25.4179],[95.0612,25.4555],[95.106,25.4778],[95.0995,25.5299],[95.0705,25.5184],[95.0141,25.5583],[95.0016,25.5534],[94.9877,25.4853],[94.9375,25.5082],[94.9033,25.4865],[94.9061,25.5476],[94.8469,25.6135],[94.811,25.62],[94.8486,25.6303],[94.8362,25.6541],[94.8496,25.6941],[94.8392,25.731],[94.7789,25.7668],[94.7529,25.7565],[94.7552,25.7212],[94.7359,25.7124],[94.738,25.6954],[94.6535,25.6409],[94.6625,25.6109],[94.6185,25.6322],[94.5857,25.6145],[94.5693,25.5888],[94.5615,25.5025],[94.545,25.5709],[94.581,25.6279],[94.5613,25.6293],[94.5826,25.6656],[94.5697,25.6888],[94.6135,25.6882],[94.5968,25.6442],[94.6308,25.6536],[94.6535,25.6879],[94.672,25.6779],[94.6707,25.7063],[94.6972,25.6943],[94.703,25.7792],[94.7294,25.7603],[94.7285,25.7965],[94.7613,25.8012],[94.7894,25.8278],[94.7527,25.872],[94.779,25.8732],[94.8054,25.8358],[94.8102,25.9122],[94.8379,25.9259],[94.8771,26.0208],[94.9196,26.0573],[94.8676,25.9483],[94.9392,25.9369],[94.8594,25.9303],[94.819,25.8636],[94.8273,25.8452],[94.8472,25.8435],[94.7778,25.7864],[94.8711,25.7271],[94.9051,25.7215],[94.8687,25.7127],[94.8805,25.6876],[94.8587,25.6257],[94.946,25.5184],[94.973,25.5204],[94.9864,25.5971],[95.0031,25.6141],[95.0272,25.5772],[95.0725,25.5668],[95.1059,25.5774],[95.1669,25.6326],[95.175,25.5962],[95.158,25.5267],[95.1711,25.5096],[95.2309,25.5942],[95.2497,25.6508],[95.2462,25.6814],[95.2066,25.6679],[95.1949,25.6879],[95.2875,25.7568],[95.2947,25.7277],[95.3136,25.7338],[95.4396,25.8777],[95.4364,25.8903],[95.3948,25.8951],[95.4117,25.924],[95.4713,25.9264],[95.5232,25.9601],[95.5735,26.0206],[95.5655,26.0863],[95.5491,26.0912],[95.5034,26.0741],[95.5146,26.0276],[95.4385,25.9527],[95.4111,25.9788],[95.439,26.0065],[95.4123,26.0227],[95.3213,25.9601],[95.2597,25.9545],[95.2615,25.9797],[95.3214,25.9932],[95.3897,26.0525],[95.3415,26.0881],[95.3436,26.1059],[95.388,26.0934],[95.4057,26.1153],[95.4364,26.1098],[95.5143,26.1357],[95.5403,26.1706],[95.5324,26.1969],[95.4891,26.2082],[95.4279,26.176],[95.3865,26.1868],[95.4309,26.2864],[95.4116,26.3134],[95.446,26.3066],[95.4524,26.269],[95.4811,26.2521],[95.4934,26.2896],[95.5805,26.3529],[95.6033,26.4157],[95.6409,26.4316],[95.6037,26.4567],[95.5543,26.402],[95.4929,26.368],[95.5557,26.4438],[95.548,26.4561],[95.4455,26.4232],[95.4261,26.4008],[95.3894,26.4163],[95.3471,26.4071],[95.2441,26.3642],[95.1705,26.3019],[95.2151,26.3706],[95.214,26.4059],[95.2544,26.3932],[95.3729,26.4608],[95.3504,26.5007],[95.3643,26.5375],[95.3568,26.5628],[95.32,26.5967],[95.3548,26.605],[95.3899,26.5542],[95.399,26.5318],[95.3845,26.5052],[95.401,26.4781],[95.4514,26.4756],[95.4888,26.5488],[95.5059,26.5396],[95.5114,26.5025],[95.5321,26.5049],[95.5489,26.54],[95.543,26.586],[95.566,26.6071],[95.5533,26.6467],[95.5864,26.6431],[95.6268,26.6657],[95.6319,26.6289],[95.6016,26.6047],[95.5771,26.5271],[95.5993,26.517],[95.622,26.5405],[95.706,26.544],[95.7318,26.5705],[95.728,26.6054],[95.7575,26.6352],[95.7462,26.6477],[95.7055,26.6351],[95.7138,26.665],[95.6849,26.672],[95.6976,26.6959],[95.678,26.7128],[95.6906,26.7417],[95.6761,26.7667],[95.6968,26.7785],[95.6933,26.804],[95.7483,26.7609],[95.7619,26.8219],[95.7889,26.793],[95.8062,26.8104],[95.7928,26.8415],[95.8122,26.8982],[95.8655,26.9324],[95.8735,26.8924],[95.9385,26.9217],[95.8775,26.8558],[95.8644,26.7941],[95.8361,26.7732],[95.8563,26.7289],[95.8295,26.7196],[95.8186,26.7473],[95.7778,26.6896],[95.8058,26.6627],[95.7568,26.5203],[95.6858,26.455],[95.6931,26.4343],[95.7392,26.4625],[95.7399,26.4378],[95.701,26.3883],[95.7152,26.3756],[95.7474,26.3804],[95.7565,26.3626],[95.7282,26.3431],[95.6683,26.347],[95.6136,26.2781],[95.5792,26.2666],[95.5675,26.2218],[95.596,26.2097],[95.6442,26.2558],[95.6721,26.2613],[95.6936,26.2964],[95.721,26.2934],[95.8138,26.3529],[95.906,26.469],[95.9107,26.5227],[95.9488,26.5551],[95.9351,26.5874],[95.9718,26.6095],[95.9941,26.6809],[96.024,26.7054],[96.0225,26.738],[96.0012,26.7366],[95.9872,26.7645],[96.0328,26.783],[96.0524,26.7521],[96.0763,26.7503],[96.1109,26.8145],[96.1278,26.7773],[96.164,26.7973],[96.0451,26.6824],[96.0651,26.6538],[96.0105,26.5874],[96.0278,26.5691],[96.061,26.582],[96.0816,26.5609],[96.1054,26.6223],[96.1233,26.6047],[96.1433,26.5264],[96.1615,26.5177],[96.1896,26.5356],[96.1816,26.5878],[96.118,26.6877],[96.2986,26.8296],[96.2514,26.8707],[96.253,26.8886],[96.2724,26.8961],[96.2545,26.9229],[96.1068,26.909],[96.1561,26.9539],[96.1396,26.9726],[96.0198,26.9616],[96.0394,27.0125],[96.0193,27.0448],[96.0271,27.0558],[96.0716,27.072],[96.0441,27.0388],[96.0621,26.993],[96.1374,27.0183],[96.1294,27.0388],[96.2641,27.1043],[96.2367,27.1036],[96.2556,27.1202],[96.245,27.1322],[96.2115,27.1307],[96.1872,27.111],[96.1874,27.1401],[96.1538,27.1192],[96.145,27.1322],[96.1704,27.1566],[96.2492,27.1782],[96.2574,27.2029],[96.2376,27.2224],[96.2804,27.2195],[96.3281,27.247],[96.3972,27.2464],[96.3707,27.2281],[96.3204,27.2317],[96.2861,27.2054],[96.2987,27.1819],[96.2682,27.1546],[96.2777,27.1277],[96.324,27.1281],[96.344,27.181],[96.3682,27.1991],[96.4075,27.1748],[96.3619,27.1576],[96.3696,27.1279],[96.4367,27.1405],[96.4561,27.1293],[96.4537,27.1107],[96.4792,27.1023],[96.5064,27.1124],[96.503,27.1473],[96.5459,27.1631],[96.5722,27.1531],[96.5304,27.1179],[96.5872,27.1084],[96.6379,27.1302],[96.6816,27.1279],[96.7232,27.1546],[96.7433,27.2306],[96.7557,27.2099],[96.796,27.2058],[96.7612,27.1971],[96.7482,27.1542],[96.7131,27.1202],[96.6535,27.106],[96.6553,27.0694],[96.6393,27.0978],[96.6136,27.0991],[96.6045,27.0775],[96.586,27.0797],[96.5792,27.0447],[96.5541,27.0892],[96.538,27.0443],[96.4972,27.0824],[96.4889,27.0208],[96.4611,27.0644],[96.4439,27.0546],[96.438,27.0109],[96.4232,27.0623],[96.4113,27.0448],[96.3947,27.0722],[96.3966,27.0198],[96.3694,27.0486],[96.3522,27.0248],[96.3206,27.0473],[96.3112,27.021],[96.3217,27.011],[96.2941,27.003],[96.3119,26.9853],[96.3389,26.9886],[96.3481,26.9509],[96.404,26.9751],[96.4445,26.9526],[96.5199,26.957],[96.5523,26.9336],[96.6373,26.9279],[96.6462,26.947],[96.6707,26.9275],[96.7245,26.9255],[96.7484,26.9405],[96.7692,26.9253],[96.8131,26.9315],[96.8384,26.9116],[96.7542,26.9004],[96.4981,26.9083],[96.4335,26.9252],[96.3524,26.9125],[96.4541,26.8811],[96.4695,26.8523],[96.5155,26.8744],[96.5403,26.8599],[96.5677,26.8657],[96.6072,26.8466],[96.62,26.8195],[96.651,26.8325],[96.6755,26.8086],[96.7751,26.8324],[96.8072,26.8089],[96.8417,26.8323],[96.862,26.8102],[96.8956,26.8111],[96.9199,26.8322],[96.9391,26.8127],[96.9201,26.7776],[96.9652,26.7694],[96.9746,26.7892],[96.9614,26.8058],[96.9844,26.8162],[97.0376,26.7604],[97.0742,26.8083],[97.0449,26.8262],[97.0365,26.855],[97.0911,26.8367],[97.0861,26.872],[97.1228,26.9023],[97.1268,26.9452],[97.1402,26.9449],[97.1262,26.8766],[97.135,26.8369],[97.182,26.8205],[97.1708,26.803],[97.1303,26.8069],[97.1026,26.7887],[97.1389,26.7552],[97.1314,26.7305],[97.0953,26.7485],[97.0664,26.7083],[97.0925,26.6703],[97.1302,26.6658],[97.1354,26.6208],[97.1637,26.6135],[97.174,26.5861],[97.1611,26.5752],[97.1277,26.5894],[97.1177,26.577],[97.1656,26.4682],[97.1439,26.4292],[97.1654,26.3969],[97.1426,26.3583],[97.164,26.3293],[97.1168,26.2141],[97.1495,26.1823],[97.1107,26.156],[97.0679,26.0445],[97.072,26.0197],[97.0349,25.9711],[97.0275,25.9446],[97.0481,25.9124],[96.9761,25.8694],[97.0059,25.8042],[96.9405,25.8328],[96.9169,25.7809],[96.9186,25.7291],[96.9892,25.6625],[96.9805,25.6364],[96.9428,25.6195],[96.9432,25.5872],[96.9657,25.5569],[96.9329,25.525],[96.9637,25.472],[96.9606,25.4438],[96.9795,25.4348],[97.0199,25.4988],[97.0717,25.5347],[97.078,25.5636],[97.106,25.5688],[97.1278,25.6472],[97.1823,25.6554],[97.176,25.7281],[97.2075,25.7601],[97.1532,25.787],[97.1731,25.7963],[97.1838,25.85],[97.1509,25.8749],[97.1688,25.9375],[97.1994,25.9737],[97.1846,26.0365],[97.2734,26.2039],[97.2702,26.2815],[97.3119,26.3216],[97.3446,26.3093],[97.3735,26.3373],[97.3274,26.3877],[97.3639,26.404],[97.3282,26.4732],[97.3991,26.4985],[97.3532,26.5291],[97.3726,26.5375],[97.383,26.5674],[97.3733,26.5887],[97.3528,26.5866],[97.3598,26.6128],[97.3971,26.6406],[97.4462,26.6272],[97.4583,26.6422],[97.4516,26.6575],[97.3864,26.6591],[97.3832,26.7376],[97.4156,26.8234],[97.4019,26.8944],[97.4741,26.9303],[97.4365,26.9457],[97.4558,26.954],[97.4519,26.9796],[97.4823,27.015],[97.4694,27.0542],[97.4829,27.0911],[97.465,27.138],[97.4375,27.1561],[97.4019,27.1374],[97.3932,27.178],[97.4242,27.2001],[97.4061,27.2228],[97.3199,27.1763],[97.257,27.184],[97.1861,27.2707],[97.176,27.3254],[97.1872,27.3333],[97.2689,27.2104],[97.3145,27.2105],[97.3322,27.247],[97.2765,27.3205],[97.306,27.3444],[97.2984,27.3795],[97.2508,27.4334],[97.2624,27.4564],[97.3065,27.4623],[97.2844,27.4887],[97.284,27.5515],[97.3231,27.5624],[97.3182,27.5931],[97.3329,27.618],[97.3229,27.631],[97.261,27.6622],[97.3016,27.6908],[97.3547,27.6514],[97.3698,27.6886],[97.4216,27.722],[97.4012,27.6599],[97.4105,27.6107],[97.4528,27.569],[97.4974,27.5805],[97.4853,27.5189],[97.5391,27.5054],[97.5269,27.4541],[97.5538,27.4551],[97.5627,27.4358],[97.5887,27.4304],[97.6259,27.3533],[97.6572,27.3994],[97.7065,27.3794],[97.732,27.2682],[97.7264,27.2286],[97.7812,27.2145],[97.7764,27.1634],[97.7985,27.126],[97.8326,27.1653],[97.8391,27.2138],[97.8181,27.2446],[97.8566,27.2705],[97.8826,27.3488],[97.8764,27.3866],[97.899,27.4182],[97.8376,27.4438],[97.7957,27.498],[97.7534,27.4951],[97.756,27.5225],[97.7261,27.5401],[97.7408,27.5929],[97.7195,27.6054],[97.7528,27.6073],[97.7793,27.5897],[97.9056,27.4592],[97.9293,27.4601],[97.9389,27.4766],[97.9475,27.5469],[97.9521,27.5127],[97.9824,27.5001],[97.9514,27.4304],[97.9893,27.3976],[98.0,27.3373],[97.963,27.3986],[97.9179,27.3717],[97.8664,27.2146],[97.8851,27.1205],[97.9387,27.1043],[97.8768,27.0708],[97.8946,27.0102],[97.7529,27.0073],[97.7823,26.953],[97.783,26.9088],[97.7272,26.8458],[97.7505,26.8168],[97.781,26.8188],[97.815,26.8575],[97.8569,26.8296],[97.8566,26.7536],[97.8,26.6892],[97.8329,26.643],[97.8164,26.5811],[97.8303,26.5424],[97.8635,26.5594],[97.8776,26.6086],[97.8978,26.6047],[97.9028,26.5526],[97.9388,26.5526],[97.9344,26.6696],[97.9726,26.7274],[97.9704,26.7481],[98.0,26.7658],[97.9837,26.7246],[97.983,26.6291],[98.0,26.5999],[98.0,26.5074],[97.9873,26.4857],[97.9083,26.4458],[97.8995,26.4124],[97.9136,26.3842],[97.9977,26.3808],[98.0,26.3551],[97.9775,26.356],[97.9494,26.3254],[97.9244,26.3409],[97.8704,26.3403],[97.8554,26.303],[97.7787,26.2648],[97.7747,26.2501],[97.7865,26.2194],[97.8108,26.2331],[97.8313,26.2228],[97.8168,26.1808],[97.8286,26.1597],[97.8971,26.1695],[97.9042,26.222],[97.9202,26.1862],[97.9965,26.1878],[98.0,26.1466],[97.9803,26.1569],[97.9221,26.1282],[97.9068,26.1404],[97.8697,26.124],[97.8686,26.0707],[97.9168,26.0392],[97.9084,26.0126],[97.8761,26.0017],[97.8987,25.9056],[97.8394,25.8189],[97.7621,25.8067],[97.7105,25.771],[97.7271,25.7205],[97.7474,25.7165],[97.7986,25.766],[97.8893,25.7748],[97.9134,25.7526],[97.9307,25.8232],[98.0,25.8129],[98.0,25.7383],[97.9733,25.6934],[97.9334,25.6661],[97.9721,25.6405],[97.9737,25.6206],[97.9462,25.5932],[97.9106,25.5977],[97.8771,25.554],[97.9195,25.5276],[97.9657,25.5302],[97.9826,25.4756],[97.9267,25.4595],[97.8821,25.466],[97.8524,25.4476],[97.826,25.4197],[97.83,25.3617],[97.7513,25.33],[97.6688,25.2375],[97.6436,25.1623],[97.7054,25.1387],[97.7108,25.1024],[97.7391,25.0794],[97.6718,25.0592],[97.6532,25.1062],[97.6187,25.0558],[97.6259,25.0282],[97.6798,24.9967],[97.6671,24.9587],[97.6882,24.9659],[97.6907,24.9302],[97.679,24.9112],[97.644,24.9214],[97.6376,24.8779],[97.6244,24.9166],[97.6043,24.915],[97.5856,24.8891],[97.6153,24.8315],[97.6048,24.8119],[97.5861,24.8124],[97.586,24.7787],[97.6037,24.7751],[97.6026,24.7618],[97.5759,24.7634],[97.5545,24.7413],[97.574,24.7065],[97.5695,24.5956],[97.5562,24.6479],[97.5283,24.6724],[97.4982,24.5453],[97.4772,24.5371],[97.5056,24.4885],[97.4857,24.4635],[97.4957,24.4436],[97.5626,24.5304],[97.5366,24.4359],[97.6727,24.4445],[97.5199,24.3885],[97.451,24.3275],[97.4796,24.2938],[97.45,24.2844],[97.4185,24.2961],[97.4202,24.2525],[97.482,24.1966],[97.4638,24.1845],[97.4187,24.2133],[97.4387,24.1794],[97.4199,24.1803],[97.4208,24.1531],[97.3854,24.1545],[97.3847,24.1055],[97.4068,24.0945],[97.4266,24.1325],[97.4471,24.1219],[97.4448,24.0945],[97.4807,24.0964],[97.4289,24.0531],[97.4059,24.0664],[97.3857,24.0562],[97.3885,24.0127],[97.3691,24.0122],[97.3967,23.9619],[97.3789,23.9634],[97.3639,23.9431],[97.3187,23.9795],[97.3015,23.8868],[97.3443,23.8817],[97.3647,23.8473],[97.2785,23.8144],[97.2888,23.7626],[97.2729,23.7521],[97.2197,23.7722],[97.2009,23.7499],[97.23,23.7461],[97.215,23.7119],[97.1317,23.7154],[97.1189,23.6972],[97.149,23.6599],[97.1359,23.6379],[97.1484,23.6288],[97.1253,23.6086],[97.154,23.6103],[97.1805,23.637],[97.1624,23.6725],[97.256,23.6691],[97.2797,23.6841],[97.2781,23.722],[97.2983,23.7324],[97.3303,23.7097],[97.3462,23.7219],[97.378,23.7027],[97.4126,23.7053],[97.4028,23.678],[97.4679,23.6824],[97.4836,23.6591],[97.529,23.7153],[97.4939,23.6455],[97.5233,23.629],[97.4973,23.5926],[97.4984,23.621],[97.4738,23.6468],[97.4199,23.6474],[97.3528,23.6064],[97.3706,23.5691],[97.3279,23.5809],[97.2638,23.5364],[97.253,23.5567],[97.2271,23.5479],[97.2177,23.5318],[97.2311,23.5033],[97.2025,23.5217],[97.1449,23.4653],[97.1464,23.4439],[97.1201,23.4491],[97.1145,23.4193],[97.0459,23.3978],[96.987,23.3558],[96.9987,23.3136],[96.9686,23.2712],[96.9622,23.2276],[96.9367,23.2541],[96.9726,23.2947],[96.9552,23.3222],[96.929,23.2779],[96.8929,23.2952],[96.8747,23.3247],[96.812,23.2893],[96.8237,23.2735],[96.8095,23.1982],[96.8219,23.1764],[96.8578,23.1912],[96.9055,23.1612],[96.9638,23.1862],[96.9875,23.2314],[97.0069,23.2096],[97.0385,23.2216],[97.0143,23.1941],[96.9843,23.1919],[97.0062,23.1763],[96.9945,23.1529],[97.0384,23.1297],[97.0383,23.1107],[96.9784,23.122],[96.9597,23.1111],[96.9669,23.0758],[96.926,23.1185],[96.9607,23.0524],[96.9964,23.03],[96.9864,23.0185],[97.0127,22.9776],[96.9695,23.0067],[96.9533,22.9955],[96.9379,23.0144],[96.9377,22.9866],[96.8917,23.0157],[96.8783,22.9932],[96.7875,22.9862],[96.6332,23.0325],[96.6123,23.003],[96.5709,23.003],[96.5553,23.0556],[96.5206,23.0282],[96.5044,23.058],[96.4275,23.0476],[96.3867,23.0227],[96.3971,22.9961],[96.3804,22.9779],[96.3446,22.9739],[96.3438,22.9525],[96.3721,22.937],[96.3363,22.9125],[96.3546,22.9047],[96.3431,22.8808],[96.3716,22.8543],[96.3601,22.8123],[96.4296,22.8222],[96.4445,22.7941],[96.4624,22.8132],[96.475,22.8013],[96.5133,22.8114],[96.5627,22.8635],[96.5641,22.8345],[96.6291,22.8354],[96.6767,22.9148],[96.7071,22.9237],[96.6774,22.8788],[96.677,22.8546],[96.6972,22.845],[96.6607,22.8121],[96.6889,22.7949],[96.6368,22.7802],[96.6212,22.7514],[96.5866,22.7678],[96.5707,22.8142],[96.5363,22.8053],[96.5208,22.7783],[96.5023,22.7967],[96.5156,22.7512],[96.5058,22.7364],[96.4698,22.7447],[96.4581,22.7742],[96.4532,22.7361],[96.4137,22.7812],[96.3964,22.7537],[96.3697,22.7555],[96.3688,22.694],[96.4305,22.6567],[96.4181,22.6386],[96.4391,22.5958],[96.4129,22.5699],[96.3947,22.5801],[96.4238,22.6114],[96.3953,22.6369],[96.3967,22.6572],[96.3692,22.662],[96.3374,22.7316],[96.3028,22.7232],[96.3036,22.6858],[96.3394,22.6808],[96.3685,22.6448],[96.3822,22.6527],[96.3887,22.6127],[96.3609,22.5961],[96.3767,22.5379],[96.3882,22.5462],[96.4238,22.5032],[96.3914,22.425],[96.4136,22.3955],[96.409,22.3339],[96.4323,22.2816],[96.4211,22.2602],[96.3859,22.2458],[96.4222,22.2373],[96.4087,22.2043],[96.4223,22.1696],[96.378,22.1554],[96.3588,22.1177],[96.3623,22.0936],[96.3965,22.0899],[96.3904,22.0704],[96.3793,22.0522],[96.3518,22.0483],[96.3381,22.0203],[96.3292,22.0387],[96.3216,22.0122],[96.2942,22.0215],[96.2837,21.9706],[96.2983,21.9444],[96.3093,21.9968],[96.3395,21.994],[96.3697,22.0223],[96.3816,22.0048],[96.3904,21.9718],[96.361,21.9301],[96.3416,21.8189],[96.357,21.8004],[96.3905,21.8155],[96.4061,21.8064],[96.4167,21.773],[96.4042,21.719],[96.4474,21.7863],[96.4197,21.8212],[96.4378,21.8809],[96.4705,21.8683],[96.47,21.8903],[96.5039,21.9138],[96.5303,21.8873],[96.5304,21.844],[96.6052,21.8845],[96.6113,21.9308],[96.6488,21.9005],[96.6888,21.9199],[96.6881,21.9391],[96.6615,21.9444],[96.681,21.9624],[96.6598,21.997],[96.6639,22.0295],[96.6512,22.0319],[96.6648,22.0627],[96.6027,22.0877],[96.6389,22.155],[96.5669,22.2356],[96.5845,22.2801],[96.6766,22.3323],[96.7234,22.3113],[96.7738,22.1529],[96.7938,21.994],[96.8372,21.9599],[96.8875,21.964],[96.9388,21.9446],[96.9666,22.1353],[96.9237,22.2692],[96.847,22.3307],[96.7887,22.3323],[96.7493,22.3086],[96.7291,22.3166],[96.7311,22.3543],[96.698,22.3802],[96.686,22.3712],[96.6805,22.4482],[96.6361,22.5048],[96.6521,22.5164],[96.6825,22.5067],[96.6449,22.555],[96.6954,22.5357],[96.7204,22.5719],[96.7805,22.5205],[96.8019,22.4693],[96.8123,22.4975],[96.8286,22.4781],[96.861,22.4809],[96.9135,22.4474],[96.8449,22.4554],[96.8267,22.3889],[96.9608,22.2775],[97.0296,22.2442],[97.0704,22.2815],[97.1211,22.2771],[97.1406,22.35],[97.1179,22.393],[97.1401,22.4205],[97.1642,22.5297],[97.1136,22.5318],[97.0917,22.5177],[97.0651,22.5323],[97.0378,22.5098],[97.0106,22.5103],[97.0026,22.5556],[97.0799,22.5515],[97.0796,22.5906],[97.0449,22.6323],[97.0028,22.6111],[97.0057,22.6463],[96.9702,22.6787],[96.972,22.7053],[96.9486,22.7152],[96.9318,22.7015],[96.9166,22.7155],[96.9084,22.6939],[96.8652,22.7009],[96.8604,22.7299],[96.8913,22.7171],[96.8863,22.7387],[96.9293,22.7353],[96.9369,22.7731],[96.9798,22.7941],[96.9774,22.8131],[97.0058,22.8107],[97.0472,22.8473],[97.0547,22.8041],[97.0364,22.7958],[97.0547,22.7698],[97.0199,22.7805],[97.0131,22.7536],[96.9772,22.7388],[97.0183,22.6628],[97.0528,22.6442],[97.0623,22.6562],[97.07,22.6429],[97.0818,22.6343],[97.1229,22.6549],[97.092,22.6089],[97.1353,22.5779],[97.1977,22.5939],[97.2397,22.6209],[97.2356,22.6632],[97.261,22.6599],[97.2823,22.6814],[97.2697,22.7041],[97.291,22.7426],[97.2597,22.7874],[97.3404,22.7362],[97.4232,22.9122],[97.4115,22.9301],[97.431,22.9554],[97.4153,22.9824],[97.3857,22.9472],[97.405,22.9361],[97.3768,22.9233],[97.319,22.8475],[97.3148,22.8101],[97.2697,22.7942],[97.2193,22.8198],[97.2709,22.8108],[97.304,22.8182],[97.3028,22.9043],[97.3208,22.8687],[97.3552,22.9037],[97.3724,22.9802],[97.3535,22.9958],[97.3652,23.0083],[97.3563,23.037],[97.3193,23.0628],[97.3641,23.0612],[97.365,23.0789],[97.3361,23.1041],[97.3795,23.1021],[97.3528,23.1289],[97.381,23.1303],[97.3294,23.165],[97.2781,23.1706],[97.296,23.197],[97.3466,23.1939],[97.3374,23.2224],[97.3715,23.2216],[97.3699,23.2017],[97.388,23.1939],[97.4025,23.2625],[97.4302,23.2866],[97.437,23.3393],[97.4862,23.3721],[97.5226,23.3689],[97.5556,23.4071],[97.5948,23.4015],[97.6481,23.4197],[97.5964,23.3619],[97.5692,23.3643],[97.5304,23.3198],[97.512,23.3309],[97.4965,23.2703],[97.4432,23.2209],[97.4458,23.194],[97.4779,23.2223],[97.4875,23.203],[97.504,23.2222],[97.5392,23.2105],[97.5643,23.2358],[97.5702,23.2715],[97.5968,23.2781],[97.666,23.3409],[97.6802,23.3377],[97.6695,23.303],[97.7078,23.2928],[97.6936,23.2538],[97.7143,23.2496],[97.7887,23.2989],[97.8775,23.2927],[97.9859,23.3179],[98.0,23.3447],[98.0,23.2258],[97.9776,23.2208],[98.0,23.2054],[97.9697,23.2054],[97.9796,23.1868],[97.9545,23.181],[97.9457,23.1606],[97.9259,23.1683],[97.9356,23.1441],[97.9609,23.119],[97.9305,23.1238],[97.9007,23.1041],[97.9145,23.1378],[97.9045,23.1479],[97.8761,23.118],[97.8694,23.13],[97.8364,23.1119],[97.8562,23.1627],[97.8341,23.1831],[97.813,23.1536],[97.7954,23.1557],[97.7802,23.1027],[97.7638,23.0929],[97.7619,23.1375],[97.7822,23.1696],[97.7558,23.1596],[97.7386,23.1907],[97.6617,23.1306],[97.6887,23.1388],[97.6908,23.1225],[97.6427,23.0751],[97.6642,23.0386],[97.6566,23.0094],[97.6793,23.0302],[97.728,23.0261],[97.7571,23.0494],[97.8232,23.0445],[97.8462,23.0719],[97.865,23.0597],[97.8793,23.0718],[97.9447,23.0655],[97.9781,23.0444],[98.0,23.0494],[98.0,23.0377],[97.9092,22.9758],[97.886,22.9708],[97.8956,22.9978],[97.8706,22.9697],[97.819,22.9588],[97.7958,22.973],[97.7699,22.9344],[97.754,22.9561],[97.7195,22.9612],[97.7392,22.9951],[97.7287,23.0056],[97.7036,22.9771],[97.6858,22.9797],[97.7054,22.9429],[97.6197,22.8904],[97.6317,22.8621],[97.5857,22.8043],[97.6651,22.7875],[97.6252,22.7056],[97.6316,22.6929],[97.6622,22.6974],[97.6513,22.6831],[97.6611,22.6762],[97.7304,22.7029],[97.7413,22.7423],[97.7327,22.7883],[97.7136,22.7765],[97.6791,22.7972],[97.7802,22.8319],[97.8046,22.8268],[97.8554,22.8573],[97.9078,22.8506],[98.0,22.8751],[98.0,22.7507],[97.9664,22.6978],[98.0,22.6799],[98.0,22.6543],[97.9647,22.6203],[97.9539,22.6303],[97.9356,22.6201],[97.9486,22.6484],[97.9368,22.6625],[97.9583,22.6943],[97.9451,22.7223],[97.9097,22.703],[97.9318,22.6863],[97.9229,22.6605],[97.8928,22.6526],[97.884,22.6004],[97.9031,22.5842],[97.8052,22.5447],[97.8046,22.5646],[97.7892,22.5656],[97.7722,22.5278],[97.7207,22.5033],[97.7039,22.5226],[97.6703,22.5118],[97.6364,22.5555],[97.6314,22.4704],[97.613,22.4755],[97.5955,22.5144],[97.5968,22.4533],[97.5452,22.4483],[97.5278,22.4317],[97.5503,22.3714],[97.4362,22.3387],[97.4108,22.3127],[97.4383,22.3034],[97.4023,22.2872],[97.4404,22.2695],[97.4115,22.2551],[97.4298,22.2463],[97.4241,22.2369],[97.3744,22.2088],[97.3205,22.2151],[97.2766,22.1714],[97.2952,22.1279],[97.322,22.1192],[97.347,22.139],[97.3525,22.1109],[97.4119,22.0433],[97.4485,22.0721],[97.4348,22.1145],[97.5309,22.1857],[97.5437,22.2548],[97.5736,22.2291],[97.5678,22.2867],[97.6048,22.3025],[97.5951,22.3226],[97.657,22.3406],[97.6802,22.33],[97.6446,22.3216],[97.6471,22.2864],[97.6091,22.2596],[97.6138,22.1768],[97.5609,22.1315],[97.605,22.1119],[97.585,22.1051],[97.5261,22.055],[97.4938,22.0126],[97.514,21.9543],[97.4885,21.8776],[97.4763,21.8814],[97.4803,21.9398],[97.4471,21.9727],[97.4018,21.946],[97.3689,21.8509],[97.3459,21.8517],[97.3278,21.8782],[97.3488,21.9002],[97.3484,21.9276],[97.335,21.9336],[97.3472,21.9552],[97.3298,21.965],[97.2677,21.9551],[97.2444,21.898],[97.2652,21.8751],[97.2448,21.8719],[97.2364,21.8482],[97.2465,21.8376],[97.2171,21.7477],[97.2278,21.7196],[97.2781,21.6763],[97.2806,21.721],[97.27,21.7382],[97.3215,21.7423],[97.3108,21.7709],[97.321,21.7973],[97.3567,21.7681],[97.3255,21.6743],[97.3275,21.5624],[97.3973,21.3792],[97.3812,21.3372],[97.3383,21.3721],[97.3033,21.3699],[97.3306,21.4457],[97.3105,21.4473],[97.2878,21.5313],[97.2789,21.5028],[97.2615,21.5307],[97.2529,21.4679],[97.1666,21.451],[97.1354,21.4797],[97.1095,21.3832],[97.1386,21.3295],[97.1198,21.3149],[97.1099,21.2693],[97.0947,21.279],[97.1066,21.2956],[97.0868,21.2863],[97.079,21.3147],[97.0707,21.2861],[97.0278,21.3212],[97.0303,21.39],[96.9869,21.4036],[96.9862,21.441],[96.9624,21.448],[96.9559,21.4118],[96.9436,21.4302],[96.9192,21.4214],[96.9062,21.3865],[96.8942,21.3935],[96.8984,21.4545],[96.8684,21.4955],[96.8637,21.5466],[96.8365,21.5527],[96.8584,21.5728],[96.8407,21.6302],[96.846,21.5779],[96.7874,21.5973],[96.7349,21.5762],[96.7046,21.59],[96.6949,21.5701],[96.716,21.5489],[96.6933,21.5456],[96.6763,21.4883],[96.6961,21.4765],[96.7306,21.5054],[96.7299,21.4619],[96.6873,21.4481],[96.672,21.4112],[96.6647,21.4463],[96.6447,21.4475],[96.6553,21.4044],[96.6373,21.3907],[96.6305,21.3691],[96.6029,21.3793],[96.6223,21.404],[96.6036,21.4125],[96.6141,21.4369],[96.5968,21.4637],[96.5721,21.4449],[96.558,21.4538],[96.5522,21.4376],[96.5722,21.4211],[96.538,21.4148],[96.5279,21.3969],[96.5738,21.3779],[96.5435,21.354],[96.5446,21.3347],[96.5735,21.3093],[96.5898,21.3299],[96.6136,21.2971],[96.5882,21.2283],[96.5733,21.296],[96.518,21.3237],[96.5018,21.3034],[96.4984,21.3533],[96.4816,21.3642],[96.4779,21.3021],[96.4616,21.3134],[96.4436,21.295],[96.4335,21.3324],[96.4118,21.3036],[96.3876,21.3473],[96.3599,21.3129],[96.3635,21.2793],[96.344,21.2631],[96.3579,21.2578],[96.3506,21.2089],[96.3679,21.1304],[96.4618,20.9443],[96.4606,20.998],[96.472,21.0155],[96.49,21.0049],[96.508,20.9141],[96.5061,20.8116],[96.4774,20.8449],[96.4938,20.7876],[96.5305,20.7453],[96.5108,20.7378],[96.5174,20.7224],[96.5467,20.721],[96.5372,20.7031],[96.5192,20.7046],[96.5112,20.6773],[96.469,20.7303],[96.4984,20.6652],[96.4686,20.6621],[96.4471,20.6045],[96.4196,20.5968],[96.4297,20.5758],[96.3868,20.5455],[96.3438,20.5691],[96.3553,20.6056],[96.3368,20.614],[96.2918,20.5208],[96.3269,20.4779],[96.3393,20.4966],[96.3569,20.4526],[96.3566,20.3785],[96.3188,20.3714],[96.3173,20.3403],[96.3585,20.3573],[96.3799,20.3382],[96.3692,20.3197],[96.3991,20.2834],[96.3773,20.2708],[96.3776,20.2376],[96.4141,20.2219],[96.3859,20.203],[96.4032,20.1367],[96.4213,20.1297],[96.4181,20.106],[96.4392,20.0874],[96.4237,20.0761],[96.3351,20.1042],[96.3355,20.0872],[96.3803,20.0709],[96.353,20.0482],[96.3625,20.0193],[96.3302,20.0393],[96.3108,20.0292],[96.352,19.9291],[96.3807,19.9013],[96.4224,19.9031],[96.3781,19.9544],[96.3708,20.0056],[96.4794,19.9186],[96.4988,19.993],[96.4694,20.0221],[96.5225,20.0376],[96.5142,20.0725],[96.4933,20.0887],[96.4984,20.1288],[96.4097,20.1888],[96.4408,20.189],[96.4279,20.2557],[96.4827,20.247],[96.4893,20.2635],[96.4672,20.2963],[96.5059,20.279],[96.46,20.3456],[96.4637,20.3807],[96.4374,20.3609],[96.4191,20.3777],[96.4569,20.4039],[96.426,20.4233],[96.4471,20.435],[96.4347,20.4417],[96.4468,20.4717],[96.4194,20.4891],[96.3951,20.4702],[96.3343,20.5155],[96.4389,20.4941],[96.4474,20.5028],[96.4553,20.5555],[96.4797,20.5466],[96.4886,20.522],[96.484,20.4321],[96.5316,20.3295],[96.5349,20.2888],[96.6068,20.1709],[96.5923,20.1407],[96.6103,20.0963],[96.6323,20.0861],[96.6312,20.0619],[96.6215,20.0803],[96.617,20.0696],[96.6351,20.0122],[96.6703,19.9767],[96.7139,19.9803],[96.6694,19.9602],[96.7394,19.914],[96.7376,19.903],[96.7098,19.9123],[96.7182,19.8765],[96.7629,19.8735],[96.7825,19.8526],[96.7796,19.836],[96.7541,19.8637],[96.7128,19.8443],[96.6855,19.8809],[96.6881,19.9076],[96.6445,19.9221],[96.6639,19.8541],[96.6598,19.7959],[96.6875,19.8225],[96.7248,19.7991],[96.7213,19.7777],[96.711,19.7987],[96.6854,19.7961],[96.675,19.735],[96.6774,19.712],[96.6906,19.7162],[96.6849,19.6797],[96.7213,19.655],[96.7106,19.6357],[96.7468,19.6209],[96.7261,19.6084],[96.7462,19.5609],[96.6859,19.6385],[96.6987,19.5752],[96.6846,19.5568],[96.7138,19.4714],[96.7057,19.4607],[96.6649,19.5879],[96.6279,19.62],[96.6393,19.6875],[96.6231,19.7127],[96.579,19.7305],[96.5534,19.7201],[96.5552,19.7466],[96.5366,19.7696],[96.547,19.7817],[96.5129,19.7934],[96.5129,19.8059],[96.4689,19.7709],[96.5217,19.7716],[96.5111,19.7211],[96.5302,19.7053],[96.5273,19.6772],[96.5415,19.6678],[96.5566,19.6795],[96.5672,19.6504],[96.5983,19.6631],[96.6114,19.6196],[96.6381,19.6049],[96.6281,19.5531],[96.6552,19.5292],[96.6192,19.496],[96.6645,19.471],[96.664,19.429],[96.6266,19.4316],[96.6286,19.3939],[96.6539,19.3859],[96.6797,19.4069],[96.7216,19.3603],[96.7133,19.4558],[96.7564,19.3795],[96.7537,19.3589],[96.7886,19.3556],[96.79,19.3137],[96.7675,19.2917],[96.788,19.288],[96.7989,19.266],[96.7856,19.2191],[96.8108,19.1703],[96.8312,19.1794],[96.8532,19.1193],[96.8965,19.13],[96.8866,19.0949],[96.9215,19.0709],[96.9098,19.0553],[96.9335,19.0166],[96.9195,18.9944],[96.9397,18.9596],[96.936,18.9288],[96.9552,18.9223],[96.9364,18.9133],[96.9429,18.8887],[96.9802,18.8962],[96.9538,18.8602],[96.9189,18.8633],[96.9084,18.8179],[96.8721,18.8976],[96.8349,18.8779],[96.8472,18.8541],[96.8278,18.8383],[96.8345,18.8203],[96.8717,18.8131],[96.8958,18.7685],[96.93,18.7631],[96.9192,18.7375],[96.93,18.7118],[96.8958,18.7032],[96.881,18.7309],[96.8534,18.7286],[96.8636,18.7466],[96.8408,18.7712],[96.7704,18.8058],[96.7594,18.7905],[96.7737,18.7467],[96.7527,18.7289],[96.7812,18.7307],[96.7842,18.695],[96.8705,18.6717],[96.8804,18.6518],[96.9219,18.6544],[96.9027,18.6378],[96.9219,18.6212],[96.9026,18.611],[96.9379,18.5897],[96.9482,18.5471],[96.8854,18.579],[96.947,18.5221],[96.9259,18.5001],[96.9475,18.4542],[96.9112,18.4521],[96.9678,18.3617],[97.0294,18.3399],[97.0199,18.327],[97.0472,18.2874],[96.9785,18.2971],[96.9605,18.2374],[96.9879,18.2182],[97.0212,18.2639],[97.0399,18.2598],[97.0285,18.2358],[97.0567,18.2446],[97.1113,18.3071],[97.1429,18.2364],[97.1709,18.2479],[97.2706,18.1681],[97.2875,18.1895],[97.3052,18.1706],[97.2951,18.1524],[97.3209,18.1355],[97.349,18.172],[97.3474,18.2304],[97.3362,18.256],[97.3188,18.222],[97.3011,18.275],[97.3153,18.3027],[97.295,18.3113],[97.2864,18.3546],[97.3027,18.3435],[97.3208,18.3665],[97.3548,18.3548],[97.4232,18.2378],[97.4363,18.1698],[97.4615,18.1524],[97.4656,18.2185],[97.4567,18.2303],[97.4426,18.2288],[97.4182,18.2536],[97.4138,18.3151],[97.4058,18.338],[97.377,18.3458],[97.3797,18.3812],[97.3544,18.3889],[97.345,18.3701],[97.3293,18.4063],[97.2887,18.4306],[97.2611,18.4279],[97.2641,18.4629],[97.2366,18.4878],[97.247,18.5233],[97.2196,18.538],[97.2393,18.5463],[97.2199,18.5711],[97.2316,18.63],[97.2142,18.6404],[97.2037,18.62],[97.1943,18.6458],[97.2138,18.6636],[97.187,18.6602],[97.1692,18.6793],[97.2475,18.6968],[97.1718,18.7016],[97.1592,18.7236],[97.1986,18.7402],[97.2309,18.729],[97.2095,18.767],[97.2303,18.7822],[97.2155,18.7904],[97.1887,18.7762],[97.1965,18.8061],[97.1612,18.8042],[97.1802,18.8268],[97.168,18.8433],[97.1809,18.8637],[97.1506,18.918],[97.1889,18.9194],[97.1695,18.9624],[97.1985,18.9709],[97.1135,19.0727],[97.1307,19.0207],[97.0872,19.0403],[97.061,18.9973],[97.0883,18.9364],[97.0482,18.9889],[97.0203,18.9785],[96.995,19.0051],[97.0396,19.0024],[97.0473,19.0134],[97.028,19.0204],[97.0477,19.038],[97.0189,19.0359],[97.0118,19.0462],[97.0303,19.0551],[96.9969,19.0724],[96.9756,19.0621],[96.981,19.0893],[96.9515,19.1117],[96.9633,19.1223],[97.0122,19.0859],[97.0446,19.1154],[97.0607,19.0686],[97.0782,19.0596],[97.0481,19.154],[97.0288,19.1554],[97.0161,19.1339],[96.9773,19.1442],[96.9613,19.1614],[96.9809,19.162],[96.9719,19.1821],[96.9555,19.1973],[96.9435,19.1864],[96.9211,19.2147],[96.939,19.162],[96.9289,19.1532],[96.9137,19.1804],[96.8863,19.1948],[96.8976,19.2287],[96.8776,19.2457],[96.8981,19.271],[96.8611,19.2971],[96.8706,19.3138],[96.9047,19.3027],[96.9073,19.3208],[96.9547,19.2464],[96.9533,19.2263],[97.017,19.1676],[97.0114,19.1882],[97.0318,19.1961],[96.995,19.2218],[97.0475,19.2206],[97.0116,19.2453],[97.0216,19.2722],[97.0726,19.2124],[97.0703,19.194],[97.1056,19.1884],[97.0938,19.1618],[97.1309,19.1885],[97.1389,19.1785],[97.111,19.1449],[97.1519,19.1344],[97.1685,19.1627],[97.1836,19.1512],[97.1914,19.162],[97.1806,19.2296],[97.162,19.2286],[97.1526,19.271],[97.2105,19.236],[97.2223,19.2442],[97.2117,19.2544],[97.2223,19.272],[97.2032,19.3044],[97.2108,19.3626],[97.2459,19.275],[97.2639,19.3211],[97.253,19.354],[97.2695,19.3723],[97.3054,19.3554],[97.3195,19.3188],[97.3363,19.3722],[97.3653,19.3628],[97.3502,19.4059],[97.3538,19.4298],[97.3725,19.4388],[97.3178,19.4725],[97.3477,19.5124],[97.3179,19.576],[97.3539,19.5609],[97.389,19.5866],[97.3701,19.6208],[97.3906,19.7101],[97.3664,19.7514],[97.3907,19.7683],[97.3541,19.7688],[97.3405,19.7967],[97.3113,19.8112],[97.3148,19.8363],[97.2949,19.8453],[97.2968,19.8638],[97.281,19.8369],[97.2709,19.8552],[97.2592,19.8371],[97.225,19.8958],[97.2888,19.8946],[97.2786,19.9466],[97.3309,19.9872],[97.3117,20.0049],[97.3613,20.0178],[97.4218,20.0678],[97.4326,20.1469],[97.4278,20.0043],[97.4482,19.9946],[97.4512,19.9054],[97.4731,19.8796],[97.4692,19.854],[97.4883,19.8458],[97.4695,19.8125],[97.4889,19.7626],[97.4506,19.5662],[97.464,19.4123],[97.4429,19.3767],[97.4411,19.2173],[97.4149,19.1199],[97.3852,19.1218],[97.3763,19.043],[97.3969,18.9452],[97.377,18.9371],[97.3778,18.913],[97.3863,18.8684],[97.4047,18.852],[97.4028,18.9124],[97.4411,19.0007],[97.4364,19.1121],[97.4571,19.1472],[97.453,19.172],[97.4803,19.202],[97.4788,19.2215],[97.497,19.22],[97.4865,19.2385],[97.5053,19.2531],[97.4846,19.3111],[97.5143,19.3278],[97.476,19.365],[97.4904,19.39],[97.4848,19.4703],[97.5142,19.4771],[97.5226,19.546],[97.4954,19.5868],[97.5054,19.597],[97.4944,19.6207],[97.5159,19.6654],[97.5198,19.7634],[97.5368,19.8047],[97.5552,19.7949],[97.5535,19.8292],[97.5797,19.8358],[97.5699,19.8538],[97.5891,19.8696],[97.5623,19.8888],[97.5541,19.8685],[97.5504,19.8993],[97.5819,19.9887],[97.5698,20.0054],[97.6239,20.0888],[97.6434,20.2379],[97.7203,20.3235],[97.8113,20.269],[97.8644,20.3025],[97.8535,20.3208],[97.8726,20.3291],[97.8822,20.3637],[97.8833,20.4354],[97.8526,20.5545],[97.8719,20.5731],[97.9067,20.5379],[97.9195,20.4195],[97.9542,20.3938],[98.0,20.4209],[98.0,20.2678],[97.9831,20.248],[97.9968,20.2123],[97.9616,20.1989],[97.9334,20.129],[97.9697,20.1025],[97.9965,20.113],[98.0,20.0801],[97.9124,20.061],[97.8851,20.0807],[97.8191,19.9792],[97.8401,19.9423],[97.8435,19.9793],[97.8612,19.9893],[97.8986,19.9692],[97.906,19.9787],[97.9015,20.0213],[97.9282,20.0407],[97.948,20.0294],[97.9621,19.9777],[98.0,19.9507],[98.0,19.917],[97.9677,19.9279],[97.9716,19.8614],[97.9448,19.8695],[97.9469,19.8897],[97.9208,19.9232],[97.8873,19.9113],[97.8704,19.9224],[97.8724,19.9037],[97.853,19.9043],[97.8636,19.8618],[97.8423,19.8494],[97.8551,19.8277],[97.819,19.8213],[97.8783,19.778],[97.905,19.7894],[97.8861,19.7616],[97.9466,19.7297],[97.9358,19.6961],[97.947,19.6706],[97.9348,19.6716],[97.9135,19.7322],[97.873,19.7552],[97.8616,19.7534],[97.8551,19.7719],[97.8467,19.7534],[97.8354,19.7551],[97.803,19.736],[97.8058,19.7625],[97.7864,19.7722],[97.8138,19.7883],[97.7884,19.8308],[97.7708,19.8317],[97.7718,19.7878],[97.7529,19.7769],[97.78,19.747],[97.7703,19.7357],[97.8156,19.6966],[97.8038,19.6861],[97.7546,19.7221],[97.7506,19.7076],[97.8139,19.6705],[97.7871,19.6475],[97.7885,19.6279],[97.7614,19.6302],[97.7525,19.6149],[97.7978,19.6217],[97.7859,19.5706],[97.7973,19.5543],[97.7777,19.5546],[97.7796,19.5371],[97.7445,19.5125],[97.765,19.4929],[97.8125,19.5058],[97.7903,19.4755],[97.8626,19.4891],[97.811,19.4367],[97.8375,19.4186],[97.8789,19.4722],[97.8971,19.4455],[97.8775,19.4218],[97.8881,19.4029],[97.8947,19.4216],[97.9471,19.4519],[97.9518,19.4964],[97.9819,19.52],[97.9847,19.57],[98.0,19.588],[98.0,18.8791],[97.9857,18.8713],[98.0,18.8661],[98.0,18.713],[97.975,18.6955],[97.9829,18.6843],[98.0,18.6954],[98.0,18.6417],[97.9833,18.6369],[98.0,18.6369],[98.0,18.3345],[97.9862,18.3468],[97.9772,18.3298],[98.0,18.3251],[98.0,18.034],[97.9845,18.0085],[97.9967,17.9709],[97.9864,17.9615],[98.0,17.9573],[98.0,17.6295],[97.9802,17.6636],[97.9518,17.6702],[97.9638,17.6887],[97.9515,17.7432],[97.9653,17.7614],[97.9313,17.8391],[97.9194,17.7955],[97.9313,17.7621],[97.904,17.7806],[97.8926,17.7586],[97.9311,17.6956],[97.9191,17.6861],[97.9387,17.6715],[97.9358,17.6537],[97.9476,17.663],[97.9684,17.6269],[97.9987,17.6098],[98.0,17.3035],[97.9832,17.388],[97.9606,17.3897],[97.944,17.3627],[97.9517,17.3212],[97.9705,17.322],[97.9783,17.2927],[97.9947,17.2772],[98.0,17.2861],[98.0,17.1379],[97.9549,17.214],[97.9497,17.1942],[98.0,17.1297],[98.0,17.1078],[97.9541,17.1225],[97.9365,17.1113],[97.928,17.139],[97.9265,17.1124],[97.9565,17.0669],[97.8931,17.1037],[97.8858,17.122],[97.9063,17.171],[97.8666,17.1877],[97.8706,17.2065],[97.8447,17.2029],[97.8189,17.2625],[97.8374,17.2899],[97.8636,17.2948],[97.8799,17.3312],[97.8225,17.3011],[97.8298,17.3228],[97.7953,17.3389],[97.7689,17.3286],[97.7727,17.3645],[97.7363,17.3697],[97.7386,17.3899],[97.7114,17.3948],[97.6977,17.4301],[97.671,17.4027],[97.6645,17.4467],[97.6282,17.4367],[97.6453,17.4567],[97.6895,17.4604],[97.6749,17.5086],[97.6892,17.5223],[97.6717,17.5572],[97.6198,17.584],[97.5942,17.6192],[97.5895,17.6542],[97.5436,17.7205],[97.5552,17.7377],[97.5439,17.7573],[97.5289,17.7561],[97.5291,17.7359],[97.5041,17.7568],[97.4867,17.7562],[97.5072,17.7343],[97.4429,17.7696],[97.48,17.6955],[97.4619,17.6862],[97.446,17.7143],[97.4444,17.6881],[97.4968,17.6044],[97.4896,17.594],[97.4446,17.6143],[97.4029,17.5856],[97.3816,17.6138],[97.3706,17.6017],[97.3344,17.6269],[97.3457,17.5853],[97.3971,17.5807],[97.4325,17.5529],[97.4373,17.5276],[97.385,17.533],[97.3624,17.5195],[97.3375,17.5308],[97.3273,17.5128],[97.3703,17.4107],[97.4569,17.3193],[97.4717,17.2782],[97.4376,17.3069],[97.4252,17.2925],[97.4697,17.2364],[97.4885,17.2386],[97.498,17.2226],[97.4975,17.2046],[97.4715,17.1869],[97.404,17.2018],[97.4312,17.2037],[97.4208,17.2227],[97.3694,17.1864],[97.3646,17.2119],[97.3115,17.2725],[97.3099,17.2458],[97.3357,17.2024],[97.389,17.1465],[97.3721,17.1344],[97.2849,17.2286],[97.2671,17.2989],[97.2798,17.314],[97.2864,17.293],[97.2911,17.3092],[97.2678,17.3388],[97.2516,17.4367],[97.2713,17.4469],[97.2852,17.4039],[97.3185,17.3861],[97.35,17.404],[97.3302,17.4469],[97.2951,17.4531],[97.2695,17.4782],[97.3066,17.471],[97.3057,17.4962],[97.2865,17.5111],[97.2967,17.5304],[97.2583,17.5183],[97.2557,17.5383],[97.2435,17.5299],[97.2491,17.3586],[97.2328,17.3744],[97.2033,17.3645],[97.2234,17.346],[97.2096,17.3236],[97.2309,17.2958],[97.1947,17.28],[97.186,17.2598],[97.1636,17.3313],[97.1279,17.3714],[97.1729,17.37],[97.1729,17.4134],[97.113,17.3701],[97.0778,17.3719],[97.1056,17.3463],[97.0963,17.3356],[97.0672,17.3498],[97.0808,17.4052],[97.0304,17.4391],[97.011,17.4208],[97.0151,17.4599],[97.003,17.4709],[97.0227,17.4953],[97.0105,17.4963],[97.013,17.5159],[96.9795,17.5277],[96.9722,17.5476],[96.9538,17.5279],[96.9184,17.5486],[96.9459,17.5898],[97.0076,17.6015],[96.9973,17.622],[96.9608,17.6361],[96.9799,17.6449],[96.9684,17.6612],[96.9895,17.6788],[96.9639,17.6764],[96.9529,17.6946],[96.9719,17.704],[96.9599,17.737],[96.9739,17.7346],[96.9642,17.7717],[96.9456,17.7532],[96.942,17.7741],[96.9637,17.8066],[96.9401,17.8387],[96.9223,17.8252],[96.9008,17.8331],[96.9303,17.8727],[96.9956,17.8021],[96.9862,17.839],[97.0298,17.8107],[97.0189,17.8362],[97.0383,17.828],[97.0485,17.8557],[97.0361,17.8663],[96.9961,17.8518],[96.9953,17.8811],[96.9781,17.8527],[96.9618,17.8617],[96.9722,17.879],[96.956,17.8967],[96.9456,17.8691],[96.9276,17.8944],[96.9637,17.928],[96.9442,17.9711],[96.9518,17.9878],[96.9809,17.9791],[96.9446,18.0147],[96.9871,18.0482],[97.0312,18.0454],[96.9952,18.0687],[97.004,18.0901],[96.9527,18.0875],[96.9737,18.1068],[96.9629,18.1375],[96.9799,18.1282],[96.9971,18.1567],[96.9713,18.1727],[96.9697,18.153],[96.9514,18.1822],[96.9279,18.1721],[96.9643,18.1126],[96.911,18.0732],[96.9492,18.0417],[96.9275,18.0213],[96.9412,17.9923],[96.9194,17.9553],[96.9381,17.945],[96.9051,17.9348],[96.9154,18.0183],[96.8852,18.0455],[96.8978,18.0623],[96.876,18.0751],[96.8975,18.0975],[96.8594,18.0997],[96.8719,18.129],[96.8592,18.1509],[96.8817,18.1788],[96.8905,18.2278],[96.8527,18.2557],[96.8745,18.226],[96.8654,18.2009],[96.8545,18.2305],[96.8349,18.2389],[96.7929,18.3387],[96.7899,18.388],[96.7693,18.4129],[96.8055,18.413],[96.753,18.47],[96.7637,18.4973],[96.7427,18.4806],[96.7555,18.522],[96.7363,18.5111],[96.7026,18.5285],[96.7556,18.5551],[96.672,18.5888],[96.6598,18.5796],[96.6597,18.6112],[96.6815,18.6045],[96.6781,18.6468],[96.7071,18.6859],[96.6854,18.6953],[96.6894,18.7215],[96.6709,18.7104],[96.6214,18.7637],[96.6388,18.7294],[96.6168,18.7175],[96.5926,18.7302],[96.585,18.7546],[96.6241,18.8265],[96.577,18.822],[96.5981,18.8537],[96.6,18.8938],[96.5531,18.9614],[96.5736,18.978],[96.495,18.9951],[96.4904,19.0441],[96.4703,19.0512],[96.4521,19.0877],[96.4488,19.1531],[96.4305,19.1726],[96.4114,19.1481],[96.4033,19.1135],[96.4134,19.1039],[96.3974,19.0189],[96.3811,19.0023],[96.3287,18.9982],[96.3125,18.9784],[96.2862,18.9889],[96.2977,18.9455],[96.2768,18.9457],[96.2774,18.8959],[96.3124,18.9137],[96.3112,18.8958],[96.3237,18.8942],[96.3319,18.8401],[96.3021,18.8717],[96.3155,18.8331],[96.3026,18.8122],[96.321,18.7859],[96.3197,18.8221],[96.3382,18.8159],[96.372,18.722],[96.3999,18.5952],[96.3858,18.5786],[96.3943,18.4113],[96.4319,18.3282],[96.4265,18.2871],[96.4551,18.2554],[96.4434,18.2387],[96.4653,18.2332],[96.4428,18.2085],[96.4517,18.1454],[96.4805,18.1206],[96.4609,18.0793],[96.4882,18.0542],[96.4779,17.9864],[96.5029,17.9978],[96.5069,17.9767],[96.4836,17.9646],[96.4911,17.8606],[96.4774,17.8538],[96.4911,17.833],[96.4917,17.7497],[96.4755,17.7141],[96.4903,17.6915],[96.4767,17.6712],[96.5069,17.6599],[96.4864,17.6553],[96.4845,17.6351],[96.5066,17.5814],[96.4688,17.6134],[96.4815,17.5637],[96.4451,17.5896],[96.4552,17.5283],[96.4456,17.5028],[96.4207,17.5104],[96.4321,17.5335],[96.422,17.5548],[96.3945,17.5545],[96.4223,17.5802],[96.3932,17.578],[96.398,17.6038],[96.3784,17.6045],[96.3888,17.6219],[96.3433,17.6319],[96.3714,17.6829],[96.346,17.6691],[96.3266,17.6805],[96.3113,17.6716],[96.3124,17.6445],[96.2694,17.6362],[96.2598,17.6526],[96.2981,17.7211],[96.2622,17.7235],[96.2363,17.6946],[96.2101,17.7125],[96.2091,17.7365],[96.249,17.7449],[96.2563,17.7714],[96.2369,17.7532],[96.2354,17.789],[96.2086,17.7509],[96.1764,17.7722],[96.1701,17.7611],[96.1978,17.7459],[96.1781,17.7299],[96.188,17.712],[96.1691,17.7112],[96.205,17.6791],[96.1783,17.6553],[96.1903,17.6401],[96.1774,17.6196],[96.2147,17.5957],[96.222,17.57],[96.2026,17.561],[96.2316,17.5297],[96.2196,17.5101],[96.2811,17.4444],[96.2513,17.4264],[96.2357,17.4381],[96.2376,17.4113],[96.1707,17.4112],[96.1679,17.4443],[96.1973,17.4721],[96.1796,17.4617],[96.1629,17.4732],[96.1485,17.4426],[96.1316,17.4958],[96.1136,17.4909],[96.1161,17.4537],[96.0956,17.4642],[96.0777,17.4543],[96.0974,17.4548],[96.1236,17.4053],[96.077,17.3954],[96.1069,17.3777],[96.1031,17.3534],[96.1299,17.3207],[96.111,17.3112],[96.1405,17.2774],[96.1389,17.2459],[96.1277,17.2651],[96.1099,17.2543],[96.0874,17.3064],[96.0628,17.2862],[96.0636,17.3138],[96.0366,17.311],[96.0279,17.3542],[96.0401,17.3773],[95.9697,17.5794],[95.9886,17.5735],[95.9884,17.5444],[95.9989,17.5664],[95.9861,17.6055],[96.0308,17.6218],[95.989,17.6265],[95.962,17.6477],[95.9561,17.6191],[95.9269,17.597],[95.927,17.6455],[95.964,17.6778],[95.9515,17.6903],[95.9642,17.6962],[95.9469,17.7722],[95.9119,17.7114],[95.9149,17.7456],[95.895,17.7426],[95.886,17.7794],[95.895,17.7965],[95.9225,17.7958],[95.8987,17.8775],[95.8779,17.8944],[95.8888,17.9551],[95.8491,18.005],[95.8372,17.9778],[95.8176,18.006],[95.8203,18.0566],[95.8559,18.0634],[95.8468,18.0886],[95.828,18.0867],[95.8382,18.1059],[95.7935,18.0816],[95.8043,18.1231],[95.8654,18.1221],[95.8649,18.1713],[95.8266,18.2244],[95.8403,18.2612],[95.8195,18.2628],[95.8644,18.3048],[95.8319,18.2845],[95.8026,18.3128],[95.7896,18.3793],[95.7608,18.3871],[95.7635,18.4051],[95.7202,18.437],[95.7227,18.4629],[95.7113,18.4533],[95.6947,18.4695],[95.7047,18.5229],[95.6701,18.5116],[95.6491,18.5549],[95.6369,18.5369],[95.5868,18.5856],[95.6131,18.5857],[95.6143,18.6217],[95.5476,18.6069],[95.5415,18.5932],[95.5279,18.6155],[95.4961,18.6196],[95.4699,18.6542],[95.489,18.6719],[95.445,18.6929],[95.4094,18.7638],[95.4369,18.8363],[95.4637,18.8369],[95.4787,18.9314],[95.4968,18.9473],[95.5261,18.9118],[95.5376,18.9299],[95.547,18.9113],[95.5478,18.9625],[95.4991,18.9997],[95.4859,18.9961],[95.499,18.968],[95.4878,18.9584],[95.4345,18.9991],[95.3461,18.9976],[95.3478,18.9792],[95.3226,18.9607],[95.2531,18.949],[95.2459,18.8768],[95.2046,18.9151],[95.1791,18.8942],[95.1613,18.9113],[95.1652,18.9444],[95.1523,18.937],[95.151,18.961],[95.181,18.9956],[95.1448,19.004],[95.189,19.0863],[95.193,19.2029],[95.224,19.2153],[95.1943,19.2209],[95.1929,19.2579],[95.2324,19.2983],[95.2168,19.3378],[95.2236,19.4199],[95.2022,19.4307],[95.1861,19.5042],[95.2227,19.5528],[95.2027,19.5623],[95.2149,19.5955],[95.1947,19.6036],[95.2047,19.6325],[95.2225,19.6371],[95.2101,19.6715],[95.231,19.6808],[95.1766,19.7054],[95.1885,19.721],[95.1698,19.7461],[95.1822,19.8601],[95.1599,19.8598],[95.1715,19.8893],[95.1428,19.8866],[95.1283,19.9029],[95.1379,19.9142],[95.1133,19.9304],[95.0875,19.9195],[95.0596,19.9305],[95.0746,19.9829],[95.0439,20.0023],[95.0363,20.0566],[95.1228,20.0962],[95.0757,20.108],[94.987,20.0767],[94.9712,20.1073],[94.9202,20.1603],[94.9321,20.2],[94.918,20.2198],[94.9393,20.2541],[94.9306,20.3371],[94.8531,20.503],[94.8721,20.5135],[94.8429,20.5303],[94.7814,20.6711],[94.7444,20.6871],[94.7453,20.8301],[94.781,20.837],[94.8641,20.9446],[94.8726,21.0042],[94.8596,21.0584],[94.8718,21.0958],[94.8597,21.1097],[94.8725,21.1129],[94.8588,21.1411],[94.881,21.1535],[94.8625,21.1656],[94.9371,21.2067],[94.9809,21.2107],[95.0532,21.2721],[95.0872,21.2685],[95.0796,21.2816],[95.1064,21.278],[95.2128,21.3303],[95.2482,21.3196],[95.2813,21.3458],[95.2697,21.3651],[95.2898,21.3796],[95.3028,21.4054],[95.3411,21.4006],[95.3726,21.4189],[95.3834,21.4667],[95.3763,21.5266],[95.3892,21.5307],[95.3717,21.5552],[95.3529,21.555],[95.3887,21.5863],[95.4058,21.6279],[95.3777,21.6461],[95.3747,21.6773],[95.406,21.73],[95.3662,21.7005],[95.3138,21.7014],[95.311,21.7227],[95.2944,21.7057],[95.3037,21.6773],[95.3459,21.6897],[95.3656,21.653],[95.3279,21.6302],[95.3468,21.6207],[95.3398,21.5617],[95.3209,21.552],[95.3203,21.5728],[95.3022,21.5518],[95.2778,21.5611],[95.2808,21.6051],[95.2447,21.6451],[95.2442,21.6801],[95.2358,21.6446],[95.2651,21.6213],[95.266,21.5652],[95.2189,21.5561],[95.2303,21.5295],[95.2185,21.5196],[95.2015,21.4697],[95.2066,21.4485],[95.1651,21.3517],[95.0762,21.3174],[95.0021,21.322],[94.9042,21.245],[94.8608,21.2477],[94.8107,21.1893],[94.8135,21.1377],[94.7944,21.128],[94.8323,20.9554],[94.8048,20.8952],[94.7622,20.89],[94.6431,20.8212],[94.6651,20.7681],[94.6441,20.7364],[94.672,20.6968],[94.6686,20.6545],[94.6888,20.6538],[94.6613,20.6383],[94.6738,20.6001],[94.6596,20.5552],[94.6965,20.5717],[94.7057,20.5372],[94.6857,20.5287],[94.7058,20.5112],[94.669,20.481],[94.6635,20.4211],[94.644,20.4123],[94.6232,20.3631],[94.6029,20.3636],[94.5966,20.3367],[94.5777,20.3291],[94.6084,20.3178],[94.6625,20.3305],[94.6871,20.3108],[94.6969,20.3222],[94.7009,20.2572],[94.7183,20.1947],[94.7721,20.1862],[94.8214,20.2222],[94.8297,20.1932],[94.855,20.2048],[94.8825,20.1649],[94.852,20.1368],[94.8965,20.1407],[94.9138,20.1053],[94.9036,20.094],[94.9715,20.0488],[94.9936,19.9873],[95.0223,19.9707],[95.0031,19.9261],[95.0712,19.8879],[95.0793,19.8689],[95.1048,19.8715],[95.1387,19.8373],[95.0775,19.8209],[95.1388,19.7972],[95.118,19.7616],[95.1334,19.71],[95.1191,19.6942],[95.1572,19.6613],[95.1591,19.4819],[95.1906,19.4517],[95.1775,19.4445],[95.1989,19.3733],[95.1765,19.328],[95.1829,19.2507],[95.1607,19.1954],[95.1744,19.1403],[95.1645,19.1274],[95.112,19.1066],[95.0878,19.0862],[95.0726,19.1142],[95.0354,19.1325],[95.0109,19.1295],[95.0348,19.1034],[95.0547,19.0963],[95.0985,19.0294],[95.0889,19.0113],[95.0273,18.9955],[95.0372,18.9773],[95.0811,18.9645],[95.0767,18.904],[95.1234,18.9714],[95.0945,18.8847],[95.1815,18.8715],[95.1987,18.8069],[95.1712,18.7777],[95.1468,18.8137],[95.1194,18.8051],[95.1391,18.7712],[95.1035,18.7645],[95.0946,18.7095],[95.069,18.7467],[95.0719,18.7212],[95.0513,18.7009],[95.0361,18.7626],[95.0472,18.7887],[95.0206,18.7756],[95.0205,18.7902],[94.9953,18.7912],[94.9861,18.7211],[94.9996,18.706],[95.0055,18.579],[94.9976,18.5535],[94.9873,18.5721],[94.9776,18.5547],[94.9986,18.526],[95.0032,18.5473],[95.0151,18.5448],[95.0192,18.4616],[95.0432,18.3805],[95.064,18.3637],[95.0446,18.3542],[95.0664,18.3319],[95.051,18.2885],[95.0614,18.2696],[95.0882,18.2802],[95.0865,18.2276],[95.0978,18.2615],[95.1018,18.2205],[95.1224,18.1958],[95.1112,18.1614],[95.1575,18.1831],[95.1564,18.1374],[95.1196,18.1218],[95.139,18.103],[95.0858,18.0959],[95.1147,18.0861],[95.116,18.0422],[95.1012,18.0235],[95.1224,18.0125],[95.0856,17.9877],[95.0775,17.945],[95.0971,17.9651],[95.1213,17.9566],[95.1024,17.9204],[95.1203,17.9229],[95.1326,17.9008],[95.0867,17.8977],[95.0978,17.8722],[95.0798,17.8729],[95.0609,17.8476],[95.0181,17.7609],[95.0106,17.7283],[95.0404,17.7307],[95.0021,17.6958],[95.0305,17.6801],[95.0323,17.6572],[94.9957,17.6646],[94.9765,17.6294],[94.9763,17.6057],[94.9984,17.587],[94.9363,17.5398],[94.9233,17.4538],[94.8949,17.4133],[94.9045,17.4021],[94.863,17.3368],[94.8356,17.3466],[94.8383,17.3094],[94.8109,17.3132],[94.8099,17.2723],[94.8308,17.2542],[94.8099,17.2361],[94.8147,17.1958],[94.7948,17.1969],[94.7888,17.1614],[94.7686,17.1636],[94.7126,17.1227],[94.697,17.094],[94.6982,17.1211],[94.6675,17.1821],[94.6721,17.2224],[94.6477,17.1774],[94.6096,17.1789],[94.6414,17.1578],[94.6265,17.1045],[94.6494,17.1062],[94.6202,17.0521],[94.6317,17.0531],[94.6545,17.0808],[94.6728,17.0618],[94.6656,17.0911],[94.6869,17.0901],[94.6983,17.0707],[94.6787,17.0334],[94.6531,17.03],[94.6297,16.9699],[94.6094,16.9801],[94.6128,17.0225],[94.5854,16.9709],[94.6058,16.8793],[94.5622,16.9064],[94.5723,16.853],[94.5127,16.8102],[94.4926,16.8183],[94.5139,16.7792],[94.5096,16.7223],[94.5384,16.707],[94.5663,16.6577],[94.5546,16.6361],[94.5552,16.6553],[94.5365,16.6554],[94.5098,16.5883],[94.5459,16.6135],[94.5525,16.5872],[94.5625,16.5965],[94.5805,16.5805],[94.5734,16.5054],[94.5364,16.4482],[94.5468,16.4363],[94.5326,16.3961],[94.5043,16.398],[94.4609,16.3624],[94.481,16.4544],[94.47,16.4806],[94.4548,16.4426],[94.4346,16.4443],[94.4047,16.3199],[94.376,16.3445],[94.3971,16.3045],[94.3692,16.2451],[94.3894,16.255],[94.3998,16.2272],[94.3682,16.2131],[94.3982,16.1945],[94.422,16.22],[94.4202,16.2552],[94.4416,16.2395],[94.4098,16.1449],[94.4065,16.0787],[94.3618,16.0699],[94.3567,16.1291],[94.3379,16.1115],[94.3283,16.1304],[94.2936,16.0794],[94.2971,16.054],[94.2773,16.0717],[94.2585,16.0262],[94.2414,16.0624],[94.2195,16.0627],[94.223,16.0862],[94.2096,16.1001],[94.2301,16.1117],[94.2374,16.148],[94.2644,16.1033],[94.2619,16.1308],[94.3155,16.189],[94.2903,16.1767],[94.2883,16.197],[94.271,16.1862],[94.2367,16.2042],[94.2556,16.2128],[94.2344,16.2258],[94.2451,16.2633],[94.2977,16.2693],[94.2616,16.2869],[94.2803,16.3051],[94.2608,16.3037],[94.2529,16.3279],[94.2797,16.3351],[94.2894,16.3445],[94.2696,16.3706],[94.2964,16.3857],[94.2867,16.3972],[94.3074,16.4167],[94.2862,16.4539],[94.3116,16.4718],[94.3394,16.4688],[94.347,16.4989],[94.3811,16.5037],[94.3581,16.5334],[94.3893,16.5611],[94.3692,16.5864],[94.3794,16.6141],[94.4187,16.5864],[94.4381,16.5891],[94.4366,16.5699],[94.446,16.5803],[94.4636,16.5695],[94.4722,16.6055],[94.4472,16.5934],[94.4384,16.6133],[94.4198,16.603],[94.4134,16.6303],[94.377,16.6359],[94.3791,16.6554],[94.4061,16.646],[94.3778,16.689],[94.3975,16.7081],[94.422,16.6857],[94.4555,16.7118],[94.428,16.7126],[94.4488,16.7598],[94.4177,16.795],[94.4648,16.8041],[94.478,16.8789],[94.5133,16.9097],[94.5202,16.9383],[94.5726,16.929],[94.5114,17.0205],[94.5388,17.0601],[94.5554,17.1626],[94.5579,17.2412],[94.535,17.2632],[94.5637,17.2718],[94.5817,17.2565],[94.5938,17.2001],[94.6726,17.2526],[94.6446,17.2788],[94.6727,17.2872],[94.6446,17.3044],[94.6716,17.348],[94.6534,17.3555],[94.6017,17.3223],[94.6226,17.3707],[94.5849,17.3887],[94.5987,17.4332],[94.5847,17.4765],[94.628,17.4273],[94.6469,17.4642],[94.6797,17.4104],[94.6725,17.4644],[94.645,17.4802],[94.6709,17.4817],[94.6957,17.461],[94.731,17.504],[94.7042,17.4937],[94.6977,17.5206],[94.6707,17.5474],[94.6553,17.5026],[94.6286,17.503],[94.649,17.5946],[94.622,17.5696],[94.6029,17.5876],[94.6391,17.6621],[94.5939,17.7042],[94.5886,17.7634],[94.5678,17.7644],[94.582,17.7821],[94.5788,17.8235],[94.5465,17.7449],[94.5363,17.7611],[94.5475,17.7953],[94.5189,17.8189],[94.5095,17.8683],[94.5197,17.9056],[94.5548,17.9026],[94.5559,17.9206],[94.5322,18.0276],[94.5125,18.0275],[94.5139,18.0461],[94.5007,18.049],[94.5059,18.1039],[94.4921,18.1361],[94.4958,18.1471],[94.5309,18.1384],[94.4843,18.2],[94.4989,18.225],[94.486,18.2626],[94.5184,18.2513],[94.531,18.2713],[94.5107,18.2618],[94.5046,18.2908],[94.4792,18.2942],[94.4696,18.315],[94.4348,18.305],[94.4559,18.3555],[94.4011,18.4266],[94.422,18.4282],[94.4151,18.4483],[94.456,18.4385],[94.4181,18.4723],[94.4393,18.4872],[94.4318,18.5036],[94.3857,18.5293],[94.4223,18.5535],[94.4154,18.5705],[94.3304,18.6018],[94.3373,18.6167],[94.2855,18.6356],[94.2613,18.6784],[94.275,18.7075],[94.2875,18.6776],[94.3742,18.6846],[94.3436,18.7042],[94.3379,18.7307],[94.3195,18.7294],[94.3302,18.7482],[94.2765,18.8123],[94.2997,18.8326],[94.27,18.8635],[94.3128,18.8526],[94.314,18.8633],[94.265,18.9056],[94.2608,18.8928],[94.2359,18.8938],[94.1948,18.9378],[94.2304,18.9469],[94.2716,18.9267],[94.2818,18.9453],[94.2613,18.9448],[94.2534,18.9727],[94.2834,18.9823],[94.3032,18.9694],[94.3214,18.9692],[94.3226,18.9887],[94.2717,19.0305],[94.2576,19.0037],[94.2308,19.0003],[94.2038,19.0285],[94.23,19.0533],[94.2213,19.0657],[94.2469,19.0783],[94.2287,19.0883],[94.2557,19.1043],[94.2107,19.1035],[94.2071,19.1608],[94.1782,19.1707],[94.2054,19.1783],[94.1862,19.2118],[94.1947,19.2221],[94.2236,19.1886],[94.2215,19.2226],[94.1974,19.2475],[94.1766,19.2486],[94.2052,19.2781],[94.1844,19.2932],[94.207,19.3193],[94.1866,19.3279],[94.1552,19.4218],[94.1368,19.4262],[94.1062,19.4874],[94.0636,19.5304],[94.0368,19.5284],[94.0318,19.5694],[94.0109,19.5863],[94.0099,19.6194],[94.0278,19.6388],[94.0443,19.5948],[94.055,19.6006],[94.0595,19.6775],[94.0804,19.6782],[94.0633,19.7054],[94.0349,19.696],[94.053,19.7456],[94.0719,19.7519],[94.071,19.7726],[94.1059,19.7456],[94.051,19.8153],[94.0624,19.8396],[94.0971,19.8447],[94.0821,19.903],[94.072,19.8628],[94.0457,19.8364],[94.0224,19.8802],[94.0101,19.8718],[94.0375,19.8025],[93.9608,19.8217],[93.977,19.7288],[94.0221,19.7367],[93.9944,19.6873],[93.9978,19.6204],[93.9448,19.6112],[93.8947,19.6293],[93.8026,19.8544],[93.8207,19.8727],[93.8179,19.8389],[93.8369,19.8265],[93.8697,19.8471],[93.8801,19.8366],[93.8856,19.8581],[93.9209,19.8474],[93.9312,19.8284],[93.9305,19.8638],[93.9018,19.8613],[93.8855,19.8857],[93.888,19.923],[93.8567,19.861],[93.8281,19.8863],[93.8277,19.9379],[93.8375,19.9559],[93.8656,19.9424],[93.896,19.9552],[93.9068,19.9447],[93.9389,19.9888],[93.9193,19.9881],[93.9043,19.9605],[93.8472,20.0058],[93.796,19.9987],[93.7877,19.8775],[93.7158,19.9967],[93.7038,19.9774],[93.6858,19.9797],[93.6988,19.9585],[93.6874,19.9181],[93.6561,19.9715],[93.6375,19.9588],[93.6127,19.9692],[93.6216,19.98],[93.6039,19.9871],[93.6058,20.0046],[93.5864,20.003],[93.5405,20.0717],[93.5273,20.0629],[93.5379,20.0281],[93.5005,20.07],[93.5015,20.0885],[93.5304,20.0883],[93.4982,20.1219],[93.4817,20.1097],[93.4801,20.1302],[93.4615,20.1293],[93.4725,20.1469],[93.4446,20.1947],[93.4405,20.278],[93.3756,20.4406],[93.3845,20.4635],[93.406,20.4639],[93.3885,20.4887],[93.3697,20.4693],[93.3428,20.5305],[93.3476,20.5871],[93.3276,20.6029],[93.3475,20.6037],[93.3266,20.6487],[93.3386,20.6636],[93.3186,20.6615],[93.303,20.6805],[93.3147,20.6455],[93.2873,20.6517],[93.2727,20.712],[93.26,20.7155],[93.2753,20.733],[93.3055,20.7195],[93.3058,20.7463],[93.2601,20.7554],[93.2635,20.7367],[93.2367,20.7032],[93.1914,20.8076],[93.1859,20.7461],[93.1978,20.7356],[93.1866,20.7274],[93.1619,20.7451],[93.1385,20.8883],[93.1197,20.9224],[93.1294,20.8029],[93.0697,20.9046],[93.0641,20.9646],[93.0531,20.9724],[93.0543,20.9447],[93.0435,20.9618],[93.0398,21.0207],[93.0013,21.024],[93.0226,21.0631],[93.0037,21.0534],[92.985,21.0881],[92.9958,21.1136],[93.0026,21.087],[93.0215,21.0861],[93.0306,21.1133],[92.9876,21.1565],[92.945,21.1689],[92.9642,21.1946],[92.9567,21.2213],[92.9266,21.2368],[92.9233,21.304],[92.9031,21.2946],[92.8715,21.3556],[92.8798,21.3183],[92.8626,21.3106],[92.8538,21.3306],[92.8503,21.3195],[92.8822,21.2529],[92.8768,21.2204],[92.9484,21.1295],[92.9719,21.0296],[92.9614,20.9861],[92.9309,21.073],[92.9201,21.0805],[92.9123,21.0617],[92.9024,21.0777],[92.9221,21.1139],[92.8696,21.0946],[92.8477,21.1468],[92.8284,21.1312],[92.8476,21.1208],[92.8612,21.086],[92.8973,21.0725],[92.8718,21.0193],[92.8507,21.0634],[92.8443,21.0197],[92.8852,20.8702],[92.8958,20.8528],[92.906,20.8715],[92.9139,20.8469],[92.8941,20.8278],[92.9222,20.7875],[92.8863,20.7903],[92.9002,20.7644],[92.8885,20.7195],[92.8718,20.7384],[92.8463,20.735],[92.846,20.7476],[92.8276,20.7364],[92.8537,20.6843],[92.8814,20.6648],[92.927,20.6102],[92.9465,20.5964],[92.9443,20.5776],[92.9819,20.5379],[92.9996,20.4752],[92.9788,20.4892],[92.9737,20.4677],[92.9531,20.5032],[92.9553,20.5315],[92.9339,20.5414],[92.9712,20.4115],[92.9357,20.436],[92.9375,20.4469],[92.9574,20.4401],[92.9381,20.4741],[92.9281,20.4805],[92.9281,20.4613],[92.9102,20.4786],[92.9137,20.4971],[92.903,20.5134],[92.9227,20.5129],[92.9027,20.5293],[92.9129,20.5579],[92.9034,20.564],[92.8775,20.5284],[92.8679,20.5499],[92.8805,20.5884],[92.8291,20.6108],[92.8195,20.6305],[92.8188,20.6112],[92.8554,20.5731],[92.853,20.5451],[92.8825,20.4842],[92.8793,20.4664],[92.8606,20.4621],[92.7857,20.5959],[92.7969,20.6135],[92.7776,20.6119],[92.7436,20.6461],[92.7636,20.6533],[92.7644,20.6799],[92.7342,20.6617],[92.6796,20.7473],[92.6358,20.7858],[92.6176,20.8267],[92.6473,20.8639],[92.6221,20.8446],[92.6107,20.8546],[92.5954,20.827],[92.5824,20.9677],[92.552,21.0046],[92.5567,21.0276],[92.5183,21.0871],[92.5138,21.1299],[92.4944,21.104],[92.5137,21.0611],[92.4783,21.0528],[92.489,21.137],[92.4677,21.1514],[92.4894,21.1627],[92.4578,21.1744],[92.4281,21.1702],[92.4558,21.1944],[92.4349,21.2058],[92.4303,21.2552],[92.4045,21.2726],[92.3845,21.2431],[92.4053,21.2043],[92.3857,21.1871],[92.4162,21.1745],[92.4026,21.1203],[92.422,21.1219],[92.4322,21.0946],[92.4095,21.0809],[92.4387,21.0651],[92.4271,21.0287],[92.4492,21.0346],[92.4346,21.0069],[92.4565,20.9722],[92.4344,20.9822],[92.4517,20.9277],[92.4659,20.9516],[92.4608,20.8777],[92.4975,20.8456],[92.4848,20.7955],[92.513,20.7729],[92.5282,20.7281],[92.5477,20.7293],[92.5447,20.7103],[92.5819,20.6532],[92.5769,20.6208],[92.6235,20.5961],[92.6198,20.5603],[92.6816,20.4545],[92.7222,20.3122],[92.7039,20.3269],[92.5985,20.5624],[92.5708,20.5527],[92.5352,20.5725],[92.5476,20.6038],[92.5277,20.6122],[92.54,20.629],[92.5401,20.6464],[92.5201,20.6453],[92.5099,20.6617],[92.492,20.711],[92.5059,20.7225],[92.4859,20.7286],[92.4886,20.748],[92.4607,20.7774],[92.464,20.7962],[92.4518,20.7961],[92.4396,20.8458],[92.4184,20.8622],[92.3698,20.9877],[92.3744,21.0911],[92.3352,21.1887],[92.3402,21.2192],[92.3111,21.271],[92.3149,21.3539],[92.2789,21.3748],[92.2729,21.345],[92.25,21.3541],[92.27,21.4231],[92.2885,21.3858],[92.2835,21.4238],[92.3202,21.4175],[92.3417,21.4545],[92.3805,21.4734],[92.4223,21.4277],[92.4239,21.3792],[92.4385,21.3632],[92.4947,21.3496],[92.5546,21.3763],[92.5936,21.2452],[92.6142,21.2422],[92.6737,21.2913],[92.6281,21.4487],[92.6091,21.5901],[92.6013,21.7],[92.6267,21.8846],[92.6083,22.0148],[92.5644,22.1293],[92.604,22.126],[92.609,22.1642],[92.5768,22.2712],[92.5456,22.517],[92.525,22.5578],[92.5367,22.5751],[92.5239,22.618],[92.533,22.6703],[92.5163,22.7324],[92.4795,22.7571],[92.4746,22.7451],[92.4727,22.8559],[92.3864,22.9545],[92.3995,23.0581],[92.3584,23.1038],[92.3484,23.2343],[92.3856,23.2653],[92.367,23.3232],[92.3766,23.3484],[92.3406,23.425],[92.3274,23.4231],[92.3021,23.5804],[92.2732,23.6266],[92.29,23.6943],[92.2465,23.7212],[92.2129,23.6503],[92.2115,23.6964],[92.1605,23.7336],[92.0846,23.6742],[92.0741,23.6453],[92.0298,23.6395],[91.9796,23.7216],[91.9538,23.7265],[91.9388,23.6542],[91.9666,23.4872],[91.9416,23.463],[91.9358,23.4298],[91.9016,23.4346],[91.8422,23.4],[91.7736,23.2717],[91.7608,23.28],[91.7778,23.1954],[91.7982,23.1787],[91.7944,23.1531],[91.8278,23.0904],[91.8027,23.0618],[91.7801,23.0805],[91.7717,23.0619],[91.7608,23.0713],[91.7557,23.043],[91.7308,23.0797],[91.7105,23.079],[91.7156,23.1268],[91.7073,23.1385],[91.685,23.1364],[91.6704,23.156],[91.6387,23.1364],[91.63,23.1551],[91.612,23.147],[91.6134,23.1285],[91.5928,23.1168],[91.6236,23.0776],[91.6194,23.037],[91.6313,23.0372],[91.6258,23.009],[91.6388,22.9955],[91.621,22.9532],[91.6058,22.9723],[91.5764,22.9804],[91.589,23.0054],[91.5594,23.0752],[91.5725,23.0963],[91.5455,23.1102],[91.5551,23.1217],[91.5351,23.1415],[91.5467,23.1551],[91.5262,23.1666],[91.5392,23.1713],[91.5302,23.2405],[91.568,23.1866],[91.5963,23.1808],[91.5901,23.1679],[91.6556,23.1613],[91.628,23.1794],[91.6356,23.2112],[91.6813,23.2203],[91.6367,23.2285],[91.6639,23.2365],[91.6553,23.2554],[91.6309,23.2421],[91.6032,23.2535],[91.6307,23.2526],[91.6395,23.2622],[91.5983,23.329],[91.5441,23.3292],[91.5641,23.3527],[91.5513,23.3615],[91.5721,23.3967],[91.5117,23.4124],[91.5299,23.4199],[91.5197,23.4456],[91.5385,23.4448],[91.5475,23.4697],[91.5192,23.4624],[91.5324,23.4905],[91.5267,23.5201],[91.5346,23.524],[91.5649,23.4881],[91.5901,23.3957],[91.5822,23.5443],[91.5701,23.5371],[91.5546,23.5743],[91.5315,23.5891],[91.5216,23.5533],[91.5041,23.5891],[91.4892,23.5511],[91.4793,23.5896],[91.3539,23.619],[91.3613,23.6639],[91.3904,23.6822],[91.4138,23.6695],[91.4028,23.6899],[91.4387,23.6948],[91.4408,23.7113],[91.4297,23.7224],[91.3932,23.7114],[91.3893,23.739],[91.3627,23.725],[91.3546,23.7389],[91.3168,23.7423],[91.3252,23.7579],[91.3815,23.753],[91.4084,23.7823],[91.4554,23.753],[91.4415,23.7985],[91.4966,23.7607],[91.4778,23.7884],[91.5139,23.7949],[91.4865,23.8044],[91.4888,23.8386],[91.4619,23.8368],[91.463,23.8726],[91.4289,23.8685],[91.4198,23.8874],[91.4323,23.9108],[91.4094,23.9151],[91.4473,23.9365],[91.4176,23.9666],[91.4558,24.0111],[91.4363,24.0364],[91.4559,24.0371],[91.4363,24.0627],[91.4485,24.0953],[91.5023,24.0865],[91.511,24.028],[91.527,23.9958],[91.596,23.9895],[91.6025,23.9627],[91.622,23.955],[91.6022,23.9455],[91.6125,23.9349],[91.6478,23.9624],[91.6458,23.9897],[91.7016,23.9923],[91.714,24.0017],[91.6973,24.0534],[91.7309,24.0386],[91.7219,24.0635],[91.6939,24.079],[91.6868,24.1125],[91.715,24.1466],[91.7534,24.1377],[91.7443,24.2224],[91.7784,24.225],[91.8056,24.2124],[91.7845,24.15],[91.7864,24.1116],[91.8072,24.0933],[91.7932,24.0724],[91.824,24.0325],[91.8115,24.0115],[91.8543,23.9935],[91.8364,24.0217],[91.8638,24.0434],[91.8598,24.0864],[91.8787,24.1398],[91.9101,24.1552],[91.9334,24.2795],[91.9287,24.3334],[91.9574,24.2677],[91.9431,24.243],[91.9563,24.2346],[91.9518,24.2128],[91.9634,24.2217],[91.9805,24.2041],[91.953,24.1968],[91.9805,24.1794],[91.9526,24.1798],[91.943,24.1301],[91.9656,24.1068],[91.9355,24.0893],[91.9336,24.0589],[91.9632,24.0382],[91.9615,24.0012],[91.997,23.9776],[91.9939,24.0384],[92.0311,24.0042],[92.0026,24.0448],[92.0141,24.0629],[91.9944,24.0719],[92.03,24.0773],[92.0112,24.1041],[92.0388,24.0945],[92.0266,24.1194],[92.0615,24.1555],[92.0615,24.1191],[92.0715,24.1257],[92.0823,24.1822],[92.062,24.1766],[92.0506,24.1902],[92.0558,24.2541],[92.0428,24.2768],[92.0641,24.287],[92.0655,24.3352],[92.045,24.3116],[92.0418,24.3797],[92.1165,24.3798],[92.1157,24.3239],[92.0945,24.3125],[92.1102,24.271],[92.1298,24.2799],[92.128,24.2519],[92.1529,24.2365],[92.1623,24.2548],[92.1998,24.242],[92.2069,24.2544],[92.185,24.2799],[92.2141,24.2785],[92.2106,24.3208],[92.2552,24.37],[92.244,24.3859],[92.2817,24.4308],[92.2917,24.3982],[92.2751,24.323],[92.2884,24.2446],[92.3057,24.2536],[92.3286,24.3965],[92.3466,24.3863],[92.3522,24.4143],[92.3889,24.414],[92.3962,24.3106],[92.4034,24.3549],[92.4388,24.3446],[92.4115,24.3714],[92.4387,24.3696],[92.4686,24.4138],[92.4818,24.396],[92.4864,24.4954],[92.5203,24.5719],[92.5172,24.4001],[92.5377,24.4225],[92.5419,24.3992],[92.5317,24.321],[92.5028,24.338],[92.5238,24.3115],[92.5011,24.275],[92.5025,24.2451],[92.5239,24.2526],[92.5213,24.2186],[92.5523,24.3477],[92.5697,24.3805],[92.5863,24.3682],[92.5985,24.3871],[92.578,24.3969],[92.6229,24.4712],[92.6188,24.4961],[92.6415,24.5074],[92.6978,24.4954],[92.6797,24.5148],[92.6525,24.5125],[92.6606,24.5525],[92.6738,24.5569],[92.6619,24.6217],[92.682,24.6219],[92.6872,24.6026],[92.7057,24.6124],[92.6929,24.5736],[92.7136,24.5445],[92.7118,24.5727],[92.7476,24.5786],[92.7528,24.6052],[92.7658,24.5868],[92.7978,24.621],[92.8033,24.6557],[92.8216,24.6553],[92.8109,24.6035],[92.832,24.6156],[92.8404,24.6056],[92.7936,24.5128],[92.7857,24.4626],[92.8051,24.4799],[92.8012,24.4389],[92.8125,24.4552],[92.8217,24.4363],[92.9054,24.5269],[92.9041,24.556],[92.8723,24.5187],[92.8502,24.5254],[92.8795,24.5444],[92.8985,24.5823],[92.9204,24.5599],[92.9474,24.5538],[92.9555,24.5282],[92.9274,24.4777],[92.9636,24.4697],[92.9723,24.5037],[92.953,24.5125],[92.9717,24.5199],[92.9973,24.6445],[92.9771,24.6642],[93.0034,24.7138],[93.0374,24.7025],[93.0776,24.7158],[93.089,24.6862],[93.0611,24.6304],[93.0489,24.5222],[92.9944,24.3957],[93.0372,24.3766],[93.0739,24.4567],[93.0441,24.4949],[93.064,24.5037],[93.0603,24.5361],[93.0817,24.5279],[93.0969,24.5364],[93.0928,24.555],[93.1137,24.553],[93.1097,24.5773],[93.1225,24.5797],[93.1113,24.598],[93.1386,24.6285],[93.136,24.6464],[93.1559,24.6526],[93.1359,24.6819],[93.1115,24.6883],[93.1033,24.6703],[93.0945,24.6968],[93.1637,24.7262],[93.1721,24.7467],[93.1529,24.7624],[93.1882,24.7606],[93.1773,24.7791],[93.2142,24.8279],[93.1834,24.8709],[93.2143,24.9133],[93.1944,24.8947],[93.1693,24.9212],[93.1969,24.9434],[93.1868,24.9543],[93.197,24.9637],[93.1601,24.9484],[93.1377,24.9025],[93.1556,24.9721],[93.128,24.972],[93.1291,24.935],[93.0712,24.9472],[93.0624,24.9282],[93.0367,24.9641],[93.0224,24.919],[93.0026,24.913],[93.0051,24.8758],[92.9943,24.87],[92.9793,24.8976],[92.9815,24.871],[92.9626,24.8691],[92.9598,24.9027],[92.9803,24.9126],[92.9734,24.9538],[92.9526,24.9651],[92.9151,24.9597],[92.8946,24.9725],[92.8709,24.9525],[92.871,24.9807],[92.8386,24.9446],[92.8345,24.966],[92.7738,24.9598],[92.7796,24.9724],[92.7427,24.9885],[92.7586,25.0158],[92.7149,24.9779],[92.6796,24.9851],[92.6805,24.9988],[92.6318,24.9593],[92.6205,25.0066],[92.578,25.0139],[92.5459,24.9943],[92.4628,25.0226],[92.4616,25.0031],[92.4107,25.0273],[92.3545,25.0808],[92.3398,25.0695],[92.2918,25.0907],[92.2704,25.0777],[92.2489,25.0997],[92.2188,25.1007],[92.2133,25.1393],[92.16,25.1328],[92.1627,25.1647],[92.0554,25.1851],[91.76,25.1688],[91.7417,25.1454],[91.7008,25.1555],[91.6827,25.1266],[91.6324,25.1227],[91.6015,25.1378],[91.5991,25.1664],[91.5509,25.1435],[91.4765,25.1352],[91.3713,25.1901],[91.2615,25.2024],[91.0698,25.1947],[90.9712,25.1806],[90.9299,25.1585],[90.8875,25.172],[90.8316,25.1596],[90.8135,25.1802],[90.7985,25.1681],[90.7792,25.1808],[90.6878,25.1612],[90.6551,25.2052],[90.6363,25.2101],[90.6456,25.2311],[90.6194,25.2126],[90.6474,25.1881],[90.6359,25.1763],[90.5281,25.1781],[90.4939,25.2023],[90.4987,25.2529],[90.4702,25.2725],[90.4612,25.2621],[90.4824,25.2418],[90.468,25.2056],[90.5057,25.1781],[90.4793,25.161],[90.4373,25.1721],[90.4212,25.1611],[90.4094,25.1739],[90.371,25.1779],[90.3637,25.2054],[90.3106,25.2005],[90.2957,25.2137],[90.2833,25.1927],[90.2611,25.2029],[90.305,25.2724],[90.2698,25.2806],[90.2804,25.2529],[90.2482,25.2344],[90.2113,25.2805],[90.2214,25.2507],[90.1792,25.248],[90.163,25.215],[90.128,25.2364],[90.1296,25.2558],[90.1028,25.2551],[90.1177,25.2249],[90.023,25.2676],[90.032,25.286],[90.0122,25.3057],[89.9947,25.3055],[89.9932,25.2789],[89.9523,25.3021],[89.896,25.3005],[89.8969,25.3136],[89.8452,25.3366],[89.8716,25.3645],[89.826,25.368],[89.8442,25.4207],[89.8624,25.4192],[89.8778,25.439],[89.9041,25.4269],[89.9099,25.4554],[89.9737,25.4377],[89.9809,25.4544],[89.9621,25.4592],[89.9634,25.4801],[89.9524,25.4705],[89.9443,25.4968],[89.9974,25.4897],[89.9732,25.5136],[89.9254,25.5257],[89.929,25.5386],[89.9553,25.5363],[89.9552,25.5652],[89.9833,25.5511],[89.9946,25.5717],[90.0222,25.5637],[90.0281,25.5277],[90.0462,25.5191],[90.0547,25.5336],[90.0892,25.4808],[90.0857,25.4534],[90.1057,25.462],[90.0886,25.5303],[90.0622,25.5352],[90.0521,25.5544],[90.0695,25.5655],[90.1044,25.5441],[90.1054,25.5567],[90.0727,25.5893],[90.0304,25.5927],[89.9541,25.652],[89.9029,25.7284],[89.9208,25.7319],[89.9811,25.6963],[89.9805,25.6678],[90.0127,25.6897],[90.0114,25.6614],[90.0396,25.6629],[90.073,25.6284],[90.0418,25.6877],[90.0621,25.7069],[90.0614,25.6864],[90.0883,25.6687],[90.0719,25.7217],[90.0032,25.7762],[89.9926,25.8134],[90.0644,25.7866],[90.0618,25.8217],[90.1046,25.8364],[90.1301,25.8679],[90.1261,25.903],[90.1458,25.931],[90.1936,25.8946],[90.1975,25.907],[90.2133,25.8991],[90.2148,25.836],[90.2307,25.8527],[90.2267,25.8957],[90.2375,25.8781],[90.2565,25.8963],[90.2453,25.9146],[90.2973,25.9114],[90.2782,25.9294],[90.2784,25.9632],[90.3039,25.9638],[90.3131,25.9445],[90.347,25.9614],[90.3542,25.998],[90.3638,25.986],[90.4045,26.0055],[90.414,25.9878],[90.4016,25.9619],[90.4274,25.9424],[90.4275,25.9641],[90.4596,25.9966],[90.5804,26.0669],[90.5721,26.0197],[90.5116,25.9772],[90.5495,25.9827],[90.5618,25.9612],[90.5796,25.9679],[90.6022,26.0295],[90.6206,26.0392],[90.6888,25.9957],[90.6195,25.9888],[90.6335,25.9626],[90.6094,25.8847],[90.6207,25.8608],[90.6572,25.9662],[90.6713,25.9525],[90.6914,25.9655],[90.7875,25.9505],[90.807,25.9652],[90.821,25.9529],[90.8766,25.9654],[90.9222,25.9428],[90.9556,25.9473],[90.9733,25.9279],[91.0074,25.9635],[91.0069,26.0112],[90.9848,26.025],[91.0061,26.0291],[91.017,26.0837],[91.4413,26.1122],[91.4889,26.0943],[91.5084,26.1156],[91.5371,26.094],[91.5377,26.1134],[91.5814,26.1282],[91.6401,26.1195],[91.6629,26.1342],[91.6784,26.1632],[91.7062,26.1666],[91.7875,26.1485],[91.762,26.1392],[91.7717,26.121],[91.7529,26.1115],[91.8113,26.1016],[91.8359,26.1309],[91.8559,26.1287],[91.8471,26.1723],[91.807,26.1506],[91.7714,26.1817],[91.7373,26.1694],[91.751,26.1884],[91.8209,26.2055],[91.8373,26.1933],[91.8513,26.1923],[91.8712,26.2135],[91.9381,26.2192],[91.9279,26.2382],[91.9495,26.2622],[92.0166,26.2841],[92.2462,26.2368],[92.1625,26.1859],[92.0725,26.2248],[92.0092,26.2026],[92.0134,26.1847],[92.0763,26.1825],[92.1613,26.1525],[92.2044,26.1665],[92.2714,26.1601],[92.3484,26.2067],[92.5281,26.2061],[92.5981,26.1627],[92.6159,26.1262],[92.6179,26.0554],[92.6471,26.0013],[92.6727,26.024],[92.7635,26.0285],[92.8442,26.0748],[92.8873,26.0268],[92.938,26.0181],[92.9659,26.0475],[92.97,26.1736],[92.8629,26.1017],[92.7755,26.1005],[92.7262,26.1199],[92.6515,26.1851],[92.6431,26.211],[92.7899,26.2555],[92.8863,26.4615],[93.0725,26.6394],[93.3272,26.7666],[93.5261,26.7833],[93.8791,26.5705],[93.9685,26.4688],[93.916,26.2189],[94.0266,26.2447],[94.1509,26.4053],[94.2758,26.6424],[94.4507,26.7998],[94.6458,26.8278],[94.7904,26.8921],[94.9587,27.0213],[95.1233,27.0442],[95.2955,27.142],[95.3761,27.2731],[95.3046,27.3935],[95.2831,27.5088],[95.2298,27.6151],[95.2864,27.7001],[95.4517,27.8036],[95.4526,27.9342],[95.3022,27.9078],[94.7985,27.6804],[94.4021,27.5431],[94.2149,27.4215],[93.9648,27.1797],[93.8556,27.0435],[93.6941,26.9487],[93.4501,26.9284],[93.3063,26.8897],[93.0568,26.8813],[92.7333,26.9081],[92.6312,26.8997],[92.5583,26.8712],[92.4333,26.8529],[92.2841,26.8639],[92.1965,26.916],[92.1873,26.9445],[92.2291,26.9522],[92.2486,26.9743],[92.3305,26.9692],[92.3923,27.0079],[92.5643,27.0022],[92.5907,27.0303],[92.5766,27.0764],[92.6107,27.156],[92.7442,27.1999],[92.8028,27.1765],[92.8813,27.2274],[92.8657,27.2719],[92.7886,27.2976],[92.7049,27.2528],[92.6861,27.2613],[92.7609,27.3227],[92.7979,27.3202],[92.8124,27.4232],[92.8484,27.3963],[92.8189,27.3458],[92.8454,27.31],[92.9138,27.2857],[92.9471,27.3157],[92.9962,27.3099],[93.0303,27.3429],[93.0091,27.3903],[92.9988,27.4997],[93.0235,27.4797],[93.0181,27.4385],[93.045,27.3925],[93.0564,27.386],[93.0777,27.4082],[93.0902,27.3958],[93.0321,27.295],[92.9109,27.2456],[92.9154,27.2173],[93.0211,27.2261],[92.9264,27.2054],[92.9181,27.1872],[92.9459,27.1666],[93.0055,27.1807],[93.0277,27.1272],[93.0951,27.1556],[93.1127,27.1475],[93.0536,27.0992],[93.0649,27.0805],[93.0422,27.0572],[93.1452,27.0275],[93.1557,27.0395],[93.1191,27.0709],[93.1384,27.0905],[93.172,27.0721],[93.1774,27.0439],[93.1976,27.0334],[93.2466,27.0608],[93.242,27.0915],[93.2806,27.0429],[93.3293,27.0521],[93.3393,27.0804],[93.3181,27.103],[93.3458,27.1224],[93.38,27.0988],[93.3945,27.061],[93.4249,27.0581],[93.4719,27.0774],[93.4502,27.1025],[93.4695,27.1223],[93.5125,27.1144],[93.5348,27.0842],[93.5731,27.1042],[93.5721,27.1405],[93.5968,27.1472],[93.6231,27.1248],[93.6627,27.1348],[93.6274,27.1625],[93.6557,27.1855],[93.6497,27.1964],[93.6139,27.1928],[93.5365,27.2215],[93.5725,27.2329],[93.6346,27.2174],[93.6806,27.2486],[93.7964,27.2693],[93.7958,27.2898],[93.853,27.2927],[93.9145,27.3533],[93.8972,27.3655],[93.7971,27.3343],[93.7686,27.354],[93.746,27.407],[93.8021,27.358],[93.9556,27.4319],[93.9386,27.3762],[94.039,27.4037],[94.0371,27.4213],[94.0633,27.4284],[94.0538,27.4381],[94.1162,27.4697],[94.1127,27.49],[94.1886,27.5276],[94.1388,27.518],[94.1366,27.5388],[94.1235,27.503],[94.1083,27.5154],[94.0778,27.5041],[94.1302,27.5618],[94.1283,27.5879],[94.1557,27.5869],[94.1926,27.6371],[94.2136,27.6365],[94.2186,27.6629],[94.2465,27.6613],[94.2535,27.688],[94.2964,27.7009],[94.3056,27.729],[94.2906,27.7553],[94.2458,27.7282],[94.2386,27.7552],[94.2119,27.7555],[94.1657,27.6838],[94.1531,27.6871],[94.1908,27.7417],[94.1666,27.7573],[94.1456,27.7365],[94.1281,27.7474],[94.0791,27.7253],[94.0197,27.7388],[93.9444,27.7011],[93.9136,27.7019],[93.9357,27.7309],[93.9895,27.7539],[93.9145,27.7914],[93.7679,27.7509],[93.7384,27.757],[93.7139,27.7281],[93.6906,27.741],[93.6545,27.7195],[93.638,27.7399],[93.5868,27.7448],[93.6002,27.7667],[93.5896,27.7978],[93.5455,27.8018],[93.4356,27.8698],[93.4795,27.865],[93.5471,27.8179],[93.6126,27.8064],[93.62,27.7762],[93.6459,27.7583],[93.7364,27.7763],[93.7545,27.797],[93.7764,27.7845],[93.8546,27.8017],[93.9229,27.8525],[93.869,27.9109],[93.872,27.9399],[93.8394,27.9727],[93.7737,27.9912],[93.7363,27.9526],[93.6893,28.0228],[93.6276,28.0197],[93.6624,28.0393],[93.7196,28.011],[93.8405,28.0051],[93.8965,27.9564],[93.9009,27.9114],[93.9558,27.9124],[93.9444,27.8946],[93.9738,27.8431],[93.9611,27.8184],[94.0213,27.7883],[94.0153,27.7675],[94.0599,27.7597],[94.085,27.7732],[94.0815,27.7526],[94.0978,27.7623],[94.1044,27.7977],[94.132,27.7677],[94.1457,27.7967],[94.1569,27.7765],[94.2578,27.7754],[94.3296,27.8105],[94.305,27.8387],[94.2791,27.8272],[94.275,27.8492],[94.2183,27.8125],[94.227,27.8539],[94.2468,27.8532],[94.2374,27.8729],[94.2796,27.8887],[94.3152,27.8633],[94.2978,27.9049],[94.2449,27.9119],[94.2655,27.9387],[94.2562,27.9561],[94.1194,27.9113],[94.1537,27.9631],[94.1887,27.9699],[94.1789,28.032],[94.1603,28.0389],[94.1379,28.0112],[94.1179,28.0326],[94.0626,28.0191],[94.0115,28.0369],[94.1304,28.0529],[94.1471,28.0802],[94.1111,28.1125],[94.1471,28.1101],[94.1337,28.1792],[94.1502,28.2105],[94.1221,28.2306],[94.0868,28.2282],[94.1062,28.2559],[94.0441,28.3191],[94.0302,28.3555],[94.0039,28.3534],[94.0052,28.3652],[94.0471,28.3639],[94.0687,28.3124],[94.1285,28.2527],[94.146,28.2722],[94.1461,28.2434],[94.2232,28.2375],[94.1778,28.2133],[94.1967,28.1958],[94.1699,28.1885],[94.1761,28.1573],[94.1989,28.1403],[94.1605,28.0876],[94.1909,28.099],[94.2469,28.0716],[94.2014,28.0528],[94.2299,28.0297],[94.2196,28.0113],[94.272,28.0221],[94.2886,27.9944],[94.3119,28.0549],[94.3477,28.0628],[94.3451,28.0451],[94.3637,28.0363],[94.3279,28.0065],[94.3274,27.9778],[94.3743,27.9485],[94.343,27.9193],[94.3722,27.9114],[94.3377,27.8516],[94.3791,27.8436],[94.4054,27.8617],[94.4025,27.8955],[94.4303,27.9104],[94.4383,27.931],[94.389,27.9354],[94.3776,27.9624],[94.3999,27.974],[94.4067,27.9612],[94.4121,27.9824],[94.4382,27.9941],[94.4278,28.0305],[94.4728,28.0298],[94.481,27.9759],[94.4961,27.9773],[94.5036,28.0047],[94.5221,28.0034],[94.5144,28.0382],[94.4857,28.0271],[94.4813,28.0622],[94.4535,28.0785],[94.4808,28.0877],[94.4636,28.1155],[94.5251,28.0676],[94.5552,28.1033],[94.5446,28.1138],[94.5531,28.1465],[94.5966,28.1231],[94.5778,28.1121],[94.5883,28.0702],[94.5606,28.0459],[94.6116,28.0403],[94.6157,28.0225],[94.5859,28.0015],[94.5606,28.0047],[94.5449,27.9779],[94.5954,27.9885],[94.6193,27.9762],[94.653,28.014],[94.6649,27.9945],[94.6875,28.0386],[94.6958,28.0104],[94.7304,28.0136],[94.755,27.9965],[94.7099,27.9713],[94.7383,27.9449],[94.7069,27.9484],[94.693,27.9347],[94.6799,27.955],[94.6603,27.9541],[94.6458,27.9891],[94.6309,27.9366],[94.5948,27.9556],[94.5889,27.9197],[94.5713,27.9557],[94.5287,27.9568],[94.5139,27.9282],[94.5011,27.9491],[94.471,27.9403],[94.4811,27.9208],[94.4615,27.9219],[94.4451,27.894],[94.5224,27.8868],[94.4868,27.8726],[94.4896,27.8506],[94.4286,27.8729],[94.4308,27.8212],[94.4197,27.8305],[94.3946,27.8101],[94.3619,27.8145],[94.3565,27.7806],[94.3266,27.7543],[94.3358,27.7358],[94.403,27.7803],[94.4135,27.7613],[94.429,27.7894],[94.5043,27.8025],[94.5129,27.8219],[94.5482,27.8095],[94.5606,27.8242],[94.6047,27.8182],[94.6206,27.8474],[94.6923,27.8171],[94.7623,27.8266],[94.7524,27.8476],[94.78,27.8644],[94.7112,27.8615],[94.7131,27.881],[94.6699,27.9061],[94.7196,27.901],[94.7431,27.9239],[94.7708,27.8939],[94.8313,27.8863],[94.872,27.903],[94.9125,27.9565],[94.939,27.9615],[94.9029,27.9947],[94.9193,28.0053],[94.9792,28.014],[95.0388,27.9851],[95.085,27.9845],[95.224,28.0454],[95.2657,28.1015],[95.2206,28.1475],[95.1701,28.1308],[95.1707,28.0777],[95.1445,28.1143],[95.1031,28.0618],[95.1062,28.1144],[95.0541,28.1392],[95.0272,28.1382],[95.0399,28.1043],[94.9963,28.0702],[94.9707,28.0771],[95.0053,28.1187],[94.9949,28.1622],[95.0137,28.1717],[94.9789,28.2152],[94.9522,28.2246],[94.9183,28.2132],[94.93,28.1698],[94.8869,28.1978],[94.89,28.1621],[94.8599,28.1462],[94.8971,28.1375],[94.88,28.0534],[94.8345,28.0446],[94.8717,28.0286],[94.8362,28.003],[94.7835,28.0587],[94.761,28.0348],[94.715,28.0262],[94.6942,28.0558],[94.7225,28.0619],[94.7259,28.0885],[94.7907,28.0971],[94.752,28.1124],[94.7656,28.1433],[94.744,28.137],[94.747,28.164],[94.7208,28.1269],[94.7015,28.1457],[94.7164,28.0924],[94.6862,28.0608],[94.6531,28.0852],[94.6638,28.1056],[94.635,28.0847],[94.6188,28.1041],[94.62,28.1456],[94.639,28.1637],[94.6127,28.1807],[94.5961,28.1612],[94.581,28.188],[94.5696,28.1784],[94.5447,28.1958],[94.5888,28.2184],[94.5705,28.2814],[94.6048,28.263],[94.6035,28.2447],[94.6392,28.2368],[94.6385,28.28],[94.618,28.2902],[94.6306,28.3059],[94.62,28.3384],[94.6641,28.3117],[94.6644,28.3548],[94.6487,28.3431],[94.6197,28.3626],[94.6724,28.3782],[94.6638,28.4053],[94.6258,28.4166],[94.6724,28.4483],[94.6367,28.4623],[94.6494,28.4809],[94.6323,28.5387],[94.5763,28.5334],[94.6214,28.5526],[94.6212,28.5721],[94.6374,28.5529],[94.6637,28.5781],[94.6531,28.6224],[94.6749,28.5892],[94.6583,28.5376],[94.6799,28.5207],[94.6615,28.5117],[94.7302,28.4054],[94.7113,28.3374],[94.7308,28.3381],[94.7266,28.3141],[94.7472,28.2877],[94.7195,28.2884],[94.7322,28.2416],[94.7195,28.2111],[94.7375,28.2223],[94.7555,28.2112],[94.7427,28.2334],[94.7541,28.2556],[94.7969,28.2277],[94.7868,28.2558],[94.8483,28.2877],[94.8344,28.2996],[94.7709,28.2778],[94.7819,28.3231],[94.8705,28.3301],[94.8954,28.3074],[94.8637,28.2345],[94.9115,28.2557],[94.9305,28.2445],[94.9232,28.2739],[94.9556,28.2425],[94.9808,28.2601],[94.9361,28.2779],[94.948,28.3457],[94.902,28.3792],[94.8887,28.4305],[94.8628,28.4194],[94.8364,28.4364],[94.8293,28.4808],[94.8489,28.4424],[94.8876,28.4551],[94.8972,28.4446],[94.9135,28.4632],[94.9176,28.3972],[94.9638,28.3721],[94.9791,28.3436],[95.0543,28.3605],[95.0645,28.3771],[95.0428,28.4267],[95.0712,28.436],[95.0888,28.4797],[95.0636,28.522],[95.0368,28.52],[95.0639,28.5366],[95.0571,28.5609],[94.9865,28.6281],[94.9881,28.6477],[94.9666,28.6573],[94.9107,28.646],[94.9573,28.67],[94.9726,28.6956],[94.938,28.7232],[94.9104,28.7193],[94.9121,28.7401],[94.8693,28.7377],[94.8597,28.7712],[94.8974,28.8055],[94.8362,28.8055],[94.796,28.7276],[94.8143,28.7889],[94.7951,28.8056],[94.7773,28.7782],[94.7694,28.8294],[94.7967,28.8493],[94.7757,28.8579],[94.7436,28.8468],[94.7132,28.8279],[94.7031,28.836],[94.7468,28.8614],[94.7638,28.8934],[94.7368,28.9218],[94.8159,28.9371],[94.8386,28.9533],[94.8366,28.9889],[94.8797,28.9687],[94.8953,29.0397],[94.923,29.0541],[94.9531,29.1138],[94.9878,29.1221],[94.9181,29.0212],[94.9179,28.9889]],[[89.992,25.4573],[90.0,25.45],[89.9989,25.4581],[89.992,25.4573]],[[93.1083,20.9667],[93.1006,20.9744],[93.1005,20.9674],[93.1083,20.9667]],[[94.3583,18.6083],[94.3506,18.616],[94.3509,18.6087],[94.3583,18.6083]],[[94.2087,24.2073],[94.2167,24.2],[94.2156,24.2081],[94.2087,24.2073]],[[95.9,18.05],[95.9077,18.0423],[95.9078,18.0493],[95.9,18.05]],[[97.6581,18.0489],[97.6504,18.0426],[97.6573,18.042],[97.6581,18.0489]],[[97.709,19.241],[97.7167,19.2333],[97.716,19.2411],[97.709,19.241]],[[97.4081,22.0322],[97.4004,22.0259],[97.4073,22.0254],[97.4081,22.0322]],[[93.4241,20.7829],[93.4178,20.7753],[93.4247,20.776],[93.4241,20.7829]],[[94.1913,21.0991],[94.1836,21.0928],[94.1917,21.0917],[94.1913,21.0991]],[[92.9247,24.1156],[92.9171,24.1092],[92.924,24.1087],[92.9247,24.1156]],[[94.8167,19.2833],[94.8244,19.2756],[94.8245,19.2826],[94.8167,19.2833]],[[94.9756,19.0244],[94.9833,19.0167],[94.9826,19.0245],[94.9756,19.0244]],[[92.9741,25.0329],[92.9678,25.0253],[92.9747,25.026],[92.9741,25.0329]],[[94.6923,28.441],[94.7,28.4333],[94.6993,28.4411],[94.6923,28.441]],[[92.5913,25.9574],[92.5839,25.9507],[92.5917,25.95],[92.5913,25.9574]],[[92.6006,21.116],[92.6083,21.1083],[92.6076,21.1161],[92.6006,21.116]],[[90.1246,25.4991],[90.117,25.4928],[90.125,25.4917],[90.1246,25.4991]],[[97.6754,19.474],[97.6833,19.4667],[97.6822,19.4747],[97.6754,19.474]],[[95.15,21.9833],[95.1577,21.9756],[95.1578,21.9826],[95.15,21.9833]],[[94.95,18.175],[94.9577,18.1673],[94.9578,18.1743],[94.95,18.175]],[[94.7331,18.1739],[94.7254,18.1676],[94.7323,18.167],[94.7331,18.1739]],[[94.3504,24.5323],[94.3583,24.525],[94.3572,24.5331],[94.3504,24.5323]],[[94.775,19.225],[94.7827,19.2173],[94.7828,19.2243],[94.775,19.225]],[[90.4167,25.1917],[90.4244,25.184],[90.4245,25.191],[90.4167,25.1917]],[[94.275,19.1917],[94.2827,19.184],[94.2828,19.191],[94.275,19.1917]],[[90.0497,25.2822],[90.0421,25.2759],[90.049,25.2754],[90.0497,25.2822]],[[94.4081,18.9406],[94.4004,18.9342],[94.4073,18.9337],[94.4081,18.9406]],[[93.2254,24.7407],[93.2333,24.7333],[93.2322,24.7414],[93.2254,24.7407]],[[94.4,16.4083],[94.4077,16.4006],[94.4078,16.4076],[94.4,16.4083]],[[92.8163,24.5824],[92.8086,24.5761],[92.8167,24.575],[92.8163,24.5824]],[[96.5496,25.4574],[96.542,25.4511],[96.55,25.45],[96.5496,25.4574]],[[92.1833,25.8917],[92.191,25.884],[92.1911,25.891],[92.1833,25.8917]],[[97.7163,17.9158],[97.7086,17.9094],[97.7167,17.9083],[97.7163,17.9158]],[[91.7997,26.0906],[91.7921,26.0842],[91.799,26.0837],[91.7997,26.0906]],[[96.1574,17.7663],[96.1511,17.7586],[96.158,17.7594],[96.1574,17.7663]],[[97.9333,17.175],[97.941,17.1673],[97.9411,17.1743],[97.9333,17.175]],[[97.7167,17.8083],[97.7087,17.8157],[97.7092,17.8087],[97.7167,17.8083]],[[97.5913,19.0658],[97.5836,19.0594],[97.5917,19.0583],[97.5913,19.0658]],[[92.7256,24.1744],[92.7333,24.1667],[92.7326,24.1745],[92.7256,24.1744]],[[92.6246,20.9741],[92.617,20.9678],[92.625,20.9667],[92.6246,20.9741]],[[96.15,17.8167],[96.1577,17.809],[96.1578,17.816],[96.15,17.8167]],[[94.1663,20.4741],[94.1586,20.4678],[94.1667,20.4667],[94.1663,20.4741]],[[90.1741,25.3413],[90.1678,25.3336],[90.1747,25.3344],[90.1741,25.3413]],[[94.0741,19.9246],[94.0678,19.9169],[94.0747,19.9177],[94.0741,19.9246]],[[93.1833,22.1583],[93.191,22.1506],[93.1911,22.1576],[93.1833,22.1583]],[[97.4241,17.5496],[97.4178,17.5419],[97.4247,17.5427],[97.4241,17.5496]],[[94.6079,24.8408],[94.6003,24.8344],[94.6083,24.8333],[94.6079,24.8408]],[[94.434,19.4744],[94.4417,19.4667],[94.441,19.4745],[94.434,19.4744]],[[97.6754,19.8657],[97.6833,19.8583],[97.6822,19.8664],[97.6754,19.8657]],[[89.9506,25.3327],[89.9583,25.325],[89.9576,25.3328],[89.9506,25.3327]],[[97.8667,17.425],[97.8744,17.4173],[97.8745,17.4243],[97.8667,17.425]],[[91.4831,23.882],[91.4753,23.8761],[91.4833,23.875],[91.4831,23.882]],[[93.4167,20.625],[93.4244,20.6173],[93.4245,20.6243],[93.4167,20.625]],[[96.341,17.7911],[96.3339,17.784],[96.3417,17.7833],[96.341,17.7911]],[[93.1747,20.9989],[93.1671,20.9926],[93.174,20.992],[93.1747,20.9989]],[[97.5579,19.3658],[97.5503,19.3594],[97.5583,19.3583],[97.5579,19.3658]],[[95.4574,21.7829],[95.4511,21.7753],[95.458,21.776],[95.4574,21.7829]],[[93.8413,20.9241],[93.8336,20.9178],[93.8417,20.9167],[93.8413,20.9241]],[[94.7831,19.2906],[94.7754,19.2842],[94.7823,19.2837],[94.7831,19.2906]],[[97.584,19.1744],[97.5917,19.1667],[97.591,19.1745],[97.584,19.1744]],[[97.2163,19.0491],[97.2086,19.0428],[97.2167,19.0417],[97.2163,19.0491]],[[97.4,24.1917],[97.4077,24.184],[97.4078,24.191],[97.4,24.1917]],[[97.6248,19.7403],[97.617,19.7344],[97.625,19.7333],[97.6248,19.7403]],[[92.7495,24.141],[92.7424,24.1339],[92.7494,24.134],[92.7495,24.141]],[[94.0417,19.5833],[94.0494,19.5756],[94.0495,19.5826],[94.0417,19.5833]],[[89.8504,25.4073],[89.8583,25.4],[89.8572,25.4081],[89.8504,25.4073]],[[94.334,27.6577],[94.3417,27.65],[94.341,27.6578],[94.334,27.6577]],[[97.3913,19.7408],[97.3836,19.7344],[97.3917,19.7333],[97.3913,19.7408]],[[94.4917,16.55],[94.4994,16.5423],[94.4995,16.5493],[94.4917,16.55]],[[96.7831,18.5989],[96.7754,18.5926],[96.7823,18.592],[96.7831,18.5989]],[[96.6245,19.5326],[96.6174,19.5255],[96.6244,19.5256],[96.6245,19.5326]],[[92.9248,24.082],[92.917,24.0761],[92.925,24.075],[92.9248,24.082]],[[97.7158,19.7996],[97.7095,19.7919],[97.7163,19.7927],[97.7158,19.7996]],[[97.7831,18.0656],[97.7754,18.0592],[97.7823,18.0587],[97.7831,18.0656]],[[94.525,16.6833],[94.5327,16.6756],[94.5328,16.6826],[94.525,16.6833]],[[93.9663,21.7658],[93.9586,21.7594],[93.9667,21.7583],[93.9663,21.7658]],[[91.7254,23.3657],[91.7333,23.3583],[91.7322,23.3664],[91.7254,23.3657]],[[92.7917,20.7667],[92.7994,20.759],[92.7995,20.766],[92.7917,20.7667]],[[94.441,19.2756],[94.4333,19.2833],[94.4341,19.2755],[94.441,19.2756]],[[92.5497,24.1239],[92.5421,24.1176],[92.549,24.117],[92.5497,24.1239]],[[92.5833,23.9083],[92.591,23.9006],[92.5911,23.9076],[92.5833,23.9083]],[[94.4,16.3833],[94.4077,16.3756],[94.4078,16.3826],[94.4,16.3833]],[[93.1741,21.7413],[93.1678,21.7336],[93.1747,21.7344],[93.1741,21.7413]],[[97.8414,18.2989],[97.8338,18.2926],[97.8407,18.292],[97.8414,18.2989]],[[92.725,24.1583],[92.7327,24.1506],[92.7328,24.1576],[92.725,24.1583]],[[97.834,17.7994],[97.8417,17.7917],[97.841,17.7995],[97.834,17.7994]],[[94.2329,20.9158],[94.2253,20.9094],[94.2333,20.9083],[94.2329,20.9158]],[[91.6667,23.4],[91.6744,23.3923],[91.6745,23.3993],[91.6667,23.4]],[[92.4914,23.0322],[92.4838,23.0259],[92.4907,23.0254],[92.4914,23.0322]],[[91.6079,23.9074],[91.6003,23.9011],[91.6083,23.9],[91.6079,23.9074]],[[93.4833,24.5333],[93.4907,24.5254],[93.4914,24.5322],[93.4833,24.5333]],[[93.6006,27.0244],[93.6083,27.0167],[93.6076,27.0245],[93.6006,27.0244]],[[93.0417,24.3417],[93.0494,24.334],[93.0495,24.341],[93.0417,24.3417]],[[95.0996,21.3491],[95.092,21.3428],[95.1,21.3417],[95.0996,21.3491]],[[93.9667,20.6583],[93.9744,20.6506],[93.9745,20.6576],[93.9667,20.6583]],[[96.7,19.1333],[96.7077,19.1256],[96.7078,19.1326],[96.7,19.1333]],[[96.4,20.1167],[96.4077,20.109],[96.4078,20.116],[96.4,20.1167]],[[91.3747,23.7406],[91.3671,23.7342],[91.374,23.7337],[91.3747,23.7406]],[[93.8673,20.141],[93.875,20.1333],[93.8743,20.1411],[93.8673,20.141]],[[97.7161,18.0493],[97.7091,18.0422],[97.716,18.0423],[97.7161,18.0493]],[[92.542,25.9573],[92.55,25.95],[92.5493,25.9578],[92.542,25.9573]],[[97.5913,17.6741],[97.5836,17.6678],[97.5917,17.6667],[97.5913,17.6741]],[[97.6577,19.409],[97.65,19.4167],[97.6507,19.4089],[97.6577,19.409]],[[92.5417,24.15],[92.5494,24.1423],[92.5495,24.1493],[92.5417,24.15]],[[96.275,20.8417],[96.2823,20.8337],[96.2831,20.8406],[96.275,20.8417]],[[95.025,28.1167],[95.0327,28.109],[95.0328,28.116],[95.025,28.1167]],[[96.2741,21.1579],[96.2678,21.1503],[96.2747,21.151],[96.2741,21.1579]],[[95.9673,22.4744],[95.975,22.4667],[95.9743,22.4745],[95.9673,22.4744]],[[97.0167,24.5167],[97.0244,24.509],[97.0245,24.516],[97.0167,24.5167]],[[97.4,17.5583],[97.4073,17.5504],[97.4081,17.5572],[97.4,17.5583]],[[94.7165,17.982],[94.7086,17.9761],[94.7167,17.975],[94.7165,17.982]],[[93.1006,21.4994],[93.1083,21.4917],[93.1076,21.4995],[93.1006,21.4994]],[[92.7917,20.7417],[92.799,20.7337],[92.7995,20.741],[92.7917,20.7417]],[[92.9246,24.0991],[92.917,24.0928],[92.925,24.0917],[92.9246,24.0991]],[[96.4583,19.6583],[96.466,19.6506],[96.4661,19.6576],[96.4583,19.6583]],[[93.775,19.95],[93.7827,19.9423],[93.7828,19.9493],[93.775,19.95]],[[93.5667,25.5167],[93.5744,25.509],[93.5745,25.516],[93.5667,25.5167]],[[94.5173,18.241],[94.525,18.2333],[94.5243,18.2411],[94.5173,18.241]],[[94.8923,19.241],[94.9,19.2333],[94.8996,19.2408],[94.8923,19.241]],[[94.4587,18.424],[94.4667,18.4167],[94.4656,18.4247],[94.4587,18.424]],[[91.7326,23.1578],[91.7255,23.1507],[91.7333,23.15],[91.7326,23.1578]],[[92.1004,24.2323],[92.1083,24.225],[92.1072,24.2331],[92.1004,24.2323]],[[94.3081,27.6406],[94.3004,27.6342],[94.3073,27.6337],[94.3081,27.6406]],[[90.117,25.324],[90.125,25.3167],[90.1239,25.3247],[90.117,25.324]],[[93.3833,20.7167],[93.3756,20.7244],[93.3759,20.7171],[93.3833,20.7167]],[[92.15,24.2],[92.142,24.2073],[92.1426,24.2004],[92.15,24.2]],[[94.1574,27.5413],[94.1511,27.5336],[94.158,27.5344],[94.1574,27.5413]],[[94.0579,20.9908],[94.0503,20.9844],[94.0583,20.9833],[94.0579,20.9908]],[[94.7,18.4083],[94.7077,18.4006],[94.7078,18.4076],[94.7,18.4083]],[[93.9329,20.4908],[93.9253,20.4844],[93.9333,20.4833],[93.9329,20.4908]],[[95.2917,21.3583],[95.2994,21.3506],[95.2995,21.3576],[95.2917,21.3583]],[[92.8331,22.0156],[92.8254,22.0092],[92.8323,22.0087],[92.8331,22.0156]],[[92.5831,23.5156],[92.5754,23.5092],[92.5823,23.5087],[92.5831,23.5156]],[[96.4496,21.5074],[96.442,21.5011],[96.45,21.5],[96.4496,21.5074]],[[95.5417,27.1083],[95.5494,27.1006],[95.5495,27.1076],[95.5417,27.1083]],[[92.3254,21.349],[92.3333,21.3417],[92.3322,21.3497],[92.3254,21.349]],[[94.3167,22.775],[94.3244,22.7673],[94.3245,22.7743],[94.3167,22.775]],[[93.6413,20.4908],[93.6336,20.4844],[93.6417,20.4833],[93.6413,20.4908]],[[95.8667,18.2833],[95.8744,18.2756],[95.8745,18.2826],[95.8667,18.2833]],[[95.4167,21.6917],[95.4244,21.684],[95.4245,21.691],[95.4167,21.6917]],[[91.709,23.2077],[91.7167,23.2],[91.716,23.2078],[91.709,23.2077]],[[94.3673,22.366],[94.375,22.3583],[94.3743,22.3661],[94.3673,22.366]],[[96.9829,26.7241],[96.9753,26.7178],[96.9833,26.7167],[96.9829,26.7241]],[[97.5083,17.7833],[97.516,17.7756],[97.5161,17.7826],[97.5083,17.7833]],[[96.1667,24.675],[96.1744,24.6673],[96.1745,24.6743],[96.1667,24.675]],[[92.525,23.3917],[92.5327,23.384],[92.5328,23.391],[92.525,23.3917]],[[92.6914,23.1406],[92.6838,23.1342],[92.6907,23.1337],[92.6914,23.1406]],[[97.5746,18.5074],[97.567,18.5011],[97.575,18.5],[97.5746,18.5074]],[[97.2917,17.2833],[97.2994,17.2756],[97.2995,17.2826],[97.2917,17.2833]],[[97.6923,19.1327],[97.7,19.125],[97.6993,19.1328],[97.6923,19.1327]],[[95.7163,26.7158],[95.7086,26.7094],[95.7167,26.7083],[95.7163,26.7158]],[[89.9829,25.4824],[89.9753,25.4761],[89.9833,25.475],[89.9829,25.4824]],[[93.8333,22.3417],[93.8256,22.3494],[93.8259,22.3421],[93.8333,22.3417]],[[92.2252,24.1097],[92.2331,24.1156],[92.225,24.1167],[92.2252,24.1097]],[[96.1324,27.2663],[96.1261,27.2586],[96.133,27.2594],[96.1324,27.2663]],[[92.6917,24.1417],[92.6994,24.134],[92.6991,24.1413],[92.6917,24.1417]],[[97.7831,18.1489],[97.7754,18.1426],[97.7823,18.142],[97.7831,18.1489]],[[97.9,17.15],[97.9077,17.1423],[97.9078,17.1493],[97.9,17.15]],[[93.0667,21.4083],[93.0744,21.4006],[93.0745,21.4076],[93.0667,21.4083]],[[93.4241,20.7579],[93.4178,20.7503],[93.4247,20.751],[93.4241,20.7579]],[[92.7997,20.6322],[92.7921,20.6259],[92.799,20.6254],[92.7997,20.6322]],[[96.5507,21.6505],[96.5578,21.6576],[96.55,21.6583],[96.5507,21.6505]],[[91.5832,23.3487],[91.5753,23.3428],[91.5833,23.3417],[91.5832,23.3487]],[[95.809,18.116],[95.8167,18.1083],[95.816,18.1161],[95.809,18.116]],[[91.4572,23.7247],[91.4509,23.7171],[91.4583,23.7167],[91.4572,23.7247]],[[94.8241,17.3579],[94.8178,17.3503],[94.8247,17.351],[94.8241,17.3579]],[[97.6831,18.1487],[97.6753,18.1428],[97.6833,18.1417],[97.6831,18.1487]],[[97.0413,18.1658],[97.0336,18.1594],[97.0417,18.1583],[97.0413,18.1658]],[[95.95,18.0],[95.9577,17.9923],[95.9578,17.9993],[95.95,18.0]],[[97.0337,17.524],[97.0417,17.5167],[97.0406,17.5247],[97.0337,17.524]],[[90.3246,25.2574],[90.317,25.2511],[90.325,25.25],[90.3246,25.2574]],[[97.7837,18.399],[97.7917,18.3917],[97.7906,18.3997],[97.7837,18.399]],[[94.95,27.8583],[94.9577,27.8506],[94.9578,27.8576],[94.95,27.8583]],[[97.7837,18.274],[97.7917,18.2667],[97.7906,18.2747],[97.7837,18.274]],[[93.6663,25.3491],[93.6586,25.3428],[93.6667,25.3417],[93.6663,25.3491]],[[91.6833,23.8417],[91.691,23.834],[91.6911,23.841],[91.6833,23.8417]],[[92.4663,24.0241],[92.4586,24.0178],[92.4667,24.0167],[92.4663,24.0241]],[[92.5831,24.0656],[92.5754,24.0592],[92.5823,24.0587],[92.5831,24.0656]],[[91.9991,26.0913],[91.9928,26.0836],[91.9997,26.0844],[91.9991,26.0913]],[[90.8491,25.1913],[90.8428,25.1836],[90.8497,25.1844],[90.8491,25.1913]],[[97.5,17.7667],[97.4923,17.7744],[97.4926,17.7671],[97.5,17.7667]],[[92.5991,22.9413],[92.5928,22.9336],[92.5997,22.9344],[92.5991,22.9413]],[[92.4997,22.9989],[92.4921,22.9926],[92.499,22.992],[92.4997,22.9989]],[[97.3083,22.5417],[97.3006,22.5494],[97.3005,22.5424],[97.3083,22.5417]],[[92.2,25.9417],[92.2077,25.934],[92.2078,25.941],[92.2,25.9417]],[[92.3667,25.8583],[92.3744,25.8506],[92.3745,25.8576],[92.3667,25.8583]],[[93.075,21.3333],[93.0827,21.3256],[93.0828,21.3326],[93.075,21.3333]],[[93.1247,21.3572],[93.1171,21.3509],[93.124,21.3504],[93.1247,21.3572]],[[92.6247,21.1072],[92.6171,21.1009],[92.624,21.1004],[92.6247,21.1072]],[[93.259,20.8827],[93.2667,20.875],[93.266,20.8828],[93.259,20.8827]],[[91.6167,26.1083],[91.6244,26.1006],[91.6241,26.1079],[91.6167,26.1083]],[[96.475,20.875],[96.4827,20.8673],[96.4828,20.8743],[96.475,20.875]],[[90.6504,25.8823],[90.6583,25.875],[90.6572,25.8831],[90.6504,25.8823]],[[97.825,19.3167],[97.8323,19.3087],[97.8331,19.3156],[97.825,19.3167]],[[97.5083,23.1083],[97.516,23.1006],[97.5161,23.1076],[97.5083,23.1083]],[[90.0254,25.3509],[90.0331,25.3572],[90.025,25.3583],[90.0254,25.3509]],[[93.4074,20.8579],[93.4011,20.8503],[93.408,20.851],[93.4074,20.8579]],[[97.6408,18.1246],[97.6345,18.1169],[97.6413,18.1177],[97.6408,18.1246]],[[90.1502,25.3514],[90.1581,25.3572],[90.15,25.3583],[90.1502,25.3514]],[[97.2254,23.8823],[97.2333,23.875],[97.2322,23.8831],[97.2254,23.8823]],[[92.7423,22.0244],[92.75,22.0167],[92.7493,22.0245],[92.7423,22.0244]],[[97.3083,17.8417],[97.301,17.8497],[97.3005,17.8424],[97.3083,17.8417]],[[92.5917,23.925],[92.5994,23.9173],[92.5995,23.9243],[92.5917,23.925]],[[92.9574,23.0496],[92.9511,23.0419],[92.958,23.0427],[92.9574,23.0496]],[[92.9081,24.1072],[92.9004,24.1009],[92.9073,24.1004],[92.9081,24.1072]],[[94.7,19.0667],[94.7077,19.059],[94.7078,19.066],[94.7,19.0667]],[[97.1079,17.7908],[97.1003,17.7844],[97.1083,17.7833],[97.1079,17.7908]],[[92.8917,22.1583],[92.8994,22.1506],[92.8995,22.1576],[92.8917,22.1583]],[[91.8006,23.366],[91.8083,23.3583],[91.8076,23.3661],[91.8006,23.366]],[[96.067,27.3657],[96.075,27.3583],[96.0739,27.3664],[96.067,27.3657]],[[94.1996,24.2574],[94.192,24.2511],[94.2,24.25],[94.1996,24.2574]],[[95.1756,24.241],[95.1833,24.2333],[95.1826,24.2411],[95.1756,24.241]],[[92.333,25.1177],[92.325,25.125],[92.3261,25.1169],[92.333,25.1177]],[[93.0827,21.134],[93.075,21.1417],[93.0757,21.1339],[93.0827,21.134]],[[93.9496,22.7574],[93.942,22.7511],[93.95,22.75],[93.9496,22.7574]],[[94.95,20.2667],[94.9577,20.259],[94.9578,20.266],[94.95,20.2667]],[[94.3161,27.591],[94.3091,27.5839],[94.316,27.584],[94.3161,27.591]],[[93.5333,25.1667],[93.5256,25.1744],[93.5259,25.1671],[93.5333,25.1667]],[[92.7417,20.7083],[92.7494,20.7006],[92.7495,20.7076],[92.7417,20.7083]],[[92.8667,22.8333],[92.8744,22.8256],[92.8745,22.8326],[92.8667,22.8333]],[[92.7417,22.0667],[92.7494,22.059],[92.7495,22.066],[92.7417,22.0667]],[[95.9995,22.3326],[95.9924,22.3255],[95.9994,22.3256],[95.9995,22.3326]],[[96.35,20.5833],[96.3577,20.5756],[96.3578,20.5826],[96.35,20.5833]],[[93.2754,24.549],[93.2833,24.5417],[93.2822,24.5497],[93.2754,24.549]],[[92.4917,23.5667],[92.4994,23.559],[92.4995,23.566],[92.4917,23.5667]],[[90.5504,25.249],[90.5583,25.2417],[90.5572,25.2497],[90.5504,25.249]],[[90.7158,25.3579],[90.7095,25.3503],[90.7163,25.351],[90.7158,25.3579]],[[97.0489,21.6331],[97.043,21.6252],[97.05,21.625],[97.0489,21.6331]],[[90.7164,25.2322],[90.7088,25.2259],[90.7157,25.2254],[90.7164,25.2322]],[[97.4333,17.2583],[97.441,17.2506],[97.4411,17.2576],[97.4333,17.2583]],[[94.5087,18.224],[94.5167,18.2167],[94.516,18.2245],[94.5087,18.224]],[[92.4923,23.9244],[92.5,23.9167],[92.4993,23.9245],[92.4923,23.9244]],[[95.9756,22.5494],[95.9833,22.5417],[95.9826,22.5495],[95.9756,22.5494]],[[91.617,23.799],[91.625,23.7917],[91.6239,23.7997],[91.617,23.799]],[[97.1079,18.0658],[97.1003,18.0594],[97.1083,18.0583],[97.1079,18.0658]],[[95.1333,18.8333],[95.1407,18.8254],[95.1414,18.8322],[95.1333,18.8333]],[[91.7824,23.4579],[91.7761,23.4503],[91.783,23.451],[91.7824,23.4579]],[[92.7423,24.1744],[92.75,24.1667],[92.7493,24.1745],[92.7423,24.1744]],[[94.6413,24.6908],[94.6336,24.6844],[94.6417,24.6833],[94.6413,24.6908]],[[92.7496,23.2074],[92.742,23.2011],[92.75,23.2],[92.7496,23.2074]],[[94.2496,19.2074],[94.242,19.2011],[94.25,19.2],[94.2496,19.2074]],[[93.5083,26.2833],[93.516,26.2756],[93.5161,26.2826],[93.5083,26.2833]],[[96.4246,21.5241],[96.417,21.5178],[96.425,21.5167],[96.4246,21.5241]],[[93.1506,24.991],[93.1583,24.9833],[93.1576,24.9911],[93.1506,24.991]],[[93.1506,24.491],[93.1583,24.4833],[93.1576,24.4911],[93.1506,24.491]],[[93.0583,21.5667],[93.066,21.559],[93.0661,21.566],[93.0583,21.5667]],[[92.8667,23.75],[92.874,23.742],[92.8747,23.7489],[92.8667,23.75]],[[97.4996,18.5074],[97.492,18.5011],[97.5,18.5],[97.4996,18.5074]],[[97.7663,19.0074],[97.7586,19.0011],[97.7667,19.0],[97.7663,19.0074]],[[97.0087,17.7573],[97.0167,17.75],[97.016,17.7578],[97.0087,17.7573]],[[97.117,19.1323],[97.125,19.125],[97.1239,19.1331],[97.117,19.1323]],[[92.5163,23.4908],[92.5086,23.4844],[92.5167,23.4833],[92.5163,23.4908]],[[94.608,24.6177],[94.6,24.625],[94.6007,24.6172],[94.608,24.6177]],[[92.7417,23.1167],[92.7494,23.109],[92.7495,23.116],[92.7417,23.1167]],[[93.3837,20.5157],[93.3917,20.5083],[93.3906,20.5164],[93.3837,20.5157]],[[97.725,18.0083],[97.7327,18.0006],[97.7328,18.0076],[97.725,18.0083]],[[94.6167,27.725],[94.6244,27.7173],[94.6245,27.7243],[94.6167,27.725]],[[95.9497,17.9572],[95.9421,17.9509],[95.949,17.9504],[95.9497,17.9572]],[[92.566,21.1745],[92.5589,21.1674],[92.5667,21.1667],[92.566,21.1745]],[[93.4413,24.1741],[93.4336,24.1678],[93.4417,24.1667],[93.4413,24.1741]],[[97.4829,22.4908],[97.4753,22.4844],[97.4833,22.4833],[97.4829,22.4908]],[[94.9333,17.5667],[94.941,17.559],[94.9411,17.566],[94.9333,17.5667]],[[92.5331,23.3739],[92.5254,23.3676],[92.5323,23.367],[92.5331,23.3739]],[[94.2496,23.6158],[94.242,23.6094],[94.25,23.6083],[94.2496,23.6158]],[[97.4829,18.2574],[97.4753,18.2511],[97.4833,18.25],[97.4829,18.2574]],[[94.192,19.4573],[94.2,19.45],[94.1989,19.4581],[94.192,19.4573]],[[92.184,25.941],[92.1917,25.9333],[92.191,25.9411],[92.184,25.941]],[[92.4081,23.2406],[92.4004,23.2342],[92.4073,23.2337],[92.4081,23.2406]],[[91.6917,23.4167],[91.6837,23.424],[91.6842,23.4171],[91.6917,23.4167]],[[96.9417,18.3333],[96.9494,18.3256],[96.9495,18.3326],[96.9417,18.3333]],[[97.4167,18.6333],[97.4244,18.6256],[97.4245,18.6326],[97.4167,18.6333]],[[96.5423,19.4577],[96.55,19.45],[96.5493,19.4578],[96.5423,19.4577]],[[97.2996,26.2491],[97.292,26.2428],[97.3,26.2417],[97.2996,26.2491]],[[92.9167,24.4333],[92.9244,24.4256],[92.9245,24.4326],[92.9167,24.4333]],[[90.6497,25.2656],[90.6421,25.2592],[90.649,25.2587],[90.6497,25.2656]],[[97.6163,18.2408],[97.6086,18.2344],[97.6167,18.2333],[97.6163,18.2408]],[[97.525,23.0583],[97.5327,23.0506],[97.5328,23.0576],[97.525,23.0583]],[[92.642,24.474],[92.65,24.4667],[92.6489,24.4747],[92.642,24.474]],[[94.4663,24.1824],[94.4586,24.1761],[94.4667,24.175],[94.4663,24.1824]],[[97.2579,21.9741],[97.2503,21.9678],[97.2583,21.9667],[97.2579,21.9741]],[[96.0079,23.2241],[96.0003,23.2178],[96.0083,23.2167],[96.0079,23.2241]],[[92.5085,23.118],[92.5164,23.1239],[92.5083,23.125],[92.5085,23.118]],[[92.7585,24.3514],[92.7664,24.3572],[92.7583,24.3583],[92.7585,24.3514]],[[92.6333,24.9833],[92.641,24.9756],[92.6411,24.9826],[92.6333,24.9833]],[[92.7664,23.2489],[92.7588,23.2426],[92.7657,23.242],[92.7664,23.2489]],[[93.45,20.8167],[93.4577,20.809],[93.4578,20.816],[93.45,20.8167]],[[92.7583,21.375],[92.766,21.3673],[92.7661,21.3743],[92.7583,21.375]],[[91.7163,24.0908],[91.7086,24.0844],[91.7167,24.0833],[91.7163,24.0908]],[[91.5913,23.9658],[91.5836,23.9594],[91.5917,23.9583],[91.5913,23.9658]],[[94.6917,17.5417],[94.6994,17.534],[94.6995,17.541],[94.6917,17.5417]],[[96.25,25.4167],[96.2427,25.4247],[96.2422,25.4174],[96.25,25.4167]],[[93.0083,24.9417],[93.016,24.934],[93.0161,24.941],[93.0083,24.9417]],[[92.8246,24.2824],[92.817,24.2761],[92.825,24.275],[92.8246,24.2824]],[[93.95,19.975],[93.9577,19.9673],[93.9578,19.9743],[93.95,19.975]],[[93.2081,24.5822],[93.2004,24.5759],[93.2073,24.5754],[93.2081,24.5822]],[[97.4423,17.9827],[97.45,17.975],[97.4493,17.9828],[97.4423,17.9827]],[[97.7667,17.5333],[97.7744,17.5256],[97.7745,17.5326],[97.7667,17.5333]],[[97.6923,17.7327],[97.7,17.725],[97.6993,17.7328],[97.6923,17.7327]],[[95.9756,22.566],[95.9833,22.5583],[95.9826,22.5661],[95.9756,22.566]],[[92.5083,25.7833],[92.516,25.7756],[92.5161,25.7826],[92.5083,25.7833]],[[92.7747,24.0156],[92.7671,24.0092],[92.774,24.0087],[92.7747,24.0156]],[[92.9917,24.9667],[92.984,24.9744],[92.9842,24.9671],[92.9917,24.9667]],[[97.3245,17.766],[97.3174,17.7589],[97.3244,17.759],[97.3245,17.766]],[[94.3173,27.6744],[94.325,27.6667],[94.3243,27.6745],[94.3173,27.6744]],[[92.2829,24.4074],[92.2753,24.4011],[92.2833,24.4],[92.2829,24.4074]],[[92.7491,24.2079],[92.7428,24.2003],[92.7497,24.201],[92.7491,24.2079]],[[90.05,25.2917],[90.0423,25.2994],[90.0422,25.2924],[90.05,25.2917]],[[93.0997,24.3406],[93.0921,24.3342],[93.099,24.3337],[93.0997,24.3406]],[[93.5917,24.4833],[93.5994,24.4756],[93.5995,24.4826],[93.5917,24.4833]],[[90.5506,25.2744],[90.5583,25.2667],[90.5576,25.2745],[90.5506,25.2744]],[[93.9087,23.2573],[93.9167,23.25],[93.9156,23.2581],[93.9087,23.2573]],[[93.4254,20.4157],[93.4333,20.4083],[93.4322,20.4164],[93.4254,20.4157]],[[93.0579,24.6491],[93.0503,24.6428],[93.0583,24.6417],[93.0579,24.6491]],[[94.7167,18.0167],[94.7244,18.009],[94.7245,18.016],[94.7167,18.0167]],[[94.4663,24.1991],[94.4586,24.1928],[94.4667,24.1917],[94.4663,24.1991]],[[91.6081,23.4487],[91.6003,23.4428],[91.6083,23.4417],[91.6081,23.4487]],[[92.4993,23.9078],[92.4922,23.9007],[92.5,23.9],[92.4993,23.9078]],[[97.8173,19.1577],[97.825,19.15],[97.8243,19.1578],[97.8173,19.1577]],[[90.6914,25.3489],[90.6838,25.3426],[90.6907,25.342],[90.6914,25.3489]],[[92.8667,20.4833],[92.8744,20.4756],[92.8745,20.4826],[92.8667,20.4833]],[[97.7496,18.5408],[97.742,18.5344],[97.75,18.5333],[97.7496,18.5408]],[[93.2831,24.6487],[93.2753,24.6428],[93.2833,24.6417],[93.2831,24.6487]],[[90.1829,25.2991],[90.1755,25.2924],[90.1833,25.2917],[90.1829,25.2991]],[[90.2414,25.2822],[90.2338,25.2759],[90.2407,25.2754],[90.2414,25.2822]],[[90.141,25.2745],[90.1339,25.2674],[90.1417,25.2667],[90.141,25.2745]],[[90.3917,25.2667],[90.3844,25.2747],[90.3836,25.2678],[90.3917,25.2667]],[[93.3497,20.7989],[93.3421,20.7926],[93.349,20.792],[93.3497,20.7989]],[[96.8833,23.3417],[96.891,23.334],[96.8911,23.341],[96.8833,23.3417]],[[96.3833,19.8583],[96.391,19.8506],[96.3911,19.8576],[96.3833,19.8583]],[[92.6838,21.3592],[92.6914,21.3656],[92.6833,21.3667],[92.6838,21.3592]],[[92.725,23.6417],[92.7327,23.634],[92.7328,23.641],[92.725,23.6417]],[[91.4498,26.0903],[91.442,26.0844],[91.45,26.0833],[91.4498,26.0903]],[[94.8246,28.2574],[94.817,28.2511],[94.825,28.25],[94.8246,28.2574]],[[94.6998,18.5403],[94.692,18.5344],[94.7,18.5333],[94.6998,18.5403]],[[95.8246,25.0241],[95.817,25.0178],[95.825,25.0167],[95.8246,25.0241]],[[95.0917,27.975],[95.0994,27.9673],[95.0995,27.9743],[95.0917,27.975]],[[94.8491,18.3829],[94.8428,18.3753],[94.8497,18.376],[94.8491,18.3829]],[[92.0587,24.274],[92.0667,24.2667],[92.0656,24.2747],[92.0587,24.274]],[[92.434,25.1494],[92.4417,25.1417],[92.441,25.1495],[92.434,25.1494]],[[96.5413,19.0158],[96.5336,19.0094],[96.5417,19.0083],[96.5413,19.0158]],[[95.6667,27.2],[95.6744,27.1923],[95.6745,27.1993],[95.6667,27.2]],[[97.7167,18.0333],[97.7244,18.0256],[97.7245,18.0326],[97.7167,18.0333]],[[96.2746,26.9741],[96.267,26.9678],[96.275,26.9667],[96.2746,26.9741]],[[97.9583,18.7833],[97.966,18.7756],[97.9661,18.7826],[97.9583,18.7833]],[[93.0083,24.4583],[93.016,24.4506],[93.0161,24.4576],[93.0083,24.4583]],[[92.0087,23.999],[92.0167,23.9917],[92.0156,23.9997],[92.0087,23.999]],[[93.1579,24.4658],[93.1503,24.4594],[93.1583,24.4583],[93.1579,24.4658]],[[92.5923,23.5494],[92.6,23.5417],[92.5993,23.5495],[92.5923,23.5494]],[[94.9083,28.8],[94.916,28.7923],[94.9161,28.7993],[94.9083,28.8]],[[94.7908,27.8163],[94.7845,27.8086],[94.7913,27.8094],[94.7908,27.8163]],[[95.8747,18.0406],[95.8671,18.0342],[95.874,18.0337],[95.8747,18.0406]],[[95.9408,21.9163],[95.9345,21.9086],[95.9413,21.9094],[95.9408,21.9163]],[[92.8491,20.6663],[92.8428,20.6586],[92.8497,20.6594],[92.8491,20.6663]],[[95.4746,25.8824],[95.467,25.8761],[95.475,25.875],[95.4746,25.8824]],[[93.2506,24.4994],[93.2583,24.4917],[93.2576,24.4995],[93.2506,24.4994]],[[94.1329,19.5158],[94.1253,19.5094],[94.1333,19.5083],[94.1329,19.5158]],[[92.2423,25.966],[92.25,25.9583],[92.2493,25.9661],[92.2423,25.966]],[[93.8496,22.0824],[93.842,22.0761],[93.85,22.075],[93.8496,22.0824]],[[93.2239,24.9414],[93.218,24.9335],[93.225,24.9333],[93.2239,24.9414]],[[93.3496,25.0658],[93.342,25.0594],[93.35,25.0583],[93.3496,25.0658]],[[93.8246,25.4658],[93.817,25.4594],[93.825,25.4583],[93.8246,25.4658]],[[94.9083,20.3917],[94.916,20.384],[94.9161,20.391],[94.9083,20.3917]],[[97.7667,23.2083],[97.7744,23.2006],[97.7745,23.2076],[97.7667,23.2083]],[[91.984,26.1744],[91.9917,26.1667],[91.991,26.1745],[91.984,26.1744]],[[96.7667,23.2083],[96.7744,23.2006],[96.7745,23.2076],[96.7667,23.2083]],[[93.7417,27.025],[93.7494,27.0173],[93.7495,27.0243],[93.7417,27.025]],[[95.3667,21.7917],[95.3744,21.784],[95.3745,21.791],[95.3667,21.7917]],[[97.0163,22.0908],[97.0086,22.0844],[97.0167,22.0833],[97.0163,22.0908]],[[96.7667,19.3333],[96.7744,19.3256],[96.7745,19.3326],[96.7667,19.3333]],[[95.4673,21.7994],[95.475,21.7917],[95.4743,21.7995],[95.4673,21.7994]],[[94.3333,25.8583],[94.341,25.8506],[94.3411,25.8576],[94.3333,25.8583]],[[94.95,19.2417],[94.9577,19.234],[94.9578,19.241],[94.95,19.2417]],[[96.5664,19.4906],[96.5588,19.4842],[96.5657,19.4837],[96.5664,19.4906]],[[94.8333,18.625],[94.8407,18.617],[94.8414,18.6239],[94.8333,18.625]],[[93.5496,20.2741],[93.5422,20.2674],[93.55,20.2667],[93.5496,20.2741]],[[95.7329,26.6991],[95.7253,26.6928],[95.7333,26.6917],[95.7329,26.6991]],[[92.0414,24.0489],[92.0338,24.0426],[92.0407,24.042],[92.0414,24.0489]],[[91.6243,23.3411],[91.6172,23.334],[91.625,23.3333],[91.6243,23.3411]],[[93.2664,24.8989],[93.2588,24.8926],[93.2657,24.892],[93.2664,24.8989]],[[95.166,21.859],[95.1583,21.8667],[95.1591,21.8589],[95.166,21.859]],[[92.6833,20.9167],[92.691,20.909],[92.6911,20.916],[92.6833,20.9167]],[[96.4746,19.1324],[96.467,19.1261],[96.475,19.125],[96.4746,19.1324]],[[92.8913,23.3908],[92.8836,23.3844],[92.8917,23.3833],[92.8913,23.3908]],[[90.0329,25.3908],[90.0253,25.3844],[90.0333,25.3833],[90.0329,25.3908]],[[92.8333,21.3333],[92.841,21.3256],[92.8411,21.3326],[92.8333,21.3333]],[[92.9583,22.4417],[92.966,22.434],[92.9661,22.441],[92.9583,22.4417]],[[94.1167,19.7417],[94.1244,19.734],[94.1245,19.741],[94.1167,19.7417]],[[93.4583,24.5667],[93.466,24.559],[93.4661,24.566],[93.4583,24.5667]],[[94.3667,18.8667],[94.3744,18.859],[94.3745,18.866],[94.3667,18.8667]],[[93.9583,19.7083],[93.966,19.7006],[93.9661,19.7076],[93.9583,19.7083]],[[92.2417,25.1167],[92.234,25.1244],[92.2342,25.1171],[92.2417,25.1167]],[[92.7083,23.175],[92.716,23.1673],[92.7161,23.1743],[92.7083,23.175]],[[92.625,24.3833],[92.6173,24.391],[92.6176,24.3837],[92.625,24.3833]],[[92.5,24.1333],[92.4923,24.141],[92.4926,24.1337],[92.5,24.1333]],[[92.9081,24.2239],[92.9004,24.2176],[92.9073,24.217],[92.9081,24.2239]],[[92.6248,23.1403],[92.617,23.1344],[92.625,23.1333],[92.6248,23.1403]],[[97.5741,22.5496],[97.5678,22.5419],[97.5747,22.5427],[97.5741,22.5496]],[[92.7158,22.9246],[92.7095,22.9169],[92.7163,22.9177],[92.7158,22.9246]],[[93.2658,24.3496],[93.2595,24.3419],[93.2663,24.3427],[93.2658,24.3496]],[[92.5831,21.0989],[92.5754,21.0926],[92.5823,21.092],[92.5831,21.0989]],[[96.8414,18.6239],[96.8338,18.6176],[96.8407,18.617],[96.8414,18.6239]],[[92.9246,24.5074],[92.917,24.5011],[92.925,24.5],[92.9246,24.5074]],[[97.45,17.2417],[97.4577,17.234],[97.4578,17.241],[97.45,17.2417]],[[96.4079,26.8658],[96.4003,26.8594],[96.4083,26.8583],[96.4079,26.8658]],[[92.8575,22.7329],[92.8511,22.7253],[92.858,22.726],[92.8575,22.7329]],[[97.4006,19.1494],[97.4083,19.1417],[97.4076,19.1495],[97.4006,19.1494]],[[92.6,20.875],[92.6077,20.8673],[92.6078,20.8743],[92.6,20.875]],[[91.6833,26.1333],[91.6756,26.141],[91.6759,26.1337],[91.6833,26.1333]],[[97.7833,19.1417],[97.7756,19.1494],[97.7759,19.1421],[97.7833,19.1417]],[[94.3244,27.6423],[94.3167,27.65],[94.3174,27.6422],[94.3244,27.6423]],[[94.825,18.1083],[94.8327,18.1006],[94.8328,18.1076],[94.825,18.1083]],[[93.3,20.7583],[93.2923,20.766],[93.2926,20.7587],[93.3,20.7583]],[[97.3913,26.3908],[97.3836,26.3844],[97.3917,26.3833],[97.3913,26.3908]],[[95.9991,22.3496],[95.9928,22.3419],[95.9997,22.3427],[95.9991,22.3496]],[[93.0496,21.2991],[93.042,21.2928],[93.05,21.2917],[93.0496,21.2991]],[[90.5581,25.9239],[90.5504,25.9176],[90.5573,25.917],[90.5581,25.9239]],[[97.7006,17.7077],[97.7083,17.7],[97.7076,17.7078],[97.7006,17.7077]],[[94.2583,22.975],[94.266,22.9673],[94.2661,22.9743],[94.2583,22.975]],[[94.2423,22.1577],[94.25,22.15],[94.2493,22.1578],[94.2423,22.1577]],[[94.0083,25.9583],[94.016,25.9506],[94.0161,25.9576],[94.0083,25.9583]],[[92.2246,25.9741],[92.217,25.9678],[92.225,25.9667],[92.2246,25.9741]],[[92.459,23.1077],[92.4667,23.1],[92.466,23.1078],[92.459,23.1077]],[[90.3417,25.3667],[90.3494,25.359],[90.3495,25.366],[90.3417,25.3667]],[[93.4581,20.3822],[93.4504,20.3759],[93.4573,20.3754],[93.4581,20.3822]],[[97.7746,20.0491],[97.767,20.0428],[97.775,20.0417],[97.7746,20.0491]],[[93.0413,21.1741],[93.0336,21.1678],[93.0417,21.1667],[93.0413,21.1741]],[[95.85,18.2333],[95.8577,18.2256],[95.8578,18.2326],[95.85,18.2333]],[[95.5997,27.1906],[95.5921,27.1842],[95.599,27.1837],[95.5997,27.1906]],[[93.1,24.3583],[93.1077,24.3506],[93.1078,24.3576],[93.1,24.3583]],[[96.45,26.825],[96.4577,26.8173],[96.4578,26.8243],[96.45,26.825]],[[96.075,17.4833],[96.0827,17.4756],[96.0828,17.4826],[96.075,17.4833]],[[92.575,23.7833],[92.5673,23.791],[92.5676,23.7837],[92.575,23.7833]],[[95.9333,17.9833],[95.941,17.9756],[95.9411,17.9826],[95.9333,17.9833]],[[95.5417,27.1417],[95.5337,27.149],[95.5342,27.1421],[95.5417,27.1417]],[[96.8497,23.1072],[96.8421,23.1009],[96.849,23.1004],[96.8497,23.1072]],[[92.5673,24.041],[92.575,24.0333],[92.5743,24.0411],[92.5673,24.041]],[[93.1829,23.1658],[93.1753,23.1594],[93.1833,23.1583],[93.1829,23.1658]],[[92.4498,23.1653],[92.442,23.1594],[92.45,23.1583],[92.4498,23.1653]],[[94.9833,26.7167],[94.991,26.709],[94.9911,26.716],[94.9833,26.7167]],[[95.1498,21.8987],[95.142,21.8928],[95.15,21.8917],[95.1498,21.8987]],[[94.8658,28.0913],[94.8595,28.0836],[94.8663,28.0844],[94.8658,28.0913]],[[91.9087,26.1157],[91.9167,26.1083],[91.9156,26.1164],[91.9087,26.1157]],[[94.4256,24.541],[94.4333,24.5333],[94.4326,24.5411],[94.4256,24.541]],[[93.9496,22.7824],[93.942,22.7761],[93.95,22.775],[93.9496,22.7824]],[[93.5741,24.0829],[93.5678,24.0753],[93.5747,24.076],[93.5741,24.0829]],[[91.7656,23.3747],[91.7597,23.3669],[91.7667,23.3667],[91.7656,23.3747]],[[94.9333,18.2333],[94.941,18.2256],[94.9411,18.2326],[94.9333,18.2333]],[[90.5415,25.9237],[90.5336,25.9178],[90.5417,25.9167],[90.5415,25.9237]],[[93.4997,20.3406],[93.4921,20.3342],[93.499,20.3337],[93.4997,20.3406]],[[94.7497,17.9822],[94.7421,17.9759],[94.749,17.9754],[94.7497,17.9822]],[[97.0917,23.4417],[97.0994,23.434],[97.0995,23.441],[97.0917,23.4417]],[[92.4917,25.825],[92.4994,25.8173],[92.4995,25.8243],[92.4917,25.825]],[[93.9833,19.8333],[93.9907,19.8254],[93.9914,19.8322],[93.9833,19.8333]],[[92.3747,21.3406],[92.3671,21.3342],[92.374,21.3337],[92.3747,21.3406]],[[97.6417,18.05],[97.6337,18.0573],[97.6342,18.0504],[97.6417,18.05]],[[96.225,27.45],[96.2327,27.4423],[96.2328,27.4493],[96.225,27.45]],[[95.15,21.9167],[95.1427,21.9247],[95.142,21.9178],[95.15,21.9167]],[[93.0415,21.1403],[93.0336,21.1344],[93.0417,21.1333],[93.0415,21.1403]],[[95.9413,21.8658],[95.9336,21.8594],[95.9417,21.8583],[95.9413,21.8658]],[[93.3583,21.05],[93.366,21.0423],[93.3661,21.0493],[93.3583,21.05]],[[92.4914,23.0489],[92.4838,23.0426],[92.4907,23.042],[92.4914,23.0489]],[[93.8996,21.8324],[93.892,21.8261],[93.9,21.825],[93.8996,21.8324]],[[93.1246,25.0408],[93.117,25.0344],[93.125,25.0333],[93.1246,25.0408]],[[93.2331,24.9239],[93.2254,24.9176],[93.2323,24.917],[93.2331,24.9239]],[[90.775,25.2],[90.7827,25.1923],[90.7828,25.1993],[90.775,25.2]],[[92.8673,23.416],[92.875,23.4083],[92.8743,23.4161],[92.8673,23.416]],[[94.4911,18.941],[94.4841,18.9339],[94.491,18.934],[94.4911,18.941]],[[97.8329,18.4158],[97.8253,18.4094],[97.8333,18.4083],[97.8329,18.4158]],[[92.3663,24.4074],[92.3586,24.4011],[92.3667,24.4],[92.3663,24.4074]],[[92.0164,25.2072],[92.0088,25.2009],[92.0157,25.2004],[92.0164,25.2072]],[[91.6504,23.4073],[91.6583,23.4],[91.6572,23.4081],[91.6504,23.4073]],[[93.9246,22.5658],[93.917,22.5594],[93.925,22.5583],[93.9246,22.5658]],[[92.8911,20.616],[92.8841,20.6089],[92.891,20.609],[92.8911,20.616]],[[92.8333,20.8167],[92.841,20.809],[92.8411,20.816],[92.8333,20.8167]],[[90.3,25.9333],[90.292,25.9407],[90.2926,25.9337],[90.3,25.9333]],[[97.7241,19.5163],[97.7178,19.5086],[97.7247,19.5094],[97.7241,19.5163]],[[93.0583,24.7],[93.066,24.6923],[93.0661,24.6993],[93.0583,24.7]],[[96.1496,22.8658],[96.142,22.8594],[96.15,22.8583],[96.1496,22.8658]],[[92.9908,24.1246],[92.9845,24.1169],[92.9913,24.1177],[92.9908,24.1246]],[[97.7923,19.1827],[97.8,19.175],[97.7993,19.1828],[97.7923,19.1827]],[[97.0496,17.8074],[97.042,17.8011],[97.05,17.8],[97.0496,17.8074]],[[92.6661,24.341],[92.6591,24.3339],[92.666,24.334],[92.6661,24.341]],[[94.409,21.841],[94.4167,21.8333],[94.416,21.8411],[94.409,21.841]],[[93.5333,24.0917],[93.541,24.084],[93.5411,24.091],[93.5333,24.0917]],[[90.2996,25.8741],[90.292,25.8678],[90.3,25.8667],[90.2996,25.8741]],[[91.6906,23.1664],[91.6847,23.1585],[91.6917,23.1583],[91.6906,23.1664]],[[96.125,22.9],[96.1177,22.908],[96.1172,22.9007],[96.125,22.9]],[[95.875,26.1333],[95.8673,26.141],[95.8672,26.134],[95.875,26.1333]],[[94.2167,19.4917],[94.2244,19.484],[94.2245,19.491],[94.2167,19.4917]],[[94.6667,20.525],[94.6594,20.533],[94.6586,20.5261],[94.6667,20.525]],[[94.5917,18.9917],[94.5994,18.984],[94.5995,18.991],[94.5917,18.9917]],[[94.4246,24.5241],[94.417,24.5178],[94.425,24.5167],[94.4246,24.5241]],[[94.2333,16.0833],[94.241,16.0756],[94.2411,16.0826],[94.2333,16.0833]],[[92.3408,25.8329],[92.3345,25.8253],[92.3413,25.826],[92.3408,25.8329]],[[92.7333,20.6917],[92.741,20.684],[92.7411,20.691],[92.7333,20.6917]],[[92.6673,24.0244],[92.675,24.0167],[92.6743,24.0245],[92.6673,24.0244]],[[97.4579,23.1408],[97.4503,23.1344],[97.4583,23.1333],[97.4579,23.1408]],[[97.3083,24.0083],[97.316,24.0006],[97.3161,24.0076],[97.3083,24.0083]],[[97.825,18.4],[97.8323,18.392],[97.8331,18.3989],[97.825,18.4]],[[93.675,20.0],[93.6827,19.9923],[93.6828,19.9993],[93.675,20.0]],[[92.925,23.0],[92.9327,22.9923],[92.9328,22.9993],[92.925,23.0]],[[96.4333,20.775],[96.441,20.7673],[96.4411,20.7743],[96.4333,20.775]],[[95.325,21.65],[95.3327,21.6423],[95.3328,21.6493],[95.325,21.65]],[[93.5824,20.6496],[93.5761,20.6419],[93.583,20.6427],[93.5824,20.6496]],[[92.6829,23.2324],[92.6753,23.2261],[92.6833,23.225],[92.6829,23.2324]],[[92.2081,24.0072],[92.2004,24.0009],[92.2073,24.0004],[92.2081,24.0072]],[[92.1087,24.249],[92.1167,24.2417],[92.1156,24.2497],[92.1087,24.249]],[[93.075,24.475],[93.0673,24.4827],[93.0676,24.4754],[93.075,24.475]],[[93.092,21.1073],[93.1,21.1],[93.0989,21.1081],[93.092,21.1073]],[[97.5833,19.1],[97.5756,19.1077],[97.5755,19.1007],[97.5833,19.1]],[[91.9667,26.1583],[91.959,26.166],[91.9592,26.1587],[91.9667,26.1583]],[[93.2163,24.6824],[93.2086,24.6761],[93.2167,24.675],[93.2163,24.6824]],[[96.6996,22.3074],[96.692,22.3011],[96.7,22.3],[96.6996,22.3074]],[[95.7917,18.575],[95.799,18.567],[95.7997,18.5739],[95.7917,18.575]],[[93.3081,24.0656],[93.3004,24.0592],[93.3073,24.0587],[93.3081,24.0656]],[[94.9917,19.025],[94.9994,19.0173],[94.9995,19.0243],[94.9917,19.025]],[[96.4917,19.9],[96.4994,19.8923],[96.4995,19.8993],[96.4917,19.9]],[[94.2083,19.4333],[94.2006,19.441],[94.2009,19.4337],[94.2083,19.4333]],[[96.4504,19.924],[96.4583,19.9167],[96.4572,19.9247],[96.4504,19.924]],[[97.2667,18.1167],[97.259,18.1244],[97.2589,18.1174],[97.2667,18.1167]],[[97.8746,17.8741],[97.867,17.8678],[97.875,17.8667],[97.8746,17.8741]],[[97.242,18.749],[97.25,18.7417],[97.2489,18.7497],[97.242,18.749]],[[97.7833,20.0833],[97.791,20.0756],[97.7911,20.0826],[97.7833,20.0833]],[[93.0574,21.6913],[93.0511,21.6836],[93.058,21.6844],[93.0574,21.6913]],[[94.8575,19.2746],[94.8511,19.2669],[94.858,19.2677],[94.8575,19.2746]],[[96.6413,22.1074],[96.6336,22.1011],[96.6417,22.1],[96.6413,22.1074]],[[97.3746,17.9991],[97.367,17.9928],[97.375,17.9917],[97.3746,17.9991]],[[94.3741,22.3996],[94.3678,22.3919],[94.3747,22.3927],[94.3741,22.3996]],[[93.4083,24.65],[93.416,24.6423],[93.4161,24.6493],[93.4083,24.65]],[[94.3996,18.9158],[94.392,18.9094],[94.4,18.9083],[94.3996,18.9158]],[[93.2079,26.5658],[93.2003,26.5594],[93.2083,26.5583],[93.2079,26.5658]],[[94.5991,27.6996],[94.5928,27.6919],[94.5997,27.6927],[94.5991,27.6996]],[[90.3167,25.3],[90.3244,25.2923],[90.3245,25.2993],[90.3167,25.3]],[[97.9667,18.7333],[97.9744,18.7256],[97.9745,18.7326],[97.9667,18.7333]],[[92.4748,24.0653],[92.467,24.0594],[92.475,24.0583],[92.4748,24.0653]],[[92.775,23.2583],[92.7827,23.2506],[92.7828,23.2576],[92.775,23.2583]],[[91.7423,23.1077],[91.75,23.1],[91.7493,23.1078],[91.7423,23.1077]],[[94.1246,20.4991],[94.117,20.4928],[94.125,20.4917],[94.1246,20.4991]],[[92.4331,23.4239],[92.4254,23.4176],[92.4323,23.417],[92.4331,23.4239]],[[96.3833,17.6667],[96.391,17.659],[96.3911,17.666],[96.3833,17.6667]],[[97.6833,17.8833],[97.6756,17.891],[97.6755,17.884],[97.6833,17.8833]],[[96.8,18.875],[96.8077,18.8673],[96.8078,18.8743],[96.8,18.875]],[[96.8,18.5],[96.8077,18.4923],[96.8078,18.4993],[96.8,18.5]],[[97.6913,19.0241],[97.6836,19.0178],[97.6917,19.0167],[97.6913,19.0241]],[[96.05,17.3917],[96.0577,17.384],[96.0578,17.391],[96.05,17.3917]],[[97.4324,17.7496],[97.4261,17.7419],[97.433,17.7427],[97.4324,17.7496]],[[92.5756,25.991],[92.5833,25.9833],[92.5826,25.9911],[92.5756,25.991]],[[92.4491,25.8413],[92.4428,25.8336],[92.4497,25.8344],[92.4491,25.8413]],[[93.5583,20.275],[93.566,20.2673],[93.5661,20.2743],[93.5583,20.275]],[[90.5996,25.2408],[90.592,25.2344],[90.6,25.2333],[90.5996,25.2408]],[[93.35,25.3417],[93.3577,25.334],[93.3578,25.341],[93.35,25.3417]],[[93.4333,24.5083],[93.4407,24.5004],[93.4414,24.5072],[93.4333,24.5083]],[[91.9913,26.1991],[91.9836,26.1928],[91.9917,26.1917],[91.9913,26.1991]],[[92.6664,21.7906],[92.6588,21.7842],[92.6657,21.7837],[92.6664,21.7906]],[[91.9673,26.1244],[91.975,26.1167],[91.9743,26.1245],[91.9673,26.1244]],[[94.8074,17.2579],[94.8011,17.2503],[94.808,17.251],[94.8074,17.2579]],[[96.9083,23.1167],[96.916,23.109],[96.9161,23.116],[96.9083,23.1167]],[[92.8333,24.025],[92.841,24.0173],[92.8411,24.0243],[92.8333,24.025]],[[92.3254,21.3157],[92.3333,21.3083],[92.3322,21.3164],[92.3254,21.3157]],[[90.7079,25.2824],[90.7003,25.2761],[90.7083,25.275],[90.7079,25.2824]],[[96.3163,21.5491],[96.3086,21.5428],[96.3167,21.5417],[96.3163,21.5491]],[[96.8167,18.9],[96.824,18.892],[96.8247,18.8989],[96.8167,18.9]],[[93.3745,20.8826],[93.3674,20.8755],[93.3744,20.8756],[93.3745,20.8826]],[[94.509,27.9827],[94.5167,27.975],[94.516,27.9828],[94.509,27.9827]],[[95.3575,21.7579],[95.3511,21.7503],[95.358,21.751],[95.3575,21.7579]],[[96.4324,18.0996],[96.4261,18.0919],[96.433,18.0927],[96.4324,18.0996]],[[93.2495,21.3826],[93.2424,21.3755],[93.2494,21.3756],[93.2495,21.3826]],[[92.7079,24.5324],[92.7003,24.5261],[92.7083,24.525],[92.7079,24.5324]],[[93.9006,21.8744],[93.9083,21.8667],[93.9076,21.8745],[93.9006,21.8744]],[[97.434,17.941],[97.4417,17.9333],[97.441,17.9411],[97.434,17.941]],[[92.5756,24.1744],[92.5833,24.1667],[92.5826,24.1745],[92.5756,24.1744]],[[93.0741,21.4246],[93.0678,21.4169],[93.0747,21.4177],[93.0741,21.4246]],[[97.6913,17.5991],[97.6836,17.5928],[97.6917,17.5917],[97.6913,17.5991]],[[97.925,19.9417],[97.9327,19.934],[97.9328,19.941],[97.925,19.9417]],[[97.3579,27.6074],[97.3503,27.6011],[97.3583,27.6],[97.3579,27.6074]],[[93.8667,21.8583],[93.859,21.866],[93.8592,21.8587],[93.8667,21.8583]],[[92.609,20.991],[92.6167,20.9833],[92.616,20.9911],[92.609,20.991]],[[90.1256,25.3494],[90.1333,25.3417],[90.1326,25.3495],[90.1256,25.3494]],[[91.6833,23.9167],[91.691,23.909],[91.6908,23.9163],[91.6833,23.9167]],[[97.6917,26.275],[97.6994,26.2673],[97.6995,26.2743],[97.6917,26.275]],[[96.2754,25.4657],[96.2833,25.4583],[96.2822,25.4664],[96.2754,25.4657]],[[93.0923,21.1577],[93.1,21.15],[93.0993,21.1578],[93.0923,21.1577]],[[96.9658,23.0246],[96.9595,23.0169],[96.9663,23.0177],[96.9658,23.0246]],[[92.5667,23.75],[92.5744,23.7423],[92.5745,23.7493],[92.5667,23.75]],[[97.5833,18.1667],[97.5756,18.1744],[97.5755,18.1674],[97.5833,18.1667]],[[96.8,23.3667],[96.8077,23.359],[96.8078,23.366],[96.8,23.3667]],[[92.8167,22.7417],[92.8244,22.734],[92.8245,22.741],[92.8167,22.7417]],[[94.4415,18.682],[94.4336,18.6761],[94.4417,18.675],[94.4415,18.682]],[[92.8333,21.1167],[92.841,21.109],[92.8411,21.116],[92.8333,21.1167]],[[93.5496,20.1574],[93.542,20.1511],[93.55,20.15],[93.5496,20.1574]],[[93.0747,21.6156],[93.0671,21.6092],[93.074,21.6087],[93.0747,21.6156]],[[94.7246,17.9241],[94.717,17.9178],[94.725,17.9167],[94.7246,17.9241]],[[97.5333,18.6],[97.5256,18.6077],[97.5259,18.6004],[97.5333,18.6]],[[97.7417,19.4],[97.7494,19.3923],[97.7495,19.3993],[97.7417,19.4]],[[92.675,20.9417],[92.6827,20.934],[92.6828,20.941],[92.675,20.9417]],[[93.3247,24.6489],[93.3171,24.6426],[93.324,24.642],[93.3247,24.6489]],[[92.6587,24.4657],[92.6667,24.4583],[92.6656,24.4664],[92.6587,24.4657]],[[90.675,25.325],[90.6823,25.317],[90.6831,25.3239],[90.675,25.325]],[[94.9158,19.2163],[94.9095,19.2086],[94.9163,19.2094],[94.9158,19.2163]],[[91.6081,23.3489],[91.6004,23.3426],[91.6073,23.342],[91.6081,23.3489]],[[95.9079,23.3908],[95.9003,23.3844],[95.9083,23.3833],[95.9079,23.3908]],[[92.2923,25.141],[92.3,25.1333],[92.2993,25.1411],[92.2923,25.141]],[[94.2079,19.4241],[94.2003,19.4178],[94.2083,19.4167],[94.2079,19.4241]],[[92.6991,21.0663],[92.6928,21.0586],[92.6997,21.0594],[92.6991,21.0663]],[[92.9083,20.6],[92.916,20.5923],[92.9161,20.5993],[92.9083,20.6]],[[93.0414,24.3239],[93.0338,24.3176],[93.0407,24.317],[93.0414,24.3239]],[[97.3423,17.9327],[97.35,17.925],[97.3496,17.9324],[97.3423,17.9327]],[[95.1423,21.966],[95.15,21.9583],[95.1493,21.9661],[95.1423,21.966]],[[94.2746,21.9658],[94.267,21.9594],[94.275,21.9583],[94.2746,21.9658]],[[96.6583,21.4917],[96.666,21.484],[96.6661,21.491],[96.6583,21.4917]],[[97.3333,22.5083],[97.3256,22.516],[97.3255,22.509],[97.3333,22.5083]],[[94.5504,20.324],[94.5583,20.3167],[94.5572,20.3247],[94.5504,20.324]],[[94.3833,21.75],[94.376,21.758],[94.3753,21.7511],[94.3833,21.75]],[[97.3081,17.8237],[97.3003,17.8178],[97.3083,17.8167],[97.3081,17.8237]],[[92.2667,25.7167],[92.2744,25.709],[92.2745,25.716],[92.2667,25.7167]],[[95.4504,21.8009],[95.4581,21.8072],[95.45,21.8083],[95.4504,21.8009]],[[96.1833,27.2917],[96.191,27.284],[96.1911,27.291],[96.1833,27.2917]],[[97.2413,22.3991],[97.2336,22.3928],[97.2417,22.3917],[97.2413,22.3991]],[[95.95,17.8417],[95.9577,17.834],[95.9578,17.841],[95.95,17.8417]],[[92.2506,25.1327],[92.2583,25.125],[92.2576,25.1328],[92.2506,25.1327]],[[93.8079,22.1991],[93.8003,22.1928],[93.8083,22.1917],[93.8079,22.1991]],[[94.5,18.625],[94.5077,18.6173],[94.5078,18.6243],[94.5,18.625]],[[90.6496,26.0074],[90.642,26.0011],[90.65,26.0],[90.6496,26.0074]],[[92.5746,22.9324],[92.567,22.9261],[92.575,22.925],[92.5746,22.9324]],[[96.0833,27.3333],[96.091,27.3256],[96.0911,27.3326],[96.0833,27.3333]],[[96.2083,27.5833],[96.216,27.5756],[96.2161,27.5826],[96.2083,27.5833]],[[93.9658,20.2579],[93.9595,20.2503],[93.9663,20.251],[93.9658,20.2579]],[[90.0254,25.3073],[90.0333,25.3],[90.0322,25.3081],[90.0254,25.3073]],[[95.225,21.6833],[95.2327,21.6756],[95.2328,21.6826],[95.225,21.6833]],[[95.1247,18.8239],[95.1171,18.8176],[95.124,18.817],[95.1247,18.8239]],[[92.6423,20.816],[92.65,20.8083],[92.6493,20.8161],[92.6423,20.816]],[[92.3913,21.3074],[92.3839,21.3007],[92.3917,21.3],[92.3913,21.3074]],[[93.8829,22.2991],[93.8753,22.2928],[93.8833,22.2917],[93.8829,22.2991]],[[97.6413,18.8241],[97.6336,18.8178],[97.6417,18.8167],[97.6413,18.8241]],[[97.1331,22.0822],[97.1254,22.0759],[97.1323,22.0754],[97.1331,22.0822]],[[94.7325,18.5746],[94.7261,18.5669],[94.733,18.5677],[94.7325,18.5746]],[[93.4246,24.6658],[93.417,24.6594],[93.425,24.6583],[93.4246,24.6658]],[[95.9833,22.5833],[95.991,22.5756],[95.9911,22.5826],[95.9833,22.5833]],[[94.2663,19.0741],[94.2586,19.0678],[94.2667,19.0667],[94.2663,19.0741]],[[93.3667,21.075],[93.3744,21.0673],[93.3745,21.0743],[93.3667,21.075]],[[97.8577,17.959],[97.85,17.9667],[97.8507,17.9589],[97.8577,17.959]],[[92.75,23.3167],[92.7577,23.309],[92.7578,23.316],[92.75,23.3167]],[[92.8414,21.4656],[92.8338,21.4592],[92.8407,21.4587],[92.8414,21.4656]],[[96.0,22.5667],[96.0077,22.559],[96.0078,22.566],[96.0,22.5667]],[[93.2663,26.4324],[93.2586,26.4261],[93.2667,26.425],[93.2663,26.4324]],[[96.2333,27.5667],[96.241,27.559],[96.2411,27.566],[96.2333,27.5667]],[[94.9833,28.3333],[94.991,28.3256],[94.9911,28.3326],[94.9833,28.3333]],[[92.0248,24.0487],[92.017,24.0428],[92.025,24.0417],[92.0248,24.0487]],[[93.4908,20.6163],[93.4845,20.6086],[93.4913,20.6094],[93.4908,20.6163]],[[93.25,24.9417],[93.2577,24.934],[93.2578,24.941],[93.25,24.9417]],[[95.7417,18.45],[95.7494,18.4423],[95.7495,18.4493],[95.7417,18.45]],[[95.1,18.075],[95.1073,18.067],[95.1081,18.0739],[95.1,18.075]],[[92.6239,25.4331],[92.6176,25.4254],[92.625,25.425],[92.6239,25.4331]],[[92.65,21.825],[92.6577,21.8173],[92.6578,21.8243],[92.65,21.825]],[[92.3673,21.3077],[92.375,21.3],[92.3743,21.3078],[92.3673,21.3077]],[[97.7256,17.9494],[97.7333,17.9417],[97.7326,17.9495],[97.7256,17.9494]],[[95.1333,21.95],[95.141,21.9423],[95.1411,21.9493],[95.1333,21.95]],[[95.0081,18.8156],[95.0004,18.8092],[95.0073,18.8087],[95.0081,18.8156]],[[97.6163,18.5991],[97.6086,18.5928],[97.6167,18.5917],[97.6163,18.5991]],[[92.4996,24.3074],[92.492,24.3011],[92.5,24.3],[92.4996,24.3074]],[[97.5079,19.4574],[97.5003,19.4511],[97.5083,19.45],[97.5079,19.4574]],[[94.1246,20.8241],[94.117,20.8178],[94.125,20.8167],[94.1246,20.8241]],[[96.875,18.5667],[96.8827,18.559],[96.8828,18.566],[96.875,18.5667]],[[94.6324,27.6579],[94.6261,27.6503],[94.633,27.651],[94.6324,27.6579]],[[96.8583,18.6417],[96.866,18.634],[96.8661,18.641],[96.8583,18.6417]],[[91.6324,23.6246],[91.6261,23.6169],[91.633,23.6177],[91.6324,23.6246]],[[94.075,20.9417],[94.0673,20.9494],[94.0672,20.9424],[94.075,20.9417]],[[97.2579,18.5074],[97.2503,18.5011],[97.2583,18.5],[97.2579,18.5074]],[[96.0083,23.4833],[96.0006,23.491],[96.0009,23.4837],[96.0083,23.4833]],[[94.4423,19.4494],[94.45,19.4417],[94.4493,19.4495],[94.4423,19.4494]],[[92.2006,24.0244],[92.2083,24.0167],[92.2076,24.0245],[92.2006,24.0244]],[[94.875,18.0083],[94.8827,18.0006],[94.8828,18.0076],[94.875,18.0083]],[[96.375,18.6333],[96.3827,18.6256],[96.3828,18.6326],[96.375,18.6333]],[[96.8824,18.6329],[96.8761,18.6253],[96.883,18.626],[96.8824,18.6329]],[[91.7083,23.5583],[91.716,23.5506],[91.7161,23.5576],[91.7083,23.5583]],[[97.9833,23.2417],[97.991,23.234],[97.9911,23.241],[97.9833,23.2417]],[[96.0,22.3667],[96.0077,22.359],[96.0078,22.366],[96.0,22.3667]],[[92.8583,22.975],[92.866,22.9673],[92.8661,22.9743],[92.8583,22.975]],[[96.4661,26.0743],[96.4591,26.0672],[96.466,26.0673],[96.4661,26.0743]],[[94.6498,18.1737],[94.642,18.1678],[94.65,18.1667],[94.6498,18.1737]],[[91.6746,23.4158],[91.667,23.4094],[91.675,23.4083],[91.6746,23.4158]],[[92.825,21.3083],[92.8327,21.3006],[92.8328,21.3076],[92.825,21.3083]],[[90.575,25.4167],[90.5827,25.409],[90.5828,25.416],[90.575,25.4167]],[[90.5506,25.9494],[90.5583,25.9417],[90.5576,25.9495],[90.5506,25.9494]],[[91.7167,23.5417],[91.7244,23.534],[91.7245,23.541],[91.7167,23.5417]],[[91.7,23.1667],[91.7077,23.159],[91.7078,23.166],[91.7,23.1667]],[[91.809,23.4327],[91.8167,23.425],[91.816,23.4328],[91.809,23.4327]],[[90.6083,25.95],[90.616,25.9423],[90.6161,25.9493],[90.6083,25.95]],[[97.7746,19.3074],[97.767,19.3011],[97.775,19.3],[97.7746,19.3074]],[[93.425,24.4917],[93.4327,24.484],[93.4328,24.491],[93.425,24.4917]],[[92.7491,23.1663],[92.7428,23.1586],[92.7497,23.1594],[92.7491,23.1663]],[[93.1413,24.6991],[93.1336,24.6928],[93.1417,24.6917],[93.1413,24.6991]],[[91.9994,23.909],[91.9917,23.9167],[91.9924,23.9089],[91.9994,23.909]],[[96.6167,19.0583],[96.6244,19.0506],[96.6245,19.0576],[96.6167,19.0583]],[[91.6581,23.1987],[91.6503,23.1928],[91.6583,23.1917],[91.6581,23.1987]],[[97.7587,22.574],[97.7667,22.5667],[97.7656,22.5747],[97.7587,22.574]],[[96.475,20.9333],[96.4827,20.9256],[96.4828,20.9326],[96.475,20.9333]],[[92.634,23.4494],[92.6417,23.4417],[92.641,23.4495],[92.634,23.4494]],[[90.0079,25.5491],[90.0003,25.5428],[90.0083,25.5417],[90.0079,25.5491]],[[93.4989,20.8414],[93.493,20.8335],[93.5,20.8333],[93.4989,20.8414]],[[92.9996,24.3241],[92.9922,24.3174],[93.0,24.3167],[92.9996,24.3241]],[[92.775,24.5417],[92.7827,24.534],[92.7828,24.541],[92.775,24.5417]],[[97.2329,26.0741],[97.2253,26.0678],[97.2333,26.0667],[97.2329,26.0741]],[[95.0083,19.1833],[95.016,19.1756],[95.0161,19.1826],[95.0083,19.1833]],[[93.3241,24.0746],[93.3178,24.0669],[93.3247,24.0677],[93.3241,24.0746]],[[94.5829,20.3574],[94.5753,20.3511],[94.5833,20.35],[94.5829,20.3574]],[[94.3,19.0417],[94.3077,19.034],[94.3078,19.041],[94.3,19.0417]],[[95.0414,19.1489],[95.0338,19.1426],[95.0407,19.142],[95.0414,19.1489]],[[94.5588,18.6759],[94.5664,18.6822],[94.5583,18.6833],[94.5588,18.6759]],[[94.6996,20.2158],[94.692,20.2094],[94.7,20.2083],[94.6996,20.2158]],[[94.642,18.674],[94.65,18.6667],[94.6489,18.6747],[94.642,18.674]],[[92.75,21.1917],[92.7573,21.1837],[92.7581,21.1906],[92.75,21.1917]],[[92.7583,24.3083],[92.766,24.3006],[92.7661,24.3076],[92.7583,24.3083]],[[92.5663,22.8241],[92.5586,22.8178],[92.5667,22.8167],[92.5663,22.8241]],[[91.5663,23.4491],[91.5586,23.4428],[91.5667,23.4417],[91.5663,23.4491]],[[92.8074,21.0413],[92.8011,21.0336],[92.808,21.0344],[92.8074,21.0413]],[[92.4673,23.091],[92.475,23.0833],[92.4743,23.0911],[92.4673,23.091]],[[93.1658,25.0079],[93.1595,25.0003],[93.1663,25.001],[93.1658,25.0079]],[[94.4579,18.9824],[94.4503,18.9761],[94.4583,18.975],[94.4579,18.9824]],[[96.975,22.225],[96.9673,22.2327],[96.9672,22.2257],[96.975,22.225]],[[94.35,16.4667],[94.3573,16.4587],[94.3581,16.4656],[94.35,16.4667]],[[94.7756,18.8244],[94.7833,18.8167],[94.7826,18.8245],[94.7756,18.8244]],[[93.25,24.4583],[93.2577,24.4506],[93.2578,24.4576],[93.25,24.4583]],[[97.8,18.6667],[97.8077,18.659],[97.8078,18.666],[97.8,18.6667]],[[97.6664,19.7406],[97.6588,19.7342],[97.6657,19.7337],[97.6664,19.7406]],[[94.3329,19.7824],[94.3253,19.7761],[94.3333,19.775],[94.3329,19.7824]],[[93.1748,24.982],[93.167,24.9761],[93.175,24.975],[93.1748,24.982]],[[97.3247,17.8239],[97.3171,17.8176],[97.324,17.817],[97.3247,17.8239]],[[92.75,24.3417],[92.7577,24.334],[92.7578,24.341],[92.75,24.3417]],[[97.5083,19.4083],[97.5004,19.4157],[97.5009,19.4087],[97.5083,19.4083]],[[94.2913,23.6824],[94.2836,23.6761],[94.2917,23.675],[94.2913,23.6824]],[[92.6256,24.0244],[92.6333,24.0167],[92.6326,24.0245],[92.6256,24.0244]],[[91.3923,23.6494],[91.4,23.6417],[91.3993,23.6495],[91.3923,23.6494]],[[93.666,20.0745],[93.6592,20.0671],[93.6667,20.0667],[93.666,20.0745]],[[90.8994,25.209],[90.8917,25.2167],[90.8924,25.2089],[90.8994,25.209]],[[93.4667,20.825],[93.4744,20.8173],[93.4745,20.8243],[93.4667,20.825]],[[97.0998,17.5153],[97.092,17.5094],[97.1,17.5083],[97.0998,17.5153]],[[95.9746,25.9824],[95.967,25.9761],[95.975,25.975],[95.9746,25.9824]],[[97.684,18.1077],[97.6917,18.1],[97.691,18.1078],[97.684,18.1077]],[[92.6583,25.9917],[92.666,25.984],[92.6661,25.991],[92.6583,25.9917]],[[93.1917,21.6667],[93.1994,21.659],[93.1995,21.666],[93.1917,21.6667]],[[94.0241,25.9246],[94.0178,25.9169],[94.0247,25.9177],[94.0241,25.9246]],[[91.6081,23.8822],[91.6004,23.8759],[91.6073,23.8754],[91.6081,23.8822]],[[92.6748,24.357],[92.667,24.3511],[92.675,24.35],[92.6748,24.357]],[[93.0423,24.3577],[93.05,24.35],[93.0493,24.3578],[93.0423,24.3577]],[[93.3333,20.8833],[93.341,20.8756],[93.3408,20.8829],[93.3333,20.8833]],[[97.684,17.7827],[97.6917,17.775],[97.691,17.7828],[97.684,17.7827]],[[92.1917,25.725],[92.1994,25.7173],[92.1995,25.7243],[92.1917,25.725]],[[94.2337,18.924],[94.2417,18.9167],[94.2406,18.9247],[94.2337,18.924]],[[94.1579,20.9658],[94.1503,20.9594],[94.1583,20.9583],[94.1579,20.9658]],[[92.5244,24.2006],[92.5167,24.2083],[92.5171,24.2009],[92.5244,24.2006]],[[92.8996,23.1491],[92.892,23.1428],[92.9,23.1417],[92.8996,23.1491]],[[93.234,24.8994],[93.2417,24.8917],[93.241,24.8995],[93.234,24.8994]],[[94.6663,18.7158],[94.6586,18.7094],[94.6667,18.7083],[94.6663,18.7158]],[[94.4741,19.3079],[94.4678,19.3003],[94.4747,19.301],[94.4741,19.3079]],[[93.8417,19.9333],[93.8494,19.9256],[93.8495,19.9326],[93.8417,19.9333]],[[94.6667,28.425],[94.659,28.4327],[94.6592,28.4254],[94.6667,28.425]],[[93.0667,21.475],[93.0744,21.4673],[93.0745,21.4743],[93.0667,21.475]],[[96.2829,20.8741],[96.2753,20.8678],[96.2833,20.8667],[96.2829,20.8741]],[[93.0498,20.9987],[93.042,20.9928],[93.05,20.9917],[93.0498,20.9987]],[[92.8244,21.3423],[92.8167,21.35],[92.8174,21.3422],[92.8244,21.3423]],[[93.042,21.124],[93.05,21.1167],[93.0489,21.1247],[93.042,21.124]],[[94.2333,20.9],[94.241,20.8923],[94.2411,20.8993],[94.2333,20.9]],[[92.6158,23.3829],[92.6095,23.3753],[92.6163,23.376],[92.6158,23.3829]],[[92.0996,24.2908],[92.092,24.2844],[92.1,24.2833],[92.0996,24.2908]],[[92.5413,21.2324],[92.5336,21.2261],[92.5417,21.225],[92.5413,21.2324]],[[97.0333,21.5917],[97.041,21.584],[97.0411,21.591],[97.0333,21.5917]],[[94.2746,22.6074],[94.267,22.6011],[94.275,22.6],[94.2746,22.6074]],[[97.3996,19.6241],[97.392,19.6178],[97.4,19.6167],[97.3996,19.6241]],[[92.7746,24.1241],[92.7672,24.1174],[92.775,24.1167],[92.7746,24.1241]],[[95.8747,18.0906],[95.8671,18.0842],[95.874,18.0837],[95.8747,18.0906]],[[97.975,18.4667],[97.9823,18.4587],[97.9831,18.4656],[97.975,18.4667]],[[90.9583,25.6417],[90.9506,25.6494],[90.9509,25.6421],[90.9583,25.6417]],[[93.0246,24.5658],[93.017,24.5594],[93.025,24.5583],[93.0246,24.5658]],[[93.392,20.8323],[93.4,20.825],[93.3989,20.8331],[93.392,20.8323]],[[96.4913,20.2324],[96.4836,20.2261],[96.4917,20.225],[96.4913,20.2324]],[[94.4083,27.6667],[94.4157,27.6587],[94.4164,27.6656],[94.4083,27.6667]],[[93.5746,20.5574],[93.567,20.5511],[93.575,20.55],[93.5746,20.5574]],[[97.3163,17.8074],[97.3086,17.8011],[97.3167,17.8],[97.3163,17.8074]],[[97.0246,18.0158],[97.017,18.0094],[97.025,18.0083],[97.0246,18.0158]],[[91.7006,26.1494],[91.7083,26.1417],[91.7076,26.1495],[91.7006,26.1494]],[[96.1913,27.0241],[96.1836,27.0178],[96.1917,27.0167],[96.1913,27.0241]],[[96.4908,21.4163],[96.4845,21.4086],[96.4913,21.4094],[96.4908,21.4163]],[[95.1,19.6917],[95.0927,19.6997],[95.092,19.6928],[95.1,19.6917]],[[92.7914,21.3239],[92.7838,21.3176],[92.7907,21.317],[92.7914,21.3239]],[[91.7506,23.091],[91.7583,23.0833],[91.7576,23.0911],[91.7506,23.091]],[[93.125,22.5417],[93.1327,22.534],[93.1328,22.541],[93.125,22.5417]],[[96.9913,21.9658],[96.9836,21.9594],[96.9917,21.9583],[96.9913,21.9658]],[[92.9083,21.7],[92.916,21.6923],[92.9161,21.6993],[92.9083,21.7]],[[94.4413,23.6991],[94.4336,23.6928],[94.4417,23.6917],[94.4413,23.6991]],[[92.484,24.1244],[92.4917,24.1167],[92.491,24.1245],[92.484,24.1244]],[[97.3829,18.0324],[97.3753,18.0261],[97.3833,18.025],[97.3829,18.0324]],[[94.0081,20.1156],[94.0004,20.1092],[94.0073,20.1087],[94.0081,20.1156]],[[92.625,20.9917],[92.6327,20.984],[92.6328,20.991],[92.625,20.9917]],[[93.7413,20.3574],[93.7336,20.3511],[93.7417,20.35],[93.7413,20.3574]],[[95.6329,21.9074],[95.6253,21.9011],[95.6333,21.9],[95.6329,21.9074]],[[92.7996,23.3074],[92.792,23.3011],[92.8,23.3],[92.7996,23.3074]],[[96.3333,27.6833],[96.341,27.6756],[96.3411,27.6826],[96.3333,27.6833]],[[91.5496,23.4324],[91.542,23.4261],[91.55,23.425],[91.5496,23.4324]],[[92.75,22.1],[92.7577,22.0923],[92.7578,22.0993],[92.75,22.1]],[[97.8333,17.8417],[97.841,17.834],[97.8411,17.841],[97.8333,17.8417]],[[92.7923,21.5577],[92.8,21.55],[92.7993,21.5578],[92.7923,21.5577]],[[97.7408,17.9913],[97.7345,17.9836],[97.7413,17.9844],[97.7408,17.9913]],[[91.667,23.4323],[91.675,23.425],[91.6739,23.4331],[91.667,23.4323]],[[92.8578,21.4326],[92.8507,21.4255],[92.8577,21.4256],[92.8578,21.4326]],[[96.7747,18.5572],[96.7671,18.5509],[96.774,18.5504],[96.7747,18.5572]],[[93.3991,20.6663],[93.3928,20.6586],[93.3997,20.6594],[93.3991,20.6663]],[[97.2246,23.8241],[97.217,23.8178],[97.225,23.8167],[97.2246,23.8241]],[[90.0667,25.2583],[90.0744,25.2506],[90.0745,25.2576],[90.0667,25.2583]],[[93.4579,24.2324],[93.4503,24.2261],[93.4583,24.225],[93.4579,24.2324]],[[93.2413,24.7658],[93.2336,24.7594],[93.2417,24.7583],[93.2413,24.7658]],[[93.6497,19.9906],[93.6421,19.9842],[93.649,19.9837],[93.6497,19.9906]],[[92.8408,20.6829],[92.8345,20.6753],[92.8413,20.676],[92.8408,20.6829]],[[94.0245,20.116],[94.0174,20.1089],[94.0244,20.109],[94.0245,20.116]],[[93.1094,25.0163],[93.1167,25.0083],[93.1163,25.0158],[93.1094,25.0163]],[[94.5833,19.1833],[94.591,19.1756],[94.5911,19.1826],[94.5833,19.1833]],[[93.3658,24.9329],[93.3595,24.9253],[93.3663,24.926],[93.3658,24.9329]],[[93.3664,24.5572],[93.3588,24.5509],[93.3657,24.5504],[93.3664,24.5572]],[[94.392,21.8073],[94.4,21.8],[94.3989,21.8081],[94.392,21.8073]],[[96.4741,17.9663],[96.4678,17.9586],[96.4747,17.9594],[96.4741,17.9663]],[[93.2414,25.3072],[93.2338,25.3009],[93.2407,25.3004],[93.2414,25.3072]],[[96.2333,21.9667],[96.241,21.959],[96.2411,21.966],[96.2333,21.9667]],[[92.375,21.2167],[92.3827,21.209],[92.3828,21.216],[92.375,21.2167]],[[93.6083,26.3083],[93.616,26.3006],[93.6161,26.3076],[93.6083,26.3083]],[[97.0246,17.5741],[97.017,17.5678],[97.025,17.5667],[97.0246,17.5741]],[[96.0,21.8417],[96.0077,21.834],[96.0078,21.841],[96.0,21.8417]],[[97.6329,18.9324],[97.6253,18.9261],[97.6333,18.925],[97.6329,18.9324]],[[94.8583,18.45],[94.866,18.4423],[94.8661,18.4493],[94.8583,18.45]],[[92.7333,21.4333],[92.741,21.4256],[92.7408,21.4329],[92.7333,21.4333]],[[97.8491,18.0746],[97.8428,18.0669],[97.8497,18.0677],[97.8491,18.0746]],[[92.8254,26.2157],[92.8333,26.2083],[92.8322,26.2164],[92.8254,26.2157]],[[92.55,20.6333],[92.5577,20.6256],[92.5578,20.6326],[92.55,20.6333]],[[97.55,22.525],[97.5577,22.5173],[97.5578,22.5243],[97.55,22.525]],[[94.925,18.025],[94.9323,18.017],[94.9331,18.0239],[94.925,18.025]],[[92.725,25.0417],[92.7327,25.034],[92.7328,25.041],[92.725,25.0417]],[[95.9006,17.966],[95.9083,17.9583],[95.9076,17.9661],[95.9006,17.966]],[[91.9506,26.1077],[91.9583,26.1],[91.9576,26.1078],[91.9506,26.1077]],[[97.8156,17.6414],[97.8092,17.6337],[97.8167,17.6333],[97.8156,17.6414]],[[91.5832,26.107],[91.5753,26.1011],[91.5833,26.1],[91.5832,26.107]],[[92.8167,21.0083],[92.824,21.0004],[92.8247,21.0072],[92.8167,21.0083]],[[94.1496,28.0574],[94.142,28.0511],[94.15,28.05],[94.1496,28.0574]],[[97.5917,19.5583],[97.5994,19.5506],[97.5995,19.5576],[97.5917,19.5583]],[[96.3996,19.2158],[96.392,19.2094],[96.4,19.2083],[96.3996,19.2158]],[[95.9747,17.8072],[95.9671,17.8009],[95.974,17.8004],[95.9747,17.8072]],[[93.4908,25.0413],[93.4845,25.0336],[93.4913,25.0344],[93.4908,25.0413]],[[94.8917,17.9833],[94.899,17.9754],[94.8997,17.9822],[94.8917,17.9833]],[[97.3663,27.5908],[97.3586,27.5844],[97.3667,27.5833],[97.3663,27.5908]],[[93.3,21.575],[93.3077,21.5673],[93.3078,21.5743],[93.3,21.575]],[[91.7583,23.35],[91.7506,23.3577],[91.7509,23.3504],[91.7583,23.35]],[[96.4083,19.7],[96.416,19.6923],[96.4161,19.6993],[96.4083,19.7]],[[91.5245,23.6326],[91.5174,23.6255],[91.5244,23.6256],[91.5245,23.6326]],[[92.875,24.1333],[92.8827,24.1256],[92.8828,24.1326],[92.875,24.1333]],[[93.0006,24.9827],[93.0083,24.975],[93.0076,24.9828],[93.0006,24.9827]],[[92.675,25.4333],[92.6827,25.4256],[92.6828,25.4326],[92.675,25.4333]],[[92.767,21.3573],[92.775,21.35],[92.7739,21.3581],[92.767,21.3573]],[[96.3583,22.525],[96.366,22.5173],[96.3661,22.5243],[96.3583,22.525]],[[92.2579,24.3574],[92.2503,24.3511],[92.2583,24.35],[92.2579,24.3574]],[[96.8829,18.3741],[96.8753,18.3678],[96.8833,18.3667],[96.8829,18.3741]],[[91.5239,23.6081],[91.5176,23.6004],[91.525,23.6],[91.5239,23.6081]],[[97.8073,17.442],[97.8,17.45],[97.8004,17.4426],[97.8073,17.442]],[[97.3829,18.0158],[97.3753,18.0094],[97.3833,18.0083],[97.3829,18.0158]],[[96.2413,20.9991],[96.2336,20.9928],[96.2417,20.9917],[96.2413,20.9991]],[[92.9583,21.3167],[92.9506,21.3244],[92.9509,21.3171],[92.9583,21.3167]],[[97.55,24.6833],[97.5577,24.6756],[97.5578,24.6826],[97.55,24.6833]],[[92.8167,21.4333],[92.8244,21.4256],[92.8245,21.4326],[92.8167,21.4333]],[[93.859,22.3577],[93.8667,22.35],[93.866,22.3578],[93.859,22.3577]],[[92.425,20.9333],[92.4327,20.9256],[92.4328,20.9326],[92.425,20.9333]],[[97.9667,18.0917],[97.9744,18.084],[97.9745,18.091],[97.9667,18.0917]],[[94.8583,18.4667],[94.866,18.459],[94.8661,18.466],[94.8583,18.4667]],[[94.8658,27.8079],[94.8595,27.8003],[94.8663,27.801],[94.8658,27.8079]],[[92.8247,20.8072],[92.8171,20.8009],[92.824,20.8004],[92.8247,20.8072]],[[97.675,19.8083],[97.6827,19.8006],[97.6828,19.8076],[97.675,19.8083]],[[92.7079,24.4491],[92.7003,24.4428],[92.7083,24.4417],[92.7079,24.4491]],[[96.675,19.3083],[96.6827,19.3006],[96.6828,19.3076],[96.675,19.3083]],[[92.6498,21.0737],[92.642,21.0678],[92.65,21.0667],[92.6498,21.0737]],[[96.2333,17.4667],[96.241,17.459],[96.2411,17.466],[96.2333,17.4667]],[[92.75,23.1833],[92.7577,23.1756],[92.7578,23.1826],[92.75,23.1833]],[[97.6329,18.9491],[97.6253,18.9428],[97.6333,18.9417],[97.6329,18.9491]],[[97.6326,18.0745],[97.6259,18.0671],[97.6333,18.0667],[97.6326,18.0745]],[[93.2579,20.8241],[93.2503,20.8178],[93.2583,20.8167],[93.2579,20.8241]],[[93.375,20.95],[93.3827,20.9423],[93.3828,20.9493],[93.375,20.95]],[[91.6831,23.1989],[91.6754,23.1926],[91.6823,23.192],[91.6831,23.1989]],[[92.4331,23.1989],[92.4254,23.1926],[92.4323,23.192],[92.4331,23.1989]],[[92.6331,20.9322],[92.6254,20.9259],[92.6323,20.9254],[92.6331,20.9322]],[[93.0006,24.1994],[93.0083,24.1917],[93.0076,24.1995],[93.0006,24.1994]],[[91.6423,23.3244],[91.65,23.3167],[91.6493,23.3245],[91.6423,23.3244]],[[93.2574,24.9163],[93.2511,24.9086],[93.258,24.9094],[93.2574,24.9163]],[[93.375,20.9333],[93.3827,20.9256],[93.3828,20.9326],[93.375,20.9333]],[[92.8996,23.1241],[92.892,23.1178],[92.9,23.1167],[92.8996,23.1241]],[[92.859,24.3244],[92.8667,24.3167],[92.866,24.3245],[92.859,24.3244]],[[90.8754,25.949],[90.8833,25.9417],[90.8822,25.9497],[90.8754,25.949]],[[90.7506,25.1994],[90.7583,25.1917],[90.7576,25.1995],[90.7506,25.1994]],[[92.6331,23.5739],[92.6254,23.5676],[92.6323,23.567],[92.6331,23.5739]],[[93.0246,21.9491],[93.017,21.9428],[93.025,21.9417],[93.0246,21.9491]],[[94.1728,20.8908],[94.1782,20.8757],[94.1827,20.877],[94.1728,20.8908]],[[97.4175,18.1355],[97.4326,18.1302],[97.4184,18.1408],[97.4175,18.1355]],[[91.9486,24.0011],[91.9395,24.0154],[91.9345,24.0153],[91.9486,24.0011]],[[94.3088,18.8278],[94.3243,18.8365],[94.323,18.841],[94.3088,18.8278]],[[94.8825,19.2439],[94.8674,19.2385],[94.8687,19.234],[94.8825,19.2439]],[[93.7735,20.0154],[93.7772,20.0013],[93.7822,20.0014],[93.7735,20.0154]],[[92.3403,21.3594],[92.3311,21.3737],[92.3261,21.3736],[92.3403,21.3594]],[[96.2645,18.8908],[96.2698,18.8757],[96.2743,18.877],[96.2645,18.8908]],[[94.4761,24.593],[94.4904,24.6022],[94.4903,24.6072],[94.4761,24.593]],[[94.7739,20.707],[94.7596,20.6978],[94.7597,20.6928],[94.7739,20.707]],[[93.1676,24.51],[93.1825,24.5189],[93.1816,24.5241],[93.1676,24.51]],[[93.3895,20.6992],[93.3948,20.684],[93.3993,20.6854],[93.3895,20.6992]],[[93.1489,24.3153],[93.1346,24.3061],[93.1347,24.3011],[93.1489,24.3153]],[[90.532,25.2844],[90.5228,25.2987],[90.5178,25.2986],[90.532,25.2844]],[[97.1987,17.5182],[97.1846,17.5144],[97.1847,17.5094],[97.1987,17.5182]],[[94.8739,19.2653],[94.8596,19.2561],[94.8597,19.2511],[94.8739,19.2653]],[[95.1406,21.9986],[95.1263,21.9894],[95.1264,21.9844],[95.1406,21.9986]],[[95.4926,21.8767],[95.5075,21.8855],[95.5066,21.8908],[95.4926,21.8767]],[[95.9404,27.2598],[95.9263,27.2561],[95.9264,27.2511],[95.9404,27.2598]],[[93.4849,20.3737],[93.4811,20.3596],[93.4903,20.3739],[93.4849,20.3737]],[[92.8992,22.9189],[92.8841,22.9135],[92.8854,22.909],[92.8992,22.9189]],[[97.7072,19.4986],[97.6929,19.4894],[97.6931,19.4844],[97.7072,19.4986]],[[94.6309,18.2256],[94.6228,18.2408],[94.6176,18.24],[94.6309,18.2256]],[[94.3597,19.0818],[94.3738,19.0856],[94.3736,19.0906],[94.3597,19.0818]],[[93.1489,24.4153],[93.1346,24.4061],[93.1347,24.4011],[93.1489,24.4153]],[[97.1925,24.4228],[97.2076,24.4281],[97.2063,24.4326],[97.1925,24.4228]],[[92.5902,20.607],[92.5939,20.5929],[92.5989,20.593],[92.5902,20.607]],[[92.7486,21.4011],[92.7395,21.4154],[92.7345,21.4153],[92.7486,21.4011]],[[97.0322,17.9403],[97.0179,17.9311],[97.0181,17.9261],[97.0322,17.9403]],[[93.932,20.1265],[93.9179,20.1228],[93.9181,20.1178],[93.932,20.1265]],[[97.6845,19.668],[97.6988,19.6772],[97.6986,19.6822],[97.6845,19.668]],[[93.0654,24.9735],[93.0513,24.9772],[93.065,24.9676],[93.0654,24.9735]],[[95.0605,19.1575],[95.0517,19.1426],[95.0658,19.1566],[95.0605,19.1575]],[[94.7812,18.9325],[94.7865,18.9174],[94.791,18.9187],[94.7812,18.9325]],[[97.6013,19.2068],[97.6154,19.2106],[97.6153,19.2156],[97.6013,19.2068]],[[92.857,21.3485],[92.8429,21.3522],[92.8566,21.3426],[92.857,21.3485]],[[96.2989,22.6736],[96.2846,22.6644],[96.2847,22.6594],[96.2989,22.6736]],[[93.0562,25.1992],[93.0615,25.184],[93.066,25.1854],[93.0562,25.1992]],[[92.8489,21.082],[92.8346,21.0728],[92.8347,21.0678],[92.8489,21.082]],[[90.1311,25.2846],[90.1403,25.2989],[90.1261,25.2847],[90.1311,25.2846]],[[90.4011,25.918],[90.4154,25.9272],[90.4153,25.9322],[90.4011,25.918]],[[96.3145,20.6742],[96.3198,20.659],[96.3243,20.6604],[96.3145,20.6742]],[[97.8733,19.9592],[97.8645,19.9742],[97.8592,19.9733],[97.8733,19.9592]],[[94.8978,17.4575],[94.9032,17.4424],[94.9077,17.4437],[94.8978,17.4575]],[[95.4763,21.8568],[95.4904,21.8606],[95.4903,21.8656],[95.4763,21.8568]],[[94.6062,17.7575],[94.6115,17.7424],[94.616,17.7437],[94.6062,17.7575]],[[97.4559,17.8256],[97.4478,17.8408],[97.4426,17.84],[97.4559,17.8256]],[[97.9989,18.9486],[97.9846,18.9394],[97.9847,18.9344],[97.9989,18.9486]],[[91.5675,23.5689],[91.5826,23.5635],[91.5684,23.5741],[91.5675,23.5689]],[[93.8562,20.1825],[93.8615,20.1674],[93.866,20.1687],[93.8562,20.1825]],[[93.2312,25.3325],[93.2365,25.3174],[93.241,25.3187],[93.2312,25.3325]],[[91.7236,24.1178],[91.7145,24.1321],[91.7095,24.132],[91.7236,24.1178]],[[97.1978,21.6325],[97.2032,21.6174],[97.2077,21.6187],[97.1978,21.6325]],[[90.4572,25.2236],[90.4429,25.2144],[90.4431,25.2094],[90.4572,25.2236]],[[94.3448,18.8174],[94.3395,18.8325],[94.3342,18.8316],[94.3448,18.8174]],[[93.4072,24.9903],[93.3929,24.9811],[93.3931,24.9761],[93.4072,24.9903]],[[97.6311,27.2596],[97.6403,27.2739],[97.6261,27.2597],[97.6311,27.2596]],[[93.2568,24.9737],[93.2606,24.9596],[93.2656,24.9597],[93.2568,24.9737]],[[97.5978,19.2846],[97.607,19.2989],[97.5928,19.2847],[97.5978,19.2846]],[[93.8906,20.0986],[93.8763,20.0894],[93.8764,20.0844],[93.8906,20.0986]],[[94.6265,24.6737],[94.6228,24.6596],[94.632,24.6739],[94.6265,24.6737]],[[90.9653,25.2011],[90.9561,25.2154],[90.9511,25.2153],[90.9653,25.2011]],[[94.4242,27.5939],[94.4091,27.5885],[94.4104,27.584],[94.4242,27.5939]],[[92.3656,21.3236],[92.3513,21.3144],[92.3514,21.3094],[92.3656,21.3236]],[[93.8395,21.9013],[93.8486,21.9156],[93.8345,21.9014],[93.8395,21.9013]],[[92.3009,24.2189],[92.316,24.2135],[92.3017,24.2241],[92.3009,24.2189]],[[92.8652,20.7737],[92.8689,20.7596],[92.8739,20.7597],[92.8652,20.7737]],[[92.8087,24.414],[92.8166,24.4029],[92.8138,24.4166],[92.8087,24.414]],[[92.5917,23.9403],[92.5831,23.9417],[92.5877,23.9332],[92.5917,23.9403]],[[97.692,17.8395],[97.6997,17.8277],[97.6976,17.8416],[97.692,17.8395]],[[97.042,21.614],[97.0497,21.6022],[97.0479,21.6165],[97.042,21.614]],[[97.8336,18.0917],[97.825,18.0931],[97.829,18.0832],[97.8336,18.0917]],[[95.1667,21.8403],[95.1581,21.8417],[95.1627,21.8332],[95.1667,21.8403]],[[93.342,21.164],[93.3497,21.1522],[93.3479,21.1665],[93.342,21.164]],[[94.7928,19.3074],[94.7994,19.2931],[94.7985,19.3078],[94.7928,19.3074]],[[95.1583,21.8963],[95.1665,21.8871],[95.1635,21.9],[95.1583,21.8963]],[[94.2837,19.0272],[94.291,19.04],[94.2855,19.0415],[94.2837,19.0272]],[[93.0917,21.2653],[93.0831,21.2667],[93.0877,21.2582],[93.0917,21.2653]],[[96.6578,19.9735],[96.6507,19.96],[96.6569,19.9588],[96.6578,19.9735]],[[92.7754,24.3473],[92.783,24.3355],[92.7812,24.3498],[92.7754,24.3473]],[[91.9589,26.2348],[91.966,26.2483],[91.9598,26.2495],[91.9589,26.2348]],[[95.4489,28.1759],[95.4426,28.1908],[95.4432,28.1755],[95.4489,28.1759]],[[97.917,17.1807],[97.9247,17.1688],[97.9229,17.1831],[97.917,17.1807]],[[94.3006,21.7765],[94.3077,21.79],[94.3015,21.7912],[94.3006,21.7765]],[[97.6334,17.6236],[97.6248,17.625],[97.6294,17.6166],[97.6334,17.6236]],[[92.0001,23.9569],[91.9915,23.9583],[91.9961,23.9499],[92.0001,23.9569]],[[97.2754,17.3557],[97.283,17.3438],[97.2812,17.3581],[97.2754,17.3557]],[[94.2991,19.1908],[94.2928,19.1759],[94.2991,19.1759],[94.2991,19.1908]],[[96.5004,24.8307],[96.508,24.8188],[96.5062,24.8331],[96.5004,24.8307]],[[92.8924,23.0983],[92.8994,23.0848],[92.8985,23.0995],[92.8924,23.0983]],[[97.9907,18.1158],[97.9845,18.1009],[97.9907,18.1009],[97.9907,18.1158]],[[97.6254,18.864],[97.633,18.8522],[97.6312,18.8665],[97.6254,18.864]],[[96.2504,22.039],[96.258,22.0272],[96.2562,22.0415],[96.2504,22.039]],[[94.692,18.2307],[94.6997,18.2188],[94.6979,18.2331],[94.692,18.2307]],[[92.8251,22.6819],[92.8165,22.6833],[92.8211,22.6749],[92.8251,22.6819]],[[93.0751,21.4986],[93.0665,21.5],[93.0711,21.4916],[93.0751,21.4986]],[[94.8084,18.6403],[94.7998,18.6417],[94.8044,18.6332],[94.8084,18.6403]],[[97.1667,17.7236],[97.1581,17.725],[97.1627,17.7166],[97.1667,17.7236]],[[93.192,24.5312],[93.1997,24.5194],[93.1976,24.5332],[93.192,24.5312]],[[96.4837,19.814],[96.4914,19.8022],[96.4896,19.8165],[96.4837,19.814]],[[97.317,21.4723],[97.3247,21.4605],[97.3229,21.4748],[97.317,21.4723]],[[92.8254,20.839],[92.833,20.8272],[92.8312,20.8415],[92.8254,20.839]],[[92.6915,23.1538],[92.6835,23.1638],[92.6862,23.15],[92.6915,23.1538]],[[92.625,24.3368],[92.6334,24.3288],[92.6298,24.3417],[92.625,24.3368]],[[96.6087,18.9229],[96.6163,18.911],[96.6142,18.9249],[96.6087,18.9229]],[[90.517,25.9057],[90.5247,25.8938],[90.5229,25.9081],[90.517,25.9057]],[[92.5002,23.7],[92.4916,23.7014],[92.4956,23.6916],[92.5002,23.7]],[[97.4905,18.0509],[97.4843,18.0658],[97.4843,18.0509],[97.4905,18.0509]],[[92.7169,23.2333],[92.7083,23.2348],[92.7123,23.2249],[92.7169,23.2333]],[[93.3584,22.1319],[93.3498,22.1333],[93.3544,22.1249],[93.3584,22.1319]],[[92.8584,22.0069],[92.8498,22.0083],[92.8544,21.9999],[92.8584,22.0069]],[[97.0504,21.364],[97.058,21.3522],[97.0562,21.3665],[97.0504,21.364]],[[92.5845,23.8074],[92.5911,23.7931],[92.5902,23.8078],[92.5845,23.8074]],[[92.317,25.814],[92.3247,25.8022],[92.3229,25.8165],[92.317,25.814]],[[92.5589,24.2931],[92.566,24.3066],[92.5598,24.3078],[92.5589,24.2931]],[[97.7928,18.1241],[97.7991,18.1092],[97.7991,18.1241],[97.7928,18.1241]],[[92.8001,24.4153],[92.7915,24.4167],[92.7961,24.4082],[92.8001,24.4153]],[[97.692,19.7723],[97.6997,19.7605],[97.6979,19.7748],[97.692,19.7723]],[[97.692,19.8557],[97.6997,19.8438],[97.6979,19.8581],[97.692,19.8557]],[[95.1915,21.7704],[95.1835,21.7804],[95.1862,21.7667],[95.1915,21.7704]],[[92.4824,24.2241],[92.4762,24.2092],[92.4824,24.2092],[92.4824,24.2241]],[[90.2923,25.8848],[90.2993,25.8983],[90.2932,25.8995],[90.2923,25.8848]],[[92.617,23.164],[92.6247,23.1522],[92.6229,23.1665],[92.617,23.164]],[[93.367,20.9723],[93.3747,20.9605],[93.3729,20.9748],[93.367,20.9723]],[[94.2667,24.3403],[94.2581,24.3417],[94.2627,24.3332],[94.2667,24.3403]],[[92.9167,24.4129],[92.9084,24.4049],[92.9131,24.3999],[92.9167,24.4129]],[[93.1167,20.9403],[93.1081,20.9417],[93.1127,20.9332],[93.1167,20.9403]],[[93.3678,24.5991],[93.3741,24.5842],[93.3741,24.5991],[93.3678,24.5991]],[[93.908,22.386],[93.9001,22.3971],[93.9028,22.3834],[93.908,22.386]],[[92.4256,23.3598],[92.4327,23.3733],[92.4265,23.3745],[92.4256,23.3598]],[[97.1837,17.764],[97.1914,17.7522],[97.1896,17.7665],[97.1837,17.764]],[[96.3337,20.314],[96.3414,20.3022],[96.3396,20.3165],[96.3337,20.314]],[[95.2251,21.6986],[95.2165,21.7],[95.2211,21.6916],[95.2251,21.6986]],[[90.9837,25.6645],[90.9913,25.6527],[90.9892,25.6666],[90.9837,25.6645]],[[92.925,21.5785],[92.9334,21.5704],[92.9298,21.5834],[92.925,21.5785]],[[94.4006,24.5765],[94.4077,24.59],[94.4015,24.5912],[94.4006,24.5765]],[[93.7751,20.3153],[93.7665,20.3167],[93.7711,20.3082],[93.7751,20.3153]],[[97.967,18.5723],[97.9747,18.5605],[97.9729,18.5748],[97.967,18.5723]],[[92.9157,22.9158],[92.9095,22.9009],[92.9157,22.9009],[92.9157,22.9158]],[[94.6001,18.2986],[94.5915,18.3],[94.5961,18.2916],[94.6001,18.2986]],[[96.775,18.6296],[96.7832,18.6204],[96.7802,18.6334],[96.775,18.6296]],[[93.2837,21.164],[93.2914,21.1522],[93.2896,21.1665],[93.2837,21.164]],[[93.1004,21.7807],[93.108,21.7688],[93.1062,21.7831],[93.1004,21.7807]],[[94.4584,19.1069],[94.4498,19.1083],[94.4544,19.0999],[94.4584,19.1069]],[[96.342,21.2973],[96.3497,21.2855],[96.3479,21.2998],[96.342,21.2973]],[[94.5497,24.2194],[94.542,24.2312],[94.5438,24.2169],[94.5497,24.2194]],[[92.4587,23.6057],[92.4664,23.5938],[92.4646,23.6081],[92.4587,23.6057]],[[93.0504,23.8057],[93.058,23.7938],[93.0562,23.8081],[93.0504,23.8057]],[[92.8337,21.389],[92.8414,21.3772],[92.8396,21.3915],[92.8337,21.389]],[[97.3001,17.7569],[97.2915,17.7583],[97.2961,17.7499],[97.3001,17.7569]],[[93.8332,22.1371],[93.8251,22.1471],[93.8278,22.1334],[93.8332,22.1371]],[[93.5345,20.8824],[93.5407,20.8676],[93.5407,20.8824],[93.5345,20.8824]],[[97.7084,18.5153],[97.6998,18.5167],[97.7044,18.5082],[97.7084,18.5153]],[[93.458,20.311],[93.4501,20.3221],[93.4528,20.3084],[93.458,20.311]],[[90.574,25.2824],[90.5678,25.2676],[90.574,25.2676],[90.574,25.2824]],[[94.6762,17.6241],[94.6824,17.6092],[94.6824,17.6241],[94.6762,17.6241]],[[97.3917,19.2736],[97.3831,19.275],[97.3877,19.2666],[97.3917,19.2736]],[[97.7667,19.2736],[97.7581,19.275],[97.7627,19.2666],[97.7667,19.2736]],[[91.7756,23.3735],[91.7822,23.3593],[91.7816,23.3746],[91.7756,23.3735]],[[97.7502,17.825],[97.7416,17.8264],[97.7456,17.8166],[97.7502,17.825]],[[96.6001,19.5236],[96.5915,19.525],[96.5961,19.5166],[96.6001,19.5236]],[[97.6001,18.3819],[97.5915,18.3833],[97.5961,18.3749],[97.6001,18.3819]],[[92.4831,24.1061],[92.4752,24.0943],[92.4811,24.0918],[92.4831,24.1061]],[[92.7328,23.9984],[92.7261,23.9841],[92.7323,23.9842],[92.7328,23.9984]],[[97.1167,22.025],[97.1009,22.0323],[97.1008,22.0261],[97.1167,22.025]],[[93.2333,21.3667],[93.2472,21.3585],[93.2499,21.3643],[93.2333,21.3667]],[[97.4248,18.2973],[97.4169,18.2856],[97.425,18.2833],[97.4248,18.2973]],[[91.7918,23.3972],[91.8,23.3833],[91.7977,23.3999],[91.7918,23.3972]],[[96.3333,20.6917],[96.341,20.6764],[96.3406,20.6907],[96.3333,20.6917]],[[97.0914,24.5977],[97.0838,24.5853],[97.0894,24.5835],[97.0914,24.5977]],[[92.5498,22.864],[92.5419,22.8523],[92.55,22.85],[92.5498,22.864]],[[95.5833,23.9],[95.573,23.9085],[95.5666,23.9038],[95.5833,23.9]],[[92.8581,21.4144],[92.8502,21.4027],[92.8561,21.4002],[92.8581,21.4144]],[[96.7894,18.4998],[96.7769,18.4921],[96.7917,18.4917],[96.7894,18.4998]],[[92.6187,25.4496],[92.6333,25.4417],[92.6328,25.4482],[92.6187,25.4496]],[[92.9167,23.3083],[92.927,23.2998],[92.9334,23.3045],[92.9167,23.3083]],[[94.2667,24.3833],[94.2508,24.3906],[94.2508,24.3845],[94.2667,24.3833]],[[96.4667,17.7917],[96.4813,17.7837],[96.483,17.79],[96.4667,17.7917]],[[93.3167,25.325],[93.3239,25.3092],[93.3239,25.324],[93.3167,25.325]],[[92.6167,24.0417],[92.6313,24.0337],[92.633,24.04],[92.6167,24.0417]],[[97.6668,17.8222],[97.675,17.8083],[97.6727,17.8249],[97.6668,17.8222]],[[92.3582,23.7604],[92.3667,23.75],[92.3629,23.7668],[92.3582,23.7604]],[[96.8083,22.45],[96.823,22.442],[96.8246,22.4483],[96.8083,22.45]],[[94.8068,19.2828],[94.793,19.2757],[94.8083,19.275],[94.8068,19.2828]],[[90.3578,25.2318],[90.3511,25.2174],[90.3573,25.2175],[90.3578,25.2318]],[[94.6417,17.3833],[94.6496,17.3687],[94.6472,17.3831],[94.6417,17.3833]],[[96.5667,19.6167],[96.5813,19.6087],[96.583,19.615],[96.5667,19.6167]],[[92.5207,23.4334],[92.5123,23.425],[92.5251,23.4287],[92.5207,23.4334]],[[97.75,19.2417],[97.7646,19.2337],[97.7663,19.24],[97.75,19.2417]],[[92.675,23.45],[92.6896,23.442],[92.6913,23.4483],[92.675,23.45]],[[91.6261,23.6075],[91.6333,23.5917],[91.6322,23.6076],[91.6261,23.6075]],[[97.375,19.7833],[97.3592,19.7906],[97.3591,19.7845],[97.375,19.7833]],[[92.6083,23.3333],[92.623,23.3254],[92.6246,23.3317],[92.6083,23.3333]],[[97.3833,23.6417],[97.3695,23.6498],[97.3668,23.644],[97.3833,23.6417]],[[93.5833,20.275],[93.5906,20.2592],[93.5906,20.274],[93.5833,20.275]],[[96.0,22.55],[96.0073,22.5342],[96.0073,22.549],[96.0,22.55]],[[97.8583,22.5833],[97.8425,22.5906],[97.8424,22.5845],[97.8583,22.5833]],[[92.8333,21.175],[92.8406,21.1592],[92.8406,21.174],[92.8333,21.175]],[[90.5833,25.2833],[90.5913,25.2687],[90.5889,25.2831],[90.5833,25.2833]],[[92.8411,20.7984],[92.8345,20.7841],[92.8406,20.7842],[92.8411,20.7984]],[[92.8667,21.3667],[92.8587,21.3813],[92.8612,21.3669],[92.8667,21.3667]],[[94.125,25.9917],[94.1323,25.9758],[94.1323,25.9907],[94.125,25.9917]],[[91.6583,23.9167],[91.673,23.9087],[91.6746,23.915],[91.6583,23.9167]],[[92.7973,23.9748],[92.7856,23.9669],[92.7998,23.9689],[92.7973,23.9748]],[[97.2833,21.6667],[97.298,21.6587],[97.2996,21.665],[97.2833,21.6667]],[[92.614,23.3665],[92.6023,23.3586],[92.6165,23.3606],[92.614,23.3665]],[[94.8057,20.9498],[94.794,20.9419],[94.8082,20.9439],[94.8057,20.9498]],[[93.9661,20.1401],[93.9595,20.1258],[93.9656,20.1258],[93.9661,20.1401]],[[93.0581,21.9561],[93.0502,21.9443],[93.0561,21.9418],[93.0581,21.9561]],[[95.85,24.6333],[95.8639,24.6252],[95.8666,24.631],[95.85,24.6333]],[[97.7748,18.3223],[97.7669,18.3106],[97.775,18.3083],[97.7748,18.3223]],[[97.4333,26.725],[97.4175,26.7323],[97.4174,26.7261],[97.4333,26.725]],[[97.7002,17.6639],[97.7083,17.65],[97.706,17.6666],[97.7002,17.6639]],[[92.8973,22.7581],[92.8856,22.7503],[92.8998,22.7523],[92.8973,22.7581]],[[95.325,21.6083],[95.333,21.5937],[95.3305,21.6081],[95.325,21.6083]],[[95.8667,18.0667],[95.8813,18.0587],[95.883,18.065],[95.8667,18.0667]],[[94.8623,28.0667],[94.8539,28.0583],[94.8668,28.0621],[94.8623,28.0667]],[[97.6835,17.7555],[97.6917,17.7417],[97.6893,17.7582],[97.6835,17.7555]],[[92.8583,23.7333],[92.873,23.7254],[92.8746,23.7317],[92.8583,23.7333]],[[97.0521,23.4996],[97.0667,23.4917],[97.0662,23.4982],[97.0521,23.4996]],[[95.2417,21.7167],[95.2489,21.7008],[95.2489,21.7157],[95.2417,21.7167]],[[97.7417,19.2167],[97.7496,19.2021],[97.7472,19.2164],[97.7417,19.2167]],[[94.3583,22.5667],[94.373,22.5587],[94.3746,22.565],[94.3583,22.5667]],[[97.2083,19.1167],[97.1925,19.1239],[97.1924,19.1178],[97.2083,19.1167]],[[92.425,23.4],[92.433,23.3854],[92.4305,23.3998],[92.425,23.4]],[[94.3498,20.0973],[94.3419,20.0856],[94.35,20.0833],[94.3498,20.0973]],[[93.8667,20.075],[93.8739,20.0592],[93.8739,20.074],[93.8667,20.075]],[[97.425,17.7333],[97.4396,17.7254],[97.4413,17.7317],[97.425,17.7333]],[[91.725,24.1],[91.7092,24.1073],[91.7091,24.1011],[91.725,24.1]],[[97.5417,18.5583],[97.5259,18.5656],[97.5258,18.5595],[97.5417,18.5583]],[[97.1854,19.1413],[97.2,19.1333],[97.1995,19.1398],[97.1854,19.1413]],[[93.2114,24.6917],[93.2215,24.7],[93.2083,24.7],[93.2114,24.6917]],[[94.2082,22.664],[94.2003,22.6523],[94.2083,22.65],[94.2082,22.664]],[[97.8473,18.0248],[97.8356,18.0169],[97.8498,18.0189],[97.8473,18.0248]],[[94.3667,22.2833],[94.3508,22.2906],[94.3508,22.2845],[94.3667,22.2833]],[[94.4083,21.8622],[94.4167,21.8707],[94.4121,21.8751],[94.4083,21.8622]],[[92.9457,25.2417],[92.9373,25.2333],[92.9501,25.2371],[92.9457,25.2417]],[[92.8998,24.4437],[92.9083,24.4333],[92.9045,24.4501],[92.8998,24.4437]],[[96.9831,21.9394],[96.9752,21.9277],[96.9811,21.9252],[96.9831,21.9394]],[[96.675,18.925],[96.6823,18.9092],[96.6823,18.924],[96.675,18.925]],[[92.9,23.0667],[92.9073,23.0508],[92.9073,23.0657],[92.9,23.0667]],[[95.9917,22.175],[96.0063,22.167],[96.008,22.1733],[95.9917,22.175]],[[92.9083,23.0833],[92.923,23.0754],[92.9246,23.0817],[92.9083,23.0833]],[[94.7007,18.3763],[94.7078,18.3901],[94.7,18.3917],[94.7007,18.3763]],[[93.3591,21.0846],[93.3661,21.0984],[93.3583,21.1],[93.3591,21.0846]],[[90.5333,25.2622],[90.5417,25.2707],[90.5371,25.2751],[90.5333,25.2622]],[[91.5925,23.5239],[91.6083,23.5167],[91.6074,23.5239],[91.5925,23.5239]],[[93.4252,24.7555],[93.4333,24.7417],[93.431,24.7582],[93.4252,24.7555]],[[93.175,21.7083],[93.1896,21.7004],[93.1913,21.7067],[93.175,21.7083]],[[94.3,16.35],[94.3146,16.342],[94.3163,16.3483],[94.3,16.35]],[[94.4416,27.9715],[94.4334,27.9614],[94.4417,27.9583],[94.4416,27.9715]],[[97.1411,17.5068],[97.1345,17.4924],[97.1406,17.4925],[97.1411,17.5068]],[[93.275,21.1917],[93.283,21.1771],[93.2805,21.1914],[93.275,21.1917]],[[96.9165,19.239],[96.9086,19.2273],[96.9167,19.225],[96.9165,19.239]],[[94.7667,18.5],[94.7813,18.492],[94.783,18.4983],[94.7667,18.5]],[[97.8,23.1917],[97.8146,23.1837],[97.8163,23.19],[97.8,23.1917]],[[91.3833,23.6206],[91.3917,23.629],[91.3871,23.6334],[91.3833,23.6206]],[[92.925,21.6122],[92.9334,21.6207],[92.9287,21.6251],[92.925,21.6122]],[[92.6825,21.7261],[92.6667,21.7333],[92.6677,21.7261],[92.6825,21.7261]],[[91.775,24.2083],[91.7592,24.2156],[91.7591,24.2095],[91.775,24.2083]],[[92.6745,20.9818],[92.6678,20.9674],[92.674,20.9675],[92.6745,20.9818]],[[95.875,18.1167],[95.8823,18.1008],[95.8823,18.1157],[95.875,18.1167]],[[92.5165,24.3722],[92.5086,24.3606],[92.5167,24.3583],[92.5165,24.3722]],[[96.0917,17.5167],[96.1063,17.5087],[96.108,17.515],[96.0917,17.5167]],[[91.9833,26.125],[91.998,26.117],[91.9996,26.1233],[91.9833,26.125]],[[92.9333,22.95],[92.9413,22.9354],[92.9389,22.9498],[92.9333,22.95]],[[94.8408,18.2761],[94.825,18.2833],[94.826,18.2761],[94.8408,18.2761]],[[92.6417,23.9833],[92.6258,23.9906],[92.6258,23.9845],[92.6417,23.9833]],[[96.0417,17.6417],[96.0496,17.6271],[96.0472,17.6414],[96.0417,17.6417]],[[96.1723,17.7998],[96.1606,17.7919],[96.1748,17.7939],[96.1723,17.7998]],[[97.7165,17.6307],[97.7086,17.619],[97.7167,17.6167],[97.7165,17.6307]],[[94.5417,17.8917],[94.5264,17.8993],[94.5254,17.8933],[94.5417,17.8917]],[[97.7925,27.1156],[97.8083,27.1083],[97.8074,27.1156],[97.7925,27.1156]],[[96.5583,19.4583],[96.5656,19.4425],[96.5656,19.4574],[96.5583,19.4583]],[[97.5424,18.4596],[97.5495,18.4734],[97.5417,18.475],[97.5424,18.4596]],[[93.975,19.675],[93.9896,19.667],[93.9913,19.6733],[93.975,19.675]],[[97.8604,17.8996],[97.875,17.8917],[97.8745,17.8982],[97.8604,17.8996]],[[92.3667,25.2167],[92.3508,25.2239],[92.3508,25.2178],[92.3667,25.2167]],[[93.3264,25.0827],[93.3417,25.075],[93.3407,25.0823],[93.3264,25.0827]],[[97.3583,23.1667],[97.3425,23.1739],[97.3424,23.1678],[97.3583,23.1667]],[[92.6825,22.5094],[92.6667,22.5167],[92.6677,22.5094],[92.6825,22.5094]],[[94.0,21.625],[93.9842,21.6323],[93.9841,21.6261],[94.0,21.625]],[[97.0521,22.2413],[97.0667,22.2333],[97.0662,22.2398],[97.0521,22.2413]],[[94.3248,21.614],[94.3169,21.6023],[94.325,21.6],[94.3248,21.614]],[[93.9333,19.8083],[93.9413,19.7937],[93.9389,19.8081],[93.9333,19.8083]],[[92.725,21.2667],[92.7396,21.2587],[92.7413,21.265],[92.725,21.2667]],[[92.5748,24.339],[92.5669,24.3273],[92.575,24.325],[92.5748,24.339]],[[91.9333,26.0917],[91.9486,26.084],[91.9496,26.09],[91.9333,26.0917]],[[92.825,21.2917],[92.833,21.2771],[92.8305,21.2914],[92.825,21.2917]],[[91.7123,23.4521],[91.7129,23.4601],[91.7012,23.4622],[91.7123,23.4521]],[[96.6443,18.915],[96.6551,18.9024],[96.6645,18.9145],[96.6443,18.915]],[[93.4054,20.6481],[93.3937,20.6373],[93.4038,20.6262],[93.4018,20.6379],[93.4054,20.6481]],[[91.7399,23.5038],[91.748,23.5044],[91.7379,23.5155],[91.7399,23.5038]],[[97.6933,19.6362],[97.7063,19.6473],[97.6953,19.6571],[97.6933,19.6362]],[[95.9297,17.9429],[95.9312,17.9645],[95.9187,17.9539],[95.9297,17.9429]],[[95.2437,19.6064],[95.2269,19.5856],[95.2486,19.6059],[95.2437,19.6064]],[[92.8148,20.648],[92.7947,20.6607],[92.8149,20.6436],[92.8148,20.648]],[[93.4315,20.7314],[93.4432,20.7107],[93.4482,20.7103],[93.4315,20.7314]],[[94.9315,27.9478],[94.9107,27.9318],[94.9103,27.9268],[94.9315,27.9478]],[[92.862,24.307],[92.8519,24.294],[92.8733,24.2938],[92.8731,24.2983],[92.862,24.307]],[[93.0299,24.2571],[93.0335,24.2497],[93.0288,24.2345],[93.0404,24.2463],[93.0299,24.2571]],[[96.3357,21.3317],[96.3474,21.3182],[96.357,21.3303],[96.3357,21.3317]],[[92.7716,23.2238],[92.7751,23.2164],[92.7705,23.2012],[92.782,23.213],[92.7716,23.2238]],[[92.6458,25.4488],[92.6547,25.4347],[92.6655,25.4461],[92.6458,25.4488]],[[90.1883,25.3405],[90.1918,25.333],[90.1871,25.3178],[90.1987,25.3297],[90.1883,25.3405]],[[95.9618,22.3992],[95.9691,22.3853],[95.9819,22.385],[95.981,22.3904],[95.9618,22.3992]],[[93.065,23.3765],[93.0535,23.391],[93.0426,23.3891],[93.065,23.3765]],[[96.2132,22.4743],[96.2017,22.4598],[96.2241,22.4726],[96.2132,22.4743]],[[96.7898,18.915],[96.7942,18.8937],[96.7986,18.8933],[96.7898,18.915]],[[97.6855,18.069],[97.7076,18.063],[97.685,18.0736],[97.6855,18.069]],[[92.6927,23.104],[92.7071,23.0974],[92.6941,23.1157],[92.6927,23.104]],[[96.7198,19.0908],[96.7307,19.0754],[96.7408,19.0776],[96.7198,19.0908]],[[92.4786,23.266],[92.476,23.254],[92.4896,23.2429],[92.4904,23.2474],[92.4786,23.266]],[[96.5094,19.044],[96.5246,19.0557],[96.5224,19.0658],[96.5094,19.044]],[[93.3728,20.7595],[93.3654,20.7809],[93.36,20.7819],[93.3728,20.7595]],[[97.3084,22.2853],[97.3236,22.2683],[97.313,22.291],[97.3084,22.2853]],[[92.5155,22.9639],[92.5004,22.9723],[92.5144,22.9595],[92.5155,22.9639]],[[92.7819,23.5317],[92.7671,23.5193],[92.7693,23.5092],[92.7819,23.5317]],[[92.3102,21.3683],[92.3146,21.381],[92.3015,21.39],[92.3102,21.3683]],[[92.282,25.9733],[92.2606,25.9654],[92.2594,25.9606],[92.2722,25.9592],[92.282,25.9733]],[[96.2146,27.3739],[96.2083,27.3583],[96.2026,27.3509],[96.2158,27.3612],[96.2146,27.3739]],[[93.5232,20.7735],[93.5096,20.7687],[93.532,20.7601],[93.5232,20.7735]],[[95.7322,26.7271],[95.7097,26.7399],[95.7193,26.726],[95.7322,26.7271]],[[97.807,19.3816],[97.7872,19.3743],[97.7841,19.3696],[97.7972,19.3676],[97.807,19.3816]],[[96.1903,22.4566],[96.1705,22.4493],[96.1675,22.4446],[96.1807,22.4427],[96.1903,22.4566]],[[94.2233,20.9264],[94.2154,20.9477],[94.2113,20.9492],[94.2092,20.9362],[94.2233,20.9264]],[[92.7173,24.2287],[92.7322,24.22],[92.72,24.241],[92.7173,24.2287]],[[94.357,25.8816],[94.3366,25.8741],[94.3344,25.869],[94.3472,25.8676],[94.357,25.8816]],[[92.5589,21.1963],[92.5667,21.2],[92.5726,21.2074],[92.5589,21.1963]],[[94.6568,17.8982],[94.65,17.9],[94.6562,17.8845],[94.6568,17.8982]],[[92.5554,23.6492],[92.5434,23.6264],[92.5575,23.6362],[92.5554,23.6492]],[[93.5816,20.1097],[93.5741,20.1301],[93.5696,20.1326],[93.5676,20.1195],[93.5816,20.1097]],[[92.9266,21.5433],[92.9492,21.5388],[92.9264,21.5483],[92.9266,21.5433]],[[92.6042,25.7496],[92.6083,25.7417],[92.6158,25.7359],[92.6042,25.7496]],[[95.2316,21.5764],[95.2236,21.5979],[95.219,21.599],[95.2177,21.586],[95.2316,21.5764]],[[93.8823,19.8228],[93.868,19.8187],[93.8903,19.8101],[93.8823,19.8228]],[[92.8337,23.0957],[92.8438,23.0845],[92.8489,23.0847],[92.848,23.0992],[92.8337,23.0957]],[[94.5437,26.5904],[94.5487,26.5764],[94.5572,26.5903],[94.5437,26.5904]],[[95.8418,18.0279],[95.8579,18.0194],[95.8464,18.033],[95.8418,18.0279]],[[97.2771,17.5821],[97.282,17.568],[97.2905,17.582],[97.2771,17.5821]],[[94.1514,21.318],[94.1563,21.3321],[94.1429,21.332],[94.1514,21.318]],[[94.502,18.8408],[94.5053,18.8256],[94.5077,18.8386],[94.502,18.8408]],[[94.3014,22.343],[94.3063,22.3571],[94.2929,22.357],[94.3014,22.343]],[[92.0664,25.879],[92.0505,25.878],[92.0629,25.8671],[92.0664,25.879]],[[96.5453,20.183],[96.5345,20.1735],[96.5352,20.1675],[96.5488,20.1688],[96.5453,20.183]],[[94.1747,24.1123],[94.1588,24.1113],[94.1712,24.1004],[94.1747,24.1123]],[[92.9447,24.0661],[92.948,24.0509],[92.9576,24.0647],[92.9447,24.0661]],[[97.7091,22.6748],[97.712,22.6913],[97.7003,22.6786],[97.7091,22.6748]],[[97.7826,18.3728],[97.7673,18.3698],[97.7815,18.3675],[97.7826,18.3728]],[[95.9747,17.7873],[95.9588,17.7863],[95.9712,17.7754],[95.9747,17.7873]],[[93.0222,24.3161],[93.0208,24.3002],[93.0329,24.3028],[93.0222,24.3161]],[[94.3806,19.5411],[94.378,19.5256],[94.391,19.527],[94.3806,19.5411]],[[96.0003,23.1298],[96.0083,23.1132],[96.0047,23.1332],[96.0003,23.1298]],[[94.6002,17.1372],[94.6083,17.1215],[94.6047,17.1415],[94.6002,17.1372]],[[94.3501,19.507],[94.3416,19.5175],[94.3455,19.5001],[94.3501,19.507]],[[93.2918,21.1372],[93.3,21.1215],[93.2964,21.1415],[93.2918,21.1372]],[[97.5838,18.5862],[97.5913,18.605],[97.5861,18.608],[97.5838,18.5862]],[[97.9501,18.6862],[97.9583,18.6714],[97.9549,18.6915],[97.9501,18.6862]],[[96.3834,26.0285],[96.3915,26.0128],[96.3877,26.0331],[96.3834,26.0285]],[[94.2334,21.5425],[94.2249,21.532],[94.2295,21.5251],[94.2334,21.5425]],[[93.4756,21.106],[93.4821,21.0846],[93.4806,21.108],[93.4756,21.106]],[[97.0835,24.5622],[97.0916,24.5465],[97.0881,24.5665],[97.0835,24.5622]],[[97.2167,23.8382],[97.2249,23.8538],[97.2203,23.8582],[97.2167,23.8382]],[[97.9751,18.1825],[97.9666,18.193],[97.9701,18.1752],[97.9751,18.1825]],[[91.9909,26.2197],[91.9853,26.241],[91.9852,26.2174],[91.9909,26.2197]],[[92.7897,21.2493],[92.7841,21.228],[92.7898,21.2257],[92.7897,21.2493]],[[96.5738,21.6904],[96.5673,21.6691],[96.5722,21.667],[96.5738,21.6904]],[[92.7835,24.3872],[92.7916,24.3715],[92.7881,24.3915],[92.7835,24.3872]],[[93.2835,24.3196],[93.2916,24.3047],[93.2882,24.3248],[93.2835,24.3196]],[[93.4751,20.2925],[93.4666,20.282],[93.4711,20.2751],[93.4751,20.2925]],[[95.2084,19.1675],[95.1999,19.157],[95.2045,19.1501],[95.2084,19.1675]],[[92.5755,21.0527],[92.583,21.0708],[92.5776,21.0746],[92.5755,21.0527]],[[92.9488,23.0904],[92.9423,23.0691],[92.9472,23.067],[92.9488,23.0904]],[[97.4339,18.086],[97.4413,18.1041],[97.436,18.108],[97.4339,18.086]],[[96.0051,22.1578],[96.001,22.135],[96.0063,22.134],[96.0051,22.1578]],[[92.9177,20.5684],[92.9244,20.5812],[92.9083,20.5833],[92.9096,20.5773],[92.9177,20.5684]],[[97.2834,17.8624],[97.2999,17.8611],[97.2869,17.8747],[97.2834,17.8624]],[[92.8083,22.9583],[92.8237,22.9429],[92.8239,22.9569],[92.8083,22.9583]],[[94.4,27.65],[94.3786,27.658],[94.3753,27.6529],[94.4,27.65]],[[96.2241,26.0316],[96.2091,26.0273],[96.225,26.0167],[96.2241,26.0316]],[[97.7851,17.4241],[97.8083,17.4167],[97.8081,17.4206],[97.7851,17.4241]],[[96.0166,23.5368],[96.0084,23.522],[96.0167,23.5167],[96.0166,23.5368]],[[91.645,23.284],[91.6491,23.2982],[91.6353,23.2992],[91.6345,23.2933],[91.645,23.284]],[[96.275,21.025],[96.2965,21.017],[96.2997,21.0221],[96.275,21.025]],[[96.7925,18.6167],[96.7931,18.6011],[96.8071,18.6013],[96.8072,18.6067],[96.7925,18.6167]],[[97.5794,22.7747],[97.5761,22.7598],[97.5917,22.7583],[97.5905,22.7644],[97.5794,22.7747]],[[92.7416,21.4895],[92.7501,21.5016],[92.7454,21.5082],[92.7416,21.4895]],[[97.6917,19.425],[97.711,19.4167],[97.7165,19.4212],[97.6917,19.425]],[[96.5917,19.5083],[96.6046,19.4918],[96.6079,19.4969],[96.5917,19.5083]],[[93.325,26.9917],[93.3465,26.9837],[93.3497,26.9887],[93.325,26.9917]],[[96.3667,26.4083],[96.3513,26.4237],[96.3511,26.4098],[96.3667,26.4083]],[[92.5,23.1457],[92.5164,23.1455],[92.5027,23.1579],[92.5,23.1457]],[[91.9711,26.108],[91.9727,26.0915],[91.9834,26.0925],[91.9711,26.108]],[[94.475,18.4833],[94.4518,18.4907],[94.4506,18.4855],[94.475,18.4833]],[[92.8801,22.0244],[92.876,22.0017],[92.8813,22.0006],[92.8801,22.0244]],[[93.0167,24.3667],[93.0241,24.3434],[93.0206,24.3665],[93.0167,24.3667]],[[90.2668,25.3788],[90.275,25.3583],[90.2721,25.3831],[90.2668,25.3788]],[[92.5083,23.725],[92.501,23.7482],[92.5044,23.7252],[92.5083,23.725]],[[92.45,20.9167],[92.4585,20.8997],[92.4517,20.9167],[92.45,20.9167]],[[95.6665,21.9168],[95.6572,21.9082],[95.6751,21.9092],[95.6665,21.9168]],[[97.9583,18.75],[97.9798,18.742],[97.9831,18.7471],[97.9583,18.75]],[[94.2443,19.1764],[94.2638,19.1803],[94.2436,19.189],[94.2443,19.1764]],[[91.7837,23.4372],[91.7702,23.4274],[91.7898,23.4194],[91.7837,23.4372]],[[90.8646,25.2971],[90.8534,25.2856],[90.8816,25.2873],[90.8646,25.2971]],[[96.1417,17.7],[96.1471,17.6838],[96.158,17.6971],[96.1417,17.7]],[[95.4664,21.8288],[95.45,21.8333],[95.4529,21.8171],[95.4664,21.8288]],[[92.8917,22.5333],[92.8986,22.5179],[92.9073,22.5319],[92.8917,22.5333]],[[93.0583,21.675],[93.0629,21.6587],[93.0746,21.6721],[93.0583,21.675]],[[97.3591,23.6645],[97.375,23.6583],[97.3729,23.6744],[97.3591,23.6645]],[[95.2167,19.0],[95.2229,18.9841],[95.2327,18.9979],[95.2167,19.0]],[[93.3983,24.9636],[93.3694,24.9485],[93.3689,24.9438],[93.3983,24.9636]],[[97.7084,18.6081],[97.7006,18.5977],[97.7029,18.592],[97.7163,18.5944],[97.7084,18.6081]],[[94.7675,17.9583],[94.7806,17.9504],[94.783,17.9638],[94.7773,17.9661],[94.7675,17.9583]],[[97.6096,19.8096],[97.623,19.8238],[97.6095,19.8236],[97.6096,19.8096]],[[93.1769,20.8175],[93.1887,20.8328],[93.1757,20.8312],[93.1769,20.8175]],[[94.625,24.6417],[94.6087,24.647],[94.611,24.6338],[94.625,24.6417]],[[92.7229,23.6155],[92.7103,23.6007],[92.7242,23.6019],[92.7229,23.6155]],[[93.4417,24.4498],[93.434,24.4393],[93.4362,24.4337],[93.4496,24.4361],[93.4417,24.4498]],[[97.8648,19.2659],[97.853,19.2506],[97.866,19.2521],[97.8648,19.2659]],[[97.6279,17.9684],[97.6375,17.9824],[97.6285,17.9896],[97.6279,17.9684]],[[93.1477,24.1564],[93.15,24.15],[93.1646,24.1356],[93.1477,24.1564]],[[96.1392,22.7938],[96.1633,22.8147],[96.1349,22.7949],[96.1392,22.7938]],[[92.7229,23.5811],[92.7087,23.5647],[92.7183,23.5584],[92.7229,23.5811]],[[97.3078,17.7799],[97.2938,17.7978],[97.2971,17.7753],[97.3078,17.7799]],[[92.8404,20.7617],[92.838,20.7731],[92.8333,20.7583],[92.8182,20.7621],[92.8292,20.7517],[92.8404,20.7617]],[[95.1687,21.802],[95.1814,21.8036],[95.1667,21.8083],[95.1715,21.8234],[95.1602,21.8138],[95.1687,21.802]],[[96.3266,17.7716],[96.3174,17.7511],[96.3194,17.743],[96.3326,17.7628],[96.3266,17.7716]],[[90.1658,25.2745],[90.1792,25.2601],[90.1901,25.2703],[90.1658,25.2745]],[[96.9138,18.1851],[96.902,18.2149],[96.9011,18.197],[96.9138,18.1851]],[[91.6937,23.2479],[91.701,23.2206],[91.7056,23.2179],[91.7072,23.2363],[91.6937,23.2479]],[[94.665,17.6063],[94.6431,17.6115],[94.6644,17.5932],[94.665,17.6063]],[[96.4235,20.8061],[96.4251,20.7997],[96.4211,20.7764],[96.4329,20.7916],[96.4235,20.8061]],[[93.4353,20.3769],[93.4397,20.3892],[93.418,20.3972],[93.4353,20.3769]],[[94.3897,22.6565],[94.3867,22.6433],[94.407,22.6362],[94.3897,22.6565]],[[94.4014,24.6195],[94.424,24.6285],[94.4233,24.6396],[94.4014,24.6195]],[[90.1119,25.5171],[90.1222,25.5403],[90.1015,25.5192],[90.1119,25.5171]],[[91.4612,23.7067],[91.4644,23.6934],[91.4812,23.7147],[91.4612,23.7067]],[[94.7606,18.3784],[94.7824,18.3615],[94.7611,18.3819],[94.7606,18.3784]],[[90.7823,25.2118],[90.7833,25.2333],[90.7879,25.2406],[90.7754,25.2276],[90.7823,25.2118]],[[93.0956,24.4074],[93.0917,24.3833],[93.0863,24.3763],[93.0993,24.3877],[93.0956,24.4074]],[[92.6115,24.3598],[92.624,24.3667],[92.6322,24.3632],[92.6137,24.3746],[92.6115,24.3598]],[[97.7774,19.3989],[97.7892,19.3847],[97.7894,19.4065],[97.7774,19.3989]],[[97.1772,17.3315],[97.1896,17.3183],[97.1987,17.3304],[97.1772,17.3315]],[[93.4165,24.5404],[93.4013,24.5459],[93.4039,24.5261],[93.4165,24.5404]],[[91.6976,23.4083],[91.7059,23.3929],[91.7159,23.4049],[91.6976,23.4083]],[[94.276,27.5775],[94.2906,27.5865],[94.2791,27.5989],[94.2751,27.5946],[94.276,27.5775]],[[91.7122,23.4993],[91.7092,23.4863],[91.722,23.4766],[91.7245,23.4872],[91.7122,23.4993]],[[96.2424,22.4134],[96.2573,22.3941],[96.2465,22.416],[96.2424,22.4134]],[[92.6827,21.6794],[92.6827,21.6962],[92.6786,21.6993],[92.6675,21.6784],[92.6827,21.6794]],[[97.6017,18.4433],[97.607,18.4636],[97.5939,18.4657],[97.6017,18.4433]],[[93.427,24.7788],[93.4487,24.7834],[93.4469,24.7976],[93.427,24.7788]],[[92.5001,23.967],[92.4915,23.9539],[92.4963,23.9422],[92.5001,23.967]],[[92.7012,23.0522],[92.7082,23.0776],[92.7024,23.0823],[92.7012,23.0522]],[[92.5835,23.8856],[92.5915,23.8636],[92.5881,23.8911],[92.5835,23.8856]],[[97.5002,18.8469],[97.5082,18.8689],[97.5041,18.8745],[97.5002,18.8469]],[[97.6835,18.7689],[97.6916,18.7474],[97.6881,18.7745],[97.6835,18.7689]],[[96.416,19.171],[96.4115,19.1994],[96.4106,19.1678],[96.416,19.171]],[[93.3584,21.1337],[93.3498,21.1197],[93.3541,21.1088],[93.3584,21.1337]],[[97.5485,18.515],[97.5422,18.4873],[97.5468,18.484],[97.5485,18.515]],[[92.9447,24.2852],[92.9552,24.2973],[92.9358,24.3062],[92.9447,24.2852]],[[93.0138,24.2809],[93.0037,24.2522],[93.0123,24.2435],[93.0138,24.2809]],[[95.77,18.5653],[95.7371,18.5613],[95.7726,18.5613],[95.77,18.5653]],[[93.6178,20.4062],[93.632,20.3851],[93.6306,20.4075],[93.6178,20.4062]],[[91.7492,26.1447],[91.7339,26.1463],[91.7355,26.1262],[91.7492,26.1447]],[[94.7221,18.3565],[94.7167,18.3417],[94.7223,18.327],[94.7221,18.3565]],[[96.747,18.8138],[96.728,18.7946],[96.7464,18.7855],[96.747,18.8138]],[[92.7948,21.2148],[92.8083,21.2083],[92.8315,21.1951],[92.8217,21.2067],[92.7948,21.2148]],[[92.5565,24.025],[92.5583,24.0506],[92.5541,24.0578],[92.5499,24.0336],[92.5565,24.025]],[[97.7333,22.6917],[97.7613,22.6836],[97.7661,22.688],[97.7333,22.6917]],[[92.75,23.1313],[92.7658,23.1293],[92.7503,23.1501],[92.75,23.1313]],[[96.4692,17.6583],[96.4675,17.628],[96.4724,17.6258],[96.4692,17.6583]],[[97.7472,19.1407],[97.7442,19.1176],[97.7583,19.1167],[97.7472,19.1407]],[[92.2014,25.1566],[92.2333,25.15],[92.2334,25.1513],[92.2014,25.1566]],[[90.9153,25.2814],[90.9017,25.2764],[90.9152,25.2683],[90.9153,25.2814]],[[96.4322,26.0729],[96.4264,26.0601],[96.4417,26.0583],[96.4322,26.0729]],[[96.6438,19.7353],[96.6539,19.7255],[96.6656,19.7274],[96.656,19.7405],[96.6438,19.7353]],[[96.0181,17.6522],[96.0242,17.6722],[96.0083,17.675],[96.0156,17.6636],[96.0181,17.6522]],[[92.3655,21.2896],[92.3598,21.2767],[92.375,21.275],[92.3655,21.2896]],[[92.7382,21.5691],[92.7306,21.59],[92.7202,21.5702],[92.7382,21.5691]],[[95.232,21.7288],[95.211,21.7546],[95.2304,21.719],[95.232,21.7288]],[[93.0708,24.3051],[93.052,24.2802],[93.053,24.269],[93.0651,24.2867],[93.0708,24.3051]],[[93.333,24.5209],[93.333,24.5364],[93.325,24.5417],[93.3176,24.5195],[93.333,24.5209]],[[93.3731,20.8533],[93.3461,20.8486],[93.3437,20.8357],[93.3731,20.8533]],[[96.6833,19.2667],[96.689,19.2427],[96.6985,19.265],[96.6833,19.2667]],[[90.0009,25.3333],[90.0115,25.3252],[90.0243,25.3382],[90.0127,25.3414],[90.0009,25.3333]],[[97.7758,17.5799],[97.7917,17.5667],[97.7884,17.5909],[97.7758,17.5799]],[[94.7333,17.9583],[94.7485,17.9433],[94.7569,17.9566],[94.7333,17.9583]],[[97.4751,24.508],[97.4668,24.4949],[97.4701,24.4841],[97.483,24.4961],[97.4751,24.508]],[[94.8085,18.0655],[94.7925,18.0621],[94.808,18.0499],[94.8085,18.0655]],[[97.7846,19.4583],[97.7962,19.4505],[97.8075,19.4636],[97.7961,19.4664],[97.7846,19.4583]],[[94.2616,23.6252],[94.264,23.6416],[94.2508,23.6281],[94.2616,23.6252]],[[94.4457,19.0076],[94.4348,18.9934],[94.4583,18.9917],[94.4564,18.9979],[94.4457,19.0076]],[[92.6604,21.7571],[92.6738,21.743],[92.6738,21.757],[92.6604,21.7571]],[[97.7306,25.3663],[97.7208,25.3501],[97.7331,25.3529],[97.7306,25.3663]],[[97.8012,25.7229],[97.8155,25.7097],[97.8155,25.7237],[97.8012,25.7229]],[[93.2747,24.729],[93.2586,24.7196],[93.2709,24.7168],[93.2747,24.729]],[[94.3497,26.3707],[94.3336,26.3613],[94.3459,26.3584],[94.3497,26.3707]],[[97.6577,18.7198],[97.642,18.7304],[97.6444,18.7171],[97.6577,18.7198]],[[92.9053,23.2325],[92.8991,23.2166],[92.916,23.2202],[92.9053,23.2325]],[[97.8258,18.1383],[97.8403,18.1565],[97.8386,18.1734],[97.8344,18.1701],[97.8258,18.1383]],[[96.341,26.4413],[96.3277,26.4648],[96.3386,26.4267],[96.341,26.4413]],[[97.8345,19.1286],[97.8487,19.1481],[97.8469,19.165],[97.8428,19.1618],[97.8345,19.1286]],[[97.8001,19.2753],[97.7836,19.2787],[97.7864,19.2591],[97.8001,19.2753]],[[97.5009,24.7916],[97.5094,24.7771],[97.5152,24.7767],[97.5152,24.7983],[97.5009,24.7916]],[[96.4267,26.8083],[96.439,26.8242],[96.4173,26.8126],[96.4267,26.8083]],[[93.4399,20.8028],[93.4082,20.8156],[93.4017,20.8136],[93.4399,20.8028]],[[92.539,24.1772],[92.5463,24.2065],[92.5278,24.1766],[92.539,24.1772]],[[97.7186,17.5689],[97.7396,17.5559],[97.7193,17.5814],[97.7186,17.5689]],[[94.5762,19.0452],[94.6067,19.0382],[94.5775,19.0563],[94.5762,19.0452]],[[94.2466,19.3686],[94.2377,19.39],[94.2191,19.3897],[94.2466,19.3686]],[[92.725,22.4667],[92.7404,22.4513],[92.7399,22.4658],[92.725,22.4667]],[[94.3825,26.4066],[94.3673,26.3938],[94.3833,26.3917],[94.3825,26.4066]],[[95.9917,17.75],[95.9763,17.7394],[95.9692,17.7275],[95.9888,17.7359],[95.9917,17.75]],[[91.5935,23.3693],[91.6051,23.376],[91.6132,23.3982],[91.5936,23.3809],[91.5935,23.3693]],[[92.7338,21.5415],[92.7496,21.5325],[92.7454,21.5568],[92.7338,21.5415]],[[94.3376,25.9151],[94.337,25.8851],[94.3496,25.9001],[94.3376,25.9151]],[[97.8727,17.9891],[97.8611,17.9762],[97.8807,17.961],[97.8727,17.9891]],[[97.4717,22.5174],[97.4749,22.5413],[97.4788,22.5485],[97.4666,22.5309],[97.4717,22.5174]],[[92.6226,24.4022],[92.625,24.425],[92.6289,24.4317],[92.6102,24.4135],[92.6226,24.4022]],[[93.5757,20.5134],[93.5898,20.5191],[93.5881,20.5399],[93.5762,20.5297],[93.5757,20.5134]],[[91.6457,23.4516],[91.6547,23.4816],[91.6423,23.4697],[91.6457,23.4516]],[[93.894,20.1105],[93.9057,20.1312],[93.8868,20.1397],[93.894,20.1105]],[[90.6061,25.3062],[90.6116,25.2928],[90.6237,25.2943],[90.6231,25.306],[90.6061,25.3062]],[[93.3249,20.8459],[93.3391,20.8626],[93.3113,20.8644],[93.3109,20.8601],[93.3249,20.8459]],[[92.9312,24.4504],[92.9547,24.4438],[92.9585,24.4489],[92.9467,24.4586],[92.9312,24.4504]],[[93.0183,24.6772],[93.0314,24.689],[93.0223,24.6986],[93.0098,24.6892],[93.0183,24.6772]],[[97.263,21.5654],[97.2673,21.5418],[97.2822,21.5452],[97.263,21.5654]],[[97.4793,26.0572],[97.4757,26.0462],[97.4879,26.0261],[97.4915,26.0437],[97.4793,26.0572]],[[92.6668,21.0337],[92.6581,21.018],[92.6629,21.0009],[92.6668,21.0337]],[[92.8917,24.1998],[92.9,24.1759],[92.8956,24.2065],[92.8917,24.1998]],[[93.5304,20.3221],[93.5191,20.3142],[93.5384,20.2853],[93.5304,20.3221]],[[97.9798,18.4321],[97.9763,18.4035],[97.9809,18.4014],[97.9798,18.4321]],[[94.3654,22.3201],[94.361,22.3485],[94.3608,22.3181],[94.3654,22.3201]],[[94.3715,18.6194],[94.3793,18.6311],[94.4062,18.6385],[94.379,18.6388],[94.3715,18.6194]],[[92.6914,23.1938],[92.6767,23.2143],[92.6881,23.1845],[92.6914,23.1938]],[[95.9916,17.7914],[95.9831,17.7781],[95.9931,17.7666],[95.9987,17.7708],[95.9916,17.7914]],[[94.2893,27.6303],[94.2596,27.6144],[94.2532,27.6019],[94.2893,27.6303]],[[95.537,21.901],[95.5493,21.8998],[95.5751,21.9004],[95.5597,21.9085],[95.537,21.901]],[[97.9676,18.587],[97.9752,18.6097],[97.967,18.6251],[97.9665,18.5993],[97.9676,18.587]],[[92.9428,23.1584],[92.9423,23.1215],[92.9463,23.1176],[92.9428,23.1584]],[[94.2426,20.837],[94.2502,20.8597],[94.242,20.8751],[94.2415,20.8493],[94.2426,20.837]],[[92.494,24.1647],[92.5069,24.1516],[92.5152,24.165],[92.494,24.1647]],[[97.6831,23.2918],[97.6687,23.2823],[97.6682,23.2766],[97.6896,23.2771],[97.6831,23.2918]],[[95.9498,26.2168],[95.9348,26.2066],[95.9349,26.2016],[95.9562,26.2021],[95.9498,26.2168]],[[93.1713,24.473],[93.1597,24.4416],[93.1616,24.4272],[93.174,24.4556],[93.1713,24.473]],[[92.6625,23.2896],[92.6667,23.2667],[92.6722,23.244],[92.6625,23.2896]],[[92.9415,24.5309],[92.9251,24.5363],[92.9284,24.5174],[92.9415,24.5309]],[[97.425,25.8315],[97.4084,25.8363],[97.4114,25.8175],[97.425,25.8315]],[[96.1922,22.5215],[96.1921,22.5038],[96.1972,22.5008],[96.2081,22.5197],[96.1922,22.5215]],[[97.8025,17.589],[97.8275,17.5532],[97.831,17.5528],[97.8025,17.589]],[[94.5562,24.2418],[94.5661,24.2546],[94.5631,24.2738],[94.5505,24.253],[94.5562,24.2418]],[[94.4466,19.2185],[94.428,19.2472],[94.4279,19.2196],[94.4466,19.2185]],[[96.3108,19.9352],[96.3251,19.9391],[96.3131,19.9577],[96.3086,19.9526],[96.3108,19.9352]],[[92.8586,24.097],[92.8746,24.1128],[92.8626,24.1165],[92.8586,24.097]],[[95.7862,21.9069],[95.8167,21.9],[95.8157,21.9129],[95.7862,21.9069]],[[96.482,19.6279],[96.4593,19.6298],[96.4607,19.6183],[96.482,19.6279]],[[92.8671,23.0417],[92.85,23.025],[92.8537,23.0184],[92.8654,23.0198],[92.8671,23.0417]],[[93.317,24.5001],[93.3096,24.4783],[93.3213,24.4678],[93.3251,24.4896],[93.317,24.5001]],[[91.7386,23.4129],[91.7268,23.3954],[91.7465,23.3687],[91.7386,23.4129]],[[91.9051,26.0599],[91.9322,26.0613],[91.9393,26.072],[91.9206,26.0736],[91.9051,26.0599]],[[92.8798,24.2319],[92.8675,24.2486],[92.8706,24.2718],[92.859,24.2483],[92.8798,24.2319]],[[92.5162,23.4415],[92.5333,23.4417],[92.5334,23.4429],[92.5149,23.4584],[92.5162,23.4415]],[[96.6112,18.8954],[96.6394,18.8954],[96.6304,18.9136],[96.6112,18.8954]],[[97.9739,17.2082],[97.9902,17.2107],[97.9898,17.2229],[97.9687,17.2233],[97.9739,17.2082]],[[95.9532,26.1006],[95.9713,26.1156],[95.9507,26.1139],[95.9532,26.1006]],[[97.4166,26.6002],[97.4021,26.5907],[97.4014,26.585],[97.425,26.5833],[97.4166,26.6002]],[[93.8583,27.2833],[93.8704,27.2669],[93.8827,27.2797],[93.8583,27.2833]],[[92.8286,25.0312],[92.8106,25.0171],[92.8026,25.018],[92.8229,25.0105],[92.8286,25.0312]],[[95.4283,21.764],[95.4195,21.736],[95.4478,21.762],[95.4283,21.764]],[[94.3879,18.8227],[94.4027,18.802],[94.4225,18.7944],[94.4062,18.8143],[94.3879,18.8227]],[[92.8922,25.2807],[92.9106,25.2618],[92.9147,25.2616],[92.9056,25.2895],[92.8922,25.2807]],[[94.5309,27.6868],[94.5027,27.6886],[94.5039,27.6693],[94.5309,27.6868]],[[97.7376,19.0522],[97.7361,19.0347],[97.747,19.0191],[97.7492,19.0445],[97.7376,19.0522]],[[96.4463,21.4144],[96.4603,21.3788],[96.4653,21.3776],[96.4723,21.3894],[96.4463,21.4144]],[[97.7039,19.8108],[97.708,19.8249],[97.6853,19.8288],[97.7039,19.8108]],[[94.5789,27.6971],[94.5464,27.6906],[94.5433,27.6864],[94.5774,27.6848],[94.5789,27.6971]],[[94.5853,26.6498],[94.569,26.6385],[94.5777,26.6263],[94.5911,26.6375],[94.5853,26.6498]],[[92.4251,23.5089],[92.4164,23.4892],[92.4208,23.4681],[92.4251,23.5089]],[[93.0569,21.8045],[93.0502,21.7679],[93.0543,21.7597],[93.0569,21.8045]],[[92.7143,20.7431],[92.7016,20.7626],[92.6954,20.7344],[92.7143,20.7431]],[[95.8172,24.6666],[95.802,24.6558],[95.802,24.6447],[95.8239,24.6534],[95.8172,24.6666]],[[94.5019,24.6374],[94.5144,24.6526],[94.4882,24.6739],[94.5052,24.6564],[94.5019,24.6374]],[[97.3039,19.9317],[97.3018,19.9193],[97.325,19.9],[97.322,19.9153],[97.3039,19.9317]],[[93.4662,20.3332],[93.4555,20.3647],[93.4444,20.365],[93.4662,20.3332]],[[93.656,20.8378],[93.6416,20.8118],[93.6457,20.8016],[93.656,20.8378]],[[97.048,26.5863],[97.0478,26.6063],[97.0271,26.6066],[97.0348,26.5934],[97.048,26.5863]],[[92.7128,27.1072],[92.7014,27.0944],[92.7182,27.0839],[92.7249,27.0937],[92.7128,27.1072]],[[90.3754,25.5615],[90.3905,25.5702],[90.3767,25.5831],[90.3666,25.5761],[90.3754,25.5615]],[[96.5174,25.9443],[96.5322,25.9538],[96.5297,25.9649],[96.5101,25.9566],[96.5174,25.9443]],[[94.0219,23.4272],[94.0144,23.4631],[94.0035,23.465],[94.0219,23.4272]],[[95.4032,21.6538],[95.4143,21.6729],[95.3875,21.6903],[95.4032,21.6538]],[[92.7671,23.3251],[92.7673,23.2893],[92.7708,23.2849],[92.7815,23.3138],[92.7671,23.3251]],[[97.9116,19.9929],[97.9471,19.9694],[97.9113,19.9979],[97.9116,19.9929]],[[94.4892,24.6921],[94.4963,24.7072],[94.4601,24.7054],[94.4615,24.7017],[94.4892,24.6921]],[[96.1014,25.3615],[96.1149,25.373],[96.0947,25.3823],[96.1014,25.3615]],[[94.348,18.9282],[94.3332,18.942],[94.3365,18.9641],[94.3277,18.9434],[94.348,18.9282]],[[97.0545,26.5489],[97.051,26.5282],[97.0667,26.5167],[97.0659,26.5379],[97.0545,26.5489]],[[94.6416,18.1844],[94.6496,18.2031],[94.637,18.2156],[94.6335,18.1919],[94.6416,18.1844]],[[94.2207,19.278],[94.2396,19.3035],[94.2303,19.3146],[94.2192,19.3057],[94.2207,19.278]],[[97.8121,18.1849],[97.825,18.2],[97.8207,18.2149],[97.8016,18.1956],[97.8121,18.1849]],[[97.4449,17.9063],[97.4762,17.8616],[97.4807,17.8608],[97.4449,17.9063]],[[94.3171,22.0835],[94.3108,22.0622],[94.3208,22.0439],[94.325,22.0682],[94.3171,22.0835]],[[97.2239,17.5448],[97.2023,17.5455],[97.2305,17.5196],[97.2239,17.5448]],[[92.531,22.9111],[92.5333,22.9333],[92.5474,22.9317],[92.5118,22.9476],[92.531,22.9111]],[[92.5671,23.8394],[92.5799,23.8382],[92.5896,23.8197],[92.5882,23.8482],[92.5671,23.8394]],[[97.8476,19.3052],[97.8335,19.2876],[97.8557,19.2788],[97.8476,19.3052]],[[94.3978,19.2855],[94.3686,19.3049],[94.3789,19.2846],[94.3978,19.2855]],[[97.4737,23.0878],[97.4972,23.0935],[97.4987,23.105],[97.4776,23.1062],[97.4737,23.0878]],[[93.6555,20.0946],[93.6365,20.1224],[93.6278,20.107],[93.637,20.0854],[93.6555,20.0946]],[[97.2398,19.266],[97.2353,19.2375],[97.243,19.2336],[97.2502,19.2588],[97.2398,19.266]],[[97.2291,18.998],[97.2352,18.9637],[97.25,18.9583],[97.2398,18.9886],[97.2291,18.998]],[[97.8956,17.4479],[97.8856,17.428],[97.9027,17.4091],[97.9056,17.414],[97.8956,17.4479]],[[92.8989,23.205],[92.8942,23.195],[92.9042,23.1604],[92.9083,23.1935],[92.8989,23.205]],[[95.7179,21.9239],[95.7374,21.9087],[95.7729,21.9125],[95.7179,21.9239]],[[97.4865,17.786],[97.4972,17.8148],[97.4782,17.8478],[97.4865,17.786]],[[94.2571,23.053],[94.2336,23.0529],[94.2383,23.0337],[94.2571,23.053]],[[93.226,24.8507],[93.2389,24.8709],[93.2389,24.8811],[93.2109,24.8632],[93.226,24.8507]],[[96.9083,18.375],[96.9069,18.3586],[96.9402,18.3709],[96.934,18.3748],[96.9083,18.375]],[[92.9256,23.0232],[92.9033,23.0229],[92.9021,23.0104],[92.9146,23.0026],[92.9256,23.0232]],[[92.7954,21.4421],[92.7723,21.4817],[92.7611,21.4892],[92.7857,21.4372],[92.7954,21.4421]],[[94.1565,27.5527],[94.197,27.5811],[94.1533,27.5533],[94.1565,27.5527]],[[97.5336,26.2221],[97.5495,26.2452],[97.5387,26.2499],[97.5336,26.2221]],[[97.8351,19.0877],[97.8298,19.0605],[97.847,19.1142],[97.8351,19.0877]],[[96.5321,21.8217],[96.5638,21.8268],[96.5727,21.8386],[96.5542,21.8403],[96.5321,21.8217]],[[92.8048,21.3603],[92.806,21.4145],[92.7958,21.4226],[92.8048,21.3603]],[[94.5702,18.1227],[94.5503,18.1166],[94.5545,18.1315],[94.5426,18.1266],[94.551,18.1115],[94.5698,18.1024],[94.5702,18.1227]],[[97.9901,18.3043],[97.9699,18.2941],[97.9888,18.2705],[97.9901,18.3043]],[[94.7376,18.2775],[94.7475,18.2968],[94.7117,18.3147],[94.7376,18.2775]],[[97.2541,18.663],[97.2344,18.6527],[97.2464,18.6342],[97.2572,18.6388],[97.2541,18.663]],[[96.3272,20.6372],[96.3471,20.6276],[96.3728,20.6452],[96.3395,20.649],[96.3272,20.6372]],[[96.4421,20.7272],[96.4568,20.7125],[96.4626,20.7488],[96.4421,20.7272]],[[95.9,24.6667],[95.911,24.6515],[95.9237,24.6535],[95.9137,24.6814],[95.9,24.6667]],[[97.0833,26.4105],[97.0588,26.4043],[97.0789,26.3921],[97.0833,26.4105]],[[95.6393,21.9207],[95.5862,21.9219],[95.5846,21.9135],[95.6393,21.9207]],[[97.005,17.9263],[96.9991,17.9552],[96.9781,17.9477],[96.9838,17.9371],[97.005,17.9263]],[[92.9679,24.2712],[92.9982,24.2889],[92.9909,24.3052],[92.9682,24.2869],[92.9679,24.2712]],[[96.8536,18.4114],[96.8636,18.3932],[96.8901,18.3872],[96.8881,18.3978],[96.8536,18.4114]],[[94.4195,18.6355],[94.4443,18.6562],[94.4807,18.6549],[94.4454,18.665],[94.4195,18.6355]],[[92.9188,23.2684],[92.9314,23.2685],[92.9397,23.2813],[92.9167,23.2917],[92.9188,23.2684]],[[95.9689,22.4866],[95.9993,22.5216],[95.9832,22.5098],[95.969,22.5215],[95.9689,22.4866]],[[92.6066,21.0026],[92.6153,21.0296],[92.6128,21.0399],[92.5857,21.0296],[92.6066,21.0026]],[[94.5957,17.9116],[94.5883,17.9409],[94.5688,17.9552],[94.5957,17.9116]],[[94.8413,19.225],[94.8454,19.2475],[94.8022,19.2285],[94.8121,19.2192],[94.8413,19.225]],[[93.1093,22.7881],[93.121,22.7761],[93.1393,22.778],[93.1218,22.8059],[93.1093,22.7881]],[[92.8459,22.9049],[92.8196,22.9225],[92.8181,22.8876],[92.8393,22.8937],[92.8459,22.9049]],[[92.9666,22.5913],[92.989,22.5699],[92.9699,22.6144],[92.9666,22.5913]],[[96.5941,19.0621],[96.6148,19.0709],[96.5958,19.0897],[96.5856,19.0807],[96.5941,19.0621]],[[94.8318,18.6583],[94.8396,18.6417],[94.8662,18.6599],[94.8621,18.6643],[94.8318,18.6583]],[[94.3253,22.7208],[94.3314,22.7304],[94.3083,22.7583],[94.3027,22.7436],[94.3253,22.7208]],[[95.7552,24.5843],[95.7733,24.5854],[95.7722,24.6071],[95.7521,24.6063],[95.7552,24.5843]],[[97.9753,18.5083],[97.9764,18.4862],[97.9886,18.4769],[97.9989,18.5047],[97.9753,18.5083]],[[92.8513,23.6832],[92.8636,23.6523],[92.8636,23.7144],[92.8597,23.712],[92.8513,23.6832]],[[97.7719,17.4773],[97.7485,17.5369],[97.7376,17.5402],[97.7719,17.4773]],[[97.8468,18.2269],[97.8239,18.2619],[97.8181,18.2641],[97.8104,18.2442],[97.8468,18.2269]],[[92.7144,23.5476],[92.703,23.5281],[92.7475,23.5195],[92.7144,23.5476]],[[93.6002,20.0662],[93.6102,20.0199],[93.6218,20.0107],[93.615,20.0548],[93.6002,20.0662]],[[92.4282,23.5356],[92.4478,23.5794],[92.4319,23.5994],[92.4282,23.5356]],[[97.8512,17.8472],[97.8693,17.8117],[97.8885,17.8186],[97.8633,17.8561],[97.8512,17.8472]],[[97.387,26.42],[97.4203,26.4347],[97.4227,26.4387],[97.3776,26.439],[97.3784,26.4254],[97.387,26.42]],[[93.1146,21.2941],[93.0876,21.3134],[93.0604,21.313],[93.0974,21.2848],[93.1146,21.2941]],[[92.8291,22.5353],[92.8365,22.5107],[92.8656,22.5221],[92.8617,22.5319],[92.8291,22.5353]],[[93.3254,24.806],[93.3554,24.8266],[93.3562,24.8468],[93.3443,24.8399],[93.3254,24.806]],[[97.2859,22.0136],[97.2811,21.9713],[97.3051,22.0063],[97.2859,22.0136]],[[94.6254,24.706],[94.6476,24.7112],[94.6551,24.7313],[94.6358,24.7387],[94.6254,24.706]],[[94.7207,18.1852],[94.7402,18.1947],[94.7357,18.2163],[94.7295,18.2041],[94.711,18.2137],[94.7207,18.1852]],[[95.8443,24.5442],[95.8751,24.5679],[95.8521,24.5802],[95.8443,24.5442]],[[94.9587,19.2083],[94.9249,19.2162],[94.9463,19.1854],[94.9587,19.2083]],[[90.3284,25.552],[90.3541,25.5737],[90.319,25.5719],[90.3284,25.552]],[[94.4917,19.2461],[94.5004,19.2652],[94.4919,19.2828],[94.4765,19.2614],[94.4917,19.2461]],[[93.9511,20.3584],[93.9368,20.3371],[93.9637,20.3194],[93.9657,20.3529],[93.9511,20.3584]],[[97.1679,21.9802],[97.1887,21.9859],[97.1951,22.0149],[97.1781,22.0212],[97.1679,21.9802]],[[92.563,23.5894],[92.5763,23.5302],[92.5801,23.5276],[92.597,23.5635],[92.563,23.5894]],[[97.0352,23.4808],[97.0115,23.452],[97.0559,23.4718],[97.0352,23.4808]],[[91.7559,23.4386],[91.7222,23.4323],[91.7,23.4237],[91.7565,23.4204],[91.7559,23.4386]],[[96.4228,19.8875],[96.3701,19.881],[96.3683,19.8709],[96.3944,19.8676],[96.4228,19.8875]],[[97.5618,19.4185],[97.5643,19.4471],[97.547,19.4654],[97.5444,19.4282],[97.5618,19.4185]],[[94.8336,18.4537],[94.8088,18.4464],[94.8023,18.4285],[94.8399,18.4372],[94.8336,18.4537]],[[92.6739,23.6726],[92.6597,23.6707],[92.6521,23.6449],[92.6815,23.6539],[92.6739,23.6726]],[[92.8972,24.3975],[92.887,24.3792],[92.8877,24.344],[92.9145,24.3713],[92.8972,24.3975]],[[93.4214,25.0188],[93.4557,25.0788],[93.4485,25.089],[93.4267,25.0629],[93.4214,25.0188]],[[92.6899,24.0617],[92.696,24.1215],[92.678,24.0443],[92.6899,24.0617]],[[94.6741,28.2153],[94.6588,28.1841],[94.6651,28.1675],[94.6809,28.1775],[94.6741,28.2153]],[[97.4495,26.7078],[97.4339,26.69],[97.4512,26.6755],[97.4668,26.692],[97.4495,26.7078]],[[93.1301,24.1307],[93.1218,24.0949],[93.113,24.0773],[93.1401,24.0953],[93.1301,24.1307]],[[97.5681,18.5213],[97.5982,18.5049],[97.5971,18.5383],[97.5696,18.547],[97.5681,18.5213]],[[93.4488,24.1966],[93.4519,24.17],[93.4724,24.1691],[93.4725,24.1902],[93.4488,24.1966]],[[96.0064,21.8882],[95.9607,21.8642],[95.9365,21.8436],[95.9979,21.8608],[96.0064,21.8882]],[[95.89,21.8983],[95.8358,21.9033],[95.8793,21.8982],[95.9224,21.8526],[95.89,21.8983]],[[94.6867,18.286],[94.6812,18.353],[94.6617,18.3633],[94.6867,18.286]],[[94.336,22.6166],[94.3546,22.6022],[94.3812,22.6124],[94.3627,22.6313],[94.336,22.6166]],[[95.996,22.2979],[96.0,22.2083],[95.9966,22.202],[96.0077,22.2151],[96.0085,22.2679],[95.996,22.2979]],[[93.2975,21.0894],[93.2938,21.0605],[93.3304,21.0277],[93.3095,21.0554],[93.3138,21.0803],[93.2975,21.0894]],[[94.6663,18.0916],[94.6551,18.1553],[94.6457,18.1565],[94.6516,18.1038],[94.6663,18.0916]],[[89.8922,25.3584],[89.9026,25.3726],[89.9308,25.3802],[89.8949,25.3968],[89.8772,25.3787],[89.8922,25.3584]],[[96.9087,23.906],[96.9245,23.9239],[96.9183,23.9576],[96.9023,23.9305],[96.9087,23.906]],[[96.2067,21.2242],[96.2206,21.1773],[96.2574,21.2087],[96.2288,21.2017],[96.2067,21.2242]],[[95.8044,24.5314],[95.7842,24.5017],[95.7997,24.4832],[95.8144,24.5202],[95.8044,24.5314]],[[93.484,24.802],[93.4696,24.7707],[93.5134,24.7273],[93.4862,24.7684],[93.484,24.802]],[[97.4633,18.4686],[97.4649,18.4963],[97.4527,18.5146],[97.4424,18.5016],[97.4449,18.4609],[97.4633,18.4686]],[[97.7521,17.8773],[97.7377,17.8894],[97.7264,17.8716],[97.7394,17.842],[97.7521,17.8773]],[[94.396,27.5882],[94.3709,27.5772],[94.3466,27.5904],[94.3274,27.5778],[94.3679,27.5674],[94.396,27.5882]],[[90.6112,25.4228],[90.6724,25.3863],[90.6567,25.414],[90.6112,25.4228]],[[97.1043,17.4978],[97.1,17.4667],[97.0772,17.4708],[97.0945,17.4442],[97.1034,17.4632],[97.1153,17.4555],[97.1043,17.4978]],[[93.2778,24.5949],[93.3158,24.6282],[93.2864,24.6305],[93.2778,24.5949]],[[92.439,23.6082],[92.4395,23.6479],[92.4127,23.6571],[92.4271,23.6136],[92.439,23.6082]],[[93.0793,21.2438],[93.0691,21.1958],[93.0795,21.1606],[93.0893,21.2379],[93.0793,21.2438]],[[95.6392,27.1545],[95.5749,27.1496],[95.5958,27.1271],[95.6392,27.1545]],[[96.7638,19.2188],[96.7345,19.2196],[96.7487,19.2001],[96.7374,19.169],[96.7638,19.2188]],[[94.4702,27.7089],[94.4512,27.6955],[94.4801,27.6773],[94.491,27.7001],[94.4702,27.7089]],[[97.5835,26.3817],[97.5818,26.4053],[97.5685,26.4142],[97.5524,26.3936],[97.5624,26.3769],[97.5835,26.3817]],[[94.7542,18.0747],[94.7201,18.1142],[94.7028,18.1213],[94.7113,18.078],[94.7542,18.0747]],[[94.6681,17.9923],[94.6735,18.0043],[94.6556,18.0407],[94.6368,18.0038],[94.6681,17.9923]],[[93.2279,21.4892],[93.2263,21.4539],[93.2464,21.4366],[93.2485,21.4799],[93.2279,21.4892]],[[92.882,20.6287],[92.8273,20.6445],[92.854,20.618],[92.882,20.6287]],[[92.7224,22.4143],[92.6897,22.4884],[92.6786,22.498],[92.7151,22.4026],[92.7224,22.4143]],[[96.3742,24.9569],[96.3444,24.9313],[96.3531,24.9109],[96.383,24.9478],[96.3742,24.9569]],[[96.9087,26.0852],[96.9323,26.1061],[96.9216,26.1398],[96.9108,26.1308],[96.9087,26.0852]],[[94.1624,20.4557],[94.1442,20.4129],[94.178,20.4091],[94.1804,20.4384],[94.1624,20.4557]],[[94.2277,22.9523],[94.2561,22.9958],[94.2291,23.0056],[94.2168,22.9671],[94.2277,22.9523]],[[94.1894,22.667],[94.2079,22.7177],[94.2017,22.7325],[94.1841,22.7183],[94.1773,22.6777],[94.1894,22.667]],[[93.6921,27.0582],[93.7042,27.0353],[93.7327,27.0585],[93.7213,27.073],[93.6921,27.0582]],[[96.1669,24.7921],[96.1523,24.7972],[96.1508,24.7717],[96.1775,24.7591],[96.182,24.7847],[96.1669,24.7921]],[[97.6218,19.3188],[97.5917,19.3333],[97.5893,19.372],[97.5685,19.3627],[97.5693,19.3448],[97.6028,19.3188],[97.6218,19.3188]],[[97.3978,18.6086],[97.4166,18.6509],[97.4078,18.6749],[97.3944,18.6709],[97.3978,18.6086]],[[93.5596,24.9286],[93.5908,24.9331],[93.5698,24.9725],[93.5596,24.9286]],[[92.0028,25.8797],[92.0409,25.8868],[92.0388,25.9138],[91.995,25.8977],[92.0028,25.8797]],[[94.1636,20.8023],[94.1301,20.8972],[94.122,20.8988],[94.1351,20.8372],[94.1636,20.8023]],[[97.6697,19.1305],[97.6696,19.0776],[97.6972,19.0775],[97.6697,19.1305]],[[97.2945,17.7353],[97.2777,17.7037],[97.2806,17.6759],[97.3143,17.7284],[97.2945,17.7353]],[[96.2495,25.6713],[96.2808,25.6852],[96.263,25.707],[96.2428,25.7026],[96.2495,25.6713]],[[92.2076,24.0532],[92.1999,24.086],[92.2122,24.1313],[92.1843,24.1016],[92.2076,24.0532]],[[93.4169,21.1732],[93.4266,21.1075],[93.4381,21.0949],[93.4322,21.1767],[93.4169,21.1732]],[[93.3173,21.0001],[93.3346,20.9388],[93.3401,20.936],[93.3555,20.9455],[93.3303,21.014],[93.3173,21.0001]],[[92.7392,24.2814],[92.7467,24.2191],[92.7633,24.288],[92.7277,24.2976],[92.7173,24.2738],[92.7285,24.2888],[92.7392,24.2814]],[[94.3555,18.8343],[94.3807,18.8371],[94.3102,18.9051],[94.3185,18.8791],[94.3555,18.8343]],[[90.2767,25.3041],[90.297,25.3107],[90.3,25.3333],[90.322,25.3275],[90.3216,25.3476],[90.2831,25.3456],[90.2767,25.3041]],[[92.7994,24.0656],[92.795,24.0981],[92.775,24.0845],[92.7782,24.0274],[92.7994,24.0656]],[[90.9522,25.6718],[91.014,25.6947],[91.0146,25.7217],[90.9522,25.6718]],[[94.2724,26.3234],[94.2359,26.3066],[94.2518,26.2776],[94.283,26.3145],[94.2724,26.3234]],[[94.5135,18.3439],[94.5216,18.3893],[94.4611,18.4055],[94.5135,18.3439]],[[97.8617,23.1931],[97.9142,23.2442],[97.9135,23.2481],[97.8513,23.2111],[97.8617,23.1931]],[[94.9664,19.1885],[94.9766,19.1683],[95.0052,19.1522],[94.9815,19.2141],[94.9664,19.1885]],[[93.1417,24.2763],[93.1082,24.2605],[93.121,24.2187],[93.1417,24.2763]],[[92.9914,27.0577],[92.9847,27.0289],[93.0128,27.0095],[93.0247,27.0272],[92.9914,27.0577]],[[97.4326,17.9583],[97.4498,18.0598],[97.446,18.0728],[97.4276,18.0302],[97.4326,17.9583]],[[93.0679,21.957],[93.0829,21.9787],[93.0794,22.031],[93.0513,21.9777],[93.0713,21.9745],[93.0679,21.957]],[[96.1957,22.9061],[96.1753,22.8829],[96.1873,22.8433],[96.2062,22.8866],[96.1957,22.9061]],[[97.5872,22.9799],[97.5967,22.9885],[97.5801,23.0072],[97.5615,22.9605],[97.5917,22.95],[97.6059,22.9708],[97.5872,22.9799]],[[97.5548,22.4581],[97.575,22.4583],[97.5613,22.4707],[97.5809,22.4794],[97.5638,22.5061],[97.5355,22.4804],[97.5548,22.4581]],[[93.5083,24.691],[93.4684,24.7042],[93.4612,24.6706],[93.4872,24.6608],[93.5083,24.691]],[[92.4857,23.7953],[92.4993,23.7986],[92.5013,23.858],[92.476,23.8281],[92.4857,23.7953]],[[97.858,17.9492],[97.8817,17.9213],[97.8856,17.878],[97.9163,17.8918],[97.9308,17.8692],[97.9229,17.8891],[97.8803,17.939],[97.858,17.9492]],[[97.7095,19.6722],[97.7295,19.6441],[97.7809,19.6625],[97.7196,19.6972],[97.7095,19.6722]],[[96.7646,23.2552],[96.7191,23.2028],[96.7475,23.2021],[96.7646,23.2552]],[[96.2308,21.1561],[96.2169,21.1274],[96.2351,21.0757],[96.2487,21.0882],[96.2346,21.1234],[96.2489,21.1433],[96.2308,21.1561]],[[94.5833,24.3167],[94.6058,24.3363],[94.6045,24.3979],[94.5697,24.2858],[94.5889,24.3016],[94.5833,24.3167]],[[97.5085,22.9956],[97.509,23.0514],[97.527,23.0822],[97.4787,23.0624],[97.5085,22.9956]],[[95.7708,28.3148],[95.7524,28.296],[95.753,28.2684],[95.7708,28.2519],[95.7835,28.2766],[95.7708,28.3148]],[[96.5007,25.122],[96.5333,25.1083],[96.5329,25.1436],[96.507,25.158],[96.5007,25.122]],[[97.1957,21.6855],[97.1901,21.6424],[97.2079,21.6743],[97.1842,21.7405],[97.1898,21.7717],[97.1723,21.7825],[97.1957,21.6855]],[[92.7305,24.5644],[92.7124,24.4618],[92.7474,24.5363],[92.7305,24.5644]],[[96.4325,21.5367],[96.4468,21.606],[96.4377,21.5758],[96.3949,21.5439],[96.4325,21.5367]],[[93.5421,24.8226],[93.5641,24.8448],[93.5624,24.8978],[93.5343,24.853],[93.5421,24.8226]],[[97.6156,26.105],[97.6495,26.1574],[97.6305,26.1811],[97.6098,26.1281],[97.6156,26.105]],[[96.8455,25.6753],[96.8273,25.6373],[96.8457,25.6187],[96.8668,25.6488],[96.8455,25.6753]],[[97.0,26.475],[97.0023,26.4438],[97.0295,26.4268],[97.0313,26.4643],[97.0129,26.4817],[97.0,26.475]],[[93.5875,20.2021],[93.6238,20.1531],[93.594,20.1041],[93.6032,20.0779],[93.6214,20.0775],[93.6094,20.1014],[93.6324,20.1594],[93.6225,20.188],[93.5875,20.2021]],[[97.6322,19.755],[97.6487,19.7721],[97.6635,19.8475],[97.6277,19.797],[97.6322,19.755]],[[95.2628,20.9396],[95.2259,20.9266],[95.2538,20.8933],[95.2746,20.9154],[95.2628,20.9396]],[[93.0093,21.8471],[93.0419,21.8709],[93.0172,21.9335],[93.0108,21.9139],[93.0093,21.8471]],[[92.5667,23.4917],[92.595,23.4361],[92.6305,23.4601],[92.6134,23.4886],[92.6031,23.4697],[92.5667,23.4917]],[[93.7474,26.3854],[93.6534,26.3814],[93.6357,26.3706],[93.7115,26.3597],[93.7474,26.3854]],[[94.3557,27.6739],[94.4368,27.6851],[94.441,27.7023],[94.3696,27.6974],[94.3358,27.672],[94.3536,27.6618],[94.3557,27.6739]],[[96.2797,27.0452],[96.3011,27.0802],[96.3469,27.1061],[96.2609,27.0805],[96.2527,27.06],[96.2797,27.0452]],[[92.9335,22.3041],[92.9485,22.3117],[92.9495,22.3428],[92.9171,22.3668],[92.9022,22.3447],[92.9335,22.3041]],[[97.8157,18.2755],[97.8392,18.2799],[97.8083,18.2833],[97.801,18.3103],[97.8221,18.3113],[97.8222,18.3372],[97.8026,18.3543],[97.8227,18.3631],[97.8044,18.381],[97.792,18.3543],[97.807,18.3301],[97.7859,18.3112],[97.8032,18.2844],[97.8157,18.2755]],[[97.0827,23.5137],[97.1224,23.5606],[97.1145,23.5729],[97.0527,23.5123],[97.0827,23.5137]],[[93.7321,27.2224],[93.6781,27.1906],[93.6854,27.1771],[93.7398,27.2042],[93.7321,27.2224]],[[93.2005,20.9419],[93.1792,20.9736],[93.1947,20.8867],[93.2303,20.8443],[93.2005,20.9419]],[[93.0227,21.3258],[93.0417,21.325],[93.0399,21.3544],[92.987,21.3814],[93.0227,21.3258]],[[97.6851,20.062],[97.732,20.104],[97.7282,20.1321],[97.7023,20.1145],[97.6851,20.062]],[[96.2835,25.3837],[96.3417,25.4],[96.3321,25.4211],[96.2785,25.4063],[96.2835,25.3837]],[[91.824,25.8619],[91.7766,25.8542],[91.7853,25.8271],[91.825,25.8333],[91.824,25.8619]],[[96.5636,19.9214],[96.5586,19.9705],[96.5115,19.9727],[96.5403,19.9463],[96.5438,19.9032],[96.5636,19.9214]],[[90.6811,25.2283],[90.6884,25.2572],[90.7035,25.2437],[90.7145,25.2554],[90.6915,25.2629],[90.688,25.2892],[90.6613,25.3055],[90.6512,25.2803],[90.6736,25.261],[90.6689,25.2285],[90.6811,25.2283]],[[96.4732,19.5913],[96.4674,19.5572],[96.4885,19.5362],[96.5053,19.5626],[96.4934,19.578],[96.5142,19.5786],[96.514,19.6037],[96.4732,19.5913]],[[97.5511,22.9035],[97.5542,22.9225],[97.5796,22.9099],[97.6223,22.9471],[97.544,22.931],[97.5259,22.9054],[97.5511,22.9035]],[[97.7779,19.862],[97.8139,19.8532],[97.8013,19.9183],[97.8311,19.9285],[97.8129,19.9476],[97.7855,19.9294],[97.7779,19.862]],[[92.8537,27.0773],[92.9018,27.0673],[92.9077,27.0947],[92.8705,27.1071],[92.8517,27.0963],[92.8537,27.0773]],[[96.9839,26.6001],[96.999,26.6587],[96.9874,26.6811],[96.9594,26.6434],[96.9687,26.604],[96.9839,26.6001]],[[96.0408,24.7718],[96.0013,24.7132],[96.0208,24.702],[96.0553,24.7346],[96.0408,24.7718]],[[94.2948,22.4462],[94.2803,22.5219],[94.264,22.5239],[94.2523,22.5031],[94.2866,22.4107],[94.2948,22.4462]],[[97.3861,23.0028],[97.425,22.9917],[97.4156,23.045],[97.3971,23.0569],[97.3759,23.0307],[97.3861,23.0028]],[[96.9076,18.3382],[96.8377,18.3566],[96.8268,18.3291],[96.9142,18.3195],[96.9076,18.3382]],[[97.561,19.4771],[97.5706,19.506],[97.5909,19.5099],[97.5692,19.5189],[97.5528,19.5644],[97.5342,19.5514],[97.5359,19.5029],[97.561,19.4771]],[[95.6073,23.9526],[95.6331,23.9823],[95.6181,24.008],[95.594,24.0063],[95.5773,23.9804],[95.586,23.9527],[95.6073,23.9526]],[[94.3302,21.8202],[94.3333,21.9187],[94.3208,22.0144],[94.3096,21.875],[94.3302,21.8202]],[[93.0958,24.2311],[93.075,24.175],[93.0265,24.1295],[93.0519,24.1029],[93.072,24.1198],[93.0958,24.2311]],[[91.6597,23.8332],[91.6638,23.8468],[91.6427,23.8649],[91.6556,23.8983],[91.6212,23.9154],[91.6298,23.8709],[91.61,23.8458],[91.6597,23.8332]],[[94.7037,18.6191],[94.7138,18.6553],[94.67,18.6645],[94.689,18.6371],[94.6527,18.6303],[94.6691,18.5782],[94.6839,18.6164],[94.7228,18.5867],[94.7037,18.6191]],[[97.3106,18.0365],[97.3475,18.0461],[97.3408,18.0761],[97.3055,18.1238],[97.2925,18.0739],[97.3144,18.0624],[97.3106,18.0365]],[[96.1457,25.3336],[96.1335,25.3214],[96.1433,25.2788],[96.1959,25.2263],[96.1997,25.2606],[96.1685,25.2789],[96.1457,25.3336]],[[93.2623,20.8666],[93.244,20.8562],[93.2262,20.8029],[93.2346,20.7866],[93.2555,20.7788],[93.2373,20.7525],[93.2728,20.778],[93.2343,20.7985],[93.2626,20.8556],[93.3048,20.841],[93.3016,20.8217],[93.3108,20.8031],[93.3239,20.813],[93.3083,20.8167],[93.3058,20.8493],[93.2623,20.8666]],[[97.5005,22.7951],[97.5993,22.8701],[97.6055,22.881],[97.5636,22.8978],[97.536,22.8883],[97.5723,22.8787],[97.5113,22.8304],[97.5005,22.7951]],[[94.2736,22.5516],[94.2806,22.5719],[94.2532,22.5781],[94.2294,22.6302],[94.2023,22.6385],[94.245,22.5509],[94.2736,22.5516]],[[96.3837,24.606],[96.4151,24.637],[96.4219,24.7141],[96.3766,24.663],[96.3837,24.606]],[[94.4087,26.431],[94.4405,26.4449],[94.514,26.5306],[94.4769,26.5149],[94.4087,26.431]],[[93.2916,21.3747],[93.2861,21.3352],[93.3136,21.3038],[93.3016,21.2634],[93.3194,21.2591],[93.3393,21.2886],[93.3227,21.3477],[93.2916,21.3747]],[[97.6837,26.1727],[97.6998,26.1838],[97.6906,26.2447],[97.6611,26.2729],[97.6502,26.2545],[97.6609,26.2029],[97.6837,26.1727]],[[93.4145,24.7215],[93.3897,24.6868],[93.3697,24.6975],[93.3436,24.6708],[93.3372,24.6109],[93.3814,24.6457],[93.4145,24.7215]],[[96.2812,24.3971],[96.2441,24.3291],[96.2624,24.2853],[96.2918,24.3565],[96.2812,24.3971]],[[97.649,19.0113],[97.6721,19.0206],[97.6614,19.0373],[97.6795,19.0441],[97.6803,19.0635],[97.653,19.0613],[97.6364,19.1057],[97.6355,19.0527],[97.6119,19.069],[97.6136,19.0984],[97.5962,19.1068],[97.611,19.037],[97.6309,19.0392],[97.649,19.0113]],[[93.3333,24.9],[93.2945,24.8482],[93.2719,24.7428],[93.3152,24.814],[93.3333,24.9]],[[94.3321,21.6416],[94.3663,21.7326],[94.3278,21.7812],[94.3176,21.7655],[94.3389,21.6958],[94.3176,21.6736],[94.3321,21.6416]],[[97.6421,23.2248],[97.6563,23.2558],[97.6337,23.2657],[97.5689,23.2042],[97.6009,23.2008],[97.6421,23.2248]],[[97.7969,17.3696],[97.8546,17.385],[97.8727,17.4046],[97.8532,17.414],[97.858,17.3977],[97.8415,17.3915],[97.7863,17.4029],[97.7683,17.4204],[97.7631,17.4646],[97.7376,17.4734],[97.7555,17.4456],[97.7526,17.3953],[97.7969,17.3696]],[[96.2807,25.7526],[96.2721,25.8146],[96.253,25.8142],[96.2339,25.7846],[96.2361,25.7443],[96.2807,25.7526]],[[90.4364,25.272],[90.4662,25.3295],[90.3938,25.3381],[90.3856,25.3206],[90.4135,25.3156],[90.4237,25.2733],[90.3867,25.2524],[90.4473,25.2529],[90.4364,25.272]],[[92.5343,23.2089],[92.5543,23.2299],[92.566,23.2117],[92.5697,23.2462],[92.5811,23.2463],[92.5415,23.3159],[92.5192,23.2133],[92.5343,23.2089]],[[92.8905,22.4975],[92.8888,22.4279],[92.8678,22.3997],[92.8791,22.3688],[92.9225,22.4128],[92.9066,22.4967],[92.8905,22.4975]],[[97.0267,21.965],[97.0179,21.9148],[97.0552,21.8359],[97.0639,21.8888],[97.0433,21.9054],[97.0579,21.9357],[97.0448,21.9546],[97.0645,21.9884],[97.0267,21.965]],[[92.875,25.075],[92.8531,25.0521],[92.9556,25.0443],[92.9741,25.0651],[92.9625,25.0891],[92.875,25.075]],[[97.5439,25.8082],[97.5643,25.8187],[97.5686,25.8543],[97.5918,25.8746],[97.5455,25.9229],[97.5342,25.9087],[97.5558,25.8709],[97.5338,25.8343],[97.5439,25.8082]],[[93.0689,21.758],[93.0528,21.72],[93.0936,21.6779],[93.1376,21.6971],[93.1553,21.6862],[93.1639,21.7015],[93.1392,21.7382],[93.1222,21.7182],[93.1044,21.7478],[93.0871,21.7011],[93.0689,21.758]],[[92.8272,23.3213],[92.8447,23.278],[92.8882,23.2607],[92.8655,23.343],[92.8499,23.3504],[92.8645,23.3706],[92.8529,23.4155],[92.8357,23.3962],[92.8492,23.3237],[92.8272,23.3213]],[[97.2833,17.6],[97.2972,17.5945],[97.3103,17.6297],[97.3233,17.6212],[97.3385,17.6975],[97.3204,17.6611],[97.2958,17.6451],[97.2883,17.6638],[97.2775,17.6564],[97.2531,17.5525],[97.2833,17.6]],[[96.4255,26.2749],[96.4323,26.3281],[96.3948,26.3725],[96.4085,26.3011],[96.4002,26.2189],[96.4129,26.1939],[96.4255,26.2749]],[[93.1454,21.6283],[93.1447,21.5697],[93.1981,21.5028],[93.2305,21.5467],[93.2113,21.546],[93.1961,21.5986],[93.1877,21.5686],[93.1612,21.5776],[93.1454,21.6283]],[[97.6828,17.6117],[97.6906,17.6356],[97.6678,17.6566],[97.6804,17.6982],[97.6312,17.796],[97.6099,17.8057],[97.5944,17.7937],[97.65,17.7417],[97.6432,17.6539],[97.6828,17.6117]],[[95.7454,24.2813],[95.8033,24.2846],[95.8071,24.3045],[95.7919,24.3157],[95.7698,24.3029],[95.6973,24.3647],[95.6786,24.3647],[95.6786,24.3258],[95.7454,24.2813]],[[97.6144,18.3714],[97.6167,18.3833],[97.6307,18.3783],[97.6559,18.4876],[97.6281,18.5282],[97.6304,18.5651],[97.6168,18.574],[97.5938,18.5705],[97.6161,18.5495],[97.6099,18.4884],[97.6403,18.4818],[97.6382,18.4536],[97.6193,18.4547],[97.5946,18.4134],[97.6148,18.3963],[97.6144,18.3714]],[[92.8099,23.2286],[92.8044,23.2897],[92.7939,23.267],[92.7775,23.272],[92.799,23.2519],[92.7858,23.1624],[92.8041,23.0942],[92.8224,23.1213],[92.8197,23.1892],[92.836,23.1532],[92.8476,23.1619],[92.8399,23.2037],[92.8099,23.2286]],[[94.4052,22.5307],[94.404,22.3695],[94.4226,22.37],[94.4331,22.4308],[94.4042,22.5892],[94.397,22.5531],[94.3603,22.5374],[94.4052,22.5307]],[[92.6472,23.6113],[92.603,23.6631],[92.6473,23.6882],[92.6068,23.7157],[92.5875,23.6771],[92.5684,23.7224],[92.5593,23.6973],[92.5821,23.6613],[92.5975,23.5845],[92.6135,23.5933],[92.6124,23.6145],[92.6472,23.6113]],[[92.9087,23.3335],[92.931,23.3197],[92.9561,23.4039],[92.896,23.4312],[92.9018,23.404],[92.9153,23.3834],[92.886,23.3636],[92.8872,23.3017],[92.9061,23.3101],[92.9087,23.3335]],[[92.1107,24.0779],[92.1414,24.1235],[92.1721,24.1028],[92.1617,24.1204],[92.1725,24.1464],[92.1449,24.1428],[92.1437,24.1623],[92.1638,24.1734],[92.1378,24.1779],[92.1031,24.2138],[92.0928,24.1904],[92.1107,24.0779]],[[94.6672,24.7501],[94.6894,24.7691],[94.6954,24.8146],[94.7474,24.8805],[94.6691,24.8476],[94.6419,24.7809],[94.6672,24.7501]],[[97.6868,25.5181],[97.7727,25.5709],[97.702,25.5772],[97.6863,25.6396],[97.6679,25.6267],[97.6805,25.6043],[97.6672,25.5403],[97.6868,25.5181]],[[91.6197,23.5658],[91.6269,23.5213],[91.6467,23.5139],[91.6354,23.4869],[91.6626,23.506],[91.6745,23.4934],[91.6522,23.4366],[91.6709,23.4474],[91.688,23.4358],[91.7064,23.529],[91.6798,23.5566],[91.6197,23.5658]],[[92.7639,23.0562],[92.7614,22.986],[92.7953,23.0301],[92.8059,23.0129],[92.7779,22.9606],[92.8125,22.9882],[92.8526,22.9283],[92.8713,22.935],[92.8434,22.9703],[92.8471,23.0065],[92.8182,23.0136],[92.8304,23.0555],[92.7639,23.0562]],[[97.7105,26.0437],[97.7735,26.0871],[97.7741,26.1281],[97.7545,26.1487],[97.7346,26.1471],[97.7102,26.1124],[97.6996,26.0684],[97.7105,26.0437]],[[96.675,25.35],[96.6456,25.3566],[96.6101,25.3045],[96.5917,25.2371],[96.6016,25.2026],[96.6737,25.3139],[96.675,25.35]],[[96.3286,24.4561],[96.3747,24.5506],[96.3736,24.5797],[96.3512,24.5997],[96.3107,24.556],[96.3008,24.5011],[96.3102,24.4538],[96.3286,24.4561]],[[96.7956,22.4416],[96.7801,22.4737],[96.7453,22.4953],[96.719,22.5385],[96.7036,22.4787],[96.7217,22.4799],[96.7118,22.4608],[96.7554,22.4295],[96.7354,22.3955],[96.7537,22.3859],[96.7708,22.4062],[96.8196,22.3593],[96.7978,22.4127],[96.7783,22.4209],[96.7956,22.4416]],[[95.8566,24.9453],[95.8461,24.9899],[95.796,24.9749],[95.7646,25.0058],[95.7515,24.9966],[95.7705,24.9019],[95.8459,24.9184],[95.8566,24.9453]],[[97.4972,18.0158],[97.5536,17.8538],[97.5718,17.8473],[97.5614,17.8352],[97.59,17.811],[97.5953,17.8406],[97.6161,17.8405],[97.6072,17.8859],[97.5696,17.8946],[97.572,17.9301],[97.4972,18.0158]],[[92.8456,22.7066],[92.8518,22.6288],[92.8723,22.6043],[92.8683,22.5704],[92.8879,22.5438],[92.8868,22.58],[92.9208,22.5691],[92.9323,22.5884],[92.9222,22.697],[92.9036,22.7051],[92.8958,22.6357],[92.8603,22.6542],[92.8824,22.6751],[92.8649,22.6986],[92.8456,22.7066]],[[97.6819,25.9871],[97.6645,26.1001],[97.6184,26.0545],[97.6086,25.9755],[97.6292,25.9518],[97.6819,25.9871]],[[93.6496,20.5587],[93.6801,20.5292],[93.6515,20.4797],[93.6803,20.4722],[93.6792,20.4438],[93.7138,20.4374],[93.7134,20.395],[93.6677,20.386],[93.6908,20.3659],[93.6679,20.3441],[93.6801,20.3273],[93.7031,20.3722],[93.7387,20.3766],[93.7166,20.489],[93.7411,20.5019],[93.704,20.4936],[93.6894,20.5477],[93.6552,20.5811],[93.6496,20.5587]],[[92.7804,22.943],[92.7536,22.9367],[92.7357,22.9723],[92.7501,22.9082],[92.7362,22.8784],[92.8467,22.7697],[92.8736,22.8122],[92.8436,22.8123],[92.8292,22.8644],[92.7699,22.8785],[92.7973,22.9043],[92.7701,22.9203],[92.7977,22.9204],[92.7804,22.943]],[[97.2075,17.7652],[97.2111,17.8039],[97.2485,17.8203],[97.226,17.8401],[97.2413,17.8606],[97.2292,17.8728],[97.1946,17.8531],[97.1533,17.8892],[97.1447,17.8417],[97.1098,17.8204],[97.1397,17.8066],[97.1534,17.7779],[97.1873,17.7887],[97.2075,17.7652]],[[96.2608,24.9226],[96.2298,24.8199],[96.2086,24.8247],[96.2279,24.7437],[96.3068,24.8871],[96.296,24.9482],[96.2608,24.9226]],[[97.6975,19.1859],[97.6767,19.2548],[97.7251,19.2809],[97.6945,19.2862],[97.6853,19.3112],[97.7306,19.3208],[97.701,19.3416],[97.7308,19.3733],[97.6956,19.3978],[97.686,19.3888],[97.6873,19.3695],[97.6634,19.3891],[97.6361,19.3817],[97.6807,19.3545],[97.6451,19.3477],[97.6654,19.324],[97.6524,19.3296],[97.6275,19.2878],[97.6471,19.2683],[97.6798,19.2731],[97.6719,19.2267],[97.6526,19.2108],[97.6752,19.2123],[97.6787,19.1868],[97.6975,19.1859]],[[96.2662,20.9335],[96.2445,20.8862],[96.2618,20.8773],[96.2642,20.8904],[96.3017,20.885],[96.3127,20.8967],[96.3303,20.861],[96.3392,20.8875],[96.3281,20.9049],[96.3498,20.9191],[96.3262,20.9403],[96.3484,20.9554],[96.3391,20.9805],[96.2597,21.0138],[96.2527,21.0037],[96.2808,20.9792],[96.2789,20.9592],[96.2523,20.9458],[96.2662,20.9335]],[[97.0487,22.0777],[97.065,22.0984],[97.0805,22.0955],[97.0682,22.1165],[97.0755,22.1577],[97.0992,22.186],[97.0685,22.1693],[97.0559,22.2047],[97.0356,22.2025],[97.0036,22.2318],[96.9864,22.2218],[96.9967,22.2125],[96.9843,22.1719],[96.994,22.1535],[97.0148,22.1541],[97.0029,22.12],[97.0487,22.0777]],[[94.5083,19.4667],[94.4527,19.43],[94.4511,19.4144],[94.5148,19.3296],[94.5112,19.278],[94.5863,19.2513],[94.5881,19.2739],[94.5516,19.2987],[94.5806,19.3199],[94.5513,19.3307],[94.5651,19.3625],[94.5292,19.3518],[94.5217,19.3967],[94.503,19.4035],[94.5223,19.4209],[94.5083,19.4667]],[[94.8183,27.7994],[94.6986,27.8077],[94.6387,27.7697],[94.6298,27.7887],[94.6141,27.7826],[94.5972,27.7532],[94.5388,27.7572],[94.5548,27.7352],[94.5096,27.7053],[94.6879,27.7602],[94.7073,27.7911],[94.7461,27.7606],[94.7861,27.7602],[94.8325,27.7819],[94.8183,27.7994]],[[95.9666,23.004],[95.9891,23.0361],[95.9932,23.1513],[96.0081,23.1522],[95.9864,23.1793],[95.9833,23.2518],[95.9929,23.3109],[96.0081,23.3193],[96.0015,23.4577],[95.9985,23.347],[95.9585,23.1642],[95.966,23.1246],[95.9427,23.0683],[95.9666,23.004]],[[94.9254,26.7333],[94.8607,26.7143],[94.811,26.6602],[94.8516,26.6342],[94.8942,26.6727],[94.9233,26.6696],[94.9902,26.7546],[94.9558,26.7822],[94.9254,26.7333]],[[93.3306,26.2177],[93.4044,26.2474],[93.4455,26.2119],[93.4734,26.2274],[93.4808,26.2382],[93.4553,26.2638],[93.4204,26.2685],[93.4177,26.2916],[93.4801,26.3326],[93.3959,26.3397],[93.3797,26.2953],[93.3531,26.2885],[93.3465,26.2621],[93.3261,26.2699],[93.3306,26.2177]],[[97.5711,26.4766],[97.5872,26.5213],[97.6092,26.5085],[97.6249,26.5187],[97.5879,26.6395],[97.5512,26.6302],[97.5261,26.5927],[97.5257,26.5238],[97.5436,26.4871],[97.5711,26.4766]],[[92.6672,27.0832],[92.7037,27.1235],[92.8328,27.1172],[92.8532,27.1386],[92.8796,27.1355],[92.8825,27.1526],[92.8291,27.1642],[92.7934,27.1512],[92.7038,27.1567],[92.6279,27.1221],[92.6107,27.0694],[92.6302,27.0522],[92.6672,27.0832]],[[96.727,25.0709],[96.6477,24.944],[96.6122,24.9399],[96.5685,24.9066],[96.5278,24.836],[96.6023,24.906],[96.6531,24.9095],[96.6732,24.9268],[96.7559,25.0274],[96.7728,25.1051],[96.727,25.0709]],[[97.454,25.5604],[97.4805,25.6733],[97.4517,25.7123],[97.4554,25.7388],[97.4391,25.7408],[97.3933,25.688],[97.3842,25.6136],[97.454,25.5604]],[[94.2335,22.7143],[94.2555,22.6105],[94.2823,22.6515],[94.2512,22.6949],[94.2732,22.7046],[94.2824,22.7334],[94.2434,22.8186],[94.2966,22.7783],[94.2912,22.8329],[94.2605,22.869],[94.2641,22.9056],[94.2446,22.924],[94.2408,22.8649],[94.2282,22.8608],[94.2124,22.9227],[94.2087,22.8524],[94.2261,22.7719],[94.2638,22.7387],[94.2335,22.7143]],[[92.7899,23.9461],[92.7361,23.9206],[92.7388,23.8457],[92.717,23.7875],[92.7314,23.7539],[92.6874,23.737],[92.6781,23.7553],[92.6694,23.7316],[92.6963,23.7213],[92.7132,23.6876],[92.6971,23.6429],[92.7313,23.6542],[92.7374,23.7388],[92.7742,23.6735],[92.7802,23.7218],[92.7529,23.7456],[92.7733,23.7462],[92.774,23.7861],[92.7521,23.7754],[92.742,23.7873],[92.7735,23.8053],[92.7502,23.8961],[92.7687,23.9213],[92.7906,23.9224],[92.7899,23.9461]],[[94.7013,18.7884],[94.7391,18.8219],[94.6954,18.8298],[94.6966,18.8118],[94.67,18.8061],[94.6831,18.7789],[94.6713,18.7606],[94.6301,18.8306],[94.6133,18.7943],[94.594,18.804],[94.5955,18.8234],[94.5691,18.8125],[94.6443,18.7355],[94.6627,18.7556],[94.7048,18.7464],[94.7322,18.7113],[94.7097,18.6943],[94.7185,18.6706],[94.7385,18.6796],[94.737,18.6509],[94.7883,18.6191],[94.7527,18.6708],[94.7531,18.697],[94.772,18.7126],[94.7575,18.7446],[94.7374,18.7276],[94.721,18.7358],[94.732,18.7777],[94.7013,18.7884]],[[97.1939,22.2373],[97.2831,22.2336],[97.2995,22.2485],[97.2896,22.3207],[97.226,22.3827],[97.2023,22.373],[97.1757,22.3096],[97.1939,22.2373]],[[90.5562,25.4056],[90.5724,25.4277],[90.5559,25.4546],[90.546,25.4453],[90.5198,25.4653],[90.4807,25.4607],[90.4684,25.4822],[90.4461,25.4696],[90.4322,25.5051],[90.372,25.5381],[90.3607,25.5304],[90.3543,25.5114],[90.3334,25.5334],[90.3037,25.5307],[90.285,25.5097],[90.2724,25.5319],[90.2428,25.511],[90.2509,25.4866],[90.3222,25.4431],[90.4577,25.4495],[90.5562,25.4056]],[[95.6176,24.0541],[95.6644,24.0605],[95.6807,24.0903],[95.7144,24.0856],[95.7377,24.1306],[95.7706,24.1015],[95.7887,24.1092],[95.7908,24.1362],[95.7581,24.1983],[95.7613,24.2221],[95.789,24.2285],[95.7807,24.2472],[95.754,24.2486],[95.7161,24.2172],[95.6415,24.2324],[95.6192,24.2221],[95.6804,24.1875],[95.6432,24.163],[95.6469,24.1095],[95.5942,24.0732],[95.6176,24.0541]],[[96.9551,26.0762],[96.9273,26.056],[96.8931,25.9879],[96.8901,25.9267],[96.8531,25.9013],[96.8284,25.9138],[96.813,25.8932],[96.7702,25.8899],[96.7521,25.8727],[96.7899,25.8297],[96.7874,25.7934],[96.8154,25.7946],[96.8602,25.865],[96.897,25.8781],[96.9191,25.9392],[96.9818,26.0036],[97.0,26.0479],[96.9875,26.1316],[96.9691,26.123],[96.9551,26.0762]],[[93.5638,26.1978],[93.5989,26.1865],[93.6296,26.2177],[93.6387,26.2387],[93.6211,26.2476],[93.5956,26.2354],[93.6016,26.2658],[93.5637,26.243],[93.5445,26.2705],[93.5972,26.3028],[93.6058,26.356],[93.5719,26.3279],[93.5442,26.3381],[93.5488,26.2891],[93.5008,26.2415],[93.5208,26.2479],[93.5403,26.2219],[93.5211,26.2109],[93.4861,26.2218],[93.4863,26.2032],[93.5068,26.1957],[93.445,26.069],[93.5468,26.0781],[93.5285,26.0966],[93.5614,26.1142],[93.5817,26.1123],[93.568,26.0929],[93.5765,26.0778],[93.6137,26.0947],[93.6391,26.1305],[93.5886,26.1179],[93.5963,26.1481],[93.5277,26.1613],[93.5638,26.1978]],[[97.0638,18.218],[97.0805,18.2036],[97.0276,18.2043],[97.0629,18.1647],[97.06,18.1445],[97.096,18.1804],[97.1288,18.1723],[97.1306,18.1514],[97.1745,18.1493],[97.1698,18.1349],[97.1254,18.1296],[97.1319,18.0953],[97.1024,18.0874],[97.1391,18.0623],[97.1299,18.0035],[97.0941,17.987],[97.1296,17.9272],[97.1358,17.981],[97.1534,18.0048],[97.1713,17.9942],[97.1862,18.0287],[97.1968,18.0198],[97.206,18.0354],[97.2028,18.0722],[97.229,18.0611],[97.2475,18.0787],[97.2395,18.1209],[97.2181,18.1252],[97.2472,18.1383],[97.1462,18.2233],[97.1039,18.2394],[97.0861,18.2293],[97.1043,18.2111],[97.0638,18.218]],[[96.2749,22.9596],[96.33,22.9858],[96.3389,23.0221],[96.3043,23.0198],[96.3038,23.0393],[96.2718,23.0263],[96.2541,23.047],[96.2292,23.036],[96.2097,23.057],[96.1534,23.0473],[96.1801,23.0208],[96.1534,23.0109],[96.1892,22.996],[96.1715,22.9535],[96.1273,22.921],[96.2209,22.9137],[96.2183,22.8721],[96.2393,22.8622],[96.2444,22.8371],[96.271,22.819],[96.3041,22.8299],[96.347,22.8027],[96.3479,22.8375],[96.3031,22.8961],[96.3149,22.946],[96.2749,22.9596]],[[93.1701,24.3329],[93.1919,24.2938],[93.1886,24.2759],[93.169,24.2704],[93.1907,24.2417],[93.1775,24.2371],[93.1913,24.2109],[93.1742,24.1238],[93.0843,23.91],[93.1216,23.899],[93.1459,23.852],[93.1644,23.879],[93.1517,23.9382],[93.1825,23.9401],[93.1429,23.9884],[93.1604,24.0712],[93.2101,24.0511],[93.2105,24.0966],[93.2401,24.0876],[93.2653,24.1636],[93.2537,24.1967],[93.2974,24.1795],[93.2679,24.0803],[93.3053,24.0863],[93.325,24.2132],[93.3227,24.2298],[93.3037,24.2287],[93.2792,24.2892],[93.265,24.2517],[93.2279,24.2387],[93.2299,24.2032],[93.2107,24.2102],[93.2068,24.2961],[93.1883,24.3325],[93.1701,24.3329]],[[96.4532,25.7942],[96.4664,25.8036],[96.4548,25.8745],[96.4723,25.873],[96.4947,25.8188],[96.5169,25.8604],[96.4564,26.0297],[96.4181,26.0045],[96.4296,25.9692],[96.4037,25.98],[96.3941,25.9733],[96.4226,25.9289],[96.3973,25.9175],[96.3348,25.9871],[96.3347,26.0194],[96.355,26.0411],[96.3191,26.0356],[96.2886,26.0808],[96.2691,26.0815],[96.2418,25.9808],[96.2523,25.9104],[96.2657,25.9032],[96.2959,25.9482],[96.3195,25.9091],[96.3554,25.8971],[96.3608,25.8608],[96.3947,25.8273],[96.4021,25.8796],[96.4225,25.8815],[96.4532,25.7942]],[[94.6813,19.0787],[94.5553,19.1978],[94.5638,19.1539],[94.545,19.1527],[94.5181,19.189],[94.5134,19.2312],[94.4712,19.2382],[94.4613,19.2182],[94.48,19.2218],[94.4998,19.2037],[94.5226,19.1459],[94.4887,19.164],[94.436,19.172],[94.481,19.131],[94.4954,19.0941],[94.5196,19.0859],[94.528,19.1069],[94.5723,19.0777],[94.5361,19.115],[94.5469,19.1388],[94.5818,19.1112],[94.5895,19.1382],[94.6227,19.104],[94.6198,19.0864],[94.6465,19.0799],[94.6548,19.0625],[94.6369,19.0508],[94.6723,19.0299],[94.6518,19.0093],[94.6174,19.0252],[94.6649,18.9792],[94.6698,18.9509],[94.6548,18.9445],[94.6161,18.9745],[94.578,18.9611],[94.5127,19.0146],[94.5307,18.9705],[94.5114,18.9635],[94.5108,18.9454],[94.5542,18.9555],[94.6133,18.9298],[94.5618,18.9228],[94.5738,18.9068],[94.5597,18.8696],[94.5892,18.8786],[94.6023,18.9145],[94.6434,18.9099],[94.6559,18.9217],[94.6633,18.9107],[94.6359,18.8873],[94.6442,18.862],[94.6815,18.8529],[94.6886,18.8809],[94.7293,18.8441],[94.7195,18.8718],[94.7456,18.8721],[94.7634,18.8278],[94.7804,18.8543],[94.7637,18.9149],[94.7354,18.9253],[94.757,18.939],[94.7486,18.9631],[94.7212,18.989],[94.7026,18.9793],[94.7055,19.0219],[94.6813,19.0787]],[[94.4055,22.2778],[94.3597,22.2641],[94.351,22.2469],[94.3872,22.2175],[94.3497,22.2011],[94.3474,22.2302],[94.334,22.2183],[94.3575,22.176],[94.3564,22.1386],[94.3138,22.1823],[94.3117,22.1277],[94.284,22.243],[94.3118,22.235],[94.3409,22.268],[94.2937,22.2874],[94.2778,22.3543],[94.2887,22.3887],[94.2611,22.3973],[94.2442,22.3458],[94.2554,22.328],[94.2359,22.3029],[94.2655,22.2363],[94.2678,22.1803],[94.3107,22.112],[94.3217,22.1215],[94.3281,22.1033],[94.3447,22.1153],[94.3819,22.093],[94.3975,22.1038],[94.3944,22.0464],[94.4132,22.0376],[94.4007,22.0228],[94.4134,21.9372],[94.4026,21.9197],[94.4209,21.8859],[94.4405,21.9668],[94.4182,21.9931],[94.4476,22.0022],[94.4587,22.0564],[94.4346,22.0819],[94.4488,22.1083],[94.4262,22.1509],[94.4405,22.1681],[94.4119,22.3321],[94.3944,22.3291],[94.4055,22.2778]],[[94.7521,18.5402],[94.7106,18.5385],[94.7476,18.521],[94.7181,18.4638],[94.7567,18.4459],[94.7532,18.4199],[94.7731,18.4205],[94.7947,18.3518],[94.8394,18.338],[94.8364,18.3102],[94.8738,18.2613],[94.8531,18.2552],[94.8443,18.2206],[94.8542,18.2023],[94.8724,18.2038],[94.8732,18.1706],[94.8322,18.1826],[94.8207,18.153],[94.8143,18.1959],[94.795,18.2043],[94.8222,18.2116],[94.8064,18.2375],[94.787,18.2371],[94.7625,18.2722],[94.7448,18.2375],[94.7631,18.2293],[94.7531,18.2012],[94.7889,18.1789],[94.7611,18.1563],[94.768,18.1378],[94.7803,18.1467],[94.853,18.1157],[94.8605,18.0796],[94.8729,18.0774],[94.8617,18.0597],[94.8356,18.0715],[94.8289,18.0194],[94.8029,18.0305],[94.8129,17.9937],[94.7753,18.0078],[94.8055,17.9731],[94.7951,17.9522],[94.8213,17.9718],[94.8541,17.919],[94.8347,17.9866],[94.8742,17.9847],[94.8448,18.0055],[94.8711,18.0303],[94.9057,18.0195],[94.919,18.0814],[94.9299,18.0889],[94.9458,18.0692],[94.9557,18.0849],[94.8846,18.1252],[94.9023,18.1476],[94.939,18.153],[94.9201,18.1708],[94.9476,18.2042],[94.8946,18.2111],[94.8864,18.2639],[94.9236,18.2955],[94.9013,18.295],[94.8879,18.3223],[94.8681,18.3199],[94.804,18.3853],[94.788,18.4307],[94.7447,18.4778],[94.7805,18.5454],[94.773,18.5634],[94.7521,18.5402]],[[97.7437,18.563],[97.7798,18.529],[97.7697,18.5044],[97.7819,18.488],[97.7594,18.4549],[97.7881,18.4729],[97.7847,18.4472],[97.8114,18.3929],[97.8223,18.4391],[97.7952,18.4442],[97.7942,18.4613],[97.8154,18.4639],[97.8029,18.4875],[97.814,18.5222],[97.7849,18.5499],[97.7978,18.5546],[97.8138,18.6196],[97.8016,18.6334],[97.8134,18.6467],[97.7927,18.6572],[97.7942,18.6889],[97.8223,18.7042],[97.778,18.7267],[97.8073,18.7527],[97.7703,18.7619],[97.7599,18.7903],[97.7831,18.8292],[97.7614,18.8454],[97.7891,18.8633],[97.7347,18.9018],[97.747,18.9222],[97.7978,18.8854],[97.8032,18.9372],[97.8226,18.962],[97.7781,18.9819],[97.7536,18.9769],[97.737,18.9975],[97.698,18.9537],[97.6832,18.9656],[97.6688,18.9563],[97.6607,18.9363],[97.6799,18.9117],[97.6355,18.8956],[97.6975,18.8791],[97.676,18.8334],[97.7029,18.8021],[97.703,18.8557],[97.7318,18.8531],[97.7195,18.8361],[97.7382,18.8124],[97.7202,18.8051],[97.7297,18.796],[97.7106,18.7629],[97.7293,18.7644],[97.7393,18.746],[97.7105,18.7029],[97.7472,18.6887],[97.7574,18.6648],[97.7436,18.6528],[97.7385,18.6806],[97.7191,18.6813],[97.6926,18.6166],[97.7365,18.6477],[97.7548,18.6387],[97.7362,18.5956],[97.7437,18.563]],[[96.5127,19.5226],[96.5052,19.4949],[96.4774,19.4805],[96.4893,19.4356],[96.4439,19.403],[96.4984,19.3213],[96.486,19.3017],[96.5131,19.288],[96.512,19.2698],[96.5553,19.2556],[96.5372,19.2476],[96.547,19.2281],[96.519,19.2043],[96.546,19.2061],[96.5448,19.1781],[96.5654,19.1778],[96.5515,19.1127],[96.5887,19.1196],[96.6048,19.1968],[96.6494,19.1515],[96.6554,19.0377],[96.6434,19.0209],[96.6803,19.0305],[96.7199,19.0014],[96.7069,19.0859],[96.6096,19.2474],[96.6302,19.2601],[96.6291,19.2815],[96.6566,19.2878],[96.6568,19.3296],[96.5951,19.3524],[96.6132,19.3723],[96.5871,19.3809],[96.5894,19.3624],[96.5713,19.353],[96.5284,19.3784],[96.5559,19.3956],[96.528,19.4033],[96.5403,19.428],[96.5111,19.4791],[96.5472,19.4789],[96.5127,19.5226]],[[94.6644,26.5135],[94.5708,26.4],[94.5191,26.4312],[94.4926,26.4016],[94.5217,26.3726],[94.5151,26.3619],[94.4515,26.3889],[94.4347,26.3723],[94.4642,26.3542],[94.4388,26.3111],[94.403,26.3395],[94.3811,26.3023],[94.3455,26.2983],[94.311,26.2719],[94.3181,26.2445],[94.365,26.2459],[94.3503,26.2141],[94.3589,26.1951],[94.3981,26.2045],[94.3777,26.161],[94.4292,26.1751],[94.4439,26.231],[94.4816,26.2279],[94.5459,26.2687],[94.553,26.297],[94.6887,26.418],[94.689,26.4471],[94.6591,26.4421],[94.674,26.4903],[94.6644,26.5135]],[[96.163,25.6273],[96.1991,25.7166],[96.1838,25.7542],[96.1975,25.8138],[96.1758,25.8432],[96.2136,25.8537],[96.2152,25.9048],[96.1969,25.924],[96.1707,25.8851],[96.1448,25.8926],[96.1483,25.9298],[96.1187,25.9457],[96.1016,25.9902],[96.1158,26.0447],[96.0821,26.0803],[96.0452,26.0575],[96.0555,26.0292],[96.0317,26.0175],[96.0054,26.0807],[95.9805,26.0903],[95.9709,26.0688],[95.9276,26.0553],[95.9262,26.0373],[96.0051,25.9822],[96.0261,25.9197],[96.0649,25.9209],[96.0527,25.8767],[96.1076,25.8433],[96.0765,25.8213],[96.091,25.7606],[96.0693,25.7452],[96.1308,25.7221],[96.1098,25.6703],[96.163,25.6273]],[[96.6638,21.6969],[96.6563,21.6774],[96.6213,21.6807],[96.6033,21.6641],[96.631,21.6462],[96.6135,21.6271],[96.5624,21.6397],[96.546,21.6104],[96.4619,21.5575],[96.4614,21.4529],[96.4802,21.453],[96.497,21.4782],[96.4781,21.4954],[96.5056,21.5362],[96.4958,21.5552],[96.555,21.5552],[96.5193,21.5231],[96.5292,21.5025],[96.5625,21.53],[96.5884,21.511],[96.6055,21.5486],[96.6227,21.5284],[96.6405,21.5554],[96.6324,21.572],[96.6082,21.5597],[96.577,21.5706],[96.6195,21.6134],[96.638,21.6023],[96.6358,21.6206],[96.6565,21.6304],[96.653,21.6554],[96.6973,21.6901],[96.7134,21.6697],[96.7801,21.7051],[96.728,21.628],[96.7614,21.6318],[96.7789,21.6187],[96.8116,21.6109],[96.8141,21.6386],[96.7608,21.654],[96.8306,21.6527],[96.8415,21.7104],[96.8284,21.7297],[96.8443,21.7388],[96.9019,21.6615],[96.9611,21.6767],[96.9709,21.6967],[96.9967,21.6797],[96.9775,21.6625],[96.9717,21.6265],[97.0054,21.6363],[97.0046,21.6651],[97.0395,21.6701],[97.0029,21.6947],[97.0159,21.726],[96.9848,21.7707],[96.9969,21.7969],[96.9735,21.8037],[96.9658,21.8837],[96.9474,21.913],[96.8846,21.941],[96.8364,21.9279],[96.8052,21.956],[96.8033,21.8951],[96.8229,21.8877],[96.8335,21.86],[96.8301,21.8368],[96.8125,21.8559],[96.8097,21.8375],[96.8342,21.8037],[96.8635,21.799],[96.8602,21.772],[96.8797,21.7448],[96.8448,21.7531],[96.8041,21.7895],[96.771,21.7526],[96.7715,21.7894],[96.7515,21.807],[96.7294,21.7944],[96.7181,21.8323],[96.679,21.811],[96.6539,21.8318],[96.5843,21.7761],[96.5361,21.7804],[96.5553,21.7525],[96.6126,21.7807],[96.6359,21.7606],[96.6464,21.7599],[96.6545,21.7808],[96.6794,21.7898],[96.6804,21.7447],[96.644,21.7137],[96.6638,21.6969]],[[92.1,25.875],[92.1056,25.8528],[92.0558,25.8252],[92.0028,25.8653],[91.9522,25.8645],[91.935,25.8464],[91.9409,25.8155],[91.9227,25.7773],[91.8282,25.7013],[91.7288,25.7418],[91.6722,25.7092],[91.565,25.7573],[91.5138,25.7279],[91.4675,25.7302],[91.4654,25.6675],[91.4194,25.7321],[91.3817,25.7262],[91.3398,25.7417],[91.2649,25.726],[91.2393,25.756],[91.2041,25.7644],[91.1596,25.734],[91.0458,25.7313],[90.9897,25.629],[90.9607,25.6309],[90.9343,25.5968],[90.9467,25.5861],[90.9469,25.6053],[90.9724,25.5869],[90.9594,25.5651],[90.9779,25.5358],[91.0054,25.5362],[91.0224,25.5801],[91.0532,25.5095],[91.0898,25.4958],[91.0864,25.4512],[91.1387,25.4303],[91.2274,25.3023],[91.2728,25.2939],[91.295,25.3408],[91.3221,25.3475],[91.3307,25.2791],[91.2942,25.2479],[91.3068,25.2338],[91.3308,25.2355],[91.387,25.2901],[91.4418,25.2918],[91.4734,25.2762],[91.5218,25.2801],[91.462,25.2559],[91.4634,25.2432],[91.5847,25.2257],[91.5952,25.2714],[91.6379,25.3224],[91.6573,25.2934],[91.6447,25.2509],[91.6797,25.2568],[91.6958,25.227],[91.7447,25.2092],[91.7652,25.2288],[91.7611,25.2626],[91.7773,25.2895],[91.8222,25.2943],[91.8267,25.3466],[91.8458,25.3584],[91.8651,25.3465],[91.8744,25.2987],[91.8284,25.2255],[91.9365,25.2343],[91.9811,25.2864],[91.9332,25.3358],[91.9709,25.3887],[92.0204,25.3191],[92.081,25.3325],[92.1123,25.311],[92.1305,25.3293],[92.1056,25.2945],[92.0505,25.2996],[92.0181,25.2815],[92.0106,25.2697],[92.0324,25.2423],[92.0598,25.2568],[92.0821,25.234],[92.1933,25.2343],[92.1972,25.2553],[92.1611,25.2549],[92.2084,25.2903],[92.2177,25.2448],[92.2764,25.2576],[92.2891,25.2378],[92.2697,25.2279],[92.2824,25.2254],[92.3386,25.257],[92.3713,25.2433],[92.4108,25.2811],[92.4304,25.2695],[92.471,25.2969],[92.4888,25.2544],[92.4609,25.2444],[92.4803,25.2372],[92.4849,25.2112],[92.5038,25.2315],[92.5645,25.2476],[92.5692,25.2209],[92.5887,25.2121],[92.5696,25.1864],[92.6054,25.1792],[92.5443,25.1448],[92.5972,25.1469],[92.6046,25.1267],[92.6387,25.1213],[92.6326,25.1119],[92.5374,25.1027],[92.4574,25.1247],[92.4342,25.1183],[92.5217,25.0968],[92.5293,25.0777],[92.6041,25.0971],[92.697,25.0859],[92.7569,25.1152],[92.7781,25.1015],[92.7785,25.1298],[92.8208,25.1389],[92.9811,25.1286],[92.9904,25.1597],[92.9649,25.2141],[92.9472,25.1527],[92.9309,25.2051],[92.9122,25.1862],[92.8941,25.2023],[92.8885,25.239],[92.8591,25.197],[92.8653,25.2361],[92.8446,25.2377],[92.8657,25.2777],[92.8451,25.2697],[92.8281,25.296],[92.8725,25.3125],[92.8363,25.321],[92.8362,25.3456],[92.8559,25.347],[92.8199,25.396],[92.8457,25.4149],[92.8126,25.4309],[92.7805,25.4177],[92.7361,25.4475],[92.6941,25.4135],[92.7049,25.3946],[92.722,25.4211],[92.7126,25.3767],[92.6747,25.3989],[92.6294,25.3778],[92.6303,25.3982],[92.6031,25.4031],[92.5993,25.4297],[92.5864,25.4199],[92.5438,25.4374],[92.5446,25.4789],[92.5805,25.4945],[92.5978,25.5289],[92.5616,25.5286],[92.5804,25.5467],[92.5514,25.5781],[92.5804,25.5863],[92.5767,25.6128],[92.5976,25.6391],[92.5362,25.6655],[92.494,25.6636],[92.5228,25.6792],[92.5183,25.7054],[92.5399,25.6862],[92.5637,25.6945],[92.5796,25.7233],[92.5615,25.7309],[92.5304,25.711],[92.5216,25.7299],[92.5119,25.7205],[92.4945,25.7461],[92.4972,25.7888],[92.4657,25.7842],[92.4482,25.8137],[92.4201,25.8107],[92.4295,25.839],[92.4051,25.803],[92.3793,25.8143],[92.3356,25.796],[92.3704,25.7858],[92.3767,25.8055],[92.398,25.7977],[92.3873,25.7527],[92.3635,25.7653],[92.2957,25.7275],[92.294,25.7473],[92.314,25.7629],[92.2976,25.7657],[92.2272,25.7294],[92.2474,25.717],[92.2812,25.7311],[92.2973,25.7129],[92.2794,25.6938],[92.22,25.7033],[92.2125,25.7221],[92.1868,25.7015],[92.1842,25.73],[92.2476,25.7525],[92.3053,25.8019],[92.3132,25.8311],[92.2866,25.8301],[92.2789,25.8116],[92.2804,25.8471],[92.2515,25.8468],[92.2818,25.8959],[92.2375,25.8525],[92.2203,25.8535],[92.2091,25.8801],[92.206,25.844],[92.1829,25.8253],[92.1446,25.8446],[92.1471,25.8965],[92.1275,25.8953],[92.111,25.9237],[92.0863,25.9047],[92.0781,25.8603],[92.1,25.875]]],[[[98.0,14.354],[97.9747,14.4166],[98.0,14.4538],[98.0,14.354]]],[[[97.9984,14.5273],[97.9698,14.4525],[97.9483,14.5463],[97.9099,14.5788],[97.9191,14.6042],[97.943,14.593],[97.9704,14.615],[97.9878,14.6029],[98.0,14.612],[97.9984,14.5273]]],[[[97.9992,14.7721],[97.9782,14.8113],[97.9891,14.8547],[97.9709,14.8522],[97.9515,14.8788],[97.9428,14.9014],[97.9558,14.9055],[97.9296,14.9739],[97.9095,14.9781],[97.9244,14.9561],[97.9145,14.8939],[97.8523,14.8638],[97.8823,14.8183],[97.8666,14.7794],[97.8888,14.7293],[97.8716,14.7116],[97.828,14.7531],[97.8319,14.8112],[97.8116,14.8196],[97.7947,14.8714],[97.8137,14.8874],[97.7945,14.9135],[97.8307,14.9537],[97.8352,15.0029],[97.8553,15.01],[97.8435,15.0288],[97.8643,15.0368],[97.8509,15.0407],[97.8554,15.0718],[97.8268,15.0767],[97.8186,15.1025],[97.8468,15.1199],[97.8522,15.1415],[97.9197,15.0856],[97.9125,15.1224],[97.955,15.1104],[97.91,15.1454],[97.9006,15.2162],[97.9217,15.2285],[97.9204,15.2474],[97.9631,15.2276],[97.9791,15.2346],[97.9691,15.2638],[97.9916,15.2826],[97.9992,14.7721]],[[97.9665,15.157],[97.9586,15.1511],[97.9667,15.15],[97.9665,15.157]],[[97.942,15.1657],[97.95,15.1583],[97.9489,15.1664],[97.942,15.1657]],[[97.9167,15.2],[97.9094,15.208],[97.9089,15.2007],[97.9167,15.2]],[[97.9,15.075],[97.8842,15.0823],[97.8841,15.0761],[97.9,15.075]],[[97.9327,14.9947],[97.9397,15.0144],[97.913,15.0321],[97.9028,14.9955],[97.9327,14.9947]]],[[[98.0,15.6665],[98.0,15.3741],[97.9688,15.3702],[97.9969,15.3634],[98.0,15.3171],[97.9724,15.3329],[97.9613,15.3294],[97.9709,15.3113],[97.9362,15.3194],[97.9311,15.371],[97.9012,15.3817],[97.9239,15.4408],[97.9031,15.4873],[97.9223,15.487],[97.9484,15.578],[97.9282,15.5879],[97.9336,15.6121],[97.9119,15.6119],[97.906,15.6468],[97.8841,15.6088],[97.8726,15.6381],[97.8546,15.6196],[97.8271,15.661],[97.8572,15.7433],[97.8115,15.7763],[97.8109,15.8057],[97.8218,15.8222],[97.8297,15.7934],[97.8572,15.7945],[97.8137,15.8795],[97.8015,15.8806],[97.8139,15.9305],[97.7873,15.9266],[97.761,15.9457],[97.7611,16.0042],[97.7882,15.9941],[97.777,16.0209],[97.8132,16.0274],[97.7947,16.0455],[97.8224,16.0543],[97.7778,16.0616],[97.7966,16.106],[97.7635,16.0775],[97.7529,16.0943],[97.7892,16.1363],[97.7719,16.2489],[97.8267,16.1461],[97.8572,16.1349],[97.8446,16.1128],[97.8745,16.0326],[97.8766,15.9475],[97.8988,15.9182],[97.8865,15.9041],[97.8969,15.8044],[97.8777,15.7768],[98.0,15.6665]],[[97.7996,16.0741],[97.792,16.0678],[97.8,16.0667],[97.7996,16.0741]]],[[[98.0,19.9708],[97.9946,19.9873],[98.0,19.9916],[98.0,19.9708]]],[[[94.0077,24.9263],[93.999,24.8755],[94.031,24.8959],[94.0462,24.939],[94.0637,24.9222],[94.0624,24.8768],[94.1225,24.9044],[94.0799,24.8284],[94.0605,24.8546],[94.0539,24.8109],[94.0309,24.8551],[94.0101,24.8462],[93.9929,24.7582],[94.0151,24.7202],[94.0001,24.7011],[93.9858,24.7215],[93.967,24.6889],[93.9776,24.6765],[93.9908,24.6966],[94.0145,24.6532],[94.0114,24.6967],[94.0428,24.7466],[94.0718,24.7634],[94.0594,24.6978],[94.106,24.688],[94.0775,24.6643],[94.0607,24.604],[94.0883,24.6468],[94.1056,24.6211],[94.1054,24.5626],[94.0795,24.5561],[94.0719,24.5281],[94.0195,24.4967],[94.0283,24.4526],[94.0462,24.472],[94.0708,24.4613],[94.0126,24.419],[94.006,24.4562],[93.9858,24.4538],[93.9721,24.4822],[93.9637,24.4362],[93.9198,24.4064],[93.8917,24.2788],[93.9075,24.2338],[93.8858,24.2381],[93.8719,24.1928],[93.8526,24.2042],[93.8737,24.2783],[93.84,24.354],[93.8121,24.3434],[93.7778,24.3782],[93.823,24.3873],[93.7954,24.4009],[93.7946,24.4236],[93.7647,24.3997],[93.7183,24.4222],[93.7389,24.4293],[93.7279,24.4456],[93.7413,24.469],[93.7431,24.5699],[93.7722,24.6183],[93.7678,24.6696],[93.8225,24.8111],[93.8095,24.8275],[93.8475,24.846],[93.8283,24.8814],[93.8651,24.9019],[93.879,24.931],[93.8764,24.8882],[93.8895,24.87],[93.8929,24.9276],[93.9075,24.9205],[93.921,24.947],[93.9272,24.9023],[93.9708,24.8608],[93.9724,24.8878],[93.9531,24.9112],[93.9614,24.9291],[93.9885,24.9196],[93.9932,24.9487],[94.0077,24.9263]],[[93.8579,24.8824],[93.8503,24.8761],[93.8583,24.875],[93.8579,24.8824]],[[93.975,24.5333],[93.9827,24.5256],[93.9828,24.5326],[93.975,24.5333]],[[93.9667,24.5167],[93.9744,24.509],[93.9745,24.516],[93.9667,24.5167]],[[93.8587,24.8323],[93.8667,24.825],[93.8656,24.8331],[93.8587,24.8323]],[[93.9667,24.5667],[93.9744,24.559],[93.9745,24.566],[93.9667,24.5667]],[[93.9667,24.5],[93.9744,24.4923],[93.9745,24.4993],[93.9667,24.5]],[[93.9673,24.5494],[93.975,24.5417],[93.9743,24.5495],[93.9673,24.5494]],[[93.8833,24.775],[93.891,24.7673],[93.8911,24.7743],[93.8833,24.775]],[[93.9667,24.8333],[93.974,24.8254],[93.9747,24.8322],[93.9667,24.8333]],[[93.95,24.85],[93.9577,24.8423],[93.9578,24.8493],[93.95,24.85]],[[93.8173,24.516],[93.825,24.5083],[93.8243,24.5161],[93.8173,24.516]],[[93.7417,24.45],[93.7494,24.4423],[93.7495,24.4493],[93.7417,24.45]],[[93.9833,24.55],[93.991,24.5423],[93.9911,24.5493],[93.9833,24.55]],[[93.8167,24.7],[93.8244,24.6923],[93.8245,24.6993],[93.8167,24.7]],[[93.8417,24.6833],[93.8494,24.6756],[93.8495,24.6826],[93.8417,24.6833]],[[93.9583,24.6667],[93.966,24.659],[93.9661,24.666],[93.9583,24.6667]],[[93.9154,24.8682],[93.9013,24.8644],[93.9014,24.8594],[93.9154,24.8682]],[[93.8902,24.4237],[93.8846,24.4189],[93.8989,24.4097],[93.8902,24.4237]],[[93.8754,24.339],[93.883,24.3272],[93.8812,24.3415],[93.8754,24.339]],[[93.8271,24.533],[93.8417,24.525],[93.8412,24.5315],[93.8271,24.533]],[[93.9319,24.7484],[93.9177,24.7376],[93.9191,24.726],[93.9319,24.7484]],[[93.8623,24.4146],[93.8522,24.4037],[93.875,24.4],[93.8726,24.3855],[93.881,24.3969],[93.8623,24.4146]],[[93.8861,24.8425],[93.8803,24.8177],[93.948,24.8287],[93.9179,24.8494],[93.8861,24.8425]]],[[[95.3103,18.7519],[95.3249,18.6854],[95.311,18.578],[95.3412,18.464],[95.3335,18.384],[95.2333,18.5083],[95.2394,18.5306],[95.2159,18.5088],[95.1863,18.5208],[95.214,18.5695],[95.2034,18.6136],[95.2311,18.5893],[95.2425,18.5533],[95.2573,18.5717],[95.2503,18.6559],[95.2721,18.6709],[95.2525,18.6959],[95.2807,18.7127],[95.2534,18.7113],[95.2347,18.7305],[95.2439,18.7475],[95.2655,18.7471],[95.2534,18.7992],[95.2717,18.7995],[95.3103,18.7519]],[[95.259,18.6494],[95.2667,18.6417],[95.266,18.6495],[95.259,18.6494]],[[95.284,18.5994],[95.2917,18.5917],[95.291,18.5995],[95.284,18.5994]],[[95.3,18.6],[95.3077,18.5923],[95.3078,18.5993],[95.3,18.6]],[[95.2673,18.7327],[95.275,18.725],[95.2743,18.7328],[95.2673,18.7327]]],[[[97.4917,17.5583],[97.5374,17.5359],[97.5548,17.5637],[97.5735,17.5196],[97.5614,17.503],[97.5878,17.5061],[97.5969,17.4889],[97.5847,17.4737],[97.599,17.4476],[97.5851,17.4537],[97.5763,17.4152],[97.6139,17.3791],[97.5779,17.3888],[97.5981,17.3714],[97.5995,17.3338],[97.572,17.3026],[97.529,17.3482],[97.5009,17.3392],[97.5033,17.363],[97.5311,17.369],[97.5468,17.3894],[97.5033,17.3784],[97.5162,17.4079],[97.4971,17.4311],[97.5065,17.3957],[97.4781,17.4029],[97.4892,17.4797],[97.4688,17.4793],[97.45,17.5438],[97.486,17.5812],[97.5043,17.5811],[97.4917,17.5583]],[[97.5506,17.541],[97.5583,17.5333],[97.5576,17.5411],[97.5506,17.541]],[[97.5658,17.4829],[97.5595,17.4753],[97.5663,17.476],[97.5658,17.4829]],[[97.4833,17.5],[97.491,17.4923],[97.4911,17.4993],[97.4833,17.5]],[[97.5241,17.5246],[97.5178,17.5169],[97.5247,17.5177],[97.5241,17.5246]],[[97.5667,17.4667],[97.5744,17.459],[97.5745,17.466],[97.5667,17.4667]],[[97.467,17.539],[97.4747,17.5272],[97.4729,17.5415],[97.467,17.539]]],[[[97.908,23.9499],[97.862,23.9485],[97.7274,23.8559],[97.6976,23.8191],[97.6295,23.7849],[97.6096,23.8074],[97.5195,23.8124],[97.5564,23.829],[97.5808,23.9073],[97.6408,23.881],[97.6497,23.8452],[97.6582,23.8673],[97.716,23.8744],[97.737,23.9094],[97.7655,23.9149],[97.7952,23.9477],[97.8546,23.9536],[97.8595,23.976],[97.8881,23.9879],[97.8853,24.0103],[97.9129,24.0153],[97.9,23.9875],[97.908,23.9499]]],[[[91.3497,23.4546],[91.3457,23.4432],[91.3653,23.4263],[91.345,23.4223],[91.3521,23.4106],[91.3725,23.4105],[91.3947,23.4404],[91.4031,23.3947],[91.4711,23.3905],[91.4975,23.3467],[91.469,23.355],[91.4626,23.3114],[91.4525,23.3384],[91.4457,23.2943],[91.417,23.3092],[91.4205,23.3305],[91.4386,23.3111],[91.4391,23.3379],[91.4216,23.3555],[91.4102,23.3487],[91.3682,23.2264],[91.3448,23.2795],[91.3506,23.3178],[91.3823,23.3201],[91.3902,23.3371],[91.3777,23.3278],[91.3694,23.3398],[91.3975,23.3554],[91.3783,23.3805],[91.3431,23.3294],[91.3641,23.3724],[91.3287,23.3783],[91.3391,23.4045],[91.3197,23.4118],[91.3358,23.4562],[91.3497,23.4546]],[[91.4574,23.3579],[91.4511,23.3503],[91.458,23.351],[91.4574,23.3579]],[[91.4078,23.3818],[91.4011,23.3674],[91.4073,23.3675],[91.4078,23.3818]]],[[[93.7952,19.0684],[93.8389,19.0552],[93.8276,19.0455],[93.8355,19.0285],[93.8553,19.0386],[93.871,19.0195],[93.8711,19.0399],[93.8917,19.0264],[93.9111,19.0394],[93.9299,19.0201],[93.8936,19.0037],[93.938,18.9983],[93.9573,18.9775],[93.8701,18.9813],[93.8939,18.929],[93.9135,18.9207],[93.8945,18.9012],[93.8267,18.9435],[93.822,18.9806],[93.7926,18.9718],[93.7866,18.9908],[93.8307,19.0117],[93.8129,19.0409],[93.7879,19.0402],[93.7864,19.0196],[93.7444,19.0709],[93.7792,19.0885],[93.7952,19.0684]]],[[[97.4754,16.7418],[97.4958,16.7267],[97.5224,16.7215],[97.5023,16.7121],[97.5186,16.6621],[97.5358,16.6285],[97.5727,16.6143],[97.5802,16.5776],[97.5288,16.6141],[97.4928,16.5922],[97.469,16.6022],[97.4168,16.7397],[97.4376,16.7487],[97.4708,16.7187],[97.4754,16.7418]],[[97.4583,16.6917],[97.466,16.684],[97.4661,16.691],[97.4583,16.6917]]],[[[95.1155,18.5035],[95.1026,18.4774],[95.113,18.4696],[95.1315,18.4874],[95.1502,18.4353],[95.1365,18.3946],[95.1727,18.3643],[95.1792,18.3111],[95.1376,18.3477],[95.1031,18.3446],[95.0606,18.3778],[95.0829,18.434],[95.0769,18.486],[95.0882,18.4782],[95.1009,18.5052],[95.1155,18.5035]],[[95.0917,18.4333],[95.0994,18.4256],[95.0995,18.4326],[95.0917,18.4333]]],[[[95.8041,28.5222],[95.8555,28.5127],[95.8336,28.4978],[95.8565,28.463],[95.8521,28.4373],[95.9546,28.3799],[95.9447,28.3708],[95.9552,28.3444],[95.9175,28.3623],[95.8795,28.4151],[95.8469,28.4233],[95.8069,28.3927],[95.7694,28.4285],[95.8393,28.4386],[95.8304,28.4635],[95.7358,28.5376],[95.8031,28.5025],[95.8041,28.5222]]],[[[93.2014,23.8056],[93.2249,23.7959],[93.2027,23.7698],[93.2472,23.7387],[93.2097,23.729],[93.2545,23.6947],[93.2028,23.7029],[93.1798,23.7725],[93.1636,23.7277],[93.1363,23.7544],[93.1368,23.773],[93.1558,23.7795],[93.1437,23.806],[93.1877,23.8271],[93.204,23.8561],[93.2135,23.821],[93.2014,23.8056]]],[[[93.5002,19.8537],[93.4994,19.8343],[93.4607,19.8376],[93.477,19.8041],[93.5054,19.789],[93.4864,19.7613],[93.4514,19.7805],[93.4322,19.8863],[93.4095,19.9218],[93.4196,19.9465],[93.4314,19.9501],[93.4524,19.9024],[93.5002,19.8537]]],[[[95.225,18.05],[95.2093,18.0577],[95.1989,18.1364],[95.169,18.1773],[95.1596,18.2223],[95.1903,18.249],[95.2484,18.1014],[95.225,18.05]],[[95.1829,18.2158],[95.1753,18.2094],[95.1833,18.2083],[95.1829,18.2158]]],[[[92.2167,21.3333],[92.219,21.3024],[92.2968,21.197],[92.2859,21.1612],[92.3079,21.146],[92.2931,21.1356],[92.2944,21.1102],[92.2768,21.1201],[92.2726,21.1642],[92.212,21.2421],[92.1968,21.3166],[92.2167,21.3333]]],[[[92.274,24.7118],[92.2607,24.696],[92.2806,24.6853],[92.2292,24.5365],[92.2085,24.5522],[92.218,24.6279],[92.2408,24.7041],[92.2555,24.7111],[92.2486,24.7274],[92.274,24.7118]],[[92.2572,24.6736],[92.2429,24.6644],[92.2431,24.6594],[92.2572,24.6736]],[[92.2181,24.5666],[92.2321,24.5619],[92.2303,24.5983],[92.2261,24.5956],[92.2181,24.5666]]],[[[93.3321,20.2532],[93.3562,20.2362],[93.343,20.2053],[93.3614,20.1614],[93.3893,20.1394],[93.3886,20.0946],[93.3523,20.1021],[93.3434,20.1299],[93.365,20.1375],[93.3219,20.23],[93.2866,20.2541],[93.3207,20.2807],[93.3321,20.2532]],[[93.3083,20.25],[93.316,20.2423],[93.3161,20.2493],[93.3083,20.25]],[[93.3667,20.1167],[93.3744,20.109],[93.3745,20.116],[93.3667,20.1167]]],[[[92.3917,24.4833],[92.3885,24.4289],[92.3724,24.4261],[92.372,24.4567],[92.3443,24.4706],[92.3571,24.5],[92.3451,24.5375],[92.3918,24.6327],[92.3994,24.616],[92.3748,24.5271],[92.3917,24.4833]],[[92.3747,24.4822],[92.3671,24.4759],[92.374,24.4754],[92.3747,24.4822]]],[[[96.3917,17.375],[96.3705,17.335],[96.3477,17.3643],[96.3187,17.3598],[96.2887,17.406],[96.2811,17.3775],[96.2599,17.4204],[96.2898,17.4388],[96.3229,17.4209],[96.3291,17.3769],[96.3708,17.3683],[96.3706,17.3972],[96.3917,17.375]]],[[[97.874,16.9054],[97.8202,16.9035],[97.7766,16.9628],[97.825,16.9667],[97.874,16.9054]]],[[[96.5667,28.0833],[96.5794,28.0515],[96.5219,28.0738],[96.4607,28.0475],[96.4432,28.0209],[96.4443,28.0554],[96.5236,28.0953],[96.5331,28.1227],[96.5113,28.162],[96.5193,28.1721],[96.5405,28.1364],[96.5434,28.0871],[96.5667,28.0833]]],[[[97.375,17.0333],[97.4077,16.9342],[97.393,16.9093],[97.3762,16.9302],[97.3459,17.0973],[97.3652,17.0798],[97.375,17.0333]]],[[[96.9115,22.5462],[96.9548,22.5465],[96.972,22.5196],[96.9638,22.4864],[96.9363,22.4804],[96.9171,22.4499],[96.9026,22.4613],[96.9168,22.4833],[96.9026,22.5126],[96.9305,22.5113],[96.9115,22.5462]]],[[[93.7358,19.2054],[93.7947,19.1778],[93.8049,19.1879],[93.8315,19.1625],[93.7923,19.1505],[93.7673,19.1748],[93.7632,19.1536],[93.7182,19.1452],[93.7105,19.1641],[93.747,19.1866],[93.7358,19.2054]]],[[[97.7612,15.2632],[97.7899,15.2371],[97.7879,15.2186],[97.7347,15.2632],[97.7568,15.3411],[97.7823,15.2779],[97.7612,15.2632]]],[[[97.9418,14.6421],[97.9345,14.6921],[97.9452,14.7056],[97.9727,14.6875],[98.0,14.6258],[97.9418,14.6421]]],[[[92.9417,20.0417],[93.0202,19.9175],[93.0292,19.8277],[93.015,19.9046],[92.9417,20.0417]]],[[[97.6671,23.0415],[97.6687,23.0792],[97.7032,23.1308],[97.7208,23.1317],[97.7314,23.0874],[97.6872,23.0732],[97.6671,23.0415]]],[[[93.7324,23.7084],[93.7041,23.6363],[93.6571,23.6412],[93.6333,23.625],[93.6426,23.647],[93.6876,23.652],[93.7059,23.6775],[93.7082,23.741],[93.7324,23.7084]]],[[[97.7167,16.7417],[97.6732,16.8122],[97.6522,16.8298],[97.7136,16.8156],[97.7167,16.7417]]],[[[97.475,17.1667],[97.4792,17.1434],[97.4977,17.1539],[97.4964,17.1272],[97.4374,17.1353],[97.4192,17.1712],[97.475,17.1667]]],[[[97.9287,15.3187],[97.9641,15.2877],[97.8958,15.2609],[97.9227,15.2878],[97.8867,15.3049],[97.9287,15.3187]]],[[[97.6013,17.2728],[97.6152,17.2762],[97.6209,17.2026],[97.5849,17.2288],[97.5975,17.2379],[97.5949,17.2972],[97.6013,17.2728]]],[[[93.9584,23.7012],[93.9539,23.7472],[93.9885,23.7122],[93.996,23.6516],[93.9705,23.6517],[93.9887,23.6633],[93.9584,23.7012]]],[[[93.9698,19.6058],[94.0143,19.5714],[94.0041,19.5444],[93.9592,19.572],[93.9698,19.6058]]],[[[97.7365,23.4488],[97.6995,23.3415],[97.6886,23.3639],[97.6681,23.3681],[97.7365,23.4488]]],[[[93.1083,19.8833],[93.0614,19.9531],[93.0636,19.9984],[93.1133,19.8978],[93.1083,19.8833]]],[[[91.3355,23.8143],[91.3889,23.7823],[91.3817,23.761],[91.3537,23.769],[91.3568,23.7885],[91.3455,23.7778],[91.3284,23.7867],[91.3355,23.8143]]],[[[92.1487,25.8159],[92.1667,25.7768],[92.1544,25.7606],[92.103,25.7959],[92.1487,25.8159]],[[92.1417,25.8],[92.1494,25.7923],[92.1495,25.7993],[92.1417,25.8]]],[[[94.059,28.1256],[94.0963,28.1227],[94.0985,28.1057],[94.0443,28.1033],[94.0316,28.146],[93.9949,28.1625],[94.0377,28.1565],[94.059,28.1256]]],[[[95.2751,21.5004],[95.2525,21.5282],[95.2639,21.5408],[95.2958,21.5398],[95.3223,21.5124],[95.2751,21.5004]],[[95.2917,21.525],[95.2684,21.5324],[95.2672,21.5272],[95.2917,21.525]]],[[[97.4583,16.8],[97.4697,16.7593],[97.4285,16.7952],[97.4093,16.8551],[97.4583,16.8]]],[[[97.7663,16.2751],[97.7452,16.2696],[97.7188,16.3383],[97.7473,16.3291],[97.7663,16.2751]]],[[[93.0982,24.7474],[93.0779,24.74],[93.0833,24.725],[93.0627,24.7268],[93.0362,24.782],[93.0464,24.7891],[93.0613,24.7613],[93.0982,24.7474]]],[[[97.8838,15.4752],[97.8991,15.4483],[97.8717,15.4259],[97.859,15.4401],[97.861,15.4877],[97.8767,15.4611],[97.8838,15.4752]]],[[[95.8333,28.525],[95.8285,28.573],[95.8622,28.6134],[95.878,28.6068],[95.8444,28.5734],[95.8482,28.5302],[95.8333,28.525]]],[[[93.85,19.3333],[93.8364,19.3282],[93.8564,19.3297],[93.853,19.3096],[93.8187,19.3189],[93.8283,19.3635],[93.85,19.3333]]],[[[97.4417,20.2417],[97.4333,20.2604],[97.4375,20.389],[97.4488,20.3249],[97.4417,20.2417]]],[[[93.9213,19.3945],[93.8862,19.4125],[93.9333,19.4333],[93.9489,19.4149],[93.9213,19.3945]]],[[[97.1244,17.2132],[97.1284,17.1931],[97.0792,17.2028],[97.0768,17.2378],[97.1244,17.2132]]],[[[97.8579,15.5669],[97.8375,15.5434],[97.8183,15.5877],[97.8542,15.5893],[97.8579,15.5669]]],[[[94.7503,20.506],[94.7448,20.4847],[94.7123,20.4774],[94.7012,20.4893],[94.7376,20.5154],[94.7503,20.506]]],[[[95.2329,28.4332],[95.1772,28.4942],[95.1783,28.5302],[95.231,28.4559],[95.2329,28.4332]]],[[[93.8837,19.0416],[93.8637,19.056],[93.8442,19.0635],[93.8978,19.0728],[93.9139,19.0536],[93.8837,19.0416]]],[[[94.756,20.3428],[94.754,20.3262],[94.7098,20.3301],[94.7238,20.3578],[94.756,20.3428]]],[[[92.9125,21.2083],[92.8916,21.2087],[92.8945,21.2812],[92.9071,21.2701],[92.9125,21.2083]]],[[[97.78,16.7953],[97.7525,16.8021],[97.7274,16.8475],[97.7292,16.8607],[97.7715,16.8314],[97.78,16.7953]]],[[[91.7306,26.2041],[91.7113,26.1759],[91.6598,26.1845],[91.7017,26.2026],[91.7306,26.2041]]],[[[93.6153,28.0094],[93.5027,28.0041],[93.6252,28.0162],[93.6153,28.0094]]],[[[97.9999,24.029],[97.9839,24.0253],[97.96,24.0335],[98.0,24.0559],[97.9999,24.029]]],[[[93.1989,22.8726],[93.1851,22.8708],[93.1786,22.8283],[93.1598,22.8793],[93.1989,22.8726]]],[[[94.7661,20.4061],[94.7638,20.3776],[94.7286,20.3755],[94.752,20.4135],[94.7661,20.4061]],[[94.75,20.4],[94.7577,20.3923],[94.7578,20.3993],[94.75,20.4]]],[[[91.2829,23.5166],[91.2365,23.5369],[91.2602,23.564],[91.2813,23.5289],[91.2829,23.5166]]],[[[97.5838,17.0009],[97.5514,17.0219],[97.5625,17.0607],[97.5902,17.0125],[97.5838,17.0009]]],[[[91.2571,23.5666],[91.22,23.5857],[91.2201,23.6135],[91.2648,23.5878],[91.2571,23.5666]]],[[[93.0459,20.0194],[93.0098,20.0536],[93.0035,20.0942],[93.0476,20.0304],[93.0459,20.0194]]],[[[92.8913,20.9249],[92.8766,20.9317],[92.8736,21.0069],[92.8889,20.9963],[92.8913,20.9249]]],[[[92.9225,24.9376],[92.8794,24.919],[92.8529,24.9389],[92.8832,24.9489],[92.9225,24.9376]]],[[[97.6002,15.9921],[97.586,16.0053],[97.6123,16.0306],[97.6323,16.0055],[97.6002,15.9921]]],[[[93.4,20.2833],[93.4015,20.3073],[93.4307,20.2632],[93.423,20.2522],[93.4,20.2833]]],[[[93.5971,25.2788],[93.5696,25.2693],[93.5804,25.2967],[93.5533,25.305],[93.597,25.3141],[93.5971,25.2788]]],[[[93.0743,24.8385],[93.0896,24.8294],[93.05,24.7917],[93.0451,24.8061],[93.0743,24.8385]]],[[[97.9417,22.55],[97.9099,22.5625],[97.9199,22.5968],[97.9479,22.5696],[97.9417,22.55]]],[[[93.4625,21.486],[93.4342,21.5221],[93.4475,21.5493],[93.4669,21.5495],[93.4499,21.5308],[93.4625,21.486]]],[[[91.387,23.7104],[91.3974,23.6949],[91.3781,23.6844],[91.3526,23.7046],[91.387,23.7104]]],[[[93.2068,20.7293],[93.2137,20.6791],[93.1962,20.6693],[93.186,20.6968],[93.1917,20.725],[93.2068,20.7293]]],[[[97.446,17.0363],[97.4265,17.062],[97.4227,17.0813],[97.4564,17.0642],[97.446,17.0363]]],[[[93.8917,19.575],[93.9146,19.5558],[93.9209,19.5274],[93.8776,19.5628],[93.8917,19.575]]],[[[97.7043,17.3194],[97.739,17.3305],[97.7467,17.2948],[97.7043,17.3194]]],[[[93.4329,22.1165],[93.4221,22.1648],[93.403,22.1974],[93.4318,22.1715],[93.4329,22.1165]]],[[[97.1,21.2253],[97.102,21.2549],[97.1219,21.2642],[97.1216,21.2131],[97.1,21.2253]]],[[[97.6788,16.3861],[97.6613,16.4127],[97.6708,16.444],[97.6907,16.4198],[97.6788,16.3861]]],[[[93.4083,23.9417],[93.4053,23.8947],[93.3873,23.8696],[93.3928,23.9348],[93.4083,23.9417]]],[[[94.3957,25.9386],[94.3704,25.9357],[94.3676,25.9448],[94.4033,25.9654],[94.3957,25.9386]]],[[[92.7167,24.7917],[92.7065,24.7612],[92.6959,24.7524],[92.7022,24.8054],[92.7167,24.7917]]],[[[93.7084,22.784],[93.6707,22.7854],[93.6527,22.8137],[93.6638,22.8145],[93.7084,22.784]]],[[[95.2787,21.4804],[95.3295,21.4566],[95.3302,21.4521],[95.3131,21.4443],[95.2774,21.4609],[95.2787,21.4804]]],[[[94.7199,20.4539],[94.7226,20.4169],[94.6939,20.4361],[94.7199,20.4539]]],[[[97.9833,15.7917],[98.0,15.8034],[98.0,15.7704],[97.9971,15.7803],[97.9833,15.7917]]],[[[94.1417,19.025],[94.1741,19.0049],[94.1886,18.9866],[94.1615,18.9859],[94.1417,19.025]]],[[[93.8208,24.3128],[93.8475,24.2883],[93.8378,24.2697],[93.8012,24.3],[93.8208,24.3128]]],[[[92.8255,24.4665],[92.8258,24.5104],[92.8373,24.5225],[92.8473,24.5034],[92.8255,24.4665]]],[[[93.8501,24.1527],[93.8277,24.18],[93.8635,24.1889],[93.8718,24.1617],[93.8501,24.1527]]],[[[93.4417,20.05],[93.4575,20.0433],[93.4712,20.0017],[93.4598,20.0048],[93.4417,20.05]]],[[[94.0417,25.0583],[94.0274,25.0305],[94.0293,24.9862],[94.0172,25.0346],[94.0417,25.0583]]],[[[97.2672,23.0679],[97.2424,23.0949],[97.2377,23.1053],[97.2793,23.082],[97.2672,23.0679]]],[[[97.8167,14.175],[97.8134,14.156],[97.7865,14.1448],[97.795,14.1803],[97.8167,14.175]]],[[[97.9248,13.8444],[97.9128,13.7873],[97.921,13.8556],[97.9248,13.8444]]],[[[97.9058,14.6622],[97.8848,14.6851],[97.9052,14.7052],[97.9058,14.6622]]],[[[93.3754,25.2083],[93.3611,25.2207],[93.4042,25.2559],[93.3894,25.219],[93.3754,25.2083]]],[[[90.4246,26.0305],[90.4006,26.025],[90.4009,26.0454],[90.4199,26.0495],[90.4246,26.0305]]],[[[95.225,17.9833],[95.2019,17.9943],[95.2035,18.0154],[95.2234,18.0137],[95.225,17.9833]]],[[[93.8373,19.8726],[93.8488,19.8387],[93.8381,19.8341],[93.826,19.8531],[93.8373,19.8726]]],[[[92.7082,24.9505],[92.7214,24.9736],[92.7474,24.972],[92.7382,24.952],[92.7082,24.9505]]],[[[97.5254,17.1834],[97.5409,17.168],[97.5293,17.1445],[97.5108,17.1706],[97.5254,17.1834]]],[[[95.0583,18.5917],[95.0441,18.6126],[95.0545,18.6392],[95.0665,18.6234],[95.0583,18.5917]]],[[[96.8833,22.7417],[96.8667,22.7644],[96.8874,22.7892],[96.8903,22.7809],[96.8833,22.7417]]],[[[92.4776,25.6523],[92.4971,25.6451],[92.4578,25.6344],[92.4441,25.6445],[92.4776,25.6523]]],[[[97.5763,23.7583],[97.5721,23.773],[97.6143,23.7803],[97.6054,23.7684],[97.5763,23.7583]]],[[[93.2447,24.1355],[93.231,24.1034],[93.2203,24.1018],[93.2192,24.1218],[93.2447,24.1355]]],[[[97.4157,16.8665],[97.3935,16.8777],[97.3948,16.8971],[97.4226,16.8789],[97.4157,16.8665]]],[[[92.7416,24.6004],[92.7334,24.6208],[92.746,24.664],[92.7499,24.6277],[92.7416,24.6004]]],[[[94.0429,19.4934],[94.0918,19.4913],[94.0665,19.476],[94.0429,19.4934]]],[[[93.4163,20.0249],[93.3855,20.0613],[93.3872,20.0733],[93.3985,20.0702],[93.4163,20.0249]]],[[[92.9352,24.5667],[92.9167,24.5667],[92.9198,24.5908],[92.9405,24.5888],[92.9352,24.5667]]],[[[91.6594,23.1379],[91.6815,23.1195],[91.6618,23.1097],[91.6594,23.1379]]],[[[93.7749,19.3254],[93.7872,19.3408],[93.8077,19.3367],[93.797,19.3179],[93.7749,19.3254]]],[[[97.2333,17.2417],[97.2395,17.2281],[97.2217,17.2089],[97.2173,17.2364],[97.2333,17.2417]]],[[[94.6329,17.2585],[94.6218,17.2355],[94.6017,17.237],[94.6194,17.2638],[94.6329,17.2585]]],[[[93.75,23.975],[93.7417,24.0212],[93.7541,24.0397],[93.7573,24.0325],[93.75,23.975]]],[[[97.4254,20.1833],[97.44,20.2125],[97.4469,20.2392],[97.4486,20.2039],[97.4254,20.1833]]],[[[94.3632,18.3949],[94.3364,18.4291],[94.3404,18.4324],[94.3653,18.413],[94.3632,18.3949]]],[[[97.5725,17.2793],[97.5468,17.2597],[97.5431,17.2796],[97.5564,17.2892],[97.5725,17.2793]]],[[[92.9913,27.4999],[92.969,27.5196],[92.9792,27.5556],[92.9845,27.5223],[92.9913,27.4999]]],[[[95.7371,28.3686],[95.7206,28.3603],[95.7024,28.3877],[95.7209,28.3822],[95.7371,28.3686]]],[[[92.5751,24.8254],[92.5701,24.8395],[92.5967,24.8637],[92.5904,24.8372],[92.5751,24.8254]]],[[[95.1181,18.2333],[95.1087,18.2604],[95.1247,18.2664],[95.1312,18.262],[95.1181,18.2333]]],[[[92.4874,25.7441],[92.4613,25.7373],[92.4791,25.7723],[92.4818,25.7687],[92.4874,25.7441]]],[[[93.3537,23.7859],[93.3443,23.7952],[93.3545,23.8293],[93.3659,23.808],[93.3537,23.7859]]],[[[94.7513,20.2249],[94.7425,20.2446],[94.76,20.2655],[94.7639,20.2621],[94.7513,20.2249]]],[[[94.3921,16.2582],[94.3938,16.2817],[94.4133,16.2903],[94.415,16.2776],[94.3921,16.2582]]],[[[94.4473,25.9749],[94.4285,25.9766],[94.4107,25.9886],[94.4373,25.9975],[94.4473,25.9749]]],[[[97.7873,16.744],[97.769,16.7709],[97.7795,16.7819],[97.7874,16.7791],[97.7873,16.744]]],[[[93.725,24.3503],[93.7083,24.3536],[93.725,24.3824],[93.7307,24.3798],[93.725,24.3503]]],[[[95.7719,18.3811],[95.7833,18.3583],[95.7519,18.362],[95.752,18.3797],[95.7719,18.3811]]],[[[93.4141,23.3628],[93.3848,23.3617],[93.4043,23.3888],[93.4141,23.3628]]],[[[97.7475,23.347],[97.7021,23.3305],[97.7038,23.34],[97.7475,23.347]]],[[[96.1339,17.2147],[96.1231,17.211],[96.0857,17.2127],[96.1057,17.2252],[96.1339,17.2147]]],[[[95.3917,21.6167],[95.3642,21.6025],[95.3596,21.6041],[95.3806,21.6322],[95.3917,21.6167]]],[[[91.5361,23.3896],[91.55,23.3667],[91.5177,23.372],[91.5361,23.3896]]],[[[97.4877,17.6811],[97.488,17.6522],[97.4666,17.6587],[97.4877,17.6811]]],[[[93.8332,19.1338],[93.8445,19.14],[93.8721,19.1292],[93.8457,19.1112],[93.8332,19.1338]]],[[[94.4525,18.2909],[94.4386,18.268],[94.4276,18.2874],[94.4525,18.2909]]],[[[94.4417,18.325],[94.4265,18.3186],[94.4178,18.3387],[94.4385,18.3406],[94.4417,18.325]]],[[[97.8084,15.026],[97.8093,15.0548],[97.8208,15.0579],[97.8241,15.0365],[97.8084,15.026]]],[[[90.7215,26.0168],[90.7404,26.0126],[90.7278,25.9919],[90.7171,25.9965],[90.7215,26.0168]]],[[[93.8126,19.9178],[93.8008,19.9287],[93.8,19.95],[93.8161,19.9457],[93.8126,19.9178]]],[[[94.2822,16.1621],[94.263,16.1508],[94.2506,16.1699],[94.2548,16.1731],[94.2822,16.1621]]],[[[92.6704,24.6648],[92.6802,24.6364],[92.6625,24.646],[92.6704,24.6648]]],[[[97.3371,17.0355],[97.3252,17.0474],[97.3303,17.0666],[97.3412,17.0619],[97.3371,17.0355]]],[[[93.1063,24.8526],[93.0833,24.8504],[93.1143,24.872],[93.1063,24.8526]]],[[[92.575,24.825],[92.564,24.802],[92.5441,24.8031],[92.5596,24.822],[92.575,24.825]]],[[[94.5656,24.9034],[94.5531,24.894],[94.5274,24.9046],[94.5368,24.9145],[94.5656,24.9034]]],[[[93.1329,19.8499],[93.112,19.8676],[93.1118,19.882],[93.1231,19.8803],[93.1329,19.8499]]],[[[92.8083,24.925],[92.8241,24.9332],[92.8399,24.9292],[92.8293,24.9102],[92.8083,24.925]]],[[[96.8754,19.3166],[96.8858,19.3472],[96.9053,19.3386],[96.9046,19.3362],[96.8754,19.3166]]],[[[96.0417,28.2917],[96.0292,28.2692],[96.0107,28.2959],[96.0191,28.2989],[96.0417,28.2917]]],[[[94.3543,18.2517],[94.335,18.2707],[94.3458,18.2857],[94.3579,18.2695],[94.3543,18.2517]]],[[[97.5346,23.7166],[97.5533,23.7476],[97.5635,23.7481],[97.5555,23.7264],[97.5346,23.7166]]],[[[92.8329,20.3415],[92.8104,20.3696],[92.8113,20.381],[92.831,20.3646],[92.8329,20.3415]]],[[[94.4917,25.7333],[94.478,25.7385],[94.4863,25.7646],[94.4979,25.7547],[94.4917,25.7333]]],[[[91.4988,23.3203],[91.4856,23.3054],[91.4782,23.2862],[91.4769,23.3142],[91.4988,23.3203]]],[[[93.4917,19.7],[93.4877,19.6855],[93.4585,19.7001],[93.4676,19.7079],[93.4917,19.7]]],[[[94.1417,18.9667],[94.1721,18.9565],[94.1806,18.945],[94.1539,18.9513],[94.1417,18.9667]]],[[[92.675,25.3667],[92.6625,25.3444],[92.6428,25.3612],[92.675,25.3667]]],[[[92.2916,24.4963],[92.294,24.5147],[92.3135,24.5306],[92.3147,24.5212],[92.2916,24.4963]]],[[[97.2179,18.4123],[97.2397,18.3954],[97.2207,18.3933],[97.2179,18.4123]]],[[[93.7749,19.3671],[93.7975,19.3826],[93.8154,19.3781],[93.813,19.3697],[93.7749,19.3671]]],[[[93.1375,20.7517],[93.1258,20.7803],[93.1311,20.7914],[93.1413,20.7825],[93.1375,20.7517]]],[[[96.266,17.378],[96.2503,17.396],[96.2667,17.4],[96.266,17.378]]],[[[93.8194,20.844],[93.8218,20.8293],[93.803,20.8198],[93.8021,20.8391],[93.8194,20.844]]],[[[97.633,15.9582],[97.6188,15.971],[97.6319,15.9907],[97.639,15.9879],[97.633,15.9582]]],[[[96.9206,17.6445],[96.9086,17.6586],[96.9206,17.6733],[96.9304,17.6543],[96.9206,17.6445]]],[[[93.7711,21.7332],[93.759,21.7376],[93.761,21.7653],[93.7737,21.7463],[93.7711,21.7332]]],[[[96.3917,17.375],[96.4024,17.3983],[96.4147,17.3982],[96.4075,17.3777],[96.4012,17.3753],[96.3955,17.3749],[96.3917,17.375]]],[[[95.7028,28.5389],[95.7247,28.5309],[95.686,28.5284],[95.7028,28.5389]]],[[[91.5083,23.3083],[91.524,23.3137],[91.521,23.2845],[91.5104,23.2934],[91.5083,23.3083]]],[[[92.8987,20.5207],[92.8981,20.5024],[92.8864,20.4935],[92.8846,20.5213],[92.8987,20.5207]]],[[[96.3166,18.9598],[96.3164,18.9432],[96.3127,18.9345],[96.3004,18.9599],[96.3166,18.9598]]],[[[97.1985,17.2361],[97.1849,17.248],[97.2056,17.2557],[97.1985,17.2361]]],[[[92.9572,27.5023],[92.9348,27.5132],[92.9667,27.5167],[92.9572,27.5023]]],[[[93.7002,19.2333],[93.6845,19.2457],[93.6958,19.2607],[93.7083,19.2441],[93.7002,19.2333]]],[[[94.2555,25.9397],[94.2522,25.9107],[94.2443,25.9388],[94.2555,25.9397]]],[[[94.5166,25.6254],[94.536,25.6482],[94.5474,25.6481],[94.532,25.628],[94.5166,25.6254]]],[[[93.5422,23.8915],[93.5423,23.9356],[93.5459,23.9403],[93.5422,23.8915]]],[[[93.6418,23.6004],[93.6103,23.604],[93.6292,23.6233],[93.6418,23.6004]]],[[[92.2667,21.3333],[92.2822,21.338],[92.2793,21.3018],[92.2734,21.3214],[92.2667,21.3333]]],[[[96.6334,18.6844],[96.6096,18.6788],[96.6208,18.7023],[96.6334,18.6844]]],[[[97.9874,22.0771],[98.0,22.0879],[98.0,22.0752],[97.9874,22.0771]]],[[[97.9162,15.3249],[97.8939,15.3536],[97.8951,15.3561],[97.9146,15.3484],[97.9162,15.3249]]],[[[94.437,18.2188],[94.4259,18.2281],[94.429,18.241],[94.4489,18.2378],[94.437,18.2188]]],[[[94.5417,16.7833],[94.527,16.7884],[94.5554,16.8058],[94.556,16.803],[94.5417,16.7833]]],[[[97.8127,17.2184],[97.8082,17.2455],[97.8162,17.2585],[97.8231,17.2286],[97.8127,17.2184]]],[[[93.7588,24.0415],[93.7592,24.0618],[93.7711,24.0814],[93.7739,24.0623],[93.7588,24.0415]]],[[[92.9245,20.7332],[92.9095,20.754],[92.9123,20.7731],[92.9241,20.7535],[92.9245,20.7332]]],[[[97.6042,17.0929],[97.5923,17.1128],[97.5968,17.1248],[97.6075,17.1202],[97.6042,17.0929]]],[[[93.7656,22.0041],[93.7542,21.9934],[93.7438,22.0136],[93.7545,22.023],[93.7656,22.0041]]],[[[94.5249,28.5254],[94.5374,28.5399],[94.565,28.5291],[94.5551,28.5253],[94.5249,28.5254]]],[[[93.95,25.4417],[93.973,25.4213],[93.9636,25.4103],[93.9602,25.4134],[93.95,25.4417]]],[[[94.225,25.6833],[94.2247,25.645],[94.2208,25.635],[94.2167,25.6707],[94.225,25.6833]]],[[[95.4746,28.3582],[95.4634,28.3651],[95.4351,28.3709],[95.4699,28.3742],[95.4746,28.3582]]],[[[92.7544,25.3435],[92.7355,25.3604],[92.7375,25.3773],[92.7566,25.3557],[92.7544,25.3435]]],[[[92.9789,21.1272],[92.9596,21.1376],[92.9694,21.1489],[92.9821,21.1469],[92.9789,21.1272]]],[[[93.544,19.6901],[93.5246,19.6805],[93.5179,19.701],[93.5218,19.7044],[93.544,19.6901]]],[[[96.8903,22.5508],[96.8767,22.56],[96.87,22.5722],[96.8794,22.5767],[96.8903,22.5508]]],[[[97.4626,17.0767],[97.4436,17.095],[97.4527,17.1051],[97.4654,17.0879],[97.4626,17.0767]]],[[[92.7708,24.9281],[92.7605,24.9468],[92.7897,24.9468],[92.7765,24.9374],[92.7708,24.9281]]],[[[97.9898,15.7238],[97.9765,15.7017],[97.9766,15.7235],[97.9898,15.7238]]],[[[97.6875,17.328],[97.6768,17.346],[97.6875,17.365],[97.6918,17.344],[97.6875,17.328]]],[[[97.7157,16.3557],[97.7003,16.3457],[97.7024,16.3657],[97.7157,16.3557]]],[[[93.8255,25.2082],[93.8302,25.2242],[93.8651,25.2209],[93.8386,25.2158],[93.8255,25.2082]]],[[[93.8333,19.1917],[93.8561,19.1906],[93.8575,19.1776],[93.8445,19.1758],[93.8333,19.1917]]],[[[93.483,21.5668],[93.4728,21.5517],[93.4685,21.552],[93.4684,21.5813],[93.483,21.5668]]],[[[97.5358,17.3236],[97.5501,17.306],[97.5462,17.2927],[97.5358,17.3236]]],[[[90.0328,25.7284],[90.0225,25.71],[90.0105,25.7099],[90.0186,25.7312],[90.0328,25.7284]]],[[[92.8911,21.2865],[92.868,21.2945],[92.8775,21.3069],[92.8911,21.2865]]],[[[91.3232,23.9071],[91.3117,23.8842],[91.3099,23.9068],[91.3232,23.9071]]],[[[94.1082,19.32],[94.1119,19.3329],[94.1327,19.3293],[94.1227,19.3178],[94.1082,19.32]]],[[[92.9004,23.4749],[92.9027,23.4908],[92.9229,23.4984],[92.9153,23.4852],[92.9004,23.4749]]],[[[93.5915,25.3187],[93.5756,25.321],[93.5786,25.3489],[93.5915,25.3187]]],[[[95.2915,21.3937],[95.2756,21.3963],[95.2786,21.4239],[95.2915,21.3937]]],[[[93.7246,19.0752],[93.7145,19.06],[93.7101,19.0603],[93.7116,19.0901],[93.7246,19.0752]]],[[[94.1815,19.0425],[94.1621,19.0523],[94.1605,19.0548],[94.1791,19.0648],[94.1815,19.0425]]],[[[98.0,14.6955],[97.993,14.7043],[98.0,14.7077],[98.0,14.6955]]],[[[95.8038,18.0179],[95.7921,18.0287],[95.795,18.0412],[95.8077,18.0384],[95.8038,18.0179]]],[[[95.9835,28.317],[95.978,28.3323],[96.0068,28.33],[96.0051,28.3274],[95.9835,28.317]]],[[[94.6638,28.6406],[94.6546,28.6313],[94.6348,28.6383],[94.6638,28.6406]]],[[[94.7402,20.2716],[94.7092,20.2636],[94.7113,20.2739],[94.7402,20.2716]]],[[[91.3583,23.1833],[91.3735,23.1629],[91.3725,23.1608],[91.3518,23.1683],[91.3583,23.1833]]],[[[97.3417,23.2333],[97.3335,23.2517],[97.346,23.2654],[97.3492,23.2547],[97.3417,23.2333]]],[[[96.5003,27.9083],[96.5188,27.8927],[96.4916,27.9004],[96.5003,27.9083]]],[[[91.9894,26.2891],[91.9633,26.2753],[91.9593,26.2793],[91.9894,26.2891]]],[[[93.0087,20.4335],[93.0169,20.4213],[93.0097,20.4004],[93.0015,20.4036],[93.0087,20.4335]]],[[[94.1916,25.7587],[94.2037,25.7669],[94.2246,25.7597],[94.2214,25.7515],[94.1916,25.7587]]],[[[93.7788,19.4332],[93.7646,19.4178],[93.7589,19.4208],[93.7788,19.4332]]],[[[94.1564,19.2438],[94.1433,19.2569],[94.1658,19.2549],[94.1564,19.2438]]],[[[90.4667,26.0583],[90.457,26.0357],[90.4434,26.0365],[90.4514,26.048],[90.4667,26.0583]]],[[[93.6961,23.4097],[93.6853,23.418],[93.675,23.4333],[93.6977,23.4237],[93.6961,23.4097]]],[[[93.5837,25.3499],[93.593,25.3727],[93.6066,25.3718],[93.5987,25.3603],[93.5837,25.3499]]],[[[95.2667,21.4657],[95.25,21.4682],[95.2626,21.4827],[95.2667,21.4657]]],[[[93.1082,23.6087],[93.1104,23.6303],[93.1219,23.6321],[93.124,23.6115],[93.1082,23.6087]]],[[[94.3833,18.375],[94.3965,18.3737],[94.4154,18.3623],[94.3949,18.3593],[94.3833,18.375]]],[[[93.217,23.0666],[93.2095,23.0792],[93.2302,23.09],[93.2318,23.0772],[93.217,23.0666]]],[[[94.7662,25.8284],[94.7541,25.8179],[94.743,25.8378],[94.755,25.8407],[94.7662,25.8284]]],[[[93.7167,24.3833],[93.7012,24.3959],[93.7211,24.407],[93.7244,24.3963],[93.7167,24.3833]]],[[[93.1833,24.85],[93.1917,24.8398],[93.1875,24.8094],[93.1836,24.8193],[93.1833,24.85]]],[[[93.7428,23.8749],[93.7422,23.9073],[93.7459,23.9156],[93.7428,23.8749]]],[[[94.7667,28.7583],[94.7664,28.7276],[94.7625,28.7178],[94.7583,28.7481],[94.7667,28.7583]]],[[[94.8833,25.8669],[94.8679,25.8708],[94.8807,25.8911],[94.8904,25.888],[94.8833,25.8669]]],[[[93.7294,19.4346],[93.7184,19.4433],[93.7098,19.4549],[93.725,19.4583],[93.7294,19.4346]]],[[[92.2792,24.7261],[92.288,24.7494],[92.2988,24.746],[92.2792,24.7261]]],[[[96.45,22.65],[96.4626,22.6655],[96.4738,22.6457],[96.4589,22.6417],[96.45,22.65]]],[[[95.1167,21.3167],[95.1377,21.3163],[95.1411,21.3116],[95.1242,21.2993],[95.1167,21.3167]]],[[[96.9328,17.6303],[96.9196,17.6099],[96.9202,17.633],[96.9328,17.6303]]],[[[93.9123,19.5929],[93.9015,19.6048],[93.925,19.6167],[93.9238,19.6121],[93.9123,19.5929]]],[[[97.6158,17.2984],[97.5999,17.3003],[97.6127,17.3239],[97.6164,17.3152],[97.6158,17.2984]]],[[[97.9095,19.7916],[97.9086,19.8141],[97.9125,19.8239],[97.9237,19.7957],[97.9095,19.7916]]],[[[93.5817,23.4449],[93.5674,23.4673],[93.5708,23.4739],[93.5817,23.4449]]],[[[97.7072,17.2794],[97.6845,17.2708],[97.6959,17.2904],[97.7072,17.2794]]],[[[96.8157,27.1373],[96.7843,27.1373],[96.7958,27.1523],[96.8157,27.1373]]],[[[93.7331,23.7947],[93.7171,23.8058],[93.7305,23.808],[93.7331,23.7947]]],[[[94.3667,18.4417],[94.3823,18.4403],[94.3821,18.4263],[94.3681,18.4261],[94.3667,18.4417]]],[[[95.2075,28.5316],[95.1923,28.5188],[95.1937,28.5326],[95.2075,28.5316]]],[[[93.3075,20.6149],[93.2923,20.6022],[93.2937,20.6159],[93.3075,20.6149]]],[[[96.3408,17.6517],[96.3256,17.6645],[96.3417,17.6667],[96.3408,17.6517]]],[[[92.8917,20.45],[92.9073,20.4486],[92.9071,20.4346],[92.8931,20.4344],[92.8917,20.45]]],[[[90.1985,25.2345],[90.1921,25.2079],[90.1956,25.2395],[90.1985,25.2345]]],[[[93.4061,22.8626],[93.3918,22.867],[93.3958,22.8906],[93.4061,22.8626]]],[[[94.0209,19.7679],[94.0144,19.7812],[94.0015,19.7883],[94.0237,19.788],[94.0209,19.7679]]],[[[93.3515,20.2149],[93.3667,20.2083],[93.3514,20.2017],[93.3515,20.2149]]],[[[96.5525,18.8762],[96.5257,18.8794],[96.5573,18.8793],[96.5525,18.8762]]],[[[97.8742,17.1398],[97.8589,17.128],[97.8604,17.141],[97.8742,17.1398]]],[[[93.8159,19.4398],[93.8006,19.428],[93.8021,19.441],[93.8159,19.4398]]],[[[97.0409,22.6251],[97.0336,22.6083],[97.0249,22.6157],[97.0409,22.6251]]],[[[93.7706,22.708],[93.7718,22.6919],[93.7592,22.7052],[93.7706,22.708]]],[[[92.875,20.7083],[92.8957,20.7159],[92.9002,20.7085],[92.8887,20.6997],[92.875,20.7083]]],[[[94.0914,24.7028],[94.0755,24.7036],[94.0782,24.7243],[94.0914,24.7028]]],[[[96.6052,28.0333],[96.5931,28.0351],[96.585,28.0485],[96.5981,28.0486],[96.6052,28.0333]]],[[[92.7115,24.8082],[92.7186,24.8236],[92.7317,24.8235],[92.7236,24.8101],[92.7115,24.8082]]],[[[93.7158,23.8082],[93.7084,23.8155],[93.7125,23.8412],[93.7166,23.8352],[93.7158,23.8082]]],[[[93.9497,25.4416],[93.9347,25.4519],[93.9357,25.4656],[93.9483,25.4569],[93.9497,25.4416]]],[[[96.6324,27.9999],[96.6182,28.0187],[96.6194,28.0243],[96.6322,28.0227],[96.6324,27.9999]]],[[[97.4246,20.1499],[97.4168,20.1572],[97.4203,20.1828],[97.4247,20.1781],[97.4246,20.1499]]],[[[93.6996,23.7416],[93.6918,23.7488],[93.6953,23.7745],[93.6997,23.7698],[93.6996,23.7416]]],[[[93.3241,20.6082],[93.3166,20.6169],[93.3208,20.6412],[93.3249,20.6355],[93.3241,20.6082]]],[[[96.891,19.3626],[96.8749,19.3574],[96.8782,19.3743],[96.891,19.3626]]],[[[97.9831,15.756],[97.9675,15.7636],[97.9793,15.7743],[97.9831,15.756]]],[[[93.7328,24.3466],[93.733,24.3333],[93.7294,24.3256],[93.7166,24.3414],[93.7328,24.3466]]],[[[96.7676,18.3976],[96.7821,18.3863],[96.7701,18.3759],[96.7676,18.3976]]],[[[93.0479,24.7231],[93.0348,24.71],[93.0368,24.7324],[93.0479,24.7231]]],[[[97.6417,17.1],[97.6539,17.1078],[97.666,17.1043],[97.6528,17.0918],[97.6417,17.1]]],[[[91.6253,23.1168],[91.633,23.1044],[91.6207,23.0924],[91.6172,23.1045],[91.6253,23.1168]]],[[[93.35,20.1417],[93.3378,20.1339],[93.3257,20.1373],[93.3389,20.1499],[93.35,20.1417]]],[[[92.6795,25.3828],[92.6797,25.3669],[92.6674,25.3793],[92.6795,25.3828]]],[[[93.8417,24.2417],[93.8177,24.2475],[93.8382,24.2575],[93.8417,24.2417]]],[[[94.0329,24.8299],[94.0332,24.8179],[94.0294,24.8089],[94.0167,24.8269],[94.0329,24.8299]]],[[[95.025,29.1167],[95.0177,29.1082],[95.0003,29.1131],[95.0038,29.1242],[95.025,29.1167]]],[[[94.974,25.9669],[94.9796,25.9508],[94.9583,25.9593],[94.974,25.9669]]],[[[93.1667,23.275],[93.1455,23.2675],[93.142,23.2786],[93.1594,23.2835],[93.1667,23.275]]],[[[91.3655,23.1479],[91.3597,23.1285],[91.3524,23.1478],[91.3655,23.1479]]],[[[96.0646,28.2929],[96.0449,28.2986],[96.0644,28.3059],[96.0646,28.2929]]],[[[97.6929,16.9771],[97.6986,16.9968],[97.7059,16.9772],[97.6929,16.9771]]],[[[93.192,23.9833],[93.1928,23.9977],[93.205,24.0074],[93.2074,23.9945],[93.192,23.9833]]],[[[93.025,24.9],[93.0394,24.8989],[93.0491,24.8867],[93.0352,24.8847],[93.025,24.9]]],[[[96.3331,20.5249],[96.3176,20.5361],[96.3201,20.5491],[96.3322,20.5394],[96.3331,20.5249]]],[[[97.0702,19.2416],[97.0597,19.2434],[97.051,19.2549],[97.0648,19.2569],[97.0702,19.2416]]],[[[91.7314,23.0604],[91.7092,23.0545],[91.7333,23.0667],[91.7314,23.0604]]],[[[98.0,22.1226],[97.9998,22.1253],[98.0,22.1302],[98.0,22.1226]]],[[[97.2833,17.6],[97.2839,17.6255],[97.2875,17.6328],[97.2863,17.6002],[97.2843,17.5999],[97.2833,17.6]]],[[[95.2337,21.4672],[95.2083,21.475],[95.2412,21.4708],[95.2337,21.4672]]],[[[93.9998,28.3697],[93.9745,28.3673],[93.9672,28.3709],[93.9998,28.3697]]],[[[94.7201,20.2377],[94.7239,20.2552],[94.7325,20.2323],[94.7201,20.2377]]],[[[93.0093,20.4416],[93.0004,20.4539],[93.0035,20.4659],[93.0132,20.4583],[93.0093,20.4416]]],[[[94.1957,18.9244],[94.2024,18.9085],[94.1839,18.9124],[94.1957,18.9244]]],[[[92.4084,24.6407],[92.3923,24.6459],[92.4043,24.6577],[92.4084,24.6407]]],[[[97.8,19.55],[97.8157,19.5442],[97.8036,19.534],[97.8,19.55]]],[[[93.9063,24.2161],[93.8967,24.2022],[93.8905,24.2092],[93.9063,24.2161]]],[[[91.5946,23.3069],[91.6071,23.2946],[91.5951,23.2842],[91.5946,23.3069]]],[[[97.7099,15.9416],[97.6981,15.9425],[97.6922,15.9458],[97.7041,15.9576],[97.7099,15.9416]]],[[[97.5711,16.934],[97.559,16.9449],[97.5625,16.9607],[97.5742,16.9472],[97.5711,16.934]]],[[[97.1544,17.2923],[97.1424,17.3032],[97.1458,17.319],[97.1575,17.3056],[97.1544,17.2923]]],[[[91.9096,26.255],[91.9003,26.2604],[91.9231,26.2716],[91.9096,26.255]]],[[[96.5181,18.9252],[96.5,18.9207],[96.5028,18.933],[96.5181,18.9252]]],[[[93.5779,19.6656],[93.5792,19.65],[93.5677,19.6501],[93.5779,19.6656]]],[[[93.4178,19.7272],[93.432,19.7315],[93.4299,19.7175],[93.4178,19.7272]]],[[[94.9203,28.476],[94.9173,28.4968],[94.9299,28.4983],[94.9326,28.4956],[94.9203,28.476]]],[[[96.4673,18.1486],[96.4575,18.1594],[96.471,18.1666],[96.475,18.1583],[96.4673,18.1486]]],[[[97.5288,16.3928],[97.5174,16.4128],[97.5234,16.416],[97.533,16.412],[97.5288,16.3928]]],[[[93.7232,19.4902],[93.7185,19.4771],[93.7092,19.4883],[93.7232,19.4902]]],[[[94.1982,19.0819],[94.1935,19.0688],[94.1842,19.08],[94.1982,19.0819]]],[[[94.5333,25.8417],[94.5249,25.8516],[94.5291,25.8663],[94.5333,25.8417]]],[[[96.4988,27.6961],[96.4833,27.6991],[96.4874,27.7161],[96.4988,27.6961]]],[[[94.0405,24.9544],[94.025,24.9574],[94.0291,24.9745],[94.0405,24.9544]]],[[[93.4071,23.8128],[93.3916,23.8157],[93.3958,23.8328],[93.4071,23.8128]]],[[[94.383,18.5543],[94.356,18.5512],[94.3504,18.5543],[94.383,18.5543]]],[[[95.6913,28.396],[95.6644,28.3929],[95.6587,28.396],[95.6913,28.396]]],[[[91.6993,23.0965],[91.6838,23.0955],[91.696,23.1078],[91.6993,23.0965]]],[[[94.224,16.038],[94.2005,16.0375],[94.2125,16.0494],[94.224,16.038]]],[[[97.599,16.038],[97.5755,16.0375],[97.5875,16.0494],[97.599,16.038]]],[[[93.5117,19.7355],[93.5082,19.752],[93.5125,19.7656],[93.5209,19.7574],[93.5117,19.7355]]],[[[97.8105,14.1112],[97.8012,14.121],[97.8124,14.1322],[97.8221,14.1229],[97.8105,14.1112]]],[[[92.9185,21.0409],[92.9304,21.0256],[92.9174,21.0271],[92.9185,21.0409]]],[[[92.2842,24.6916],[92.2756,24.7023],[92.2779,24.708],[92.2913,24.7056],[92.2842,24.6916]]],[[[92.2748,24.7417],[92.2644,24.7339],[92.2587,24.7362],[92.2611,24.7496],[92.2748,24.7417]]],[[[92.4414,21.1373],[92.4317,21.126],[92.4257,21.127],[92.4269,21.1409],[92.4414,21.1373]]],[[[93.8917,19.575],[93.884,19.5857],[93.8862,19.5913],[93.8996,19.589],[93.8995,19.578],[93.8969,19.5756],[93.8934,19.575],[93.8917,19.575]]],[[[97.5342,16.7166],[97.5256,16.7273],[97.527,16.7326],[97.5413,16.7306],[97.5342,16.7166]]],[[[92.8917,20.45],[92.8753,20.4546],[92.8888,20.4663],[92.8917,20.45]]],[[[96.7415,27.2539],[96.7334,27.2384],[96.737,27.2582],[96.7415,27.2539]]],[[[97.0833,19.2217],[97.0752,19.2372],[97.0796,19.2415],[97.0833,19.2217]]],[[[97.6665,16.8539],[97.6584,16.8384],[97.662,16.8582],[97.6665,16.8539]]],[[[97.0666,22.8467],[97.0585,22.8622],[97.063,22.8665],[97.0666,22.8467]]],[[[94.5206,25.6753],[94.5383,25.683],[94.5414,25.6779],[94.5206,25.6753]]],[[[93.1999,20.9372],[93.1917,20.9217],[93.1954,20.9415],[93.1999,20.9372]]],[[[94.2575,25.8083],[94.2428,25.8183],[94.2429,25.8237],[94.2569,25.8239],[94.2575,25.8083]]],[[[97.4161,22.9522],[97.4007,22.955],[97.4148,22.9659],[97.4161,22.9522]]],[[[95.1661,21.3272],[95.1507,21.33],[95.1648,21.3409],[95.1661,21.3272]]],[[[92.5243,24.2717],[92.509,24.2689],[92.5103,24.2826],[92.5243,24.2717]]],[[[97.9582,17.1122],[97.95,17.097],[97.9537,17.1165],[97.9582,17.1122]]],[[[96.4483,27.726],[96.4256,27.7301],[96.4494,27.7312],[96.4483,27.726]]],[[[94.9577,25.9439],[94.9424,25.9467],[94.9564,25.9576],[94.9577,25.9439]]],[[[96.7659,27.4083],[96.7512,27.4183],[96.7513,27.4237],[96.7652,27.4239],[96.7659,27.4083]]],[[[93.2983,22.5593],[93.2756,22.5634],[93.2994,22.5646],[93.2983,22.5593]]],[[[93.9635,21.5756],[93.9593,21.5983],[93.9646,21.5994],[93.9635,21.5756]]],[[[97.6409,17.0999],[97.6262,17.11],[97.6263,17.1154],[97.6402,17.1156],[97.6409,17.0999]]],[[[97.2135,18.3672],[97.2093,18.39],[97.2146,18.3911],[97.2135,18.3672]]],[[[97.7166,23.305],[97.7085,23.3206],[97.713,23.3248],[97.7166,23.305]]],[[[94.8342,25.7666],[94.8348,25.7822],[94.8487,25.7821],[94.8489,25.7766],[94.8342,25.7666]]],[[[90.0492,25.7083],[90.0345,25.7183],[90.0346,25.7237],[90.0486,25.7239],[90.0492,25.7083]]],[[[97.8083,16.3417],[97.7999,16.3477],[97.8041,16.3663],[97.8083,16.3417]]],[[[98.0,25.6141],[97.9922,25.621],[98.0,25.6246],[98.0,25.6141]]],[[[97.3209,17.0759],[97.3168,17.0877],[97.3207,17.0995],[97.3323,17.088],[97.3209,17.0759]]],[[[95.8627,17.8677],[95.8512,17.8782],[95.8508,17.8799],[95.8736,17.8804],[95.8627,17.8677]]],[[[92.4793,25.6759],[92.4751,25.6877],[92.479,25.6995],[92.4906,25.6873],[92.4793,25.6759]]],[[[97.4044,17.0927],[97.3929,17.1032],[97.3924,17.1049],[97.4153,17.1054],[97.4044,17.0927]]],[[[97.6581,15.5544],[97.6501,15.5384],[97.6537,15.5582],[97.6581,15.5544]]],[[[94.9556,16.131],[94.9654,16.1282],[94.9535,16.1092],[94.9556,16.131]]],[[[95.0249,29.1456],[95.0168,29.1295],[95.0204,29.1498],[95.0249,29.1456]]],[[[90.4978,26.0512],[90.4938,26.0653],[90.5076,26.0645],[90.4978,26.0512]]],[[[94.3583,28.0707],[94.3417,28.0794],[94.3554,28.083],[94.3583,28.0707]]],[[[91.5345,23.5737],[91.55,23.5667],[91.5368,23.5586],[91.5345,23.5737]]],[[[93.1457,24.8334],[93.1544,24.85],[93.158,24.8363],[93.1457,24.8334]]],[[[93.8833,19.6127],[93.8667,19.6041],[93.8696,19.6163],[93.8833,19.6127]]],[[[96.8929,17.8654],[96.9083,17.8583],[96.8951,17.8503],[96.8929,17.8654]]],[[[92.4618,21.0831],[92.473,21.0678],[92.4595,21.068],[92.4618,21.0831]]],[[[97.7655,18.6036],[97.7648,18.5924],[97.7512,18.5936],[97.75,18.6],[97.7655,18.6036]]],[[[94.5583,25.6541],[94.5417,25.6627],[94.5554,25.6663],[94.5583,25.6541]]],[[[95.8035,18.0081],[95.8147,17.9928],[95.8012,17.993],[95.8035,18.0081]]],[[[94.688,20.6332],[94.6877,20.6167],[94.6753,20.6291],[94.688,20.6332]]],[[[94.8631,25.7916],[94.8627,25.775],[94.8503,25.7874],[94.8631,25.7916]]],[[[92.1983,25.2916],[92.1834,25.2958],[92.1946,25.3079],[92.1998,25.305],[92.1983,25.2916]]],[[[94.8566,28.4],[94.8417,28.4041],[94.8529,28.4163],[94.8581,28.4133],[94.8566,28.4]]],[[[94.6233,25.0083],[94.6084,25.0124],[94.6196,25.0246],[94.6248,25.0216],[94.6233,25.0083]]],[[[91.5083,23.2167],[91.4919,23.2213],[91.5043,23.2333],[91.5083,23.2167]]],[[[91.7066,23.1166],[91.6917,23.1208],[91.7029,23.1329],[91.7081,23.13],[91.7066,23.1166]]],[[[93.175,22.7417],[93.1586,22.7463],[93.1709,22.7583],[93.175,22.7417]]],[[[93.6738,23.2312],[93.659,23.2271],[93.6618,23.2414],[93.6738,23.2312]]],[[[93.8323,22.6014],[93.8179,22.6062],[93.8299,22.6164],[93.8323,22.6014]]],[[[93.132,24.6656],[93.1272,24.6512],[93.117,24.6632],[93.132,24.6656]]],[[[90.4855,26.0488],[90.4903,26.0344],[90.4753,26.0368],[90.4855,26.0488]]],[[[93.3978,21.8096],[93.3931,21.8239],[93.408,21.8215],[93.3978,21.8096]]],[[[94.0512,20.4105],[94.0656,20.4153],[94.0632,20.4003],[94.0512,20.4105]]],[[[93.2997,25.1614],[93.2836,25.1623],[93.296,25.1749],[93.2997,25.1614]]],[[[97.7914,15.804],[97.7753,15.803],[97.779,15.8166],[97.7914,15.804]]],[[[97.9653,15.7823],[97.9605,15.7679],[97.9503,15.7798],[97.9653,15.7823]]],[[[93.829,23.1168],[93.8261,23.132],[93.8417,23.1333],[93.8405,23.1272],[93.829,23.1168]]],[[[97.8833,19.8456],[97.8671,19.8442],[97.8667,19.8583],[97.8833,19.8456]]],[[[93.7012,25.0438],[93.7156,25.0486],[93.7132,25.0336],[93.7012,25.0438]]],[[[97.0913,17.3192],[97.0753,17.3211],[97.0917,17.3333],[97.0913,17.3192]]],[[[96.2497,17.5364],[96.2336,17.5373],[96.246,17.5499],[96.2497,17.5364]]],[[[91.4747,23.7956],[91.4587,23.7947],[91.4623,23.8082],[91.4747,23.7956]]],[[[97.4914,16.753],[97.4753,16.754],[97.4877,16.7666],[97.4914,16.753]]],[[[97.7497,18.7697],[97.7336,18.7706],[97.746,18.7832],[97.7497,18.7697]]],[[[94.7164,18.879],[94.7003,18.878],[94.704,18.8916],[94.7164,18.879]]],[[[97.5999,16.5623],[97.5838,16.5609],[97.5833,16.575],[97.5999,16.5623]]],[[[97.4762,17.2938],[97.4906,17.2986],[97.4882,17.2836],[97.4762,17.2938]]],[[[92.4917,24.5383],[92.4836,24.5492],[92.4875,24.5584],[92.4917,24.5383]]],[[[91.6917,24.075],[91.6735,24.0674],[91.6666,24.0708],[91.6917,24.075]]],[[[93.375,22.3033],[93.3829,22.2913],[93.3792,22.2833],[93.375,22.3033]]],[[[92.6925,24.9497],[92.7033,24.9417],[92.6833,24.9458],[92.6925,24.9497]]],[[[93.2505,23.2913],[93.2583,23.3033],[93.2542,23.2833],[93.2505,23.2913]]],[[[97.3065,18.3738],[97.29,18.3674],[97.2833,18.3709],[97.3065,18.3738]]],[[[95.7648,28.4405],[95.7484,28.4341],[95.7416,28.4375],[95.7648,28.4405]]],[[[93.3921,23.4079],[93.4,23.42],[93.3959,23.3999],[93.3921,23.4079]]],[[[92.9253,20.7174],[92.9333,20.7283],[92.9292,20.7083],[92.9253,20.7174]]],[[[94.9164,28.1591],[94.9084,28.17],[94.9167,28.175],[94.9164,28.1591]]],[[[93.0417,22.72],[93.0338,22.7079],[93.0333,22.725],[93.0417,22.72]]],[[[93.3414,20.3576],[93.3334,20.3467],[93.3375,20.3668],[93.3414,20.3576]]],[[[97.7148,27.6155],[97.6984,27.6091],[97.6916,27.6125],[97.7148,27.6155]]],[[[94.4,24.93],[94.3919,24.9409],[94.3959,24.9501],[94.4,24.93]]],[[[93.1588,20.6996],[93.1667,20.7117],[93.1625,20.6916],[93.1588,20.6996]]],[[[92.5,25.0083],[92.4818,25.0007],[92.4749,25.0041],[92.5,25.0083]]],[[[93.7898,20.9655],[93.7734,20.9591],[93.7666,20.9625],[93.7898,20.9655]]],[[[93.8417,24.145],[93.8496,24.1329],[93.8458,24.1249],[93.8417,24.145]]],[[[94.2565,24.6155],[94.24,24.6091],[94.2333,24.6125],[94.2565,24.6155]]],[[[94.3,24.9133],[94.2919,24.9242],[94.2959,24.9334],[94.3,24.9133]]],[[[97.3148,23.0738],[97.2984,23.0674],[97.2916,23.0709],[97.3148,23.0738]]],[[[96.7682,27.1424],[96.75,27.15],[96.7751,27.1458],[96.7682,27.1424]]],[[[94.1831,25.7326],[94.175,25.7217],[94.1792,25.7418],[94.1831,25.7326]]],[[[92.475,20.9633],[92.4669,20.9742],[92.4709,20.9834],[92.475,20.9633]]],[[[93.7742,19.2003],[93.7633,19.2083],[93.7834,19.2042],[93.7742,19.2003]]],[[[95.8017,28.2257],[95.7852,28.2321],[95.8084,28.2292],[95.8017,28.2257]]],[[[94.4322,25.4769],[94.4258,25.4933],[94.4292,25.5001],[94.4322,25.4769]]],[[[96.375,27.02],[96.3671,27.0079],[96.3667,27.025],[96.375,27.02]]],[[[97.9667,15.2583],[97.9485,15.2507],[97.9416,15.2541],[97.9667,15.2583]]],[[[96.76,27.2591],[96.7435,27.2655],[96.7668,27.2625],[96.76,27.2591]]],[[[94.0329,19.6746],[94.025,19.6867],[94.0333,19.6917],[94.0329,19.6746]]],[[[93.8417,25.4283],[93.8336,25.4174],[93.8333,25.4333],[93.8417,25.4283]]],[[[96.4148,20.3905],[96.3984,20.3841],[96.3916,20.3875],[96.4148,20.3905]]],[[[94.7398,25.8905],[94.7234,25.8841],[94.7166,25.8875],[94.7398,25.8905]]],[[[93.7591,19.3247],[93.77,19.3167],[93.7504,19.3216],[93.7591,19.3247]]],[[[92.4,22.9333],[92.3974,22.9123],[92.3802,22.9269],[92.4,22.9333]]],[[[90.5646,25.9845],[90.5627,26.0004],[90.5744,25.9965],[90.5646,25.9845]]],[[[92.2406,21.34],[92.2249,21.3458],[92.2417,21.352],[92.2406,21.34]]],[[[97.8457,15.3336],[97.8479,15.3488],[97.8581,15.3368],[97.8457,15.3336]]],[[[94.6811,28.8335],[94.6791,28.8501],[94.6917,28.8374],[94.6811,28.8335]]],[[[96.3583,17.325],[96.3751,17.3209],[96.3624,17.3083],[96.3593,17.3143],[96.3583,17.325]]],[[[92.8498,23.4811],[92.8333,23.4791],[92.8459,23.4917],[92.8498,23.4811]]],[[[95.8582,17.9478],[95.8416,17.9458],[95.8542,17.9584],[95.8582,17.9478]]],[[[93.5334,24.3874],[93.5168,24.3895],[93.5208,24.4001],[93.5334,24.3874]]],[[[96.3582,17.6061],[96.3416,17.6041],[96.3542,17.6167],[96.3582,17.6061]]],[[[93.7748,21.1728],[93.7583,21.1708],[93.7709,21.1834],[93.7748,21.1728]]],[[[94.2582,24.5061],[94.2416,24.5041],[94.2543,24.5167],[94.2582,24.5061]]],[[[93.5917,24.5291],[93.5752,24.5311],[93.5791,24.5417],[93.5917,24.5291]]],[[[92.0165,25.3728],[92.0,25.3708],[92.0126,25.3834],[92.0165,25.3728]]],[[[92.5665,25.5978],[92.55,25.5958],[92.5626,25.6084],[92.5665,25.5978]]],[[[93.7582,20.9061],[93.7416,20.9041],[93.7543,20.9167],[93.7582,20.9061]]],[[[97.9998,20.0061],[97.9833,20.0041],[97.9959,20.0167],[97.9998,20.0061]]],[[[97.5248,17.1895],[97.5083,17.1874],[97.5209,17.2001],[97.5248,17.1895]]],[[[97.6709,17.0167],[97.6585,17.0289],[97.6589,17.0302],[97.6738,17.0315],[97.6709,17.0167]]],[[[93.5917,19.3624],[93.5752,19.3624],[93.579,19.375],[93.5917,19.3624]]],[[[93.7543,19.0834],[93.7418,19.0955],[93.7422,19.0968],[93.7572,19.0982],[93.7543,19.0834]]],[[[97.2126,19.975],[97.2002,19.9872],[97.2006,19.9885],[97.2155,19.9898],[97.2126,19.975]]],[[[94.0667,28.3791],[94.0502,28.3791],[94.054,28.3917],[94.0667,28.3791]]],[[[93.5876,19.2584],[93.5752,19.2705],[93.5756,19.2718],[93.5905,19.2732],[93.5876,19.2584]]],[[[97.8,15.7083],[97.7917,15.7132],[97.7958,15.7252],[97.8,15.7083]]],[[[93.9417,23.7583],[93.9334,23.7632],[93.9374,23.7752],[93.9417,23.7583]]],[[[93.7416,19.1297],[93.7226,19.126],[93.7165,19.1293],[93.7416,19.1297]]],[[[91.4,23.8797],[91.3809,23.876],[91.3748,23.8793],[91.4,23.8797]]],[[[96.6583,20.0333],[96.65,20.0382],[96.6541,20.0502],[96.6583,20.0333]]],[[[93.3166,25.1881],[93.2976,25.1843],[93.2915,25.1876],[93.3166,25.1881]]],[[[96.3333,17.6047],[96.3142,17.601],[96.3082,17.6043],[96.3333,17.6047]]],[[[93.1667,24.8833],[93.1584,24.8882],[93.1624,24.9002],[93.1667,24.8833]]],[[[97.8167,15.6583],[97.8084,15.6632],[97.8124,15.6752],[97.8167,15.6583]]],[[[97.2583,17.4833],[97.25,17.4882],[97.2541,17.5002],[97.2583,17.4833]]],[[[91.175,23.7083],[91.1679,23.7155],[91.1832,23.7131],[91.175,23.7083]]],[[[97.4583,17.35],[97.4512,17.3571],[97.4665,17.3548],[97.4583,17.35]]],[[[94.8833,27.9917],[94.8762,27.9988],[94.8915,27.9965],[94.8833,27.9917]]],[[[90.9667,26.0083],[90.9596,26.0155],[90.9749,26.0131],[90.9667,26.0083]]],[[[92.35,24.5667],[92.3429,24.5738],[92.3582,24.5715],[92.35,24.5667]]],[[[94.5417,17.225],[94.5346,17.2321],[94.5499,17.2298],[94.5417,17.225]]],[[[96.7,22.875],[96.6929,22.8821],[96.7082,22.8798],[96.7,22.875]]],[[[94.569,17.7042],[94.5508,17.7073],[94.554,17.7168],[94.569,17.7042]]],[[[94.3857,18.5125],[94.3675,18.5157],[94.3706,18.5251],[94.3857,18.5125]]],[[[93.8209,19.9917],[93.825,19.975],[93.8084,19.9787],[93.8209,19.9917]]],[[[92.373,25.0573],[92.3687,25.0446],[92.3585,25.0547],[92.373,25.0573]]],[[[90.2292,25.2164],[90.2253,25.2378],[90.2333,25.2417],[90.2325,25.2294],[90.2292,25.2164]]],[[[94.7833,20.4],[94.7933,20.3925],[94.7872,20.3749],[94.7833,20.4]]],[[[92.925,23.45],[92.9277,23.4711],[92.9289,23.4755],[92.9345,23.4573],[92.925,23.45]]],[[[97.2151,23.1328],[97.2008,23.1261],[97.2008,23.1323],[97.2151,23.1328]]],[[[93.8583,24.2333],[93.8425,24.2406],[93.8574,24.2406],[93.8583,24.2333]]],[[[96.3333,20.5],[96.3175,20.5073],[96.3324,20.5073],[96.3333,20.5]]],[[[92.4568,21.1328],[92.4424,21.1261],[92.4425,21.1323],[92.4568,21.1328]]],[[[93.4832,24.0973],[93.4753,24.0856],[93.4773,24.0998],[93.4832,24.0973]]],[[[93.8167,19.875],[93.8008,19.8823],[93.8157,19.8823],[93.8167,19.875]]],[[[96.5076,27.3428],[96.4933,27.3495],[96.5075,27.3489],[96.5076,27.3428]]],[[[95.8248,18.0807],[95.8169,18.069],[95.8189,18.0832],[95.8248,18.0807]]],[[[94.5664,25.669],[94.5585,25.6807],[94.5644,25.6832],[94.5664,25.669]]],[[[93.7332,24.8723],[93.7253,24.8606],[93.7273,24.8748],[93.7332,24.8723]]],[[[96.5909,18.8595],[96.5766,18.8661],[96.5908,18.8656],[96.5909,18.8595]]],[[[90.0417,25.7],[90.0259,25.7073],[90.0407,25.7073],[90.0417,25.7]]],[[[93.4998,20.1057],[93.4919,20.094],[93.4939,20.1082],[93.4998,20.1057]]],[[[94.0557,28.2919],[94.044,28.2998],[94.0582,28.2978],[94.0557,28.2919]]],[[[93.4332,20.0057],[93.4253,19.994],[93.4273,20.0082],[93.4332,20.0057]]],[[[97.9832,22.0973],[97.9753,22.0856],[97.9773,22.0998],[97.9832,22.0973]]],[[[93.3748,20.3473],[93.3669,20.3356],[93.3689,20.3498],[93.3748,20.3473]]],[[[94.4581,25.5273],[94.4502,25.539],[94.4561,25.5415],[94.4581,25.5273]]],[[[97.9818,17.0661],[97.9674,17.0595],[97.9675,17.0656],[97.9818,17.0661]]],[[[93.6833,25.0583],[93.6675,25.0656],[93.6824,25.0656],[93.6833,25.0583]]],[[[95.7915,18.3557],[95.7836,18.344],[95.7856,18.3582],[95.7915,18.3557]]],[[[95.5409,28.3345],[95.5266,28.3411],[95.5408,28.3406],[95.5409,28.3345]]],[[[95.3498,21.4973],[95.3419,21.4856],[95.3439,21.4998],[95.3498,21.4973]]],[[[92.3082,21.3223],[92.3003,21.3106],[92.3023,21.3248],[92.3082,21.3223]]],[[[93.3748,20.2057],[93.3669,20.194],[93.3689,20.2082],[93.3748,20.2057]]],[[[94.8243,27.9011],[94.8099,27.9078],[94.8242,27.9073],[94.8243,27.9011]]],[[[93.8332,19.9723],[93.8253,19.9606],[93.8273,19.9748],[93.8332,19.9723]]],[[[96.6498,27.989],[96.6419,27.9773],[96.6439,27.9915],[96.6498,27.989]]],[[[96.9734,18.8578],[96.9591,18.8511],[96.9592,18.8573],[96.9734,18.8578]]],[[[95.975,28.3333],[95.9592,28.3406],[95.974,28.3406],[95.975,28.3333]]],[[[93.1415,23.2973],[93.1336,23.2856],[93.1356,23.2998],[93.1415,23.2973]]],[[[94.3331,25.7856],[94.3252,25.7973],[94.3311,25.7998],[94.3331,25.7856]]],[[[93.8075,24.1489],[93.7917,24.1417],[93.7927,24.1489],[93.8075,24.1489]]],[[[97.4582,18.4973],[97.4503,18.4856],[97.4523,18.4998],[97.4582,18.4973]]],[[[95.0414,19.1106],[95.0335,19.1223],[95.0394,19.1248],[95.0414,19.1106]]],[[[94.4998,25.769],[94.4919,25.7807],[94.4978,25.7832],[94.4998,25.769]]],[[[94.0998,27.4973],[94.0919,27.4856],[94.0939,27.4998],[94.0998,27.4973]]],[[[97.8664,16.1106],[97.8585,16.1223],[97.8644,16.1248],[97.8664,16.1106]]],[[[92.3659,25.2595],[92.3516,25.2661],[92.3658,25.2656],[92.3659,25.2595]]],[[[96.2818,17.3245],[96.2674,17.3178],[96.2675,17.3239],[96.2818,17.3245]]],[[[93.1665,24.939],[93.1586,24.9273],[93.1606,24.9415],[93.1665,24.939]]],[[[94.7667,28.7583],[94.7678,28.7743],[94.774,28.7742],[94.7745,28.7599],[94.7722,28.7586],[94.7701,28.7583],[94.7667,28.7583]]],[[[97.6667,17.425],[97.6509,17.4323],[97.6657,17.4323],[97.6667,17.425]]],[[[94.4915,25.7223],[94.4836,25.7106],[94.4856,25.7248],[94.4915,25.7223]]],[[[92.5248,24.7106],[92.5169,24.7223],[92.5228,24.7248],[92.5248,24.7106]]],[[[93.1818,24.8578],[93.1674,24.8511],[93.1675,24.8573],[93.1818,24.8578]]],[[[91.4984,23.3911],[91.4841,23.3845],[91.4842,23.3906],[91.4984,23.3911]]],[[[91.5409,23.3178],[91.5266,23.3245],[91.5408,23.3239],[91.5409,23.3178]]],[[[93.3998,22.214],[93.3919,22.2023],[93.3939,22.2165],[93.3998,22.214]]],[[[93.3856,20.3169],[93.3981,20.3246],[93.3998,20.3189],[93.3856,20.3169]]],[[[93.2415,23.3307],[93.2336,23.319],[93.2356,23.3332],[93.2415,23.3307]]],[[[96.7748,27.4057],[96.7669,27.394],[96.7689,27.4082],[96.7748,27.4057]]],[[[93.4248,20.0223],[93.4169,20.0106],[93.4189,20.0248],[93.4248,20.0223]]],[[[94.2914,24.894],[94.2835,24.9057],[94.2894,24.9082],[94.2914,24.894]]],[[[94.3818,19.7828],[94.3674,19.7761],[94.3675,19.7823],[94.3818,19.7828]]],[[[94.3414,25.8023],[94.3335,25.814],[94.3394,25.8165],[94.3414,25.8023]]],[[[97.8083,15.7917],[97.7925,15.7989],[97.8074,15.7989],[97.8083,15.7917]]],[[[93.6984,25.0578],[93.6841,25.0511],[93.6842,25.0573],[93.6984,25.0578]]],[[[96.4748,20.639],[96.4669,20.6273],[96.4689,20.6415],[96.4748,20.639]]],[[[90.0273,25.5753],[90.0398,25.5829],[90.0415,25.5773],[90.0273,25.5753]]],[[[93.1332,23.314],[93.1253,23.3023],[93.1273,23.3165],[93.1332,23.314]]],[[[93.7307,25.2585],[93.719,25.2664],[93.7332,25.2644],[93.7307,25.2585]]],[[[97.6498,19.0356],[97.6419,19.0473],[97.6478,19.0498],[97.6498,19.0356]]],[[[96.1498,17.2856],[96.1419,17.2973],[96.1478,17.2998],[96.1498,17.2856]]],[[[93.4856,24.0753],[93.4981,24.0829],[93.4998,24.0773],[93.4856,24.0753]]],[[[97.7791,14.3916],[97.7752,14.4073],[97.7812,14.414],[97.7833,14.4041],[97.7791,14.3916]]],[[[93.4393,19.9916],[93.4336,19.9773],[93.4356,19.9915],[93.4393,19.9916]]],[[[90.3167,26.0],[90.309,26.0012],[90.3125,26.0171],[90.3167,26.0]]],[[[96.1411,27.1155],[96.1336,27.1228],[96.1417,27.125],[96.1411,27.1155]]],[[[95.8583,18.175],[95.8444,18.1687],[95.8412,18.1712],[95.8583,18.175]]],[[[94.8911,20.3822],[94.8836,20.3894],[94.8917,20.3917],[94.8911,20.3822]]],[[[94.5086,25.6228],[94.5161,25.6155],[94.5125,25.6077],[94.5086,25.6228]]],[[[97.3561,22.9581],[97.3479,22.9508],[97.341,22.9542],[97.3561,22.9581]]],[[[92.1245,25.8822],[92.1169,25.8894],[92.125,25.8917],[92.1245,25.8822]]],[[[94.2394,25.8331],[94.2312,25.8258],[94.2244,25.8292],[94.2394,25.8331]]],[[[96.2833,17.4614],[96.2752,17.4656],[96.2792,17.4757],[96.2833,17.4614]]],[[[97.1582,18.2572],[97.1501,18.253],[97.1542,18.2673],[97.1582,18.2572]]],[[[96.1583,17.303],[96.1502,17.3072],[96.1542,17.3173],[96.1583,17.303]]],[[[92.55,24.428],[92.5418,24.4322],[92.5459,24.4423],[92.55,24.428]]],[[[96.4188,27.1841],[96.4106,27.1915],[96.4257,27.1875],[96.4188,27.1841]]],[[[97.7356,16.9169],[97.7428,16.9245],[97.7507,16.9208],[97.7356,16.9169]]],[[[94.0989,19.3161],[94.1061,19.3085],[94.091,19.3125],[94.0989,19.3161]]],[[[97.4105,21.9175],[97.4023,21.9248],[97.4173,21.9209],[97.4105,21.9175]]],[[[92.9248,24.0394],[92.9172,24.0322],[92.9167,24.0417],[92.9248,24.0394]]],[[[95.2419,21.4394],[95.2495,21.4322],[95.2458,21.4244],[95.2419,21.4394]]],[[[95.2405,25.9411],[95.2478,25.9335],[95.2327,25.9375],[95.2405,25.9411]]],[[[94.2478,24.7998],[94.2396,24.7925],[94.2327,24.7959],[94.2478,24.7998]]],[[[94.2332,16.1572],[94.2251,16.153],[94.2292,16.1673],[94.2332,16.1572]]],[[[91.8438,26.2008],[91.8356,26.2081],[91.8507,26.2042],[91.8438,26.2008]]],[[[91.2144,23.5998],[91.2062,23.5925],[91.1994,23.5959],[91.2144,23.5998]]],[[[96.9856,23.0585],[96.9928,23.0661],[97.0007,23.0625],[96.9856,23.0585]]],[[[93.7756,24.1238],[93.7831,24.1311],[93.7792,24.116],[93.7756,24.1238]]],[[[93.5639,25.027],[93.55,25.0333],[93.5672,25.0295],[93.5639,25.027]]],[[[93.5165,23.9606],[93.5092,23.9688],[93.5125,23.9757],[93.5165,23.9606]]],[[[91.475,23.5667],[91.4611,23.5603],[91.4578,23.5628],[91.475,23.5667]]],[[[97.6248,18.4311],[97.6172,18.4238],[97.6167,18.4333],[97.6248,18.4311]]],[[[96.2644,17.3331],[96.2562,17.3258],[96.2494,17.3292],[96.2644,17.3331]]],[[[94.7082,28.4739],[94.7001,28.4697],[94.7042,28.484],[94.7082,28.4739]]],[[[94.9256,20.1322],[94.9331,20.1394],[94.9292,20.1244],[94.9256,20.1322]]],[[[97.6978,16.3748],[97.6896,16.3675],[97.6827,16.3709],[97.6978,16.3748]]],[[[92.5422,24.4655],[92.5498,24.4728],[92.5459,24.4577],[92.5422,24.4655]]],[[[96.7105,19.6841],[96.7022,19.6915],[96.7173,19.6875],[96.7105,19.6841]]],[[[97.5332,16.4572],[97.5251,16.453],[97.5292,16.4673],[97.5332,16.4572]]],[[[96.8561,22.7415],[96.8479,22.7341],[96.841,22.7375],[96.8561,22.7415]]],[[[94.0583,25.0697],[94.0502,25.0739],[94.0542,25.084],[94.0583,25.0697]]],[[[94.6605,20.7341],[94.6523,20.7415],[94.6673,20.7375],[94.6605,20.7341]]],[[[97.9644,22.1165],[97.9562,22.1091],[97.9494,22.1125],[97.9644,22.1165]]],[[[92.9188,23.4008],[92.9106,23.4081],[92.9257,23.4042],[92.9188,23.4008]]],[[[91.2998,23.4656],[91.2917,23.4614],[91.2958,23.4757],[91.2998,23.4656]]],[[[93.6415,23.6572],[93.6334,23.653],[93.6375,23.6673],[93.6415,23.6572]]],[[[93.75,19.0447],[93.7418,19.0489],[93.7459,19.059],[93.75,19.0447]]],[[[96.0166,28.103],[96.0085,28.1072],[96.0125,28.1173],[96.0166,28.103]]],[[[94.8167,25.3167],[94.8028,25.3103],[94.7995,25.3128],[94.8167,25.3167]]],[[[93.6833,21.9417],[93.6694,21.9353],[93.6662,21.9378],[93.6833,21.9417]]],[[[89.9271,25.4591],[89.9189,25.4665],[89.934,25.4625],[89.9271,25.4591]]],[[[97.3082,17.1322],[97.3001,17.128],[97.3042,17.1423],[97.3082,17.1322]]],[[[94.6339,17.2488],[94.6415,17.2561],[94.6375,17.241],[94.6339,17.2488]]],[[[92.6916,24.6697],[92.6835,24.6739],[92.6875,24.684],[92.6916,24.6697]]],[[[96.2655,22.9578],[96.2728,22.9502],[96.2577,22.9541],[96.2655,22.9578]]],[[[96.3339,17.4738],[96.3415,17.4811],[96.3375,17.466],[96.3339,17.4738]]],[[[93.7417,21.8833],[93.7278,21.877],[93.7245,21.8795],[93.7417,21.8833]]],[[[97.9415,27.5572],[97.9334,27.553],[97.9375,27.5673],[97.9415,27.5572]]],[[[94.7922,20.4322],[94.7998,20.4394],[94.7959,20.4244],[94.7922,20.4322]]],[[[93.95,23.725],[93.9361,23.7187],[93.9328,23.7212],[93.95,23.725]]],[[[93.4415,24.0311],[93.4339,24.0238],[93.4333,24.0333],[93.4415,24.0311]]],[[[93.1748,20.6739],[93.1667,20.6697],[93.1708,20.684],[93.1748,20.6739]]],[[[95.3688,21.4841],[95.3606,21.4915],[95.3757,21.4875],[95.3688,21.4841]]],[[[94.6833,28.603],[94.6752,28.6072],[94.6792,28.6173],[94.6833,28.603]]],[[[94.675,28.6447],[94.6668,28.6489],[94.6709,28.659],[94.675,28.6447]]],[[[92.2995,21.3405],[92.2919,21.3478],[92.3,21.35],[92.2995,21.3405]]],[[[96.3144,20.9248],[96.3062,20.9175],[96.2994,20.9209],[96.3144,20.9248]]],[[[92.1,25.875],[92.1008,25.8854],[92.1042,25.8923],[92.1081,25.8772],[92.1057,25.8752],[92.1035,25.8749],[92.1,25.875]]],[[[94.4582,28.1239],[94.4501,28.1197],[94.4542,28.134],[94.4582,28.1239]]],[[[92.7248,25.3728],[92.7172,25.3655],[92.7167,25.375],[92.7248,25.3728]]],[[[96.4665,20.6144],[96.4589,20.6072],[96.4583,20.6167],[96.4665,20.6144]]],[[[93.1228,24.7498],[93.1146,24.7425],[93.1077,24.7459],[93.1228,24.7498]]],[[[93.9,20.6417],[93.8861,20.6353],[93.8828,20.6378],[93.9,20.6417]]],[[[92.6922,24.6988],[92.6998,24.7061],[92.6959,24.691],[92.6922,24.6988]]],[[[92.3639,25.7353],[92.35,25.7417],[92.3672,25.7378],[92.3639,25.7353]]],[[[94.0,24.025],[93.9861,24.0187],[93.9828,24.0212],[94.0,24.025]]],[[[93.0665,24.5644],[93.0589,24.5572],[93.0583,24.5667],[93.0665,24.5644]]],[[[95.0506,28.0822],[95.0581,28.0894],[95.0542,28.0744],[95.0506,28.0822]]],[[[93.7271,23.8425],[93.7189,23.8498],[93.734,23.8459],[93.7271,23.8425]]],[[[93.5322,23.8911],[93.5394,23.8835],[93.5244,23.8875],[93.5322,23.8911]]],[[[97.3322,26.5745],[97.3394,26.5669],[97.3244,26.5708],[97.3322,26.5745]]],[[[95.2081,18.7978],[95.2006,18.7905],[95.2,18.8],[95.2081,18.7978]]],[[[93.9415,23.8656],[93.9334,23.8614],[93.9375,23.8757],[93.9415,23.8656]]],[[[93.9915,21.3489],[93.9834,21.3447],[93.9875,21.359],[93.9915,21.3489]]],[[[94.6306,18.7853],[94.6167,18.7917],[94.6339,18.7878],[94.6306,18.7853]]],[[[90.4331,25.3228],[90.4256,25.3155],[90.425,25.325],[90.4331,25.3228]]],[[[93.9811,20.8831],[93.9729,20.8758],[93.966,20.8792],[93.9811,20.8831]]],[[[97.8249,15.6906],[97.8167,15.6864],[97.8208,15.7007],[97.8249,15.6906]]],[[[92.3917,24.4833],[92.3947,24.4916],[92.409,24.4875],[92.3989,24.4835],[92.3952,24.4833],[92.3917,24.4833]]],[[[92.9498,21.2072],[92.9417,21.203],[92.9458,21.2173],[92.9498,21.2072]]],[[[93.2089,21.9488],[93.2165,21.9561],[93.2125,21.941],[93.2089,21.9488]]],[[[94.2722,18.9937],[94.2583,19.0],[94.2755,18.9962],[94.2722,18.9937]]],[[[93.4415,20.0572],[93.4334,20.053],[93.4375,20.0673],[93.4415,20.0572]]],[[[93.7086,25.2561],[93.7161,25.2488],[93.7125,25.241],[93.7086,25.2561]]],[[[97.7748,15.8656],[97.7667,15.8614],[97.7708,15.8757],[97.7748,15.8656]]],[[[94.8078,25.0488],[94.8002,25.0561],[94.8083,25.0583],[94.8078,25.0488]]],[[[94.1839,25.7072],[94.1915,25.7144],[94.1875,25.6994],[94.1839,25.7072]]],[[[97.0666,18.178],[97.0585,18.1822],[97.0625,18.1923],[97.0666,18.178]]],[[[97.2473,23.4937],[97.2333,23.5],[97.2505,23.4962],[97.2473,23.4937]]],[[[91.3006,23.4488],[91.3081,23.4561],[91.3042,23.441],[91.3006,23.4488]]],[[[93.025,23.1114],[93.0168,23.1156],[93.0209,23.1257],[93.025,23.1114]]],[[[95.8311,18.1498],[95.8229,18.1425],[95.816,18.1459],[95.8311,18.1498]]],[[[94.3082,18.9822],[94.3001,18.978],[94.3042,18.9923],[94.3082,18.9822]]],[[[89.8665,25.4406],[89.8584,25.4364],[89.8625,25.4507],[89.8665,25.4406]]],[[[91.3583,23.1833],[91.3592,23.1938],[91.3625,23.2007],[91.3665,23.1856],[91.364,23.1835],[91.3619,23.1833],[91.3583,23.1833]]],[[[94.5419,25.4894],[94.5495,25.4822],[94.5458,25.4744],[94.5419,25.4894]]],[[[93.6889,25.2187],[93.675,25.225],[93.6922,25.2212],[93.6889,25.2187]]],[[[93.9406,18.9085],[93.9364,18.9166],[93.9507,18.9125],[93.9406,18.9085]]],[[[93.8155,19.1078],[93.8228,19.1002],[93.8077,19.1041],[93.8155,19.1078]]],[[[92.3272,25.7169],[92.3345,25.7245],[92.3423,25.7208],[92.3272,25.7169]]],[[[92.9165,24.8606],[92.9092,24.8688],[92.9125,24.8757],[92.9165,24.8606]]],[[[93.7336,23.8728],[93.7411,23.8655],[93.7375,23.8577],[93.7336,23.8728]]],[[[92.7978,23.3915],[92.7896,23.3841],[92.7827,23.3875],[92.7978,23.3915]]],[[[96.9228,17.9081],[96.9146,17.9008],[96.9077,17.9042],[96.9228,17.9081]]],[[[91.5578,23.5405],[91.5502,23.5478],[91.5583,23.55],[91.5578,23.5405]]],[[[96.9582,17.6489],[96.9501,17.6447],[96.9542,17.659],[96.9582,17.6489]]],[[[96.7745,19.8238],[96.7669,19.8311],[96.775,19.8333],[96.7745,19.8238]]],[[[94.1188,24.6925],[94.1106,24.6998],[94.1257,24.6959],[94.1188,24.6925]]],[[[97.4917,23.5917],[97.4778,23.5853],[97.4745,23.5878],[97.4917,23.5917]]],[[[94.8422,16.0322],[94.8498,16.0394],[94.8459,16.0244],[94.8422,16.0322]]],[[[96.8995,19.1738],[96.8919,19.1811],[96.9,19.1833],[96.8995,19.1738]]],[[[94.7172,20.7988],[94.7248,20.8061],[94.7209,20.791],[94.7172,20.7988]]],[[[94.4522,25.9669],[94.4595,25.9745],[94.4673,25.9708],[94.4522,25.9669]]],[[[97.8021,19.5675],[97.7939,19.5748],[97.809,19.5709],[97.8021,19.5675]]],[[[94.1723,25.8937],[94.1583,25.9],[94.1755,25.8962],[94.1723,25.8937]]],[[[94.7411,28.1238],[94.7336,28.1311],[94.7417,28.1333],[94.7411,28.1238]]],[[[93.4083,23.9417],[93.4092,23.9521],[93.4125,23.959],[93.4165,23.9439],[93.414,23.9419],[93.4119,23.9416],[93.4083,23.9417]]],[[[94.0248,24.4144],[94.0172,24.4072],[94.0167,24.4167],[94.0248,24.4144]]],[[[96.9248,17.5239],[96.9167,17.5197],[96.9208,17.534],[96.9248,17.5239]]],[[[93.8022,25.1002],[93.8095,25.1078],[93.8173,25.1041],[93.8022,25.1002]]],[[[91.6228,23.2748],[91.6146,23.2675],[91.6077,23.2709],[91.6228,23.2748]]],[[[96.5228,19.4165],[96.5146,19.4091],[96.5077,19.4125],[96.5228,19.4165]]],[[[96.9272,17.5085],[96.9345,17.5161],[96.9423,17.5125],[96.9272,17.5085]]],[[[92.9911,23.4572],[92.9836,23.4644],[92.9917,23.4667],[92.9911,23.4572]]],[[[92.2271,25.2675],[92.2189,25.2748],[92.234,25.2709],[92.2271,25.2675]]],[[[94.4556,27.852],[94.4417,27.8583],[94.4589,27.8545],[94.4556,27.852]]],[[[96.3333,27.928],[96.3252,27.9322],[96.3292,27.9423],[96.3333,27.928]]],[[[93.8561,23.4498],[93.8479,23.4425],[93.841,23.4459],[93.8561,23.4498]]],[[[94.7355,20.4591],[94.7272,20.4665],[94.7423,20.4625],[94.7355,20.4591]]],[[[94.8639,25.8937],[94.85,25.9],[94.8672,25.8962],[94.8639,25.8937]]],[[[97.7172,15.9322],[97.7248,15.9394],[97.7209,15.9244],[97.7172,15.9322]]],[[[94.6498,28.0239],[94.6417,28.0197],[94.6458,28.034],[94.6498,28.0239]]],[[[92.8922,20.9155],[92.8998,20.9228],[92.8959,20.9077],[92.8922,20.9155]]],[[[93.3422,20.3322],[93.3498,20.3394],[93.3459,20.3244],[93.3422,20.3322]]],[[[92.875,24.9167],[92.8611,24.9103],[92.8578,24.9128],[92.875,24.9167]]],[[[97.4745,17.3905],[97.4669,17.3978],[97.475,17.4],[97.4745,17.3905]]],[[[95.975,28.1197],[95.9668,28.1239],[95.9709,28.134],[95.975,28.1197]]],[[[95.9748,17.6311],[95.9672,17.6238],[95.9667,17.6333],[95.9748,17.6311]]],[[[95.3271,21.4091],[95.3189,21.4165],[95.334,21.4125],[95.3271,21.4091]]],[[[92.1332,25.7406],[92.1251,25.7364],[92.1292,25.7507],[92.1332,25.7406]]],[[[96.8665,19.3239],[96.8584,19.3197],[96.8625,19.334],[96.8665,19.3239]]],[[[94.7248,20.3906],[94.7167,20.3864],[94.7208,20.4007],[94.7248,20.3906]]],[[[93.65,22.8083],[93.6361,22.802],[93.6328,22.8045],[93.65,22.8083]]],[[[94.1644,24.2915],[94.1562,24.2841],[94.1494,24.2875],[94.1644,24.2915]]],[[[92.5002,24.6978],[92.5078,24.6905],[92.5042,24.6827],[92.5002,24.6978]]],[[[97.8589,15.5572],[97.8665,15.5644],[97.8625,15.5494],[97.8589,15.5572]]],[[[91.5006,23.2738],[91.5081,23.2811],[91.5042,23.266],[91.5006,23.2738]]],[[[95.5002,28.3894],[95.5078,28.3822],[95.5042,28.3744],[95.5002,28.3894]]],[[[97.5356,16.4419],[97.5428,16.4495],[97.5507,16.4458],[97.5356,16.4419]]],[[[93.4144,27.8998],[93.4062,27.8925],[93.3994,27.8959],[93.4144,27.8998]]],[[[93.4144,26.3081],[93.4062,26.3008],[93.3994,26.3042],[93.4144,26.3081]]],[[[97.1333,22.6614],[97.1252,22.6656],[97.1292,22.6757],[97.1333,22.6614]]],[[[93.2578,22.9405],[93.2502,22.9478],[93.2583,22.95],[93.2578,22.9405]]],[[[94.5083,25.7864],[94.5002,25.7906],[94.5042,25.8007],[94.5083,25.7864]]],[[[91.5248,23.4906],[91.5167,23.4864],[91.5208,23.5007],[91.5248,23.4906]]],[[[93.5245,24.4238],[93.5169,24.4311],[93.525,24.4333],[93.5245,24.4238]]],[[[97.375,17.0333],[97.3758,17.0438],[97.3792,17.0507],[97.3831,17.0356],[97.3807,17.0335],[97.3785,17.0333],[97.375,17.0333]]],[[[97.1223,17.3353],[97.1083,17.3417],[97.1255,17.3378],[97.1223,17.3353]]],[[[98.0,19.8816],[98.0,19.8795],[98.0,19.8799],[98.0,19.8816]]],[[[93.5006,19.3238],[93.5081,19.3311],[93.5042,19.316],[93.5006,19.3238]]],[[[92.3998,24.4561],[92.3922,24.4488],[92.3917,24.4583],[92.3998,24.4561]]],[[[97.1521,18.0675],[97.1439,18.0748],[97.159,18.0709],[97.1521,18.0675]]],[[[98.0,15.9371],[98.0,15.939],[98.0,15.9393],[98.0,15.9371]]],[[[97.5006,17.6238],[97.5081,17.6311],[97.5042,17.616],[97.5006,17.6238]]],[[[93.3439,27.9085],[93.3512,27.9161],[93.359,27.9125],[93.3439,27.9085]]],[[[93.9489,23.6995],[93.9561,23.6919],[93.941,23.6958],[93.9489,23.6995]]],[[[96.4722,18.2103],[96.4583,18.2167],[96.4755,18.2128],[96.4722,18.2103]]],[[[93.9394,20.6831],[93.9312,20.6758],[93.9244,20.6792],[93.9394,20.6831]]],[[[93.5248,19.8989],[93.5167,19.8947],[93.5208,19.909],[93.5248,19.8989]]],[[[94.8355,27.9091],[94.8272,27.9165],[94.8423,27.9125],[94.8355,27.9091]]],[[[94.4459,17.9833],[94.4378,17.9929],[94.4396,17.998],[94.4489,17.9946],[94.4459,17.9833]]],[[[94.9812,16.1334],[94.9702,16.1389],[94.9892,16.1356],[94.9812,16.1334]]],[[[95.0417,17.7417],[95.0468,17.7513],[95.0589,17.7453],[95.0564,17.7442],[95.0417,17.7417]]],[[[94.675,17.1667],[94.6614,17.1603],[94.6578,17.163],[94.675,17.1667]]],[[[92.2083,24.5417],[92.1947,24.5353],[92.1911,24.538],[92.2083,24.5417]]],[[[97.2167,23.125],[97.2264,23.1192],[97.2203,23.1077],[97.2167,23.125]]],[[[94.4667,17.95],[94.4764,17.9442],[94.4703,17.9327],[94.4667,17.95]]],[[[94.75,20.3583],[94.7552,20.368],[94.7673,20.362],[94.7647,20.3609],[94.75,20.3583]]],[[[95.25,21.5],[95.2404,21.5052],[95.2464,21.5173],[95.2475,21.5147],[95.25,21.5]]],[[[92.1327,24.1543],[92.1237,24.1556],[92.13,24.1689],[92.1327,24.1543]]],[[[94.0243,23.9126],[94.0154,23.9139],[94.0217,23.9273],[94.0243,23.9126]]],[[[90.7577,25.996],[90.7487,25.9972],[90.755,26.0106],[90.7577,25.996]]],[[[94.5577,16.771],[94.5487,16.7722],[94.555,16.7856],[94.5577,16.771]]],[[[91.3327,23.646],[91.3237,23.6472],[91.33,23.6606],[91.3327,23.646]]],[[[92.4513,22.8378],[92.4582,22.8248],[92.4586,22.8137],[92.4513,22.8378]]],[[[97.2288,22.6439],[97.2186,22.6358],[97.2159,22.6372],[97.2288,22.6439]]],[[[94.85,16.0539],[94.8417,16.056],[94.845,16.063],[94.85,16.0539]]],[[[94.7417,28.8167],[94.734,28.8167],[94.7374,28.8258],[94.7417,28.8167]]],[[[93.6167,25.3917],[93.609,25.3917],[93.6124,25.4008],[93.6167,25.3917]]],[[[94.85,20.9833],[94.8423,20.9833],[94.8458,20.9924],[94.85,20.9833]]],[[[92.9917,24.7167],[92.984,24.7167],[92.9874,24.7258],[92.9917,24.7167]]],[[[93.7583,22.0833],[93.7506,22.0833],[93.7541,22.0924],[93.7583,22.0833]]],[[[96.9917,19.2417],[96.984,19.2417],[96.9874,19.2508],[96.9917,19.2417]]],[[[94.1333,24.7167],[94.1256,24.7167],[94.1291,24.7258],[94.1333,24.7167]]],[[[93.7583,23.9333],[93.7506,23.9333],[93.7541,23.9424],[93.7583,23.9333]]],[[[92.7583,24.6833],[92.7506,24.6833],[92.7541,24.6924],[92.7583,24.6833]]],[[[97.6167,16.9667],[97.609,16.9667],[97.6124,16.9758],[97.6167,16.9667]]],[[[94.0083,27.85],[94.0006,27.85],[94.0041,27.8591],[94.0083,27.85]]],[[[95.145,18.8846],[95.1328,18.8878],[95.1524,18.8875],[95.145,18.8846]]],[[[94.3533,24.8596],[94.3411,24.8628],[94.3607,24.8625],[94.3533,24.8596]]],[[[94.6033,28.3429],[94.5911,28.3462],[94.6107,28.3458],[94.6033,28.3429]]],[[[91.5366,23.2679],[91.5244,23.2712],[91.544,23.2708],[91.5366,23.2679]]],[[[93.12,23.6429],[93.1078,23.6462],[93.1274,23.6458],[93.12,23.6429]]],[[[93.975,21.35],[93.9673,21.35],[93.9708,21.3591],[93.975,21.35]]],[[[90.9116,25.9929],[90.8994,25.9962],[90.919,25.9958],[90.9116,25.9929]]],[[[96.9116,17.7513],[96.8994,17.7545],[96.919,17.7542],[96.9116,17.7513]]],[[[97.9583,19.65],[97.9506,19.65],[97.9541,19.6591],[97.9583,19.65]]],[[[93.85,19.0833],[93.8423,19.0833],[93.8458,19.0924],[93.85,19.0833]]],[[[94.15,25.0417],[94.1423,25.0417],[94.1458,25.0508],[94.15,25.0417]]],[[[91.65,23.05],[91.6423,23.05],[91.6458,23.0591],[91.65,23.05]]],[[[94.15,27.6667],[94.1423,27.6667],[94.1458,27.6758],[94.15,27.6667]]],[[[93.775,21.2],[93.7673,21.2],[93.7708,21.2091],[93.775,21.2]]],[[[97.1333,17.3167],[97.1256,17.3167],[97.1291,17.3258],[97.1333,17.3167]]],[[[96.5283,18.8929],[96.5161,18.8962],[96.5357,18.8958],[96.5283,18.8929]]],[[[93.725,21.7583],[93.7173,21.7583],[93.7208,21.7674],[93.725,21.7583]]],[[[92.6033,24.9846],[92.5911,24.9878],[92.6107,24.9875],[92.6033,24.9846]]],[[[92.475,20.7083],[92.4673,20.7083],[92.4708,20.7174],[92.475,20.7083]]],[[[97.7033,17.0346],[97.6911,17.0378],[97.7107,17.0375],[97.7033,17.0346]]],[[[98.0,16.87],[97.9993,16.8708],[98.0,16.8717],[98.0,16.87]]],[[[92.5283,25.5846],[92.5161,25.5878],[92.5357,25.5875],[92.5283,25.5846]]],[[[89.9033,25.4679],[89.8911,25.4712],[89.9107,25.4708],[89.9033,25.4679]]],[[[92.2866,24.4679],[92.2744,24.4712],[92.294,24.4708],[92.2866,24.4679]]],[[[97.9616,24.0179],[97.9494,24.0212],[97.969,24.0208],[97.9616,24.0179]]],[[[94.52,17.2513],[94.5078,17.2545],[94.5274,17.2542],[94.52,17.2513]]],[[[95.8116,28.5929],[95.7994,28.5962],[95.819,28.5958],[95.8116,28.5929]]],[[[96.7366,27.9429],[96.7244,27.9462],[96.744,27.9458],[96.7366,27.9429]]],[[[92.9866,24.8346],[92.9744,24.8378],[92.994,24.8375],[92.9866,24.8346]]],[[[97.72,18.9096],[97.7078,18.9128],[97.7274,18.9125],[97.72,18.9096]]],[[[94.525,25.5417],[94.5173,25.5417],[94.5208,25.5508],[94.525,25.5417]]],[[[95.2116,21.3763],[95.1994,21.3795],[95.219,21.3792],[95.2116,21.3763]]],[[[94.9366,16.0513],[94.9244,16.0545],[94.944,16.0542],[94.9366,16.0513]]],[[[93.0783,24.7679],[93.0661,24.7712],[93.0857,24.7708],[93.0783,24.7679]]],[[[94.17,25.7513],[94.1578,25.7545],[94.1774,25.7542],[94.17,25.7513]]],[[[93.92,23.8513],[93.9078,23.8545],[93.9274,23.8542],[93.92,23.8513]]],[[[94.525,25.8167],[94.5173,25.8167],[94.5208,25.8258],[94.525,25.8167]]],[[[93.8533,22.5096],[93.8411,22.5128],[93.8607,22.5125],[93.8533,22.5096]]],[[[92.95,24.9],[92.9423,24.9],[92.9458,24.9091],[92.95,24.9]]],[[[93.6667,19.1667],[93.659,19.1667],[93.6624,19.1758],[93.6667,19.1667]]],[[[93.45,19.725],[93.4423,19.725],[93.4458,19.7341],[93.45,19.725]]],[[[93.4167,22.8417],[93.409,22.8417],[93.4124,22.8508],[93.4167,22.8417]]],[[[92.95,20.9667],[92.9423,20.9667],[92.9458,20.9758],[92.95,20.9667]]],[[[92.7917,25.325],[92.784,25.325],[92.7874,25.3341],[92.7917,25.325]]],[[[94.6833,20.4667],[94.6756,20.4667],[94.6791,20.4758],[94.6833,20.4667]]],[[[97.15,18.5],[97.1423,18.5],[97.1458,18.5091],[97.15,18.5]]],[[[97.9333,15.7833],[97.9256,15.7833],[97.9291,15.7924],[97.9333,15.7833]]],[[[93.825,19.625],[93.8173,19.625],[93.8208,19.6341],[93.825,19.625]]],[[[94.6667,28.7],[94.659,28.7],[94.6624,28.7091],[94.6667,28.7]]],[[[90.9333,26.0],[90.9256,26.0],[90.9291,26.0091],[90.9333,26.0]]],[[[93.075,24.5917],[93.0673,24.5917],[93.0708,24.6008],[93.075,24.5917]]],[[[97.5583,16.3333],[97.5506,16.3333],[97.5541,16.3424],[97.5583,16.3333]]],[[[97.7917,15.4667],[97.784,15.4667],[97.7874,15.4758],[97.7917,15.4667]]],[[[97.5417,17.0917],[97.534,17.0917],[97.5374,17.1008],[97.5417,17.0917]]],[[[93.3283,22.6179],[93.3161,22.6212],[93.3357,22.6208],[93.3283,22.6179]]],[[[96.7116,27.9513],[96.6994,27.9545],[96.719,27.9542],[96.7116,27.9513]]],[[[97.9417,15.9167],[97.934,15.9167],[97.9374,15.9258],[97.9417,15.9167]]],[[[94.6917,17.4917],[94.684,17.4917],[94.6874,17.5008],[94.6917,17.4917]]],[[[93.7366,22.9679],[93.7244,22.9712],[93.744,22.9708],[93.7366,22.9679]]],[[[97.6033,16.5429],[97.5911,16.5462],[97.6107,16.5458],[97.6033,16.5429]]],[[[92.4283,24.7013],[92.4161,24.7045],[92.4357,24.7042],[92.4283,24.7013]]],[[[92.5033,20.8013],[92.4911,20.8045],[92.5107,20.8042],[92.5033,20.8013]]],[[[92.9583,20.9417],[92.9506,20.9417],[92.9541,20.9508],[92.9583,20.9417]]],[[[94.8417,28.3583],[94.834,28.3583],[94.8374,28.3674],[94.8417,28.3583]]],[[[97.97,16.3513],[97.9578,16.3545],[97.9774,16.3542],[97.97,16.3513]]],[[[95.0033,28.0179],[94.9911,28.0212],[95.0107,28.0208],[95.0033,28.0179]]],[[[93.82,25.5346],[93.8078,25.5378],[93.8274,25.5375],[93.82,25.5346]]],[[[93.4283,26.3179],[93.4161,26.3212],[93.4357,26.3208],[93.4283,26.3179]]],[[[93.4583,21.6167],[93.4506,21.6167],[93.4541,21.6258],[93.4583,21.6167]]],[[[96.8366,27.1346],[96.8244,27.1378],[96.844,27.1375],[96.8366,27.1346]]],[[[95.2116,21.4013],[95.1994,21.4045],[95.219,21.4042],[95.2116,21.4013]]],[[[95.2116,21.3429],[95.1994,21.3462],[95.219,21.3458],[95.2116,21.3429]]],[[[95.4533,18.9596],[95.4411,18.9628],[95.4607,18.9625],[95.4533,18.9596]]],[[[94.97,28.7679],[94.9578,28.7712],[94.9774,28.7708],[94.97,28.7679]]],[[[96.9866,17.6096],[96.9744,17.6128],[96.994,17.6125],[96.9866,17.6096]]],[[[94.4866,28.5096],[94.4744,28.5128],[94.494,28.5125],[94.4866,28.5096]]],[[[93.5533,19.3179],[93.5411,19.3212],[93.5607,19.3208],[93.5533,19.3179]]],[[[97.445,17.5679],[97.4328,17.5712],[97.4524,17.5708],[97.445,17.5679]]],[[[94.6783,17.1096],[94.6661,17.1128],[94.6857,17.1125],[94.6783,17.1096]]],[[[96.3116,27.2596],[96.2994,27.2628],[96.319,27.2625],[96.3116,27.2596]]],[[[96.7,20.0],[96.6923,20.0],[96.6958,20.0091],[96.7,20.0]]],[[[93.92,18.9429],[93.9078,18.9462],[93.9274,18.9458],[93.92,18.9429]]],[[[93.875,20.75],[93.8673,20.75],[93.8708,20.7591],[93.875,20.75]]],[[[97.9833,16.0167],[97.9756,16.0167],[97.9791,16.0258],[97.9833,16.0167]]],[[[97.375,16.85],[97.3673,16.85],[97.3708,16.8591],[97.375,16.85]]],[[[98.0,22.1667],[97.9923,22.1667],[97.9958,22.1758],[98.0,22.1667]]],[[[93.3917,23.85],[93.384,23.85],[93.3874,23.8591],[93.3917,23.85]]],[[[95.8583,28.6333],[95.8506,28.6333],[95.8541,28.6424],[95.8583,28.6333]]],[[[94.7333,20.6667],[94.7256,20.6667],[94.7291,20.6758],[94.7333,20.6667]]],[[[92.9833,20.975],[92.9756,20.975],[92.9791,20.9841],[92.9833,20.975]]],[[[94.5,16.925],[94.4923,16.925],[94.4958,16.9341],[94.5,16.925]]],[[[93.375,20.2833],[93.3673,20.2833],[93.3708,20.2924],[93.375,20.2833]]],[[[92.5167,24.625],[92.509,24.625],[92.5124,24.6341],[92.5167,24.625]]],[[[93.2333,23.1083],[93.2256,23.1083],[93.2291,23.1174],[93.2333,23.1083]]],[[[96.32,17.4346],[96.3078,17.4378],[96.3274,17.4375],[96.32,17.4346]]],[[[94.8583,21.1917],[94.8506,21.1917],[94.8541,21.2008],[94.8583,21.1917]]],[[[97.95,16.225],[97.9423,16.225],[97.9458,16.2341],[97.95,16.225]]],[[[94.5,25.6],[94.4923,25.6],[94.4958,25.6091],[94.5,25.6]]],[[[97.8583,15.275],[97.8506,15.275],[97.8541,15.2841],[97.8583,15.275]]],[[[92.7866,25.2929],[92.7744,25.2962],[92.794,25.2958],[92.7866,25.2929]]],[[[93.7866,24.3096],[93.7744,24.3128],[93.794,24.3125],[93.7866,24.3096]]],[[[97.3917,16.8083],[97.384,16.8083],[97.3874,16.8174],[97.3917,16.8083]]],[[[93.6917,19.2167],[93.684,19.2167],[93.6874,19.2258],[93.6917,19.2167]]],[[[96.3417,17.4],[96.334,17.4],[96.3374,17.4091],[96.3417,17.4]]],[[[93.0333,23.2],[93.0256,23.2],[93.0291,23.2091],[93.0333,23.2]]],[[[96.925,17.4833],[96.9173,17.4833],[96.9208,17.4924],[96.925,17.4833]]],[[[92.9417,20.675],[92.934,20.675],[92.9374,20.6841],[92.9417,20.675]]],[[[93.4083,21.8417],[93.4006,21.8417],[93.4041,21.8508],[93.4083,21.8417]]],[[[93.7833,24.1],[93.7756,24.1],[93.7791,24.1091],[93.7833,24.1]]],[[[93.0333,24.8583],[93.0256,24.8583],[93.0291,24.8674],[93.0333,24.8583]]],[[[90.05,25.8417],[90.0423,25.8417],[90.0458,25.8508],[90.05,25.8417]]],[[[94.05,18.9083],[94.0423,18.9083],[94.0458,18.9174],[94.05,18.9083]]],[[[97.55,16.4083],[97.5423,16.4083],[97.5458,16.4174],[97.55,16.4083]]],[[[93.5667,23.4917],[93.559,23.4917],[93.5624,23.5008],[93.5667,23.4917]]],[[[96.6583,18.7],[96.6506,18.7],[96.6541,18.7091],[96.6583,18.7]]],[[[97.6583,16.95],[97.6506,16.95],[97.6541,16.9591],[97.6583,16.95]]],[[[94.9083,18.0833],[94.9006,18.0833],[94.9041,18.0924],[94.9083,18.0833]]],[[[96.9083,17.8083],[96.9006,17.8083],[96.9041,17.8174],[96.9083,17.8083]]],[[[93.7283,24.3096],[93.7161,24.3128],[93.7357,24.3125],[93.7283,24.3096]]],[[[96.32,17.4513],[96.3078,17.4545],[96.3274,17.4542],[96.32,17.4513]]],[[[93.575,19.7917],[93.5673,19.7917],[93.57,19.8],[93.575,19.7917]]],[[[91.8417,26.2417],[91.8339,26.2417],[91.8377,26.2498],[91.8417,26.2417]]],[[[94.5667,17.3],[94.559,17.3009],[94.5639,17.3074],[94.5667,17.3]]],[[[95.3484,21.4615],[95.3348,21.4658],[95.3509,21.4625],[95.3484,21.4615]]],[[[97.8167,14.275],[97.809,14.2741],[97.8105,14.2809],[97.8167,14.275]]],[[[95.1497,21.3178],[95.1421,21.3241],[95.149,21.3247],[95.1497,21.3178]]],[[[93.7413,27.4158],[93.7336,27.4094],[93.7344,27.4163],[93.7413,27.4158]]],[[[95.2574,25.9421],[95.2511,25.9497],[95.258,25.949],[95.2574,25.9421]]],[[[93.8991,21.7421],[93.8928,21.7497],[93.8997,21.749],[93.8991,21.7421]]],[[[93.7079,25.3241],[93.7003,25.3178],[93.701,25.3247],[93.7079,25.3241]]],[[[93.3081,22.5678],[93.3004,22.5741],[93.3073,22.5747],[93.3081,22.5678]]],[[[97.9746,22.1074],[97.967,22.1011],[97.9677,22.108],[97.9746,22.1074]]],[[[97.7746,16.0741],[97.767,16.0678],[97.7677,16.0747],[97.7746,16.0741]]],[[[92.9579,21.1991],[92.9503,21.1928],[92.951,21.1997],[92.9579,21.1991]]],[[[94.5079,18.3741],[94.5003,18.3678],[94.501,18.3747],[94.5079,18.3741]]],[[[97.4746,17.6824],[97.467,17.6761],[97.4677,17.683],[97.4746,17.6824]]],[[[96.7579,19.5574],[96.7503,19.5511],[96.751,19.558],[96.7579,19.5574]]],[[[91.3996,23.7908],[91.392,23.7844],[91.3927,23.7913],[91.3996,23.7908]]],[[[97.5329,17.5741],[97.5253,17.5678],[97.526,17.5747],[97.5329,17.5741]]],[[[97.5329,16.7158],[97.5253,16.7094],[97.526,16.7163],[97.5329,16.7158]]],[[[91.6329,23.2658],[91.6253,23.2594],[91.626,23.2663],[91.6329,23.2658]]],[[[95.5081,18.9761],[95.5004,18.9824],[95.5073,18.983],[95.5081,18.9761]]],[[[95.8824,27.0671],[95.8761,27.0747],[95.883,27.074],[95.8824,27.0671]]],[[[97.7996,15.8241],[97.792,15.8178],[97.7927,15.8247],[97.7996,15.8241]]],[[[94.3829,24.5908],[94.3753,24.5844],[94.376,24.5913],[94.3829,24.5908]]],[[[93.0246,24.6908],[93.017,24.6844],[93.0177,24.6913],[93.0246,24.6908]]],[[[97.7329,15.6991],[97.7253,15.6928],[97.726,15.6997],[97.7329,15.6991]]],[[[92.8996,24.5324],[92.892,24.5261],[92.8927,24.533],[92.8996,24.5324]]],[[[93.0246,24.9074],[93.017,24.9011],[93.0177,24.908],[93.0246,24.9074]]],[[[96.5163,20.8074],[96.5086,20.8011],[96.5094,20.808],[96.5163,20.8074]]],[[[93.0829,24.5408],[93.0753,24.5344],[93.076,24.5413],[93.0829,24.5408]]],[[[91.9246,26.2324],[91.917,26.2261],[91.9177,26.233],[91.9246,26.2324]]],[[[93.7413,19.0408],[93.7336,19.0344],[93.7344,19.0413],[93.7413,19.0408]]],[[[92.8996,24.3824],[92.892,24.3761],[92.8927,24.383],[92.8996,24.3824]]],[[[94.0908,27.4754],[94.0845,27.4831],[94.0913,27.4823],[94.0908,27.4754]]],[[[94.5829,26.6408],[94.5753,26.6344],[94.576,26.6413],[94.5829,26.6408]]],[[[97.2414,23.5178],[97.2338,23.5241],[97.2407,23.5247],[97.2414,23.5178]]],[[[97.8247,18.2428],[97.8171,18.2491],[97.824,18.2497],[97.8247,18.2428]]],[[[92.8247,24.4594],[92.8171,24.4658],[92.824,24.4663],[92.8247,24.4594]]],[[[91.5079,23.3158],[91.5003,23.3094],[91.501,23.3163],[91.5079,23.3158]]],[[[94.9414,26.0678],[94.9338,26.0741],[94.9407,26.0747],[94.9414,26.0678]]],[[[93.4996,19.3408],[93.492,19.3344],[93.4927,19.3413],[93.4996,19.3408]]],[[[96.9829,23.0741],[96.9753,23.0678],[96.976,23.0747],[96.9829,23.0741]]],[[[93.5247,25.0261],[93.5171,25.0324],[93.524,25.033],[93.5247,25.0261]]],[[[92.8663,20.5658],[92.8586,20.5594],[92.8594,20.5663],[92.8663,20.5658]]],[[[92.2996,21.1658],[92.292,21.1594],[92.2927,21.1663],[92.2996,21.1658]]],[[[94.3246,18.6991],[94.317,18.6928],[94.3177,18.6997],[94.3246,18.6991]]],[[[93.3829,20.3324],[93.3753,20.3261],[93.376,20.333],[93.3829,20.3324]]],[[[96.8829,19.2074],[96.8753,19.2011],[96.876,19.208],[96.8829,19.2074]]],[[[93.7663,22.4324],[93.7586,22.4261],[93.7594,22.433],[93.7663,22.4324]]],[[[94.6413,17.0741],[94.6336,17.0678],[94.6344,17.0747],[94.6413,17.0741]]],[[[96.6163,28.0324],[96.6086,28.0261],[96.6094,28.033],[96.6163,28.0324]]],[[[93.7746,24.1408],[93.767,24.1344],[93.7677,24.1413],[93.7746,24.1408]]],[[[93.7164,23.7844],[93.7088,23.7908],[93.7157,23.7913],[93.7164,23.7844]]],[[[94.2581,16.1428],[94.2504,16.1491],[94.2573,16.1497],[94.2581,16.1428]]],[[[97.7913,18.6991],[97.7836,18.6928],[97.7844,18.6997],[97.7913,18.6991]]],[[[96.4163,20.0741],[96.4086,20.0678],[96.4094,20.0747],[96.4163,20.0741]]],[[[97.3247,17.2428],[97.3171,17.2491],[97.324,17.2497],[97.3247,17.2428]]],[[[97.5246,17.7324],[97.517,17.7261],[97.5177,17.733],[97.5246,17.7324]]],[[[97.9079,23.1408],[97.9003,23.1344],[97.901,23.1413],[97.9079,23.1408]]],[[[93.4246,27.8908],[93.417,27.8844],[93.4177,27.8913],[93.4246,27.8908]]],[[[93.7246,19.0574],[93.717,19.0511],[93.7177,19.058],[93.7246,19.0574]]],[[[97.0747,22.8678],[97.0671,22.8741],[97.074,22.8747],[97.0747,22.8678]]],[[[97.8996,19.9824],[97.892,19.9761],[97.8927,19.983],[97.8996,19.9824]]],[[[96.3163,20.5158],[96.3086,20.5094],[96.3094,20.5163],[96.3163,20.5158]]],[[[96.5663,20.2574],[96.5586,20.2511],[96.5594,20.258],[96.5663,20.2574]]],[[[93.7914,24.1344],[93.7838,24.1408],[93.7907,24.1413],[93.7914,24.1344]]],[[[92.9913,20.1158],[92.9836,20.1094],[92.9844,20.1163],[92.9913,20.1158]]],[[[91.6246,23.1241],[91.617,23.1178],[91.6177,23.1247],[91.6246,23.1241]]],[[[94.5574,25.4921],[94.5511,25.4997],[94.558,25.499],[94.5574,25.4921]]],[[[96.5667,28.0833],[96.5678,28.0914],[96.5747,28.0907],[96.5741,28.0837],[96.5717,28.0833],[96.5667,28.0833]]],[[[94.0746,24.7324],[94.067,24.7261],[94.0677,24.733],[94.0746,24.7324]]],[[[93.9408,21.6004],[93.9345,21.6081],[93.9413,21.6073],[93.9408,21.6004]]],[[[94.3246,20.1241],[94.317,20.1178],[94.3177,20.1247],[94.3246,20.1241]]],[[[94.9331,26.0594],[94.9254,26.0658],[94.9323,26.0663],[94.9331,26.0594]]],[[[96.7746,19.5408],[96.767,19.5344],[96.7677,19.5413],[96.7746,19.5408]]],[[[95.1246,18.4991],[95.117,18.4928],[95.1177,18.4997],[95.1246,18.4991]]],[[[92.5331,24.7261],[92.5254,24.7324],[92.5323,24.733],[92.5331,24.7261]]],[[[97.4829,17.2491],[97.4753,17.2428],[97.476,17.2497],[97.4829,17.2491]]],[[[97.5829,22.0908],[97.5753,22.0844],[97.576,22.0913],[97.5829,22.0908]]],[[[92.9079,20.4991],[92.9003,20.4928],[92.901,20.4997],[92.9079,20.4991]]],[[[93.7829,21.7324],[93.7753,21.7261],[93.776,21.733],[93.7829,21.7324]]],[[[97.8746,19.7491],[97.867,19.7428],[97.8677,19.7497],[97.8746,19.7491]]],[[[92.5163,25.1074],[92.5086,25.1011],[92.5094,25.108],[92.5163,25.1074]]],[[[96.6663,27.9658],[96.6586,27.9594],[96.6594,27.9663],[96.6663,27.9658]]],[[[94.8074,25.6087],[94.8011,25.6164],[94.808,25.6157],[94.8074,25.6087]]],[[[93.7913,22.4074],[93.7836,22.4011],[93.7844,22.408],[93.7913,22.4074]]],[[[94.5997,17.2261],[94.5921,17.2324],[94.599,17.233],[94.5997,17.2261]]],[[[91.3664,23.3261],[91.3588,23.3324],[91.3657,23.333],[91.3664,23.3261]]],[[[93.3746,20.1824],[93.367,20.1761],[93.3677,20.183],[93.3746,20.1824]]],[[[94.8658,26.3087],[94.8595,26.3164],[94.8663,26.3157],[94.8658,26.3087]]],[[[93.7746,22.4241],[93.767,22.4178],[93.7677,22.4247],[93.7746,22.4241]]],[[[93.7829,22.4158],[93.7753,22.4094],[93.776,22.4163],[93.7829,22.4158]]],[[[94.3996,18.4408],[94.392,18.4344],[94.3927,18.4413],[94.3996,18.4408]]],[[[94.1241,28.0171],[94.1178,28.0247],[94.1247,28.024],[94.1241,28.0171]]],[[[95.7496,18.3574],[95.742,18.3511],[95.7427,18.358],[95.7496,18.3574]]],[[[96.6579,27.9741],[96.6503,27.9678],[96.651,27.9747],[96.6579,27.9741]]],[[[96.5746,20.2491],[96.567,20.2428],[96.5677,20.2497],[96.5746,20.2491]]],[[[96.6746,22.7658],[96.667,22.7594],[96.6677,22.7663],[96.6746,22.7658]]],[[[91.9664,24.1344],[91.9588,24.1408],[91.9657,24.1413],[91.9664,24.1344]]],[[[95.0496,28.0991],[95.042,28.0928],[95.0427,28.0997],[95.0496,28.0991]]],[[[93.7996,25.1158],[93.792,25.1094],[93.7927,25.1163],[93.7996,25.1158]]],[[[97.0163,19.2824],[97.0086,19.2761],[97.0094,19.283],[97.0163,19.2824]]],[[[96.6413,27.9991],[96.6336,27.9928],[96.6344,27.9997],[96.6413,27.9991]]],[[[95.8496,18.1324],[95.842,18.1261],[95.8427,18.133],[95.8496,18.1324]]],[[[96.4663,20.3074],[96.4586,20.3011],[96.4594,20.308],[96.4663,20.3074]]],[[[94.7246,20.2074],[94.717,20.2011],[94.7177,20.208],[94.7246,20.2074]]],[[[95.2329,17.9824],[95.2253,17.9761],[95.226,17.983],[95.2329,17.9824]]],[[[97.5747,23.7511],[97.5671,23.7574],[97.574,23.758],[97.5747,23.7511]]],[[[94.8747,26.3178],[94.8671,26.3241],[94.874,26.3247],[94.8747,26.3178]]],[[[90.2413,25.9074],[90.2336,25.9011],[90.2344,25.908],[90.2413,25.9074]]],[[[97.6081,17.3511],[97.6004,17.3574],[97.6073,17.358],[97.6081,17.3511]]],[[[93.4164,20.3094],[93.4088,20.3158],[93.4157,20.3163],[93.4164,20.3094]]],[[[92.0324,25.8337],[92.0261,25.8414],[92.033,25.8407],[92.0324,25.8337]]],[[[96.4746,27.8658],[96.467,27.8594],[96.4677,27.8663],[96.4746,27.8658]]],[[[92.2167,21.3333],[92.2178,21.3414],[92.2247,21.3407],[92.2241,21.3337],[92.2217,21.3333],[92.2167,21.3333]]],[[[97.8329,15.8324],[97.8253,15.8261],[97.826,15.833],[97.8329,15.8324]]],[[[93.7246,24.8824],[93.717,24.8761],[93.7177,24.883],[93.7246,24.8824]]],[[[97.5746,17.1824],[97.567,17.1761],[97.5677,17.183],[97.5746,17.1824]]],[[[93.4497,25.2178],[93.4421,25.2241],[93.449,25.2247],[93.4497,25.2178]]],[[[96.3246,20.9158],[96.317,20.9094],[96.3177,20.9163],[96.3246,20.9158]]],[[[96.4496,22.6574],[96.442,22.6511],[96.4427,22.658],[96.4496,22.6574]]],[[[92.8913,24.5241],[92.8836,24.5178],[92.8844,24.5247],[92.8913,24.5241]]],[[[94.225,25.6833],[94.2261,25.6914],[94.233,25.6907],[94.2325,25.6837],[94.23,25.6832],[94.225,25.6833]]],[[[97.8824,17.1087],[97.8761,17.1164],[97.883,17.1157],[97.8824,17.1087]]],[[[96.7663,19.5491],[96.7586,19.5428],[96.7594,19.5497],[96.7663,19.5491]]],[[[93.2496,23.3158],[93.242,23.3094],[93.2427,23.3163],[93.2496,23.3158]]],[[[93.7081,23.7761],[93.7004,23.7824],[93.7073,23.783],[93.7081,23.7761]]],[[[97.6996,19.3908],[97.692,19.3844],[97.6927,19.3913],[97.6996,19.3908]]],[[[93.9497,21.6094],[93.9421,21.6158],[93.949,21.6163],[93.9497,21.6094]]],[[[92.1581,25.2428],[92.1504,25.2491],[92.1573,25.2497],[92.1581,25.2428]]],[[[96.8746,19.3824],[96.867,19.3761],[96.8677,19.383],[96.8746,19.3824]]],[[[95.2325,18.5004],[95.2261,18.5081],[95.233,18.5073],[95.2325,18.5004]]],[[[92.8746,25.1908],[92.867,25.1844],[92.8677,25.1913],[92.8746,25.1908]]],[[[94.6081,20.3261],[94.6004,20.3324],[94.6073,20.333],[94.6081,20.3261]]],[[[97.2329,22.6741],[97.2253,22.6678],[97.226,22.6747],[97.2329,22.6741]]],[[[90.3913,25.1741],[90.3836,25.1678],[90.3844,25.1747],[90.3913,25.1741]]],[[[96.3247,20.5178],[96.3171,20.5241],[96.324,20.5247],[96.3247,20.5178]]],[[[93.5579,21.3908],[93.5503,21.3844],[93.551,21.3913],[93.5579,21.3908]]],[[[95.0163,29.1574],[95.0086,29.1511],[95.0094,29.158],[95.0163,29.1574]]],[[[94.2663,24.6574],[94.2586,24.6511],[94.2594,24.658],[94.2663,24.6574]]],[[[97.6246,18.5658],[97.617,18.5594],[97.6177,18.5663],[97.6246,18.5658]]],[[[94.7496,25.8824],[94.742,25.8761],[94.7427,25.883],[94.7496,25.8824]]],[[[96.6663,27.0658],[96.6586,27.0594],[96.6594,27.0663],[96.6663,27.0658]]],[[[97.5413,17.5658],[97.5336,17.5594],[97.5344,17.5663],[97.5413,17.5658]]],[[[94.8079,25.9241],[94.8003,25.9178],[94.801,25.9247],[94.8079,25.9241]]],[[[97.8079,15.8158],[97.8003,15.8094],[97.801,15.8163],[97.8079,15.8158]]],[[[94.2913,25.8491],[94.2836,25.8428],[94.2844,25.8497],[94.2913,25.8491]]],[[[93.4329,27.8824],[93.4253,27.8761],[93.426,27.883],[93.4329,27.8824]]],[[[91.9581,24.1261],[91.9504,24.1324],[91.9573,24.133],[91.9581,24.1261]]],[[[96.6663,22.7741],[96.6586,22.7678],[96.6594,22.7747],[96.6663,22.7741]]],[[[95.8413,18.1408],[95.8336,18.1344],[95.8344,18.1413],[95.8413,18.1408]]],[[[96.4663,27.7324],[96.4586,27.7261],[96.4594,27.733],[96.4663,27.7324]]],[[[94.4491,25.5171],[94.4428,25.5247],[94.4497,25.524],[94.4491,25.5171]]],[[[93.0829,24.8491],[93.0753,24.8428],[93.076,24.8497],[93.0829,24.8491]]],[[[93.9329,25.4741],[93.9253,25.4678],[93.926,25.4747],[93.9329,25.4741]]],[[[93.8829,19.5991],[93.8753,19.5928],[93.876,19.5997],[93.8829,19.5991]]],[[[89.9996,25.6991],[89.992,25.6928],[89.9927,25.6997],[89.9996,25.6991]]],[[[93.6496,23.5991],[93.642,23.5928],[93.6427,23.5997],[93.6496,23.5991]]],[[[91.5496,23.3491],[91.542,23.3428],[91.5427,23.3497],[91.5496,23.3491]]],[[[97.3491,26.5754],[97.3428,26.5831],[97.3497,26.5823],[97.3491,26.5754]]],[[[94.3247,25.7761],[94.3171,25.7824],[94.324,25.783],[94.3247,25.7761]]],[[[95.1746,21.3491],[95.167,21.3428],[95.1677,21.3497],[95.1746,21.3491]]],[[[97.1746,18.8658],[97.167,18.8594],[97.1677,18.8663],[97.1746,18.8658]]],[[[94.0417,25.0583],[94.0428,25.0664],[94.0497,25.0657],[94.0491,25.0587],[94.0467,25.0582],[94.0417,25.0583]]],[[[96.7663,19.3658],[96.7586,19.3594],[96.7594,19.3663],[96.7663,19.3658]]],[[[93.1079,24.5908],[93.1003,24.5844],[93.101,24.5913],[93.1079,24.5908]]],[[[92.8496,20.5991],[92.842,20.5928],[92.8427,20.5997],[92.8496,20.5991]]],[[[97.8913,19.9908],[97.8836,19.9844],[97.8844,19.9913],[97.8913,19.9908]]],[[[93.7329,19.0491],[93.7253,19.0428],[93.726,19.0497],[93.7329,19.0491]]],[[[93.7329,27.4241],[93.7253,27.4178],[93.726,27.4247],[93.7329,27.4241]]],[[[92.5158,24.7004],[92.5095,24.7081],[92.5163,24.7073],[92.5158,24.7004]]],[[[94.1581,28.2761],[94.1504,28.2824],[94.1573,28.283],[94.1581,28.2761]]],[[[96.4081,25.9678],[96.4004,25.9741],[96.4073,25.9747],[96.4081,25.9678]]],[[[91.4079,23.7074],[91.4003,23.7011],[91.401,23.708],[91.4079,23.7074]]],[[[97.734,15.0568],[97.734,15.0679],[97.7382,15.0748],[97.739,15.0667],[97.734,15.0568]]],[[[97.6589,15.5238],[97.665,15.5236],[97.6625,15.516],[97.6589,15.5238]]],[[[90.4667,26.0583],[90.4686,26.0651],[90.475,26.0634],[90.4738,26.0585],[90.4721,26.0583],[90.4667,26.0583]]],[[[93.4877,19.9683],[93.4801,19.9738],[93.494,19.9708],[93.4877,19.9683]]],[[[94.7077,20.6606],[94.6992,20.6614],[94.7055,20.6685],[94.7077,20.6606]]],[[[94.3327,18.4856],[94.3242,18.4864],[94.3305,18.4935],[94.3327,18.4856]]],[[[94.4577,16.8606],[94.4492,16.8614],[94.4555,16.8685],[94.4577,16.8606]]],[[[94.9577,21.219],[94.9492,21.2197],[94.9555,21.2268],[94.9577,21.219]]],[[[92.2077,25.6856],[92.1992,25.6864],[92.2055,25.6935],[92.2077,25.6856]]],[[[96.8824,19.3853],[96.8782,19.3925],[96.8842,19.3868],[96.8824,19.3853]]],[[[96.8575,19.3865],[96.8649,19.3902],[96.8667,19.3833],[96.8575,19.3865]]],[[[93.8815,19.8765],[93.8742,19.8802],[93.8833,19.8833],[93.8815,19.8765]]],[[[92.4577,24.494],[92.4492,24.4947],[92.4555,24.5018],[92.4577,24.494]]],[[[93.2062,21.9662],[93.1992,21.9615],[93.2049,21.9675],[93.2062,21.9662]]],[[[95.3,21.475],[95.3035,21.4842],[95.3092,21.4782],[95.3,21.475]]],[[[97.7833,15.9167],[97.7925,15.9132],[97.7865,15.9075],[97.7833,15.9167]]],[[[97.4912,24.1022],[97.4865,24.1092],[97.4925,24.1035],[97.4912,24.1022]]],[[[91.5758,23.1948],[91.5689,23.1996],[91.5702,23.2008],[91.5758,23.1948]]],[[[93.175,20.6667],[93.1842,20.6632],[93.1782,20.6575],[93.175,20.6667]]],[[[97.9083,23.95],[97.9175,23.9465],[97.9115,23.9408],[97.9083,23.95]]],[[[97.7833,18.95],[97.7925,18.9465],[97.7865,18.9408],[97.7833,18.95]]],[[[92.4508,21.0552],[92.4435,21.0515],[92.4417,21.0583],[92.4508,21.0552]]],[[[93.425,20.0917],[93.4342,20.0882],[93.4282,20.0825],[93.425,20.0917]]],[[[93.8312,19.1996],[93.8242,19.1948],[93.8299,19.2008],[93.8312,19.1996]]],[[[93.9492,21.5718],[93.9562,21.5671],[93.9549,21.5659],[93.9492,21.5718]]],[[[94.2077,25.8023],[94.1992,25.8031],[94.2055,25.8102],[94.2077,25.8023]]],[[[93.7833,21.0583],[93.7925,21.0548],[93.7865,21.0492],[93.7833,21.0583]]],[[[97.6327,17.319],[97.6242,17.3197],[97.6305,17.3268],[97.6327,17.319]]],[[[92.9342,20.6198],[92.9272,20.6246],[92.9285,20.6258],[92.9342,20.6198]]],[[[97.2065,17.2682],[97.1992,17.2718],[97.2083,17.275],[97.2065,17.2682]]],[[[93.3258,21.7552],[93.3185,21.7515],[93.3167,21.7583],[93.3258,21.7552]]],[[[97.9083,16.275],[97.9175,16.2715],[97.9115,16.2658],[97.9083,16.275]]],[[[96.4175,27.6032],[96.4105,27.6079],[96.4118,27.6092],[96.4175,27.6032]]],[[[96.201,17.398],[96.2052,17.3908],[96.1992,17.3965],[96.201,17.398]]],[[[94.6842,19.0218],[94.6768,19.0182],[94.675,19.025],[94.6842,19.0218]]],[[[96.4342,22.2552],[96.4268,22.2515],[96.425,22.2583],[96.4342,22.2552]]],[[[94.2158,25.7115],[94.2236,25.7139],[94.225,25.7083],[94.2158,25.7115]]],[[[93.4508,22.1198],[93.4439,22.1246],[93.4452,22.1258],[93.4508,22.1198]]],[[[93.0167,24.8333],[93.0202,24.8425],[93.0259,24.8365],[93.0167,24.8333]]],[[[93.3575,23.2115],[93.3652,23.2139],[93.3667,23.2083],[93.3575,23.2115]]],[[[96.9658,22.8198],[96.9732,22.8235],[96.975,22.8167],[96.9658,22.8198]]],[[[93.7397,24.3926],[93.7325,24.3968],[93.7417,24.4],[93.7397,24.3926]]],[[[97.6509,17.1198],[97.6439,17.1246],[97.6452,17.1258],[97.6509,17.1198]]],[[[93.3575,23.3365],[93.3652,23.3389],[93.3667,23.3333],[93.3575,23.3365]]],[[[96.5259,27.9115],[96.5189,27.9162],[96.5202,27.9175],[96.5259,27.9115]]],[[[97.5259,17.3365],[97.5189,17.3412],[97.5202,17.3425],[97.5259,17.3365]]],[[[93.7492,22.7115],[93.7569,22.7139],[93.7583,22.7083],[93.7492,22.7115]]],[[[90.4342,25.2865],[90.4272,25.2912],[90.4285,25.2925],[90.4342,25.2865]]],[[[94.4175,16.0718],[94.4101,16.0682],[94.4083,16.075],[94.4175,16.0718]]],[[[94.0908,21.1948],[94.0982,21.1985],[94.1,21.1917],[94.0908,21.1948]]],[[[93.7552,22.5925],[93.7505,22.5855],[93.7492,22.5868],[93.7552,22.5925]]],[[[94.2158,25.7865],[94.2232,25.7902],[94.225,25.7833],[94.2158,25.7865]]],[[[94.1675,28.2865],[94.1605,28.2912],[94.1618,28.2925],[94.1675,28.2865]]],[[[96.9732,19.0849],[96.9658,19.0885],[96.975,19.0917],[96.9732,19.0849]]],[[[96.9732,19.0515],[96.9658,19.0552],[96.975,19.0583],[96.9732,19.0515]]],[[[96.2667,20.9333],[96.2758,20.9298],[96.2698,20.9242],[96.2667,20.9333]]],[[[96.2667,17.7083],[96.2702,17.7175],[96.2759,17.7115],[96.2667,17.7083]]],[[[97.2333,17.2417],[97.2368,17.2508],[97.2425,17.2448],[97.2333,17.2417]]],[[[94.3426,18.398],[94.3468,18.3908],[94.3409,18.3965],[94.3426,18.398]]],[[[92.973,24.6426],[92.9658,24.6468],[92.975,24.65],[92.973,24.6426]]],[[[91.5592,23.2282],[91.5522,23.2329],[91.5535,23.2342],[91.5592,23.2282]]],[[[93.5742,24.3365],[93.5819,24.3389],[93.5833,24.3333],[93.5742,24.3365]]],[[[97.7667,16.275],[97.7758,16.2715],[97.7698,16.2658],[97.7667,16.275]]],[[[96.3742,17.4635],[96.3812,17.4588],[96.3799,17.4575],[96.3742,17.4635]]],[[[95.9925,27.1635],[95.9851,27.1599],[95.9833,27.1667],[95.9925,27.1635]]],[[[97.1175,19.1948],[97.1105,19.1996],[97.1118,19.2008],[97.1175,19.1948]]],[[[93.0412,24.4438],[93.0365,24.4508],[93.0425,24.4452],[93.0412,24.4438]]],[[[93.6145,19.2496],[93.6075,19.2448],[93.6132,19.2508],[93.6145,19.2496]]],[[[93.9885,23.9342],[93.9838,23.9272],[93.9825,23.9285],[93.9885,23.9342]]],[[[94.1242,27.9448],[94.1315,27.9485],[94.1333,27.9417],[94.1242,27.9448]]],[[[91.3742,23.4448],[91.3815,23.4485],[91.3833,23.4417],[91.3742,23.4448]]],[[[97.9833,17.0583],[97.9925,17.0548],[97.9865,17.0492],[97.9833,17.0583]]],[[[93.7399,21.7682],[93.7325,21.7718],[93.7417,21.775],[93.7399,21.7682]]],[[[93.3575,20.3532],[93.3649,20.3568],[93.3667,20.35],[93.3575,20.3532]]],[[[90.3917,25.1667],[90.4008,25.1632],[90.3948,25.1575],[90.3917,25.1667]]],[[[95.1149,19.9099],[95.1075,19.9135],[95.1167,19.9167],[95.1149,19.9099]]],[[[94.5259,16.8052],[94.5185,16.8015],[94.5167,16.8083],[94.5259,16.8052]]],[[[94.5176,28.523],[94.5219,28.5158],[94.5159,28.5215],[94.5176,28.523]]],[[[92.875,25.1833],[92.8842,25.1798],[92.8782,25.1742],[92.875,25.1833]]],[[[94.3645,18.4496],[94.3575,18.4448],[94.3632,18.4508],[94.3645,18.4496]]],[[[98.0,14.6786],[97.9992,14.6802],[98.0,14.681],[98.0,14.6786]]],[[[94.1157,27.802],[94.1115,27.8092],[94.1175,27.8035],[94.1157,27.802]]],[[[95.1145,21.3246],[95.1075,21.3198],[95.1132,21.3258],[95.1145,21.3246]]],[[[91.5158,23.1782],[91.5232,23.1818],[91.525,23.175],[91.5158,23.1782]]],[[[94.2492,24.6615],[94.2569,24.6639],[94.2583,24.6583],[94.2492,24.6615]]],[[[94.1342,24.9115],[94.127,24.9157],[94.1285,24.9175],[94.1342,24.9115]]],[[[94.8583,28.4],[94.8675,28.3965],[94.8615,28.3908],[94.8583,28.4]]],[[[93.8649,20.8015],[93.8575,20.8052],[93.8667,20.8083],[93.8649,20.8015]]],[[[95.25,21.4417],[95.2535,21.4508],[95.2592,21.4448],[95.25,21.4417]]],[[[92.875,25.075],[92.8842,25.0715],[92.8782,25.0658],[92.875,25.075]]],[[[94.6175,20.3365],[94.6105,20.3412],[94.6118,20.3425],[94.6175,20.3365]]],[[[97.8802,15.4842],[97.876,15.477],[97.8742,15.4785],[97.8802,15.4842]]],[[[93.8815,19.9599],[93.8742,19.9635],[93.8833,19.9667],[93.8815,19.9599]]],[[[96.9992,19.1948],[97.0065,19.1985],[97.0083,19.1917],[96.9992,19.1948]]],[[[92.4833,24.525],[92.4925,24.5215],[92.4865,24.5158],[92.4833,24.525]]],[[[94.0411,19.7856],[94.0325,19.7864],[94.0388,19.7935],[94.0411,19.7856]]],[[[93.8242,22.4282],[93.8319,22.4306],[93.8333,22.425],[93.8242,22.4282]]],[[[92.7911,24.894],[92.7825,24.8947],[92.7888,24.9018],[92.7911,24.894]]],[[[92.2911,24.769],[92.2825,24.7697],[92.2888,24.7768],[92.2911,24.769]]],[[[94.8742,28.4615],[94.8815,28.4652],[94.8833,28.4583],[94.8742,28.4615]]],[[[94.8742,18.1365],[94.8815,18.1402],[94.8833,18.1333],[94.8742,18.1365]]],[[[97.7592,23.3532],[97.7522,23.3579],[97.7535,23.3592],[97.7592,23.3532]]],[[[93.5908,23.4448],[93.5986,23.4472],[93.6,23.4417],[93.5908,23.4448]]],[[[97.4907,23.227],[97.4865,23.2342],[97.4925,23.2285],[97.4907,23.227]]],[[[93.0742,24.5532],[93.0819,24.5556],[93.0833,24.55],[93.0742,24.5532]]],[[[91.4825,23.2282],[91.4899,23.2318],[91.4917,23.225],[91.4825,23.2282]]],[[[93.7158,27.4282],[93.7236,27.4306],[93.725,27.425],[93.7158,27.4282]]],[[[94.375,22.2583],[94.3842,22.2548],[94.3782,22.2492],[94.375,22.2583]]],[[[97.2158,22.6782],[97.2236,22.6806],[97.225,22.675],[97.2158,22.6782]]],[[[93.848,24.1926],[93.8408,24.1968],[93.85,24.2],[93.848,24.1926]]],[[[94.0158,21.3698],[94.0232,21.3735],[94.025,21.3667],[94.0158,21.3698]]],[[[97.8742,19.9948],[97.8815,19.9985],[97.8833,19.9917],[97.8742,19.9948]]],[[[95.2333,18.775],[95.2425,18.7715],[95.2365,18.7658],[95.2333,18.775]]],[[[91.5,23.3833],[91.5092,23.3798],[91.5032,23.3742],[91.5,23.3833]]],[[[93.7732,19.0182],[93.7658,19.0218],[93.775,19.025],[93.7732,19.0182]]],[[[90.4327,26.0023],[90.4242,26.0031],[90.4305,26.0102],[90.4327,26.0023]]],[[[96.675,22.7583],[96.6842,22.7548],[96.6782,22.7492],[96.675,22.7583]]],[[[95.4895,28.2746],[95.4825,28.2698],[95.4882,28.2758],[95.4895,28.2746]]],[[[95.8,17.9833],[95.8092,17.9798],[95.8032,17.9742],[95.8,17.9833]]],[[[92.3675,25.7552],[92.3603,25.751],[92.3583,25.7583],[92.3675,25.7552]]],[[[94.6842,19.0365],[94.6772,19.0412],[94.6785,19.0425],[94.6842,19.0365]]],[[[92.5385,24.4842],[92.5338,24.4772],[92.5325,24.4785],[92.5385,24.4842]]],[[[95.175,21.3417],[95.1842,21.3382],[95.1782,21.3325],[95.175,21.3417]]],[[[92.6635,27.0925],[92.6588,27.0855],[92.6575,27.0868],[92.6635,27.0925]]],[[[93.6994,19.519],[93.6909,19.5197],[93.6972,19.5268],[93.6994,19.519]]],[[[94.8244,20.519],[94.8159,20.5197],[94.8222,20.5268],[94.8244,20.519]]],[[[92.8994,21.0523],[92.8909,21.0531],[92.8972,21.0602],[92.8994,21.0523]]],[[[96.8994,17.8773],[96.8909,17.8781],[96.8972,17.8852],[96.8994,17.8773]]],[[[94.5411,25.4523],[94.5325,25.4531],[94.5388,25.4602],[94.5411,25.4523]]],[[[92.2911,24.5773],[92.2825,24.5781],[92.2888,24.5852],[92.2911,24.5773]]],[[[97.7994,17.194],[97.7909,17.1947],[97.7972,17.2018],[97.7994,17.194]]],[[[96.6825,22.5532],[96.6899,22.5568],[96.6917,22.55],[96.6825,22.5532]]],[[[94.1661,19.069],[94.1575,19.0697],[94.1638,19.0768],[94.1661,19.069]]],[[[92.4161,24.6856],[92.4075,24.6864],[92.4138,24.6935],[92.4161,24.6856]]],[[[93.0092,24.8635],[93.002,24.8593],[93.0,24.8667],[93.0092,24.8635]]],[[[93.6342,24.9885],[93.627,24.9843],[93.625,24.9917],[93.6342,24.9885]]],[[[93.125,24.7417],[93.1342,24.7382],[93.1282,24.7325],[93.125,24.7417]]],[[[94.5575,28.2865],[94.5649,28.2902],[94.5667,28.2833],[94.5575,28.2865]]],[[[95.9327,28.6273],[95.9242,28.6281],[95.9305,28.6352],[95.9327,28.6273]]],[[[93.925,18.875],[93.9342,18.8715],[93.9282,18.8658],[93.925,18.875]]],[[[93.8242,19.1448],[93.8315,19.1485],[93.8333,19.1417],[93.8242,19.1448]]],[[[94.5564,24.876],[94.5492,24.8802],[94.5583,24.8833],[94.5564,24.876]]],[[[93.7,23.225],[93.7035,23.2342],[93.7092,23.2282],[93.7,23.225]]],[[[97.9325,14.6385],[97.9395,14.6338],[97.9382,14.6325],[97.9325,14.6385]]],[[[93.7077,19.5356],[93.6992,19.5364],[93.7055,19.5435],[93.7077,19.5356]]],[[[92.9408,24.4782],[92.9486,24.4806],[92.95,24.475],[92.9408,24.4782]]],[[[93.4579,25.2272],[93.4532,25.2342],[93.4592,25.2285],[93.4579,25.2272]]],[[[94.075,25.0833],[94.0785,25.0925],[94.0842,25.0865],[94.075,25.0833]]],[[[93.5658,25.3532],[93.5736,25.3556],[93.575,25.35],[93.5658,25.3532]]],[[[94.6911,20.6773],[94.6825,20.6781],[94.6888,20.6852],[94.6911,20.6773]]],[[[96.6661,18.6773],[96.6575,18.6781],[96.6638,18.6852],[96.6661,18.6773]]],[[[93.826,19.1314],[93.8302,19.1242],[93.8242,19.1298],[93.826,19.1314]]],[[[97.3315,21.8599],[97.3242,21.8635],[97.3333,21.8667],[97.3315,21.8599]]],[[[97.4732,19.3515],[97.4658,19.3552],[97.475,19.3583],[97.4732,19.3515]]],[[[94.9732,28.1932],[94.9658,28.1968],[94.975,28.2],[94.9732,28.1932]]],[[[94.9577,28.019],[94.9492,28.0197],[94.9555,28.0268],[94.9577,28.019]]],[[[97.7911,18.6273],[97.7825,18.6281],[97.7888,18.6352],[97.7911,18.6273]]],[[[96.2911,17.3606],[96.2825,17.3614],[96.2888,17.3685],[96.2911,17.3606]]],[[[97.5411,16.4856],[97.5325,16.4864],[97.5388,16.4935],[97.5411,16.4856]]],[[[93.8408,19.1532],[93.8482,19.1568],[93.85,19.15],[93.8408,19.1532]]],[[[93.0744,24.894],[93.0659,24.8947],[93.0722,24.9018],[93.0744,24.894]]],[[[93.1827,23.394],[93.1742,23.3947],[93.1805,23.4018],[93.1827,23.394]]],[[[92.9564,24.8593],[92.9492,24.8635],[92.9583,24.8667],[92.9564,24.8593]]],[[[93.2244,20.6606],[93.2159,20.6614],[93.2222,20.6685],[93.2244,20.6606]]],[[[96.6175,27.0718],[96.6101,27.0682],[96.6083,27.075],[96.6175,27.0718]]],[[[93.7077,19.4273],[93.6992,19.4281],[93.7055,19.4352],[93.7077,19.4273]]],[[[92.7244,25.344],[92.7159,25.3447],[92.7222,25.3518],[92.7244,25.344]]],[[[95.3575,21.5885],[95.3645,21.5838],[95.3632,21.5825],[95.3575,21.5885]]],[[[94.6342,20.3552],[94.6268,20.3515],[94.625,20.3583],[94.6342,20.3552]]],[[[93.1647,24.9093],[93.1575,24.9135],[93.1667,24.9167],[93.1647,24.9093]]],[[[94.3742,18.5365],[94.3815,18.5402],[94.3833,18.5333],[94.3742,18.5365]]],[[[92.9577,24.844],[92.9492,24.8447],[92.9555,24.8518],[92.9577,24.844]]],[[[92.5397,25.426],[92.5325,25.4302],[92.5417,25.4333],[92.5397,25.426]]],[[[94.9075,25.1782],[94.9152,25.1806],[94.9167,25.175],[94.9075,25.1782]]],[[[92.0244,25.894],[92.0159,25.8947],[92.0222,25.9018],[92.0244,25.894]]],[[[95.2158,18.4968],[95.2228,18.4921],[95.2215,18.4909],[95.2158,18.4968]]],[[[94.7232,20.3682],[94.7158,20.3718],[94.725,20.375],[94.7232,20.3682]]],[[[97.2667,18.3917],[97.2702,18.4008],[97.2759,18.3948],[97.2667,18.3917]]],[[[94.2158,18.8718],[94.2228,18.8671],[94.2215,18.8659],[94.2158,18.8718]]],[[[97.5505,22.4145],[97.5552,22.4075],[97.5492,22.4132],[97.5505,22.4145]]],[[[91.5092,23.3385],[91.5018,23.3349],[91.5,23.3417],[91.5092,23.3385]]],[[[94.7407,28.252],[94.7365,28.2592],[94.7425,28.2535],[94.7407,28.252]]],[[[97.2552,22.9008],[97.251,22.8937],[97.2492,22.8952],[97.2552,22.9008]]],[[[91.9925,24.1968],[91.9853,24.1926],[91.9833,24.2],[91.9925,24.1968]]],[[[94.2732,27.8182],[94.2658,27.8218],[94.275,27.825],[94.2732,27.8182]]],[[[95.2425,18.7865],[95.2355,18.7912],[95.2368,18.7925],[95.2425,18.7865]]],[[[96.9992,19.2865],[97.0065,19.2902],[97.0083,19.2833],[96.9992,19.2865]]],[[[93.0994,24.894],[93.0909,24.8947],[93.0972,24.9018],[93.0994,24.894]]],[[[97.9327,17.0523],[97.9242,17.0531],[97.9305,17.0602],[97.9327,17.0523]]],[[[94.6675,19.0052],[94.6601,19.0015],[94.6583,19.0083],[94.6675,19.0052]]],[[[94.8244,20.5523],[94.8159,20.5531],[94.8222,20.5602],[94.8244,20.5523]]],[[[94.6661,25.569],[94.6575,25.5697],[94.6638,25.5768],[94.6661,25.569]]],[[[93.1494,24.8773],[93.1409,24.8781],[93.1472,24.8852],[93.1494,24.8773]]],[[[93.6494,25.0023],[93.6409,25.0031],[93.6472,25.0102],[93.6494,25.0023]]],[[[96.3494,27.0023],[96.3409,27.0031],[96.3472,27.0102],[96.3494,27.0023]]],[[[97.5577,16.2356],[97.5492,16.2364],[97.5555,16.2435],[97.5577,16.2356]]],[[[94.6994,20.7356],[94.6909,20.7364],[94.6972,20.7435],[94.6994,20.7356]]],[[[94.4327,18.3606],[94.4242,18.3614],[94.4305,18.3685],[94.4327,18.3606]]],[[[94.4327,25.5773],[94.4242,25.5781],[94.4305,25.5852],[94.4327,25.5773]]],[[[94.6827,20.3606],[94.6742,20.3614],[94.6805,20.3685],[94.6827,20.3606]]],[[[97.8077,16.7523],[97.7992,16.7531],[97.8055,16.7602],[97.8077,16.7523]]],[[[93.6661,19.3523],[93.6575,19.3531],[93.6638,19.3602],[93.6661,19.3523]]],[[[94.9744,29.1273],[94.9659,29.1281],[94.9722,29.1352],[94.9744,29.1273]]],[[[94.4744,16.9273],[94.4659,16.9281],[94.4722,16.9352],[94.4744,16.9273]]],[[[97.9658,15.7468],[97.9728,15.7421],[97.9715,15.7409],[97.9658,15.7468]]],[[[94.7158,20.7468],[94.7228,20.7421],[94.7215,20.7409],[94.7158,20.7468]]],[[[94.0077,19.769],[93.9992,19.7697],[94.0055,19.7768],[94.0077,19.769]]],[[[97.7241,18.8687],[97.7198,18.8758],[97.7258,18.8702],[97.7241,18.8687]]],[[[96.0232,27.0182],[96.0158,27.0218],[96.025,27.025],[96.0232,27.0182]]],[[[92.8496,23.5522],[92.8448,23.5592],[92.8508,23.5535],[92.8496,23.5522]]],[[[93.0492,24.4448],[93.0569,24.4472],[93.0583,24.4417],[93.0492,24.4448]]],[[[96.2592,27.9802],[96.2518,27.9765],[96.25,27.9833],[96.2592,27.9802]]],[[[93.4469,23.0592],[93.4421,23.0522],[93.4409,23.0535],[93.4469,23.0592]]],[[[92.8052,24.9342],[92.8005,24.9272],[92.7992,24.9285],[92.8052,24.9342]]],[[[94.5259,16.7468],[94.5185,16.7432],[94.5167,16.75],[94.5259,16.7468]]],[[[93.4302,23.8092],[93.4255,23.8022],[93.4242,23.8035],[93.4302,23.8092]]],[[[91.9579,24.0522],[91.9532,24.0592],[91.9592,24.0535],[91.9579,24.0522]]],[[[96.1588,24.7895],[96.1635,24.7825],[96.1575,24.7882],[96.1588,24.7895]]],[[[91.8494,24.094],[91.8409,24.0947],[91.8472,24.1018],[91.8494,24.094]]],[[[94.5994,28.094],[94.5909,28.0947],[94.5972,28.1018],[94.5994,28.094]]],[[[93.5994,19.2356],[93.5909,19.2364],[93.5972,19.2435],[93.5994,19.2356]]],[[[93.2425,22.3198],[93.2355,22.3246],[93.2368,22.3258],[93.2425,22.3198]]],[[[95.1083,19.0],[95.1175,18.9965],[95.1115,18.9908],[95.1083,19.0]]],[[[92.9592,23.6968],[92.952,23.6926],[92.95,23.7],[92.9592,23.6968]]],[[[93.8827,23.019],[93.8742,23.0197],[93.8805,23.0268],[93.8827,23.019]]],[[[94.8908,18.1532],[94.8982,18.1568],[94.9,18.15],[94.8908,18.1532]]],[[[92.5577,24.569],[92.5492,24.5697],[92.5555,24.5768],[92.5577,24.569]]],[[[93.6911,22.394],[93.6825,22.3947],[93.6888,22.4018],[93.6911,22.394]]],[[[94.076,27.473],[94.0802,27.4658],[94.0742,27.4715],[94.076,27.473]]],[[[93.5994,19.194],[93.5909,19.1947],[93.5972,19.2018],[93.5994,19.194]]],[[[92.5244,21.0356],[92.5159,21.0364],[92.5222,21.0435],[92.5244,21.0356]]],[[[95.2244,18.8023],[95.2159,18.8031],[95.2222,18.8102],[95.2244,18.8023]]],[[[95.5994,18.5523],[95.5909,18.5531],[95.5972,18.5602],[95.5994,18.5523]]],[[[94.4825,16.8948],[94.4899,16.8985],[94.4917,16.8917],[94.4825,16.8948]]],[[[95.25,21.5],[95.2592,21.4965],[95.2532,21.4908],[95.25,21.5]]],[[[96.8494,27.8773],[96.8409,27.8781],[96.8472,27.8852],[96.8494,27.8773]]],[[[94.1327,24.7523],[94.1242,24.7531],[94.1305,24.7602],[94.1327,24.7523]]],[[[92.8908,20.8782],[92.8982,20.8818],[92.9,20.875],[92.8908,20.8782]]],[[[93.3742,22.2532],[93.3815,22.2568],[93.3833,22.25],[93.3742,22.2532]]],[[[95.2658,21.4968],[95.2728,21.4921],[95.2715,21.4909],[95.2658,21.4968]]],[[[90.2911,25.994],[90.2825,25.9947],[90.2888,26.0018],[90.2911,25.994]]],[[[97.1494,18.2773],[97.1409,18.2781],[97.1472,18.2852],[97.1494,18.2773]]],[[[93.5411,25.3523],[93.5325,25.3531],[93.5388,25.3602],[93.5411,25.3523]]],[[[93.2911,22.8856],[93.2825,22.8864],[93.2888,22.8935],[93.2911,22.8856]]],[[[90.7911,25.994],[90.7825,25.9947],[90.7888,26.0018],[90.7911,25.994]]],[[[92.2911,24.6023],[92.2825,24.6031],[92.2888,24.6102],[92.2911,24.6023]]],[[[97.7744,15.5106],[97.7659,15.5114],[97.7722,15.5185],[97.7744,15.5106]]],[[[97.5244,17.294],[97.5159,17.2947],[97.5222,17.3018],[97.5244,17.294]]],[[[96.3994,19.919],[96.3909,19.9197],[96.3972,19.9268],[96.3994,19.919]]],[[[95.2744,28.369],[95.2659,28.3697],[95.2722,28.3768],[95.2744,28.369]]],[[[95.5244,18.544],[95.5159,18.5447],[95.5222,18.5518],[95.5244,18.544]]],[[[97.3994,16.7773],[97.3909,16.7781],[97.3972,16.7852],[97.3994,16.7773]]],[[[92.1661,25.744],[92.1575,25.7447],[92.1638,25.7518],[92.1661,25.744]]],[[[94.3994,18.2523],[94.3909,18.2531],[94.3972,18.2602],[94.3994,18.2523]]],[[[93.0244,22.219],[93.0159,22.2197],[93.0222,22.2268],[93.0244,22.219]]],[[[94.3994,18.4856],[94.3909,18.4864],[94.3972,18.4935],[94.3994,18.4856]]],[[[94.2744,18.5023],[94.2659,18.5031],[94.2722,18.5102],[94.2744,18.5023]]],[[[92.2744,24.4523],[92.2659,24.4531],[92.2722,24.4602],[92.2744,24.4523]]],[[[94.7744,27.9356],[94.7659,27.9364],[94.7722,27.9435],[94.7744,27.9356]]],[[[95.0244,20.0023],[95.0159,20.0031],[95.0222,20.0102],[95.0244,20.0023]]],[[[94.7744,20.4856],[94.7659,20.4864],[94.7722,20.4935],[94.7744,20.4856]]],[[[98.0,15.8607],[97.9992,15.8617],[98.0,15.8631],[98.0,15.8607]]],[[[94.0911,25.1273],[94.0825,25.1281],[94.0888,25.1352],[94.0911,25.1273]]],[[[90.4411,26.019],[90.4325,26.0197],[90.4388,26.0268],[90.4411,26.019]]],[[[93.9911,19.7856],[93.9825,19.7864],[93.9888,19.7935],[93.9911,19.7856]]],[[[92.9911,20.2856],[92.9825,20.2864],[92.9888,20.2935],[92.9911,20.2856]]],[[[93.8149,18.9432],[93.8075,18.9468],[93.8167,18.95],[93.8149,18.9432]]],[[[92.2838,24.4895],[92.2885,24.4825],[92.2825,24.4882],[92.2838,24.4895]]],[[[97.8092,19.6052],[97.8018,19.6015],[97.8,19.6083],[97.8092,19.6052]]],[[[92.9577,24.819],[92.9492,24.8197],[92.9555,24.8268],[92.9577,24.819]]],[[[94.6649,27.8932],[94.6575,27.8968],[94.6667,27.9],[94.6649,27.8932]]],[[[94.5385,28.3092],[94.5343,28.302],[94.5325,28.3035],[94.5385,28.3092]]],[[[95.1635,28.5592],[95.1593,28.552],[95.1575,28.5535],[95.1635,28.5592]]],[[[93.1075,24.8385],[93.1147,24.8343],[93.1132,24.8325],[93.1075,24.8385]]],[[[92.2925,24.3385],[92.2853,24.3343],[92.2833,24.3417],[92.2925,24.3385]]],[[[94.8508,18.0385],[94.8435,18.0349],[94.8417,18.0417],[94.8508,18.0385]]],[[[94.6161,28.644],[94.6075,28.6447],[94.6138,28.6518],[94.6161,28.644]]],[[[97.8994,16.0856],[97.8909,16.0864],[97.8972,16.0935],[97.8994,16.0856]]],[[[94.5411,25.5523],[94.5325,25.5531],[94.5388,25.5602],[94.5411,25.5523]]],[[[94.5411,16.7273],[94.5325,16.7281],[94.5388,16.7352],[94.5411,16.7273]]],[[[97.7744,15.6023],[97.7659,15.6031],[97.7722,15.6102],[97.7744,15.6023]]],[[[92.2911,24.5523],[92.2825,24.5531],[92.2888,24.5602],[92.2911,24.5523]]],[[[93.7899,21.9265],[93.7825,21.9302],[93.7917,21.9333],[93.7899,21.9265]]],[[[97.1408,18.9282],[97.1482,18.9318],[97.15,18.925],[97.1408,18.9282]]],[[[94.7895,20.4496],[94.7825,20.4448],[94.7882,20.4508],[94.7895,20.4496]]],[[[93.7425,25.2698],[93.7353,25.274],[93.7368,25.2758],[93.7425,25.2698]]],[[[94.0325,28.2885],[94.0395,28.2838],[94.0382,28.2825],[94.0325,28.2885]]],[[[94.4758,17.9615],[94.4689,17.9662],[94.4702,17.9675],[94.4758,17.9615]]],[[[96.4494,20.569],[96.4409,20.5697],[96.4472,20.5768],[96.4494,20.569]]],[[[93.8077,24.194],[93.7992,24.1947],[93.8055,24.2018],[93.8077,24.194]]],[[[96.9411,17.9273],[96.9325,17.9281],[96.9388,17.9352],[96.9411,17.9273]]],[[[96.6911,18.5523],[96.6825,18.5531],[96.6888,18.5602],[96.6911,18.5523]]],[[[93.6911,19.1773],[93.6825,19.1781],[93.6888,19.1852],[93.6911,19.1773]]],[[[97.5494,16.4273],[97.5409,16.4281],[97.5472,16.4352],[97.5494,16.4273]]],[[[92.6897,24.7157],[92.6825,24.7115],[92.6882,24.7175],[92.6897,24.7157]]],[[[97.3242,19.3782],[97.3315,19.3818],[97.3333,19.375],[97.3242,19.3782]]],[[[93.6827,19.4773],[93.6742,19.4781],[93.6805,19.4852],[93.6827,19.4773]]],[[[93.8075,19.0115],[93.8149,19.0152],[93.8167,19.0083],[93.8075,19.0115]]],[[[97.7911,16.8856],[97.7825,16.8864],[97.7888,16.8935],[97.7911,16.8856]]],[[[97.9161,13.919],[97.9075,13.9197],[97.9138,13.9268],[97.9161,13.919]]],[[[97.6661,15.994],[97.6575,15.9947],[97.6638,16.0018],[97.6661,15.994]]],[[[97.7911,17.294],[97.7825,17.2947],[97.7888,17.3018],[97.7911,17.294]]],[[[96.6661,27.4773],[96.6575,27.4781],[96.6638,27.4852],[96.6661,27.4773]]],[[[95.6911,18.4856],[95.6825,18.4864],[95.6888,18.4935],[95.6911,18.4856]]],[[[97.6661,22.494],[97.6575,22.4947],[97.6638,22.5018],[97.6661,22.494]]],[[[95.1911,17.9856],[95.1825,17.9864],[95.1888,17.9935],[95.1911,17.9856]]],[[[91.4327,23.8356],[91.4242,23.8364],[91.4305,23.8435],[91.4327,23.8356]]],[[[96.5494,18.8606],[96.5409,18.8614],[96.5472,18.8685],[96.5494,18.8606]]],[[[94.0661,27.469],[94.0575,27.4697],[94.0638,27.4768],[94.0661,27.469]]],[[[97.9911,16.1773],[97.9825,16.1781],[97.9888,16.1852],[97.9911,16.1773]]],[[[96.9744,18.0523],[96.9659,18.0531],[96.9722,18.0602],[96.9744,18.0523]]],[[[97.9911,16.4273],[97.9825,16.4281],[97.9888,16.4352],[97.9911,16.4273]]],[[[97.2244,19.9273],[97.2159,19.9281],[97.2222,19.9352],[97.2244,19.9273]]],[[[97.0994,17.3023],[97.0909,17.3031],[97.0972,17.3102],[97.0994,17.3023]]],[[[94.4744,27.694],[94.4659,27.6947],[94.4722,27.7018],[94.4744,27.694]]],[[[93.3494,23.319],[93.3409,23.3197],[93.3472,23.3268],[93.3494,23.319]]],[[[94.4744,25.569],[94.4659,25.5697],[94.4722,25.5768],[94.4744,25.569]]],[[[91.5325,23.3532],[91.5399,23.3568],[91.5417,23.35],[91.5325,23.3532]]],[[[92.3408,25.2698],[92.3486,25.2722],[92.35,25.2667],[92.3408,25.2698]]],[[[91.9508,24.0885],[91.9437,24.0843],[91.9417,24.0917],[91.9508,24.0885]]],[[[96.6842,21.7302],[96.6768,21.7265],[96.675,21.7333],[96.6842,21.7302]]],[[[94.8145,20.3996],[94.8075,20.3948],[94.8132,20.4008],[94.8145,20.3996]]],[[[96.9827,18.069],[96.9742,18.0697],[96.9805,18.0768],[96.9827,18.069]]],[[[92.2577,25.8273],[92.2492,25.8281],[92.2555,25.8352],[92.2577,25.8273]]],[[[95.2411,21.4856],[95.2325,21.4864],[95.2388,21.4935],[95.2411,21.4856]]],[[[97.8661,16.7356],[97.8575,16.7364],[97.8638,16.7435],[97.8661,16.7356]]],[[[94.7577,27.9356],[94.7492,27.9364],[94.7555,27.9435],[94.7577,27.9356]]],[[[96.4911,20.594],[96.4825,20.5947],[96.4888,20.6018],[96.4911,20.594]]],[[[94.8827,27.969],[94.8742,27.9697],[94.8805,27.9768],[94.8827,27.969]]],[[[96.5994,27.5606],[96.5909,27.5614],[96.5972,27.5685],[96.5994,27.5606]]],[[[97.2825,27.6948],[97.2899,27.6985],[97.2917,27.6917],[97.2825,27.6948]]],[[[97.4149,17.1599],[97.4075,17.1635],[97.4167,17.1667],[97.4149,17.1599]]],[[[97.7577,16.9023],[97.7492,16.9031],[97.7555,16.9102],[97.7577,16.9023]]],[[[97.6327,16.9023],[97.6242,16.9031],[97.6305,16.9102],[97.6327,16.9023]]],[[[97.7577,15.9023],[97.7492,15.9031],[97.7555,15.9102],[97.7577,15.9023]]],[[[97.6327,17.294],[97.6242,17.2947],[97.6305,17.3018],[97.6327,17.294]]],[[[97.9149,15.4432],[97.9075,15.4468],[97.9167,15.45],[97.9149,15.4432]]],[[[94.1815,20.1932],[94.1742,20.1968],[94.1833,20.2],[94.1815,20.1932]]],[[[97.4075,23.2865],[97.4149,23.2902],[97.4167,23.2833],[97.4075,23.2865]]],[[[93.6175,24.2302],[93.6103,24.226],[93.6083,24.2333],[93.6175,24.2302]]],[[[96.9592,19.1802],[96.9518,19.1765],[96.95,19.1833],[96.9592,19.1802]]],[[[96.9592,18.4468],[96.9518,18.4432],[96.95,18.45],[96.9592,18.4468]]],[[[93.7911,25.5356],[93.7825,25.5364],[93.7888,25.5435],[93.7911,25.5356]]],[[[92.5577,20.944],[92.5492,20.9447],[92.5555,20.9518],[92.5577,20.944]]],[[[92.9327,21.194],[92.9242,21.1947],[92.9305,21.2018],[92.9327,21.194]]],[[[93.1827,20.7106],[93.1742,20.7114],[93.1805,20.7185],[93.1827,20.7106]]],[[[92.1911,25.6856],[92.1825,25.6864],[92.1888,25.6935],[92.1911,25.6856]]],[[[97.8244,15.269],[97.8159,15.2697],[97.8222,15.2768],[97.8244,15.269]]],[[[93.3411,20.3773],[93.3325,20.3781],[93.3388,20.3852],[93.3411,20.3773]]],[[[97.875,19.7417],[97.8842,19.7382],[97.8782,19.7325],[97.875,19.7417]]],[[[97.9494,16.4856],[97.9409,16.4864],[97.9472,16.4935],[97.9494,16.4856]]],[[[94.7161,20.719],[94.7075,20.7197],[94.7138,20.7268],[94.7161,20.719]]],[[[94.5911,17.5023],[94.5825,17.5031],[94.5888,17.5102],[94.5911,17.5023]]],[[[97.0074,23.2353],[97.0032,23.2425],[97.0092,23.2368],[97.0074,23.2353]]],[[[91.2833,23.5167],[91.2925,23.5132],[91.2865,23.5075],[91.2833,23.5167]]],[[[92.9077,20.6773],[92.8992,20.6781],[92.9055,20.6852],[92.9077,20.6773]]],[[[89.9992,25.7198],[90.0065,25.7235],[90.0083,25.7167],[89.9992,25.7198]]],[[[93.7676,19.3647],[93.7719,19.3575],[93.7659,19.3632],[93.7676,19.3647]]],[[[90.6408,25.9698],[90.6482,25.9735],[90.65,25.9667],[90.6408,25.9698]]],[[[96.7077,27.1023],[96.6992,27.1031],[96.7055,27.1102],[96.7077,27.1023]]],[[[95.3327,21.494],[95.3242,21.4947],[95.3305,21.5018],[95.3327,21.494]]],[[[95.3327,21.5273],[95.3242,21.5281],[95.3305,21.5352],[95.3327,21.5273]]],[[[97.5827,16.869],[97.5742,16.8697],[97.5805,16.8768],[97.5827,16.869]]],[[[91.9744,24.244],[91.9659,24.2447],[91.9722,24.2518],[91.9744,24.244]]],[[[93.5827,23.9606],[93.5742,23.9614],[93.5805,23.9685],[93.5827,23.9606]]],[[[97.5827,17.619],[97.5742,17.6197],[97.5805,17.6268],[97.5827,17.619]]],[[[97.5827,17.119],[97.5742,17.1197],[97.5805,17.1268],[97.5827,17.119]]],[[[94.3661,18.569],[94.3575,18.5697],[94.3638,18.5768],[94.3661,18.569]]],[[[93.6327,19.944],[93.6242,19.9447],[93.6305,19.9518],[93.6327,19.944]]],[[[93.2577,20.694],[93.2492,20.6947],[93.2555,20.7018],[93.2577,20.694]]],[[[93.7075,23.8532],[93.7152,23.8556],[93.7167,23.85],[93.7075,23.8532]]],[[[93.3994,23.444],[93.3909,23.4447],[93.3972,23.4518],[93.3994,23.444]]],[[[97.6327,17.3523],[97.6242,17.3531],[97.6305,17.3602],[97.6327,17.3523]]],[[[94.3077,22.2606],[94.2992,22.2614],[94.3055,22.2685],[94.3077,22.2606]]],[[[93.6994,22.3523],[93.6909,22.3531],[93.6972,22.3602],[93.6994,22.3523]]],[[[94.6827,25.619],[94.6742,25.6197],[94.6805,25.6268],[94.6827,25.619]]],[[[91.5744,23.5106],[91.5659,23.5114],[91.5722,23.5185],[91.5744,23.5106]]],[[[93.4494,21.6356],[93.4409,21.6364],[93.4472,21.6435],[93.4494,21.6356]]],[[[93.8077,21.8856],[93.7992,21.8864],[93.8055,21.8935],[93.8077,21.8856]]],[[[93.5744,26.2106],[93.5659,26.2114],[93.5722,26.2185],[93.5744,26.2106]]],[[[91.1994,23.619],[91.1909,23.6197],[91.1972,23.6268],[91.1994,23.619]]],[[[94.3411,18.569],[94.3325,18.5697],[94.3388,18.5768],[94.3411,18.569]]],[[[94.6994,18.7606],[94.6909,18.7614],[94.6972,18.7685],[94.6994,18.7606]]],[[[93.3244,22.6356],[93.3159,22.6364],[93.3222,22.6435],[93.3244,22.6356]]],[[[97.6827,16.5106],[97.6742,16.5114],[97.6805,16.5185],[97.6827,16.5106]]],[[[93.6827,19.2606],[93.6742,19.2614],[93.6805,19.2685],[93.6827,19.2606]]],[[[94.6742,18.8865],[94.6815,18.8902],[94.6833,18.8833],[94.6742,18.8865]]],[[[91.3065,23.7515],[91.2992,23.7552],[91.3083,23.7583],[91.3065,23.7515]]],[[[95.1077,17.819],[95.0992,17.8197],[95.1055,17.8268],[95.1077,17.819]]],[[[97.7161,17.069],[97.7075,17.0697],[97.7138,17.0768],[97.7161,17.069]]],[[[95.1494,18.9773],[95.1409,18.9781],[95.1472,18.9852],[95.1494,18.9773]]],[[[93.0244,20.2273],[93.0159,20.2281],[93.0222,20.2352],[93.0244,20.2273]]],[[[92.0397,25.8176],[92.0325,25.8218],[92.0417,25.825],[92.0397,25.8176]]],[[[95.8982,17.8515],[95.8908,17.8552],[95.9,17.8583],[95.8982,17.8515]]],[[[93.6925,23.0532],[93.6853,23.0574],[93.6868,23.0592],[93.6925,23.0532]]],[[[97.0411,22.7356],[97.0325,22.7364],[97.0388,22.7435],[97.0411,22.7356]]],[[[92.8494,25.1773],[92.8409,25.1781],[92.8472,25.1852],[92.8494,25.1773]]],[[[93.7077,24.3023],[93.6992,24.3031],[93.7055,24.3102],[93.7077,24.3023]]],[[[92.4744,24.5523],[92.4659,24.5531],[92.4722,24.5602],[92.4744,24.5523]]],[[[93.3327,23.1773],[93.3242,23.1781],[93.3305,23.1852],[93.3327,23.1773]]],[[[93.4425,23.0718],[93.4353,23.0676],[93.4333,23.075],[93.4425,23.0718]]],[[[96.5077,20.419],[96.4992,20.4197],[96.5055,20.4268],[96.5077,20.419]]],[[[94.0994,25.0856],[94.0909,25.0864],[94.0972,25.0935],[94.0994,25.0856]]],[[[94.9327,28.3023],[94.9242,28.3031],[94.9305,28.3102],[94.9327,28.3023]]],[[[93.1994,21.944],[93.1909,21.9447],[93.1972,21.9518],[93.1994,21.944]]],[[[92.5744,20.9606],[92.5659,20.9614],[92.5722,20.9685],[92.5744,20.9606]]],[[[97.8327,15.169],[97.8242,15.1697],[97.8305,15.1768],[97.8327,15.169]]],[[[93.5994,22.9606],[93.5909,22.9614],[93.5972,22.9685],[93.5994,22.9606]]],[[[97.5911,16.819],[97.5825,16.8197],[97.5888,16.8268],[97.5911,16.819]]],[[[92.9411,24.944],[92.9325,24.9447],[92.9388,24.9518],[92.9411,24.944]]],[[[92.3161,24.819],[92.3075,24.8197],[92.3138,24.8268],[92.3161,24.819]]],[[[97.2842,23.5385],[97.277,23.5343],[97.275,23.5417],[97.2842,23.5385]]],[[[94.6982,20.4099],[94.6908,20.4135],[94.7,20.4167],[94.6982,20.4099]]],[[[93.5425,23.9968],[93.5353,23.9926],[93.5333,24.0],[93.5425,23.9968]]],[[[94.8083,25.1667],[94.8175,25.1632],[94.8115,25.1575],[94.8083,25.1667]]],[[[97.9577,19.8356],[97.9492,19.8364],[97.9555,19.8435],[97.9577,19.8356]]],[[[94.3494,18.4773],[94.3409,18.4781],[94.3472,18.4852],[94.3494,18.4773]]],[[[93.5994,19.2106],[93.5909,19.2114],[93.5972,19.2185],[93.5994,19.2106]]],[[[93.9744,21.444],[93.9659,21.4447],[93.9722,21.4518],[93.9744,21.444]]],[[[93.0824,22.302],[93.0782,22.3092],[93.0842,22.3035],[93.0824,22.302]]],[[[93.825,19.0667],[93.8285,19.0758],[93.8342,19.0698],[93.825,19.0667]]],[[[93.4833,24.375],[93.4925,24.3715],[93.4865,24.3658],[93.4833,24.375]]],[[[95.0583,18.5917],[95.0675,18.5882],[95.0615,18.5825],[95.0583,18.5917]]],[[[95.0077,28.9273],[94.9992,28.9281],[95.0055,28.9352],[95.0077,28.9273]]],[[[96.9327,23.2356],[96.9242,23.2364],[96.9305,23.2435],[96.9327,23.2356]]],[[[94.2744,25.9606],[94.2659,25.9614],[94.2722,25.9685],[94.2744,25.9606]]],[[[92.8994,21.0273],[92.8909,21.0281],[92.8972,21.0352],[92.8994,21.0273]]],[[[94.8994,20.244],[94.8909,20.2447],[94.8972,20.2518],[94.8994,20.244]]],[[[97.8827,17.1523],[97.8742,17.1531],[97.8805,17.1602],[97.8827,17.1523]]],[[[98.0,26.4607],[97.9992,26.4617],[98.0,26.4631],[98.0,26.4607]]],[[[97.8827,15.494],[97.8742,15.4947],[97.8805,15.5018],[97.8827,15.494]]],[[[96.5744,18.8856],[96.5659,18.8864],[96.5722,18.8935],[96.5744,18.8856]]],[[[91.9661,24.0856],[91.9575,24.0864],[91.9638,24.0935],[91.9661,24.0856]]],[[[95.9744,28.3856],[95.9659,28.3864],[95.9722,28.3935],[95.9744,28.3856]]],[[[95.0994,28.1023],[95.0909,28.1031],[95.0972,28.1102],[95.0994,28.1023]]],[[[96.4744,27.8356],[96.4659,27.8364],[96.4722,27.8435],[96.4744,27.8356]]],[[[94.8494,21.0273],[94.8409,21.0281],[94.8472,21.0352],[94.8494,21.0273]]],[[[94.8494,20.294],[94.8409,20.2947],[94.8472,20.3018],[94.8494,20.294]]],[[[94.4661,25.7606],[94.4575,25.7614],[94.4638,25.7685],[94.4661,25.7606]]],[[[91.4075,23.8948],[91.4149,23.8985],[91.4167,23.8917],[91.4075,23.8948]]],[[[94.7994,20.4106],[94.7909,20.4114],[94.7972,20.4185],[94.7994,20.4106]]],[[[94.7827,25.0023],[94.7742,25.0031],[94.7805,25.0102],[94.7827,25.0023]]],[[[93.848,22.6176],[93.8408,22.6218],[93.85,22.625],[93.848,22.6176]]],[[[97.801,15.023],[97.8052,15.0158],[97.7992,15.0215],[97.801,15.023]]],[[[94.3802,18.3842],[94.376,18.377],[94.3742,18.3785],[94.3802,18.3842]]],[[[94.3258,16.4782],[94.3189,16.4829],[94.3202,16.4842],[94.3258,16.4782]]],[[[95.8994,28.6106],[95.8909,28.6114],[95.8972,28.6185],[95.8994,28.6106]]],[[[96.9494,18.8356],[96.9409,18.8364],[96.9472,18.8435],[96.9494,18.8356]]],[[[94.5244,16.7273],[94.5159,16.7281],[94.5222,16.7352],[94.5244,16.7273]]],[[[98.0,15.9774],[97.9992,15.9784],[98.0,15.9797],[98.0,15.9774]]],[[[95.2244,28.5356],[95.2159,28.5364],[95.2222,28.5435],[95.2244,28.5356]]],[[[96.5994,20.2106],[96.5909,20.2114],[96.5972,20.2185],[96.5994,20.2106]]],[[[94.6244,17.2856],[94.6159,17.2864],[94.6222,17.2935],[94.6244,17.2856]]],[[[95.1244,18.9106],[95.1159,18.9114],[95.1222,18.9185],[95.1244,18.9106]]],[[[93.3911,22.269],[93.3825,22.2697],[93.3888,22.2768],[93.3911,22.269]]],[[[96.0244,17.269],[96.0159,17.2697],[96.0222,17.2768],[96.0244,17.269]]],[[[93.7327,22.019],[93.7242,22.0197],[93.7305,22.0268],[93.7327,22.019]]],[[[96.4827,17.5356],[96.4742,17.5364],[96.4805,17.5435],[96.4827,17.5356]]],[[[97.8411,16.1606],[97.8325,16.1614],[97.8388,16.1685],[97.8411,16.1606]]],[[[97.3232,17.4265],[97.3158,17.4302],[97.325,17.4333],[97.3232,17.4265]]],[[[96.1758,26.8032],[96.1689,26.8079],[96.1702,26.8092],[96.1758,26.8032]]],[[[90.9744,26.0356],[90.9659,26.0364],[90.9722,26.0435],[90.9744,26.0356]]],[[[94.4244,25.894],[94.4159,25.8947],[94.4222,25.9018],[94.4244,25.894]]],[[[92.9342,23.5032],[92.927,23.5074],[92.9285,23.5092],[92.9342,23.5032]]],[[[92.9325,21.1782],[92.9399,21.1818],[92.9417,21.175],[92.9325,21.1782]]],[[[94.8149,25.1349],[94.8075,25.1385],[94.8167,25.1417],[94.8149,25.1349]]],[[[92.7992,27.4282],[92.8065,27.4318],[92.8083,27.425],[92.7992,27.4282]]],[[[96.9408,19.1198],[96.9482,19.1235],[96.95,19.1167],[96.9408,19.1198]]],[[[91.9083,26.25],[91.9175,26.2465],[91.9115,26.2408],[91.9083,26.25]]],[[[94.8996,25.5938],[94.8948,25.6008],[94.9008,25.5952],[94.8996,25.5938]]],[[[97.1994,18.4606],[97.1909,18.4614],[97.1972,18.4685],[97.1994,18.4606]]],[[[96.6667,27.0583],[96.6758,27.0548],[96.6698,27.0492],[96.6667,27.0583]]],[[[96.6758,18.5718],[96.6685,18.5682],[96.6667,18.575],[96.6758,18.5718]]],[[[95.1911,21.3523],[95.1825,21.3531],[95.1888,21.3602],[95.1911,21.3523]]],[[[90.8161,25.994],[90.8075,25.9947],[90.8138,26.0018],[90.8161,25.994]]],[[[97.5658,23.9115],[97.5732,23.9152],[97.575,23.9083],[97.5658,23.9115]]],[[[97.3161,19.3856],[97.3075,19.3864],[97.3138,19.3935],[97.3161,19.3856]]],[[[97.6744,19.294],[97.6659,19.2947],[97.6722,19.3018],[97.6744,19.294]]],[[[92.4411,21.1523],[92.4325,21.1531],[92.4388,21.1602],[92.4411,21.1523]]],[[[96.5661,20.2773],[96.5575,20.2781],[96.5638,20.2852],[96.5661,20.2773]]],[[[97.5494,16.869],[97.5409,16.8697],[97.5472,16.8768],[97.5494,16.869]]],[[[96.3008,27.4115],[96.2939,27.4162],[96.2952,27.4175],[96.3008,27.4115]]],[[[97.5728,16.6996],[97.5658,16.6948],[97.5715,16.7008],[97.5728,16.6996]]],[[[97.9244,19.7773],[97.9159,19.7781],[97.9222,19.7852],[97.9244,19.7773]]],[[[93.5064,24.1343],[93.4992,24.1385],[93.5083,24.1417],[93.5064,24.1343]]],[[[97.4244,17.119],[97.4159,17.1197],[97.4222,17.1268],[97.4244,17.119]]],[[[94.6911,17.5106],[94.6825,17.5114],[94.6888,17.5185],[94.6911,17.5106]]],[[[93.1911,19.919],[93.1825,19.9197],[93.1888,19.9268],[93.1911,19.919]]],[[[93.5661,19.2606],[93.5575,19.2614],[93.5638,19.2685],[93.5661,19.2606]]],[[[96.7994,27.119],[96.7909,27.1197],[96.7972,27.1268],[96.7994,27.119]]],[[[92.1744,25.269],[92.1659,25.2697],[92.1722,25.2768],[92.1744,25.269]]],[[[93.7897,24.351],[93.7825,24.3552],[93.7917,24.3583],[93.7897,24.351]]],[[[91.5325,23.2532],[91.5399,23.2568],[91.5417,23.25],[91.5325,23.2532]]],[[[96.8908,22.5198],[96.8982,22.5235],[96.9,22.5167],[96.8908,22.5198]]],[[[90.0385,25.8842],[90.0343,25.877],[90.0325,25.8785],[90.0385,25.8842]]],[[[97.2,18.4083],[97.2035,18.4175],[97.2092,18.4115],[97.2,18.4083]]],[[[91.9408,26.2698],[91.9486,26.2722],[91.95,26.2667],[91.9408,26.2698]]],[[[93.1635,22.6508],[93.1588,22.6439],[93.1575,22.6452],[93.1635,22.6508]]],[[[97.7658,16.0282],[97.7732,16.0318],[97.775,16.025],[97.7658,16.0282]]],[[[97.8908,15.2782],[97.8982,15.2818],[97.9,15.275],[97.8908,15.2782]]],[[[93.2911,22.9023],[93.2825,22.9031],[93.2888,22.9102],[93.2911,22.9023]]],[[[96.7744,27.2773],[96.7659,27.2781],[96.7722,27.2852],[96.7744,27.2773]]],[[[93.1661,24.7773],[93.1575,24.7781],[93.1638,24.7852],[93.1661,24.7773]]],[[[92.7994,20.4273],[92.7909,20.4281],[92.7972,20.4352],[92.7994,20.4273]]],[[[91.6161,23.9773],[91.6075,23.9781],[91.6138,23.9852],[91.6161,23.9773]]],[[[97.6161,16.5273],[97.6075,16.5281],[97.6138,16.5352],[97.6161,16.5273]]],[[[97.6161,16.9023],[97.6075,16.9031],[97.6138,16.9102],[97.6161,16.9023]]],[[[96.3827,20.5106],[96.3742,20.5114],[96.3805,20.5185],[96.3827,20.5106]]],[[[95.7411,18.369],[95.7325,18.3697],[95.7388,18.3768],[95.7411,18.369]]],[[[93.0077,20.3523],[92.9992,20.3531],[93.0055,20.3602],[93.0077,20.3523]]],[[[93.2577,22.494],[93.2492,22.4947],[93.2555,22.5018],[93.2577,22.494]]],[[[91.3661,23.8856],[91.3575,23.8864],[91.3638,23.8935],[91.3661,23.8856]]],[[[94.6327,28.869],[94.6242,28.8697],[94.6305,28.8768],[94.6327,28.869]]],[[[92.0077,24.2106],[91.9992,24.2114],[92.0055,24.2185],[92.0077,24.2106]]],[[[96.6161,20.1356],[96.6075,20.1364],[96.6138,20.1435],[96.6161,20.1356]]],[[[94.0077,27.7106],[93.9992,27.7114],[94.0055,27.7185],[94.0077,27.7106]]],[[[94.3827,24.9606],[94.3742,24.9614],[94.3805,24.9685],[94.3827,24.9606]]],[[[92.5077,24.7273],[92.4992,24.7281],[92.5055,24.7352],[92.5077,24.7273]]],[[[94.1825,25.7552],[94.1895,25.7505],[94.1882,25.7492],[94.1825,25.7552]]],[[[91.5411,24.0356],[91.5325,24.0364],[91.5388,24.0435],[91.5411,24.0356]]],[[[96.9411,17.6023],[96.9325,17.6031],[96.9388,17.6102],[96.9411,17.6023]]],[[[92.3161,21.0856],[92.3075,21.0864],[92.3138,21.0935],[92.3161,21.0856]]],[[[94.1911,25.6773],[94.1825,25.6781],[94.1888,25.6852],[94.1911,25.6773]]],[[[97.8161,15.6023],[97.8075,15.6031],[97.8138,15.6102],[97.8161,15.6023]]],[[[95.9411,17.7273],[95.9325,17.7281],[95.9388,17.7352],[95.9411,17.7273]]],[[[94.0661,25.0523],[94.0575,25.0531],[94.0638,25.0602],[94.0661,25.0523]]],[[[96.8577,27.1273],[96.8492,27.1281],[96.8555,27.1352],[96.8577,27.1273]]],[[[94.4244,16.7356],[94.4159,16.7364],[94.4222,16.7435],[94.4244,16.7356]]],[[[97.9077,15.5023],[97.8992,15.5031],[97.9055,15.5102],[97.9077,15.5023]]],[[[94.4338,25.5145],[94.4385,25.5075],[94.4325,25.5132],[94.4338,25.5145]]],[[[96.6982,18.5182],[96.6908,18.5218],[96.7,18.525],[96.6982,18.5182]]],[[[93.5583,21.3833],[93.5675,21.3798],[93.5615,21.3742],[93.5583,21.3833]]],[[[93.8175,19.1468],[93.8101,19.1432],[93.8083,19.15],[93.8175,19.1468]]],[[[97.0411,17.394],[97.0325,17.3947],[97.0388,17.4018],[97.0411,17.394]]],[[[97.95,16.6417],[97.9592,16.6382],[97.9532,16.6325],[97.95,16.6417]]],[[[93.7577,21.819],[93.7492,21.8197],[93.7555,21.8268],[93.7577,21.819]]],[[[94.2411,24.6773],[94.2325,24.6781],[94.2388,24.6852],[94.2411,24.6773]]],[[[93.7327,19.5356],[93.7242,19.5364],[93.7305,19.5435],[93.7327,19.5356]]],[[[93.3827,24.3023],[93.3742,24.3031],[93.3805,24.3102],[93.3827,24.3023]]],[[[93.8827,19.0856],[93.8742,19.0864],[93.8805,19.0935],[93.8827,19.0856]]],[[[94.2411,24.5523],[94.2325,24.5531],[94.2388,24.5602],[94.2411,24.5523]]],[[[97.3661,23.5523],[97.3575,23.5531],[97.3638,23.5602],[97.3661,23.5523]]],[[[92.4077,24.7023],[92.3992,24.7031],[92.4055,24.7102],[92.4077,24.7023]]],[[[93.4575,21.5865],[93.4649,21.5902],[93.4667,21.5833],[93.4575,21.5865]]],[[[92.5825,20.8365],[92.5899,20.8402],[92.5917,20.8333],[92.5825,20.8365]]],[[[92.6577,24.7023],[92.6492,24.7031],[92.6555,24.7102],[92.6577,24.7023]]],[[[93.0327,22.094],[93.0242,22.0947],[93.0305,22.1018],[93.0327,22.094]]],[[[97.0744,22.6773],[97.0659,22.6781],[97.0722,22.6852],[97.0744,22.6773]]],[[[95.0411,28.9023],[95.0325,28.9031],[95.0388,28.9102],[95.0411,28.9023]]],[[[95.9149,28.3515],[95.9075,28.3552],[95.9167,28.3583],[95.9149,28.3515]]],[[[94.8324,21.0187],[94.8282,21.0258],[94.8342,21.0202],[94.8324,21.0187]]],[[[94.1742,20.2698],[94.1815,20.2735],[94.1833,20.2667],[94.1742,20.2698]]],[[[97.0842,22.8782],[97.0772,22.8829],[97.0785,22.8842],[97.0842,22.8782]]],[[[97.4574,24.127],[97.4532,24.1342],[97.4592,24.1285],[97.4574,24.127]]],[[[97.0824,22.6437],[97.0782,22.6508],[97.0842,22.6452],[97.0824,22.6437]]],[[[92.6742,27.2698],[92.6815,27.2735],[92.6833,27.2667],[92.6742,27.2698]]],[[[97.5407,17.127],[97.5365,17.1342],[97.5425,17.1285],[97.5407,17.127]]],[[[97.6885,17.0092],[97.6843,17.002],[97.6825,17.0035],[97.6885,17.0092]]],[[[94.7161,27.9106],[94.7075,27.9114],[94.7138,27.9185],[94.7161,27.9106]]],[[[96.575,20.2417],[96.5842,20.2382],[96.5782,20.2325],[96.575,20.2417]]],[[[97.7,19.3833],[97.7092,19.3798],[97.7032,19.3742],[97.7,19.3833]]],[[[97.5325,22.2615],[97.5399,22.2652],[97.5417,22.2583],[97.5325,22.2615]]],[[[94.0161,28.019],[94.0075,28.0197],[94.0138,28.0268],[94.0161,28.019]]],[[[94.1411,24.769],[94.1325,24.7697],[94.1388,24.7768],[94.1411,24.769]]],[[[92.5161,24.644],[92.5075,24.6447],[92.5138,24.6518],[92.5161,24.644]]],[[[92.5161,24.769],[92.5075,24.7697],[92.5138,24.7768],[92.5161,24.769]]],[[[94.0161,23.644],[94.0075,23.6447],[94.0138,23.6518],[94.0161,23.644]]],[[[93.3577,23.769],[93.3492,23.7697],[93.3555,23.7768],[93.3577,23.769]]],[[[92.3744,24.644],[92.3659,24.6447],[92.3722,24.6518],[92.3744,24.644]]],[[[94.2149,27.8015],[94.2075,27.8052],[94.2167,27.8083],[94.2149,27.8015]]],[[[96.7149,18.5515],[96.7075,18.5552],[96.7167,18.5583],[96.7149,18.5515]]],[[[92.9327,24.9023],[92.9242,24.9031],[92.9305,24.9102],[92.9327,24.9023]]],[[[96.7161,27.2523],[96.7075,27.2531],[96.7138,27.2602],[96.7161,27.2523]]],[[[97.0827,19.269],[97.0742,19.2697],[97.0805,19.2768],[97.0827,19.269]]],[[[93.7911,24.294],[93.7825,24.2947],[93.7888,24.3018],[93.7911,24.294]]],[[[97.6494,17.0773],[97.6409,17.0781],[97.6472,17.0852],[97.6494,17.0773]]],[[[93.7827,19.444],[93.7742,19.4447],[93.7805,19.4518],[93.7827,19.444]]],[[[93.4077,19.944],[93.3992,19.9447],[93.4055,19.9518],[93.4077,19.944]]],[[[92.2827,24.8106],[92.2742,24.8114],[92.2805,24.8185],[92.2827,24.8106]]],[[[93.5577,25.3606],[93.5492,25.3614],[93.5555,25.3685],[93.5577,25.3606]]],[[[97.5244,17.3106],[97.5159,17.3114],[97.5222,17.3185],[97.5244,17.3106]]],[[[97.5244,16.4356],[97.5159,16.4364],[97.5222,16.4435],[97.5244,16.4356]]],[[[94.0161,19.6773],[94.0075,19.6781],[94.0138,19.6852],[94.0161,19.6773]]],[[[97.1244,21.1606],[97.1159,21.1614],[97.1222,21.1685],[97.1244,21.1606]]],[[[94.9827,17.5523],[94.9742,17.5531],[94.9805,17.5602],[94.9827,17.5523]]],[[[97.9661,15.8023],[97.9575,15.8031],[97.9638,15.8102],[97.9661,15.8023]]],[[[96.3994,17.344],[96.3909,17.3447],[96.3972,17.3518],[96.3994,17.344]]],[[[97.9333,15.975],[97.9368,15.9842],[97.9425,15.9782],[97.9333,15.975]]],[[[96.4407,20.5853],[96.4365,20.5925],[96.4425,20.5868],[96.4407,20.5853]]],[[[91.5675,23.2115],[91.5605,23.2162],[91.5618,23.2175],[91.5675,23.2115]]],[[[93.4658,24.3448],[93.4736,24.3472],[93.475,24.3417],[93.4658,24.3448]]],[[[93.4329,24.0938],[93.4282,24.1008],[93.4342,24.0952],[93.4329,24.0938]]],[[[94.4258,16.1468],[94.4185,16.1432],[94.4167,16.15],[94.4258,16.1468]]],[[[93.3242,23.0948],[93.3319,23.0972],[93.3333,23.0917],[93.3242,23.0948]]],[[[94.4408,25.5885],[94.4478,25.5838],[94.4465,25.5825],[94.4408,25.5885]]],[[[94.8083,28.7],[94.8175,28.6965],[94.8115,28.6908],[94.8083,28.7]]],[[[93.1575,24.8615],[93.1652,24.8639],[93.1667,24.8583],[93.1575,24.8615]]],[[[93.0397,24.7426],[93.0325,24.7468],[93.0417,24.75],[93.0397,24.7426]]],[[[93.325,20.1583],[93.3285,20.1675],[93.3342,20.1615],[93.325,20.1583]]],[[[93.3744,22.6106],[93.3659,22.6114],[93.3722,22.6185],[93.3744,22.6106]]],[[[93.3577,22.6106],[93.3492,22.6114],[93.3555,22.6185],[93.3577,22.6106]]],[[[96.9425,21.4135],[96.9351,21.4099],[96.9333,21.4167],[96.9425,21.4135]]],[[[97.3175,23.9135],[97.3101,23.9099],[97.3083,23.9167],[97.3175,23.9135]]],[[[95.7494,18.2523],[95.7409,18.2531],[95.7472,18.2602],[95.7494,18.2523]]],[[[95.8327,18.1856],[95.8242,18.1864],[95.8305,18.1935],[95.8327,18.1856]]],[[[95.6077,28.3273],[95.5992,28.3281],[95.6055,28.3352],[95.6077,28.3273]]],[[[91.7494,26.2023],[91.7409,26.2031],[91.7472,26.2102],[91.7494,26.2023]]],[[[92.9994,23.3273],[92.9909,23.3281],[92.9972,23.3352],[92.9994,23.3273]]],[[[97.8577,22.9523],[97.8492,22.9531],[97.8555,22.9602],[97.8577,22.9523]]],[[[96.4425,20.0718],[96.4351,20.0682],[96.4333,20.075],[96.4425,20.0718]]],[[[96.4315,27.4265],[96.4242,27.4302],[96.4333,27.4333],[96.4315,27.4265]]],[[[94.2244,27.7356],[94.2159,27.7364],[94.2222,27.7435],[94.2244,27.7356]]],[[[97.775,15.8583],[97.7842,15.8548],[97.7782,15.8492],[97.775,15.8583]]],[[[93.4494,23.7773],[93.4409,23.7781],[93.4472,23.7852],[93.4494,23.7773]]],[[[93.3491,20.252],[93.3448,20.2592],[93.3508,20.2535],[93.3491,20.252]]],[[[96.4667,27.725],[96.4758,27.7215],[96.4698,27.7158],[96.4667,27.725]]],[[[97.7732,18.8599],[97.7658,18.8635],[97.775,18.8667],[97.7732,18.8599]]],[[[94.8577,20.444],[94.8492,20.4447],[94.8555,20.4518],[94.8577,20.444]]],[[[94.7327,18.944],[94.7242,18.9447],[94.7305,18.9518],[94.7327,18.944]]],[[[94.0494,25.0106],[94.0409,25.0114],[94.0472,25.0185],[94.0494,25.0106]]],[[[93.4244,25.2606],[93.4159,25.2614],[93.4222,25.2685],[93.4244,25.2606]]],[[[92.9244,24.8856],[92.9159,24.8864],[92.9222,24.8935],[92.9244,24.8856]]],[[[97.9161,17.0606],[97.9075,17.0614],[97.9138,17.0685],[97.9161,17.0606]]],[[[97.2911,17.1856],[97.2825,17.1864],[97.2888,17.1935],[97.2911,17.1856]]],[[[89.9408,25.5698],[89.9482,25.5735],[89.95,25.5667],[89.9408,25.5698]]],[[[96.4661,17.4856],[96.4575,17.4864],[96.4638,17.4935],[96.4661,17.4856]]],[[[94.1744,20.2273],[94.1659,20.2281],[94.1722,20.2352],[94.1744,20.2273]]],[[[97.4592,24.2365],[97.452,24.2407],[97.4535,24.2425],[97.4592,24.2365]]],[[[94.8232,28.4599],[94.8158,28.4635],[94.825,28.4667],[94.8232,28.4599]]],[[[94.9482,20.1182],[94.9408,20.1218],[94.95,20.125],[94.9482,20.1182]]],[[[92.2244,21.1856],[92.2159,21.1864],[92.2222,21.1935],[92.2244,21.1856]]],[[[91.4744,23.4023],[91.4659,23.4031],[91.4722,23.4102],[91.4744,23.4023]]],[[[91.3494,23.6523],[91.3409,23.6531],[91.3472,23.6602],[91.3494,23.6523]]],[[[94.7827,25.319],[94.7742,25.3197],[94.7805,25.3268],[94.7827,25.319]]],[[[93.1577,24.819],[93.1492,24.8197],[93.1555,24.8268],[93.1577,24.819]]],[[[92.1577,25.694],[92.1492,25.6947],[92.1555,25.7018],[92.1577,25.694]]],[[[92.9482,20.9849],[92.9408,20.9885],[92.95,20.9917],[92.9482,20.9849]]],[[[90.7145,26.0246],[90.7075,26.0198],[90.7132,26.0258],[90.7145,26.0246]]],[[[95.8232,17.9765],[95.8158,17.9802],[95.825,17.9833],[95.8232,17.9765]]],[[[95.0508,28.2532],[95.0439,28.2579],[95.0452,28.2592],[95.0508,28.2532]]],[[[93.7827,19.7273],[93.7742,19.7281],[93.7805,19.7352],[93.7827,19.7273]]],[[[97.7577,17.1856],[97.7492,17.1864],[97.7555,17.1935],[97.7577,17.1856]]],[[[97.5577,16.7023],[97.5492,16.7031],[97.5555,16.7102],[97.5577,16.7023]]],[[[93.4327,20.1856],[93.4242,20.1864],[93.4305,20.1935],[93.4327,20.1856]]],[[[94.0577,28.4023],[94.0492,28.4031],[94.0555,28.4102],[94.0577,28.4023]]],[[[92.9494,20.0606],[92.9409,20.0614],[92.9472,20.0685],[92.9494,20.0606]]],[[[97.9758,23.1282],[97.9687,23.1324],[97.9702,23.1342],[97.9758,23.1282]]],[[[93.9494,19.594],[93.9409,19.5947],[93.9472,19.6018],[93.9494,19.594]]],[[[94.8077,20.344],[94.7992,20.3447],[94.8055,20.3518],[94.8077,20.344]]],[[[94.1577,19.3023],[94.1492,19.3031],[94.1555,19.3102],[94.1577,19.3023]]],[[[97.8911,15.319],[97.8825,15.3197],[97.8888,15.3268],[97.8911,15.319]]],[[[97.0508,23.1052],[97.0437,23.101],[97.0417,23.1083],[97.0508,23.1052]]],[[[93.6994,24.669],[93.6909,24.6697],[93.6972,24.6768],[93.6994,24.669]]],[[[97.9327,19.8273],[97.9242,19.8281],[97.9305,19.8352],[97.9327,19.8273]]],[[[94.6994,20.4523],[94.6909,20.4531],[94.6972,20.4602],[94.6994,20.4523]]],[[[97.3827,16.8273],[97.3742,16.8281],[97.3805,16.8352],[97.3827,16.8273]]],[[[95.2065,18.9015],[95.1992,18.9052],[95.2083,18.9083],[95.2065,18.9015]]],[[[94.7244,20.3106],[94.7159,20.3114],[94.7222,20.3185],[94.7244,20.3106]]],[[[94.2827,16.4856],[94.2742,16.4864],[94.2805,16.4935],[94.2827,16.4856]]],[[[94.3994,24.7773],[94.3909,24.7781],[94.3972,24.7852],[94.3994,24.7773]]],[[[98.0,26.6524],[97.9992,26.6534],[98.0,26.6547],[98.0,26.6524]]],[[[93.8147,24.2343],[93.8075,24.2385],[93.8167,24.2417],[93.8147,24.2343]]],[[[92.5661,24.9856],[92.5575,24.9864],[92.5638,24.9935],[92.5661,24.9856]]],[[[92.1911,24.4856],[92.1825,24.4864],[92.1888,24.4935],[92.1911,24.4856]]],[[[93.0661,24.8606],[93.0575,24.8614],[93.0638,24.8685],[93.0661,24.8606]]],[[[94.1244,25.069],[94.1159,25.0697],[94.1222,25.0768],[94.1244,25.069]]],[[[93.1802,20.6508],[93.176,20.6437],[93.1742,20.6452],[93.1802,20.6508]]],[[[92.5565,20.9765],[92.5492,20.9802],[92.5583,20.9833],[92.5565,20.9765]]],[[[91.4744,23.419],[91.4659,23.4197],[91.4722,23.4268],[91.4744,23.419]]],[[[93.7244,23.419],[93.7159,23.4197],[93.7222,23.4268],[93.7244,23.419]]],[[[97.5417,16.375],[97.5508,16.3715],[97.5448,16.3658],[97.5417,16.375]]],[[[94.45,25.5917],[94.4535,25.6008],[94.4592,25.5948],[94.45,25.5917]]],[[[92.7327,25.3856],[92.7242,25.3864],[92.7305,25.3935],[92.7327,25.3856]]],[[[93.1244,24.8856],[93.1159,24.8864],[93.1222,24.8935],[93.1244,24.8856]]],[[[92.8577,24.8856],[92.8492,24.8864],[92.8555,24.8935],[92.8577,24.8856]]],[[[93.1744,23.6023],[93.1659,23.6031],[93.1722,23.6102],[93.1744,23.6023]]],[[[93.9244,23.7106],[93.9159,23.7114],[93.9222,23.7185],[93.9244,23.7106]]],[[[94.4244,18.2606],[94.4159,18.2614],[94.4222,18.2685],[94.4244,18.2606]]],[[[95.0494,28.3856],[95.0409,28.3864],[95.0472,28.3935],[95.0494,28.3856]]],[[[93.2994,22.869],[93.2909,22.8697],[93.2972,22.8768],[93.2994,22.869]]],[[[93.7994,25.0856],[93.7909,25.0864],[93.7972,25.0935],[93.7994,25.0856]]],[[[94.2994,25.744],[94.2909,25.7447],[94.2972,25.7518],[94.2994,25.744]]],[[[93.4244,23.3856],[93.4159,23.3864],[93.4222,23.3935],[93.4244,23.3856]]],[[[93.7994,22.5856],[93.7909,22.5864],[93.7972,22.5935],[93.7994,22.5856]]],[[[95.2994,18.119],[95.2909,18.1197],[95.2972,18.1268],[95.2994,18.119]]],[[[93.7994,19.6356],[93.7909,19.6364],[93.7972,19.6435],[93.7994,19.6356]]],[[[93.1815,22.1099],[93.1742,22.1135],[93.1833,22.1167],[93.1815,22.1099]]],[[[92.7992,20.3865],[92.8065,20.3902],[92.8083,20.3833],[92.7992,20.3865]]],[[[97.8158,17.2782],[97.8232,17.2818],[97.825,17.275],[97.8158,17.2782]]],[[[97.1994,18.4356],[97.1909,18.4364],[97.1972,18.4435],[97.1994,18.4356]]],[[[96.5824,28.0937],[96.5782,28.1008],[96.5842,28.0952],[96.5824,28.0937]]],[[[93.6244,19.4773],[93.6159,19.4781],[93.6222,19.4852],[93.6244,19.4773]]],[[[96.7327,19.9773],[96.7242,19.9781],[96.7305,19.9852],[96.7327,19.9773]]],[[[95.1077,18.9773],[95.0992,18.9781],[95.1055,18.9852],[95.1077,18.9773]]],[[[93.8411,19.619],[93.8325,19.6197],[93.8388,19.6268],[93.8411,19.619]]],[[[93.7161,19.2606],[93.7075,19.2614],[93.7138,19.2685],[93.7161,19.2606]]],[[[94.9649,28.0682],[94.9575,28.0718],[94.9667,28.075],[94.9649,28.0682]]],[[[94.8661,28.3606],[94.8575,28.3614],[94.8638,28.3685],[94.8661,28.3606]]],[[[94.9911,25.9856],[94.9825,25.9864],[94.9888,25.9935],[94.9911,25.9856]]],[[[93.4911,19.394],[93.4825,19.3947],[93.4888,19.4018],[93.4911,19.394]]],[[[93.7827,20.869],[93.7742,20.8697],[93.7805,20.8768],[93.7827,20.869]]],[[[96.0327,17.294],[96.0242,17.2947],[96.0305,17.3018],[96.0327,17.294]]],[[[96.1577,17.4023],[96.1492,17.4031],[96.1555,17.4102],[96.1577,17.4023]]],[[[97.4077,17.119],[97.3992,17.1197],[97.4055,17.1268],[97.4077,17.119]]],[[[93.7827,22.0106],[93.7742,22.0114],[93.7805,22.0185],[93.7827,22.0106]]],[[[94.6577,28.8523],[94.6492,28.8531],[94.6555,28.8602],[94.6577,28.8523]]],[[[93.4077,23.3356],[93.3992,23.3364],[93.4055,23.3435],[93.4077,23.3356]]],[[[96.1577,17.419],[96.1492,17.4197],[96.1555,17.4268],[96.1577,17.419]]],[[[97.5327,17.244],[97.5242,17.2447],[97.5305,17.2518],[97.5327,17.244]]],[[[94.6577,20.4023],[94.6492,20.4031],[94.6555,20.4102],[94.6577,20.4023]]],[[[95.0327,28.694],[95.0242,28.6947],[95.0305,28.7018],[95.0327,28.694]]],[[[96.8244,21.5606],[96.8159,21.5614],[96.8222,21.5685],[96.8244,21.5606]]],[[[94.0911,25.1106],[94.0825,25.1114],[94.0888,25.1185],[94.0911,25.1106]]],[[[94.2161,24.4856],[94.2075,24.4864],[94.2138,24.4935],[94.2161,24.4856]]],[[[93.5494,23.4273],[93.5409,23.4281],[93.5472,23.4352],[93.5494,23.4273]]],[[[94.6744,28.6773],[94.6659,28.6781],[94.6722,28.6852],[94.6744,28.6773]]],[[[96.4492,20.3115],[96.4565,20.3152],[96.4583,20.3083],[96.4492,20.3115]]],[[[97.2161,22.694],[97.2075,22.6947],[97.2138,22.7018],[97.2161,22.694]]],[[[97.9478,16.6496],[97.9408,16.6448],[97.9465,16.6508],[97.9478,16.6496]]],[[[96.5732,21.6182],[96.5658,21.6218],[96.575,21.625],[96.5732,21.6182]]],[[[97.4482,17.5099],[97.4408,17.5135],[97.45,17.5167],[97.4482,17.5099]]],[[[94.5911,17.519],[94.5825,17.5197],[94.5888,17.5268],[94.5911,17.519]]],[[[94.3994,18.469],[94.3909,18.4697],[94.3972,18.4768],[94.3994,18.469]]],[[[96.4744,17.469],[96.4659,17.4697],[96.4722,17.4768],[96.4744,17.469]]],[[[94.3994,25.419],[94.3909,25.4197],[94.3972,25.4268],[94.3994,25.419]]],[[[97.1577,18.4606],[97.1492,18.4614],[97.1555,18.4685],[97.1577,18.4606]]],[[[94.5327,17.9606],[94.5242,17.9614],[94.5305,17.9685],[94.5327,17.9606]]],[[[93.0327,23.1773],[93.0242,23.1781],[93.0305,23.1852],[93.0327,23.1773]]],[[[97.3244,21.8106],[97.3159,21.8114],[97.3222,21.8185],[97.3244,21.8106]]],[[[96.5744,27.169],[96.5659,27.1697],[96.5722,27.1768],[96.5744,27.169]]],[[[93.1911,25.1606],[93.1825,25.1614],[93.1888,25.1685],[93.1911,25.1606]]],[[[97.3494,23.2773],[97.3409,23.2781],[97.3472,23.2852],[97.3494,23.2773]]],[[[92.9157,21.1853],[92.9115,21.1925],[92.9175,21.1868],[92.9157,21.1853]]],[[[97.05,17.4083],[97.0592,17.4048],[97.0532,17.3992],[97.05,17.4083]]],[[[96.4333,17.4833],[96.4425,17.4798],[96.4365,17.4742],[96.4333,17.4833]]],[[[97.8083,15.625],[97.8175,15.6215],[97.8115,15.6158],[97.8083,15.625]]],[[[92.5899,20.8515],[92.5825,20.8552],[92.5917,20.8583],[92.5899,20.8515]]],[[[93.8158,19.9032],[93.8232,19.9068],[93.825,19.9],[93.8158,19.9032]]],[[[94.1982,19.2349],[94.1908,19.2385],[94.2,19.2417],[94.1982,19.2349]]],[[[93.1969,19.9092],[93.1926,19.902],[93.1909,19.9035],[93.1969,19.9092]]],[[[92.4661,24.5273],[92.4575,24.5281],[92.4638,24.5352],[92.4661,24.5273]]],[[[91.325,23.8917],[91.3342,23.8882],[91.3282,23.8825],[91.325,23.8917]]],[[[93.9911,25.4106],[93.9825,25.4114],[93.9888,25.4185],[93.9911,25.4106]]],[[[94.8575,28.8282],[94.8652,28.8306],[94.8667,28.825],[94.8575,28.8282]]],[[[97.8395,15.3579],[97.8325,15.3532],[97.8382,15.3592],[97.8395,15.3579]]],[[[93.2661,23.4606],[93.2575,23.4614],[93.2638,23.4685],[93.2661,23.4606]]],[[[94.0161,19.6523],[94.0075,19.6531],[94.0138,19.6602],[94.0161,19.6523]]],[[[93.2661,23.4773],[93.2575,23.4781],[93.2638,23.4852],[93.2661,23.4773]]],[[[91.5161,23.5106],[91.5075,23.5114],[91.5138,23.5185],[91.5161,23.5106]]],[[[94.1411,19.2773],[94.1325,19.2781],[94.1388,19.2852],[94.1411,19.2773]]],[[[96.8744,19.4023],[96.8659,19.4031],[96.8722,19.4102],[96.8744,19.4023]]],[[[93.2661,20.369],[93.2575,20.3697],[93.2638,20.3768],[93.2661,20.369]]],[[[93.0161,22.8356],[93.0075,22.8364],[93.0138,22.8435],[93.0161,22.8356]]],[[[97.8744,15.4023],[97.8659,15.4031],[97.8722,15.4102],[97.8744,15.4023]]],[[[92.5161,24.744],[92.5075,24.7447],[92.5138,24.7518],[92.5161,24.744]]],[[[94.0661,20.4356],[94.0575,20.4364],[94.0638,20.4435],[94.0661,20.4356]]],[[[96.3577,20.5273],[96.3492,20.5281],[96.3555,20.5352],[96.3577,20.5273]]],[[[93.3744,22.3356],[93.3659,22.3364],[93.3722,22.3435],[93.3744,22.3356]]],[[[92.3744,24.619],[92.3659,24.6197],[92.3722,24.6268],[92.3744,24.619]]],[[[94.2327,24.5856],[94.2242,24.5864],[94.2305,24.5935],[94.2327,24.5856]]],[[[91.3744,23.4606],[91.3659,23.4614],[91.3722,23.4685],[91.3744,23.4606]]],[[[92.4994,24.7106],[92.4909,24.7114],[92.4972,24.7185],[92.4994,24.7106]]],[[[97.7161,18.6356],[97.7075,18.6364],[97.7138,18.6435],[97.7161,18.6356]]],[[[91.3744,23.5106],[91.3659,23.5114],[91.3722,23.5185],[91.3744,23.5106]]],[[[92.9827,20.3856],[92.9742,20.3864],[92.9805,20.3935],[92.9827,20.3856]]],[[[96.9827,17.5106],[96.9742,17.5114],[96.9805,17.5185],[96.9827,17.5106]]],[[[94.3074,24.827],[94.3032,24.8342],[94.3092,24.8285],[94.3074,24.827]]],[[[97.3315,23.1515],[97.3242,23.1552],[97.3333,23.1583],[97.3315,23.1515]]],[[[95.3161,18.094],[95.3075,18.0947],[95.3138,18.1018],[95.3161,18.094]]],[[[97.7158,15.7032],[97.7232,15.7068],[97.725,15.7],[97.7158,15.7032]]],[[[97.7411,15.3273],[97.7325,15.3281],[97.7388,15.3352],[97.7411,15.3273]]],[[[94.6911,25.794],[94.6825,25.7947],[94.6888,25.8018],[94.6911,25.794]]],[[[93.6161,19.1856],[93.6075,19.1864],[93.6138,19.1935],[93.6161,19.1856]]],[[[92.2411,21.1856],[92.2325,21.1864],[92.2388,21.1935],[92.2411,21.1856]]],[[[90.9577,26.044],[90.9492,26.0447],[90.9555,26.0518],[90.9577,26.044]]],[[[93.8161,19.0773],[93.8075,19.0781],[93.8138,19.0852],[93.8161,19.0773]]],[[[95.5661,18.5773],[95.5575,18.5781],[95.5638,18.5852],[95.5661,18.5773]]],[[[96.4244,20.4523],[96.4159,20.4531],[96.4222,20.4602],[96.4244,20.4523]]],[[[97.8161,15.844],[97.8075,15.8447],[97.8138,15.8518],[97.8161,15.844]]],[[[97.9244,15.844],[97.9159,15.8447],[97.9222,15.8518],[97.9244,15.844]]],[[[96.9244,17.4523],[96.9159,17.4531],[96.9222,17.4602],[96.9244,17.4523]]],[[[92.1577,25.6606],[92.1492,25.6614],[92.1555,25.6685],[92.1577,25.6606]]],[[[96.7842,21.6282],[96.7772,21.6329],[96.7785,21.6342],[96.7842,21.6282]]],[[[97.4242,23.3448],[97.4315,23.3485],[97.4333,23.3417],[97.4242,23.3448]]],[[[92.3911,24.6773],[92.3825,24.6781],[92.3888,24.6852],[92.3911,24.6773]]],[[[97.7494,15.9606],[97.7409,15.9614],[97.7472,15.9685],[97.7494,15.9606]]],[[[94.3577,16.6023],[94.3492,16.6031],[94.3555,16.6102],[94.3577,16.6023]]],[[[96.4242,27.3615],[96.4315,27.3652],[96.4333,27.3583],[96.4242,27.3615]]],[[[97.2825,22.8782],[97.2902,22.8806],[97.2917,22.875],[97.2825,22.8782]]],[[[97.3083,17.125],[97.3175,17.1215],[97.3115,17.1158],[97.3083,17.125]]],[[[97.3161,21.419],[97.3075,21.4197],[97.3138,21.4268],[97.3161,21.419]]],[[[95.8411,17.8856],[95.8325,17.8864],[95.8388,17.8935],[95.8411,17.8856]]],[[[96.2161,27.2106],[96.2075,27.2114],[96.2138,27.2185],[96.2161,27.2106]]],[[[95.9661,17.5273],[95.9575,17.5281],[95.9638,17.5352],[95.9661,17.5273]]],[[[95.2508,28.2282],[95.2439,28.2329],[95.2452,28.2342],[95.2508,28.2282]]],[[[97.7411,15.844],[97.7325,15.8447],[97.7388,15.8518],[97.7411,15.844]]],[[[97.2244,19.9523],[97.2159,19.9531],[97.2222,19.9602],[97.2244,19.9523]]],[[[97.5994,16.969],[97.5909,16.9697],[97.5972,16.9768],[97.5994,16.969]]],[[[94.3411,18.4523],[94.3325,18.4531],[94.3388,18.4602],[94.3411,18.4523]]],[[[94.3411,16.594],[94.3325,16.5947],[94.3388,16.6018],[94.3411,16.594]]],[[[94.6161,28.419],[94.6075,28.4197],[94.6138,28.4268],[94.6161,28.419]]],[[[90.4342,25.1552],[90.4268,25.1515],[90.425,25.1583],[90.4342,25.1552]]],[[[92.3008,24.7115],[92.2937,24.7157],[92.2952,24.7175],[92.3008,24.7115]]],[[[93.4661,24.3106],[93.4575,24.3114],[93.4638,24.3185],[93.4661,24.3106]]],[[[90.3911,26.0356],[90.3825,26.0364],[90.3888,26.0435],[90.3911,26.0356]]],[[[94.2827,25.7106],[94.2742,25.7114],[94.2805,25.7185],[94.2827,25.7106]]],[[[97.8911,16.0273],[97.8825,16.0281],[97.8888,16.0352],[97.8911,16.0273]]],[[[96.8911,17.994],[96.8825,17.9947],[96.8888,18.0018],[96.8911,17.994]]],[[[97.0161,17.4023],[97.0075,17.4031],[97.0138,17.4102],[97.0161,17.4023]]],[[[94.7661,20.8523],[94.7575,20.8531],[94.7638,20.8602],[94.7661,20.8523]]],[[[92.4907,20.8603],[92.4865,20.8675],[92.4925,20.8618],[92.4907,20.8603]]],[[[97.3911,17.119],[97.3825,17.1197],[97.3888,17.1268],[97.3911,17.119]]],[[[96.3911,17.5106],[96.3825,17.5114],[96.3888,17.5185],[96.3911,17.5106]]],[[[95.2661,28.2606],[95.2575,28.2614],[95.2638,28.2685],[95.2661,28.2606]]],[[[97.6758,22.3448],[97.6689,22.3496],[97.6702,22.3508],[97.6758,22.3448]]],[[[89.9649,25.6349],[89.9575,25.6385],[89.9667,25.6417],[89.9649,25.6349]]],[[[95.5491,28.3437],[95.5448,28.3508],[95.5508,28.3452],[95.5491,28.3437]]],[[[94.8492,26.3052],[94.8564,26.301],[94.8549,26.2992],[94.8492,26.3052]]],[[[97.5333,17.1167],[97.5425,17.1132],[97.5365,17.1075],[97.5333,17.1167]]],[[[93.2175,22.3802],[93.2103,22.376],[93.2083,22.3833],[93.2175,22.3802]]],[[[94.0742,20.5448],[94.0815,20.5485],[94.0833,20.5417],[94.0742,20.5448]]],[[[97.201,18.3647],[97.2052,18.3575],[97.1992,18.3632],[97.201,18.3647]]],[[[94.2065,19.0932],[94.1992,19.0968],[94.2083,19.1],[94.2065,19.0932]]],[[[93.7994,19.394],[93.7909,19.3947],[93.7972,19.4018],[93.7994,19.394]]],[[[96.3302,17.4925],[96.326,17.4853],[96.3242,17.4868],[96.3302,17.4925]]],[[[94.4492,16.8448],[94.4565,16.8485],[94.4583,16.8417],[94.4492,16.8448]]],[[[97.5635,16.8508],[97.5593,16.8437],[97.5575,16.8452],[97.5635,16.8508]]],[[[95.3242,21.4698],[95.3315,21.4735],[95.3333,21.4667],[95.3242,21.4698]]],[[[92.3492,24.6032],[92.3569,24.6056],[92.3583,24.6],[92.3492,24.6032]]],[[[97.0649,18.9349],[97.0575,18.9385],[97.0667,18.9417],[97.0649,18.9349]]],[[[91.998,25.8574],[91.9908,25.8532],[91.9965,25.8592],[91.998,25.8574]]],[[[96.2833,17.3167],[96.2925,17.3132],[96.2865,17.3075],[96.2833,17.3167]]],[[[93.2242,23.3802],[93.2314,23.376],[93.2299,23.3742],[93.2242,23.3802]]],[[[93.7833,21.725],[93.7925,21.7215],[93.7865,21.7158],[93.7833,21.725]]],[[[97.7827,17.269],[97.7742,17.2697],[97.7805,17.2768],[97.7827,17.269]]],[[[93.4077,23.8606],[93.3992,23.8614],[93.4055,23.8685],[93.4077,23.8606]]],[[[89.9244,25.4856],[89.9159,25.4864],[89.9222,25.4935],[89.9244,25.4856]]],[[[95.0327,29.094],[95.0242,29.0947],[95.0305,29.1018],[95.0327,29.094]]],[[[94.8397,25.3843],[94.8325,25.3885],[94.8417,25.3917],[94.8397,25.3843]]],[[[97.3232,27.6182],[97.3158,27.6218],[97.325,27.625],[97.3232,27.6182]]],[[[93.0825,25.0948],[93.0902,25.0972],[93.0917,25.0917],[93.0825,25.0948]]],[[[92.8728,20.7162],[92.8658,20.7115],[92.8715,20.7175],[92.8728,20.7162]]],[[[93.5833,26.1917],[93.5868,26.2008],[93.5925,26.1948],[93.5833,26.1917]]],[[[97.0926,21.223],[97.0968,21.2158],[97.0909,21.2215],[97.0926,21.223]]],[[[97.5575,17.1865],[97.5649,17.1902],[97.5667,17.1833],[97.5575,17.1865]]],[[[93.6992,22.1698],[93.7065,22.1735],[93.7083,22.1667],[93.6992,22.1698]]],[[[92.6744,24.7856],[92.6659,24.7864],[92.6722,24.7935],[92.6744,24.7856]]],[[[92.5494,24.7856],[92.5409,24.7864],[92.5472,24.7935],[92.5494,24.7856]]],[[[92.9825,23.5615],[92.9902,23.5639],[92.9917,23.5583],[92.9825,23.5615]]],[[[93.6135,25.3175],[93.6088,25.3105],[93.6075,25.3118],[93.6135,25.3175]]],[[[96.6232,19.6599],[96.6158,19.6635],[96.625,19.6667],[96.6232,19.6599]]],[[[94.3833,19.775],[94.3925,19.7715],[94.3865,19.7658],[94.3833,19.775]]],[[[97.6342,24.4218],[97.627,24.4176],[97.625,24.425],[97.6342,24.4218]]],[[[96.7478,19.6079],[96.7408,19.6032],[96.7465,19.6092],[96.7478,19.6079]]],[[[93.7667,25.5333],[93.7758,25.5298],[93.7698,25.5242],[93.7667,25.5333]]],[[[97.6158,17.1198],[97.6232,17.1235],[97.625,17.1167],[97.6158,17.1198]]],[[[94.2408,18.9782],[94.2482,18.9818],[94.25,18.975],[94.2408,18.9782]]],[[[92.8575,23.4365],[92.8652,23.4389],[92.8667,23.4333],[92.8575,23.4365]]],[[[96.5167,20.8],[96.5258,20.7965],[96.5198,20.7908],[96.5167,20.8]]],[[[96.5259,20.6718],[96.5185,20.6682],[96.5167,20.675],[96.5259,20.6718]]],[[[96.0982,26.9015],[96.0908,26.9052],[96.1,26.9083],[96.0982,26.9015]]],[[[96.9732,21.4182],[96.9658,21.4218],[96.975,21.425],[96.9732,21.4182]]],[[[95.1258,18.2115],[95.1189,18.2162],[95.1202,18.2175],[95.1258,18.2115]]],[[[96.9982,17.4599],[96.9908,17.4635],[97.0,17.4667],[96.9982,17.4599]]],[[[96.1258,17.4468],[96.1185,17.4432],[96.1167,17.45],[96.1258,17.4468]]],[[[93.9815,19.8015],[93.9742,19.8052],[93.9833,19.8083],[93.9815,19.8015]]],[[[94.6425,27.9302],[94.6351,27.9265],[94.6333,27.9333],[94.6425,27.9302]]],[[[97.6065,17.5849],[97.5992,17.5885],[97.6083,17.5917],[97.6065,17.5849]]],[[[95.5083,28.3917],[95.5118,28.4008],[95.5175,28.3948],[95.5083,28.3917]]],[[[96.8658,19.2115],[96.8732,19.2152],[96.875,19.2083],[96.8658,19.2115]]],[[[95.9908,28.3052],[95.9978,28.3005],[95.9965,28.2992],[95.9908,28.3052]]],[[[94.0079,24.9522],[94.0032,24.9592],[94.0092,24.9535],[94.0079,24.9522]]],[[[94.775,20.425],[94.7785,20.4342],[94.7842,20.4282],[94.775,20.425]]],[[[93.7492,22.4365],[93.7569,22.4389],[93.7583,22.4333],[93.7492,22.4365]]],[[[91.4978,23.2912],[91.4908,23.2865],[91.4965,23.2925],[91.4978,23.2912]]],[[[92.8732,20.4432],[92.8658,20.4468],[92.875,20.45],[92.8732,20.4432]]],[[[97.6167,16.8417],[97.6258,16.8382],[97.6198,16.8325],[97.6167,16.8417]]],[[[93.2827,23.5023],[93.2742,23.5031],[93.2805,23.5102],[93.2827,23.5023]]],[[[93.6577,23.2523],[93.6492,23.2531],[93.6555,23.2602],[93.6577,23.2523]]],[[[93.0327,24.4106],[93.0242,24.4114],[93.0305,24.4185],[93.0327,24.4106]]],[[[92.1744,24.2856],[92.1659,24.2864],[92.1722,24.2935],[92.1744,24.2856]]],[[[97.4075,16.7532],[97.4149,16.7568],[97.4167,16.75],[97.4075,16.7532]]],[[[97.5385,16.3842],[97.5343,16.377],[97.5325,16.3785],[97.5385,16.3842]]],[[[89.8911,25.4856],[89.8825,25.4864],[89.8888,25.4935],[89.8911,25.4856]]],[[[93.6077,24.3606],[93.5992,24.3614],[93.6055,24.3685],[93.6077,24.3606]]],[[[92.8897,22.626],[92.8825,22.6302],[92.8917,22.6333],[92.8897,22.626]]],[[[97.5333,16.7083],[97.5425,16.7048],[97.5365,16.6992],[97.5333,16.7083]]],[[[97.5407,17.577],[97.5365,17.5842],[97.5425,17.5785],[97.5407,17.577]]],[[[93.3577,23.7356],[93.3492,23.7364],[93.3555,23.7435],[93.3577,23.7356]]],[[[93.6744,19.4356],[93.6659,19.4364],[93.6722,19.4435],[93.6744,19.4356]]],[[[95.2494,21.3773],[95.2409,21.3781],[95.2472,21.3852],[95.2494,21.3773]]],[[[95.2327,21.5023],[95.2242,21.5031],[95.2305,21.5102],[95.2327,21.5023]]],[[[97.4827,17.019],[97.4742,17.0197],[97.4805,17.0268],[97.4827,17.019]]],[[[93.9994,20.7523],[93.9909,20.7531],[93.9972,20.7602],[93.9994,20.7523]]],[[[94.7994,18.219],[94.7909,18.2197],[94.7972,18.2268],[94.7994,18.219]]],[[[91.6509,22.9885],[91.6435,22.9849],[91.6417,22.9917],[91.6509,22.9885]]],[[[95.7399,18.3432],[95.7325,18.3468],[95.7417,18.35],[95.7399,18.3432]]],[[[97.0,26.475],[97.0092,26.4715],[97.0032,26.4658],[97.0,26.475]]],[[[92.4583,25.6833],[92.4675,25.6798],[92.4615,25.6742],[92.4583,25.6833]]],[[[93.9825,21.0282],[93.9899,21.0318],[93.9917,21.025],[93.9825,21.0282]]],[[[96.75,19.6],[96.7592,19.5965],[96.7532,19.5908],[96.75,19.6]]],[[[92.048,24.176],[92.0408,24.1802],[92.05,24.1833],[92.048,24.176]]],[[[96.1324,17.4187],[96.1282,17.4258],[96.1342,17.4202],[96.1324,17.4187]]],[[[92.1658,25.6635],[92.173,25.6593],[92.1715,25.6575],[92.1658,25.6635]]],[[[93.8649,19.9682],[93.8575,19.9718],[93.8667,19.975],[93.8649,19.9682]]],[[[95.75,18.35],[95.7592,18.3465],[95.7532,18.3408],[95.75,18.35]]],[[[92.175,25.6667],[92.1785,25.6758],[92.1842,25.6698],[92.175,25.6667]]],[[[97.8758,19.8802],[97.8685,19.8765],[97.8667,19.8833],[97.8758,19.8802]]],[[[90.7575,25.9615],[90.7649,25.9652],[90.7667,25.9583],[90.7575,25.9615]]],[[[92.4552,25.6925],[92.4505,25.6855],[92.4492,25.6868],[92.4552,25.6925]]],[[[93.9092,18.8968],[93.9018,18.8932],[93.9,18.9],[93.9092,18.8968]]],[[[97.4978,17.6412],[97.4908,17.6365],[97.4965,17.6425],[97.4978,17.6412]]],[[[93.8079,22.9355],[93.8032,22.9425],[93.8092,22.9368],[93.8079,22.9355]]],[[[94.8658,28.3802],[94.8728,28.3755],[94.8715,28.3742],[94.8658,28.3802]]],[[[96.5175,27.3532],[96.5105,27.3579],[96.5118,27.3592],[96.5175,27.3532]]],[[[91.0342,25.5865],[91.0272,25.5912],[91.0285,25.5925],[91.0342,25.5865]]],[[[93.1829,24.0772],[93.1782,24.0842],[93.1842,24.0785],[93.1829,24.0772]]],[[[94.5342,27.8802],[94.5268,27.8765],[94.525,27.8833],[94.5342,27.8802]]],[[[96.8815,19.1849],[96.8742,19.1885],[96.8833,19.1917],[96.8815,19.1849]]],[[[97.6157,17.3603],[97.6115,17.3675],[97.6175,17.3618],[97.6157,17.3603]]],[[[96.7407,22.452],[96.7365,22.4592],[96.7425,22.4535],[96.7407,22.452]]],[[[93.6577,19.1856],[93.6492,19.1864],[93.6555,19.1935],[93.6577,19.1856]]],[[[97.2827,19.8106],[97.2742,19.8114],[97.2805,19.8185],[97.2827,19.8106]]],[[[93.6577,21.1856],[93.6492,21.1864],[93.6555,21.1935],[93.6577,21.1856]]],[[[95.1175,19.0968],[95.1101,19.0932],[95.1083,19.1],[95.1175,19.0968]]],[[[95.2333,17.975],[95.2425,17.9715],[95.2365,17.9658],[95.2333,17.975]]],[[[94.2658,24.8698],[94.2732,24.8735],[94.275,24.8667],[94.2658,24.8698]]],[[[93.0494,24.919],[93.0409,24.9197],[93.0472,24.9268],[93.0494,24.919]]],[[[92.7994,24.669],[92.7909,24.6697],[92.7972,24.6768],[92.7994,24.669]]],[[[92.8397,25.2593],[92.8325,25.2635],[92.8417,25.2667],[92.8397,25.2593]]],[[[93.1833,20.6417],[93.1925,20.6382],[93.1865,20.6325],[93.1833,20.6417]]],[[[93.8411,19.219],[93.8325,19.2197],[93.8388,19.2268],[93.8411,19.219]]],[[[93.7161,19.219],[93.7075,19.2197],[93.7138,19.2268],[93.7161,19.219]]],[[[91.149,25.4353],[91.1448,25.4425],[91.1508,25.4368],[91.149,25.4353]]],[[[93.9825,19.7365],[93.9899,19.7402],[93.9917,19.7333],[93.9825,19.7365]]],[[[94.1093,28.0147],[94.1135,28.0075],[94.1075,28.0132],[94.1093,28.0147]]],[[[97.6135,16.8508],[97.6093,16.8437],[97.6075,16.8452],[97.6135,16.8508]]],[[[97.7333,15.6917],[97.7425,15.6882],[97.7365,15.6825],[97.7333,15.6917]]],[[[94.1324,20.202],[94.1282,20.2092],[94.1342,20.2035],[94.1324,20.202]]],[[[94.1149,27.9015],[94.1075,27.9052],[94.1167,27.9083],[94.1149,27.9015]]],[[[93.9092,25.6635],[93.902,25.6593],[93.9,25.6667],[93.9092,25.6635]]],[[[93.6592,24.6948],[93.652,24.699],[93.6535,24.7008],[93.6592,24.6948]]],[[[97.9899,15.3099],[97.9825,15.3135],[97.9917,15.3167],[97.9899,15.3099]]],[[[93.4825,19.3448],[93.4899,19.3485],[93.4917,19.3417],[93.4825,19.3448]]],[[[96.0,28.3083],[96.0035,28.3175],[96.0092,28.3115],[96.0,28.3083]]],[[[94.024,24.0603],[94.0198,24.0675],[94.0258,24.0618],[94.024,24.0603]]],[[[90.9843,25.598],[90.9885,25.5908],[90.9825,25.5965],[90.9843,25.598]]],[[[93.2314,23.9093],[93.2242,23.9135],[93.2333,23.9167],[93.2314,23.9093]]],[[[93.7232,19.2015],[93.7158,19.2052],[93.725,19.2083],[93.7232,19.2015]]],[[[93.5342,25.0698],[93.527,25.074],[93.5285,25.0758],[93.5342,25.0698]]],[[[92.9064,23.3407],[92.8992,23.3365],[92.9049,23.3425],[92.9064,23.3407]]],[[[93.5327,19.344],[93.5242,19.3447],[93.5305,19.3518],[93.5327,19.344]]],[[[93.4077,20.219],[93.3992,20.2197],[93.4055,20.2268],[93.4077,20.219]]],[[[93.5911,24.419],[93.5825,24.4197],[93.5888,24.4268],[93.5911,24.419]]],[[[91.5092,23.5468],[91.5018,23.5432],[91.5,23.55],[91.5092,23.5468]]],[[[92.4814,25.6657],[92.4742,25.6615],[92.4799,25.6675],[92.4814,25.6657]]],[[[94.7676,20.423],[94.7719,20.4158],[94.7659,20.4215],[94.7676,20.423]]],[[[97.876,14.673],[97.8802,14.6658],[97.8742,14.6715],[97.876,14.673]]],[[[94.9827,28.1523],[94.9742,28.1531],[94.9805,28.1602],[94.9827,28.1523]]],[[[93.2327,24.1523],[93.2242,24.1531],[93.2305,24.1602],[93.2327,24.1523]]],[[[94.2327,18.6856],[94.2242,18.6864],[94.2305,18.6935],[94.2327,18.6856]]],[[[93.5911,19.3273],[93.5825,19.3281],[93.5888,19.3352],[93.5911,19.3273]]],[[[92.7412,24.8272],[92.7365,24.8342],[92.7425,24.8285],[92.7412,24.8272]]],[[[94.7827,20.3273],[94.7742,20.3281],[94.7805,20.3352],[94.7827,20.3273]]],[[[93.0327,20.2023],[93.0242,20.2031],[93.0305,20.2102],[93.0327,20.2023]]],[[[92.5161,24.6606],[92.5075,24.6614],[92.5138,24.6685],[92.5161,24.6606]]],[[[97.8917,17.0833],[97.9008,17.0798],[97.8948,17.0742],[97.8917,17.0833]]],[[[93.1325,23.2115],[93.1402,23.2139],[93.1417,23.2083],[93.1325,23.2115]]],[[[93.9077,24.1856],[93.8992,24.1864],[93.9055,24.1935],[93.9077,24.1856]]],[[[89.9399,25.4849],[89.9325,25.4885],[89.9417,25.4917],[89.9399,25.4849]]],[[[90.4175,25.9718],[90.4101,25.9682],[90.4083,25.975],[90.4175,25.9718]]],[[[93.6564,22.926],[93.6492,22.9302],[93.6583,22.9333],[93.6564,22.926]]],[[[94.2492,18.6865],[94.2565,18.6902],[94.2583,18.6833],[94.2492,18.6865]]],[[[94.3575,16.5615],[94.3649,16.5652],[94.3667,16.5583],[94.3575,16.5615]]],[[[94.875,28.3833],[94.8785,28.3925],[94.8842,28.3865],[94.875,28.3833]]],[[[94.8917,28.6333],[94.8952,28.6425],[94.9009,28.6365],[94.8917,28.6333]]],[[[94.7494,20.3106],[94.7409,20.3114],[94.7472,20.3185],[94.7494,20.3106]]],[[[93.2327,20.4356],[93.2242,20.4364],[93.2305,20.4435],[93.2327,20.4356]]],[[[93.3577,20.3106],[93.3492,20.3114],[93.3555,20.3185],[93.3577,20.3106]]],[[[93.0242,24.7865],[93.0319,24.7889],[93.0333,24.7833],[93.0242,24.7865]]],[[[94.2658,24.5115],[94.2732,24.5152],[94.275,24.5083],[94.2658,24.5115]]],[[[93.3425,21.8365],[93.3355,21.8412],[93.3368,21.8425],[93.3425,21.8365]]],[[[92.1242,25.2448],[92.1319,25.2472],[92.1333,25.2417],[92.1242,25.2448]]],[[[95.8157,28.327],[95.8115,28.3342],[95.8175,28.3285],[95.8157,28.327]]],[[[94.7327,20.219],[94.7242,20.2197],[94.7305,20.2268],[94.7327,20.219]]],[[[95.2327,18.469],[95.2242,18.4697],[95.2305,18.4768],[95.2327,18.469]]],[[[92.9827,20.344],[92.9742,20.3447],[92.9805,20.3518],[92.9827,20.344]]],[[[96.3815,17.5765],[96.3742,17.5802],[96.3833,17.5833],[96.3815,17.5765]]],[[[94.1077,24.669],[94.0992,24.6697],[94.1055,24.6768],[94.1077,24.669]]],[[[93.7327,24.794],[93.7242,24.7947],[93.7305,24.8018],[93.7327,24.794]]],[[[97.2982,21.7682],[97.2908,21.7718],[97.3,21.775],[97.2982,21.7682]]],[[[96.4232,20.4099],[96.4158,20.4135],[96.425,20.4167],[96.4232,20.4099]]],[[[97.2908,19.9782],[97.2982,19.9818],[97.3,19.975],[97.2908,19.9782]]],[[[93.2982,20.2682],[93.2908,20.2718],[93.3,20.275],[93.2982,20.2682]]],[[[94.0575,28.0532],[94.0649,28.0568],[94.0667,28.05],[94.0575,28.0532]]],[[[95.6244,27.044],[95.6159,27.0447],[95.6222,27.0518],[95.6244,27.044]]],[[[97.8744,16.719],[97.8659,16.7197],[97.8722,16.7268],[97.8744,16.719]]],[[[94.3649,16.5765],[94.3575,16.5802],[94.3667,16.5833],[94.3649,16.5765]]],[[[93.3897,23.4324],[93.3825,23.4282],[93.3882,23.4342],[93.3897,23.4324]]],[[[93.1425,23.3198],[93.1353,23.324],[93.1368,23.3258],[93.1425,23.3198]]],[[[96.7978,27.9162],[96.7908,27.9115],[96.7965,27.9175],[96.7978,27.9162]]],[[[97.5408,17.0718],[97.5478,17.0671],[97.5465,17.0659],[97.5408,17.0718]]],[[[94.8258,21.0698],[94.8189,21.0746],[94.8202,21.0758],[94.8258,21.0698]]],[[[94.8052,28.7092],[94.801,28.702],[94.7992,28.7035],[94.8052,28.7092]]],[[[91.7732,26.1682],[91.7658,26.1718],[91.775,26.175],[91.7732,26.1682]]],[[[93.7647,25.5407],[93.7575,25.5365],[93.7632,25.5425],[93.7647,25.5407]]],[[[93.926,18.9064],[93.9302,18.8992],[93.9242,18.9048],[93.926,18.9064]]],[[[97.1077,21.169],[97.0992,21.1697],[97.1055,21.1768],[97.1077,21.169]]],[[[97.9661,16.6856],[97.9575,16.6864],[97.9638,16.6935],[97.9661,16.6856]]],[[[92.2661,24.4356],[92.2575,24.4364],[92.2638,24.4435],[92.2661,24.4356]]],[[[93.9994,28.044],[93.9909,28.0447],[93.9972,28.0518],[93.9994,28.044]]],[[[97.8325,15.1448],[97.8399,15.1485],[97.8417,15.1417],[97.8325,15.1448]]],[[[93.4827,24.0606],[93.4742,24.0614],[93.4805,24.0685],[93.4827,24.0606]]],[[[97.6411,18.4356],[97.6325,18.4364],[97.6388,18.4435],[97.6411,18.4356]]],[[[95.1411,17.9356],[95.1325,17.9364],[95.1388,17.9435],[95.1411,17.9356]]],[[[97.5911,17.594],[97.5825,17.5947],[97.5888,17.6018],[97.5911,17.594]]],[[[93.5991,21.0603],[93.5948,21.0675],[93.6008,21.0618],[93.5991,21.0603]]],[[[95.6825,26.8115],[95.6899,26.8152],[95.6917,26.8083],[95.6825,26.8115]]],[[[96.5635,18.8675],[96.5593,18.8603],[96.5575,18.8618],[96.5635,18.8675]]],[[[94.3075,18.7032],[94.3149,18.7068],[94.3167,18.7],[94.3075,18.7032]]],[[[96.8,27.9083],[96.8092,27.9048],[96.8032,27.8992],[96.8,27.9083]]],[[[96.7008,22.7885],[96.6935,22.7849],[96.6917,22.7917],[96.7008,22.7885]]],[[[94.8242,28.9948],[94.8319,28.9972],[94.8333,28.9917],[94.8242,28.9948]]],[[[93.175,22.7417],[93.1842,22.7382],[93.1782,22.7325],[93.175,22.7417]]],[[[97.4397,24.276],[97.4325,24.2802],[97.4417,24.2833],[97.4397,24.276]]],[[[94.2242,27.8782],[94.2315,27.8818],[94.2333,27.875],[94.2242,27.8782]]],[[[97.8658,17.1052],[97.8728,17.1005],[97.8715,17.0992],[97.8658,17.1052]]],[[[95.1258,28.0718],[95.1185,28.0682],[95.1167,28.075],[95.1258,28.0718]]],[[[94.4908,19.4115],[94.4982,19.4152],[94.5,19.4083],[94.4908,19.4115]]],[[[95.7675,27.0718],[95.7601,27.0682],[95.7583,27.075],[95.7675,27.0718]]],[[[94.2408,16.1782],[94.2482,16.1818],[94.25,16.175],[94.2408,16.1782]]],[[[97.7312,16.9329],[97.7242,16.9282],[97.7299,16.9342],[97.7312,16.9329]]],[[[95.0008,20.0365],[94.9939,20.0412],[94.9952,20.0425],[95.0008,20.0365]]],[[[93.5325,24.2032],[93.5402,24.2056],[93.5417,24.2],[93.5325,24.2032]]],[[[93.5397,24.401],[93.5325,24.4052],[93.5417,24.4083],[93.5397,24.401]]],[[[95.0911,21.294],[95.0825,21.2947],[95.0888,21.3018],[95.0911,21.294]]],[[[93.1667,22.6417],[93.1758,22.6382],[93.1698,22.6325],[93.1667,22.6417]]],[[[97.1908,18.4052],[97.1978,18.4004],[97.1965,18.3992],[97.1908,18.4052]]],[[[92.8333,20.3417],[92.8425,20.3382],[92.8365,20.3325],[92.8333,20.3417]]],[[[97.5161,17.594],[97.5075,17.5947],[97.5138,17.6018],[97.5161,17.594]]],[[[94.6825,25.7615],[94.6899,25.7652],[94.6917,25.7583],[94.6825,25.7615]]],[[[94.6802,20.4425],[94.676,20.4353],[94.6742,20.4368],[94.6802,20.4425]]],[[[97.7825,15.8282],[97.7899,15.8318],[97.7917,15.825],[97.7825,15.8282]]],[[[97.8911,19.7023],[97.8825,19.7031],[97.8888,19.7102],[97.8911,19.7023]]],[[[93.8657,19.952],[93.8615,19.9592],[93.8675,19.9535],[93.8657,19.952]]],[[[91.5083,23.2167],[91.5175,23.2132],[91.5115,23.2075],[91.5083,23.2167]]],[[[92.7167,24.7917],[92.7202,24.8008],[92.7258,24.7948],[92.7167,24.7917]]],[[[95.6258,27.1052],[95.6185,27.1015],[95.6167,27.1083],[95.6258,27.1052]]],[[[95.3758,28.2365],[95.3689,28.2412],[95.3702,28.2425],[95.3758,28.2365]]],[[[94.8052,25.1758],[94.8005,25.1688],[94.7992,25.1702],[94.8052,25.1758]]],[[[93.8158,24.1865],[93.8236,24.1889],[93.825,24.1833],[93.8158,24.1865]]],[[[97.6425,22.8782],[97.6355,22.8829],[97.6368,22.8842],[97.6425,22.8782]]],[[[93.45,23.05],[93.4592,23.0465],[93.4532,23.0408],[93.45,23.05]]],[[[94.6065,17.3682],[94.5992,17.3718],[94.6083,17.375],[94.6065,17.3682]]],[[[96.6425,21.7698],[96.6355,21.7746],[96.6368,21.7758],[96.6425,21.7698]]],[[[96.1065,17.2432],[96.0992,17.2468],[96.1083,17.25],[96.1065,17.2432]]],[[[94.6742,25.0615],[94.6819,25.0639],[94.6833,25.0583],[94.6742,25.0615]]],[[[93.8825,20.6198],[93.8899,20.6235],[93.8917,20.6167],[93.8825,20.6198]]],[[[96.6425,21.3635],[96.6351,21.3599],[96.6333,21.3667],[96.6425,21.3635]]],[[[97.6258,18.4032],[97.6189,18.4079],[97.6202,18.4092],[97.6258,18.4032]]],[[[94.8758,18.2782],[94.8689,18.2829],[94.8702,18.2842],[94.8758,18.2782]]],[[[97.6411,17.5606],[97.6325,17.5614],[97.6388,17.5685],[97.6411,17.5606]]],[[[97.0242,19.1198],[97.0315,19.1235],[97.0333,19.1167],[97.0242,19.1198]]],[[[93.3758,20.2282],[93.3689,20.2329],[93.3702,20.2342],[93.3758,20.2282]]],[[[96.7342,19.7718],[96.7268,19.7682],[96.725,19.775],[96.7342,19.7718]]],[[[94.6329,25.0272],[94.6282,25.0342],[94.6342,25.0285],[94.6329,25.0272]]],[[[97.8992,15.2448],[97.9065,15.2485],[97.9083,15.2417],[97.8992,15.2448]]],[[[92.9885,23.6758],[92.9838,23.6688],[92.9825,23.6702],[92.9885,23.6758]]],[[[97.9065,15.4099],[97.8992,15.4135],[97.9083,15.4167],[97.9065,15.4099]]],[[[93.7742,18.9948],[93.7815,18.9985],[93.7833,18.9917],[93.7742,18.9948]]],[[[97.0075,19.1032],[97.0149,19.1068],[97.0167,19.1],[97.0075,19.1032]]],[[[96.8575,22.7782],[96.8652,22.7806],[96.8667,22.775],[96.8575,22.7782]]],[[[94.7908,25.9282],[94.7982,25.9318],[94.8,25.925],[94.7908,25.9282]]],[[[93.7746,25.5105],[93.7698,25.5175],[93.7758,25.5118],[93.7746,25.5105]]],[[[97.9583,17.0917],[97.9675,17.0882],[97.9615,17.0825],[97.9583,17.0917]]],[[[97.6411,22.2023],[97.6325,22.2031],[97.6388,22.2102],[97.6411,22.2023]]],[[[93.5005,23.9562],[93.5052,23.9492],[93.4992,23.9548],[93.5005,23.9562]]],[[[97.5667,16.8417],[97.5758,16.8382],[97.5698,16.8325],[97.5667,16.8417]]],[[[93.75,23.975],[93.7592,23.9715],[93.7532,23.9658],[93.75,23.975]]],[[[97.7649,17.3182],[97.7575,17.3218],[97.7667,17.325],[97.7649,17.3182]]],[[[96.7175,21.6948],[96.7105,21.6996],[96.7118,21.7008],[96.7175,21.6948]]],[[[94.2649,24.4432],[94.2575,24.4468],[94.2667,24.45],[94.2649,24.4432]]],[[[92.0171,25.8312],[92.0219,25.8242],[92.0159,25.8298],[92.0171,25.8312]]],[[[93.5092,24.5635],[93.502,24.5593],[93.5,24.5667],[93.5092,24.5635]]],[[[97.8895,17.0912],[97.8825,17.0865],[97.8882,17.0925],[97.8895,17.0912]]],[[[97.55,17.075],[97.5535,17.0842],[97.5592,17.0782],[97.55,17.075]]],[[[97.8052,15.6342],[97.801,15.627],[97.7992,15.6285],[97.8052,15.6342]]],[[[94.1258,25.8802],[94.1187,25.876],[94.1167,25.8833],[94.1258,25.8802]]],[[[94.0574,27.777],[94.0532,27.7842],[94.0592,27.7785],[94.0574,27.777]]],[[[97.7167,16.7417],[97.7258,16.7382],[97.7198,16.7325],[97.7167,16.7417]]],[[[94.1732,28.0015],[94.1658,28.0052],[94.175,28.0083],[94.1732,28.0015]]],[[[96.4675,17.5218],[96.4601,17.5182],[96.4583,17.525],[96.4675,17.5218]]],[[[90.9917,25.6],[90.9952,25.6092],[91.0008,25.6032],[90.9917,25.6]]],[[[97.6395,23.2329],[97.6325,23.2282],[97.6382,23.2342],[97.6395,23.2329]]],[[[94.8825,28.6302],[94.8895,28.6255],[94.8882,28.6242],[94.8825,28.6302]]],[[[97.2342,23.7282],[97.2272,23.7329],[97.2285,23.7342],[97.2342,23.7282]]],[[[93.098,24.576],[93.0908,24.5802],[93.1,24.5833],[93.098,24.576]]],[[[96.475,22.8333],[96.4785,22.8425],[96.4842,22.8365],[96.475,22.8333]]],[[[96.4671,22.8312],[96.4718,22.8242],[96.4659,22.8298],[96.4671,22.8312]]],[[[92.348,24.451],[92.3408,24.4552],[92.35,24.4583],[92.348,24.451]]],[[[93.7815,19.1432],[93.7742,19.1468],[93.7833,19.15],[93.7815,19.1432]]],[[[93.598,24.4343],[93.5908,24.4385],[93.6,24.4417],[93.598,24.4343]]],[[[93.675,23.225],[93.6842,23.2215],[93.6782,23.2158],[93.675,23.225]]],[[[92.4925,21.0468],[92.4851,21.0432],[92.4833,21.05],[92.4925,21.0468]]],[[[96.7732,18.4349],[96.7658,18.4385],[96.775,18.4417],[96.7732,18.4349]]],[[[96.0158,27.0615],[96.0232,27.0652],[96.025,27.0583],[96.0158,27.0615]]],[[[93.4833,21.5667],[93.4925,21.5632],[93.4865,21.5575],[93.4833,21.5667]]],[[[93.2333,23.3833],[93.2368,23.3925],[93.2425,23.3865],[93.2333,23.3833]]],[[[96.2008,17.7302],[96.1935,17.7265],[96.1917,17.7333],[96.2008,17.7302]]],[[[97.2575,22.7115],[97.2652,22.7139],[97.2667,22.7083],[97.2575,22.7115]]],[[[94.9258,20.1115],[94.9189,20.1162],[94.9202,20.1175],[94.9258,20.1115]]],[[[93.7825,21.1698],[93.7899,21.1735],[93.7917,21.1667],[93.7825,21.1698]]],[[[92.9075,21.0448],[92.9149,21.0485],[92.9167,21.0417],[92.9075,21.0448]]],[[[93.5925,25.0198],[93.5853,25.024],[93.5868,25.0258],[93.5925,25.0198]]],[[[93.4075,21.4532],[93.4149,21.4568],[93.4167,21.45],[93.4075,21.4532]]],[[[97.7658,18.7365],[97.7732,18.7402],[97.775,18.7333],[97.7658,18.7365]]],[[[94.5991,18.952],[94.5948,18.9592],[94.6008,18.9535],[94.5991,18.952]]],[[[92.3492,24.5885],[92.3564,24.5843],[92.3549,24.5825],[92.3492,24.5885]]],[[[97.9314,22.6093],[97.9242,22.6135],[97.9333,22.6167],[97.9314,22.6093]]],[[[93.5492,26.1198],[93.5569,26.1222],[93.5583,26.1167],[93.5492,26.1198]]],[[[97.7982,18.5015],[97.7908,18.5052],[97.8,18.5083],[97.7982,18.5015]]],[[[97.1732,17.2515],[97.1658,17.2552],[97.175,17.2583],[97.1732,17.2515]]],[[[92.1825,25.3115],[92.1902,25.3139],[92.1917,25.3083],[92.1825,25.3115]]],[[[93.5588,23.4395],[93.5635,23.4325],[93.5575,23.4382],[93.5588,23.4395]]],[[[90.0417,25.875],[90.0508,25.8715],[90.0448,25.8658],[90.0417,25.875]]],[[[94.5508,25.6865],[94.5437,25.6907],[94.5452,25.6925],[94.5508,25.6865]]],[[[93.6167,25.3083],[93.6258,25.3048],[93.6198,25.2992],[93.6167,25.3083]]],[[[93.926,21.598],[93.9302,21.5908],[93.9242,21.5965],[93.926,21.598]]],[[[94.0008,24.4468],[93.9937,24.4426],[93.9917,24.45],[94.0008,24.4468]]],[[[95.6982,18.4515],[95.6908,18.4552],[95.7,18.4583],[95.6982,18.4515]]],[[[94.0492,21.0448],[94.0565,21.0485],[94.0583,21.0417],[94.0492,21.0448]]],[[[92.4583,21.125],[92.4675,21.1215],[92.4615,21.1158],[92.4583,21.125]]],[[[92.3758,25.2698],[92.3687,25.274],[92.3702,25.2758],[92.3758,25.2698]]],[[[97.6408,27.4032],[97.6482,27.4068],[97.65,27.4],[97.6408,27.4032]]],[[[93.0242,24.3948],[93.0319,24.3972],[93.0333,24.3917],[93.0242,24.3948]]],[[[97.2732,21.7015],[97.2658,21.7052],[97.275,21.7083],[97.2732,21.7015]]],[[[94.3492,28.0948],[94.3565,28.0985],[94.3583,28.0917],[94.3492,28.0948]]],[[[91.8008,26.1385],[91.7935,26.1349],[91.7917,26.1417],[91.8008,26.1385]]],[[[91.5075,23.4698],[91.5149,23.4735],[91.5167,23.4667],[91.5075,23.4698]]],[[[93.4333,23.8],[93.4425,23.7965],[93.4365,23.7908],[93.4333,23.8]]],[[[93.3175,22.5782],[93.3103,22.5824],[93.3118,22.5842],[93.3175,22.5782]]],[[[94.0565,28.0099],[94.0492,28.0135],[94.0583,28.0167],[94.0565,28.0099]]],[[[97.575,17.175],[97.5842,17.1715],[97.5782,17.1658],[97.575,17.175]]],[[[93.0992,23.6052],[93.1064,23.601],[93.1049,23.5992],[93.0992,23.6052]]],[[[95.2092,21.4218],[95.2018,21.4182],[95.2,21.425],[95.2092,21.4218]]],[[[97.575,16.6917],[97.5842,16.6882],[97.5782,16.6825],[97.575,16.6917]]],[[[93.4814,24.3824],[93.4742,24.3782],[93.4799,24.3842],[93.4814,24.3824]]],[[[94.8592,25.8532],[94.8522,25.8579],[94.8535,25.8592],[94.8592,25.8532]]],[[[94.2742,25.8532],[94.2815,25.8568],[94.2833,25.85],[94.2742,25.8532]]],[[[97.7083,15.75],[97.7175,15.7465],[97.7115,15.7408],[97.7083,15.75]]],[[[97.4583,16.8],[97.4618,16.8092],[97.4675,16.8032],[97.4583,16.8]]],[[[97.7008,23.1448],[97.6939,23.1496],[97.6952,23.1508],[97.7008,23.1448]]],[[[92.9917,20.1083],[93.0008,20.1048],[92.9948,20.0992],[92.9917,20.1083]]],[[[97.9508,23.1448],[97.9439,23.1496],[97.9452,23.1508],[97.9508,23.1448]]],[[[93.8843,21.7397],[93.8885,21.7325],[93.8825,21.7382],[93.8843,21.7397]]],[[[95.1649,26.2932],[95.1575,26.2968],[95.1667,26.3],[95.1649,26.2932]]],[[[93.7575,24.1448],[93.7652,24.1472],[93.7667,24.1417],[93.7575,24.1448]]],[[[97.5158,17.5782],[97.5232,17.5818],[97.525,17.575],[97.5158,17.5782]]],[[[94.7135,20.8175],[94.7093,20.8103],[94.7075,20.8118],[94.7135,20.8175]]],[[[94.2075,16.0782],[94.2149,16.0818],[94.2167,16.075],[94.2075,16.0782]]],[[[94.9574,28.3853],[94.9532,28.3925],[94.9592,28.3868],[94.9574,28.3853]]],[[[95.0925,28.3385],[95.0851,28.3349],[95.0833,28.3417],[95.0925,28.3385]]],[[[96.6325,22.5198],[96.6399,22.5235],[96.6417,22.5167],[96.6325,22.5198]]],[[[94.7083,28.4667],[94.7175,28.4632],[94.7115,28.4575],[94.7083,28.4667]]],[[[96.475,27.8583],[96.4842,27.8548],[96.4782,27.8492],[96.475,27.8583]]],[[[93.6921,23.2228],[93.6969,23.2158],[93.6909,23.2215],[93.6921,23.2228]]],[[[93.0315,20.9765],[93.0242,20.9802],[93.0333,20.9833],[93.0315,20.9765]]],[[[95.2649,21.3515],[95.2575,21.3552],[95.2667,21.3583],[95.2649,21.3515]]],[[[96.475,20.625],[96.4842,20.6215],[96.4782,20.6158],[96.475,20.625]]],[[[94.0315,20.9765],[94.0242,20.9802],[94.0333,20.9833],[94.0315,20.9765]]],[[[91.3667,23.125],[91.3758,23.1215],[91.3698,23.1158],[91.3667,23.125]]],[[[94.0408,21.5115],[94.0482,21.5152],[94.05,21.5083],[94.0408,21.5115]]],[[[93.8088,22.5978],[93.8135,22.5908],[93.8075,22.5965],[93.8088,22.5978]]],[[[94.1385,19.0342],[94.1343,19.027],[94.1325,19.0285],[94.1385,19.0342]]],[[[96.2083,17.4],[96.2118,17.4092],[96.2175,17.4032],[96.2083,17.4]]],[[[93.6258,21.1135],[93.6185,21.1099],[93.6167,21.1167],[93.6258,21.1135]]],[[[97.9062,16.2829],[97.8992,16.2782],[97.9049,16.2842],[97.9062,16.2829]]],[[[94.0658,21.1698],[94.0732,21.1735],[94.075,21.1667],[94.0658,21.1698]]],[[[97.9242,15.5615],[97.9315,15.5652],[97.9333,15.5583],[97.9242,15.5615]]],[[[93.0647,22.4843],[93.0575,22.4885],[93.0667,22.4917],[93.0647,22.4843]]],[[[94.0575,19.7782],[94.0649,19.7818],[94.0667,19.775],[94.0575,19.7782]]],[[[93.3385,27.9258],[93.3338,27.9188],[93.3325,27.9202],[93.3385,27.9258]]],[[[93.0825,22.9532],[93.0902,22.9556],[93.0917,22.95],[93.0825,22.9532]]],[[[94.9815,28.6182],[94.9742,28.6218],[94.9833,28.625],[94.9815,28.6182]]],[[[95.1062,19.0079],[95.0992,19.0032],[95.1049,19.0091],[95.1062,19.0079]]],[[[94.725,20.75],[94.7285,20.7592],[94.7342,20.7532],[94.725,20.75]]],[[[92.5242,20.6282],[92.5315,20.6318],[92.5333,20.625],[92.5242,20.6282]]],[[[95.3592,21.5032],[95.3522,21.5079],[95.3535,21.5092],[95.3592,21.5032]]],[[[94.2742,22.2532],[94.2815,22.2568],[94.2833,22.25],[94.2742,22.2532]]],[[[97.2575,18.3885],[97.2645,18.3838],[97.2632,18.3825],[97.2575,18.3885]]],[[[92.998,23.6176],[92.9908,23.6218],[93.0,23.625],[92.998,23.6176]]],[[[93.3176,20.1564],[93.3219,20.1492],[93.3159,20.1548],[93.3176,20.1564]]],[[[93.4742,24.1115],[93.4819,24.1139],[93.4833,24.1083],[93.4742,24.1115]]],[[[93.825,19.1083],[93.8285,19.1175],[93.8342,19.1115],[93.825,19.1083]]],[[[93.1925,23.1135],[93.1853,23.1093],[93.1833,23.1167],[93.1925,23.1135]]],[[[94.0575,24.0948],[94.0649,24.0985],[94.0667,24.0917],[94.0575,24.0948]]],[[[93.8162,24.1522],[93.8115,24.1592],[93.8175,24.1535],[93.8162,24.1522]]],[[[92.9395,20.0496],[92.9325,20.0448],[92.9382,20.0508],[92.9395,20.0496]]],[[[93.1564,24.7426],[93.1492,24.7468],[93.1583,24.75],[93.1564,24.7426]]],[[[97.926,15.973],[97.9302,15.9658],[97.9242,15.9715],[97.926,15.973]]],[[[94.0676,25.0814],[94.0719,25.0742],[94.0659,25.0798],[94.0676,25.0814]]],[[[96.6667,27.9583],[96.6758,27.9548],[96.6698,27.9492],[96.6667,27.9583]]],[[[96.4258,27.7052],[96.4185,27.7015],[96.4167,27.7083],[96.4258,27.7052]]],[[[97.3232,19.5432],[97.3158,19.5468],[97.325,19.55],[97.3232,19.5432]]],[[[95.2917,21.425],[95.3008,21.4215],[95.2948,21.4158],[95.2917,21.425]]],[[[96.6758,19.4218],[96.6685,19.4182],[96.6667,19.425],[96.6758,19.4218]]],[[[96.4167,20.0667],[96.4258,20.0632],[96.4198,20.0575],[96.4167,20.0667]]],[[[96.3158,20.9532],[96.3232,20.9568],[96.325,20.95],[96.3158,20.9532]]],[[[93.2842,22.5135],[93.277,22.5093],[93.275,22.5167],[93.2842,22.5135]]],[[[97.2583,22.8917],[97.2675,22.8882],[97.2615,22.8825],[97.2583,22.8917]]],[[[92.8992,24.8552],[92.9064,24.851],[92.9049,24.8492],[92.8992,24.8552]]],[[[97.2575,19.9032],[97.2649,19.9068],[97.2667,19.9],[97.2575,19.9032]]],[[[95.2342,28.3468],[95.2268,28.3432],[95.225,28.35],[95.2342,28.3468]]],[[[92.3147,25.7176],[92.3075,25.7218],[92.3167,25.725],[92.3147,25.7176]]],[[[93.6167,19.2417],[93.6258,19.2382],[93.6198,19.2325],[93.6167,19.2417]]],[[[94.8167,20.3917],[94.8258,20.3882],[94.8198,20.3825],[94.8167,20.3917]]],[[[93.9228,18.8829],[93.9158,18.8782],[93.9215,18.8841],[93.9228,18.8829]]],[[[97.1908,23.1365],[97.1982,23.1402],[97.2,23.1333],[97.1908,23.1365]]],[[[96.5825,21.5282],[96.5899,21.5318],[96.5917,21.525],[96.5825,21.5282]]],[[[93.5925,24.0948],[93.5853,24.099],[93.5868,24.1008],[93.5925,24.0948]]],[[[96.4575,27.8698],[96.4649,27.8735],[96.4667,27.8667],[96.4575,27.8698]]],[[[93.3083,20.6],[93.3175,20.5965],[93.3115,20.5908],[93.3083,20.6]]],[[[97.525,17.725],[97.5342,17.7215],[97.5282,17.7158],[97.525,17.725]]],[[[94.0508,19.6885],[94.0435,19.6849],[94.0417,19.6917],[94.0508,19.6885]]],[[[92.4575,24.4198],[92.4652,24.4222],[92.4667,24.4167],[92.4575,24.4198]]],[[[91.9575,24.1532],[91.9652,24.1556],[91.9667,24.15],[91.9575,24.1532]]],[[[96.775,19.5333],[96.7842,19.5298],[96.7782,19.5242],[96.775,19.5333]]],[[[96.775,27.3917],[96.7842,27.3882],[96.7782,27.3825],[96.775,27.3917]]],[[[93.1385,24.8508],[93.1338,24.8438],[93.1325,24.8452],[93.1385,24.8508]]],[[[95.1667,28.55],[95.1758,28.5465],[95.1698,28.5408],[95.1667,28.55]]],[[[94.5417,28.3],[94.5508,28.2965],[94.5448,28.2908],[94.5417,28.3]]],[[[93.5925,25.4802],[93.5853,25.476],[93.5833,25.4833],[93.5925,25.4802]]],[[[96.4315,21.2932],[96.4242,21.2968],[96.4333,21.3],[96.4315,21.2932]]],[[[96.4302,17.4925],[96.426,17.4853],[96.4242,17.4868],[96.4302,17.4925]]],[[[96.4649,20.3265],[96.4575,20.3302],[96.4667,20.3333],[96.4649,20.3265]]],[[[95.0157,28.702],[95.0115,28.7092],[95.0175,28.7035],[95.0157,28.702]]],[[[96.4649,27.0432],[96.4575,27.0468],[96.4667,27.05],[96.4649,27.0432]]],[[[97.1592,23.4385],[97.1518,23.4349],[97.15,23.4417],[97.1592,23.4385]]],[[[94.225,18.875],[94.2285,18.8841],[94.2342,18.8782],[94.225,18.875]]],[[[93.7075,24.8865],[93.7152,24.8889],[93.7167,24.8833],[93.7075,24.8865]]],[[[94.7908,25.6052],[94.798,25.601],[94.7965,25.5992],[94.7908,25.6052]]],[[[92.1333,25.7333],[92.1425,25.7298],[92.1365,25.7242],[92.1333,25.7333]]],[[[95.3065,21.4349],[95.2992,21.4385],[95.3083,21.4417],[95.3065,21.4349]]],[[[94.9407,28.402],[94.9365,28.4092],[94.9425,28.4035],[94.9407,28.402]]],[[[90.9657,25.952],[90.9615,25.9592],[90.9675,25.9535],[90.9657,25.952]]],[[[97.8907,15.127],[97.8865,15.1342],[97.8925,15.1285],[97.8907,15.127]]],[[[94.9496,26.0772],[94.9448,26.0842],[94.9508,26.0785],[94.9496,26.0772]]],[[[97.5825,22.3282],[97.5899,22.3318],[97.5917,22.325],[97.5825,22.3282]]],[[[93.0008,23.1115],[92.9937,23.1157],[92.9952,23.1175],[93.0008,23.1115]]],[[[93.1167,24.8417],[93.1202,24.8508],[93.1258,24.8448],[93.1167,24.8417]]],[[[97.7575,16.2532],[97.7649,16.2568],[97.7667,16.25],[97.7575,16.2532]]],[[[93.6758,23.1365],[93.6687,23.1407],[93.6702,23.1425],[93.6758,23.1365]]],[[[90.0149,25.2765],[90.0075,25.2802],[90.0167,25.2833],[90.0149,25.2765]]],[[[93.0008,22.4698],[92.9937,22.474],[92.9952,22.4758],[93.0008,22.4698]]],[[[97.5583,22.4167],[97.5618,22.4258],[97.5675,22.4198],[97.5583,22.4167]]],[[[97.9802,15.8008],[97.976,15.7937],[97.9742,15.7952],[97.9802,15.8008]]],[[[93.7417,19.0333],[93.7508,19.0298],[93.7448,19.0242],[93.7417,19.0333]]],[[[92.9,24.925],[92.9092,24.9215],[92.9032,24.9158],[92.9,24.925]]],[[[97.9908,19.5948],[97.9982,19.5985],[98.0,19.5917],[97.9908,19.5948]]],[[[96.8758,21.7802],[96.8685,21.7765],[96.8667,21.7833],[96.8758,21.7802]]],[[[94.0992,27.5615],[94.1065,27.5652],[94.1083,27.5583],[94.0992,27.5615]]],[[[95.8925,28.4365],[95.8855,28.4412],[95.8868,28.4425],[95.8925,28.4365]]],[[[93.4074,20.327],[93.4032,20.3342],[93.4092,20.3285],[93.4074,20.327]]],[[[93.0342,22.4218],[93.027,22.4176],[93.025,22.425],[93.0342,22.4218]]],[[[94.4074,16.6103],[94.4032,16.6175],[94.4092,16.6118],[94.4074,16.6103]]],[[[97.6258,22.1718],[97.6185,22.1682],[97.6167,22.175],[97.6258,22.1718]]],[[[92.9742,21.0948],[92.9815,21.0985],[92.9833,21.0917],[92.9742,21.0948]]],[[[94.4908,19.5782],[94.4982,19.5818],[94.5,19.575],[94.4908,19.5782]]],[[[96.3833,17.4667],[96.3868,17.4758],[96.3925,17.4698],[96.3833,17.4667]]],[[[93.248,24.1676],[93.2408,24.1718],[93.25,24.175],[93.248,24.1676]]],[[[96.9982,21.6515],[96.9908,21.6552],[97.0,21.6583],[96.9982,21.6515]]],[[[97.4991,16.7353],[97.4948,16.7425],[97.5008,16.7368],[97.4991,16.7353]]],[[[92.4258,21.1552],[92.4185,21.1515],[92.4167,21.1583],[92.4258,21.1552]]],[[[96.2593,17.7064],[96.2635,17.6992],[96.2575,17.7048],[96.2593,17.7064]]],[[[95.0242,20.0615],[95.0315,20.0652],[95.0333,20.0583],[95.0242,20.0615]]],[[[93.7812,21.0662],[93.7742,21.0615],[93.7799,21.0675],[93.7812,21.0662]]],[[[95.9742,28.3135],[95.9812,28.3088],[95.9799,28.3075],[95.9742,28.3135]]],[[[97.2508,23.5282],[97.2439,23.5329],[97.2452,23.5342],[97.2508,23.5282]]],[[[94.4675,25.5448],[94.4603,25.549],[94.4618,25.5508],[94.4675,25.5448]]],[[[94.4917,25.7083],[94.5008,25.7048],[94.4948,25.6992],[94.4917,25.7083]]],[[[97.9417,22.55],[97.9508,22.5465],[97.9448,22.5408],[97.9417,22.55]]],[[[95.8676,27.0647],[95.8719,27.0575],[95.8659,27.0632],[95.8676,27.0647]]],[[[93.3833,22.3083],[93.3868,22.3175],[93.3925,22.3115],[93.3833,22.3083]]],[[[96.3562,17.3329],[96.3492,17.3282],[96.3549,17.3342],[96.3562,17.3329]]],[[[97.4508,22.2782],[97.4439,22.2829],[97.4452,22.2842],[97.4508,22.2782]]],[[[93.3425,21.7968],[93.3351,21.7932],[93.3333,21.8],[93.3425,21.7968]]],[[[96.7008,21.4218],[96.6935,21.4182],[96.6917,21.425],[96.7008,21.4218]]],[[[93.4228,20.0996],[93.4158,20.0948],[93.4215,20.1008],[93.4228,20.0996]]],[[[92.5242,24.7448],[92.5314,24.749],[92.5333,24.7417],[92.5242,24.7448]]],[[[92.7908,23.4198],[92.7986,23.4222],[92.8,23.4167],[92.7908,23.4198]]],[[[92.173,25.701],[92.1658,25.7052],[92.175,25.7083],[92.173,25.701]]],[[[94.0478,20.4246],[94.0408,20.4198],[94.0465,20.4258],[94.0478,20.4246]]],[[[96.3899,27.9515],[96.3825,27.9552],[96.3917,27.9583],[96.3899,27.9515]]],[[[96.6325,19.2948],[96.6399,19.2985],[96.6417,19.2917],[96.6325,19.2948]]],[[[97.475,17.1667],[97.4785,17.1758],[97.4842,17.1698],[97.475,17.1667]]],[[[92.0408,24.2948],[92.0486,24.2972],[92.05,24.2917],[92.0408,24.2948]]],[[[93.7083,25.3167],[93.7175,25.3132],[93.7115,25.3075],[93.7083,25.3167]]],[[[96.975,18.85],[96.9842,18.8465],[96.9782,18.8408],[96.975,18.85]]],[[[96.9675,21.4052],[96.9601,21.4015],[96.9583,21.4083],[96.9675,21.4052]]],[[[97.6092,17.4385],[97.6018,17.4349],[97.6,17.4417],[97.6092,17.4385]]],[[[96.4065,20.0599],[96.3992,20.0635],[96.4083,20.0667],[96.4065,20.0599]]],[[[97.8258,19.6885],[97.8185,19.6849],[97.8167,19.6917],[97.8258,19.6885]]],[[[94.3925,25.8468],[94.3853,25.8426],[94.3833,25.85],[94.3925,25.8468]]],[[[95.2083,28.5167],[95.2175,28.5132],[95.2115,28.5075],[95.2083,28.5167]]],[[[97.1492,18.7365],[97.1565,18.7402],[97.1583,18.7333],[97.1492,18.7365]]],[[[94.1385,18.9758],[94.1343,18.9687],[94.1325,18.9702],[94.1385,18.9758]]],[[[97.7742,18.7032],[97.7815,18.7068],[97.7833,18.7],[97.7742,18.7032]]],[[[93.7583,22.5833],[93.7675,22.5798],[93.7615,22.5742],[93.7583,22.5833]]],[[[97.6492,16.8615],[97.6565,16.8652],[97.6583,16.8583],[97.6492,16.8615]]],[[[92.4814,24.4676],[92.4742,24.4718],[92.4833,24.475],[92.4814,24.4676]]],[[[90.0408,25.5615],[90.0482,25.5652],[90.05,25.5583],[90.0408,25.5615]]],[[[93.1552,20.7258],[93.151,20.7187],[93.1492,20.7202],[93.1552,20.7258]]],[[[97.7802,18.9592],[97.776,18.952],[97.7742,18.9535],[97.7802,18.9592]]],[[[95.225,18.05],[95.2342,18.0465],[95.2282,18.0408],[95.225,18.05]]],[[[90.6732,25.1682],[90.6658,25.1718],[90.675,25.175],[90.6732,25.1682]]],[[[94.6658,28.8302],[94.673,28.826],[94.6715,28.8242],[94.6658,28.8302]]],[[[94.4232,25.9682],[94.4158,25.9718],[94.425,25.975],[94.4232,25.9682]]],[[[97.5833,22.0833],[97.5925,22.0798],[97.5865,22.0742],[97.5833,22.0833]]],[[[94.4171,25.4728],[94.4219,25.4658],[94.4159,25.4715],[94.4171,25.4728]]],[[[94.0925,25.8135],[94.0853,25.8093],[94.0833,25.8167],[94.0925,25.8135]]],[[[97.2649,17.3265],[97.2575,17.3302],[97.2667,17.3333],[97.2649,17.3265]]],[[[93.6492,28.0448],[93.6565,28.0485],[93.6583,28.0417],[93.6492,28.0448]]],[[[93.0088,24.8312],[93.0135,24.8242],[93.0075,24.8298],[93.0088,24.8312]]],[[[96.2342,17.5782],[96.2272,17.5829],[96.2285,17.5842],[96.2342,17.5782]]],[[[94.5135,25.6925],[94.5088,25.6855],[94.5075,25.6868],[94.5135,25.6925]]],[[[94.5242,24.9198],[94.5319,24.9222],[94.5333,24.9167],[94.5242,24.9198]]],[[[93.9917,23.925],[94.0008,23.9215],[93.9948,23.9158],[93.9917,23.925]]],[[[96.4219,26.2842],[96.4176,26.277],[96.4159,26.2785],[96.4219,26.2842]]],[[[93.5008,24.2782],[93.4937,24.2824],[93.4952,24.2842],[93.5008,24.2782]]],[[[93.6411,19.419],[93.6325,19.4201],[93.6386,19.4266],[93.6411,19.419]]],[[[93.6494,19.4773],[93.6409,19.4786],[93.6472,19.4852],[93.6494,19.4773]]],[[[91.4325,24.0951],[91.4242,24.0947],[91.4298,24.1011],[91.4325,24.0951]]],[[[92.9746,20.1193],[92.9815,20.1235],[92.9833,20.1167],[92.9746,20.1193]]],[[[93.4917,19.7],[93.4952,19.7092],[93.5006,19.7027],[93.4917,19.7]]],[[[93.2492,19.8201],[93.2409,19.8197],[93.2465,19.8262],[93.2492,19.8201]]],[[[97.7062,15.7579],[97.6995,15.754],[97.7049,15.7591],[97.7062,15.7579]]],[[[93.6075,19.3447],[93.6159,19.3448],[93.615,19.3422],[93.6075,19.3447]]],[[[93.6494,19.5523],[93.6413,19.5542],[93.6472,19.5602],[93.6494,19.5523]]],[[[93.0161,20.3861],[93.0222,20.3935],[93.0235,20.3839],[93.0161,20.3861]]],[[[93.4783,19.9846],[93.4748,19.9909],[93.4831,19.9864],[93.4783,19.9846]]],[[[97.5926,15.9897],[97.5978,15.9838],[97.5965,15.9825],[97.5926,15.9897]]],[[[92.8565,23.3743],[92.8583,23.3667],[92.8488,23.3709],[92.8565,23.3743]]],[[[94.9341,25.9506],[94.9395,25.9559],[94.9417,25.95],[94.9341,25.9506]]],[[[91.5497,23.2448],[91.5423,23.2492],[91.5512,23.2459],[91.5497,23.2448]]],[[[91.5815,23.4993],[91.5833,23.4917],[91.5738,23.4959],[91.5815,23.4993]]],[[[92.9508,20.5756],[92.9562,20.5809],[92.9583,20.575],[92.9508,20.5756]]],[[[95.0576,28.1328],[95.0531,28.1253],[95.05,28.1333],[95.0576,28.1328]]],[[[94.5399,28.1076],[94.5417,28.1],[94.5321,28.1042],[94.5399,28.1076]]],[[[94.4997,25.7281],[94.4923,25.7326],[94.5012,25.7292],[94.4997,25.7281]]],[[[95.1565,19.8743],[95.1583,19.8667],[95.1488,19.8709],[95.1565,19.8743]]],[[[94.0758,20.5173],[94.0812,20.5225],[94.0833,20.5167],[94.0758,20.5173]]],[[[95.2315,18.7493],[95.2333,18.7417],[95.2238,18.7459],[95.2315,18.7493]]],[[[93.6826,23.0494],[93.6781,23.0419],[93.675,23.05],[93.6826,23.0494]]],[[[95.0742,19.9244],[95.0698,19.9169],[95.0667,19.925],[95.0742,19.9244]]],[[[95.025,29.1167],[95.0259,29.1243],[95.0346,29.1209],[95.025,29.1167]]],[[[95.2333,18.775],[95.2239,18.7794],[95.233,18.7823],[95.2333,18.775]]],[[[94.8565,20.9493],[94.8583,20.9417],[94.8488,20.9459],[94.8565,20.9493]]],[[[89.9841,25.7006],[89.9895,25.7059],[89.9917,25.7],[89.9841,25.7006]]],[[[91.6258,23.9589],[91.6312,23.9642],[91.6333,23.9583],[91.6258,23.9589]]],[[[93.6232,26.2243],[93.625,26.2167],[93.6154,26.2209],[93.6232,26.2243]]],[[[94.8565,21.0993],[94.8583,21.0917],[94.8488,21.0959],[94.8565,21.0993]]],[[[96.3149,20.5326],[96.3167,20.525],[96.3071,20.5292],[96.3149,20.5326]]],[[[93.6659,23.1328],[93.6614,23.1253],[93.6583,23.1333],[93.6659,23.1328]]],[[[96.4508,27.7339],[96.4562,27.7392],[96.4583,27.7333],[96.4508,27.7339]]],[[[90.3742,25.5328],[90.3698,25.5253],[90.3667,25.5333],[90.3742,25.5328]]],[[[95.4917,28.2667],[95.4993,28.2657],[95.4959,28.2571],[95.4917,28.2667]]],[[[93.8841,24.9339],[93.8895,24.9392],[93.8917,24.9333],[93.8841,24.9339]]],[[[90.45,25.3],[90.4406,25.3044],[90.4497,25.3073],[90.45,25.3]]],[[[98.0,19.8833],[97.9906,19.8878],[97.9997,19.8907],[98.0,19.8833]]],[[[94.2815,24.8909],[94.2833,24.8833],[94.2738,24.8875],[94.2815,24.8909]]],[[[89.8917,25.4417],[89.8993,25.4407],[89.8959,25.4321],[89.8917,25.4417]]],[[[96.4909,17.7244],[96.4864,17.7169],[96.4833,17.725],[96.4909,17.7244]]],[[[96.4997,17.7281],[96.4923,17.7326],[96.5012,17.7292],[96.4997,17.7281]]],[[[93.7341,19.0756],[93.7395,19.0809],[93.7417,19.075],[93.7341,19.0756]]],[[[94.1992,27.9328],[94.1948,27.9253],[94.1917,27.9333],[94.1992,27.9328]]],[[[93.3399,20.5743],[93.3417,20.5667],[93.3321,20.5709],[93.3399,20.5743]]],[[[94.2815,16.3493],[94.2833,16.3417],[94.2738,16.3459],[94.2815,16.3493]]],[[[97.5159,17.3328],[97.5114,17.3253],[97.5083,17.3333],[97.5159,17.3328]]],[[[93.0326,24.4411],[93.0281,24.4336],[93.025,24.4417],[93.0326,24.4411]]],[[[92.2997,24.4281],[92.2923,24.4326],[92.3012,24.4292],[92.2997,24.4281]]],[[[94.4982,18.3826],[94.5,18.375],[94.4904,18.3792],[94.4982,18.3826]]],[[[92.2667,21.3333],[92.2572,21.3378],[92.2664,21.3407],[92.2667,21.3333]]],[[[97.2742,19.8328],[97.2698,19.8253],[97.2667,19.8333],[97.2742,19.8328]]],[[[92.3219,25.7331],[92.3175,25.7256],[92.3208,25.7346],[92.3219,25.7331]]],[[[94.0914,25.8364],[94.0839,25.8409],[94.0929,25.8375],[94.0914,25.8364]]],[[[97.5333,17.1167],[97.5239,17.1211],[97.533,17.124],[97.5333,17.1167]]],[[[91.3581,23.4448],[91.3506,23.4492],[91.3596,23.4459],[91.3581,23.4448]]],[[[94.3159,25.7744],[94.3114,25.7669],[94.3083,25.775],[94.3159,25.7744]]],[[[92.3081,21.1698],[92.3006,21.1742],[92.3096,21.1709],[92.3081,21.1698]]],[[[93.5414,24.0448],[93.5339,24.0492],[93.5429,24.0459],[93.5414,24.0448]]],[[[97.1565,22.5159],[97.1583,22.5083],[97.1488,22.5125],[97.1565,22.5159]]],[[[97.7833,15.9167],[97.7739,15.9211],[97.783,15.924],[97.7833,15.9167]]],[[[91.3091,23.7589],[91.3145,23.7642],[91.3167,23.7583],[91.3091,23.7589]]],[[[93.5008,24.2589],[93.5062,24.2642],[93.5083,24.2583],[93.5008,24.2589]]],[[[92.4409,21.1244],[92.4364,21.1169],[92.4333,21.125],[92.4409,21.1244]]],[[[92.4833,24.525],[92.4739,24.5294],[92.483,24.5323],[92.4833,24.525]]],[[[91.9732,25.2909],[91.975,25.2833],[91.9654,25.2875],[91.9732,25.2909]]],[[[94.1,27.4833],[94.1077,27.4824],[94.1042,27.4738],[94.1,27.4833]]],[[[97.4331,16.8614],[97.4256,16.8659],[97.4346,16.8625],[97.4331,16.8614]]],[[[96.6497,21.3864],[96.6423,21.3909],[96.6512,21.3875],[96.6497,21.3864]]],[[[92.8581,20.5864],[92.8506,20.5909],[92.8596,20.5875],[92.8581,20.5864]]],[[[94.0482,20.5909],[94.05,20.5833],[94.0404,20.5875],[94.0482,20.5909]]],[[[93.5914,24.1948],[93.5839,24.1992],[93.5929,24.1959],[93.5914,24.1948]]],[[[95.2341,18.7506],[95.2395,18.7559],[95.2417,18.75],[95.2341,18.7506]]],[[[94.2758,24.6506],[94.2812,24.6559],[94.2833,24.65],[94.2758,24.6506]]],[[[91.6565,26.1409],[91.6583,26.1333],[91.6488,26.1375],[91.6565,26.1409]]],[[[97.5149,19.5493],[97.5167,19.5417],[97.5071,19.5459],[97.5149,19.5493]]],[[[95.8232,18.2826],[95.825,18.275],[95.8155,18.2792],[95.8232,18.2826]]],[[[92.8992,24.9661],[92.8948,24.9586],[92.8917,24.9667],[92.8992,24.9661]]],[[[94.4482,18.3576],[94.45,18.35],[94.4405,18.3542],[94.4482,18.3576]]],[[[94.7331,20.4364],[94.7256,20.4409],[94.7346,20.4375],[94.7331,20.4364]]],[[[91.3841,23.7923],[91.3895,23.7975],[91.3917,23.7917],[91.3841,23.7923]]],[[[98.0,15.7032],[97.9923,15.7076],[98.0,15.7051],[98.0,15.7032]]],[[[94.5399,28.1243],[94.5417,28.1167],[94.5321,28.1209],[94.5399,28.1243]]],[[[92.0,25.85],[92.0077,25.8491],[92.0042,25.8404],[92.0,25.85]]],[[[92.9664,20.5698],[92.9589,20.5742],[92.9679,20.5709],[92.9664,20.5698]]],[[[97.3076,17.4494],[97.3031,17.4419],[97.3,17.45],[97.3076,17.4494]]],[[[91.5565,23.0909],[91.5583,23.0833],[91.5488,23.0875],[91.5565,23.0909]]],[[[93.0492,24.9411],[93.0448,24.9336],[93.0417,24.9417],[93.0492,24.9411]]],[[[95.3667,21.5917],[95.3676,21.5993],[95.3762,21.5959],[95.3667,21.5917]]],[[[97.3008,21.7756],[97.3062,21.7809],[97.3083,21.775],[97.3008,21.7756]]],[[[93.0091,24.7173],[93.0145,24.7225],[93.0167,24.7167],[93.0091,24.7173]]],[[[95.4758,28.2173],[95.4812,28.2225],[95.4833,28.2167],[95.4758,28.2173]]],[[[94.4667,17.95],[94.4572,17.9544],[94.4664,17.9573],[94.4667,17.95]]],[[[95.1982,19.5909],[95.2,19.5833],[95.1905,19.5875],[95.1982,19.5909]]],[[[97.4675,17.2506],[97.4728,17.2559],[97.475,17.25],[97.4675,17.2506]]],[[[96.4341,22.6589],[96.4395,22.6642],[96.4417,22.6583],[96.4341,22.6589]]],[[[94.7803,20.4081],[94.7758,20.4006],[94.7792,20.4096],[94.7803,20.4081]]],[[[92.5414,24.7364],[92.5339,24.7409],[92.5429,24.7375],[92.5414,24.7364]]],[[[94.7081,17.0864],[94.7006,17.0909],[94.7096,17.0875],[94.7081,17.0864]]],[[[92.9008,20.6506],[92.9062,20.6559],[92.9083,20.65],[92.9008,20.6506]]],[[[93.9581,25.7448],[93.9506,25.7492],[93.9596,25.7459],[93.9581,25.7448]]],[[[94.0565,21.5576],[94.0583,21.55],[94.0488,21.5542],[94.0565,21.5576]]],[[[97.1649,18.8576],[97.1667,18.85],[97.1571,18.8542],[97.1649,18.8576]]],[[[95.8076,28.3244],[95.8031,28.3169],[95.8,28.325],[95.8076,28.3244]]],[[[93.4333,22.1167],[93.441,22.1157],[93.4375,22.1071],[93.4333,22.1167]]],[[[94.5659,17.7578],[94.5614,17.7503],[94.5583,17.7583],[94.5659,17.7578]]],[[[93.0914,24.7198],[93.0839,24.7242],[93.0929,24.7209],[93.0914,24.7198]]],[[[96.9497,18.1698],[96.9423,18.1742],[96.9512,18.1709],[96.9497,18.1698]]],[[[95.7425,28.3673],[95.7478,28.3725],[95.75,28.3667],[95.7425,28.3673]]],[[[93.8149,19.8159],[93.8167,19.8083],[93.8071,19.8125],[93.8149,19.8159]]],[[[95.8,17.9833],[95.7906,17.9878],[95.7997,17.9907],[95.8,17.9833]]],[[[93.2065,24.8326],[93.2083,24.825],[93.1988,24.8292],[93.2065,24.8326]]],[[[97.8409,19.7494],[97.8364,19.7419],[97.8333,19.75],[97.8409,19.7494]]],[[[94.7492,28.8411],[94.7448,28.8336],[94.7417,28.8417],[94.7492,28.8411]]],[[[95.35,21.4833],[95.3577,21.4824],[95.3542,21.4738],[95.35,21.4833]]],[[[94.2914,24.6448],[94.2839,24.6492],[94.2929,24.6459],[94.2914,24.6448]]],[[[92.2841,24.4339],[92.2895,24.4392],[92.2917,24.4333],[92.2841,24.4339]]],[[[92.9742,24.8661],[92.9698,24.8586],[92.9667,24.8667],[92.9742,24.8661]]],[[[95.1831,19.1614],[95.1756,19.1659],[95.1846,19.1625],[95.1831,19.1614]]],[[[94.4,18.4083],[94.4077,18.4074],[94.4042,18.3988],[94.4,18.4083]]],[[[92.9164,20.6448],[92.9089,20.6492],[92.9179,20.6459],[92.9164,20.6448]]],[[[92.3492,25.0661],[92.3448,25.0586],[92.3417,25.0667],[92.3492,25.0661]]],[[[97.4576,18.2244],[97.4531,18.2169],[97.45,18.225],[97.4576,18.2244]]],[[[94.1081,27.5031],[94.1006,27.5076],[94.1096,27.5042],[94.1081,27.5031]]],[[[90.4164,26.0114],[90.4089,26.0159],[90.4179,26.0125],[90.4164,26.0114]]],[[[94.4909,19.1578],[94.4864,19.1503],[94.4833,19.1583],[94.4909,19.1578]]],[[[92.4649,21.1659],[92.4667,21.1583],[92.4571,21.1625],[92.4649,21.1659]]],[[[94.925,20.1417],[94.9156,20.1461],[94.9247,20.149],[94.925,20.1417]]],[[[94.9065,18.0409],[94.9083,18.0333],[94.8988,18.0375],[94.9065,18.0409]]],[[[93.3008,20.2756],[93.3062,20.2809],[93.3083,20.275],[93.3008,20.2756]]],[[[96.6497,19.5531],[96.6423,19.5576],[96.6512,19.5542],[96.6497,19.5531]]],[[[93.1758,22.4839],[93.1812,22.4892],[93.1833,22.4833],[93.1758,22.4839]]],[[[96.4482,20.5409],[96.45,20.5333],[96.4405,20.5375],[96.4482,20.5409]]],[[[94.3492,24.6244],[94.3448,24.6169],[94.3417,24.625],[94.3492,24.6244]]],[[[97.05,17.4083],[97.0406,17.4128],[97.0497,17.4157],[97.05,17.4083]]],[[[97.475,16.7417],[97.4656,16.7461],[97.4747,16.749],[97.475,16.7417]]],[[[97.9909,15.6994],[97.9864,15.6919],[97.9833,15.7],[97.9909,15.6994]]],[[[93.1149,23.0576],[93.1167,23.05],[93.1071,23.0542],[93.1149,23.0576]]],[[[94.3664,28.0864],[94.3589,28.0909],[94.3679,28.0875],[94.3664,28.0864]]],[[[97.3497,23.2281],[97.3423,23.2326],[97.3512,23.2292],[97.3497,23.2281]]],[[[93.4914,24.1031],[93.4839,24.1076],[93.4929,24.1042],[93.4914,24.1031]]],[[[94.8065,25.8993],[94.8083,25.8917],[94.7988,25.8959],[94.8065,25.8993]]],[[[91.9747,24.1448],[91.9673,24.1492],[91.9762,24.1459],[91.9747,24.1448]]],[[[90.025,25.5833],[90.0156,25.5878],[90.0247,25.5907],[90.025,25.5833]]],[[[94.6758,20.3256],[94.6812,20.3309],[94.6833,20.325],[94.6758,20.3256]]],[[[96.5667,18.8583],[96.5743,18.8574],[96.5709,18.8488],[96.5667,18.8583]]],[[[92.5081,20.8364],[92.5006,20.8409],[92.5096,20.8375],[92.5081,20.8364]]],[[[94.8425,25.3923],[94.8478,25.3975],[94.85,25.3917],[94.8425,25.3923]]],[[[97.2732,23.7159],[97.275,23.7083],[97.2655,23.7125],[97.2732,23.7159]]],[[[94.6833,20.4333],[94.691,20.4324],[94.6875,20.4238],[94.6833,20.4333]]],[[[91.5247,24.0281],[91.5173,24.0326],[91.5262,24.0292],[91.5247,24.0281]]],[[[92.3583,24.5917],[92.3593,24.5993],[92.3679,24.5959],[92.3583,24.5917]]],[[[97.4719,17.3081],[97.4675,17.3006],[97.4708,17.3096],[97.4719,17.3081]]],[[[91.5091,23.3173],[91.5145,23.3225],[91.5167,23.3167],[91.5091,23.3173]]],[[[92.9917,23.6667],[92.9993,23.6657],[92.9959,23.6571],[92.9917,23.6667]]],[[[89.8886,25.4497],[89.8841,25.4423],[89.8875,25.4512],[89.8886,25.4497]]],[[[92.2326,25.6994],[92.2281,25.6919],[92.225,25.7],[92.2326,25.6994]]],[[[93.725,19.075],[93.7327,19.0741],[93.7292,19.0654],[93.725,19.075]]],[[[96.9409,18.8578],[96.9364,18.8503],[96.9333,18.8583],[96.9409,18.8578]]],[[[93.0083,20.4333],[92.9989,20.4378],[93.008,20.4407],[93.0083,20.4333]]],[[[94.7425,25.8006],[94.7478,25.8059],[94.75,25.8],[94.7425,25.8006]]],[[[97.3886,26.4331],[97.3841,26.4256],[97.3875,26.4346],[97.3886,26.4331]]],[[[94.3841,18.4423],[94.3895,18.4475],[94.3917,18.4417],[94.3841,18.4423]]],[[[96.6315,19.6909],[96.6333,19.6833],[96.6238,19.6875],[96.6315,19.6909]]],[[[93.3831,20.1864],[93.3756,20.1909],[93.3846,20.1875],[93.3831,20.1864]]],[[[97.2149,19.2743],[97.2167,19.2667],[97.2071,19.2709],[97.2149,19.2743]]],[[[91.7065,24.0076],[91.7083,24.0],[91.6988,24.0042],[91.7065,24.0076]]],[[[93.8581,19.1448],[93.8506,19.1492],[93.8596,19.1459],[93.8581,19.1448]]],[[[91.3914,23.2531],[91.3839,23.2576],[91.3929,23.2542],[91.3914,23.2531]]],[[[96.4247,19.1448],[96.4173,19.1492],[96.4262,19.1459],[96.4247,19.1448]]],[[[93.7258,19.2089],[93.7312,19.2142],[93.7333,19.2083],[93.7258,19.2089]]],[[[95.2675,28.1756],[95.2728,28.1809],[95.275,28.175],[95.2675,28.1756]]],[[[97.8482,23.1659],[97.85,23.1583],[97.8404,23.1625],[97.8482,23.1659]]],[[[97.2675,22.8173],[97.2728,22.8225],[97.275,22.8167],[97.2675,22.8173]]],[[[93.4,20.2833],[93.3906,20.2878],[93.3997,20.2907],[93.4,20.2833]]],[[[95.2886,21.4331],[95.2841,21.4256],[95.2875,21.4346],[95.2886,21.4331]]],[[[92.0247,25.2698],[92.0173,25.2742],[92.0262,25.2709],[92.0247,25.2698]]],[[[94.4,18.4083],[94.3906,18.4128],[94.3997,18.4157],[94.4,18.4083]]],[[[92.3733,22.9532],[92.3783,22.9273],[92.375,22.9286],[92.3723,22.9405],[92.3733,22.9532]]],[[[93.224,19.854],[93.2159,19.8531],[93.2218,19.8598],[93.224,19.854]]],[[[92.9077,20.4092],[92.8992,20.4114],[92.9055,20.4185],[92.9077,20.4092]]],[[[93.5411,19.4688],[93.5325,19.4701],[93.5376,19.4756],[93.5411,19.4688]]],[[[93.5417,19.4975],[93.5335,19.4985],[93.534,19.4994],[93.5417,19.4975]]],[[[93.5417,19.4917],[93.5508,19.4882],[93.5465,19.4833],[93.5417,19.4917]]],[[[94.2411,16.294],[94.2349,16.298],[94.2388,16.3018],[94.2411,16.294]]],[[[97.7411,15.594],[97.7347,15.5979],[97.7388,15.6018],[97.7411,15.594]]],[[[93.6156,19.4375],[93.6076,19.4371],[93.6138,19.4435],[93.6156,19.4375]]],[[[94.2161,16.1356],[94.2102,16.1401],[94.2138,16.1435],[94.2161,16.1356]]],[[[93.7208,19.2446],[93.7159,19.2447],[93.7222,19.2518],[93.7208,19.2446]]],[[[97.8181,14.1806],[97.8236,14.1813],[97.8167,14.175],[97.8181,14.1806]]],[[[93.3801,20.1686],[93.3753,20.174],[93.3813,20.1727],[93.3801,20.1686]]],[[[92.812,20.4084],[92.8093,20.402],[92.8075,20.4035],[92.812,20.4084]]],[[[97.7732,14.44],[97.7668,14.4357],[97.766,14.4371],[97.7732,14.44]]],[[[93.5258,19.5057],[93.5315,19.5068],[93.5333,19.5],[93.5258,19.5057]]],[[[90.8157,25.1663],[90.8101,25.162],[90.8083,25.1667],[90.8157,25.1663]]],[[[92.8181,20.3944],[92.8254,20.3957],[92.8202,20.3909],[92.8181,20.3944]]],[[[95.0106,29.1641],[95.0055,29.1589],[95.0031,29.1667],[95.0106,29.1641]]],[[[93.3995,20.1679],[93.3909,20.1697],[93.3948,20.1746],[93.3995,20.1679]]],[[[94.9116,16.0763],[94.9115,16.0799],[94.919,16.0792],[94.9116,16.0763]]],[[[94.8417,16.0417],[94.8385,16.0489],[94.8414,16.049],[94.8417,16.0417]]],[[[93.1333,19.85],[93.1394,19.8428],[93.1365,19.8408],[93.1333,19.85]]],[[[93.2,19.9],[93.2056,19.8924],[93.2032,19.8908],[93.2,19.9]]],[[[93.6627,19.5573],[93.6575,19.5534],[93.6638,19.5602],[93.6627,19.5573]]],[[[93.4417,19.975],[93.4469,19.9671],[93.4452,19.9659],[93.4417,19.975]]],[[[93.9575,18.7867],[93.9515,18.7897],[93.9555,18.7935],[93.9575,18.7867]]],[[[97.737,15.1997],[97.7325,15.1951],[97.7388,15.2018],[97.737,15.1997]]],[[[93.525,19.8917],[93.5298,19.8837],[93.5282,19.8825],[93.525,19.8917]]],[[[94.232,16.2551],[94.2288,16.2511],[94.2299,16.2561],[94.232,16.2551]]],[[[94.3392,16.0007],[94.3326,15.9954],[94.3388,16.0018],[94.3392,16.0007]]],[[[93.6272,19.6153],[93.6322,19.613],[93.6325,19.6116],[93.6272,19.6153]]],[[[94.9411,16.093],[94.9369,16.0928],[94.9399,16.0982],[94.9411,16.093]]],[[[93.6814,19.3571],[93.6745,19.3541],[93.6805,19.3602],[93.6814,19.3571]]],[[[91.6411,24.1106],[91.6384,24.1092],[91.6392,24.1172],[91.6411,24.1106]]],[[[90.657,25.1796],[90.6521,25.1834],[90.6573,25.183],[90.657,25.1796]]],[[[90.7181,25.1563],[90.7222,25.1602],[90.7232,25.1566],[90.7181,25.1563]]],[[[94.9009,16.0778],[94.9009,16.0805],[94.9022,16.0811],[94.9009,16.0778]]],[[[92.4251,22.896],[92.4316,22.8899],[92.4329,22.8883],[92.427,22.8933],[92.4251,22.896]]],[[[97.659,15.5585],[97.6598,15.5639],[97.6607,15.5666],[97.659,15.5585]]],[[[93.4508,19.9718],[93.4496,19.9708],[93.4486,19.9732],[93.4508,19.9718]]],[[[93.7917,19.875],[93.7937,19.8731],[93.7926,19.8726],[93.7917,19.875]]],[[[91.6055,22.9663],[91.6075,22.9648],[91.608,22.9633],[91.6055,22.9663]]],[[[93.7991,19.8728],[93.7979,19.875],[93.7992,19.8744],[93.7991,19.8728]]],[[[97.675,24.4516],[97.6763,24.45],[97.675,24.45],[97.675,24.4516]]],[[[93.7963,19.8658],[93.7951,19.8662],[93.7967,19.8665],[93.7963,19.8658]]],[[[97.6087,24.7657],[97.6102,24.7659],[97.6084,24.7649],[97.6087,24.7657]]],[[[91.6002,22.9527],[91.5995,22.9527],[91.6003,22.9534],[91.6002,22.9527]]],[[[94.2222,16.1852],[94.2225,16.184],[94.2215,16.1845],[94.2222,16.1852]]],[[[93.466,19.9877],[93.466,19.9873],[93.466,19.9875],[93.466,19.9877]]],[[[92.4833,22.7417],[92.4833,22.7416],[92.4832,22.7416],[92.4833,22.7417]]]]}}