{"type":"Feature","properties":{"speciesId":779,"category":"LC","source":"IUCN Red List","simplifyTol":0.01,"clippedToSubcontinent":true},"geometry":{"type":"MultiPolygon","coordinates":[[[[98.0,15.1733],[97.9946,14.8998],[97.9845,14.8843],[97.9558,14.9352],[97.9583,15.0293],[97.9394,15.035],[97.9338,15.0861],[97.9889,15.1006],[97.9168,15.1573],[97.9281,15.2177],[97.9584,15.216],[98.0,15.1733]]],[[[98.0,15.5242],[97.9763,15.5355],[97.9691,15.4649],[97.9406,15.4273],[97.9529,15.5315],[97.975,15.5583],[97.9806,15.6105],[97.9976,15.6305],[98.0,15.5242]]],[[[97.995,17.2366],[97.8997,17.3719],[97.9347,17.5238],[98.0,17.4837],[97.995,17.2366]]],[[[98.0,17.5345],[97.9499,17.544],[97.9597,17.5735],[97.8589,17.6328],[97.7904,17.6978],[97.7834,17.775],[97.6934,17.8628],[97.6969,17.9345],[97.6666,17.8961],[97.637,17.8912],[97.6637,17.8524],[97.6507,17.8129],[97.6958,17.6956],[97.7154,17.5535],[97.7498,17.4859],[97.7182,17.5043],[97.665,17.5905],[97.6203,17.6024],[97.6082,17.683],[97.5671,17.7727],[97.4767,17.91],[97.4682,18.0307],[97.4441,18.1169],[97.3579,18.2803],[97.4241,18.1031],[97.3903,18.1344],[97.3901,18.0752],[97.3606,18.0984],[97.3628,18.0287],[97.3362,17.9611],[97.2565,18.0625],[97.2751,17.9823],[97.3093,17.9287],[97.2738,17.9237],[97.2353,17.9878],[97.1928,17.9442],[97.2366,17.9362],[97.266,17.8832],[97.2779,17.7164],[97.2474,17.7125],[97.1294,17.7615],[97.0971,17.7542],[97.0617,17.7683],[97.0725,17.8262],[97.0601,17.8781],[97.017,17.902],[97.0457,17.9367],[97.057,17.9584],[97.0619,17.9759],[97.0571,18.0387],[97.0371,18.0747],[97.0476,18.1001],[96.9921,18.1049],[96.9941,18.1737],[96.9302,18.1914],[96.9198,18.2365],[96.864,18.2553],[96.8147,18.307],[96.8042,18.3412],[96.8161,18.4075],[96.7879,18.4567],[96.8141,18.4754],[96.872,18.441],[96.812,18.5397],[96.857,18.5393],[96.8296,18.5653],[96.7835,18.5678],[96.7395,18.5962],[96.728,18.6571],[96.7425,18.6879],[96.7132,18.7101],[96.6932,18.7804],[96.6505,18.7977],[96.6649,18.8944],[96.7211,18.8832],[96.7015,18.906],[96.7165,18.9549],[96.6678,18.9454],[96.4798,19.1388],[96.4567,19.1692],[96.4555,19.199],[96.4327,19.216],[96.4344,19.2411],[96.4726,19.274],[96.4483,19.2949],[96.4067,19.4472],[96.4168,19.5406],[96.4076,19.555],[96.3826,19.5468],[96.359,19.5517],[96.3395,19.6163],[96.3218,19.6222],[96.3108,19.6522],[96.3511,19.6476],[96.3389,19.7478],[96.3782,19.7903],[96.3141,19.7937],[96.3255,19.8474],[96.2836,19.9391],[96.2927,19.9988],[96.268,20.0532],[96.3146,20.0711],[96.3319,20.1534],[96.307,20.2485],[96.263,20.2728],[96.2513,20.336],[96.2347,20.3893],[96.2195,20.4146],[96.2093,20.4515],[96.234,20.6091],[96.2341,20.614],[96.2299,20.6429],[96.2205,20.6982],[96.2385,20.8059],[96.2222,20.8841],[96.2312,20.9634],[96.1993,20.9958],[96.1783,21.0582],[96.1895,21.1306],[96.1774,21.2514],[96.1835,21.2636],[96.2178,21.2447],[96.3056,21.242],[96.2867,21.1933],[96.299,21.1681],[96.2861,21.1266],[96.3098,21.0691],[96.3279,21.0665],[96.3134,21.1332],[96.3312,21.178],[96.329,21.2754],[96.3022,21.4153],[96.326,21.476],[96.3106,21.5079],[96.2586,21.5107],[96.314,21.5758],[96.2715,21.6319],[96.2749,21.73],[96.251,21.7902],[96.3772,21.6565],[96.4189,21.6483],[96.4333,21.65],[96.4474,21.6572],[96.4623,21.646],[96.483,21.6585],[96.5093,21.6464],[96.5049,21.6869],[96.5371,21.7001],[96.508,21.7419],[96.5145,21.7816],[96.6062,21.8135],[96.6324,21.8644],[96.5997,21.8244],[96.5495,21.8089],[96.5149,21.8084],[96.4923,21.836],[96.4846,21.7565],[96.4991,21.72],[96.4716,21.6759],[96.4338,21.6967],[96.3684,21.7028],[96.2995,21.7833],[96.2732,21.8294],[96.2723,21.8748],[96.3058,21.9098],[96.2766,21.9117],[96.2645,21.9282],[96.2413,21.9191],[96.2172,21.9484],[96.2054,22.0138],[96.2505,22.069],[96.2482,22.1745],[96.2907,22.1815],[96.3368,22.1387],[96.3411,22.1723],[96.3243,22.204],[96.3555,22.2555],[96.3237,22.2522],[96.3155,22.266],[96.3595,22.3059],[96.3398,22.4915],[96.3295,22.5106],[96.3098,22.5307],[96.294,22.5869],[96.2625,22.6167],[96.2888,22.5626],[96.2776,22.5265],[96.3024,22.4749],[96.2855,22.4204],[96.3081,22.3493],[96.2697,22.3608],[96.1828,22.3335],[96.1643,22.3671],[96.1849,22.4131],[96.1369,22.4265],[96.1237,22.4551],[96.1217,22.5566],[96.1395,22.5891],[96.0798,22.6312],[96.0492,22.6877],[96.0082,22.7003],[95.9808,22.6579],[95.9758,22.6702],[95.9812,22.7164],[96.0073,22.7376],[95.993,22.7816],[96.0207,22.917],[96.0108,22.9358],[96.0813,22.9838],[96.0773,23.0603],[96.1477,23.1101],[96.1352,23.151],[96.1473,23.2057],[96.1107,23.2299],[96.1268,23.3021],[96.0977,23.34],[96.1242,23.3994],[96.1714,23.4334],[96.2168,23.4351],[96.3048,23.3774],[96.2853,23.2913],[96.3216,23.2254],[96.2754,23.1446],[96.3421,23.0663],[96.518,23.1068],[96.6959,23.0906],[96.6941,23.1139],[96.6031,23.1292],[96.5206,23.1993],[96.5423,23.2269],[96.6038,23.2572],[96.667,23.2327],[96.732,23.2812],[96.7303,23.2915],[96.6788,23.2771],[96.629,23.292],[96.8279,23.4388],[96.8911,23.5173],[96.9764,23.5661],[97.0129,23.6118],[97.0498,23.602],[97.0773,23.614],[97.0763,23.6852],[97.1924,23.816],[97.2281,23.9449],[97.2598,23.8875],[97.2918,24.0619],[97.3225,24.0679],[97.3361,24.1448],[97.3913,24.2332],[97.3824,24.2865],[97.424,24.3358],[97.4455,24.5259],[97.4395,24.5471],[97.4168,24.5681],[97.4642,24.6065],[97.4784,24.6458],[97.4361,24.6621],[97.4269,24.6989],[97.5155,24.7312],[97.4281,24.7905],[97.5093,24.8368],[97.5497,24.8286],[97.5595,24.8489],[97.5472,24.8838],[97.5258,24.8956],[97.5417,24.9214],[97.516,24.9988],[97.4929,25.0021],[97.4057,24.9393],[97.4159,25.051],[97.4366,25.0718],[97.4877,25.0837],[97.4144,25.2056],[97.4052,25.2755],[97.4425,25.3368],[97.4429,25.4484],[97.5276,25.5307],[97.563,25.672],[97.6182,25.7033],[97.5259,25.7255],[97.4971,25.7943],[97.5233,25.9208],[97.575,25.9747],[97.5711,26.0016],[97.5575,26.0039],[97.5371,25.9723],[97.5087,25.8726],[97.4801,25.8501],[97.4708,25.7931],[97.4967,25.7503],[97.4938,25.7041],[97.5143,25.6576],[97.4926,25.5657],[97.463,25.5384],[97.3948,25.5396],[97.3495,25.4088],[97.2637,25.3278],[97.1624,25.2862],[97.141,25.2618],[97.1464,25.2276],[97.1583,25.2663],[97.1878,25.2883],[97.2237,25.2957],[97.2437,25.2772],[97.2482,25.2285],[97.2128,25.103],[97.1902,25.0887],[97.1215,25.0946],[97.0209,25.0618],[96.9396,25.0626],[96.9703,25.0161],[96.9858,24.7468],[97.0176,24.6573],[97.0683,24.7201],[97.0738,24.7691],[97.1014,24.811],[97.1172,24.7872],[97.1689,24.824],[97.1836,24.7974],[97.2192,24.8226],[97.2301,24.7312],[97.2644,24.7465],[97.2423,24.6323],[97.2504,24.5975],[97.2284,24.5343],[97.1938,24.5147],[97.2288,24.458],[97.2288,24.4289],[97.2093,24.3723],[97.1887,24.3593],[97.1729,24.3669],[97.1598,24.4824],[97.1501,24.4901],[97.1296,24.492],[97.1227,24.5026],[97.1327,24.6263],[97.0832,24.7093],[97.1144,24.6061],[97.1091,24.4918],[97.1205,24.4698],[97.0849,24.429],[97.1064,24.4327],[97.1114,24.4159],[97.0806,24.3019],[97.0635,24.3153],[97.0663,24.3716],[97.0357,24.4442],[96.979,24.38],[96.9283,24.3612],[96.8796,24.3111],[96.8316,24.2945],[96.7918,24.3075],[96.7241,24.3986],[96.7137,24.4578],[96.6529,24.5199],[96.6557,24.6173],[96.6019,24.5994],[96.5742,24.5331],[96.5541,24.5245],[96.5185,24.6328],[96.365,24.9462],[96.1181,25.1274],[95.8418,25.2468],[95.7683,25.2963],[95.6926,25.3644],[95.7474,25.3691],[95.7469,25.3885],[95.606,25.5305],[95.6075,25.6292],[95.6668,25.6828],[95.6567,25.6984],[95.6028,25.7029],[95.6018,25.8475],[95.666,25.8755],[95.7195,25.9309],[95.811,25.9436],[95.8336,25.9915],[95.8824,25.9858],[95.9072,26.0839],[96.0567,26.2406],[96.1203,26.215],[96.1956,26.2623],[96.2241,26.301],[96.2513,26.3871],[96.2519,26.4818],[96.2723,26.559],[96.3277,26.5462],[96.4126,26.488],[96.4648,26.4937],[96.4658,26.5228],[96.3886,26.6252],[96.2366,26.6637],[96.1976,26.689],[96.199,26.6644],[96.2433,26.6099],[96.2317,26.5683],[96.2412,26.5133],[96.2106,26.3811],[96.1868,26.3636],[96.1186,26.3542],[96.0612,26.2967],[95.99,26.2675],[96.0031,26.2325],[95.9953,26.197],[95.8989,26.0836],[95.868,26.0257],[95.8455,26.0292],[95.7991,26.0853],[95.782,26.073],[95.7375,26.1088],[95.7392,26.0609],[95.6476,26.0025],[95.5866,25.9299],[95.5533,25.8453],[95.3745,25.6485],[95.3745,25.5898],[95.3259,25.5266],[95.3098,25.4487],[95.2187,25.4059],[95.1909,25.3616],[95.1397,25.351],[95.0171,25.1904],[94.9934,25.1275],[94.9645,25.1372],[94.9569,25.083],[94.9187,25.0722],[94.8915,25.084],[94.7908,25.2009],[94.8145,25.2286],[94.758,25.2401],[94.6507,25.3613],[94.6559,25.3808],[94.689,25.3833],[94.6978,25.4381],[94.7453,25.4587],[94.789,25.3692],[94.8248,25.4465],[94.8644,25.446],[94.8296,25.4748],[94.8576,25.5317],[94.8444,25.57],[94.7993,25.5148],[94.743,25.5232],[94.7156,25.484],[94.662,25.4868],[94.6589,25.4841],[94.6563,25.4812],[94.6535,25.4746],[94.6627,25.4352],[94.6175,25.3794],[94.3114,25.5001],[94.3157,25.5986],[94.3977,25.7172],[94.3482,25.6846],[94.3099,25.6265],[94.2932,25.55],[94.2699,25.5163],[94.2048,25.5423],[94.0893,25.6306],[94.0181,25.6615],[93.9507,25.8719],[93.9902,25.9236],[93.9667,25.9982],[94.0543,26.2791],[94.0711,26.4206],[94.1241,26.4926],[94.2451,26.5971],[94.3643,26.6114],[94.4011,26.5528],[94.4031,26.6136],[94.3803,26.6762],[94.3976,26.7342],[94.4808,26.7586],[94.5223,26.7229],[94.6036,26.709],[94.6279,26.6844],[94.6358,26.6359],[94.6411,26.674],[94.593,26.769],[94.6106,26.8138],[94.6897,26.8373],[94.7194,26.8633],[94.7889,26.8341],[94.8608,26.8951],[94.9244,26.8539],[94.9826,26.9329],[95.1134,26.9446],[95.1801,27.004],[95.2555,27.0255],[95.2937,27.0807],[95.3702,27.1348],[95.4029,27.1863],[95.4424,27.2046],[95.4661,27.1309],[95.5362,27.2299],[95.6641,27.2476],[95.8442,27.3006],[95.9392,27.3566],[95.974,27.326],[95.9662,27.3821],[95.9824,27.3981],[96.045,27.3971],[96.1328,27.4264],[96.127,27.3769],[96.1628,27.3894],[96.155,27.4775],[96.1698,27.4931],[96.1704,27.5029],[95.9919,27.6347],[95.9522,27.7327],[95.9636,27.7489],[96.0413,27.7086],[96.1045,27.7195],[96.1897,27.7087],[96.182,27.756],[96.2102,27.81],[96.2245,27.8484],[96.2116,27.9051],[96.049,27.9673],[95.8571,28.0134],[95.7845,28.0694],[95.7877,28.0856],[95.7495,28.1316],[95.7159,28.1453],[95.669,28.1407],[95.6442,28.1176],[95.6336,28.097],[95.6168,28.1049],[95.613,28.0513],[95.5727,28.0995],[95.5353,28.085],[95.4947,28.1036],[95.4796,28.102],[95.4549,28.094],[95.4322,28.1009],[95.3974,28.1017],[95.3876,28.0997],[95.4083,28.0917],[95.3968,28.0835],[95.3849,28.0984],[95.372,28.0916],[95.3739,28.1219],[95.3284,28.1109],[95.2835,28.1402],[95.2898,28.1065],[95.3111,28.0779],[95.3093,28.0376],[95.2417,27.9917],[95.2198,27.8842],[95.1562,27.8448],[95.0201,27.7817],[94.9425,27.7782],[94.8347,27.7072],[94.761,27.6745],[94.6903,27.666],[94.5106,27.5815],[94.333,27.5467],[94.271,27.5546],[94.2518,27.5733],[94.2473,27.5272],[94.188,27.4866],[94.184,27.4402],[94.1598,27.4238],[94.1428,27.4382],[94.1303,27.4367],[94.12,27.4021],[94.0885,27.3968],[94.0781,27.3721],[93.9975,27.315],[93.9231,27.1935],[93.8623,27.1292],[93.8186,27.1141],[93.811,27.0635],[93.6628,26.9952],[93.4392,26.9592],[93.422,26.9875],[93.3956,26.9574],[93.3143,26.9526],[93.2529,26.9753],[93.223,26.9473],[93.2043,26.9518],[93.1987,26.9742],[93.1582,26.9679],[93.1446,26.9582],[93.1615,26.9312],[93.0673,26.9057],[92.9888,26.9238],[92.9156,26.8634],[92.8884,26.8791],[92.8694,26.9403],[92.8109,26.9733],[92.801,26.9326],[92.7263,26.8399],[92.6734,26.8042],[92.5177,26.8426],[92.271,26.815],[92.2021,26.8253],[92.178,26.8481],[92.1906,27.0444],[92.2215,27.0119],[92.3005,27.0322],[92.3701,27.0838],[92.4716,27.0782],[92.5154,27.1108],[92.547,27.1597],[92.5268,27.1856],[92.3099,27.1688],[92.27,27.1033],[92.3,27.0607],[92.2837,27.0385],[92.254,27.0523],[92.2395,27.0811],[92.2486,27.1273],[92.2764,27.1647],[92.3602,27.2212],[92.5579,27.2391],[92.5767,27.2523],[92.5654,27.2686],[92.2641,27.3319],[92.2469,27.3601],[92.2735,27.4016],[92.2985,27.4135],[92.2901,27.3696],[92.3189,27.3472],[92.3725,27.3485],[92.4018,27.3712],[92.4596,27.3591],[92.4725,27.3984],[92.4536,27.4501],[92.4847,27.4665],[92.5115,27.5338],[92.539,27.5382],[92.5669,27.5097],[92.5499,27.4741],[92.5526,27.4241],[92.5898,27.3935],[92.6377,27.444],[92.656,27.4454],[92.6661,27.4276],[92.649,27.3513],[92.6734,27.3431],[92.7234,27.4268],[92.73,27.5066],[92.7069,27.5719],[92.7194,27.6063],[92.7542,27.6292],[92.7857,27.6277],[92.8394,27.5542],[92.8812,27.6561],[92.9388,27.6254],[92.9571,27.6304],[92.9507,27.6772],[92.9847,27.7104],[92.9668,27.7685],[92.9758,27.7846],[93.0477,27.8188],[93.0749,27.7577],[93.1142,27.7517],[93.1476,27.7679],[93.205,27.8526],[93.1781,27.9526],[93.1901,27.9848],[93.2206,27.9937],[93.3605,27.9429],[93.4466,27.9561],[93.4269,28.0084],[93.3589,28.0162],[93.3674,28.0591],[93.1346,28.1597],[93.1357,28.18],[93.1781,28.1968],[93.1926,28.2385],[93.2201,28.2355],[93.2359,28.1729],[93.2882,28.198],[93.2923,28.1393],[93.3352,28.1469],[93.3752,28.1258],[93.3865,28.1604],[93.3749,28.2132],[93.4127,28.2098],[93.4431,28.0925],[93.5246,28.032],[93.5654,28.0634],[93.5021,28.1446],[93.5023,28.1856],[93.5583,28.1806],[93.615,28.1186],[93.6255,28.1759],[93.6102,28.221],[93.6629,28.2713],[93.6861,28.2752],[93.6977,28.2503],[93.684,28.1749],[93.6963,28.0581],[93.8046,28.0312],[93.7414,28.1015],[93.752,28.1651],[93.7712,28.1889],[93.7972,28.1331],[93.8213,28.1173],[93.8129,28.0835],[93.93,27.9743],[93.93,27.9345],[94.0251,27.9459],[94.0487,27.9329],[94.0452,27.9002],[94.0594,27.9045],[94.0799,27.935],[94.0664,27.9538],[93.9993,27.9744],[93.9183,28.0559],[93.9283,28.0732],[93.983,28.078],[93.9849,28.1295],[93.8914,28.1877],[93.9032,28.2049],[93.9479,28.2136],[94.081,28.183],[94.0372,28.2152],[94.0515,28.2545],[93.9999,28.266],[94.0028,28.3329],[93.9153,28.3405],[93.8685,28.3182],[93.7865,28.371],[93.6772,28.3693],[93.604,28.341],[93.5651,28.3533],[93.5089,28.3436],[93.4606,28.3735],[93.476,28.4164],[93.5238,28.3822],[93.6642,28.4197],[93.686,28.4468],[93.6849,28.5129],[93.7404,28.4444],[93.7816,28.4683],[93.8585,28.4186],[93.9213,28.4168],[93.9676,28.3946],[94.0236,28.3952],[94.03,28.4243],[94.0705,28.468],[94.094,28.4458],[94.0878,28.4102],[94.1157,28.3896],[94.096,28.3544],[94.1209,28.3025],[94.2373,28.3676],[94.2229,28.2781],[94.2481,28.274],[94.2933,28.3065],[94.3372,28.297],[94.3131,28.2678],[94.3347,28.2315],[94.2934,28.2264],[94.2847,28.1976],[94.2436,28.1902],[94.2528,28.1304],[94.291,28.1201],[94.3079,28.1523],[94.3591,28.157],[94.3913,28.1195],[94.4155,28.2134],[94.4856,28.169],[94.4971,28.2111],[94.5356,28.2359],[94.4941,28.24],[94.49,28.2583],[94.4421,28.2859],[94.4901,28.3163],[94.484,28.3752],[94.5423,28.3448],[94.5284,28.3851],[94.573,28.3969],[94.5497,28.4448],[94.5775,28.4941],[94.5172,28.4914],[94.4872,28.4447],[94.4354,28.481],[94.4037,28.4453],[94.3963,28.5049],[94.3693,28.4946],[94.341,28.5159],[94.3068,28.5095],[94.2186,28.5328],[94.2065,28.562],[94.3395,28.5484],[94.3765,28.559],[94.3867,28.5825],[94.2814,28.6847],[94.3154,28.6905],[94.2468,28.8075],[94.2876,28.8099],[94.2976,28.7522],[94.36,28.6518],[94.3791,28.6447],[94.4035,28.6668],[94.4222,28.5413],[94.4915,28.537],[94.5193,28.5753],[94.5422,28.5813],[94.5576,28.5639],[94.6052,28.6114],[94.5268,28.6548],[94.6187,28.6891],[94.5894,28.7239],[94.5968,28.7559],[94.5585,28.807],[94.6556,28.7548],[94.6868,28.7119],[94.7223,28.7342],[94.7012,28.7595],[94.6994,28.798],[94.6549,28.7851],[94.6057,28.8262],[94.6015,28.8553],[94.5679,28.8726],[94.543,28.8635],[94.53,28.9248],[94.4933,28.9484],[94.5066,28.9692],[94.4984,29.0292],[94.5599,28.9439],[94.6102,28.9298],[94.6036,28.9064],[94.7092,28.8811],[94.7171,28.8981],[94.6802,28.9325],[94.7654,28.9621],[94.7693,28.9885],[94.7946,29.0004],[94.7772,29.0449],[94.7953,29.05],[94.8226,29.0239],[94.8495,29.0292],[94.9128,29.0849],[94.899,29.1248],[94.9348,29.1284],[94.954,29.1504],[94.8972,29.203],[95.0279,29.199],[95.0266,29.2385],[95.0573,29.2313],[95.1209,29.249],[95.1364,29.2613],[95.1182,29.2849],[95.1382,29.3021],[95.1309,29.3177],[95.1568,29.3244],[95.2076,29.3788],[95.2107,29.2909],[95.3453,29.3993],[95.4175,29.3996],[95.4129,29.3766],[95.45,29.3667],[95.4561,29.3462],[95.4167,29.3413],[95.3456,29.302],[95.3369,29.2861],[95.3492,29.2653],[95.2759,29.2607],[95.3379,29.199],[95.2853,29.2124],[95.257,29.1654],[95.2156,29.2244],[95.175,29.1865],[95.1788,29.1381],[95.143,29.1333],[95.1238,29.18],[95.0591,29.1495],[95.0668,29.1067],[95.0166,29.0814],[94.9715,29.0066],[95.0504,29.0444],[95.0829,29.0252],[95.1247,29.0446],[95.1215,29.0106],[95.0551,28.9737],[95.1019,28.9693],[95.0761,28.9379],[95.082,28.9224],[95.1392,28.9035],[95.1456,28.8631],[95.2074,28.832],[95.2564,28.7775],[95.2086,28.7902],[95.1811,28.788],[95.1262,28.8199],[95.107,28.7944],[95.08,28.8282],[95.0281,28.8452],[94.9755,28.8967],[94.9056,28.885],[94.9822,28.8414],[95.0333,28.7333],[95.0685,28.7315],[95.0822,28.6592],[95.1016,28.6752],[95.1458,28.6772],[95.1471,28.6491],[95.221,28.5827],[95.2293,28.6146],[95.2158,28.6698],[95.2334,28.6737],[95.2693,28.6386],[95.319,28.6489],[95.2865,28.5937],[95.3225,28.5986],[95.3301,28.5757],[95.3016,28.5438],[95.2713,28.5374],[95.2653,28.5224],[95.2698,28.5105],[95.2855,28.4998],[95.3362,28.5015],[95.3151,28.4531],[95.3725,28.4536],[95.4716,28.4066],[95.4359,28.4641],[95.4605,28.4711],[95.4782,28.5061],[95.5199,28.4669],[95.5574,28.4701],[95.5517,28.4416],[95.5782,28.4267],[95.6113,28.4399],[95.6624,28.436],[95.6704,28.4524],[95.6333,28.4705],[95.6691,28.4947],[95.623,28.4952],[95.5127,28.5713],[95.4507,28.6363],[95.5866,28.5758],[95.6529,28.5921],[95.6847,28.568],[95.7893,28.5483],[95.7841,28.5635],[95.708,28.6003],[95.6726,28.646],[95.6405,28.6556],[95.6183,28.7059],[95.5293,28.7692],[95.6391,28.7223],[95.6918,28.6779],[95.7201,28.6785],[95.7333,28.65],[95.8252,28.6171],[95.8026,28.7006],[95.834,28.7283],[95.8224,28.7925],[95.8485,28.814],[95.8341,28.8603],[95.7988,28.8528],[95.7674,28.8745],[95.7899,28.8774],[95.7982,28.9383],[95.7379,29.0006],[95.7912,28.9862],[95.8189,29.0285],[95.8464,28.916],[95.8664,28.9046],[95.8749,28.8634],[95.9102,28.8171],[95.9658,28.861],[95.966,28.992],[95.9984,29.0401],[95.9797,28.9843],[95.9878,28.9012],[96.0057,28.8811],[96.052,28.8902],[95.9306,28.7635],[95.8962,28.7461],[95.9022,28.6986],[95.8787,28.6758],[95.888,28.6468],[95.9718,28.6667],[95.9974,28.6902],[96.0421,28.6771],[96.089,28.7101],[96.138,28.681],[96.2116,28.7433],[96.1891,28.6848],[96.2177,28.6467],[96.068,28.64],[96.0422,28.6197],[96.0397,28.5571],[95.9998,28.6146],[95.9823,28.6089],[95.9577,28.5869],[95.891,28.5805],[95.8879,28.5321],[95.9218,28.5231],[95.9389,28.493],[95.9011,28.4855],[95.91,28.444],[95.9393,28.4154],[95.9638,28.4383],[96.0357,28.4187],[96.0402,28.392],[95.9938,28.3649],[96.048,28.3429],[96.1371,28.3872],[96.1644,28.454],[96.1948,28.4668],[96.2177,28.4484],[96.2312,28.3634],[96.1456,28.3205],[96.1877,28.2842],[96.1495,28.2603],[96.1328,28.2283],[96.0704,28.255],[96.0493,28.2168],[96.028,28.2082],[95.9884,28.2717],[95.9579,28.2506],[95.9306,28.2579],[95.8911,28.3242],[95.8361,28.3733],[95.8205,28.3473],[95.8548,28.3094],[95.8175,28.2691],[95.8748,28.2703],[95.9233,28.2163],[95.9262,28.1853],[96.1051,28.1295],[96.1019,28.1816],[96.1712,28.1915],[96.2008,28.1271],[96.2024,28.0794],[96.2226,28.0648],[96.2401,28.0815],[96.2256,28.1735],[96.2372,28.1782],[96.288,28.1341],[96.305,28.1528],[96.3159,28.22],[96.3427,28.2257],[96.3725,28.1842],[96.3494,28.0864],[96.3895,28.0352],[96.4073,28.0591],[96.4161,28.1254],[96.4912,28.1221],[96.436,28.2125],[96.4533,28.2418],[96.4427,28.2805],[96.4781,28.2765],[96.4901,28.3003],[96.5408,28.2979],[96.4991,28.3533],[96.5712,28.3288],[96.5751,28.3782],[96.6071,28.3603],[96.6739,28.3734],[96.6809,28.3347],[96.639,28.3192],[96.5633,28.2422],[96.5601,28.1965],[96.6138,28.1568],[96.6699,28.2232],[96.7439,28.2241],[96.6937,28.1622],[96.7141,28.1148],[96.66,28.1111],[96.6252,28.0649],[96.6809,28.0483],[96.6761,27.9948],[96.6913,27.9769],[96.7693,28.0368],[96.774,28.0036],[96.7548,27.9716],[96.8239,27.9552],[96.8257,27.918],[96.8809,27.8962],[96.9321,27.9196],[96.9478,27.9616],[96.9396,27.9863],[96.9646,28.0074],[96.9889,28.0776],[97.0478,28.167],[97.0187,28.3011],[97.0287,28.3104],[97.0467,28.296],[97.074,28.1499],[97.0021,27.9975],[96.9959,27.9146],[96.9675,27.8851],[97.0288,27.841],[97.1,27.8531],[97.1313,27.8377],[97.0607,27.7888],[97.0005,27.7915],[96.9745,27.8354],[96.9628,27.8467],[96.953,27.8522],[96.8577,27.8508],[96.7537,27.7443],[96.792,27.8333],[96.762,27.904],[96.7273,27.923],[96.7133,27.9122],[96.6793,27.9239],[96.6661,27.9035],[96.6202,27.9119],[96.6114,27.9684],[96.5656,27.9813],[96.5277,28.0401],[96.4791,27.9929],[96.4778,27.9511],[96.5318,27.9582],[96.5701,27.926],[96.5885,27.8705],[96.6165,27.8443],[96.5877,27.8334],[96.5274,27.8518],[96.4898,27.785],[96.4332,27.8129],[96.4329,27.7702],[96.5154,27.7401],[96.6254,27.7546],[96.6056,27.7203],[96.6464,27.6802],[96.6342,27.6698],[96.5715,27.6974],[96.4636,27.659],[96.398,27.6822],[96.3873,27.6409],[96.5139,27.6061],[96.5628,27.6173],[96.6046,27.5891],[96.6851,27.578],[96.7077,27.5895],[96.7241,27.5631],[96.8559,27.522],[96.8645,27.5082],[96.7118,27.508],[96.8085,27.4368],[96.8537,27.4353],[96.8568,27.4121],[96.9306,27.3543],[96.9383,27.326],[97.0022,27.2651],[97.0219,27.2141],[97.0005,27.136],[97.0317,27.0954],[97.0266,27.0819],[96.925,27.0631],[96.8713,27.0821],[96.7942,27.0546],[96.7619,27.1032],[96.7456,27.0562],[96.7179,27.0555],[96.7201,27.0094],[96.651,27.0167],[96.6453,26.9983],[96.6989,26.9751],[96.7513,27.0158],[96.783,27.0037],[96.8392,27.0165],[96.876,26.9775],[96.9059,27.0011],[96.9418,26.9759],[96.9954,26.9972],[97.0221,26.9582],[97.0811,26.9862],[97.0672,27.0544],[97.0809,27.0764],[97.1025,27.0776],[97.1726,27.0061],[97.2368,26.8781],[97.2937,26.8255],[97.3253,26.8243],[97.3348,26.8452],[97.3075,26.9031],[97.3079,26.9459],[97.2338,27.056],[97.2533,27.054],[97.2974,27.007],[97.3719,26.9946],[97.3793,27.0437],[97.3339,27.0828],[97.2669,27.1013],[97.2296,27.1478],[97.1695,27.1764],[97.1614,27.1905],[97.1786,27.2132],[97.1289,27.2368],[97.1211,27.306],[97.0793,27.329],[96.989,27.4231],[96.9915,27.4473],[97.0473,27.4342],[97.0792,27.4565],[97.1151,27.444],[97.1216,27.4586],[97.0808,27.5052],[96.9978,27.5159],[96.9949,27.5334],[96.9616,27.545],[97.0146,27.5739],[96.9759,27.605],[97.0386,27.619],[97.0593,27.6676],[97.0847,27.6806],[97.1284,27.61],[97.2102,27.6157],[97.1593,27.704],[97.18,27.7257],[97.1676,27.7566],[97.2097,27.7787],[97.2397,27.8456],[97.265,27.8493],[97.3285,27.7487],[97.3595,27.808],[97.4377,27.7762],[97.4639,27.7864],[97.4864,27.8836],[97.5653,27.7974],[97.5397,27.7655],[97.523,27.6914],[97.5515,27.644],[97.5557,27.5815],[97.5843,27.6436],[97.576,27.7263],[97.6556,27.7877],[97.7144,27.7531],[97.732,27.818],[97.6812,27.837],[97.6819,27.8847],[97.6531,27.9028],[97.6583,27.9417],[97.5935,27.9912],[97.5428,28.0553],[97.6549,28.0599],[97.5961,28.0416],[97.6385,27.9811],[97.7765,27.8795],[97.8246,27.886],[97.8559,27.8726],[97.8963,27.7816],[97.9712,27.7612],[97.9805,27.7702],[97.9716,27.8028],[97.906,27.8827],[97.9006,27.918],[97.9544,27.8765],[97.9768,27.9449],[97.9989,27.8941],[98.0,27.6355],[97.9699,27.6891],[97.9263,27.6961],[98.0,27.6153],[98.0,27.2742],[97.9673,27.2794],[97.939,27.2427],[97.9588,27.2083],[98.0,27.2349],[98.0,26.9549],[97.9019,26.9524],[97.8803,26.923],[97.904,26.9048],[98.0,26.9323],[98.0,25.3696],[97.9589,25.366],[97.917,25.2697],[97.8656,25.3],[97.8274,25.2698],[97.8465,25.2326],[97.8433,25.145],[98.0,25.1283],[98.0,25.1073],[97.9181,25.1102],[97.8964,25.0829],[97.9234,25.0206],[97.9604,24.9805],[97.959,24.867],[98.0,24.823],[98.0,24.6089],[97.9348,24.555],[97.9566,24.5382],[98.0,24.5547],[98.0,17.5345]],[[95.3876,28.0997],[95.3857,28.099],[95.3849,28.0984],[95.3876,28.0997]],[[95.067,29.2157],[95.075,29.2083],[95.0739,29.2164],[95.067,29.2157]],[[95.1585,29.2097],[95.1664,29.2156],[95.1583,29.2167],[95.1585,29.2097]],[[95.1419,29.193],[95.1497,29.1989],[95.1417,29.2],[95.1419,29.193]],[[94.95,29.025],[94.9573,29.017],[94.9581,29.0239],[94.95,29.025]],[[94.8788,28.8913],[94.886,28.8749],[94.8914,28.8795],[94.8788,28.8913]],[[94.858,28.8677],[94.85,28.875],[94.8511,28.8669],[94.858,28.8677]],[[95.0085,28.718],[95.0164,28.7239],[95.0083,28.725],[95.0085,28.718]],[[94.7312,28.7158],[94.7365,28.7007],[94.741,28.702],[94.7312,28.7158]],[[94.6337,28.6907],[94.6417,28.6833],[94.6406,28.6914],[94.6337,28.6907]],[[94.8725,28.686],[94.8457,28.667],[94.846,28.6371],[94.8725,28.686]],[[94.7635,28.5781],[94.7314,28.681],[94.7155,28.5574],[94.7395,28.5355],[94.7475,28.4498],[94.7699,28.4044],[94.783,28.4204],[94.7646,28.4493],[94.7671,28.4977],[94.8056,28.5538],[94.8379,28.5567],[94.8504,28.5113],[94.8947,28.543],[94.9461,28.5556],[94.9729,28.4975],[94.9841,28.533],[95.0125,28.5479],[94.9773,28.589],[94.9476,28.5931],[94.9056,28.5678],[94.8616,28.5825],[94.7807,28.566],[94.7635,28.5781]],[[94.7838,28.6223],[94.7986,28.61],[94.7859,28.6325],[94.7838,28.6223]],[[94.8917,28.5143],[94.8831,28.5167],[94.8877,28.5082],[94.8917,28.5143]],[[95.0198,28.4787],[94.9679,28.4502],[95.0079,28.3864],[95.0198,28.4787]],[[95.1002,28.4597],[95.1081,28.4656],[95.1,28.4667],[95.1002,28.4597]],[[95.0919,28.443],[95.0997,28.4489],[95.0917,28.45],[95.0919,28.443]],[[95.3568,28.432],[95.3606,28.4179],[95.3656,28.418],[95.3568,28.432]],[[95.3364,28.4199],[95.3201,28.4184],[95.3461,28.4025],[95.3364,28.4199]],[[95.7355,28.4085],[95.7289,28.4],[95.7418,28.4037],[95.7355,28.4085]],[[95.5648,28.4052],[95.5347,28.3876],[95.5284,28.3713],[95.5788,28.3874],[95.5648,28.4052]],[[95.6083,28.375],[95.6157,28.367],[95.6164,28.3739],[95.6083,28.375]],[[95.6605,28.3668],[95.6539,28.3583],[95.6668,28.3621],[95.6605,28.3668]],[[95.3982,28.3584],[95.3211,28.3629],[95.3505,28.3399],[95.3182,28.2916],[95.3309,28.2613],[95.3495,28.2824],[95.454,28.2975],[95.4522,28.3254],[95.3985,28.3262],[95.3982,28.3584]],[[94.9839,28.2757],[94.991,28.2828],[94.984,28.2827],[94.9839,28.2757]],[[94.9583,28.2833],[94.951,28.2913],[94.9503,28.2844],[94.9583,28.2833]],[[95.2852,28.281],[95.2815,28.3062],[95.2468,28.3221],[95.2674,28.2897],[95.2852,28.281]],[[95.0182,28.3268],[95.025,28.325],[95.0188,28.3406],[95.0182,28.3268]],[[95.2582,28.282],[95.2503,28.2761],[95.2583,28.275],[95.2582,28.282]],[[95.0583,28.3417],[95.0425,28.3489],[95.0424,28.3428],[95.0583,28.3417]],[[95.1667,28.3667],[95.1594,28.3747],[95.1586,28.3678],[95.1667,28.3667]],[[95.35,28.3833],[95.3342,28.3906],[95.3341,28.3845],[95.35,28.3833]],[[94.7583,28.3833],[94.751,28.3913],[94.7503,28.3844],[94.7583,28.3833]],[[95.199,28.403],[95.1635,28.4228],[95.1526,28.4215],[95.1777,28.4024],[95.199,28.403]],[[95.7167,28.4083],[95.7094,28.4163],[95.7086,28.4094],[95.7167,28.4083]],[[95.6895,28.4165],[95.6961,28.425],[95.6833,28.4213],[95.6895,28.4165]],[[95.6333,28.425],[95.626,28.433],[95.6253,28.4261],[95.6333,28.425]],[[94.7167,28.5976],[94.7081,28.6],[94.7127,28.5916],[94.7167,28.5976]],[[94.7919,28.643],[94.7997,28.6489],[94.7917,28.65],[94.7919,28.643]],[[95.4022,28.2502],[95.3956,28.2416],[95.4084,28.2454],[95.4022,28.2502]],[[95.325,28.2434],[95.3166,28.232],[95.3211,28.2251],[95.325,28.2434]],[[95.8667,28.2333],[95.8747,28.226],[95.8745,28.2326],[95.8667,28.2333]],[[95.1323,28.2181],[95.1083,28.225],[95.1089,28.2199],[95.1323,28.2181]],[[95.7078,28.216],[95.7007,28.2089],[95.7077,28.209],[95.7078,28.216]],[[95.7501,28.2075],[95.7423,28.1977],[95.7437,28.1924],[95.7575,28.1936],[95.7501,28.2075]],[[95.708,28.1844],[95.7,28.1917],[95.7011,28.1836],[95.708,28.1844]],[[95.7417,28.1833],[95.749,28.1754],[95.7497,28.1822],[95.7417,28.1833]],[[95.2128,28.1816],[95.2083,28.1667],[95.2035,28.1605],[95.2238,28.1622],[95.2128,28.1816]],[[95.741,28.1661],[95.7339,28.159],[95.7417,28.1583],[95.741,28.1661]],[[95.7502,28.1597],[95.7581,28.1656],[95.75,28.1667],[95.7502,28.1597]],[[95.2563,28.1513],[95.2459,28.1662],[95.234,28.1634],[95.2563,28.1513]],[[95.0555,28.1514],[95.0402,28.1726],[95.0352,28.1731],[95.0555,28.1514]],[[95.692,28.1657],[95.7,28.1583],[95.6989,28.1664],[95.692,28.1657]],[[95.0221,28.1846],[95.016,28.212],[95.0118,28.2156],[95.009,28.196],[95.0221,28.1846]],[[95.15,28.2167],[95.158,28.2094],[95.1578,28.216],[95.15,28.2167]],[[95.2332,28.2046],[95.2251,28.1946],[95.2309,28.1918],[95.2332,28.2046]],[[95.108,28.201],[95.1,28.2083],[95.1011,28.2003],[95.108,28.201]],[[94.8917,28.225],[94.8844,28.233],[94.8836,28.2261],[94.8917,28.225]],[[94.992,28.2407],[95.0,28.2333],[94.9989,28.2414],[94.992,28.2407]],[[95.0754,28.149],[95.0833,28.1417],[95.0822,28.1497],[95.0754,28.149]],[[95.9995,28.1493],[95.9924,28.1422],[95.9994,28.1423],[95.9995,28.1493]],[[95.1663,28.1427],[95.1583,28.15],[95.1595,28.1419],[95.1663,28.1427]],[[95.147,28.1261],[95.1379,28.1355],[95.118,28.1277],[95.147,28.1261]],[[95.1081,28.1403],[95.1003,28.1344],[95.1083,28.1333],[95.1081,28.1403]],[[94.0,28.094],[94.0086,28.0917],[94.004,28.1001],[94.0,28.094]],[[95.2919,28.0597],[95.2997,28.0656],[95.2917,28.0667],[95.2919,28.0597]],[[94.0919,27.968],[94.0997,27.9739],[94.0917,27.975],[94.0919,27.968]],[[94.2917,27.9667],[94.299,27.9587],[94.2997,27.9656],[94.2917,27.9667]],[[94.3085,27.9264],[94.3164,27.9322],[94.3083,27.9333],[94.3085,27.9264]],[[93.8043,27.9334],[93.6849,27.8963],[93.6653,27.8651],[93.7375,27.8697],[93.8103,27.822],[93.8099,27.873],[93.8435,27.8891],[93.8043,27.9334]],[[94.1615,27.8732],[94.0668,27.834],[94.1558,27.8553],[94.1615,27.8732]],[[95.0322,27.8653],[95.0179,27.8561],[95.0181,27.8511],[95.0322,27.8653]],[[94.325,27.85],[94.3173,27.8577],[94.3172,27.8507],[94.325,27.85]],[[94.35,27.8333],[94.3573,27.8254],[94.3581,27.8322],[94.35,27.8333]],[[94.9076,27.8245],[94.9005,27.8174],[94.9083,27.8167],[94.9076,27.8245]],[[95.0252,27.818],[95.0331,27.8239],[95.025,27.825],[95.0252,27.818]],[[94.3501,27.8128],[94.3415,27.8062],[94.3463,27.7999],[94.3501,27.8128]],[[94.8928,27.8074],[94.899,27.7926],[94.899,27.8074],[94.8928,27.8074]],[[93.683,27.8001],[93.6834,27.831],[93.645,27.7948],[93.6591,27.7852],[93.683,27.8001]],[[93.4399,27.8312],[93.3301,27.8705],[93.2674,27.8402],[93.235,27.8058],[93.2305,27.7778],[93.2592,27.7471],[93.303,27.7852],[93.3453,27.7643],[93.4399,27.8312]],[[94.8822,27.782],[94.8679,27.7728],[94.8681,27.7678],[94.8822,27.782]],[[94.325,27.7667],[94.3173,27.7744],[94.3172,27.7674],[94.325,27.7667]],[[94.2915,27.7737],[94.2836,27.7678],[94.2917,27.7667],[94.2915,27.7737]],[[94.208,27.7594],[94.2,27.7667],[94.2011,27.7586],[94.208,27.7594]],[[94.8583,27.7583],[94.8656,27.7425],[94.8656,27.7574],[94.8583,27.7583]],[[93.2998,27.7487],[93.292,27.7428],[93.3,27.7417],[93.2998,27.7487]],[[93.3083,27.7583],[93.301,27.7663],[93.3003,27.7594],[93.3083,27.7583]],[[93.5838,27.9084],[93.578,27.8922],[93.6062,27.8856],[93.6065,27.8972],[93.5838,27.9084]],[[93.2519,27.9108],[93.2354,27.9064],[93.237,27.8852],[93.2583,27.8833],[93.2519,27.9108]],[[93.6578,27.9418],[93.6718,27.9793],[93.6099,27.9486],[93.6148,27.9389],[93.6578,27.9418]],[[94.3457,27.7281],[94.3287,27.7241],[94.3615,27.7102],[94.3855,27.7175],[94.3944,27.7266],[94.3457,27.7281]],[[93.7761,27.7111],[93.6807,27.6417],[93.68,27.5961],[93.7239,27.5836],[93.7647,27.5994],[93.7761,27.7111]],[[94.3387,27.7038],[94.3168,27.695],[94.3028,27.6779],[94.3387,27.7038]],[[94.0005,27.6176],[93.8763,27.622],[93.8769,27.594],[93.9075,27.5595],[93.8356,27.4269],[94.0034,27.4862],[94.0208,27.5399],[94.0569,27.5461],[94.0458,27.5697],[94.0721,27.6025],[94.0775,27.6129],[94.0815,27.63],[94.0712,27.6631],[94.1049,27.6926],[94.0637,27.6806],[94.0336,27.6302],[94.0231,27.6228],[94.003,27.6183],[94.0005,27.6176]],[[94.032,27.6652],[94.0179,27.6689],[94.0316,27.6592],[94.032,27.6652]],[[94.2899,27.6715],[94.2694,27.6645],[94.26,27.653],[94.2812,27.6604],[94.2899,27.6715]],[[94.4583,27.6508],[94.4287,27.6472],[94.4344,27.6302],[94.4632,27.6364],[94.4583,27.6508]],[[94.4764,27.6489],[94.4856,27.6346],[94.4906,27.6347],[94.4764,27.6489]],[[94.425,27.625],[94.4092,27.6323],[94.4091,27.6261],[94.425,27.625]],[[94.3908,27.6177],[94.375,27.625],[94.376,27.6178],[94.3908,27.6177]],[[94.157,27.6182],[94.1429,27.6144],[94.1431,27.6094],[94.157,27.6182]],[[94.2135,27.608],[94.2177,27.5881],[94.2303,27.5724],[94.2387,27.6083],[94.2135,27.608]],[[94.4333,27.5899],[94.4417,27.6021],[94.4372,27.6082],[94.4333,27.5899]],[[94.1167,27.5976],[94.1081,27.6],[94.1127,27.5916],[94.1167,27.5976]],[[94.3562,27.6249],[94.3628,27.6334],[94.3499,27.6296],[94.3562,27.6249]],[[94.2331,27.632],[94.2253,27.6261],[94.2333,27.625],[94.2331,27.632]],[[94.1153,27.6344],[94.1061,27.6487],[94.1011,27.6486],[94.1153,27.6344]],[[94.1583,27.475],[94.1657,27.467],[94.1664,27.4739],[94.1583,27.475]],[[93.5999,27.5848],[93.6024,27.6267],[93.5709,27.6619],[93.3191,27.7064],[93.2047,27.6033],[93.0752,27.5811],[93.0335,27.4694],[93.1263,27.4984],[93.1873,27.4787],[93.1964,27.4375],[93.1432,27.3677],[93.1554,27.3424],[93.2234,27.3864],[93.3008,27.3826],[93.3436,27.3431],[93.3872,27.3371],[93.4309,27.3596],[93.4573,27.3939],[93.4775,27.5057],[93.5999,27.5848]],[[93.5832,27.334],[93.6554,27.3225],[93.6636,27.3333],[93.6133,27.3648],[93.5832,27.334]],[[93.3262,27.3305],[93.2993,27.3467],[93.2335,27.2821],[93.2243,27.2015],[93.3115,27.2372],[93.3312,27.2889],[93.3262,27.3305]],[[93.8832,27.258],[93.9084,27.2583],[93.8955,27.2739],[93.8832,27.258]],[[92.7832,27.2661],[92.7607,27.2555],[92.7605,27.2446],[92.8,27.2417],[92.7832,27.2661]],[[92.8498,27.482],[92.842,27.4761],[92.85,27.475],[92.8498,27.482]],[[94.1581,27.7237],[94.1503,27.7178],[94.1583,27.7167],[94.1581,27.7237]],[[93.3643,27.1852],[93.3459,27.1686],[93.3525,27.1561],[93.4473,27.1713],[93.4289,27.1898],[93.3643,27.1852]],[[93.4839,27.1666],[93.5058,27.1502],[93.531,27.17],[93.5066,27.1752],[93.4839,27.1666]],[[92.8657,27.0167],[92.8741,27.0301],[92.8536,27.0399],[92.8511,27.0288],[92.8657,27.0167]],[[92.9965,26.9721],[93.0058,26.9472],[93.0673,26.9962],[93.025,27.0],[92.9965,26.9721]],[[93.1002,26.9347],[93.1081,26.9406],[93.1,26.9417],[93.1002,26.9347]],[[93.0585,26.918],[93.0664,26.9239],[93.0583,26.925],[93.0585,26.918]],[[95.4739,28.1247],[95.468,28.1169],[95.475,28.1167],[95.4739,28.1247]],[[95.4833,28.125],[95.4992,28.1177],[95.4993,28.1239],[95.4833,28.125]],[[95.458,28.1094],[95.45,28.1167],[95.4511,28.1086],[95.458,28.1094]],[[95.525,28.1083],[95.5323,28.1004],[95.5331,28.1072],[95.525,28.1083]],[[96.317,27.9635],[96.3335,27.9641],[96.3278,27.975],[96.317,27.9635]],[[96.35,27.9583],[96.3573,27.9504],[96.3581,27.9572],[96.35,27.9583]],[[96.2169,27.8847],[96.2247,27.8906],[96.2167,27.8917],[96.2169,27.8847]],[[96.4333,27.8833],[96.4407,27.8754],[96.4414,27.8822],[96.4333,27.8833]],[[96.4181,27.8489],[96.4272,27.8346],[96.4322,27.8347],[96.4181,27.8489]],[[96.4002,27.768],[96.4081,27.7739],[96.4,27.775],[96.4002,27.768]],[[96.0335,27.693],[96.0414,27.6989],[96.0333,27.7],[96.0335,27.693]],[[96.6833,27.525],[96.6906,27.5092],[96.6906,27.524],[96.6833,27.525]],[[96.6653,27.5094],[96.6561,27.5237],[96.6511,27.5236],[96.6653,27.5094]],[[96.1835,27.3847],[96.1914,27.3906],[96.1833,27.3917],[96.1835,27.3847]],[[96.7082,27.3825],[96.6905,27.3762],[96.6813,27.3524],[96.7163,27.3618],[96.7082,27.3825]],[[96.0531,27.3391],[95.9902,27.3545],[96.0532,27.3056],[96.0531,27.3391]],[[96.7833,27.35],[96.791,27.3423],[96.7911,27.3493],[96.7833,27.35]],[[96.7151,27.3367],[96.6872,27.3376],[96.7126,27.3103],[96.7151,27.3367]],[[96.6701,27.3337],[96.6376,27.322],[96.6342,27.2975],[96.6571,27.302],[96.6701,27.3337]],[[95.8629,27.2985],[95.8583,27.275],[95.8455,27.2676],[95.8648,27.2772],[95.8629,27.2985]],[[96.0285,27.2753],[96.0417,27.2833],[96.0397,27.2905],[96.0262,27.2903],[96.0285,27.2753]],[[96.05,27.2917],[96.0577,27.284],[96.0578,27.291],[96.05,27.2917]],[[96.625,27.2833],[96.6323,27.2754],[96.6331,27.2822],[96.625,27.2833]],[[96.1754,27.3657],[96.1833,27.3583],[96.1822,27.3664],[96.1754,27.3657]],[[96.6107,27.3634],[96.6468,27.3534],[96.6347,27.3739],[96.6107,27.3634]],[[96.0082,27.382],[96.0003,27.3761],[96.0083,27.375],[96.0082,27.382]],[[96.6083,27.2583],[96.6237,27.2429],[96.6239,27.2569],[96.6083,27.2583]],[[96.5824,27.2479],[96.5682,27.2201],[96.5727,27.2096],[96.5975,27.2302],[96.5824,27.2479]],[[96.6333,27.2333],[96.6285,27.1903],[96.6788,27.2117],[96.673,27.2222],[96.6333,27.2333]],[[96.8538,27.1888],[96.8653,27.1743],[96.9038,27.163],[96.8631,27.2019],[96.8538,27.1888]],[[96.925,27.1667],[96.9323,27.1587],[96.9331,27.1656],[96.925,27.1667]],[[95.725,27.2417],[95.7173,27.2494],[95.7172,27.2424],[95.725,27.2417]],[[95.4165,27.157],[95.4086,27.1511],[95.4167,27.15],[95.4165,27.157]],[[95.3667,27.1167],[95.3683,27.0864],[95.3876,27.0763],[95.389,27.0809],[95.3667,27.1167]],[[96.8167,27.1083],[96.8236,27.0844],[96.8218,27.1078],[96.8167,27.1083]],[[96.9417,27.0917],[96.9494,27.084],[96.9495,27.091],[96.9417,27.0917]],[[95.3581,27.1153],[95.3503,27.1094],[95.3583,27.1083],[95.3581,27.1153]],[[95.8163,27.0244],[95.8038,27.0506],[95.8057,27.0035],[95.8163,27.0244]],[[95.9511,27.0356],[95.9653,27.0398],[95.9417,27.05],[95.9511,27.0356]],[[95.8752,27.0097],[95.8831,27.0156],[95.875,27.0167],[95.8752,27.0097]],[[96.6167,27.0083],[96.624,27.0004],[96.6247,27.0072],[96.6167,27.0083]],[[95.6251,27.0029],[95.6332,27.0129],[95.6271,27.0165],[95.6251,27.0029]],[[95.2167,27.0],[95.209,27.0077],[95.2089,27.0007],[95.2167,27.0]],[[95.2258,27.0156],[95.2417,27.0083],[95.2407,27.0156],[95.2258,27.0156]],[[95.3672,27.0234],[95.3749,27.0181],[95.379,27.0402],[95.3672,27.0234]],[[95.2764,27.035],[95.2833,27.05],[95.2892,27.0574],[95.2759,27.0471],[95.2764,27.035]],[[95.3835,27.0514],[95.3914,27.0572],[95.3833,27.0583],[95.3835,27.0514]],[[95.767,27.0073],[95.775,27.0],[95.7739,27.0081],[95.767,27.0073]],[[95.801,26.9503],[95.8294,26.9729],[95.7865,26.9886],[95.7666,26.9659],[95.801,26.9503]],[[95.5254,26.9415],[95.5356,26.9264],[95.5489,26.9279],[95.5402,26.9481],[95.5254,26.9415]],[[95.7558,26.9192],[95.6528,26.894],[95.6386,26.8721],[95.7262,26.8752],[95.7502,26.8921],[95.7558,26.9192]],[[95.975,26.8667],[95.9731,26.8487],[95.9232,26.8149],[95.9075,26.7839],[95.9964,26.8362],[95.9988,26.8624],[95.975,26.8667]],[[96.9502,26.8597],[96.9581,26.8656],[96.95,26.8667],[96.9502,26.8597]],[[97.9627,26.8823],[97.958,26.8667],[97.9627,26.851],[97.9751,26.8656],[97.9627,26.8823]],[[97.9665,27.0403],[97.9586,27.0344],[97.9667,27.0333],[97.9665,27.0403]],[[97.1831,26.1403],[97.1753,26.1344],[97.1833,26.1333],[97.1831,26.1403]],[[97.2112,26.2458],[97.2017,26.2326],[97.1963,26.1711],[97.2167,26.1889],[97.2112,26.2458]],[[97.2395,26.3376],[97.238,26.3782],[97.2034,26.3221],[97.2055,26.3004],[97.2395,26.3376]],[[97.2325,26.4334],[97.2186,26.4409],[97.2174,26.427],[97.2227,26.4256],[97.2325,26.4334]],[[97.2496,26.5002],[97.2312,26.5244],[97.2115,26.5295],[97.2131,26.4858],[97.2496,26.5002]],[[97.3019,26.6766],[97.3331,26.7388],[97.3135,26.7645],[97.2456,26.7777],[97.2216,26.7301],[97.1834,26.7271],[97.2232,26.6504],[97.3083,26.6],[97.3019,26.6766]],[[95.6078,26.7371],[95.6188,26.8201],[95.5746,26.8556],[95.5521,26.8547],[95.4913,26.8097],[95.5023,26.7839],[95.5729,26.7905],[95.5582,26.7301],[95.568,26.7074],[95.6078,26.7371]],[[94.7205,26.7834],[94.7025,26.7738],[94.7021,26.7607],[94.7322,26.7712],[94.7205,26.7834]],[[95.8667,26.6667],[95.9232,26.621],[95.9398,26.6594],[95.9137,26.6753],[95.8667,26.6667]],[[95.8833,26.6333],[95.8594,26.6286],[95.8712,26.6177],[95.8833,26.6333]],[[95.4265,26.5802],[95.4777,26.645],[95.4476,26.6397],[95.4068,26.5845],[95.4265,26.5802]],[[95.1998,26.5996],[95.1431,26.5833],[95.0704,26.5054],[94.9955,26.5327],[94.9785,26.5256],[95.064,26.4548],[95.0732,26.395],[95.0482,26.3527],[94.9724,26.3078],[94.9583,26.275],[94.905,26.2798],[94.8518,26.2165],[94.8513,26.2016],[94.8822,26.1966],[94.9168,26.1464],[94.9421,26.1839],[94.9179,26.2216],[94.9276,26.2474],[95.0668,26.2912],[95.1422,26.3737],[95.1575,26.4678],[95.2596,26.5059],[95.2548,26.5362],[95.1998,26.5996]],[[95.8417,26.5583],[95.8217,26.485],[95.8443,26.4689],[95.8588,26.4801],[95.8601,26.5335],[95.8833,26.5574],[95.8417,26.5583]],[[95.4331,26.5403],[95.4253,26.5344],[95.4333,26.5333],[95.4331,26.5403]],[[95.35,26.3583],[95.3653,26.3507],[95.3659,26.3572],[95.35,26.3583]],[[95.3163,26.3427],[95.3083,26.35],[95.3095,26.3419],[95.3163,26.3427]],[[95.3185,26.2628],[95.3314,26.2415],[95.3581,26.2591],[95.3423,26.2824],[95.3185,26.2628]],[[95.0885,26.181],[95.0863,26.1069],[95.0482,26.097],[95.0025,26.041],[95.0077,25.9499],[94.9899,25.8867],[94.931,25.8263],[94.9208,25.7897],[94.996,25.8255],[94.9851,25.7929],[94.9431,25.7527],[94.9652,25.6954],[94.9238,25.6814],[94.8994,25.6385],[94.9438,25.6023],[94.9642,25.6186],[94.9629,25.6574],[94.9966,25.6898],[95.0617,25.6629],[95.0615,25.6059],[95.1487,25.6592],[95.1543,25.6762],[95.1076,25.7171],[95.2018,25.7491],[95.195,25.7906],[95.2461,25.7981],[95.3346,25.879],[95.3339,25.9338],[95.2343,25.8772],[95.1358,25.8477],[95.0921,25.8101],[95.0716,25.8152],[95.0571,25.8453],[95.0685,25.8797],[95.1187,25.9067],[95.1433,25.9465],[95.1837,25.9474],[95.2063,26.0275],[95.2366,26.0421],[95.2887,26.0392],[95.3039,26.0584],[95.2212,26.1538],[95.1968,26.2279],[95.1035,26.2054],[95.0885,26.181]],[[94.7488,25.564],[94.7945,25.6834],[94.7473,25.6359],[94.7119,25.5476],[94.7488,25.564]],[[94.3463,25.5427],[94.3633,25.5561],[94.335,25.5551],[94.3463,25.5427]],[[94.7082,25.5737],[94.7003,25.5678],[94.7083,25.5667],[94.7082,25.5737]],[[94.4334,25.656],[94.4248,25.6583],[94.4294,25.6499],[94.4334,25.656]],[[94.4248,25.682],[94.417,25.6761],[94.425,25.675],[94.4248,25.682]],[[94.5415,25.7237],[94.5336,25.7178],[94.5417,25.7167],[94.5415,25.7237]],[[94.651,25.7597],[94.6472,25.7882],[94.6144,25.7284],[94.6239,25.7303],[94.651,25.7597]],[[94.5331,25.7403],[94.5253,25.7344],[94.5333,25.7333],[94.5331,25.7403]],[[94.527,25.7521],[94.5415,25.7673],[94.538,25.7823],[94.527,25.7521]],[[94.5927,25.7906],[94.6394,25.8485],[94.6512,25.8983],[94.6114,25.8463],[94.5675,25.8251],[94.5762,25.7895],[94.5927,25.7906]],[[94.5498,25.7987],[94.542,25.7928],[94.55,25.7917],[94.5498,25.7987]],[[94.4667,25.8],[94.4594,25.808],[94.4586,25.8011],[94.4667,25.8]],[[94.4623,25.8564],[94.4442,25.8451],[94.475,25.825],[94.4735,25.8465],[94.4623,25.8564]],[[94.6669,25.8347],[94.6747,25.8406],[94.6667,25.8417],[94.6669,25.8347]],[[94.617,25.8073],[94.625,25.8],[94.6239,25.8081],[94.617,25.8073]],[[94.8835,25.7597],[94.8914,25.7656],[94.8833,25.7667],[94.8835,25.7597]],[[94.476,25.9009],[94.4822,25.9158],[94.476,25.9158],[94.476,25.9009]],[[94.7669,25.9097],[94.7747,25.9156],[94.7667,25.9167],[94.7669,25.9097]],[[94.5681,25.9183],[94.5827,25.9298],[94.5808,25.9408],[94.5681,25.9183]],[[94.6502,25.9347],[94.6581,25.9406],[94.65,25.9417],[94.6502,25.9347]],[[94.7333,25.9333],[94.7471,25.9365],[94.7554,25.9639],[94.7384,25.9499],[94.7333,25.9333]],[[94.7163,25.951],[94.7083,25.9583],[94.7095,25.9503],[94.7163,25.951]],[[94.5915,25.957],[94.5836,25.9511],[94.5917,25.95],[94.5915,25.957]],[[94.7,25.9667],[94.7022,25.9912],[94.746,26.0265],[94.7473,26.0437],[94.7135,26.0386],[94.6876,26.0132],[94.6781,25.9753],[94.7,25.9667]],[[94.6113,25.9769],[94.6209,25.9978],[94.6011,26.0046],[94.6113,25.9769]],[[94.6565,26.0467],[94.6349,26.0545],[94.6433,26.019],[94.6564,26.0287],[94.6565,26.0467]],[[94.011,26.0445],[94.0315,26.0617],[94.0397,26.0718],[94.0178,26.0636],[94.011,26.0445]],[[94.6749,26.0585],[94.7095,26.08],[94.7556,26.1881],[94.7545,26.2239],[94.7165,26.1707],[94.6741,26.1599],[94.6583,26.0667],[94.6749,26.0585]],[[94.8339,26.1164],[94.8536,26.0942],[94.8712,26.1016],[94.8566,26.1464],[94.8339,26.1164]],[[94.8,25.9917],[94.8077,25.984],[94.8078,25.991],[94.8,25.9917]],[[94.7913,25.976],[94.7833,25.9833],[94.7845,25.9753],[94.7913,25.976]],[[94.7747,25.9677],[94.7667,25.975],[94.7678,25.9669],[94.7747,25.9677]],[[94.8415,26.3653],[94.8336,26.3594],[94.8417,26.3583],[94.8415,26.3653]],[[94.9085,25.4514],[94.9164,25.4572],[94.9083,25.4583],[94.9085,25.4514]],[[94.9002,25.3097],[94.9081,25.3156],[94.9,25.3167],[94.9002,25.3097]],[[94.8752,25.268],[94.8831,25.2739],[94.875,25.275],[94.8752,25.268]],[[94.8203,25.2512],[94.8491,25.2558],[94.8167,25.2583],[94.8203,25.2512]],[[94.9919,25.1764],[94.9997,25.1822],[94.9917,25.1833],[94.9919,25.1764]],[[94.8919,25.0847],[94.8997,25.0906],[94.8917,25.0917],[94.8919,25.0847]],[[97.0428,25.7947],[97.0481,25.6504],[97.0603,25.6387],[97.0682,25.6668],[97.1338,25.7335],[97.0807,25.7325],[97.0825,25.849],[97.0428,25.7947]],[[97.0045,25.7322],[96.9931,25.7194],[97.0099,25.7089],[97.0167,25.7177],[97.0045,25.7322]],[[97.1022,25.4914],[97.1224,25.5009],[97.1232,25.5141],[97.1,25.5167],[97.1022,25.4914]],[[97.0322,25.4382],[96.9675,25.3935],[96.9663,25.3767],[97.003,25.3745],[97.0322,25.4382]],[[96.5884,25.4244],[96.5757,25.3909],[96.5997,25.3692],[96.6131,25.3982],[96.5884,25.4244]],[[96.0498,25.382],[96.042,25.3761],[96.05,25.375],[96.0498,25.382]],[[96.3608,25.0019],[96.38,25.0439],[96.3879,25.1542],[96.4215,25.2331],[96.4024,25.2681],[96.335,25.3165],[96.3167,25.3083],[96.329,25.2295],[96.2641,25.0596],[96.3608,25.0019]],[[96.7511,25.1519],[96.7657,25.1627],[96.7707,25.1899],[96.7436,25.1701],[96.7511,25.1519]],[[96.4549,24.9998],[96.4703,24.9776],[96.4975,24.9952],[96.4784,25.0084],[96.4549,24.9998]],[[97.0754,24.6573],[97.0833,24.65],[97.0822,24.6581],[97.0754,24.6573]],[[97.0085,24.6264],[97.0164,24.6322],[97.0083,24.6333],[97.0085,24.6264]],[[96.7835,24.4841],[96.7905,24.5033],[96.7667,24.5333],[96.7683,24.4952],[96.7835,24.4841]],[[97.1085,24.6847],[97.1164,24.6906],[97.1083,24.6917],[97.1085,24.6847]],[[97.1635,24.6207],[97.1432,24.5864],[97.1451,24.5777],[97.1635,24.6207]],[[97.225,24.6083],[97.2408,24.6011],[97.2409,24.6072],[97.225,24.6083]],[[97.1,24.7333],[97.0923,24.741],[97.0922,24.734],[97.1,24.7333]],[[97.1837,24.749],[97.1917,24.7417],[97.1906,24.7497],[97.1837,24.749]],[[97.1865,24.7627],[97.207,24.7801],[97.205,24.8056],[97.1865,24.7627]],[[97.9754,25.8752],[97.9583,25.8667],[97.9604,25.8605],[97.982,25.8601],[97.9754,25.8752]],[[97.758,25.1952],[97.7985,25.2471],[97.7955,25.2691],[97.7749,25.2675],[97.7474,25.2076],[97.758,25.1952]],[[97.5637,25.0552],[97.5615,24.9499],[97.5645,24.9412],[97.5871,24.9958],[97.5801,25.0417],[97.5637,25.0552]],[[97.9,25.0],[97.9064,24.9686],[97.9033,24.9995],[97.9,25.0]],[[97.6,24.9768],[97.5916,24.9653],[97.5961,24.9585],[97.6,24.9768]],[[97.5581,24.9737],[97.5503,24.9678],[97.5583,24.9667],[97.5581,24.9737]],[[97.7747,24.8075],[97.7525,24.7471],[97.7674,24.709],[97.828,24.7599],[97.9081,24.869],[97.7701,24.9218],[97.7718,24.8776],[97.7381,24.858],[97.7234,24.868],[97.6731,24.8132],[97.7747,24.8075]],[[97.925,24.8833],[97.9319,24.8594],[97.9301,24.8828],[97.925,24.8833]],[[97.8564,24.5081],[97.9067,24.5277],[97.9126,24.5453],[97.8564,24.5081]],[[97.7406,24.6834],[97.7304,24.6997],[97.718,24.6784],[97.7286,24.6755],[97.7406,24.6834]],[[97.8167,24.7167],[97.8094,24.7247],[97.8086,24.7178],[97.8167,24.7167]],[[96.5833,22.9417],[96.5675,22.9489],[96.5674,22.9428],[96.5833,22.9417]],[[96.4674,22.9672],[96.4745,22.9743],[96.4667,22.975],[96.4674,22.9672]],[[96.1081,22.9737],[96.1003,22.9678],[96.1083,22.9667],[96.1081,22.9737]],[[97.1161,22.9743],[97.1091,22.9672],[97.116,22.9673],[97.1161,22.9743]],[[96.658,22.9677],[96.65,22.975],[96.6511,22.9669],[96.658,22.9677]],[[97.1667,23.025],[97.1605,23.0409],[97.1506,23.0271],[97.1667,23.025]],[[97.1752,23.0347],[97.1831,23.0406],[97.175,23.0417],[97.1752,23.0347]],[[96.7167,23.125],[96.7094,23.133],[96.7086,23.1261],[96.7167,23.125]],[[97.2498,23.257],[97.242,23.2511],[97.25,23.25],[97.2498,23.257]],[[97.0728,23.2999],[97.0794,23.3084],[97.0666,23.3046],[97.0728,23.2999]],[[97.092,23.3157],[97.1,23.3083],[97.0989,23.3164],[97.092,23.3157]],[[97.257,23.3139],[97.2262,23.3033],[97.2372,23.3008],[97.257,23.3139]],[[97.0645,23.4346],[97.0736,23.4489],[97.0595,23.4347],[97.0645,23.4346]],[[97.0887,23.4513],[97.0903,23.4698],[97.0888,23.4737],[97.0763,23.462],[97.0887,23.4513]],[[97.0165,23.5903],[97.0086,23.5844],[97.0167,23.5833],[97.0165,23.5903]],[[97.65,23.6417],[97.7164,23.6951],[97.7131,23.7097],[97.6661,23.7023],[97.65,23.6417]],[[97.3415,24.0153],[97.3336,24.0094],[97.3417,24.0083],[97.3415,24.0153]],[[97.326,24.0259],[97.3322,24.0408],[97.326,24.0408],[97.326,24.0259]],[[97.35,24.0833],[97.3427,24.0913],[97.342,24.0844],[97.35,24.0833]],[[97.5984,24.2088],[97.5741,24.2441],[97.5614,24.2427],[97.5547,24.2118],[97.5984,24.2088]],[[97.6167,24.2667],[97.6009,24.2739],[97.6008,24.2678],[97.6167,24.2667]],[[97.45,24.3583],[97.4427,24.3663],[97.442,24.3594],[97.45,24.3583]],[[97.4611,24.3603],[97.481,24.3765],[97.4814,24.3815],[97.4684,24.3734],[97.4611,24.3603]],[[97.8665,24.3987],[97.8586,24.3928],[97.8667,24.3917],[97.8665,24.3987]],[[97.658,24.2344],[97.65,24.2417],[97.6511,24.2336],[97.658,24.2344]],[[97.618,24.2096],[97.6229,24.2238],[97.6178,24.2236],[97.618,24.2096]],[[97.7415,24.7237],[97.7336,24.7178],[97.7417,24.7167],[97.7415,24.7237]],[[97.733,24.7927],[97.725,24.8],[97.7261,24.7919],[97.733,24.7927]],[[96.1686,22.4796],[96.1722,22.5401],[96.1571,22.5591],[96.1546,22.5027],[96.1686,22.4796]],[[96.2085,22.3597],[96.2164,22.3656],[96.2083,22.3667],[96.2085,22.3597]],[[96.7581,22.0687],[96.738,22.0115],[96.7428,21.9934],[96.7695,22.0087],[96.7581,22.0687]],[[96.7587,21.9823],[96.7667,21.975],[96.7656,21.9831],[96.7587,21.9823]],[[96.7427,21.9557],[96.7667,21.95],[96.7651,21.9652],[96.7427,21.9557]],[[96.7734,21.9305],[96.7607,21.9183],[96.7722,21.9098],[96.7734,21.9305]],[[96.7368,21.9007],[96.7484,21.9152],[96.726,21.9024],[96.7368,21.9007]],[[96.6573,21.8708],[96.7019,21.8643],[96.7117,21.8944],[96.6573,21.8708]],[[96.4419,21.718],[96.4497,21.7239],[96.4417,21.725],[96.4419,21.718]],[[97.4004,21.699],[97.4083,21.6917],[97.4072,21.6997],[97.4004,21.699]],[[97.4083,21.6417],[97.4004,21.649],[97.4005,21.6424],[97.4083,21.6417]],[[96.4498,21.6403],[96.442,21.6344],[96.45,21.6333],[96.4498,21.6403]],[[97.4076,21.6328],[97.4005,21.6257],[97.4083,21.625],[97.4076,21.6328]],[[97.4105,21.6074],[97.3966,21.5504],[97.4256,21.4779],[97.4083,21.5333],[97.4105,21.6074]],[[96.6194,21.1235],[96.5873,21.0856],[96.6099,21.048],[96.6194,21.1235]],[[97.4497,21.051],[97.4417,21.0583],[97.4428,21.0503],[97.4497,21.051]],[[96.3796,21.0372],[96.3648,21.0701],[96.3603,21.0707],[96.3533,21.054],[96.3796,21.0372]],[[96.3583,21.0917],[96.3504,21.099],[96.3505,21.0924],[96.3583,21.0917]],[[96.5754,21.1073],[96.5833,21.1],[96.5822,21.1081],[96.5754,21.1073]],[[96.5832,21.157],[96.5753,21.1511],[96.5833,21.15],[96.5832,21.157]],[[96.3754,20.999],[96.3833,20.9917],[96.3822,20.9997],[96.3754,20.999]],[[96.4246,20.9647],[96.4169,20.9523],[96.425,20.95],[96.4246,20.9647]],[[96.4167,20.975],[96.409,20.9827],[96.4089,20.9757],[96.4167,20.975]],[[96.4254,20.9407],[96.4333,20.9333],[96.4322,20.9414],[96.4254,20.9407]],[[96.4337,20.924],[96.4417,20.9167],[96.4406,20.9247],[96.4337,20.924]],[[97.3387,20.732],[97.292,20.6125],[97.3251,20.5838],[97.3578,20.7328],[97.3387,20.732]],[[96.2331,20.707],[96.2253,20.7011],[96.2333,20.7],[96.2331,20.707]],[[97.0086,20.5456],[97.0163,20.5632],[97.0112,20.5664],[97.0086,20.5456]],[[97.3888,20.4036],[97.4144,20.4381],[97.4024,20.457],[97.3751,20.443],[97.3888,20.4036]],[[97.737,19.9738],[97.7515,19.9523],[97.7569,19.9523],[97.7564,19.9643],[97.737,19.9738]],[[97.9915,19.9403],[97.9836,19.9344],[97.9917,19.9333],[97.9915,19.9403]],[[97.7492,19.9261],[97.7333,19.9333],[97.7343,19.9261],[97.7492,19.9261]],[[97.9016,19.9422],[97.9159,19.9489],[97.9,19.95],[97.9016,19.9422]],[[97.8832,19.9487],[97.8753,19.9428],[97.8833,19.9417],[97.8832,19.9487]],[[97.9281,19.9563],[97.9547,19.942],[97.9729,19.9449],[97.9281,19.9563]],[[97.7612,19.9784],[97.7702,19.9982],[97.7371,20.0044],[97.7612,19.9784]],[[97.8334,19.8889],[97.8414,19.9044],[97.8333,19.9083],[97.8334,19.8889]],[[97.7504,19.874],[97.7583,19.8667],[97.7572,19.8747],[97.7504,19.874]],[[97.8335,19.868],[97.8414,19.8739],[97.8333,19.875],[97.8335,19.868]],[[97.7451,19.842],[97.7583,19.85],[97.7563,19.8571],[97.7429,19.857],[97.7451,19.842]],[[97.8254,19.8573],[97.8333,19.85],[97.8322,19.8581],[97.8254,19.8573]],[[97.7958,19.8478],[97.7684,19.8448],[97.8057,19.8361],[97.7958,19.8478]],[[97.8167,19.8417],[97.8244,19.834],[97.8245,19.841],[97.8167,19.8417]],[[97.741,19.8161],[97.7339,19.809],[97.7417,19.8083],[97.741,19.8161]],[[96.4165,19.8153],[96.4086,19.8094],[96.4167,19.8083],[96.4165,19.8153]],[[97.7386,19.7889],[97.7275,19.7619],[97.7198,19.7442],[97.7394,19.7693],[97.7386,19.7889]],[[97.7333,19.7417],[97.7407,19.7337],[97.7414,19.7406],[97.7333,19.7417]],[[97.6928,19.7264],[97.7071,19.7356],[97.707,19.7406],[97.6928,19.7264]],[[97.6837,19.7157],[97.6917,19.7083],[97.6906,19.7164],[97.6837,19.7157]],[[97.667,19.699],[97.675,19.6917],[97.6739,19.6997],[97.667,19.699]],[[97.6568,19.6901],[97.6419,19.672],[97.6547,19.667],[97.6568,19.6901]],[[97.6333,19.6667],[97.6256,19.6744],[97.6255,19.6674],[97.6333,19.6667]],[[97.6167,19.675],[97.6094,19.683],[97.6086,19.6761],[97.6167,19.675]],[[97.8989,19.6486],[97.8846,19.6394],[97.8847,19.6344],[97.8989,19.6486]],[[97.6468,19.6443],[97.6167,19.625],[97.6098,19.6397],[97.5951,19.6176],[97.6212,19.584],[97.6361,19.5916],[97.6468,19.6443]],[[97.6498,19.6],[97.6584,19.5976],[97.6544,19.6084],[97.6498,19.6]],[[97.6667,19.55],[97.6267,19.5598],[97.6296,19.5284],[97.6667,19.55]],[[97.6837,19.5573],[97.6917,19.55],[97.6906,19.5581],[97.6837,19.5573]],[[96.3913,19.551],[96.3833,19.5583],[96.3845,19.5503],[96.3913,19.551]],[[97.6083,19.5167],[97.5856,19.4663],[97.587,19.4243],[97.6073,19.4964],[97.6083,19.5167]],[[97.6181,19.4809],[97.6322,19.4691],[97.6398,19.481],[97.6181,19.4809]],[[97.617,19.4573],[97.625,19.45],[97.6239,19.4581],[97.617,19.4573]],[[97.421,19.4666],[97.4017,19.3811],[97.4027,19.3511],[97.4238,19.4213],[97.421,19.4666]],[[97.5248,19.4083],[97.5334,19.406],[97.5294,19.4168],[97.5248,19.4083]],[[97.5712,19.4056],[97.5448,19.3941],[97.5724,19.3859],[97.5712,19.4056]],[[97.9506,19.391],[97.9583,19.3833],[97.9576,19.3911],[97.9506,19.391]],[[97.5303,19.3851],[97.5103,19.3595],[97.5322,19.3278],[97.5208,19.3553],[97.5303,19.3851]],[[97.9651,19.368],[97.9325,19.3281],[97.9386,19.3138],[97.9688,19.3248],[97.9651,19.368]],[[97.9837,19.3657],[97.9917,19.3583],[97.9906,19.3664],[97.9837,19.3657]],[[97.4165,19.3237],[97.4086,19.3178],[97.4167,19.3167],[97.4165,19.3237]],[[97.9247,19.3427],[97.9167,19.35],[97.9178,19.3419],[97.9247,19.3427]],[[97.5278,19.3086],[97.528,19.2624],[97.5484,19.2244],[97.559,19.2499],[97.5278,19.3086]],[[97.941,19.2483],[97.9228,19.2083],[97.959,19.2694],[97.9531,19.2999],[97.9396,19.2862],[97.941,19.2483]],[[97.9738,19.2083],[97.9733,19.2236],[97.951,19.2225],[97.9524,19.218],[97.9738,19.2083]],[[97.733,19.201],[97.725,19.2083],[97.7261,19.2003],[97.733,19.201]],[[97.791,19.1995],[97.7839,19.1924],[97.7917,19.1917],[97.791,19.1995]],[[97.8095,19.1991],[97.8157,19.1842],[97.8157,19.1991],[97.8095,19.1991]],[[97.9835,19.193],[97.9914,19.1989],[97.9833,19.2],[97.9835,19.193]],[[97.7748,19.182],[97.767,19.1761],[97.775,19.175],[97.7748,19.182]],[[97.6668,19.1545],[97.6442,19.1878],[97.646,19.1694],[97.6668,19.1545]],[[97.6927,19.158],[97.7,19.15],[97.6993,19.1578],[97.6927,19.158]],[[97.7252,19.1514],[97.7331,19.1572],[97.725,19.1583],[97.7252,19.1514]],[[97.5997,19.1427],[97.5917,19.15],[97.5928,19.1419],[97.5997,19.1427]],[[97.6087,19.1573],[97.6167,19.15],[97.6156,19.1581],[97.6087,19.1573]],[[97.5832,19.1487],[97.5753,19.1428],[97.5833,19.1417],[97.5832,19.1487]],[[97.6076,19.1328],[97.6005,19.1257],[97.6083,19.125],[97.6076,19.1328]],[[97.5832,19.132],[97.5753,19.1261],[97.5833,19.125],[97.5832,19.132]],[[97.761,19.0846],[97.7803,19.0727],[97.7601,19.0897],[97.761,19.0846]],[[97.5094,19.0069],[97.5333,19.0],[97.5328,19.0051],[97.5094,19.0069]],[[97.3067,18.7515],[97.2952,18.766],[97.2842,18.7641],[97.3067,18.7515]],[[96.8083,18.8167],[96.8006,18.8244],[96.8005,18.8174],[96.8083,18.8167]],[[96.7917,18.8333],[96.7844,18.8413],[96.7836,18.8344],[96.7917,18.8333]],[[97.0382,18.8337],[97.0406,18.8486],[97.025,18.85],[97.0262,18.844],[97.0382,18.8337]],[[96.7711,18.8442],[96.7628,18.8639],[96.7441,18.8724],[96.7711,18.8442]],[[96.7472,18.9348],[96.7615,18.965],[96.7287,18.9462],[96.7472,18.9348]],[[96.8667,18.95],[96.874,18.942],[96.8747,18.9489],[96.8667,18.95]],[[96.8658,18.9677],[96.85,18.975],[96.851,18.9677],[96.8658,18.9677]],[[96.7917,18.9667],[96.7759,18.9739],[96.7758,18.9678],[96.7917,18.9667]],[[96.8118,18.9794],[96.8291,18.9891],[96.8117,19.0136],[96.8118,18.9794]],[[97.2615,19.0626],[97.2551,19.0363],[97.2773,19.0215],[97.2615,19.0626]],[[97.2126,19.0821],[97.2003,19.0749],[97.1928,19.0785],[97.2113,19.0671],[97.2126,19.0821]],[[97.1814,19.082],[97.172,19.0911],[97.1673,19.0896],[97.1687,19.0758],[97.1814,19.082]],[[97.1498,19.107],[97.142,19.1011],[97.15,19.1],[97.1498,19.107]],[[97.4122,19.2102],[97.4241,19.2285],[97.4224,19.2403],[97.4096,19.2306],[97.4122,19.2102]],[[97.8017,19.2236],[97.814,19.2087],[97.8241,19.2109],[97.8017,19.2236]],[[97.8425,19.2239],[97.8583,19.2167],[97.8574,19.2239],[97.8425,19.2239]],[[97.8669,19.218],[97.8747,19.2239],[97.8667,19.225],[97.8669,19.218]],[[97.5415,19.207],[97.5336,19.2011],[97.5417,19.2],[97.5415,19.207]],[[97.7318,19.1904],[97.7356,19.1763],[97.7406,19.1764],[97.7318,19.1904]],[[97.9141,19.2271],[97.895,19.2386],[97.8861,19.2279],[97.9141,19.2271]],[[97.933,19.2427],[97.925,19.25],[97.9261,19.2419],[97.933,19.2427]],[[97.4248,19.2903],[97.417,19.2844],[97.425,19.2833],[97.4248,19.2903]],[[97.3215,18.7092],[97.3143,18.7229],[97.3014,18.7233],[97.3016,18.7185],[97.3215,18.7092]],[[97.3393,18.7208],[97.3296,18.6949],[97.3458,18.6777],[97.3393,18.7208]],[[97.3583,18.6917],[97.3504,18.699],[97.3505,18.6924],[97.3583,18.6917]],[[96.7881,18.6739],[96.7592,18.6692],[96.7917,18.6667],[96.7881,18.6739]],[[97.3715,18.6011],[97.3562,18.655],[97.3616,18.6091],[97.3441,18.5599],[97.3715,18.6011]],[[97.3166,18.5667],[97.325,18.584],[97.3202,18.5911],[97.3166,18.5667]],[[97.3498,18.6237],[97.342,18.6178],[97.35,18.6167],[97.3498,18.6237]],[[97.3543,18.54],[97.3695,18.5184],[97.3814,18.5195],[97.3543,18.54]],[[96.8752,18.5097],[96.8831,18.5156],[96.875,18.5167],[96.8752,18.5097]],[[97.3833,18.5083],[97.3907,18.5004],[97.3914,18.5072],[97.3833,18.5083]],[[97.3922,18.4701],[97.4076,18.4804],[97.3917,18.4917],[97.3922,18.4701]],[[97.4019,18.4379],[97.4493,18.3716],[97.4489,18.3375],[97.4689,18.2821],[97.5053,18.2653],[97.4591,18.3324],[97.4522,18.3886],[97.4294,18.4311],[97.4089,18.4513],[97.4019,18.4379]],[[97.4669,18.368],[97.4747,18.3739],[97.4667,18.375],[97.4669,18.368]],[[97.6833,18.3583],[97.6837,18.3097],[97.688,18.2954],[97.7003,18.3382],[97.6833,18.3583]],[[97.7169,18.3347],[97.7247,18.3406],[97.7167,18.3417],[97.7169,18.3347]],[[97.6364,18.2973],[97.6016,18.2371],[97.6668,18.1453],[97.6774,18.0755],[97.7105,18.0289],[97.7284,17.948],[97.7683,17.9247],[97.7645,17.979],[97.7096,18.0664],[97.6915,18.1351],[97.624,18.2297],[97.6342,18.257],[97.6738,18.279],[97.6364,18.2973]],[[97.6919,18.268],[97.6997,18.2739],[97.6917,18.275],[97.6919,18.268]],[[97.6987,18.1826],[97.692,18.1628],[97.6998,18.1509],[97.7139,18.1716],[97.6987,18.1826]],[[97.925,18.1833],[97.9327,18.1756],[97.9328,18.1826],[97.925,18.1833]],[[97.7497,18.1677],[97.7417,18.175],[97.7428,18.1669],[97.7497,18.1677]],[[97.9309,18.1579],[97.9115,18.0186],[97.9524,17.9152],[97.933,17.99],[97.9309,18.1579]],[[97.9444,17.8534],[97.9044,17.854],[97.903,17.8249],[97.9444,17.8534]],[[97.9855,17.8252],[97.9789,17.8166],[97.9918,17.8204],[97.9855,17.8252]],[[97.8,17.8167],[97.7923,17.8244],[97.7922,17.8174],[97.8,17.8167]],[[97.975,17.8583],[97.9592,17.8656],[97.9591,17.8595],[97.975,17.8583]],[[97.9631,17.8762],[97.9528,17.8988],[97.9431,17.8973],[97.9631,17.8762]],[[97.7831,17.9987],[97.7753,17.9928],[97.7833,17.9917],[97.7831,17.9987]],[[97.7331,18.082],[97.7253,18.0761],[97.7333,18.075],[97.7331,18.082]],[[97.7404,18.1022],[97.7263,18.0985],[97.7267,18.0926],[97.7404,18.1022]],[[97.6831,18.182],[97.6753,18.1761],[97.6833,18.175],[97.6831,18.182]],[[97.5922,17.9585],[97.6032,17.9215],[97.6209,17.9118],[97.6205,17.9155],[97.5922,17.9585]],[[97.4915,17.9237],[97.4836,17.9178],[97.4917,17.9167],[97.4915,17.9237]],[[97.5832,17.982],[97.5753,17.9761],[97.5833,17.975],[97.5832,17.982]],[[97.575,17.9982],[97.5666,18.0097],[97.5701,17.9919],[97.575,17.9982]],[[97.5581,18.032],[97.5503,18.0261],[97.5583,18.025],[97.5581,18.032]],[[97.5387,18.2597],[97.5403,18.2782],[97.5388,18.282],[97.5263,18.2704],[97.5387,18.2597]],[[97.55,18.2917],[97.5427,18.3075],[97.5428,18.2926],[97.55,18.2917]],[[97.6587,18.3157],[97.6667,18.3083],[97.6656,18.3164],[97.6587,18.3157]],[[97.6163,18.301],[97.6083,18.3083],[97.6095,18.3003],[97.6163,18.301]],[[97.5565,18.3439],[97.5552,18.3276],[97.6178,18.3226],[97.6039,18.3352],[97.5565,18.3439]],[[96.8835,18.268],[96.8914,18.2739],[96.8833,18.275],[96.8835,18.268]],[[97.25,17.9917],[97.2573,17.9837],[97.2581,17.9906],[97.25,17.9917]],[[97.0835,17.843],[97.0914,17.8489],[97.0833,17.85],[97.0835,17.843]],[[97.9072,17.8081],[97.9014,17.8002],[97.9083,17.8],[97.9072,17.8081]],[[97.8154,17.803],[97.8165,17.7902],[97.8043,17.7694],[97.8298,17.7787],[97.8154,17.803]],[[97.8623,17.7767],[97.8812,17.7854],[97.8899,17.7965],[97.8677,17.7884],[97.8623,17.7767]],[[97.792,17.7157],[97.8,17.7083],[97.7989,17.7164],[97.792,17.7157]],[[97.8333,17.7167],[97.8413,17.7094],[97.8411,17.716],[97.8333,17.7167]],[[97.8242,17.7011],[97.8083,17.7083],[97.8093,17.7011],[97.8242,17.7011]],[[97.8085,17.6847],[97.8164,17.6906],[97.8083,17.6917],[97.8085,17.6847]],[[97.6165,27.5417],[97.6088,27.5211],[97.625,27.5167],[97.6319,27.5309],[97.6165,27.5417]],[[96.1238,28.3154],[96.1173,28.2941],[96.1223,28.292],[96.1238,28.3154]],[[95.9331,28.307],[95.9253,28.3011],[95.9333,28.3],[95.9331,28.307]],[[95.7409,28.4638],[95.725,28.4667],[95.7176,28.4724],[95.7279,28.4592],[95.7409,28.4638]],[[95.7621,28.4833],[95.7534,28.4627],[95.7893,28.4718],[95.7621,28.4833]],[[95.707,28.4761],[95.6978,28.4904],[95.6928,28.4903],[95.707,28.4761]],[[95.875,28.4917],[95.8827,28.484],[95.8828,28.491],[95.875,28.4917]],[[95.8081,28.5737],[95.8003,28.5678],[95.8083,28.5667],[95.8081,28.5737]],[[95.8165,28.9237],[95.8086,28.9178],[95.8167,28.9167],[95.8165,28.9237]],[[95.0581,29.0237],[95.0503,29.0178],[95.0583,29.0167],[95.0581,29.0237]],[[97.0333,18.7667],[97.0669,18.7622],[97.0778,18.7815],[97.0453,18.8223],[97.0212,18.8083],[97.0313,18.7717],[97.0333,18.7667]],[[97.4739,19.0578],[97.4653,19.0068],[97.4793,18.9749],[97.4607,18.8632],[97.4277,18.8314],[97.3816,18.8356],[97.3425,18.894],[97.33,18.9516],[97.3512,18.9767],[97.3617,19.1586],[97.3872,19.2176],[97.3201,19.2127],[97.3281,18.9867],[97.299,18.9939],[97.3108,18.8779],[97.2852,18.8313],[97.3316,18.7443],[97.3377,18.7902],[97.3611,18.7875],[97.3949,18.8193],[97.4053,18.809],[97.3865,18.7598],[97.4315,18.7365],[97.4614,18.74],[97.4397,18.8167],[97.4583,18.8333],[97.4695,18.8551],[97.4939,18.9897],[97.5551,19.1385],[97.5426,19.1793],[97.4739,19.0578]],[[96.4062,21.475],[96.4038,21.4752],[96.402,21.475],[96.3891,21.4705],[96.3624,21.4714],[96.3529,21.4605],[96.3876,21.4348],[96.4133,21.4563],[96.4598,21.4236],[96.4245,21.4649],[96.4152,21.472],[96.4109,21.4738],[96.4062,21.475]],[[96.8333,23.3333],[96.9318,23.3938],[97.0132,23.4059],[97.0408,23.4244],[96.9214,23.4075],[96.7655,23.3063],[96.7891,23.308],[96.8309,23.3333],[96.8333,23.3333]]],[[[98.0,24.842],[97.9949,24.8527],[98.0,24.8744],[98.0,24.842]]],[[[95.9842,19.8635],[95.9772,19.8588],[95.975,19.8667],[95.9842,19.8635]]],[[[96.0478,19.9088],[96.0408,19.9135],[96.05,19.9167],[96.0478,19.9088]]],[[[96.0247,19.9114],[96.0173,19.9159],[96.0262,19.9125],[96.0247,19.9114]]],[[[96.1372,19.8273],[96.1297,19.8187],[96.1242,19.8203],[96.1372,19.8273]]],[[[96.158,20.0157],[96.15,20.0083],[96.1511,20.0164],[96.158,20.0157]]],[[[96.1661,20.0195],[96.1606,20.0248],[96.1621,20.0258],[96.1661,20.0195]]],[[[95.5917,20.1333],[95.6004,20.1291],[95.5945,20.1243],[95.5917,20.1333]]],[[[95.5978,20.1662],[95.5908,20.1615],[95.5965,20.1675],[95.5978,20.1662]]],[[[95.5917,20.1333],[95.5829,20.1376],[95.5888,20.1424],[95.5917,20.1333]]],[[[95.6166,20.106],[95.6083,20.1039],[95.6125,20.1173],[95.6166,20.106]]],[[[95.6327,20.119],[95.6242,20.1197],[95.6305,20.1268],[95.6327,20.119]]],[[[95.5411,19.569],[95.5325,19.5697],[95.5388,19.5768],[95.5411,19.569]]],[[[96.0494,19.569],[96.0409,19.5697],[96.0472,19.5768],[96.0494,19.569]]],[[[95.4978,19.7079],[95.4908,19.7032],[95.4965,19.7092],[95.4978,19.7079]]],[[[95.8994,19.6856],[95.8909,19.6864],[95.8972,19.6935],[95.8994,19.6856]]],[[[95.9414,19.7614],[95.9339,19.7659],[95.9429,19.7625],[95.9414,19.7614]]],[[[95.9283,19.7263],[95.9161,19.7295],[95.9357,19.7292],[95.9283,19.7263]]],[[[95.9092,19.7052],[95.9022,19.7005],[95.9,19.7083],[95.9092,19.7052]]],[[[97.6159,19.6244],[97.6114,19.6169],[97.6083,19.625],[97.6159,19.6244]]],[[[95.8913,19.6415],[95.879,19.6262],[95.8667,19.6418],[95.8759,19.65],[95.8913,19.6415]]],[[[95.9,19.6417],[95.9088,19.6374],[95.9029,19.6327],[95.9,19.6417]]],[[[95.9,19.6417],[95.8924,19.6435],[95.8958,19.6512],[95.9,19.6417]]],[[[95.5577,20.2106],[95.5492,20.2114],[95.5555,20.2185],[95.5577,20.2106]]],[[[96.1331,20.1864],[96.1256,20.1909],[96.1346,20.1875],[96.1331,20.1864]]],[[[96.1331,20.2031],[96.1256,20.2076],[96.1346,20.2042],[96.1331,20.2031]]],[[[95.0713,20.2503],[95.1056,20.2238],[95.1033,20.1756],[95.0327,20.2536],[95.0713,20.2503]]],[[[96.1335,20.2362],[96.1318,20.2362],[96.1332,20.2379],[96.1335,20.2362]]],[[[95.1866,20.2763],[95.1744,20.2795],[95.194,20.2792],[95.1866,20.2763]]],[[[95.0117,20.3205],[94.9929,20.3333],[94.9875,20.3857],[95.0069,20.353],[95.0117,20.3205]]],[[[95.0327,20.369],[95.0242,20.3697],[95.0305,20.3768],[95.0327,20.369]]],[[[96.2333,20.325],[96.2299,20.3159],[96.2242,20.3218],[96.2333,20.325]]],[[[95.1578,20.3242],[95.1503,20.3198],[95.1488,20.3209],[95.1578,20.3242]]],[[[96.2333,20.325],[96.2368,20.3342],[96.2425,20.3282],[96.2333,20.325]]],[[[95.1638,20.3507],[95.1593,20.3437],[95.1575,20.3452],[95.1638,20.3507]]],[[[96.142,20.3535],[96.1417,20.355],[96.144,20.3542],[96.142,20.3535]]],[[[96.2328,20.3742],[96.2253,20.3698],[96.2238,20.3709],[96.2328,20.3742]]],[[[96.1333,20.3959],[96.1326,20.3992],[96.1333,20.4],[96.1333,20.3959]]],[[[95.4228,20.4004],[95.4158,20.4052],[95.425,20.4083],[95.4228,20.4004]]],[[[95.0411,20.4106],[95.0325,20.4114],[95.0388,20.4185],[95.0411,20.4106]]],[[[95.05,20.4],[95.0535,20.4092],[95.0592,20.4032],[95.05,20.4]]],[[[96.1352,20.4104],[96.1304,20.415],[96.1444,20.4125],[96.1352,20.4104]]],[[[96.2077,20.4106],[96.1992,20.4114],[96.2055,20.4185],[96.2077,20.4106]]],[[[95.0827,20.4106],[95.0742,20.4114],[95.0805,20.4185],[95.0827,20.4106]]],[[[96.2328,20.3909],[96.2253,20.3864],[96.2238,20.3875],[96.2328,20.3909]]],[[[95.0421,20.3985],[95.0486,20.3877],[95.0458,20.3827],[95.0421,20.3985]]],[[[95.0577,20.4606],[95.0492,20.4614],[95.0555,20.4685],[95.0577,20.4606]]],[[[96.0911,20.5106],[96.0825,20.5114],[96.0888,20.5185],[96.0911,20.5106]]],[[[96.0952,20.4862],[96.0933,20.4928],[96.0939,20.4948],[96.0952,20.4862]]],[[[96.2145,20.5412],[96.2075,20.5365],[96.2132,20.5425],[96.2145,20.5412]]],[[[95.9138,20.7174],[95.9093,20.7103],[95.9075,20.7118],[95.9138,20.7174]]],[[[96.2062,20.7088],[96.1992,20.7135],[96.2083,20.7167],[96.2062,20.7088]]],[[[96.2167,20.7167],[96.2087,20.724],[96.2156,20.7247],[96.2167,20.7167]]],[[[96.2333,20.6167],[96.2212,20.6097],[96.2162,20.6128],[96.2333,20.6167]]],[[[96.0462,20.6114],[96.0416,20.6524],[96.0494,20.6647],[96.0582,20.6297],[96.0462,20.6114]]],[[[95.6066,19.0639],[95.5785,19.0633],[95.5875,19.094],[95.6061,19.0799],[95.6066,19.0639]]],[[[95.6083,19.1583],[95.6004,19.1657],[95.6072,19.1664],[95.6083,19.1583]]],[[[95.5941,19.1749],[95.5874,19.159],[95.5756,19.1709],[95.5941,19.1749]]],[[[95.6145,19.3588],[95.6075,19.3635],[95.6167,19.3667],[95.6145,19.3588]]],[[[95.4917,19.4654],[95.4812,19.4727],[95.4875,19.491],[95.4917,19.4654]]],[[[95.5062,19.4921],[95.4992,19.4968],[95.5083,19.5],[95.5062,19.4921]]],[[[96.0083,19.4917],[96.0006,19.4917],[96.0041,19.5008],[96.0083,19.4917]]],[[[95.9494,19.469],[95.9409,19.4697],[95.9472,19.4768],[95.9494,19.469]]],[[[96.0077,19.469],[95.9992,19.4697],[96.0055,19.4768],[96.0077,19.469]]],[[[96.1994,19.4684],[96.1767,19.5049],[96.1888,19.5316],[96.2064,19.4838],[96.1994,19.4684]]],[[[94.9219,20.9758],[94.9171,20.9688],[94.9159,20.9702],[94.9219,20.9758]]],[[[95.8167,21.0083],[95.8091,21.0102],[95.8125,21.0179],[95.8167,21.0083]]],[[[96.2147,20.9676],[96.2077,20.9721],[96.2167,20.975],[96.2147,20.9676]]],[[[94.9577,21.1106],[94.9492,21.1114],[94.9555,21.1185],[94.9577,21.1106]]],[[[95.5043,21.1583],[95.4956,21.1417],[95.492,21.1554],[95.5043,21.1583]]],[[[95.325,21.1333],[95.3342,21.1298],[95.3282,21.1242],[95.325,21.1333]]],[[[95.325,21.1333],[95.317,21.1407],[95.3239,21.1414],[95.325,21.1333]]],[[[95.8174,21.0305],[95.8103,21.026],[95.8083,21.0333],[95.8174,21.0305]]],[[[95.8583,21.0167],[95.8506,21.0167],[95.8541,21.0258],[95.8583,21.0167]]],[[[95.4333,21.1041],[95.4168,21.1041],[95.4207,21.1167],[95.4333,21.1041]]],[[[95.4333,21.35],[95.4256,21.35],[95.4291,21.3591],[95.4333,21.35]]],[[[95.7494,21.3023],[95.7409,21.3031],[95.7472,21.3102],[95.7494,21.3023]]],[[[95.7661,21.3023],[95.7575,21.3031],[95.7638,21.3102],[95.7661,21.3023]]],[[[95.45,21.325],[95.4409,21.3285],[95.4469,21.3342],[95.45,21.325]]],[[[95.4994,21.2273],[95.4909,21.2281],[95.4972,21.2352],[95.4994,21.2273]]],[[[95.5167,21.2167],[95.5074,21.2074],[95.5005,21.2134],[95.5167,21.2167]]],[[[96.173,21.2093],[96.166,21.2138],[96.175,21.2167],[96.173,21.2093]]],[[[95.7744,21.219],[95.7659,21.2197],[95.7722,21.2268],[95.7744,21.219]]],[[[95.4504,21.3251],[95.4733,21.3057],[95.4716,21.293],[95.4602,21.2948],[95.4512,21.3135],[95.45,21.3221],[95.45,21.325],[95.4504,21.3251]]],[[[95.5411,21.2606],[95.5325,21.2614],[95.5388,21.2685],[95.5411,21.2606]]],[[[95.5385,21.3008],[95.5338,21.2938],[95.5325,21.2952],[95.5385,21.3008]]],[[[95.7327,21.2856],[95.7242,21.2864],[95.7305,21.2935],[95.7327,21.2856]]],[[[96.2709,21.2768],[96.2514,21.2868],[96.2529,21.306],[96.2729,21.2983],[96.2709,21.2768]]],[[[96.3083,21.3],[96.3006,21.3],[96.3041,21.3091],[96.3083,21.3]]],[[[95.5661,21.4242],[95.5586,21.4198],[95.5571,21.4209],[95.5661,21.4242]]],[[[95.5861,21.4],[95.568,21.4111],[95.5775,21.4236],[95.5905,21.4132],[95.5861,21.4]]],[[[95.575,21.425],[95.5674,21.4268],[95.5708,21.4346],[95.575,21.425]]],[[[96.3052,21.4675],[96.3005,21.4605],[96.2992,21.4618],[96.3052,21.4675]]],[[[95.7779,21.5011],[95.7589,21.5053],[95.7834,21.5042],[95.7779,21.5011]]],[[[95.8244,21.5023],[95.8159,21.5031],[95.8222,21.5102],[95.8244,21.5023]]],[[[95.4911,21.6356],[95.4825,21.6364],[95.4888,21.6435],[95.4911,21.6356]]],[[[96.1411,21.6773],[96.1325,21.6781],[96.1388,21.6852],[96.1411,21.6773]]],[[[96.1744,21.6773],[96.1659,21.6781],[96.1722,21.6852],[96.1744,21.6773]]],[[[95.5083,21.625],[95.5175,21.6215],[95.5115,21.6158],[95.5083,21.625]]],[[[95.5083,21.625],[95.4992,21.6285],[95.5052,21.6342],[95.5083,21.625]]],[[[96.2417,21.5833],[96.2374,21.5746],[96.2327,21.5805],[96.2417,21.5833]]],[[[95.6302,21.6258],[95.6255,21.6188],[95.6242,21.6202],[95.6302,21.6258]]],[[[96.2417,21.5833],[96.2459,21.5921],[96.2507,21.5862],[96.2417,21.5833]]],[[[96.273,21.601],[96.266,21.6055],[96.275,21.6083],[96.273,21.601]]],[[[95.6494,21.6273],[95.6409,21.6281],[95.6472,21.6352],[95.6494,21.6273]]],[[[95.7244,21.3523],[95.7159,21.3531],[95.7222,21.3602],[95.7244,21.3523]]],[[[95.5662,21.3105],[95.5615,21.3175],[95.5675,21.3118],[95.5662,21.3105]]],[[[95.5238,21.3315],[95.5156,21.3242],[95.5085,21.3297],[95.5238,21.3315]]],[[[95.5469,21.3082],[95.534,21.3136],[95.5376,21.3399],[95.548,21.3296],[95.5469,21.3082]]],[[[95.65,21.7],[95.6543,21.7087],[95.659,21.7029],[95.65,21.7]]],[[[95.7579,21.7272],[95.7532,21.7342],[95.7592,21.7285],[95.7579,21.7272]]],[[[96.2001,21.7147],[96.187,21.6929],[96.1532,21.6955],[96.1884,21.7146],[96.2001,21.7147]]],[[[96.2661,21.7023],[96.2575,21.7031],[96.2638,21.7102],[96.2661,21.7023]]],[[[95.75,21.7167],[95.7592,21.7132],[95.7532,21.7075],[95.75,21.7167]]],[[[95.75,21.7167],[95.7416,21.7218],[95.7499,21.7236],[95.75,21.7167]]],[[[96.2001,21.7238],[96.2041,21.7379],[96.2325,21.7353],[96.2275,21.718],[96.2001,21.7238]]],[[[96.2667,21.8583],[96.259,21.8583],[96.2624,21.8674],[96.2667,21.8583]]],[[[98.0,14.5941],[97.9993,14.5954],[98.0,14.5964],[98.0,14.5941]]],[[[97.9812,14.8671],[97.9742,14.8718],[97.9833,14.875],[97.9812,14.8671]]],[[[97.8583,15.0167],[97.858,15.0168],[97.8581,15.0175],[97.8583,15.0167]]],[[[97.925,15.106],[97.9167,15.1039],[97.9208,15.1173],[97.925,15.106]]],[[[97.9395,15.2329],[97.9325,15.2282],[97.9382,15.2342],[97.9395,15.2329]]],[[[98.0,15.225],[97.9965,15.2159],[97.9908,15.2218],[98.0,15.225]]],[[[97.9998,15.23],[97.9926,15.2473],[97.9957,15.2566],[98.0,15.2534],[97.9998,15.23]]],[[[97.9217,15.0823],[97.8821,14.9955],[97.9014,14.9398],[97.892,14.9012],[97.8608,14.9724],[97.8717,15.0832],[97.8807,15.0974],[97.9217,15.0823]]],[[[97.9661,15.319],[97.9575,15.3197],[97.9638,15.3268],[97.9661,15.319]]],[[[97.9333,15.3833],[97.9256,15.3833],[97.9291,15.3924],[97.9333,15.3833]]],[[[97.97,15.3929],[97.9578,15.3962],[97.9774,15.3958],[97.97,15.3929]]],[[[97.9333,15.4101],[97.9269,15.4138],[97.9333,15.4167],[97.9333,15.4101]]],[[[97.9577,15.5606],[97.9566,15.559],[97.9574,15.5612],[97.9577,15.5606]]],[[[97.9866,15.4179],[97.9744,15.4212],[97.994,15.4208],[97.9866,15.4179]]],[[[97.9661,15.419],[97.9575,15.4197],[97.9638,15.4268],[97.9661,15.419]]],[[[98.0,15.6524],[97.9992,15.6535],[98.0,15.6547],[98.0,15.6524]]],[[[97.9417,15.2917],[97.931,15.2928],[97.9255,15.2958],[97.9375,15.3077],[97.9417,15.2917]]],[[[97.9411,17.1856],[97.9325,17.1864],[97.9388,17.1935],[97.9411,17.1856]]],[[[97.9911,17.1273],[97.9825,17.1281],[97.9888,17.1352],[97.9911,17.1273]]],[[[97.9244,17.2023],[97.9159,17.2031],[97.9222,17.2102],[97.9244,17.2023]]],[[[97.8915,17.2394],[97.8839,17.2322],[97.8833,17.2417],[97.8915,17.2394]]],[[[97.8583,17.275],[97.8506,17.275],[97.8541,17.2841],[97.8583,17.275]]],[[[97.9083,17.2583],[97.9171,17.2541],[97.9112,17.2493],[97.9083,17.2583]]],[[[97.9083,17.2583],[97.9004,17.2657],[97.9072,17.2664],[97.9083,17.2583]]],[[[97.7392,17.3314],[97.7367,17.3327],[97.7375,17.3357],[97.7392,17.3314]]],[[[97.82,17.3513],[97.8078,17.3545],[97.8274,17.3542],[97.82,17.3513]]],[[[97.8478,17.4255],[97.8408,17.4302],[97.85,17.4333],[97.8478,17.4255]]],[[[97.75,17.375],[97.7423,17.375],[97.7458,17.3841],[97.75,17.375]]],[[[97.8583,17.3708],[97.8418,17.3707],[97.8457,17.3833],[97.8583,17.3708]]],[[[97.7661,17.3856],[97.7575,17.3864],[97.7638,17.3935],[97.7661,17.3856]]],[[[97.7577,17.4023],[97.7492,17.4031],[97.7555,17.4102],[97.7577,17.4023]]],[[[97.8416,17.4041],[97.8254,17.414],[97.8388,17.4164],[97.8416,17.4041]]],[[[97.3994,17.6024],[97.3929,17.6052],[97.3972,17.6102],[97.3994,17.6024]]],[[[97.8833,17.6083],[97.8754,17.6157],[97.8822,17.6164],[97.8833,17.6083]]],[[[97.8659,17.6244],[97.8614,17.6169],[97.8583,17.625],[97.8659,17.6244]]],[[[97.4312,17.6171],[97.4242,17.6218],[97.4333,17.625],[97.4312,17.6171]]],[[[97.8999,17.5958],[97.8838,17.6057],[97.897,17.608],[97.8999,17.5958]]],[[[97.8171,17.4359],[97.8328,17.4479],[97.8314,17.4341],[97.8171,17.4359]]],[[[97.6888,17.509],[97.6843,17.502],[97.6825,17.5035],[97.6888,17.509]]],[[[97.7508,17.5198],[97.7439,17.5246],[97.7452,17.5258],[97.7508,17.5198]]],[[[97.9413,17.5407],[97.9333,17.5333],[97.9345,17.5414],[97.9413,17.5407]]],[[[97.9675,17.5198],[97.9605,17.5246],[97.9618,17.5258],[97.9675,17.5198]]],[[[97.8167,17.45],[97.8079,17.4543],[97.8138,17.459],[97.8167,17.45]]],[[[97.7457,17.4301],[97.7288,17.417],[97.7053,17.4338],[97.6983,17.4913],[97.7457,17.4301]]],[[[97.8245,17.4738],[97.8169,17.4811],[97.825,17.4833],[97.8245,17.4738]]],[[[97.8994,17.4773],[97.8909,17.4781],[97.8972,17.4852],[97.8994,17.4773]]],[[[97.325,17.85],[97.3285,17.8592],[97.3342,17.8532],[97.325,17.85]]],[[[96.9583,17.95],[96.9549,17.9409],[96.9492,17.9468],[96.9583,17.95]]],[[[96.9833,17.9083],[96.9756,17.9083],[96.9791,17.9174],[96.9833,17.9083]]],[[[97.6678,17.8672],[97.6606,17.8748],[97.6757,17.8709],[97.6678,17.8672]]],[[[97.3333,17.9167],[97.3256,17.9167],[97.3291,17.9258],[97.3333,17.9167]]],[[[97.7667,17.9333],[97.7587,17.9407],[97.7656,17.9414],[97.7667,17.9333]]],[[[96.45,17.9917],[96.4592,17.9882],[96.4532,17.9834],[96.45,17.9917]]],[[[96.45,17.9917],[96.4413,17.9959],[96.4471,18.0007],[96.45,17.9917]]],[[[96.9328,18.0053],[96.9196,17.9849],[96.9202,18.008],[96.9328,18.0053]]],[[[96.9583,17.95],[96.9618,17.9592],[96.9675,17.9532],[96.9583,17.95]]],[[[97.3,17.975],[97.3088,17.9708],[97.3029,17.966],[97.3,17.975]]],[[[96.9666,17.9708],[96.9504,17.9806],[96.9638,17.9831],[96.9666,17.9708]]],[[[97.3,17.975],[97.2924,17.9768],[97.2958,17.9846],[97.3,17.975]]],[[[97.0583,17.9667],[97.0297,17.955],[97.0359,18.011],[97.0471,17.9989],[97.0583,17.9667]]],[[[97.4645,18.0246],[97.4575,18.0198],[97.4632,18.0258],[97.4645,18.0246]]],[[[96.9998,17.9852],[96.9687,18.01],[96.9985,18.0418],[97.0089,18.0097],[96.9998,17.9852]]],[[[97.3917,18.0083],[97.384,18.0083],[97.3874,18.0174],[97.3917,18.0083]]],[[[97.4588,17.6192],[97.4744,17.6312],[97.473,17.6174],[97.4588,17.6192]]],[[[97.0583,17.825],[97.0506,17.825],[97.0541,17.8341],[97.0583,17.825]]],[[[97.3244,17.8023],[97.3159,17.8031],[97.3222,17.8102],[97.3244,17.8023]]],[[[97.3333,17.7333],[97.3256,17.7333],[97.3291,17.7424],[97.3333,17.7333]]],[[[97.675,17.7893],[97.6667,17.7872],[97.6708,17.8007],[97.675,17.7893]]],[[[97.6657,17.8103],[97.6612,17.8174],[97.6675,17.8118],[97.6657,17.8103]]],[[[97.6833,17.775],[97.6909,17.7732],[97.6875,17.7654],[97.6833,17.775]]],[[[97.5417,17.775],[97.5504,17.7708],[97.5445,17.766],[97.5417,17.775]]],[[[97.775,17.7583],[97.7674,17.7602],[97.7708,17.7679],[97.775,17.7583]]],[[[97.7747,17.749],[97.7667,17.7417],[97.7678,17.7497],[97.7747,17.749]]],[[[97.7667,17.75],[97.7587,17.7573],[97.7656,17.7581],[97.7667,17.75]]],[[[97.5416,17.781],[97.5333,17.7789],[97.5375,17.7923],[97.5416,17.781]]],[[[97.7577,17.769],[97.7492,17.7697],[97.7555,17.7768],[97.7577,17.769]]],[[[97.6833,17.775],[97.6754,17.7823],[97.6822,17.7831],[97.6833,17.775]]],[[[97.7569,17.7498],[97.7909,17.6781],[97.9145,17.5526],[97.8773,17.4919],[97.8708,17.4404],[97.8392,17.4629],[97.8069,17.5367],[97.8007,17.4713],[97.7747,17.4362],[97.7581,17.5538],[97.7172,17.6258],[97.7178,17.6554],[97.7464,17.6514],[97.7041,17.7199],[97.6823,17.8305],[97.7569,17.7498]],[[97.8335,17.593],[97.8414,17.5989],[97.8333,17.6],[97.8335,17.593]],[[97.8529,17.5903],[97.8682,17.5691],[97.8732,17.5686],[97.8529,17.5903]],[[97.8886,17.5628],[97.8848,17.538],[97.8959,17.5347],[97.8886,17.5628]]],[[[97.5221,17.834],[97.5176,17.827],[97.5159,17.8285],[97.5221,17.834]]],[[[97.3251,17.8462],[97.3231,17.8354],[97.3116,17.8183],[97.3093,17.8385],[97.3251,17.8462]]],[[[97.5083,17.8333],[97.5006,17.8333],[97.5041,17.8424],[97.5083,17.8333]]],[[[97.4573,17.6326],[97.4006,17.6413],[97.3816,17.6282],[97.3462,17.6596],[97.3514,17.8664],[97.4115,18.0355],[97.388,17.8251],[97.4573,17.6326]]],[[[97.9,17.2667],[97.8786,17.2484],[97.88,17.3026],[97.895,17.3182],[97.9,17.2667]]],[[[97.925,17.2917],[97.9173,17.2917],[97.9208,17.3008],[97.925,17.2917]]],[[[96.3487,18.0633],[96.3365,18.0721],[96.3351,18.0746],[96.35,18.075],[96.3487,18.0633]]],[[[96.1583,18.2083],[96.1568,18.2077],[96.1561,18.2083],[96.1583,18.2083]]],[[[96.194,18.1875],[96.1865,18.1869],[96.181,18.1913],[96.194,18.1875]]],[[[96.175,18.2],[96.1705,18.1981],[96.1686,18.1998],[96.175,18.2]]],[[[97.6911,18.0856],[97.6825,18.0864],[97.6888,18.0935],[97.6911,18.0856]]],[[[96.9228,18.1662],[96.9158,18.1615],[96.9215,18.1675],[96.9228,18.1662]]],[[[96.9333,18.15],[96.9421,18.1458],[96.9362,18.141],[96.9333,18.15]]],[[[96.9333,18.15],[96.9254,18.1573],[96.9322,18.1581],[96.9333,18.15]]],[[[96.4327,18.119],[96.4242,18.1197],[96.4305,18.1268],[96.4327,18.119]]],[[[96.4494,18.1273],[96.4409,18.1281],[96.4472,18.1352],[96.4494,18.1273]]],[[[96.903,18.1104],[96.8867,18.1377],[96.8875,18.1607],[96.9209,18.1227],[96.903,18.1104]]],[[[96.1,18.9],[96.1035,18.9092],[96.1092,18.9032],[96.1,18.9]]],[[[96.1083,18.925],[96.1171,18.9208],[96.1112,18.916],[96.1083,18.925]]],[[[96.1083,18.925],[96.1004,18.9323],[96.1072,18.9331],[96.1083,18.925]]],[[[96.6729,18.9218],[96.6455,18.9189],[96.6425,18.9279],[96.6667,18.9333],[96.6729,18.9218]]],[[[96.2167,18.9333],[96.209,18.9333],[96.2124,18.9424],[96.2167,18.9333]]],[[[96.1994,18.9356],[96.1909,18.9364],[96.1972,18.9435],[96.1994,18.9356]]],[[[95.625,19.0083],[95.6173,19.0083],[95.6208,19.0174],[95.625,19.0083]]],[[[95.6765,19.0005],[95.6873,19.0069],[95.6923,19.0041],[95.6765,19.0005]]],[[[95.675,19.0083],[95.667,19.0157],[95.6739,19.0164],[95.675,19.0083]]],[[[95.6831,19.0198],[95.6756,19.0242],[95.6846,19.0209],[95.6831,19.0198]]],[[[95.725,18.9583],[95.7173,18.9583],[95.7208,18.9674],[95.725,18.9583]]],[[[95.7494,18.944],[95.7409,18.9447],[95.7472,18.9518],[95.7494,18.944]]],[[[96.175,18.9583],[96.1838,18.9541],[96.1779,18.9493],[96.175,18.9583]]],[[[96.1577,18.9523],[96.1492,18.9531],[96.1555,18.9602],[96.1577,18.9523]]],[[[96.2333,18.9667],[96.2256,18.9667],[96.2291,18.9758],[96.2333,18.9667]]],[[[96.175,18.9643],[96.1667,18.9622],[96.1708,18.9757],[96.175,18.9643]]],[[[96.2083,19.0083],[96.2171,19.0041],[96.2112,18.9993],[96.2083,19.0083]]],[[[96.1333,19.05],[96.1299,19.0409],[96.1242,19.0468],[96.1333,19.05]]],[[[96.2083,19.0083],[96.1996,19.0126],[96.2055,19.0174],[96.2083,19.0083]]],[[[96.1911,19.019],[96.1825,19.0197],[96.1888,19.0268],[96.1911,19.019]]],[[[95.7827,18.7856],[95.7742,18.7864],[95.7805,18.7935],[95.7827,18.7856]]],[[[95.7478,18.8746],[95.7408,18.8698],[95.7465,18.8758],[95.7478,18.8746]]],[[[96.1161,18.8856],[96.1075,18.8864],[96.1138,18.8935],[96.1161,18.8856]]],[[[96.1407,18.8437],[96.1362,18.8507],[96.1425,18.8452],[96.1407,18.8437]]],[[[96.2661,18.7856],[96.2575,18.7864],[96.2638,18.7935],[96.2661,18.7856]]],[[[96.2416,18.8711],[96.2251,18.8624],[96.2279,18.8746],[96.2416,18.8711]]],[[[96.2417,18.85],[96.2504,18.8458],[96.2446,18.841],[96.2417,18.85]]],[[[96.6077,18.8356],[96.5992,18.8364],[96.6055,18.8435],[96.6077,18.8356]]],[[[96.2417,18.85],[96.2337,18.8573],[96.2406,18.8581],[96.2417,18.85]]],[[[96.1,18.9],[96.0965,18.8909],[96.0908,18.8968],[96.1,18.9]]],[[[96.1758,18.3385],[96.1689,18.3338],[96.1667,18.3417],[96.1758,18.3385]]],[[[96.2577,18.3523],[96.2492,18.3531],[96.2555,18.3602],[96.2577,18.3523]]],[[[96.225,18.3893],[96.2167,18.3872],[96.2208,18.4007],[96.225,18.3893]]],[[[96.3327,18.4023],[96.3242,18.4031],[96.3305,18.4102],[96.3327,18.4023]]],[[[96.2084,18.4041],[96.1918,18.4061],[96.1958,18.4167],[96.2084,18.4041]]],[[[96.3038,18.4097],[96.2917,18.4167],[96.3089,18.4128],[96.3038,18.4097]]],[[[96.1917,18.4372],[96.1832,18.4439],[96.188,18.4501],[96.1917,18.4372]]],[[[95.8156,18.5285],[95.8135,18.5332],[95.8138,18.5352],[95.8156,18.5285]]],[[[95.8417,18.5333],[95.834,18.5333],[95.8374,18.5424],[95.8417,18.5333]]],[[[96.2311,18.6748],[96.2239,18.6672],[96.216,18.6709],[96.2311,18.6748]]],[[[96.2244,18.6875],[96.2008,18.6944],[96.2034,18.6996],[96.2244,18.6875]]],[[[96.6244,18.6773],[96.6159,18.6781],[96.6222,18.6852],[96.6244,18.6773]]],[[[96.2583,18.7083],[96.2435,18.7008],[96.2447,18.7158],[96.2583,18.7083]]],[[[96.2244,18.594],[96.2159,18.5947],[96.2222,18.6018],[96.2244,18.594]]],[[[96.2327,18.569],[96.2242,18.5697],[96.2305,18.5768],[96.2327,18.569]]],[[[96.1925,18.6552],[96.1855,18.6504],[96.1833,18.6583],[96.1925,18.6552]]],[[[96.1833,18.625],[96.1909,18.6232],[96.1875,18.6154],[96.1833,18.625]]],[[[96.2494,18.619],[96.2409,18.6197],[96.2472,18.6268],[96.2494,18.619]]],[[[96.1833,18.631],[96.175,18.6289],[96.1792,18.6423],[96.1833,18.631]]],[[[96.2,18.6289],[96.1917,18.631],[96.1959,18.6423],[96.2,18.6289]]],[[[95.8577,18.5023],[95.8492,18.5031],[95.8555,18.5102],[95.8577,18.5023]]],[[[96.2327,18.5023],[96.2242,18.5031],[96.2305,18.5102],[96.2327,18.5023]]],[[[96.3083,18.5333],[96.3049,18.5242],[96.2992,18.5302],[96.3083,18.5333]]],[[[96.7744,18.5356],[96.7659,18.5364],[96.7722,18.5435],[96.7744,18.5356]]],[[[96.3083,18.5333],[96.286,18.5575],[96.2757,18.6116],[96.2579,18.6039],[96.2397,18.6489],[96.2486,18.6838],[96.284,18.6999],[96.269,18.7684],[96.2802,18.7817],[96.334,18.7266],[96.3701,18.5214],[96.3397,18.5134],[96.3257,18.5194],[96.3083,18.5333]],[[96.3023,18.5844],[96.3149,18.607],[96.3009,18.5971],[96.3023,18.5844]],[[96.2915,18.7487],[96.2836,18.7428],[96.2917,18.7417],[96.2915,18.7487]]],[[[96.2583,18.7083],[96.2618,18.7175],[96.2675,18.7115],[96.2583,18.7083]]],[[[96.2327,18.7106],[96.2242,18.7114],[96.2305,18.7185],[96.2327,18.7106]]],[[[96.2065,18.7105],[96.1925,18.7216],[96.2159,18.7216],[96.2065,18.7105]]],[[[96.6161,18.719],[96.6075,18.7197],[96.6138,18.7268],[96.6161,18.719]]],[[[96.2327,18.7773],[96.2242,18.7781],[96.2305,18.7852],[96.2327,18.7773]]],[[[96.6085,18.7335],[96.592,18.7479],[96.6042,18.769],[96.6167,18.751],[96.6085,18.7335]]],[[[96.6478,18.7671],[96.6408,18.7718],[96.65,18.775],[96.6478,18.7671]]],[[[96.1661,18.2273],[96.1575,18.2281],[96.1638,18.2352],[96.1661,18.2273]]],[[[96.1833,18.2417],[96.1756,18.2417],[96.1791,18.2508],[96.1833,18.2417]]],[[[96.8494,18.244],[96.8409,18.2447],[96.8472,18.2518],[96.8494,18.244]]],[[[96.3793,18.4781],[96.3822,18.4172],[96.4198,18.2305],[96.3579,18.2756],[96.364,18.3013],[96.3175,18.3513],[96.3465,18.4047],[96.3351,18.4552],[96.2908,18.4796],[96.2858,18.4291],[96.2515,18.4823],[96.2788,18.5194],[96.3793,18.4781]]],[[[96.3583,18.0583],[96.356,18.0572],[96.355,18.0582],[96.3583,18.0583]]],[[[96.4167,18.0582],[96.3982,18.0306],[96.3693,18.0524],[96.4042,18.069],[96.4167,18.0582]]],[[[96.4411,18.0523],[96.4325,18.0531],[96.4388,18.0602],[96.4411,18.0523]]],[[[97.425,18.055],[97.4168,18.0647],[97.4209,18.0751],[97.425,18.055]]],[[[96.9482,18.0378],[96.9286,18.0346],[96.9102,18.0465],[96.9333,18.05],[96.9482,18.0378]]],[[[96.3661,18.069],[96.3575,18.0697],[96.3638,18.0768],[96.3661,18.069]]],[[[97.0161,18.069],[97.0075,18.0697],[97.0138,18.0768],[97.0161,18.069]]],[[[96.1249,19.0814],[96.1167,19.0717],[96.1208,19.0917],[96.1249,19.0814]]],[[[96.133,19.0506],[96.1416,19.0703],[96.1862,19.0689],[96.1963,19.0538],[96.1806,19.0386],[96.133,19.0506]]],[[[96.1659,19.0828],[96.1614,19.0753],[96.1583,19.0833],[96.1659,19.0828]]],[[[95.6728,19.2171],[95.6658,19.2218],[95.675,19.225],[95.6728,19.2171]]],[[[96.0827,19.219],[96.0742,19.2197],[96.0805,19.2268],[96.0827,19.219]]],[[[96.0744,19.1773],[96.0659,19.1781],[96.0722,19.1852],[96.0744,19.1773]]],[[[96.0508,19.2718],[96.0439,19.2671],[96.0417,19.275],[96.0508,19.2718]]],[[[96.4411,19.2738],[96.4336,19.2811],[96.4417,19.2833],[96.4411,19.2738]]],[[[95.6833,19.1667],[95.6712,19.1597],[95.6662,19.1628],[95.6833,19.1667]]],[[[95.6162,19.1585],[95.6308,19.157],[95.6401,19.1449],[95.6089,19.1551],[95.6083,19.1583],[95.6162,19.1585]]],[[[96.1751,19.0888],[96.1404,19.1026],[96.1674,19.1379],[96.1869,19.1078],[96.1751,19.0888]]],[[[96.1494,19.1273],[96.1409,19.1281],[96.1472,19.1352],[96.1494,19.1273]]],[[[95.6411,19.1273],[95.6325,19.1281],[95.6388,19.1352],[95.6411,19.1273]]],[[[96.1833,19.1624],[96.1668,19.1624],[96.1707,19.175],[96.1833,19.1624]]],[[[95.625,19.3667],[95.6338,19.3624],[95.6279,19.3576],[95.625,19.3667]]],[[[95.625,19.3667],[95.617,19.374],[95.6239,19.3747],[95.625,19.3667]]],[[[96.0577,19.4106],[96.0492,19.4114],[96.0555,19.4185],[96.0577,19.4106]]],[[[96.1994,19.419],[96.1909,19.4197],[96.1972,19.4268],[96.1994,19.419]]],[[[96.0166,19.3708],[96.0004,19.3806],[96.0138,19.3831],[96.0166,19.3708]]],[[[95.9917,19.375],[95.9834,19.3799],[95.9874,19.3919],[95.9917,19.375]]],[[[96.4145,19.3838],[96.4075,19.3885],[96.4167,19.3917],[96.4145,19.3838]]],[[[96.1427,19.3417],[96.0966,19.4242],[96.1292,19.469],[96.1552,19.3776],[96.1427,19.3417]]],[[[95.9574,19.452],[95.9529,19.459],[95.9592,19.4535],[95.9574,19.452]]],[[[96.0327,19.4273],[96.0242,19.4281],[96.0305,19.4352],[96.0327,19.4273]]],[[[96.0661,19.4356],[96.0575,19.4364],[96.0638,19.4435],[96.0661,19.4356]]],[[[96.0417,19.45],[96.0504,19.4457],[96.0445,19.441],[96.0417,19.45]]],[[[96.1661,19.444],[96.1575,19.4447],[96.1638,19.4518],[96.1661,19.444]]],[[[96.2,19.45],[96.1923,19.45],[96.1958,19.4591],[96.2,19.45]]],[[[96.0077,19.4523],[95.9992,19.4531],[96.0055,19.4602],[96.0077,19.4523]]],[[[96.0412,19.4501],[96.0284,19.4439],[96.0198,19.4726],[96.0312,19.4654],[96.0412,19.4501]]],[[[96.0833,19.45],[96.068,19.4627],[96.0791,19.4739],[96.0833,19.45]]],[[[96.1,19.4583],[96.0916,19.4754],[96.0958,19.4907],[96.1,19.4583]]],[[[96.1417,19.3167],[96.134,19.3167],[96.1374,19.3258],[96.1417,19.3167]]],[[[96.42,19.3346],[96.4078,19.3378],[96.4274,19.3375],[96.42,19.3346]]],[[[97.9659,19.3328],[97.9614,19.3253],[97.9583,19.3333],[97.9659,19.3328]]],[[[95.8694,20.7797],[95.8754,20.7791],[95.8696,20.7743],[95.8694,20.7797]]],[[[95.8676,20.7766],[95.8855,20.7476],[95.9079,20.7506],[95.9024,20.7097],[95.9425,20.6339],[95.9729,20.6152],[95.9832,20.5776],[96.0854,20.4825],[96.1273,20.2522],[96.1165,20.1775],[96.0675,20.1641],[96.1025,20.1086],[96.1141,20.1342],[96.123,20.1219],[96.1691,19.8664],[96.1404,19.8426],[96.0756,19.8633],[96.052,19.8914],[96.0588,19.9293],[96.0398,19.9847],[96.0031,20.0069],[96.0097,19.9025],[95.9973,19.8795],[95.984,19.8944],[95.9516,19.8723],[95.9924,19.8376],[95.9918,19.7791],[95.9642,19.7525],[95.9517,19.8236],[95.9374,19.8276],[95.92,19.7441],[95.8935,19.7179],[95.8568,19.7182],[95.8583,19.7083],[95.8719,19.6929],[95.8529,19.6757],[95.85,19.6667],[95.8561,19.6222],[95.7725,19.6312],[95.8253,19.5949],[95.8992,19.4567],[95.9382,19.445],[95.9283,19.4243],[95.963,19.3877],[95.9675,19.3506],[96.0263,19.3333],[96.0202,19.268],[96.0565,19.2332],[96.0474,19.211],[96.0273,19.2149],[96.0447,19.1887],[96.0286,19.1463],[96.0795,19.1139],[96.1032,19.0748],[96.0807,19.0622],[96.1001,19.0276],[96.0678,18.9909],[96.0944,18.9469],[96.0713,18.9084],[95.9846,18.8935],[96.0007,18.8695],[96.0759,18.8747],[96.1351,18.8267],[96.1294,18.7571],[96.1624,18.7683],[96.1669,18.7319],[96.2028,18.6763],[96.1211,18.6853],[96.1236,18.6631],[96.1708,18.6634],[96.1355,18.5542],[96.1988,18.5458],[96.2352,18.4725],[96.2149,18.4538],[96.1705,18.4686],[96.1677,18.4257],[96.1957,18.3873],[96.2336,18.3703],[96.2268,18.3262],[96.2922,18.2846],[96.3457,18.2293],[96.3324,18.2186],[96.4274,18.1924],[96.4322,18.1593],[96.3762,18.1642],[96.3848,18.1325],[96.3412,18.1563],[96.316,18.1523],[96.2598,18.2529],[96.1851,18.3418],[96.1751,18.3438],[96.17,18.3431],[96.1653,18.3413],[96.1608,18.339],[96.1414,18.3176],[96.1621,18.2658],[96.1592,18.2564],[96.1458,18.2412],[96.1297,18.2363],[95.9125,18.3804],[95.8729,18.512],[95.8817,18.6084],[95.8431,18.637],[95.7917,18.8106],[95.763,18.8597],[95.807,18.8848],[95.8066,18.9008],[95.767,18.8927],[95.7597,18.9719],[95.7301,19.0079],[95.6874,19.0242],[95.6598,19.0255],[95.62,19.0975],[95.6761,19.1277],[95.6666,19.1376],[95.6813,19.1499],[95.7011,19.2077],[95.6617,19.2429],[95.6715,19.274],[95.6328,19.2833],[95.628,19.2974],[95.647,19.3297],[95.7296,19.3609],[95.557,19.3871],[95.541,19.3995],[95.5019,19.4238],[95.5412,19.4756],[95.5234,19.5102],[95.5762,19.5188],[95.5803,19.5417],[95.5517,19.616],[95.4681,19.6564],[95.5113,19.6978],[95.5442,19.6689],[95.5774,19.7045],[95.6393,19.7056],[95.6672,19.7411],[95.7069,19.7543],[95.6846,19.788],[95.6521,19.9528],[95.6442,20.0049],[95.656,20.0231],[95.6248,20.0856],[95.6401,20.133],[95.6136,20.1542],[95.6185,20.1948],[95.5925,20.1955],[95.575,20.2167],[95.5539,20.2332],[95.5291,20.2947],[95.5042,20.2749],[95.5077,20.3184],[95.4598,20.3415],[95.4552,20.3969],[95.4137,20.4437],[95.3682,20.4314],[95.3724,20.3981],[95.3378,20.2678],[95.3139,20.2365],[95.2714,20.232],[95.1991,20.2876],[95.1624,20.2961],[95.1678,20.3493],[95.1593,20.3796],[95.1306,20.3688],[95.1191,20.3731],[95.0998,20.407],[95.1184,20.4235],[95.0842,20.4475],[95.0891,20.4681],[95.0561,20.5078],[95.0911,20.5601],[95.1432,20.5796],[95.1452,20.6154],[95.2202,20.6345],[95.2571,20.6737],[95.2176,20.6575],[95.1885,20.6742],[95.1322,20.6572],[95.0195,20.5717],[94.9335,20.5583],[94.8782,20.6248],[94.8657,20.7113],[94.9209,20.7601],[94.8994,20.8155],[94.9055,20.8661],[94.9605,20.9013],[94.9166,20.9459],[94.9645,21.0083],[94.9686,21.0877],[95.0229,21.1606],[95.1076,21.1687],[95.1191,21.2114],[95.1943,21.2579],[95.298,21.2228],[95.3092,21.1107],[95.3309,21.1111],[95.3548,21.1049],[95.4085,21.0278],[95.4336,21.081],[95.4808,21.0888],[95.5121,21.137],[95.5352,21.122],[95.5273,21.2204],[95.5476,21.241],[95.5534,21.2956],[95.5969,21.3301],[95.6004,21.3984],[95.6374,21.3909],[95.6304,21.454],[95.6482,21.4716],[95.6206,21.4795],[95.5525,21.5565],[95.541,21.5947],[95.6497,21.5773],[95.6429,21.6032],[95.6568,21.6222],[95.6337,21.687],[95.6425,21.7017],[95.6946,21.643],[95.7325,21.636],[95.7609,21.6907],[95.8018,21.6603],[95.8226,21.6216],[95.8152,21.5404],[95.7549,21.5073],[95.7566,21.4601],[95.7935,21.4598],[95.8158,21.4245],[95.7744,21.415],[95.7444,21.4309],[95.7067,21.4145],[95.6911,21.3824],[95.7172,21.3126],[95.6891,21.2314],[95.7132,21.1775],[95.7836,21.1887],[95.8191,21.1638],[95.8155,21.132],[95.7831,21.1065],[95.7691,21.1128],[95.7661,21.1445],[95.7269,21.1309],[95.7469,21.1141],[95.7495,21.079],[95.8046,21.093],[95.8403,21.0766],[95.8394,21.0592],[95.8091,21.0401],[95.7999,20.9987],[95.8355,21.0182],[95.866,20.9763],[95.901,20.8371],[95.8912,20.7904],[95.8667,20.7833],[95.8676,20.7766]],[[95.5837,21.5573],[95.5917,21.55],[95.5906,21.5581],[95.5837,21.5573]],[[95.6585,21.5514],[95.6664,21.5572],[95.6583,21.5583],[95.6585,21.5514]],[[95.7335,21.5264],[95.7414,21.5322],[95.7333,21.5333],[95.7335,21.5264]],[[95.6169,21.4847],[95.6247,21.4906],[95.6167,21.4917],[95.6169,21.4847]],[[95.6169,21.343],[95.6247,21.3489],[95.6167,21.35],[95.6169,21.343]],[[95.5835,21.2764],[95.5914,21.2822],[95.5833,21.2833],[95.5835,21.2764]],[[95.7421,21.166],[95.7186,21.1526],[95.7567,21.1636],[95.7421,21.166]],[[95.4594,21.0644],[95.4788,21.0514],[95.4825,21.0526],[95.4594,21.0644]],[[95.7502,21.0347],[95.7581,21.0406],[95.75,21.0417],[95.7502,21.0347]],[[95.3332,21.107],[95.3253,21.1011],[95.3333,21.1],[95.3332,21.107]],[[95.2831,21.1403],[95.2753,21.1344],[95.2833,21.1333],[95.2831,21.1403]],[[95.2415,21.2403],[95.2336,21.2344],[95.2417,21.2333],[95.2415,21.2403]],[[95.1917,21.2417],[95.1844,21.2497],[95.1836,21.2428],[95.1917,21.2417]],[[95.7502,21.0014],[95.7581,21.0072],[95.75,21.0083],[95.7502,21.0014]],[[96.0439,20.5071],[96.0347,20.4928],[96.0489,20.507],[96.0439,20.5071]],[[96.0585,20.4764],[96.0664,20.4822],[96.0583,20.4833],[96.0585,20.4764]],[[95.48,20.4543],[95.5009,20.4036],[95.5139,20.397],[95.48,20.4543]],[[95.5333,20.4],[95.5407,20.392],[95.5414,20.3989],[95.5333,20.4]],[[95.4905,20.3968],[95.4803,20.4076],[95.4678,20.406],[95.4776,20.3927],[95.4905,20.3968]],[[95.3585,20.393],[95.3664,20.3989],[95.3583,20.4],[95.3585,20.393]],[[95.1252,20.3764],[95.1331,20.3822],[95.125,20.3833],[95.1252,20.3764]],[[95.5085,20.293],[95.5164,20.2989],[95.5083,20.3],[95.5085,20.293]],[[96.0002,20.1764],[96.0081,20.1822],[96.0,20.1833],[96.0002,20.1764]],[[96.0085,20.1597],[96.0164,20.1656],[96.0083,20.1667],[96.0085,20.1597]],[[96.0252,20.1347],[96.0331,20.1406],[96.025,20.1417],[96.0252,20.1347]],[[95.6529,20.1237],[95.6682,20.1024],[95.6732,20.1019],[95.6529,20.1237]],[[95.667,20.0407],[95.675,20.0333],[95.6739,20.0414],[95.667,20.0407]],[[96.0014,20.0406],[96.0106,20.0263],[96.0156,20.0264],[96.0014,20.0406]],[[95.8833,20.019],[95.8919,20.0167],[95.8873,20.0251],[95.8833,20.019]],[[95.9002,19.993],[95.9081,19.9989],[95.9,20.0],[95.9002,19.993]],[[95.975,19.9583],[95.9823,19.9504],[95.9831,19.9572],[95.975,19.9583]],[[95.9243,19.9526],[95.9216,19.9428],[95.9417,19.9417],[95.9725,19.9075],[95.9771,19.9277],[95.9243,19.9526]],[[95.9183,19.8986],[95.9307,19.8837],[95.9407,19.8858],[95.9183,19.8986]],[[95.9085,19.8264],[95.9164,19.8322],[95.9083,19.8333],[95.9085,19.8264]],[[95.7087,19.8073],[95.7167,19.8],[95.7156,19.8081],[95.7087,19.8073]],[[95.9169,19.8014],[95.9247,19.8072],[95.9167,19.8083],[95.9169,19.8014]],[[95.9013,19.7561],[95.9154,19.7598],[95.9156,19.7653],[95.9013,19.7561]],[[95.7,19.7333],[95.7158,19.7261],[95.7159,19.7322],[95.7,19.7333]],[[95.8002,19.6764],[95.8081,19.6822],[95.8,19.6833],[95.8002,19.6764]],[[95.5919,19.543],[95.5997,19.5489],[95.5917,19.55],[95.5919,19.543]],[[95.9,19.4333],[95.9073,19.4254],[95.9081,19.4322],[95.9,19.4333]],[[95.6248,19.4237],[95.617,19.4178],[95.625,19.4167],[95.6248,19.4237]],[[95.6582,19.4138],[95.6502,19.4038],[95.6562,19.4002],[95.6582,19.4138]],[[95.6118,19.3925],[95.6179,19.4083],[95.6008,19.4051],[95.6118,19.3925]],[[95.5642,19.401],[95.5833,19.425],[95.5787,19.4305],[95.5524,19.4129],[95.5642,19.401]],[[96.0002,19.3097],[96.0081,19.3156],[96.0,19.3167],[96.0002,19.3097]],[[96.0083,19.3],[96.0157,19.292],[96.0164,19.2989],[96.0083,19.3]],[[95.9921,19.2918],[95.983,19.2852],[95.9916,19.2584],[96.0004,19.2742],[95.9921,19.2918]],[[95.7166,19.2024],[95.7252,19.2],[95.7206,19.2084],[95.7166,19.2024]],[[95.9585,19.168],[95.9664,19.1739],[95.9583,19.175],[95.9585,19.168]],[[95.9826,19.1661],[95.9755,19.159],[95.9833,19.1583],[95.9826,19.1661]],[[95.9917,19.1667],[95.9989,19.1508],[95.9989,19.1657],[95.9917,19.1667]],[[95.9919,19.118],[95.9997,19.1239],[95.9917,19.125],[95.9919,19.118]],[[95.9919,19.093],[95.9997,19.0989],[95.9917,19.1],[95.9919,19.093]],[[96.0667,19.0333],[96.0744,19.0256],[96.0745,19.0326],[96.0667,19.0333]],[[95.7669,18.993],[95.7747,18.9989],[95.7667,19.0],[95.7669,18.993]],[[95.7752,18.9764],[95.7831,18.9822],[95.775,18.9833],[95.7752,18.9764]],[[96.0167,18.975],[96.024,18.967],[96.0247,18.9739],[96.0167,18.975]],[[95.7754,18.9573],[95.7833,18.95],[95.7822,18.9581],[95.7754,18.9573]],[[96.0333,18.9583],[96.0402,18.9344],[96.0385,18.9578],[96.0333,18.9583]],[[95.9502,18.9264],[95.9581,18.9322],[95.95,18.9333],[95.9502,18.9264]],[[95.9657,18.9074],[95.9595,18.8926],[95.9657,18.8926],[95.9657,18.9074]],[[96.1002,18.718],[96.1081,18.7239],[96.1,18.725],[96.1002,18.718]],[[96.0838,18.6936],[96.0914,18.7061],[96.0833,18.7083],[96.0838,18.6936]],[[96.1499,18.6554],[96.1418,18.6454],[96.1479,18.6419],[96.1499,18.6554]],[[95.8747,18.6344],[95.8667,18.6417],[95.8678,18.6336],[95.8747,18.6344]],[[96.1004,18.649],[96.1083,18.6417],[96.1072,18.6497],[96.1004,18.649]],[[95.8591,18.6505],[95.8661,18.6576],[95.8583,18.6583],[95.8591,18.6505]],[[96.0752,18.5764],[96.0831,18.5822],[96.075,18.5833],[96.0752,18.5764]],[[96.1085,18.493],[96.1164,18.4989],[96.1083,18.5],[96.1085,18.493]],[[96.1917,18.4917],[96.199,18.4837],[96.1997,18.4906],[96.1917,18.4917]],[[96.1254,18.4603],[96.1331,18.4727],[96.125,18.475],[96.1254,18.4603]],[[96.0508,18.4489],[96.0667,18.4417],[96.0657,18.4489],[96.0508,18.4489]],[[96.125,18.45],[96.1327,18.4423],[96.1328,18.4493],[96.125,18.45]],[[96.083,18.4344],[96.075,18.4417],[96.0761,18.4336],[96.083,18.4344]],[[96.1355,18.4335],[96.1289,18.425],[96.1418,18.4287],[96.1355,18.4335]],[[96.0878,18.422],[96.1104,18.3878],[96.1146,18.3869],[96.0878,18.422]],[[96.1419,18.4097],[96.1497,18.4156],[96.1417,18.4167],[96.1419,18.4097]],[[96.1583,18.4],[96.1663,18.3854],[96.1648,18.3995],[96.1583,18.4]],[[96.1169,18.3264],[96.1247,18.3322],[96.1167,18.3333],[96.1169,18.3264]],[[96.1085,18.268],[96.1164,18.2739],[96.1083,18.275],[96.1085,18.268]],[[96.15,18.2667],[96.1573,18.2587],[96.1581,18.2656],[96.15,18.2667]],[[96.3252,18.193],[96.3331,18.1989],[96.325,18.2],[96.3252,18.193]],[[96.4,18.1917],[96.4073,18.1837],[96.4081,18.1906],[96.4,18.1917]]],[[[95.9455,20.6341],[95.9458,20.6429],[95.95,20.6333],[95.9455,20.6341]]],[[[95.8595,19.7083],[95.8657,19.7163],[95.8664,19.7094],[95.8595,19.7083]]],[[[95.8519,19.6723],[95.8592,19.6698],[95.8514,19.667],[95.8519,19.6723]]],[[[95.9709,19.35],[95.9708,19.3596],[95.975,19.35],[95.9709,19.35]]],[[[95.5417,19.3975],[95.5339,19.3924],[95.534,19.3994],[95.5417,19.3975]]],[[[95.5733,20.2162],[95.5715,20.2075],[95.5658,20.2135],[95.5733,20.2162]]],[[[95.9994,21.944],[95.9909,21.9447],[95.9972,21.9518],[95.9994,21.944]]],[[[95.9911,22.019],[95.9825,22.0197],[95.9888,22.0268],[95.9911,22.019]]],[[[95.9918,22.0341],[95.9832,22.0466],[95.9877,22.0788],[96.0058,22.0452],[95.9918,22.0341]]],[[[96.1,22.35],[96.0929,22.3571],[96.1082,22.3548],[96.1,22.35]]],[[[96.0847,22.3666],[96.0764,22.3801],[96.0951,22.3993],[96.099,22.3874],[96.0847,22.3666]]],[[[96.1107,22.4125],[96.0927,22.4145],[96.0956,22.4251],[96.1107,22.4125]]],[[[96.3,22.2667],[96.2923,22.2667],[96.2958,22.2758],[96.3,22.2667]]],[[[96.3311,22.3081],[96.3239,22.3006],[96.316,22.3042],[96.3311,22.3081]]],[[[96.3327,22.169],[96.3242,22.1697],[96.3305,22.1768],[96.3327,22.169]]],[[[96.2244,22.1023],[96.2159,22.1031],[96.2222,22.1102],[96.2244,22.1023]]],[[[96.2397,22.076],[96.2327,22.0805],[96.2417,22.0833],[96.2397,22.076]]],[[[96.3077,22.219],[96.2992,22.2197],[96.3055,22.2268],[96.3077,22.219]]],[[[96.075,22.5917],[96.0673,22.5917],[96.0708,22.6008],[96.075,22.5917]]],[[[96.0917,22.4917],[96.0831,22.5035],[96.0875,22.5357],[96.1003,22.514],[96.0917,22.4917]]],[[[96.3207,22.4845],[96.3095,22.4947],[96.3121,22.5071],[96.3333,22.5],[96.3207,22.4845]]],[[[95.9994,22.9023],[95.9909,22.9031],[95.9972,22.9102],[95.9994,22.9023]]],[[[97.9736,15.562],[97.9674,15.5602],[97.9708,15.5679],[97.9736,15.562]]],[[[97.924,17.5003],[97.9163,17.5043],[97.9221,17.509],[97.924,17.5003]]],[[[96.4303,21.6499],[96.4101,21.6619],[96.4201,21.6736],[96.4312,21.6712],[96.4303,21.6499]]],[[[95.2424,27.9889],[95.2508,27.9882],[95.2448,27.9825],[95.2424,27.9889]]],[[[95.0616,29.1461],[95.0664,29.1428],[95.062,29.1416],[95.0616,29.1461]]],[[[95.0375,28.7349],[95.0352,28.7409],[95.0429,28.7375],[95.0375,28.7349]]],[[[95.7348,28.6504],[95.7376,28.6588],[95.7424,28.6529],[95.7348,28.6504]]],[[[95.8894,28.3241],[95.8836,28.3198],[95.8821,28.3209],[95.8894,28.3241]]],[[[97.6574,27.9414],[97.6541,27.9329],[97.6493,27.9388],[97.6574,27.9414]]],[[[97.475,19.0583],[97.4838,19.0541],[97.4779,19.0493],[97.475,19.0583]]],[[[97.4327,18.7856],[97.4242,18.7864],[97.4305,18.7935],[97.4327,18.7856]]],[[[97.3661,18.8492],[97.3586,18.8448],[97.3571,18.8459],[97.3661,18.8492]]],[[[97.3417,19.0083],[97.334,19.0083],[97.3374,19.0174],[97.3417,19.0083]]],[[[96.6494,23.2606],[96.6409,23.2614],[96.6472,23.2685],[96.6494,23.2606]]],[[[96.6645,23.2671],[96.6575,23.2718],[96.6667,23.275],[96.6645,23.2671]]],[[[96.3577,23.369],[96.3492,23.3697],[96.3555,23.3768],[96.3577,23.369]]],[[[96.3318,23.4152],[96.3186,23.4021],[96.3092,23.4133],[96.3318,23.4152]]],[[[96.4327,23.4106],[96.4242,23.4114],[96.4305,23.4185],[96.4327,23.4106]]],[[[96.625,23.4464],[96.6059,23.4427],[96.5998,23.4459],[96.625,23.4464]]],[[[96.6411,23.4273],[96.6325,23.4281],[96.6388,23.4352],[96.6411,23.4273]]],[[[96.3944,23.463],[96.3294,23.4637],[96.3003,23.4929],[96.3542,23.5273],[96.3906,23.4913],[96.425,23.4811],[96.3944,23.463]]],[[[96.8395,23.4662],[96.8325,23.4615],[96.8382,23.4675],[96.8395,23.4662]]],[[[96.3329,23.1641],[96.3173,23.1522],[96.3187,23.1659],[96.3329,23.1641]]],[[[96.3382,23.1501],[96.3486,23.1482],[96.3574,23.1367],[96.3436,23.1347],[96.3382,23.1501]]],[[[96.3428,23.1005],[96.3356,23.1081],[96.3507,23.1042],[96.3428,23.1005]]],[[[94.2499,25.5157],[94.2484,25.5166],[94.25,25.5167],[94.2499,25.5157]]],[[[94.6674,25.4805],[94.6603,25.476],[94.6583,25.4833],[94.6674,25.4805]]],[[[95.675,25.375],[95.6724,25.3717],[95.669,25.3748],[95.675,25.375]]],[[[98.0,25.1524],[97.9993,25.1537],[98.0,25.1547],[98.0,25.1524]]],[[[94.9333,25.0333],[94.9425,25.0298],[94.9365,25.0242],[94.9333,25.0333]]],[[[94.9329,25.0332],[94.9125,25.0556],[94.9454,25.0645],[94.9479,25.0534],[94.9329,25.0332]]],[[[94.95,24.9989],[94.9492,24.9999],[94.95,25.0],[94.95,24.9989]]],[[[94.9911,24.9856],[94.9825,24.9864],[94.9888,24.9935],[94.9911,24.9856]]],[[[94.9827,25.0023],[94.9742,25.0031],[94.9805,25.0102],[94.9827,25.0023]]],[[[97.3994,24.9856],[97.3909,24.9864],[97.3972,24.9935],[97.3994,24.9856]]],[[[97.5833,24.9917],[97.5754,24.999],[97.5822,24.9997],[97.5833,24.9917]]],[[[97.575,25.0],[97.5674,25.0018],[97.5708,25.0096],[97.575,25.0]]],[[[94.9552,25.0012],[94.9519,25.0237],[94.965,25.0235],[94.9552,25.0012]]],[[[98.0,25.0274],[97.9993,25.0287],[98.0,25.0297],[98.0,25.0274]]],[[[94.9827,25.0356],[94.9742,25.0364],[94.9805,25.0435],[94.9827,25.0356]]],[[[97.35,25.05],[97.3423,25.05],[97.3458,25.0591],[97.35,25.05]]],[[[95.0076,24.9197],[94.9937,24.9379],[94.9944,24.941],[95.0071,24.9316],[95.0076,24.9197]]],[[[97.4911,24.9523],[97.4825,24.9531],[97.4888,24.9602],[97.4911,24.9523]]],[[[97.0161,24.9356],[97.0075,24.9364],[97.0138,24.9435],[97.0161,24.9356]]],[[[97.1583,24.9583],[97.1549,24.9492],[97.1492,24.9552],[97.1583,24.9583]]],[[[97.45,24.95],[97.4535,24.9592],[97.4592,24.9532],[97.45,24.95]]],[[[97.4501,24.9496],[97.4311,24.9352],[97.426,24.9364],[97.4358,24.9569],[97.4501,24.9496]]],[[[97.1583,24.9583],[97.1594,24.9779],[97.1625,24.9834],[97.1636,24.9589],[97.1601,24.9583],[97.1583,24.9583]]],[[[94.975,25.1167],[94.9826,25.1148],[94.9792,25.1071],[94.975,25.1167]]],[[[94.975,25.1167],[94.967,25.124],[94.9739,25.1247],[94.975,25.1167]]],[[[95.0086,25.0997],[94.9917,25.1026],[95.0019,25.1167],[95.0086,25.0997]]],[[[98.0,25.0857],[97.9993,25.0871],[98.0,25.0881],[98.0,25.0857]]],[[[94.3497,25.6531],[94.3423,25.6576],[94.3512,25.6542],[94.3497,25.6531]]],[[[94.9998,25.7811],[94.9922,25.7738],[94.9917,25.7833],[94.9998,25.7811]]],[[[96.4243,23.5405],[96.3789,23.5622],[96.381,23.6006],[96.4355,23.5827],[96.4243,23.5405]]],[[[96.375,23.6333],[96.3715,23.6341],[96.3748,23.637],[96.375,23.6333]]],[[[96.5994,23.5856],[96.5909,23.5864],[96.5972,23.5935],[96.5994,23.5856]]],[[[96.4417,23.625],[96.431,23.6261],[96.4255,23.6292],[96.4375,23.641],[96.4417,23.625]]],[[[96.4246,23.6766],[96.4183,23.6773],[96.423,23.6822],[96.4246,23.6766]]],[[[96.4577,23.694],[96.4492,23.6947],[96.4555,23.7018],[96.4577,23.694]]],[[[96.644,23.9929],[96.6171,23.996],[96.6496,23.996],[96.644,23.9929]]],[[[96.731,23.4619],[96.7178,23.4761],[96.7792,23.569],[96.8154,23.527],[96.8073,23.5002],[96.7792,23.4705],[96.731,23.4619]]],[[[96.7327,23.5606],[96.7242,23.5614],[96.7305,23.5685],[96.7327,23.5606]]],[[[96.6411,23.619],[96.6325,23.6197],[96.6388,23.6268],[96.6411,23.619]]],[[[96.8667,23.6833],[96.8754,23.6791],[96.8696,23.6743],[96.8667,23.6833]]],[[[97.0647,23.6593],[97.0577,23.6638],[97.0667,23.6667],[97.0647,23.6593]]],[[[96.7062,23.7005],[96.6992,23.7052],[96.7083,23.7083],[96.7062,23.7005]]],[[[96.6638,23.734],[96.6593,23.727],[96.6575,23.7285],[96.6638,23.734]]],[[[96.9244,23.769],[96.9159,23.7697],[96.9222,23.7768],[96.9244,23.769]]],[[[97.0167,23.7833],[97.0117,23.7513],[97.002,23.7814],[97.0167,23.7833]]],[[[96.9411,23.794],[96.9325,23.7947],[96.9388,23.8018],[96.9411,23.794]]],[[[97.0167,23.7833],[97.028,23.7993],[97.0408,23.7976],[97.0396,23.7845],[97.0277,23.7831],[97.0167,23.7833]]],[[[96.975,23.8083],[96.9667,23.8132],[96.9708,23.8252],[96.975,23.8083]]],[[[96.77,23.9429],[96.7578,23.9462],[96.7774,23.9458],[96.77,23.9429]]],[[[97.2661,24.669],[97.2575,24.6697],[97.2638,24.6768],[97.2661,24.669]]],[[[97.3206,24.7359],[97.3214,24.705],[97.3064,24.7027],[97.2967,24.725],[97.3206,24.7359]]],[[[97.425,24.75],[97.4208,24.7413],[97.416,24.7471],[97.425,24.75]]],[[[97.3827,24.5356],[97.3742,24.5364],[97.3805,24.5435],[97.3827,24.5356]]],[[[97.4342,24.5052],[97.4272,24.5005],[97.425,24.5083],[97.4342,24.5052]]],[[[97.425,24.5328],[97.422,24.5114],[97.3931,24.5357],[97.403,24.5467],[97.425,24.5328]]],[[[97.425,24.5333],[97.4305,24.5496],[97.4415,24.537],[97.425,24.5333]]],[[[97.4577,24.6273],[97.4492,24.6281],[97.4555,24.6352],[97.4577,24.6273]]],[[[97.2645,23.9829],[97.2575,23.9782],[97.2632,23.9842],[97.2645,23.9829]]],[[[96.8652,23.6834],[96.8229,23.7007],[96.7813,23.6515],[96.7324,23.631],[96.7077,23.6427],[96.7092,23.7208],[96.683,23.7052],[96.6738,23.7189],[96.6876,23.7979],[96.7083,23.837],[96.7373,23.8389],[96.7756,23.9038],[96.7865,23.9567],[96.7724,23.9752],[96.7034,23.9814],[96.6768,24.002],[96.6424,24.0612],[96.6452,24.1172],[96.7336,24.1073],[96.79,24.1264],[96.8356,24.0882],[96.868,24.1316],[96.926,24.1014],[96.9861,24.1212],[96.969,23.982],[96.9763,23.8774],[96.9285,23.8624],[96.8981,23.7767],[96.8355,23.7356],[96.8652,23.6834]],[[96.7167,23.7417],[96.7087,23.749],[96.7089,23.7424],[96.7167,23.7417]],[[96.7337,23.7573],[96.7417,23.75],[96.7406,23.7581],[96.7337,23.7573]],[[96.7498,23.9987],[96.742,23.9928],[96.75,23.9917],[96.7498,23.9987]]],[[[97.0481,23.8771],[97.0349,23.8902],[97.0575,23.8883],[97.0481,23.8771]]],[[[97.3244,24.1023],[97.3159,24.1031],[97.3222,24.1102],[97.3244,24.1023]]],[[[96.9338,24.1338],[96.881,24.1968],[96.9667,24.2333],[96.9979,24.1993],[96.996,24.1736],[96.9338,24.1338]]],[[[97.0833,24.1555],[97.0686,24.1508],[97.0674,24.1647],[97.0727,24.1661],[97.0833,24.1555]]],[[[97.2577,24.1523],[97.2492,24.1531],[97.2555,24.1602],[97.2577,24.1523]]],[[[97.0833,24.1583],[97.0852,24.1659],[97.0929,24.1625],[97.0833,24.1583]]],[[[97.3082,24.148],[97.3,24.1383],[97.3042,24.1584],[97.3082,24.148]]],[[[97.3083,24.1333],[97.3171,24.1291],[97.3112,24.1243],[97.3083,24.1333]]],[[[97.0833,24.1667],[97.0758,24.1685],[97.0792,24.1762],[97.0833,24.1667]]],[[[97.0411,24.1856],[97.0325,24.1864],[97.0388,24.1935],[97.0411,24.1856]]],[[[97.0494,24.2023],[97.0409,24.2031],[97.0472,24.2102],[97.0494,24.2023]]],[[[97.0333,24.225],[97.025,24.2299],[97.0291,24.2418],[97.0333,24.225]]],[[[97.0661,24.219],[97.0575,24.2197],[97.0638,24.2268],[97.0661,24.219]]],[[[97.0665,24.2395],[97.05,24.2374],[97.0626,24.2501],[97.0665,24.2395]]],[[[97.1085,24.3439],[97.1,24.3372],[97.1037,24.3501],[97.1085,24.3439]]],[[[97.075,24.2833],[97.0838,24.2791],[97.0779,24.2743],[97.075,24.2833]]],[[[97.075,24.2833],[97.0666,24.2884],[97.0749,24.2903],[97.075,24.2833]]],[[[97.1577,24.4773],[97.1492,24.4781],[97.1555,24.4852],[97.1577,24.4773]]],[[[97.1167,24.3539],[97.1082,24.3605],[97.113,24.3668],[97.1167,24.3539]]],[[[97.1167,24.3167],[97.1001,24.3208],[97.113,24.3331],[97.1167,24.3167]]],[[[97.3911,24.319],[97.3825,24.3197],[97.3888,24.3268],[97.3911,24.319]]],[[[97.4064,24.3324],[97.3993,24.3279],[97.4049,24.3342],[97.4064,24.3324]]],[[[97.3917,24.3417],[97.3882,24.3325],[97.3825,24.3385],[97.3917,24.3417]]],[[[97.2167,24.3417],[97.209,24.3417],[97.2124,24.3508],[97.2167,24.3417]]],[[[97.3917,24.3417],[97.3959,24.3504],[97.4007,24.3445],[97.3917,24.3417]]],[[[97.1167,24.3167],[97.1258,24.3132],[97.1198,24.3075],[97.1167,24.3167]]],[[[97.1246,24.3688],[97.1198,24.3758],[97.1258,24.3702],[97.1246,24.3688]]],[[[97.15,24.3833],[97.1423,24.3833],[97.1458,24.3924],[97.15,24.3833]]],[[[97.1583,24.4417],[97.146,24.4141],[97.1292,24.4059],[97.1449,24.4597],[97.1583,24.4417]]],[[[97.1167,24.8289],[97.1084,24.831],[97.1125,24.8423],[97.1167,24.8289]]],[[[97.1494,24.8273],[97.1409,24.8281],[97.1472,24.8352],[97.1494,24.8273]]],[[[97.2799,24.8246],[97.2646,24.8094],[97.2589,24.8125],[97.2799,24.8246]]],[[[97.3411,24.819],[97.3325,24.8197],[97.3388,24.8268],[97.3411,24.819]]],[[[97.3866,24.7679],[97.3744,24.7712],[97.394,24.7708],[97.3866,24.7679]]],[[[97.3425,24.7844],[97.3743,24.8016],[97.3484,24.7757],[97.3425,24.7844]]],[[[97.425,24.75],[97.4323,24.7658],[97.4323,24.751],[97.4305,24.7502],[97.4284,24.75],[97.425,24.75]]],[[[97.35,24.8],[97.3413,24.8043],[97.3471,24.809],[97.35,24.8]]],[[[97.775,24.8083],[97.7823,24.8163],[97.7831,24.8094],[97.775,24.8083]]],[[[97.3994,24.819],[97.3909,24.8197],[97.3972,24.8268],[97.3994,24.819]]],[[[97.4305,24.8174],[97.426,24.8103],[97.4242,24.8118],[97.4305,24.8174]]],[[[97.7924,24.8195],[97.7853,24.824],[97.7868,24.8258],[97.7924,24.8195]]],[[[97.4283,24.8263],[97.4161,24.8295],[97.4357,24.8292],[97.4283,24.8263]]],[[[97.3744,24.8523],[97.3659,24.8531],[97.3722,24.8602],[97.3744,24.8523]]],[[[97.8564,24.8593],[97.8493,24.8638],[97.8583,24.8667],[97.8564,24.8593]]],[[[97.1744,24.8856],[97.1659,24.8864],[97.1722,24.8935],[97.1744,24.8856]]],[[[97.4077,24.8773],[97.3992,24.8781],[97.4055,24.8852],[97.4077,24.8773]]],[[[97.4245,24.9234],[97.4923,24.9109],[97.4433,24.8465],[97.4082,24.9075],[97.4245,24.9234]]],[[[93.2242,26.9411],[93.2198,26.9336],[93.2167,26.9417],[93.2242,26.9411]]],[[[94.1397,27.4324],[94.1327,27.4279],[94.1382,27.4342],[94.1397,27.4324]]],[[[96.5161,27.7773],[96.5075,27.7781],[96.5138,27.7852],[96.5161,27.7773]]],[[[96.9911,27.7773],[96.9825,27.7781],[96.9888,27.7852],[96.9911,27.7773]]],[[[96.7667,27.7917],[96.7545,27.7847],[96.7495,27.7878],[96.7667,27.7917]]],[[[96.098,27.926],[96.091,27.9305],[96.1,27.9333],[96.098,27.926]]],[[[97.02,27.9596],[97.0078,27.9628],[97.0274,27.9625],[97.02,27.9596]]],[[[96.2078,27.8159],[96.2003,27.8114],[96.1988,27.8125],[96.2078,27.8159]]],[[[96.1744,27.8606],[96.1659,27.8614],[96.1722,27.8685],[96.1744,27.8606]]],[[[96.2083,27.8381],[96.1892,27.8343],[96.1832,27.8376],[96.2083,27.8381]]],[[[96.634,27.8305],[96.627,27.826],[96.625,27.8333],[96.634,27.8305]]],[[[96.9647,27.8343],[96.9577,27.8388],[96.9667,27.8417],[96.9647,27.8343]]],[[[96.9257,27.8388],[96.9187,27.8343],[96.9167,27.8417],[96.9257,27.8388]]],[[[96.2,27.8667],[96.1923,27.8667],[96.1958,27.8758],[96.2,27.8667]]],[[[94.0,27.6167],[94.0088,27.6124],[94.0029,27.6076],[94.0,27.6167]]],[[[94.073,27.6157],[94.066,27.6112],[94.0715,27.6175],[94.073,27.6157]]],[[[96.1674,27.7279],[96.1603,27.7324],[96.1618,27.7342],[96.1674,27.7279]]],[[[96.6507,27.7388],[96.6437,27.7343],[96.6417,27.7417],[96.6507,27.7388]]],[[[94.358,27.724],[94.35,27.7167],[94.3511,27.7247],[94.358,27.724]]],[[[96.1583,27.7167],[96.1504,27.724],[96.1572,27.7247],[96.1583,27.7167]]],[[[96.7661,27.719],[96.7575,27.7197],[96.7638,27.7268],[96.7661,27.719]]],[[[95.6033,28.0096],[95.5911,28.0128],[95.6107,28.0125],[95.6033,28.0096]]],[[[95.3827,28.019],[95.3742,28.0197],[95.3805,28.0268],[95.3827,28.019]]],[[[95.8161,28.019],[95.8075,28.0197],[95.8138,28.0268],[95.8161,28.019]]],[[[96.5077,27.994],[96.4992,27.9947],[96.5055,28.0018],[96.5077,27.994]]],[[[95.5206,28.0584],[95.5178,28.0736],[95.5333,28.075],[95.5321,28.0688],[95.5206,28.0584]]],[[[95.4327,28.0773],[95.4242,28.0781],[95.4305,28.0852],[95.4327,28.0773]]],[[[95.55,28.0667],[95.5573,28.0825],[95.5573,28.0676],[95.55,28.0667]]],[[[95.7533,28.0763],[95.7411,28.0795],[95.7607,28.0792],[95.7533,28.0763]]],[[[95.3246,28.0438],[95.3198,28.0508],[95.3258,28.0452],[95.3246,28.0438]]],[[[95.5494,28.0356],[95.5409,28.0364],[95.5472,28.0435],[95.5494,28.0356]]],[[[95.5833,28.0333],[95.5756,28.0333],[95.5791,28.0424],[95.5833,28.0333]]],[[[95.3827,28.044],[95.3742,28.0447],[95.3805,28.0518],[95.3827,28.044]]],[[[95.5661,28.044],[95.5575,28.0447],[95.5638,28.0518],[95.5661,28.044]]],[[[95.55,28.0667],[95.5458,28.0579],[95.541,28.0638],[95.55,28.0667]]],[[[95.5917,28.07],[95.5838,28.0579],[95.5833,28.075],[95.5917,28.07]]],[[[95.7424,28.1305],[95.7353,28.126],[95.7333,28.1333],[95.7424,28.1305]]],[[[94.3552,28.1758],[94.3505,28.1688],[94.3492,28.1702],[94.3552,28.1758]]],[[[94.3897,28.1824],[94.3827,28.1779],[94.3882,28.1842],[94.3897,28.1824]]],[[[96.0043,28.2249],[95.9956,28.2084],[95.992,28.2221],[96.0043,28.2249]]],[[[94.4244,28.2856],[94.4159,28.2864],[94.4222,28.2935],[94.4244,28.2856]]],[[[95.3083,28.1083],[95.3159,28.1065],[95.3125,28.0988],[95.3083,28.1083]]],[[[95.434,28.0971],[95.427,28.0926],[95.425,28.1],[95.434,28.0971]]],[[[95.491,28.0874],[95.4755,28.0828],[95.475,28.1],[95.491,28.0874]]],[[[97.7036,28.0865],[97.6667,28.067],[97.6791,28.1122],[97.7036,28.0865]]],[[[95.3068,28.1162],[95.2961,28.1098],[95.291,28.1125],[95.3068,28.1162]]],[[[95.6565,28.1159],[95.6539,28.1002],[95.6423,28.1136],[95.6565,28.1159]]],[[[95.7244,28.1106],[95.7159,28.1114],[95.7222,28.1185],[95.7244,28.1106]]],[[[94.2312,28.3829],[94.2242,28.3782],[94.2299,28.3842],[94.2312,28.3829]]],[[[94.2661,28.3856],[94.2575,28.3864],[94.2638,28.3935],[94.2661,28.3856]]],[[[94.4647,28.3574],[94.4577,28.3529],[94.4632,28.3592],[94.4647,28.3574]]],[[[94.3744,28.419],[94.3659,28.4197],[94.3722,28.4268],[94.3744,28.419]]],[[[94.398,28.426],[94.391,28.4305],[94.4,28.4333],[94.398,28.426]]],[[[95.409,28.4445],[95.402,28.449],[95.4035,28.4508],[95.409,28.4445]]],[[[94.3911,28.4106],[94.3825,28.4114],[94.3888,28.4185],[94.3911,28.4106]]],[[[94.1827,28.5106],[94.1742,28.5114],[94.1805,28.5185],[94.1827,28.5106]]],[[[94.2083,28.5167],[94.2175,28.5132],[94.2115,28.5075],[94.2083,28.5167]]],[[[95.5314,28.5426],[95.5243,28.5471],[95.5333,28.55],[95.5314,28.5426]]],[[[94.1757,28.5638],[94.1687,28.5593],[94.1667,28.5667],[94.1757,28.5638]]],[[[94.2068,28.5245],[94.1961,28.5181],[94.191,28.5209],[94.2068,28.5245]]],[[[94.05,28.625],[94.0458,28.6163],[94.041,28.6221],[94.05,28.625]]],[[[94.0833,28.6083],[94.0596,28.6124],[94.079,28.633],[94.0833,28.6083]]],[[[94.1661,28.6023],[94.1575,28.6031],[94.1638,28.6102],[94.1661,28.6023]]],[[[95.5246,28.6188],[95.5198,28.6258],[95.5258,28.6202],[95.5246,28.6188]]],[[[94.1667,28.5833],[94.1709,28.5921],[94.1757,28.5862],[94.1667,28.5833]]],[[[95.4897,28.576],[95.4827,28.5805],[95.4917,28.5833],[95.4897,28.576]]],[[[95.475,28.6],[95.4629,28.593],[95.4578,28.5962],[95.475,28.6]]],[[[95.6219,28.6008],[95.6171,28.5938],[95.6159,28.5952],[95.6219,28.6008]]],[[[94.1669,28.5823],[94.1552,28.5766],[94.0892,28.6101],[94.1155,28.6175],[94.1669,28.5823]]],[[[94.4247,28.6031],[94.4173,28.6076],[94.4262,28.6042],[94.4247,28.6031]]],[[[95.9924,28.6055],[95.9853,28.601],[95.9833,28.6083],[95.9924,28.6055]]],[[[95.425,28.475],[95.4092,28.4823],[95.424,28.4823],[95.425,28.475]]],[[[95.4064,28.4907],[95.3993,28.4862],[95.4049,28.4925],[95.4064,28.4907]]],[[[95.3579,28.5105],[95.3532,28.5175],[95.3592,28.5118],[95.3579,28.5105]]],[[[95.2757,28.5221],[95.2687,28.5176],[95.2667,28.525],[95.2757,28.5221]]],[[[95.2052,28.6842],[95.2005,28.6772],[95.1992,28.6785],[95.2052,28.6842]]],[[[95.3424,28.6529],[95.3353,28.6574],[95.3368,28.6592],[95.3424,28.6529]]],[[[95.4417,28.6583],[95.4459,28.6671],[95.4507,28.6612],[95.4417,28.6583]]],[[[95.2244,28.7606],[95.2159,28.7614],[95.2222,28.7685],[95.2244,28.7606]]],[[[96.233,28.7573],[96.225,28.75],[96.2261,28.7581],[96.233,28.7573]]],[[[96.2428,28.7589],[96.2356,28.7665],[96.2507,28.7625],[96.2428,28.7589]]],[[[95.2917,28.7667],[95.3008,28.7632],[95.2948,28.7575],[95.2917,28.7667]]],[[[95.5077,28.794],[95.4992,28.7947],[95.5055,28.8018],[95.5077,28.794]]],[[[96.0077,28.819],[95.9992,28.8197],[96.0055,28.8268],[96.0077,28.819]]],[[[94.2083,28.825],[94.2006,28.825],[94.2041,28.8341],[94.2083,28.825]]],[[[95.2579,28.8022],[95.2532,28.8092],[95.2592,28.8035],[95.2579,28.8022]]],[[[95.948,28.8574],[95.941,28.8529],[95.9465,28.8592],[95.948,28.8574]]],[[[95.7494,28.894],[95.7409,28.8947],[95.7472,28.9018],[95.7494,28.894]]],[[[95.2161,28.8523],[95.2075,28.8531],[95.2138,28.8602],[95.2161,28.8523]]],[[[95.1257,28.9638],[95.1187,28.9593],[95.1167,28.9667],[95.1257,28.9638]]],[[[94.6969,28.9675],[94.6921,28.9605],[94.6909,28.9618],[94.6969,28.9675]]],[[[95.834,29.0055],[95.827,29.001],[95.825,29.0083],[95.834,29.0055]]],[[[94.3079,28.8188],[94.3032,28.8258],[94.3092,28.8202],[94.3079,28.8188]]],[[[95.4994,28.8106],[95.4909,28.8114],[95.4972,28.8185],[95.4994,28.8106]]],[[[94.2412,28.8166],[94.22,28.829],[94.2419,28.8574],[94.2489,28.8489],[94.2412,28.8166]]],[[[95.2917,28.7667],[95.2674,28.7717],[95.2791,28.7826],[95.2917,28.7667]]],[[[95.2147,28.776],[95.2077,28.7805],[95.2167,28.7833],[95.2147,28.776]]],[[[95.5147,28.7824],[95.5077,28.7779],[95.5132,28.7842],[95.5147,28.7824]]],[[[94.2647,28.699],[94.2577,28.6945],[94.2632,28.7008],[94.2647,28.699]]],[[[94.5814,28.701],[94.5743,28.7055],[94.5833,28.7083],[94.5814,28.701]]],[[[94.3413,28.724],[94.3333,28.7167],[94.3345,28.7247],[94.3413,28.724]]],[[[94.3496,28.7272],[94.3448,28.7342],[94.3508,28.7285],[94.3496,28.7272]]],[[[95.0994,28.719],[95.0909,28.7197],[95.0972,28.7268],[95.0994,28.719]]],[[[94.3661,28.7356],[94.3575,28.7364],[94.3638,28.7435],[94.3661,28.7356]]],[[[95.8408,29.0489],[95.825,29.0417],[95.826,29.0489],[95.8408,29.0489]]],[[[94.4885,29.0508],[94.4838,29.0438],[94.4825,29.0452],[94.4885,29.0508]]],[[[94.7644,29.0581],[94.7572,29.0506],[94.7494,29.0542],[94.7644,29.0581]]],[[[95.8497,29.0573],[95.8417,29.05],[95.8428,29.0581],[95.8497,29.0573]]],[[[94.4661,29.069],[94.4575,29.0697],[94.4638,29.0768],[94.4661,29.069]]],[[[95.0661,29.0856],[95.0575,29.0864],[95.0638,29.0935],[95.0661,29.0856]]],[[[94.7661,29.0773],[94.7575,29.0781],[94.7638,29.0852],[94.7661,29.0773]]],[[[95.1576,29.1244],[95.1531,29.1169],[95.15,29.125],[95.1576,29.1244]]],[[[94.4827,29.0606],[94.4742,29.0614],[94.4805,29.0685],[94.4827,29.0606]]],[[[95.8584,29.0622],[95.8499,29.0689],[95.8546,29.0751],[95.8584,29.0622]]],[[[94.8162,29.0605],[94.8115,29.0675],[94.8175,29.0618],[94.8162,29.0605]]],[[[95.0507,29.0721],[95.0437,29.0676],[95.0417,29.075],[95.0507,29.0721]]],[[[95.8589,29.0749],[95.8585,29.1178],[95.8625,29.1305],[95.8722,29.0873],[95.8589,29.0749]]],[[[95.8744,29.144],[95.8659,29.1447],[95.8722,29.1518],[95.8744,29.144]]],[[[94.8814,29.1926],[94.8743,29.1971],[94.8833,29.2],[94.8814,29.1926]]],[[[95.223,29.201],[95.216,29.2055],[95.225,29.2083],[95.223,29.201]]],[[[94.8728,29.2248],[94.8655,29.2172],[94.8577,29.2209],[94.8728,29.2248]]],[[[94.8833,29.2083],[94.8754,29.2157],[94.8822,29.2164],[94.8833,29.2083]]],[[[95.0424,29.2529],[95.0353,29.2574],[95.0368,29.2592],[95.0424,29.2529]]],[[[95.3757,29.2971],[95.3687,29.2926],[95.3667,29.3],[95.3757,29.2971]]],[[[95.4244,29.3023],[95.4159,29.3031],[95.4222,29.3102],[95.4244,29.3023]]],[[[95.1644,29.3498],[95.1572,29.3422],[95.1494,29.3459],[95.1644,29.3498]]],[[[95.45,29.3667],[95.4543,29.3754],[95.459,29.3695],[95.45,29.3667]]],[[[95.483,29.3407],[95.475,29.3333],[95.4761,29.3414],[95.483,29.3407]]],[[[95.4912,29.3438],[95.4865,29.3508],[95.4925,29.3452],[95.4912,29.3438]]],[[[95.4742,29.3328],[95.4698,29.3253],[95.4667,29.3333],[95.4742,29.3328]]],[[[95.0994,29.1273],[95.0909,29.1281],[95.0972,29.1352],[95.0994,29.1273]]],[[[95.123,29.1343],[95.116,29.1388],[95.125,29.1417],[95.123,29.1343]]],[[[94.8969,29.1425],[94.8921,29.1355],[94.8909,29.1368],[94.8969,29.1425]]],[[[95.1507,29.0221],[95.1437,29.0176],[95.1417,29.025],[95.1507,29.0221]]],[[[94.5257,29.0195],[94.5187,29.024],[94.5202,29.0258],[94.5257,29.0195]]],[[[94.05,28.625],[94.0535,28.6342],[94.0592,28.6282],[94.05,28.625]]],[[[95.4746,28.6355],[95.4698,28.6425],[95.4758,28.6368],[95.4746,28.6355]]],[[[95.5084,28.6289],[95.5001,28.631],[95.5042,28.6423],[95.5084,28.6289]]],[[[94.0411,28.6356],[94.0325,28.6364],[94.0388,28.6435],[94.0411,28.6356]]],[[[95.4417,28.6583],[95.4374,28.6496],[95.4327,28.6555],[95.4417,28.6583]]],[[[93.6509,26.9802],[93.6439,26.9755],[93.6417,26.9833],[93.6509,26.9802]]],[[[93.5667,26.9667],[93.5632,26.9575],[93.5575,26.9635],[93.5667,26.9667]]],[[[93.5667,26.9667],[93.5815,26.9742],[93.5804,26.9592],[93.5733,26.9653],[93.5696,26.9665],[93.5675,26.9667],[93.5667,26.9667]]],[[[95.0167,25.7833],[95.0082,25.7933],[95.0124,25.8079],[95.0167,25.7833]]],[[[95.6077,27.369],[95.5992,27.3697],[95.6055,27.3768],[95.6077,27.369]]],[[[95.425,27.206],[95.4167,27.2039],[95.4208,27.2173],[95.425,27.206]]],[[[95.4911,27.2023],[95.4825,27.2031],[95.4888,27.2102],[95.4911,27.2023]]],[[[95.4327,27.2606],[95.4242,27.2614],[95.4305,27.2685],[95.4327,27.2606]]],[[[95.47,27.2846],[95.4578,27.2878],[95.4774,27.2875],[95.47,27.2846]]],[[[95.498,27.276],[95.491,27.2805],[95.5,27.2833],[95.498,27.276]]],[[[95.5167,27.2833],[95.5258,27.2798],[95.5198,27.2742],[95.5167,27.2833]]],[[[95.5161,27.2832],[95.503,27.2976],[95.5382,27.3211],[95.5392,27.3036],[95.5161,27.2832]]],[[[95.4994,27.244],[95.4909,27.2447],[95.4972,27.2518],[95.4994,27.244]]],[[[95.5077,27.2606],[95.4992,27.2614],[95.5055,27.2685],[95.5077,27.2606]]],[[[95.5333,27.325],[95.4962,27.3032],[95.4876,27.3051],[95.5367,27.345],[95.5333,27.325]]],[[[95.5661,27.3106],[95.5575,27.3114],[95.5638,27.3185],[95.5661,27.3106]]],[[[95.5732,27.3402],[95.5685,27.3271],[95.5592,27.3383],[95.5732,27.3402]]],[[[96.1397,27.4676],[96.1327,27.4721],[96.1417,27.475],[96.1397,27.4676]]],[[[96.1661,27.494],[96.1575,27.4947],[96.1638,27.5018],[96.1661,27.494]]],[[[96.884,27.4971],[96.877,27.4926],[96.875,27.5],[96.884,27.4971]]],[[[96.971,27.4664],[96.9679,27.452],[96.9586,27.4632],[96.971,27.4664]]],[[[94.2911,27.544],[94.2825,27.5447],[94.2888,27.5518],[94.2911,27.544]]],[[[96.8501,27.5372],[96.8415,27.5439],[96.8463,27.5501],[96.8501,27.5372]]],[[[96.9647,27.526],[96.9577,27.5305],[96.9667,27.5333],[96.9647,27.526]]],[[[96.859,27.5529],[96.852,27.5574],[96.8535,27.5592],[96.859,27.5529]]],[[[96.9728,27.0505],[96.9658,27.0552],[96.975,27.0583],[96.9728,27.0505]]],[[[96.9911,27.044],[96.9825,27.0447],[96.9888,27.0518],[96.9911,27.044]]],[[[97.0342,18.767],[97.0343,18.7743],[97.0429,18.7709],[97.0342,18.767]]],[[[97.4576,18.8411],[97.4505,18.834],[97.451,18.8413],[97.4576,18.8411]]],[[[96.4006,21.4744],[96.4083,21.4667],[96.4005,21.4674],[96.4006,21.4744]]],[[[96.8326,23.3411],[96.8255,23.334],[96.8256,23.341],[96.8326,23.3411]]]]}}