{"type":"Feature","properties":{"speciesId":84,"category":"LC","source":"IUCN Red List","simplifyTol":0.01,"clippedToSubcontinent":true},"geometry":{"type":"MultiPolygon","coordinates":[[[[97.5884,5.1511],[97.5765,5.1602],[97.5769,5.1653],[97.5884,5.1511]]],[[[95.5221,5.5944],[95.5265,5.6109],[95.6077,5.627],[95.6729,5.5857],[95.8291,5.5321],[95.879,5.5067],[95.8887,5.4537],[95.9291,5.4023],[96.0735,5.2928],[96.3882,5.2148],[96.5814,5.2072],[96.6916,5.2278],[96.8085,5.2739],[96.8552,5.2774],[96.8303,5.2714],[96.8998,5.2516],[96.9753,5.2665],[97.0818,5.2327],[97.1448,5.2003],[97.1432,5.1623],[97.1981,5.1461],[97.4941,5.2525],[97.5137,5.2464],[97.5468,5.2151],[97.5273,5.2057],[97.57,5.1904],[97.5722,5.1386],[97.6017,5.1419],[97.648,5.0751],[97.806,4.9341],[97.9015,4.8871],[97.934,4.808],[97.9619,4.7262],[97.9615,4.668],[98.0,4.6047],[97.9604,4.5316],[97.9823,4.5447],[98.0,4.5268],[98.0,4.0],[96.2988,4.0],[96.1839,4.1267],[96.0091,4.2231],[95.8283,4.4206],[95.5475,4.6688],[95.4227,4.8467],[95.3709,4.9479],[95.3817,4.9568],[95.3555,4.9993],[95.3623,5.0193],[95.2852,5.1151],[95.3067,5.1271],[95.3055,5.1652],[95.2322,5.2831],[95.2555,5.4058],[95.225,5.4949],[95.2308,5.5708],[95.2424,5.5512],[95.2806,5.5506],[95.3247,5.5899],[95.3527,5.5887],[95.428,5.6544],[95.4651,5.6437],[95.4974,5.5988],[95.5221,5.5944]]],[[[79.8229,7.9447],[79.8199,7.9542],[79.822,7.9553],[79.8229,7.9447]]],[[[79.8083,8.166],[79.8027,8.1732],[79.8052,8.174],[79.8083,8.166]]],[[[81.2153,8.5394],[81.2059,8.54],[81.2108,8.5453],[81.2153,8.5394]]],[[[79.9145,8.9439],[79.9039,8.9383],[79.9131,8.9481],[79.9145,8.9439]]],[[[79.923,8.8973],[79.888,8.9431],[79.8849,8.9512],[79.9086,8.9236],[79.923,8.8973]]],[[[79.9038,8.945],[79.8909,8.9525],[79.9027,8.9553],[79.9038,8.945]]],[[[79.6883,9.071],[79.689,9.075],[79.6993,9.0734],[79.6883,9.071]]],[[[78.5892,9.0978],[78.5753,9.0966],[78.5884,9.1038],[78.5892,9.0978]]],[[[79.6983,9.1014],[79.8586,9.0731],[79.9283,9.0085],[79.8576,9.0564],[79.9232,8.9722],[79.889,8.958],[79.8163,9.0326],[79.7004,9.0805],[79.6983,9.1014]]],[[[80.0916,9.3117],[80.0807,9.3119],[80.0761,9.3176],[80.0916,9.3117]]],[[[80.0607,9.3299],[80.0543,9.3392],[80.0579,9.3456],[80.0607,9.3299]]],[[[79.6916,9.5207],[79.7251,9.5226],[79.7271,9.4799],[79.6604,9.5007],[79.653,9.5535],[79.6746,9.5497],[79.6916,9.5207]]],[[[79.7995,9.5898],[79.794,9.5846],[79.7955,9.5892],[79.7995,9.5898]]],[[[79.8336,9.6055],[79.8273,9.6121],[79.8372,9.6099],[79.8336,9.6055]]],[[[79.8466,9.6175],[79.8431,9.6077],[79.8415,9.613],[79.8466,9.6175]]],[[[79.7733,9.5849],[79.7619,9.5986],[79.7722,9.6206],[79.7757,9.6141],[79.7733,9.5849]]],[[[79.8325,9.5865],[79.8639,9.6054],[79.8582,9.568],[79.8082,9.5772],[79.8102,9.6223],[79.8325,9.5865]]],[[[80.0,9.6016],[79.9864,9.5962],[79.9663,9.6074],[79.9863,9.6088],[79.9993,9.6302],[80.0,9.6016]]],[[[79.8648,9.6259],[79.8559,9.6243],[79.8543,9.6348],[79.8648,9.6259]]],[[[80.0064,9.6328],[79.9936,9.6407],[79.9973,9.6451],[80.0,9.6437],[80.0064,9.6328]]],[[[80.0129,9.6428],[80.0071,9.6431],[80.0065,9.645],[80.0129,9.6428]]],[[[79.7759,9.6457],[79.7643,9.6596],[79.7832,9.6837],[79.7849,9.6647],[79.7759,9.6457]]],[[[79.7956,9.6829],[79.7918,9.6851],[79.7943,9.687],[79.7956,9.6829]]],[[[79.8513,9.6993],[79.8868,9.6968],[79.9108,9.6559],[79.9085,9.6712],[79.9334,9.6776],[79.9271,9.6624],[79.9831,9.6203],[79.9701,9.6115],[79.9249,9.6329],[79.9068,9.6135],[79.8743,9.6348],[79.8766,9.6666],[79.8611,9.6582],[79.8513,9.6993]]],[[[79.8128,9.6842],[79.8091,9.6937],[79.815,9.7137],[79.8122,9.6974],[79.8128,9.6842]]],[[[79.8964,9.7559],[79.8922,9.7076],[79.8562,9.7099],[79.8644,9.7594],[79.8964,9.7559]]],[[[80.2386,9.8235],[80.3657,9.6603],[80.8117,9.2909],[80.8841,9.1219],[81.0005,8.9388],[80.993,8.918],[81.0102,8.929],[81.013,8.8911],[81.021,8.9048],[81.0589,8.8595],[81.0875,8.8584],[81.1048,8.8126],[81.2267,8.6475],[81.2208,8.6062],[81.2298,8.581],[81.2451,8.5793],[81.2471,8.5458],[81.2257,8.5323],[81.2261,8.5695],[81.1927,8.5665],[81.2119,8.5077],[81.1896,8.5018],[81.1977,8.4615],[81.2624,8.4569],[81.304,8.4326],[81.304,8.4583],[81.2958,8.4465],[81.2809,8.4568],[81.2831,8.5032],[81.3222,8.5224],[81.353,8.4909],[81.3937,8.3567],[81.4077,8.2419],[81.4769,8.0343],[81.5686,7.9227],[81.5874,7.921],[81.5671,7.8981],[81.593,7.83],[81.6268,7.8247],[81.6544,7.7729],[81.6999,7.7536],[81.7713,7.6448],[81.8718,7.3159],[81.8586,7.0907],[81.8813,7.0267],[81.8704,6.9789],[81.8489,6.9896],[81.8577,6.9672],[81.8729,6.9669],[81.8364,6.8853],[81.8518,6.8884],[81.8482,6.8675],[81.8397,6.8542],[81.8211,6.8621],[81.8444,6.8344],[81.8233,6.8088],[81.8249,6.7653],[81.8084,6.7647],[81.8279,6.7586],[81.7759,6.6639],[81.7664,6.592],[81.7324,6.5669],[81.7003,6.482],[81.6518,6.4367],[81.5973,6.4241],[81.6135,6.4056],[81.56,6.3612],[81.522,6.3525],[81.4869,6.3055],[81.3285,6.1945],[81.2222,6.1589],[81.1946,6.1576],[81.197,6.1776],[81.178,6.1441],[81.1336,6.1174],[81.0167,6.1071],[80.8659,6.0408],[80.8255,6.0415],[80.7202,5.9607],[80.6641,5.9575],[80.5868,5.9168],[80.5532,5.9411],[80.4489,5.9431],[80.4522,5.9588],[80.4357,5.969],[80.4179,5.955],[80.3828,5.9595],[80.2442,6.0069],[80.2285,6.0351],[80.2186,6.022],[80.0986,6.1289],[80.0314,6.2656],[80.0357,6.2982],[80.0,6.4245],[79.9746,6.464],[79.9866,6.4771],[79.9796,6.5149],[79.8687,6.8057],[79.8431,6.9333],[79.8712,6.9756],[79.869,7.0027],[79.819,7.1934],[79.8592,7.2756],[79.8445,7.2761],[79.8027,7.4826],[79.7977,7.7275],[79.7513,7.9316],[79.7065,8.0445],[79.699,8.1154],[79.7095,8.1343],[79.6984,8.2138],[79.7179,8.2167],[79.7381,8.28],[79.7812,8.3497],[79.7563,8.3071],[79.7511,8.2617],[79.7655,8.2739],[79.7573,8.2571],[79.7766,8.2541],[79.7688,8.2156],[79.7404,8.2008],[79.7492,8.183],[79.7316,8.0868],[79.7541,8.0582],[79.7426,8.0],[79.8186,7.9718],[79.8082,7.8839],[79.8265,7.9206],[79.834,8.0071],[79.7896,8.0682],[79.8086,8.0611],[79.7948,8.0792],[79.8338,8.1396],[79.8154,8.2037],[79.7946,8.2203],[79.8095,8.2174],[79.7897,8.2301],[79.8101,8.2374],[79.8342,8.2919],[79.8476,8.2742],[79.8584,8.2845],[79.8362,8.3011],[79.8445,8.4289],[79.8632,8.4496],[79.8709,8.5352],[79.9263,8.559],[79.9193,8.5846],[79.9414,8.6155],[79.9558,8.7174],[79.9248,8.7907],[79.9401,8.8068],[79.9184,8.8083],[79.9307,8.8147],[79.919,8.8188],[79.9358,8.8913],[79.9123,8.9299],[80.0403,9.0133],[80.0661,9.0562],[80.0857,9.0999],[80.0761,9.1203],[80.1173,9.2072],[80.1116,9.2768],[80.1278,9.2906],[80.0676,9.3288],[80.0549,9.3914],[80.1466,9.4347],[80.1861,9.4827],[80.1461,9.5362],[80.054,9.5979],[80.0876,9.6249],[80.0176,9.6509],[79.971,9.7077],[79.948,9.6871],[79.9099,9.7587],[79.9528,9.7921],[80.0224,9.8126],[80.1056,9.8059],[80.2147,9.8314],[80.2386,9.8235]],[[80.7053,7.6036],[80.6861,7.5374],[80.7095,7.4862],[80.6732,7.452],[80.6775,7.3645],[80.7266,7.3047],[80.7437,7.3538],[80.7629,7.3538],[80.7757,7.3026],[80.7971,7.2855],[80.8099,7.2983],[80.8248,7.2791],[80.827,7.215],[80.8654,7.2129],[80.8654,7.2706],[80.8868,7.2727],[80.9017,7.2428],[80.9124,7.2577],[80.9444,7.2001],[80.9401,7.2471],[80.9658,7.2599],[80.9423,7.3069],[80.9038,7.3346],[80.9188,7.4115],[80.8868,7.4286],[80.8633,7.4051],[80.8505,7.4371],[80.8697,7.4584],[80.827,7.499],[80.8035,7.499],[80.7949,7.4819],[80.7843,7.5481],[80.7394,7.5524],[80.733,7.61],[80.7053,7.6036]],[[80.6818,7.0015],[80.6519,7.0015],[80.6668,6.9503],[80.6391,6.9332],[80.6305,7.0186],[80.5985,7.0122],[80.5985,6.9845],[80.5494,6.9396],[80.5793,6.9225],[80.59,6.8948],[80.5473,6.8841],[80.575,6.835],[80.5644,6.7987],[80.4875,6.8692],[80.4576,6.8115],[80.5131,6.7475],[80.5878,6.7475],[80.622,6.7154],[80.6434,6.7154],[80.8355,6.7346],[80.8483,6.7581],[80.9679,6.7368],[81.0597,6.7581],[81.0618,6.7795],[81.0234,6.8115],[80.9465,6.8094],[80.9465,6.8371],[80.8718,6.8499],[80.8505,6.9183],[80.8633,6.9482],[80.9252,6.9482],[80.9465,6.9652],[80.938,6.9909],[80.9145,6.9887],[80.9145,7.0165],[80.8633,7.0891],[80.7885,7.0442],[80.7885,7.0869],[80.6925,7.1467],[80.6498,7.1019],[80.7053,7.0485],[80.6839,7.0357],[80.6818,7.0015]],[[80.4128,6.4806],[80.4683,6.4165],[80.4149,6.4443],[80.3679,6.4955],[80.3423,6.4955],[80.3423,6.4784],[80.4341,6.3717],[80.5281,6.3503],[80.4555,6.3396],[80.4982,6.282],[80.5558,6.3012],[80.6092,6.2991],[80.6113,6.2607],[80.6562,6.2585],[80.6647,6.2884],[80.7053,6.2863],[80.7159,6.2991],[80.7031,6.3503],[80.7159,6.3909],[80.7608,6.3866],[80.7672,6.3994],[80.7522,6.4315],[80.6391,6.4934],[80.5836,6.519],[80.5836,6.4912],[80.4939,6.5425],[80.464,6.5403],[80.4875,6.5062],[80.4192,6.5019],[80.4128,6.4806]]],[[[97.9935,12.2883],[97.9515,12.3267],[97.9786,12.3388],[97.9686,12.3623],[97.9421,12.3359],[97.9746,12.3869],[97.9765,12.3649],[98.0,12.3864],[97.9935,12.2883]]],[[[74.4756,14.0091],[74.4729,14.011],[74.4764,14.0124],[74.4756,14.0091]]],[[[74.4835,14.0238],[74.4799,14.0248],[74.4835,14.0253],[74.4835,14.0238]]],[[[74.4666,14.084],[74.4634,14.0859],[74.4654,14.0868],[74.4666,14.084]]],[[[74.4786,14.0953],[74.4748,14.0931],[74.4746,14.0957],[74.4786,14.0953]]],[[[74.4706,14.1051],[74.4668,14.1079],[74.4689,14.1094],[74.4706,14.1051]]],[[[74.3985,14.3133],[74.3938,14.3089],[74.3921,14.3117],[74.3985,14.3133]]],[[[74.2486,14.6996],[74.246,14.702],[74.2488,14.7011],[74.2486,14.6996]]],[[[74.2345,14.7079],[74.2316,14.7096],[74.2353,14.7098],[74.2345,14.7079]]],[[[74.145,14.7215],[74.1419,14.7216],[74.1435,14.7234],[74.145,14.7215]]],[[[74.1524,14.7386],[74.1492,14.7349],[74.1488,14.7389],[74.1524,14.7386]]],[[[74.1152,14.754],[74.1034,14.7558],[74.1052,14.7621],[74.1152,14.754]]],[[[74.0833,14.7935],[74.0817,14.791],[74.0817,14.7939],[74.0833,14.7935]]],[[[74.0529,14.817],[74.0499,14.8172],[74.0567,14.8188],[74.0529,14.817]]],[[[74.0961,14.8432],[74.0918,14.8414],[74.0919,14.8455],[74.0961,14.8432]]],[[[74.1,14.8622],[74.0991,14.8645],[74.0999,14.8645],[74.1,14.8622]]],[[[74.0919,14.8759],[74.0891,14.8748],[74.0899,14.8778],[74.0919,14.8759]]],[[[73.7607,15.3543],[73.7569,15.3573],[73.7605,15.3573],[73.7607,15.3543]]],[[[73.7765,15.3545],[73.7666,15.3553],[73.7752,15.3582],[73.7765,15.3545]]],[[[73.7896,15.3719],[73.7865,15.3772],[73.7904,15.3775],[73.7896,15.3719]]],[[[94.4628,15.9129],[94.4518,15.9193],[94.464,15.9157],[94.4628,15.9129]]],[[[73.5407,15.925],[73.5379,15.9247],[73.5395,15.9267],[73.5407,15.925]]],[[[95.2682,15.9572],[95.2656,15.9504],[95.2697,15.9746],[95.2682,15.9572]]],[[[95.1067,15.9406],[95.1037,15.9646],[95.1207,15.9944],[95.1186,15.9526],[95.1067,15.9406]]],[[[73.4877,16.0],[73.4847,15.9928],[73.4838,16.0],[73.4877,16.0]]],[[[94.3422,16.0097],[94.3155,15.9812],[94.2799,15.9896],[94.3322,16.0117],[94.3422,16.0097]]],[[[94.6927,16.0032],[94.7095,16.0423],[94.7171,16.0504],[94.711,16.0177],[94.6927,16.0032]]],[[[94.8099,15.9774],[94.8423,16.0604],[94.8508,16.0611],[94.8429,16.0],[94.8099,15.9774]]],[[[95.3317,15.9687],[95.2578,15.8629],[95.2387,15.8758],[95.273,15.9563],[95.28,16.022],[95.3198,16.079],[95.3453,16.0479],[95.3317,15.9687]]],[[[95.186,16.0354],[95.1301,16.0312],[95.102,15.9781],[95.1076,16.0605],[95.1658,16.1088],[95.2106,16.1027],[95.1806,16.075],[95.186,16.0354]]],[[[95.1362,16.1514],[95.1272,16.1447],[95.1335,16.1565],[95.1362,16.1514]]],[[[95.3263,16.1146],[95.3113,16.1457],[95.3183,16.1719],[95.3666,16.2017],[95.3641,16.1565],[95.3263,16.1146]]],[[[95.8949,16.2343],[95.8895,16.2365],[95.8943,16.2393],[95.8949,16.2343]]],[[[94.6412,16.0986],[94.5953,16.038],[94.5788,16.0516],[94.5903,16.0994],[94.5718,16.0745],[94.5749,16.0401],[94.5968,16.0299],[94.5849,16.0115],[94.5131,15.9889],[94.4504,15.9243],[94.4158,15.8681],[94.3817,15.9848],[94.4535,16.0189],[94.5957,16.2098],[94.648,16.245],[94.6695,16.1952],[94.6412,16.0986]]],[[[94.6634,16.2766],[94.6607,16.2774],[94.6624,16.2782],[94.6634,16.2766]]],[[[95.9016,16.2554],[95.9031,16.273],[95.9078,16.2866],[95.9133,16.2749],[95.9016,16.2554]]],[[[94.6827,16.2978],[94.6827,16.2978],[94.6827,16.2978],[94.6827,16.2978]]],[[[94.6843,16.31],[94.678,16.2989],[94.6812,16.3123],[94.6843,16.31]]],[[[97.5833,16.2813],[97.5804,16.3194],[97.5936,16.3318],[97.5833,16.2813]]],[[[95.9615,16.2951],[95.9577,16.313],[95.9577,16.3487],[95.9672,16.3175],[95.9615,16.2951]]],[[[95.9208,16.2239],[95.8981,16.233],[95.9178,16.273],[95.913,16.3313],[95.9399,16.3786],[95.9563,16.3263],[95.9519,16.2719],[95.9208,16.2239]]],[[[94.653,16.3034],[94.6452,16.3296],[94.6823,16.3799],[94.6851,16.3628],[94.653,16.3034]]],[[[95.9729,16.2189],[95.9308,16.2199],[95.9557,16.2478],[95.9703,16.3017],[95.971,16.3446],[96.0005,16.382],[96.0698,16.3381],[96.0728,16.3149],[95.9729,16.2189]]],[[[95.9343,16.3798],[95.9279,16.3735],[95.9334,16.3835],[95.9343,16.3798]]],[[[95.9515,16.3793],[95.9437,16.3836],[95.9477,16.39],[95.9515,16.3793]]],[[[94.6979,16.3684],[94.698,16.3876],[94.7024,16.3906],[94.7021,16.3785],[94.6979,16.3684]]],[[[95.9399,16.3965],[95.9325,16.3958],[95.9328,16.3981],[95.9399,16.3965]]],[[[96.0071,16.3859],[95.9936,16.3955],[95.9936,16.399],[96.0071,16.3859]]],[[[95.9658,16.3464],[95.9522,16.3705],[95.9586,16.4063],[95.9924,16.3898],[95.9658,16.3464]]],[[[97.6036,16.3806],[97.601,16.3972],[97.6051,16.4101],[97.6088,16.4062],[97.6036,16.3806]]],[[[96.1871,16.4718],[96.1871,16.4718],[96.1871,16.4718],[96.1871,16.4718]]],[[[97.5862,16.4873],[97.5739,16.4879],[97.5708,16.4914],[97.5862,16.4873]]],[[[97.5039,16.5033],[97.6162,16.4666],[97.5794,16.3995],[97.5904,16.3597],[97.5683,16.3141],[97.5706,16.2383],[97.5455,16.2319],[97.5022,16.2558],[97.4658,16.3181],[97.482,16.3525],[97.4485,16.445],[97.472,16.4712],[97.4672,16.4869],[97.5039,16.5033]]],[[[97.6012,16.5055],[97.5956,16.5181],[97.6083,16.5084],[97.6012,16.5055]]],[[[97.6305,16.5435],[97.6435,16.5772],[97.6647,16.5554],[97.6616,16.5492],[97.6305,16.5435]]],[[[97.6573,16.5738],[97.6481,16.5787],[97.6515,16.5872],[97.6573,16.5738]]],[[[96.1871,16.4718],[96.1983,16.4864],[96.1788,16.5142],[96.1851,16.5578],[96.1782,16.581],[96.2296,16.6002],[96.2628,16.5187],[96.3026,16.4722],[96.2944,16.4457],[96.3266,16.4653],[96.3211,16.447],[96.336,16.4437],[96.3069,16.408],[96.155,16.322],[96.1044,16.3223],[96.0914,16.3535],[96.109,16.3796],[96.1432,16.3846],[96.1668,16.414],[96.1488,16.4548],[96.1585,16.453],[96.1804,16.4603],[96.1866,16.4686],[96.1871,16.4718]]],[[[97.6359,16.5736],[97.6122,16.58],[97.6261,16.6184],[97.6445,16.6024],[97.6359,16.5736]]],[[[82.3661,16.8349],[82.3681,16.8555],[82.3691,16.8561],[82.371,16.8477],[82.3661,16.8349]]],[[[96.3107,16.85],[96.3016,16.8461],[96.3033,16.8612],[96.3107,16.85]]],[[[96.6759,17.3462],[96.6652,17.3236],[96.655,17.3371],[96.6759,17.3462]]],[[[96.778,17.3694],[96.7677,17.3663],[96.7776,17.3754],[96.778,17.3694]]],[[[96.8413,17.4059],[96.7884,17.3795],[96.7385,17.4383],[96.792,17.4828],[96.8078,17.4389],[96.8413,17.4059]]],[[[83.4669,17.9095],[83.4535,17.9115],[83.4631,17.9187],[83.4669,17.9095]]],[[[72.8151,18.7014],[72.8048,18.7003],[72.8072,18.7045],[72.8151,18.7014]]],[[[72.8424,18.7075],[72.8332,18.7041],[72.84,18.7114],[72.8424,18.7075]]],[[[72.8456,18.7691],[72.835,18.7678],[72.8432,18.7728],[72.8456,18.7691]]],[[[72.8502,18.7868],[72.844,18.7916],[72.85,18.7971],[72.8502,18.7868]]],[[[94.1131,18.8492],[94.1381,18.8554],[94.1203,18.8111],[94.0678,18.8476],[94.0864,18.8476],[94.1155,18.8697],[94.1131,18.8492]]],[[[93.6532,18.873],[93.7412,18.8704],[93.7389,18.7822],[93.7529,18.7488],[93.7107,18.6718],[93.6373,18.6853],[93.5333,18.7825],[93.4894,18.8551],[93.4894,18.8725],[93.6344,18.8867],[93.6532,18.873]]],[[[72.9321,18.9528],[72.9223,18.9629],[72.9423,18.9688],[72.9389,18.9654],[72.9321,18.9528]]],[[[73.0594,19.0065],[73.0493,19.0066],[73.0566,19.0171],[73.0594,19.0065]]],[[[94.0541,19.0332],[94.0549,19.0372],[94.0559,19.0356],[94.0541,19.0332]]],[[[93.8451,19.2768],[93.8392,19.2841],[93.8367,19.2933],[93.8451,19.2768]]],[[[93.8623,19.2975],[93.8489,19.2731],[93.8502,19.296],[93.8623,19.2975]]],[[[93.7973,19.2694],[93.7766,19.2976],[93.8034,19.3037],[93.8344,19.2845],[93.7973,19.2694]]],[[[72.8672,19.3274],[72.8447,19.3312],[72.838,19.3354],[72.8516,19.3378],[72.8672,19.3274]]],[[[94.0555,19.3461],[94.0403,19.3418],[94.0545,19.3488],[94.0555,19.3461]]],[[[72.7371,19.4707],[72.7327,19.4608],[72.7286,19.4695],[72.7371,19.4707]]],[[[93.8301,19.4819],[93.7709,19.5239],[93.7689,19.5315],[93.8508,19.4915],[93.8301,19.4819]]],[[[93.814,19.7108],[93.8094,19.7149],[93.8121,19.7273],[93.814,19.7108]]],[[[93.704,19.7568],[93.69,19.7132],[93.6318,19.7184],[93.6559,19.7784],[93.6663,19.76],[93.6911,19.7895],[93.704,19.7568]]],[[[93.7368,19.7887],[93.6991,19.7962],[93.7435,19.8326],[93.7452,19.8097],[93.7368,19.7887]]],[[[93.7265,19.8506],[93.7326,19.8242],[93.6781,19.7891],[93.6827,19.8215],[93.7265,19.8506]]],[[[93.6699,19.8526],[93.7012,19.8521],[93.6146,19.7178],[93.6004,19.7175],[93.5996,19.7858],[93.651,19.861],[93.6699,19.8526]]],[[[93.7634,19.8635],[93.7925,19.8314],[93.7771,19.7662],[93.7124,19.7645],[93.7041,19.7837],[93.7335,19.7817],[93.7469,19.7906],[93.7545,19.8254],[93.7409,19.8452],[93.7634,19.8635]]],[[[93.6927,19.8875],[93.7357,19.8838],[93.7369,19.8696],[93.6902,19.8775],[93.6633,19.8581],[93.656,19.8683],[93.6927,19.8875]]],[[[93.6037,19.8961],[93.5723,19.8858],[93.6036,19.9044],[93.6037,19.8961]]],[[[93.4773,19.9022],[93.5082,19.8393],[93.4692,19.8297],[93.499,19.8213],[93.5192,19.7647],[93.5115,19.7445],[93.4443,19.7901],[93.3955,19.9519],[93.4347,19.9436],[93.4773,19.9022]]],[[[93.4994,19.9569],[93.499,19.9572],[93.4991,19.9572],[93.4994,19.9569]]],[[[93.4696,19.9579],[93.4711,19.9623],[93.4777,19.9604],[93.4696,19.9579]]],[[[93.4857,19.963],[93.4747,19.9808],[93.4747,19.9909],[93.497,19.9809],[93.4857,19.963]]],[[[93.4609,19.9581],[93.4445,19.9836],[93.4499,19.9931],[93.4635,19.9765],[93.4609,19.9581]]],[[[93.2236,19.8278],[93.1633,19.9447],[93.1267,20.0519],[93.1461,20.042],[93.1809,19.9394],[93.2405,19.8313],[93.2236,19.8278]]],[[[93.1284,20.062],[93.1188,20.0584],[93.1264,20.0691],[93.1284,20.062]]],[[[93.1585,20.0669],[93.1773,20.0528],[93.1373,20.0718],[93.1585,20.0669]]],[[[93.3333,20.0521],[93.3316,20.0642],[93.339,20.0728],[93.3416,20.066],[93.3333,20.0521]]],[[[92.9967,20.1116],[93.0682,20.116],[93.0872,20.0864],[93.074,20.0766],[93.1218,20.0396],[93.14,19.9983],[93.1005,19.9758],[93.1006,19.9513],[93.1336,19.8504],[93.1672,19.8025],[93.0543,19.9568],[93.0421,20.0089],[92.9819,20.0744],[92.9822,20.1238],[92.9967,20.1116]]],[[[93.328,20.1069],[93.3118,20.1313],[93.313,20.1365],[93.3256,20.1211],[93.328,20.1069]]],[[[93.1261,20.0803],[93.1119,20.0615],[93.0988,20.0779],[93.0949,20.0879],[93.1195,20.0869],[93.0855,20.1002],[93.0736,20.1239],[93.0877,20.1388],[93.1092,20.1359],[93.1261,20.0803]]],[[[93.0895,20.1485],[93.064,20.1344],[93.0886,20.1545],[93.0895,20.1485]]],[[[93.0963,20.1607],[93.0989,20.1629],[93.0985,20.1618],[93.0963,20.1607]]],[[[93.2991,20.0481],[93.2862,20.0946],[93.3034,20.1704],[93.3109,20.1152],[93.3309,20.0821],[93.2991,20.0481]]],[[[93.1138,20.1767],[93.1102,20.1803],[93.1106,20.1803],[93.1138,20.1767]]],[[[93.2119,20.1598],[93.2312,20.113],[93.2035,20.0935],[93.1892,20.0628],[93.1329,20.0846],[93.1113,20.1403],[93.0981,20.1542],[93.123,20.1798],[93.1717,20.1884],[93.1898,20.168],[93.2119,20.1598]]],[[[92.9286,20.1897],[92.9164,20.2045],[92.9252,20.2444],[92.9426,20.2506],[92.9504,20.2119],[92.9286,20.1897]]],[[[93.2528,20.1437],[93.2845,20.1445],[93.2744,20.0854],[93.2894,20.0741],[93.2879,20.0454],[93.2063,20.0492],[93.2079,20.0922],[93.2467,20.116],[93.2317,20.1537],[93.1829,20.1916],[93.2081,20.2124],[93.2167,20.2346],[93.2528,20.2427],[93.2512,20.2636],[93.2766,20.2438],[93.3004,20.1904],[93.2837,20.158],[93.2528,20.1437]]],[[[86.7002,20.2874],[86.6889,20.2951],[86.7088,20.2939],[86.7002,20.2874]]],[[[93.009,20.2867],[93.0157,20.3142],[93.0091,20.2869],[93.009,20.2867]]],[[[93.2728,20.2683],[93.2347,20.2758],[93.2548,20.3126],[93.2708,20.3147],[93.2636,20.2969],[93.2728,20.2683]]],[[[93.3231,20.3224],[93.3364,20.2789],[93.3577,20.27],[93.3906,20.2092],[93.4067,20.1457],[93.4036,20.1096],[93.3839,20.1859],[93.3959,20.1024],[93.3666,20.084],[93.3763,20.0366],[93.359,20.0423],[93.3556,20.0728],[93.3143,20.1414],[93.3067,20.2079],[93.2713,20.2575],[93.2776,20.2882],[93.2677,20.2972],[93.2839,20.3204],[93.3231,20.3224]]],[[[93.2914,20.353],[93.2847,20.3436],[93.2902,20.3544],[93.2914,20.353]]],[[[93.1334,20.3059],[93.1755,20.3243],[93.2152,20.3051],[93.143,20.2188],[93.1272,20.2428],[93.1284,20.2167],[93.0146,20.1442],[92.9949,20.1491],[93.0012,20.2153],[93.0221,20.2687],[93.04,20.2773],[93.0446,20.3321],[93.12,20.3744],[93.1322,20.3447],[93.1199,20.3296],[93.1288,20.321],[93.1403,20.3166],[93.1334,20.3059]]],[[[86.8046,20.3941],[86.8045,20.3942],[86.8046,20.3942],[86.8046,20.3941]]],[[[92.8905,20.3915],[92.8718,20.3864],[92.8496,20.3968],[92.8766,20.4023],[92.8905,20.3915]]],[[[92.8255,20.3996],[92.8169,20.4066],[92.8166,20.4091],[92.8233,20.4107],[92.8255,20.3996]]],[[[86.7981,20.3886],[86.7909,20.4204],[86.8026,20.4318],[86.8046,20.4201],[86.7981,20.3886]]],[[[92.8027,20.4307],[92.8603,20.3258],[92.8428,20.2997],[92.793,20.2911],[92.8357,20.3129],[92.8128,20.3389],[92.8143,20.3141],[92.7841,20.2906],[92.7647,20.3199],[92.7636,20.4324],[92.8027,20.4307]]],[[[93.0229,20.4385],[93.0173,20.454],[93.0286,20.4594],[93.0229,20.4385]]],[[[92.8048,20.4859],[92.7928,20.4945],[92.7972,20.4995],[92.8048,20.4859]]],[[[93.1093,20.4186],[93.0785,20.4073],[93.0778,20.3641],[93.0435,20.3504],[93.0351,20.3909],[93.0851,20.5053],[93.1093,20.4186]]],[[[92.7057,20.592],[92.7008,20.5817],[92.6982,20.5992],[92.7057,20.592]]],[[[92.6335,20.6965],[92.6086,20.6838],[92.5844,20.7087],[92.6185,20.7141],[92.6353,20.7243],[92.6335,20.6965]]],[[[92.5627,20.7432],[92.5806,20.749],[92.5749,20.7317],[92.5864,20.7294],[92.5754,20.7211],[92.5491,20.7402],[92.5512,20.757],[92.5627,20.7432]]],[[[72.9412,20.7674],[72.9344,20.7712],[72.9366,20.7718],[72.9412,20.7674]]],[[[92.2969,20.9277],[92.282,20.9516],[92.3007,20.9774],[92.3098,20.9528],[92.2969,20.9277]]],[[[92.3326,20.9939],[92.3552,20.9436],[92.3145,20.9072],[92.3036,20.9269],[92.3159,20.9543],[92.3067,20.9822],[92.3326,20.9939]]],[[[92.2201,21.109],[92.211,21.1081],[92.2168,21.1148],[92.2201,21.109]]],[[[92.2179,21.1304],[92.2124,21.1257],[92.2076,21.1318],[92.2179,21.1304]]],[[[72.6831,21.1081],[72.6743,21.1286],[72.6971,21.1414],[72.6959,21.1289],[72.6831,21.1081]]],[[[72.6391,21.2741],[72.6202,21.2709],[72.6254,21.2826],[72.6391,21.2741]]],[[[72.6284,21.3343],[72.6204,21.3316],[72.6267,21.3382],[72.6284,21.3343]]],[[[88.5477,21.5353],[88.5304,21.5249],[88.4864,21.5467],[88.4997,21.5997],[88.5382,21.5822],[88.5477,21.5353]]],[[[88.5654,21.556],[88.5161,21.6059],[88.5266,21.6569],[88.5929,21.607],[88.5654,21.556]]],[[[72.8578,21.6764],[72.8605,21.6794],[72.8807,21.6779],[72.8578,21.6764]]],[[[88.6337,21.6494],[88.6403,21.6806],[88.6509,21.6829],[88.6423,21.6565],[88.6337,21.6494]]],[[[88.3518,21.6872],[88.3508,21.6151],[88.3264,21.6021],[88.316,21.615],[88.3233,21.7035],[88.3518,21.6872]]],[[[88.5229,21.7156],[88.572,21.6819],[88.5599,21.6377],[88.5332,21.6558],[88.5229,21.7156]]],[[[88.2186,21.6736],[88.2331,21.6742],[88.2393,21.647],[88.2218,21.6272],[88.2219,21.6019],[88.1876,21.6808],[88.2151,21.7158],[88.2211,21.7034],[88.2026,21.6903],[88.2186,21.6736]]],[[[88.762,21.6462],[88.7787,21.6526],[88.782,21.6162],[88.8062,21.5887],[88.7391,21.5609],[88.7126,21.5765],[88.7252,21.6306],[88.6902,21.6844],[88.6971,21.7184],[88.7103,21.6829],[88.762,21.6462]]],[[[88.2152,21.722],[88.1999,21.7108],[88.212,21.7319],[88.2152,21.722]]],[[[91.9578,21.5064],[91.9017,21.5093],[91.9103,21.4824],[91.8877,21.4736],[91.8587,21.5221],[91.8821,21.557],[91.8742,21.6069],[91.8913,21.6376],[91.8851,21.6807],[91.9368,21.7322],[91.9818,21.6274],[91.9578,21.5064]]],[[[88.3078,21.7303],[88.3014,21.7282],[88.3016,21.7348],[88.3078,21.7303]]],[[[91.932,21.7359],[91.9207,21.7299],[91.9183,21.7414],[91.932,21.7359]]],[[[72.5694,21.753],[72.5944,21.7488],[72.5627,21.7445],[72.5694,21.753]]],[[[91.8806,21.6342],[91.8524,21.6604],[91.8841,21.755],[91.9114,21.7441],[91.8799,21.6822],[91.8806,21.6342]]],[[[89.2843,21.7036],[89.2613,21.6969],[89.2926,21.6939],[89.293,21.6694],[89.2504,21.6459],[89.2075,21.6522],[89.2319,21.7014],[89.2199,21.7399],[89.2321,21.7508],[89.2917,21.7472],[89.2843,21.7036]]],[[[88.3724,21.7312],[88.4033,21.7103],[88.3778,21.6847],[88.3606,21.6916],[88.3486,21.7126],[88.3573,21.7176],[88.36,21.7617],[88.4005,21.7602],[88.3724,21.7312]]],[[[88.2156,21.7564],[88.2088,21.7409],[88.21,21.7763],[88.2156,21.7564]]],[[[88.59,21.7744],[88.5909,21.7566],[88.6272,21.7354],[88.6022,21.7161],[88.5867,21.7213],[88.5905,21.7451],[88.573,21.7718],[88.59,21.7744]]],[[[72.5834,21.775],[72.5724,21.7741],[72.5815,21.7771],[72.5834,21.775]]],[[[88.6374,21.7259],[88.6074,21.7072],[88.6302,21.7314],[88.6277,21.7412],[88.5968,21.7582],[88.5998,21.7841],[88.6294,21.7804],[88.6374,21.7259]]],[[[88.118,21.7844],[88.1454,21.7562],[88.1315,21.7347],[88.1449,21.7002],[88.1361,21.6857],[88.1489,21.6735],[88.1351,21.6292],[88.0858,21.6304],[88.0509,21.647],[88.0604,21.721],[88.0901,21.7851],[88.118,21.7844]]],[[[88.298,21.7928],[88.3134,21.7922],[88.3183,21.7914],[88.3091,21.7865],[88.298,21.7928]]],[[[88.4865,21.7932],[88.4587,21.7307],[88.4841,21.675],[88.4526,21.6002],[88.4295,21.6003],[88.4483,21.6233],[88.427,21.6599],[88.4273,21.6899],[88.4436,21.7026],[88.4366,21.7671],[88.4564,21.7929],[88.4865,21.7932]]],[[[88.5298,21.7965],[88.5208,21.7721],[88.5144,21.7732],[88.5298,21.7965]]],[[[88.3873,21.7702],[88.3684,21.7709],[88.3493,21.7566],[88.3528,21.7212],[88.3365,21.7285],[88.3345,21.7054],[88.3143,21.7168],[88.3144,21.7844],[88.3309,21.7846],[88.3603,21.7984],[88.3864,21.7918],[88.3873,21.7702]]],[[[88.58,21.7201],[88.6154,21.679],[88.6026,21.6136],[88.5642,21.6419],[88.5808,21.6629],[88.5699,21.7091],[88.5233,21.7224],[88.5069,21.7573],[88.5331,21.7746],[88.5469,21.8165],[88.5779,21.7923],[88.5666,21.7684],[88.58,21.7201]]],[[[89.7841,21.8236],[89.7806,21.8233],[89.7841,21.8236],[89.7841,21.8236]]],[[[88.5058,21.8038],[88.4734,21.8011],[88.4606,21.8159],[88.4925,21.8357],[88.5058,21.8038]]],[[[89.5876,21.7062],[89.5581,21.7187],[89.5646,21.7513],[89.5313,21.8231],[89.5459,21.8493],[89.6102,21.7968],[89.5922,21.7519],[89.615,21.7253],[89.5876,21.7062]]],[[[88.6137,21.7971],[88.5834,21.8142],[88.6002,21.8509],[88.622,21.8302],[88.6137,21.7971]]],[[[89.7771,21.856],[89.7591,21.849],[89.7553,21.8507],[89.7771,21.856]]],[[[88.1917,21.8544],[88.1932,21.8362],[88.1811,21.8622],[88.1917,21.8544]]],[[[88.1802,21.7986],[88.1801,21.7304],[88.1542,21.6821],[88.1386,21.7341],[88.1523,21.7597],[88.1138,21.7999],[88.0944,21.7905],[88.1462,21.8823],[88.1802,21.7986]]],[[[89.3747,21.8824],[89.3485,21.8169],[89.3333,21.8429],[89.3352,21.8195],[89.321,21.83],[89.33,21.8566],[89.3747,21.8824]]],[[[89.6582,21.8587],[89.6452,21.8736],[89.6541,21.8891],[89.6633,21.8709],[89.6582,21.8587]]],[[[88.642,21.8673],[88.6618,21.87],[88.6451,21.7857],[88.6272,21.7976],[88.627,21.8319],[88.601,21.8613],[88.6242,21.8974],[88.642,21.8673]]],[[[88.0934,21.8569],[88.0821,21.875],[88.0922,21.8982],[88.1093,21.8728],[88.0934,21.8569]]],[[[88.4991,21.8986],[88.4961,21.9076],[88.5028,21.9081],[88.4991,21.8986]]],[[[88.658,21.8751],[88.6408,21.8761],[88.6271,21.9038],[88.6414,21.9224],[88.6735,21.917],[88.658,21.8751]]],[[[88.1162,21.8816],[88.0922,21.9134],[88.0937,21.9267],[88.1279,21.8976],[88.1162,21.8816]]],[[[89.9725,21.9238],[89.9434,21.9296],[89.9606,21.9471],[89.9725,21.9238]]],[[[88.1422,21.8976],[88.099,21.9318],[88.1175,21.9629],[88.1543,21.928],[88.1422,21.8976]]],[[[89.5431,21.868],[89.5446,21.9589],[89.5495,21.9638],[89.565,21.9289],[89.5431,21.868]]],[[[90.0787,21.9526],[90.0953,21.9352],[90.0873,21.9],[90.1036,21.8865],[90.0658,21.8399],[90.0373,21.8557],[90.0245,21.9466],[90.077,21.972],[90.0787,21.9526]]],[[[90.3058,21.9657],[90.2712,21.8834],[90.2458,21.8987],[90.2753,21.9426],[90.2679,21.9696],[90.2862,21.9815],[90.3058,21.9657]]],[[[90.6793,22.0038],[90.6699,21.9968],[90.6687,22.0055],[90.6793,22.0038]]],[[[88.6834,22.0024],[88.7183,22.0017],[88.7011,21.9599],[88.6871,21.9454],[88.6418,21.9509],[88.647,22.0036],[88.6639,22.0153],[88.6834,22.0024]]],[[[88.6877,22.0147],[88.6742,22.014],[88.6743,22.0171],[88.6877,22.0147]]],[[[88.102,21.9713],[88.0954,21.9897],[88.1346,22.0231],[88.1304,21.9842],[88.102,21.9713]]],[[[90.5155,21.9906],[90.5004,21.9993],[90.5072,22.0115],[90.5409,22.027],[90.5155,21.9906]]],[[[90.6684,22.028],[90.6566,22.0346],[90.6579,22.0479],[90.6684,22.028]]],[[[90.6354,21.9949],[90.6212,22.0105],[90.6455,22.0513],[90.6481,22.0182],[90.6354,21.9949]]],[[[90.6169,22.0217],[90.6023,22.0337],[90.6057,22.0544],[90.622,22.0379],[90.6169,22.0217]]],[[[90.6855,22.0187],[90.6742,22.0232],[90.6691,22.0671],[90.7015,22.0616],[90.6855,22.0187]]],[[[90.6646,22.067],[90.6559,22.0635],[90.6674,22.0801],[90.6646,22.067]]],[[[90.7524,22.0555],[90.7607,22.0875],[90.7763,22.0943],[90.7704,22.0781],[90.7524,22.0555]]],[[[90.5496,22.0163],[90.5394,22.007],[90.5446,22.0333],[90.4921,22.0124],[90.5574,22.0982],[90.5496,22.0163]]],[[[90.3372,22.1034],[90.379,22.0859],[90.3407,22.0474],[90.3076,21.9737],[90.2821,21.985],[90.284,22.0554],[90.3145,22.0777],[90.3159,22.086],[90.3473,22.0893],[90.3372,22.1034]]],[[[90.4844,22.0437],[90.4864,22.0771],[90.5202,22.1038],[90.523,22.0807],[90.4844,22.0437]]],[[[91.0634,22.102],[91.0627,22.106],[91.0719,22.1074],[91.0634,22.102]]],[[[90.5873,22.0982],[90.5852,22.1],[90.594,22.1165],[90.5873,22.0982]]],[[[90.5522,22.1054],[90.5056,22.0443],[90.531,22.0858],[90.5252,22.1097],[90.542,22.1173],[90.5522,22.1054]]],[[[91.0842,22.128],[91.0542,22.1017],[91.0344,22.1048],[91.0576,22.1273],[91.0842,22.128]]],[[[90.6614,22.0905],[90.6315,22.0708],[90.633,22.0481],[90.612,22.0583],[90.6312,22.0947],[90.6057,22.0545],[90.6341,22.1265],[90.6683,22.1204],[90.6614,22.0905]]],[[[90.5848,22.117],[90.5773,22.128],[90.5933,22.1292],[90.5954,22.1267],[90.5848,22.117]]],[[[91.0838,22.1321],[91.0693,22.1388],[91.0842,22.1351],[91.0838,22.1321]]],[[[91.0936,22.1349],[91.0677,22.1422],[91.0402,22.1306],[91.0517,22.172],[91.103,22.1569],[91.0936,22.1349]]],[[[90.508,22.1422],[90.5097,22.1749],[90.5449,22.1737],[90.5406,22.1569],[90.508,22.1422]]],[[[90.8322,22.1853],[90.8307,22.2096],[90.8394,22.2206],[90.8406,22.217],[90.8322,22.1853]]],[[[91.8215,22.2134],[91.8151,22.214],[91.8227,22.2236],[91.8215,22.2134]]],[[[90.5462,22.1889],[90.5387,22.1974],[90.5654,22.2313],[90.5677,22.2145],[90.5462,22.1889]]],[[[90.575,22.2311],[90.5686,22.2396],[90.5825,22.2508],[90.5841,22.2483],[90.575,22.2311]]],[[[89.8707,22.2377],[89.8616,22.2442],[89.8619,22.258],[89.8699,22.2497],[89.8707,22.2377]]],[[[91.8201,22.2775],[91.7995,22.2839],[91.806,22.2983],[91.8201,22.2775]]],[[[90.2892,22.3548],[90.2713,22.3515],[90.2864,22.3644],[90.2892,22.3548]]],[[[90.9517,22.3419],[90.9581,22.3668],[90.9681,22.3788],[90.9843,22.3566],[90.9517,22.3419]]],[[[90.6486,22.3674],[90.6295,22.4056],[90.632,22.4123],[90.6489,22.3871],[90.6486,22.3674]]],[[[90.6552,22.4054],[90.6487,22.4076],[90.6505,22.4138],[90.6552,22.4054]]],[[[90.6476,22.4201],[90.6393,22.4252],[90.6408,22.4303],[90.6476,22.4201]]],[[[91.0338,22.4077],[91.0155,22.4168],[91.0224,22.4471],[91.0381,22.4262],[91.0338,22.4077]]],[[[69.086,22.4197],[69.0959,22.4414],[69.0947,22.4583],[69.1055,22.4347],[69.086,22.4197]]],[[[90.6322,22.3575],[90.5965,22.4487],[90.6059,22.463],[90.6258,22.4422],[90.6322,22.3575]]],[[[90.9897,22.476],[90.9955,22.4486],[90.9735,22.463],[90.9897,22.476]]],[[[91.022,22.4838],[91.0099,22.4991],[91.0285,22.5053],[91.0316,22.4949],[91.022,22.4838]]],[[[91.1369,22.3951],[91.1739,22.3211],[91.1794,22.2652],[91.1684,22.2023],[91.135,22.1645],[91.1152,22.1683],[91.1191,22.1934],[91.1011,22.2106],[91.1096,22.1596],[91.0526,22.1782],[91.0658,22.4137],[91.0507,22.3999],[91.0269,22.4766],[91.0408,22.508],[91.1164,22.499],[91.1369,22.3951]]],[[[90.6512,22.5029],[90.6436,22.5073],[90.6452,22.5117],[90.6512,22.5029]]],[[[91.1515,22.4922],[91.1388,22.5159],[91.1756,22.5187],[91.1777,22.5163],[91.1515,22.4922]]],[[[90.6556,22.4599],[90.6239,22.5069],[90.6136,22.5392],[90.6334,22.5244],[90.6556,22.4599]]],[[[91.0309,22.5557],[91.0189,22.5533],[91.0318,22.5594],[91.0309,22.5557]]],[[[91.5582,22.4111],[91.5161,22.3469],[91.4861,22.3533],[91.4083,22.4722],[91.4028,22.5111],[91.4328,22.6227],[91.46,22.6056],[91.5419,22.4757],[91.5582,22.4111]]],[[[90.5632,22.6057],[90.5577,22.6218],[90.5575,22.628],[90.5686,22.6208],[90.5632,22.6057]]],[[[91.215,22.6366],[91.2792,22.6094],[91.232,22.5661],[91.215,22.6366]]],[[[91.1199,22.5624],[91.0996,22.5702],[91.0918,22.5984],[91.141,22.6642],[91.1719,22.6049],[91.1574,22.5798],[91.1199,22.5624]]],[[[91.2964,22.6763],[91.2806,22.6642],[91.2851,22.6791],[91.2964,22.6763]]],[[[90.8217,22.6601],[90.7938,22.659],[90.7931,22.6879],[90.8157,22.6838],[90.8217,22.6601]]],[[[91.1284,22.6708],[91.0886,22.5983],[91.0853,22.553],[91.0658,22.569],[91.0582,22.6391],[91.0449,22.6359],[91.0554,22.6978],[91.1122,22.7],[91.1284,22.6708]]],[[[91.0417,22.6769],[91.0194,22.6926],[91.0181,22.7025],[91.0462,22.7046],[91.0417,22.6769]]],[[[90.8021,22.7146],[90.7921,22.7155],[90.7923,22.7182],[90.8021,22.7146]]],[[[90.4893,22.7199],[90.4786,22.728],[90.4747,22.7461],[90.4833,22.7413],[90.4893,22.7199]]],[[[91.268,22.7307],[91.2995,22.7044],[91.2707,22.6674],[91.2165,22.7007],[91.2357,22.7099],[91.2122,22.7042],[91.1311,22.7361],[91.1898,22.7493],[91.268,22.7307]]],[[[91.3411,22.7184],[91.3104,22.7451],[91.3124,22.7514],[91.3474,22.7548],[91.3544,22.7304],[91.3411,22.7184]]],[[[90.6001,22.7764],[90.5747,22.7445],[90.571,22.7444],[90.5676,22.7785],[90.6001,22.7764]]],[[[90.7309,22.7736],[90.7856,22.6131],[90.8678,22.5181],[90.8889,22.445],[90.8462,22.2419],[90.8319,22.2192],[90.8082,22.2193],[90.8254,22.1984],[90.8024,22.2081],[90.796,22.246],[90.7981,22.2038],[90.8209,22.1843],[90.7784,22.186],[90.8194,22.1776],[90.8209,22.1379],[90.7919,22.1083],[90.7958,22.1457],[90.783,22.1074],[90.7622,22.1112],[90.7168,22.0527],[90.7086,22.0646],[90.7371,22.132],[90.6991,22.0687],[90.6721,22.0798],[90.6781,22.1053],[90.6991,22.1114],[90.6703,22.1264],[90.6957,22.1379],[90.6597,22.1332],[90.6338,22.1481],[90.6334,22.1324],[90.6189,22.1353],[90.6706,22.2784],[90.6689,22.4825],[90.6066,22.6012],[90.5888,22.6067],[90.6186,22.5467],[90.5729,22.5947],[90.5746,22.6194],[90.5634,22.6408],[90.5889,22.6338],[90.5796,22.6542],[90.5439,22.6283],[90.539,22.641],[90.5792,22.7219],[90.6594,22.7846],[90.7309,22.7736]]],[[[90.4795,22.7569],[90.4576,22.7485],[90.4346,22.7747],[90.4604,22.7881],[90.4795,22.7569]]],[[[90.5473,22.7143],[90.5288,22.6841],[90.4885,22.7697],[90.5006,22.7921],[90.5482,22.768],[90.5473,22.7143]]],[[[90.9414,22.8032],[91.0171,22.7208],[91.0126,22.7056],[90.9757,22.7222],[90.9658,22.7155],[91.0357,22.6706],[91.0292,22.6419],[91.06,22.5964],[91.0553,22.5807],[91.0512,22.5934],[91.0248,22.5766],[91.0438,22.5696],[90.9943,22.5409],[90.955,22.5481],[90.9256,22.5787],[90.9401,22.5911],[90.9144,22.5899],[90.8618,22.6339],[90.8337,22.7293],[90.7969,22.7739],[90.8751,22.8055],[90.9414,22.8032]]],[[[90.6604,22.8159],[90.6197,22.783],[90.5955,22.7887],[90.6604,22.8159]]],[[[90.7021,22.8276],[90.6815,22.8128],[90.6665,22.8261],[90.7021,22.8276]]],[[[90.4706,22.8074],[90.4526,22.8264],[90.4843,22.8343],[90.4912,22.8191],[90.4706,22.8074]]],[[[90.6322,22.838],[90.639,22.8478],[90.6454,22.8492],[90.6453,22.8443],[90.6322,22.838]]],[[[90.6937,22.8538],[90.6745,22.8379],[90.6692,22.8416],[90.6796,22.8543],[90.6937,22.8538]]],[[[90.6741,22.8794],[90.6521,22.8487],[90.6608,22.8845],[90.6741,22.8794]]],[[[90.6438,22.8594],[90.5568,22.7903],[90.4846,22.8396],[90.4608,22.8402],[90.4824,22.867],[90.5329,22.8745],[90.5502,22.8971],[90.5535,22.9442],[90.6496,22.8941],[90.6438,22.8594]]],[[[90.6388,22.9635],[90.6342,22.959],[90.6318,22.9651],[90.6388,22.9635]]],[[[90.3481,22.9398],[90.301,22.9519],[90.2948,22.9664],[90.3136,22.9686],[90.3481,22.9398]]],[[[90.368,22.9212],[90.3518,22.9514],[90.3227,22.9696],[90.3564,22.9623],[90.368,22.9212]]],[[[90.6884,22.9553],[90.6683,22.9639],[90.6485,22.9847],[90.6803,22.9808],[90.6884,22.9553]]],[[[70.3753,22.9592],[70.3896,22.9602],[70.3719,22.9377],[70.3027,22.9446],[70.385,22.9959],[70.3919,22.971],[70.3753,22.9592]]],[[[90.4512,22.9721],[90.4551,23.0016],[90.5389,22.9578],[90.5453,22.9077],[90.5236,22.8788],[90.4671,22.8659],[90.4447,22.8264],[90.4491,22.8052],[90.4274,22.8167],[90.4278,22.8417],[90.3951,22.8281],[90.3898,22.839],[90.4218,22.8989],[90.4173,22.9163],[90.3845,22.856],[90.3951,22.7999],[90.4151,22.7819],[90.3844,22.7899],[90.42,22.7752],[90.3999,22.7644],[90.3323,22.8477],[90.3807,22.9076],[90.3533,22.9932],[90.4309,22.9917],[90.4512,22.9721]]],[[[90.4295,22.9979],[90.4198,23.0042],[90.4418,23.0056],[90.4295,22.9979]]],[[[90.4052,23.0052],[90.3919,23.0089],[90.4172,23.0099],[90.4052,23.0052]]],[[[90.5067,23.0154],[90.5003,23.0214],[90.5044,23.0251],[90.5067,23.0154]]],[[[70.3744,23.0335],[70.3961,23.0206],[70.3753,23.0222],[70.3744,23.0335]]],[[[90.496,23.0157],[90.4733,23.0279],[90.4772,23.042],[90.496,23.0157]]],[[[90.5628,22.9968],[90.5357,23.0213],[90.5551,23.048],[90.5669,23.0068],[90.5628,22.9968]]],[[[90.3079,23.0375],[90.2751,23.039],[90.2918,23.0496],[90.3079,23.0375]]],[[[70.3915,23.0353],[70.3788,23.0361],[70.3679,23.0431],[70.3954,23.0582],[70.3915,23.0353]]],[[[90.5048,23.0334],[90.491,23.0532],[90.5057,23.0637],[90.5083,23.062],[90.5048,23.0334]]],[[[90.5266,23.0634],[90.5192,23.06],[90.5234,23.0689],[90.5266,23.0634]]],[[[90.5131,23.0812],[90.5003,23.1001],[90.5168,23.1384],[90.5241,23.0914],[90.5131,23.0812]]],[[[90.4691,23.1551],[90.4774,23.1301],[90.4571,23.1226],[90.4691,23.1551]]],[[[90.5338,23.169],[90.5449,23.1982],[90.5412,23.1433],[90.5221,23.1767],[90.5317,23.2004],[90.5338,23.169]]],[[[90.4922,23.0819],[90.4684,23.097],[90.4477,23.0556],[90.4435,23.1068],[90.4907,23.1312],[90.4643,23.1914],[90.4687,23.2012],[90.4724,23.1855],[90.5053,23.1688],[90.4922,23.0819]]],[[[90.5569,23.1601],[90.5541,23.1765],[90.5756,23.2083],[90.5761,23.1787],[90.5569,23.1601]]],[[[90.5566,23.1903],[90.5544,23.2059],[90.5569,23.2114],[90.5661,23.2048],[90.5566,23.1903]]],[[[90.5963,23.2287],[90.5835,23.218],[90.5954,23.2312],[90.5963,23.2287]]],[[[90.6188,23.2298],[90.6138,23.2315],[90.6161,23.2364],[90.6188,23.2298]]],[[[90.5704,23.2357],[90.5578,23.2282],[90.5631,23.2392],[90.5704,23.2357]]],[[[90.5803,23.239],[90.5713,23.2467],[90.5838,23.26],[90.586,23.2534],[90.5803,23.239]]],[[[90.6334,23.2534],[90.6232,23.2389],[90.6207,23.2617],[90.6334,23.2534]]],[[[90.5699,23.3181],[90.57,23.308],[90.5656,23.3198],[90.5699,23.3181]]],[[[90.5526,23.3295],[90.5583,23.3138],[90.5449,23.3286],[90.5526,23.3295]]],[[[90.1766,23.3369],[90.2574,23.3069],[90.2334,23.2961],[90.2286,23.2652],[90.1662,23.2687],[90.1826,23.2415],[90.1276,23.2454],[90.1311,23.2632],[90.1245,23.2738],[90.0892,23.2811],[90.1766,23.3369]]],[[[90.4511,23.3395],[90.5188,23.3285],[90.552,23.2822],[90.5409,23.2371],[90.5004,23.1797],[90.4761,23.1948],[90.5004,23.2449],[90.4938,23.299],[90.4511,23.3395]]],[[[90.591,23.3393],[90.5829,23.3499],[90.5832,23.3552],[90.5857,23.3557],[90.591,23.3393]]],[[[90.6816,23.3461],[90.6734,23.3486],[90.6783,23.3582],[90.6816,23.3461]]],[[[90.542,23.3558],[90.5275,23.3583],[90.5292,23.3648],[90.542,23.3558]]],[[[90.3749,23.3544],[90.4122,23.3025],[90.4839,23.2994],[90.4857,23.2465],[90.4622,23.2026],[90.4646,23.2254],[90.4534,23.2116],[90.4659,23.1672],[90.4326,23.0911],[90.4477,23.028],[90.3609,23.0111],[90.3426,22.9819],[90.326,22.9816],[90.3087,23.0538],[90.3259,23.0679],[90.3326,23.1087],[90.3229,23.1024],[90.2729,23.1468],[90.267,23.1328],[90.2905,23.1207],[90.2538,23.1253],[90.2444,23.1379],[90.2657,23.1601],[90.2142,23.1915],[90.1842,23.1708],[90.1781,23.1892],[90.2071,23.2097],[90.2108,23.224],[90.1721,23.262],[90.233,23.2607],[90.2526,23.2882],[90.24,23.2931],[90.2866,23.3161],[90.2985,23.35],[90.327,23.366],[90.3749,23.3544]]],[[[90.4849,23.346],[90.4467,23.3667],[90.4464,23.3699],[90.4849,23.346]]],[[[90.3463,23.3767],[90.3214,23.3768],[90.2989,23.3679],[90.3205,23.3807],[90.3463,23.3767]]],[[[90.1966,23.3718],[90.1883,23.3811],[90.1896,23.386],[90.1966,23.3718]]],[[[90.5444,23.3781],[90.5605,23.3717],[90.5602,23.3673],[90.5444,23.3781]]],[[[90.4838,23.3712],[90.4649,23.3665],[90.4238,23.3903],[90.443,23.395],[90.4838,23.3712]]],[[[90.4311,23.3598],[90.4532,23.3159],[90.4206,23.3182],[90.3478,23.3944],[90.4311,23.3598]]],[[[90.4506,23.3978],[90.4948,23.3982],[90.501,23.3839],[90.4506,23.3978]]],[[[90.4177,23.394],[90.3949,23.4],[90.3924,23.4059],[90.4093,23.4048],[90.4177,23.394]]],[[[90.184,23.3987],[90.1658,23.4199],[90.1682,23.4225],[90.184,23.3987]]],[[[90.5905,23.4175],[90.5798,23.4195],[90.5714,23.3878],[90.5818,23.3682],[90.5719,23.3743],[90.5656,23.4056],[90.5814,23.4285],[90.5905,23.4175]]],[[[90.1768,23.4246],[90.167,23.4337],[90.1686,23.4386],[90.1768,23.4246]]],[[[90.3316,23.3845],[90.286,23.3796],[90.2958,23.3708],[90.2708,23.3264],[90.2139,23.3613],[90.245,23.326],[90.2056,23.3503],[90.1836,23.4498],[90.3316,23.3845]]],[[[90.5754,23.4453],[90.5686,23.4417],[90.5742,23.4501],[90.5754,23.4453]]],[[[90.2377,23.4724],[90.2303,23.4706],[90.2255,23.4789],[90.2377,23.4724]]],[[[90.5591,23.449],[90.544,23.4543],[90.5431,23.4794],[90.5615,23.4807],[90.5591,23.449]]],[[[90.6257,23.4934],[90.6083,23.4922],[90.6263,23.4961],[90.6257,23.4934]]],[[[90.199,23.4973],[90.1865,23.4972],[90.1838,23.5031],[90.199,23.4973]]],[[[90.7068,23.5051],[90.6946,23.4979],[90.702,23.5148],[90.7068,23.5051]]],[[[90.6821,23.4877],[90.6611,23.49],[90.6436,23.5019],[90.6637,23.5167],[90.6888,23.5014],[90.6821,23.4877]]],[[[90.5756,23.5199],[90.5607,23.5261],[90.5573,23.5384],[90.5756,23.5199]]],[[[90.7032,23.5522],[90.7019,23.5256],[90.6912,23.5485],[90.7032,23.5522]]],[[[90.6949,23.5552],[90.6936,23.5641],[90.6992,23.5613],[90.6949,23.5552]]],[[[90.5668,23.5437],[90.5542,23.5553],[90.5521,23.5666],[90.5566,23.5649],[90.5668,23.5437]]],[[[90.4697,23.5534],[90.4532,23.549],[90.4394,23.5536],[90.4698,23.5718],[90.4697,23.5534]]],[[[90.6905,23.5679],[90.6789,23.5747],[90.6804,23.5794],[90.6905,23.5679]]],[[[68.2264,23.5839],[68.2222,23.5845],[68.2215,23.5869],[68.2264,23.5839]]],[[[90.4258,23.5723],[90.408,23.5882],[90.4039,23.6053],[90.4199,23.5975],[90.4258,23.5723]]],[[[90.4335,23.558],[90.4244,23.6027],[90.431,23.6061],[90.4432,23.5992],[90.4335,23.558]]],[[[90.4844,23.5823],[90.5024,23.5851],[90.4538,23.5754],[90.4477,23.6043],[90.4844,23.5823]]],[[[90.6371,23.6107],[90.6946,23.5158],[90.6576,23.5209],[90.5851,23.4883],[90.5658,23.5872],[90.5918,23.5834],[90.6371,23.6107]]],[[[90.405,23.6106],[90.3909,23.6159],[90.4177,23.611],[90.405,23.6106]]],[[[90.1143,23.5944],[90.0967,23.6051],[90.0878,23.6174],[90.1101,23.6069],[90.1143,23.5944]]],[[[68.4309,23.5774],[68.423,23.6096],[68.4574,23.6172],[68.4612,23.6033],[68.4309,23.5774]]],[[[90.6195,23.6099],[90.6019,23.6062],[90.6261,23.6259],[90.6195,23.6099]]],[[[68.2007,23.6424],[68.2567,23.6335],[68.2489,23.5806],[68.1659,23.6031],[68.1719,23.6289],[68.2007,23.6424]]],[[[90.6769,23.6476],[90.7322,23.6524],[90.7598,23.6309],[90.7358,23.6271],[90.7284,23.5956],[90.6956,23.5734],[90.6684,23.59],[90.6536,23.6235],[90.6585,23.6553],[90.6769,23.6476]]],[[[90.6474,23.6139],[90.6317,23.6169],[90.6428,23.6569],[90.6634,23.6642],[90.6503,23.6478],[90.6474,23.6139]]],[[[90.6841,23.6613],[90.6694,23.6628],[90.6724,23.669],[90.6841,23.6613]]],[[[90.6641,23.6736],[90.6529,23.6724],[90.6474,23.6798],[90.6641,23.6736]]],[[[90.7168,23.6597],[90.7013,23.6628],[90.6913,23.6714],[90.7264,23.6788],[90.7168,23.6597]]],[[[89.932,23.6851],[89.902,23.7014],[89.8987,23.7073],[89.9318,23.6995],[89.932,23.6851]]],[[[89.8689,23.7138],[89.8656,23.7068],[89.8625,23.712],[89.8689,23.7138]]],[[[90.7331,23.6942],[90.6946,23.6848],[90.7146,23.7266],[90.7331,23.6942]]],[[[89.8686,23.7271],[89.8652,23.7226],[89.8641,23.7265],[89.8686,23.7271]]],[[[89.8568,23.7306],[89.8515,23.7281],[89.8513,23.7308],[89.8568,23.7306]]],[[[90.3547,23.715],[90.3412,23.7247],[90.3291,23.7271],[90.3466,23.7315],[90.3547,23.715]]],[[[68.4537,23.7301],[68.4586,23.7341],[68.4603,23.7334],[68.4537,23.7301]]],[[[90.3778,23.6956],[90.4183,23.6844],[90.4643,23.628],[90.4239,23.6183],[90.4349,23.637],[90.429,23.6419],[90.415,23.624],[90.3878,23.6461],[90.3978,23.6253],[90.3645,23.63],[90.288,23.6726],[90.2617,23.7243],[90.2876,23.7327],[90.3085,23.7608],[90.313,23.7323],[90.3778,23.6956]]],[[[89.8001,23.7323],[89.786,23.7414],[89.7868,23.7639],[89.7904,23.7596],[89.8001,23.7323]]],[[[90.2259,23.725],[90.2118,23.7551],[90.2416,23.792],[90.2522,23.7467],[90.2259,23.725]]],[[[89.741,23.7775],[89.6852,23.7896],[89.6826,23.8011],[89.718,23.8016],[89.741,23.7775]]],[[[89.6648,23.8039],[89.6752,23.7892],[89.6375,23.7862],[89.6373,23.7995],[89.6648,23.8039]]],[[[89.7791,23.7421],[89.7587,23.7631],[89.7438,23.8037],[89.7758,23.7887],[89.7791,23.7421]]],[[[89.6167,23.8034],[89.5991,23.8055],[89.5465,23.7973],[89.595,23.8151],[89.6167,23.8034]]],[[[89.5236,23.8189],[89.5155,23.7856],[89.4879,23.8167],[89.4901,23.8208],[89.5236,23.8189]]],[[[68.1493,23.6984],[68.1251,23.6986],[68.1034,23.727],[68.0914,23.7184],[68.1074,23.6977],[68.0524,23.723],[68.0705,23.7478],[68.074,23.7953],[68.1177,23.8314],[68.1494,23.8177],[68.1493,23.6984]]],[[[68.1669,23.7548],[68.1794,23.8431],[68.1836,23.8426],[68.1913,23.7876],[68.1669,23.7548]]],[[[68.2576,23.8557],[68.2474,23.8543],[68.2581,23.8653],[68.2576,23.8557]]],[[[90.1436,23.827],[90.176,23.8211],[90.2026,23.8355],[90.2338,23.8213],[90.2236,23.8068],[90.2054,23.8221],[90.1823,23.8071],[90.1342,23.812],[90.0872,23.8364],[90.1157,23.8541],[90.1171,23.8704],[90.1436,23.827]]],[[[68.224,23.8419],[68.2062,23.8482],[68.2094,23.867],[68.2387,23.8734],[68.246,23.86],[68.224,23.8419]]],[[[89.3479,23.8867],[89.3177,23.8867],[89.3147,23.8929],[89.3479,23.8867]]],[[[89.4108,23.9196],[89.3791,23.9063],[89.3758,23.9121],[89.398,23.9267],[89.4108,23.9196]]],[[[89.7311,23.8789],[89.6953,23.9025],[89.6912,23.932],[89.7101,23.9194],[89.7311,23.8789]]],[[[89.6775,23.9107],[89.6611,23.9383],[89.6645,23.9423],[89.6726,23.9407],[89.6775,23.9107]]],[[[89.3709,23.9404],[89.3556,23.8929],[89.3149,23.8989],[89.2906,23.9388],[89.3709,23.9404]]],[[[89.2496,23.9423],[89.2298,23.9463],[89.2358,23.9322],[89.2241,23.9316],[89.1825,23.9548],[89.2246,23.9607],[89.2496,23.9423]]],[[[89.1722,23.9906],[89.1418,23.9903],[89.1391,23.9934],[89.1568,23.9991],[89.1722,23.9906]]],[[[67.4046,24.0705],[67.4046,24.0705],[67.4046,24.0705],[67.4046,24.0705]]],[[[67.4231,24.0676],[67.4046,24.0705],[67.4105,24.0805],[67.4231,24.0676]]],[[[67.3591,24.3603],[67.3371,24.3642],[67.3557,24.3838],[67.3591,24.3603]]],[[[67.3154,24.3647],[67.3104,24.3831],[67.3332,24.382],[67.3337,24.3733],[67.3154,24.3647]]],[[[67.3914,24.4242],[67.3774,24.4338],[67.3951,24.4296],[67.3914,24.4242]]],[[[67.3529,24.4367],[67.3632,24.4118],[67.3416,24.4159],[67.3388,24.3912],[67.3054,24.3942],[67.3086,24.4156],[67.34,24.4177],[67.3104,24.428],[67.3529,24.4367]]],[[[67.3728,24.4528],[67.3059,24.4321],[67.2966,24.4417],[67.3085,24.4517],[67.3728,24.4528]]],[[[67.3163,24.4696],[67.31,24.4829],[67.3236,24.4969],[67.329,24.4923],[67.3163,24.4696]]],[[[67.3364,24.4896],[67.3143,24.5079],[67.3191,24.5195],[67.348,24.4963],[67.3364,24.4896]]],[[[67.3062,24.5103],[67.3027,24.471],[67.2567,24.4769],[67.2746,24.4961],[67.2676,24.5186],[67.288,24.5262],[67.3062,24.5103]]],[[[67.3615,24.5249],[67.3505,24.5024],[67.3218,24.5255],[67.3043,24.5176],[67.2934,24.5293],[67.32,24.5467],[67.3615,24.5249]]],[[[67.2916,24.5787],[67.3029,24.5478],[67.2732,24.5249],[67.2499,24.5383],[67.2405,24.5284],[67.2163,24.5566],[67.2275,24.5772],[67.2916,24.5787]]],[[[67.3093,24.5925],[67.3017,24.5993],[67.3086,24.6039],[67.3093,24.5925]]],[[[67.348,24.6132],[67.3398,24.6175],[67.3479,24.6213],[67.348,24.6132]]],[[[67.3353,24.6107],[67.3177,24.5827],[67.3143,24.6098],[67.3046,24.6121],[67.2933,24.5865],[67.3043,24.6318],[67.3353,24.6107]]],[[[67.3683,24.6182],[67.3476,24.6292],[67.3268,24.63],[67.3556,24.6445],[67.3725,24.6338],[67.3683,24.6182]]],[[[67.3033,24.6622],[67.3054,24.6397],[67.2839,24.6348],[67.281,24.6615],[67.3033,24.6622]]],[[[67.3467,24.6561],[67.3584,24.6667],[67.3688,24.6637],[67.3649,24.6521],[67.3467,24.6561]]],[[[67.3449,24.6623],[67.3243,24.6406],[67.3066,24.6596],[67.3199,24.6586],[67.3343,24.6766],[67.3449,24.6623]]],[[[67.2431,24.6614],[67.283,24.6271],[67.2655,24.5983],[67.2196,24.6208],[67.22,24.6389],[67.1793,24.6284],[67.1715,24.6634],[67.1831,24.6765],[67.2431,24.6614]]],[[[67.3161,24.6635],[67.2911,24.6875],[67.3208,24.6697],[67.3161,24.6635]]],[[[67.4158,24.6699],[67.4357,24.6453],[67.412,24.6574],[67.3899,24.6492],[67.3699,24.6707],[67.3393,24.682],[67.4209,24.6984],[67.4158,24.6699]]],[[[67.2449,24.6676],[67.2223,24.6678],[67.1878,24.6946],[67.2122,24.7168],[67.2199,24.6909],[67.2449,24.6676]]],[[[67.3297,24.7274],[67.3465,24.7355],[67.3915,24.6966],[67.3402,24.6922],[67.3272,24.677],[67.2873,24.6917],[67.295,24.6711],[67.2725,24.6681],[67.271,24.6536],[67.2723,24.6789],[67.2481,24.6771],[67.2173,24.7161],[67.2545,24.7063],[67.2949,24.7361],[67.3297,24.7274]]],[[[67.2966,24.7716],[67.3419,24.7556],[67.326,24.7352],[67.3107,24.7466],[67.2504,24.7126],[67.2352,24.7209],[67.2966,24.7716]]],[[[67.2889,24.7778],[67.257,24.7509],[67.2367,24.7796],[67.2711,24.7862],[67.2889,24.7778]]],[[[67.2151,24.7933],[67.2247,24.7754],[67.196,24.782],[67.2151,24.7933]]],[[[67.2318,24.7917],[67.2117,24.8024],[67.2118,24.8053],[67.2264,24.8008],[67.2318,24.7917]]],[[[64.1245,25.4227],[64.0834,25.4078],[64.0804,25.4157],[64.1245,25.4227]]],[[[98.0,14.2877],[97.9679,14.3954],[98.0,14.4789],[98.0,14.2877]]],[[[97.9973,14.4796],[97.9654,14.4261],[97.9408,14.5262],[97.9058,14.5783],[97.9134,14.6195],[97.9047,14.6107],[97.8728,14.671],[97.8944,14.7054],[97.8855,14.723],[97.8678,14.7078],[97.8392,14.7188],[97.7918,14.8683],[97.8083,14.9501],[97.7969,14.9972],[97.8132,15.0062],[97.8244,15.0243],[97.791,14.9984],[97.7707,15.0183],[97.7958,15.0271],[97.8063,15.1503],[97.787,15.1795],[97.7951,15.1903],[97.7653,15.1971],[97.7387,15.2445],[97.7417,15.295],[97.7215,15.3328],[97.7275,15.3548],[97.7469,15.3561],[97.7465,15.3837],[97.7828,15.397],[97.7408,15.4871],[97.762,15.5281],[97.6994,15.7541],[97.7217,15.7717],[97.7179,15.8434],[97.6754,15.9144],[97.6103,15.949],[97.6035,15.9803],[97.5713,16.0108],[97.5582,16.0726],[97.5967,16.0851],[97.6143,16.0611],[97.6277,16.0504],[97.648,16.0442],[97.6654,16.0486],[97.6772,16.0283],[97.6969,16.0274],[97.6673,16.0521],[97.6202,16.0587],[97.6072,16.1036],[97.5978,16.097],[97.6438,16.27],[97.6155,16.3556],[97.6294,16.3873],[97.6141,16.4256],[97.6284,16.4532],[97.6253,16.5],[97.6621,16.5123],[97.6624,16.4765],[97.6823,16.4655],[97.7025,16.4706],[97.7044,16.4501],[97.7232,16.4502],[97.7198,16.4268],[97.7539,16.4141],[97.7355,16.4023],[97.7334,16.3833],[97.7784,16.3746],[97.7974,16.354],[97.7858,16.3396],[97.7874,16.3327],[97.8346,16.3236],[97.8601,16.2918],[97.8887,16.2862],[97.8521,16.3024],[97.8441,16.3234],[97.7924,16.3327],[97.8031,16.3534],[97.7905,16.3703],[97.7614,16.386],[97.7372,16.386],[97.7578,16.4177],[97.7289,16.4247],[97.7259,16.4541],[97.7068,16.4536],[97.7023,16.474],[97.6641,16.48],[97.6755,16.5007],[97.6684,16.5455],[97.7465,16.5616],[97.7089,16.5706],[97.6685,16.5549],[97.6441,16.6134],[97.6214,16.6433],[97.6076,16.581],[97.6264,16.5585],[97.6215,16.5187],[97.5325,16.5376],[97.4885,16.5387],[97.481,16.5218],[97.3928,16.5251],[97.3629,16.479],[97.3284,16.6589],[97.3466,16.6471],[97.3939,16.64],[97.4108,16.6424],[97.4241,16.6584],[97.3928,16.6437],[97.3457,16.6544],[97.3406,16.6666],[97.3578,16.6694],[97.3476,16.6786],[97.328,16.667],[97.3301,16.6963],[97.3439,16.6953],[97.3419,16.7341],[97.3402,16.7096],[97.3207,16.7102],[97.3185,16.668],[97.2772,16.6862],[97.2398,16.7684],[97.2498,16.8225],[97.2349,16.8088],[97.2226,16.8417],[97.227,16.8573],[97.2664,16.8441],[97.2781,16.8505],[97.2659,16.8701],[97.265,16.8481],[97.2228,16.8672],[97.2092,16.8129],[97.1998,16.8823],[97.2181,16.9017],[97.2191,16.9379],[97.1906,16.8911],[97.1749,16.8905],[97.1693,16.9107],[97.2072,17.008],[97.1547,17.0679],[97.1533,17.0952],[97.1909,17.1169],[97.2134,17.0874],[97.2646,17.1036],[97.2278,17.1029],[97.2063,17.1338],[97.1791,17.1294],[97.1365,17.1162],[97.1343,17.0806],[97.1143,17.0778],[97.0887,17.1652],[97.1067,17.1878],[97.0833,17.1817],[97.0592,17.2533],[97.0003,17.2668],[97.0091,17.3],[96.9116,17.357],[96.8832,17.4541],[96.8649,17.3961],[96.8417,17.3905],[96.849,17.4134],[96.8209,17.4331],[96.7918,17.4904],[96.7344,17.4353],[96.7735,17.3764],[96.7225,17.3474],[96.6924,17.3664],[96.6584,17.3486],[96.6488,17.3303],[96.6683,17.2691],[96.6962,17.2479],[96.7086,17.2545],[96.6769,17.2675],[96.6854,17.3453],[96.7251,17.3382],[96.8366,17.3809],[96.8401,17.3648],[96.8443,17.3762],[96.8597,17.3615],[96.856,17.3431],[96.863,17.3527],[96.9111,17.3214],[96.8907,17.3119],[96.9129,17.3049],[96.9024,17.2717],[96.8335,17.2052],[96.8487,17.2008],[96.8771,17.1122],[96.9001,17.0889],[96.9121,17.0177],[96.8737,16.911],[96.8383,16.9272],[96.8509,16.9591],[96.8346,16.9511],[96.8316,16.9194],[96.8552,16.8877],[96.8359,16.9046],[96.8251,16.8937],[96.8072,16.9106],[96.7967,16.9065],[96.8333,16.8788],[96.8531,16.8372],[96.8078,16.7555],[96.7808,16.7818],[96.7746,16.7731],[96.8013,16.7397],[96.7713,16.6916],[96.5964,16.5366],[96.4938,16.5046],[96.3837,16.4966],[96.2847,16.5537],[96.2867,16.5918],[96.3336,16.6234],[96.4269,16.6076],[96.4699,16.6127],[96.3313,16.6287],[96.2874,16.6001],[96.2777,16.5775],[96.2638,16.6474],[96.2348,16.6789],[96.2228,16.7542],[96.3156,16.8334],[96.3456,16.8333],[96.3941,16.8594],[96.4084,16.8552],[96.4861,16.8699],[96.5119,16.8882],[96.4839,16.8731],[96.3948,16.864],[96.3244,16.8384],[96.32,16.869],[96.3477,16.9059],[96.3007,16.8637],[96.298,16.8408],[96.2776,16.8693],[96.3037,16.8261],[96.2035,16.7632],[96.1848,16.7765],[96.195,16.7898],[96.1915,16.7999],[96.2124,16.7983],[96.2246,16.8111],[96.2182,16.8412],[96.2089,16.8458],[96.2203,16.8109],[96.1917,16.8059],[96.1802,16.7768],[96.1973,16.7597],[96.1288,16.7711],[96.1208,16.8137],[96.1155,16.8122],[96.1319,16.7589],[96.119,16.7566],[96.1921,16.7409],[96.2157,16.6707],[96.2461,16.636],[96.2365,16.6078],[96.1735,16.5831],[96.1736,16.5163],[96.1926,16.4892],[96.1754,16.4635],[96.1417,16.4537],[96.1627,16.4177],[96.0771,16.3572],[96.0173,16.3845],[95.9964,16.4107],[95.9121,16.4109],[95.9275,16.385],[95.9059,16.3295],[95.8912,16.2446],[95.7785,16.1291],[95.7544,16.1266],[95.7404,16.1452],[95.7269,16.264],[95.7096,16.2731],[95.7229,16.2566],[95.7382,16.113],[95.6966,16.046],[95.6931,15.9993],[95.6483,15.9258],[95.4286,15.7297],[95.3912,15.7128],[95.2921,15.7262],[95.278,15.79],[95.2794,15.8334],[95.3219,15.8809],[95.3399,15.88],[95.3355,15.8985],[95.3479,15.8805],[95.3809,15.8721],[95.3989,15.8768],[95.4126,15.9057],[95.3871,15.8768],[95.3534,15.8849],[95.3468,15.9059],[95.3315,15.8981],[95.3356,15.8829],[95.3239,15.8857],[95.36,15.9689],[95.364,16.0503],[95.3962,16.0616],[95.3628,16.0583],[95.3368,16.0993],[95.3706,16.1492],[95.3907,16.2396],[95.3144,16.1801],[95.3053,16.143],[95.3266,16.0873],[95.2792,16.0394],[95.2355,15.9408],[95.2101,15.8565],[95.218,15.7881],[95.1735,15.7769],[95.1406,15.7922],[95.1211,15.8247],[95.1113,15.9036],[95.1332,16.0193],[95.1896,16.0246],[95.1927,16.0799],[95.2671,16.1495],[95.1911,16.1138],[95.2079,16.1777],[95.1799,16.1374],[95.1526,16.1389],[95.165,16.1263],[95.1328,16.1239],[95.1442,16.168],[95.1293,16.2051],[95.1408,16.2315],[95.1236,16.2067],[95.1323,16.1672],[95.1198,16.1153],[95.0902,16.0978],[95.0561,16.0355],[95.0701,15.9441],[95.038,15.8065],[94.9868,15.7848],[94.9843,15.8484],[94.9837,15.7693],[94.9601,15.7531],[94.8482,15.7822],[94.8499,15.8094],[94.8893,15.8274],[94.8713,15.8954],[94.9508,15.9456],[94.9443,15.9536],[94.8637,15.8968],[94.873,15.8249],[94.8512,15.8304],[94.8549,15.8884],[94.8358,15.9476],[94.8742,16.0],[94.9145,16.0],[94.9218,16.0306],[94.9054,16.0747],[94.9333,16.0861],[94.9556,16.131],[95.0226,16.135],[95.0225,16.1603],[95.0557,16.1994],[95.0566,16.216],[95.0465,16.2391],[95.0693,16.2458],[95.1006,16.3006],[95.0652,16.2477],[95.0432,16.2457],[95.0479,16.1971],[95.0137,16.1616],[95.0162,16.1437],[94.9529,16.1388],[94.9304,16.0942],[94.9029,16.083],[94.9154,16.0299],[94.8918,16.0061],[94.8656,16.1351],[94.8888,16.1818],[94.9573,16.1962],[95.0257,16.2628],[95.0421,16.3097],[95.0649,16.3114],[95.0509,16.3127],[95.0505,16.3334],[95.0165,16.2669],[94.9522,16.211],[94.8726,16.1872],[94.8388,16.1108],[94.8497,16.0723],[94.8395,16.0663],[94.7987,15.989],[94.7995,15.9677],[94.7237,15.8581],[94.6975,15.8425],[94.6571,15.8508],[94.606,15.9173],[94.7193,16.001],[94.7702,16.0957],[94.7845,16.0965],[94.7743,16.1033],[94.8071,16.1998],[94.8411,16.215],[94.8519,16.2428],[94.8035,16.2062],[94.6841,16.0],[94.5818,15.9349],[94.5637,15.9389],[94.5617,15.9592],[94.6846,16.1148],[94.6806,16.2026],[94.7209,16.2029],[94.7589,16.2373],[94.7395,16.2574],[94.7567,16.2809],[94.7336,16.2564],[94.7496,16.2377],[94.7262,16.2305],[94.7192,16.2091],[94.6748,16.2152],[94.6636,16.2472],[94.6981,16.2454],[94.7087,16.2549],[94.7058,16.2669],[94.6983,16.2493],[94.6636,16.2541],[94.6881,16.3066],[94.6989,16.3555],[94.7372,16.354],[94.7548,16.3841],[94.7858,16.3564],[94.8134,16.3559],[94.8254,16.3704],[94.7948,16.3601],[94.7519,16.3905],[94.7347,16.3608],[94.7195,16.3662],[94.7242,16.3986],[94.7432,16.4022],[94.75,16.4194],[94.7586,16.4096],[94.7705,16.4093],[94.7839,16.4261],[94.7588,16.4138],[94.7478,16.4265],[94.7126,16.3942],[94.6959,16.4757],[94.7404,16.5202],[94.7463,16.569],[94.7897,16.5778],[94.8004,16.5907],[94.7465,16.5768],[94.7237,16.5101],[94.6898,16.4927],[94.6782,16.5132],[94.7012,16.5517],[94.7103,16.6135],[94.7423,16.6328],[94.7216,16.6872],[94.7447,16.6957],[94.7416,16.7301],[94.7218,16.7336],[94.738,16.7245],[94.7361,16.7004],[94.7173,16.6913],[94.7097,16.6537],[94.733,16.629],[94.6784,16.6436],[94.6989,16.6798],[94.6889,16.7396],[94.6936,16.6767],[94.6754,16.6933],[94.6823,16.6714],[94.6688,16.6524],[94.6511,16.6702],[94.6557,16.6579],[94.6743,16.6497],[94.6581,16.6276],[94.6913,16.6391],[94.7012,16.6217],[94.6924,16.5549],[94.6644,16.5184],[94.6796,16.3932],[94.6529,16.3403],[94.6233,16.338],[94.6403,16.3836],[94.6062,16.3372],[94.6021,16.2844],[94.5648,16.2582],[94.5311,16.2921],[94.5464,16.308],[94.5265,16.2987],[94.5119,16.2832],[94.5075,16.1799],[94.4336,16.0697],[94.3681,16.0546],[94.3419,16.0163],[94.2827,16.0],[94.251,15.9589],[94.2022,16.0304],[94.2184,16.1977],[94.2433,16.2647],[94.2361,16.3486],[94.2484,16.348],[94.2469,16.3774],[94.3105,16.5201],[94.3503,16.5688],[94.3273,16.6031],[94.3508,16.6207],[94.368,16.6149],[94.3563,16.6903],[94.3759,16.7572],[94.4039,16.7884],[94.3788,16.8748],[94.3885,16.907],[94.4106,16.8895],[94.4434,16.9306],[94.484,16.9432],[94.4782,16.9576],[94.443,16.9481],[94.4582,16.9806],[94.4567,17.0673],[94.4896,17.1177],[94.4558,17.1417],[94.4447,17.179],[94.4644,17.1882],[94.4993,17.1568],[94.5216,17.1687],[94.5363,17.1869],[94.5014,17.2162],[94.5083,17.2999],[94.5264,17.2768],[94.5464,17.2903],[94.5409,17.319],[94.5815,17.2885],[94.5917,17.3042],[94.5715,17.3171],[94.5654,17.4983],[94.5427,17.5553],[94.563,17.5931],[94.6099,17.5365],[94.6112,17.5501],[94.5769,17.5914],[94.5884,17.6192],[94.5693,17.6453],[94.5588,17.6362],[94.5416,17.6813],[94.5448,17.7349],[94.4898,17.7824],[94.4815,17.9029],[94.4375,17.9956],[94.4777,18.0065],[94.4847,18.0557],[94.4469,18.1691],[94.4201,18.1929],[94.4268,18.2197],[94.4075,18.2462],[94.3372,18.2416],[94.3221,18.2642],[94.3284,18.302],[94.3911,18.2835],[94.4074,18.3107],[94.4023,18.3463],[94.3816,18.3656],[94.3376,18.3662],[94.3225,18.4359],[94.2492,18.5245],[94.2626,18.5486],[94.2513,18.5468],[94.2579,18.6085],[94.2402,18.6458],[94.1409,18.736],[94.1744,18.714],[94.1745,18.7283],[94.2197,18.7182],[94.28,18.7351],[94.253,18.7341],[94.2492,18.7552],[94.2388,18.7347],[94.2169,18.731],[94.2064,18.7431],[94.2243,18.7812],[94.2039,18.7527],[94.1916,18.7712],[94.1994,18.7931],[94.1831,18.7796],[94.1465,18.8144],[94.1762,18.8347],[94.1458,18.8353],[94.1523,18.8795],[94.1696,18.89],[94.1467,18.8848],[94.127,18.8567],[94.1169,18.8566],[94.1287,18.8786],[94.0553,18.8461],[94.0309,18.8633],[94.0439,18.8846],[94.0738,18.8676],[94.0906,18.8806],[94.1057,18.8997],[94.1353,18.892],[94.1086,18.9296],[94.113,18.9662],[94.0864,18.8798],[94.0315,18.8964],[94.0552,18.9352],[94.0364,18.9913],[94.0632,19.0376],[94.0586,19.0598],[94.1021,19.0766],[94.0897,19.085],[94.097,19.0986],[94.1228,19.0846],[94.109,19.1051],[94.1466,19.1191],[94.1161,19.1204],[94.0545,19.0754],[94.0272,19.0792],[94.0375,19.1067],[94.1385,19.1514],[94.1357,19.1796],[94.1295,19.1561],[94.1075,19.1513],[94.0927,19.1822],[94.0911,19.1484],[94.0648,19.1263],[94.0735,19.165],[94.0624,19.1881],[94.0568,19.1255],[94.0329,19.1296],[94.0492,19.2206],[94.0711,19.2339],[94.0469,19.2483],[94.042,19.3002],[94.0763,19.3661],[94.0715,19.3837],[94.0687,19.3706],[94.0394,19.3453],[94.0315,19.3281],[94.0354,19.2177],[94.0163,19.1814],[93.9914,19.2229],[94.005,19.1555],[93.9663,19.1395],[93.9439,19.1562],[93.9453,19.1934],[93.9092,19.1995],[93.9677,19.1238],[93.9534,19.0885],[93.9557,19.0208],[93.9858,18.9614],[93.9559,18.9192],[93.9596,18.8981],[93.9399,18.8857],[93.9373,18.8473],[93.8923,18.8923],[93.7728,18.9664],[93.7448,18.9689],[93.7151,19.0075],[93.6742,19.0103],[93.6659,19.0664],[93.6901,19.0844],[93.6976,19.1146],[93.7476,19.1213],[93.6942,19.1196],[93.6897,19.0961],[93.6629,19.0763],[93.6393,19.1378],[93.5993,19.1513],[93.5699,19.2256],[93.4727,19.3633],[93.4841,19.4091],[93.5135,19.4341],[93.5508,19.4324],[93.568,19.4163],[93.5514,19.4101],[93.5682,19.4046],[93.6041,19.4144],[93.6374,19.3542],[93.6342,19.3399],[93.6172,19.3482],[93.6001,19.3227],[93.6214,19.3411],[93.6672,19.3022],[93.6417,19.2398],[93.6446,19.2238],[93.6815,19.3001],[93.7215,19.2926],[93.6948,19.2819],[93.7269,19.2754],[93.7207,19.2445],[93.739,19.2567],[93.809,19.2263],[93.8733,19.2466],[93.9559,19.3061],[93.9498,19.3369],[93.9722,19.3514],[93.9817,19.3851],[94.0108,19.381],[93.9834,19.4055],[93.9663,19.3584],[93.8921,19.2916],[93.8818,19.3076],[93.9191,19.3345],[93.9218,19.3773],[93.9111,19.3353],[93.8842,19.3196],[93.8889,19.3534],[93.8589,19.3878],[93.8824,19.3531],[93.8692,19.3068],[93.8434,19.2959],[93.8087,19.3077],[93.7751,19.3011],[93.7392,19.3449],[93.7463,19.3542],[93.7753,19.3403],[93.78,19.3542],[93.7704,19.3447],[93.7533,19.3576],[93.7323,19.3566],[93.7319,19.3826],[93.7121,19.4014],[93.7393,19.4088],[93.6516,19.4445],[93.6372,19.4889],[93.6546,19.4919],[93.6468,19.5122],[93.6875,19.5654],[93.7462,19.5422],[93.7688,19.4853],[93.7758,19.5037],[93.7933,19.5003],[93.8187,19.4643],[93.8567,19.4843],[93.8585,19.4404],[93.877,19.473],[93.9764,19.4188],[93.9971,19.4525],[93.9766,19.4629],[93.9536,19.4479],[93.9046,19.4681],[93.9485,19.5081],[93.9383,19.564],[93.9324,19.4985],[93.9024,19.4885],[93.7768,19.5911],[93.8164,19.6042],[93.7935,19.614],[93.7602,19.5991],[93.722,19.6265],[93.7476,19.6525],[93.7943,19.6598],[93.7882,19.6815],[93.8193,19.7111],[93.8181,19.7292],[93.8066,19.7392],[93.7986,19.7014],[93.727,19.6711],[93.7059,19.7028],[93.7208,19.7482],[93.7914,19.7691],[93.7976,19.8329],[93.7863,19.8628],[93.7979,19.8666],[93.8012,19.891],[93.7933,19.916],[93.7937,19.873],[93.7386,19.8852],[93.7145,19.9079],[93.7457,19.9152],[93.7085,19.9375],[93.7091,19.9673],[93.702,19.9144],[93.6219,19.9171],[93.5518,19.8885],[93.5419,19.9036],[93.5754,19.9201],[93.5867,19.9378],[93.5688,19.9212],[93.5416,19.924],[93.546,19.9363],[93.5161,19.9234],[93.5121,19.9438],[93.5365,19.9552],[93.5085,19.9613],[93.5071,19.9748],[93.5401,19.9909],[93.4818,19.9914],[93.4674,20.0443],[93.4585,20.0541],[93.4762,20.0609],[93.4548,20.0552],[93.4762,20.0065],[93.4661,19.9825],[93.4543,19.9959],[93.4392,19.9925],[93.4567,19.95],[93.416,19.9708],[93.3807,20.0659],[93.3841,20.0801],[93.4167,20.0799],[93.4148,20.1121],[93.4329,20.1052],[93.4126,20.1727],[93.3623,20.2736],[93.343,20.2772],[93.3234,20.3297],[93.2966,20.33],[93.3259,20.3859],[93.3254,20.4036],[93.2805,20.3482],[93.2801,20.3282],[93.2398,20.306],[93.2306,20.2739],[93.2464,20.2454],[93.2099,20.2347],[93.1825,20.1969],[93.117,20.1857],[93.2165,20.2861],[93.2259,20.3076],[93.2124,20.3278],[93.2512,20.4261],[93.2252,20.3917],[93.198,20.3871],[93.2235,20.376],[93.203,20.3226],[93.1243,20.3281],[93.1374,20.3425],[93.1321,20.3693],[93.1564,20.3591],[93.1748,20.3741],[93.1293,20.3762],[93.1742,20.3994],[93.1648,20.422],[93.1681,20.4002],[93.0939,20.3797],[93.0884,20.4013],[93.1111,20.4138],[93.1167,20.4272],[93.107,20.5041],[93.087,20.5198],[93.1051,20.5307],[93.0919,20.53],[93.0702,20.602],[93.0483,20.5976],[93.0218,20.6219],[93.0277,20.6439],[93.0055,20.6398],[93.0178,20.6122],[93.0757,20.5791],[93.081,20.5411],[93.0486,20.4641],[93.0402,20.4931],[93.0636,20.5246],[93.035,20.5378],[93.0556,20.5207],[93.0195,20.4791],[93.0333,20.4857],[93.0302,20.4652],[93.0135,20.4606],[93.0211,20.3664],[93.0068,20.2957],[92.9603,20.2247],[92.9449,20.2674],[92.915,20.2419],[92.9146,20.2122],[92.8862,20.2095],[92.9104,20.2007],[92.9199,20.1744],[92.891,20.119],[92.8677,20.1195],[92.7698,20.2032],[92.7873,20.2401],[92.7969,20.2102],[92.8305,20.1804],[92.8458,20.1823],[92.799,20.2141],[92.7988,20.2582],[92.9446,20.3156],[92.8982,20.3078],[92.8554,20.3867],[92.9108,20.3717],[92.9315,20.3863],[92.9417,20.3522],[92.9508,20.3739],[92.9127,20.414],[92.9289,20.4211],[92.9326,20.4327],[92.8983,20.4822],[92.9285,20.4299],[92.9054,20.4152],[92.9158,20.3789],[92.8982,20.3848],[92.8867,20.4218],[92.8866,20.4039],[92.8571,20.4195],[92.8637,20.4051],[92.8467,20.4019],[92.8212,20.4462],[92.8337,20.4407],[92.8264,20.4527],[92.8383,20.4688],[92.8487,20.4591],[92.8451,20.4703],[92.8304,20.4725],[92.8275,20.4968],[92.8108,20.4924],[92.7961,20.5101],[92.7888,20.4998],[92.7349,20.5722],[92.7486,20.5782],[92.7524,20.5868],[92.7467,20.5986],[92.7266,20.6168],[92.7482,20.5876],[92.7282,20.5812],[92.6456,20.6891],[92.6451,20.7277],[92.5832,20.7199],[92.591,20.732],[92.5697,20.7796],[92.5997,20.7956],[92.6024,20.8064],[92.5649,20.7864],[92.5494,20.8493],[92.5449,20.8118],[92.5713,20.7516],[92.5466,20.7631],[92.5441,20.7431],[92.591,20.6851],[92.607,20.6776],[92.6395,20.6883],[92.6954,20.5825],[92.7105,20.5671],[92.736,20.4361],[92.7372,20.2632],[92.7197,20.272],[92.638,20.4332],[92.4603,20.6497],[92.4661,20.6597],[92.3806,20.6952],[92.3611,20.7723],[92.3901,20.8168],[92.3787,20.8246],[92.3584,20.7833],[92.3353,20.8433],[92.3602,20.8647],[92.3366,20.8509],[92.3146,20.8826],[92.3164,20.901],[92.3619,20.9419],[92.3477,20.9871],[92.3313,20.9978],[92.2968,20.9872],[92.2891,21.0036],[92.2933,20.9801],[92.2798,20.9694],[92.2694,21.0182],[92.2887,21.0225],[92.265,21.0368],[92.3128,21.0579],[92.3122,21.0703],[92.2734,21.0458],[92.2298,21.1046],[92.2243,21.1365],[92.198,21.1546],[92.1976,21.1198],[92.255,21.0615],[92.266,20.9129],[92.3303,20.7742],[92.3271,20.7448],[92.3005,20.7603],[92.2117,20.9253],[92.1847,21.0139],[92.0474,21.1766],[92.048,21.285],[92.0289,21.3402],[91.9553,21.4505],[92.0054,21.4992],[92.0221,21.4864],[92.0073,21.5076],[92.0389,21.6476],[92.0352,21.7006],[92.0181,21.7165],[92.0151,21.6724],[91.9818,21.656],[91.9796,21.7042],[91.9667,21.6781],[91.9485,21.7394],[91.9764,21.7418],[91.9924,21.7678],[91.9716,21.7472],[91.9545,21.7539],[91.9706,21.7862],[91.9424,21.8042],[91.9017,21.7765],[91.9199,21.8473],[91.9095,21.9079],[91.9274,21.9345],[91.8949,21.9689],[91.8548,22.1276],[91.8345,22.1221],[91.8119,22.1906],[91.8351,22.2151],[91.842,22.2605],[91.8147,22.3049],[91.8666,22.3221],[91.9008,22.4007],[91.9451,22.4162],[92.0019,22.4046],[92.0221,22.4167],[92.0349,22.4459],[92.0815,22.4371],[92.1417,22.4616],[92.1439,22.4703],[92.0873,22.4443],[92.0331,22.4505],[92.0029,22.4124],[91.9541,22.421],[91.8964,22.4094],[91.8723,22.3498],[91.7955,22.2927],[91.7952,22.2778],[91.829,22.2566],[91.798,22.2196],[91.7693,22.2784],[91.7519,22.3866],[91.6694,22.5372],[91.4859,22.7668],[91.4657,22.7803],[91.4478,22.7639],[91.4369,22.7772],[91.4746,22.8241],[91.4356,22.8048],[91.4836,22.8741],[91.4566,22.8989],[91.4922,22.9007],[91.4452,22.9007],[91.441,22.8836],[91.464,22.8832],[91.4647,22.869],[91.4204,22.8087],[91.4086,22.7609],[91.3301,22.8335],[91.3506,22.8515],[91.3427,22.8832],[91.3158,22.8394],[91.3525,22.7861],[91.3451,22.7758],[91.2963,22.8102],[91.1869,22.7977],[91.1164,22.8119],[91.1127,22.8262],[91.0831,22.8],[91.0287,22.7996],[90.9375,22.8561],[90.8246,22.8647],[90.8016,22.9088],[90.7578,22.9387],[90.7958,22.898],[90.7954,22.8634],[90.7333,22.8875],[90.6896,22.9783],[90.6294,22.9981],[90.5663,23.1036],[90.598,23.1778],[90.6524,23.2423],[90.6389,23.3166],[90.6776,23.3183],[90.6754,23.3407],[90.6978,23.3457],[90.6796,23.3628],[90.695,23.3777],[90.6733,23.3642],[90.6616,23.3375],[90.6738,23.3213],[90.5987,23.3393],[90.5796,23.3948],[90.6007,23.4314],[90.5856,23.4669],[90.6303,23.4903],[90.6817,23.4821],[90.7039,23.4901],[90.7178,23.5428],[90.7443,23.5443],[90.7254,23.5534],[90.7084,23.5387],[90.7057,23.5618],[90.732,23.5912],[90.7392,23.6216],[90.7646,23.629],[90.7414,23.6621],[90.7578,23.721],[90.7425,23.6938],[90.7403,23.7242],[90.7315,23.7102],[90.7156,23.7414],[90.6818,23.6867],[90.6429,23.6899],[90.6324,23.6392],[90.5628,23.5929],[90.5531,23.5715],[90.5147,23.5814],[90.505,23.6033],[90.4839,23.5866],[90.4539,23.6149],[90.4703,23.6298],[90.4427,23.6684],[90.368,23.7186],[90.3837,23.7022],[90.3658,23.7034],[90.3421,23.7401],[90.3176,23.735],[90.3128,23.7642],[90.2548,23.7303],[90.2571,23.7757],[90.2298,23.8877],[90.2396,23.827],[90.194,23.8405],[90.1518,23.8291],[90.1319,23.8674],[90.1117,23.8736],[90.1104,23.8573],[90.0572,23.8201],[90.047,23.8255],[90.0625,23.8769],[90.0468,23.8894],[90.0262,23.8817],[90.0227,23.9072],[89.9481,23.9709],[89.9523,23.9846],[89.9328,23.9846],[89.9487,23.9598],[89.9378,23.9554],[90.0192,23.8936],[90.0144,23.8769],[90.0547,23.8732],[90.0409,23.8278],[90.0466,23.8174],[90.0691,23.8163],[90.0887,23.83],[90.1247,23.8071],[90.1837,23.8023],[90.2068,23.8157],[90.2226,23.8004],[90.2415,23.8149],[90.2059,23.7537],[90.221,23.7216],[90.2524,23.721],[90.2746,23.6862],[90.2557,23.7074],[90.2383,23.7112],[90.2208,23.7081],[90.1813,23.7401],[90.1924,23.7203],[90.1626,23.7198],[90.1492,23.7107],[90.1219,23.7371],[90.0698,23.7579],[90.0232,23.7635],[90.0245,23.7952],[90.0021,23.816],[90.0195,23.7627],[90.1205,23.7334],[90.1497,23.7043],[90.1739,23.7165],[90.2205,23.7031],[90.2477,23.7076],[90.276,23.6548],[90.3797,23.6165],[90.4018,23.5883],[90.3789,23.5678],[90.4098,23.5802],[90.4377,23.5451],[90.4635,23.5452],[90.5054,23.5721],[90.5302,23.5669],[90.5701,23.4832],[90.538,23.4837],[90.5339,23.4659],[90.5539,23.4263],[90.5281,23.3907],[90.4858,23.4204],[90.4204,23.4161],[90.2542,23.4608],[90.1641,23.5242],[90.1103,23.6129],[89.97,23.6581],[89.9179,23.7216],[89.8638,23.7451],[89.7915,23.8077],[89.7742,23.8995],[89.7688,23.8876],[89.7046,23.9579],[89.7275,23.9776],[89.7208,24.0],[89.7153,23.9718],[89.6983,23.9645],[89.7051,23.9991],[89.6707,24.0],[89.6557,23.9361],[89.7033,23.8749],[89.7513,23.8659],[89.7708,23.8359],[89.7571,23.8473],[89.7242,23.8344],[89.6802,23.8626],[89.7179,23.8319],[89.6297,23.8456],[89.5468,23.8241],[89.4497,23.8706],[89.4256,23.9133],[89.3865,23.9431],[89.3288,23.9487],[89.2808,23.9875],[89.3161,23.9479],[89.2889,23.9467],[89.2414,23.9813],[89.1733,24.0],[89.0914,23.9991],[89.0608,23.9839],[89.0936,23.9665],[89.1225,23.9203],[89.1241,23.9541],[89.1671,23.9259],[89.2341,23.9194],[89.3047,23.8696],[89.4078,23.8978],[89.4384,23.8386],[89.4996,23.7788],[89.5929,23.7975],[89.6397,23.7768],[89.7017,23.7769],[89.8567,23.6605],[89.9485,23.6357],[90.0246,23.5566],[90.0179,23.5823],[90.083,23.573],[90.1256,23.5454],[90.1578,23.4889],[90.1593,23.4206],[90.2067,23.3338],[90.17,23.3466],[90.1639,23.3639],[90.1862,23.3591],[90.1608,23.3676],[90.1665,23.3332],[90.1253,23.3055],[90.1205,23.3356],[90.1417,23.3597],[90.1445,23.3786],[90.1279,23.351],[90.0995,23.359],[90.1208,23.3473],[90.1189,23.3041],[90.093,23.3005],[90.0871,23.2728],[90.1245,23.2685],[90.1217,23.2487],[90.1287,23.2416],[90.2023,23.2256],[90.1987,23.2096],[90.1681,23.2041],[90.1774,23.1665],[90.219,23.1829],[90.2485,23.1621],[90.2336,23.1421],[90.2452,23.1232],[90.3091,23.1128],[90.3167,23.0671],[90.2678,23.0431],[90.2726,23.0254],[90.3072,23.0209],[90.3206,22.9865],[90.2739,22.9687],[90.2991,22.9434],[90.3537,22.9212],[90.3456,22.884],[90.3205,22.8726],[90.3213,22.8502],[90.3726,22.7652],[90.3682,22.7366],[90.4195,22.7331],[90.4167,22.7138],[90.3964,22.729],[90.3831,22.7054],[90.4003,22.7234],[90.4204,22.7086],[90.4297,22.7305],[90.4193,22.7453],[90.378,22.7401],[90.3825,22.7586],[90.4243,22.7652],[90.4692,22.7349],[90.485,22.6991],[90.4769,22.6561],[90.4961,22.6723],[90.5194,22.6294],[90.5042,22.5879],[90.5187,22.5991],[90.5798,22.5261],[90.6132,22.3275],[90.5912,22.2573],[90.5587,22.2382],[90.5212,22.184],[90.5066,22.1851],[90.436,22.0731],[90.4221,22.1192],[90.4427,22.1513],[90.4269,22.1517],[90.4192,22.1262],[90.4192,22.0904],[90.3882,22.0901],[90.3859,22.1284],[90.4261,22.1813],[90.3999,22.2179],[90.4165,22.2649],[90.4035,22.2838],[90.4191,22.2895],[90.3788,22.2931],[90.4105,22.3368],[90.364,22.2936],[90.4059,22.2709],[90.395,22.204],[90.4179,22.1836],[90.3986,22.1722],[90.3899,22.1382],[90.3408,22.1621],[90.3872,22.1955],[90.3873,22.2114],[90.3562,22.1794],[90.3438,22.1957],[90.3498,22.1792],[90.3338,22.1633],[90.3784,22.1309],[90.3751,22.1053],[90.3331,22.1088],[90.2616,22.0404],[90.2751,22.0358],[90.278,21.9971],[90.2568,21.9557],[90.211,21.9826],[90.2135,22.0022],[90.1962,21.9784],[90.2287,21.9716],[90.2343,21.9583],[90.2176,21.9508],[90.2685,21.9463],[90.2409,21.8994],[90.2606,21.8846],[90.2549,21.8666],[90.2241,21.8543],[90.2042,21.8874],[90.2401,21.9344],[90.1969,21.8906],[90.2199,21.8528],[90.2631,21.8583],[90.2478,21.8376],[90.2163,21.8373],[90.2528,21.8357],[90.1708,21.7983],[90.0845,21.8294],[90.0992,21.8517],[90.1222,21.8485],[90.1003,21.8554],[90.1158,21.8876],[90.1543,21.8854],[90.153,21.8598],[90.1728,21.8697],[90.1519,21.8956],[90.1886,21.9228],[90.144,21.8906],[90.1158,21.8993],[90.1162,21.9159],[90.15,21.9227],[90.1372,21.9485],[90.1685,21.9805],[90.1406,21.9702],[90.128,21.9914],[90.1418,21.9247],[90.1114,21.9219],[90.0988,21.8944],[90.0991,21.9412],[90.0733,22.0045],[90.1633,22.1145],[90.2134,22.1143],[90.2283,22.1641],[90.2542,22.1638],[90.2717,22.1772],[90.2864,22.2071],[90.2723,22.2089],[90.2588,22.1722],[90.229,22.1724],[90.2401,22.1932],[90.2206,22.219],[90.2077,22.3093],[90.2269,22.3379],[90.2896,22.3505],[90.2973,22.3714],[90.2696,22.3586],[90.2657,22.3711],[90.2809,22.4069],[90.3177,22.4676],[90.3413,22.4589],[90.3626,22.4846],[90.3405,22.4664],[90.3148,22.4741],[90.2586,22.3754],[90.2548,22.3443],[90.2223,22.3421],[90.1991,22.3026],[90.2097,22.2143],[90.2298,22.1915],[90.2032,22.1238],[90.1608,22.1241],[90.0879,22.0556],[90.0534,21.9715],[90.0298,21.9971],[90.0275,21.9782],[90.0039,21.9846],[89.993,22.0361],[90.0307,22.0628],[90.0362,22.1269],[90.0717,22.1533],[90.1399,22.1551],[90.0801,22.1586],[90.0257,22.189],[90.081,22.2209],[90.1116,22.2858],[90.1016,22.3424],[90.176,22.4215],[90.2018,22.4859],[90.206,22.5118],[90.1876,22.5224],[90.2028,22.5725],[90.1858,22.6255],[90.2519,22.6212],[90.2832,22.6302],[90.2952,22.6531],[90.2487,22.6279],[90.181,22.6276],[90.1975,22.5676],[90.1819,22.5223],[90.1989,22.509],[90.1936,22.4802],[90.1724,22.4297],[90.095,22.3491],[90.1048,22.3039],[90.0739,22.2271],[90.0211,22.1868],[90.0282,22.1691],[90.0632,22.1618],[90.0225,22.1322],[90.0183,22.0663],[89.9809,22.0416],[89.9896,21.991],[89.9579,21.9789],[89.9092,22.0731],[89.9175,22.136],[89.8787,22.2524],[89.9197,22.3718],[89.9847,22.4388],[90.0,22.4869],[90.025,22.4901],[90.033,22.5719],[90.065,22.6087],[90.0571,22.6225],[90.0268,22.599],[90.0327,22.6527],[90.0059,22.6801],[90.028,22.6463],[90.0132,22.5988],[90.0307,22.5814],[90.0179,22.4944],[89.9546,22.5055],[89.9855,22.4867],[89.9782,22.4521],[89.9057,22.3863],[89.8834,22.4052],[89.8834,22.4302],[89.8774,22.4139],[89.8987,22.3721],[89.8448,22.2487],[89.8905,22.1211],[89.8528,22.0679],[89.8188,22.066],[89.8534,22.0483],[89.8854,21.9055],[89.8584,21.8784],[89.8456,21.8859],[89.8408,21.856],[89.7715,21.8311],[89.7896,21.879],[89.7542,21.8561],[89.7334,21.8909],[89.7493,21.8346],[89.7143,21.8341],[89.7023,21.8494],[89.6756,21.8377],[89.6586,21.8922],[89.6795,21.9049],[89.6554,21.9134],[89.6373,21.8596],[89.7083,21.7883],[89.6535,21.7522],[89.6548,21.765],[89.6067,21.7601],[89.6137,21.8111],[89.5627,21.8637],[89.5901,21.9386],[89.5607,21.9692],[89.5603,21.9911],[89.5152,21.9904],[89.5251,21.9563],[89.5123,21.8993],[89.4971,21.9081],[89.4607,21.8522],[89.4337,21.8477],[89.4627,21.8461],[89.469,21.8303],[89.4628,21.7689],[89.4182,21.7138],[89.3926,21.7111],[89.3705,21.7401],[89.3586,21.8169],[89.3899,21.9021],[89.3671,21.9046],[89.3181,21.8611],[89.3072,21.8207],[89.2867,21.8053],[89.2927,21.7564],[89.2312,21.7683],[89.2193,21.7572],[89.197,21.8047],[89.1643,21.79],[89.1079,21.8105],[89.1121,21.8547],[89.0887,21.908],[89.0948,21.9381],[89.0835,21.9386],[89.0634,21.9272],[89.0904,21.8542],[89.087,21.8169],[89.0609,21.8169],[89.0677,21.8585],[89.0397,21.9077],[89.001,21.9031],[88.9972,21.8895],[89.0372,21.8577],[89.0277,21.7769],[89.0619,21.7326],[89.0844,21.6252],[89.0595,21.6116],[89.028,21.6634],[89.0039,21.6526],[89.0292,21.6541],[89.0423,21.6109],[89.0135,21.6015],[88.9943,21.6465],[88.9946,21.6095],[88.9519,21.6408],[88.9309,21.6301],[88.9037,21.6449],[88.8754,21.701],[88.8799,21.7675],[88.8496,21.7251],[88.8692,21.6433],[88.8416,21.618],[88.8115,21.6347],[88.8229,21.6604],[88.7594,21.6566],[88.7243,21.6805],[88.6993,21.7411],[88.7229,21.8073],[88.6998,21.8403],[88.7311,21.9352],[88.7291,21.976],[88.7903,22.0183],[88.7667,22.0237],[88.7594,22.0502],[88.7747,22.0519],[88.7486,22.0659],[88.7157,22.0484],[88.7415,22.0282],[88.735,22.0071],[88.6685,22.0226],[88.6445,22.1181],[88.631,22.1198],[88.6214,22.105],[88.6438,22.046],[88.6084,21.972],[88.6202,21.9377],[88.5852,21.9852],[88.5792,21.9633],[88.611,21.9322],[88.6096,21.9095],[88.5833,21.8856],[88.5618,21.814],[88.5031,21.8849],[88.5314,21.9303],[88.5095,21.9704],[88.5525,21.9851],[88.5652,22.0228],[88.5449,21.9865],[88.5049,21.973],[88.5103,21.9217],[88.485,21.8966],[88.4664,21.9001],[88.4688,21.9487],[88.4597,21.9382],[88.4534,21.9068],[88.4633,21.8964],[88.4841,21.8913],[88.5001,21.8489],[88.4583,21.8201],[88.469,21.7932],[88.4479,21.8015],[88.4292,21.7659],[88.4363,21.7042],[88.4196,21.6881],[88.4183,21.6661],[88.4412,21.6244],[88.4216,21.6097],[88.4177,21.5818],[88.3929,21.6083],[88.4045,21.6197],[88.3891,21.6672],[88.4121,21.717],[88.3795,21.7303],[88.3991,21.7368],[88.4075,21.7646],[88.3915,21.7795],[88.4082,21.7984],[88.4001,21.8346],[88.4213,21.8892],[88.3996,21.8993],[88.4164,21.9231],[88.4056,21.9516],[88.3903,21.9667],[88.4057,21.9738],[88.4124,21.9947],[88.3873,21.9675],[88.4114,21.9216],[88.396,21.9071],[88.3979,21.8949],[88.4077,21.8854],[88.3976,21.8749],[88.3953,21.7943],[88.3717,21.8007],[88.3643,21.8528],[88.3642,21.8014],[88.3296,21.7886],[88.3146,21.7988],[88.2816,21.7969],[88.2765,21.8073],[88.3154,21.8303],[88.3238,21.8496],[88.311,21.8646],[88.2686,21.865],[88.3175,21.8502],[88.2589,21.8013],[88.2892,21.7581],[88.2832,21.7309],[88.3067,21.6718],[88.3004,21.5917],[88.3253,21.5806],[88.2864,21.5576],[88.2559,21.563],[88.2457,21.6046],[88.2265,21.6188],[88.2493,21.6474],[88.2411,21.6786],[88.2116,21.6855],[88.2308,21.6996],[88.2186,21.7919],[88.2381,21.7646],[88.2396,21.7811],[88.2115,21.8029],[88.2035,21.8456],[88.166,21.888],[88.1748,21.9239],[88.1487,21.9596],[88.1863,21.9934],[88.2351,22.0789],[88.2142,22.1574],[88.1788,22.195],[88.0826,22.2206],[88.0342,22.2183],[88.0321,22.2018],[88.1438,22.1871],[88.1902,22.1329],[88.1961,22.1048],[88.1618,22.0645],[88.067,22.0155],[87.9805,21.8551],[87.9519,21.8236],[87.8866,21.803],[87.8924,21.7812],[87.8286,21.7222],[87.7551,21.7008],[87.7498,21.6855],[87.6786,21.6537],[87.6499,21.6646],[87.6369,21.6472],[87.5724,21.6398],[87.3292,21.5617],[87.1955,21.5494],[87.0644,21.4708],[86.8946,21.3136],[86.8168,21.1382],[86.9296,20.9008],[86.9701,20.8491],[86.9761,20.7681],[86.9247,20.7166],[86.939,20.6982],[87.0162,20.6755],[86.7655,20.5046],[86.7176,20.3928],[86.7278,20.37],[86.7413,20.3795],[86.7284,20.3611],[86.7819,20.3969],[86.77,20.3706],[86.7856,20.3727],[86.7806,20.358],[86.7191,20.2992],[86.6865,20.3181],[86.6849,20.2869],[86.7006,20.2823],[86.7209,20.2934],[86.7103,20.2826],[86.4865,20.1575],[86.4543,20.067],[86.4254,20.0257],[86.427,20.0519],[86.4012,20.0047],[86.4212,19.9849],[86.3771,19.9806],[86.3,20.0455],[86.2563,20.0193],[86.3553,19.9658],[86.2656,19.9098],[85.6342,19.7278],[85.4962,19.6712],[85.1487,19.4524],[85.0789,19.3652],[84.9609,19.2916],[84.8096,19.1478],[84.8041,19.1159],[84.6929,18.9579],[84.0875,18.2764],[83.9508,18.2166],[83.9344,18.2254],[83.9434,18.2133],[83.6734,18.085],[83.5755,18.0095],[83.5411,17.9497],[83.4723,17.8985],[83.4679,17.9212],[83.4438,17.934],[83.449,17.9081],[83.4672,17.8865],[83.4135,17.8402],[83.4172,17.8083],[83.3542,17.7525],[83.3507,17.7279],[83.2944,17.6912],[83.3009,17.6774],[83.2456,17.6371],[83.2152,17.5903],[83.0229,17.5088],[83.0016,17.4817],[82.9129,17.4358],[82.8661,17.4298],[82.8655,17.4155],[82.5442,17.25],[82.3045,17.0442],[82.2794,17.0015],[82.2777,16.9443],[82.2529,16.9186],[82.2666,16.8866],[82.2561,16.8663],[82.2721,16.8873],[82.276,16.8548],[82.2814,16.8695],[82.3205,16.8373],[82.3639,16.8314],[82.3681,16.8169],[82.3464,16.7047],[82.2989,16.5811],[81.9554,16.3972],[81.842,16.3691],[81.7322,16.3135],[81.5724,16.3552],[81.43,16.3681],[81.4123,16.3853],[81.321,16.3671],[81.2479,16.3143],[81.1639,16.0661],[81.1503,15.97],[81.0499,15.9049],[80.9927,15.8316],[80.9951,15.7965],[80.9016,15.8633],[80.9043,15.8804],[80.8846,15.8706],[80.8253,15.7519],[80.8111,15.837],[80.7771,15.8781],[80.6847,15.9],[80.5571,15.8779],[80.3672,15.7742],[80.2794,15.6992],[80.213,15.5363],[80.1996,15.4623],[80.0957,15.329],[80.0826,15.2577],[80.091,15.2043],[80.0646,15.1906],[80.0736,15.1742],[80.0452,15.0673],[80.0872,14.8059],[80.1923,14.5648],[80.1695,14.3491],[80.1263,14.2069],[80.1383,14.0834],[80.2558,13.78],[80.2339,13.7186],[80.2329,13.6455],[80.3233,13.4439],[80.3464,13.304],[80.2956,13.1211],[80.3049,13.0927],[80.2609,13.0127],[80.2741,13.0056],[80.2429,12.8158],[80.2476,12.7533],[80.1758,12.5813],[80.1868,12.5753],[80.1569,12.4775],[80.1353,12.4587],[80.1454,12.4454],[80.0463,12.3104],[80.067,12.3502],[80.0576,12.351],[79.8819,12.0511],[79.8342,11.9097],[79.8187,11.9071],[79.8333,11.902],[79.7982,11.7882],[79.7762,11.7694],[79.794,11.7694],[79.7932,11.7502],[79.7589,11.6076],[79.7601,11.5391],[79.7719,11.4914],[79.8186,11.4263],[79.8483,11.2505],[79.8252,11.2306],[79.8497,11.2282],[79.8597,11.1777],[79.8449,10.7797],[79.8581,10.2858],[79.7892,10.2704],[79.7481,10.3025],[79.6837,10.3053],[79.7578,10.2712],[79.5304,10.3131],[79.3983,10.3201],[79.3055,10.2651],[79.271,10.2303],[79.2771,10.2105],[79.2308,10.1448],[79.2319,10.0843],[79.2669,10.0338],[79.165,9.934],[79.1247,9.8787],[79.1204,9.8444],[78.9816,9.6768],[78.9382,9.6016],[78.9195,9.493],[78.9019,9.4806],[78.9653,9.3763],[79.0561,9.3019],[79.1615,9.283],[79.2402,9.2885],[79.3221,9.2667],[79.4393,9.1617],[79.3322,9.2319],[79.2217,9.2559],[79.2086,9.2757],[78.9679,9.2733],[78.7415,9.2067],[78.7216,9.183],[78.6512,9.1917],[78.6449,9.1654],[78.6618,9.1519],[78.5828,9.1271],[78.492,9.1252],[78.4912,9.1361],[78.4198,9.1097],[78.2767,8.9996],[78.2658,9.0126],[78.2681,8.9925],[78.1937,8.9249],[78.1703,8.8671],[78.1539,8.7474],[78.1786,8.7594],[78.1952,8.7499],[78.2012,8.7785],[78.2055,8.7605],[78.1959,8.7407],[78.1629,8.7296],[78.1322,8.6694],[78.133,8.4883],[78.0647,8.4057],[78.0697,8.3666],[77.8041,8.2336],[77.7838,8.1982],[77.7382,8.1691],[77.5938,8.1399],[77.5609,8.1154],[77.5526,8.069],[77.3183,8.1173],[76.9771,8.3876],[76.6206,8.8431],[76.5464,8.8985],[76.5204,8.9993],[76.4617,9.1312],[76.497,9.067],[76.4753,9.1197],[76.4848,9.1159],[76.4921,9.1672],[76.4748,9.1621],[76.4709,9.1412],[76.4405,9.2326],[76.4196,9.2432],[76.4551,9.1423],[76.3263,9.4527],[76.2446,9.9545],[76.2184,9.9982],[76.1029,10.3754],[76.0478,10.4918],[76.0639,10.4735],[76.0463,10.5317],[76.0266,10.5323],[75.9113,10.799],[75.9104,10.7838],[75.8326,11.1235],[75.8054,11.1508],[75.7296,11.3316],[75.7333,11.354],[75.6782,11.4458],[75.6174,11.4744],[75.5851,11.5587],[75.597,11.5363],[75.5912,11.562],[75.6041,11.561],[75.5822,11.5708],[75.5295,11.6966],[75.5386,11.7048],[75.4917,11.7339],[75.4716,11.769],[75.451,11.7697],[75.3893,11.8467],[75.3522,11.8601],[75.2459,12.0067],[75.2249,12.0211],[75.2004,12.0032],[75.1678,12.067],[75.0648,12.3407],[75.0296,12.3922],[75.0386,12.4111],[75.0229,12.3997],[75.0154,12.4444],[74.9979,12.4456],[74.8249,12.8315],[74.776,13.0949],[74.7699,13.0782],[74.6921,13.3488],[74.6657,13.6381],[74.6428,13.6709],[74.6058,13.8523],[74.6169,13.8576],[74.565,13.9466],[74.5278,13.9626],[74.505,14.0011],[74.464,14.1872],[74.4092,14.308],[74.3953,14.4186],[74.3765,14.4165],[74.3538,14.5117],[74.3052,14.5196],[74.2912,14.5931],[74.2635,14.6245],[74.2946,14.6402],[74.2751,14.6467],[74.2756,14.6779],[74.2537,14.7068],[74.2633,14.7094],[74.2647,14.7201],[74.2582,14.7122],[74.2215,14.7472],[74.1993,14.7176],[74.1765,14.7446],[74.1477,14.7464],[74.1341,14.7778],[74.1039,14.7843],[74.0911,14.8021],[74.1171,14.8034],[74.1249,14.8405],[74.1079,14.8451],[74.0912,14.8945],[74.0388,14.9156],[74.0487,14.9568],[74.0298,14.9815],[74.0476,14.9848],[73.9857,15.0225],[73.9786,15.0504],[73.95,15.0729],[73.9051,15.0871],[73.9458,15.1408],[73.8821,15.3452],[73.862,15.3694],[73.8357,15.361],[73.8032,15.377],[73.7794,15.4089],[73.8757,15.3984],[73.8899,15.4192],[73.8764,15.4337],[73.8584,15.4258],[73.845,15.4491],[73.7823,15.4597],[73.8153,15.5064],[73.7575,15.4939],[73.731,15.6146],[73.6841,15.7202],[73.6509,15.7384],[73.655,15.7734],[73.6238,15.8436],[73.5838,15.9077],[73.5376,15.9339],[73.5041,15.94],[73.5097,15.9913],[73.4955,15.985],[73.4774,16.0393],[73.4563,16.0581],[73.4839,16.0698],[73.4595,16.0759],[73.4705,16.113],[73.4608,16.0941],[73.4377,16.1936],[73.4522,16.2253],[73.428,16.2044],[73.4118,16.2564],[73.4119,16.2734],[73.4392,16.2897],[73.4061,16.2808],[73.3862,16.363],[73.3699,16.3641],[73.3717,16.3896],[73.3948,16.3901],[73.4084,16.4088],[73.3688,16.3999],[73.3586,16.4351],[73.3812,16.4487],[73.3485,16.4519],[73.3116,16.5402],[73.3372,16.5601],[73.3585,16.5193],[73.3494,16.5081],[73.3708,16.5129],[73.352,16.5379],[73.356,16.5666],[73.3167,16.5992],[73.3479,16.5967],[73.3593,16.6253],[73.3362,16.6211],[73.3218,16.6378],[73.3276,16.6797],[73.3429,16.6911],[73.3158,16.6968],[73.3005,16.7511],[73.3179,16.8014],[73.2954,16.8117],[73.2847,16.8776],[73.3048,16.8844],[73.276,16.8926],[73.2826,16.9486],[73.3057,16.9717],[73.2683,16.9866],[73.2792,17.0002],[73.2564,17.0211],[73.2575,17.0443],[73.2902,17.0061],[73.2813,17.0365],[73.3264,17.0286],[73.2797,17.0446],[73.2914,17.0704],[73.2688,17.1461],[73.2314,17.1954],[73.2439,17.2159],[73.1893,17.3016],[73.2207,17.3081],[73.2569,17.2599],[73.2657,17.2889],[73.297,17.2812],[73.2909,17.2948],[73.238,17.2903],[73.2066,17.3828],[73.1711,17.4039],[73.1979,17.4394],[73.1845,17.4957],[73.1424,17.5465],[73.1696,17.5888],[73.1475,17.6041],[73.1202,17.6824],[73.135,17.7114],[73.1285,17.7446],[73.056,17.9248],[73.0362,17.9399],[73.0418,17.9741],[73.0061,18.017],[73.0225,18.0197],[73.0444,18.04],[73.0247,18.0295],[73.0296,18.0465],[73.016,18.025],[72.9955,18.0527],[72.9721,18.1247],[72.9884,18.1524],[72.9804,18.1945],[72.9313,18.2186],[72.9422,18.2792],[72.9667,18.2715],[72.9802,18.24],[73.063,18.2177],[73.0702,18.1968],[73.0672,18.2708],[73.0525,18.2857],[73.0458,18.2672],[73.0234,18.2662],[72.9142,18.349],[72.9106,18.3676],[72.9275,18.3799],[72.8901,18.458],[72.9047,18.5384],[72.9213,18.5286],[72.9616,18.5423],[72.9202,18.5479],[72.884,18.6304],[72.898,18.631],[72.8664,18.644],[72.8563,18.6884],[72.8701,18.8028],[72.9142,18.7924],[72.9356,18.8241],[72.9886,18.7759],[72.999,18.7794],[72.9859,18.8052],[73.0578,18.8027],[72.9898,18.8116],[72.9821,18.8626],[72.9381,18.847],[72.9069,18.8865],[72.9247,18.9098],[72.942,18.8943],[72.9495,18.9458],[72.9772,18.9461],[72.9539,18.9701],[73.0908,18.9988],[73.0667,19.0143],[73.0847,19.0314],[73.0644,19.0292],[73.0904,19.0457],[73.0061,19.005],[72.9844,19.0708],[72.9952,19.0869],[72.9764,19.1069],[72.9764,19.1707],[72.9642,19.1353],[72.9522,19.1374],[72.9569,19.1077],[72.9307,19.0904],[72.9474,19.0683],[72.9137,19.0744],[72.9517,19.0432],[72.9034,18.9938],[72.8784,19.0226],[72.8573,19.0094],[72.8371,18.9334],[72.8032,18.898],[72.8212,18.9319],[72.8128,18.9508],[72.792,18.9442],[72.8127,19.0202],[72.8597,19.0602],[72.8179,19.0482],[72.8248,19.087],[72.808,19.1435],[72.7863,19.1386],[72.7814,19.1669],[72.8011,19.1976],[72.7783,19.1922],[72.787,19.3062],[72.8517,19.316],[72.9155,19.2908],[72.8509,19.3431],[72.8024,19.3314],[72.7583,19.3757],[72.7663,19.3956],[72.7441,19.4603],[72.7564,19.4738],[72.7169,19.5799],[72.7187,19.5967],[72.7449,19.6026],[72.7289,19.6097],[72.7078,19.6822],[72.7005,19.7288],[72.7146,19.747],[72.701,19.742],[72.6902,19.7581],[72.7061,19.8084],[72.6859,19.8043],[72.6594,19.8391],[72.686,19.8742],[72.6716,19.9365],[72.7035,19.9651],[72.7249,19.9671],[72.76,19.9233],[72.7451,19.9679],[72.7216,19.9802],[72.7068,20.0701],[72.731,20.0951],[72.7448,20.1954],[72.7794,20.207],[72.7456,20.203],[72.749,20.2818],[72.778,20.3364],[72.8183,20.3657],[72.8262,20.4424],[72.8869,20.5046],[72.8771,20.5274],[72.8946,20.5296],[72.8828,20.5439],[72.8927,20.5834],[72.8748,20.6446],[72.9035,20.5969],[72.8872,20.6368],[72.9015,20.6429],[72.8971,20.7011],[72.9087,20.7111],[72.8907,20.7199],[72.9241,20.7558],[72.9519,20.755],[72.9425,20.7755],[72.9188,20.769],[72.9199,20.7893],[72.8861,20.7872],[72.8745,20.8015],[72.896,20.8134],[72.8756,20.8245],[72.8948,20.8665],[72.8268,20.8292],[72.8547,20.86],[72.8246,20.8829],[72.8351,20.9064],[72.8491,20.9044],[72.8241,20.9201],[72.8822,20.9546],[72.8765,20.9718],[72.8913,20.9864],[72.8308,20.9734],[72.8387,20.9855],[72.8052,20.9872],[72.827,21.014],[72.7661,21.0042],[72.7425,20.9769],[72.768,20.9284],[72.7473,20.9498],[72.7229,21.0266],[72.7221,21.0568],[72.7417,21.0288],[72.7856,21.0461],[72.8068,21.0247],[72.857,21.0392],[72.8426,21.0543],[72.8549,21.0677],[72.8326,21.0544],[72.8227,21.0878],[72.8419,21.1137],[72.8204,21.0976],[72.8304,21.1146],[72.8107,21.1257],[72.8316,21.1672],[72.8059,21.1497],[72.8016,21.1242],[72.7904,21.1447],[72.7878,21.11],[72.7636,21.1227],[72.7569,21.1046],[72.7443,21.1262],[72.719,21.1034],[72.7302,21.0781],[72.7016,21.0949],[72.7059,21.1358],[72.7275,21.1475],[72.6739,21.1582],[72.646,21.0836],[72.6259,21.0892],[72.6178,21.1386],[72.6307,21.1283],[72.6467,21.1489],[72.6293,21.1338],[72.6145,21.1954],[72.6555,21.2225],[72.6817,21.2184],[72.6431,21.2498],[72.6304,21.2406],[72.6501,21.2798],[72.621,21.2928],[72.621,21.3125],[72.6554,21.3191],[72.6684,21.342],[72.7365,21.3238],[72.6962,21.355],[72.7016,21.3724],[72.6746,21.3486],[72.6646,21.3689],[72.6528,21.3494],[72.6459,21.3627],[72.6934,21.4664],[72.6715,21.4468],[72.6379,21.4484],[72.7409,21.5657],[72.8165,21.6136],[72.8406,21.6659],[72.9193,21.6478],[73.1089,21.7201],[73.0803,21.7366],[72.9438,21.6753],[72.8728,21.6882],[72.8047,21.661],[72.7776,21.6604],[72.7389,21.6861],[72.6033,21.6764],[72.5499,21.6543],[72.5362,21.6644],[72.5356,21.7247],[72.5458,21.6943],[72.5756,21.7047],[72.5659,21.7328],[72.6,21.7159],[72.5857,21.7265],[72.6033,21.7563],[72.5992,21.7954],[72.6458,21.8329],[72.6544,21.8912],[72.675,21.8872],[72.6786,21.912],[72.6878,21.886],[72.7223,21.8841],[72.7187,21.9318],[72.7786,21.9518],[72.746,21.988],[72.7719,22.0014],[72.7754,22.0168],[72.735,21.9912],[72.7203,22.0212],[72.7074,21.9797],[72.6933,21.9852],[72.6999,21.9717],[72.6465,21.9619],[72.6488,21.9881],[72.6368,22.0028],[72.6401,21.9549],[72.6281,21.9705],[72.6332,21.9546],[72.5304,21.9024],[72.5042,21.943],[72.5471,22.1571],[72.6099,22.215],[72.6631,22.211],[72.7419,22.1758],[72.7668,22.1936],[72.7581,22.2163],[72.6726,22.2567],[72.6273,22.255],[72.6128,22.2672],[72.6495,22.2643],[72.6288,22.2759],[72.5685,22.2648],[72.6219,22.2837],[72.5708,22.274],[72.5231,22.2332],[72.4958,22.2372],[72.479,22.2205],[72.4931,22.2641],[72.4597,22.2136],[72.4151,22.2148],[72.4247,22.2006],[72.4084,22.1524],[72.381,22.1539],[72.3885,22.1924],[72.3709,22.1814],[72.3689,22.145],[72.367,22.1858],[72.3907,22.2002],[72.3707,22.193],[72.3821,22.2262],[72.3704,22.2842],[72.4013,22.3249],[72.3581,22.313],[72.342,22.2572],[72.3322,22.2999],[72.3449,22.2248],[72.3116,22.1866],[72.303,22.2311],[72.2924,22.2146],[72.3209,22.1379],[72.242,22.0036],[72.255,21.8193],[72.2379,21.7956],[72.2185,21.8163],[72.2081,21.8058],[72.3028,21.6256],[72.2135,21.4247],[72.112,21.3047],[72.0758,21.3224],[72.1088,21.2927],[72.097,21.2799],[72.0872,21.2893],[72.0985,21.2661],[72.0777,21.2534],[72.1071,21.2038],[72.003,21.1399],[71.8968,21.1146],[71.8756,21.0914],[71.8063,21.0683],[71.7917,21.0504],[71.8047,21.0394],[71.6397,20.994],[71.6229,20.969],[71.5168,20.9482],[71.4596,20.8796],[71.3942,20.8619],[71.3824,20.8714],[71.382,20.8538],[71.2142,20.8041],[71.1424,20.7546],[71.0869,20.7508],[71.0512,20.7313],[71.0014,20.7354],[70.9853,20.7226],[70.9913,20.7048],[70.8524,20.7055],[70.8269,20.6883],[70.6904,20.7436],[70.6749,20.7589],[70.6808,20.7778],[70.6564,20.7576],[70.6481,20.7725],[70.6113,20.7678],[70.4429,20.8502],[70.4116,20.8754],[70.4257,20.8804],[70.3381,20.9142],[70.0863,21.1186],[69.737,21.4993],[69.5945,21.6333],[69.5993,21.6524],[69.5782,21.6363],[69.4081,21.785],[69.3688,21.8275],[69.387,21.8534],[69.3546,21.8336],[69.2286,21.9439],[69.2007,21.9788],[69.204,21.9977],[69.1897,21.9856],[68.9574,22.2382],[68.9348,22.3057],[68.9871,22.4139],[69.0672,22.4733],[69.0828,22.4698],[69.0443,22.4325],[69.0531,22.3989],[69.0918,22.3899],[69.1102,22.4074],[69.1345,22.3987],[69.1912,22.4174],[69.2014,22.3985],[69.1735,22.3637],[69.1622,22.3041],[69.1994,22.2686],[69.2346,22.2602],[69.3081,22.2868],[69.3313,22.326],[69.4151,22.3178],[69.4425,22.3331],[69.4534,22.3156],[69.4962,22.3665],[69.5196,22.3724],[69.5059,22.4204],[69.5166,22.4261],[69.5546,22.3899],[69.5543,22.377],[69.5382,22.3779],[69.5909,22.3584],[69.5761,22.3399],[69.5856,22.3334],[69.6023,22.3542],[69.6192,22.3464],[69.6216,22.3651],[69.6442,22.3555],[69.6634,22.3925],[69.6937,22.3961],[69.7228,22.4761],[69.7325,22.439],[69.7509,22.4301],[69.751,22.4416],[69.7943,22.3997],[69.8214,22.4565],[69.8654,22.4504],[69.9041,22.4706],[69.9283,22.5092],[69.9579,22.4967],[69.9446,22.5225],[69.9672,22.5367],[70.1779,22.5604],[70.2426,22.6833],[70.2655,22.6892],[70.2377,22.6953],[70.2559,22.7099],[70.2514,22.7324],[70.2887,22.7381],[70.3559,22.8761],[70.4429,22.9596],[70.4865,23.0526],[70.4856,23.0888],[70.4091,23.0363],[70.4029,23.0606],[70.3715,23.0587],[70.3624,23.0403],[70.3746,23.0183],[70.3943,23.0061],[70.2917,22.9434],[70.2374,22.973],[70.2032,22.9444],[70.1582,22.9416],[70.1211,22.9587],[70.1318,22.9827],[70.1208,22.9852],[70.104,22.9585],[70.1328,22.9342],[70.0933,22.9022],[70.0647,22.9131],[69.8084,22.8463],[69.7905,22.8206],[69.7341,22.7987],[69.7163,22.7535],[69.6953,22.7657],[69.7105,22.7461],[69.6886,22.7548],[69.7062,22.7367],[69.6524,22.758],[69.6279,22.8022],[69.6366,22.7697],[69.6022,22.7736],[69.6118,22.7581],[69.596,22.757],[69.5709,22.7617],[69.5553,22.7984],[69.5458,22.7861],[69.5019,22.7935],[69.5154,22.7861],[69.5052,22.7837],[69.4542,22.8002],[69.493,22.775],[69.4671,22.7708],[69.3616,22.8195],[69.3614,22.8319],[69.2808,22.8226],[69.1975,22.8335],[68.933,22.984],[68.8553,23.0359],[68.8515,23.0544],[68.839,23.0443],[68.8097,23.0734],[68.7461,23.0885],[68.7718,23.1176],[68.7653,23.1318],[68.7339,23.1034],[68.6376,23.1626],[68.636,23.1777],[68.6922,23.1393],[68.7255,23.1478],[68.6553,23.1676],[68.6515,23.1936],[68.6239,23.1862],[68.5846,23.2211],[68.584,23.2396],[68.6458,23.2582],[68.6212,23.2839],[68.6509,23.2985],[68.6146,23.2985],[68.611,23.2713],[68.5884,23.2516],[68.5406,23.2668],[68.5446,23.2882],[68.5595,23.2887],[68.5525,23.3122],[68.5849,23.3052],[68.5844,23.3197],[68.6165,23.3244],[68.6182,23.3506],[68.6142,23.3278],[68.5609,23.3451],[68.5141,23.3201],[68.4995,23.3497],[68.4781,23.349],[68.5051,23.3966],[68.4955,23.4024],[68.5195,23.4173],[68.4855,23.4156],[68.4738,23.3863],[68.436,23.4214],[68.4403,23.3894],[68.3937,23.4216],[68.3886,23.4546],[68.4475,23.4758],[68.4188,23.5359],[68.4555,23.571],[68.4391,23.5684],[68.4662,23.5997],[68.4708,23.6367],[68.5457,23.7129],[68.6186,23.7489],[68.6581,23.7992],[68.6794,23.7915],[68.7146,23.824],[68.766,23.8422],[68.7823,23.8606],[68.7697,23.876],[68.7628,23.8511],[68.726,23.8369],[68.6554,23.8397],[68.5235,23.7465],[68.5192,23.7731],[68.4902,23.7327],[68.4632,23.7386],[68.4329,23.7338],[68.3763,23.619],[68.3827,23.6079],[68.2986,23.5663],[68.2658,23.5684],[68.2784,23.6005],[68.2649,23.6325],[68.225,23.6457],[68.2611,23.6547],[68.3259,23.726],[68.291,23.7243],[68.2403,23.6712],[68.1867,23.723],[68.2112,23.7699],[68.2075,23.8372],[68.2221,23.8313],[68.2408,23.8493],[68.2556,23.835],[68.2675,23.8377],[68.2573,23.8761],[68.2747,23.9179],[68.3201,23.9174],[68.2862,23.9383],[68.2377,23.9002],[68.1856,23.8863],[68.1889,23.8501],[68.1361,23.8696],[68.1421,23.8397],[68.1035,23.8555],[68.1044,23.8432],[68.073,23.8347],[68.053,23.8538],[68.0553,23.903],[68.042,23.9119],[68.0277,23.8693],[68.0446,23.7949],[68.0298,23.7879],[67.9963,23.7867],[67.9202,23.8517],[67.9298,23.829],[67.872,23.8586],[67.8653,23.9016],[67.9027,23.9647],[67.8939,23.9751],[67.8456,23.9092],[67.836,23.8246],[67.8209,23.8114],[67.709,23.8562],[67.7502,23.8015],[67.652,23.7945],[67.6269,23.8088],[67.6254,23.8429],[67.5841,23.8388],[67.5762,23.889],[67.5651,23.8683],[67.5355,23.893],[67.5335,23.8746],[67.4696,23.9033],[67.4626,23.9205],[67.491,23.9139],[67.4855,23.9374],[67.4661,23.9453],[67.5044,23.966],[67.4864,23.9741],[67.4225,23.9449],[67.4365,23.9907],[67.4083,24.0],[67.4218,24.0024],[67.41,24.0421],[67.438,24.0636],[67.4184,24.0883],[67.4489,24.1168],[67.4088,24.084],[67.3921,24.0478],[67.3626,24.1324],[67.4118,24.1233],[67.4245,24.1302],[67.3695,24.1374],[67.3344,24.1725],[67.3545,24.1828],[67.3344,24.2088],[67.342,24.2352],[67.4016,24.2334],[67.4207,24.2098],[67.4312,24.2214],[67.4317,24.2472],[67.4212,24.2167],[67.4143,24.234],[67.3501,24.2542],[67.3613,24.2757],[67.3814,24.2732],[67.3934,24.2874],[67.3585,24.2837],[67.3259,24.2449],[67.2954,24.301],[67.3299,24.3339],[67.3596,24.2906],[67.3386,24.3323],[67.3466,24.3428],[67.4109,24.3113],[67.4421,24.3161],[67.449,24.3322],[67.4906,24.3218],[67.5146,24.3424],[67.5291,24.3345],[67.5124,24.3526],[67.4872,24.3263],[67.4566,24.3422],[67.4343,24.3227],[67.3665,24.351],[67.369,24.3857],[67.4177,24.3865],[67.4229,24.3603],[67.4278,24.3918],[67.4158,24.4014],[67.3605,24.3877],[67.3491,24.4005],[67.4169,24.4367],[67.4646,24.4235],[67.4727,24.4269],[67.3902,24.4501],[67.3707,24.4367],[67.3834,24.4544],[67.3604,24.4608],[67.395,24.4834],[67.4218,24.4644],[67.454,24.4622],[67.436,24.4797],[67.4204,24.472],[67.4039,24.5064],[67.412,24.5215],[67.3919,24.5161],[67.4022,24.493],[67.3743,24.4721],[67.3094,24.4589],[67.3282,24.4852],[67.3523,24.4797],[67.3702,24.5304],[67.3975,24.5246],[67.3987,24.5468],[67.3684,24.536],[67.3571,24.5504],[67.4136,24.5857],[67.4396,24.5746],[67.4071,24.5894],[67.3234,24.5491],[67.304,24.5532],[67.3152,24.5589],[67.299,24.5815],[67.3203,24.5757],[67.3231,24.5906],[67.371,24.6081],[67.3838,24.6377],[67.4069,24.6358],[67.4143,24.6494],[67.4405,24.6404],[67.4532,24.6537],[67.4416,24.6479],[67.4203,24.6727],[67.4325,24.6982],[67.3932,24.7046],[67.3515,24.7423],[67.3493,24.7629],[67.4528,24.7761],[67.4681,24.7538],[67.4637,24.7775],[67.3755,24.7834],[67.3296,24.7712],[67.2746,24.7903],[67.2456,24.7849],[67.2199,24.8141],[67.1748,24.7814],[67.1547,24.7937],[67.1224,24.7788],[67.1049,24.7976],[67.1023,24.7781],[67.0907,24.7921],[67.0931,24.7569],[67.0217,24.8083],[66.9758,24.8108],[66.9736,24.8306],[66.9628,24.8261],[66.9825,24.8579],[66.9538,24.861],[66.9122,24.8447],[66.9578,24.8258],[66.9792,24.7918],[66.862,24.8569],[66.8191,24.8344],[66.7562,24.8438],[66.6833,24.8214],[66.6514,24.8294],[66.6843,24.8757],[66.722,24.8918],[66.6869,24.8927],[66.6754,24.9236],[66.7004,24.9496],[66.7041,25.0826],[66.7386,25.1422],[66.742,25.1833],[66.6783,25.2711],[66.5501,25.3652],[66.5553,25.3922],[66.5794,25.3729],[66.5783,25.4114],[66.5942,25.425],[66.56,25.4529],[66.5576,25.5381],[66.5289,25.5422],[66.5159,25.5634],[66.543,25.6145],[66.5393,25.6442],[66.5028,25.5774],[66.4799,25.5878],[66.4672,25.5699],[66.4552,25.6194],[66.4454,25.5973],[66.3991,25.5835],[66.3676,25.6159],[66.3105,25.6101],[66.2969,25.6239],[66.2322,25.5904],[66.1901,25.5993],[66.1337,25.5443],[66.1328,25.5079],[66.0919,25.4796],[66.1956,25.4889],[66.2848,25.5421],[66.314,25.5377],[66.3088,25.5465],[66.3349,25.5531],[66.358,25.5248],[66.3972,25.5216],[66.3943,25.5066],[66.4265,25.4826],[66.4752,25.4995],[66.5174,25.492],[66.4928,25.4478],[66.5284,25.4158],[66.5133,25.4046],[66.36,25.4601],[66.2765,25.4678],[66.0391,25.4266],[66.0238,25.4437],[66.0092,25.4368],[66.0144,25.4209],[65.9549,25.4132],[65.8387,25.4194],[65.773,25.3835],[65.6358,25.3495],[65.5174,25.3712],[65.5435,25.4199],[65.5057,25.3761],[65.3711,25.3903],[65.3381,25.3805],[65.3189,25.3968],[65.2514,25.3791],[65.2268,25.3178],[65.1564,25.3061],[64.9953,25.3252],[64.8271,25.3189],[64.7805,25.3478],[64.7927,25.3239],[64.7262,25.3167],[64.6525,25.2732],[64.6402,25.2055],[64.7004,25.1869],[64.6487,25.1625],[64.62,25.17],[64.6311,25.2146],[64.6216,25.2382],[64.5436,25.2705],[64.388,25.2667],[64.24,25.307],[64.2463,25.3325],[64.2233,25.318],[64.0937,25.3285],[64.0918,25.3659],[64.1175,25.3649],[64.0828,25.3997],[64.1419,25.4112],[64.1651,25.4533],[64.0359,25.4404],[64.0287,25.465],[64.0287,25.4441],[63.9744,25.4234],[63.968,25.4048],[63.9896,25.4108],[64.0042,25.3844],[64.0361,25.4061],[64.072,25.3632],[64.0632,25.339],[63.9296,25.3371],[63.7451,25.3854],[63.6059,25.3706],[63.5356,25.3457],[63.4753,25.2864],[63.4561,25.2952],[63.4811,25.2486],[63.4292,25.215],[63.1395,25.2577],[63.014,25.2156],[62.7447,25.2594],[62.4945,25.2529],[62.3698,25.1818],[62.3175,25.1717],[62.2444,25.2197],[62.1058,25.2044],[62.0142,25.1167],[61.9494,25.1194],[61.8646,25.0997],[61.8449,25.0434],[61.7644,25.0328],[61.7246,25.055],[61.7831,25.1419],[61.7813,25.1903],[61.7599,25.1803],[61.6899,25.2053],[61.5985,25.1985],[61.5827,25.2197],[61.5627,25.2176],[61.5696,25.2405],[61.5329,25.2353],[61.5567,25.2284],[61.544,25.225],[61.5524,25.2115],[61.5284,25.207],[61.5507,25.1893],[61.4999,25.1944],[61.5279,25.1897],[61.4892,25.1765],[61.4883,25.1924],[61.4541,25.1854],[61.4934,25.1652],[61.4742,25.1073],[61.4024,25.0802],[61.219,25.1231],[61.1764,25.1736],[60.7418,25.273],[60.6451,25.2809],[60.6052,25.3387],[60.5932,25.4162],[60.5213,25.446],[60.4873,25.4913],[60.3446,26.0148],[60.297,26.5859],[60.3724,27.0005],[60.0005,27.0005],[60.0005,27.4995],[60.4572,27.4995],[60.4873,27.6804],[60.8205,28.1563],[61.7722,28.4894],[62.4861,28.3943],[62.7716,28.3943],[63.4855,28.2991],[63.9614,28.3467],[64.3897,28.4418],[64.9607,28.775],[65.5794,29.0129],[66.1505,29.2984],[66.7215,29.7268],[67.5305,29.8695],[68.3656,29.9574],[68.5945,30.225],[68.8183,30.53],[69.0177,30.8513],[69.1918,31.1871],[69.3394,31.5353],[69.4596,31.8939],[69.5517,32.2608],[69.6152,32.6336],[69.6534,33.0954],[69.6483,33.5504],[69.5977,34.0284],[69.5028,34.5005],[69.0005,34.5005],[69.0005,34.9995],[69.4652,34.9995],[69.3182,35.1465],[70.0502,35.3905],[71.0264,35.3905],[71.6364,35.5126],[72.4905,35.1465],[73.4667,34.9025],[74.1987,34.4144],[75.1744,34.6584],[76.029,34.5364],[77.4931,35.1465],[77.9812,34.5364],[77.9812,31.9995],[77.9995,31.9995],[77.9995,31.0176],[78.0429,30.9995],[78.9995,30.9995],[78.9995,30.6139],[79.217,30.6668],[79.3889,30.5346],[79.5079,30.4156],[79.5079,30.2669],[79.9447,29.998],[80.169,29.966],[80.4202,29.8999],[80.6053,29.8999],[80.6582,29.7412],[80.6582,29.6021],[81.9025,28.9177],[82.997,28.3943],[83.2976,28.3113],[83.5744,28.6833],[83.6076,28.7071],[83.6537,28.7132],[84.1604,28.4855],[84.6576,28.3197],[85.1697,28.208],[85.7035,28.1502],[86.2569,27.9702],[86.8334,27.8521],[86.8859,27.7923],[86.9828,27.3987],[86.9798,27.3522],[86.929,27.298],[86.6166,27.2073],[87.0897,27.0618],[88.0005,27.0098],[88.0005,27.9995],[94.0001,27.9995],[94.0005,28.9995],[96.9995,28.9995],[96.9995,28.0005],[96.2214,28.0005],[96.4922,27.6523],[97.1786,27.3949],[97.8449,26.7286],[97.9046,26.4997],[98.0,26.4655],[97.9973,14.4796]],[[69.9995,34.626],[69.9995,34.6075],[70.4605,34.5232],[70.5384,34.4912],[70.5383,34.5364],[69.9995,34.626]]],[[[72.0005,36.0005],[72.0005,36.4995],[72.4995,36.4995],[72.4995,36.0005],[72.0005,36.0005]]]]}}